date,flow,chunk_id,id_in_chunk
2015-08-10,0.09,0,343
2015-09-10,4.68,2,458
2015-08-10,0.22,3,318
2015-08-17,0.22,3,317
2015-11-25,1.12,1,364
2015-08-04,1.43,3,448
2015-08-17,1.35,3,447
2015-11-25,1.0,3,445
2015-07-04,18.9,1,42
2015-08-13,13.3,1,41
2015-08-10,0.55,3,395
2015-08-17,0.49,3,396
2015-11-25,2.78,3,149
2015-08-04,31.3,2,405
2015-11-25,18.2,2,401
2015-07-04,7.14,1,39
2015-08-20,5.2,1,40
2015-07-04,6.21,1,51
2015-08-20,7.2,1,52
2015-09-10,0.13,2,482
2015-11-25,0.91,3,284
2015-10-03,4.78,1,169
2015-10-03,0.47,1,255
2015-08-14,0.88,2,229
2015-09-10,1.43,2,227
2015-08-14,1.06,2,318
2015-09-10,1.04,2,319
2015-11-25,2.32,1,402
2015-07-04,7.3,0,370
2015-08-20,3.43,0,371
2015-08-10,6.06,3,354
2015-08-17,5.89,3,355
2015-11-25,0.34,2,5
2015-09-10,0.43,3,238
2015-08-20,3.85,0,326
2015-10-03,1.28,1,252
2015-08-03,1.05,1,145
2015-09-10,2.82,2,442
2015-09-10,1.03,2,354
2015-11-25,4.91,3,263
2015-08-17,0.35,3,409
2015-08-03,0.024,3,380
2015-11-25,1.57,1,407
2015-08-10,1.37,3,369
2015-08-17,1.29,3,370
2015-09-10,0.51,3,242
2015-08-10,7.13,3,311
2015-08-17,6.79,3,312
2015-11-25,1.29,2,247
2015-08-10,4.2,3,373
2015-08-17,4.11,3,374
2015-08-04,0.7,3,454
2015-11-25,1.76,3,261
2015-11-25,4.21,1,498
2015-08-20,14.9,0,249
2015-08-17,12.1,3,43
2015-11-25,7.16,3,42
2015-08-04,0.63,3,423
2015-08-14,0.43,3,422
2015-08-17,0.42,3,424
2015-11-25,0.51,3,420
2015-11-25,0.25,2,237
2015-08-11,1.41,2,162
2015-09-10,1.35,2,163
2015-08-17,0.7,3,62
2015-11-25,0.36,3,61
2015-08-10,851.0,1,230
2015-08-17,606.0,1,229
2015-07-04,1.12,1,13
2015-08-20,0.72,1,11
2015-09-10,0.43,2,494
2015-08-13,3.99,3,323
2015-10-03,1.48,1,299
2015-07-04,142.0,0,18
2015-08-11,0.33,2,124
2015-09-10,0.24,2,122
2015-07-04,1.3,1,48
2015-08-13,0.89,1,43
2015-08-20,1.34,1,47
2015-11-25,0.8,2,378
2015-08-17,0.71,3,103
2015-11-25,0.99,3,104
2015-10-03,1.5,1,305
2015-08-17,0.62,3,101
2015-11-25,0.25,3,100
2015-08-10,4.17,3,352
2015-08-13,1.25,0,442
2015-11-25,0.29,3,154
2015-10-03,0.58,1,244
2015-10-03,7.22,1,178
2015-11-25,7.26,1,179
2015-08-04,2.79,3,456
2015-11-25,0.35,2,8
2015-08-20,0.96,0,302
2015-11-25,1.82,2,409
2015-11-25,2.91,1,384
2015-11-25,1.51,1,408
2015-07-04,39.9,0,186
2015-08-17,14.9,3,118
2015-11-25,9.9,3,115
2015-08-14,21.8,3,170
2015-09-10,13.2,3,167
2015-07-04,20.1,0,485
2015-08-20,12.1,0,488
2015-07-04,8.68,0,483
2015-08-20,5.2,0,480
2015-07-04,3.85,0,478
2015-08-20,1.62,0,477
2015-07-04,0.3,1,31
2015-09-10,0.98,2,71
2015-08-11,35.4,2,88
2015-09-10,25.9,2,85
2015-08-10,0.4,3,314
2015-08-17,0.28,3,313
2015-08-17,1.68,3,86
2015-11-25,1.22,3,85
2015-09-10,2.29,3,10
2015-08-10,817.0,1,227
2015-08-17,608.0,1,228
2015-09-10,33.5,3,187
2015-08-10,0.1,0,414
2015-08-10,0.32,0,342
2015-08-11,0.49,2,203
2015-09-10,0.69,2,202
2015-07-04,1.72,1,22
2015-08-20,1.08,1,21
2015-10-03,0.66,1,283
2015-08-04,0.69,3,443
2015-08-17,0.55,3,444
2015-11-25,0.22,3,441
2015-10-03,14.4,1,426
2015-08-11,0.74,2,206
2015-09-10,0.91,2,207
2015-08-10,0.22,0,415
2015-07-04,141.0,0,291
2015-08-20,76.8,0,290
2015-07-04,57.1,0,412
2015-08-20,31.7,0,413
2015-09-10,0.85,3,197
2015-08-13,4.17,1,85
2015-08-20,5.49,1,84
2015-07-11,1.5,0,47
2015-08-10,1.0,0,48
2015-09-10,1.71,2,67
2015-09-10,0.09,2,498
2015-08-10,878.0,1,232
2015-08-17,641.0,1,231
2015-10-03,0.24,1,490
2015-07-04,23.1,0,228
2015-11-25,193.0,1,208
2015-08-13,1.99,0,423
2015-09-10,0.2,3,44
2015-08-11,6.78,2,224
2015-08-14,5.84,2,223
2015-09-10,5.37,2,219
2015-08-11,0.81,2,137
2015-09-10,0.82,2,134
2015-08-10,1.11,3,306
2015-07-04,0.5,0,217
2015-08-13,0.3,0,216
2015-08-11,0.45,2,200
2015-09-10,0.48,2,198
2015-10-03,0.06,0,27
2015-10-03,0.22,3,469
2015-10-03,0.19,3,472
2015-11-25,36.5,1,188
2015-09-10,3.57,3,458
2015-11-25,0.87,2,406
2015-08-11,62.8,2,96
2015-09-10,40.9,2,93
2015-08-11,1.84,2,61
2015-09-10,2.16,2,59
2015-10-03,2.13,1,166
2015-10-03,10.1,1,268
2015-11-25,0.44,1,333
2015-08-04,0.47,3,439
2015-08-17,0.28,3,440
2015-11-25,0.2,3,437
2015-08-10,1.83,3,402
2015-08-11,0.73,2,131
2015-09-10,0.45,2,130
2015-10-03,0.23,1,313
2015-11-25,66.1,1,191
2015-11-25,2.54,1,378
2015-11-25,265.0,1,226
2015-08-04,2.37,3,289
2015-11-25,1.82,3,285
2015-08-04,0.34,3,450
2015-11-25,1.11,2,415
2015-10-03,2.04,1,411
2015-07-04,1.1,0,339
2015-08-13,0.5,1,53
2015-08-20,0.79,1,54
2015-07-04,1.04,0,335
2015-08-20,1.34,0,306
2015-10-03,0.89,1,435
2015-07-04,5.24,0,351
2015-08-10,1.04,0,350
2015-11-25,1.22,3,157
2015-08-14,9.3,2,289
2015-09-10,9.08,2,286
2015-08-20,0.23,0,329
2015-08-10,6.41,3,357
2015-08-17,7.02,3,356
2015-08-11,0.54,2,40
2015-09-10,0.27,2,37
2015-10-03,0.38,0,246
2015-08-10,0.38,3,407
2015-08-11,1.59,2,180
2015-08-17,0.33,3,406
2015-09-10,1.93,2,178
2015-09-10,0.63,3,466
2015-10-03,13.2,1,423
2015-08-11,1.48,2,153
2015-09-10,2.37,2,150
2015-08-04,1.18,3,290
2015-11-25,0.74,3,291
2015-08-17,2.2,3,145
2015-11-25,2.44,3,146
2015-09-10,9.22,3,163
2015-08-14,1.25,2,308
2015-09-10,0.89,2,306
2015-11-25,0.48,1,396
2015-09-10,25.4,3,177
2015-07-04,36.9,0,403
2015-08-20,19.2,0,402
2015-08-17,1.67,3,67
2015-11-25,0.76,3,66
2015-07-11,0.25,1,147
2015-07-04,0.47,1,30
2015-08-10,2.13,3,316
2015-10-03,0.007,1,271
2015-08-20,0.54,3,273
2015-08-10,0.3,3,393
2015-08-17,0.32,3,394
2015-08-13,0.29,1,63
2015-07-11,4.56,0,55
2015-08-10,4.65,0,57
2015-11-25,1.02,2,371
2015-08-11,17.1,2,80
2015-09-10,16.0,2,77
2015-08-11,75.8,2,100
2015-09-10,45.7,2,97
2015-08-10,1.16,3,315
2015-08-10,0.4,3,361
2015-08-17,0.35,3,360
2015-09-10,12.8,2,294
2015-11-25,0.55,3,267
2015-07-04,0.28,0,159
2015-11-25,0.3,1,393
2015-08-14,2.21,2,326
2015-09-10,2.64,2,327
2015-10-03,0.26,1,438
2015-10-03,0.4,1,441
2015-10-03,0.25,1,480
2015-10-03,1.12,1,262
2015-10-03,0.44,1,327
2015-07-04,3.43,1,25
2015-08-20,2.22,1,24
2015-11-25,2.53,3,253
2015-10-03,0.13,1,324
2015-08-04,2.24,3,276
2015-11-25,2.24,3,275
2015-07-04,6.21,0,207
2015-08-13,3.71,0,208
2015-08-17,3.8,3,403
2015-10-03,1.52,1,456
2015-07-04,1.51,0,244
2015-11-25,2.0,3,161
2015-09-10,3.86,3,214
2015-08-17,0.71,3,82
2015-11-25,0.6,3,79
2015-11-25,28.6,3,192
2015-08-14,2.29,2,274
2015-09-10,2.14,2,275
2015-11-25,1.47,2,20
2015-11-25,1.12,2,243
2015-08-04,5.54,3,436
2015-08-17,4.26,3,435
2015-11-25,2.28,3,433
2015-07-04,1.2,1,8
2015-08-20,0.21,1,7
2015-07-04,0.93,0,377
2015-08-20,0.41,0,376
2015-08-17,0.97,3,129
2015-11-25,0.25,3,130
2015-10-03,0.09,1,241
2015-08-03,0.54,1,122
2015-09-10,0.27,2,360
2015-11-25,0.64,1,495
2015-11-25,0.4,2,35
2015-11-25,257.0,1,220
2015-11-25,0.88,2,11
2015-07-04,0.89,1,18
2015-11-25,1.51,1,375
2015-11-25,1.62,1,390
2015-10-03,5.91,1,471
2015-10-03,7.69,1,474
2015-08-17,0.21,3,138
2015-11-25,0.13,3,139
2015-07-04,1.99,0,455
2015-08-20,1.12,0,454
2015-09-10,3.14,2,446
2015-09-10,0.47,2,486
2015-08-10,0.18,0,39
2015-08-20,0.73,0,294
2015-10-03,0.19,1,462
2015-08-14,5.07,2,281
2015-09-10,4.43,2,278
2015-08-11,0.77,2,157
2015-09-10,0.77,2,154
2015-08-11,96.5,2,111
2015-09-10,43.0,2,106
2015-10-03,4.43,1,289
2015-07-04,130.0,0,14
2015-07-04,57.1,0,407
2015-08-20,30.9,0,408
2015-11-25,0.28,3,248
2015-08-04,21.6,2,400
2015-11-25,14.3,2,398
2015-08-10,5.48,3,309
2015-08-17,5.03,3,310
2015-08-17,0.09,3,401
2015-08-17,43.2,2,475
2015-11-25,28.3,2,472
2015-08-11,0.12,2,197
2015-09-10,0.06,2,194
2015-09-10,0.33,3,2
2015-10-03,21.6,1,429
2015-10-03,0.89,1,483
2015-10-03,0.09,1,486
2015-10-03,2.56,1,414
2015-10-03,5.37,1,417
2015-07-04,65.8,0,270
2015-08-10,42.2,0,271
2015-07-04,0.42,0,373
2015-08-04,3.22,2,433
2015-11-25,2.08,2,429
2015-11-25,0.35,1,367
2015-08-13,0.06,0,447
2015-09-10,0.36,3,202
2015-08-11,26.2,2,84
2015-09-10,19.2,2,81
2015-08-20,0.14,0,331
2015-08-04,1.99,2,428
2015-11-25,1.07,2,423
2015-08-14,1.0,2,310
2015-09-10,0.85,2,311
2015-07-04,5.99,0,143
2015-11-25,0.56,1,336
2015-11-25,30.7,2,476
2015-07-04,2.48,0,234
2015-08-11,3.52,2,217
2015-09-10,2.98,2,215
2015-10-03,3.4,1,308
2015-09-10,0.43,2,348
2015-08-10,0.36,3,398
2015-08-17,0.37,3,399
2015-09-10,0.66,3,220
2015-10-03,0.78,1,321
2015-08-17,0.13,3,414
2015-08-04,1.18,2,440
2015-11-25,0.84,2,437
2015-08-17,26.8,2,471
2015-11-25,16.6,2,468
2015-07-04,22.6,0,432
2015-08-10,14.6,0,433
2015-11-25,6.33,2,1
2015-08-17,10.2,3,110
2015-11-25,6.65,3,109
2015-08-20,3.08,0,321
2015-10-03,0.1,1,258
2015-09-10,3.67,2,450
2015-08-20,5.92,0,296
2015-09-10,0.61,2,120
2015-07-04,190.0,0,24
2015-11-25,35.7,1,185
2015-07-04,3.36,0,218
2015-10-03,0.53,1,453
2015-09-10,1.95,3,208
2015-08-20,0.05,0,308
2015-08-04,1.22,3,452
2015-08-10,39.4,0,267
2015-08-04,1.55,3,419
2015-08-14,1.24,3,417
2015-08-17,0.96,3,418
2015-11-25,0.62,3,415
2015-08-17,2.52,3,90
2015-11-25,1.87,3,87
2015-11-25,7.73,1,387
2015-08-17,2.4,3,388
2015-07-04,2.12,0,348
2015-08-10,0.54,0,347
2015-08-04,2.78,3,429
2015-08-17,2.02,3,430
2015-11-25,0.73,3,431
2015-08-17,3.73,3,95
2015-11-25,2.59,3,91
2015-11-25,5.61,2,385
2015-08-11,50.8,2,92
2015-09-10,37.0,2,89
2015-07-04,0.28,0,241
2015-07-04,13.8,0,226
2015-08-17,13.3,3,114
2015-11-25,8.42,3,113
2015-08-14,0.28,2,322
2015-09-10,0.29,2,323
2015-08-11,0.3,2,171
2015-09-10,0.46,2,170
2015-10-03,19.4,1,172
2015-10-03,0.14,1,370
2015-11-25,0.96,1,371
2015-07-11,49.8,0,5
2015-08-10,23.2,0,7
2015-08-17,1.34,3,51
2015-11-25,1.5,3,50
2015-10-03,1.36,1,265
2015-09-10,53.0,2,112
2015-11-25,0.43,1,361
2015-10-03,1.19,1,295
2015-08-17,1.32,3,75
2015-11-25,0.59,3,74
2015-11-25,0.41,2,25
2015-07-04,7.69,1,26
2015-07-04,2.25,0,236
2015-08-10,2.89,3,308
2015-11-25,2.51,2,368
2015-08-10,1.09,3,363
2015-08-17,1.02,3,362
2015-10-03,2.16,2,49
2015-09-10,0.07,3,226
2015-08-14,0.5,3,201
2015-09-10,0.22,3,198
2015-09-10,1.14,2,231
2015-10-03,0.029,1,358
2015-08-11,0.48,2,148
2015-09-10,0.39,2,146
2015-11-25,0.14,2,255
2015-08-11,5.26,2,188
2015-09-10,8.98,2,186
2015-08-11,88.5,2,105
2015-09-10,58.2,2,101
2015-08-10,1.91,3,307
2015-11-25,0.1,3,269
2015-08-10,0.38,3,368
2015-08-11,0.35,2,212
2015-09-10,0.31,2,211
2015-07-04,1.54,0,243
2015-08-04,9.13,3,412
2015-08-14,7.68,3,411
2015-08-17,7.33,3,413
2015-08-13,0.67,1,60
2015-08-20,1.35,1,58
2015-09-10,1.08,2,336
2015-08-11,0.37,2,177
2015-09-10,0.38,2,174
2015-07-04,4.96,0,220
2015-08-20,23.2,0,251
2015-11-25,26.7,1,182
2015-11-25,0.19,3,303
2015-10-03,0.6,1,351
2015-11-25,0.56,1,352
2015-07-04,78.6,0,286
2015-08-20,43.6,0,284
2015-10-03,3.75,1,286
2015-08-20,24.2,0,257
2015-11-25,0.48,2,17
2015-08-04,2.46,2,367
2015-11-25,1.09,2,363
2015-10-03,21.6,1,175
2015-07-04,3.85,0,161
2015-08-10,14.6,3,335
2015-08-17,14.9,3,334
2015-08-14,4.1,2,335
2015-09-10,3.94,2,332
2015-09-10,0.28,3,18
2015-09-10,0.78,3,14
2015-08-04,23.0,2,395
2015-11-25,12.6,2,391
2015-08-17,1.08,3,122
2015-11-25,2.01,3,119
2015-10-03,11.8,1,420
2015-07-04,0.3,0,475
2015-08-20,0.06,0,474
2015-07-04,6.67,1,15
2015-08-13,9.57,1,73
2015-08-20,10.5,1,69
2015-10-03,9.89,1,477
2015-07-04,0.42,1,32
2015-08-20,0.24,1,33
2015-11-25,0.08,3,270
2015-11-25,2.04,1,399
2015-11-25,2.58,1,381
2015-09-10,11.5,3,165
2015-09-10,0.49,2,116
2015-10-03,0.3,1,355
2015-10-03,1.33,1,339
2015-11-25,8.21,2,388
2015-09-10,1.88,3,6
2015-09-10,4.28,2,454
2015-08-13,5.64,3,328
2015-08-13,2.67,3,344
2015-10-03,2.23,1,280
2015-10-03,2.36,1,447
2015-07-04,0.58,0,360
2015-08-10,0.1,0,362
2015-08-20,0.11,0,361
2015-08-11,1.03,2,141
2015-09-10,1.04,2,138
2015-08-13,0.28,0,437
2015-08-17,0.3,3,137
2015-11-25,0.28,3,136
2015-07-04,24.9,0,178
2015-07-04,1.14,0,198
2015-08-13,10.4,0,179
2015-08-13,0.37,0,200
2015-11-25,0.64,3,265
2015-09-10,0.7,3,30
2015-08-10,0.47,3,365
2015-08-17,0.47,3,364
2015-08-10,0.31,3,319
2015-08-17,0.3,3,320
2015-09-10,2.32,2,342
2015-08-10,973.0,1,235
2015-08-17,656.0,1,234
2015-08-11,2.11,2,129
2015-09-10,1.32,2,126
2015-08-10,0.45,3,359
2015-08-17,0.66,3,358
2015-11-25,2.65,2,14
2015-08-14,7.99,2,293
2015-09-10,6.44,2,290
2015-08-20,0.014,0,313
2015-10-03,3.13,1,459
2015-08-11,10.8,2,193
2015-09-10,13.0,2,190
2015-11-25,2.18,3,262
2015-07-04,18.6,1,27
2015-09-10,0.027,2,490
2015-07-04,0.35,0,231
2015-07-04,5.9,1,35
2015-08-20,4.01,1,36
2015-10-03,0.46,1,468
2015-07-04,9.39,0,386
2015-08-10,2.87,0,387
2015-07-04,33.8,0,390
2015-08-10,17.8,0,391
2015-08-17,2.36,3,126
2015-11-25,1.56,3,123
2015-08-20,20.3,0,253
2015-10-03,1.49,1,342
2015-11-25,0.29,3,142
2015-08-04,927.0,1,214
2015-11-25,181.0,1,211
2015-08-03,0.03,1,136
2015-11-25,0.54,2,240
2015-10-03,2.29,2,381
2015-11-25,3.17,2,382
2015-11-25,0.12,2,412
2015-08-04,3.05,3,428
2015-08-17,1.87,3,427
2015-11-25,0.57,3,425
2015-08-20,0.002,0,297
2015-08-10,0.16,0,344
2015-07-04,3.7,0,467
2015-08-13,2.6,0,463
2015-08-20,2.51,0,465
2015-08-14,6.45,2,282
2015-09-10,6.45,2,283
2015-10-03,0.18,1,160
2015-10-03,0.08,1,156
2015-10-03,0.16,1,152
2015-10-03,0.07,1,148
2015-08-17,24.6,2,467
2015-11-25,14.9,2,466
2015-08-04,0.42,3,295
2015-11-25,0.027,3,296
2015-11-25,0.15,2,261
2015-09-10,16.2,3,171
2015-11-25,0.96,2,434
2015-07-04,70.2,0,275
2015-08-20,40.5,0,276
2015-11-25,261.0,1,222
2015-07-04,1.62,0,418
2015-08-10,0.66,0,419
2015-11-25,35.0,3,195
2015-11-25,254.0,1,224
2015-08-13,4.15,0,456
2015-08-11,1.74,2,145
2015-09-10,1.94,2,142
2015-08-14,2.12,2,302
2015-09-10,1.85,2,303
2015-10-03,0.046,1,450
2015-10-03,1.6,1,444
2015-11-25,38.6,2,479
2015-08-03,1.01,1,140
2015-08-11,1.98,2,169
2015-09-10,1.79,2,166
2015-08-10,2.62,3,372
2015-08-17,2.49,3,371
2015-10-03,1.58,1,345
2015-09-10,1.02,2,74
2015-08-04,1.31,2,421
2015-11-25,0.9,2,418
2015-09-10,0.25,3,22
2015-10-03,0.42,1,348
2015-07-04,1.11,0,366
2015-08-11,0.5,2,56
2015-09-10,0.8,2,55
2015-09-10,0.62,3,462
2015-07-04,10.2,0,223
2015-07-04,0.54,0,238
2015-08-14,1.39,2,272
2015-09-10,1.2,2,270
2015-10-03,0.1,1,317
2015-07-04,2.1,0,211
2015-07-04,32.1,0,182
2015-08-13,1.29,0,213
2015-08-13,13.9,0,183
2015-08-11,3.98,2,183
2015-09-10,5.17,2,182
2015-08-10,0.1,0,416
2015-08-11,1.32,2,42
2015-09-10,1.34,2,41
2015-08-04,6.56,3,283
2015-11-25,6.39,3,279
2015-10-03,2.73,1,302
2016-08-08,273.0,1,202
2016-08-28,171.0,1,201
2016-06-26,20.8,2,460
2016-08-28,7.86,2,461
2016-10-17,9.07,2,459
2016-05-23,1.82,1,365
2016-08-28,1.52,1,366
2016-10-17,1.3,3,446
2016-08-27,0.38,0,196
2016-08-28,4.22,3,151
2016-10-17,3.72,3,150
2016-08-28,22.4,2,404
2016-08-28,1.6,3,54
2016-09-07,19.6,2,402
2016-09-27,23.3,2,403
2016-10-17,1.68,3,53
2016-09-13,0.034,0,104
2016-09-13,6.0,1,38
2016-09-13,7.4,1,50
2016-06-26,1.65,2,485
2016-08-28,0.46,2,484
2016-10-17,0.7,2,483
2016-05-23,24.1,1,171
2016-08-28,8.36,1,170
2016-05-23,1.0,1,257
2016-08-28,0.88,1,256
2016-08-28,0.82,2,230
2016-10-17,1.08,2,228
2016-05-23,3.36,1,403
2016-08-28,2.47,1,404
2016-08-28,1.07,2,321
2016-10-17,0.93,2,320
2016-06-05,8.12,0,368
2016-08-27,3.58,0,369
2016-09-13,2.79,0,367
2016-08-27,0.59,0,170
2016-07-22,0.7,2,6
2016-08-28,0.52,2,7
2016-06-26,1.11,3,240
2016-08-28,0.42,3,241
2016-10-17,0.8,3,239
2016-05-23,16.0,0,325
2016-09-10,3.06,0,322
2016-09-13,3.44,0,323
2016-05-23,0.96,0,36
2016-11-22,0.6,0,37
2016-05-23,2.04,1,254
2016-08-28,2.32,1,253
2016-05-06,2.02,1,146
2016-09-13,1.8,1,143
2016-09-16,8.77,1,144
2016-06-26,5.22,2,445
2016-08-28,2.86,2,444
2016-10-17,2.83,2,443
2016-06-26,2.18,2,359
2016-08-08,1.01,2,358
2016-08-28,0.65,2,357
2016-09-07,0.36,2,355
2016-10-17,1.41,2,356
2016-08-28,5.88,3,264
2016-09-13,0.26,3,408
2016-09-13,0.11,0,106
2016-05-06,0.08,3,381
2016-05-06,0.74,3,378
2016-09-13,0.05,3,379
2016-09-13,0.51,3,377
2016-05-23,2.39,1,406
2016-08-28,0.51,1,405
2016-08-08,1.01,2,235
2016-08-28,0.93,2,236
2016-06-26,2.33,3,243
2016-08-28,0.95,3,245
2016-10-17,1.6,3,244
2016-07-22,1.85,2,249
2016-08-08,3.43,2,250
2016-08-28,1.45,2,248
2016-10-17,0.39,3,453
2016-05-23,0.45,1,277
2016-07-22,7.74,1,499
2016-08-28,4.81,2,0
2016-08-28,0.72,2,64
2016-08-27,0.72,0,129
2016-08-27,0.4,0,169
2016-09-13,12.3,0,248
2016-08-28,7.13,3,40
2016-10-17,9.42,3,41
2016-10-17,1.19,3,421
2016-07-22,0.56,2,238
2016-08-28,0.53,2,239
2016-05-06,11.6,1,129
2016-09-13,9.48,1,127
2016-09-16,27.2,1,128
2016-05-23,36.7,0,0
2016-05-06,16.7,1,98
2016-09-13,12.7,1,96
2016-09-16,24.4,1,97
2016-08-28,1.1,2,164
2016-09-14,1.02,2,165
2016-08-28,0.54,3,59
2016-10-17,0.38,3,60
2016-06-05,0.95,1,10
2016-08-27,0.73,1,12
2016-09-13,0.79,1,9
2016-08-27,0.43,0,132
2016-06-26,0.76,2,496
2016-08-28,0.21,2,497
2016-10-17,0.58,2,495
2016-05-06,6.01,3,325
2016-08-27,3.83,3,324
2016-09-13,3.99,3,321
2016-09-16,4.29,3,322
2016-05-06,3.57,1,76
2016-09-13,2.47,1,74
2016-09-16,8.32,1,75
2016-05-23,5.88,0,31
2016-05-23,0.14,0,32
2016-05-23,5.9,1,301
2016-08-28,3.07,1,300
2016-08-28,0.88,1,493
2016-08-27,90.9,0,17
2016-09-13,66.3,0,16
2016-08-28,0.59,2,123
2016-05-06,1.35,1,49
2016-08-27,1.04,1,46
2016-09-13,2.22,1,44
2016-09-16,2.29,1,45
2016-08-28,0.69,2,380
2016-09-07,0.72,2,379
2016-08-28,1.02,3,105
2016-10-17,0.54,3,106
2016-05-23,8.6,1,307
2016-08-28,2.19,1,306
2016-08-28,0.29,3,102
2016-09-10,0.08,3,98
2016-10-17,0.15,3,99
2016-05-06,4.63,3,353
2016-09-13,4.4,3,351
2016-05-06,2.2,0,444
2016-08-27,1.01,0,443
2016-09-13,1.14,0,440
2016-09-16,3.16,0,441
2016-08-28,0.91,3,156
2016-10-17,0.57,3,155
2016-08-28,32.0,1,432
2016-05-23,1.62,1,246
2016-08-28,1.55,1,245
2016-05-23,1.86,1,239
2016-08-28,0.71,1,238
2016-08-08,6.85,2,253
2016-08-28,5.63,2,254
2016-05-23,49.2,1,181
2016-08-28,14.4,1,180
2016-08-28,2.22,3,457
2016-10-17,1.76,3,455
2016-07-22,0.41,2,9
2016-08-28,0.37,2,10
2016-09-13,2.4,0,301
2016-07-22,2.42,2,410
2016-08-28,1.8,2,411
2016-08-27,8.2,0,175
2016-08-28,211.0,1,206
2016-09-07,243.0,1,205
2016-08-28,2.35,3,35
2016-10-17,4.08,3,34
2016-05-23,9.04,1,386
2016-08-28,3.7,1,385
2016-05-23,2.98,1,409
2016-08-28,1.61,1,410
2016-05-23,1.63,0,67
2016-09-13,0.71,0,65
2016-11-22,0.36,0,66
2016-08-27,24.4,0,185
2016-09-13,14.0,0,184
2016-08-28,15.0,3,116
2016-10-17,15.6,3,117
2016-08-28,16.0,3,169
2016-10-17,8.39,3,168
2016-06-05,19.2,0,486
2016-08-27,12.4,0,487
2016-09-13,12.8,0,484
2016-06-05,7.75,0,482
2016-08-27,3.81,0,481
2016-09-13,4.59,0,479
2016-09-13,1.69,0,476
2016-08-27,1.57,0,125
2016-08-28,14.6,2,73
2016-08-28,16.5,2,86
2016-09-13,0.27,0,112
2016-08-28,1.07,3,83
2016-10-17,1.27,3,84
2016-06-26,7.09,3,11
2016-08-28,4.45,3,13
2016-10-17,7.04,3,12
2016-06-26,138.0,3,190
2016-08-28,52.9,3,189
2016-10-17,47.2,3,188
2016-05-06,8.22,1,92
2016-09-13,6.57,1,90
2016-09-16,15.9,1,91
2016-05-23,3.67,0,51
2016-05-23,4.06,0,52
2016-08-28,0.28,2,63
2016-05-23,12.1,1,165
2016-08-28,0.98,2,205
2016-09-13,1.02,1,20
2016-05-23,0.73,1,284
2016-08-28,0.38,1,285
2016-05-02,12.7,1,16
2016-10-17,0.47,3,442
2016-05-23,0.79,0,35
2016-08-08,38.1,1,428
2016-08-28,20.2,1,427
2016-05-06,3.28,3,383
2016-09-13,3.47,3,382
2016-08-28,0.28,2,54
2016-08-28,0.84,2,210
2016-09-14,0.98,2,208
2016-11-22,0.31,0,318
2016-06-05,142.0,0,289
2016-08-27,83.9,0,288
2016-09-13,75.8,0,287
2016-09-13,1.27,0,88
2016-06-05,47.1,0,411
2016-08-27,30.5,0,410
2016-09-13,29.6,0,409
2016-05-23,1.29,1,237
2016-05-06,6.09,1,86
2016-09-13,3.96,1,83
2016-05-23,1.51,0,49
2016-10-23,1.4,0,46
2016-11-22,1.08,0,45
2016-08-08,1.26,2,69
2016-08-28,0.8,2,70
2016-09-14,0.88,2,68
2016-06-26,0.39,3,1
2016-08-28,0.21,3,0
2016-10-17,0.44,2,499
2016-08-08,0.46,1,491
2016-08-28,0.42,1,492
2016-08-27,21.8,0,227
2016-08-28,225.0,1,209
2016-09-07,223.0,1,207
2016-05-06,3.4,0,425
2016-08-27,1.83,0,424
2016-09-13,1.49,0,421
2016-09-16,1.95,0,422
2016-06-26,1.1,3,45
2016-08-28,0.45,3,47
2016-10-17,0.58,3,46
2016-08-08,7.17,2,222
2016-08-28,5.53,2,225
2016-09-14,5.46,2,220
2016-10-17,4.89,2,221
2016-08-28,2.56,2,135
2016-08-27,1.08,0,215
2016-09-13,0.41,0,214
2016-08-28,0.38,2,199
2016-05-23,0.49,0,30
2016-08-08,0.2,0,28
2016-08-28,0.18,0,29
2016-08-08,0.42,3,471
2016-08-08,0.37,3,474
2016-08-28,0.74,3,470
2016-08-28,0.31,3,473
2016-08-28,0.55,3,257
2016-09-07,0.55,3,256
2016-05-23,123.0,1,190
2016-08-28,72.7,1,189
2016-08-28,0.91,1,489
2016-08-27,0.11,0,192
2016-06-26,5.35,3,460
2016-08-28,3.62,3,461
2016-10-17,2.65,3,459
2016-07-22,1.45,2,407
2016-08-28,1.43,2,408
2016-09-13,3.24,0,111
2016-08-28,18.9,2,95
2016-09-14,35.9,2,94
2016-08-28,0.55,2,60
2016-05-23,16.7,1,167
2016-08-28,6.2,1,168
2016-08-27,2.08,0,194
2016-08-27,5.77,0,173
2016-05-23,15.9,1,270
2016-08-28,11.6,1,269
2016-05-23,0.66,1,334
2016-08-28,0.15,1,335
2016-10-17,0.38,3,438
2016-08-28,3.6,2,133
2016-05-23,0.8,1,316
2016-08-08,0.38,1,315
2016-08-28,0.28,1,314
2016-08-27,1.0,0,171
2016-05-23,0.68,0,60
2016-11-22,0.23,0,61
2016-09-13,0.47,0,95
2016-08-28,1.1,3,58
2016-10-17,1.15,3,57
2016-05-23,199.0,1,193
2016-08-28,117.0,1,192
2016-05-23,3.94,1,380
2016-08-28,1.74,1,379
2016-08-08,0.94,2,265
2016-08-28,0.98,2,266
2016-08-28,2.01,3,286
2016-09-07,2.09,3,287
2016-09-27,2.32,3,288
2016-10-17,0.31,3,449
2016-08-28,3.14,2,52
2016-05-23,0.45,0,50
2016-07-22,1.09,2,416
2016-08-28,0.71,2,417
2016-08-08,171.0,1,196
2016-08-28,142.0,1,195
2016-08-08,3.35,1,412
2016-08-28,3.19,1,413
2016-08-27,0.36,0,340
2016-09-13,0.54,0,338
2016-08-08,0.81,2,66
2016-08-28,0.5,2,65
2016-09-13,0.23,0,152
2016-05-06,8.55,1,68
2016-09-13,5.64,1,66
2016-09-16,16.4,1,67
2016-05-06,1.23,1,55
2016-09-13,1.0,1,56
2016-08-28,1.98,1,494
2016-08-27,1.38,0,336
2016-09-13,1.24,0,334
2016-09-13,1.64,0,305
2016-08-08,1.43,1,436
2016-08-28,1.54,1,437
2016-08-28,18.4,2,301
2016-09-07,17.2,2,300
2016-08-27,1.24,0,352
2016-09-16,2.82,0,349
2016-08-27,0.08,0,191
2016-08-28,5.21,2,45
2016-09-13,0.95,0,109
2016-08-28,1.39,3,159
2016-10-17,1.2,3,158
2016-08-28,8.15,2,288
2016-10-17,7.89,2,287
2016-09-13,0.16,0,328
2016-05-06,2.29,1,82
2016-09-13,1.72,1,80
2016-09-16,5.38,1,81
2016-08-28,0.25,2,38
2016-08-28,0.35,0,247
2016-05-06,0.43,1,104
2016-09-13,0.27,1,102
2016-09-16,2.22,1,103
2016-08-28,3.2,2,181
2016-09-13,0.53,3,405
2016-08-08,32.2,1,424
2016-08-28,19.0,1,425
2016-08-28,2.27,3,467
2016-08-28,0.92,2,152
2016-09-14,1.09,2,151
2016-08-28,2.73,3,293
2016-09-07,1.55,3,292
2016-09-27,1.14,3,294
2016-08-28,2.21,3,147
2016-10-17,2.63,3,148
2016-06-26,23.7,3,164
2016-08-28,0.98,2,309
2016-10-17,0.76,2,307
2016-05-23,0.92,1,397
2016-08-28,0.46,1,398
2016-06-26,110.0,3,182
2016-08-08,45.4,3,180
2016-08-28,35.4,3,181
2016-09-07,30.3,3,178
2016-10-17,28.7,3,179
2016-09-13,0.22,0,97
2016-11-22,0.16,0,96
2016-06-05,28.4,0,401
2016-08-27,19.5,0,400
2016-09-13,21.6,0,399
2016-05-23,49.6,0,2
2016-09-13,1.08,0,121
2016-08-28,0.87,3,63
2016-09-10,0.78,3,64
2016-10-17,0.71,3,65
2016-08-28,0.21,3,27
2016-10-17,0.13,3,26
2016-11-22,0.26,0,327
2016-05-23,0.26,1,273
2016-08-28,0.028,1,272
2016-09-13,1.0,3,272
2016-05-06,0.58,1,64
2016-08-27,0.29,1,65
2016-09-13,0.29,1,61
2016-09-16,0.98,1,62
2016-05-23,6.75,0,56
2016-10-23,6.38,0,53
2016-11-22,2.86,0,54
2016-08-28,0.64,2,373
2016-09-07,0.74,2,372
2016-08-28,13.2,2,78
2016-08-27,2.7,0,203
2016-08-28,19.9,2,99
2016-09-14,36.3,2,98
2016-05-06,6.37,1,126
2016-09-13,4.75,1,124
2016-09-16,15.9,1,125
2016-06-26,22.9,2,297
2016-08-08,13.7,2,298
2016-08-28,13.1,2,299
2016-09-07,12.1,2,295
2016-10-17,13.2,2,296
2016-08-28,1.13,3,266
2016-08-27,0.19,0,158
2016-09-13,0.32,0,157
2016-05-23,0.5,1,395
2016-08-28,0.16,1,394
2016-08-08,1.58,2,330
2016-08-28,1.74,2,331
2016-09-14,2.08,2,328
2016-10-17,1.8,2,329
2016-08-08,0.43,1,440
2016-08-08,1.11,1,443
2016-08-28,0.36,1,439
2016-08-28,0.74,1,442
2016-08-08,0.3,1,482
2016-08-28,0.28,1,481
2016-08-28,6.21,2,46
2016-05-23,2.95,1,264
2016-08-28,1.47,1,263
2016-05-23,11.6,0,33
2016-09-13,1.44,0,115
2016-05-23,8.69,0,140
2016-09-10,1.03,0,137
2016-09-13,0.91,0,138
2016-05-23,1.73,1,329
2016-08-28,1.7,1,328
2016-09-13,2.25,1,23
2016-08-28,1.91,3,255
2016-10-17,2.9,3,254
2016-05-23,1.4,1,325
2016-08-28,0.27,1,326
2016-08-27,1.03,0,190
2016-08-28,1.37,3,278
2016-09-07,1.27,3,274
2016-09-27,1.63,3,277
2016-08-27,6.52,0,206
2016-09-13,5.23,0,205
2016-09-13,5.5,3,404
2016-05-06,4.25,1,113
2016-09-13,3.16,1,111
2016-09-16,7.38,1,112
2016-08-08,4.06,1,457
2016-08-28,4.04,1,458
2016-08-27,0.95,0,245
2016-08-28,1.68,3,162
2016-10-17,2.41,3,160
2016-09-13,41.9,0,8
2016-06-26,12.6,3,219
2016-08-08,5.46,3,218
2016-08-28,4.35,3,217
2016-09-07,4.03,3,215
2016-10-17,5.42,3,216
2016-08-28,0.47,3,80
2016-10-17,0.37,3,81
2016-08-28,55.1,3,193
2016-10-17,47.5,3,191
2016-08-28,1.66,2,276
2016-10-17,1.67,2,277
2016-05-23,3.74,2,21
2016-07-22,2.41,2,22
2016-07-22,1.99,2,244
2016-08-08,2.35,2,246
2016-08-28,2.21,2,23
2016-08-28,1.88,2,245
2016-10-17,3.71,3,434
2016-08-28,8.95,2,48
2016-06-05,2.0,1,6
2016-08-27,0.54,1,5
2016-09-13,0.74,1,4
2016-06-05,1.09,0,379
2016-08-27,0.38,0,378
2016-09-13,0.55,0,375
2016-08-28,0.3,2,374
2016-09-07,0.26,2,375
2016-08-28,0.9,3,127
2016-10-17,0.78,3,128
2016-05-23,0.55,1,243
2016-08-28,0.24,1,242
2016-05-06,1.79,1,123
2016-09-13,1.01,1,120
2016-09-16,9.67,1,121
2016-11-22,1.47,0,319
2016-08-27,1.73,0,201
2016-08-27,0.41,0,209
2016-05-23,0.4,1,247
2016-08-28,0.34,2,362
2016-09-07,0.26,2,361
2016-07-22,1.14,1,496
2016-08-28,0.81,1,497
2016-07-22,0.5,2,33
2016-08-08,0.36,2,32
2016-08-28,0.3,2,34
2016-08-28,376.0,1,221
2016-07-22,1.41,2,13
2016-08-28,1.01,2,12
2016-08-27,0.73,1,17
2016-09-13,1.45,0,337
2016-09-13,0.59,0,113
2016-05-06,0.72,3,348
2016-09-13,0.24,3,347
2016-05-23,1.55,1,376
2016-05-23,1.73,1,392
2016-08-28,0.46,1,377
2016-08-28,0.78,1,391
2016-08-08,12.5,1,472
2016-08-28,10.8,1,473
2016-08-08,13.7,1,476
2016-08-28,12.5,1,475
2016-08-28,0.15,3,140
2016-10-17,0.28,3,141
2016-09-13,1.63,0,453
2016-05-23,0.78,1,278
2016-06-26,9.83,2,448
2016-08-28,3.45,2,449
2016-10-17,4.99,2,447
2016-06-26,3.22,2,487
2016-08-28,0.95,2,489
2016-10-17,1.48,2,488
2016-05-23,0.43,0,38
2016-09-13,0.56,0,292
2016-11-22,0.54,0,293
2016-08-08,0.67,1,463
2016-08-28,0.51,1,464
2016-08-28,3.57,2,280
2016-10-17,3.62,2,279
2016-09-13,0.33,0,93
2016-08-28,0.93,2,156
2016-09-14,0.64,2,155
2016-08-08,0.38,2,259
2016-08-28,0.44,2,260
2016-08-08,55.0,2,109
2016-08-28,37.1,2,108
2016-09-14,50.2,2,107
2016-05-23,6.43,1,291
2016-08-28,5.56,1,290
2016-08-27,67.6,0,15
2016-09-13,59.7,0,13
2016-05-23,69.8,0,265
2016-09-10,26.8,0,262
2016-09-13,26.4,0,263
2016-06-05,45.5,0,406
2016-08-27,29.4,0,405
2016-09-13,29.7,0,404
2016-08-28,0.4,3,250
2016-10-17,0.67,3,249
2016-08-28,17.2,2,399
2016-09-07,16.3,2,396
2016-09-27,19.4,2,397
2016-09-13,0.25,3,400
2016-08-27,4.81,0,204
2016-08-28,38.0,2,473
2016-10-17,53.3,2,474
2016-08-28,0.69,2,195
2016-06-26,1.26,3,4
2016-08-28,0.56,3,5
2016-10-17,1.28,3,3
2016-08-08,52.7,1,431
2016-08-08,1.36,1,485
2016-08-08,0.21,1,488
2016-08-28,34.8,1,430
2016-08-28,1.2,1,484
2016-08-28,0.21,1,487
2016-08-08,5.56,1,416
2016-08-28,3.95,1,415
2016-08-08,9.06,1,419
2016-08-28,8.92,1,418
2016-09-13,12.1,0,77
2016-08-27,38.9,0,269
2016-09-16,53.0,0,268
2016-08-27,0.35,0,374
2016-09-13,0.12,0,372
2016-05-06,0.23,1,107
2016-09-13,0.24,1,105
2016-09-16,0.66,1,106
2016-05-23,0.72,0,135
2016-09-10,0.08,0,133
2016-09-13,0.08,0,134
2016-08-28,4.54,2,432
2016-09-07,2.14,2,430
2016-09-27,1.86,2,431
2016-05-23,0.33,1,368
2016-08-28,0.29,1,369
2016-05-06,0.22,0,449
2016-08-27,0.07,0,448
2016-09-13,0.14,0,445
2016-09-16,3.06,0,446
2016-06-26,4.05,3,207
2016-08-08,0.63,3,205
2016-08-28,0.61,3,206
2016-09-07,0.51,3,203
2016-10-17,0.74,3,204
2016-08-28,17.3,2,82
2016-05-23,46.5,0,1
2016-09-13,1.69,0,101
2016-09-13,0.17,0,330
2016-07-22,1.34,2,424
2016-08-28,2.16,2,425
2016-09-07,1.41,2,426
2016-09-27,1.05,2,427
2016-08-28,0.93,2,312
2016-10-17,0.43,2,313
2016-08-27,2.04,0,142
2016-09-13,0.81,0,141
2016-05-23,2.22,1,338
2016-08-28,0.57,1,337
2016-08-28,2.81,3,96
2016-08-28,3.36,3,39
2016-10-17,3.15,3,97
2016-10-17,5.31,3,38
2016-08-28,41.6,2,478
2016-10-17,54.6,2,477
2016-08-27,4.19,0,233
2016-08-28,2.64,2,218
2016-09-14,2.46,2,216
2016-05-23,13.7,1,310
2016-08-28,4.36,1,309
2016-08-28,0.24,2,377
2016-09-07,0.25,2,376
2016-06-26,2.01,2,353
2016-08-08,0.7,2,351
2016-08-28,0.73,2,352
2016-09-07,0.56,2,349
2016-10-17,0.78,2,350
2016-09-13,2.24,3,397
2016-06-26,4.04,3,221
2016-08-08,1.16,3,222
2016-08-28,1.0,3,225
2016-09-07,0.79,3,223
2016-10-17,1.67,3,224
2016-05-23,2.62,1,323
2016-08-28,6.22,1,322
2016-08-28,1.24,2,439
2016-09-07,0.81,2,438
2016-09-27,0.68,2,441
2016-08-27,2.9,0,126
2016-08-28,27.6,2,469
2016-10-17,35.5,2,470
2016-08-27,1.32,0,193
2016-05-06,0.57,1,79
2016-09-13,0.24,1,77
2016-09-16,1.33,1,78
2016-08-27,7.9,0,174
2016-08-27,15.2,0,434
2016-09-16,30.0,0,431
2016-05-23,21.8,2,4
2016-07-22,12.3,2,2
2016-08-28,7.65,2,3
2016-08-28,10.8,3,107
2016-10-17,11.7,3,108
2016-09-13,2.71,0,320
2016-05-23,0.64,1,260
2016-08-28,0.17,1,259
2016-06-26,13.6,2,451
2016-08-28,4.14,2,453
2016-10-17,6.16,2,452
2016-09-13,6.32,0,295
2016-05-23,0.42,1,240
2016-05-06,0.74,1,132
2016-09-13,0.62,1,130
2016-09-16,1.54,1,131
2016-08-28,3.19,2,121
2016-08-28,2.12,2,31
2016-08-27,112.0,0,23
2016-09-13,87.9,0,22
2016-05-23,108.0,1,187
2016-08-28,58.3,1,186
2016-08-27,3.75,0,219
2016-08-08,0.98,1,455
2016-08-28,1.39,1,454
2016-06-26,4.94,3,211
2016-08-08,2.11,3,212
2016-08-28,1.66,3,213
2016-09-07,1.52,3,209
2016-10-17,1.91,3,210
2016-09-13,0.08,0,307
2016-10-17,0.8,3,451
2016-10-17,2.88,3,416
2016-08-28,2.05,3,88
2016-10-17,2.58,3,89
2016-05-23,15.5,1,388
2016-08-28,6.69,1,389
2016-05-06,4.94,3,389
2016-09-13,5.21,3,387
2016-08-27,0.56,0,346
2016-09-16,1.05,0,345
2016-10-17,1.78,3,432
2016-08-28,2.72,3,92
2016-09-10,2.45,3,93
2016-10-17,2.95,3,94
2016-05-23,3.46,1,261
2016-07-22,7.72,2,387
2016-08-28,7.46,2,386
2016-08-28,16.1,2,91
2016-09-14,36.4,2,90
2016-08-27,0.27,0,240
2016-09-13,0.16,0,239
2016-08-27,21.2,0,225
2016-09-13,7.71,0,224
2016-05-23,0.83,1,248
2016-08-28,12.9,3,111
2016-10-17,14.2,3,112
2016-08-28,0.4,2,324
2016-10-17,0.44,2,325
2016-08-28,3.66,2,173
2016-08-28,196.0,1,204
2016-09-07,237.0,1,203
2016-08-28,7.92,2,47
2016-05-23,41.4,1,174
2016-08-28,18.3,1,173
2016-05-23,0.58,0,59
2016-05-23,51.4,0,261
2016-09-10,26.1,0,258
2016-09-13,25.9,0,259
2016-05-23,0.68,1,374
2016-08-08,0.27,1,372
2016-08-28,0.28,1,373
2016-05-23,51.5,0,6
2016-10-23,34.9,0,3
2016-11-22,21.0,0,4
2016-08-28,1.14,3,52
2016-09-10,1.19,3,48
2016-10-17,1.18,3,49
2016-05-23,4.04,1,267
2016-08-28,2.16,1,266
2016-08-08,62.9,2,114
2016-08-28,39.3,2,113
2016-09-14,59.3,2,115
2016-05-23,2.71,1,362
2016-08-28,0.79,1,363
2016-05-23,2.4,1,298
2016-08-08,1.5,1,297
2016-08-28,1.7,1,296
2016-08-28,1.06,3,76
2016-10-17,0.81,3,73
2016-07-22,0.56,2,27
2016-08-08,0.43,2,26
2016-08-28,0.43,2,28
2016-08-27,4.84,0,235
2016-08-28,2.49,2,370
2016-09-07,2.58,2,369
2016-08-08,2.04,2,50
2016-08-28,2.19,2,51
2016-06-26,0.78,3,229
2016-08-08,0.14,3,230
2016-08-28,0.09,3,231
2016-09-07,0.09,3,227
2016-10-17,0.21,3,228
2016-08-28,0.43,3,200
2016-10-17,0.44,3,199
2016-08-08,1.94,2,233
2016-08-28,1.38,2,234
2016-09-14,1.43,2,232
2016-05-23,1.87,0,42
2016-05-23,0.94,1,360
2016-08-28,1.17,1,359
2016-05-23,0.4,0,43
2016-05-23,0.58,0,40
2016-05-23,1.45,0,41
2016-08-28,0.76,2,149
2016-09-14,0.93,2,147
2016-08-27,0.1,0,356
2016-07-22,0.24,2,256
2016-08-08,0.17,2,257
2016-08-28,0.18,2,258
2016-08-28,3.66,2,187
2016-08-28,26.6,2,103
2016-09-14,42.9,2,102
2016-08-27,0.78,0,124
2016-05-23,0.72,0,317
2016-09-10,0.14,0,314
2016-09-13,0.13,0,315
2016-08-08,196.0,1,197
2016-08-28,129.0,1,198
2016-08-28,0.15,3,268
2016-05-06,0.63,3,367
2016-09-13,0.43,3,366
2016-08-28,0.33,2,214
2016-08-27,1.15,0,242
2016-10-17,13.1,3,410
2016-05-06,1.08,1,59
2016-09-13,0.97,1,57
2016-06-26,5.45,2,341
2016-08-08,1.54,2,340
2016-08-28,1.61,2,339
2016-09-07,1.47,2,337
2016-10-17,2.1,2,338
2016-08-28,2.86,2,175
2016-08-27,6.28,0,221
2016-09-13,19.3,0,250
2016-05-23,86.6,1,184
2016-08-28,51.1,1,183
2016-05-26,0.83,3,304
2016-06-05,0.73,3,305
2016-05-06,2.46,1,101
2016-09-13,2.08,1,99
2016-09-16,5.09,1,100
2016-05-23,1.79,1,354
2016-08-28,3.27,1,353
2016-05-23,6.88,1,164
2016-09-13,14.9,0,81
2016-06-05,89.0,0,285
2016-08-27,46.3,0,283
2016-09-13,42.2,0,282
2016-05-23,3.8,1,288
2016-08-28,3.2,1,287
2016-09-13,27.5,0,256
2016-07-22,0.68,2,18
2016-08-28,0.43,2,19
2016-08-28,1.12,2,366
2016-09-07,1.02,2,364
2016-09-27,1.14,2,365
2016-05-06,14.6,1,95
2016-09-13,11.5,1,93
2016-09-16,21.9,1,94
2016-05-23,65.3,1,177
2016-08-28,39.5,1,176
2016-08-27,0.79,0,162
2016-09-13,0.95,0,160
2016-05-06,8.28,1,117
2016-09-13,8.14,1,118
2016-09-16,16.8,1,119
2016-05-06,20.2,3,336
2016-09-13,14.8,3,333
2016-08-28,3.74,2,334
2016-10-17,3.56,2,333
2016-06-26,0.76,3,20
2016-08-28,0.42,3,21
2016-10-17,0.67,3,19
2016-06-26,1.74,3,16
2016-08-28,0.88,3,17
2016-10-17,1.35,3,15
2016-05-06,2.86,1,89
2016-09-13,2.26,1,87
2016-09-16,4.62,1,88
2016-08-28,13.0,2,394
2016-09-07,13.0,2,392
2016-09-27,14.2,2,393
2016-08-28,1.31,3,120
2016-10-17,1.96,3,121
2016-08-08,27.7,1,421
2016-08-28,18.7,1,422
2016-11-22,2.03,0,69
2016-09-13,0.28,0,473
2016-05-06,16.7,1,72
2016-09-13,8.93,1,70
2016-09-16,18.5,1,71
2016-08-08,15.2,1,478
2016-08-28,13.2,1,479
2016-08-08,1.65,2,29
2016-08-28,1.69,2,30
2016-05-06,0.17,3,376
2016-09-13,0.19,3,375
2016-09-13,0.22,1,34
2016-08-28,0.46,3,271
2016-05-23,2.91,1,401
2016-08-28,0.57,1,400
2016-08-28,10.0,2,462
2016-10-17,19.8,2,463
2016-05-23,7.79,1,383
2016-08-28,3.05,1,382
2016-08-28,0.11,3,260
2016-10-17,0.04,3,259
2016-06-26,28.6,3,166
2016-05-23,1.69,1,357
2016-05-23,5.1,1,340
2016-08-28,3.56,1,356
2016-08-28,3.86,1,341
2016-07-22,11.5,2,389
2016-08-28,9.68,2,390
2016-06-26,5.26,3,8
2016-08-28,2.48,3,9
2016-10-17,3.92,3,7
2016-06-26,16.2,2,456
2016-08-28,5.45,2,457
2016-10-17,7.68,2,455
2016-05-06,9.94,3,330
2016-05-06,4.08,3,346
2016-08-27,6.47,3,329
2016-08-27,2.57,3,345
2016-09-13,5.82,3,327
2016-09-13,2.74,3,342
2016-09-16,6.17,3,326
2016-09-16,2.87,3,343
2016-05-23,2.99,1,282
2016-08-28,1.82,1,281
2016-08-08,3.29,1,448
2016-08-28,4.2,1,449
2016-06-05,0.6,0,363
2016-08-27,0.16,0,359
2016-09-13,0.13,0,357
2016-09-16,1.47,0,358
2016-08-28,3.27,2,140
2016-08-28,0.28,3,56
2016-10-17,0.21,3,55
2016-05-06,0.64,0,439
2016-08-27,0.16,0,438
2016-09-13,0.25,0,435
2016-09-16,0.96,0,436
2016-08-28,134.0,1,194
2016-08-28,0.55,3,134
2016-10-17,0.9,3,135
2016-08-27,10.5,0,177
2016-08-27,2.18,0,199
2016-09-13,7.58,0,176
2016-09-13,1.46,0,197
2016-06-26,3.82,3,31
2016-08-28,0.67,3,33
2016-10-17,0.91,3,32
2016-09-13,66.8,0,9
2016-09-13,0.27,0,107
2016-09-13,32.3,0,266
2016-08-27,0.37,0,123
2016-06-26,10.7,2,343
2016-08-08,2.56,2,344
2016-08-28,2.17,2,347
2016-09-07,2.39,2,345
2016-10-17,4.09,2,346
2016-05-06,1530.0,1,236
2016-09-13,416.0,1,233
2016-08-28,6.71,2,128
2016-09-13,0.58,0,87
2016-07-22,3.53,2,15
2016-08-28,2.2,2,16
2016-08-28,3.53,2,53
2016-08-28,6.0,2,292
2016-10-17,6.98,2,291
2016-05-23,1.43,0,312
2016-09-10,0.006,0,309
2016-09-13,0.019,0,310
2016-08-08,6.82,1,460
2016-08-28,8.22,1,461
2016-08-28,5.95,2,192
2016-09-14,8.09,2,191
2016-05-02,19.0,1,29
2016-05-12,16.7,1,28
2016-06-26,0.23,2,492
2016-08-28,0.035,2,493
2016-10-17,0.13,2,491
2016-05-06,19.1,3,332
2016-09-13,11.5,3,331
2016-11-22,2.84,0,71
2016-08-27,1.11,0,232
2016-05-23,1.23,0,44
2016-09-13,4.1,1,37
2016-08-08,0.73,1,469
2016-08-28,0.56,1,470
2016-08-08,0.79,1,312
2016-08-28,0.67,1,311
2016-08-27,1.83,0,385
2016-09-16,5.33,0,384
2016-08-27,17.7,0,389
2016-09-16,37.6,0,388
2016-08-28,2.4,3,124
2016-10-17,2.54,3,125
2016-09-13,23.1,0,252
2016-05-23,1.98,1,163
2016-05-23,6.05,1,344
2016-08-28,7.74,1,343
2016-08-28,0.66,3,144
2016-10-17,0.81,3,143
2016-08-28,0.7,2,24
2016-08-28,257.0,1,213
2016-09-07,240.0,1,210
2016-09-27,398.0,1,212
2016-05-06,0.11,1,135
2016-09-13,0.06,1,133
2016-09-16,0.54,1,134
2016-05-06,2.36,3,350
2016-09-13,2.03,3,349
2016-07-22,1.24,2,241
2016-08-28,1.42,2,242
2016-07-22,2.38,2,384
2016-08-28,4.45,2,383
2016-07-22,0.19,2,414
2016-08-28,0.18,2,413
2016-05-06,4.26,1,142
2016-09-13,3.85,1,141
2016-10-17,1.82,3,426
2016-09-13,0.05,0,298
2016-05-02,1.9,1,19
2016-08-28,0.73,3,152
2016-10-17,1.14,3,153
2016-05-06,3.6,0,466
2016-08-27,2.14,0,464
2016-09-13,2.4,0,461
2016-09-16,4.74,0,462
2016-08-28,0.31,2,36
2016-08-27,0.82,0,128
2016-08-28,5.06,2,284
2016-10-17,5.67,2,285
2016-05-23,0.84,1,162
2016-08-28,0.33,1,161
2016-05-23,0.52,1,159
2016-05-23,0.42,1,155
2016-05-23,0.19,1,151
2016-08-08,0.19,1,157
2016-08-08,0.25,1,153
2016-08-08,0.18,1,149
2016-08-28,0.09,1,158
2016-08-28,0.19,1,154
2016-08-28,0.14,1,150
2016-08-08,0.32,2,268
2016-08-28,0.3,2,269
2016-09-07,0.3,2,267
2016-08-28,21.9,2,464
2016-10-17,33.6,2,465
2016-08-28,0.07,3,297
2016-09-07,0.07,3,298
2016-09-27,0.05,3,299
2016-07-22,0.2,2,262
2016-08-08,0.14,2,264
2016-08-28,0.14,2,263
2016-06-26,56.2,3,176
2016-08-08,22.9,3,174
2016-08-28,20.8,3,175
2016-09-07,17.7,3,172
2016-10-17,10.8,3,173
2016-08-27,1.79,0,172
2016-08-28,1.42,3,78
2016-10-17,1.28,3,77
2016-08-28,1.38,2,436
2016-09-07,0.74,2,435
2016-06-05,90.2,0,274
2016-08-27,43.4,0,273
2016-09-13,39.2,0,272
2016-08-28,392.0,1,223
2016-08-27,0.53,0,420
2016-09-16,1.48,0,417
2016-08-28,63.9,3,196
2016-10-17,55.8,3,194
2016-08-28,400.0,1,225
2016-05-06,6.56,0,460
2016-08-27,4.26,0,457
2016-09-13,4.26,0,458
2016-09-16,8.44,0,459
2016-06-26,132.0,3,186
2016-08-28,44.3,3,185
2016-10-17,39.2,3,184
2016-08-28,5.66,2,144
2016-08-27,0.3,0,131
2016-08-28,1.79,2,305
2016-10-17,1.48,2,304
2016-08-08,0.042,1,451
2016-08-28,0.16,1,452
2016-08-08,1.44,1,445
2016-08-28,1.83,1,446
2016-08-28,1.34,3,251
2016-09-07,1.3,3,252
2016-08-28,54.2,2,481
2016-10-17,69.6,2,480
2016-05-06,1.31,1,139
2016-09-13,1.31,1,137
2016-09-16,7.14,1,138
2016-08-28,1.44,2,168
2016-09-14,0.83,2,167
2016-08-28,0.3,3,133
2016-10-17,0.35,3,132
2016-05-23,9.35,1,347
2016-08-28,9.16,1,346
2016-08-28,21.6,2,76
2016-08-28,0.95,2,422
2016-09-07,1.14,2,419
2016-09-27,1.41,2,420
2016-06-26,0.36,3,23
2016-08-28,0.1,3,28
2016-08-28,0.16,3,25
2016-10-17,0.16,3,29
2016-10-17,0.62,3,24
2016-05-06,0.85,1,110
2016-09-13,0.86,1,109
2016-09-16,1.17,1,108
2016-08-08,265.0,1,200
2016-08-28,163.0,1,199
2016-05-23,0.87,1,350
2016-08-28,1.13,1,349
2016-08-27,0.7,0,365
2016-09-13,0.77,0,364
2016-08-28,0.41,2,58
2016-09-13,0.18,0,100
2016-09-13,0.51,0,119
2016-05-23,0.82,0,34
2016-06-26,1.66,3,464
2016-08-28,0.61,3,465
2016-10-17,0.61,3,463
2016-08-28,0.16,3,247
2016-10-17,0.17,3,246
2016-08-28,38.3,1,433
2016-08-27,16.2,0,222
2016-08-27,0.5,0,237
2016-08-28,1.17,2,273
2016-10-17,1.13,2,271
2016-05-23,0.57,1,318
2016-08-08,0.35,1,319
2016-08-28,0.76,1,320
2016-08-28,45.4,1,434
2016-08-27,2.37,0,212
2016-08-27,20.3,0,181
2016-09-13,1.14,0,210
2016-09-13,11.6,0,180
2016-08-28,2.59,2,184
2016-05-02,2.83,1,14
2016-08-28,0.71,2,44
2016-05-23,12.0,1,304
2016-08-28,10.6,1,303
2017-05-20,444.0,9,143
2017-10-02,160.0,9,144
2017-07-30,0.14,7,72
2017-05-12,56.4,14,9
2017-05-25,43.5,14,7
2017-08-30,9.2,14,6
2017-09-29,9.14,14,8
2017-10-02,8.08,14,10
2017-05-01,0.83,16,2
2017-05-18,0.89,16,4
2017-05-28,0.94,16,1
2017-07-30,0.69,16,0
2017-08-29,0.6,16,3
2017-05-28,2.05,10,215
2017-08-01,2.19,10,213
2017-08-11,1.65,10,212
2017-10-02,1.48,10,216
2017-11-04,1.81,10,211
2017-05-28,8.02,16,238
2017-08-16,2.21,16,237
2017-09-30,2.33,16,236
2017-10-02,2.14,16,239
2017-05-11,2.0,6,63
2017-05-19,1.99,6,61
2017-05-21,2.02,6,64
2017-07-30,0.38,6,62
2017-08-29,0.27,6,65
2017-09-28,0.44,6,67
2017-10-01,0.19,6,66
2017-10-16,0.2,6,60
2017-05-19,29.1,8,86
2017-10-01,58.0,8,84
2017-10-16,17.4,8,85
2017-05-01,4.37,16,136
2017-05-18,1.99,16,135
2017-05-28,1.81,16,134
2017-07-30,0.82,16,133
2017-08-29,0.72,16,138
2017-09-28,2.24,16,137
2017-05-18,16.3,14,213
2017-05-20,16.3,14,212
2017-05-25,17.2,14,214
2017-05-28,16.2,14,211
2017-08-16,4.59,14,210
2017-10-02,3.99,14,209
2017-05-20,72.6,13,175
2017-05-25,13.0,14,99
2017-05-28,73.6,13,174
2017-09-30,20.1,13,173
2017-10-02,19.2,13,171
2017-10-02,4.58,14,100
2017-10-17,17.9,13,172
2017-05-28,0.31,5,67
2017-07-30,0.1,5,69
2017-08-01,0.1,5,68
2017-05-19,11.3,8,83
2017-10-01,23.4,8,81
2017-10-16,8.3,8,82
2017-05-19,8.5,8,97
2017-10-01,9.5,8,95
2017-10-16,6.9,8,96
2017-05-12,3.98,14,38
2017-08-30,0.56,14,39
2017-10-02,1.08,14,40
2017-05-18,3.01,15,141
2017-05-28,2.61,15,139
2017-08-16,1.07,15,140
2017-09-30,0.91,15,138
2017-05-28,29.5,9,87
2017-08-01,8.69,9,90
2017-08-08,6.79,9,88
2017-08-16,5.44,9,91
2017-10-02,10.6,9,86
2017-05-28,0.98,10,10
2017-08-01,1.0,10,7
2017-08-08,1.18,10,8
2017-10-02,0.64,10,6
2017-08-30,0.83,12,229
2017-10-02,0.93,12,228
2017-05-28,2.67,11,33
2017-08-01,3.49,11,30
2017-08-11,2.51,11,31
2017-08-30,1.18,13,76
2017-09-09,1.24,13,77
2017-10-02,1.8,11,34
2017-10-02,0.92,13,75
2017-11-04,2.48,11,29
2017-05-19,12.2,7,104
2017-07-30,5.86,7,102
2017-09-11,5.52,7,103
2017-10-01,7.4,7,101
2017-10-16,9.81,7,100
2017-05-11,1.56,5,233
2017-05-19,2.18,5,231
2017-05-21,2.21,5,229
2017-07-30,0.74,5,230
2017-08-29,0.54,5,234
2017-09-28,0.55,5,235
2017-10-01,0.51,5,232
2017-10-16,0.46,5,228
2017-05-01,11.0,16,54
2017-05-18,9.67,16,50
2017-05-28,9.34,16,51
2017-07-30,8.24,16,52
2017-09-28,8.21,16,53
2017-05-28,12.9,6,178
2017-08-01,8.46,6,177
2017-08-16,6.13,6,179
2017-11-04,5.01,6,180
2017-05-18,1.58,11,142
2017-05-28,1.8,11,143
2017-08-01,0.83,11,140
2017-08-16,0.54,11,141
2017-10-02,0.38,11,144
2017-05-12,4.14,15,47
2017-05-25,4.09,15,46
2017-08-30,0.85,15,50
2017-09-29,0.63,15,48
2017-10-02,0.52,15,49
2017-05-11,25.6,7,39
2017-05-28,20.4,7,38
2017-07-30,7.17,7,37
2017-09-28,8.93,7,40
2017-05-01,1.52,4,96
2017-05-28,1.19,4,89
2017-06-20,1.69,4,94
2017-07-30,0.94,4,92
2017-08-01,0.94,4,90
2017-08-16,2.9,4,93
2017-08-29,0.63,4,95
2017-05-28,2.19,10,3
2017-08-01,1.47,10,2
2017-08-08,1.8,10,0
2017-08-16,1.6,10,5
2017-10-02,1.27,10,1
2017-05-01,3.15,9,37
2017-05-19,2.6,9,34
2017-10-01,1.74,9,35
2017-10-16,1.7,9,36
2017-05-12,11.3,13,239
2017-08-30,3.16,13,236
2017-09-29,3.0,13,237
2017-10-02,3.0,13,238
2017-06-21,2.55,13,101
2017-07-31,3.17,13,100
2017-10-02,1.7,13,98
2017-10-17,1.24,13,99
2017-05-18,38.8,15,93
2017-05-20,40.6,15,94
2017-05-28,36.8,15,91
2017-08-16,6.12,15,92
2017-09-30,7.75,15,89
2017-10-02,7.2,15,90
2017-05-01,13.2,16,181
2017-05-28,4.61,16,180
2017-07-30,1.14,16,182
2017-08-16,0.99,16,179
2017-08-29,0.72,16,183
2017-09-30,1.79,16,178
2017-05-11,1.65,5,72
2017-05-28,0.86,5,70
2017-07-30,0.27,5,73
2017-08-01,0.28,5,71
2017-10-15,0.54,5,74
2017-05-01,0.17,16,113
2017-05-01,0.99,16,107
2017-05-19,0.17,16,116
2017-07-30,0.07,16,114
2017-07-30,0.86,16,109
2017-08-09,0.1,16,117
2017-08-09,0.74,16,110
2017-08-29,0.07,16,118
2017-08-29,0.79,16,111
2017-09-28,0.42,16,115
2017-09-28,1.0,16,108
2017-10-16,0.1,16,112
2017-10-16,0.81,16,106
2017-05-28,1.68,11,39
2017-08-01,1.14,11,37
2017-08-11,0.75,11,36
2017-10-02,0.47,11,40
2017-11-04,1.66,11,35
2017-05-25,0.54,14,119
2017-05-28,0.46,14,118
2017-07-27,0.07,14,120
2017-08-16,0.07,14,117
2017-10-02,0.06,14,121
2017-05-01,4.3,16,86
2017-05-18,2.77,16,85
2017-05-28,2.67,16,87
2017-07-30,2.42,16,88
2017-09-28,6.33,16,89
2017-05-20,1.83,12,237
2017-10-02,1.43,12,238
2017-05-01,6.91,4,54
2017-05-01,2.62,4,62
2017-05-11,4.45,4,52
2017-05-11,3.07,4,60
2017-05-18,3.83,4,51
2017-05-18,2.9,4,59
2017-05-28,7.02,4,47
2017-05-28,2.68,4,55
2017-06-20,4.29,4,49
2017-06-20,2.85,4,57
2017-07-30,5.85,4,50
2017-07-30,0.38,4,58
2017-08-01,7.22,4,48
2017-08-01,2.47,4,56
2017-08-29,1.95,4,53
2017-08-29,0.23,4,61
2017-05-12,8.35,15,52
2017-05-25,8.14,15,51
2017-08-30,1.58,15,53
2017-09-29,2.49,15,54
2017-10-02,1.53,15,55
2017-05-18,31.8,15,224
2017-05-28,31.4,15,222
2017-07-30,16.7,15,223
2017-05-18,4.12,13,7
2017-05-20,3.96,13,4
2017-05-28,5.82,13,6
2017-08-01,3.03,13,5
2017-08-16,2.88,13,2
2017-10-02,1.37,13,8
2017-05-01,17.2,16,96
2017-05-18,10.4,16,97
2017-05-28,9.38,16,98
2017-07-30,6.54,16,99
2017-08-29,5.02,16,100
2017-09-28,10.7,16,101
2017-05-25,1.46,17,1
2017-05-28,1.37,17,0
2017-08-16,0.62,16,249
2017-09-30,0.69,16,248
2017-10-02,0.65,17,2
2017-05-18,4.34,15,83
2017-05-28,4.54,15,84
2017-08-16,2.29,15,82
2017-09-30,2.12,15,81
2017-05-28,0.58,10,52
2017-08-01,0.49,10,53
2017-08-16,0.21,10,55
2017-05-18,10.8,11,132
2017-05-28,14.0,11,133
2017-08-01,9.8,11,134
2017-08-16,6.46,11,131
2017-10-02,4.48,11,135
2017-08-03,1.96,11,224
2017-10-02,0.67,11,225
2017-10-17,0.67,11,223
2017-05-11,2.86,5,153
2017-05-19,2.8,5,154
2017-05-21,4.26,5,151
2017-07-30,0.52,5,152
2017-08-29,0.24,5,150
2017-09-28,0.46,5,156
2017-10-01,0.3,5,155
2017-10-16,0.37,5,149
2017-05-11,0.92,5,221
2017-05-19,1.6,5,225
2017-05-21,1.62,5,222
2017-07-30,0.54,5,223
2017-08-29,0.46,5,227
2017-09-28,0.48,5,226
2017-10-01,0.51,5,224
2017-10-16,0.39,5,220
2017-05-28,36.7,6,184
2017-07-30,21.6,6,183
2017-09-28,16.0,6,185
2017-05-25,72.9,14,90
2017-10-02,19.5,14,89
2017-05-20,9.23,16,209
2017-05-25,10.3,16,214
2017-05-28,7.98,16,210
2017-06-14,4.87,16,211
2017-08-16,0.82,16,212
2017-09-30,1.89,16,208
2017-10-02,1.28,16,213
2017-05-11,1.02,4,249
2017-05-11,3.65,4,216
2017-05-18,1.13,5,0
2017-05-18,6.22,4,217
2017-05-28,0.87,4,246
2017-05-28,2.54,4,213
2017-06-20,0.66,4,248
2017-06-20,2.46,4,215
2017-08-01,0.58,4,247
2017-08-01,1.47,4,214
2017-08-01,0.74,12,239
2017-05-01,18.4,9,2
2017-05-19,13.7,9,3
2017-08-29,7.81,9,0
2017-09-11,10.6,9,1
2017-09-28,13.4,9,4
2017-10-01,11.3,8,248
2017-10-16,9.58,8,249
2017-11-07,18.0,9,5
2017-05-28,48.9,4,0
2017-08-01,30.9,4,1
2017-05-01,26.8,8,181
2017-05-19,18.9,8,179
2017-08-29,12.4,8,180
2017-09-11,16.8,8,182
2017-09-28,21.3,8,183
2017-10-01,23.0,8,177
2017-10-16,14.3,8,178
2017-05-20,6.83,12,129
2017-06-01,4.26,12,130
2017-07-31,2.68,12,133
2017-08-30,1.15,12,126
2017-09-09,1.14,12,127
2017-09-29,1.1,12,132
2017-10-02,1.01,12,131
2017-10-17,0.91,12,128
2017-10-19,0.89,12,134
2017-05-20,5.53,14,108
2017-05-25,5.75,14,109
2017-05-28,5.16,14,107
2017-08-16,0.73,14,106
2017-10-02,0.93,14,105
2017-05-18,1800.0,9,208
2017-05-28,1760.0,9,206
2017-07-30,979.0,9,205
2017-09-28,504.0,9,207
2017-05-19,1.18,8,24
2017-07-30,0.95,8,26
2017-08-29,1.26,8,27
2017-09-11,1.39,8,25
2017-10-01,1.81,8,22
2017-10-16,1.72,8,23
2017-05-19,1.7,5,172
2017-10-16,0.56,5,171
2017-05-12,3.92,14,51
2017-05-25,3.94,14,50
2017-08-30,0.71,14,54
2017-09-19,0.44,14,55
2017-09-29,0.84,14,52
2017-10-02,0.56,14,53
2017-05-21,0.85,5,100
2017-07-30,0.19,5,98
2017-08-29,0.12,5,99
2017-05-01,8.2,16,18
2017-05-19,6.68,16,16
2017-09-28,6.42,16,17
2017-10-01,6.27,16,14
2017-10-16,6.48,16,15
2017-05-01,4.92,8,137
2017-05-19,4.07,8,135
2017-08-29,2.84,8,134
2017-09-11,3.46,8,138
2017-09-28,4.96,8,136
2017-10-01,3.49,8,132
2017-10-16,2.76,8,133
2017-11-07,6.97,8,139
2017-05-28,8.14,4,71
2017-05-28,0.27,4,74
2017-08-01,3.38,4,72
2017-08-01,0.18,4,75
2017-05-28,9.56,10,99
2017-08-01,2.28,10,97
2017-08-08,2.34,10,98
2017-10-02,1.11,10,95
2017-10-02,5.48,11,125
2017-05-19,191.0,4,33
2017-07-30,152.0,4,32
2017-10-16,125.0,4,31
2017-06-21,1.54,12,64
2017-07-31,1.24,12,60
2017-08-30,2.94,12,61
2017-09-29,0.54,12,62
2017-10-02,0.35,12,59
2017-10-19,0.42,12,63
2017-05-01,1.72,8,92
2017-05-19,1.35,8,90
2017-08-29,0.9,8,89
2017-09-11,0.9,8,91
2017-09-28,1.9,8,93
2017-10-01,1.74,8,87
2017-10-16,2.01,8,88
2017-11-07,2.16,8,94
2017-05-18,5.4,13,142
2017-05-28,3.28,13,143
2017-08-01,1.43,13,139
2017-08-16,1.01,13,140
2017-09-30,2.7,13,136
2017-10-02,1.45,13,137
2017-10-17,0.71,13,138
2017-05-20,5.41,14,153
2017-05-28,3.44,14,154
2017-08-16,0.67,14,151
2017-10-02,1.11,14,152
2017-05-28,27.7,10,107
2017-08-01,3.31,10,109
2017-08-08,4.7,10,106
2017-10-02,2.73,10,105
2017-05-25,3.76,14,148
2017-05-28,3.15,14,149
2017-07-27,0.59,14,150
2017-08-16,1.57,14,146
2017-10-02,1.66,14,147
2017-05-01,7.94,16,49
2017-05-18,6.87,16,47
2017-07-30,5.25,16,48
2017-05-01,5.25,7,201
2017-05-19,3.58,7,200
2017-09-28,3.65,7,202
2017-10-01,3.31,7,198
2017-10-16,2.04,7,199
2017-05-18,3.19,14,222
2017-05-20,4.36,14,224
2017-05-28,2.48,14,223
2017-07-27,0.62,14,225
2017-08-16,0.38,14,226
2017-10-02,0.81,14,221
2017-10-02,21.0,11,68
2017-05-28,1.81,9,233
2017-08-01,1.09,9,235
2017-08-08,0.66,9,234
2017-10-02,0.67,9,232
2017-05-28,2.24,9,219
2017-08-01,0.9,9,220
2017-08-08,0.69,9,221
2017-05-20,9.76,13,11
2017-10-02,4.91,13,12
2017-05-28,74.6,9,105
2017-08-01,30.3,9,106
2017-08-11,13.2,9,108
2017-10-02,11.0,9,103
2017-11-04,26.8,9,104
2017-05-25,6.2,17,4
2017-10-02,2.96,17,3
2017-05-18,0.84,11,147
2017-05-28,0.79,11,148
2017-08-01,0.45,11,145
2017-08-16,0.4,11,146
2017-05-18,13.4,7,5
2017-05-28,11.8,7,4
2017-07-30,4.79,7,3
2017-09-28,5.12,7,6
2017-05-18,4.63,13,182
2017-05-28,4.77,13,181
2017-08-01,4.26,13,185
2017-08-16,2.0,13,183
2017-10-02,1.5,13,184
2017-05-19,23.6,6,7
2017-07-30,10.7,6,8
2017-08-29,6.31,6,9
2017-10-01,7.72,6,10
2017-10-16,5.95,6,6
2017-10-02,224.0,9,147
2017-10-17,188.0,9,148
2017-05-25,30.7,14,84
2017-10-02,10.1,14,85
2017-05-28,7.76,11,1
2017-08-01,10.5,10,248
2017-08-11,6.45,11,0
2017-11-04,3.59,10,247
2017-05-28,2.37,11,45
2017-08-01,2.3,11,41
2017-08-11,1.88,11,42
2017-10-02,1.29,11,46
2017-11-04,1.71,11,44
2017-05-01,1.9,4,182
2017-05-11,1.34,4,181
2017-05-28,1.11,4,175
2017-06-20,1.52,4,180
2017-07-30,0.6,4,176
2017-08-01,1.23,4,177
2017-08-16,0.43,4,179
2017-08-29,0.4,4,183
2017-05-11,63.5,6,19
2017-05-19,58.3,6,22
2017-07-30,16.3,6,21
2017-08-29,14.4,6,18
2017-10-01,16.8,6,20
2017-10-16,23.7,6,17
2017-05-20,37.0,14,165
2017-05-25,37.4,14,166
2017-05-28,35.1,14,163
2017-08-16,24.9,14,164
2017-10-02,18.0,14,162
2017-10-16,1.57,8,29
2017-08-30,14.5,14,248
2017-10-02,12.0,14,247
2017-05-19,23.2,7,246
2017-07-30,20.8,7,245
2017-09-11,21.2,7,247
2017-10-01,28.9,7,243
2017-10-16,26.8,7,244
2017-05-19,10.7,7,241
2017-07-30,8.24,7,240
2017-08-29,6.68,7,242
2017-10-01,15.7,7,238
2017-10-16,14.3,7,239
2017-05-19,5.34,7,237
2017-10-01,6.31,7,235
2017-10-16,4.64,7,236
2017-05-19,0.4,8,73
2017-10-01,0.28,8,71
2017-10-16,0.19,8,72
2017-05-11,5.74,5,129
2017-05-19,5.01,5,127
2017-05-21,5.86,5,130
2017-07-30,2.82,5,132
2017-08-29,2.42,5,131
2017-10-01,1.87,5,133
2017-10-16,1.72,5,128
2017-07-04,13.4,11,236
2017-07-31,3.92,11,238
2017-08-30,6.23,11,237
2017-10-02,2.09,11,234
2017-11-06,4.13,11,235
2017-06-01,68.3,12,6
2017-07-31,52.3,12,2
2017-08-03,35.9,12,3
2017-08-30,38.7,12,1
2017-09-09,66.3,11,249
2017-09-29,20.3,12,5
2017-10-02,16.9,12,4
2017-10-17,19.1,12,0
2017-05-28,26.8,6,181
2017-08-01,16.2,6,182
2017-05-01,3.88,15,236
2017-05-18,5.5,15,233
2017-05-28,4.85,15,232
2017-07-30,1.46,15,230
2017-08-09,1.23,15,231
2017-08-16,1.14,15,237
2017-08-29,1.07,15,234
2017-09-28,0.87,15,235
2017-09-30,0.87,15,229
2017-05-18,38.1,15,227
2017-05-28,37.0,15,225
2017-07-30,20.7,15,226
2017-09-28,16.5,15,228
2017-05-20,19.1,14,132
2017-08-16,3.25,14,131
2017-10-02,2.15,14,130
2017-05-12,16.8,14,67
2017-05-25,20.4,14,64
2017-08-30,7.04,14,63
2017-09-29,5.59,14,65
2017-10-02,5.02,14,66
2017-05-18,1700.0,9,204
2017-05-28,1700.0,9,203
2017-07-30,953.0,9,202
2017-05-20,241.0,15,9
2017-05-25,243.0,15,8
2017-08-30,61.5,15,10
2017-09-19,53.7,15,7
2017-09-29,55.8,15,6
2017-10-02,48.5,15,5
2017-05-01,11.9,8,172
2017-05-19,9.43,8,173
2017-09-11,9.28,8,171
2017-09-28,12.6,8,170
2017-10-01,8.6,8,168
2017-10-16,7.61,8,169
2017-05-18,0.52,7,168
2017-05-28,0.49,7,167
2017-07-30,0.3,7,166
2017-09-28,0.23,7,169
2017-05-18,1.08,15,137
2017-05-28,0.93,15,136
2017-05-28,3.94,4,134
2017-08-01,2.87,4,135
2017-05-28,4.04,4,137
2017-08-01,3.15,4,138
2017-08-03,0.63,11,221
2017-10-02,0.26,11,222
2017-10-17,0.26,11,220
2017-05-28,4.32,5,38
2017-08-01,6.3,5,39
2017-07-30,0.45,7,70
2017-08-29,0.27,7,71
2017-05-28,12.5,9,77
2017-08-01,1.76,9,78
2017-06-01,2.4,12,195
2017-07-31,3.8,12,193
2017-08-03,1.25,12,194
2017-08-30,1.24,12,192
2017-09-09,1.47,12,190
2017-09-29,1.47,12,197
2017-10-02,0.5,12,196
2017-10-17,0.46,12,191
2017-05-19,2.24,8,53
2017-08-29,1.63,8,54
2017-10-01,2.7,8,51
2017-10-16,1.6,8,52
2017-05-28,0.6,10,68
2017-08-01,0.86,10,69
2017-08-16,0.86,10,72
2017-10-02,0.47,10,67
2017-11-04,0.48,10,71
2017-05-19,12.2,8,42
2017-05-27,13.9,8,41
2017-08-30,14.2,8,39
2017-10-16,20.3,8,40
2017-05-28,4.7,16,235
2017-08-16,0.93,16,234
2017-09-30,1.23,16,233
2017-05-28,0.78,4,85
2017-08-01,0.53,4,87
2017-08-03,39.1,11,66
2017-08-16,0.41,4,88
2017-10-02,20.0,11,65
2017-05-01,3.38,16,119
2017-07-30,1.37,16,123
2017-08-09,1.48,16,120
2017-08-29,1.94,16,122
2017-09-28,4.7,16,121
2017-10-17,0.36,11,210
2017-05-20,4.13,12,200
2017-06-01,3.22,12,205
2017-07-31,1.22,12,203
2017-08-03,0.95,12,204
2017-08-30,0.8,12,201
2017-09-09,4.02,12,198
2017-10-02,0.5,12,202
2017-10-17,0.26,12,199
2017-05-18,0.67,7,172
2017-05-28,0.82,7,171
2017-07-30,0.71,7,170
2017-09-28,0.46,7,173
2017-05-28,0.59,7,26
2017-06-20,0.9,7,27
2017-07-30,0.42,7,25
2017-08-01,0.41,7,24
2017-08-16,0.39,7,28
2017-09-28,0.33,7,23
2017-05-19,288.0,6,224
2017-07-30,165.0,6,223
2017-10-01,225.0,6,221
2017-10-16,219.0,6,222
2017-05-01,8.79,5,31
2017-05-11,5.65,5,30
2017-06-20,3.9,5,28
2017-07-30,2.89,5,29
2017-08-29,2.86,5,32
2017-05-19,88.4,7,164
2017-07-30,57.4,7,165
2017-08-29,46.2,7,162
2017-09-11,54.6,7,163
2017-10-01,98.4,7,160
2017-10-16,80.6,7,161
2017-05-27,636.0,4,46
2017-10-16,362.0,4,45
2017-08-30,0.86,15,20
2017-09-09,0.84,15,21
2017-09-29,0.76,15,22
2017-05-28,1.78,9,216
2017-08-01,0.64,9,215
2017-08-16,0.56,9,218
2017-05-18,7.31,6,248
2017-05-28,6.75,6,247
2017-05-01,8.22,8,155
2017-05-19,7.01,8,159
2017-05-26,5.99,8,157
2017-08-29,4.72,8,158
2017-09-28,11.3,8,156
2017-10-01,6.01,8,153
2017-10-16,4.8,8,154
2017-05-11,2.51,4,130
2017-05-28,2.08,4,125
2017-06-20,2.94,4,129
2017-07-30,1.61,4,124
2017-08-01,1.57,4,126
2017-08-16,1.51,4,128
2017-05-20,3.98,11,230
2017-06-01,3.3,11,228
2017-06-21,8.57,11,227
2017-08-30,0.93,11,229
2017-09-09,0.75,11,231
2017-09-29,0.98,11,232
2017-10-02,0.56,11,233
2017-05-25,2.05,14,56
2017-09-29,0.27,14,57
2017-10-02,0.25,14,58
2017-05-18,1890.0,9,211
2017-05-28,1810.0,9,210
2017-07-30,992.0,9,209
2017-10-02,8.18,11,124
2017-05-18,1.36,7,9
2017-05-28,1.02,7,7
2017-07-30,0.32,7,8
2017-09-28,0.21,7,10
2017-05-19,35.1,6,131
2017-10-16,14.7,6,130
2017-05-18,625.0,9,156
2017-05-28,806.0,9,153
2017-08-01,465.0,9,155
2017-08-16,327.0,9,152
2017-08-26,327.0,9,157
2017-09-30,267.0,9,151
2017-10-02,242.0,9,149
2017-10-17,198.0,9,150
2017-05-01,5.0,7,185
2017-05-19,5.51,7,182
2017-08-29,2.78,7,184
2017-09-28,3.1,7,183
2017-10-01,3.22,7,180
2017-10-16,3.4,7,181
2017-05-25,1.89,14,94
2017-08-30,0.55,14,91
2017-09-29,1.2,14,92
2017-10-02,0.58,14,93
2017-05-20,16.3,12,226
2017-06-01,12.0,12,225
2017-06-21,7.85,12,222
2017-07-31,6.09,12,224
2017-08-30,4.48,12,223
2017-09-09,4.58,12,219
2017-09-29,4.15,12,227
2017-10-02,3.92,12,220
2017-10-17,3.37,12,221
2017-06-21,1.31,12,82
2017-07-31,2.0,12,83
2017-08-30,2.01,12,84
2017-10-02,0.46,12,81
2017-10-19,0.42,12,85
2017-05-01,3.95,15,203
2017-05-18,1.9,15,202
2017-05-28,2.28,15,199
2017-07-30,1.25,15,198
2017-08-09,1.19,15,201
2017-08-16,1.25,15,200
2017-08-29,1.34,15,204
2017-09-30,0.99,15,197
2017-05-11,1.57,6,115
2017-05-19,1.38,6,113
2017-07-30,0.37,6,114
2017-08-29,0.29,6,116
2017-10-16,0.62,6,112
2017-07-31,2.38,12,187
2017-08-03,0.33,12,186
2017-08-30,0.28,12,185
2017-09-09,0.19,12,183
2017-09-29,0.16,12,189
2017-10-02,0.11,12,188
2017-10-17,0.13,12,184
2017-05-28,0.87,4,66
2017-08-01,0.34,4,65
2017-08-03,0.3,4,68
2017-08-08,0.32,4,64
2017-08-16,0.51,4,69
2017-10-02,0.29,4,63
2017-11-04,1.17,4,70
2017-05-28,1.9,17,18
2017-05-28,0.44,17,22
2017-08-03,0.5,17,21
2017-08-03,0.31,17,25
2017-10-02,0.24,17,20
2017-10-02,0.26,17,24
2017-10-02,0.98,15,73
2017-10-17,0.65,15,74
2017-05-28,150.0,9,121
2017-08-01,85.3,9,123
2017-08-11,59.3,9,124
2017-10-02,45.8,9,125
2017-11-04,61.0,9,120
2017-10-02,0.59,11,123
2017-05-19,0.44,6,41
2017-07-30,0.11,6,42
2017-08-29,0.1,6,44
2017-09-28,0.24,6,43
2017-10-16,0.08,6,40
2017-05-25,8.84,17,8
2017-08-30,5.28,17,5
2017-09-29,4.51,17,6
2017-10-02,4.28,17,7
2017-05-18,3.57,13,178
2017-05-28,4.14,13,179
2017-08-01,1.78,13,176
2017-08-16,0.9,13,177
2017-10-02,0.41,13,180
2017-05-11,7.62,5,92
2017-07-30,3.79,5,91
2017-08-29,4.48,5,93
2017-09-28,5.35,5,94
2017-05-11,0.65,4,174
2017-05-18,0.56,4,173
2017-05-28,0.55,4,168
2017-06-20,0.71,4,172
2017-07-30,0.81,4,170
2017-08-01,0.48,4,169
2017-08-29,0.42,4,171
2017-05-20,112.0,12,15
2017-08-30,43.1,12,16
2017-09-09,72.6,12,12
2017-10-02,22.5,12,13
2017-10-17,25.5,12,14
2017-08-30,1.36,11,219
2017-09-09,1.58,11,217
2017-10-17,0.71,11,218
2017-05-28,18.1,9,81
2017-08-01,3.29,9,84
2017-08-08,2.74,9,82
2017-08-16,2.59,9,85
2017-10-02,6.21,9,80
2017-05-19,6.6,6,52
2017-05-19,17.9,5,247
2017-10-16,1.82,6,51
2017-10-16,6.62,5,246
2017-05-28,18.0,10,33
2017-08-01,14.6,10,35
2017-08-08,12.6,10,36
2017-08-16,13.8,10,37
2017-10-02,9.8,10,32
2017-05-28,0.89,10,164
2017-08-01,0.33,10,162
2017-08-11,0.32,10,161
2017-10-02,0.19,10,165
2017-11-04,1.0,10,160
2017-05-11,2.59,5,81
2017-05-21,2.56,5,77
2017-07-30,1.2,5,78
2017-08-29,0.73,5,79
2017-09-28,0.56,5,80
2017-05-25,3.92,16,231
2017-05-28,3.25,16,230
2017-08-16,0.58,16,229
2017-09-30,0.84,16,228
2017-10-02,0.69,16,232
2017-05-01,8.28,16,160
2017-05-18,6.33,16,158
2017-05-28,6.04,16,161
2017-07-30,2.98,16,162
2017-08-09,3.07,16,156
2017-08-16,3.0,16,157
2017-08-29,2.74,16,159
2017-09-30,2.8,16,155
2017-06-21,3.01,12,77
2017-07-04,7.22,12,78
2017-07-31,1.54,12,74
2017-08-03,0.88,12,79
2017-08-30,2.15,12,75
2017-09-29,1.54,12,76
2017-10-02,0.72,12,72
2017-10-19,0.58,12,80
2017-11-06,1.6,12,73
2017-05-28,1.85,10,123
2017-08-01,0.21,10,122
2017-08-08,0.19,10,121
2017-08-16,0.36,10,125
2017-10-02,0.16,10,120
2017-11-04,0.83,10,126
2017-05-19,3.49,5,237
2017-10-16,0.79,5,236
2017-05-01,0.95,4,158
2017-05-11,0.76,4,157
2017-05-28,0.63,4,151
2017-06-20,0.89,4,156
2017-07-30,0.36,4,154
2017-08-01,0.35,4,152
2017-08-16,0.24,4,155
2017-05-28,3.41,5,50
2017-07-30,1.07,5,52
2017-08-01,1.14,5,51
2017-09-28,0.96,5,53
2017-05-25,5.71,14,103
2017-08-30,1.32,14,102
2017-10-02,1.22,14,104
2017-05-28,274.0,9,127
2017-08-01,166.0,9,129
2017-10-02,78.7,9,130
2017-11-04,103.0,9,126
2017-05-28,4.16,10,239
2017-08-01,2.09,10,237
2017-08-11,2.33,10,236
2017-10-02,1.88,10,240
2017-11-04,12.9,10,235
2017-05-20,3.58,13,29
2017-10-02,0.7,13,30
2017-05-18,1550.0,9,194
2017-05-28,1700.0,9,195
2017-08-16,548.0,9,193
2017-09-30,468.0,9,192
2017-05-18,6.17,15,148
2017-05-20,6.73,15,145
2017-05-25,6.51,15,149
2017-05-28,5.64,15,146
2017-08-16,2.88,15,147
2017-09-30,2.96,15,142
2017-10-02,2.91,15,143
2017-10-17,2.28,15,144
2017-05-25,0.69,16,243
2017-05-28,0.63,16,242
2017-09-30,0.47,16,240
2017-10-02,0.38,16,241
2017-08-03,2.92,11,205
2017-10-02,3.64,11,206
2017-10-17,2.78,11,204
2017-05-18,1.08,15,168
2017-05-28,1.19,15,166
2017-07-10,1.12,15,169
2017-07-30,0.45,15,165
2017-09-28,0.49,15,167
2017-05-28,0.31,4,133
2017-08-01,0.31,4,131
2017-05-28,11.8,4,219
2017-08-01,10.7,4,218
2017-05-18,3.63,13,195
2017-05-28,3.34,13,194
2017-08-01,1.8,13,192
2017-08-16,1.47,13,193
2017-10-02,0.72,13,196
2017-05-20,237.0,9,136
2017-08-03,230.0,9,135
2017-05-28,3.05,11,48
2017-08-03,4.8,11,50
2017-10-02,2.18,11,47
2017-05-19,3.14,7,66
2017-07-30,0.52,7,67
2017-08-29,0.61,7,68
2017-09-28,1.29,7,69
2017-10-01,2.03,7,64
2017-10-16,6.63,7,65
2017-05-20,1.83,11,226
2017-05-11,8.01,5,194
2017-07-30,0.49,5,193
2017-09-28,0.84,5,195
2017-05-01,14.0,8,120
2017-05-19,10.4,8,118
2017-09-11,8.23,8,122
2017-09-28,12.8,8,119
2017-10-01,8.67,8,116
2017-10-16,6.7,8,117
2017-11-07,14.0,8,121
2017-05-19,1.22,8,98
2017-05-26,1.26,8,99
2017-10-01,0.91,8,100
2017-10-16,0.76,8,101
2017-05-19,7.24,7,60
2017-07-30,1.09,7,61
2017-10-01,0.71,7,58
2017-10-16,1.12,7,59
2017-05-18,3.78,7,13
2017-05-28,3.47,7,12
2017-07-30,1.81,7,11
2017-09-28,1.63,7,14
2017-05-28,1.22,11,72
2017-08-03,2.95,11,74
2017-10-02,1.22,11,71
2017-10-02,22.8,13,58
2017-10-17,17.5,13,59
2017-05-19,15.1,7,85
2017-07-30,5.92,7,86
2017-10-01,11.7,7,83
2017-10-16,15.1,7,84
2017-05-11,0.28,6,38
2017-05-19,0.23,6,36
2017-05-21,0.33,6,39
2017-08-29,0.18,6,37
2017-10-16,0.24,6,35
2017-08-03,9.14,11,193
2017-10-02,5.03,11,194
2017-10-17,4.94,11,192
2017-05-11,4.29,5,86
2017-07-30,2.9,5,87
2017-08-29,2.29,5,88
2017-05-18,9.67,14,231
2017-05-20,10.8,14,228
2017-05-25,11.4,14,232
2017-05-28,8.72,14,230
2017-08-16,1.63,14,229
2017-10-02,3.46,14,227
2017-08-30,7.45,13,49
2017-10-02,7.09,13,48
2017-05-18,1.67,7,49
2017-05-28,1.38,7,47
2017-07-30,0.31,7,48
2017-09-28,0.61,7,50
2017-05-01,3.34,8,148
2017-05-19,3.1,8,149
2017-09-11,3.86,8,151
2017-09-28,4.39,8,150
2017-10-01,2.63,8,146
2017-10-16,2.37,8,147
2017-11-07,7.23,8,152
2017-05-01,16.3,16,59
2017-05-18,8.99,16,57
2017-05-28,13.1,16,56
2017-07-30,9.78,16,55
2017-09-28,13.7,16,58
2017-07-31,0.71,11,186
2017-08-03,0.48,11,187
2017-08-30,0.34,11,184
2017-09-29,0.5,11,185
2017-10-02,0.28,11,183
2017-10-19,1.32,11,188
2017-05-28,0.78,6,167
2017-08-01,0.81,6,166
2017-08-16,0.63,6,168
2017-10-02,0.4,6,165
2017-05-01,0.81,8,195
2017-05-19,0.63,8,194
2017-08-29,0.3,8,196
2017-09-11,0.94,8,197
2017-09-28,0.63,8,198
2017-10-01,0.41,8,192
2017-10-16,0.32,8,193
2017-05-01,6.71,16,175
2017-05-18,2.76,16,173
2017-05-28,2.7,16,171
2017-07-30,0.81,16,177
2017-08-09,0.95,16,174
2017-08-16,0.74,16,172
2017-08-29,0.5,16,176
2017-08-30,1.1,12,156
2017-09-09,1.42,12,154
2017-09-30,2.78,16,170
2017-10-17,0.99,12,155
2017-05-28,32.4,11,62
2017-07-04,1.08,17,17
2017-07-31,2.07,17,13
2017-08-03,32.9,11,64
2017-08-30,1.28,17,16
2017-10-02,19.1,11,61
2017-10-02,0.53,17,14
2017-11-06,1.67,17,15
2017-05-20,6.17,12,109
2017-07-31,2.89,12,110
2017-08-30,1.53,12,108
2017-09-09,2.74,12,105
2017-10-02,0.74,12,106
2017-10-17,0.63,12,107
2017-05-18,6.24,15,156
2017-05-20,9.03,15,154
2017-05-25,7.1,15,157
2017-05-28,4.98,15,153
2017-08-16,1.42,15,155
2017-09-30,1.9,15,150
2017-10-02,1.99,15,151
2017-10-17,1.48,15,152
2017-05-18,10.8,14,208
2017-05-20,11.9,14,207
2017-05-28,11.1,14,206
2017-08-16,3.32,14,205
2017-09-30,3.47,14,203
2017-10-02,3.33,14,204
2017-05-28,3.51,4,184
2017-08-01,2.97,4,185
2017-08-16,1.65,4,186
2017-11-04,1.39,4,187
2017-07-21,23.3,14,241
2017-07-31,30.4,14,239
2017-08-30,10.6,14,238
2017-09-09,11.4,14,237
2017-09-29,9.32,14,240
2017-08-30,0.78,13,64
2017-09-09,0.88,13,65
2017-09-29,0.66,13,66
2017-10-02,0.61,13,63
2017-05-28,0.43,11,21
2017-08-01,0.43,11,17
2017-08-11,0.37,11,18
2017-10-02,0.41,11,22
2017-11-04,3.34,11,19
2017-08-30,43.5,15,1
2017-09-29,36.8,15,2
2017-10-02,35.4,15,0
2017-05-28,0.86,5,55
2017-06-20,1.17,5,59
2017-07-30,0.33,5,54
2017-08-01,0.42,5,56
2017-08-16,0.42,5,57
2017-09-28,0.41,5,58
2017-05-19,63.3,7,153
2017-07-30,38.7,7,152
2017-09-11,35.3,7,154
2017-10-01,67.6,7,150
2017-10-16,56.5,7,151
2017-05-28,64.9,4,7
2017-05-28,7.4,5,111
2017-08-01,42.4,4,9
2017-08-01,2.19,5,112
2017-08-16,21.8,4,10
2017-05-20,9.93,14,113
2017-05-28,9.67,14,114
2017-07-27,1.76,14,115
2017-08-16,1.56,14,112
2017-10-02,1.82,14,111
2017-05-11,0.91,9,39
2017-06-20,0.35,9,38
2017-05-28,7.77,6,230
2017-08-01,4.61,6,229
2017-08-16,3.47,6,228
2017-05-25,2.22,14,77
2017-10-02,0.55,14,76
2017-05-19,0.8,8,70
2017-10-01,1.66,8,68
2017-10-16,0.58,8,69
2017-05-01,6.71,15,249
2017-05-18,5.83,15,248
2017-05-28,6.01,15,246
2017-07-30,3.68,15,245
2017-08-09,3.27,15,244
2017-08-29,2.92,15,247
2017-09-30,2.92,15,243
2017-05-20,5.55,13,9
2017-10-02,2.05,13,10
2017-05-28,1.27,7,42
2017-06-20,1.18,7,45
2017-07-30,0.52,7,44
2017-08-01,0.55,7,43
2017-08-16,0.37,7,46
2017-09-28,0.54,7,41
2017-05-28,0.47,10,40
2017-06-09,0.64,10,39
2017-08-01,0.2,10,41
2017-08-08,0.1,10,44
2017-08-16,0.17,10,43
2017-10-02,0.07,10,38
2017-10-12,0.034,10,45
2017-11-04,0.18,10,46
2017-05-18,2.79,15,124
2017-05-28,2.06,15,122
2017-07-30,0.87,15,123
2017-05-18,2.25,16,130
2017-05-28,2.49,16,131
2017-07-30,1.76,16,132
2017-05-01,1.35,8,110
2017-05-19,0.8,8,111
2017-08-29,0.37,8,114
2017-09-11,0.49,8,113
2017-09-28,0.96,8,112
2017-10-01,0.82,8,108
2017-10-16,0.41,8,109
2017-11-07,1.8,8,115
2017-05-01,2.94,5,8
2017-05-11,2.83,5,9
2017-05-18,2.87,5,7
2017-05-28,2.82,5,1
2017-06-20,3.36,5,5
2017-07-30,7.68,5,3
2017-08-01,4.0,5,2
2017-08-29,1.6,5,4
2017-09-28,1.97,5,6
2017-05-28,8.04,4,140
2017-07-30,6.16,4,141
2017-08-01,5.45,4,142
2017-05-18,2.62,13,124
2017-05-28,2.08,13,131
2017-10-02,0.78,13,126
2017-10-17,0.75,13,127
2017-06-21,26.2,11,247
2017-07-31,34.2,11,245
2017-08-30,28.2,11,246
2017-10-02,15.0,11,244
2017-05-11,8.5,6,87
2017-05-19,8.3,6,84
2017-05-21,7.8,6,86
2017-07-30,3.3,6,85
2017-08-29,0.9,6,88
2017-09-28,5.4,6,89
2017-10-16,2.3,6,83
2017-05-20,123.0,12,23
2017-06-01,104.0,12,21
2017-07-31,61.8,12,20
2017-08-30,50.3,12,22
2017-09-09,78.1,12,17
2017-09-29,34.3,12,24
2017-10-02,25.6,12,18
2017-10-17,28.5,12,19
2017-05-19,7.11,8,247
2017-10-01,6.19,8,245
2017-10-16,5.08,8,246
2017-05-28,1.82,6,170
2017-08-01,1.57,6,169
2017-08-16,0.98,6,171
2017-05-18,3.87,15,241
2017-05-28,3.83,15,240
2017-07-30,2.61,15,239
2017-08-16,2.01,15,242
2017-09-30,1.78,15,238
2017-05-18,1.03,15,189
2017-05-28,1.1,15,190
2017-07-30,0.61,15,191
2017-05-01,2.96,16,67
2017-05-18,3.8,16,65
2017-05-28,3.61,16,66
2017-07-30,1.82,16,64
2017-09-28,1.01,16,68
2017-05-11,0.16,5,83
2017-05-21,2.36,5,82
2017-08-29,0.32,5,85
2017-09-28,0.88,5,84
2017-06-21,21.6,13,55
2017-07-31,22.2,13,54
2017-08-30,15.4,13,57
2017-09-29,14.3,13,56
2017-10-02,14.1,13,53
2017-05-18,5.07,15,108
2017-05-20,5.18,15,105
2017-05-28,3.97,15,106
2017-08-16,0.8,15,107
2017-09-30,0.75,15,103
2017-10-02,0.63,15,104
2017-05-11,0.87,5,203
2017-05-19,0.36,5,204
2017-10-01,0.19,5,202
2017-10-16,0.36,5,200
2017-05-28,0.65,11,15
2017-08-01,0.37,11,13
2017-08-11,0.33,11,12
2017-10-02,0.27,11,16
2017-11-04,0.74,11,11
2017-05-20,3.61,13,83
2017-08-30,2.77,13,84
2017-10-02,2.4,13,82
2017-05-28,1.13,11,76
2017-05-28,1.45,11,80
2017-08-03,0.4,11,78
2017-08-03,1.23,11,82
2017-10-02,1.35,11,75
2017-10-02,0.43,11,79
2017-08-03,0.43,11,120
2017-10-02,2.92,11,119
2017-08-03,11.8,11,196
2017-10-17,6.82,11,195
2017-05-28,5.87,10,22
2017-08-01,1.8,10,25
2017-08-08,2.01,10,23
2017-08-16,1.54,10,26
2017-10-02,1.26,10,21
2017-05-28,3.54,6,246
2017-05-28,12.2,4,77
2017-08-01,8.23,4,80
2017-08-16,7.12,4,79
2017-05-11,7.62,5,177
2017-05-28,5.29,5,176
2017-07-30,1.47,5,175
2017-09-28,0.95,5,178
2017-05-28,1.84,10,150
2017-08-01,0.53,10,148
2017-08-08,0.43,10,147
2017-08-16,0.46,10,151
2017-10-02,0.39,10,146
2017-11-04,1.71,10,152
2017-05-19,5.48,8,57
2017-10-01,8.09,8,55
2017-10-16,4.2,8,56
2017-05-18,17.2,15,71
2017-05-20,18.1,15,72
2017-05-25,23.5,15,70
2017-05-28,18.3,15,69
2017-08-16,3.25,15,68
2017-10-02,4.04,15,67
2017-05-28,1.78,10,141
2017-08-01,0.47,10,143
2017-08-08,0.65,10,144
2017-08-16,0.4,10,145
2017-10-02,0.35,10,140
2017-05-11,2.1,6,32
2017-05-19,1.9,6,29
2017-07-30,1.68,6,34
2017-08-29,1.15,6,30
2017-09-28,2.12,6,33
2017-10-01,1.06,6,31
2017-10-16,1.13,6,28
2017-05-20,27.5,15,129
2017-05-28,19.5,15,128
2017-09-30,4.28,15,125
2017-10-02,2.98,15,126
2017-10-17,3.2,15,127
2017-05-01,43.3,16,168
2017-05-11,15.6,6,99
2017-05-19,16.4,6,101
2017-05-28,19.1,16,164
2017-07-07,16.3,16,169
2017-07-30,4.68,6,97
2017-07-30,8.29,16,166
2017-08-16,7.41,16,165
2017-08-29,3.96,6,96
2017-08-29,5.92,16,167
2017-09-28,13.5,6,100
2017-09-30,12.8,16,163
2017-10-01,6.62,6,98
2017-10-16,5.95,6,95
2017-05-01,5.47,8,218
2017-05-19,4.55,8,217
2017-08-29,2.85,8,219
2017-09-11,3.86,8,220
2017-09-28,4.81,8,221
2017-10-01,4.24,8,215
2017-10-16,4.39,8,216
2017-05-28,1.89,11,98
2017-10-02,2.6,11,96
2017-05-18,0.05,7,115
2017-05-28,0.04,7,116
2017-07-10,0.16,7,119
2017-07-30,0.09,7,117
2017-09-28,0.09,7,118
2017-05-19,1.44,6,164
2017-10-16,1.3,6,163
2017-05-20,14.4,14,235
2017-08-16,2.73,14,236
2017-09-30,4.68,14,233
2017-10-02,4.91,14,234
2017-05-11,138.0,4,20
2017-07-30,86.6,4,19
2017-08-30,7.17,15,36
2017-09-29,5.03,15,35
2017-10-02,4.65,15,34
2017-05-20,4.33,14,129
2017-05-28,4.42,14,127
2017-08-16,1.41,14,128
2017-10-02,0.84,14,126
2017-05-18,280.0,15,13
2017-05-20,277.0,15,15
2017-05-25,275.0,15,16
2017-05-28,273.0,15,12
2017-08-16,66.3,15,14
2017-10-02,53.4,15,11
2017-08-30,1.71,13,37
2017-09-09,1.84,13,39
2017-10-02,1.63,13,38
2017-05-18,2.45,11,165
2017-05-18,2.13,13,0
2017-05-20,4.09,12,248
2017-05-28,2.72,11,164
2017-05-28,1.83,12,249
2017-08-01,4.04,11,159
2017-08-01,1.76,12,245
2017-08-11,3.54,11,160
2017-08-16,3.32,11,163
2017-08-16,1.41,12,246
2017-10-02,1.22,13,1
2017-11-04,2.12,11,162
2017-05-25,22.2,16,227
2017-05-28,18.7,16,224
2017-08-16,7.46,16,225
2017-09-30,5.2,16,223
2017-10-02,5.1,16,226
2017-10-17,10.1,11,200
2017-05-19,3.25,8,20
2017-07-30,1.45,8,18
2017-08-29,1.86,8,21
2017-09-11,2.33,8,19
2017-10-01,4.19,8,16
2017-10-16,4.15,8,17
2017-05-01,2.33,4,210
2017-05-11,1.01,4,212
2017-05-18,1.92,4,209
2017-05-28,0.6,4,205
2017-06-20,0.72,4,207
2017-07-30,0.28,4,208
2017-08-01,0.25,4,206
2017-09-28,0.53,4,211
2017-05-19,1.16,7,114
2017-07-30,0.56,7,113
2017-10-01,0.86,7,111
2017-10-16,0.8,7,112
2017-10-02,0.58,13,132
2017-10-17,0.31,13,133
2017-05-20,4.92,14,177
2017-05-25,4.99,14,179
2017-05-28,4.92,14,178
2017-08-16,1.56,14,175
2017-10-02,1.13,14,176
2017-05-28,0.7,9,228
2017-08-01,0.26,9,229
2017-08-08,0.23,9,230
2017-10-02,0.07,9,227
2017-05-01,4.19,8,238
2017-05-19,2.02,8,239
2017-07-13,1.29,8,243
2017-07-30,0.6,8,242
2017-08-09,0.7,8,241
2017-08-29,0.61,8,244
2017-09-28,2.5,8,240
2017-10-01,2.19,8,236
2017-10-16,1.18,8,237
2017-05-28,5.0,7,31
2017-06-20,5.84,7,33
2017-07-30,2.07,7,30
2017-08-01,2.48,7,32
2017-08-16,2.0,7,34
2017-09-28,3.36,7,29
2017-05-11,5.44,6,73
2017-05-11,1.61,6,105
2017-05-19,6.67,6,72
2017-05-19,1.84,6,103
2017-05-21,7.99,6,76
2017-05-21,2.01,6,107
2017-07-30,0.89,6,74
2017-07-30,0.22,6,104
2017-08-29,0.77,6,75
2017-08-29,0.29,6,106
2017-10-01,0.87,6,77
2017-10-01,0.32,6,108
2017-10-16,0.73,6,71
2017-10-16,0.27,6,102
2017-05-28,0.43,9,238
2017-08-01,0.26,9,239
2017-08-16,0.29,9,237
2017-06-21,0.95,13,105
2017-07-31,0.55,13,104
2017-08-30,0.31,13,107
2017-09-09,0.27,13,106
2017-10-02,0.27,13,102
2017-10-17,0.26,13,103
2017-05-18,1.93,11,128
2017-05-28,2.47,11,127
2017-08-01,2.21,11,126
2017-08-16,1.37,11,129
2017-10-02,0.52,11,130
2017-05-20,0.95,11,178
2017-10-02,0.3,11,179
2017-05-20,1310.0,9,174
2017-05-25,1400.0,9,177
2017-05-28,1570.0,9,176
2017-08-16,475.0,9,175
2017-09-30,437.0,9,172
2017-10-02,384.0,9,173
2017-08-01,1.16,11,149
2017-05-19,1.48,8,45
2017-09-11,1.79,8,46
2017-10-01,6.38,8,43
2017-10-16,2.63,8,44
2017-07-30,2.4,7,63
2017-10-16,4.85,7,62
2017-07-30,0.98,5,95
2017-09-28,1.87,16,43
2017-05-28,7.76,6,174
2017-08-01,4.44,6,175
2017-08-16,4.23,6,176
2017-05-28,1.88,10,233
2017-05-28,2.68,11,10
2017-08-01,0.85,10,230
2017-08-01,0.85,11,7
2017-08-11,0.86,10,231
2017-08-11,1.05,11,8
2017-10-02,0.88,10,234
2017-11-04,2.92,10,229
2017-11-04,8.27,11,6
2017-08-03,20.2,11,114
2017-10-02,8.91,11,113
2017-08-03,22.3,11,116
2017-10-02,10.3,11,115
2017-05-20,3.31,14,192
2017-05-28,2.25,14,195
2017-08-16,0.42,14,193
2017-10-02,0.33,14,194
2017-10-16,1.29,8,28
2017-05-19,3.07,7,215
2017-08-29,1.74,7,214
2017-10-01,2.08,7,212
2017-10-16,2.29,7,213
2017-11-07,2.41,7,216
2017-05-28,1.05,10,56
2017-08-01,1.14,10,57
2017-05-12,22.9,13,240
2017-08-30,5.14,13,241
2017-09-29,4.56,13,242
2017-10-02,4.49,13,243
2017-05-12,9.19,14,42
2017-05-25,6.52,14,45
2017-08-30,1.17,14,41
2017-09-29,1.41,14,44
2017-10-02,1.59,14,43
2017-05-28,0.92,4,97
2017-06-20,0.7,4,100
2017-08-01,0.3,4,98
2017-08-16,0.18,4,101
2017-05-28,2.94,6,234
2017-06-20,2.96,6,232
2017-07-30,1.17,6,235
2017-08-01,1.22,6,236
2017-08-16,1.35,6,233
2017-09-28,1.46,6,231
2017-05-28,2.37,11,105
2017-08-03,0.89,11,106
2017-10-02,0.74,11,103
2017-08-30,3.54,13,41
2017-09-09,3.69,13,42
2017-09-29,3.57,13,43
2017-10-02,3.44,13,40
2017-05-28,0.65,5,47
2017-07-30,0.37,5,49
2017-08-01,0.37,5,48
2017-05-20,7.68,12,115
2017-06-01,5.6,12,117
2017-07-31,3.51,12,116
2017-08-30,0.98,12,114
2017-09-09,1.1,12,111
2017-09-29,1.07,12,118
2017-10-02,0.99,12,112
2017-10-17,0.98,12,113
2017-05-20,1.68,13,20
2017-10-02,0.43,13,21
2017-05-20,174.0,12,37
2017-06-01,144.0,12,39
2017-06-21,120.0,12,38
2017-08-03,93.1,12,40
2017-08-30,72.8,12,36
2017-09-09,90.9,12,34
2017-10-02,40.8,12,41
2017-10-17,44.6,12,35
2017-05-28,6.06,10,80
2017-08-01,5.86,10,79
2017-08-08,4.8,10,78
2017-10-02,4.15,10,77
2017-05-28,1.31,6,225
2017-08-01,0.8,6,226
2017-08-16,0.55,6,227
2017-05-18,2.1,7,124
2017-05-28,1.41,7,123
2017-07-10,3.09,7,122
2017-07-30,1.17,7,121
2017-09-28,1.15,7,120
2017-05-19,169.0,4,30
2017-10-16,94.0,4,29
2017-05-28,93.9,6,200
2017-07-30,55.5,6,199
2017-09-28,49.2,6,201
2017-05-19,86.3,7,158
2017-07-30,58.0,7,157
2017-09-11,58.6,7,159
2017-10-01,99.8,7,155
2017-10-16,83.0,7,156
2017-05-18,5.78,15,64
2017-05-20,5.72,15,60
2017-05-25,7.04,15,62
2017-05-28,5.23,15,63
2017-08-16,0.63,15,61
2017-10-02,0.47,15,59
2017-05-18,59.5,13,170
2017-05-20,63.0,13,168
2017-05-28,61.4,13,167
2017-08-16,20.8,13,169
2017-09-30,15.3,13,164
2017-10-02,14.0,13,165
2017-10-17,13.2,13,166
2017-05-18,26.0,15,221
2017-05-28,24.8,15,220
2017-07-30,12.3,15,218
2017-09-30,8.49,15,219
2017-05-01,8.29,16,149
2017-05-28,2.48,16,147
2017-07-30,0.22,16,150
2017-08-16,0.17,16,148
2017-09-30,3.24,16,146
2017-05-11,13.2,6,93
2017-05-19,13.5,6,91
2017-07-30,3.9,6,92
2017-08-29,2.15,6,94
2017-10-16,3.71,6,90
2017-05-18,245.0,14,28
2017-05-20,237.0,14,25
2017-05-25,229.0,14,24
2017-05-28,217.0,14,23
2017-07-27,126.0,14,27
2017-08-16,65.9,14,26
2017-10-02,64.3,14,22
2017-06-21,0.29,12,178
2017-07-31,0.64,12,179
2017-08-03,0.16,12,182
2017-08-30,0.06,12,177
2017-09-29,0.044,12,180
2017-10-02,0.037,12,176
2017-10-19,0.042,12,181
2017-08-30,1.08,14,59
2017-10-02,0.76,14,60
2017-10-02,34.2,11,67
2017-10-02,4.93,11,121
2017-10-02,0.35,11,122
2017-05-28,6.5,11,52
2017-10-02,3.81,11,51
2017-05-28,11.4,11,55
2017-10-02,8.77,11,54
2017-05-28,14.2,4,229
2017-08-01,24.9,4,230
2017-05-19,148.0,6,208
2017-07-30,70.3,6,207
2017-10-01,70.9,6,205
2017-10-16,82.9,6,206
2017-05-11,0.2,7,109
2017-05-19,0.34,7,108
2017-07-30,0.37,7,106
2017-08-29,0.43,7,110
2017-10-01,2.81,7,107
2017-10-16,2.04,7,105
2017-05-01,0.37,8,202
2017-05-19,0.28,8,201
2017-08-29,0.18,8,206
2017-09-11,0.29,8,205
2017-09-28,0.41,8,203
2017-10-01,0.32,8,200
2017-10-16,0.31,8,199
2017-11-07,0.36,8,204
2017-05-28,0.65,5,174
2017-07-30,0.21,5,173
2017-05-18,5.81,13,217
2017-05-20,7.58,13,215
2017-05-25,6.99,13,218
2017-05-28,5.87,13,214
2017-08-16,2.58,13,216
2017-09-30,1.54,13,211
2017-10-02,2.16,13,212
2017-10-17,1.97,13,213
2017-05-28,0.35,10,221
2017-08-01,0.35,10,219
2017-08-11,0.35,10,217
2017-10-02,0.36,10,222
2017-11-04,0.4,10,218
2017-05-19,0.43,7,205
2017-09-28,0.22,7,206
2017-10-01,0.34,7,203
2017-10-16,0.2,7,204
2017-05-19,2.0,8,31
2017-10-16,3.24,8,30
2017-07-31,0.51,15,28
2017-08-30,0.28,15,29
2017-09-29,0.49,15,30
2017-10-02,0.35,15,27
2017-10-02,16.1,11,248
2017-05-28,4.45,16,185
2017-09-30,2.63,16,184
2017-05-28,64.7,4,3
2017-08-01,36.2,4,6
2017-08-16,20.0,4,5
2017-05-28,2.56,5,65
2017-08-01,2.35,5,66
2017-05-28,1.33,7,51
2017-07-30,0.35,7,52
2017-09-28,0.82,7,53
2017-05-20,5.02,13,205
2017-05-28,3.72,13,206
2017-08-01,2.15,13,207
2017-09-30,1.73,13,208
2017-10-02,1.76,13,209
2017-10-17,1.74,13,210
2017-08-30,0.55,13,67
2017-09-09,0.58,13,69
2017-09-29,0.47,13,70
2017-10-02,0.51,13,68
2017-05-11,30.3,5,182
2017-05-19,19.7,5,181
2017-07-30,2.44,5,180
2017-10-01,2.5,5,183
2017-10-16,5.09,5,179
2017-05-28,4.12,10,170
2017-08-01,1.06,10,166
2017-08-11,0.86,10,167
2017-10-02,0.65,10,171
2017-11-04,3.24,10,169
2017-10-02,7.36,14,144
2017-10-02,12.2,14,88
2017-05-20,256.0,14,31
2017-08-16,71.2,14,30
2017-10-02,68.8,14,29
2017-05-11,6.53,6,142
2017-05-19,6.45,6,141
2017-05-21,10.1,6,145
2017-07-30,2.09,6,143
2017-08-29,1.67,6,140
2017-10-01,3.18,6,144
2017-10-16,2.01,6,139
2017-05-20,8.42,12,217
2017-06-01,5.84,12,215
2017-07-31,2.98,12,218
2017-08-30,2.15,12,216
2017-09-09,2.19,12,212
2017-10-02,1.77,12,213
2017-10-17,1.63,12,214
2017-05-28,33.1,10,112
2017-08-01,5.67,10,114
2017-08-08,10.9,10,111
2017-10-02,3.91,10,110
2017-05-18,0.66,15,194
2017-05-28,0.49,15,192
2017-07-10,0.66,15,196
2017-07-30,0.18,15,193
2017-09-28,0.09,15,195
2017-10-02,0.59,13,134
2017-10-17,0.28,13,135
2017-05-18,3.15,7,127
2017-05-28,3.11,7,126
2017-07-30,5.5,7,125
2017-10-02,0.32,13,97
2017-05-18,6.42,15,181
2017-05-28,8.39,15,179
2017-07-30,2.18,15,180
2017-09-28,4.27,15,182
2017-05-01,7.38,16,140
2017-05-18,2.99,16,142
2017-05-28,3.34,16,141
2017-07-30,0.49,16,145
2017-08-09,0.55,16,144
2017-08-16,0.48,16,143
2017-09-30,2.09,16,139
2017-08-30,1.4,15,38
2017-09-29,0.88,15,39
2017-10-02,0.77,15,37
2017-05-28,4.31,10,137
2017-08-01,2.11,10,136
2017-08-16,1.96,10,138
2017-10-02,1.33,10,134
2017-11-04,15.0,10,139
2017-05-28,2.53,16,200
2017-08-16,0.42,16,199
2017-09-30,1.01,16,198
2017-05-18,4.32,13,233
2017-05-20,5.68,13,234
2017-05-28,4.3,13,230
2017-08-01,1.44,13,235
2017-08-16,1.0,13,231
2017-09-30,4.47,13,227
2017-10-02,1.81,13,228
2017-10-17,0.94,13,229
2017-05-11,11.6,5,137
2017-05-19,10.7,5,135
2017-05-21,15.1,5,138
2017-07-30,3.84,5,136
2017-08-29,3.44,5,139
2017-10-16,2.74,5,134
2017-05-18,211.0,14,21
2017-05-20,204.0,14,19
2017-05-28,188.0,14,20
2017-08-16,37.2,14,18
2017-10-02,41.9,14,17
2017-05-19,4.9,6,46
2017-07-30,1.3,6,47
2017-08-29,0.98,6,48
2017-09-28,2.11,6,50
2017-10-01,0.71,6,49
2017-10-16,0.79,6,45
2017-05-01,1.56,8,143
2017-05-19,0.86,8,142
2017-09-11,0.29,8,144
2017-09-28,1.34,8,145
2017-10-01,0.84,8,140
2017-10-16,0.32,8,141
2017-05-11,14.2,6,5
2017-05-19,9.4,6,0
2017-05-21,23.7,6,1
2017-07-30,7.4,6,4
2017-08-29,3.2,5,249
2017-09-28,12.2,6,3
2017-10-01,6.0,6,2
2017-10-16,9.3,5,248
2017-05-19,32.9,7,194
2017-07-30,21.5,7,191
2017-10-01,28.6,7,192
2017-10-16,24.5,7,193
2017-08-01,16.6,11,138
2017-08-11,13.5,11,137
2017-11-04,8.23,11,136
2017-05-20,26.9,14,157
2017-08-16,21.1,14,156
2017-10-02,13.7,14,155
2017-05-28,12.8,7,35
2017-07-30,5.47,7,36
2017-05-28,0.83,10,15
2017-06-09,1.07,10,12
2017-08-01,0.47,10,13
2017-08-16,0.28,10,16
2017-10-02,0.18,10,11
2017-09-19,5.67,13,249
2017-09-29,5.63,13,247
2017-10-02,5.1,13,245
2017-05-18,16.1,6,242
2017-05-28,15.4,6,244
2017-07-30,8.95,6,243
2017-09-28,7.06,6,245
2017-05-28,0.82,9,224
2017-08-01,0.34,9,225
2017-08-16,0.24,9,223
2017-05-01,0.88,9,10
2017-05-19,1.3,9,8
2017-08-29,0.68,9,9
2017-09-11,0.83,9,11
2017-09-28,0.92,9,12
2017-10-01,0.8,9,6
2017-10-16,0.74,9,7
2017-07-04,0.71,12,58
2017-07-31,0.97,12,54
2017-08-30,0.7,12,55
2017-10-02,0.31,12,56
2017-11-06,0.75,12,57
2017-08-03,4.17,11,177
2017-10-17,1.7,11,176
2017-05-11,331.0,4,41
2017-05-19,244.0,4,43
2017-07-30,164.0,4,42
2017-08-29,104.0,4,40
2017-10-16,139.0,4,39
2017-05-28,156.0,9,115
2017-08-01,88.8,9,118
2017-08-11,55.0,9,119
2017-10-02,39.1,9,116
2017-11-04,58.7,9,114
2017-05-28,3.08,6,173
2017-08-01,1.69,6,172
2017-05-19,9.8,6,117
2017-08-29,6.19,6,118
2017-05-28,0.72,11,94
2017-10-02,1.07,11,93
2017-08-30,3.2,15,32
2017-09-29,2.0,15,33
2017-10-02,1.81,15,31
2017-05-28,1.01,7,16
2017-07-30,0.31,7,15
2017-05-25,2.45,16,246
2017-05-28,2.28,16,245
2017-09-30,0.85,16,244
2017-10-02,0.85,16,247
2017-07-30,69.9,6,204
2017-10-16,75.3,6,203
2017-05-20,23.7,16,204
2017-05-25,28.2,16,206
2017-05-28,20.7,16,203
2017-06-14,14.0,16,202
2017-08-16,2.02,16,205
2017-09-30,2.85,16,201
2017-10-02,2.64,16,207
2017-05-20,23.4,14,135
2017-05-25,22.9,14,137
2017-05-28,21.9,14,136
2017-08-16,3.91,14,134
2017-10-02,4.56,14,133
2017-08-01,15.3,11,4
2017-08-11,7.94,11,3
2017-11-04,10.1,11,2
2017-05-28,0.96,4,166
2017-08-01,0.72,4,167
2017-05-01,2.28,16,129
2017-05-01,7.7,16,127
2017-05-28,0.07,16,128
2017-05-28,6.59,16,126
2017-05-19,5.2,7,79
2017-07-30,2.39,7,78
2017-08-29,1.48,7,82
2017-09-11,1.82,7,81
2017-09-28,2.32,7,80
2017-10-01,2.11,7,76
2017-10-16,3.92,7,77
2017-05-25,6.49,16,222
2017-05-28,6.22,16,220
2017-08-16,4.91,16,218
2017-09-30,2.51,16,219
2017-10-02,2.65,16,221
2017-05-20,26.1,14,142
2017-05-25,27.4,14,143
2017-05-28,25.5,14,140
2017-08-16,4.99,14,141
2017-10-02,5.87,14,139
2017-05-28,5.67,10,17
2017-08-01,1.23,10,18
2017-08-16,1.1,10,20
2017-05-18,12.3,13,151
2017-05-28,15.3,13,149
2017-08-01,11.7,13,148
2017-08-16,7.81,13,150
2017-05-20,95.4,12,10
2017-08-30,40.2,12,11
2017-09-09,68.6,12,7
2017-10-02,19.3,12,8
2017-10-17,21.9,12,9
2017-05-01,1.89,6,158
2017-05-11,1.92,6,155
2017-05-19,1.69,6,156
2017-07-30,0.17,6,157
2017-09-28,0.38,6,159
2017-10-16,0.19,6,153
2017-11-27,0.61,6,160
2017-05-01,37.9,6,127
2017-05-11,41.3,6,128
2017-05-19,30.5,6,125
2017-07-30,10.3,6,124
2017-08-29,8.65,6,126
2017-09-28,43.8,6,129
2017-10-16,10.8,6,123
2017-05-28,1.65,9,243
2017-08-01,0.37,9,242
2017-05-20,32.2,14,161
2017-05-28,31.2,14,159
2017-08-16,23.2,14,160
2017-10-02,16.9,14,158
2017-08-30,0.24,13,78
2017-09-09,0.23,13,80
2017-09-29,0.41,13,81
2017-10-02,0.23,13,79
2017-07-31,5.97,12,144
2017-08-03,0.9,12,148
2017-08-30,0.89,12,145
2017-09-29,0.69,12,146
2017-10-02,0.44,12,143
2017-10-19,0.59,12,147
2017-10-02,186.0,9,145
2017-10-17,163.0,9,146
2017-08-03,15.8,11,199
2017-10-02,10.5,11,198
2017-10-17,7.96,11,197
2017-05-28,46.8,9,93
2017-08-01,21.5,9,97
2017-08-08,21.5,9,94
2017-08-16,19.9,9,96
2017-10-02,17.4,9,92
2017-05-28,0.64,4,147
2017-08-01,0.4,4,149
2017-08-16,0.42,4,148
2017-05-28,64.8,6,198
2017-07-30,47.3,6,197
2017-05-28,0.89,10,223
2017-08-01,0.43,10,224
2017-08-11,0.55,10,225
2017-10-02,0.89,10,227
2017-11-04,1.95,10,228
2017-05-01,70.9,4,18
2017-05-11,69.4,4,17
2017-05-28,70.4,4,13
2017-06-20,69.4,4,11
2017-07-30,33.6,4,14
2017-08-01,49.2,4,15
2017-08-16,25.0,4,12
2017-05-11,2.33,4,165
2017-05-18,1.67,4,164
2017-05-28,2.96,4,159
2017-06-20,3.49,4,162
2017-07-30,2.9,4,161
2017-08-01,1.61,4,160
2017-08-29,0.94,4,163
2017-05-28,4.9,14,97
2017-08-16,2.44,14,96
2017-10-02,1.94,14,98
2017-05-28,7.19,10,28
2017-08-01,2.85,10,31
2017-08-08,2.75,10,29
2017-10-02,1.51,10,27
2017-05-20,181.0,12,46
2017-06-01,148.0,12,43
2017-06-21,131.0,12,42
2017-08-30,82.1,12,45
2017-09-09,93.8,12,44
2017-09-29,52.3,12,48
2017-10-02,42.7,12,47
2017-05-28,2.85,10,209
2017-08-01,1.47,10,205
2017-08-11,1.07,10,206
2017-10-02,0.32,10,210
2017-11-04,2.4,10,207
2017-05-28,2.22,10,91
2017-08-01,1.38,10,90
2017-08-03,1.16,10,92
2017-08-08,1.4,10,88
2017-08-16,1.65,10,94
2017-10-02,0.98,10,87
2017-11-04,2.44,10,93
2017-05-25,7.84,14,122
2017-10-02,0.87,14,123
2017-05-18,0.96,11,173
2017-05-20,1.14,11,172
2017-05-28,1.04,11,174
2017-08-01,0.59,11,169
2017-08-16,0.51,11,171
2017-05-19,9.0,8,60
2017-10-01,12.5,8,59
2017-10-16,7.98,8,58
2017-05-11,6.38,6,149
2017-05-19,6.69,6,147
2017-06-20,4.95,6,148
2017-07-30,1.22,6,150
2017-08-29,0.88,6,146
2017-05-01,19.1,15,215
2017-05-18,16.0,15,216
2017-05-28,15.8,15,213
2017-07-30,6.71,15,212
2017-08-09,6.16,15,214
2017-08-29,4.14,15,217
2017-09-30,5.12,15,211
2017-05-18,12.2,13,122
2017-05-28,9.62,13,121
2017-07-27,5.43,13,123
2017-08-01,4.44,13,119
2017-08-16,3.22,13,118
2017-09-30,3.43,13,115
2017-10-02,3.11,13,116
2017-10-17,2.31,13,117
2017-05-18,8.65,6,241
2017-05-28,8.32,6,240
2017-05-01,6.1,16,72
2017-05-18,7.57,16,70
2017-05-28,6.84,16,69
2017-07-30,3.18,16,71
2017-09-28,2.14,16,73
2017-08-03,2.33,11,203
2017-10-02,2.71,11,201
2017-10-17,2.13,11,202
2017-08-30,0.19,15,41
2017-09-29,0.05,15,42
2017-10-02,0.05,15,40
2017-08-30,0.36,15,24
2017-09-09,0.35,15,25
2017-09-29,0.55,15,26
2017-10-02,0.43,15,23
2017-05-20,5.84,12,231
2017-06-01,3.43,12,233
2017-06-21,2.11,12,232
2017-08-30,0.95,12,230
2017-09-09,1.06,12,234
2017-09-29,1.07,12,236
2017-10-02,0.92,12,235
2017-05-28,2.54,4,112
2017-08-01,0.96,4,111
2017-08-16,1.07,4,114
2017-11-04,1.27,4,115
2017-05-28,1.22,10,202
2017-08-01,0.76,10,204
2017-08-16,0.07,10,201
2017-10-02,0.06,10,200
2017-05-28,0.5,4,116
2017-08-01,0.35,4,117
2017-05-28,0.45,4,102
2017-08-01,0.26,4,104
2017-08-16,0.35,4,105
2017-11-04,0.32,4,106
2017-05-28,0.99,4,107
2017-08-01,1.09,4,109
2017-08-16,1.09,4,110
2017-05-20,2.37,12,102
2017-07-31,0.79,12,100
2017-08-30,0.62,12,101
2017-09-09,0.6,12,97
2017-09-29,0.27,12,103
2017-10-02,0.25,12,98
2017-10-17,0.13,12,99
2017-10-19,0.14,12,104
2017-05-19,1.25,7,89
2017-07-30,0.34,7,90
2017-08-29,0.2,7,91
2017-09-11,0.52,7,92
2017-10-01,2.06,7,87
2017-10-16,1.85,7,88
2017-05-18,0.54,16,13
2017-05-28,0.62,16,12
2017-07-30,0.24,16,11
2017-05-18,0.63,13,18
2017-05-20,0.71,13,16
2017-05-28,0.45,13,17
2017-08-01,0.17,13,13
2017-08-16,0.12,13,14
2017-10-02,0.09,13,19
2017-08-30,5.17,12,166
2017-09-09,7.78,12,165
2017-10-17,2.86,12,167
2017-05-20,161.0,12,31
2017-06-01,133.0,12,29
2017-07-31,82.0,12,28
2017-08-03,84.3,12,33
2017-08-30,62.4,12,30
2017-09-09,87.3,12,25
2017-09-29,45.1,12,32
2017-10-02,31.3,12,26
2017-10-17,35.7,12,27
2017-05-11,3.62,5,122
2017-05-19,2.95,5,120
2017-05-21,3.67,5,125
2017-07-30,1.09,5,123
2017-08-29,1.24,5,124
2017-10-01,0.8,5,126
2017-10-16,0.88,5,121
2017-05-28,1.86,7,21
2017-07-30,0.26,7,20
2017-09-28,0.98,7,22
2017-05-01,11.1,15,209
2017-05-18,11.2,15,208
2017-05-28,10.2,15,207
2017-07-30,4.54,15,206
2017-08-29,3.33,15,210
2017-09-30,2.35,15,205
2017-05-20,273.0,9,137
2017-05-18,4.83,15,114
2017-05-20,4.83,15,111
2017-05-28,4.2,15,112
2017-08-16,0.29,15,113
2017-09-30,0.43,15,109
2017-10-02,0.38,15,110
2017-05-18,1.27,15,97
2017-05-28,1.15,15,95
2017-08-16,0.5,15,98
2017-09-30,0.57,15,96
2017-05-01,1.41,16,80
2017-07-30,0.67,16,81
2017-08-09,0.61,16,82
2017-08-29,0.6,16,83
2017-09-28,1.11,16,79
2017-11-07,1.34,16,84
2017-06-01,1.1,12,209
2017-07-31,0.85,12,210
2017-08-03,0.7,12,211
2017-08-30,0.34,12,208
2017-09-09,0.31,12,206
2017-10-17,0.21,12,207
2017-05-19,1.78,6,162
2017-10-16,1.62,6,161
2017-05-20,41.4,16,192
2017-05-25,44.6,16,193
2017-05-28,39.0,16,191
2017-06-14,33.4,16,195
2017-07-07,29.0,16,196
2017-08-16,12.4,16,194
2017-09-30,15.1,16,190
2017-10-02,14.2,16,197
2017-05-01,1.18,8,107
2017-05-19,1.25,8,105
2017-05-26,1.08,8,104
2017-08-29,0.93,8,106
2017-10-01,0.9,8,102
2017-10-16,0.78,8,103
2017-06-21,4.85,13,90
2017-07-31,1.91,13,89
2017-08-30,1.18,13,91
2017-10-02,1.46,13,88
2017-06-21,4.2,12,153
2017-07-31,9.25,12,150
2017-08-30,0.45,12,151
2017-09-29,0.54,12,152
2017-10-02,0.45,12,149
2017-05-19,18.7,6,119
2017-08-29,13.7,6,120
2017-05-28,54.6,6,187
2017-07-30,34.1,6,186
2017-05-28,128.0,9,110
2017-08-01,68.5,9,112
2017-08-11,43.2,9,113
2017-11-04,49.4,9,109
2017-07-30,0.31,15,184
2017-09-30,0.89,15,183
2017-05-01,3.2,8,187
2017-05-19,2.97,8,186
2017-08-29,1.98,8,191
2017-09-11,2.96,8,189
2017-09-28,4.03,8,188
2017-10-01,2.51,8,184
2017-10-16,2.24,8,185
2017-11-07,4.21,8,190
2017-05-28,2.6,10,195
2017-08-01,1.83,10,190
2017-08-11,1.62,10,191
2017-10-02,1.16,10,193
2017-11-04,8.48,10,194
2017-05-28,7.19,9,74
2017-08-01,1.47,9,75
2017-05-28,17.6,4,235
2017-07-30,24.6,4,237
2017-08-01,24.8,4,236
2017-05-19,191.0,6,220
2017-07-30,89.0,6,219
2017-10-01,105.0,6,217
2017-10-16,111.0,6,218
2017-05-28,3.4,10,75
2017-08-01,3.24,10,74
2017-10-02,3.1,10,73
2017-05-18,79.9,6,195
2017-05-28,58.5,6,194
2017-07-30,45.3,6,193
2017-09-28,32.6,6,196
2017-05-18,1.74,11,158
2017-05-28,1.34,11,157
2017-08-01,0.92,11,155
2017-08-16,0.87,11,156
2017-05-18,6.19,13,114
2017-05-20,6.63,13,112
2017-05-28,4.08,13,111
2017-08-16,2.08,13,113
2017-09-30,0.57,13,108
2017-10-02,0.55,13,109
2017-10-17,0.53,13,110
2017-10-16,155.0,4,44
2017-05-19,16.8,8,174
2017-10-01,17.7,8,175
2017-10-16,11.2,8,176
2017-05-18,21.9,16,188
2017-05-28,22.9,16,189
2017-08-16,6.9,16,187
2017-09-30,8.49,16,186
2017-05-28,81.7,9,100
2017-08-01,50.6,9,101
2017-08-16,27.7,9,99
2017-10-02,31.2,9,98
2017-05-11,6.39,5,209
2017-05-19,6.32,5,206
2017-07-30,2.49,5,207
2017-10-01,8.38,5,208
2017-10-16,6.59,5,205
2017-05-01,10.0,8,232
2017-05-19,8.7,8,229
2017-08-29,6.9,8,233
2017-09-11,7.97,8,234
2017-09-28,9.44,8,235
2017-10-01,8.01,8,230
2017-10-16,7.64,8,231
2017-05-18,19.5,16,29
2017-05-28,32.4,16,28
2017-07-30,23.5,16,27
2017-09-28,26.5,16,30
2017-08-30,5.75,13,86
2017-09-09,4.37,13,87
2017-10-02,4.15,13,85
2017-05-25,1.6,14,73
2017-08-30,0.54,14,72
2017-10-02,0.43,14,74
2017-05-25,4.2,14,70
2017-08-30,1.27,14,68
2017-09-19,1.66,14,71
2017-10-02,1.38,14,69
2017-05-01,4.0,8,163
2017-05-19,3.34,8,162
2017-08-29,2.18,8,166
2017-09-11,2.91,8,165
2017-09-28,4.11,8,164
2017-10-01,3.61,8,160
2017-10-16,2.85,8,161
2017-11-07,4.49,8,167
2017-05-18,49.0,13,162
2017-05-20,51.8,13,161
2017-05-25,51.9,13,163
2017-05-28,51.0,13,159
2017-08-16,14.2,13,160
2017-09-30,13.3,13,156
2017-10-02,13.0,13,157
2017-10-17,13.1,13,158
2017-05-20,4.9,14,170
2017-05-28,5.1,14,168
2017-08-16,2.27,14,169
2017-10-02,2.34,14,167
2017-05-28,27.4,11,59
2017-08-03,27.8,11,60
2017-10-02,14.8,11,57
2017-05-28,7.09,4,190
2017-06-20,6.74,4,192
2017-07-30,4.4,4,188
2017-08-01,5.75,4,189
2017-08-16,3.59,4,191
2017-05-19,0.65,7,233
2017-10-01,0.43,7,231
2017-10-16,0.72,7,232
2017-11-07,0.94,7,234
2017-05-19,11.6,8,38
2017-10-01,25.9,8,36
2017-10-16,16.1,8,37
2017-05-01,33.8,8,127
2017-05-19,19.2,8,126
2017-05-26,19.2,8,123
2017-05-31,17.8,8,130
2017-08-29,10.4,8,131
2017-09-11,11.5,8,128
2017-09-28,18.0,8,129
2017-10-01,17.0,8,124
2017-10-16,10.7,8,125
2017-08-03,28.7,11,118
2017-10-02,14.0,11,117
2017-05-20,2.18,11,175
2017-05-01,0.22,16,103
2017-08-29,0.18,16,104
2017-09-28,0.2,16,105
2017-10-16,0.23,16,102
2017-05-19,0.88,8,74
2017-08-29,0.33,8,77
2017-10-01,0.7,8,75
2017-10-16,0.42,8,76
2017-05-18,1.8,15,119
2017-05-20,3.3,15,117
2017-05-25,2.15,15,121
2017-05-28,1.5,15,118
2017-08-16,0.24,15,120
2017-09-30,0.37,15,115
2017-10-02,0.23,15,116
2017-05-28,2.65,11,24
2017-08-01,1.31,11,26
2017-08-11,1.03,11,27
2017-10-02,0.35,11,28
2017-11-04,5.05,11,23
2017-05-20,78.3,14,12
2017-05-25,79.6,14,13
2017-10-02,16.4,14,11
2017-05-28,8.36,10,245
2017-08-01,4.78,10,244
2017-08-11,5.29,10,242
2017-10-02,2.58,10,246
2017-11-04,20.0,10,241
2017-05-18,1.39,15,79
2017-05-20,2.46,15,77
2017-05-25,1.98,15,80
2017-05-28,1.14,15,78
2017-08-16,0.14,15,76
2017-10-02,0.44,15,75
2017-07-21,26.4,14,246
2017-07-31,33.6,14,244
2017-08-30,12.2,14,243
2017-09-09,13.2,14,242
2017-09-29,10.5,14,245
2017-07-04,6.96,12,53
2017-07-31,2.78,12,52
2017-08-30,1.97,12,51
2017-10-02,0.75,12,49
2017-11-06,1.73,12,50
2017-05-28,2.45,10,198
2017-05-28,8.29,10,175
2017-08-01,0.97,10,197
2017-08-01,4.14,10,173
2017-10-02,0.27,10,196
2017-10-02,1.47,10,172
2017-05-18,21.8,13,155
2017-05-28,27.5,13,153
2017-08-01,19.2,13,152
2017-08-16,13.0,13,154
2017-05-25,13.8,14,62
2017-08-30,3.72,14,61
2017-05-12,38.3,14,1
2017-05-25,34.3,14,0
2017-08-30,7.3,14,2
2017-09-19,6.65,14,4
2017-09-29,7.21,14,3
2017-10-02,6.16,14,5
2017-08-30,0.56,13,72
2017-09-09,0.47,13,73
2017-09-29,0.43,13,74
2017-10-02,0.46,13,71
2017-05-01,10.9,16,21
2017-05-01,4.97,16,39
2017-05-19,10.9,16,22
2017-05-19,4.81,16,41
2017-08-29,8.04,16,23
2017-08-29,3.79,16,38
2017-09-11,3.88,16,42
2017-09-28,9.74,16,24
2017-09-28,5.01,16,40
2017-10-01,10.2,16,19
2017-10-01,5.06,16,36
2017-10-16,11.0,16,20
2017-10-16,4.64,16,37
2017-05-28,3.38,10,63
2017-08-01,2.39,10,65
2017-08-08,2.3,10,64
2017-10-02,1.81,10,62
2017-05-28,3.05,11,87
2017-08-03,6.21,11,89
2017-10-02,3.26,11,86
2017-05-01,4.2,5,22
2017-05-11,2.38,5,20
2017-06-20,1.36,5,19
2017-07-30,1.01,5,21
2017-08-29,1.98,5,23
2017-09-28,1.89,5,24
2017-05-19,1.72,7,96
2017-07-30,0.27,7,95
2017-10-01,2.15,7,93
2017-10-16,2.86,7,94
2017-06-21,2.16,12,88
2017-07-31,7.52,12,87
2017-08-30,1.68,12,89
2017-09-29,1.31,12,91
2017-10-02,0.88,12,86
2017-10-19,1.02,12,90
2017-08-03,1.05,11,108
2017-10-02,1.11,11,107
2017-10-02,0.67,14,101
2017-05-19,1.34,7,197
2017-10-01,1.12,7,195
2017-10-16,0.86,7,196
2017-05-28,4.78,6,237
2017-08-01,3.47,6,238
2017-08-16,2.77,6,239
2017-08-03,221.0,9,133
2017-10-02,96.1,9,132
2017-10-17,84.4,9,131
2017-05-18,4.0,14,187
2017-05-20,5.46,14,191
2017-05-28,3.75,14,188
2017-07-27,1.21,14,189
2017-08-16,0.64,14,190
2017-10-02,0.67,14,186
2017-05-19,5.49,6,70
2017-07-30,0.97,6,69
2017-10-16,1.45,6,68
2017-05-18,3.45,15,101
2017-05-28,3.36,15,100
2017-08-16,0.84,15,102
2017-09-30,1.63,15,99
2017-05-25,10.3,14,81
2017-08-30,1.38,14,80
2017-09-29,2.35,14,82
2017-10-02,2.38,14,83
2017-05-11,155.0,4,24
2017-05-21,152.0,4,23
2017-07-30,98.5,4,22
2017-08-29,65.2,4,25
2017-10-16,98.9,4,21
2017-05-28,1.43,5,76
2017-08-01,0.63,5,75
2017-07-30,59.5,6,202
2017-05-01,1.97,16,78
2017-05-18,1.78,16,76
2017-05-28,1.48,16,75
2017-07-30,1.0,16,74
2017-09-28,0.77,16,77
2017-05-11,2.17,5,117
2017-05-19,1.91,5,114
2017-05-21,2.18,5,116
2017-07-30,0.53,5,115
2017-08-29,0.66,5,119
2017-10-01,0.33,5,118
2017-10-16,0.42,5,113
2017-05-01,1.34,16,10
2017-05-18,1.36,16,9
2017-05-28,1.34,16,7
2017-07-30,0.63,16,5
2017-08-29,0.38,16,8
2017-09-28,0.37,16,6
2017-06-21,8.33,13,95
2017-07-31,5.83,13,92
2017-09-29,3.88,13,96
2017-10-02,3.73,13,93
2017-10-17,2.79,13,94
2017-05-01,2240.0,9,214
2017-05-18,1800.0,9,213
2017-05-28,1670.0,9,212
2017-07-04,15.5,12,68
2017-07-31,3.87,12,67
2017-08-30,7.84,12,69
2017-09-29,2.84,12,70
2017-10-02,1.85,12,65
2017-10-19,1.38,12,71
2017-11-06,2.56,12,66
2017-05-18,1.09,16,62
2017-05-28,1.09,16,61
2017-07-30,0.94,16,60
2017-09-28,2.29,16,63
2017-05-11,2.87,5,25
2017-05-21,2.93,5,26
2017-07-30,1.44,5,27
2017-05-18,5.5,11,153
2017-05-28,6.53,11,152
2017-08-01,4.98,11,150
2017-08-16,3.37,11,151
2017-10-02,2.38,11,154
2017-05-18,1.25,16,154
2017-05-28,1.16,16,152
2017-08-16,0.54,16,153
2017-09-30,0.64,16,151
2017-08-30,5.03,11,209
2017-09-09,7.24,11,207
2017-10-17,3.54,11,208
2017-05-18,1600.0,9,201
2017-05-28,1650.0,9,199
2017-07-30,845.0,9,200
2017-08-30,6.33,13,51
2017-09-09,6.68,13,52
2017-10-02,6.34,13,50
2017-05-28,2.0,7,17
2017-07-30,0.37,7,18
2017-09-28,1.6,7,19
2017-05-28,4.44,11,101
2017-08-03,11.1,11,102
2017-10-02,4.05,11,99
2017-05-20,38.7,12,174
2017-06-01,26.3,12,172
2017-07-31,17.7,12,171
2017-08-30,10.3,12,173
2017-09-09,14.6,12,168
2017-09-29,9.3,12,175
2017-10-02,6.15,12,169
2017-10-17,6.68,12,170
2017-05-18,13.4,15,88
2017-05-28,14.0,15,87
2017-08-16,3.09,15,86
2017-09-30,3.86,15,85
2017-05-19,22.1,8,66
2017-05-27,22.7,8,61
2017-08-10,17.0,8,65
2017-08-15,14.9,8,67
2017-08-30,20.7,8,62
2017-10-01,36.2,8,63
2017-10-16,18.6,8,64
2017-08-30,0.22,14,49
2017-09-29,0.1,14,48
2017-10-02,0.043,14,47
2017-05-01,21.5,16,26
2017-09-28,21.2,16,25
2017-05-28,3.88,4,196
2017-06-20,3.16,4,199
2017-07-30,4.65,4,197
2017-08-01,4.8,4,198
2017-08-16,4.68,4,200
2017-05-19,1.43,6,137
2017-08-29,2.21,6,138
2017-05-28,1.36,4,120
2017-08-01,0.91,4,121
2017-08-16,0.8,4,122
2017-11-04,0.74,4,123
2017-05-19,9.2,8,78
2017-10-01,16.0,8,79
2017-10-16,5.5,8,80
2017-05-28,2.16,11,112
2017-08-03,0.87,11,110
2017-10-02,0.52,11,109
2017-05-28,2.81,10,116
2017-08-03,0.73,10,117
2017-10-02,0.39,10,118
2017-11-04,3.22,10,119
2017-05-19,18.6,7,137
2017-07-30,12.5,7,136
2017-08-29,9.23,7,138
2017-09-28,18.4,7,139
2017-10-01,19.8,7,134
2017-10-16,19.1,7,135
2017-05-19,61.6,7,143
2017-07-30,34.9,7,142
2017-08-29,27.1,7,144
2017-09-28,62.4,7,145
2017-10-01,62.6,7,140
2017-10-16,48.0,7,141
2017-05-20,6.39,14,174
2017-05-28,6.49,14,173
2017-08-16,3.28,14,172
2017-10-02,2.31,14,171
2017-05-18,51.5,6,190
2017-05-28,39.6,6,188
2017-07-30,37.2,6,189
2017-05-28,3.14,9,72
2017-08-01,0.69,9,73
2017-05-28,3.47,10,179
2017-08-01,4.83,10,177
2017-10-02,2.8,10,176
2017-05-18,4.68,14,199
2017-05-20,5.45,14,198
2017-05-25,5.32,14,201
2017-05-28,4.25,14,200
2017-07-27,0.98,14,202
2017-08-16,0.64,14,197
2017-10-02,0.77,14,196
2017-08-03,1.75,11,167
2017-10-02,0.34,11,168
2017-05-18,688.0,9,165
2017-05-20,648.0,9,166
2017-05-28,911.0,9,162
2017-08-01,480.0,9,164
2017-08-16,329.0,9,161
2017-09-30,277.0,9,158
2017-10-02,263.0,9,160
2017-10-17,214.0,9,159
2017-05-01,0.27,9,17
2017-05-19,0.2,9,15
2017-07-13,0.11,9,16
2017-07-30,0.09,9,21
2017-08-29,0.07,9,19
2017-09-11,0.09,9,18
2017-09-28,0.13,9,20
2017-10-01,0.08,9,13
2017-10-16,0.08,9,14
2017-11-07,0.28,9,22
2017-05-01,3.57,16,44
2017-08-29,1.97,16,46
2017-09-28,3.45,16,45
2017-05-18,2.08,12,241
2017-05-28,2.53,12,242
2017-08-01,1.49,12,243
2017-08-16,0.84,12,240
2017-10-02,0.62,12,244
2017-05-28,5.27,13,146
2017-08-01,5.39,13,147
2017-08-16,3.5,13,145
2017-10-02,2.64,13,144
2017-05-18,0.58,13,188
2017-05-28,0.98,13,189
2017-08-01,0.26,13,187
2017-08-16,0.16,13,186
2017-10-02,0.13,13,190
2017-11-04,0.17,13,191
2017-05-01,7.52,9,33
2017-05-28,0.92,4,201
2017-08-01,0.52,4,202
2017-08-16,0.4,4,203
2017-11-04,1.03,4,204
2017-05-28,6.53,16,217
2017-08-16,4.46,16,216
2017-09-30,2.3,16,215
2017-05-18,0.56,7,0
2017-05-28,0.48,6,249
2017-05-19,2.64,8,49
2017-05-27,2.12,8,50
2017-08-30,3.06,8,47
2017-10-16,1.72,8,48
2017-05-18,3.45,14,219
2017-05-20,3.55,14,215
2017-05-28,3.55,14,216
2017-08-16,1.13,14,220
2017-09-30,1.18,14,217
2017-10-02,1.14,14,218
2017-07-30,0.28,7,73
2017-08-29,0.17,7,74
2017-09-28,0.66,7,75
2017-05-19,4.86,7,224
2017-08-29,3.12,7,225
2017-09-28,5.51,7,226
2017-10-01,4.1,7,222
2017-10-16,3.77,7,223
2017-05-01,0.8,4,243
2017-05-11,0.59,4,242
2017-05-18,0.56,4,241
2017-05-28,0.5,4,238
2017-06-20,0.5,4,239
2017-08-01,0.51,4,240
2017-08-29,0.39,4,244
2017-09-28,0.99,4,245
2017-05-11,1.55,5,148
2017-05-19,1.57,5,145
2017-05-21,1.55,5,144
2017-07-30,1.77,5,146
2017-08-29,1.09,5,143
2017-10-01,0.93,5,147
2017-10-16,0.87,5,142
2017-08-30,5.41,13,44
2017-09-09,6.28,13,46
2017-09-29,5.41,13,47
2017-10-02,5.06,13,45
2017-05-28,1.64,9,68
2017-08-01,0.27,9,66
2017-08-08,0.29,9,65
2017-08-16,0.31,9,69
2017-10-02,0.57,9,64
2017-11-04,2.82,9,70
2017-05-28,1.04,9,58
2017-05-28,0.95,9,50
2017-05-28,0.48,9,42
2017-08-01,0.17,9,60
2017-08-01,0.16,9,52
2017-08-01,0.13,9,45
2017-08-03,0.17,9,61
2017-08-03,0.15,9,53
2017-08-03,0.11,9,43
2017-08-08,0.17,9,57
2017-08-08,0.16,9,49
2017-08-08,0.12,9,41
2017-08-16,0.18,9,62
2017-08-16,0.22,9,54
2017-08-16,0.37,9,46
2017-10-02,0.45,9,56
2017-10-02,0.23,9,48
2017-10-02,0.18,9,40
2017-11-04,1.52,9,63
2017-11-04,0.88,9,55
2017-11-04,1.96,9,47
2017-05-20,2.21,13,33
2017-10-02,0.39,13,31
2017-10-17,0.37,13,32
2017-05-25,169.0,14,16
2017-08-16,35.0,14,15
2017-10-02,39.3,14,14
2017-05-18,2.43,15,164
2017-05-20,2.43,15,162
2017-05-28,1.88,15,161
2017-08-16,0.36,15,163
2017-09-30,0.29,15,158
2017-10-02,0.23,15,159
2017-10-17,0.15,15,160
2017-05-18,0.63,13,23
2017-05-20,0.96,13,27
2017-05-28,0.67,13,22
2017-08-01,0.21,13,25
2017-08-16,0.11,13,26
2017-10-02,0.06,13,28
2017-05-18,1560.0,9,198
2017-05-28,1640.0,9,197
2017-07-30,879.0,9,196
2017-05-18,2.82,15,187
2017-05-28,2.9,15,186
2017-07-30,2.04,15,185
2017-09-28,0.67,15,188
2017-10-02,14.2,14,249
2017-05-11,9.02,5,241
2017-05-19,6.79,5,239
2017-05-21,8.53,5,245
2017-07-30,2.59,5,244
2017-08-29,2.0,5,240
2017-09-28,2.38,5,243
2017-10-01,1.42,5,242
2017-10-16,1.84,5,238
2017-05-25,9.14,14,124
2017-10-02,2.13,14,125
2017-05-18,6.9,13,225
2017-05-28,6.28,13,226
2017-08-01,2.15,13,222
2017-08-16,1.37,13,223
2017-09-30,3.09,13,219
2017-10-02,2.55,13,220
2017-10-17,0.86,13,221
2017-05-19,167.0,6,212
2017-07-30,82.4,6,211
2017-10-01,93.7,6,209
2017-10-16,109.0,6,210
2017-05-18,1460.0,9,180
2017-05-20,1400.0,9,184
2017-05-25,1470.0,9,183
2017-05-28,1640.0,9,182
2017-08-16,517.0,9,181
2017-09-30,472.0,9,179
2017-10-02,420.0,9,178
2017-05-19,3.94,7,179
2017-07-30,1.99,7,178
2017-10-01,3.47,7,176
2017-10-16,3.6,7,177
2017-05-20,317.0,15,19
2017-08-16,80.9,15,18
2017-10-02,62.8,15,17
2017-05-18,1480.0,9,188
2017-05-20,1420.0,9,187
2017-05-25,1470.0,9,190
2017-05-28,1630.0,9,191
2017-08-16,512.0,9,189
2017-09-30,477.0,9,185
2017-10-02,437.0,9,186
2017-05-19,8.19,7,217
2017-08-29,5.61,7,220
2017-09-28,9.37,7,221
2017-10-01,8.88,7,218
2017-10-16,6.58,7,219
2017-09-29,47.9,15,3
2017-10-02,45.0,15,4
2017-06-21,3.19,12,95
2017-07-31,11.0,12,93
2017-08-30,3.19,12,94
2017-09-29,2.32,12,96
2017-10-02,1.39,12,92
2017-05-11,1.25,5,167
2017-05-19,1.13,5,165
2017-05-21,1.59,5,168
2017-07-30,0.37,5,166
2017-08-29,0.4,5,169
2017-10-01,0.37,5,170
2017-10-16,0.42,5,164
2017-08-30,1.86,13,60
2017-09-09,1.82,13,62
2017-10-02,1.46,13,61
2017-05-28,0.05,11,90
2017-10-02,0.05,11,91
2017-05-28,1.05,11,83
2017-10-02,1.53,11,85
2017-10-02,0.98,15,65
2017-10-17,0.92,15,66
2017-05-18,336.0,14,35
2017-05-20,320.0,14,33
2017-05-25,308.0,14,37
2017-05-28,295.0,14,36
2017-08-16,88.6,14,34
2017-10-02,88.8,14,32
2017-05-01,2.11,9,26
2017-05-19,1.65,9,23
2017-07-13,1.26,9,27
2017-07-30,1.09,9,28
2017-08-09,1.15,9,32
2017-08-29,1.13,9,31
2017-09-11,1.5,9,29
2017-09-28,2.18,9,30
2017-10-01,1.39,9,24
2017-10-16,1.28,9,25
2017-05-20,7.51,12,141
2017-06-01,6.63,12,138
2017-07-31,2.52,12,139
2017-08-30,1.71,12,140
2017-09-09,1.49,12,135
2017-09-29,1.26,12,142
2017-10-02,1.18,12,136
2017-10-17,0.99,12,137
2017-05-01,8.5,16,93
2017-05-18,5.71,16,90
2017-05-28,5.27,16,91
2017-07-30,4.42,16,92
2017-08-29,3.6,16,95
2017-09-28,6.53,16,94
2017-05-18,2.04,14,184
2017-05-20,2.75,14,182
2017-05-25,2.32,14,185
2017-05-28,1.87,14,183
2017-08-16,0.33,14,181
2017-10-02,0.51,14,180
2017-05-28,6.73,10,181
2017-08-01,7.0,10,182
2017-08-16,3.3,10,184
2017-10-02,2.87,10,180
2017-07-04,15.9,11,241
2017-07-31,4.95,11,242
2017-08-30,7.02,11,243
2017-10-02,3.22,11,239
2017-11-06,4.97,11,240
2017-05-18,4.39,13,203
2017-05-20,5.94,13,200
2017-05-25,3.76,13,204
2017-05-28,3.14,13,201
2017-08-16,1.16,13,202
2017-09-30,0.86,13,197
2017-10-02,0.75,13,198
2017-10-17,1.06,13,199
2017-05-25,2.8,14,78
2017-08-30,0.92,14,75
2017-10-02,0.13,14,79
2017-05-01,0.9,8,211
2017-05-19,0.83,8,212
2017-08-29,0.73,8,210
2017-09-11,0.78,8,213
2017-09-28,0.91,8,209
2017-10-01,0.88,8,207
2017-10-16,0.92,8,208
2017-11-07,1.06,8,214
2017-05-20,433.0,9,139
2017-06-01,412.0,9,140
2017-08-30,238.0,9,138
2017-09-09,225.0,9,141
2017-10-02,163.0,9,142
2017-05-28,1.13,10,187
2017-08-01,0.66,10,186
2017-10-02,0.23,10,185
2017-11-04,3.15,10,189
2017-05-19,5.77,7,99
2017-07-30,1.32,7,98
2017-10-16,6.27,7,97
2017-06-21,3.17,11,215
2017-07-31,1.9,11,212
2017-08-30,0.84,11,213
2017-09-29,0.67,11,214
2017-10-02,0.36,11,211
2017-10-19,1.3,11,216
2017-05-28,1.35,5,60
2017-07-30,0.51,5,62
2017-08-01,0.41,5,61
2017-08-29,0.88,5,64
2017-10-15,0.79,5,63
2017-05-11,3.7,5,107
2017-05-28,3.26,5,108
2017-07-30,0.59,5,106
2017-08-01,0.53,5,109
2017-08-29,0.8,5,110
2017-05-28,0.56,4,81
2017-08-01,0.22,4,83
2017-08-16,0.32,4,84
2017-08-30,1.08,17,9
2017-09-19,1.5,17,12
2017-09-29,1.36,17,10
2017-10-02,1.32,17,11
2017-05-20,0.89,15,57
2017-05-25,1.05,15,58
2017-10-02,0.12,15,56
2017-10-02,25.8,11,69
2017-05-19,29.7,6,122
2017-05-19,0.95,6,152
2017-08-29,9.96,6,121
2017-08-29,0.25,6,151
2017-08-30,1.16,13,35
2017-09-09,1.19,13,36
2017-10-02,0.97,13,34
2017-05-28,0.62,10,132
2017-08-01,0.3,10,127
2017-08-03,0.27,10,131
2017-08-08,0.29,10,128
2017-10-02,0.17,10,130
2017-11-04,3.32,10,133
2017-10-02,32.1,11,70
2017-05-19,4.39,6,111
2017-05-19,50.8,6,16
2017-07-30,1.68,6,110
2017-07-30,18.3,6,15
2017-10-16,2.75,6,109
2017-10-16,16.1,6,14
2017-06-01,12.2,12,164
2017-07-31,17.0,12,160
2017-08-03,6.86,12,161
2017-08-30,4.1,12,159
2017-09-09,4.5,12,157
2017-09-29,7.24,12,163
2017-10-02,2.63,12,162
2017-10-17,2.41,12,158
2017-05-01,4.3,5,17
2017-05-11,4.34,5,16
2017-05-18,3.88,5,14
2017-05-28,3.74,5,10
2017-06-20,5.28,5,12
2017-07-30,6.56,5,13
2017-08-01,5.5,5,11
2017-08-29,2.88,5,15
2017-09-28,3.29,5,18
2017-05-19,3.39,8,35
2017-05-27,3.45,8,34
2017-08-30,0.63,8,32
2017-10-16,4.26,8,33
2017-05-28,0.54,7,175
2017-07-30,0.2,7,174
2017-08-30,0.87,11,191
2017-09-09,3.24,11,189
2017-10-17,0.71,11,190
2017-05-20,55.9,15,134
2017-05-28,37.9,15,133
2017-08-16,16.4,15,135
2017-09-30,10.4,15,130
2017-10-02,8.85,15,131
2017-10-17,7.11,15,132
2017-05-28,18.1,10,103
2017-08-01,10.0,10,101
2017-08-08,9.55,10,104
2017-10-02,7.6,10,100
2018-05-30,512.0,33,35
2018-06-19,377.0,33,36
2018-06-29,328.0,33,38
2018-08-03,180.0,33,33
2018-08-08,219.0,33,32
2018-08-13,169.0,33,34
2018-08-23,187.0,33,37
2018-08-28,233.0,33,39
2018-09-02,357.0,33,40
2018-10-12,247.0,33,31
2018-10-17,297.0,33,41
2018-10-13,0.029,25,215
2018-11-07,0.029,25,214
2018-05-07,17.5,44,6
2018-05-10,18.9,44,5
2018-05-12,22.5,44,3
2018-05-27,29.6,44,0
2018-05-30,27.1,43,248
2018-06-01,29.4,43,249
2018-06-04,35.4,44,10
2018-06-06,35.4,44,9
2018-06-09,43.3,43,247
2018-06-29,26.2,44,7
2018-08-10,5.21,44,4
2018-08-20,4.66,44,2
2018-08-23,4.62,44,1
2018-08-30,4.82,44,8
2018-10-12,3.79,43,245
2018-10-14,3.59,43,246
2018-05-06,1.3,50,5
2018-05-08,1.29,50,4
2018-05-11,1.29,49,247
2018-05-13,1.28,50,7
2018-06-07,1.25,50,2
2018-06-20,1.23,50,0
2018-07-05,1.28,50,1
2018-07-07,1.26,49,249
2018-07-15,1.18,50,3
2018-08-01,0.85,49,244
2018-08-04,0.78,49,246
2018-08-09,0.63,49,245
2018-09-10,0.61,49,248
2018-10-13,0.53,50,6
2018-10-15,0.51,49,243
2018-05-03,3.24,35,154
2018-05-10,1.7,35,156
2018-05-13,1.98,35,152
2018-06-07,1.76,35,149
2018-08-03,1.7,35,150
2018-08-13,1.35,35,151
2018-08-23,1.35,35,153
2018-09-20,3.78,35,158
2018-10-05,1.11,35,160
2018-10-10,1.09,35,157
2018-10-12,1.14,35,155
2018-10-15,1.1,35,159
2018-05-05,4.07,52,146
2018-05-08,4.77,52,149
2018-05-10,6.63,52,151
2018-05-20,6.68,52,156
2018-05-30,5.52,52,145
2018-06-04,9.82,52,155
2018-06-09,9.04,52,143
2018-06-17,6.25,52,144
2018-07-19,1.95,52,150
2018-07-24,1.89,52,148
2018-08-08,1.48,52,147
2018-08-23,1.01,52,152
2018-09-07,1.02,52,154
2018-09-10,0.95,52,153
2018-10-10,1.36,52,157
2018-10-12,1.37,52,142
2018-05-06,0.56,22,188
2018-05-21,0.51,22,194
2018-05-29,0.87,22,190
2018-05-31,0.8,22,187
2018-07-03,0.24,22,195
2018-08-07,0.09,22,186
2018-08-27,0.12,22,189
2018-08-29,0.11,22,192
2018-10-11,0.05,22,184
2018-10-13,0.039,22,191
2018-10-16,0.04,22,193
2018-10-31,0.08,22,185
2018-05-08,11.6,19,168
2018-05-13,29.7,19,167
2018-05-26,10.8,19,169
2018-06-07,13.1,19,165
2018-07-05,8.25,19,174
2018-07-15,7.9,19,171
2018-08-01,9.19,19,176
2018-08-29,20.5,19,177
2018-09-20,9.06,19,172
2018-09-28,6.27,19,163
2018-09-30,5.43,19,173
2018-10-05,4.92,19,175
2018-10-10,4.17,19,166
2018-10-13,4.08,19,170
2018-10-15,4.01,19,164
2018-05-04,17.9,29,215
2018-05-09,26.3,29,199
2018-05-14,40.8,29,213
2018-05-19,40.4,29,200
2018-05-24,31.3,29,201
2018-05-29,30.7,29,210
2018-06-03,37.9,29,208
2018-06-08,37.8,29,205
2018-07-08,26.6,29,212
2018-07-23,19.1,29,209
2018-08-07,16.8,29,202
2018-08-17,15.9,29,211
2018-08-22,16.3,29,206
2018-09-03,15.7,29,207
2018-10-06,17.0,29,214
2018-10-11,15.4,29,203
2018-10-16,16.5,29,216
2018-10-31,15.3,29,204
2018-05-06,0.78,51,144
2018-05-08,0.91,51,142
2018-05-11,2.57,51,145
2018-05-13,3.53,51,146
2018-05-31,1.35,51,152
2018-06-07,1.68,51,141
2018-06-20,1.11,51,140
2018-07-05,0.98,51,143
2018-07-15,0.84,51,153
2018-08-01,0.61,51,148
2018-08-04,0.56,51,147
2018-08-09,0.48,51,149
2018-09-03,0.52,51,151
2018-09-10,0.43,51,150
2018-10-13,0.49,51,154
2018-10-15,0.59,51,139
2018-05-03,6.98,46,160
2018-05-08,8.61,46,157
2018-05-10,11.1,46,156
2018-05-23,12.6,46,155
2018-05-30,11.8,46,147
2018-06-07,14.8,46,148
2018-06-09,14.2,46,153
2018-06-29,9.89,46,149
2018-07-07,7.51,46,151
2018-07-09,7.12,46,154
2018-07-24,5.69,46,145
2018-08-01,7.95,46,146
2018-08-08,5.23,46,150
2018-08-23,3.46,46,152
2018-09-10,3.11,46,159
2018-09-12,2.77,46,158
2018-09-20,9.86,46,161
2018-10-12,6.29,46,144
2018-10-15,6.27,46,162
2018-10-17,5.81,46,163
2018-05-10,7.29,45,87
2018-05-20,5.9,45,86
2018-05-30,7.41,45,83
2018-06-04,9.26,45,88
2018-06-07,52.9,43,42
2018-06-09,14.9,45,82
2018-07-09,4.83,45,85
2018-08-08,21.0,43,37
2018-08-23,1.1,45,84
2018-10-10,23.2,43,38
2018-10-12,23.3,43,39
2018-10-12,2.82,45,81
2018-10-15,22.2,43,40
2018-10-17,22.0,43,41
2018-11-06,20.9,43,36
2018-05-08,0.18,20,115
2018-05-13,0.2,20,114
2018-05-26,0.4,20,117
2018-06-07,0.22,20,112
2018-07-07,0.07,20,113
2018-07-15,0.05,20,118
2018-08-01,0.029,20,119
2018-08-09,0.021,20,116
2018-08-29,0.39,20,123
2018-09-03,0.026,20,125
2018-09-20,0.034,20,120
2018-10-05,0.007,20,122
2018-10-10,0.005,20,121
2018-10-13,0.006,20,124
2018-10-15,0.014,20,111
2018-05-06,7.7,29,194
2018-05-29,12.4,29,196
2018-06-03,17.6,29,195
2018-09-08,6.1,29,191
2018-10-11,6.1,29,197
2018-10-13,6.1,29,198
2018-10-31,6.1,29,192
2018-11-07,6.1,29,193
2018-05-06,7.4,30,2
2018-05-09,10.1,29,248
2018-05-14,16.2,30,11
2018-05-19,9.4,29,242
2018-05-21,9.3,30,6
2018-05-24,8.4,29,243
2018-05-29,11.0,29,249
2018-06-03,12.4,30,0
2018-06-08,11.4,29,245
2018-06-20,9.5,29,246
2018-07-05,11.0,30,12
2018-07-15,6.6,30,10
2018-07-20,6.7,30,5
2018-07-25,6.5,30,8
2018-08-07,6.6,29,247
2018-08-09,6.4,30,1
2018-08-17,6.4,30,9
2018-08-22,6.3,29,244
2018-09-08,5.3,29,239
2018-10-06,5.7,30,4
2018-10-11,5.0,30,3
2018-10-13,4.8,30,7
2018-10-31,5.9,29,240
2018-11-07,5.6,29,241
2018-05-07,0.51,44,97
2018-05-10,0.87,44,98
2018-05-12,1.72,44,100
2018-05-27,1.23,44,94
2018-05-30,1.22,44,93
2018-06-01,2.52,44,92
2018-06-04,4.36,44,95
2018-06-06,4.44,44,103
2018-06-09,3.73,44,91
2018-06-29,0.82,44,96
2018-08-08,0.26,44,102
2018-08-10,0.23,44,99
2018-08-23,0.14,44,101
2018-10-12,0.13,44,89
2018-10-14,0.11,44,90
2018-05-03,1.5,48,236
2018-05-08,2.47,48,231
2018-05-13,3.29,48,230
2018-06-07,2.48,48,228
2018-07-07,1.42,48,229
2018-08-01,0.97,48,232
2018-09-10,1.59,48,233
2018-09-20,5.42,48,234
2018-10-10,1.28,48,235
2018-10-15,1.81,48,227
2018-05-03,7.67,32,149
2018-05-13,14.3,32,146
2018-06-07,15.9,32,143
2018-07-04,8.97,32,142
2018-07-29,6.91,32,147
2018-08-03,36.5,32,144
2018-08-13,10.7,32,145
2018-08-23,5.64,32,152
2018-09-10,5.2,32,150
2018-09-12,5.0,32,148
2018-09-20,71.6,32,153
2018-10-10,4.79,32,151
2018-10-12,5.28,32,139
2018-10-15,5.34,32,140
2018-11-06,11.8,32,141
2018-10-12,0.7,34,9
2018-10-15,0.61,34,10
2018-11-06,0.57,34,11
2018-10-12,0.67,40,97
2018-10-14,0.6,40,98
2018-10-17,0.94,40,100
2018-11-08,0.97,40,99
2018-05-03,3.15,36,32
2018-05-10,3.01,36,30
2018-05-13,3.29,36,28
2018-05-27,1.35,41,217
2018-05-30,1.66,41,220
2018-06-01,1.83,41,215
2018-06-06,1.5,41,216
2018-06-07,2.73,36,27
2018-06-09,1.43,41,219
2018-06-21,1.54,41,226
2018-08-03,2.28,36,26
2018-08-03,1.15,41,225
2018-08-08,1.03,41,218
2018-08-13,2.13,36,29
2018-08-13,1.25,41,222
2018-08-20,1.13,41,221
2018-08-23,1.61,36,31
2018-08-23,1.13,41,223
2018-08-30,1.16,41,224
2018-09-02,1.1,41,227
2018-09-07,1.61,36,33
2018-09-20,2.84,36,34
2018-10-05,1.41,36,35
2018-10-10,1.43,36,38
2018-10-12,2.55,36,37
2018-10-12,1.07,41,212
2018-10-14,1.09,41,213
2018-10-15,1.8,36,36
2018-11-08,1.13,41,214
2018-05-04,16.6,26,47
2018-05-06,15.6,26,45
2018-05-09,16.5,26,39
2018-05-14,14.8,26,38
2018-05-19,12.9,26,41
2018-05-29,13.9,26,42
2018-06-08,12.7,26,49
2018-07-15,9.36,26,50
2018-07-20,7.54,26,46
2018-08-04,3.67,26,35
2018-08-07,3.74,26,40
2018-08-09,3.69,26,36
2018-08-22,3.29,26,37
2018-08-29,2.93,26,43
2018-09-08,2.35,26,51
2018-10-13,1.95,26,44
2018-10-16,2.12,26,48
2018-10-18,2.23,26,52
2018-10-31,2.32,26,33
2018-11-07,2.37,26,34
2018-05-06,1.0,22,25
2018-05-31,0.95,22,29
2018-07-20,0.64,22,28
2018-08-07,0.54,22,27
2018-08-27,0.47,22,26
2018-08-29,0.46,22,30
2018-10-11,0.32,22,23
2018-10-13,0.3,22,31
2018-10-16,0.29,22,32
2018-10-18,0.3,22,33
2018-10-31,0.29,22,24
2018-05-06,14.9,50,181
2018-05-08,13.9,50,175
2018-05-11,14.8,50,182
2018-05-13,15.0,50,170
2018-05-21,13.0,50,187
2018-05-31,12.5,50,174
2018-06-07,13.4,50,171
2018-06-20,14.6,50,172
2018-07-05,11.2,50,176
2018-07-07,11.0,50,177
2018-08-01,9.55,50,178
2018-08-04,9.7,50,184
2018-08-09,8.68,50,179
2018-09-03,7.74,50,180
2018-11-17,6.59,50,186
2018-05-03,8.73,23,225
2018-05-08,7.59,23,224
2018-05-13,8.32,23,222
2018-06-07,9.79,23,220
2018-07-07,5.34,23,221
2018-08-01,5.28,23,223
2018-09-20,7.28,23,227
2018-10-05,3.79,23,226
2018-10-10,3.47,23,228
2018-10-15,3.46,23,219
2018-05-03,0.66,37,87
2018-05-05,0.84,37,85
2018-05-10,1.24,37,86
2018-05-13,1.57,37,80
2018-05-20,1.3,37,82
2018-06-07,1.47,37,78
2018-07-04,0.69,37,90
2018-07-07,0.56,37,83
2018-07-24,0.65,37,79
2018-08-08,0.48,37,81
2018-09-12,0.36,37,84
2018-09-20,1.08,37,88
2018-10-05,0.43,37,89
2018-10-10,0.34,37,91
2018-10-12,0.37,37,92
2018-10-15,0.36,37,93
2018-05-07,1.07,47,216
2018-05-10,1.2,47,219
2018-05-12,1.79,47,213
2018-05-27,1.52,47,218
2018-06-29,1.25,47,220
2018-08-08,0.31,47,217
2018-08-20,0.45,47,221
2018-08-23,0.56,47,215
2018-10-12,0.57,47,208
2018-10-14,0.54,47,209
2018-05-06,8.11,25,98
2018-05-08,8.6,25,97
2018-05-13,9.99,25,94
2018-05-21,15.4,25,99
2018-05-23,15.6,25,101
2018-05-26,16.6,25,106
2018-05-31,17.3,25,100
2018-06-07,17.6,25,95
2018-07-05,6.37,25,104
2018-07-07,6.16,25,91
2018-08-01,4.74,25,92
2018-08-04,4.7,25,96
2018-08-09,5.25,25,111
2018-08-11,4.61,25,93
2018-08-29,3.41,25,103
2018-09-10,2.43,25,102
2018-09-20,4.04,25,109
2018-09-25,3.99,25,107
2018-09-30,3.27,25,105
2018-10-10,2.68,25,108
2018-10-13,2.5,25,110
2018-10-15,2.66,25,89
2018-11-07,2.6,25,90
2018-05-03,0.84,18,197
2018-05-06,0.84,18,199
2018-05-13,1.13,18,196
2018-06-07,0.87,18,195
2018-07-05,0.94,18,198
2018-08-04,0.56,18,201
2018-08-29,1.18,18,206
2018-09-10,0.36,18,203
2018-09-20,0.72,18,204
2018-09-28,0.47,18,193
2018-10-05,0.37,18,205
2018-10-10,0.39,18,202
2018-10-13,0.38,18,200
2018-10-15,0.47,18,194
2018-05-03,1.5,34,2
2018-05-13,1.8,33,249
2018-06-07,1.43,33,247
2018-07-04,1.56,33,246
2018-07-29,2.62,34,0
2018-08-13,3.21,33,248
2018-08-23,1.66,34,3
2018-09-07,1.56,34,8
2018-09-10,1.25,34,4
2018-09-12,1.16,34,1
2018-09-20,1.75,34,5
2018-10-05,1.23,34,7
2018-10-10,1.07,34,6
2018-10-12,1.06,33,243
2018-10-15,1.16,33,244
2018-11-06,1.01,33,245
2018-05-24,2.35,32,48
2018-05-29,2.34,32,49
2018-05-31,2.14,32,50
2018-06-20,1.5,32,51
2018-10-11,1.36,32,52
2018-10-31,1.22,32,53
2018-11-07,1.18,32,54
2018-05-07,5.31,43,197
2018-05-10,3.82,43,200
2018-05-12,2.9,43,194
2018-05-27,2.79,43,193
2018-05-30,2.78,43,196
2018-06-01,2.86,43,195
2018-06-04,2.92,43,202
2018-06-09,2.88,43,199
2018-08-10,2.73,43,192
2018-08-20,2.74,43,201
2018-08-23,2.77,43,198
2018-10-12,1.82,43,191
2018-10-14,1.79,43,190
2018-05-07,1.85,42,69
2018-05-12,3.24,42,72
2018-05-22,3.2,42,70
2018-05-27,4.97,42,66
2018-05-30,4.54,42,65
2018-06-01,6.26,42,64
2018-06-06,8.35,42,67
2018-06-09,4.58,42,60
2018-06-29,2.36,42,62
2018-07-06,2.03,42,59
2018-07-09,1.58,42,63
2018-08-08,1.24,42,58
2018-08-13,0.99,42,68
2018-08-23,0.88,42,71
2018-08-30,1.05,42,73
2018-10-12,1.06,42,54
2018-10-14,1.02,42,55
2018-11-06,1.07,42,56
2018-11-08,1.04,42,57
2018-11-28,1.74,42,61
2018-05-05,13.0,48,99
2018-05-08,14.7,48,90
2018-05-10,17.8,48,98
2018-05-13,25.7,48,89
2018-05-23,21.5,48,96
2018-05-30,23.4,48,91
2018-06-07,34.5,48,100
2018-06-29,16.6,48,92
2018-07-07,11.5,48,93
2018-07-09,11.0,48,108
2018-07-24,9.51,48,95
2018-08-01,7.41,48,97
2018-08-08,5.89,48,94
2018-08-13,5.06,48,101
2018-08-23,5.11,48,103
2018-09-07,6.39,48,106
2018-09-10,6.41,48,102
2018-09-12,6.17,48,104
2018-09-20,13.6,48,105
2018-10-15,6.57,48,107
2018-11-06,5.89,48,88
2018-05-06,2.67,51,247
2018-05-08,2.74,51,245
2018-05-11,6.28,51,243
2018-05-13,8.52,51,241
2018-05-21,3.47,52,6
2018-06-05,5.41,51,249
2018-06-07,4.49,51,239
2018-06-10,4.12,51,248
2018-06-17,4.07,52,3
2018-06-20,3.44,51,242
2018-07-05,2.23,52,4
2018-07-15,1.03,51,240
2018-08-09,0.5,51,246
2018-09-03,0.43,52,5
2018-09-10,0.35,51,244
2018-10-10,0.29,52,2
2018-10-13,0.27,52,1
2018-10-15,0.38,52,0
2018-05-06,0.55,20,140
2018-05-08,0.71,20,130
2018-05-13,0.84,20,129
2018-05-26,1.19,20,131
2018-06-07,0.61,20,127
2018-07-07,0.39,20,128
2018-07-15,0.31,20,133
2018-08-01,0.19,20,132
2018-08-09,0.13,20,134
2018-09-03,0.23,20,139
2018-09-20,0.43,20,137
2018-10-05,0.07,20,138
2018-10-10,0.05,20,135
2018-10-13,0.05,20,136
2018-10-15,0.05,20,126
2018-05-06,0.13,51,106
2018-05-06,0.9,51,93
2018-05-21,0.17,51,109
2018-05-21,0.99,51,95
2018-05-24,0.15,51,108
2018-05-31,0.13,51,107
2018-05-31,0.99,51,90
2018-06-03,0.22,51,111
2018-06-10,0.15,51,98
2018-06-10,1.02,51,97
2018-06-20,0.13,51,100
2018-06-20,1.0,51,89
2018-06-28,0.18,51,99
2018-07-15,0.08,51,102
2018-07-15,1.0,51,96
2018-07-23,0.08,51,101
2018-08-04,0.07,51,103
2018-08-04,1.02,51,88
2018-09-03,0.06,51,104
2018-09-03,1.02,51,92
2018-10-13,0.08,51,110
2018-10-13,1.02,51,94
2018-11-07,0.08,51,105
2018-11-07,0.93,51,91
2018-05-10,2.83,36,40
2018-05-13,2.25,36,42
2018-06-07,1.54,36,39
2018-08-03,1.25,36,45
2018-08-13,0.73,36,41
2018-08-23,0.51,36,44
2018-09-07,0.38,36,48
2018-09-20,7.74,36,50
2018-10-05,0.55,36,49
2018-10-10,0.42,36,47
2018-10-12,1.86,36,46
2018-10-15,1.31,36,43
2018-05-08,0.13,45,141
2018-05-10,0.24,45,142
2018-05-30,0.18,45,140
2018-06-04,1.02,45,150
2018-06-09,0.52,45,139
2018-07-09,0.12,45,148
2018-07-19,0.08,45,149
2018-07-22,0.07,45,152
2018-08-01,0.06,45,147
2018-08-08,0.032,45,151
2018-08-23,0.05,45,143
2018-09-10,0.06,45,144
2018-09-20,0.1,45,146
2018-10-12,0.25,45,138
2018-10-15,0.13,45,145
2018-05-06,3.47,51,37
2018-05-08,3.52,51,38
2018-05-13,4.89,51,39
2018-05-21,4.02,51,34
2018-05-31,3.46,51,33
2018-06-07,4.28,51,36
2018-06-20,3.87,51,35
2018-07-05,3.23,51,31
2018-07-15,2.7,51,44
2018-08-04,2.13,51,40
2018-08-09,1.91,51,41
2018-09-03,1.79,51,45
2018-10-13,1.86,51,42
2018-10-15,1.86,51,32
2018-10-18,1.8,51,43
2018-05-30,1.79,40,122
2018-06-19,1.85,40,125
2018-06-29,1.3,40,126
2018-08-03,0.89,40,130
2018-08-08,0.85,40,123
2018-08-13,0.98,40,124
2018-08-23,0.93,40,127
2018-08-28,1.13,40,128
2018-09-02,1.03,40,129
2018-10-12,1.24,40,121
2018-10-17,1.24,40,131
2018-05-13,5.74,18,136
2018-05-13,3.0,18,146
2018-06-07,5.08,18,137
2018-06-07,3.0,18,147
2018-08-29,6.8,18,143
2018-08-29,2.97,18,153
2018-09-20,6.72,18,141
2018-09-20,3.0,18,151
2018-09-28,3.44,18,134
2018-09-28,2.44,18,144
2018-09-30,3.04,18,138
2018-09-30,2.16,18,148
2018-10-05,2.21,18,142
2018-10-05,1.32,18,152
2018-10-10,1.93,18,140
2018-10-10,1.09,18,150
2018-10-13,1.89,18,139
2018-10-13,1.06,18,149
2018-10-15,1.97,18,135
2018-10-15,1.08,18,145
2018-05-07,1.93,47,233
2018-05-10,4.74,47,235
2018-05-12,6.3,47,230
2018-05-27,3.58,47,237
2018-05-30,3.63,47,229
2018-06-01,10.6,47,226
2018-06-04,34.7,47,227
2018-06-06,16.7,47,238
2018-06-09,8.56,47,225
2018-06-29,1.65,47,228
2018-08-08,0.91,47,231
2018-08-10,0.82,47,236
2018-08-20,0.79,47,234
2018-08-23,0.94,47,232
2018-10-12,0.84,47,223
2018-10-14,0.81,47,224
2018-05-06,29.3,49,188
2018-05-13,27.7,49,186
2018-06-07,26.1,49,187
2018-06-20,23.3,49,184
2018-10-15,11.1,49,185
2018-05-03,3.14,40,180
2018-05-13,5.48,40,182
2018-05-30,8.59,40,186
2018-06-07,4.22,40,178
2018-07-07,1.27,40,176
2018-08-08,1.3,40,177
2018-08-13,1.29,40,179
2018-08-23,1.35,40,181
2018-08-28,1.3,40,187
2018-09-02,1.25,40,183
2018-09-20,4.53,40,185
2018-10-05,1.5,40,184
2018-10-10,2.19,40,173
2018-10-12,1.58,40,174
2018-10-15,1.52,40,188
2018-11-29,1.26,40,175
2018-05-06,12.9,51,68
2018-05-08,12.0,51,71
2018-05-11,12.3,51,70
2018-05-13,14.5,51,61
2018-05-21,11.6,51,73
2018-05-31,11.0,51,62
2018-06-07,14.1,51,63
2018-06-20,13.4,51,64
2018-07-05,9.57,51,67
2018-07-07,9.37,51,74
2018-08-01,5.91,51,65
2018-08-04,5.72,51,72
2018-09-03,4.81,51,69
2018-10-13,5.14,51,75
2018-10-15,5.19,51,66
2018-05-10,1.51,52,192
2018-05-20,1.25,52,190
2018-05-30,1.31,52,187
2018-06-04,1.63,52,199
2018-06-09,1.43,52,191
2018-07-09,1.13,52,193
2018-07-22,0.98,52,188
2018-08-03,0.72,52,197
2018-08-08,0.68,52,198
2018-08-23,0.62,52,189
2018-09-10,0.57,52,194
2018-09-20,0.87,52,195
2018-10-12,0.82,52,186
2018-10-15,0.65,52,196
2018-05-08,2.9,48,77
2018-05-13,7.33,48,76
2018-06-07,5.78,48,73
2018-07-07,4.02,48,74
2018-08-01,2.17,48,75
2018-09-20,3.04,48,79
2018-10-15,1.97,48,78
2018-05-13,0.46,34,88
2018-06-07,0.33,34,85
2018-07-07,0.23,34,90
2018-08-01,0.06,34,87
2018-09-20,0.87,34,89
2018-10-05,0.08,34,91
2018-10-10,0.06,34,92
2018-10-15,0.05,34,86
2018-05-03,7.65,37,55
2018-05-05,7.43,37,61
2018-05-10,9.29,37,59
2018-05-13,10.6,37,71
2018-05-20,10.7,37,56
2018-05-30,17.8,37,72
2018-06-07,12.7,37,57
2018-07-04,6.62,37,65
2018-07-07,5.72,37,54
2018-07-24,6.82,37,58
2018-08-08,4.98,37,60
2018-08-13,5.93,37,66
2018-09-10,4.0,37,62
2018-09-12,4.71,37,63
2018-09-20,10.4,37,64
2018-10-05,4.88,37,68
2018-10-10,4.1,37,67
2018-10-12,9.33,37,70
2018-10-15,6.86,37,69
2018-05-30,8.73,38,50
2018-08-13,1.0,38,51
2018-10-12,0.77,38,52
2018-10-17,0.55,38,53
2018-05-06,1.01,21,43
2018-05-21,1.84,21,46
2018-05-29,1.96,21,42
2018-05-31,1.89,21,35
2018-07-03,0.68,21,45
2018-07-20,0.68,21,38
2018-08-07,0.17,21,39
2018-08-17,0.14,21,37
2018-08-27,0.18,21,36
2018-08-29,0.16,21,40
2018-10-11,0.009,21,33
2018-10-13,0.007,21,41
2018-10-16,0.006,21,44
2018-10-31,0.006,21,34
2018-05-06,0.55,22,19
2018-05-31,0.47,22,21
2018-07-20,0.46,22,14
2018-08-07,0.4,22,16
2018-08-27,0.32,22,15
2018-08-29,0.32,22,18
2018-10-11,0.22,22,12
2018-10-13,0.22,22,17
2018-10-16,0.22,22,20
2018-10-18,0.22,22,22
2018-10-31,0.22,22,13
2018-05-06,18.8,23,239
2018-05-08,19.6,23,238
2018-05-13,22.4,23,237
2018-06-07,27.5,23,235
2018-07-05,16.8,23,241
2018-07-07,16.7,23,234
2018-07-20,25.0,23,247
2018-08-01,14.4,23,236
2018-08-04,14.3,23,242
2018-08-09,11.6,23,245
2018-09-10,9.36,23,246
2018-09-20,17.3,23,243
2018-10-10,11.0,23,240
2018-10-13,11.0,23,244
2018-10-15,11.8,23,232
2018-11-17,9.73,23,233
2018-05-10,59.8,45,48
2018-05-30,53.1,45,44
2018-06-04,72.2,45,49
2018-06-07,81.6,45,42
2018-06-09,81.8,45,45
2018-07-09,45.8,45,47
2018-08-08,11.2,45,43
2018-08-23,7.94,45,46
2018-10-12,12.8,45,41
2018-05-05,1.84,52,51
2018-05-08,1.94,52,56
2018-05-10,2.07,52,60
2018-05-13,3.31,52,52
2018-05-20,2.78,52,55
2018-05-30,2.22,52,53
2018-06-02,5.89,52,65
2018-06-04,5.33,52,66
2018-06-07,3.97,52,58
2018-06-09,3.57,52,57
2018-06-17,3.74,52,54
2018-07-04,2.14,52,61
2018-08-08,0.51,52,50
2018-08-23,0.42,52,59
2018-09-07,0.38,52,63
2018-09-10,0.4,52,62
2018-10-10,0.32,52,67
2018-10-12,0.3,52,49
2018-10-15,0.3,52,64
2018-05-13,1.97,19,231
2018-05-13,9.87,19,159
2018-06-07,0.69,19,230
2018-06-07,2.3,19,158
2018-07-05,0.38,19,232
2018-08-01,0.33,19,233
2018-08-01,1.24,19,160
2018-09-28,0.21,19,226
2018-09-28,0.89,19,154
2018-10-10,0.25,19,228
2018-10-10,0.43,19,156
2018-10-13,0.24,19,229
2018-10-13,0.44,19,157
2018-10-15,0.2,19,227
2018-10-15,0.43,19,155
2018-10-10,0.4,40,132
2018-10-12,0.82,40,133
2018-05-04,12.4,31,219
2018-05-06,12.3,31,209
2018-05-14,24.8,31,210
2018-05-19,15.3,31,208
2018-05-21,14.5,31,212
2018-05-24,14.6,31,204
2018-05-29,13.4,31,213
2018-05-31,13.2,31,205
2018-06-03,19.8,31,202
2018-06-05,18.0,31,211
2018-06-08,15.2,31,206
2018-06-10,14.0,31,203
2018-06-20,12.0,31,207
2018-06-28,11.8,31,214
2018-07-15,9.66,31,217
2018-07-20,9.22,31,221
2018-07-25,9.16,31,220
2018-08-17,7.49,31,215
2018-08-22,7.23,31,222
2018-10-06,7.49,31,216
2018-10-11,7.0,31,199
2018-10-13,7.12,31,218
2018-10-31,7.31,31,200
2018-11-07,7.02,31,201
2018-06-07,31.3,18,1
2018-10-15,10.7,18,0
2018-05-04,15.6,31,13
2018-05-06,17.2,31,11
2018-05-14,28.8,31,5
2018-05-19,19.5,31,10
2018-05-21,17.9,31,12
2018-05-24,18.5,31,6
2018-05-29,18.7,30,249
2018-05-31,19.1,31,0
2018-06-03,21.9,31,1
2018-06-05,23.7,31,7
2018-06-08,20.8,31,3
2018-06-10,18.4,31,9
2018-06-20,17.7,31,2
2018-07-23,13.8,31,14
2018-07-25,13.1,31,8
2018-07-30,13.0,31,4
2018-08-17,10.8,31,17
2018-10-06,14.6,31,15
2018-10-11,13.5,30,246
2018-10-13,14.0,31,16
2018-10-31,14.0,30,247
2018-11-07,12.8,30,248
2018-05-02,3.56,39,143
2018-05-12,12.0,39,147
2018-05-27,9.38,39,144
2018-05-30,7.84,39,145
2018-06-01,9.12,39,142
2018-06-06,8.82,39,146
2018-08-03,1.49,39,153
2018-08-20,2.11,39,150
2018-08-23,1.57,39,149
2018-08-30,4.2,39,151
2018-09-02,3.64,39,148
2018-10-12,2.85,39,139
2018-10-14,2.8,39,140
2018-10-17,2.8,39,152
2018-11-08,3.03,39,141
2018-05-08,2.1,45,116
2018-05-10,2.56,45,117
2018-05-30,2.63,45,111
2018-06-04,7.35,45,115
2018-06-07,6.66,45,119
2018-06-09,6.1,45,110
2018-06-27,3.25,45,121
2018-07-24,0.71,45,112
2018-08-08,0.35,45,113
2018-08-23,0.24,45,114
2018-09-10,0.26,45,118
2018-09-20,0.66,45,120
2018-10-12,0.81,45,109
2018-05-06,683.0,33,168
2018-05-08,715.0,33,164
2018-05-13,1300.0,33,173
2018-05-31,1230.0,33,163
2018-06-07,1830.0,33,167
2018-06-20,1380.0,33,166
2018-07-05,946.0,33,169
2018-07-07,904.0,33,165
2018-07-15,657.0,33,172
2018-08-01,616.0,33,162
2018-08-04,574.0,33,170
2018-09-10,472.0,33,171
2018-10-13,462.0,33,174
2018-10-15,544.0,33,161
2018-05-04,1.72,28,174
2018-05-06,1.72,28,173
2018-05-09,1.77,28,182
2018-05-19,1.88,28,176
2018-05-21,1.77,28,175
2018-05-29,1.83,28,172
2018-06-08,1.61,28,177
2018-07-15,1.1,28,180
2018-07-20,1.01,28,181
2018-08-04,0.77,28,185
2018-08-07,0.76,28,178
2018-08-09,0.8,28,183
2018-08-22,0.71,28,179
2018-08-29,0.7,28,188
2018-09-08,0.88,28,184
2018-10-11,0.92,28,186
2018-10-13,0.82,28,187
2018-10-16,0.75,28,189
2018-10-31,0.89,28,170
2018-11-07,0.93,28,171
2018-10-11,0.4,21,74
2018-10-13,0.28,21,76
2018-10-16,0.26,21,77
2018-10-31,0.28,21,75
2018-05-07,0.65,44,141
2018-05-10,1.74,44,140
2018-05-12,2.24,44,138
2018-05-27,1.46,44,139
2018-05-30,1.56,44,134
2018-06-01,3.64,44,135
2018-06-04,16.8,44,144
2018-06-06,8.62,44,143
2018-06-09,3.84,44,142
2018-08-08,0.39,44,133
2018-08-20,0.26,44,137
2018-08-23,0.25,44,136
2018-10-12,0.22,44,131
2018-10-14,0.21,44,132
2018-05-06,0.18,20,185
2018-07-20,0.11,20,186
2018-08-29,0.11,20,184
2018-10-13,0.02,20,187
2018-05-04,8.59,50,38
2018-05-06,8.58,50,36
2018-05-09,8.57,50,37
2018-05-14,9.12,50,40
2018-05-19,9.1,50,34
2018-05-24,8.66,50,32
2018-05-29,8.45,50,30
2018-06-03,8.76,50,28
2018-06-08,8.55,50,31
2018-06-20,8.54,50,29
2018-07-05,7.77,50,27
2018-07-15,6.92,50,33
2018-08-04,6.26,50,35
2018-08-22,4.46,50,41
2018-10-06,6.13,50,42
2018-10-11,6.06,50,39
2018-10-13,6.06,50,43
2018-10-18,5.99,50,44
2018-10-31,5.67,50,25
2018-11-07,5.8,50,26
2018-05-06,3.73,30,126
2018-05-14,5.69,30,125
2018-05-19,4.67,30,118
2018-05-24,4.5,30,122
2018-05-29,4.39,30,124
2018-06-03,4.92,30,119
2018-06-08,4.38,30,120
2018-06-20,3.95,30,121
2018-07-15,3.03,30,117
2018-07-20,2.91,30,130
2018-07-25,2.83,30,116
2018-07-30,2.75,30,123
2018-08-22,2.86,30,131
2018-09-03,2.55,30,129
2018-10-06,3.28,30,128
2018-10-11,2.99,30,113
2018-10-13,2.95,30,127
2018-10-31,2.95,30,114
2018-11-07,2.9,30,115
2018-10-10,3.95,18,169
2018-10-10,0.09,18,171
2018-10-15,1.44,18,168
2018-10-15,0.06,18,170
2018-05-03,1.74,34,156
2018-05-13,22.1,34,150
2018-06-07,7.2,34,146
2018-07-04,2.76,34,154
2018-07-29,2.93,34,149
2018-08-03,4.03,34,144
2018-08-13,2.93,34,147
2018-08-23,5.14,34,145
2018-09-07,2.29,34,151
2018-09-10,2.38,34,152
2018-09-12,2.38,34,148
2018-09-20,46.1,34,153
2018-10-05,6.88,34,155
2018-10-10,2.2,34,157
2018-10-12,4.77,34,141
2018-10-15,2.25,34,142
2018-11-06,7.72,34,143
2018-05-10,9.66,37,30
2018-08-13,1.38,37,29
2018-08-23,1.66,37,31
2018-09-07,0.91,37,33
2018-10-12,1.85,37,32
2018-05-04,129.0,18,60
2018-05-06,127.0,18,62
2018-05-21,213.0,18,59
2018-05-26,187.0,18,55
2018-05-29,177.0,18,51
2018-05-31,174.0,18,58
2018-07-03,102.0,18,53
2018-07-15,88.4,18,54
2018-08-04,83.7,18,63
2018-08-07,117.0,18,52
2018-08-09,105.0,18,64
2018-08-17,94.9,18,65
2018-08-22,68.6,18,61
2018-10-11,61.5,18,50
2018-10-13,57.6,18,57
2018-10-31,64.9,18,56
2018-05-05,0.55,39,3
2018-05-07,0.83,38,245
2018-05-12,13.5,38,248
2018-05-30,3.37,39,6
2018-06-06,13.2,38,246
2018-08-20,0.47,38,247
2018-08-23,0.5,38,249
2018-08-28,1.6,39,0
2018-08-30,2.07,39,1
2018-09-19,8.93,39,2
2018-10-09,0.51,39,4
2018-10-12,0.51,39,5
2018-10-14,0.44,38,244
2018-10-17,0.51,39,7
2018-11-06,0.39,39,8
2018-11-08,0.41,39,9
2018-05-04,1.15,29,234
2018-05-06,1.26,29,229
2018-05-09,1.98,29,231
2018-05-14,1.68,29,223
2018-05-19,1.5,29,230
2018-05-24,1.5,29,238
2018-05-29,2.22,29,225
2018-06-03,2.04,29,226
2018-06-08,1.68,29,227
2018-06-20,1.86,29,219
2018-07-05,1.17,29,232
2018-07-15,1.17,29,220
2018-07-20,1.17,29,221
2018-07-25,1.17,29,228
2018-08-17,1.03,29,233
2018-08-22,0.88,29,224
2018-09-08,0.96,29,222
2018-10-06,1.03,29,235
2018-10-11,0.74,29,236
2018-10-13,0.74,29,237
2018-10-31,0.81,29,217
2018-11-07,0.79,29,218
2018-05-03,1.17,42,192
2018-05-08,1.47,42,186
2018-05-13,2.31,42,188
2018-05-30,4.14,42,182
2018-06-04,9.64,42,196
2018-06-07,4.67,42,181
2018-06-09,3.78,42,183
2018-06-29,1.44,42,184
2018-07-07,1.36,42,199
2018-07-09,1.28,42,198
2018-07-24,1.28,42,185
2018-08-01,0.92,42,189
2018-08-08,0.7,42,178
2018-08-13,0.65,42,187
2018-08-23,0.74,42,190
2018-09-02,0.68,42,193
2018-09-10,0.54,42,197
2018-09-20,0.71,42,191
2018-10-10,0.57,42,179
2018-10-12,1.0,42,194
2018-10-15,0.77,42,195
2018-11-06,0.52,42,180
2018-05-08,1.4,45,237
2018-05-10,2.94,45,238
2018-05-30,2.07,45,240
2018-06-04,18.6,45,247
2018-06-07,6.83,45,239
2018-06-09,4.3,45,241
2018-07-09,1.08,45,242
2018-08-08,0.68,45,243
2018-08-23,0.5,45,244
2018-09-10,0.56,45,245
2018-09-20,1.87,45,246
2018-10-12,0.76,45,236
2018-05-13,39.2,34,169
2018-06-07,8.47,34,165
2018-07-04,2.0,34,167
2018-07-29,1.95,34,168
2018-08-03,2.1,34,166
2018-08-23,2.05,34,171
2018-09-07,2.19,34,174
2018-09-10,2.22,34,175
2018-09-12,2.2,34,170
2018-09-20,110.0,34,173
2018-10-05,1.95,34,176
2018-10-10,2.07,34,172
2018-10-12,2.06,34,162
2018-10-15,1.97,34,163
2018-11-06,25.8,34,164
2018-05-08,3.14,45,230
2018-05-10,2.01,45,233
2018-05-30,1.24,45,227
2018-06-04,1.46,45,228
2018-06-07,1.04,45,226
2018-06-09,1.08,45,221
2018-07-09,1.18,45,234
2018-07-19,0.79,45,222
2018-07-22,0.71,45,231
2018-08-08,0.4,45,223
2018-08-23,0.38,45,229
2018-09-10,0.34,45,224
2018-09-20,0.34,45,225
2018-10-12,0.54,45,220
2018-10-15,0.57,45,232
2018-10-17,0.57,45,235
2018-05-06,9.58,50,164
2018-05-31,9.4,50,165
2018-06-20,9.1,50,162
2018-07-05,8.46,50,163
2018-07-15,7.8,50,169
2018-07-20,7.13,50,166
2018-08-04,6.46,50,168
2018-09-03,5.97,50,167
2018-11-07,4.9,50,161
2018-05-04,3.51,27,125
2018-05-06,3.44,27,128
2018-05-09,3.58,27,124
2018-05-14,5.37,27,121
2018-05-19,4.21,27,119
2018-05-21,4.0,27,132
2018-05-29,3.79,27,115
2018-06-03,4.38,27,114
2018-06-08,3.93,27,118
2018-06-20,3.58,27,116
2018-07-05,3.68,27,117
2018-07-15,2.92,27,123
2018-07-20,2.64,27,126
2018-07-25,2.44,27,120
2018-08-04,2.18,27,129
2018-08-09,1.92,27,130
2018-10-06,3.36,27,131
2018-10-11,2.92,27,122
2018-10-13,2.78,27,127
2018-10-31,2.23,27,112
2018-11-07,2.14,27,113
2018-05-03,1.06,46,189
2018-05-08,1.27,46,194
2018-05-10,1.82,46,185
2018-05-23,2.0,46,198
2018-05-30,2.43,46,193
2018-06-04,7.47,46,200
2018-06-07,4.48,46,195
2018-06-09,3.15,46,190
2018-07-07,0.89,46,186
2018-07-09,0.78,46,187
2018-07-24,1.18,46,182
2018-08-01,0.8,46,183
2018-08-08,0.46,46,197
2018-08-23,0.26,46,184
2018-09-10,0.26,46,192
2018-09-12,0.24,46,191
2018-09-20,1.35,46,188
2018-10-12,0.58,46,181
2018-10-15,0.61,46,199
2018-10-17,0.51,46,196
2018-05-10,70.5,36,113
2018-08-13,51.1,36,112
2018-08-23,33.1,36,114
2018-09-07,46.1,36,116
2018-10-12,87.2,36,115
2018-06-07,0.68,33,216
2018-10-10,0.91,33,215
2018-10-12,0.88,33,212
2018-10-15,0.84,33,213
2018-11-06,2.06,33,214
2018-10-10,0.34,33,197
2018-10-15,0.37,33,196
2018-05-30,12.7,40,198
2018-06-19,7.05,40,197
2018-06-29,6.46,40,199
2018-08-03,6.87,40,203
2018-08-08,4.63,40,200
2018-08-13,4.69,40,201
2018-08-23,4.44,40,202
2018-08-28,4.3,40,205
2018-09-02,4.41,40,204
2018-10-12,6.75,40,196
2018-05-03,25.0,32,195
2018-05-10,50.8,32,201
2018-05-13,66.0,32,191
2018-06-07,32.1,32,189
2018-07-04,22.1,32,193
2018-08-03,42.2,32,190
2018-08-13,22.6,32,199
2018-08-23,13.0,32,198
2018-09-07,21.6,32,196
2018-09-10,11.1,32,194
2018-09-12,10.9,32,192
2018-09-20,207.0,32,197
2018-10-05,12.8,32,200
2018-10-10,8.73,32,202
2018-10-12,9.6,32,186
2018-10-15,12.3,32,187
2018-11-06,40.6,32,188
2018-05-10,5.22,52,201
2018-05-30,4.77,52,207
2018-06-04,5.45,52,206
2018-06-09,5.45,52,202
2018-07-09,4.65,52,205
2018-07-19,4.31,52,209
2018-08-03,3.16,52,203
2018-08-08,2.72,52,204
2018-08-23,2.13,52,208
2018-10-12,2.72,52,200
2018-05-03,0.68,37,109
2018-05-05,0.49,37,103
2018-05-10,1.1,37,99
2018-05-13,1.47,37,101
2018-05-20,0.81,37,100
2018-05-30,2.93,37,96
2018-06-07,1.08,37,94
2018-07-04,0.55,37,108
2018-07-07,0.49,37,95
2018-07-24,0.55,37,98
2018-08-08,0.45,37,97
2018-08-13,0.66,37,104
2018-09-12,0.41,37,107
2018-09-20,1.1,37,111
2018-10-05,0.42,37,110
2018-10-10,0.71,37,106
2018-10-12,1.79,37,105
2018-10-15,0.83,37,102
2018-05-06,7.05,24,216
2018-05-08,7.19,24,213
2018-05-11,7.32,24,218
2018-05-13,8.49,24,212
2018-05-21,8.94,24,219
2018-06-07,9.24,24,208
2018-07-05,9.68,24,210
2018-07-07,6.55,24,206
2018-07-20,13.0,24,211
2018-08-01,4.21,24,209
2018-08-09,2.3,24,217
2018-08-29,4.05,24,221
2018-09-20,14.5,24,220
2018-10-10,4.25,24,214
2018-10-13,3.89,24,215
2018-10-15,3.51,24,205
2018-11-17,4.3,24,207
2018-05-03,4.06,43,70
2018-05-05,3.9,43,67
2018-05-10,4.61,43,62
2018-05-13,5.44,43,64
2018-05-20,4.78,43,69
2018-05-30,8.58,43,65
2018-06-07,6.08,43,60
2018-07-04,3.28,43,66
2018-07-07,2.76,43,61
2018-08-08,1.46,43,63
2018-08-13,1.31,43,68
2018-09-10,1.13,43,72
2018-09-12,1.11,43,71
2018-09-20,8.79,43,73
2018-10-05,2.34,43,74
2018-10-12,2.12,43,76
2018-10-15,1.92,43,75
2018-05-06,8.22,22,71
2018-05-21,15.1,22,68
2018-05-29,12.5,22,70
2018-05-31,10.5,22,66
2018-07-03,12.6,22,69
2018-08-07,5.3,22,67
2018-08-17,5.98,22,72
2018-08-27,5.22,22,73
2018-08-29,4.94,22,74
2018-10-11,5.17,22,64
2018-10-13,4.94,22,75
2018-10-16,4.87,22,76
2018-10-31,4.9,22,65
2018-06-09,617.0,33,53
2018-08-08,266.0,33,51
2018-10-12,262.0,33,52
2018-11-06,193.0,33,50
2018-05-10,15.7,45,17
2018-05-30,15.0,45,16
2018-06-04,33.9,45,22
2018-06-09,36.4,45,20
2018-07-09,9.24,45,18
2018-07-19,7.16,45,19
2018-08-08,3.57,45,21
2018-08-23,2.68,45,15
2018-10-12,5.09,45,14
2018-10-17,4.87,45,23
2018-05-13,7.79,35,224
2018-06-07,8.94,35,223
2018-08-13,3.59,35,225
2018-10-10,3.63,35,221
2018-10-12,3.36,35,222
2018-10-15,8.83,35,220
2018-05-03,1.81,36,56
2018-05-10,2.1,36,51
2018-05-13,2.73,36,54
2018-06-07,2.23,36,52
2018-08-03,1.53,36,53
2018-08-13,1.62,36,55
2018-08-23,1.29,36,57
2018-09-07,0.99,36,63
2018-09-20,1.84,36,61
2018-10-05,1.06,36,60
2018-10-10,0.99,36,62
2018-10-12,2.42,36,59
2018-10-15,1.88,36,58
2018-05-03,0.52,19,77
2018-05-06,0.55,19,74
2018-05-13,0.88,19,75
2018-05-26,0.83,19,79
2018-06-07,0.65,19,70
2018-07-05,0.55,19,72
2018-07-15,0.36,19,71
2018-07-20,0.56,19,76
2018-08-01,0.37,19,73
2018-08-04,0.45,19,86
2018-08-09,0.37,19,78
2018-08-29,0.43,19,82
2018-09-03,0.42,19,87
2018-09-20,0.43,19,84
2018-09-28,0.26,19,67
2018-09-30,0.3,19,85
2018-10-05,0.24,19,81
2018-10-10,0.19,19,83
2018-10-13,0.19,19,80
2018-10-15,0.18,19,68
2018-11-17,0.21,19,69
2018-05-04,27.9,22,85
2018-05-06,20.9,22,94
2018-05-21,46.3,22,104
2018-05-26,36.4,22,96
2018-05-29,33.3,22,99
2018-05-31,27.3,22,87
2018-05-08,35.9,46,19
2018-05-10,36.3,46,20
2018-05-30,35.6,46,14
2018-06-07,42.5,46,13
2018-06-09,40.4,46,16
2018-07-24,22.4,46,17
2018-08-08,15.5,46,15
2018-08-23,10.6,46,18
2018-09-10,9.18,46,21
2018-09-20,14.4,46,22
2018-10-12,12.8,46,12
2018-05-04,5.04,28,205
2018-05-09,4.93,28,201
2018-05-14,5.15,28,202
2018-05-29,4.93,28,203
2018-06-08,4.61,28,198
2018-08-07,2.06,28,200
2018-08-17,1.5,28,204
2018-08-22,1.42,28,199
2018-10-06,0.37,28,206
2018-10-11,0.21,28,197
2018-10-31,0.16,28,207
2018-05-12,57.8,47,10
2018-05-27,86.0,47,7
2018-05-30,92.6,47,6
2018-06-01,98.2,47,1
2018-06-06,115.0,47,0
2018-06-09,114.0,47,5
2018-06-21,93.6,47,9
2018-07-09,32.8,47,3
2018-08-03,18.7,47,2
2018-08-08,14.6,47,4
2018-08-13,15.1,46,249
2018-08-20,17.5,47,11
2018-08-23,24.2,47,8
2018-10-12,32.2,46,246
2018-10-14,30.8,46,247
2018-11-08,20.8,46,248
2018-05-04,28.9,28,74
2018-05-06,28.0,28,73
2018-05-14,30.8,28,76
2018-05-19,29.7,28,79
2018-05-21,29.4,28,78
2018-05-29,28.0,28,72
2018-06-08,28.9,28,75
2018-07-15,25.0,28,83
2018-07-20,22.2,28,81
2018-08-04,19.9,28,84
2018-08-07,19.0,28,77
2018-08-09,18.3,28,82
2018-08-22,16.2,28,80
2018-09-08,14.6,28,87
2018-10-11,14.6,28,85
2018-10-13,14.3,28,86
2018-10-31,13.3,28,70
2018-11-07,13.5,28,71
2018-05-04,15.0,28,63
2018-05-06,14.5,28,59
2018-05-09,14.0,28,61
2018-05-14,15.2,28,67
2018-05-19,14.3,28,68
2018-05-21,13.8,28,66
2018-05-24,13.8,28,69
2018-05-29,13.5,28,53
2018-06-03,13.6,28,51
2018-06-08,13.5,28,58
2018-06-20,13.1,28,54
2018-07-05,13.5,28,52
2018-08-04,7.9,28,57
2018-08-07,7.36,28,55
2018-08-09,6.96,28,62
2018-08-22,5.97,28,56
2018-09-08,4.32,28,48
2018-10-06,5.52,28,64
2018-10-11,5.1,28,60
2018-10-13,5.0,28,65
2018-10-31,4.4,28,49
2018-11-07,4.31,28,50
2018-05-06,6.39,28,39
2018-05-21,5.97,28,46
2018-05-24,6.18,28,45
2018-05-29,5.97,28,38
2018-06-03,6.28,28,37
2018-06-08,6.18,28,40
2018-06-20,5.76,28,41
2018-07-05,5.76,28,42
2018-08-07,2.57,28,44
2018-08-22,1.96,28,43
2018-09-08,1.79,28,34
2018-10-13,1.57,28,47
2018-10-31,1.31,28,35
2018-11-07,1.34,28,36
2018-05-04,0.23,29,143
2018-05-09,0.39,29,139
2018-05-14,0.74,29,140
2018-05-19,0.31,29,141
2018-05-24,0.37,29,136
2018-05-29,0.37,29,132
2018-06-03,0.45,29,133
2018-06-08,0.35,29,135
2018-08-07,0.15,29,137
2018-08-17,0.15,29,142
2018-08-22,0.17,29,138
2018-10-06,0.15,29,144
2018-10-11,0.14,29,145
2018-10-31,0.14,29,134
2018-05-06,2.37,20,246
2018-05-21,2.65,21,4
2018-05-29,3.71,20,247
2018-07-03,1.87,20,245
2018-07-20,2.13,20,249
2018-08-07,1.31,20,244
2018-08-17,1.37,21,1
2018-08-27,1.54,20,248
2018-08-29,1.6,21,2
2018-10-11,0.92,20,242
2018-10-13,0.87,21,0
2018-10-16,0.87,21,3
2018-10-31,0.83,20,243
2018-05-02,2.35,38,87
2018-05-07,3.1,38,85
2018-05-12,60.5,38,89
2018-05-30,9.3,38,92
2018-06-06,53.6,38,93
2018-08-20,3.31,38,88
2018-08-23,6.97,38,90
2018-08-28,24.7,38,86
2018-10-12,1.94,38,91
2018-10-14,1.75,38,83
2018-11-08,2.12,38,84
2018-05-07,35.7,38,126
2018-05-12,117.0,38,125
2018-05-27,73.5,38,129
2018-05-30,84.9,38,127
2018-06-06,77.9,38,124
2018-08-03,13.7,38,131
2018-08-13,16.0,38,130
2018-08-20,22.3,38,128
2018-08-23,29.2,38,132
2018-08-30,53.3,38,133
2018-10-12,21.7,38,134
2018-10-14,18.7,38,122
2018-10-17,19.7,38,135
2018-11-08,13.8,38,123
2018-06-07,20.8,23,230
2018-10-10,8.12,23,231
2018-10-15,8.6,23,229
2018-05-06,3.88,49,210
2018-05-08,4.14,49,215
2018-05-11,3.34,49,216
2018-05-13,3.34,49,213
2018-05-31,3.18,49,218
2018-06-07,3.18,49,207
2018-06-10,3.18,49,221
2018-06-20,3.18,49,206
2018-07-05,3.28,49,212
2018-07-07,3.17,49,220
2018-07-15,2.97,49,219
2018-08-01,3.71,49,208
2018-08-04,3.72,49,211
2018-08-09,2.65,49,209
2018-09-03,0.76,49,214
2018-10-13,0.66,49,217
2018-10-15,0.51,49,205
2018-10-13,0.1,20,172
2018-05-06,37.3,49,196
2018-05-08,37.4,49,197
2018-05-13,36.8,49,198
2018-05-23,31.9,49,202
2018-05-31,30.7,49,200
2018-06-07,33.0,49,190
2018-06-20,29.6,49,191
2018-07-05,28.9,49,192
2018-07-07,27.8,49,194
2018-07-20,23.1,49,204
2018-08-01,17.5,49,193
2018-08-04,17.9,49,195
2018-08-09,15.9,49,201
2018-09-10,11.2,49,199
2018-09-20,16.4,49,203
2018-10-15,13.0,49,189
2018-10-12,1.65,45,183
2018-05-07,7.21,44,194
2018-05-10,8.47,44,197
2018-05-12,11.6,44,196
2018-05-27,8.61,44,192
2018-05-30,8.74,44,201
2018-06-01,13.6,44,189
2018-06-04,23.1,44,200
2018-06-06,25.0,44,204
2018-06-09,25.8,44,186
2018-06-29,8.77,44,195
2018-07-09,5.86,44,191
2018-08-08,3.89,44,193
2018-08-10,3.74,44,190
2018-08-20,3.63,44,199
2018-08-23,3.66,44,198
2018-08-30,3.9,44,205
2018-09-04,4.83,44,203
2018-10-12,4.44,44,187
2018-10-14,4.31,44,188
2018-10-17,4.31,44,202
2018-05-06,667.0,33,159
2018-05-13,1380.0,33,158
2018-06-07,1780.0,33,155
2018-06-20,1330.0,33,156
2018-10-13,466.0,33,160
2018-10-15,503.0,33,157
2018-05-07,84.2,47,64
2018-05-10,93.2,47,69
2018-05-27,154.0,47,59
2018-05-30,176.0,47,56
2018-06-01,195.0,47,53
2018-06-04,247.0,47,55
2018-06-06,266.0,47,62
2018-06-09,292.0,47,58
2018-06-29,171.0,47,57
2018-07-09,90.4,47,68
2018-08-08,49.2,47,54
2018-08-10,44.7,47,65
2018-08-20,37.6,47,63
2018-08-23,36.2,47,60
2018-08-30,45.7,47,66
2018-09-12,43.4,47,61
2018-10-12,58.5,47,51
2018-10-14,62.2,47,52
2018-10-17,56.7,47,67
2018-05-06,9.25,30,233
2018-05-14,13.3,30,222
2018-05-19,9.71,30,224
2018-05-21,9.67,30,232
2018-05-24,9.83,30,230
2018-05-29,11.3,30,236
2018-06-03,12.6,30,229
2018-06-05,12.4,30,239
2018-06-08,9.96,30,223
2018-06-10,9.96,30,240
2018-06-20,9.62,30,231
2018-07-15,8.09,30,228
2018-07-20,6.79,30,227
2018-07-25,7.21,30,226
2018-07-30,6.83,30,225
2018-08-22,6.35,30,234
2018-09-03,6.74,30,238
2018-10-06,8.37,30,235
2018-10-11,6.47,30,219
2018-10-13,6.93,30,237
2018-10-31,7.01,30,220
2018-11-07,6.97,30,221
2018-05-06,1.0,27,8
2018-05-08,0.95,27,7
2018-05-13,1.0,26,248
2018-05-21,0.86,27,9
2018-05-23,0.91,27,1
2018-05-31,0.82,27,0
2018-06-07,1.26,26,245
2018-07-05,0.35,27,2
2018-07-07,0.34,26,249
2018-07-15,0.24,27,5
2018-07-20,0.21,27,4
2018-08-01,0.15,27,3
2018-08-04,0.16,27,6
2018-09-20,0.18,27,12
2018-09-30,0.14,27,11
2018-10-13,0.09,27,10
2018-10-15,0.09,26,246
2018-11-07,0.05,26,247
2018-05-08,2.04,48,222
2018-05-13,1.08,48,223
2018-06-07,0.79,48,220
2018-07-07,0.72,48,219
2018-08-01,0.57,48,221
2018-09-10,0.79,48,224
2018-09-20,3.11,48,225
2018-10-10,0.97,48,226
2018-10-15,0.64,48,218
2018-10-10,1.92,19,13
2018-10-15,1.9,19,12
2018-10-15,2.01,19,14
2018-05-29,160.0,18,43
2018-10-13,62.8,18,44
2018-10-16,66.3,18,46
2018-10-31,57.6,18,45
2018-05-30,1.72,38,45
2018-08-13,0.23,38,46
2018-08-28,0.23,38,49
2018-10-12,0.26,38,47
2018-10-17,0.14,38,48
2018-09-28,2.75,20,33
2018-10-10,1.9,20,36
2018-10-13,1.84,20,35
2018-10-15,1.75,20,34
2018-05-06,1.2,25,212
2018-05-21,2.03,25,209
2018-07-15,0.49,25,208
2018-07-20,0.42,25,210
2018-08-04,0.29,25,211
2018-10-13,0.23,25,213
2018-11-07,0.17,25,207
2018-10-10,1.53,32,128
2018-10-15,1.67,32,127
2018-05-07,2.77,40,19
2018-05-27,4.72,40,26
2018-05-30,4.22,40,25
2018-06-06,4.66,40,18
2018-08-10,0.54,40,20
2018-08-13,1.4,40,22
2018-08-20,0.74,40,21
2018-08-28,0.93,40,27
2018-08-30,1.04,40,23
2018-10-12,2.7,40,24
2018-10-14,0.86,40,16
2018-10-17,1.47,40,28
2018-11-08,0.56,40,17
2018-05-04,1.78,29,66
2018-05-06,1.93,29,52
2018-05-09,2.25,29,61
2018-05-14,3.36,29,55
2018-05-19,2.16,29,57
2018-05-21,2.06,29,60
2018-05-29,2.06,29,50
2018-06-03,2.25,29,51
2018-06-08,1.98,29,54
2018-06-20,1.74,29,56
2018-07-05,1.43,29,53
2018-08-07,0.88,29,58
2018-08-09,0.85,29,62
2018-08-17,0.83,29,63
2018-08-22,0.85,29,59
2018-09-08,0.8,29,47
2018-10-06,0.79,29,64
2018-10-13,0.75,29,65
2018-10-31,0.73,29,48
2018-11-07,0.65,29,49
2018-05-13,0.58,34,105
2018-06-07,0.47,34,104
2018-08-03,0.39,34,111
2018-08-13,0.37,34,106
2018-08-23,0.38,34,109
2018-09-12,0.27,34,107
2018-09-20,1.37,34,108
2018-10-05,0.31,34,110
2018-10-10,0.26,34,112
2018-10-12,0.46,34,101
2018-10-15,0.3,34,102
2018-11-06,0.29,34,103
2018-05-07,13.3,29,6
2018-05-29,21.0,29,7
2018-10-11,4.25,29,8
2018-10-14,4.22,29,4
2018-10-16,4.08,29,5
2018-10-31,3.64,29,9
2018-05-08,1.78,52,137
2018-05-10,2.08,52,141
2018-05-30,2.16,52,134
2018-06-02,3.37,52,135
2018-06-04,4.65,52,132
2018-06-09,4.66,52,133
2018-07-19,0.99,52,140
2018-07-24,0.85,52,139
2018-08-08,0.58,52,138
2018-10-10,0.58,52,136
2018-10-12,0.6,52,131
2018-05-03,0.51,18,190
2018-05-13,0.75,18,188
2018-06-07,0.43,18,187
2018-08-03,35.5,36,107
2018-08-23,37.7,36,106
2018-08-28,76.7,36,108
2018-09-10,0.31,18,191
2018-09-20,0.65,18,192
2018-10-10,0.35,18,189
2018-10-12,39.3,36,104
2018-10-15,0.32,18,186
2018-11-06,29.5,36,105
2018-05-06,3.31,51,120
2018-05-21,3.08,51,115
2018-05-31,2.74,51,114
2018-06-20,3.05,51,113
2018-07-15,4.0,51,117
2018-08-04,2.81,51,119
2018-09-03,1.62,51,116
2018-10-13,2.41,51,118
2018-11-07,2.45,51,112
2018-10-12,0.5,38,24
2018-10-17,0.63,38,25
2018-05-02,1.85,40,44
2018-05-07,2.66,40,40
2018-05-12,12.9,40,38
2018-05-27,8.44,40,37
2018-05-30,7.56,40,34
2018-06-01,7.82,40,33
2018-06-06,5.95,40,32
2018-08-03,0.67,40,42
2018-08-10,0.56,40,39
2018-08-13,2.36,40,35
2018-08-20,0.78,40,36
2018-08-23,0.99,40,46
2018-08-30,1.99,40,47
2018-09-02,1.11,40,43
2018-09-29,1.54,40,41
2018-10-12,0.52,40,29
2018-10-14,0.43,40,30
2018-10-17,0.87,40,45
2018-11-08,0.9,40,31
2018-05-06,2.04,27,23
2018-05-08,2.04,27,22
2018-05-13,1.9,27,16
2018-05-21,1.76,27,30
2018-05-23,1.76,27,18
2018-05-31,1.76,27,19
2018-06-07,3.34,27,15
2018-07-05,1.34,27,21
2018-07-07,1.34,27,17
2018-07-15,1.16,27,25
2018-07-20,0.98,27,26
2018-08-01,0.64,27,20
2018-08-04,0.58,27,24
2018-09-20,0.27,27,28
2018-09-30,0.23,27,27
2018-10-13,0.18,27,29
2018-10-15,0.14,27,13
2018-11-07,0.06,27,14
2018-05-03,0.39,25,59
2018-05-06,0.38,25,57
2018-05-08,0.39,25,56
2018-05-13,0.44,25,55
2018-06-07,0.49,25,52
2018-07-05,0.3,25,58
2018-07-07,0.29,25,53
2018-08-01,0.23,25,54
2018-08-09,0.22,25,61
2018-08-29,0.21,25,65
2018-09-03,0.18,25,66
2018-09-20,0.22,25,62
2018-09-28,0.17,25,63
2018-10-05,0.18,25,64
2018-10-10,0.18,25,67
2018-10-13,0.21,25,60
2018-10-15,0.21,25,50
2018-11-17,0.2,25,51
2018-05-04,253.0,24,103
2018-05-06,240.0,24,102
2018-05-29,256.0,24,101
2018-10-11,90.7,24,104
2018-10-13,87.3,24,105
2018-10-31,77.8,24,99
2018-11-07,77.6,24,100
2018-05-26,2.56,20,14
2018-07-05,1.83,20,16
2018-08-09,1.53,20,18
2018-08-29,2.15,20,15
2018-09-28,0.87,20,13
2018-10-13,0.78,20,17
2018-05-04,109.0,26,241
2018-05-06,105.0,26,240
2018-05-09,101.0,26,238
2018-05-14,113.0,26,244
2018-05-19,118.0,26,226
2018-05-21,112.0,26,236
2018-05-29,103.0,26,234
2018-06-08,114.0,26,225
2018-07-15,76.7,26,227
2018-07-20,68.7,26,228
2018-08-04,48.9,26,230
2018-08-07,47.7,26,229
2018-08-09,45.0,26,232
2018-08-22,37.4,26,231
2018-08-29,39.7,26,237
2018-09-08,33.0,26,235
2018-10-11,44.1,26,239
2018-10-13,42.9,26,233
2018-10-16,42.7,26,242
2018-10-18,42.1,26,243
2018-10-31,39.6,26,223
2018-11-07,40.2,26,224
2018-05-04,493.0,18,133
2018-05-07,461.0,18,131
2018-05-09,464.0,18,117
2018-05-14,493.0,18,123
2018-05-29,538.0,18,127
2018-06-06,546.0,18,120
2018-06-08,555.0,18,132
2018-07-03,434.0,18,124
2018-07-23,313.0,18,115
2018-07-31,267.0,18,130
2018-08-07,244.0,18,128
2018-08-17,222.0,18,122
2018-08-22,211.0,18,116
2018-09-04,184.0,18,118
2018-09-09,186.0,18,119
2018-09-19,193.0,18,121
2018-10-06,196.0,18,126
2018-10-11,180.0,18,113
2018-10-14,172.0,18,114
2018-10-21,169.0,18,125
2018-10-31,165.0,18,129
2018-05-12,5.24,47,96
2018-05-27,9.07,47,100
2018-06-01,12.2,47,94
2018-06-06,12.0,47,98
2018-06-21,3.12,47,97
2018-08-20,1.28,47,95
2018-08-30,1.25,47,99
2018-10-14,1.02,47,92
2018-11-08,0.77,47,93
2018-05-03,0.58,33,193
2018-05-13,1.63,33,190
2018-06-07,1.08,33,189
2018-09-10,0.3,33,191
2018-09-20,21.2,33,192
2018-10-05,0.33,33,194
2018-10-10,0.18,33,195
2018-10-15,0.13,33,188
2018-05-08,2.71,24,184
2018-05-13,3.68,24,181
2018-06-07,5.09,24,180
2018-07-07,2.0,24,182
2018-08-01,1.76,24,179
2018-09-10,0.8,24,183
2018-09-20,2.74,24,185
2018-10-10,1.13,24,186
2018-10-15,1.2,24,178
2018-05-04,4.7,30,184
2018-05-06,5.39,30,185
2018-05-09,7.0,30,193
2018-05-14,11.0,30,181
2018-05-19,5.68,30,191
2018-05-24,5.96,30,192
2018-05-29,6.01,30,187
2018-05-31,6.57,30,179
2018-06-08,6.13,30,196
2018-06-20,5.7,30,199
2018-07-20,4.52,30,194
2018-07-23,4.45,30,180
2018-07-25,4.33,30,188
2018-07-30,4.33,30,189
2018-08-09,4.04,30,182
2018-08-22,6.05,30,190
2018-09-03,4.55,30,186
2018-09-08,4.55,30,183
2018-10-06,5.13,30,195
2018-10-11,4.65,30,177
2018-10-13,4.58,30,197
2018-10-31,4.08,30,198
2018-11-07,4.33,30,178
2018-05-01,1.5,19,7
2018-05-03,1.46,19,8
2018-05-06,1.35,19,0
2018-05-13,1.52,19,3
2018-06-07,1.22,19,1
2018-07-05,1.59,19,2
2018-08-04,2.29,19,4
2018-09-10,0.94,19,9
2018-09-28,0.86,18,247
2018-10-10,0.88,19,6
2018-10-13,0.78,19,5
2018-10-15,0.73,18,248
2018-11-17,0.74,18,249
2018-05-07,2.61,38,73
2018-05-12,2.89,38,75
2018-05-27,6.69,38,69
2018-05-30,10.1,38,72
2018-06-01,10.2,38,68
2018-06-06,7.19,38,70
2018-06-29,1.74,38,82
2018-08-03,1.46,38,67
2018-08-08,0.54,38,71
2018-08-13,0.61,38,74
2018-08-20,0.88,38,76
2018-08-23,0.95,38,77
2018-08-28,0.98,38,80
2018-08-30,0.94,38,79
2018-09-02,0.93,38,78
2018-10-12,1.45,38,64
2018-10-14,2.19,38,65
2018-10-17,1.24,38,81
2018-11-08,1.59,38,66
2018-05-07,0.31,44,154
2018-05-12,0.85,44,150
2018-05-27,0.63,44,151
2018-05-30,0.6,44,152
2018-06-01,1.28,44,148
2018-06-04,3.48,44,149
2018-06-09,1.57,44,147
2018-08-08,0.09,44,157
2018-08-10,0.09,44,153
2018-08-20,0.07,44,156
2018-08-23,0.07,44,155
2018-10-12,0.06,44,145
2018-10-14,0.05,44,146
2018-05-06,806.0,33,179
2018-05-13,1320.0,33,178
2018-06-07,2000.0,33,176
2018-06-20,1560.0,33,177
2018-10-13,552.0,33,180
2018-10-15,626.0,33,175
2018-05-10,6.81,37,26
2018-08-03,0.65,37,25
2018-08-13,1.05,37,24
2018-08-23,1.34,37,27
2018-09-07,0.63,37,28
2018-10-12,0.49,37,22
2018-11-06,0.29,37,23
2018-05-06,1.54,22,225
2018-05-21,1.56,22,224
2018-05-31,2.66,22,222
2018-07-03,1.09,22,223
2018-08-07,1.02,22,221
2018-08-17,0.92,22,228
2018-10-11,0.42,22,219
2018-10-13,0.31,22,226
2018-10-16,0.27,22,227
2018-10-31,0.3,22,220
2018-05-06,0.45,24,239
2018-05-08,0.49,24,230
2018-05-11,0.63,24,237
2018-05-13,0.85,24,228
2018-05-21,0.78,24,234
2018-06-07,1.31,24,225
2018-07-05,0.6,24,226
2018-07-07,0.42,24,222
2018-07-20,1.49,24,231
2018-08-01,0.22,24,229
2018-08-04,0.24,24,227
2018-08-09,0.14,24,236
2018-09-10,0.09,24,235
2018-09-20,1.94,24,238
2018-10-10,0.1,24,232
2018-10-13,0.08,24,233
2018-10-15,0.08,24,223
2018-11-17,0.07,24,224
2018-05-04,17.0,23,90
2018-05-14,28.7,23,86
2018-05-29,23.2,23,85
2018-07-03,15.0,23,84
2018-07-23,11.1,23,89
2018-08-07,8.11,23,87
2018-08-17,8.29,23,91
2018-08-22,7.45,23,88
2018-10-11,5.44,23,83
2018-05-03,246.0,33,71
2018-05-08,337.0,33,68
2018-05-13,699.0,33,62
2018-05-30,621.0,33,63
2018-06-04,784.0,33,59
2018-06-07,810.0,33,60
2018-06-09,692.0,33,56
2018-06-29,372.0,33,57
2018-07-07,300.0,33,72
2018-07-09,285.0,33,61
2018-07-24,366.0,33,74
2018-08-01,268.0,33,64
2018-08-08,262.0,33,58
2018-08-23,226.0,33,69
2018-09-02,289.0,33,73
2018-09-10,246.0,33,66
2018-09-20,272.0,33,70
2018-10-10,297.0,33,54
2018-10-12,284.0,33,67
2018-10-15,296.0,33,65
2018-11-06,217.0,33,55
2018-05-04,7.76,27,69
2018-05-06,7.67,27,65
2018-05-09,7.41,27,68
2018-05-14,7.23,27,62
2018-05-19,6.98,27,75
2018-05-21,6.89,27,73
2018-05-24,6.8,27,67
2018-05-29,6.55,27,58
2018-06-03,6.46,27,56
2018-06-08,6.37,27,74
2018-06-20,6.2,27,55
2018-07-05,5.06,27,57
2018-07-15,4.02,27,64
2018-07-20,3.49,27,59
2018-07-25,3.03,27,60
2018-08-04,2.23,27,66
2018-08-09,1.96,27,63
2018-08-22,1.45,27,61
2018-10-06,2.02,27,70
2018-10-11,2.05,27,71
2018-10-13,2.06,27,72
2018-10-18,2.06,27,76
2018-10-31,1.91,27,53
2018-11-07,1.84,27,54
2018-05-07,0.67,45,53
2018-05-10,2.52,45,54
2018-05-12,4.49,45,55
2018-05-20,1.1,45,61
2018-05-30,1.18,45,57
2018-06-01,2.85,45,58
2018-06-04,6.89,45,64
2018-06-09,2.04,45,52
2018-07-19,0.51,45,62
2018-08-08,0.3,45,66
2018-08-10,0.3,45,56
2018-08-20,0.29,45,59
2018-08-23,0.28,45,60
2018-09-04,0.44,45,63
2018-10-12,0.29,45,50
2018-10-14,0.28,45,51
2018-10-17,0.27,45,65
2018-05-02,6.63,40,90
2018-05-07,7.74,40,85
2018-05-12,20.1,40,82
2018-05-27,18.8,40,84
2018-05-30,21.1,40,86
2018-06-01,26.7,40,81
2018-06-06,25.9,40,83
2018-08-03,4.73,40,91
2018-08-08,4.59,40,89
2018-08-10,4.53,40,92
2018-08-13,4.94,40,88
2018-08-20,6.55,40,87
2018-08-23,5.05,40,93
2018-08-30,5.16,40,95
2018-09-02,5.07,40,94
2018-10-12,5.56,40,78
2018-10-14,5.23,40,79
2018-10-17,4.9,40,96
2018-11-08,7.0,40,80
2018-05-02,0.99,39,42
2018-05-05,0.99,39,54
2018-05-07,1.24,39,46
2018-05-12,23.0,39,45
2018-05-30,5.62,39,41
2018-06-06,11.0,39,49
2018-08-13,0.89,39,44
2018-08-20,1.72,39,47
2018-08-23,1.64,39,43
2018-08-30,2.98,39,48
2018-09-19,16.2,39,51
2018-10-09,1.02,39,50
2018-10-12,1.16,39,53
2018-10-14,0.79,39,40
2018-10-17,0.97,39,52
2018-05-07,0.78,47,197
2018-05-12,1.67,47,198
2018-05-27,1.45,47,205
2018-05-30,1.78,47,200
2018-06-01,6.17,47,194
2018-06-04,5.46,47,201
2018-06-06,3.09,47,195
2018-06-09,1.95,47,193
2018-06-29,0.58,47,199
2018-07-06,0.39,47,196
2018-08-08,0.39,47,203
2018-08-30,0.43,47,207
2018-10-12,0.36,47,190
2018-10-14,0.38,47,191
2018-11-08,0.31,47,192
2018-05-06,1.37,49,146
2018-05-08,1.4,49,145
2018-05-13,1.88,49,148
2018-06-07,1.77,49,144
2018-06-20,1.3,49,139
2018-07-05,1.31,49,140
2018-07-15,1.3,49,149
2018-08-04,1.3,49,141
2018-08-09,1.26,49,147
2018-09-03,1.17,49,142
2018-09-10,1.03,49,143
2018-10-15,1.22,49,150
2018-05-04,0.53,23,39
2018-05-06,0.61,23,40
2018-05-29,1.13,23,35
2018-07-03,0.48,23,36
2018-08-07,0.22,23,37
2018-08-09,0.23,23,41
2018-08-17,0.18,23,42
2018-08-27,0.14,23,43
2018-10-11,0.11,23,38
2018-10-13,0.11,23,45
2018-10-16,0.11,23,46
2018-10-31,0.11,23,44
2018-05-07,1.36,40,7
2018-05-12,6.9,40,12
2018-05-27,1.75,40,10
2018-05-30,2.16,40,4
2018-06-06,1.81,40,5
2018-08-03,0.2,40,15
2018-08-10,0.19,40,8
2018-08-13,0.24,40,6
2018-08-20,0.17,40,9
2018-08-30,0.31,40,11
2018-10-12,0.83,40,13
2018-10-14,0.24,40,2
2018-10-17,1.21,40,14
2018-11-08,0.26,40,3
2018-05-13,0.96,18,160
2018-07-04,0.32,18,157
2018-08-03,1.4,18,158
2018-08-13,0.28,18,162
2018-08-21,0.29,18,165
2018-08-23,0.28,18,159
2018-09-12,0.16,18,161
2018-09-20,4.96,18,164
2018-09-30,0.28,18,163
2018-10-05,0.31,18,166
2018-10-10,0.18,18,167
2018-10-12,0.18,18,154
2018-10-15,0.18,18,155
2018-11-06,0.25,18,156
2018-05-05,0.42,53,12
2018-05-05,0.36,53,25
2018-05-13,5.74,53,7
2018-05-13,1.94,53,19
2018-08-03,0.49,53,5
2018-08-03,0.46,53,17
2018-08-21,0.26,53,8
2018-08-21,0.29,53,20
2018-08-23,0.4,53,6
2018-08-23,0.38,53,18
2018-09-12,0.55,53,10
2018-09-12,0.32,53,21
2018-09-20,12.4,53,9
2018-09-20,7.73,53,22
2018-09-30,0.81,53,11
2018-09-30,0.3,53,23
2018-10-05,1.37,53,13
2018-10-05,0.41,53,24
2018-10-12,4.0,53,2
2018-10-12,1.75,53,14
2018-10-15,2.0,53,3
2018-10-15,0.64,53,15
2018-11-06,0.84,53,4
2018-11-06,2.02,53,16
2018-05-30,3.3,48,53
2018-06-09,3.56,48,49
2018-06-29,1.18,48,52
2018-07-09,0.75,48,51
2018-07-24,0.65,48,56
2018-08-08,0.41,48,50
2018-08-13,0.41,48,55
2018-08-23,0.42,48,54
2018-09-02,0.52,48,58
2018-10-12,1.01,48,57
2018-11-06,0.42,48,48
2018-05-03,62.1,32,234
2018-05-10,100.0,32,231
2018-05-13,112.0,32,229
2018-06-07,83.0,32,230
2018-08-03,45.8,32,232
2018-08-13,64.0,32,235
2018-09-07,53.5,32,238
2018-09-10,44.6,32,241
2018-09-20,560.0,32,237
2018-10-05,51.2,32,233
2018-10-10,45.8,32,240
2018-10-12,100.0,32,239
2018-10-15,64.0,32,236
2018-05-10,9.8,37,18
2018-08-13,1.32,37,16
2018-08-23,1.13,37,17
2018-09-07,0.94,37,19
2018-10-05,1.01,37,21
2018-10-12,4.24,37,20
2018-05-06,0.08,22,149
2018-05-21,0.09,22,157
2018-05-31,0.09,22,152
2018-07-03,0.11,22,158
2018-07-20,0.09,22,151
2018-08-07,0.08,22,146
2018-08-27,0.1,22,147
2018-08-29,0.12,22,159
2018-10-11,0.06,22,144
2018-10-13,0.06,22,148
2018-10-16,0.06,22,150
2018-10-18,0.06,22,153
2018-10-31,0.06,22,145
2018-11-07,0.06,22,154
2018-11-15,0.06,22,156
2018-11-17,0.06,22,155
2018-05-07,8.8,52,217
2018-05-10,8.16,52,218
2018-05-12,8.42,52,215
2018-05-30,7.16,52,216
2018-06-01,7.77,52,212
2018-06-04,9.02,52,225
2018-06-09,8.47,52,214
2018-07-09,6.59,52,224
2018-07-19,5.92,52,222
2018-08-08,3.99,52,223
2018-08-10,3.85,52,219
2018-08-20,3.51,52,220
2018-08-23,3.33,52,213
2018-10-12,4.32,52,210
2018-10-14,4.3,52,211
2018-10-17,4.16,52,221
2018-05-03,1.34,43,51
2018-05-05,1.35,43,50
2018-05-10,2.24,43,45
2018-05-13,3.27,43,46
2018-05-20,2.62,43,59
2018-06-07,3.26,43,44
2018-07-04,1.04,43,48
2018-07-07,0.88,43,43
2018-08-08,0.49,43,49
2018-08-13,0.52,43,55
2018-09-10,0.31,43,52
2018-09-12,0.33,43,47
2018-09-20,4.81,43,53
2018-10-05,0.85,43,54
2018-10-10,1.04,43,57
2018-10-12,1.28,43,58
2018-10-15,0.96,43,56
2018-05-06,4.64,20,166
2018-05-26,5.49,20,164
2018-07-15,3.87,20,167
2018-07-20,4.91,20,168
2018-08-09,3.29,20,165
2018-08-29,3.76,20,169
2018-09-03,2.8,20,170
2018-10-13,6.05,20,171
2018-05-13,0.47,19,61
2018-06-07,0.45,19,62
2018-09-20,1.29,19,63
2018-09-28,0.59,19,59
2018-09-30,0.56,19,64
2018-10-05,0.45,19,65
2018-10-10,0.39,19,66
2018-10-15,0.4,19,60
2018-10-12,37.2,38,140
2018-10-14,38.3,38,141
2018-10-17,40.0,38,143
2018-11-08,24.3,38,142
2018-10-12,11.1,38,44
2018-10-14,2.89,38,42
2018-11-08,0.77,38,43
2018-05-13,6.75,32,137
2018-06-07,9.82,32,133
2018-07-04,3.29,32,134
2018-08-03,40.0,32,136
2018-08-13,5.69,32,135
2018-09-12,3.37,32,138
2018-10-10,2.87,32,132
2018-10-12,3.02,32,129
2018-10-15,2.86,32,130
2018-11-06,6.54,32,131
2018-10-11,0.09,21,17
2018-10-13,0.05,21,19
2018-10-16,0.06,21,20
2018-10-31,0.06,21,18
2018-10-11,0.67,22,170
2018-10-11,2.03,22,50
2018-10-13,0.61,22,172
2018-10-13,1.82,22,52
2018-10-16,0.69,22,173
2018-10-16,1.79,22,53
2018-10-31,0.87,22,171
2018-10-31,2.14,22,51
2018-05-13,15.3,34,60
2018-06-07,14.6,34,59
2018-07-04,14.9,34,56
2018-07-29,11.0,34,62
2018-08-03,14.1,34,58
2018-08-13,11.8,34,57
2018-08-23,10.7,34,63
2018-09-10,11.8,34,64
2018-09-12,11.5,34,61
2018-10-05,11.8,34,65
2018-10-12,11.6,34,53
2018-10-15,11.2,34,54
2018-11-06,10.3,34,55
2018-05-10,4.01,35,42
2018-05-13,2.38,35,36
2018-06-07,0.74,35,35
2018-08-03,0.54,35,34
2018-08-13,0.16,35,37
2018-08-23,0.2,35,41
2018-09-07,0.15,35,43
2018-09-20,6.02,35,44
2018-10-05,0.81,35,45
2018-10-10,0.25,35,40
2018-10-12,2.3,35,38
2018-10-15,0.39,35,39
2018-05-06,0.87,20,147
2018-07-20,1.0,20,146
2018-08-29,0.89,20,144
2018-10-13,0.23,20,145
2018-05-05,1.41,52,129
2018-05-08,1.57,52,127
2018-05-10,2.46,52,125
2018-05-30,1.62,52,122
2018-06-09,2.99,52,121
2018-07-19,0.77,52,120
2018-08-23,0.18,52,123
2018-09-07,0.18,52,126
2018-09-10,0.16,52,124
2018-10-10,0.2,52,128
2018-10-12,0.31,52,119
2018-10-15,0.27,52,130
2018-05-06,4.86,51,200
2018-05-08,4.93,51,199
2018-05-11,5.61,51,195
2018-05-13,6.31,51,196
2018-06-07,5.41,51,193
2018-06-20,5.17,51,198
2018-07-05,4.43,51,204
2018-08-04,2.84,51,194
2018-08-09,2.58,51,197
2018-09-03,2.06,51,202
2018-10-13,2.63,51,203
2018-10-15,2.69,51,201
2018-10-18,2.65,51,205
2018-05-07,1.28,39,30
2018-05-12,14.2,39,28
2018-05-30,1.59,39,35
2018-06-06,21.4,39,29
2018-08-13,1.18,39,37
2018-08-20,1.11,39,31
2018-08-23,2.44,39,32
2018-08-28,10.9,39,33
2018-08-30,8.09,39,38
2018-09-14,1.49,39,36
2018-10-09,0.96,39,34
2018-10-14,0.88,39,26
2018-10-17,0.84,39,39
2018-11-08,0.73,39,27
2018-05-05,0.2,34,210
2018-05-13,1.89,34,201
2018-06-07,0.86,34,200
2018-07-04,0.18,34,197
2018-08-03,0.51,34,198
2018-08-13,0.28,34,199
2018-08-21,0.17,34,208
2018-09-07,0.25,34,205
2018-09-10,0.36,34,206
2018-09-12,0.2,34,203
2018-09-20,4.35,34,207
2018-09-30,0.38,34,204
2018-10-05,0.53,34,209
2018-10-10,0.18,34,202
2018-10-12,0.16,34,194
2018-10-15,0.14,34,195
2018-11-06,0.73,34,196
2018-05-06,0.38,20,30
2018-05-08,0.39,20,22
2018-05-13,0.71,20,21
2018-05-26,0.84,20,23
2018-06-07,0.5,20,20
2018-07-15,0.29,20,24
2018-07-20,0.3,20,25
2018-08-09,0.17,20,27
2018-08-29,0.43,20,32
2018-09-20,0.16,20,29
2018-10-05,0.15,20,31
2018-10-10,0.13,20,26
2018-10-13,0.12,20,28
2018-10-15,0.12,20,19
2018-10-11,0.4,22,34
2018-10-13,0.36,22,36
2018-10-31,0.36,22,35
2018-05-03,0.35,19,37
2018-05-06,0.36,19,34
2018-05-13,0.43,19,33
2018-06-07,0.46,19,32
2018-07-05,0.37,19,35
2018-08-04,0.51,19,36
2018-08-29,0.5,19,44
2018-09-03,0.35,19,43
2018-09-10,0.22,19,38
2018-09-20,0.42,19,40
2018-09-28,0.23,19,30
2018-10-05,0.16,19,39
2018-10-10,0.1,19,42
2018-10-13,0.12,19,41
2018-10-15,0.12,19,31
2018-05-06,1.05,20,60
2018-05-08,1.12,20,58
2018-05-13,1.8,20,57
2018-05-21,2.47,20,61
2018-06-07,1.77,20,56
2018-07-07,0.78,20,68
2018-07-15,0.57,20,59
2018-07-20,1.37,20,62
2018-08-01,0.72,20,70
2018-08-09,0.99,20,63
2018-08-29,1.03,20,66
2018-09-03,0.71,20,64
2018-09-20,0.96,20,65
2018-10-05,0.35,20,67
2018-10-13,0.23,20,69
2018-10-15,0.34,20,55
2018-05-20,3.31,45,105
2018-05-30,2.96,45,100
2018-06-09,6.07,45,102
2018-07-09,1.37,45,101
2018-07-19,1.1,45,104
2018-08-23,0.41,45,103
2018-09-04,0.67,45,108
2018-10-12,0.72,45,98
2018-10-17,1.18,45,107
2018-05-03,83.3,32,243
2018-05-10,177.0,32,242
2018-05-13,243.0,33,1
2018-06-07,203.0,32,245
2018-08-03,94.4,32,246
2018-08-13,112.0,32,244
2018-09-07,94.1,33,2
2018-09-20,1370.0,33,0
2018-10-05,124.0,32,248
2018-10-10,115.0,32,249
2018-10-12,147.0,33,3
2018-10-15,154.0,32,247
2018-05-03,1.76,35,204
2018-05-10,7.76,35,201
2018-05-13,9.01,35,198
2018-06-07,5.45,35,195
2018-08-03,3.93,35,196
2018-08-13,1.69,35,197
2018-08-23,2.01,35,199
2018-09-07,1.97,35,207
2018-09-20,40.0,35,200
2018-10-05,10.2,35,203
2018-10-10,2.48,35,206
2018-10-12,4.8,35,205
2018-10-15,5.32,35,202
2018-05-30,5.74,41,11
2018-06-19,2.1,41,15
2018-06-29,1.5,41,10
2018-08-08,1.0,41,9
2018-08-13,1.14,41,12
2018-08-23,0.97,41,13
2018-09-02,1.02,41,14
2018-10-12,2.66,41,8
2018-05-08,790.0,33,146
2018-05-13,1190.0,33,147
2018-05-23,1190.0,33,148
2018-06-07,1880.0,33,142
2018-07-07,757.0,33,145
2018-08-01,553.0,33,141
2018-09-10,424.0,33,140
2018-09-20,508.0,33,144
2018-10-15,475.0,33,143
2018-05-03,3.16,49,2
2018-05-05,3.12,48,244
2018-05-08,3.25,48,243
2018-05-13,5.65,49,1
2018-05-30,6.0,48,245
2018-06-04,7.72,48,242
2018-06-07,6.92,48,241
2018-07-07,2.76,48,240
2018-07-09,2.8,48,239
2018-08-01,2.73,48,246
2018-08-08,3.06,48,238
2018-08-23,1.71,48,247
2018-09-02,2.05,49,4
2018-09-07,1.52,49,0
2018-09-10,1.5,48,249
2018-09-12,1.91,48,248
2018-09-20,7.45,49,3
2018-10-10,2.5,49,7
2018-10-12,2.06,49,6
2018-10-15,2.49,49,5
2018-10-17,2.44,49,8
2018-11-06,2.16,48,237
2018-05-10,0.53,52,161
2018-05-20,0.6,52,170
2018-05-30,0.47,52,168
2018-06-09,0.59,52,164
2018-07-09,0.4,52,162
2018-07-22,0.28,52,165
2018-08-08,0.2,52,166
2018-08-23,0.15,52,163
2018-09-10,0.13,52,159
2018-09-20,0.65,52,160
2018-10-12,0.27,52,158
2018-10-15,0.25,52,167
2018-10-17,0.25,52,169
2018-05-30,7.93,38,15
2018-08-03,3.35,38,16
2018-08-13,3.01,38,13
2018-08-23,3.6,38,14
2018-08-28,6.85,38,18
2018-10-12,2.88,38,12
2018-10-17,3.07,38,17
2018-05-06,0.95,49,67
2018-05-08,1.07,49,58
2018-05-13,1.41,49,62
2018-05-23,1.1,49,66
2018-05-31,1.29,49,68
2018-06-07,1.47,49,56
2018-07-05,1.06,49,61
2018-07-07,0.92,49,65
2018-08-01,0.4,49,64
2018-08-04,0.48,49,60
2018-08-09,0.31,49,55
2018-09-10,0.08,49,57
2018-09-20,0.49,49,59
2018-10-13,0.11,49,63
2018-10-15,0.1,49,54
2018-10-10,0.19,19,11
2018-10-15,0.19,19,10
2018-09-28,5.29,19,161
2018-10-13,2.92,19,162
2018-05-03,1.87,43,102
2018-05-05,1.81,43,99
2018-05-10,2.26,43,103
2018-05-13,2.6,43,100
2018-05-30,3.26,43,109
2018-06-07,2.44,43,98
2018-07-04,2.05,43,111
2018-07-07,1.67,43,101
2018-07-24,1.45,43,112
2018-08-08,0.99,43,97
2018-08-13,1.09,43,96
2018-09-10,0.57,43,104
2018-09-12,0.51,43,95
2018-09-20,2.89,43,106
2018-10-05,0.83,43,105
2018-10-10,0.71,43,110
2018-10-12,0.9,43,108
2018-10-15,0.75,43,107
2018-05-30,225.0,33,11
2018-07-07,35.8,24,16
2018-08-03,114.0,33,10
2018-08-08,128.0,33,12
2018-08-13,130.0,33,13
2018-08-28,137.0,33,16
2018-09-02,197.0,33,14
2018-10-10,23.5,24,17
2018-10-12,155.0,33,9
2018-10-13,23.4,24,18
2018-10-15,23.0,24,14
2018-10-17,200.0,33,15
2018-11-17,36.9,24,15
2018-05-13,5.63,36,67
2018-08-03,3.21,36,68
2018-08-23,4.0,36,69
2018-08-28,37.4,36,74
2018-09-20,38.4,36,72
2018-09-30,8.95,36,71
2018-10-05,4.38,36,73
2018-10-10,3.94,36,70
2018-10-12,3.85,36,64
2018-10-15,9.51,36,65
2018-10-17,4.89,36,75
2018-11-06,4.45,36,66
2018-05-04,2.1,25,194
2018-05-06,2.2,25,188
2018-05-09,2.4,25,195
2018-05-19,3.91,25,193
2018-05-21,3.37,25,200
2018-05-26,3.25,25,197
2018-05-29,3.61,25,183
2018-05-31,3.97,25,187
2018-06-08,3.49,25,189
2018-06-18,5.78,25,204
2018-07-03,1.69,25,199
2018-07-15,0.8,25,185
2018-07-20,0.68,25,190
2018-07-23,0.59,25,198
2018-08-04,0.72,25,186
2018-08-07,0.48,25,184
2018-08-09,0.38,25,192
2018-08-22,0.17,25,191
2018-08-27,0.36,25,196
2018-08-29,0.22,25,202
2018-09-03,0.16,25,205
2018-10-01,0.14,25,180
2018-10-11,0.12,25,201
2018-10-13,0.1,25,203
2018-10-16,0.09,25,206
2018-10-31,0.08,25,181
2018-11-07,0.08,25,182
2018-05-08,18.6,19,186
2018-05-13,18.8,19,193
2018-05-21,13.6,19,185
2018-06-07,24.1,19,183
2018-07-07,12.7,19,187
2018-07-15,12.8,19,184
2018-07-20,46.6,19,191
2018-08-01,13.3,19,188
2018-08-09,13.4,19,189
2018-08-29,13.0,19,196
2018-09-03,13.1,19,194
2018-09-20,8.23,19,190
2018-10-05,9.19,19,192
2018-10-13,18.4,19,195
2018-10-15,9.39,19,182
2018-05-30,3.97,38,55
2018-06-19,1.22,38,59
2018-08-03,0.51,38,56
2018-08-08,0.45,38,58
2018-08-13,0.66,38,57
2018-08-23,0.47,38,60
2018-08-28,0.5,38,62
2018-09-02,0.46,38,61
2018-10-12,1.03,38,54
2018-10-17,0.65,38,63
2018-05-06,1.69,21,154
2018-05-21,4.09,21,152
2018-05-31,4.78,21,150
2018-07-15,1.07,21,151
2018-07-20,3.83,21,153
2018-08-29,0.48,21,155
2018-10-13,0.18,21,156
2018-11-07,0.41,21,149
2018-05-04,8.56,30,82
2018-05-06,10.0,30,72
2018-05-14,14.9,30,73
2018-05-19,11.5,30,76
2018-05-21,11.1,30,69
2018-05-24,11.1,30,77
2018-05-29,11.0,30,70
2018-05-31,11.2,30,86
2018-06-03,12.9,30,78
2018-06-08,11.3,30,80
2018-06-20,10.5,30,75
2018-06-28,10.5,30,85
2018-07-15,8.57,30,74
2018-07-25,7.66,30,71
2018-07-30,7.57,30,81
2018-08-22,7.86,30,79
2018-10-06,8.3,30,83
2018-10-11,7.47,30,66
2018-10-13,7.4,30,84
2018-10-31,7.52,30,67
2018-11-07,7.39,30,68
2018-05-24,1.64,30,13
2018-05-29,1.45,30,14
2018-10-11,0.72,30,15
2018-10-13,0.69,30,17
2018-10-31,0.66,30,18
2018-11-07,0.66,30,16
2018-10-12,3.45,37,34
2018-05-29,3.16,25,173
2018-10-01,0.43,25,174
2018-10-13,0.39,25,177
2018-10-31,0.32,25,175
2018-11-07,0.25,25,176
2018-05-06,1.9,25,5
2018-05-08,1.98,24,247
2018-05-11,2.15,24,248
2018-05-13,2.4,24,244
2018-05-21,2.33,25,4
2018-06-07,2.51,24,243
2018-07-07,1.61,24,242
2018-07-20,3.39,24,249
2018-08-01,1.58,24,246
2018-08-04,1.69,24,245
2018-09-10,1.53,25,0
2018-09-20,3.34,25,1
2018-10-10,0.74,25,2
2018-10-13,0.72,25,3
2018-10-15,0.72,24,240
2018-11-17,0.64,24,241
2018-05-13,1.04,36,131
2018-08-03,1.72,36,130
2018-09-20,19.6,36,134
2018-09-30,5.72,36,132
2018-10-05,2.92,36,133
2018-10-10,2.31,36,135
2018-10-12,2.06,36,127
2018-10-15,3.27,36,128
2018-11-06,1.49,36,129
2018-05-30,45.9,41,136
2018-06-04,58.9,41,141
2018-06-09,78.1,41,135
2018-06-29,32.6,41,134
2018-07-09,24.9,41,137
2018-07-24,26.7,41,139
2018-08-08,18.2,41,140
2018-08-13,17.1,41,138
2018-08-23,17.0,41,133
2018-09-02,18.5,41,143
2018-10-12,16.1,41,142
2018-11-06,15.2,41,132
2018-05-29,13.6,25,249
2018-10-11,1.13,26,0
2018-10-13,1.21,26,1
2018-10-31,1.14,25,247
2018-11-07,1.14,25,248
2018-05-06,0.15,22,140
2018-05-21,0.15,22,143
2018-07-03,0.15,22,138
2018-07-20,0.13,22,141
2018-08-07,0.09,22,139
2018-08-27,0.1,22,142
2018-10-11,0.07,22,134
2018-10-13,0.07,22,136
2018-10-16,0.07,22,137
2018-10-31,0.06,22,135
2018-05-30,34.1,37,241
2018-08-13,7.46,37,242
2018-08-23,8.93,37,243
2018-10-12,22.7,37,240
2018-05-06,4.72,20,157
2018-05-21,2.7,20,155
2018-05-26,3.93,20,153
2018-07-15,1.33,20,159
2018-07-20,2.05,20,154
2018-08-29,2.04,20,158
2018-10-13,0.34,20,156
2018-05-08,3.04,46,211
2018-05-10,4.46,46,209
2018-05-23,6.01,46,218
2018-05-30,5.92,46,206
2018-06-04,10.7,46,205
2018-06-07,9.04,46,203
2018-06-09,7.7,46,204
2018-06-29,4.54,46,208
2018-07-07,2.78,46,210
2018-07-09,2.58,46,214
2018-07-24,2.07,46,207
2018-08-01,2.73,46,213
2018-08-08,1.94,46,202
2018-08-23,1.19,46,212
2018-09-10,0.98,46,215
2018-09-20,5.4,46,217
2018-10-12,2.26,46,201
2018-10-15,2.3,46,216
2018-06-06,18.7,41,100
2018-10-12,8.22,41,97
2018-10-14,8.94,41,98
2018-11-08,8.25,41,99
2018-05-06,0.4,25,142
2018-05-08,0.44,25,135
2018-05-13,0.86,25,133
2018-05-21,0.9,25,136
2018-06-07,0.92,25,132
2018-07-05,0.33,25,134
2018-07-07,0.28,25,130
2018-07-20,0.99,25,138
2018-08-01,0.29,25,131
2018-08-09,0.3,25,137
2018-08-29,0.39,25,140
2018-09-20,0.34,25,139
2018-10-13,0.16,25,141
2018-10-15,0.12,25,128
2018-11-17,0.17,25,129
2018-05-06,2.85,30,163
2018-05-14,4.83,30,168
2018-05-19,3.04,30,172
2018-05-21,3.0,30,158
2018-05-24,3.09,30,169
2018-05-29,3.2,30,159
2018-05-31,3.23,30,160
2018-06-03,3.73,30,161
2018-06-05,3.72,30,175
2018-06-08,3.14,30,162
2018-06-20,2.95,30,170
2018-07-15,2.35,30,173
2018-07-20,2.27,30,174
2018-07-23,2.24,30,157
2018-07-25,2.23,30,165
2018-07-30,2.18,30,164
2018-08-17,2.06,30,176
2018-08-22,2.29,30,167
2018-10-06,2.27,30,171
2018-10-11,2.1,30,154
2018-10-13,1.98,30,166
2018-10-31,2.15,30,155
2018-11-07,2.22,30,156
2018-05-06,15.2,50,192
2018-05-08,19.3,50,195
2018-05-13,20.4,50,191
2018-05-31,15.9,50,201
2018-06-07,17.9,50,189
2018-06-20,20.1,50,190
2018-07-05,16.3,50,193
2018-07-07,16.2,50,194
2018-07-15,13.9,50,199
2018-08-01,13.1,50,196
2018-08-04,12.4,50,198
2018-09-03,10.8,50,197
2018-09-10,12.3,50,200
2018-10-13,10.8,50,202
2018-10-15,4.44,50,188
2018-10-18,5.88,50,203
2018-05-02,0.75,37,227
2018-05-05,0.85,37,228
2018-05-07,1.3,37,222
2018-05-12,21.0,37,223
2018-05-30,2.99,37,229
2018-06-06,4.47,37,221
2018-08-13,0.41,37,224
2018-08-20,0.3,37,225
2018-08-23,0.41,37,226
2018-08-30,1.18,37,231
2018-09-19,3.51,37,230
2018-10-09,0.29,37,233
2018-10-12,0.96,37,232
2018-10-14,0.37,37,220
2018-10-17,0.45,37,234
2018-11-06,0.19,37,235
2018-11-08,0.15,37,236
2018-05-05,0.49,23,194
2018-05-10,0.59,23,192
2018-05-13,0.66,23,191
2018-06-07,0.56,23,189
2018-08-01,0.59,23,193
2018-08-13,0.54,23,190
2018-09-12,0.47,23,195
2018-09-20,1.71,23,198
2018-10-05,0.39,23,197
2018-10-10,0.37,23,196
2018-10-15,0.42,23,187
2018-11-11,0.42,23,188
2018-05-06,0.42,31,55
2018-05-14,1.26,31,53
2018-05-19,0.57,31,50
2018-05-24,0.64,31,49
2018-05-29,0.64,31,42
2018-05-31,0.68,31,44
2018-06-03,0.76,31,45
2018-06-05,0.72,31,46
2018-06-08,0.68,31,47
2018-06-10,0.64,31,48
2018-06-20,0.5,31,43
2018-06-28,0.46,31,56
2018-07-15,0.36,31,52
2018-07-25,0.33,31,57
2018-07-30,0.33,31,51
2018-08-22,0.36,31,54
2018-09-03,0.31,31,60
2018-10-06,0.31,31,58
2018-10-11,0.28,31,39
2018-10-13,0.33,31,59
2018-10-31,0.33,31,40
2018-11-07,0.39,31,41
2018-05-06,1.34,51,228
2018-05-08,1.44,51,227
2018-05-11,3.88,51,229
2018-05-13,5.04,51,226
2018-05-21,2.19,51,234
2018-05-31,2.21,51,224
2018-06-07,2.99,51,225
2018-06-10,2.66,51,230
2018-06-17,4.96,51,233
2018-06-20,3.03,51,223
2018-07-15,0.76,51,231
2018-08-09,0.44,51,232
2018-09-03,0.38,51,236
2018-10-10,0.37,51,237
2018-10-12,5.0,39,202
2018-10-13,0.41,51,238
2018-10-14,1.58,39,200
2018-10-15,0.48,51,235
2018-10-17,7.63,39,203
2018-11-08,1.17,39,201
2018-05-02,1.98,52,246
2018-05-07,1.56,52,244
2018-05-12,16.8,52,243
2018-05-13,35.8,36,100
2018-05-30,4.81,53,1
2018-06-06,4.53,52,245
2018-08-20,0.8,52,242
2018-08-23,33.3,36,99
2018-08-23,1.04,52,249
2018-08-28,52.0,36,103
2018-08-28,6.19,53,0
2018-08-30,2.2,52,247
2018-09-20,529.0,36,102
2018-10-05,42.1,36,101
2018-10-10,32.5,36,97
2018-10-12,34.0,36,94
2018-10-12,0.53,52,248
2018-10-14,0.53,52,240
2018-10-15,45.0,36,95
2018-10-17,36.1,36,98
2018-11-06,22.4,36,96
2018-11-08,0.33,52,241
2018-05-12,59.1,39,104
2018-05-27,14.4,39,105
2018-05-30,15.7,39,107
2018-06-01,17.3,39,102
2018-06-06,12.5,39,108
2018-07-04,3.38,39,103
2018-08-13,1.28,39,106
2018-10-12,2.9,39,99
2018-10-14,1.81,39,100
2018-11-08,1.49,39,101
2018-05-03,1.6,49,22
2018-05-05,1.54,49,23
2018-05-08,1.78,49,15
2018-05-10,2.3,49,21
2018-05-13,3.18,49,13
2018-05-30,6.24,49,14
2018-06-04,7.28,49,16
2018-06-07,5.18,49,11
2018-07-07,1.03,49,12
2018-07-09,1.13,49,17
2018-07-24,1.55,49,19
2018-08-01,1.66,49,29
2018-08-08,1.9,49,9
2018-08-23,1.64,49,18
2018-09-02,1.91,49,27
2018-09-07,1.45,49,25
2018-09-12,1.61,49,20
2018-09-20,3.59,49,24
2018-10-12,1.56,49,28
2018-10-15,1.67,49,26
2018-11-06,0.94,49,10
2018-05-05,4.27,46,141
2018-05-08,6.08,46,136
2018-05-10,7.98,46,134
2018-05-13,10.6,46,131
2018-05-20,8.38,46,130
2018-05-30,7.92,46,129
2018-06-04,9.83,46,132
2018-06-07,9.35,46,127
2018-06-09,9.11,46,128
2018-07-04,6.43,46,133
2018-07-09,5.8,46,143
2018-07-19,4.73,46,142
2018-07-24,4.31,46,138
2018-08-08,3.42,46,124
2018-08-23,2.49,46,135
2018-09-07,2.48,46,125
2018-09-10,2.35,46,137
2018-09-20,7.08,46,139
2018-10-12,3.67,46,126
2018-10-15,3.67,46,140
2018-05-03,2.1,19,92
2018-05-08,2.22,19,96
2018-05-13,3.02,19,90
2018-06-07,2.33,19,89
2018-08-01,1.58,19,93
2018-09-20,2.16,19,95
2018-10-05,1.19,19,94
2018-10-10,1.08,19,91
2018-10-15,1.09,19,88
2018-05-02,31.2,46,237
2018-05-12,42.0,46,231
2018-06-01,65.9,46,232
2018-06-06,70.9,46,233
2018-06-21,49.4,46,230
2018-08-10,10.6,46,235
2018-08-20,21.7,46,234
2018-09-19,7.64,46,236
2018-10-14,27.2,46,229
2018-05-12,3.07,41,172
2018-05-27,3.34,41,169
2018-05-30,4.05,41,168
2018-06-01,4.92,41,165
2018-06-06,4.28,41,166
2018-06-21,2.07,41,175
2018-07-09,1.53,41,177
2018-08-03,1.04,41,171
2018-08-08,1.04,41,167
2018-08-13,1.0,41,170
2018-08-20,0.77,41,174
2018-08-23,0.71,41,173
2018-09-02,0.82,41,176
2018-10-12,0.86,41,162
2018-10-14,0.74,41,163
2018-11-08,0.99,41,164
2018-05-03,0.64,36,9
2018-05-10,2.26,36,4
2018-05-13,3.0,36,2
2018-06-07,1.12,36,0
2018-08-03,0.65,36,12
2018-08-13,0.55,36,1
2018-08-23,0.57,36,3
2018-09-07,0.45,36,5
2018-09-20,8.86,36,6
2018-10-05,0.38,36,11
2018-10-10,0.46,36,10
2018-10-12,0.6,36,8
2018-10-15,0.44,36,7
2018-05-12,100.0,47,30
2018-05-27,139.0,47,26
2018-05-30,155.0,47,29
2018-06-01,171.0,47,25
2018-06-06,249.0,47,31
2018-06-09,258.0,47,34
2018-07-06,73.6,47,28
2018-08-08,33.5,47,27
2018-08-13,27.4,47,35
2018-08-20,25.6,47,33
2018-08-23,26.2,47,32
2018-10-12,47.7,47,22
2018-10-14,44.7,47,23
2018-11-08,31.3,47,24
2018-05-03,0.26,20,81
2018-05-06,0.28,20,79
2018-05-08,0.38,20,75
2018-05-13,0.6,20,77
2018-05-21,0.52,20,91
2018-06-07,0.54,20,73
2018-07-05,0.28,20,83
2018-07-07,0.29,20,74
2018-07-15,0.29,20,80
2018-07-20,0.43,20,86
2018-08-01,0.31,20,76
2018-08-09,0.32,20,78
2018-08-29,0.31,20,84
2018-09-03,0.23,20,82
2018-09-20,0.36,20,85
2018-09-28,0.17,20,88
2018-10-05,0.12,20,87
2018-10-10,0.08,20,90
2018-10-13,0.1,20,89
2018-10-15,0.12,20,71
2018-11-17,0.11,20,72
2018-05-04,72.4,26,201
2018-05-06,71.6,26,199
2018-05-14,84.3,26,195
2018-05-19,80.7,26,198
2018-05-21,75.2,26,197
2018-05-29,71.0,26,193
2018-06-08,77.4,26,191
2018-07-15,48.0,26,194
2018-07-20,42.9,26,190
2018-08-04,32.4,26,200
2018-08-07,30.8,26,196
2018-08-09,29.0,26,202
2018-08-22,26.5,26,192
2018-09-08,22.0,26,203
2018-10-11,29.0,26,204
2018-10-13,28.0,26,205
2018-10-31,24.2,26,188
2018-11-07,24.3,26,189
2018-05-13,4.34,20,215
2018-06-07,38.9,18,11
2018-06-07,5.11,20,214
2018-07-07,1.13,20,213
2018-07-15,1.24,20,216
2018-09-10,15.1,18,12
2018-10-15,15.5,18,10
2018-10-15,0.27,20,212
2018-05-08,3.08,45,133
2018-05-10,3.34,45,125
2018-05-30,4.18,45,131
2018-06-04,8.94,45,137
2018-06-07,8.94,45,128
2018-06-09,8.72,45,129
2018-07-09,2.46,45,135
2018-07-22,1.44,45,132
2018-07-24,1.44,45,130
2018-08-01,1.42,45,126
2018-08-08,0.94,45,134
2018-08-23,0.62,45,123
2018-09-10,0.57,45,124
2018-09-20,0.78,45,127
2018-10-12,1.09,45,122
2018-10-15,1.01,45,136
2018-05-21,0.42,32,57
2018-05-31,0.88,32,56
2018-08-09,0.16,32,59
2018-10-13,0.03,32,58
2018-11-17,0.031,32,55
2018-05-03,5.5,24,121
2018-05-08,5.03,24,119
2018-05-13,5.77,24,116
2018-06-07,6.8,24,114
2018-07-07,3.86,24,115
2018-08-01,3.32,24,117
2018-09-10,2.02,24,122
2018-09-20,5.86,24,120
2018-10-05,3.07,24,118
2018-10-15,2.43,24,113
2018-05-30,0.32,44,235
2018-06-09,1.05,44,237
2018-07-09,0.36,44,238
2018-07-19,0.24,44,241
2018-08-08,0.1,44,239
2018-08-23,0.07,44,240
2018-10-12,0.26,44,234
2018-10-17,0.21,44,242
2018-05-04,0.5,29,129
2018-05-09,0.73,29,126
2018-05-19,0.81,29,125
2018-05-24,0.82,29,128
2018-05-29,0.9,29,120
2018-06-08,0.89,29,122
2018-08-07,0.13,29,124
2018-08-17,0.12,29,127
2018-08-22,0.18,29,123
2018-10-06,0.08,29,131
2018-10-11,0.07,29,130
2018-10-31,0.06,29,121
2018-05-06,5.97,49,240
2018-05-08,6.19,49,239
2018-05-11,5.89,49,230
2018-05-13,6.14,49,234
2018-06-07,5.39,49,238
2018-06-10,5.27,49,231
2018-06-20,4.98,49,233
2018-07-05,4.56,49,236
2018-08-04,3.51,49,235
2018-08-09,3.15,49,232
2018-09-10,2.57,49,237
2018-10-13,3.15,49,242
2018-10-15,3.04,49,241
2018-05-30,9.54,40,190
2018-08-03,3.96,40,192
2018-08-08,2.42,40,191
2018-08-13,2.47,40,195
2018-08-23,2.28,40,193
2018-09-02,2.46,40,194
2018-10-12,3.11,40,189
2018-05-03,0.65,25,122
2018-05-06,0.74,25,118
2018-05-08,0.84,25,120
2018-05-13,1.23,25,117
2018-06-07,1.28,25,116
2018-07-05,0.39,25,119
2018-07-07,0.36,25,115
2018-08-01,0.35,25,114
2018-08-09,0.3,25,121
2018-08-29,0.23,25,123
2018-09-20,0.27,25,124
2018-09-28,0.21,25,127
2018-10-05,0.17,25,125
2018-10-13,0.13,25,126
2018-10-15,0.13,25,112
2018-11-17,0.18,25,113
2018-05-03,0.14,34,75
2018-05-05,0.14,34,71
2018-05-13,0.31,34,73
2018-06-07,0.19,34,70
2018-08-01,0.024,34,80
2018-08-13,0.06,34,72
2018-08-23,0.008,34,76
2018-09-12,0.006,34,74
2018-09-20,0.57,34,77
2018-10-05,0.008,34,78
2018-10-10,0.007,34,79
2018-10-12,0.007,34,66
2018-10-15,0.006,34,67
2018-11-06,0.007,34,68
2018-11-11,0.006,34,69
2018-05-06,0.65,48,200
2018-05-08,0.9,48,198
2018-05-11,1.25,48,201
2018-05-13,1.55,48,199
2018-06-07,1.38,48,194
2018-07-05,3.6,48,195
2018-07-07,1.21,48,190
2018-08-01,0.73,48,196
2018-08-04,0.69,48,197
2018-09-10,0.54,48,202
2018-10-10,0.67,48,192
2018-10-13,0.78,48,193
2018-10-15,0.78,48,189
2018-11-17,0.62,48,191
2018-05-06,2.41,51,136
2018-05-13,3.17,51,138
2018-06-07,2.69,51,137
2018-06-20,2.3,51,135
2018-10-15,0.57,51,134
2018-05-04,0.53,30,63
2018-05-09,0.66,30,47
2018-05-14,1.3,30,53
2018-05-19,0.88,30,54
2018-05-21,0.79,30,64
2018-05-24,0.74,30,61
2018-05-29,0.83,30,45
2018-05-31,0.81,30,65
2018-06-03,0.99,30,55
2018-06-05,0.94,30,60
2018-06-08,0.83,30,52
2018-06-10,0.83,30,51
2018-06-20,0.72,30,44
2018-06-28,0.6,30,43
2018-07-05,0.58,30,58
2018-07-15,0.42,30,57
2018-07-20,0.37,30,59
2018-07-25,0.34,30,49
2018-07-30,0.45,30,56
2018-08-04,0.38,30,38
2018-08-09,0.35,30,42
2018-08-22,0.33,30,50
2018-10-06,0.38,30,48
2018-10-11,0.35,30,39
2018-10-13,0.34,30,46
2018-10-18,0.31,30,62
2018-10-31,0.37,30,40
2018-11-07,0.37,30,41
2018-05-13,3.31,19,238
2018-06-07,3.22,19,236
2018-07-05,1.79,19,239
2018-08-09,2.48,19,241
2018-09-20,3.05,19,244
2018-09-28,2.25,19,234
2018-09-30,1.83,19,242
2018-10-05,1.52,19,243
2018-10-10,1.35,19,237
2018-10-13,1.26,19,240
2018-10-15,1.24,19,235
2018-05-06,4.0,19,18
2018-09-28,3.2,19,15
2018-10-10,3.21,19,19
2018-10-15,3.35,19,16
2018-11-17,3.39,19,17
2018-05-03,1.29,42,150
2018-05-08,1.54,42,155
2018-05-13,1.97,42,146
2018-05-30,2.86,42,145
2018-06-04,2.93,42,148
2018-06-07,2.21,42,141
2018-06-09,2.04,42,143
2018-06-29,1.42,42,144
2018-07-07,0.98,42,140
2018-07-24,1.34,42,142
2018-08-08,1.02,42,137
2018-08-13,0.86,42,156
2018-08-23,0.93,42,147
2018-09-02,0.9,42,153
2018-09-10,0.9,42,151
2018-09-20,2.71,42,154
2018-05-02,23.9,38,115
2018-05-07,24.8,38,113
2018-05-12,49.2,38,109
2018-05-30,57.9,38,111
2018-06-06,45.5,38,110
2018-08-13,10.5,38,114
2018-08-20,10.7,38,112
2018-08-30,53.4,38,117
2018-09-19,32.8,38,116
2018-10-09,14.2,38,107
2018-10-12,14.2,38,106
2018-10-14,13.4,38,105
2018-10-17,13.4,38,108
2018-05-06,2.0,22,239
2018-05-21,1.5,22,236
2018-05-31,1.0,22,231
2018-07-03,1.4,22,233
2018-08-07,0.8,22,232
2018-08-17,0.8,22,240
2018-08-27,0.8,22,234
2018-08-29,2.0,22,237
2018-10-11,0.9,22,229
2018-10-13,0.9,22,235
2018-10-16,0.8,22,238
2018-10-31,0.9,22,230
2018-05-02,50.4,38,152
2018-05-12,256.0,38,149
2018-05-27,144.0,38,148
2018-05-30,145.0,38,153
2018-06-01,172.0,38,147
2018-06-06,160.0,38,155
2018-07-04,53.8,38,158
2018-08-03,26.5,38,154
2018-08-13,28.7,38,150
2018-08-20,32.4,38,151
2018-08-23,31.4,38,157
2018-08-30,50.3,38,159
2018-09-02,79.3,38,156
2018-10-12,39.8,38,144
2018-10-14,43.5,38,145
2018-10-17,47.4,38,160
2018-11-08,29.8,38,146
2018-05-29,6.85,31,197
2018-10-11,3.66,31,194
2018-10-13,3.58,31,198
2018-10-31,3.43,31,195
2018-11-07,3.41,31,196
2018-05-03,1.18,23,207
2018-05-13,1.92,23,202
2018-06-07,1.35,23,200
2018-07-07,0.75,23,205
2018-08-01,0.86,23,201
2018-09-10,0.63,23,206
2018-09-20,2.96,23,208
2018-10-05,0.69,23,204
2018-10-10,0.65,23,203
2018-10-15,0.64,23,199
2018-05-13,4.05,49,229
2018-06-07,3.72,49,226
2018-06-10,3.7,49,224
2018-06-20,3.53,49,222
2018-07-05,3.29,49,227
2018-08-04,2.21,49,228
2018-10-13,1.94,49,225
2018-10-15,1.93,49,223
2018-06-07,1.02,49,122
2018-10-15,0.27,49,121
2018-05-06,3.02,50,225
2018-05-08,2.93,50,222
2018-05-11,2.84,50,224
2018-05-13,2.93,50,230
2018-05-31,2.65,50,228
2018-06-07,2.75,50,229
2018-06-20,2.47,50,227
2018-07-05,2.12,50,219
2018-07-07,2.12,50,232
2018-07-15,1.69,50,233
2018-08-01,0.94,50,220
2018-08-04,0.86,50,221
2018-08-09,0.7,50,226
2018-09-03,0.48,50,231
2018-09-10,0.41,50,223
2018-10-13,0.48,50,234
2018-10-15,0.46,50,218
2018-05-06,2.6,20,151
2018-05-31,0.3,20,150
2018-08-29,0.31,20,148
2018-10-13,0.26,20,149
2018-10-18,0.26,20,152
2018-05-12,23.3,41,131
2018-05-27,26.2,41,123
2018-05-30,29.5,41,124
2018-06-01,32.3,41,122
2018-06-06,39.4,41,125
2018-06-09,36.4,41,121
2018-07-06,17.3,41,127
2018-08-08,12.8,41,120
2018-08-13,13.9,41,128
2018-08-20,13.6,41,129
2018-08-23,13.2,41,126
2018-08-30,14.0,41,130
2018-10-12,12.2,41,117
2018-10-14,12.5,41,118
2018-11-08,12.5,41,119
2018-05-05,1.5,48,122
2018-05-08,1.56,48,131
2018-05-10,2.39,48,132
2018-05-13,2.98,48,128
2018-05-30,3.53,48,129
2018-06-04,5.18,48,123
2018-06-07,3.53,48,124
2018-06-29,1.23,48,130
2018-07-07,0.98,48,125
2018-07-09,0.92,48,138
2018-08-01,0.98,48,133
2018-08-08,0.71,48,126
2018-08-13,0.62,48,135
2018-08-23,0.61,48,134
2018-09-07,0.68,48,139
2018-09-10,0.63,48,137
2018-09-12,0.66,48,136
2018-09-20,2.22,48,141
2018-10-12,0.82,48,140
2018-10-15,0.78,48,142
2018-11-06,0.75,48,127
2018-05-04,0.63,21,193
2018-05-06,0.64,21,185
2018-05-21,0.66,21,190
2018-05-26,0.67,21,188
2018-05-29,0.7,21,180
2018-05-31,0.88,21,194
2018-07-03,0.91,21,176
2018-07-15,0.28,21,177
2018-07-20,0.31,21,182
2018-08-04,0.3,21,181
2018-08-07,0.21,21,175
2018-08-09,0.18,21,178
2018-08-17,0.12,21,184
2018-08-27,0.12,21,179
2018-08-29,0.14,21,191
2018-09-03,0.14,21,189
2018-10-11,0.09,21,183
2018-10-13,0.08,21,186
2018-10-16,0.07,21,192
2018-10-18,0.06,21,196
2018-10-31,0.041,21,187
2018-11-07,0.036,21,195
2018-05-10,0.73,35,246
2018-05-13,0.92,35,240
2018-06-07,0.3,35,238
2018-08-03,0.24,35,239
2018-08-13,0.2,35,241
2018-08-23,0.3,35,242
2018-09-07,0.15,35,247
2018-09-20,3.6,35,248
2018-10-05,2.04,35,249
2018-10-10,0.31,35,245
2018-10-12,0.65,35,244
2018-10-15,0.21,35,243
2018-10-12,1.69,41,242
2018-10-14,1.76,41,243
2018-10-17,1.76,41,245
2018-11-08,1.84,41,244
2018-05-13,1.73,36,139
2018-05-13,5.26,36,151
2018-08-03,0.64,36,140
2018-08-03,1.53,36,152
2018-08-23,0.55,36,141
2018-08-23,0.94,36,153
2018-08-28,3.6,36,144
2018-08-28,15.3,36,158
2018-09-20,19.4,36,143
2018-09-20,21.7,36,154
2018-09-30,0.97,36,145
2018-09-30,1.73,36,155
2018-10-05,0.97,36,146
2018-10-05,1.47,36,157
2018-10-10,1.02,36,142
2018-10-10,0.92,36,150
2018-10-12,1.12,36,136
2018-10-12,1.27,36,147
2018-10-15,1.63,36,137
2018-10-15,8.25,36,148
2018-10-17,2.27,36,156
2018-11-06,0.39,36,138
2018-11-06,1.02,36,149
2018-08-23,0.75,37,7
2018-08-28,2.68,37,8
2018-10-12,0.3,37,5
2018-10-17,0.6,37,9
2018-11-06,0.24,37,6
2018-05-30,39.3,37,244
2018-08-13,10.6,37,245
2018-10-12,24.5,37,246
2018-05-13,1.77,34,42
2018-06-07,2.04,34,41
2018-07-29,0.93,34,46
2018-08-13,0.92,34,40
2018-08-23,0.86,34,48
2018-09-10,0.95,34,47
2018-09-12,0.95,34,43
2018-09-20,1.71,34,45
2018-10-05,0.8,34,44
2018-10-10,0.88,34,39
2018-10-12,0.92,34,37
2018-10-15,1.03,34,36
2018-11-06,0.8,34,38
2018-07-07,1.22,24,176
2018-10-10,0.9,24,177
2018-10-15,0.83,24,175
2018-05-03,5.52,18,175
2018-05-13,14.3,18,174
2018-06-07,6.81,18,173
2018-09-10,3.0,18,176
2018-09-20,71.2,18,178
2018-10-05,2.67,18,177
2018-10-15,2.43,18,172
2018-10-13,0.63,20,188
2018-05-06,2.5,21,92
2018-05-08,2.62,21,91
2018-05-13,5.21,21,89
2018-05-23,7.99,21,94
2018-05-26,9.59,21,93
2018-05-31,8.82,21,101
2018-06-07,8.5,21,88
2018-07-07,1.11,21,87
2018-07-15,0.95,21,95
2018-07-20,1.53,21,96
2018-08-01,0.96,21,90
2018-08-29,0.85,21,98
2018-09-20,1.4,21,100
2018-09-30,1.15,21,97
2018-10-13,0.72,21,99
2018-10-15,0.71,21,85
2018-11-07,1.22,21,86
2018-05-13,0.95,35,10
2018-06-07,0.49,35,7
2018-07-04,0.34,35,9
2018-08-03,0.52,35,8
2018-08-13,0.24,35,11
2018-08-23,0.27,35,12
2018-09-07,0.26,35,17
2018-09-10,0.26,35,16
2018-09-12,0.24,35,13
2018-09-20,2.46,35,14
2018-10-05,0.58,35,18
2018-10-10,0.42,35,15
2018-10-12,0.64,35,4
2018-10-15,0.43,35,5
2018-11-06,0.51,35,6
2018-05-04,3.63,29,83
2018-05-06,4.54,29,72
2018-05-14,8.9,29,82
2018-05-19,6.18,29,81
2018-05-21,5.71,29,78
2018-05-24,5.71,29,79
2018-05-29,5.7,29,71
2018-06-03,6.34,29,70
2018-06-08,5.65,29,73
2018-06-20,5.3,29,74
2018-07-05,4.53,29,75
2018-08-07,2.19,29,76
2018-08-22,2.11,29,80
2018-09-08,2.08,29,67
2018-10-11,1.69,29,77
2018-10-13,1.75,29,84
2018-10-31,1.74,29,68
2018-11-07,1.78,29,69
2018-05-03,5.36,48,42
2018-05-08,6.1,48,33
2018-05-10,7.2,48,36
2018-05-23,9.1,48,37
2018-05-30,10.8,48,34
2018-06-04,32.4,48,35
2018-06-07,39.2,48,28
2018-06-09,30.5,48,30
2018-06-29,5.6,48,43
2018-07-07,4.13,48,29
2018-07-09,3.99,48,46
2018-07-24,3.94,48,32
2018-08-01,3.37,48,39
2018-08-08,2.81,48,31
2018-08-23,2.19,48,38
2018-09-10,2.13,48,41
2018-09-12,2.11,48,40
2018-09-20,3.69,48,45
2018-10-12,3.59,48,27
2018-10-15,3.83,48,44
2018-10-17,3.41,48,47
2018-05-13,1.21,34,248
2018-06-07,0.55,34,245
2018-07-04,0.32,34,249
2018-08-03,2.56,34,244
2018-08-13,0.58,34,246
2018-09-07,0.45,35,0
2018-09-12,0.38,34,247
2018-09-20,10.5,35,1
2018-10-05,1.11,35,3
2018-10-10,0.44,35,2
2018-10-12,0.43,34,241
2018-10-15,0.4,34,242
2018-11-06,0.95,34,243
2018-05-06,0.98,22,129
2018-05-21,0.96,22,130
2018-05-31,1.14,22,124
2018-07-03,1.17,22,126
2018-07-20,0.98,22,128
2018-08-07,0.55,22,125
2018-08-27,0.68,22,127
2018-08-29,1.02,22,132
2018-10-11,0.43,22,122
2018-10-13,0.4,22,131
2018-10-16,0.41,22,133
2018-10-31,0.42,22,123
2018-08-08,3.56,48,204
2018-10-15,3.6,48,205
2018-11-06,3.45,48,203
2018-05-04,4.78,23,4
2018-05-06,5.85,23,3
2018-05-06,15.9,51,211
2018-05-08,15.7,51,213
2018-05-11,23.9,51,214
2018-05-13,26.1,51,207
2018-05-21,15.4,51,220
2018-05-29,6.04,23,9
2018-05-31,6.39,22,249
2018-06-05,21.1,51,218
2018-06-07,19.2,51,208
2018-06-10,16.7,51,209
2018-06-17,15.5,51,212
2018-06-20,20.4,51,215
2018-07-03,4.52,23,1
2018-07-05,14.5,51,206
2018-07-15,7.97,51,216
2018-08-04,5.82,51,217
2018-08-07,3.88,23,0
2018-08-09,3.9,23,2
2018-08-09,5.39,51,219
2018-08-17,3.67,23,5
2018-08-27,3.51,23,6
2018-08-29,3.42,23,7
2018-09-10,5.3,51,210
2018-10-11,3.06,23,8
2018-10-13,2.83,23,10
2018-10-13,5.56,51,222
2018-10-15,6.2,51,221
2018-10-16,3.27,23,11
2018-10-18,2.68,23,13
2018-10-31,2.78,23,12
2018-05-06,5.28,31,116
2018-05-14,6.84,31,115
2018-05-19,5.45,31,112
2018-05-24,5.32,31,109
2018-05-29,5.19,31,107
2018-05-31,5.25,31,110
2018-06-03,5.84,31,108
2018-06-05,5.69,31,111
2018-06-08,5.3,31,114
2018-06-10,5.27,31,117
2018-06-20,5.1,31,113
2018-06-28,5.07,31,123
2018-07-15,4.42,31,119
2018-07-20,4.17,31,118
2018-07-30,3.89,31,124
2018-08-22,3.74,31,120
2018-10-06,4.36,31,121
2018-10-11,4.44,31,104
2018-10-13,4.4,31,122
2018-10-31,3.09,31,105
2018-11-07,3.27,31,106
2018-05-13,0.71,36,199
2018-08-03,6.67,36,200
2018-09-20,25.1,36,204
2018-09-30,4.49,36,201
2018-10-05,2.06,36,202
2018-10-12,2.55,36,196
2018-10-15,6.03,36,197
2018-10-17,4.83,36,203
2018-11-06,5.9,36,198
2018-05-06,1.62,26,97
2018-05-08,1.56,26,89
2018-05-13,1.31,26,90
2018-05-23,1.08,26,86
2018-05-31,1.06,26,91
2018-06-07,1.07,26,83
2018-06-20,0.85,26,96
2018-07-05,0.41,26,85
2018-07-07,0.35,26,84
2018-07-20,0.27,26,92
2018-08-01,0.19,26,87
2018-08-04,0.24,26,88
2018-09-10,0.09,26,93
2018-09-20,0.18,26,94
2018-10-13,0.13,26,95
2018-10-15,0.14,26,82
2018-05-04,1.4,23,178
2018-05-14,1.85,23,181
2018-05-29,1.7,23,182
2018-07-03,1.36,23,185
2018-07-23,0.88,23,184
2018-08-07,0.89,23,179
2018-08-17,0.89,23,183
2018-08-22,0.83,23,180
2018-10-11,0.38,23,177
2018-10-16,0.42,23,186
2018-05-30,7.9,46,227
2018-06-04,14.5,46,226
2018-06-07,13.3,46,221
2018-06-09,11.2,46,225
2018-07-07,3.93,46,222
2018-07-09,3.43,46,224
2018-08-08,2.58,46,223
2018-10-12,3.24,46,219
2018-10-15,3.53,46,228
2018-11-06,2.51,46,220
2018-05-06,82.7,18,30
2018-05-21,116.0,18,28
2018-05-26,114.0,18,29
2018-07-15,62.2,18,34
2018-07-20,81.9,18,31
2018-08-09,54.9,18,32
2018-09-03,54.9,18,35
2018-10-13,60.4,18,33
2018-05-12,13.0,47,155
2018-05-27,17.7,47,152
2018-05-30,18.8,47,157
2018-06-01,21.9,47,150
2018-06-06,54.3,47,156
2018-06-09,43.2,47,158
2018-07-06,6.06,47,153
2018-08-08,3.04,47,151
2018-08-13,2.81,47,160
2018-08-20,2.5,47,159
2018-08-23,2.32,47,154
2018-10-12,2.67,47,147
2018-10-14,2.57,47,148
2018-11-08,2.32,47,149
2018-05-08,2.83,45,177
2018-05-10,2.95,45,179
2018-05-30,2.82,45,173
2018-06-04,3.16,45,182
2018-06-07,3.19,45,178
2018-06-09,3.19,45,170
2018-06-27,2.7,45,181
2018-07-24,1.47,45,172
2018-08-08,0.84,45,180
2018-08-23,0.61,45,174
2018-09-10,0.49,45,175
2018-09-20,0.54,45,176
2018-10-12,0.6,45,171
2018-05-03,85.1,47,80
2018-05-08,100.0,47,73
2018-05-10,109.0,47,74
2018-05-23,186.0,47,79
2018-05-30,203.0,47,71
2018-06-04,356.0,47,72
2018-06-07,304.0,47,78
2018-06-09,296.0,47,76
2018-06-29,187.0,47,85
2018-07-09,102.0,47,77
2018-07-24,80.1,47,75
2018-08-01,63.4,47,88
2018-08-08,54.8,47,86
2018-08-23,38.2,47,81
2018-09-12,43.4,47,82
2018-09-20,56.2,47,84
2018-10-12,64.4,47,70
2018-10-15,66.3,47,83
2018-10-17,60.5,47,87
2018-05-12,3.33,41,55
2018-05-27,3.12,41,56
2018-05-30,3.52,41,52
2018-06-01,3.96,41,51
2018-06-06,4.2,41,49
2018-06-09,3.75,41,50
2018-06-21,2.89,41,60
2018-07-09,2.65,41,61
2018-08-03,1.93,41,54
2018-08-08,1.84,41,48
2018-08-13,1.82,41,53
2018-08-20,1.79,41,58
2018-08-23,1.66,41,57
2018-09-02,1.68,41,59
2018-10-12,1.49,41,45
2018-10-14,1.44,41,46
2018-10-17,1.47,41,62
2018-11-08,1.41,41,47
2018-05-03,2.56,37,150
2018-05-03,1.78,40,169
2018-05-05,2.52,37,159
2018-05-05,1.89,40,165
2018-05-10,2.66,37,152
2018-05-10,3.69,40,161
2018-05-13,2.89,37,148
2018-05-13,4.04,40,154
2018-05-20,2.78,37,154
2018-05-20,3.38,40,160
2018-05-30,2.81,37,151
2018-05-30,6.82,40,157
2018-06-07,2.56,37,147
2018-06-07,2.78,40,156
2018-06-29,2.17,40,163
2018-07-04,1.55,40,164
2018-07-07,1.44,40,155
2018-07-24,1.8,37,149
2018-07-24,2.14,40,158
2018-08-03,1.5,37,153
2018-08-08,1.37,40,159
2018-08-13,1.62,37,155
2018-08-13,1.22,40,162
2018-08-23,1.17,40,168
2018-09-02,1.65,40,170
2018-09-07,1.21,37,164
2018-09-10,1.21,37,163
2018-09-12,1.4,37,156
2018-09-12,1.19,40,166
2018-09-20,1.89,37,160
2018-09-20,5.84,40,172
2018-10-05,1.36,37,162
2018-10-05,1.17,40,171
2018-10-10,1.22,37,158
2018-10-10,2.07,40,151
2018-10-12,1.32,37,161
2018-10-12,2.28,40,152
2018-10-15,1.27,37,157
2018-10-15,1.62,40,167
2018-11-29,1.11,40,153
2018-05-05,20.7,52,112
2018-05-08,24.2,52,111
2018-05-10,27.8,52,113
2018-05-30,17.1,52,104
2018-06-04,25.9,52,114
2018-06-09,24.5,52,105
2018-06-17,18.7,52,108
2018-07-19,6.02,52,115
2018-07-24,4.55,52,109
2018-08-08,3.72,52,106
2018-08-23,3.17,52,107
2018-09-07,2.96,52,116
2018-09-10,2.71,52,110
2018-10-10,3.08,52,117
2018-10-12,3.63,52,103
2018-10-15,3.34,52,118
2018-10-12,19.8,38,3
2018-10-17,22.1,38,4
2018-05-04,3.07,28,166
2018-05-06,2.98,28,165
2018-05-09,3.07,28,163
2018-05-14,2.8,28,164
2018-05-19,2.89,28,158
2018-05-21,2.89,28,160
2018-05-29,2.78,28,162
2018-05-31,2.84,28,156
2018-06-08,3.39,28,154
2018-07-15,2.18,28,168
2018-07-20,1.68,28,169
2018-08-04,1.4,28,159
2018-08-07,1.44,28,155
2018-08-09,1.4,28,161
2018-08-22,1.2,28,153
2018-09-08,0.65,28,157
2018-10-13,0.45,28,167
2018-10-31,0.52,28,151
2018-11-07,0.55,28,152
2018-05-04,116.0,24,87
2018-05-06,109.0,24,86
2018-05-29,127.0,24,85
2018-10-11,43.0,24,88
2018-10-13,42.6,24,89
2018-10-31,37.5,24,83
2018-11-07,36.8,24,84
2018-05-13,2.24,19,147
2018-06-07,0.38,19,146
2018-07-05,0.2,19,148
2018-08-09,0.24,19,149
2018-09-20,0.11,19,152
2018-09-28,0.1,19,144
2018-09-30,0.08,19,150
2018-10-05,0.07,19,153
2018-10-13,0.07,19,151
2018-10-15,0.07,19,145
2018-05-04,1.2,26,80
2018-05-06,1.67,26,79
2018-05-29,1.67,26,78
2018-10-11,0.18,26,81
2018-10-31,0.34,26,76
2018-11-07,0.19,26,77
2018-05-30,1.88,42,163
2018-06-04,5.58,42,164
2018-06-09,2.0,42,160
2018-06-29,0.95,42,159
2018-08-08,0.31,42,157
2018-08-13,0.31,42,162
2018-08-23,0.26,42,161
2018-09-02,0.4,42,166
2018-10-12,0.52,42,165
2018-11-06,0.27,42,158
2018-05-08,3.68,46,50
2018-05-10,4.02,46,53
2018-06-07,4.35,46,47
2018-06-09,4.28,46,46
2018-06-27,3.76,46,55
2018-07-24,1.76,46,49
2018-08-08,1.3,46,48
2018-08-23,0.79,46,51
2018-09-10,0.59,46,52
2018-09-20,0.68,46,54
2018-10-12,0.63,46,45
2018-06-07,0.38,33,211
2018-07-04,0.22,33,209
2018-08-03,5.07,33,210
2018-10-10,0.25,33,208
2018-10-12,0.25,33,205
2018-10-15,0.23,33,206
2018-11-06,0.5,33,207
2018-05-04,1.42,31,188
2018-05-06,1.36,31,186
2018-05-09,1.58,31,187
2018-05-14,3.45,31,191
2018-05-16,3.14,31,189
2018-05-19,2.3,31,181
2018-05-21,2.02,31,171
2018-05-24,1.86,31,178
2018-05-29,1.68,31,177
2018-05-31,1.67,31,176
2018-06-03,2.47,31,192
2018-06-08,2.16,31,190
2018-06-10,1.93,31,184
2018-06-20,1.37,31,175
2018-06-28,1.34,31,172
2018-07-15,0.85,31,182
2018-07-23,0.61,31,173
2018-07-30,0.62,31,174
2018-08-07,0.52,31,179
2018-08-17,0.5,31,193
2018-10-01,0.52,31,180
2018-10-06,0.62,31,183
2018-10-11,0.59,31,168
2018-10-13,0.52,31,185
2018-10-31,0.56,31,169
2018-11-07,0.5,31,170
2018-05-03,1.98,25,80
2018-05-06,1.91,25,74
2018-05-08,2.22,25,75
2018-05-13,3.58,25,73
2018-06-07,2.81,25,70
2018-07-05,1.68,25,78
2018-07-07,1.31,25,71
2018-08-01,2.4,25,72
2018-08-09,1.88,25,76
2018-08-29,0.65,25,79
2018-09-10,0.34,25,77
2018-09-20,0.9,25,81
2018-10-05,1.07,25,83
2018-10-10,0.9,25,82
2018-10-13,0.81,25,84
2018-10-15,0.76,25,68
2018-11-17,0.43,25,69
2018-05-06,0.89,22,211
2018-05-06,0.35,23,20
2018-05-21,1.2,22,209
2018-05-21,0.44,23,19
2018-05-31,1.85,22,207
2018-05-31,0.9,23,16
2018-07-03,0.77,22,208
2018-07-03,0.35,23,18
2018-07-20,0.83,22,216
2018-07-20,0.26,23,25
2018-08-07,0.41,22,210
2018-08-07,0.11,23,17
2018-08-17,0.32,22,217
2018-08-17,0.09,23,26
2018-08-27,0.55,22,212
2018-08-27,0.16,23,22
2018-08-29,0.53,22,213
2018-08-29,0.13,23,23
2018-10-11,0.2,22,205
2018-10-11,0.07,23,14
2018-10-13,0.15,22,214
2018-10-13,0.045,23,21
2018-10-16,0.16,22,215
2018-10-16,0.045,23,24
2018-10-18,0.15,22,218
2018-10-18,0.04,23,27
2018-10-31,0.21,22,206
2018-10-31,0.05,23,15
2018-05-03,0.36,33,220
2018-05-13,0.29,33,219
2018-06-07,0.22,33,218
2018-09-10,0.26,33,222
2018-09-20,0.36,33,221
2018-10-05,0.16,33,223
2018-10-10,0.21,33,224
2018-10-15,0.14,33,217
2018-05-07,0.8,42,87
2018-05-12,1.26,42,83
2018-05-22,1.11,42,84
2018-05-27,2.38,42,86
2018-05-30,2.19,42,88
2018-06-01,3.02,42,81
2018-06-06,2.88,42,77
2018-06-09,2.3,42,85
2018-07-06,0.47,42,78
2018-07-09,0.4,42,91
2018-08-08,0.31,42,79
2018-08-13,0.36,42,80
2018-08-23,0.25,42,82
2018-08-30,0.31,42,92
2018-09-02,0.28,42,90
2018-10-12,0.46,42,89
2018-10-14,0.43,42,74
2018-11-06,0.26,42,75
2018-11-28,0.46,42,76
2018-05-03,0.92,37,45
2018-05-05,1.35,37,42
2018-05-10,1.8,37,40
2018-05-13,2.16,37,41
2018-05-20,1.91,37,43
2018-05-30,2.79,37,53
2018-06-07,1.95,37,44
2018-07-04,0.88,37,51
2018-07-07,0.82,37,38
2018-07-24,1.15,37,36
2018-08-08,0.77,37,37
2018-08-13,0.87,37,35
2018-09-12,0.53,37,39
2018-09-20,1.78,37,47
2018-10-05,0.63,37,46
2018-10-10,0.56,37,48
2018-10-12,0.59,37,49
2018-10-15,0.57,37,50
2018-11-06,0.47,37,52
2018-05-20,0.88,37,201
2018-05-30,2.15,37,199
2018-06-07,1.01,37,202
2018-06-29,0.52,37,210
2018-07-04,0.45,37,205
2018-07-24,0.43,37,213
2018-08-03,0.36,37,209
2018-08-08,0.34,37,200
2018-08-13,0.35,37,203
2018-08-28,0.3,37,212
2018-09-02,0.27,37,206
2018-09-12,0.24,37,204
2018-10-05,0.22,37,207
2018-10-10,0.2,37,208
2018-11-06,0.16,37,214
2018-05-08,694.0,33,94
2018-05-13,1050.0,33,89
2018-05-23,1060.0,33,96
2018-05-30,1000.0,33,90
2018-06-04,1270.0,33,95
2018-06-07,1640.0,33,86
2018-07-07,634.0,33,87
2018-07-24,586.0,33,91
2018-08-08,370.0,33,85
2018-09-10,344.0,33,92
2018-10-12,441.0,33,93
2018-10-15,400.0,33,88
2018-11-06,310.0,33,84
2018-10-10,1.11,37,113
2018-10-12,4.91,37,112
2018-10-15,2.38,37,114
2018-05-04,1.11,29,12
2018-05-09,1.69,29,17
2018-05-14,2.95,29,19
2018-05-19,2.49,29,13
2018-05-24,1.55,29,22
2018-05-29,1.88,29,11
2018-06-03,3.41,29,20
2018-06-08,2.29,29,15
2018-08-07,0.46,29,16
2018-08-17,0.55,29,18
2018-08-22,1.05,29,14
2018-10-06,0.23,29,23
2018-10-11,0.2,29,21
2018-10-16,0.18,29,24
2018-10-31,0.18,29,10
2018-10-13,1.03,25,179
2018-11-07,0.43,25,178
2018-05-26,1.2,20,173
2018-08-09,0.22,20,174
2018-08-29,0.51,20,176
2018-10-13,0.17,20,175
2018-05-06,2.19,50,142
2018-05-21,1.95,50,150
2018-06-20,2.0,50,140
2018-07-05,1.35,50,141
2018-07-15,1.12,50,144
2018-07-20,0.92,50,145
2018-07-25,0.86,50,147
2018-08-04,1.12,50,143
2018-08-09,0.87,50,148
2018-10-13,1.09,50,146
2018-10-18,1.18,50,149
2018-11-07,1.08,50,139
2018-05-13,4.74,23,216
2018-06-07,5.31,23,214
2018-09-20,8.92,23,218
2018-10-05,2.88,23,217
2018-10-10,2.62,23,215
2018-10-15,2.62,23,213
2018-05-03,0.67,35,187
2018-05-10,4.77,35,194
2018-05-13,5.71,35,183
2018-05-13,4.25,35,235
2018-06-07,2.67,35,181
2018-06-07,3.11,35,233
2018-08-03,1.44,35,182
2018-08-03,2.27,35,234
2018-08-13,0.57,35,185
2018-08-13,0.99,35,236
2018-08-23,0.81,35,184
2018-08-23,1.24,35,237
2018-09-07,0.7,35,192
2018-09-10,0.58,35,190
2018-09-20,16.6,35,189
2018-10-05,6.27,35,193
2018-10-10,1.01,35,188
2018-10-10,1.59,35,231
2018-10-12,1.84,35,191
2018-10-12,2.67,35,232
2018-10-15,2.85,35,186
2018-10-15,2.4,35,230
2018-08-03,12.9,36,242
2018-08-23,16.6,36,241
2018-08-28,50.0,36,243
2018-10-12,21.0,36,239
2018-10-17,18.0,36,244
2018-11-06,12.3,36,240
2018-08-03,16.7,36,247
2018-08-23,22.3,36,248
2018-08-28,83.8,36,249
2018-10-12,18.6,36,245
2018-10-17,17.4,37,0
2018-11-06,12.5,36,246
2018-05-08,1.0,46,102
2018-05-10,1.22,46,100
2018-05-30,1.22,46,97
2018-06-07,1.65,46,96
2018-06-09,1.77,46,95
2018-07-09,0.45,46,104
2018-07-24,0.44,46,98
2018-08-08,0.36,46,99
2018-08-23,0.29,46,101
2018-09-10,0.22,46,103
2018-10-12,0.66,46,94
2018-05-29,3.76,28,191
2018-06-08,3.91,28,193
2018-07-03,3.47,28,192
2018-08-07,1.36,28,194
2018-08-22,0.94,28,195
2018-10-11,0.17,28,190
2018-10-31,0.06,28,196
2018-05-04,3.28,27,192
2018-05-06,3.28,27,196
2018-05-09,3.28,27,184
2018-05-19,3.28,27,190
2018-05-21,3.28,27,188
2018-05-29,3.28,27,191
2018-06-03,3.28,27,189
2018-06-08,3.28,27,187
2018-06-20,2.91,27,183
2018-07-05,2.91,27,181
2018-07-15,2.73,27,180
2018-07-25,2.33,27,182
2018-08-07,1.91,27,185
2018-08-09,1.84,27,179
2018-08-22,1.42,27,186
2018-09-08,1.41,27,176
2018-10-06,1.83,27,193
2018-10-11,1.54,27,195
2018-10-13,1.45,27,194
2018-10-31,1.26,27,177
2018-11-07,1.4,27,178
2018-10-10,0.18,34,94
2018-10-15,0.15,34,93
2018-05-07,9.15,43,211
2018-05-10,9.78,43,215
2018-05-27,8.03,43,212
2018-05-30,7.99,43,207
2018-06-01,10.1,43,206
2018-06-04,16.8,43,208
2018-06-09,18.2,43,205
2018-08-08,3.69,43,213
2018-08-10,3.6,43,210
2018-08-20,3.35,43,214
2018-08-23,3.44,43,209
2018-10-12,2.15,43,203
2018-10-14,2.11,43,204
2018-05-07,1.22,44,112
2018-05-10,1.69,44,113
2018-05-12,2.78,44,107
2018-05-27,2.83,44,108
2018-05-30,2.75,44,111
2018-06-01,4.9,44,109
2018-06-09,12.6,44,104
2018-06-29,1.8,44,114
2018-08-08,0.6,44,116
2018-08-10,0.57,44,110
2018-08-20,0.44,44,117
2018-08-23,0.43,44,115
2018-10-12,0.42,44,105
2018-10-14,0.47,44,106
2018-05-03,0.41,18,210
2018-05-13,0.54,18,209
2018-06-07,0.29,18,208
2018-09-10,0.16,18,211
2018-09-20,0.18,18,212
2018-10-15,0.09,18,207
2018-05-03,1.33,24,137
2018-05-06,1.3,24,130
2018-05-08,1.36,24,126
2018-05-13,1.79,24,127
2018-05-21,1.86,24,141
2018-06-07,1.97,24,125
2018-07-07,0.96,24,128
2018-07-15,1.02,24,140
2018-08-01,0.85,24,129
2018-08-04,0.95,24,131
2018-08-09,0.73,24,134
2018-08-29,0.69,24,136
2018-09-20,0.81,24,132
2018-09-28,0.57,24,138
2018-10-05,0.5,24,133
2018-10-10,0.48,24,135
2018-10-13,0.46,24,139
2018-10-15,0.45,24,123
2018-11-17,0.47,24,124
2018-08-23,1.85,36,219
2018-09-20,25.9,36,222
2018-10-05,1.37,36,221
2018-10-10,1.07,36,218
2018-10-12,1.76,36,215
2018-10-15,4.1,36,216
2018-10-17,1.69,36,220
2018-11-06,0.67,36,217
2018-05-12,7.53,41,73
2018-05-27,7.61,41,75
2018-05-30,9.41,41,76
2018-06-01,11.4,41,67
2018-06-06,4.51,41,71
2018-06-21,6.26,41,69
2018-08-03,4.28,41,68
2018-08-08,4.17,41,70
2018-08-13,4.16,41,66
2018-08-20,4.1,41,74
2018-08-23,4.04,41,72
2018-08-30,4.13,41,79
2018-09-02,4.07,41,77
2018-10-12,4.01,41,63
2018-10-14,3.98,41,65
2018-10-17,3.98,41,78
2018-11-08,3.86,41,64
2018-05-13,0.35,20,51
2018-05-21,0.49,20,54
2018-06-07,0.36,20,49
2018-07-07,0.12,20,50
2018-07-15,0.15,20,52
2018-08-01,0.12,20,53
2018-10-13,0.12,20,48
2018-10-15,0.12,20,47
2018-05-02,4.06,39,119
2018-05-12,30.4,39,117
2018-05-27,16.5,39,113
2018-05-30,15.2,39,115
2018-06-01,17.6,39,114
2018-06-06,15.4,39,112
2018-08-03,0.83,39,118
2018-08-20,2.19,39,116
2018-08-23,1.25,39,121
2018-08-30,4.21,39,123
2018-09-02,2.89,39,120
2018-10-12,8.96,39,109
2018-10-14,8.48,39,110
2018-10-17,4.15,39,122
2018-11-08,2.46,39,111
2018-05-04,126.0,18,66
2018-05-06,124.0,18,68
2018-05-21,197.0,18,83
2018-05-26,173.0,18,67
2018-05-29,169.0,18,77
2018-05-31,164.0,18,71
2018-07-03,107.0,18,70
2018-07-20,104.0,18,72
2018-08-04,91.4,18,73
2018-08-07,95.5,18,69
2018-08-09,111.0,18,75
2018-08-17,91.4,18,74
2018-08-22,70.8,18,76
2018-08-27,66.4,18,78
2018-08-29,66.7,18,79
2018-09-03,93.0,18,81
2018-10-11,60.6,18,84
2018-10-13,55.8,18,80
2018-10-16,70.0,18,82
2018-10-31,65.1,18,85
2018-05-30,2.58,40,232
2018-06-19,1.47,40,239
2018-08-03,0.44,40,235
2018-08-08,0.44,40,233
2018-08-13,0.45,40,234
2018-08-23,0.45,40,236
2018-08-28,0.48,40,238
2018-09-02,0.45,40,237
2018-10-12,0.64,40,231
2018-10-17,1.61,40,240
2018-05-07,84.6,38,187
2018-05-22,197.0,38,198
2018-05-27,204.0,38,188
2018-05-30,213.0,38,182
2018-06-01,238.0,38,185
2018-06-06,247.0,38,183
2018-06-19,137.0,38,191
2018-08-03,41.1,38,189
2018-08-08,39.2,38,184
2018-08-10,36.8,38,193
2018-08-13,38.1,38,186
2018-08-20,47.3,38,192
2018-08-23,46.7,38,190
2018-08-28,52.0,38,195
2018-08-30,58.2,38,197
2018-09-02,72.0,38,194
2018-09-29,146.0,38,196
2018-10-12,54.7,38,179
2018-10-14,68.4,38,180
2018-10-17,79.9,38,199
2018-11-08,43.5,38,181
2018-10-10,4.15,34,123
2018-10-12,4.6,34,120
2018-10-15,4.19,34,121
2018-11-06,3.82,34,122
2018-05-08,0.63,24,110
2018-05-13,1.0,24,109
2018-06-07,0.92,24,108
2018-08-01,0.47,24,107
2018-09-20,1.42,24,111
2018-10-05,0.42,24,112
2018-10-15,0.34,24,106
2018-05-06,1.96,26,110
2018-05-08,2.02,26,107
2018-05-13,2.32,26,106
2018-05-23,1.96,26,104
2018-05-31,1.88,26,101
2018-06-07,1.69,26,109
2018-06-20,3.13,26,113
2018-07-05,1.64,26,112
2018-07-07,1.45,26,102
2018-07-20,2.59,26,103
2018-08-01,1.4,26,100
2018-08-04,1.38,26,99
2018-09-10,1.3,26,105
2018-09-20,1.39,26,108
2018-10-13,1.14,26,111
2018-10-15,1.18,26,98
2018-05-29,151.0,18,47
2018-10-13,56.1,18,48
2018-10-31,58.8,18,49
2018-05-06,53.4,24,57
2018-05-08,55.2,24,53
2018-05-13,63.8,24,52
2018-05-23,63.0,24,66
2018-05-26,65.8,24,65
2018-05-31,69.2,24,56
2018-06-07,76.8,24,54
2018-07-07,49.0,24,60
2018-07-15,45.9,24,51
2018-07-20,70.5,24,55
2018-08-01,44.0,24,50
2018-08-29,31.2,24,59
2018-09-20,45.5,24,62
2018-09-25,42.5,24,63
2018-09-30,37.2,24,58
2018-10-10,29.5,24,61
2018-10-13,27.4,24,64
2018-10-15,27.5,24,48
2018-11-07,31.8,24,49
2018-05-04,104.0,26,210
2018-05-06,102.0,26,209
2018-05-09,101.0,26,221
2018-05-14,118.0,26,216
2018-05-19,115.0,26,212
2018-05-21,107.0,26,217
2018-05-29,102.0,26,208
2018-06-08,110.0,26,213
2018-07-15,73.6,26,218
2018-07-20,65.8,26,219
2018-08-04,51.8,26,222
2018-08-07,48.9,26,215
2018-08-22,42.1,26,214
2018-10-11,43.3,26,211
2018-10-13,42.8,26,220
2018-10-31,39.7,26,206
2018-11-07,40.5,26,207
2018-05-03,1.72,48,11
2018-05-08,1.41,48,7
2018-05-10,2.54,48,4
2018-05-23,2.0,48,9
2018-05-30,3.17,48,5
2018-06-07,10.7,48,1
2018-06-09,6.78,48,2
2018-06-29,1.18,48,8
2018-07-24,0.59,48,6
2018-08-01,0.51,48,12
2018-08-08,0.38,48,0
2018-08-23,0.34,48,3
2018-09-10,0.38,48,15
2018-09-12,0.41,48,10
2018-09-20,0.44,48,13
2018-10-12,0.55,47,249
2018-10-15,0.53,48,14
2018-10-17,0.53,48,16
2018-05-03,26.3,43,34
2018-05-05,26.7,43,33
2018-05-08,27.3,43,31
2018-05-10,28.9,43,29
2018-05-13,30.0,43,27
2018-05-30,40.6,43,23
2018-06-04,45.6,43,19
2018-06-07,43.2,43,22
2018-07-07,22.4,43,24
2018-07-09,19.3,43,26
2018-07-24,21.9,43,20
2018-08-01,17.7,43,30
2018-08-08,15.2,43,18
2018-08-23,14.8,43,35
2018-09-12,15.0,43,32
2018-10-10,16.3,43,21
2018-10-12,17.2,43,25
2018-10-15,16.6,43,28
2018-11-06,15.7,43,17
2018-05-06,21.6,49,183
2018-05-13,19.8,49,182
2018-06-07,20.0,49,179
2018-06-20,18.0,49,180
2018-10-15,8.16,49,181
2018-05-06,0.72,51,179
2018-05-08,0.76,51,181
2018-05-11,5.84,51,180
2018-05-13,9.53,51,178
2018-06-05,2.49,51,183
2018-06-07,1.65,51,172
2018-06-10,1.25,51,171
2018-06-17,1.26,51,186
2018-06-20,0.99,51,173
2018-07-05,0.67,51,174
2018-07-15,0.35,51,187
2018-08-04,0.21,51,175
2018-08-09,0.21,51,177
2018-09-10,0.18,51,176
2018-10-10,0.2,51,185
2018-10-13,0.2,51,184
2018-10-15,0.18,51,182
2018-05-06,4.82,22,246
2018-05-29,5.92,22,245
2018-07-03,3.82,22,243
2018-08-07,1.73,22,244
2018-08-17,1.6,22,247
2018-08-27,1.5,22,248
2018-10-11,1.39,22,241
2018-10-31,1.29,22,242
2018-05-03,130.0,44,54
2018-05-08,131.0,44,53
2018-05-10,131.0,44,52
2018-05-30,155.0,44,50
2018-06-07,191.0,44,59
2018-06-09,199.0,44,49
2018-06-29,160.0,44,48
2018-07-07,134.0,44,64
2018-07-09,123.0,44,58
2018-07-24,75.9,44,51
2018-08-01,58.0,44,56
2018-08-08,46.2,44,55
2018-08-23,31.2,44,57
2018-09-10,31.6,44,60
2018-09-12,30.5,44,61
2018-09-20,65.9,44,62
2018-10-12,43.4,44,47
2018-10-15,44.7,44,63
2018-05-04,32.9,22,111
2018-05-06,25.6,22,119
2018-05-21,37.4,22,112
2018-05-26,37.8,22,110
2018-05-29,37.4,22,105
2018-05-31,36.4,22,109
2018-07-03,22.0,22,106
2018-08-04,13.8,22,116
2018-08-07,13.9,22,108
2018-08-09,13.8,22,113
2018-08-17,14.1,22,115
2018-08-22,13.9,22,117
2018-08-27,15.4,22,120
2018-10-11,10.8,22,107
2018-10-13,10.9,22,118
2018-10-16,10.7,22,121
2018-10-31,10.4,22,114
2018-05-02,0.19,39,245
2018-05-05,0.21,39,248
2018-05-07,0.96,39,241
2018-05-12,2.19,39,249
2018-05-30,0.83,39,240
2018-06-06,0.93,39,242
2018-08-13,0.07,39,243
2018-08-20,0.046,39,239
2018-08-23,0.07,39,244
2018-08-30,0.1,39,247
2018-09-19,1.06,39,246
2018-10-09,0.05,40,1
2018-10-14,0.07,39,238
2018-10-17,0.13,40,0
2018-05-07,1.09,44,162
2018-05-10,1.36,44,164
2018-05-12,1.89,44,160
2018-05-20,1.49,44,171
2018-05-27,1.45,44,165
2018-05-30,1.45,44,172
2018-06-01,1.99,44,161
2018-06-04,4.99,44,170
2018-06-09,3.48,44,163
2018-07-19,0.73,44,166
2018-08-10,0.46,44,167
2018-08-23,0.4,44,168
2018-09-04,0.52,44,169
2018-10-12,0.41,44,158
2018-10-14,0.41,44,159
2018-10-12,68.1,36,109
2018-10-12,1.57,37,10
2018-10-12,0.61,37,13
2018-10-17,68.7,36,111
2018-10-17,2.37,37,12
2018-10-17,0.97,37,15
2018-11-06,45.6,36,110
2018-11-06,0.88,37,11
2018-11-06,0.28,37,14
2018-10-10,5.92,36,80
2018-10-12,7.06,36,76
2018-10-15,22.5,36,77
2018-10-17,8.23,36,79
2018-11-06,5.94,36,78
2018-10-10,11.9,36,85
2018-10-12,14.6,36,81
2018-10-15,42.5,36,82
2018-10-17,15.8,36,84
2018-11-06,14.3,36,83
2018-09-28,12.8,19,178
2018-10-10,18.0,19,180
2018-10-13,11.9,19,181
2018-10-15,8.45,19,179
2018-05-29,101.0,24,73
2018-10-11,37.3,24,74
2018-10-13,36.4,24,75
2018-10-31,33.4,24,71
2018-11-07,33.4,24,72
2018-05-04,0.57,26,62
2018-05-06,0.64,26,65
2018-05-21,0.79,26,60
2018-05-26,0.98,26,58
2018-05-29,0.94,26,63
2018-05-31,0.9,26,75
2018-07-03,0.89,26,72
2018-07-15,0.49,26,56
2018-07-20,0.56,26,54
2018-08-04,0.1,26,57
2018-08-07,0.08,26,53
2018-08-09,0.09,26,55
2018-08-17,1.24,26,61
2018-08-22,1.32,26,71
2018-08-27,0.16,26,59
2018-08-29,0.15,26,68
2018-09-03,0.17,26,64
2018-10-11,0.13,26,66
2018-10-13,0.12,26,67
2018-10-16,0.12,26,69
2018-10-18,0.11,26,73
2018-10-31,0.08,26,70
2018-11-07,0.08,26,74
2018-05-04,0.29,31,80
2018-05-06,0.29,31,68
2018-05-14,0.36,31,70
2018-05-19,0.32,31,74
2018-05-21,0.31,31,77
2018-05-24,0.3,31,75
2018-05-29,0.3,31,66
2018-06-03,0.34,31,73
2018-06-05,0.33,31,78
2018-06-08,0.31,31,76
2018-06-20,0.26,31,71
2018-06-28,0.27,31,64
2018-07-20,0.23,31,79
2018-08-22,0.22,31,72
2018-09-03,0.21,31,67
2018-10-06,0.22,31,69
2018-10-11,0.22,31,61
2018-10-13,0.21,31,65
2018-10-31,0.26,31,62
2018-11-07,0.17,31,63
2018-06-07,0.7,21,83
2018-07-07,0.19,21,80
2018-07-15,0.17,21,84
2018-10-10,0.08,21,81
2018-10-13,0.08,21,82
2018-10-15,0.08,21,78
2018-11-07,0.07,21,79
2018-05-03,4.67,43,155
2018-05-05,4.32,43,152
2018-05-08,4.42,43,154
2018-05-10,4.72,43,151
2018-05-13,5.72,43,147
2018-05-20,5.67,43,149
2018-05-30,8.53,43,148
2018-06-04,7.94,43,143
2018-06-07,6.15,43,146
2018-07-07,3.18,43,150
2018-07-09,2.79,43,144
2018-07-24,3.71,43,145
2018-08-01,2.84,43,164
2018-08-08,2.47,43,142
2018-08-23,1.79,43,156
2018-09-02,1.83,43,162
2018-09-07,1.94,43,159
2018-09-12,2.32,43,153
2018-09-20,18.1,43,161
2018-10-10,2.91,43,157
2018-10-12,3.25,43,158
2018-10-15,3.01,43,160
2018-10-17,2.71,43,163
2018-11-06,2.26,43,141
2018-05-03,0.32,35,172
2018-05-10,0.38,35,166
2018-05-13,0.4,35,163
2018-06-07,0.35,35,161
2018-08-03,0.36,35,162
2018-08-13,0.36,35,164
2018-08-23,0.35,35,165
2018-09-20,0.39,35,167
2018-10-05,0.34,35,168
2018-10-10,0.34,35,169
2018-10-12,0.35,35,170
2018-10-15,0.34,35,171
2018-05-04,0.31,27,147
2018-05-06,0.31,27,146
2018-05-09,0.36,27,144
2018-05-14,1.05,27,141
2018-05-19,0.43,27,140
2018-05-29,0.48,27,135
2018-06-03,0.7,27,138
2018-06-08,0.56,27,139
2018-06-20,0.33,27,136
2018-07-05,0.35,27,137
2018-07-15,0.2,27,142
2018-07-25,0.15,27,143
2018-08-04,0.13,27,148
2018-08-09,0.12,27,150
2018-08-22,0.1,27,145
2018-10-06,0.11,27,152
2018-10-11,0.09,27,149
2018-10-13,0.09,27,151
2018-10-31,0.11,27,133
2018-11-07,0.09,27,134
2018-05-04,3.0,28,216
2018-05-09,2.85,28,220
2018-05-14,2.8,28,218
2018-05-19,2.75,28,219
2018-05-24,2.7,28,217
2018-05-29,2.8,28,213
2018-06-03,2.85,28,223
2018-06-08,2.9,28,214
2018-07-03,2.32,28,222
2018-07-23,1.49,28,215
2018-08-07,1.14,28,211
2018-08-17,1.02,28,212
2018-08-22,0.95,28,210
2018-10-06,1.03,28,221
2018-10-11,0.9,28,208
2018-10-16,0.85,28,209
2018-10-21,0.82,28,225
2018-10-31,0.85,28,224
2018-05-12,2.07,47,129
2018-05-27,3.74,47,126
2018-05-30,5.05,47,122
2018-06-01,6.11,47,125
2018-06-06,9.54,47,128
2018-06-09,7.81,47,121
2018-07-06,0.8,47,132
2018-08-08,0.47,47,130
2018-08-13,0.39,47,127
2018-08-20,0.33,47,124
2018-08-23,0.26,47,123
2018-08-30,0.35,47,131
2018-10-12,0.3,47,118
2018-10-14,0.3,47,119
2018-11-08,0.33,47,120
2018-10-09,15.7,38,120
2018-10-12,16.7,38,119
2018-10-14,15.5,38,118
2018-10-17,15.7,38,121
2018-05-03,25.2,18,6
2018-05-13,58.6,18,5
2018-06-07,33.5,18,3
2018-09-10,13.8,18,4
2018-09-20,140.0,18,7
2018-10-05,14.8,18,8
2018-10-10,15.2,18,9
2018-10-15,15.0,18,2
2018-10-10,3.01,20,109
2018-10-13,3.05,20,110
2018-10-15,3.05,20,108
2018-05-06,0.5,25,150
2018-05-08,0.55,25,149
2018-05-11,0.66,25,158
2018-05-13,1.26,25,147
2018-05-21,1.28,25,151
2018-06-07,1.57,25,145
2018-07-05,0.47,25,148
2018-07-07,0.43,25,143
2018-08-01,0.3,25,146
2018-08-09,0.22,25,153
2018-08-29,0.39,25,154
2018-09-10,0.2,25,152
2018-09-20,0.77,25,156
2018-10-10,0.13,25,157
2018-10-13,0.16,25,155
2018-10-15,0.14,25,144
2018-06-07,3.65,43,140
2018-08-08,1.24,43,135
2018-10-10,1.56,43,136
2018-10-12,1.42,43,138
2018-10-15,1.37,43,137
2018-11-06,1.33,43,139
2018-05-12,2.24,41,185
2018-05-27,1.78,41,186
2018-05-30,2.55,41,184
2018-06-01,3.6,41,182
2018-06-06,1.87,41,183
2018-06-09,1.06,41,192
2018-06-21,0.95,41,193
2018-08-03,0.75,41,191
2018-08-08,0.6,41,181
2018-08-13,0.66,41,187
2018-08-20,0.64,41,189
2018-08-23,0.57,41,188
2018-09-02,0.54,41,190
2018-10-12,0.97,41,178
2018-10-14,1.25,41,179
2018-11-08,0.67,41,180
2018-05-04,5.82,21,108
2018-05-06,5.36,21,103
2018-05-21,14.6,21,115
2018-05-26,18.0,21,116
2018-05-29,17.9,21,104
2018-07-03,3.89,21,105
2018-07-15,2.65,21,102
2018-07-20,6.78,21,107
2018-08-07,3.19,21,106
2018-08-27,1.69,21,109
2018-08-29,1.81,21,110
2018-09-03,1.68,21,111
2018-10-13,1.0,21,112
2018-10-16,0.91,21,113
2018-10-31,0.72,21,114
2018-05-03,1.04,35,49
2018-05-10,6.49,35,57
2018-05-13,7.29,35,48
2018-06-07,2.51,35,51
2018-08-03,1.01,35,46
2018-08-13,0.67,35,47
2018-09-07,0.54,35,55
2018-09-20,21.3,35,50
2018-10-05,1.68,35,56
2018-10-10,0.89,35,54
2018-10-12,4.78,35,52
2018-10-15,2.06,35,53
2018-11-06,1.27,35,58
2018-05-10,18.7,45,216
2018-05-10,31.9,45,39
2018-06-04,25.9,45,219
2018-06-09,22.8,45,214
2018-06-09,58.3,45,35
2018-07-19,8.14,45,217
2018-07-19,11.3,45,38
2018-08-08,3.93,45,215
2018-08-08,4.5,45,37
2018-08-23,3.18,45,213
2018-08-23,3.39,45,36
2018-10-12,4.15,45,212
2018-10-12,7.5,45,34
2018-10-17,3.86,45,218
2018-10-17,6.9,45,40
2018-08-08,50.4,44,66
2018-10-12,48.2,44,65
2018-10-15,51.9,44,67
2018-05-04,1.85,23,114
2018-05-06,1.85,23,120
2018-05-14,5.65,23,119
2018-05-21,1.98,23,124
2018-05-31,2.33,23,118
2018-07-03,1.54,23,113
2018-08-07,0.89,23,116
2018-08-17,0.92,23,115
2018-08-27,2.3,23,117
2018-08-29,1.42,23,122
2018-10-11,0.6,23,110
2018-10-13,0.56,23,121
2018-10-16,0.57,23,123
2018-10-31,0.62,23,111
2018-11-17,0.5,23,112
2018-05-12,13.6,40,66
2018-05-27,11.0,40,67
2018-05-30,10.8,40,70
2018-06-01,12.9,40,65
2018-06-06,12.8,40,71
2018-07-04,3.39,40,77
2018-08-03,2.66,40,76
2018-08-13,2.93,40,68
2018-08-20,3.61,40,72
2018-08-23,3.09,40,69
2018-08-30,3.06,40,75
2018-09-02,2.91,40,73
2018-10-12,3.19,40,62
2018-10-14,2.83,40,63
2018-10-17,2.93,40,74
2018-11-08,4.87,40,64
2018-10-10,4.39,34,180
2018-10-12,4.45,34,177
2018-10-15,6.05,34,178
2018-11-06,35.1,34,179
2018-05-06,1.39,49,131
2018-05-08,1.44,49,130
2018-05-13,1.39,49,133
2018-05-31,0.83,49,128
2018-06-07,1.08,49,124
2018-06-20,0.58,49,125
2018-07-05,0.24,49,127
2018-07-07,0.24,49,126
2018-07-20,0.21,49,134
2018-08-01,0.07,49,129
2018-08-04,0.06,49,132
2018-08-09,0.06,49,135
2018-09-10,0.016,49,136
2018-09-20,0.16,49,137
2018-10-13,0.002,49,138
2018-10-15,0.002,49,123
2018-05-30,2.77,42,172
2018-06-04,4.15,42,175
2018-06-09,1.43,42,171
2018-06-29,0.56,42,169
2018-07-09,0.44,42,170
2018-07-24,0.42,42,174
2018-08-08,0.28,42,168
2018-08-13,0.28,42,177
2018-08-23,0.29,42,173
2018-10-12,0.36,42,176
2018-11-06,0.22,42,167
2018-06-07,8.96,26,115
2018-10-15,4.1,26,114
2018-05-30,2.87,42,53
2018-06-01,3.61,42,52
2018-06-06,4.58,42,51
2018-06-09,3.22,42,50
2018-10-12,0.42,42,47
2018-10-14,0.38,42,48
2018-11-08,0.44,42,49
2018-05-06,4.36,49,100
2018-05-08,4.83,49,95
2018-05-13,7.42,49,96
2018-05-23,5.75,49,101
2018-05-31,8.06,49,90
2018-06-07,10.7,49,88
2018-07-05,4.37,49,93
2018-07-07,3.97,49,91
2018-08-01,2.13,49,89
2018-08-04,2.34,49,94
2018-08-09,2.11,49,92
2018-09-10,1.74,49,97
2018-09-20,2.36,49,98
2018-10-13,1.35,49,99
2018-10-15,1.26,49,87
2018-05-06,1.09,51,162
2018-05-08,1.23,51,164
2018-05-11,5.59,51,166
2018-05-13,6.48,51,160
2018-05-21,1.89,51,170
2018-05-31,1.87,51,159
2018-06-07,1.89,51,157
2018-06-17,1.69,51,158
2018-06-20,1.83,51,155
2018-07-05,1.58,51,156
2018-07-15,0.94,51,165
2018-08-04,0.56,51,161
2018-08-09,0.71,51,169
2018-09-10,0.51,51,168
2018-10-13,0.44,51,167
2018-10-15,0.47,51,163
2018-05-12,3.73,47,161
2018-05-30,6.88,47,168
2018-06-01,8.38,47,162
2018-06-06,15.2,47,167
2018-06-09,11.0,47,163
2018-07-06,1.58,47,170
2018-08-08,0.71,47,169
2018-08-13,0.6,47,171
2018-08-20,0.47,47,174
2018-08-23,0.45,47,172
2018-08-30,0.45,47,173
2018-10-12,0.45,47,164
2018-10-14,0.46,47,165
2018-11-08,0.51,47,166
2018-05-13,6.92,34,230
2018-06-07,2.57,34,229
2018-07-04,1.6,34,232
2018-08-03,2.78,34,231
2018-08-13,1.6,34,233
2018-09-07,2.16,34,240
2018-09-10,4.23,34,238
2018-09-12,2.41,34,234
2018-09-20,68.1,34,236
2018-10-05,10.3,34,237
2018-10-10,2.3,34,235
2018-10-12,5.08,34,226
2018-10-15,2.33,34,227
2018-11-06,5.09,34,228
2018-11-11,1.77,34,239
2018-05-08,0.91,52,31
2018-05-13,4.03,52,30
2018-06-07,2.21,52,28
2018-06-17,3.07,52,29
2018-08-08,0.68,43,187
2018-10-10,0.96,43,185
2018-10-12,1.28,43,189
2018-10-15,1.23,43,188
2018-11-06,0.7,43,186
2018-05-06,4.3,21,11
2018-05-21,6.77,21,10
2018-05-29,8.05,21,9
2018-05-31,7.52,21,12
2018-07-03,3.24,21,7
2018-07-20,3.75,21,13
2018-08-07,1.77,21,8
2018-08-17,1.84,21,16
2018-08-27,2.03,21,14
2018-10-11,1.26,21,5
2018-10-13,1.13,21,15
2018-10-31,1.17,21,6
2018-05-03,96.2,44,46
2018-05-08,93.0,44,41
2018-05-10,92.6,44,43
2018-05-30,124.0,44,40
2018-06-07,155.0,44,38
2018-06-09,164.0,44,37
2018-06-29,131.0,44,39
2018-07-09,92.3,44,36
2018-07-24,48.2,44,42
2018-08-08,26.3,44,35
2018-08-23,20.0,44,44
2018-09-12,19.8,44,45
2018-10-12,23.0,44,34
2018-05-06,1.29,22,165
2018-05-21,1.21,22,164
2018-07-03,1.27,22,169
2018-07-20,1.03,22,167
2018-08-07,0.72,22,162
2018-08-27,1.1,22,168
2018-10-11,0.45,22,160
2018-10-13,0.39,22,163
2018-10-16,0.38,22,166
2018-10-31,0.41,22,161
2018-05-06,0.34,30,144
2018-05-14,2.59,30,152
2018-05-19,0.74,30,145
2018-05-24,0.76,30,141
2018-05-29,0.71,30,135
2018-06-03,1.47,30,139
2018-06-05,1.25,30,140
2018-06-08,0.79,30,136
2018-06-10,0.68,30,142
2018-06-20,0.56,30,137
2018-06-28,0.48,30,143
2018-07-20,0.33,30,153
2018-07-23,0.31,30,150
2018-07-25,0.3,30,148
2018-07-30,0.26,30,138
2018-08-22,0.36,30,147
2018-09-03,0.22,30,146
2018-10-06,0.33,30,149
2018-10-11,0.31,30,132
2018-10-13,0.34,30,151
2018-10-31,0.28,30,133
2018-11-07,0.26,30,134
2018-05-29,10.7,22,63
2018-05-31,3.3,22,57
2018-07-03,6.9,22,56
2018-08-07,3.4,22,58
2018-08-27,3.3,22,59
2018-08-29,5.0,22,62
2018-10-11,3.3,22,55
2018-10-13,3.4,22,60
2018-10-16,3.2,22,61
2018-10-31,3.2,22,54
2018-05-29,37.6,27,101
2018-10-11,19.8,27,103
2018-10-13,20.1,27,102
2018-10-31,18.5,27,99
2018-11-07,18.7,27,100
2018-06-07,18.7,37,75
2018-07-04,7.95,37,76
2018-07-24,7.67,37,77
2018-10-10,5.65,37,73
2018-10-12,8.78,37,74
2018-06-09,35.1,45,249
2018-10-12,8.24,45,248
2018-07-07,5.19,25,86
2018-10-10,1.29,25,87
2018-10-13,1.3,25,88
2018-10-15,1.3,25,85
2018-05-03,0.33,34,25
2018-05-05,0.33,34,17
2018-05-10,0.48,34,23
2018-05-13,0.67,34,21
2018-06-07,0.5,34,16
2018-07-04,0.25,34,19
2018-08-01,0.35,34,22
2018-08-13,0.31,34,20
2018-08-23,0.22,34,26
2018-09-12,0.25,34,24
2018-10-07,0.22,34,27
2018-10-10,0.21,34,18
2018-10-12,0.24,34,12
2018-10-15,0.24,34,13
2018-11-06,0.14,34,14
2018-11-11,0.13,34,15
2018-05-07,12.3,43,228
2018-05-10,13.6,43,227
2018-05-12,16.2,43,224
2018-05-27,10.8,43,223
2018-05-30,10.4,43,219
2018-06-01,11.7,43,220
2018-06-04,22.1,43,221
2018-06-09,25.9,43,216
2018-06-29,10.7,43,229
2018-08-08,4.17,43,222
2018-08-20,3.63,43,226
2018-08-23,3.8,43,225
2018-10-12,2.56,43,217
2018-10-14,2.45,43,218
2018-05-06,9.14,24,165
2018-05-08,9.75,24,164
2018-05-13,11.6,24,161
2018-06-07,12.8,24,162
2018-07-05,8.87,24,166
2018-07-07,7.87,24,168
2018-08-01,7.39,24,163
2018-08-04,6.35,24,174
2018-08-09,5.7,24,170
2018-08-29,6.38,24,172
2018-09-10,5.55,24,167
2018-09-20,13.2,24,169
2018-10-10,6.36,24,171
2018-10-13,6.54,24,173
2018-10-15,6.31,24,160
2018-05-13,0.67,33,199
2018-06-07,0.27,33,202
2018-09-07,0.17,33,203
2018-09-10,0.16,33,201
2018-09-20,12.1,33,200
2018-10-05,0.17,33,204
2018-10-15,0.19,33,198
2018-05-04,0.91,31,240
2018-05-06,0.93,31,237
2018-05-14,1.72,31,228
2018-05-19,0.93,31,232
2018-05-24,1.1,31,234
2018-05-29,1.02,31,233
2018-05-31,0.94,31,227
2018-06-03,1.06,31,226
2018-06-08,1.05,31,239
2018-06-10,0.99,31,229
2018-06-20,0.96,31,230
2018-07-15,0.78,31,231
2018-07-20,0.77,31,241
2018-08-17,0.6,31,238
2018-08-22,0.67,31,242
2018-10-06,0.69,31,235
2018-10-11,0.67,31,223
2018-10-13,0.67,31,236
2018-10-31,0.68,31,224
2018-11-07,0.67,31,225
2018-05-02,0.68,38,238
2018-05-07,0.7,38,232
2018-05-12,9.46,38,233
2018-05-30,1.79,38,236
2018-06-06,3.05,38,242
2018-08-20,0.7,38,239
2018-08-23,0.91,38,237
2018-08-28,2.0,38,240
2018-08-30,2.48,38,243
2018-10-12,0.5,38,241
2018-10-14,0.45,38,234
2018-11-08,0.36,38,235
2018-05-30,7.3,37,194
2018-08-03,1.92,37,196
2018-08-13,2.68,37,197
2018-10-12,2.33,37,195
2018-05-04,146.0,18,91
2018-05-06,141.0,18,92
2018-05-14,208.0,18,89
2018-05-21,226.0,18,88
2018-05-26,226.0,18,106
2018-05-29,209.0,18,87
2018-05-31,217.0,18,94
2018-07-03,128.0,18,101
2018-07-23,124.0,18,99
2018-08-04,112.0,18,93
2018-08-07,94.1,18,96
2018-08-09,130.0,18,98
2018-08-17,97.8,18,97
2018-08-22,92.0,18,95
2018-08-29,81.2,18,103
2018-09-03,89.0,18,102
2018-09-18,87.3,18,100
2018-10-11,80.4,18,86
2018-10-13,67.6,18,104
2018-10-16,74.0,18,107
2018-10-31,71.6,18,105
2018-11-17,83.6,18,90
2018-05-03,51.4,32,224
2018-05-10,91.8,32,217
2018-05-13,102.0,32,219
2018-06-07,80.5,32,216
2018-08-03,55.8,32,218
2018-08-13,64.2,32,222
2018-08-23,50.6,32,228
2018-09-07,52.7,32,223
2018-09-20,369.0,32,226
2018-10-05,53.0,32,220
2018-10-10,45.2,32,227
2018-10-12,65.5,32,225
2018-10-15,59.2,32,221
2018-05-13,1.42,23,212
2018-06-07,1.7,23,210
2018-10-10,1.52,23,211
2018-10-15,1.29,23,209
2018-10-11,0.94,23,47
2018-10-13,0.93,23,50
2018-10-16,1.21,23,51
2018-10-31,1.6,23,48
2018-11-17,1.27,23,49
2018-08-03,1.35,36,192
2018-08-28,10.7,36,195
2018-09-20,7.66,36,194
2018-10-05,1.36,36,193
2018-10-10,1.13,36,189
2018-10-12,1.36,36,186
2018-10-15,2.88,36,187
2018-10-17,1.63,36,190
2018-11-06,1.8,36,188
2018-05-12,5.03,47,141
2018-05-27,6.82,47,146
2018-05-30,7.29,47,138
2018-06-01,9.73,47,136
2018-06-06,19.8,47,140
2018-06-09,8.01,47,139
2018-07-06,2.66,47,137
2018-08-08,1.53,47,144
2018-08-20,1.04,47,145
2018-08-23,1.02,47,142
2018-08-30,1.34,47,143
2018-10-12,1.23,47,133
2018-10-14,1.34,47,134
2018-11-08,1.18,47,135
2018-06-07,1.54,25,9
2018-07-07,0.25,25,8
2018-10-15,0.07,25,6
2018-11-17,0.07,25,7
2018-05-10,1.68,52,181
2018-05-20,2.29,52,172
2018-05-30,1.84,52,173
2018-06-04,2.98,52,174
2018-06-09,2.46,52,175
2018-07-09,1.25,52,176
2018-07-22,0.98,52,177
2018-08-03,0.72,52,184
2018-08-08,0.65,52,183
2018-08-23,0.71,52,178
2018-09-10,0.73,52,179
2018-09-20,1.16,52,180
2018-10-12,0.86,52,171
2018-10-15,0.79,52,182
2018-10-17,0.8,52,185
2018-10-13,36.0,24,70
2018-11-07,35.1,24,69
2018-05-05,6.44,52,43
2018-05-08,6.12,52,40
2018-05-10,6.88,52,41
2018-05-13,13.0,52,37
2018-05-20,7.81,52,33
2018-05-30,6.83,52,34
2018-06-07,15.8,52,38
2018-06-09,12.9,52,35
2018-06-17,10.9,52,36
2018-07-04,5.02,52,44
2018-08-08,2.41,52,39
2018-08-23,1.53,52,42
2018-09-07,1.35,52,46
2018-09-10,0.96,52,45
2018-10-10,1.47,52,48
2018-10-12,1.24,52,32
2018-10-15,1.84,52,47
2018-05-08,14.5,45,188
2018-05-10,14.6,45,190
2018-05-30,11.6,45,187
2018-06-07,15.7,45,185
2018-06-09,14.9,45,186
2018-06-27,13.1,45,196
2018-07-09,9.4,45,189
2018-07-24,4.06,45,192
2018-08-08,2.76,45,191
2018-08-23,2.11,45,193
2018-09-10,2.21,45,194
2018-09-20,2.42,45,195
2018-10-12,2.71,45,184
2018-06-07,12.8,35,229
2018-10-10,5.19,35,228
2018-10-12,11.0,35,227
2018-10-15,14.6,35,226
2018-09-28,0.72,19,55
2018-10-10,0.42,19,58
2018-10-13,0.35,19,57
2018-10-15,0.38,19,56
2018-05-13,2.36,51,133
2018-05-13,12.2,51,127
2018-05-31,1.11,51,131
2018-05-31,5.76,51,128
2018-06-20,1.37,51,132
2018-06-20,5.94,51,129
2018-10-15,0.9,51,130
2018-10-15,3.92,51,126
2018-05-04,6.41,25,235
2018-05-06,6.41,25,242
2018-05-09,6.41,25,234
2018-05-14,7.13,25,230
2018-05-19,6.62,25,239
2018-05-21,6.41,25,245
2018-05-29,6.51,25,228
2018-06-08,6.41,25,232
2018-06-20,6.51,25,238
2018-07-05,4.64,25,229
2018-07-15,2.4,25,236
2018-07-20,2.76,25,237
2018-08-04,1.34,25,233
2018-08-07,0.9,25,231
2018-08-22,0.36,25,244
2018-10-01,0.59,25,240
2018-10-11,0.58,25,241
2018-10-13,0.59,25,243
2018-10-18,0.53,25,246
2018-10-31,0.4,25,226
2018-11-07,0.38,25,227
2018-05-05,11.7,52,92
2018-05-08,11.9,52,90
2018-05-10,11.9,52,94
2018-05-20,11.1,52,97
2018-05-30,10.6,52,86
2018-06-02,11.6,52,95
2018-06-04,11.3,52,102
2018-06-09,11.0,52,89
2018-06-17,10.6,52,98
2018-07-19,3.19,52,101
2018-07-24,2.23,52,87
2018-08-08,1.71,52,88
2018-08-23,1.49,52,91
2018-09-07,1.14,52,93
2018-09-10,1.13,52,96
2018-10-10,1.45,52,99
2018-10-12,1.49,52,85
2018-10-15,1.4,52,100
2018-05-08,16.4,45,209
2018-05-10,17.0,45,202
2018-06-04,22.9,45,211
2018-06-07,20.6,45,198
2018-06-09,19.0,45,199
2018-06-27,14.8,45,210
2018-07-22,5.57,45,200
2018-07-24,5.18,45,201
2018-08-08,3.37,45,207
2018-08-23,2.46,45,203
2018-09-10,1.98,45,204
2018-09-20,2.83,45,205
2018-10-12,3.21,45,197
2018-10-15,3.17,45,206
2018-10-17,3.1,45,208
2018-05-03,1.08,34,35
2018-05-13,1.07,34,30
2018-06-07,1.42,34,29
2018-08-01,0.88,34,31
2018-09-20,0.83,34,32
2018-10-05,0.82,34,33
2018-10-10,0.84,34,34
2018-10-15,0.85,34,28
2018-05-03,11.7,42,227
2018-05-05,11.4,42,228
2018-05-10,13.2,42,224
2018-05-13,15.0,42,220
2018-06-07,17.1,42,218
2018-07-07,7.43,42,217
2018-08-08,6.35,42,221
2018-08-13,6.12,42,223
2018-09-10,5.06,42,225
2018-09-12,4.96,42,226
2018-10-05,8.68,42,229
2018-10-10,7.58,42,222
2018-10-15,8.24,42,219
2018-10-12,26.9,38,136
2018-10-14,25.5,38,137
2018-10-17,29.5,38,139
2018-11-08,16.1,38,138
2018-05-04,0.32,23,155
2018-05-06,0.33,23,152
2018-05-14,1.85,23,149
2018-05-21,0.99,23,164
2018-05-26,1.16,23,163
2018-05-29,1.32,23,148
2018-05-31,1.0,23,151
2018-07-03,0.26,23,153
2018-08-07,0.12,23,150
2018-08-09,0.12,23,154
2018-08-17,0.09,23,157
2018-08-19,0.08,23,165
2018-08-29,0.08,23,156
2018-09-03,0.08,23,158
2018-09-18,0.08,23,160
2018-10-11,0.06,23,146
2018-10-13,0.06,23,159
2018-10-16,0.05,23,162
2018-10-31,0.05,23,161
2018-11-17,0.06,23,147
2018-05-04,11.0,23,74
2018-05-06,16.5,23,73
2018-05-14,22.4,23,67
2018-05-29,15.4,23,71
2018-05-31,16.7,23,70
2018-07-03,10.4,23,66
2018-07-23,7.94,23,81
2018-08-07,5.86,23,68
2018-08-09,6.72,23,69
2018-08-17,6.07,23,72
2018-08-29,5.89,23,79
2018-09-03,5.17,23,78
2018-09-06,4.9,23,75
2018-09-18,5.27,23,76
2018-10-11,3.81,23,64
2018-10-13,3.92,23,77
2018-10-16,3.82,23,80
2018-10-31,4.15,23,82
2018-11-17,3.86,23,65
2018-10-10,0.24,33,226
2018-10-15,0.25,33,225
2018-05-08,34.9,46,3
2018-05-10,36.0,46,8
2018-05-30,35.0,46,10
2018-06-07,37.2,46,1
2018-06-09,36.8,46,4
2018-07-09,30.1,46,11
2018-07-24,21.6,46,5
2018-08-08,14.8,46,2
2018-08-23,10.1,46,6
2018-09-10,8.75,46,7
2018-09-20,11.8,46,9
2018-10-12,11.8,46,0
2018-05-27,1.48,41,235
2018-05-30,1.92,41,237
2018-06-01,2.18,41,231
2018-06-06,3.16,41,232
2018-06-09,2.59,41,233
2018-07-09,0.34,41,234
2018-08-08,0.24,41,236
2018-08-13,0.25,41,238
2018-08-20,0.24,41,241
2018-08-23,0.23,41,239
2018-08-30,0.32,41,240
2018-10-12,0.24,41,228
2018-10-14,0.25,41,229
2018-11-08,0.3,41,230
2018-05-02,0.54,39,179
2018-05-05,0.49,39,175
2018-05-07,0.49,39,177
2018-05-12,21.5,39,176
2018-05-30,5.86,39,178
2018-06-06,4.25,39,181
2018-08-13,0.66,39,172
2018-08-20,0.47,39,173
2018-08-23,0.8,39,174
2018-08-30,0.92,39,180
2018-09-19,8.94,39,182
2018-10-09,0.39,39,183
2018-10-14,0.63,39,171
2018-10-17,0.93,39,184
2018-11-06,0.31,39,185
2018-11-08,0.26,39,186
2018-05-30,546.0,33,48
2018-06-04,868.0,33,45
2018-06-09,582.0,33,49
2018-06-29,354.0,33,47
2018-08-08,251.0,33,43
2018-08-13,188.0,33,46
2018-10-12,235.0,33,44
2018-11-06,170.0,33,42
2018-05-30,46.9,37,249
2018-08-03,8.89,38,0
2018-08-13,13.7,37,247
2018-08-28,11.7,38,1
2018-10-12,22.0,37,248
2018-10-17,18.2,38,2
2018-05-03,20.7,32,164
2018-05-13,33.9,32,162
2018-06-07,26.8,32,157
2018-07-04,22.6,32,160
2018-07-29,18.9,32,161
2018-08-03,30.4,32,158
2018-08-13,19.1,32,159
2018-08-23,17.9,32,165
2018-09-07,20.9,32,168
2018-09-10,18.9,32,166
2018-09-12,18.5,32,163
2018-09-20,85.2,32,167
2018-10-05,16.6,32,170
2018-10-10,17.0,32,169
2018-10-12,15.7,32,154
2018-10-15,17.7,32,155
2018-11-06,26.5,32,156
2018-05-03,0.56,19,25
2018-05-13,0.78,19,24
2018-06-07,0.57,19,23
2018-09-10,0.27,19,26
2018-09-20,0.39,19,28
2018-10-05,0.27,19,27
2018-10-10,0.25,19,29
2018-10-15,0.26,19,22
2018-05-06,49.2,24,45
2018-05-08,50.3,24,44
2018-05-13,55.4,24,42
2018-05-23,54.0,24,46
2018-06-07,62.3,24,41
2018-07-07,44.1,24,38
2018-07-20,62.3,24,47
2018-08-01,38.2,24,43
2018-10-10,28.1,24,39
2018-10-13,27.1,24,40
2018-10-15,27.5,24,36
2018-11-07,32.6,24,37
2018-05-13,3.26,35,179
2018-06-07,1.37,35,177
2018-08-03,1.07,35,178
2018-08-13,0.45,35,180
2018-10-10,0.7,35,176
2018-10-12,1.05,35,173
2018-10-15,2.06,35,174
2018-11-06,0.47,35,175
2018-05-03,29.8,18,19
2018-05-06,32.5,18,20
2018-05-13,68.2,18,17
2018-05-26,47.3,18,25
2018-06-07,42.4,18,16
2018-07-05,27.8,18,18
2018-08-04,104.0,18,21
2018-09-10,17.9,18,22
2018-09-20,174.0,18,23
2018-09-28,32.1,18,13
2018-10-05,17.2,18,24
2018-10-10,17.9,18,27
2018-10-13,19.8,18,26
2018-10-15,17.7,18,14
2018-11-17,18.0,18,15
2018-05-13,1.58,19,48
2018-06-07,1.13,19,47
2018-08-01,0.94,19,49
2018-08-29,2.98,19,54
2018-09-20,5.64,19,52
2018-09-28,1.19,19,45
2018-10-05,0.81,19,53
2018-10-10,0.58,19,51
2018-10-13,0.56,19,50
2018-10-15,0.55,19,46
2018-05-08,3.35,45,71
2018-05-10,3.35,45,77
2018-05-20,3.24,45,73
2018-05-30,3.24,45,75
2018-06-09,4.9,45,68
2018-07-09,2.67,45,69
2018-07-19,2.0,45,70
2018-07-22,1.8,45,72
2018-08-01,1.66,45,78
2018-08-23,1.25,45,74
2018-09-10,1.44,45,79
2018-09-20,1.79,45,80
2018-10-12,1.5,45,67
2018-10-15,1.55,45,76
2018-10-10,1.12,34,52
2018-10-12,1.14,34,49
2018-10-15,1.13,34,50
2018-11-06,1.12,34,51
2018-05-07,93.6,38,210
2018-05-12,315.0,38,203
2018-05-22,209.0,38,205
2018-05-27,213.0,38,217
2018-05-30,232.0,38,209
2018-06-01,250.0,38,206
2018-06-06,277.0,38,204
2018-06-29,119.0,38,214
2018-08-03,48.4,38,211
2018-08-08,43.3,38,208
2018-08-13,42.1,38,207
2018-08-20,51.4,38,213
2018-08-23,52.4,38,212
2018-08-28,58.2,38,218
2018-08-30,64.1,38,216
2018-09-02,73.4,38,215
2018-10-12,60.2,38,200
2018-10-14,74.8,38,201
2018-10-17,72.0,38,219
2018-11-08,47.1,38,202
2018-05-03,1.18,35,142
2018-05-10,5.77,35,141
2018-05-13,3.64,35,139
2018-06-07,1.69,35,138
2018-08-03,2.01,35,136
2018-08-13,1.11,35,137
2018-08-23,0.86,35,140
2018-09-10,0.44,35,144
2018-09-20,10.1,35,146
2018-10-05,0.85,35,148
2018-10-10,0.49,35,145
2018-10-12,1.99,35,143
2018-10-15,0.82,35,147
2018-05-13,10.2,34,132
2018-06-07,2.13,34,138
2018-07-04,1.65,34,130
2018-08-03,1.67,34,139
2018-08-21,1.33,34,137
2018-09-07,1.3,34,140
2018-09-12,1.34,34,131
2018-09-20,28.7,34,135
2018-09-30,1.74,34,134
2018-10-05,3.44,34,136
2018-10-10,1.86,34,133
2018-10-12,1.86,34,127
2018-10-15,1.25,34,128
2018-11-06,2.49,34,129
2018-05-10,4.52,45,161
2018-05-20,4.34,45,158
2018-05-30,4.04,45,155
2018-06-07,2.03,45,154
2018-06-09,2.77,45,156
2018-07-09,1.98,45,159
2018-08-08,1.05,45,160
2018-08-23,0.99,45,157
2018-10-12,1.12,45,153
2018-05-03,0.54,37,183
2018-05-13,1.2,37,174
2018-05-20,0.82,37,180
2018-05-30,1.5,37,177
2018-06-07,0.94,37,176
2018-07-04,0.54,37,175
2018-07-24,0.66,37,192
2018-08-03,0.52,37,185
2018-08-08,0.43,37,179
2018-08-13,0.5,37,181
2018-08-23,0.39,37,190
2018-09-02,0.4,37,187
2018-09-10,0.37,37,191
2018-09-12,0.39,37,182
2018-09-20,0.57,37,188
2018-09-30,0.43,37,189
2018-10-05,0.42,37,184
2018-10-10,0.89,37,172
2018-10-12,3.19,37,173
2018-10-15,1.13,37,178
2018-11-29,0.43,37,186
2018-05-04,8.9,29,95
2018-05-09,10.2,29,94
2018-05-14,13.8,29,93
2018-05-19,13.6,29,92
2018-05-24,11.5,29,97
2018-05-29,11.3,29,87
2018-06-03,12.2,29,86
2018-06-08,12.0,29,88
2018-08-07,5.56,29,89
2018-08-17,5.24,29,96
2018-08-22,5.16,29,90
2018-10-11,4.5,29,91
2018-10-31,4.25,29,85
2018-05-04,1.07,23,133
2018-05-06,9.05,23,138
2018-05-14,0.86,23,135
2018-05-21,1.91,23,134
2018-05-31,2.72,23,128
2018-07-03,0.99,23,131
2018-07-20,1.5,23,130
2018-08-07,0.69,23,129
2018-08-17,0.64,23,132
2018-08-29,0.59,23,136
2018-10-11,0.44,23,125
2018-10-13,0.43,23,137
2018-10-16,0.46,23,139
2018-10-31,0.41,23,126
2018-11-17,0.43,23,127
2018-05-06,14.1,49,168
2018-05-08,10.9,49,170
2018-05-11,12.0,49,172
2018-05-13,13.7,49,171
2018-06-07,13.2,49,164
2018-06-10,12.6,49,165
2018-06-20,12.1,49,163
2018-07-05,12.5,49,166
2018-07-15,9.65,49,173
2018-08-04,7.62,49,167
2018-08-09,6.59,49,169
2018-09-03,4.48,49,174
2018-09-10,3.88,49,177
2018-10-13,4.13,49,176
2018-10-15,4.07,49,175
2018-10-18,4.03,49,178
2018-05-03,4.71,42,132
2018-05-08,5.28,42,128
2018-05-13,7.87,42,127
2018-05-30,12.7,42,124
2018-06-04,17.1,42,118
2018-06-07,11.1,42,120
2018-06-09,9.35,42,123
2018-06-29,3.83,42,121
2018-07-09,3.34,42,136
2018-07-24,5.15,42,125
2018-08-01,4.05,42,126
2018-08-08,2.96,42,119
2018-08-13,2.87,42,122
2018-08-23,2.69,42,129
2018-09-02,2.72,42,133
2018-09-10,2.51,42,130
2018-09-20,20.3,42,131
2018-10-10,3.56,42,116
2018-10-12,7.25,42,135
2018-10-15,7.54,42,134
2018-11-06,3.0,42,117
2018-05-08,7.44,24,156
2018-05-13,7.71,24,155
2018-06-07,8.04,24,153
2018-07-07,5.08,24,152
2018-08-01,5.59,24,154
2018-09-10,5.02,24,157
2018-09-20,10.8,24,159
2018-10-10,4.85,24,158
2018-10-15,4.89,24,151
2018-05-06,5.73,50,239
2018-05-08,5.82,50,243
2018-05-11,5.88,50,246
2018-05-13,6.43,50,238
2018-05-31,5.54,50,240
2018-06-07,6.3,50,236
2018-06-20,5.21,50,237
2018-07-05,4.35,50,242
2018-07-07,4.13,50,241
2018-08-01,1.85,50,244
2018-08-04,1.75,50,245
2018-08-09,1.54,50,247
2018-09-03,1.16,50,249
2018-09-10,0.96,50,248
2018-10-13,1.05,51,0
2018-10-15,1.04,50,235
2018-05-10,3.28,38,9
2018-08-13,2.45,38,7
2018-08-23,2.51,38,8
2018-08-28,2.63,38,11
2018-10-12,1.95,38,5
2018-10-17,2.21,38,10
2018-11-06,1.95,38,6
2018-05-12,0.41,47,183
2018-05-27,0.81,47,185
2018-05-30,0.81,47,182
2018-06-01,1.22,47,181
2018-06-06,1.57,47,179
2018-06-09,1.22,47,178
2018-07-06,0.23,47,180
2018-08-08,0.16,47,184
2018-08-13,0.14,47,186
2018-08-20,0.11,47,187
2018-08-23,0.11,47,188
2018-08-30,0.11,47,189
2018-10-12,0.05,47,175
2018-10-14,0.06,47,176
2018-11-08,0.06,47,177
2018-05-12,2.72,47,107
2018-05-27,4.54,47,104
2018-05-30,5.34,47,110
2018-06-01,6.2,47,105
2018-06-06,5.85,47,117
2018-06-09,4.23,47,114
2018-06-21,1.74,47,108
2018-07-09,0.57,47,112
2018-08-03,0.62,47,116
2018-08-08,0.58,47,106
2018-08-13,0.52,47,113
2018-08-20,0.57,47,111
2018-08-23,0.6,47,109
2018-10-12,0.25,47,101
2018-10-14,0.34,47,102
2018-10-17,0.27,47,115
2018-11-08,0.19,47,103
2018-05-07,3.09,40,113
2018-05-22,2.7,40,120
2018-05-27,4.3,40,110
2018-05-30,6.63,40,111
2018-06-01,9.49,40,108
2018-06-06,7.55,40,112
2018-06-19,2.17,40,118
2018-06-29,1.63,40,117
2018-08-03,1.42,40,106
2018-08-08,1.01,40,105
2018-08-13,1.27,40,104
2018-08-20,1.03,40,109
2018-08-23,1.1,40,107
2018-08-28,1.21,40,116
2018-08-30,1.15,40,115
2018-09-02,1.08,40,114
2018-10-12,1.1,40,101
2018-10-14,1.07,40,102
2018-10-17,1.03,40,119
2018-11-08,1.0,40,103
2018-05-13,1.89,18,231
2018-06-07,1.54,18,230
2018-09-10,0.86,18,236
2018-09-20,2.91,18,233
2018-10-05,1.37,18,234
2018-10-10,1.29,18,235
2018-10-15,1.22,18,229
2018-05-03,0.46,35,131
2018-05-13,3.16,35,128
2018-06-07,0.46,35,124
2018-07-04,0.23,35,125
2018-08-03,2.15,35,134
2018-08-13,0.2,35,126
2018-08-23,0.13,35,132
2018-09-10,0.13,35,130
2018-09-12,0.14,35,127
2018-09-20,16.1,35,129
2018-10-05,0.2,35,133
2018-10-10,0.11,35,135
2018-10-12,0.23,35,121
2018-10-15,0.1,35,122
2018-11-06,0.08,35,123
2018-10-10,0.35,18,238
2018-10-15,0.32,18,237
2018-05-03,0.51,18,217
2018-05-13,0.59,18,216
2018-06-07,0.54,18,215
2018-09-10,0.32,18,218
2018-09-20,0.5,18,220
2018-10-05,0.34,18,219
2018-10-10,0.35,18,214
2018-10-15,0.34,18,213
2018-05-03,1.27,18,224
2018-05-13,1.59,18,223
2018-06-07,1.31,18,222
2018-09-10,0.81,18,225
2018-09-20,2.26,18,227
2018-10-05,0.96,18,228
2018-10-10,0.9,18,226
2018-10-15,0.77,18,221
2018-05-02,1.2,39,94
2018-05-12,16.5,39,98
2018-05-27,2.71,39,88
2018-05-30,4.04,39,89
2018-06-01,5.32,39,92
2018-06-06,2.96,39,93
2018-08-13,0.28,39,96
2018-08-20,0.22,39,90
2018-08-30,0.4,39,91
2018-09-02,0.26,39,95
2018-10-12,0.77,39,85
2018-10-14,0.42,39,86
2018-10-17,0.33,39,97
2018-11-08,0.57,39,87
2018-05-04,0.92,26,15
2018-05-06,0.87,26,13
2018-05-09,0.98,26,19
2018-05-14,1.87,26,17
2018-05-19,1.37,26,10
2018-05-21,1.24,26,8
2018-05-29,1.56,26,4
2018-06-03,1.72,26,6
2018-06-08,1.11,26,5
2018-06-20,1.37,26,21
2018-07-05,0.57,26,18
2018-07-15,0.45,26,9
2018-07-20,0.47,26,16
2018-08-04,0.4,26,20
2018-08-07,0.38,26,12
2018-08-22,0.27,26,14
2018-10-11,0.03,26,11
2018-10-13,0.031,26,7
2018-10-31,0.014,26,2
2018-11-07,0.023,26,3
2018-06-07,0.75,50,24
2018-10-15,0.09,50,23
2018-05-03,0.23,40,220
2018-05-05,0.25,40,217
2018-05-10,0.71,40,212
2018-05-13,0.88,40,209
2018-05-20,0.58,40,218
2018-05-30,1.32,40,215
2018-06-07,0.55,40,211
2018-06-19,0.33,40,227
2018-06-29,0.32,40,229
2018-07-04,0.23,40,210
2018-07-07,0.22,40,214
2018-07-24,0.19,40,216
2018-08-08,0.15,40,213
2018-08-13,0.21,40,219
2018-08-23,0.17,40,222
2018-09-02,0.15,40,223
2018-09-10,0.15,40,230
2018-09-12,0.16,40,221
2018-09-20,0.93,40,224
2018-09-30,0.29,40,228
2018-10-05,0.2,40,225
2018-10-10,5.5,40,206
2018-10-12,1.43,40,207
2018-10-15,0.46,40,226
2018-11-29,0.24,40,208
2018-05-06,1.83,21,51
2018-05-21,3.28,21,53
2018-05-29,3.5,21,52
2018-05-31,3.29,21,55
2018-07-03,1.38,21,49
2018-07-20,1.28,21,57
2018-08-07,0.6,21,50
2018-08-17,0.48,21,56
2018-08-27,0.5,21,54
2018-08-29,0.45,21,59
2018-10-11,0.34,21,47
2018-10-13,0.26,21,58
2018-10-31,0.27,21,48
2018-10-12,15.9,39,221
2018-10-14,7.68,39,219
2018-10-17,19.0,39,222
2018-11-08,3.43,39,220
2018-05-07,70.2,38,171
2018-05-12,336.0,38,165
2018-05-27,191.0,38,167
2018-05-30,193.0,38,164
2018-06-01,228.0,38,166
2018-06-06,218.0,38,170
2018-07-04,66.8,38,176
2018-08-10,27.4,38,173
2018-08-13,40.2,38,168
2018-08-20,38.3,38,169
2018-08-23,38.7,38,172
2018-08-30,56.8,38,175
2018-09-02,81.1,38,174
2018-09-29,129.0,38,178
2018-10-12,52.1,38,161
2018-10-14,56.6,38,162
2018-10-17,83.4,38,177
2018-11-08,34.2,38,163
2018-05-06,1.02,20,234
2018-05-21,1.2,20,240
2018-05-29,2.04,20,232
2018-07-03,0.91,20,237
2018-08-07,0.49,20,233
2018-08-17,0.53,20,239
2018-08-27,0.63,20,235
2018-08-29,0.76,20,241
2018-10-11,0.38,20,230
2018-10-13,0.35,20,236
2018-10-16,0.33,20,238
2018-10-31,0.38,20,231
2018-05-06,0.61,25,48
2018-05-08,0.68,25,33
2018-05-13,1.11,25,35
2018-05-21,1.15,25,49
2018-05-23,1.1,25,34
2018-05-26,1.17,25,36
2018-05-31,1.68,25,37
2018-06-07,2.21,25,42
2018-07-07,0.44,25,39
2018-07-15,0.37,25,40
2018-07-20,0.41,25,38
2018-08-01,0.21,25,32
2018-08-29,0.09,25,43
2018-09-20,0.2,25,44
2018-09-25,0.12,25,46
2018-09-30,0.13,25,41
2018-10-10,0.08,25,45
2018-10-13,0.08,25,47
2018-10-15,0.08,25,30
2018-11-07,0.16,25,31
2018-05-06,4.34,49,158
2018-05-08,4.62,49,155
2018-05-11,5.2,49,156
2018-05-13,5.95,49,153
2018-06-07,6.22,49,152
2018-06-20,5.87,49,151
2018-07-05,5.85,49,154
2018-08-04,4.31,49,157
2018-09-03,2.79,49,159
2018-09-10,2.64,49,161
2018-10-13,2.66,49,162
2018-10-15,2.59,49,160
2018-10-12,159.0,33,17
2018-05-05,0.84,48,149
2018-05-08,0.88,48,154
2018-05-10,1.32,48,155
2018-05-13,2.56,48,150
2018-05-23,2.15,48,160
2018-05-30,3.1,48,147
2018-06-04,4.88,48,159
2018-06-07,3.98,48,146
2018-06-29,1.22,48,153
2018-07-07,0.82,48,145
2018-07-09,0.68,48,151
2018-07-24,0.68,48,165
2018-08-01,0.4,48,148
2018-08-08,0.25,48,144
2018-08-13,0.21,48,152
2018-08-23,0.19,48,157
2018-09-07,0.46,48,161
2018-09-10,0.54,48,158
2018-09-12,0.51,48,156
2018-09-20,0.5,48,162
2018-10-12,0.3,48,164
2018-10-15,0.3,48,163
2018-11-06,0.27,48,143
2018-05-08,0.72,48,109
2018-05-13,1.78,48,111
2018-06-07,1.68,48,110
2018-09-10,0.44,48,112
2018-10-15,0.55,48,113
2018-05-06,1.19,51,24
2018-05-16,1.3,51,26
2018-05-21,1.11,51,28
2018-05-31,1.23,51,25
2018-06-10,1.39,51,29
2018-06-20,1.33,51,20
2018-07-05,1.1,51,22
2018-07-15,0.95,51,23
2018-07-20,0.73,51,30
2018-08-04,0.49,51,19
2018-09-03,0.58,51,21
2018-10-13,0.51,51,27
2018-11-07,0.53,51,18
2018-05-07,0.75,40,54
2018-05-12,2.47,40,53
2018-05-27,2.68,40,52
2018-05-30,3.23,40,51
2018-06-06,1.81,40,50
2018-08-03,0.81,40,57
2018-08-10,0.41,40,60
2018-08-13,0.48,40,55
2018-08-20,0.54,40,58
2018-08-23,0.48,40,59
2018-09-29,0.63,40,61
2018-10-12,0.59,40,56
2018-10-14,0.38,40,48
2018-11-08,0.42,40,49
2018-05-04,1.96,23,168
2018-05-14,2.1,23,171
2018-05-29,1.87,23,173
2018-07-03,1.81,23,174
2018-07-23,1.21,23,170
2018-08-07,1.22,23,167
2018-08-17,1.13,23,172
2018-08-22,1.07,23,169
2018-10-11,1.07,23,166
2018-10-16,1.04,23,176
2018-10-31,1.02,23,175
2018-05-05,23.0,52,15
2018-05-08,27.7,52,21
2018-05-10,32.4,52,23
2018-05-13,37.1,52,20
2018-05-20,24.4,52,13
2018-05-30,22.7,52,19
2018-06-07,30.5,52,16
2018-06-09,28.1,52,18
2018-06-17,26.7,52,17
2018-07-04,20.7,52,12
2018-07-24,12.9,52,25
2018-08-08,10.7,52,14
2018-08-23,8.62,52,22
2018-09-07,8.15,52,27
2018-09-10,8.18,52,24
2018-10-12,9.31,52,11
2018-10-15,10.0,52,26
2018-05-04,1.46,30,33
2018-05-06,1.43,30,31
2018-05-09,1.52,30,29
2018-05-19,1.45,30,25
2018-05-24,1.47,30,21
2018-05-29,1.45,30,22
2018-05-31,1.47,30,28
2018-06-08,1.1,30,23
2018-06-20,1.07,30,24
2018-07-08,1.01,30,32
2018-07-20,0.98,30,35
2018-07-30,0.9,30,30
2018-08-09,0.83,30,37
2018-08-22,0.98,30,26
2018-09-08,0.9,30,36
2018-10-11,0.81,30,19
2018-10-13,0.81,30,27
2018-10-31,0.76,30,34
2018-11-07,0.71,30,20
2018-05-12,3.53,42,24
2018-05-30,5.47,42,18
2018-06-01,7.21,42,17
2018-06-06,9.74,42,21
2018-06-09,10.9,42,22
2018-07-06,2.22,42,14
2018-08-08,1.17,42,20
2018-08-13,1.07,42,15
2018-08-20,0.99,42,19
2018-08-23,1.11,42,16
2018-08-30,1.07,42,23
2018-10-12,0.8,42,11
2018-10-14,0.83,42,12
2018-11-08,1.27,42,13
2018-05-02,0.48,39,189
2018-05-05,0.47,39,191
2018-05-07,1.44,39,194
2018-05-12,18.3,39,198
2018-05-30,6.56,39,188
2018-06-06,8.27,39,195
2018-08-13,0.64,39,192
2018-08-20,0.64,39,196
2018-08-23,0.64,39,190
2018-08-30,0.64,39,199
2018-09-19,11.6,39,193
2018-10-14,0.65,39,187
2018-10-17,1.8,39,197
2018-05-14,9.26,23,57
2018-07-03,4.46,23,55
2018-08-07,2.33,23,56
2018-10-11,1.57,23,52
2018-10-13,1.48,23,58
2018-10-31,2.08,23,53
2018-11-17,1.71,23,54
2018-07-07,27.1,24,0
2018-10-10,19.0,24,1
2018-10-13,18.8,24,2
2018-10-15,18.6,23,248
2018-11-17,18.8,23,249
2018-05-03,39.9,32,209
2018-05-10,75.0,32,207
2018-05-13,93.4,32,205
2018-06-07,60.5,32,203
2018-08-03,48.2,32,204
2018-08-13,53.7,32,206
2018-08-23,41.8,32,208
2018-09-07,46.9,32,213
2018-09-20,259.0,32,210
2018-10-05,43.4,32,211
2018-10-10,37.1,32,215
2018-10-12,48.5,32,214
2018-10-15,44.4,32,212
2018-06-07,2.21,49,102
2018-07-05,0.76,49,103
2018-07-07,0.74,49,104
2018-10-15,0.29,49,105
2018-05-04,2.21,31,33
2018-05-06,2.93,31,30
2018-05-14,4.93,31,28
2018-05-19,3.44,31,25
2018-05-21,3.41,31,27
2018-05-24,3.53,31,22
2018-05-29,3.5,31,18
2018-05-31,3.61,31,26
2018-06-03,3.74,31,23
2018-06-08,3.22,31,24
2018-06-10,3.15,31,38
2018-06-20,3.06,31,31
2018-07-15,2.66,31,32
2018-07-25,2.08,31,34
2018-07-30,2.08,31,29
2018-08-22,2.26,31,35
2018-10-06,2.34,31,37
2018-10-11,2.25,31,19
2018-10-13,2.37,31,36
2018-10-31,2.49,31,20
2018-11-07,2.33,31,21
2018-05-03,1.12,35,114
2018-05-10,5.52,35,112
2018-05-13,9.37,35,107
2018-06-07,2.91,35,103
2018-08-03,1.04,35,104
2018-08-13,1.22,35,106
2018-08-23,1.87,35,109
2018-09-07,1.97,35,115
2018-09-10,1.11,35,111
2018-09-12,1.12,35,108
2018-09-20,21.0,35,110
2018-10-05,3.6,35,113
2018-10-10,1.6,35,105
2018-10-12,3.56,35,100
2018-10-15,2.02,35,101
2018-11-06,1.9,35,102
2018-10-10,1.28,32,126
2018-10-15,0.75,32,125
2018-05-08,19.0,19,201
2018-05-13,19.4,19,203
2018-05-21,15.0,19,211
2018-05-26,15.8,19,208
2018-06-07,25.4,19,198
2018-07-07,11.8,19,199
2018-07-15,15.4,19,200
2018-07-20,47.7,19,205
2018-08-01,12.7,19,204
2018-08-09,12.4,19,209
2018-08-29,10.1,19,212
2018-09-03,13.2,19,210
2018-09-20,8.08,19,206
2018-10-05,6.8,19,207
2018-10-13,17.8,19,202
2018-10-15,6.88,19,197
2018-05-04,126.0,24,95
2018-05-06,113.0,24,94
2018-05-29,127.0,24,92
2018-06-08,151.0,24,98
2018-08-07,61.3,24,97
2018-10-11,41.9,24,93
2018-10-13,41.5,24,96
2018-10-31,37.5,24,90
2018-11-07,37.2,24,91
2018-05-13,4.0,34,119
2018-06-07,3.8,34,116
2018-08-13,3.6,34,118
2018-10-10,3.4,34,117
2018-10-12,3.4,34,113
2018-10-15,3.4,34,114
2018-11-06,3.2,34,115
2018-05-06,42.9,24,31
2018-05-08,43.4,24,28
2018-05-11,44.4,24,27
2018-05-13,46.6,24,22
2018-05-21,44.6,24,24
2018-06-07,47.8,24,21
2018-07-07,39.3,24,25
2018-07-20,53.6,24,26
2018-08-01,36.2,24,23
2018-08-04,36.2,24,20
2018-08-29,30.5,24,32
2018-09-10,26.2,24,30
2018-09-20,41.7,24,35
2018-10-10,29.2,24,33
2018-10-13,27.2,24,34
2018-10-15,27.9,24,29
2018-11-17,33.4,24,19
2018-05-03,0.79,37,145
2018-05-10,1.27,37,146
2018-05-13,1.68,37,137
2018-05-20,1.19,37,143
2018-05-30,2.78,37,139
2018-06-07,1.2,37,134
2018-07-04,0.58,37,136
2018-07-07,0.52,37,138
2018-07-24,0.49,37,140
2018-08-08,0.34,37,141
2018-08-13,0.54,37,144
2018-10-10,0.46,37,135
2018-10-15,0.42,37,142
2018-05-03,1.99,42,104
2018-05-05,2.08,42,103
2018-05-08,2.33,42,100
2018-05-10,2.55,42,113
2018-05-13,4.67,42,96
2018-05-20,6.36,42,102
2018-05-30,4.4,42,101
2018-06-04,5.3,42,98
2018-06-07,3.34,42,95
2018-07-07,1.93,42,112
2018-07-09,1.79,42,97
2018-07-24,1.63,42,99
2018-08-08,1.45,42,94
2018-08-23,1.24,42,107
2018-09-02,1.24,42,114
2018-09-07,1.15,42,111
2018-09-12,1.19,42,105
2018-09-20,2.45,42,110
2018-10-10,1.52,42,106
2018-10-12,1.58,42,109
2018-10-15,1.53,42,108
2018-10-17,1.5,42,115
2018-11-06,1.49,42,93
2018-05-29,235.0,18,109
2018-10-11,84.3,18,108
2018-10-16,75.8,18,112
2018-10-21,73.8,18,110
2018-10-31,77.8,18,111
2018-05-29,17.7,30,244
2018-10-11,12.0,30,241
2018-10-13,12.5,30,245
2018-10-31,13.0,30,242
2018-11-07,12.2,30,243
2018-05-08,15.6,52,9
2018-05-13,18.9,52,8
2018-06-07,17.3,52,7
2018-10-15,6.77,52,10
2018-05-03,33.6,32,174
2018-05-13,73.7,32,183
2018-06-07,48.4,32,182
2018-07-04,36.1,32,177
2018-08-03,49.8,32,176
2018-08-13,32.4,32,185
2018-08-23,28.4,32,180
2018-09-10,35.9,32,175
2018-09-12,32.1,32,178
2018-09-20,231.0,32,179
2018-10-05,33.0,32,181
2018-10-10,30.9,32,184
2018-10-12,30.4,32,171
2018-10-15,32.3,32,172
2018-11-06,44.0,32,173
2018-05-04,6.57,21,208
2018-05-06,7.15,21,205
2018-05-21,8.37,21,214
2018-05-26,7.98,21,202
2018-05-29,8.29,21,197
2018-05-31,8.29,21,212
2018-07-03,4.94,21,200
2018-07-15,2.81,21,198
2018-07-20,2.35,21,203
2018-08-04,1.63,21,201
2018-08-07,1.49,21,199
2018-08-09,1.37,21,204
2018-08-17,1.17,21,207
2018-08-22,1.1,21,206
2018-08-27,1.09,21,216
2018-08-29,1.02,21,209
2018-09-03,0.91,21,210
2018-10-13,1.03,21,211
2018-10-16,1.15,21,215
2018-10-18,1.14,21,217
2018-10-31,0.9,21,213
2018-11-07,0.89,21,218
2018-05-04,9.4,31,163
2018-05-06,9.34,31,158
2018-05-14,13.2,31,160
2018-05-19,9.93,31,156
2018-05-21,9.88,31,167
2018-05-24,9.77,31,157
2018-05-29,9.5,31,146
2018-05-31,9.47,31,154
2018-06-03,11.0,31,155
2018-06-05,10.5,31,150
2018-06-08,9.58,31,152
2018-06-10,9.38,31,153
2018-06-20,8.91,31,151
2018-07-23,7.99,31,161
2018-07-25,7.74,31,164
2018-07-30,8.11,31,159
2018-08-22,7.21,31,162
2018-10-06,7.83,31,166
2018-10-11,7.67,31,147
2018-10-13,7.7,31,165
2018-10-31,7.82,31,148
2018-11-07,6.8,31,149
2018-05-03,37.1,50,88
2018-05-06,37.8,50,85
2018-05-08,37.6,50,82
2018-05-13,34.2,50,79
2018-05-31,34.1,50,89
2018-06-07,40.6,50,78
2018-06-20,37.0,50,77
2018-07-05,36.0,50,80
2018-07-07,35.5,50,83
2018-07-15,27.5,50,87
2018-07-20,23.9,50,86
2018-08-01,19.6,50,81
2018-08-04,20.7,50,84
2018-08-09,19.2,50,92
2018-09-20,31.7,50,91
2018-09-30,26.5,50,90
2018-10-13,20.3,50,93
2018-10-15,22.4,50,75
2018-11-07,25.3,50,76
2018-05-27,5.24,42,3
2018-05-30,5.43,42,5
2018-06-01,7.89,42,1
2018-06-06,6.29,42,4
2018-06-09,5.13,42,2
2018-07-09,4.48,42,6
2018-08-03,3.94,42,9
2018-08-08,3.62,42,0
2018-08-13,4.1,41,249
2018-08-20,3.74,42,7
2018-08-23,3.77,42,8
2018-10-12,3.04,41,246
2018-10-14,3.18,41,247
2018-10-17,3.12,42,10
2018-11-08,3.35,41,248
2018-05-07,0.52,44,226
2018-05-10,0.82,44,229
2018-05-12,1.08,44,224
2018-05-27,0.82,44,222
2018-05-30,0.84,44,221
2018-06-01,1.56,44,219
2018-06-04,3.56,44,230
2018-06-09,1.32,44,220
2018-07-19,0.72,44,223
2018-08-08,0.46,44,228
2018-08-10,0.42,44,227
2018-08-23,0.33,44,225
2018-10-12,0.3,44,217
2018-10-14,0.3,44,218
2018-05-07,1.31,44,213
2018-05-12,3.17,44,211
2018-06-01,2.95,44,208
2018-06-09,3.89,44,209
2018-07-09,1.57,44,216
2018-08-10,0.82,44,210
2018-08-23,0.67,44,212
2018-09-04,0.9,44,214
2018-10-12,0.95,44,206
2018-10-14,0.97,44,207
2018-10-17,0.99,44,215
2018-05-06,3.6,30,209
2018-05-14,4.38,30,211
2018-05-19,3.74,30,215
2018-05-21,3.7,30,217
2018-05-24,3.7,30,216
2018-05-29,3.63,30,206
2018-06-03,4.11,30,214
2018-06-08,3.8,30,203
2018-06-20,3.18,30,213
2018-06-28,3.01,30,204
2018-07-20,1.97,30,218
2018-07-23,1.85,30,205
2018-08-22,1.64,30,212
2018-09-03,1.62,30,210
2018-10-06,2.64,30,208
2018-10-11,2.16,30,200
2018-10-13,2.11,30,207
2018-10-31,1.92,30,201
2018-11-07,2.09,30,202
2018-05-03,21.4,43,10
2018-05-08,23.2,43,3
2018-05-10,23.7,43,16
2018-05-13,24.4,43,6
2018-05-30,33.3,43,4
2018-06-04,38.5,43,2
2018-06-07,37.7,42,248
2018-07-07,19.7,42,249
2018-07-09,15.5,43,7
2018-08-01,13.0,43,1
2018-08-08,13.8,43,0
2018-08-23,13.4,43,11
2018-09-07,13.0,43,14
2018-09-10,12.9,43,15
2018-09-12,13.5,43,9
2018-09-20,31.0,43,12
2018-10-12,13.7,43,8
2018-10-15,14.2,43,5
2018-10-17,14.1,43,13
2018-11-06,13.5,42,247
2018-05-08,3.26,46,27
2018-05-10,3.26,46,32
2018-05-30,3.42,46,24
2018-06-07,3.5,46,26
2018-06-09,3.42,46,25
2018-07-24,1.9,46,28
2018-08-08,1.8,46,29
2018-08-23,1.14,46,33
2018-09-10,1.64,46,30
2018-09-20,2.15,46,31
2018-10-12,2.05,46,23
2018-08-23,30.3,36,89
2018-09-20,420.0,36,93
2018-10-05,38.8,36,92
2018-10-10,27.4,36,91
2018-10-12,26.5,36,86
2018-10-15,27.2,36,87
2018-10-17,27.7,36,90
2018-11-06,19.8,36,88
2018-05-03,4.26,19,112
2018-05-06,4.35,19,103
2018-05-08,4.63,19,102
2018-05-13,5.44,19,100
2018-06-07,4.77,19,97
2018-07-05,4.58,19,107
2018-08-01,3.39,19,101
2018-08-09,2.79,19,104
2018-08-29,3.17,19,106
2018-09-03,2.46,19,113
2018-09-20,4.19,19,109
2018-09-28,2.68,19,105
2018-10-05,2.2,19,108
2018-10-10,2.05,19,110
2018-10-13,2.18,19,111
2018-10-15,2.13,19,98
2018-11-17,1.76,19,99
2018-05-04,1.35,28,30
2018-05-06,1.35,28,25
2018-05-09,1.25,28,28
2018-05-14,1.14,28,29
2018-05-19,1.04,28,33
2018-05-21,0.94,28,31
2018-05-24,0.88,28,27
2018-05-29,0.82,28,24
2018-06-03,0.76,28,20
2018-06-08,0.64,28,26
2018-06-20,0.7,28,15
2018-07-05,0.52,28,18
2018-07-25,0.48,28,32
2018-08-07,0.3,28,19
2018-08-09,0.28,28,16
2018-08-22,0.19,28,22
2018-09-08,0.14,28,13
2018-10-06,0.047,28,21
2018-10-13,0.031,28,23
2018-10-31,0.007,28,14
2018-11-07,0.005,28,17
2018-05-29,14.9,29,2
2018-06-03,19.9,29,1
2018-10-11,1.76,29,3
2018-10-16,1.7,28,249
2018-10-31,1.92,29,0
2018-05-06,16.9,30,101
2018-05-09,18.3,30,102
2018-05-14,31.8,30,93
2018-05-19,23.9,30,94
2018-05-21,20.4,30,104
2018-05-24,20.0,30,87
2018-05-29,19.3,30,88
2018-06-03,24.9,30,95
2018-06-05,24.1,30,109
2018-06-08,20.2,30,92
2018-06-20,16.7,30,89
2018-06-28,16.4,30,110
2018-07-08,14.9,30,112
2018-07-20,12.7,30,107
2018-07-23,12.4,30,97
2018-07-25,12.2,30,98
2018-07-30,11.8,30,100
2018-08-09,10.3,30,99
2018-08-22,11.3,30,96
2018-09-03,10.8,30,103
2018-09-08,10.7,30,105
2018-10-06,11.8,30,106
2018-10-11,11.2,30,111
2018-10-13,12.4,30,108
2018-10-31,11.8,30,90
2018-11-07,11.0,30,91
2018-08-03,17.2,37,3
2018-08-23,22.3,37,4
2018-10-12,21.0,37,1
2018-11-06,15.1,37,2
2018-10-12,1.77,37,193
2018-05-06,0.24,51,85
2018-05-21,0.28,51,83
2018-05-24,0.27,51,79
2018-05-31,0.28,51,84
2018-06-03,0.28,51,77
2018-06-10,0.26,51,81
2018-06-20,0.28,51,78
2018-06-28,0.28,51,80
2018-07-15,0.26,51,82
2018-09-03,0.22,51,86
2018-10-13,0.24,51,87
2018-11-07,0.25,51,76
2018-05-04,0.41,29,163
2018-05-06,0.45,29,153
2018-05-09,0.64,29,161
2018-05-14,1.19,29,154
2018-05-19,0.71,29,155
2018-05-21,0.66,29,162
2018-05-29,0.71,29,146
2018-06-03,0.89,29,156
2018-06-08,0.79,29,147
2018-06-20,0.61,29,157
2018-07-05,0.69,29,148
2018-07-15,0.43,29,149
2018-07-20,0.39,29,167
2018-07-25,0.32,29,159
2018-08-07,0.28,29,160
2018-08-22,0.26,29,158
2018-09-08,0.21,29,150
2018-10-06,0.28,29,165
2018-10-11,0.29,29,164
2018-10-13,0.26,29,166
2018-10-31,0.25,29,151
2018-11-07,0.24,29,152
2018-05-05,0.51,48,188
2018-05-08,0.82,48,175
2018-05-10,1.14,48,176
2018-05-13,1.7,48,171
2018-05-23,1.31,48,182
2018-05-30,1.7,48,170
2018-06-04,2.54,48,174
2018-06-07,1.46,48,167
2018-06-29,0.81,48,172
2018-07-07,0.77,48,168
2018-07-09,0.54,48,173
2018-07-24,0.37,48,187
2018-08-01,0.25,48,186
2018-08-08,0.24,48,169
2018-08-13,0.2,48,177
2018-08-23,0.22,48,180
2018-09-07,0.22,48,181
2018-09-10,0.36,48,178
2018-09-12,0.24,48,179
2018-09-20,0.96,48,183
2018-10-12,0.33,48,185
2018-10-15,0.34,48,184
2018-11-06,0.29,48,166
2018-05-03,0.73,36,14
2018-05-10,7.39,36,24
2018-05-13,3.87,36,15
2018-06-07,2.08,36,13
2018-08-03,1.1,36,25
2018-08-13,1.78,36,16
2018-08-23,0.89,36,17
2018-09-07,0.64,36,23
2018-09-20,25.3,36,18
2018-10-05,1.0,36,19
2018-10-10,0.9,36,21
2018-10-12,2.44,36,22
2018-10-15,2.26,36,20
2018-05-10,40.1,44,16
2018-06-09,65.0,44,12
2018-06-29,47.6,44,15
2018-07-09,30.3,44,19
2018-08-08,9.01,44,13
2018-08-23,8.07,44,14
2018-09-12,8.73,44,17
2018-10-12,9.57,44,11
2018-10-17,8.93,44,18
2018-05-10,10.8,35,218
2018-05-13,12.2,35,215
2018-06-07,6.91,35,214
2018-08-03,5.44,35,219
2018-08-13,3.5,35,211
2018-08-23,3.58,35,217
2018-09-07,3.11,35,216
2018-09-20,90.3,35,213
2018-10-05,14.9,35,212
2018-10-10,4.49,35,209
2018-10-12,8.99,35,210
2018-10-15,7.89,35,208
2018-05-08,0.46,48,70
2018-05-10,0.54,48,71
2018-05-23,0.49,48,68
2018-05-30,0.77,48,64
2018-06-04,3.25,48,63
2018-06-07,1.24,48,61
2018-06-09,0.89,48,62
2018-06-29,0.32,48,65
2018-07-07,0.23,48,67
2018-07-24,0.19,48,66
2018-08-08,0.15,48,60
2018-09-10,0.08,48,72
2018-10-12,0.32,48,59
2018-10-15,0.13,48,69
2018-05-02,33.9,46,245
2018-05-12,49.2,46,239
2018-06-01,78.0,46,240
2018-06-06,84.4,46,242
2018-06-21,65.9,46,241
2018-08-10,12.6,46,244
2018-08-20,21.3,46,243
2018-10-14,28.5,46,238
2018-05-13,13.2,35,65
2018-06-07,3.95,35,63
2018-08-03,2.84,35,64
2018-08-23,0.46,35,120
2018-09-10,2.44,35,68
2018-09-12,2.81,35,66
2018-09-20,51.4,35,67
2018-10-10,0.74,35,119
2018-10-10,2.72,35,62
2018-10-12,3.27,35,116
2018-10-12,9.78,35,59
2018-10-15,0.81,35,117
2018-10-15,5.18,35,60
2018-11-06,0.57,35,118
2018-11-06,3.58,35,61
2018-05-03,17.7,42,244
2018-05-05,17.4,42,237
2018-05-10,19.4,42,240
2018-05-13,23.3,42,238
2018-05-20,22.7,42,239
2018-05-30,29.3,42,242
2018-06-07,24.7,42,235
2018-07-04,12.9,42,233
2018-07-07,11.5,42,232
2018-08-08,8.96,42,234
2018-08-13,8.59,42,236
2018-09-10,7.39,42,243
2018-09-12,7.39,42,241
2018-10-05,11.5,42,246
2018-10-10,9.76,42,245
2018-10-12,10.6,42,231
2018-10-15,10.2,42,230
2018-05-07,4.93,44,182
2018-05-12,7.94,44,178
2018-05-27,6.41,44,179
2018-05-30,6.28,44,177
2018-06-01,7.82,44,176
2018-06-09,16.2,44,175
2018-07-09,4.52,44,183
2018-07-19,4.12,44,185
2018-08-10,2.26,44,180
2018-08-23,1.81,44,181
2018-10-12,2.2,44,173
2018-10-14,2.17,44,174
2018-10-17,2.29,44,184
2018-05-07,14.9,43,239
2018-05-10,17.1,43,238
2018-05-12,20.8,43,233
2018-05-27,19.0,43,235
2018-05-30,16.7,43,236
2018-06-01,18.5,43,234
2018-06-04,33.5,43,237
2018-06-06,41.6,43,244
2018-06-09,38.4,43,232
2018-06-29,21.4,43,243
2018-08-08,4.92,43,240
2018-08-10,4.75,43,242
2018-08-23,4.44,43,241
2018-10-12,3.4,43,230
2018-10-14,3.31,43,231
2018-05-12,1.14,41,202
2018-05-27,1.2,41,207
2018-05-30,1.43,41,203
2018-06-01,1.43,41,201
2018-06-06,1.26,41,204
2018-06-09,1.04,41,208
2018-06-21,0.94,41,206
2018-07-09,0.76,41,211
2018-08-03,0.63,41,209
2018-08-08,0.58,41,198
2018-08-13,0.61,41,199
2018-08-20,0.88,41,200
2018-08-23,0.62,41,197
2018-09-02,0.54,41,205
2018-10-12,1.02,41,194
2018-10-14,0.89,41,195
2018-10-17,0.77,41,210
2018-11-08,0.67,41,196
2018-05-04,13.4,50,60
2018-05-04,6.27,50,130
2018-05-06,13.1,50,59
2018-05-06,6.27,50,136
2018-05-09,12.8,50,55
2018-05-09,5.93,50,123
2018-05-14,13.1,50,61
2018-05-14,5.76,50,133
2018-05-19,12.8,50,56
2018-05-19,5.99,50,126
2018-05-21,12.8,50,62
2018-05-21,5.82,50,138
2018-05-24,12.6,50,52
2018-05-24,5.65,50,122
2018-05-29,12.6,50,53
2018-05-29,5.65,50,128
2018-06-03,12.8,50,50
2018-06-03,6.16,50,127
2018-06-08,12.3,50,58
2018-06-08,5.99,50,129
2018-06-20,12.6,50,47
2018-06-20,5.99,50,124
2018-07-05,11.8,50,48
2018-07-05,5.22,50,125
2018-07-15,11.3,50,49
2018-07-15,4.48,50,119
2018-07-20,10.8,50,51
2018-07-20,4.28,50,120
2018-08-04,8.02,50,54
2018-08-04,4.15,50,117
2018-08-09,7.56,50,65
2018-08-09,3.79,50,131
2018-08-22,6.35,50,57
2018-08-22,3.38,50,121
2018-10-06,10.1,50,64
2018-10-06,4.8,50,134
2018-10-11,9.6,50,63
2018-10-11,4.32,50,132
2018-10-13,9.76,50,66
2018-10-13,4.19,50,135
2018-10-18,3.9,50,137
2018-10-31,9.96,50,45
2018-10-31,3.82,50,116
2018-11-07,9.89,50,46
2018-11-07,4.03,50,118
2018-10-10,2.22,34,100
2018-10-12,2.36,34,97
2018-10-15,2.34,34,98
2018-11-06,2.28,34,99
2018-05-13,10.5,36,169
2018-08-03,6.15,36,170
2018-08-23,4.98,36,171
2018-08-28,56.6,36,173
2018-09-20,58.8,36,174
2018-09-30,8.98,36,176
2018-10-05,7.02,36,175
2018-10-10,5.18,36,172
2018-10-12,6.21,36,166
2018-10-15,13.9,36,167
2018-11-06,7.04,36,168
2018-07-05,0.91,20,8
2018-08-09,1.02,20,9
2018-08-29,1.44,20,10
2018-09-28,0.54,20,7
2018-10-13,0.58,20,11
2018-05-04,1.58,26,26
2018-05-06,1.52,26,25
2018-05-29,2.04,26,24
2018-10-11,0.017,26,27
2018-10-13,0.036,26,28
2018-10-31,0.07,26,22
2018-11-07,0.08,26,23
2018-05-02,2.22,39,60
2018-05-05,2.22,39,62
2018-05-07,2.72,39,59
2018-05-12,38.6,39,58
2018-06-06,16.0,39,57
2018-08-13,3.25,39,61
2018-08-20,2.45,39,56
2018-08-23,3.66,39,65
2018-08-28,4.97,39,63
2018-08-30,4.48,39,64
2018-09-19,32.8,39,66
2018-10-09,1.4,39,67
2018-10-14,1.3,39,55
2018-10-17,1.49,39,68
2018-11-06,0.77,39,69
2018-11-08,1.46,39,70
2018-08-23,0.57,36,226
2018-08-28,2.02,36,227
2018-10-12,1.3,36,223
2018-10-17,1.38,36,225
2018-11-06,0.62,36,224
2018-05-10,0.84,45,95
2018-05-20,2.05,45,96
2018-05-30,1.49,45,97
2018-06-04,7.18,45,93
2018-06-09,5.03,45,90
2018-07-09,0.84,45,92
2018-07-19,0.59,45,91
2018-08-23,0.24,45,94
2018-10-12,0.52,45,89
2018-05-29,1.03,27,108
2018-06-03,1.22,27,109
2018-06-20,1.22,27,106
2018-07-05,0.98,27,107
2018-10-11,0.18,27,110
2018-10-13,0.2,27,111
2018-10-31,0.19,27,104
2018-11-07,0.16,27,105
2018-05-03,5.1,24,149
2018-05-08,5.27,24,148
2018-05-13,5.36,24,147
2018-06-07,5.66,24,143
2018-07-07,3.27,24,144
2018-08-01,2.66,24,146
2018-09-10,3.39,24,150
2018-10-10,2.87,24,145
2018-10-15,2.86,24,142
2018-05-10,197.0,33,7
2018-05-30,159.0,33,5
2018-08-03,106.0,33,4
2018-08-13,117.0,33,6
2018-10-12,163.0,33,8
2018-05-03,0.95,46,85
2018-05-08,1.12,46,80
2018-05-10,1.42,46,79
2018-05-30,2.37,46,76
2018-06-04,5.56,46,91
2018-06-07,3.91,46,88
2018-06-09,3.17,46,77
2018-06-29,1.49,46,81
2018-07-09,0.91,46,86
2018-07-24,0.66,46,78
2018-08-01,0.72,46,83
2018-08-08,0.62,46,84
2018-08-23,0.52,46,82
2018-09-10,0.7,46,92
2018-09-12,0.79,46,90
2018-09-20,2.84,46,87
2018-10-12,0.97,46,75
2018-10-15,0.97,46,89
2018-10-17,0.84,46,93
2018-05-06,2.07,22,203
2018-05-21,3.94,22,199
2018-05-26,4.68,22,200
2018-05-29,4.42,22,196
2018-07-03,1.23,22,198
2018-07-15,0.64,22,204
2018-08-07,0.49,22,197
2018-10-11,0.26,22,201
2018-10-13,0.13,22,202
2018-05-08,1.84,48,116
2018-05-13,4.64,48,117
2018-06-07,4.54,48,114
2018-07-07,1.68,48,115
2018-08-01,0.75,48,118
2018-09-10,0.66,48,120
2018-09-20,1.72,48,121
2018-10-15,0.71,48,119
2018-05-07,3.25,45,9
2018-05-10,3.93,45,11
2018-05-12,6.23,45,7
2018-05-27,5.0,45,13
2018-05-30,4.94,45,5
2018-06-01,5.68,45,3
2018-06-09,15.7,45,4
2018-07-09,2.42,45,12
2018-08-10,0.87,45,6
2018-08-20,0.78,45,10
2018-08-23,0.78,45,8
2018-10-12,1.21,45,1
2018-10-14,1.21,45,2
2018-05-06,89.8,18,38
2018-05-31,109.0,18,37
2018-07-15,69.8,18,36
2018-07-20,77.9,18,39
2018-08-09,61.3,18,41
2018-09-03,71.8,18,42
2018-10-13,63.4,18,40
2018-10-10,0.17,20,142
2018-10-13,0.12,20,143
2018-10-15,0.1,20,141
2018-10-13,32.5,24,68
2018-11-07,34.5,24,67
2018-05-06,1.28,51,3
2018-05-08,1.21,51,7
2018-05-11,1.21,51,11
2018-05-13,1.28,51,10
2018-05-21,1.33,51,15
2018-05-31,1.45,51,6
2018-06-07,1.92,51,4
2018-06-20,1.38,51,8
2018-07-05,1.29,51,2
2018-07-07,1.32,51,14
2018-08-01,0.33,51,5
2018-08-04,0.3,51,9
2018-08-09,0.26,51,13
2018-09-03,0.25,51,17
2018-09-10,0.21,51,12
2018-10-13,0.14,51,16
2018-10-15,0.13,51,1
2018-05-06,0.51,20,222
2018-05-21,0.6,20,224
2018-05-29,1.3,20,221
2018-05-31,1.12,20,219
2018-07-20,0.41,20,223
2018-08-07,0.27,20,220
2018-08-17,0.26,20,227
2018-08-27,0.36,20,225
2018-08-29,0.35,20,228
2018-10-11,0.17,20,217
2018-10-13,0.16,20,226
2018-10-16,0.16,20,229
2018-10-31,0.17,20,218
2018-05-06,1.86,50,22
2018-05-08,1.8,50,19
2018-05-11,1.65,50,17
2018-05-13,1.63,50,21
2018-06-07,1.61,50,14
2018-06-20,1.52,50,12
2018-07-05,1.52,50,13
2018-07-07,1.53,50,10
2018-07-15,1.42,50,16
2018-08-01,1.16,50,18
2018-08-04,0.98,50,11
2018-08-09,0.76,50,9
2018-09-10,0.41,50,15
2018-10-13,0.4,50,20
2018-10-15,0.39,50,8
2018-05-07,8.07,42,42
2018-05-12,8.9,42,39
2018-05-22,8.79,42,40
2018-05-27,13.7,42,34
2018-05-30,14.5,42,36
2018-06-01,17.5,42,35
2018-06-06,30.1,42,41
2018-06-09,23.0,42,25
2018-06-29,7.8,42,45
2018-07-06,5.91,42,26
2018-07-09,4.91,42,37
2018-08-08,3.06,42,27
2018-08-13,2.34,42,38
2018-08-23,1.76,42,33
2018-08-30,2.17,42,43
2018-09-02,2.02,42,44
2018-10-12,2.15,42,28
2018-10-14,2.16,42,29
2018-10-19,2.1,42,46
2018-11-06,2.39,42,30
2018-11-08,2.62,42,31
2018-11-28,4.99,42,32
2018-05-06,653.0,33,186
2018-05-13,1080.0,33,184
2018-05-31,1220.0,33,185
2018-06-07,1750.0,33,182
2018-06-20,1360.0,33,183
2018-10-13,516.0,33,187
2018-10-15,562.0,33,181
2018-05-02,2.21,39,14
2018-05-05,2.21,39,17
2018-05-07,2.69,39,12
2018-05-12,51.4,39,13
2018-05-30,9.1,39,21
2018-06-06,56.1,39,22
2018-08-13,4.82,39,15
2018-08-20,2.89,39,16
2018-08-23,3.9,39,24
2018-08-28,12.2,39,18
2018-08-30,15.3,39,25
2018-09-19,30.6,39,19
2018-10-09,1.88,39,20
2018-10-14,1.42,39,10
2018-10-17,2.4,39,23
2018-11-08,1.58,39,11
2018-05-06,1.6,50,207
2018-05-08,1.31,50,211
2018-05-13,1.68,50,208
2018-05-21,1.31,50,215
2018-06-07,1.68,50,205
2018-06-20,1.98,50,206
2018-07-05,1.31,50,213
2018-07-07,1.27,50,209
2018-07-15,1.27,50,216
2018-08-01,0.87,50,210
2018-08-04,0.87,50,212
2018-09-03,0.87,50,214
2018-10-13,0.87,50,217
2018-10-15,0.87,50,204
2018-05-31,1.81,20,12
2018-05-03,4.8,37,122
2018-05-05,4.66,37,123
2018-05-10,6.18,37,120
2018-05-13,7.02,37,116
2018-05-20,6.31,37,121
2018-05-30,10.5,37,132
2018-06-07,6.48,37,115
2018-07-04,3.8,37,133
2018-07-07,3.42,37,117
2018-07-24,4.05,37,119
2018-08-08,2.93,37,118
2018-08-13,3.71,37,125
2018-09-10,2.53,37,126
2018-09-12,3.39,37,124
2018-09-20,6.42,37,130
2018-10-05,3.24,37,131
2018-10-10,2.54,37,127
2018-10-12,8.52,37,129
2018-10-15,5.22,37,128
2018-05-08,0.97,51,190
2018-05-13,1.09,51,189
2018-06-07,1.08,51,188
2018-09-10,0.48,51,192
2018-10-15,0.63,51,191
2018-06-06,21.3,38,22
2018-08-13,3.75,38,23
2018-10-12,4.02,38,21
2018-10-14,3.64,38,19
2018-11-08,2.9,38,20
2018-06-07,1710.0,33,153
2018-10-13,466.0,33,154
2018-10-15,428.0,33,152
2018-05-27,14.7,41,107
2018-05-30,17.3,41,108
2018-06-01,19.9,41,104
2018-06-06,23.5,41,105
2018-06-09,16.7,41,114
2018-06-21,12.0,41,116
2018-07-09,6.95,41,113
2018-08-03,6.42,41,112
2018-08-08,5.68,41,106
2018-08-13,6.02,41,109
2018-08-20,6.45,41,110
2018-08-23,6.19,41,111
2018-08-30,6.37,41,115
2018-10-12,6.02,41,101
2018-10-14,6.42,41,102
2018-11-08,5.77,41,103
2018-05-06,1.13,25,21
2018-05-08,1.16,25,17
2018-05-13,1.87,25,16
2018-05-26,1.95,25,23
2018-05-31,2.55,25,20
2018-06-07,2.1,25,14
2018-07-07,0.56,25,12
2018-07-15,0.32,25,19
2018-07-20,3.42,25,18
2018-08-01,0.32,25,13
2018-08-04,0.34,25,15
2018-08-29,0.09,25,25
2018-09-10,0.046,25,22
2018-09-20,0.37,25,26
2018-09-25,0.15,25,28
2018-09-30,0.11,25,24
2018-10-10,0.05,25,27
2018-10-13,0.042,25,29
2018-10-15,0.035,25,10
2018-11-07,0.006,25,11
2018-05-13,5.41,36,208
2018-08-03,15.5,36,210
2018-08-23,10.5,36,209
2018-09-20,143.0,36,212
2018-10-05,10.1,36,214
2018-10-10,5.52,36,213
2018-10-12,8.73,36,205
2018-10-15,51.0,36,206
2018-10-17,17.6,36,211
2018-11-06,12.2,36,207
2018-05-02,15.2,39,232
2018-05-12,86.1,39,231
2018-05-27,48.1,39,228
2018-05-30,49.5,39,227
2018-06-01,57.3,39,226
2018-06-06,52.3,39,229
2018-08-13,14.9,39,230
2018-08-20,7.99,39,233
2018-08-23,10.3,39,235
2018-08-30,11.3,39,236
2018-09-02,8.9,39,234
2018-10-12,13.6,39,223
2018-10-14,11.8,39,224
2018-10-17,31.7,39,237
2018-11-08,6.29,39,225
2018-05-08,7.01,48,84
2018-05-13,11.2,48,83
2018-06-07,14.0,48,80
2018-07-07,7.83,48,81
2018-08-01,3.87,48,82
2018-09-10,2.89,48,87
2018-09-20,4.52,48,86
2018-10-15,3.08,48,85
2018-05-04,17.9,29,118
2018-05-07,19.2,29,104
2018-05-09,22.2,29,111
2018-05-14,37.9,29,114
2018-05-19,30.7,29,109
2018-05-24,27.0,29,106
2018-05-29,26.7,29,98
2018-06-01,29.0,29,119
2018-06-03,32.7,29,99
2018-06-06,32.1,29,100
2018-06-08,29.5,29,105
2018-07-16,17.7,29,107
2018-07-21,16.1,29,115
2018-07-26,15.3,29,108
2018-07-31,12.8,29,117
2018-08-07,11.2,29,112
2018-08-22,12.6,29,116
2018-10-11,8.97,29,110
2018-10-14,8.68,29,101
2018-10-24,7.9,29,113
2018-10-31,8.4,29,102
2018-11-28,9.78,29,103
2018-05-07,0.14,44,127
2018-05-10,0.34,44,129
2018-05-27,0.29,44,124
2018-05-30,0.31,44,125
2018-06-01,1.77,44,123
2018-06-04,2.91,44,126
2018-06-09,0.7,44,120
2018-08-08,0.06,44,122
2018-08-10,0.07,44,128
2018-08-23,0.05,44,121
2018-08-30,0.048,44,130
2018-10-12,0.045,44,118
2018-10-14,0.043,44,119
2018-05-06,25.1,50,71
2018-06-20,26.2,50,68
2018-07-05,22.9,50,69
2018-07-15,19.4,50,72
2018-07-20,17.2,50,70
2018-08-04,17.2,50,73
2018-10-13,18.2,50,74
2018-11-07,18.9,50,67
2018-05-03,3.0,19,125
2018-05-06,3.0,19,134
2018-05-08,3.89,19,133
2018-05-13,3.0,19,123
2018-06-07,3.18,19,121
2018-07-05,2.8,19,135
2018-07-07,2.8,19,120
2018-07-15,2.78,19,122
2018-08-01,2.9,19,124
2018-08-09,3.0,19,129
2018-08-29,3.0,19,127
2018-09-03,3.0,19,126
2018-09-20,3.09,19,130
2018-09-28,3.0,19,128
2018-10-05,3.2,19,131
2018-10-13,3.0,19,132
2018-10-15,9.4,19,119
2018-11-17,2.8,19,118
2018-10-11,0.11,23,107
2018-10-31,0.1,23,108
2018-11-17,0.08,23,109
2018-05-03,0.62,18,242
2018-05-13,1.18,18,241
2018-06-07,0.66,18,240
2018-09-10,0.75,18,243
2018-09-20,1.07,18,244
2018-10-05,0.59,18,245
2018-10-10,0.53,18,246
2018-10-15,0.56,18,239
2018-05-04,6.1,29,189
2018-05-06,6.8,29,168
2018-05-09,8.5,29,183
2018-05-14,14.9,29,184
2018-05-19,10.0,29,181
2018-05-21,9.6,29,169
2018-05-24,9.7,29,180
2018-05-29,9.7,29,170
2018-06-03,14.2,29,171
2018-06-08,11.3,29,177
2018-06-20,8.7,29,172
2018-07-05,13.7,29,179
2018-07-15,6.5,29,185
2018-08-07,4.5,29,173
2018-08-09,4.3,29,182
2018-08-17,4.3,29,190
2018-08-22,4.3,29,178
2018-09-08,3.9,29,174
2018-10-06,4.7,29,186
2018-10-11,4.2,29,187
2018-10-13,4.3,29,188
2018-10-31,4.0,29,175
2018-11-07,3.9,29,176
2018-05-03,0.63,36,232
2018-05-13,3.09,36,231
2018-08-03,2.59,36,236
2018-08-23,0.99,36,233
2018-10-17,1.5,36,238
2018-11-06,0.89,36,230
2018-05-05,0.51,34,190
2018-05-13,6.5,34,185
2018-07-04,1.38,34,183
2018-08-21,1.85,34,192
2018-09-10,1.73,34,193
2018-09-12,1.05,34,186
2018-09-20,27.3,34,188
2018-09-30,0.77,34,187
2018-10-05,6.01,34,189
2018-10-10,3.08,34,184
2018-10-12,3.42,34,191
2018-10-15,0.87,34,181
2018-11-06,2.22,34,182
2018-05-04,24.7,26,156
2018-05-06,24.2,26,152
2018-05-09,24.7,26,157
2018-05-14,32.6,26,150
2018-05-19,28.7,26,145
2018-05-21,27.1,26,148
2018-05-29,27.3,26,141
2018-05-31,28.5,26,155
2018-06-03,32.2,26,154
2018-06-08,32.0,26,142
2018-06-20,33.3,26,143
2018-07-15,17.4,26,149
2018-07-20,13.4,26,153
2018-08-04,7.05,26,158
2018-08-07,6.26,26,147
2018-08-22,5.32,26,151
2018-10-01,9.83,26,159
2018-10-11,9.05,26,144
2018-10-13,8.76,26,146
2018-10-31,6.73,26,139
2018-11-07,6.65,26,140
2018-05-04,71.0,26,175
2018-05-06,69.5,26,174
2018-05-09,73.4,26,178
2018-05-14,88.0,26,172
2018-05-19,76.1,26,167
2018-05-21,74.3,26,169
2018-05-29,72.6,26,162
2018-05-31,78.1,26,176
2018-06-03,81.5,26,171
2018-06-08,76.7,26,163
2018-06-20,72.2,26,164
2018-07-15,44.6,26,170
2018-07-20,39.4,26,177
2018-08-04,29.3,26,179
2018-08-07,25.9,26,168
2018-08-22,22.5,26,173
2018-10-01,30.8,26,180
2018-10-11,23.5,26,166
2018-10-13,23.8,26,165
2018-10-31,22.0,26,160
2018-11-07,21.5,26,161
2018-05-08,4.92,46,38
2018-05-10,5.0,46,41
2018-06-04,5.35,46,44
2018-06-07,5.25,46,36
2018-06-09,5.25,46,37
2018-07-24,3.32,46,35
2018-08-08,3.22,46,39
2018-08-23,2.55,46,40
2018-09-10,1.5,46,42
2018-09-20,2.51,46,43
2018-10-12,2.7,46,34
2018-05-08,28.0,24,12
2018-05-13,27.4,24,11
2018-06-07,27.0,24,6
2018-07-05,27.8,24,9
2018-07-07,27.6,24,5
2018-08-01,26.5,24,7
2018-08-04,26.7,24,10
2018-10-10,20.9,24,8
2018-10-13,20.5,24,13
2018-10-15,20.5,24,3
2018-11-17,31.5,24,4
2018-05-13,3.91,32,121
2018-06-07,1.86,32,120
2018-09-20,27.4,32,122
2018-10-05,0.78,32,124
2018-10-10,0.86,32,123
2018-10-15,0.52,32,119
2018-10-10,5.7,35,72
2018-10-12,8.6,35,69
2018-10-15,9.85,35,70
2018-11-06,5.79,35,71
2018-05-03,1.78,46,117
2018-05-08,2.47,46,110
2018-05-10,2.77,46,112
2018-05-30,3.18,46,114
2018-06-07,4.62,46,108
2018-06-09,4.06,46,109
2018-06-29,2.11,46,107
2018-07-07,1.34,46,111
2018-07-09,1.16,46,123
2018-07-24,0.76,46,113
2018-08-01,1.11,46,115
2018-08-08,0.49,46,105
2018-08-23,0.29,46,116
2018-09-10,0.49,46,118
2018-09-12,0.51,46,122
2018-09-20,3.71,46,119
2018-10-12,1.48,46,106
2018-10-15,1.46,46,120
2018-10-17,1.27,46,121
2018-05-30,5.92,37,166
2018-08-03,0.44,37,165
2018-08-13,0.28,37,168
2018-08-23,0.21,37,167
2018-08-28,0.32,37,171
2018-10-12,0.52,37,169
2018-10-17,0.6,37,170
2018-08-08,280.0,33,80
2018-10-10,326.0,33,82
2018-10-12,325.0,33,81
2018-10-15,321.0,33,83
2018-11-06,239.0,33,79
2018-08-08,286.0,33,77
2018-10-10,335.0,33,75
2018-10-12,329.0,33,78
2018-11-06,245.0,33,76
2018-05-04,0.21,32,9
2018-05-06,0.21,32,7
2018-05-14,0.4,31,247
2018-05-16,0.28,32,14
2018-05-21,0.22,31,248
2018-05-24,0.23,32,1
2018-05-29,0.23,32,8
2018-05-31,0.23,32,0
2018-06-05,0.26,32,3
2018-06-08,0.19,31,246
2018-06-10,0.17,32,13
2018-06-20,0.15,32,4
2018-06-28,0.15,31,249
2018-07-15,0.13,32,6
2018-07-20,0.12,32,12
2018-08-07,0.08,32,2
2018-08-17,0.08,32,16
2018-09-03,0.08,32,17
2018-10-01,0.09,32,5
2018-10-06,0.08,32,10
2018-10-11,0.1,31,243
2018-10-13,0.1,32,11
2018-10-18,0.09,32,15
2018-10-31,0.09,31,244
2018-11-07,0.08,31,245
2018-05-06,3.86,50,159
2018-05-21,4.22,50,155
2018-06-20,4.14,50,152
2018-07-05,4.0,50,154
2018-07-15,3.58,50,153
2018-07-20,3.39,50,160
2018-08-04,3.16,50,157
2018-09-03,2.67,50,156
2018-10-13,2.49,50,158
2018-11-07,2.61,50,151
2018-05-03,1.35,40,145
2018-05-05,1.4,40,141
2018-05-10,2.58,40,143
2018-05-13,3.74,40,140
2018-05-20,2.52,40,139
2018-05-30,5.24,40,135
2018-06-07,2.71,40,136
2018-07-04,0.97,40,142
2018-07-07,0.9,40,134
2018-07-24,1.26,40,138
2018-08-08,0.85,40,137
2018-09-12,0.79,40,144
2018-09-20,4.9,40,150
2018-10-05,0.84,40,147
2018-10-10,0.81,40,148
2018-10-12,1.58,40,149
2018-10-15,0.95,40,146
2018-05-03,4.15,42,208
2018-05-05,4.2,42,210
2018-05-10,5.01,42,207
2018-05-13,5.77,42,206
2018-06-07,5.38,42,203
2018-07-04,3.18,42,214
2018-07-07,2.74,42,202
2018-08-01,3.16,42,216
2018-08-13,3.31,42,204
2018-09-10,2.78,42,209
2018-09-12,2.86,42,205
2018-09-20,15.0,42,212
2018-10-05,3.51,42,211
2018-10-10,3.28,42,213
2018-10-12,3.7,42,215
2018-10-15,3.48,42,200
2018-11-11,2.71,42,201
2018-05-03,0.38,43,87
2018-05-05,0.39,43,88
2018-05-10,0.57,43,85
2018-05-13,1.0,43,84
2018-05-20,0.57,43,81
2018-06-07,0.94,43,82
2018-07-04,0.27,43,77
2018-07-07,0.24,43,83
2018-07-24,0.39,43,78
2018-08-08,0.21,43,86
2018-08-13,0.18,43,79
2018-09-12,0.14,43,80
2018-09-20,0.84,43,89
2018-10-05,0.19,43,90
2018-10-10,0.16,43,91
2018-10-12,0.17,43,93
2018-10-15,0.17,43,92
2018-11-06,0.1,43,94
2018-05-31,4.69,32,44
2018-06-20,4.36,32,45
2018-10-13,2.75,32,46
2018-10-18,3.06,32,47
2018-05-03,0.4,19,140
2018-05-08,0.5,19,139
2018-05-13,1.03,19,138
2018-06-07,0.52,19,137
2018-09-20,0.63,19,141
2018-10-05,0.39,19,142
2018-10-10,0.35,19,143
2018-10-15,0.23,19,136
2018-05-05,11.6,52,75
2018-05-08,12.0,52,72
2018-05-10,11.9,52,80
2018-05-20,11.2,52,78
2018-05-30,10.7,52,73
2018-06-02,11.3,52,81
2018-06-04,11.2,52,70
2018-06-09,10.8,52,69
2018-06-17,10.5,52,83
2018-07-24,2.12,52,71
2018-08-08,1.67,52,74
2018-08-23,1.48,52,76
2018-09-07,1.03,52,84
2018-09-10,1.14,52,82
2018-10-10,1.32,52,79
2018-10-12,1.37,52,68
2018-10-15,1.32,52,77
2018-05-08,0.26,24,193
2018-05-13,0.37,24,191
2018-06-07,0.35,24,189
2018-07-05,0.29,24,194
2018-07-07,0.23,24,188
2018-08-01,0.07,24,190
2018-08-09,0.06,24,198
2018-08-29,0.06,24,199
2018-09-10,0.028,24,195
2018-09-20,0.21,24,196
2018-10-10,0.03,24,192
2018-10-13,0.038,24,197
2018-10-15,0.029,24,187
2018-05-07,2.38,29,39
2018-05-09,2.7,29,32
2018-05-14,5.73,29,40
2018-05-19,4.06,29,33
2018-05-24,3.42,29,25
2018-05-29,3.6,29,26
2018-06-03,6.36,29,27
2018-06-06,5.55,29,28
2018-06-08,4.38,29,29
2018-07-23,1.06,29,34
2018-07-26,1.06,29,36
2018-07-31,0.75,29,37
2018-08-07,0.65,29,38
2018-08-22,0.64,29,35
2018-09-09,0.56,29,41
2018-10-06,0.39,29,42
2018-10-11,0.39,29,43
2018-10-14,0.36,29,30
2018-10-16,0.37,29,31
2018-10-24,0.33,29,46
2018-10-31,0.39,29,44
2018-11-28,0.42,29,45
2018-05-05,2.53,46,167
2018-05-08,2.56,46,169
2018-05-10,2.56,46,174
2018-05-13,2.76,46,171
2018-05-20,2.66,46,172
2018-05-30,2.56,46,173
2018-06-07,2.56,46,168
2018-06-09,2.56,46,170
2018-07-04,2.02,46,176
2018-07-19,1.37,46,179
2018-07-24,1.19,46,175
2018-08-08,1.02,46,164
2018-08-23,0.89,46,177
2018-09-07,0.88,46,165
2018-09-10,0.88,46,178
2018-10-12,1.38,46,166
2018-10-15,1.34,46,180
2018-05-06,1.34,25,219
2018-05-21,1.05,25,222
2018-05-31,0.97,25,225
2018-06-20,1.48,25,224
2018-07-05,0.45,25,221
2018-07-15,0.27,25,217
2018-07-20,0.26,25,218
2018-08-04,0.13,25,220
2018-10-13,0.1,25,223
2018-11-07,0.09,25,216
2018-05-04,4.76,27,236
2018-05-06,4.68,27,223
2018-05-09,4.86,27,230
2018-05-19,5.04,27,231
2018-05-21,4.95,27,240
2018-05-29,5.03,27,226
2018-06-03,6.98,27,224
2018-06-08,6.44,27,229
2018-06-20,5.86,27,222
2018-07-05,5.31,27,228
2018-07-15,4.5,27,232
2018-07-20,4.12,27,235
2018-08-04,3.56,27,225
2018-08-07,3.18,27,233
2018-08-09,3.12,27,227
2018-08-22,2.59,27,234
2018-09-08,2.63,27,219
2018-10-06,2.89,27,239
2018-10-11,2.63,27,237
2018-10-13,2.51,27,238
2018-10-18,2.5,27,241
2018-10-31,2.19,27,220
2018-11-07,2.26,27,221
2018-05-13,0.83,19,216
2018-06-07,0.66,19,215
2018-07-05,0.33,19,218
2018-08-01,0.47,19,225
2018-08-09,0.81,19,217
2018-08-29,0.53,19,222
2018-09-20,0.51,19,220
2018-09-28,0.3,19,213
2018-09-30,0.27,19,219
2018-10-05,0.25,19,221
2018-10-10,0.19,19,223
2018-10-13,0.18,19,224
2018-10-15,0.17,19,214
2018-05-06,1.0,21,28
2018-05-29,0.95,21,25
2018-07-03,0.84,21,24
2018-07-20,0.84,21,26
2018-08-07,0.74,21,23
2018-08-17,0.74,21,31
2018-08-27,0.78,21,27
2018-08-29,0.76,21,32
2018-10-11,0.54,21,22
2018-10-13,0.54,21,29
2018-10-16,0.54,21,30
2018-10-31,0.54,21,21
2018-05-12,11.2,41,92
2018-05-27,11.6,41,89
2018-05-30,13.9,41,83
2018-06-01,15.4,41,84
2018-06-06,10.1,41,90
2018-06-21,8.79,41,86
2018-07-09,5.96,41,95
2018-08-03,5.03,41,96
2018-08-08,4.95,41,87
2018-08-13,4.95,41,88
2018-08-20,5.1,41,91
2018-08-23,4.95,41,85
2018-09-02,4.95,41,93
2018-10-12,5.26,41,80
2018-10-14,5.1,41,81
2018-10-17,4.8,41,94
2018-11-08,4.95,41,82
2018-05-03,0.23,32,118
2018-05-13,2.66,32,110
2018-06-07,1.31,32,108
2018-07-04,0.33,32,107
2018-08-03,1.18,32,109
2018-08-13,0.49,32,117
2018-08-23,0.38,32,111
2018-09-10,0.4,32,116
2018-09-12,0.37,32,112
2018-09-20,18.9,32,113
2018-10-05,0.45,32,115
2018-10-10,0.27,32,114
2018-10-12,0.25,32,104
2018-10-15,0.25,32,105
2018-11-06,0.71,32,106
2018-05-13,1.6,32,99
2018-05-13,0.76,32,84
2018-05-13,1.37,32,70
2018-07-04,0.11,32,101
2018-07-04,0.16,32,86
2018-07-04,0.19,32,72
2018-07-29,0.39,32,92
2018-07-29,0.49,32,83
2018-07-29,0.91,32,66
2018-08-03,0.45,32,100
2018-08-03,0.62,32,85
2018-08-03,1.61,32,71
2018-08-13,0.38,32,103
2018-08-13,0.26,32,87
2018-08-21,0.44,32,73
2018-08-23,0.23,32,95
2018-08-23,0.32,32,82
2018-08-23,0.78,32,69
2018-09-12,0.26,32,93
2018-09-12,0.2,32,77
2018-09-12,0.14,32,63
2018-09-20,9.63,32,97
2018-09-20,3.15,32,80
2018-09-20,4.66,32,68
2018-09-30,0.4,32,96
2018-09-30,0.42,32,79
2018-09-30,1.78,32,64
2018-10-05,0.26,32,94
2018-10-05,0.25,32,78
2018-10-05,0.75,32,65
2018-10-10,0.14,32,98
2018-10-10,0.22,32,81
2018-10-10,0.28,32,67
2018-10-12,0.1,32,89
2018-10-12,0.18,32,74
2018-10-12,0.27,32,60
2018-10-15,0.1,32,90
2018-10-15,0.24,32,75
2018-10-15,0.18,32,61
2018-11-06,0.46,32,91
2018-11-06,0.38,32,76
2018-11-06,1.21,32,62
2018-11-11,0.23,32,102
2018-11-11,0.28,32,88
2018-05-20,1.53,41,28
2018-05-30,2.6,41,23
2018-06-04,3.95,41,20
2018-06-09,1.98,41,22
2018-06-19,1.23,41,21
2018-07-09,0.76,41,25
2018-08-08,0.38,41,18
2018-08-13,0.33,41,19
2018-08-23,0.28,41,24
2018-08-28,0.33,41,27
2018-09-02,0.3,41,26
2018-10-12,0.41,41,16
2018-11-06,0.32,41,17
2018-05-10,86.7,44,27
2018-05-30,109.0,44,25
2018-06-04,146.0,44,28
2018-06-07,155.0,44,29
2018-06-09,152.0,44,24
2018-06-29,113.0,44,21
2018-07-09,80.1,44,33
2018-07-24,43.5,44,32
2018-08-08,22.2,44,23
2018-08-23,16.1,44,22
2018-09-12,15.6,44,26
2018-09-20,30.7,44,30
2018-10-12,19.4,44,20
2018-10-17,18.9,44,31
2018-05-03,2.61,49,51
2018-05-05,2.58,49,50
2018-05-08,2.62,49,45
2018-05-10,2.65,49,42
2018-05-13,2.65,49,40
2018-05-30,2.82,49,35
2018-06-04,2.82,49,34
2018-06-07,2.76,49,30
2018-06-29,1.46,49,36
2018-07-07,0.81,49,31
2018-07-09,0.71,49,37
2018-08-01,0.36,49,53
2018-08-08,0.21,49,32
2018-08-13,0.15,49,44
2018-08-23,0.11,49,38
2018-09-02,0.16,49,48
2018-09-07,0.17,49,43
2018-09-12,0.17,49,39
2018-09-20,0.42,49,41
2018-10-10,0.18,49,46
2018-10-12,0.13,49,49
2018-10-15,0.12,49,47
2018-10-17,0.11,49,52
2018-11-06,0.06,49,33
2018-05-03,0.17,40,247
2018-05-13,1.47,40,249
2018-05-30,3.77,40,246
2018-06-07,1.02,40,243
2018-06-19,0.42,41,7
2018-08-03,0.2,41,6
2018-08-08,0.18,40,244
2018-08-13,0.25,40,245
2018-08-23,0.19,41,4
2018-09-02,0.19,41,0
2018-09-10,0.17,41,5
2018-09-20,0.86,41,1
2018-09-30,0.18,41,3
2018-10-05,0.16,41,2
2018-10-10,0.69,40,241
2018-10-12,2.93,40,242
2018-11-29,0.25,40,248
2018-06-07,1700.0,33,150
2018-10-13,611.0,33,151
2018-10-15,473.0,33,149
2018-05-06,3.36,49,116
2018-05-08,3.55,49,115
2018-05-13,5.42,49,114
2018-06-07,5.17,49,107
2018-06-20,4.28,49,109
2018-07-05,3.66,49,110
2018-07-07,3.36,49,113
2018-07-20,2.83,49,117
2018-08-01,1.89,49,111
2018-08-04,1.16,49,112
2018-08-09,1.34,49,118
2018-09-10,0.66,49,120
2018-09-20,6.12,49,119
2018-10-13,1.08,49,108
2018-10-15,1.1,49,106
2018-05-12,60.0,47,20
2018-05-27,85.8,47,19
2018-05-30,91.2,47,18
2018-06-01,97.3,47,17
2018-06-06,116.0,47,16
2018-06-09,121.0,47,15
2018-08-08,17.4,47,21
2018-10-12,39.1,47,12
2018-10-14,35.2,47,13
2018-11-08,22.6,47,14
2018-05-06,2.47,22,45
2018-05-21,2.7,22,48
2018-05-31,4.33,22,39
2018-07-03,2.22,22,42
2018-07-20,2.15,22,43
2018-08-07,1.44,22,40
2018-08-17,1.29,22,44
2018-08-27,1.41,22,41
2018-08-29,1.59,22,47
2018-10-11,0.66,22,37
2018-10-13,0.73,22,46
2018-10-16,0.56,22,49
2018-10-31,0.51,22,38
2018-05-10,6.45,45,168
2018-05-30,5.32,45,164
2018-06-09,6.02,45,163
2018-07-09,2.96,45,165
2018-07-19,1.7,45,169
2018-08-08,0.73,45,167
2018-08-23,0.59,45,166
2018-10-12,1.02,45,162
2018-05-03,3.07,43,179
2018-05-08,4.15,43,176
2018-05-13,5.11,43,174
2018-05-30,5.69,43,172
2018-06-04,18.7,43,173
2018-06-07,8.14,43,168
2018-06-09,5.57,43,169
2018-07-07,1.99,43,170
2018-07-09,1.67,43,183
2018-07-24,1.4,43,171
2018-08-08,0.96,43,167
2018-08-13,0.87,43,175
2018-08-23,0.72,43,177
2018-09-02,0.92,43,184
2018-09-10,0.69,43,178
2018-09-20,2.78,43,180
2018-10-10,0.96,43,165
2018-10-12,1.65,43,182
2018-10-15,1.43,43,181
2018-11-06,0.86,43,166
2018-05-04,106.0,24,80
2018-05-06,104.0,24,79
2018-05-29,122.0,24,78
2018-10-11,39.7,24,81
2018-10-13,38.9,24,82
2018-10-31,36.3,24,76
2018-11-07,36.3,24,77
2018-05-05,577.0,33,106
2018-05-08,741.0,33,98
2018-05-10,802.0,33,101
2018-05-13,1130.0,33,100
2018-05-23,1140.0,33,111
2018-05-30,1070.0,33,102
2018-06-04,1320.0,33,108
2018-06-07,1670.0,33,113
2018-06-29,891.0,33,104
2018-07-07,701.0,33,117
2018-07-09,662.0,33,118
2018-07-24,623.0,33,103
2018-08-01,494.0,33,97
2018-08-08,400.0,33,115
2018-08-13,380.0,33,105
2018-08-23,358.0,33,110
2018-09-07,425.0,33,116
2018-09-10,371.0,33,119
2018-09-12,361.0,33,109
2018-09-20,458.0,33,107
2018-10-12,465.0,33,112
2018-10-15,412.0,33,114
2018-11-06,329.0,33,99
2018-05-04,3.52,27,48
2018-05-06,3.62,27,47
2018-05-09,3.53,27,49
2018-05-19,4.81,27,44
2018-05-29,4.25,27,38
2018-05-31,4.65,27,45
2018-06-03,5.64,27,39
2018-06-08,5.18,27,41
2018-06-20,6.03,27,40
2018-07-05,3.07,27,43
2018-07-15,2.02,27,46
2018-07-20,1.68,27,50
2018-08-04,1.05,27,51
2018-08-07,1.01,27,42
2018-10-11,1.29,27,52
2018-10-31,1.08,27,36
2018-11-07,0.92,27,37
2018-08-08,66.3,47,90
2018-10-12,76.3,47,89
2018-10-15,75.2,47,91
2018-05-08,774.0,33,134
2018-05-10,852.0,33,130
2018-05-13,1110.0,33,131
2018-05-23,1120.0,33,132
2018-05-30,1040.0,33,126
2018-06-04,1300.0,33,128
2018-06-07,1750.0,33,121
2018-06-29,852.0,33,129
2018-07-07,684.0,33,124
2018-07-09,649.0,33,127
2018-08-01,521.0,33,133
2018-08-08,416.0,33,122
2018-08-13,393.0,33,135
2018-08-23,368.0,33,137
2018-09-10,401.0,33,138
2018-09-12,383.0,33,136
2018-09-20,488.0,33,139
2018-10-12,500.0,33,123
2018-10-15,447.0,33,125
2018-11-06,354.0,33,120
2018-05-04,9.85,27,197
2018-05-06,9.83,27,205
2018-05-09,9.72,27,198
2018-05-14,11.4,27,216
2018-05-19,9.89,27,199
2018-05-21,9.89,27,213
2018-05-29,9.8,27,209
2018-06-03,11.2,27,206
2018-06-08,10.4,27,200
2018-06-20,10.1,27,207
2018-07-05,8.9,27,208
2018-07-15,7.74,27,210
2018-07-20,7.32,27,201
2018-08-04,6.64,27,218
2018-08-09,5.96,27,211
2018-08-22,5.78,27,202
2018-10-06,5.94,27,212
2018-10-11,5.46,27,214
2018-10-13,5.52,27,215
2018-10-18,5.4,27,217
2018-10-31,5.29,27,203
2018-11-07,5.16,27,204
2018-05-07,79.6,47,46
2018-05-10,86.9,47,45
2018-05-12,112.0,47,47
2018-05-30,175.0,47,40
2018-06-01,188.0,47,43
2018-06-04,235.0,47,49
2018-06-06,267.0,47,48
2018-06-09,291.0,47,44
2018-06-29,161.0,47,38
2018-08-08,44.8,47,42
2018-08-20,37.0,47,41
2018-08-23,36.8,47,39
2018-08-30,44.2,47,50
2018-10-12,54.9,47,36
2018-10-14,56.7,47,37
2018-05-02,3.18,39,81
2018-05-07,4.08,39,78
2018-05-12,55.2,39,73
2018-05-30,16.6,39,76
2018-06-06,20.3,39,77
2018-08-13,2.98,39,75
2018-08-20,3.43,39,74
2018-08-23,6.19,39,83
2018-08-30,6.8,39,82
2018-09-19,61.9,39,80
2018-10-09,1.88,39,79
2018-10-12,2.9,39,72
2018-10-14,1.67,39,71
2018-10-17,1.84,39,84
2018-05-06,0.47,21,66
2018-05-21,0.5,21,73
2018-05-29,0.9,21,64
2018-05-31,0.71,21,63
2018-07-03,0.35,21,65
2018-07-20,0.41,21,67
2018-08-07,0.25,21,62
2018-08-17,0.25,21,69
2018-08-27,0.34,21,68
2018-08-29,0.32,21,72
2018-10-11,0.25,21,60
2018-10-13,0.22,21,70
2018-10-16,0.19,21,71
2018-10-31,0.2,21,61
2018-05-12,3.95,41,148
2018-05-27,4.12,41,149
2018-05-30,5.27,41,156
2018-06-01,6.28,41,144
2018-06-06,3.92,41,150
2018-06-09,3.09,41,152
2018-06-21,2.51,41,161
2018-07-09,2.27,41,157
2018-08-03,2.11,41,154
2018-08-08,2.13,41,151
2018-08-13,2.23,41,153
2018-08-20,2.17,41,155
2018-08-23,2.17,41,158
2018-09-02,2.08,41,159
2018-10-12,1.54,41,145
2018-10-14,1.48,41,146
2018-10-17,1.48,41,160
2018-11-08,1.52,41,147
2018-05-13,0.19,36,181
2018-08-03,0.11,36,180
2018-09-20,1.05,36,183
2018-09-30,0.12,36,182
2018-10-05,0.07,36,185
2018-10-10,0.07,36,184
2018-10-12,0.08,36,177
2018-10-15,0.34,36,178
2018-11-06,0.14,36,179
2018-05-13,2.54,36,165
2018-08-03,2.81,36,164
2018-10-10,1.67,36,162
2018-10-12,1.91,36,159
2018-10-15,4.27,36,160
2018-10-17,2.51,36,163
2018-11-06,2.64,36,161
2018-05-30,4.82,48,22
2018-06-09,9.85,48,19
2018-06-29,2.1,48,20
2018-07-09,1.57,48,21
2018-07-24,1.27,48,23
2018-08-08,0.73,48,17
2018-08-13,0.69,48,24
2018-08-23,0.85,48,25
2018-10-12,0.75,48,26
2018-11-06,0.77,48,18
2018-05-03,197.0,44,76
2018-05-08,196.0,44,82
2018-05-10,211.0,44,70
2018-05-23,217.0,44,85
2018-05-30,210.0,44,75
2018-06-04,238.0,44,87
2018-06-07,252.0,44,86
2018-06-09,250.0,44,74
2018-06-29,211.0,44,69
2018-07-07,177.0,44,71
2018-07-09,166.0,44,80
2018-07-24,106.0,44,73
2018-08-01,93.2,44,77
2018-08-08,68.3,44,84
2018-08-23,45.7,44,72
2018-09-10,42.5,44,83
2018-09-12,42.0,44,78
2018-09-20,95.0,44,79
2018-10-12,57.1,44,68
2018-10-15,64.3,44,81
2018-10-17,60.7,44,88
2018-05-04,1.33,32,33
2018-05-06,1.31,32,32
2018-05-09,1.56,32,38
2018-05-14,2.63,32,29
2018-05-16,1.7,32,42
2018-05-21,1.35,32,31
2018-05-24,1.39,32,24
2018-05-29,1.33,32,18
2018-05-31,1.35,32,19
2018-06-03,1.81,32,25
2018-06-05,1.64,32,27
2018-06-08,1.36,32,28
2018-06-10,1.31,32,40
2018-06-20,1.22,32,20
2018-06-28,1.21,32,30
2018-07-15,1.1,32,35
2018-07-23,1.07,32,26
2018-07-25,1.06,32,37
2018-08-07,1.03,32,34
2018-09-03,1.02,32,43
2018-10-01,1.17,32,36
2018-10-06,1.16,32,39
2018-10-11,1.14,32,21
2018-10-13,1.15,32,41
2018-10-31,1.09,32,22
2018-11-07,1.08,32,23
2018-05-02,4.19,39,165
2018-05-12,12.8,39,160
2018-05-27,7.71,39,159
2018-05-30,6.92,39,162
2018-06-01,10.4,39,157
2018-06-06,6.79,39,166
2018-07-04,1.5,39,170
2018-08-03,1.85,39,158
2018-08-13,1.64,39,161
2018-08-20,2.39,39,163
2018-08-23,1.85,39,164
2018-08-30,3.52,39,168
2018-09-02,2.87,39,167
2018-10-12,1.74,39,154
2018-10-14,2.29,39,155
2018-10-17,6.44,39,169
2018-11-08,6.18,39,156
2018-05-06,7.48,51,50
2018-05-08,5.72,51,53
2018-05-11,7.15,51,56
2018-05-13,7.4,51,48
2018-05-21,6.9,51,58
2018-05-31,6.78,51,51
2018-06-07,7.65,51,46
2018-06-20,7.4,51,49
2018-07-05,6.16,51,52
2018-08-04,3.91,51,54
2018-08-09,3.38,51,57
2018-09-10,3.14,51,55
2018-10-13,3.4,51,59
2018-10-15,3.28,51,47
2018-10-18,3.24,51,60
2018-05-03,0.95,46,67
2018-05-08,1.2,46,61
2018-05-10,1.46,46,66
2018-05-23,1.7,46,72
2018-05-30,1.53,46,60
2018-06-07,2.43,46,59
2018-06-09,2.0,46,64
2018-06-29,0.83,46,68
2018-07-09,0.53,46,62
2018-07-24,0.66,46,58
2018-08-01,0.38,46,63
2018-08-08,0.35,46,57
2018-08-23,0.24,46,65
2018-09-10,0.23,46,73
2018-09-12,0.24,46,69
2018-09-20,1.42,46,70
2018-10-12,0.7,46,56
2018-10-15,0.58,46,71
2018-10-17,0.53,46,74
2018-05-03,7.41,35,83
2018-05-13,12.8,35,81
2018-06-07,9.23,35,79
2018-07-04,7.68,35,76
2018-08-03,10.2,35,78
2018-08-13,7.42,35,77
2018-08-23,7.3,35,85
2018-09-10,5.97,35,82
2018-09-12,5.96,35,80
2018-09-20,31.7,35,84
2018-10-05,6.96,35,86
2018-10-12,8.86,35,73
2018-10-15,9.92,35,74
2018-11-06,6.37,35,75
2018-05-02,3.62,38,97
2018-05-07,4.39,38,98
2018-05-12,67.1,38,101
2018-05-30,10.3,38,102
2018-08-20,3.71,38,99
2018-08-23,9.76,38,100
2018-08-28,23.8,38,96
2018-08-30,35.0,38,104
2018-09-14,4.1,38,103
2018-10-14,2.55,38,94
2018-11-08,2.34,38,95
2018-05-03,2.07,43,131
2018-05-05,2.04,43,126
2018-05-08,1.96,43,124
2018-05-10,2.2,43,134
2018-05-13,2.2,43,121
2018-05-20,2.12,43,123
2018-05-30,2.45,43,120
2018-06-04,3.32,43,118
2018-06-07,2.79,43,116
2018-07-07,1.97,43,115
2018-07-09,1.54,43,119
2018-08-01,1.02,43,117
2018-08-08,1.09,43,114
2018-08-23,0.69,43,127
2018-09-07,0.95,43,129
2018-09-10,1.12,43,125
2018-09-12,1.39,43,122
2018-09-20,3.25,43,133
2018-10-10,0.64,43,130
2018-10-12,0.75,43,132
2018-10-15,0.78,43,128
2018-11-06,1.13,43,113
2018-05-10,1.17,44,247
2018-05-30,0.73,44,245
2018-06-04,9.68,44,249
2018-06-09,1.86,44,243
2018-06-09,0.75,44,231
2018-06-29,0.47,45,0
2018-08-08,0.17,44,246
2018-08-23,0.11,44,248
2018-10-12,0.46,44,244
2018-10-12,0.15,44,232
2018-10-14,0.18,44,233
2018-05-06,0.95,31,90
2018-05-14,1.13,31,93
2018-05-19,1.12,31,98
2018-05-21,1.14,31,101
2018-05-24,1.07,31,97
2018-05-29,0.98,31,95
2018-05-31,0.99,31,96
2018-06-03,1.02,31,92
2018-06-08,1.01,31,86
2018-06-10,0.98,31,89
2018-06-20,0.93,31,88
2018-06-28,0.9,31,84
2018-07-15,0.77,31,85
2018-07-20,0.7,31,100
2018-07-23,0.64,31,103
2018-08-17,0.54,31,102
2018-08-22,0.57,31,99
2018-09-03,0.54,31,87
2018-10-06,0.73,31,94
2018-10-11,0.67,31,81
2018-10-13,0.61,31,91
2018-11-07,0.59,31,83
2018-05-07,287.0,33,22
2018-05-30,468.0,33,21
2018-06-19,343.0,33,27
2018-06-29,302.0,33,29
2018-08-03,170.0,33,25
2018-08-08,203.0,33,23
2018-08-13,170.0,33,24
2018-08-23,185.0,33,26
2018-08-28,227.0,33,30
2018-09-02,312.0,33,28
2018-10-12,206.0,33,18
2018-10-14,262.0,33,19
2018-11-08,208.0,33,20
2018-05-13,2.56,35,92
2018-06-07,1.15,35,90
2018-08-03,0.65,35,91
2018-08-13,0.8,35,98
2018-09-07,0.8,35,94
2018-09-10,0.66,35,99
2018-09-12,0.62,35,93
2018-09-20,7.33,35,95
2018-10-05,1.28,35,96
2018-10-10,0.78,35,97
2018-10-12,1.03,35,87
2018-10-15,0.89,35,88
2018-11-06,0.87,35,89
2018-05-29,6.27,26,29
2018-10-11,0.79,26,30
2018-10-13,0.78,26,31
2018-10-31,0.66,26,32
2018-05-02,1.06,38,33
2018-05-05,1.17,38,35
2018-05-07,1.95,38,32
2018-05-12,28.5,38,34
2018-05-30,7.62,38,31
2018-06-06,8.11,38,28
2018-08-13,1.05,38,27
2018-08-20,0.78,38,29
2018-08-23,1.24,38,30
2018-08-28,1.75,38,39
2018-08-30,1.38,38,36
2018-09-19,13.6,38,37
2018-10-09,0.62,38,40
2018-10-12,6.01,38,38
2018-10-14,2.05,38,26
2018-10-17,2.52,38,41
2018-05-08,1.23,20,96
2018-05-13,1.7,20,97
2018-05-26,1.8,20,93
2018-06-07,0.96,20,94
2018-07-07,0.51,20,98
2018-07-15,0.57,20,100
2018-07-20,0.72,20,99
2018-08-01,0.38,20,107
2018-08-09,0.34,20,95
2018-08-29,0.86,20,105
2018-09-03,0.28,20,106
2018-09-20,0.74,20,102
2018-10-05,0.32,20,103
2018-10-10,0.25,20,101
2018-10-13,0.25,20,104
2018-10-15,0.24,20,92
2018-05-06,1.03,20,209
2018-05-08,1.84,20,202
2018-05-13,1.41,20,203
2018-06-07,1.93,20,199
2018-07-07,0.59,20,201
2018-07-15,0.47,20,205
2018-07-20,0.89,20,200
2018-08-01,0.45,20,204
2018-08-29,0.41,20,207
2018-09-03,0.31,20,206
2018-09-20,0.51,20,208
2018-10-05,0.23,20,210
2018-10-13,0.17,20,211
2018-10-15,0.22,20,198
2018-05-13,0.25,18,181
2018-06-07,0.23,18,180
2018-09-10,0.21,18,184
2018-09-20,0.85,18,183
2018-10-05,0.2,18,185
2018-10-10,0.18,18,182
2018-10-15,0.18,18,179
2018-05-07,2.03,52,232
2018-05-10,1.87,52,239
2018-05-12,1.87,52,235
2018-05-30,2.01,52,237
2018-06-01,2.1,52,234
2018-06-04,2.5,52,236
2018-06-09,3.14,52,230
2018-07-09,1.85,52,231
2018-08-10,0.71,52,233
2018-08-20,0.68,52,229
2018-08-23,0.65,52,228
2018-10-12,0.94,52,226
2018-10-14,0.93,52,227
2018-10-17,0.92,52,238
2018-05-30,0.35,47,243
2018-06-04,1.53,47,242
2018-06-09,0.55,47,241
2018-06-29,0.22,47,245
2018-07-09,0.11,47,247
2018-07-24,0.14,47,248
2018-08-08,0.1,47,240
2018-08-23,0.19,47,244
2018-09-12,0.16,47,246
2018-10-12,0.23,47,239
2018-05-10,72.8,36,117
2018-08-13,50.9,36,118
2018-08-23,31.2,36,119
2018-09-07,45.5,36,120
2018-10-12,77.0,36,121
2018-05-14,1.28,23,145
2018-07-03,0.26,23,143
2018-10-11,2.65,23,59
2018-10-11,0.09,23,140
2018-10-13,2.49,23,62
2018-10-13,0.08,23,144
2018-10-16,2.49,23,63
2018-10-31,3.32,23,60
2018-10-31,0.1,23,141
2018-11-17,2.55,23,61
2018-11-17,0.09,23,142
2018-05-12,2.43,41,40
2018-05-27,2.04,41,38
2018-05-30,2.46,41,32
2018-06-01,2.68,41,33
2018-06-06,3.12,41,34
2018-06-21,1.79,41,37
2018-08-03,1.32,41,36
2018-08-08,1.21,41,39
2018-08-13,1.29,41,35
2018-08-20,1.23,41,43
2018-08-23,1.15,41,42
2018-09-02,1.11,41,44
2018-10-12,1.13,41,29
2018-10-14,0.95,41,30
2018-10-17,1.0,41,41
2018-11-08,0.93,41,31
2018-05-13,2.42,34,214
2018-07-04,0.19,34,222
2018-08-03,0.83,34,216
2018-08-13,0.46,34,215
2018-08-21,0.58,34,220
2018-09-07,0.3,34,225
2018-09-10,0.27,34,224
2018-09-12,0.25,34,217
2018-09-20,7.9,34,218
2018-09-30,0.37,34,219
2018-10-05,0.8,34,221
2018-10-12,0.81,34,211
2018-10-15,0.26,34,212
2018-11-06,0.7,34,213
2018-11-11,0.25,34,223
2018-05-10,88.9,36,124
2018-08-03,43.4,36,123
2018-08-13,52.9,36,122
2018-09-07,48.7,36,125
2018-10-12,71.9,36,126
2018-05-29,4.96,23,28
2018-05-29,28.2,22,81
2018-07-03,1.98,23,33
2018-08-07,1.15,23,34
2018-10-11,0.73,23,29
2018-10-11,8.67,22,82
2018-10-13,0.75,23,31
2018-10-13,8.56,22,84
2018-10-16,0.71,23,32
2018-10-31,0.73,23,30
2018-10-31,8.91,22,83
2018-05-07,9.37,39,213
2018-05-12,51.3,39,214
2018-05-27,21.3,39,216
2018-05-30,20.3,39,212
2018-06-06,27.8,39,206
2018-08-10,2.73,39,209
2018-08-13,6.43,39,211
2018-08-20,3.74,39,210
2018-08-23,5.42,39,208
2018-08-28,4.79,39,218
2018-08-30,6.03,39,215
2018-10-12,13.8,39,207
2018-10-14,6.17,39,204
2018-10-17,16.1,39,217
2018-11-08,2.9,39,205
2018-05-13,4.61,19,247
2018-06-07,4.35,19,248
2018-07-05,2.54,19,249
2018-08-09,3.95,20,0
2018-08-29,6.45,20,4
2018-09-20,4.46,20,1
2018-09-28,3.75,19,245
2018-09-30,2.72,20,2
2018-10-05,2.01,20,3
2018-10-10,1.59,20,5
2018-10-13,1.52,20,6
2018-10-15,1.48,19,246
2018-05-04,7.75,28,245
2018-05-07,7.61,28,248
2018-05-09,7.61,28,246
2018-05-14,7.47,28,243
2018-05-19,7.47,28,239
2018-05-24,7.2,28,242
2018-05-29,7.2,28,241
2018-06-03,7.27,28,244
2018-06-06,7.34,28,237
2018-06-08,7.27,28,236
2018-07-16,5.37,28,233
2018-07-23,4.28,28,232
2018-07-26,3.99,28,226
2018-07-31,3.65,28,229
2018-08-07,2.09,28,230
2018-08-22,1.09,28,227
2018-09-09,0.73,28,231
2018-10-06,0.48,28,235
2018-10-11,0.48,28,238
2018-10-14,0.48,28,228
2018-10-16,0.44,28,234
2018-10-24,0.37,28,240
2018-10-31,0.32,28,247
2018-05-13,0.97,27,34
2018-06-07,0.87,27,33
2018-10-13,0.017,27,35
2018-10-15,0.014,27,31
2018-11-07,0.047,27,32
2018-10-12,7.58,37,239
2018-10-14,1.78,37,237
2018-11-08,0.41,37,238
2018-05-05,13.2,48,213
2018-05-08,22.4,48,215
2018-05-10,23.0,48,216
2018-05-13,26.6,48,214
2018-05-30,32.9,48,211
2018-06-04,45.7,48,209
2018-06-07,35.6,48,208
2018-07-07,12.8,48,210
2018-07-09,11.3,48,212
2018-08-08,9.31,48,207
2018-10-12,9.4,48,217
2018-11-06,8.4,48,206
2018-10-10,4.36,34,161
2018-10-12,11.7,34,158
2018-10-15,4.44,34,159
2018-11-06,15.2,34,160
2019-08-28,288.0,64,63
2019-09-22,147.0,64,61
2019-10-27,181.0,64,62
2019-06-30,0.09,60,119
2019-08-24,0.17,60,120
2019-05-01,1.17,79,70
2019-06-05,1.13,79,68
2019-06-12,1.1,79,64
2019-06-30,1.05,79,71
2019-07-20,1.07,79,66
2019-08-24,0.8,79,67
2019-08-26,0.79,79,65
2019-08-29,0.74,79,69
2019-05-18,2.21,67,61
2019-06-09,2.03,67,56
2019-06-12,1.88,67,55
2019-08-26,1.51,67,58
2019-09-05,1.44,67,57
2019-09-12,1.41,67,59
2019-09-22,1.31,67,50
2019-10-17,1.31,67,60
2019-10-20,1.29,67,51
2019-10-25,1.19,67,52
2019-10-27,1.23,67,53
2019-05-20,9.12,80,207
2019-05-30,7.14,80,208
2019-06-04,5.15,80,203
2019-06-12,3.61,80,204
2019-06-22,2.84,80,215
2019-06-24,2.75,80,205
2019-07-19,2.17,80,206
2019-07-29,3.13,80,217
2019-08-18,2.15,80,209
2019-08-23,1.67,80,214
2019-08-26,1.5,80,211
2019-08-28,1.23,80,210
2019-09-05,1.29,80,212
2019-09-27,1.01,80,216
2019-05-19,1.95,57,247
2019-05-24,1.34,57,249
2019-06-03,0.81,57,246
2019-06-05,0.79,57,245
2019-06-25,0.34,57,244
2019-06-30,0.69,57,243
2019-09-01,0.17,57,248
2019-09-21,0.1,57,242
2019-06-05,16.0,55,166
2019-06-27,8.98,55,158
2019-06-30,25.2,55,159
2019-07-25,30.9,55,161
2019-08-24,6.99,55,165
2019-08-29,5.43,55,164
2019-09-05,5.41,55,162
2019-09-15,6.24,55,163
2019-10-20,4.72,55,167
2019-07-25,18.4,62,112
2019-08-27,12.1,62,111
2019-09-01,12.0,62,113
2019-05-01,2.0,80,21
2019-06-02,1.13,80,24
2019-06-05,1.03,80,26
2019-06-12,0.94,80,19
2019-06-30,0.88,80,20
2019-07-20,1.32,80,25
2019-08-24,0.68,80,23
2019-08-26,0.63,80,22
2019-08-29,0.58,80,27
2019-05-20,12.8,76,249
2019-06-09,8.73,76,248
2019-06-12,8.31,76,247
2019-06-22,6.27,77,1
2019-06-24,6.06,76,244
2019-08-23,5.09,76,246
2019-08-28,3.91,76,245
2019-09-05,3.05,76,243
2019-10-20,2.68,77,0
2019-05-30,7.87,76,0
2019-06-04,6.23,76,2
2019-06-09,26.2,74,31
2019-06-09,4.73,76,1
2019-06-12,24.7,74,30
2019-06-24,22.9,74,29
2019-06-24,5.33,75,249
2019-07-19,2.57,76,3
2019-08-23,20.8,74,33
2019-08-26,19.6,74,35
2019-08-28,18.1,74,34
2019-09-05,16.9,74,24
2019-09-22,19.0,74,28
2019-10-12,17.1,74,25
2019-10-20,17.0,74,26
2019-10-27,17.9,74,27
2019-05-18,0.16,56,83
2019-06-05,0.12,56,88
2019-06-25,0.09,56,82
2019-06-27,0.08,56,79
2019-06-30,0.8,56,80
2019-07-25,0.36,56,89
2019-08-24,0.024,56,86
2019-09-05,0.014,56,84
2019-09-15,0.024,56,85
2019-11-07,0.01,56,87
2019-06-03,10.1,62,108
2019-06-05,9.5,62,107
2019-06-15,8.4,62,106
2019-06-30,7.8,62,105
2019-08-27,4.8,62,109
2019-09-01,4.8,62,110
2019-06-03,8.8,62,122
2019-06-05,6.6,62,124
2019-06-15,6.5,62,125
2019-06-30,6.3,62,126
2019-08-24,5.6,62,128
2019-08-27,5.0,62,123
2019-09-01,5.1,62,127
2019-06-03,10.8,60,226
2019-06-05,10.6,60,227
2019-06-30,7.03,60,225
2019-08-24,3.42,60,220
2019-08-27,3.43,60,221
2019-09-01,3.0,60,223
2019-09-11,3.16,60,224
2019-10-23,2.74,60,228
2019-10-31,2.53,60,229
2019-11-30,6.56,60,222
2019-05-20,2.76,75,33
2019-05-30,1.43,75,31
2019-06-04,1.08,75,29
2019-06-09,0.95,75,28
2019-06-24,0.76,75,27
2019-08-23,0.22,75,34
2019-08-25,0.3,75,30
2019-08-28,0.2,75,32
2019-09-04,0.1,75,36
2019-09-24,0.08,75,35
2019-06-12,1.47,78,123
2019-06-17,1.44,78,124
2019-08-26,1.09,78,121
2019-09-05,0.98,78,119
2019-10-20,1.0,78,120
2019-05-18,30.6,63,189
2019-05-25,20.8,63,192
2019-06-09,15.4,63,183
2019-08-26,7.06,63,190
2019-08-28,5.93,63,188
2019-09-05,4.66,63,184
2019-09-12,4.73,63,187
2019-09-15,6.37,63,185
2019-09-22,14.2,63,180
2019-10-17,7.97,63,191
2019-10-20,9.06,63,181
2019-10-27,9.02,63,182
2019-05-18,0.98,65,50
2019-06-09,0.82,65,47
2019-08-26,1.04,65,53
2019-08-28,1.07,65,49
2019-09-05,1.04,65,48
2019-09-22,0.56,65,44
2019-10-17,0.47,65,52
2019-10-20,0.47,65,45
2019-10-27,0.39,65,46
2019-06-11,1.13,72,43
2019-06-26,1.05,72,39
2019-08-18,0.78,72,40
2019-08-25,0.93,72,41
2019-08-28,0.8,72,38
2019-09-12,0.7,72,42
2019-09-22,0.7,72,34
2019-09-24,0.7,72,35
2019-10-14,2.48,72,36
2019-10-24,0.66,72,44
2019-10-27,0.56,72,37
2019-11-03,1.56,72,45
2019-05-18,1.91,67,222
2019-05-25,1.67,67,224
2019-06-09,1.7,67,221
2019-06-11,0.67,73,37
2019-06-12,1.72,67,218
2019-06-26,0.67,73,41
2019-07-29,7.38,67,216
2019-08-18,0.53,73,39
2019-08-25,0.55,73,38
2019-08-26,1.84,67,217
2019-08-28,1.75,67,219
2019-08-28,0.53,73,36
2019-09-05,1.79,67,215
2019-09-12,1.83,67,220
2019-09-12,0.55,73,40
2019-09-22,11.6,67,210
2019-09-22,0.56,73,32
2019-09-24,0.56,73,33
2019-10-14,0.69,73,34
2019-10-17,2.32,67,223
2019-10-20,2.91,67,211
2019-10-25,2.02,67,212
2019-10-27,1.78,67,213
2019-10-27,0.54,73,35
2019-06-03,7.66,60,164
2019-06-05,8.58,60,173
2019-06-15,7.44,60,165
2019-06-25,4.58,60,162
2019-06-30,4.02,60,169
2019-07-25,3.46,60,170
2019-08-27,2.56,60,166
2019-09-01,2.2,60,167
2019-09-11,1.84,60,163
2019-09-23,2.35,60,172
2019-10-18,1.53,60,168
2019-10-23,1.93,60,171
2019-05-24,1.88,57,127
2019-06-03,1.23,57,124
2019-06-25,0.79,57,123
2019-06-30,0.84,57,125
2019-07-03,0.81,57,122
2019-09-01,0.37,57,126
2019-09-21,0.32,57,121
2019-05-01,9.6,79,158
2019-06-05,10.0,79,153
2019-06-12,9.8,79,157
2019-06-30,8.77,79,150
2019-07-15,8.51,79,152
2019-08-24,8.42,79,151
2019-08-26,7.93,79,154
2019-08-29,7.67,79,155
2019-06-12,5.95,58,201
2019-06-17,5.84,58,202
2019-06-27,5.46,58,200
2019-09-05,2.15,58,199
2019-09-15,2.16,58,204
2019-10-20,2.98,58,205
2019-06-09,0.83,69,48
2019-06-12,0.77,69,47
2019-06-27,0.6,69,49
2019-07-29,1.85,69,50
2019-08-23,0.35,69,54
2019-08-26,0.3,69,53
2019-08-28,0.26,69,51
2019-09-12,0.24,69,52
2019-09-22,0.26,69,44
2019-10-20,0.33,69,45
2019-10-27,0.33,69,46
2019-05-20,3.91,77,205
2019-06-04,1.56,77,208
2019-06-09,1.44,77,200
2019-06-11,1.28,77,209
2019-06-24,1.16,77,202
2019-08-23,0.42,77,203
2019-08-25,0.36,77,201
2019-08-28,0.36,77,204
2019-09-04,0.25,77,206
2019-09-24,0.4,77,207
2019-10-14,0.24,77,210
2019-10-22,0.38,77,212
2019-10-27,0.37,77,211
2019-05-01,18.4,60,36
2019-06-05,8.66,60,39
2019-06-12,6.47,60,30
2019-06-30,6.32,60,28
2019-08-24,2.15,60,31
2019-08-26,1.77,60,32
2019-08-29,1.63,60,37
2019-09-05,1.32,60,34
2019-09-18,1.22,60,38
2019-09-23,1.18,60,33
2019-10-20,1.17,60,35
2019-05-01,0.89,54,179
2019-05-11,0.96,54,177
2019-05-18,1.55,54,181
2019-05-31,0.51,54,173
2019-06-05,0.56,54,171
2019-06-12,1.07,54,172
2019-06-25,0.45,54,170
2019-06-30,1.24,54,167
2019-08-26,0.16,54,178
2019-08-29,0.25,54,175
2019-09-03,0.28,54,176
2019-09-05,0.22,54,169
2019-09-15,0.23,54,174
2019-10-18,0.38,54,180
2019-10-20,0.34,54,168
2019-05-18,1.98,65,40
2019-05-25,1.68,65,43
2019-06-09,1.55,65,30
2019-06-12,1.53,65,35
2019-08-26,1.49,65,41
2019-08-28,1.51,65,38
2019-09-05,1.2,65,34
2019-09-12,6.29,65,39
2019-09-15,1.44,65,36
2019-09-22,1.66,65,31
2019-10-17,3.04,65,42
2019-10-20,3.42,65,32
2019-10-27,3.41,65,33
2019-05-29,2.11,63,75
2019-06-03,1.78,63,71
2019-06-05,1.69,63,73
2019-06-20,1.53,63,76
2019-06-23,1.48,63,72
2019-06-30,1.55,63,74
2019-07-20,1.85,63,77
2019-07-28,1.85,63,78
2019-08-24,1.18,63,79
2019-08-27,1.12,63,69
2019-09-01,1.0,63,70
2019-05-20,3.52,74,164
2019-05-30,2.81,74,156
2019-06-04,2.83,74,157
2019-06-09,2.73,74,165
2019-06-24,2.72,74,158
2019-08-23,2.72,74,159
2019-08-25,2.71,74,163
2019-08-28,2.68,74,161
2019-09-04,2.72,74,162
2019-09-24,2.62,74,160
2019-10-14,2.73,74,166
2019-10-22,2.72,74,168
2019-10-27,2.76,74,167
2019-06-09,1.85,73,124
2019-06-11,1.79,73,115
2019-06-24,2.92,73,116
2019-06-26,2.31,73,114
2019-07-29,2.47,73,117
2019-08-18,1.77,73,125
2019-08-23,1.8,73,119
2019-08-25,1.67,73,118
2019-08-28,1.08,73,113
2019-09-22,0.98,73,120
2019-09-24,0.98,73,122
2019-10-12,0.77,73,121
2019-10-14,0.81,73,112
2019-10-27,0.91,73,123
2019-06-09,13.5,78,29
2019-06-12,12.8,78,38
2019-06-22,10.3,78,36
2019-06-24,9.46,78,31
2019-08-23,6.05,78,32
2019-08-28,4.47,78,33
2019-09-05,4.04,78,30
2019-09-12,4.06,78,35
2019-09-22,3.46,78,34
2019-10-20,4.32,78,37
2019-05-01,3.11,80,78
2019-05-06,6.23,80,82
2019-06-05,1.83,80,85
2019-06-07,1.72,80,80
2019-06-12,1.4,80,84
2019-06-30,1.03,80,83
2019-07-20,2.04,80,81
2019-08-11,0.4,80,79
2019-08-26,0.38,80,77
2019-05-18,0.59,56,99
2019-06-05,0.41,56,100
2019-06-17,0.43,56,98
2019-06-25,0.36,56,93
2019-06-27,0.32,56,90
2019-06-30,1.54,56,91
2019-07-25,1.58,56,94
2019-08-24,0.25,56,97
2019-09-05,0.24,56,95
2019-09-15,0.25,56,96
2019-11-07,0.09,56,101
2019-05-14,0.15,79,244
2019-06-03,0.09,79,243
2019-06-30,0.07,79,242
2019-06-30,0.92,79,240
2019-07-20,0.1,79,245
2019-07-20,1.06,79,241
2019-08-24,0.07,79,246
2019-06-09,0.58,67,232
2019-06-12,0.64,67,231
2019-07-29,2.88,67,230
2019-08-26,0.48,67,235
2019-08-28,0.42,67,233
2019-09-05,0.34,67,234
2019-09-12,0.39,67,236
2019-09-22,1.34,67,225
2019-10-17,0.49,67,237
2019-10-20,0.36,67,226
2019-10-25,0.33,67,227
2019-10-27,0.31,67,228
2019-05-30,0.25,76,47
2019-06-04,0.19,76,40
2019-06-09,0.17,76,41
2019-06-12,0.16,76,45
2019-06-24,0.13,76,44
2019-07-19,0.16,76,46
2019-08-26,0.037,76,43
2019-09-05,0.05,76,42
2019-09-27,0.032,76,48
2019-05-01,2.9,79,214
2019-06-05,2.54,79,213
2019-06-12,2.36,79,216
2019-06-30,2.08,79,215
2019-07-20,2.45,79,218
2019-08-26,1.97,79,217
2019-06-09,0.79,72,60
2019-08-28,0.44,72,61
2019-09-22,0.5,72,58
2019-10-12,0.8,72,62
2019-10-27,0.62,72,59
2019-11-01,0.65,72,63
2019-06-25,4.3,54,100
2019-06-25,2.58,54,110
2019-06-27,4.35,54,101
2019-06-27,2.54,54,109
2019-06-30,5.56,54,99
2019-06-30,2.75,54,108
2019-07-25,17.4,54,103
2019-07-25,2.77,54,112
2019-08-29,1.74,54,105
2019-08-29,1.5,54,114
2019-09-05,1.36,54,104
2019-09-05,1.11,54,113
2019-09-15,1.34,54,102
2019-09-15,1.1,54,111
2019-10-13,1.87,54,107
2019-10-13,0.52,54,116
2019-05-20,8.71,77,221
2019-05-30,4.09,77,222
2019-06-04,2.6,77,217
2019-06-09,2.34,77,213
2019-06-11,2.07,77,216
2019-06-24,1.76,77,215
2019-08-23,0.69,77,219
2019-08-25,0.6,77,214
2019-08-28,0.5,77,218
2019-09-24,0.61,77,220
2019-10-22,1.28,77,224
2019-10-27,0.64,77,223
2019-05-01,32.2,79,17
2019-06-02,26.3,79,19
2019-06-05,24.1,79,16
2019-06-12,19.8,79,15
2019-06-30,14.8,79,14
2019-07-20,19.2,79,21
2019-08-24,13.0,79,18
2019-08-26,12.6,79,20
2019-08-29,11.5,79,22
2019-06-09,1.23,72,104
2019-06-12,1.23,72,100
2019-08-26,2.78,72,102
2019-08-28,1.88,72,101
2019-09-05,1.08,72,99
2019-09-22,0.98,72,98
2019-10-20,1.05,72,95
2019-10-25,1.07,72,96
2019-10-27,1.07,72,97
2019-05-01,8.54,79,233
2019-06-02,7.38,79,229
2019-06-05,7.0,79,230
2019-06-12,6.44,79,231
2019-06-30,5.59,79,232
2019-07-15,5.51,79,237
2019-08-24,11.4,79,234
2019-08-26,7.23,79,235
2019-08-29,5.91,79,236
2019-05-30,1.22,80,245
2019-06-04,1.07,80,239
2019-06-09,1.01,80,241
2019-06-12,1.01,80,242
2019-06-22,0.95,80,247
2019-06-24,0.92,80,240
2019-07-19,0.94,80,243
2019-08-26,0.38,80,249
2019-09-05,0.36,80,246
2019-09-27,0.3,80,248
2019-06-12,3.45,78,24
2019-06-22,3.01,78,23
2019-09-05,1.35,78,25
2019-05-18,0.48,65,158
2019-06-12,0.23,65,157
2019-06-27,0.15,65,156
2019-08-26,0.1,65,160
2019-09-05,0.06,65,153
2019-09-15,0.05,65,159
2019-10-20,0.09,65,154
2019-10-25,0.07,65,161
2019-06-09,6.9,69,19
2019-06-12,6.55,69,18
2019-06-27,5.16,69,17
2019-07-29,18.2,69,21
2019-08-23,6.97,69,23
2019-08-26,5.47,69,22
2019-08-28,4.93,69,25
2019-09-05,3.71,69,20
2019-09-22,3.43,69,14
2019-10-20,5.06,69,15
2019-10-27,4.29,69,16
2019-07-29,6.8,70,26
2019-08-28,0.85,70,27
2019-09-12,0.75,70,28
2019-09-22,1.33,70,24
2019-10-17,0.96,70,29
2019-10-27,0.49,70,25
2019-05-19,2.74,56,234
2019-06-03,1.26,56,233
2019-06-05,1.09,56,235
2019-06-30,0.78,56,232
2019-07-03,0.58,56,231
2019-09-21,0.08,56,230
2019-06-03,0.93,57,119
2019-06-25,0.55,57,117
2019-06-30,0.55,57,120
2019-07-03,0.55,57,116
2019-09-01,0.21,57,118
2019-09-21,0.21,57,115
2019-05-01,28.1,58,215
2019-06-12,17.6,58,222
2019-06-17,17.1,58,213
2019-06-25,15.1,58,221
2019-06-30,17.6,58,218
2019-08-24,11.2,58,214
2019-08-26,11.0,58,225
2019-08-29,9.84,58,220
2019-09-05,8.66,58,216
2019-09-23,7.76,58,219
2019-10-13,7.91,58,223
2019-10-20,9.06,58,224
2019-05-20,47.5,75,217
2019-05-30,45.6,75,218
2019-06-04,43.6,75,223
2019-06-09,40.5,75,215
2019-06-12,38.4,75,224
2019-06-22,30.5,75,216
2019-06-24,28.6,75,219
2019-08-23,11.0,75,222
2019-08-26,9.8,75,220
2019-08-28,8.97,75,221
2019-09-27,6.73,75,225
2019-05-20,4.96,80,130
2019-05-30,3.46,80,128
2019-06-04,2.94,80,131
2019-06-12,1.95,80,124
2019-06-19,1.33,80,125
2019-06-24,1.09,80,122
2019-08-03,0.76,80,132
2019-08-11,0.53,80,123
2019-08-23,0.75,80,129
2019-08-26,0.62,80,120
2019-08-28,0.55,80,121
2019-09-05,0.41,80,126
2019-05-18,2.75,55,212
2019-05-18,8.72,55,146
2019-06-25,2.2,55,152
2019-06-27,0.46,55,215
2019-06-27,2.0,55,147
2019-06-30,0.83,55,211
2019-06-30,3.14,55,144
2019-07-25,0.65,55,213
2019-07-25,5.78,55,145
2019-08-29,0.34,55,218
2019-08-29,0.99,55,151
2019-09-05,0.31,55,216
2019-09-05,0.78,55,148
2019-09-15,0.33,55,217
2019-09-15,0.97,55,150
2019-06-09,0.61,72,72
2019-06-12,0.67,72,67
2019-08-23,1.16,72,69
2019-08-26,0.45,72,73
2019-08-28,0.28,72,70
2019-09-05,0.29,72,68
2019-09-22,0.2,72,64
2019-10-12,0.29,72,74
2019-10-20,0.59,72,65
2019-10-27,0.47,72,66
2019-05-14,17.1,63,32
2019-06-03,10.8,63,28
2019-06-05,10.4,63,27
2019-06-23,8.55,63,30
2019-06-30,8.42,63,29
2019-08-24,7.51,63,31
2019-08-27,6.98,63,25
2019-09-01,6.74,63,26
2019-06-12,20.0,54,2
2019-08-26,15.6,54,3
2019-09-05,9.17,54,1
2019-09-15,9.28,54,4
2019-10-20,10.3,54,0
2019-06-03,16.6,62,212
2019-06-05,17.4,62,211
2019-06-23,13.8,62,210
2019-06-30,14.6,62,213
2019-08-27,11.2,62,208
2019-09-01,10.5,62,209
2019-06-11,2.61,71,94
2019-06-16,2.29,71,90
2019-07-01,5.0,71,92
2019-07-29,9.83,71,93
2019-08-18,7.63,71,98
2019-08-20,6.71,71,95
2019-08-28,2.5,71,85
2019-09-12,1.32,71,96
2019-09-22,1.27,71,86
2019-10-02,1.24,71,97
2019-10-14,1.48,71,87
2019-10-17,2.77,71,88
2019-10-27,1.45,71,89
2019-11-01,1.34,71,91
2019-05-20,5.12,76,25
2019-05-30,3.35,76,24
2019-06-04,2.88,76,18
2019-06-09,2.17,76,19
2019-06-12,2.12,76,22
2019-06-22,1.52,76,27
2019-06-24,1.52,76,20
2019-08-23,0.29,76,23
2019-08-26,0.26,76,21
2019-08-28,0.26,76,17
2019-09-05,0.25,76,16
2019-09-27,0.74,76,26
2019-05-01,1240.0,64,181
2019-06-02,939.0,64,180
2019-06-05,932.0,64,185
2019-06-12,733.0,64,179
2019-06-30,543.0,64,184
2019-07-15,927.0,64,178
2019-07-20,894.0,64,182
2019-08-24,633.0,64,177
2019-08-29,588.0,64,183
2019-06-03,1.1,62,3
2019-06-15,1.06,62,10
2019-06-25,1.06,62,1
2019-06-30,1.1,62,0
2019-07-25,1.34,62,2
2019-08-24,0.67,62,9
2019-08-27,0.68,62,5
2019-09-01,0.72,62,6
2019-09-11,0.6,62,7
2019-09-23,0.5,62,4
2019-10-18,0.59,62,8
2019-10-23,0.59,62,11
2019-05-19,1.15,57,4
2019-05-24,0.77,57,10
2019-06-03,0.59,57,7
2019-06-05,0.49,57,5
2019-06-25,0.47,57,8
2019-06-30,0.57,57,2
2019-07-03,0.45,57,6
2019-09-01,0.24,57,9
2019-09-21,0.21,57,3
2019-05-30,1.78,75,72
2019-06-04,1.26,75,64
2019-06-09,1.11,75,69
2019-06-11,1.04,75,70
2019-06-24,0.83,75,63
2019-08-23,0.35,75,65
2019-08-25,0.22,75,68
2019-08-28,0.16,75,66
2019-09-04,0.19,75,75
2019-09-24,0.32,75,67
2019-10-14,0.18,75,71
2019-10-22,0.5,75,74
2019-10-27,0.36,75,73
2019-06-25,0.16,56,142
2019-06-30,0.36,56,141
2019-05-14,7.64,79,98
2019-06-03,6.7,79,94
2019-06-05,6.7,79,96
2019-06-15,6.13,79,93
2019-06-30,5.88,79,91
2019-08-24,4.89,79,95
2019-08-27,4.84,79,92
2019-09-01,4.61,79,97
2019-05-14,5.58,62,166
2019-06-03,3.4,62,163
2019-06-05,3.43,62,159
2019-06-23,2.98,62,164
2019-06-30,2.99,62,162
2019-08-24,2.58,62,165
2019-08-27,2.57,62,160
2019-09-01,2.48,62,161
2019-06-12,3.94,54,134
2019-06-12,0.008,54,142
2019-08-26,1.05,54,136
2019-08-26,0.013,54,144
2019-09-05,0.83,54,132
2019-09-05,0.12,54,140
2019-09-15,1.07,54,135
2019-09-15,0.07,54,143
2019-10-20,3.57,54,133
2019-10-20,0.19,54,141
2019-10-25,2.8,54,138
2019-10-25,0.18,54,146
2019-11-24,1.6,54,139
2019-11-24,0.19,54,147
2019-05-25,24.2,66,17
2019-06-09,18.5,66,9
2019-07-29,15.7,66,11
2019-08-28,1.3,66,15
2019-09-05,1.06,66,10
2019-09-12,1.35,66,13
2019-09-15,1.59,66,14
2019-09-22,2.5,66,6
2019-10-17,3.53,66,16
2019-10-20,1.37,66,7
2019-10-25,4.08,66,18
2019-10-27,3.09,66,8
2019-07-29,9.14,68,243
2019-08-28,1.53,68,244
2019-09-22,1.42,68,241
2019-10-17,2.05,68,245
2019-10-27,0.76,68,242
2019-06-03,157.0,54,63
2019-06-05,154.0,54,66
2019-06-15,129.0,54,67
2019-06-25,80.8,54,68
2019-06-30,83.3,54,64
2019-09-01,71.7,54,70
2019-09-11,53.9,54,65
2019-09-21,76.5,54,69
2019-10-13,66.8,54,62
2019-06-01,6.94,70,207
2019-07-01,14.0,70,206
2019-07-04,4.88,70,210
2019-08-28,0.41,70,208
2019-08-30,0.36,70,209
2019-09-04,0.3,70,213
2019-09-22,0.61,70,204
2019-10-14,12.0,70,205
2019-10-17,0.89,70,211
2019-10-24,0.36,70,212
2019-05-14,1.41,62,120
2019-06-03,1.1,62,119
2019-06-05,1.1,62,114
2019-06-30,1.1,62,117
2019-08-24,0.79,62,115
2019-08-27,0.79,62,116
2019-09-01,0.79,62,118
2019-10-18,0.83,62,121
2019-06-07,1.86,73,207
2019-06-09,1.69,73,197
2019-06-12,1.49,73,199
2019-06-22,1.57,73,200
2019-06-24,1.49,73,198
2019-07-29,2.47,73,201
2019-08-23,0.67,73,204
2019-08-26,0.61,73,202
2019-08-28,0.58,73,193
2019-09-05,0.48,73,194
2019-09-22,0.52,73,203
2019-10-12,0.57,73,205
2019-10-20,0.55,73,195
2019-10-27,0.47,73,196
2019-10-30,0.45,73,206
2019-05-20,3.1,76,133
2019-05-30,1.97,76,132
2019-06-04,1.64,76,131
2019-06-09,1.46,76,130
2019-06-12,1.43,76,128
2019-06-22,1.3,76,129
2019-06-24,1.2,76,134
2019-08-23,1.37,76,135
2019-08-26,0.91,76,125
2019-08-28,0.72,76,126
2019-09-05,0.53,76,127
2019-09-27,0.51,76,136
2019-05-25,24.0,66,47
2019-06-09,22.2,66,38
2019-06-12,19.2,66,41
2019-07-29,24.2,66,44
2019-08-26,2.75,66,40
2019-08-28,2.72,66,42
2019-09-05,2.46,66,37
2019-09-12,2.63,66,43
2019-09-15,2.54,66,39
2019-09-22,2.47,66,34
2019-10-17,2.53,66,45
2019-10-20,2.69,66,35
2019-10-27,2.37,66,36
2019-05-30,1.75,76,119
2019-06-04,0.94,76,123
2019-06-09,0.94,76,121
2019-06-12,0.99,76,122
2019-06-24,0.89,76,117
2019-07-19,0.64,76,118
2019-08-23,0.84,76,124
2019-08-26,0.86,76,120
2019-09-05,0.77,76,116
2019-05-01,6.85,79,149
2019-06-30,6.16,79,146
2019-08-24,5.33,79,148
2019-08-26,5.42,79,147
2019-05-14,3.68,61,107
2019-06-03,3.13,61,106
2019-06-15,2.64,61,110
2019-06-30,2.31,61,104
2019-08-24,1.99,61,108
2019-08-27,1.86,61,105
2019-09-01,1.76,61,109
2019-09-11,1.76,61,111
2019-05-20,3.51,77,17
2019-06-04,1.45,77,18
2019-06-09,1.16,77,14
2019-06-12,1.07,77,10
2019-06-22,0.9,77,13
2019-06-24,0.91,77,12
2019-08-23,0.35,77,11
2019-08-28,0.31,77,16
2019-09-05,0.21,77,9
2019-10-20,0.18,77,15
2019-06-09,68.5,68,69
2019-07-29,144.0,68,67
2019-08-28,47.7,68,68
2019-09-22,29.7,68,65
2019-10-17,96.8,68,70
2019-10-27,42.8,68,66
2019-05-18,4.1,65,1
2019-06-09,0.73,64,245
2019-08-26,0.37,64,249
2019-08-28,0.37,65,2
2019-09-05,0.37,64,246
2019-09-12,0.37,65,0
2019-09-15,0.37,64,247
2019-09-22,0.57,64,242
2019-10-20,3.51,64,243
2019-10-27,1.5,64,244
2019-05-18,3.8,64,220
2019-06-09,1.19,64,215
2019-08-26,0.61,64,219
2019-08-28,0.44,64,221
2019-09-05,0.27,64,216
2019-09-15,0.47,64,217
2019-10-20,1.41,64,214
2019-06-09,6.35,72,111
2019-08-23,15.6,72,114
2019-08-28,5.8,72,112
2019-09-22,4.07,72,109
2019-10-12,4.05,72,113
2019-10-27,3.9,72,110
2019-05-18,123.0,63,228
2019-05-25,84.9,63,232
2019-06-09,54.6,63,223
2019-06-12,49.0,63,221
2019-07-29,265.0,63,222
2019-08-26,39.3,63,226
2019-08-28,36.9,63,231
2019-09-05,16.9,63,227
2019-09-12,15.7,63,229
2019-09-15,21.7,63,225
2019-09-22,29.0,63,217
2019-10-17,13.8,63,230
2019-10-20,11.4,63,218
2019-10-25,9.34,63,219
2019-10-27,10.6,63,220
2019-05-30,4.88,81,3
2019-06-04,4.65,81,4
2019-06-09,4.42,81,2
2019-06-24,3.59,81,1
2019-07-19,3.2,81,0
2019-09-27,1.88,81,5
2019-06-09,0.59,69,59
2019-06-12,0.51,69,58
2019-06-27,0.4,69,65
2019-08-23,0.5,69,63
2019-08-26,0.35,69,61
2019-08-28,0.42,69,62
2019-09-05,0.37,69,60
2019-09-12,0.34,69,64
2019-09-22,0.32,69,55
2019-10-20,0.26,69,56
2019-10-27,0.24,69,57
2019-05-01,14.4,59,183
2019-06-17,4.42,59,191
2019-06-25,3.35,59,184
2019-06-30,8.35,59,182
2019-08-24,1.31,59,190
2019-08-26,1.07,59,187
2019-08-29,1.13,59,186
2019-09-05,0.93,59,185
2019-09-23,1.26,59,189
2019-10-13,2.17,59,193
2019-10-20,1.79,59,192
2019-06-09,2.37,74,54
2019-06-12,2.46,74,52
2019-07-29,9.51,74,53
2019-08-26,1.66,74,57
2019-08-28,1.66,74,59
2019-09-05,1.34,74,56
2019-09-12,1.04,74,58
2019-09-22,1.06,74,49
2019-10-12,1.16,74,60
2019-10-20,1.16,74,50
2019-10-27,1.3,74,51
2019-05-19,30.2,57,159
2019-06-03,20.7,57,160
2019-06-25,18.0,57,158
2019-06-30,34.8,57,157
2019-09-01,6.6,57,161
2019-09-21,5.1,57,156
2019-06-09,343.0,64,72
2019-07-29,2370.0,64,75
2019-08-23,392.0,64,73
2019-08-28,311.0,64,71
2019-09-22,194.0,64,74
2019-10-12,197.0,64,76
2019-10-27,210.0,64,70
2019-05-30,16.1,75,197
2019-06-04,13.2,75,199
2019-06-09,10.1,75,198
2019-06-24,7.72,75,196
2019-07-19,5.28,75,195
2019-08-23,5.04,75,200
2019-09-27,1.83,75,201
2019-05-18,15.9,67,136
2019-05-25,10.0,67,140
2019-06-09,9.36,67,133
2019-06-12,9.36,67,131
2019-07-29,13.2,67,132
2019-08-26,3.5,67,135
2019-08-28,3.52,67,137
2019-09-05,3.53,67,134
2019-09-12,3.58,67,138
2019-09-22,3.52,67,129
2019-10-17,3.49,67,139
2019-10-20,3.53,67,126
2019-10-25,3.38,67,127
2019-10-27,3.45,67,128
2019-05-18,1.66,68,0
2019-06-09,1.5,67,245
2019-06-12,1.04,67,243
2019-07-29,9.2,67,244
2019-08-26,2.06,67,246
2019-08-28,1.6,67,247
2019-09-05,1.29,67,248
2019-09-12,1.12,67,249
2019-09-22,7.27,67,239
2019-10-17,0.95,68,1
2019-10-20,3.06,67,240
2019-10-25,1.66,67,241
2019-10-27,1.34,67,242
2019-05-01,0.88,55,76
2019-05-26,0.65,55,75
2019-05-31,0.6,55,79
2019-06-05,0.52,55,82
2019-06-12,0.5,55,73
2019-06-17,0.5,55,72
2019-06-25,0.31,55,78
2019-06-27,0.36,55,69
2019-06-30,0.51,55,71
2019-08-24,0.23,55,77
2019-09-05,0.16,55,68
2019-09-15,0.18,55,74
2019-10-13,0.2,55,81
2019-10-18,0.17,55,80
2019-10-20,0.17,55,67
2019-05-20,25.8,76,166
2019-05-30,25.8,76,167
2019-06-09,22.5,76,160
2019-06-12,21.6,76,161
2019-06-22,17.7,76,164
2019-06-24,16.8,76,159
2019-08-26,17.9,76,162
2019-08-28,17.4,76,163
2019-09-05,16.2,76,158
2019-09-27,12.6,76,165
2019-06-03,1.87,62,14
2019-08-27,0.32,62,15
2019-09-11,0.23,62,16
2019-06-11,26.4,77,59
2019-06-26,22.5,77,57
2019-08-18,86.8,77,55
2019-08-25,44.5,77,56
2019-08-28,46.1,77,54
2019-09-12,20.7,77,58
2019-09-22,19.8,77,50
2019-09-24,19.1,77,51
2019-10-14,16.2,77,52
2019-10-27,21.2,77,53
2019-06-03,23.6,61,196
2019-06-15,20.5,61,197
2019-06-25,18.7,61,202
2019-06-30,18.5,61,194
2019-07-25,18.5,61,195
2019-08-24,12.8,61,203
2019-08-27,12.2,61,198
2019-09-01,11.6,61,200
2019-09-11,11.3,61,201
2019-09-23,11.0,61,199
2019-10-18,10.7,61,204
2019-10-23,10.7,61,205
2019-05-14,10.4,61,192
2019-06-03,10.4,61,184
2019-06-05,10.1,61,183
2019-06-15,8.06,61,185
2019-06-25,6.96,61,193
2019-06-30,6.55,61,186
2019-07-25,7.36,61,188
2019-08-24,4.8,61,187
2019-08-27,4.4,61,189
2019-09-01,4.22,61,190
2019-09-23,3.68,61,191
2019-05-14,4.13,61,178
2019-06-03,4.13,61,176
2019-06-05,3.91,61,175
2019-06-15,2.7,61,181
2019-06-30,2.03,61,174
2019-08-24,1.9,61,177
2019-08-27,1.84,61,179
2019-09-01,1.8,61,180
2019-09-11,1.57,61,182
2019-06-03,0.24,62,87
2019-08-27,0.19,62,88
2019-05-19,4.72,56,200
2019-06-03,3.15,56,202
2019-06-05,2.99,56,201
2019-06-25,2.63,56,199
2019-06-30,2.96,56,196
2019-07-03,2.58,56,198
2019-09-01,1.35,56,203
2019-09-21,1.23,56,197
2019-06-16,5.18,70,50
2019-07-01,36.1,70,48
2019-07-04,17.0,70,53
2019-08-30,1.94,70,49
2019-09-22,1.66,70,45
2019-10-02,1.28,70,52
2019-10-14,61.8,70,51
2019-10-17,5.16,70,46
2019-10-27,2.56,70,47
2019-11-01,1.54,70,54
2019-06-16,58.6,70,93
2019-06-26,17.8,70,89
2019-07-29,72.5,70,90
2019-08-28,19.8,70,91
2019-09-04,16.5,70,95
2019-09-12,13.3,70,92
2019-09-22,16.2,70,86
2019-10-14,112.0,70,87
2019-10-17,28.4,70,94
2019-10-24,29.8,70,96
2019-10-27,23.1,70,88
2019-05-18,23.6,58,212
2019-06-12,13.6,58,210
2019-06-17,13.3,58,208
2019-06-27,11.7,58,209
2019-09-05,6.64,58,206
2019-10-20,6.86,58,211
2019-05-01,4.06,79,37
2019-05-06,4.06,79,43
2019-06-05,2.92,79,41
2019-06-12,2.09,79,35
2019-06-22,1.44,79,38
2019-06-30,0.78,79,40
2019-07-20,0.34,79,39
2019-08-24,0.56,79,36
2019-08-26,0.55,79,34
2019-08-29,0.6,79,42
2019-06-25,0.2,56,129
2019-06-30,0.88,56,127
2019-07-25,0.48,56,128
2019-08-24,0.17,56,130
2019-05-01,38.8,79,28
2019-06-02,32.4,79,26
2019-06-05,30.1,79,27
2019-06-12,24.8,79,25
2019-06-22,20.0,79,30
2019-06-30,18.2,79,23
2019-08-24,14.8,79,24
2019-08-26,13.7,79,29
2019-08-29,12.5,79,32
2019-09-05,11.2,79,31
2019-05-20,10.5,76,80
2019-05-30,8.35,76,77
2019-06-04,8.69,76,79
2019-06-09,6.18,76,76
2019-06-12,6.35,76,74
2019-06-24,6.04,76,75
2019-08-23,1.9,76,78
2019-08-26,1.84,76,73
2019-08-28,1.79,76,71
2019-09-05,1.54,76,72
2019-05-20,15.9,75,125
2019-05-30,9.66,75,133
2019-06-04,8.0,75,121
2019-06-09,7.31,75,122
2019-06-11,7.29,75,124
2019-06-24,6.29,75,132
2019-07-19,12.9,75,134
2019-07-31,7.5,75,126
2019-08-23,3.48,75,127
2019-08-25,3.05,75,123
2019-08-28,2.76,75,128
2019-08-30,2.7,75,130
2019-09-24,3.63,75,129
2019-09-27,3.62,75,131
2019-10-14,6.66,75,135
2019-10-27,6.25,75,136
2019-05-01,1150.0,64,171
2019-06-02,902.0,64,170
2019-06-05,882.0,64,172
2019-06-12,691.0,64,169
2019-06-30,511.0,64,168
2019-08-24,634.0,64,167
2019-08-26,706.0,64,174
2019-08-29,590.0,64,173
2019-09-05,483.0,64,176
2019-06-09,87.8,77,98
2019-06-24,73.3,77,96
2019-08-23,116.0,77,93
2019-08-25,107.0,77,97
2019-08-28,88.6,77,94
2019-09-24,38.8,77,95
2019-10-14,33.3,77,99
2019-10-22,42.4,77,101
2019-10-27,42.3,77,100
2019-06-05,11.4,62,197
2019-06-23,7.13,62,200
2019-06-30,7.32,62,198
2019-08-24,6.15,62,199
2019-08-27,5.89,62,195
2019-09-01,5.5,62,196
2019-05-01,0.26,61,47
2019-06-02,0.29,61,42
2019-06-12,0.16,61,48
2019-06-22,0.19,61,44
2019-06-30,0.17,61,41
2019-08-24,0.12,61,43
2019-08-26,0.12,61,45
2019-10-23,0.021,61,49
2019-06-12,0.74,78,113
2019-06-17,0.74,78,115
2019-08-26,0.62,78,117
2019-09-05,0.32,78,114
2019-10-20,0.32,78,118
2019-05-18,4.7,54,245
2019-06-12,2.7,54,241
2019-08-26,2.16,54,244
2019-09-05,2.12,54,239
2019-09-15,2.63,54,243
2019-10-20,2.73,54,240
2019-10-25,2.05,54,246
2019-11-24,2.09,54,247
2019-06-12,2.53,55,0
2019-09-05,1.4,54,249
2019-09-15,4.78,55,2
2019-10-20,2.92,54,248
2019-05-19,222.0,54,47
2019-06-03,143.0,54,41
2019-06-05,122.0,54,43
2019-06-15,96.1,54,44
2019-06-30,83.0,54,42
2019-09-01,61.3,54,45
2019-09-21,52.1,54,49
2019-10-06,47.3,54,46
2019-10-13,61.0,54,40
2019-10-18,86.7,54,48
2019-07-29,2.25,70,21
2019-08-28,0.27,70,22
2019-09-22,0.29,70,19
2019-10-17,0.29,70,23
2019-10-27,0.24,70,20
2019-05-18,6.9,56,8
2019-06-25,5.2,56,6
2019-06-27,5.0,56,5
2019-06-30,8.98,56,4
2019-07-25,13.2,56,7
2019-08-29,3.93,56,12
2019-09-05,3.05,56,9
2019-09-15,2.67,56,10
2019-06-20,0.54,60,117
2019-06-30,0.47,60,115
2019-08-24,0.17,60,116
2019-09-23,0.13,60,118
2019-05-18,16.8,63,163
2019-06-09,8.65,63,161
2019-09-05,1.13,63,160
2019-09-15,1.14,63,162
2019-10-20,2.16,63,159
2019-06-11,1.13,71,218
2019-06-16,0.94,71,217
2019-06-26,0.78,71,216
2019-07-29,4.37,71,219
2019-08-28,0.71,71,220
2019-09-04,0.52,71,222
2019-09-12,0.63,71,221
2019-09-22,0.86,71,213
2019-10-14,15.2,71,214
2019-10-17,1.54,71,223
2019-10-27,0.51,71,215
2019-06-03,1.91,62,58
2019-06-05,1.81,62,59
2019-06-15,1.49,62,57
2019-06-30,1.19,62,56
2019-08-24,1.1,62,60
2019-08-27,1.06,62,61
2019-09-01,1.05,62,62
2019-09-11,1.06,62,63
2019-05-25,0.47,65,203
2019-06-09,0.49,65,194
2019-06-12,0.48,65,195
2019-07-29,1.06,65,198
2019-08-26,0.29,65,201
2019-08-28,0.27,65,202
2019-09-05,0.25,65,197
2019-09-12,0.24,65,200
2019-09-15,0.32,65,199
2019-09-22,0.3,65,191
2019-10-17,0.28,65,204
2019-10-20,0.24,65,192
2019-10-25,0.19,65,205
2019-10-27,0.21,65,193
2019-11-01,0.19,65,206
2019-06-03,10.5,62,36
2019-06-23,6.46,62,40
2019-06-26,5.93,62,38
2019-07-26,6.57,62,37
2019-07-28,5.78,62,42
2019-08-27,2.58,62,39
2019-09-11,2.34,62,41
2019-05-20,4.8,80,194
2019-05-30,3.38,80,191
2019-06-04,2.81,80,189
2019-06-12,2.04,80,190
2019-06-22,1.7,80,192
2019-06-24,1.59,80,193
2019-07-19,1.08,80,197
2019-07-29,0.85,80,201
2019-08-18,0.48,80,195
2019-08-26,0.38,80,200
2019-08-28,0.34,80,196
2019-09-05,0.29,80,198
2019-09-27,0.29,80,202
2019-05-18,1.32,54,164
2019-06-12,0.45,54,162
2019-07-29,96.2,68,56
2019-08-26,0.23,54,165
2019-08-28,53.6,68,57
2019-09-05,0.23,54,161
2019-09-15,0.35,54,163
2019-09-22,21.7,68,54
2019-10-17,50.1,68,55
2019-10-20,0.43,54,160
2019-10-27,37.8,68,58
2019-06-05,2.6,79,248
2019-06-30,2.46,79,247
2019-07-15,2.13,80,0
2019-07-20,2.37,79,249
2019-07-29,2.4,69,237
2019-08-28,0.37,69,239
2019-09-12,0.32,69,238
2019-09-22,0.49,69,235
2019-10-17,0.5,69,240
2019-10-27,0.24,69,236
2019-06-11,1.29,71,235
2019-06-16,1.09,71,232
2019-06-26,0.88,71,234
2019-07-01,2.54,71,233
2019-07-16,4.55,71,230
2019-07-29,3.97,71,231
2019-08-18,0.99,71,238
2019-08-28,0.64,71,229
2019-08-30,0.61,71,237
2019-09-04,0.53,71,236
2019-09-12,0.56,71,239
2019-09-22,0.8,71,224
2019-10-14,5.13,71,225
2019-10-17,1.01,71,226
2019-10-27,0.35,71,227
2019-11-01,0.34,71,228
2019-05-01,0.72,61,54
2019-06-02,0.6,61,53
2019-06-12,0.46,61,57
2019-06-22,0.31,61,52
2019-06-30,0.27,61,50
2019-08-24,0.2,61,51
2019-08-26,0.18,61,55
2019-08-29,0.16,61,58
2019-05-01,0.56,60,1
2019-05-26,0.42,59,248
2019-05-31,0.41,59,247
2019-06-12,0.32,60,3
2019-06-17,0.26,59,246
2019-06-27,0.24,59,245
2019-06-30,0.56,59,243
2019-08-24,0.16,59,249
2019-08-29,0.14,60,2
2019-09-05,0.14,59,242
2019-09-15,0.15,60,0
2019-10-13,0.14,60,5
2019-10-20,0.13,60,4
2019-06-03,169.0,59,90
2019-06-05,163.0,59,88
2019-06-15,136.0,59,94
2019-06-25,119.0,59,86
2019-06-30,113.0,59,85
2019-07-25,139.0,59,87
2019-08-27,71.4,59,93
2019-09-01,66.1,59,92
2019-09-11,62.5,59,91
2019-09-23,61.2,59,89
2019-10-23,65.9,59,95
2019-06-05,3.02,55,243
2019-06-25,1.96,55,241
2019-06-30,7.62,55,240
2019-07-25,5.74,55,242
2019-08-29,1.36,55,244
2019-06-03,72.5,61,32
2019-06-05,72.4,61,35
2019-06-15,59.4,61,39
2019-06-25,52.9,61,29
2019-06-30,48.7,61,37
2019-07-25,59.3,61,30
2019-08-24,34.7,61,40
2019-08-27,31.5,61,33
2019-09-01,28.9,61,34
2019-09-23,27.7,61,31
2019-10-18,26.7,61,36
2019-10-23,27.6,61,38
2019-06-03,421.0,54,96
2019-07-26,380.0,54,98
2019-08-27,207.0,54,97
2019-06-11,1.55,77,120
2019-06-26,1.2,77,121
2019-08-25,1.82,77,122
2019-09-24,0.65,77,118
2019-10-14,0.92,77,119
2019-10-24,0.77,77,124
2019-11-03,0.6,77,123
2019-06-12,1.16,64,210
2019-08-26,0.2,64,213
2019-09-05,0.16,64,209
2019-09-15,0.19,64,212
2019-10-20,0.42,64,208
2019-06-12,2.34,59,160
2019-06-17,2.13,59,158
2019-08-26,0.77,59,161
2019-09-05,0.57,59,156
2019-10-20,0.47,59,159
2019-06-03,5.65,62,183
2019-06-05,5.59,62,186
2019-06-30,5.25,62,185
2019-07-25,5.05,62,184
2019-08-27,4.94,62,182
2019-05-01,2.13,54,229
2019-05-11,2.14,54,230
2019-05-18,3.07,54,231
2019-05-31,1.43,54,224
2019-06-30,2.63,54,225
2019-08-26,0.73,54,232
2019-08-29,0.62,54,226
2019-09-05,0.58,54,223
2019-09-15,0.57,54,227
2019-10-20,0.51,54,222
2019-06-11,1.21,70,38
2019-06-26,1.18,70,42
2019-08-23,1.77,70,41
2019-08-25,1.64,70,39
2019-08-28,1.66,70,40
2019-09-04,1.22,70,34
2019-09-22,0.91,70,35
2019-10-12,0.6,70,43
2019-10-14,0.84,70,36
2019-10-24,0.92,70,44
2019-10-27,0.83,70,37
2019-05-20,1.47,75,81
2019-05-30,0.8,75,79
2019-06-04,0.63,75,78
2019-06-09,0.44,75,76
2019-06-24,0.32,75,80
2019-08-23,0.07,75,88
2019-08-25,0.07,75,77
2019-08-28,0.048,75,82
2019-09-04,0.039,75,83
2019-09-24,0.07,75,84
2019-10-14,0.16,75,85
2019-10-22,0.23,75,86
2019-10-27,0.16,75,87
2019-05-01,1310.0,64,193
2019-06-02,1020.0,64,191
2019-06-05,1020.0,64,196
2019-06-12,851.0,64,188
2019-06-30,703.0,64,187
2019-07-15,1020.0,64,190
2019-07-20,923.0,64,192
2019-08-24,643.0,64,189
2019-08-26,675.0,64,194
2019-08-29,612.0,64,195
2019-07-29,3.1,68,240
2019-09-22,0.52,68,237
2019-10-17,0.87,68,238
2019-10-27,0.32,68,239
2019-05-24,6.68,58,21
2019-06-03,5.04,58,20
2019-06-05,6.4,58,19
2019-06-25,3.96,58,18
2019-06-30,5.01,58,17
2019-09-01,0.66,58,22
2019-09-21,0.81,58,16
2019-05-01,2.22,59,195
2019-06-30,0.25,59,194
2019-08-24,0.06,59,196
2019-08-26,0.028,59,197
2019-08-29,0.034,59,199
2019-09-05,0.025,59,198
2019-09-23,0.023,59,201
2019-10-13,0.11,59,203
2019-10-20,0.046,59,202
2019-06-03,25.5,58,106
2019-06-18,16.8,58,105
2019-09-11,6.4,58,108
2019-09-21,7.17,58,107
2019-06-07,378.0,64,84
2019-06-09,375.0,64,82
2019-06-12,381.0,64,87
2019-06-22,351.0,64,85
2019-06-24,305.0,64,80
2019-07-29,2930.0,64,81
2019-08-01,1200.0,64,89
2019-05-14,4.42,61,77
2019-06-03,4.42,61,75
2019-06-05,4.34,61,78
2019-06-15,4.1,61,79
2019-06-30,3.32,61,73
2019-08-24,1.45,61,74
2019-08-27,1.38,61,72
2019-09-01,1.33,61,76
2019-05-12,1.82,75,230
2019-05-30,1.14,75,229
2019-06-04,0.91,75,226
2019-06-09,0.85,75,227
2019-06-11,0.84,75,237
2019-06-24,0.8,75,228
2019-07-19,1.43,75,235
2019-07-31,0.58,75,232
2019-08-05,0.41,75,233
2019-08-25,0.24,75,231
2019-08-30,0.23,75,234
2019-10-14,0.28,75,236
2019-10-22,0.56,75,238
2019-06-16,5.45,72,25
2019-06-26,5.14,72,24
2019-07-29,26.9,72,29
2019-08-23,6.17,72,27
2019-08-25,5.81,72,26
2019-08-28,5.34,72,23
2019-08-30,5.09,72,31
2019-09-04,4.55,72,16
2019-09-12,4.75,72,28
2019-09-22,4.92,72,17
2019-09-24,4.7,72,18
2019-10-12,5.44,72,30
2019-10-14,6.88,72,19
2019-10-17,11.1,72,22
2019-10-19,8.23,72,33
2019-10-24,5.29,72,32
2019-10-27,4.54,72,20
2019-11-01,4.21,72,21
2019-06-11,1.54,70,246
2019-06-16,1.0,70,244
2019-07-01,9.84,70,243
2019-07-29,1.76,70,249
2019-08-28,0.91,70,245
2019-08-30,0.81,70,247
2019-09-04,0.63,71,0
2019-09-22,0.73,70,241
2019-10-14,32.1,70,242
2019-10-17,1.57,70,248
2019-05-30,1.06,77,198
2019-06-09,0.78,77,188
2019-06-11,0.71,77,193
2019-06-24,0.77,77,194
2019-08-23,0.59,77,195
2019-08-25,0.54,77,189
2019-08-28,0.52,77,192
2019-09-04,0.39,77,196
2019-09-24,0.4,77,190
2019-10-14,0.45,77,191
2019-10-22,0.57,77,199
2019-10-27,0.39,77,197
2019-05-01,1.92,78,230
2019-06-12,1.61,78,229
2019-06-30,1.4,78,228
2019-07-20,2.62,78,234
2019-08-11,1.54,78,233
2019-08-24,1.62,78,231
2019-08-26,1.45,78,232
2019-06-03,0.95,58,66
2019-06-15,0.63,58,72
2019-06-25,0.41,58,68
2019-06-30,0.45,58,67
2019-09-01,0.12,58,70
2019-09-11,0.13,58,71
2019-09-21,0.11,58,69
2019-10-13,0.08,58,65
2019-10-18,0.07,58,73
2019-06-11,0.34,71,207
2019-06-16,0.29,71,204
2019-06-26,0.3,71,206
2019-07-29,1.98,71,205
2019-08-28,0.27,71,208
2019-09-04,0.17,71,211
2019-09-12,0.19,71,209
2019-09-22,0.15,71,201
2019-10-14,8.3,71,202
2019-10-17,0.86,71,210
2019-10-19,0.42,71,212
2019-10-27,0.43,71,203
2019-06-09,0.84,54,131
2019-06-12,0.54,54,126
2019-07-04,0.56,54,122
2019-07-29,1.61,54,125
2019-08-26,0.11,54,129
2019-08-28,0.1,54,128
2019-09-05,0.06,54,123
2019-09-15,0.09,54,117
2019-09-22,0.16,54,118
2019-10-17,0.11,54,119
2019-10-20,0.11,54,124
2019-10-25,0.14,54,120
2019-10-27,0.33,54,121
2019-11-01,0.09,54,130
2019-05-25,3.95,81,48
2019-05-25,1.12,81,59
2019-07-29,2.34,81,43
2019-07-29,1.5,81,54
2019-08-28,0.34,81,46
2019-08-28,0.27,81,57
2019-09-05,0.27,81,45
2019-09-05,0.23,81,56
2019-09-12,0.34,81,47
2019-09-12,0.28,81,58
2019-09-15,0.4,81,38
2019-09-15,0.41,81,49
2019-09-22,2.45,81,39
2019-09-22,1.0,81,50
2019-10-17,0.53,81,40
2019-10-17,1.84,81,51
2019-10-25,0.26,81,41
2019-10-25,0.31,81,52
2019-10-27,0.26,81,42
2019-10-27,0.34,81,53
2019-06-09,1.27,78,9
2019-06-24,1.12,78,8
2019-07-29,2.49,78,10
2019-08-23,0.55,78,11
2019-08-28,0.53,78,7
2019-09-22,0.35,78,12
2019-10-12,0.29,78,13
2019-10-27,0.26,78,14
2019-05-18,169.0,64,18
2019-06-09,85.2,64,24
2019-06-12,83.0,64,16
2019-07-29,371.0,64,15
2019-08-26,79.0,64,19
2019-08-28,74.0,64,20
2019-09-05,50.0,64,17
2019-09-12,47.0,64,21
2019-09-22,70.0,64,11
2019-10-17,64.4,64,22
2019-10-20,52.7,64,12
2019-10-25,49.4,64,13
2019-10-27,48.8,64,14
2019-05-18,3.59,68,234
2019-06-09,1.8,68,235
2019-07-29,5.52,68,232
2019-08-28,0.86,68,233
2019-09-22,3.6,68,230
2019-10-17,2.32,68,236
2019-10-27,0.67,68,231
2019-06-03,1.1,57,217
2019-06-05,1.81,57,218
2019-06-25,1.8,57,220
2019-06-30,0.96,57,216
2019-09-01,0.09,57,219
2019-09-21,0.07,57,215
2019-05-12,7.47,81,11
2019-05-30,6.94,81,7
2019-06-04,6.57,81,9
2019-06-09,6.22,81,8
2019-06-24,5.51,81,6
2019-08-05,4.07,81,10
2019-09-27,2.92,81,14
2019-10-14,2.95,81,12
2019-10-22,3.2,81,13
2019-06-09,1.63,74,42
2019-06-12,1.42,74,36
2019-06-27,1.19,74,41
2019-07-29,5.3,74,40
2019-08-23,0.62,74,46
2019-08-28,0.44,74,45
2019-09-05,0.28,74,43
2019-09-12,0.23,74,44
2019-09-22,0.23,74,37
2019-10-12,0.26,74,47
2019-10-20,0.44,74,38
2019-10-27,0.27,74,39
2019-06-25,4.2,56,125
2019-06-30,8.31,56,124
2019-07-25,8.49,56,126
2019-05-18,0.49,55,61
2019-06-27,0.46,55,60
2019-06-30,0.72,55,59
2019-07-25,1.46,55,62
2019-08-29,0.33,55,65
2019-09-05,0.32,55,66
2019-09-15,0.32,55,63
2019-06-11,50.6,70,122
2019-06-16,45.7,70,123
2019-07-01,65.8,70,117
2019-07-29,122.0,70,119
2019-08-18,61.3,70,120
2019-08-20,84.5,70,124
2019-08-28,44.6,70,118
2019-09-12,20.6,70,121
2019-09-22,23.7,70,112
2019-10-02,19.0,70,125
2019-10-14,34.7,70,113
2019-10-17,68.7,70,114
2019-10-27,25.2,70,115
2019-11-01,24.3,70,116
2019-06-11,2.07,70,12
2019-06-16,1.6,70,10
2019-06-26,1.28,70,9
2019-07-29,14.4,70,11
2019-08-28,1.18,70,13
2019-09-04,0.8,70,15
2019-09-12,0.78,70,14
2019-09-22,0.76,70,6
2019-10-14,23.7,70,7
2019-10-17,4.17,70,16
2019-10-19,1.97,70,17
2019-10-24,1.0,70,18
2019-10-27,0.93,70,8
2019-05-18,21.3,63,172
2019-05-25,12.4,63,177
2019-06-09,9.94,63,168
2019-06-12,9.25,63,179
2019-07-29,83.3,63,169
2019-08-26,3.41,63,176
2019-08-28,3.09,63,175
2019-09-05,2.56,63,170
2019-09-12,2.4,63,173
2019-09-15,2.63,63,171
2019-09-22,6.64,63,165
2019-10-17,3.82,63,178
2019-10-20,6.29,63,166
2019-10-27,5.3,63,167
2019-05-19,1.73,56,216
2019-05-24,1.31,56,220
2019-06-03,0.82,56,217
2019-06-05,0.77,56,219
2019-06-25,0.44,56,215
2019-06-30,0.61,56,213
2019-07-03,0.38,56,214
2019-09-01,0.15,56,218
2019-09-21,0.12,56,212
2019-05-24,8.81,57,232
2019-05-24,18.7,57,147
2019-06-05,16.5,57,230
2019-06-05,25.3,57,145
2019-06-25,17.0,57,229
2019-06-25,25.3,57,144
2019-06-30,13.1,57,228
2019-06-30,22.3,57,143
2019-09-01,0.9,57,231
2019-09-01,2.95,57,146
2019-09-21,0.95,57,227
2019-09-21,3.13,57,142
2019-05-18,17.0,65,118
2019-06-09,11.6,65,114
2019-07-29,26.8,65,116
2019-08-26,10.6,65,121
2019-08-28,10.7,65,120
2019-09-05,9.84,65,115
2019-09-12,9.89,65,122
2019-09-15,11.1,65,117
2019-09-22,10.3,65,111
2019-10-17,12.1,65,123
2019-10-20,10.4,65,112
2019-10-27,9.81,65,113
2019-05-18,2.08,66,179
2019-05-25,0.82,66,177
2019-06-09,0.36,66,172
2019-06-12,0.36,66,173
2019-07-29,1.52,66,171
2019-08-26,0.12,66,176
2019-08-28,0.12,66,174
2019-09-05,0.14,66,175
2019-09-12,0.2,66,178
2019-09-22,2.62,66,166
2019-10-17,0.17,66,180
2019-10-20,0.08,66,167
2019-10-25,0.1,66,168
2019-10-27,0.1,66,169
2019-06-25,0.67,56,113
2019-06-30,4.46,56,112
2019-05-20,3.48,80,181
2019-05-30,2.36,80,175
2019-06-04,1.57,80,174
2019-06-12,1.34,80,188
2019-06-22,0.99,80,187
2019-06-24,0.87,80,176
2019-07-19,1.07,80,182
2019-07-29,0.67,80,186
2019-08-18,0.36,80,184
2019-08-23,0.24,80,183
2019-08-26,0.19,80,179
2019-08-28,0.17,80,177
2019-09-05,0.15,80,180
2019-09-27,0.13,80,185
2019-05-01,5.34,80,52
2019-05-06,5.89,80,55
2019-06-05,4.24,80,46
2019-06-12,3.98,80,51
2019-06-22,3.49,80,56
2019-06-30,3.19,80,49
2019-07-20,4.27,80,48
2019-08-11,3.08,80,53
2019-08-24,3.47,80,47
2019-08-26,3.3,80,50
2019-08-29,3.15,80,54
2019-06-01,12.9,70,231
2019-06-11,10.5,70,236
2019-07-01,19.3,70,232
2019-07-04,9.53,70,237
2019-08-28,0.9,70,233
2019-08-30,0.66,70,234
2019-09-12,0.43,70,240
2019-09-22,0.75,70,227
2019-10-02,0.4,70,235
2019-10-14,17.4,70,228
2019-10-17,1.64,70,229
2019-10-24,0.53,70,238
2019-10-27,0.43,70,230
2019-11-01,0.35,70,239
2019-06-09,2.57,66,73
2019-06-12,1.53,66,80
2019-07-04,1.03,66,84
2019-07-29,1.83,66,87
2019-08-26,0.13,66,85
2019-08-28,0.13,66,83
2019-09-05,0.11,66,79
2019-09-12,0.11,66,82
2019-09-15,0.12,66,74
2019-09-22,0.12,66,75
2019-05-24,3.69,57,135
2019-06-03,2.45,57,133
2019-06-05,2.3,57,132
2019-06-25,1.33,57,130
2019-06-30,1.65,57,129
2019-07-03,1.32,57,131
2019-09-01,0.55,57,134
2019-09-21,0.41,57,128
2019-05-01,0.38,55,38
2019-05-18,0.32,55,39
2019-05-31,0.29,55,33
2019-06-05,0.3,55,34
2019-06-30,0.41,55,30
2019-08-29,0.11,55,36
2019-09-05,0.09,55,32
2019-09-15,0.11,55,35
2019-10-18,0.1,55,40
2019-10-20,0.09,55,31
2019-05-18,2.73,56,37
2019-06-05,1.3,56,41
2019-06-17,1.08,56,35
2019-06-25,0.81,56,32
2019-06-27,0.77,56,33
2019-06-30,2.15,56,36
2019-08-24,0.51,56,39
2019-09-05,0.66,56,38
2019-10-20,0.11,56,40
2019-05-30,3.34,76,9
2019-06-04,2.49,76,12
2019-06-09,2.17,76,11
2019-06-24,1.77,76,10
2019-07-19,2.54,76,14
2019-08-23,0.59,76,13
2019-09-27,0.56,76,15
2019-05-18,239.0,64,33
2019-06-12,155.0,64,29
2019-07-29,566.0,64,32
2019-08-26,134.0,64,31
2019-08-28,126.0,64,35
2019-09-05,87.2,64,30
2019-09-12,88.0,64,34
2019-09-22,120.0,64,25
2019-10-20,98.8,64,26
2019-10-25,96.3,64,27
2019-10-27,92.7,64,28
2019-05-18,9.97,67,112
2019-06-09,3.72,67,106
2019-07-29,7.61,67,110
2019-08-26,1.5,67,107
2019-08-28,1.35,67,109
2019-09-05,1.1,67,108
2019-09-22,3.26,67,101
2019-10-17,4.27,67,111
2019-10-20,1.79,67,102
2019-10-25,1.3,67,103
2019-10-27,1.35,67,104
2019-06-09,1.93,72,145
2019-08-23,1.43,72,146
2019-08-28,0.91,72,143
2019-09-22,0.64,72,141
2019-10-12,0.73,72,144
2019-10-27,0.66,72,142
2019-11-01,0.47,72,147
2019-06-12,683.0,64,150
2019-09-05,422.0,64,148
2019-10-20,575.0,64,149
2019-06-09,3.83,78,129
2019-06-12,3.54,78,131
2019-06-24,3.27,78,130
2019-07-29,3.92,78,137
2019-08-23,2.3,78,135
2019-08-26,2.2,78,136
2019-08-28,1.78,78,133
2019-09-05,1.4,78,125
2019-09-12,1.6,78,134
2019-09-22,1.5,78,126
2019-10-12,2.08,78,127
2019-10-20,1.63,78,128
2019-10-27,2.14,78,138
2019-05-30,0.55,80,222
2019-06-02,0.5,80,227
2019-06-04,0.48,80,224
2019-06-09,0.52,80,223
2019-06-22,0.46,80,226
2019-06-24,0.45,80,221
2019-08-26,0.18,80,225
2019-09-05,0.15,80,219
2019-09-27,0.15,80,218
2019-07-29,12.3,69,221
2019-08-28,3.22,69,222
2019-09-22,3.35,69,219
2019-10-17,3.34,69,223
2019-10-27,2.52,69,220
2019-05-01,1.2,78,172
2019-06-02,0.74,78,174
2019-06-12,0.46,78,176
2019-06-22,0.49,78,173
2019-06-30,0.39,78,170
2019-08-24,0.2,78,171
2019-08-26,0.16,78,175
2019-08-29,0.14,78,169
2019-09-05,0.1,78,167
2019-06-12,0.19,54,235
2019-08-26,0.18,54,238
2019-09-05,0.25,54,234
2019-09-15,0.25,54,237
2019-10-20,0.25,54,233
2019-06-25,7.63,55,157
2019-06-30,14.7,55,153
2019-07-25,21.2,55,155
2019-08-29,4.53,55,156
2019-09-05,4.22,55,154
2019-06-09,1.47,74,79
2019-06-12,1.38,74,74
2019-07-29,2.06,74,78
2019-08-26,0.62,74,82
2019-09-05,0.48,74,80
2019-09-12,0.52,74,84
2019-09-22,0.6,74,75
2019-10-12,0.61,74,83
2019-10-20,0.61,74,76
2019-10-25,0.67,74,85
2019-10-27,0.47,74,77
2019-05-01,53.8,59,4
2019-06-09,199.0,64,49
2019-06-12,27.8,59,11
2019-06-17,26.4,59,2
2019-06-25,25.0,59,0
2019-06-30,29.8,59,1
2019-07-29,909.0,64,45
2019-08-23,210.0,64,47
2019-08-24,17.2,59,3
2019-08-26,17.7,59,5
2019-08-28,178.0,64,46
2019-08-29,17.7,59,6
2019-09-05,22.1,59,9
2019-09-12,106.0,64,48
2019-09-22,106.0,64,43
2019-09-23,21.9,59,8
2019-10-20,30.0,59,10
2019-10-27,113.0,64,44
2019-07-04,12.1,68,12
2019-07-29,11.9,68,7
2019-08-28,3.78,68,8
2019-09-05,2.24,68,6
2019-09-15,2.26,68,2
2019-09-22,1.57,68,3
2019-10-17,6.56,68,4
2019-10-25,3.3,68,5
2019-10-27,2.68,68,10
2019-11-01,2.33,68,11
2019-05-19,2.16,60,107
2019-06-03,1.01,60,103
2019-06-20,0.55,60,105
2019-06-25,0.73,60,106
2019-06-30,0.56,60,104
2019-08-24,0.09,60,108
2019-08-27,0.08,60,110
2019-09-01,0.06,60,111
2019-09-11,0.033,60,113
2019-09-18,0.038,60,112
2019-09-23,0.033,60,109
2019-10-06,0.08,60,114
2019-10-13,0.09,60,101
2019-11-30,0.06,60,102
2019-05-18,46.5,55,184
2019-06-17,13.2,55,183
2019-06-27,20.7,55,182
2019-06-30,29.6,55,190
2019-07-25,29.3,55,191
2019-08-24,22.7,55,187
2019-09-05,13.4,55,185
2019-09-15,24.2,55,188
2019-10-20,9.15,55,189
2019-08-23,0.96,70,33
2019-08-28,0.42,70,32
2019-09-22,0.81,70,30
2019-10-27,0.33,70,31
2019-06-05,1.08,57,58
2019-06-20,0.53,57,55
2019-06-30,0.43,57,54
2019-09-18,0.09,57,57
2019-09-23,0.11,57,56
2019-06-03,8.91,62,148
2019-06-05,8.64,62,149
2019-06-23,7.56,62,151
2019-06-30,7.76,62,150
2019-08-27,6.74,62,146
2019-09-01,6.45,62,147
2019-05-14,1.78,62,133
2019-06-03,1.31,62,132
2019-06-05,1.22,62,129
2019-06-30,0.84,62,130
2019-08-27,0.46,62,131
2019-07-29,21.7,68,248
2019-08-28,2.44,68,249
2019-09-22,5.34,68,246
2019-10-17,4.76,69,0
2019-10-27,1.74,68,247
2019-05-19,2.28,60,90
2019-06-03,1.04,60,85
2019-06-05,1.23,60,89
2019-06-20,0.88,60,88
2019-06-30,0.55,60,86
2019-08-24,0.06,60,91
2019-08-27,0.06,60,93
2019-09-01,0.06,60,94
2019-09-11,0.046,60,95
2019-09-18,0.044,60,96
2019-09-23,0.035,60,92
2019-11-30,0.32,60,87
2019-05-01,2.6,59,205
2019-06-17,1.04,59,207
2019-06-25,0.9,59,206
2019-06-30,0.97,59,204
2019-08-24,0.39,59,209
2019-08-26,0.35,59,211
2019-08-29,0.31,59,210
2019-09-05,0.24,59,208
2019-09-23,0.22,59,213
2019-10-20,0.24,59,214
2019-07-04,5.85,68,87
2019-07-29,6.0,68,88
2019-08-28,1.58,68,90
2019-09-05,1.44,68,89
2019-09-15,1.22,68,83
2019-09-22,1.1,68,84
2019-10-17,2.16,68,85
2019-10-25,1.22,68,86
2019-06-09,24.0,72,230
2019-06-24,23.2,72,235
2019-07-29,34.1,72,232
2019-08-23,14.7,72,231
2019-08-28,13.3,72,234
2019-09-22,12.5,72,233
2019-10-12,11.8,72,236
2019-10-27,12.6,72,229
2019-06-03,6.64,60,133
2019-06-05,7.18,60,139
2019-06-30,2.83,60,134
2019-08-24,0.88,60,135
2019-08-27,0.9,60,136
2019-09-01,1.03,60,137
2019-09-11,0.46,60,138
2019-11-30,1.33,60,132
2019-05-19,0.38,57,211
2019-05-24,0.54,57,212
2019-06-03,0.39,57,213
2019-06-25,0.27,57,209
2019-06-30,0.26,57,208
2019-07-03,0.17,57,210
2019-09-01,0.14,57,214
2019-09-21,0.1,57,207
2019-07-29,48.4,69,192
2019-08-28,5.57,69,193
2019-09-22,5.78,69,190
2019-10-17,11.9,69,194
2019-10-27,4.46,69,191
2019-06-05,2.58,56,119
2019-06-25,1.64,56,118
2019-06-30,13.9,56,116
2019-07-25,10.2,56,117
2019-05-20,8.11,77,26
2019-06-04,4.25,77,24
2019-06-09,3.57,77,21
2019-06-12,3.57,77,23
2019-06-24,2.77,77,22
2019-08-23,1.33,77,25
2019-08-28,1.05,77,20
2019-09-05,0.79,77,19
2019-10-20,0.64,77,27
2019-06-11,7.57,72,205
2019-06-26,7.7,72,206
2019-08-18,6.85,72,207
2019-08-25,7.43,72,208
2019-08-28,6.8,72,204
2019-09-12,6.61,72,209
2019-09-22,6.87,72,200
2019-09-24,6.52,72,201
2019-10-14,7.58,72,202
2019-10-27,5.89,72,203
2019-05-01,1.26,60,54
2019-06-12,0.52,60,62
2019-06-17,0.46,60,55
2019-06-30,0.71,60,53
2019-08-24,0.19,60,58
2019-08-26,0.12,60,59
2019-08-29,0.1,60,57
2019-09-23,0.07,60,60
2019-10-13,0.08,60,63
2019-10-20,0.08,60,61
2019-06-03,2.54,62,179
2019-06-05,2.44,62,178
2019-06-23,2.3,62,180
2019-06-30,2.37,62,177
2019-08-24,2.06,62,181
2019-08-27,2.04,62,175
2019-09-01,2.02,62,176
2019-05-01,15.0,79,162
2019-06-05,13.8,79,165
2019-06-12,12.2,79,159
2019-06-30,13.7,79,160
2019-07-15,12.5,79,161
2019-08-24,12.8,79,163
2019-08-29,7.35,79,164
2019-06-11,0.67,69,168
2019-06-16,0.71,69,165
2019-07-01,6.6,69,166
2019-07-04,2.46,69,172
2019-07-29,4.46,69,167
2019-08-28,0.25,69,169
2019-08-30,0.23,69,171
2019-09-04,0.22,69,173
2019-09-12,0.3,69,170
2019-09-22,0.33,69,163
2019-10-07,0.21,69,175
2019-10-14,6.34,69,164
2019-10-17,0.68,69,174
2019-10-19,0.39,69,177
2019-10-24,0.26,69,176
2019-05-25,0.7,58,178
2019-06-09,0.58,58,170
2019-06-12,0.55,58,173
2019-06-27,0.53,58,172
2019-09-05,0.35,58,167
2019-09-12,0.33,58,175
2019-09-15,0.34,58,174
2019-09-22,0.35,58,168
2019-10-12,0.38,58,177
2019-10-20,0.36,58,176
2019-10-27,0.37,58,169
2019-06-03,0.63,62,225
2019-06-05,0.58,62,223
2019-06-23,0.42,62,224
2019-06-30,0.42,62,222
2019-08-24,0.26,62,226
2019-08-27,0.26,62,220
2019-09-01,0.26,62,221
2019-05-01,2.08,80,71
2019-05-06,3.51,80,73
2019-06-05,1.36,80,69
2019-06-07,1.24,80,74
2019-06-11,2.42,71,146
2019-06-12,1.11,80,68
2019-06-16,1.94,71,144
2019-06-26,1.29,71,143
2019-06-30,0.73,80,67
2019-07-15,0.77,80,75
2019-07-20,1.77,80,72
2019-07-29,11.9,71,145
2019-08-11,0.57,80,70
2019-08-26,0.62,80,66
2019-08-28,1.55,71,147
2019-09-04,1.12,71,149
2019-09-12,1.17,71,148
2019-09-22,1.04,71,140
2019-10-03,0.35,80,76
2019-10-14,26.2,71,141
2019-10-17,15.4,71,150
2019-10-19,2.53,71,151
2019-10-27,1.43,71,142
2019-06-11,0.85,81,33
2019-06-16,0.85,81,30
2019-07-04,4.1,81,36
2019-07-29,79.0,68,48
2019-07-29,2.72,81,31
2019-08-28,41.6,68,49
2019-08-28,0.95,81,35
2019-08-30,0.95,81,32
2019-09-05,32.8,68,51
2019-09-15,20.6,68,44
2019-09-22,16.4,68,45
2019-09-22,0.61,81,27
2019-10-14,15.3,81,34
2019-10-17,36.1,68,46
2019-10-17,2.1,81,28
2019-10-25,31.7,68,47
2019-10-27,31.9,68,52
2019-10-27,0.65,81,29
2019-11-01,27.9,68,53
2019-11-01,0.72,81,37
2019-06-11,2.42,71,53
2019-06-16,2.0,71,49
2019-06-26,1.63,71,48
2019-07-01,6.37,71,50
2019-07-29,7.2,71,51
2019-08-18,4.61,71,52
2019-08-20,3.2,71,54
2019-08-28,2.21,71,47
2019-08-30,1.93,71,56
2019-09-12,1.44,71,57
2019-09-22,1.36,71,42
2019-10-02,1.0,71,55
2019-10-14,10.5,71,43
2019-10-17,4.2,71,44
2019-10-27,1.08,71,45
2019-11-01,1.21,71,46
2019-06-09,2.05,78,143
2019-06-12,1.95,78,144
2019-07-29,2.06,78,145
2019-08-23,1.32,78,150
2019-08-26,0.95,78,147
2019-08-28,0.92,78,148
2019-09-05,0.79,78,139
2019-09-12,1.02,78,149
2019-09-22,1.01,78,140
2019-10-12,0.83,78,141
2019-10-20,0.74,78,142
2019-10-27,0.93,78,151
2019-05-20,8.86,76,240
2019-05-30,7.77,76,238
2019-06-12,6.74,76,233
2019-06-22,4.25,76,239
2019-06-24,4.08,76,237
2019-06-29,4.16,76,241
2019-08-23,4.28,76,242
2019-08-26,3.54,76,236
2019-08-28,3.01,76,234
2019-09-05,2.48,76,235
2019-06-12,1.66,55,87
2019-06-17,1.64,55,85
2019-06-27,1.39,55,86
2019-09-05,0.99,55,83
2019-09-15,0.92,55,88
2019-10-20,0.75,55,89
2019-06-11,17.8,77,41
2019-07-01,19.6,77,42
2019-08-20,39.6,77,38
2019-08-25,43.5,77,37
2019-09-24,11.8,77,36
2019-10-19,24.1,77,40
2019-10-24,20.7,77,39
2019-06-11,0.97,73,7
2019-06-26,0.83,73,2
2019-08-18,0.57,73,4
2019-08-25,0.56,73,5
2019-08-28,0.55,73,3
2019-09-12,0.48,73,6
2019-09-22,0.63,72,248
2019-09-24,0.57,72,249
2019-10-14,0.8,73,0
2019-10-27,0.64,73,1
2019-11-03,0.79,73,8
2019-05-18,2.46,67,193
2019-05-25,1.12,67,195
2019-06-09,0.54,67,189
2019-06-12,0.52,67,187
2019-07-29,1.49,67,188
2019-08-26,0.34,67,190
2019-08-28,0.3,67,191
2019-09-05,0.23,67,192
2019-09-22,1.65,67,183
2019-10-17,0.46,67,194
2019-10-20,0.45,67,184
2019-10-25,0.26,67,185
2019-10-27,0.3,67,186
2019-06-09,60.7,77,74
2019-06-11,61.8,77,79
2019-06-24,56.0,77,77
2019-07-01,47.0,77,78
2019-08-23,89.5,77,76
2019-08-25,87.5,77,75
2019-08-28,61.8,77,80
2019-09-24,30.6,77,72
2019-10-14,26.0,77,73
2019-05-18,0.95,56,53
2019-05-26,0.5,56,51
2019-06-17,0.36,56,50
2019-06-25,0.29,56,48
2019-06-27,0.27,56,43
2019-06-30,0.8,56,44
2019-07-25,0.74,56,54
2019-08-24,0.2,56,47
2019-08-29,0.12,56,46
2019-09-05,0.19,56,42
2019-09-15,0.13,56,49
2019-10-20,0.06,56,52
2019-06-03,43.8,61,10
2019-06-15,35.0,61,12
2019-06-25,31.6,61,7
2019-06-30,29.1,61,9
2019-07-25,35.8,61,8
2019-08-24,20.4,61,11
2019-08-27,18.0,61,13
2019-09-01,15.8,61,14
2019-09-11,19.4,61,16
2019-09-23,14.8,61,15
2019-05-18,5.44,56,177
2019-06-05,2.97,56,174
2019-06-12,29.2,54,13
2019-06-17,1.93,56,175
2019-06-27,1.77,56,170
2019-06-30,2.51,56,171
2019-07-25,5.02,56,173
2019-08-26,19.2,54,16
2019-09-05,13.5,54,15
2019-09-05,0.33,56,176
2019-09-15,15.7,54,14
2019-09-15,0.43,56,178
2019-10-20,17.9,54,12
2019-05-20,7.73,76,37
2019-05-30,4.84,76,32
2019-06-04,3.82,76,34
2019-06-09,3.09,76,31
2019-06-12,3.09,76,30
2019-06-24,2.02,76,33
2019-07-19,1.58,76,29
2019-08-23,0.89,76,38
2019-08-26,0.84,76,36
2019-08-28,0.78,76,35
2019-09-05,0.77,76,28
2019-09-27,0.76,76,39
2019-06-25,0.25,63,82
2019-06-30,1.05,63,80
2019-07-25,1.44,63,81
2019-06-12,3.85,59,105
2019-06-17,3.7,59,107
2019-06-27,2.98,59,106
2019-09-05,1.59,59,104
2019-09-15,1.52,59,108
2019-10-20,1.9,59,110
2019-06-04,0.34,75,171
2019-06-09,0.55,75,172
2019-06-24,0.59,75,173
2019-08-23,0.08,75,174
2019-09-27,2.17,75,175
2019-06-03,0.62,62,84
2019-09-01,0.07,62,86
2019-09-11,0.06,62,85
2019-05-01,5.98,79,62
2019-06-05,4.93,79,58
2019-06-12,4.51,79,60
2019-06-22,4.16,79,57
2019-06-30,3.59,79,59
2019-07-20,4.97,79,61
2019-08-24,3.37,79,55
2019-08-26,3.16,79,56
2019-08-29,2.92,79,63
2019-08-28,2.77,72,107
2019-09-22,1.96,72,105
2019-10-12,2.14,72,108
2019-10-27,2.13,72,106
2019-05-01,1.25,60,44
2019-05-31,0.78,60,49
2019-06-05,0.69,60,51
2019-06-12,0.6,60,46
2019-06-25,0.45,60,48
2019-06-27,0.43,60,43
2019-06-30,0.67,60,41
2019-08-24,0.15,60,45
2019-08-29,0.12,60,47
2019-09-05,0.12,60,40
2019-09-15,0.13,60,50
2019-10-20,0.15,60,52
2019-05-18,0.58,65,139
2019-05-25,0.27,65,133
2019-06-09,0.17,65,129
2019-06-12,0.13,65,131
2019-07-29,1.61,65,135
2019-08-18,0.042,65,132
2019-08-26,0.04,65,137
2019-08-28,0.022,65,138
2019-09-05,0.008,65,124
2019-09-12,0.008,65,134
2019-09-15,0.007,65,136
2019-09-22,0.007,65,125
2019-10-12,0.007,65,140
2019-10-17,0.018,65,141
2019-10-20,0.008,65,126
2019-10-25,0.007,65,142
2019-10-27,0.006,65,127
2019-11-01,0.007,65,128
2019-05-01,2.28,78,76
2019-06-12,1.1,78,78
2019-06-17,1.08,78,79
2019-06-25,0.93,78,77
2019-06-30,1.88,78,75
2019-08-24,0.59,78,80
2019-08-26,0.61,78,86
2019-08-29,0.56,78,82
2019-09-05,0.5,78,81
2019-09-23,0.27,78,83
2019-10-13,0.33,78,85
2019-10-20,0.28,78,84
2019-05-01,1.84,80,17
2019-06-02,2.02,80,11
2019-06-05,1.99,80,14
2019-06-12,1.91,80,10
2019-06-30,1.35,80,9
2019-07-15,1.46,80,15
2019-07-20,1.58,80,16
2019-08-24,1.32,80,12
2019-08-26,1.27,80,13
2019-05-14,0.78,62,145
2019-06-03,0.58,62,141
2019-06-05,0.52,62,143
2019-06-23,0.39,62,142
2019-06-30,0.45,62,140
2019-08-24,0.32,62,144
2019-08-27,0.32,62,138
2019-09-01,0.29,62,139
2019-05-18,4.8,55,223
2019-06-27,3.08,55,224
2019-06-30,5.57,55,219
2019-07-25,6.37,55,220
2019-09-05,1.73,55,222
2019-05-01,8.02,55,12
2019-05-11,6.53,55,10
2019-05-18,6.42,55,8
2019-05-31,4.99,55,4
2019-06-12,4.89,55,11
2019-06-25,4.77,55,14
2019-06-30,6.29,55,5
2019-08-26,6.35,55,15
2019-08-29,5.18,55,7
2019-09-05,4.77,55,6
2019-09-15,4.34,55,13
2019-10-20,2.8,55,3
2019-06-07,1.38,73,174
2019-06-09,1.28,73,172
2019-06-12,1.28,73,169
2019-06-22,1.29,73,170
2019-06-24,1.1,73,176
2019-08-23,1.0,73,171
2019-08-26,0.87,73,175
2019-08-28,0.85,73,165
2019-09-05,0.79,73,166
2019-09-22,0.8,73,173
2019-10-12,0.69,73,177
2019-10-20,1.25,73,167
2019-10-27,0.69,73,168
2019-06-16,53.5,70,68
2019-07-01,33.3,70,67
2019-07-29,57.1,70,69
2019-08-28,15.0,70,70
2019-08-30,14.1,70,71
2019-09-04,13.8,70,72
2019-09-22,11.1,70,65
2019-10-14,58.1,70,66
2019-10-17,13.1,70,73
2019-05-24,1.1,58,29
2019-06-03,8.5,58,28
2019-06-05,8.4,58,27
2019-06-25,1.5,58,24
2019-06-30,3.6,58,25
2019-07-03,1.4,58,30
2019-09-01,0.9,58,26
2019-09-21,0.8,58,23
2019-06-11,55.8,70,132
2019-06-16,47.8,70,134
2019-07-01,80.0,70,131
2019-07-29,145.0,70,136
2019-08-20,85.3,70,135
2019-08-28,53.0,70,137
2019-08-30,37.1,70,138
2019-09-12,24.7,70,133
2019-09-22,26.5,70,126
2019-10-14,35.6,70,127
2019-10-17,87.1,70,128
2019-10-27,29.2,70,129
2019-11-01,26.8,70,130
2019-06-03,7.14,63,21
2019-06-05,5.91,63,22
2019-06-23,5.29,63,20
2019-06-30,5.05,63,23
2019-08-24,4.6,63,24
2019-08-27,4.42,63,18
2019-09-01,4.48,63,19
2019-05-18,1.94,58,185
2019-06-12,0.98,58,182
2019-06-27,0.84,58,181
2019-09-05,0.49,58,179
2019-09-15,0.48,58,183
2019-10-20,0.47,58,184
2019-05-01,3.84,79,46
2019-06-05,3.12,79,47
2019-06-12,2.89,79,45
2019-06-22,2.54,79,50
2019-06-30,2.32,79,44
2019-07-20,2.7,79,52
2019-08-11,2.07,79,49
2019-08-24,2.03,79,48
2019-08-26,1.95,79,51
2019-08-29,1.87,79,53
2019-10-03,1.36,79,54
2019-05-01,0.92,78,216
2019-06-22,0.6,78,215
2019-06-30,0.55,78,213
2019-08-24,0.64,78,214
2019-08-26,0.52,78,217
2019-09-05,0.18,78,218
2019-05-01,3.02,79,177
2019-06-02,2.34,79,178
2019-06-05,2.29,79,180
2019-06-12,1.86,79,176
2019-06-30,1.12,79,183
2019-08-24,0.58,79,179
2019-08-26,0.54,79,181
2019-08-29,0.46,79,182
2019-06-25,0.39,56,115
2019-06-30,6.31,56,114
2019-06-09,14.5,72,225
2019-06-11,13.9,72,222
2019-06-24,13.0,72,224
2019-06-26,13.4,72,223
2019-08-23,11.0,72,226
2019-08-25,9.94,72,227
2019-08-28,9.64,72,228
2019-10-14,12.0,72,220
2019-10-27,9.94,72,221
2019-06-09,1.35,78,47
2019-06-12,1.35,78,46
2019-06-22,1.16,78,48
2019-06-24,1.1,78,55
2019-08-23,0.57,78,54
2019-08-28,0.5,78,50
2019-09-05,0.47,78,49
2019-09-12,0.53,78,51
2019-09-22,0.47,78,52
2019-10-20,0.44,78,53
2019-06-03,0.4,57,76
2019-06-05,0.38,57,84
2019-06-15,0.36,57,80
2019-06-25,0.3,57,75
2019-06-30,0.27,57,77
2019-09-01,0.07,57,81
2019-09-11,0.12,57,82
2019-09-21,0.08,57,79
2019-10-13,0.07,57,74
2019-10-18,0.019,57,78
2019-11-30,0.1,57,83
2019-05-18,1.18,67,179
2019-05-25,0.71,67,180
2019-06-09,0.33,67,174
2019-06-12,0.35,67,176
2019-07-29,0.95,67,173
2019-08-26,0.23,67,178
2019-08-28,0.23,67,177
2019-09-05,0.18,67,175
2019-09-22,0.37,67,168
2019-10-17,0.53,67,181
2019-10-20,0.23,67,169
2019-10-25,0.18,67,170
2019-10-27,0.18,67,171
2019-06-09,1.56,73,61
2019-06-11,1.55,73,60
2019-06-26,1.43,73,58
2019-08-18,0.95,73,63
2019-08-23,1.03,73,65
2019-08-25,0.84,73,59
2019-08-28,0.62,73,52
2019-09-04,0.75,73,53
2019-09-12,1.02,73,64
2019-09-22,0.62,73,54
2019-09-24,0.62,73,55
2019-10-12,1.0,73,62
2019-10-14,0.69,73,56
2019-10-27,1.03,73,57
2019-07-04,2.04,68,95
2019-07-04,4.47,68,105
2019-07-29,1.33,68,96
2019-07-29,2.24,68,106
2019-08-28,0.4,68,99
2019-08-28,0.95,68,109
2019-09-05,0.35,68,98
2019-09-05,0.83,68,107
2019-09-15,0.44,68,94
2019-09-15,0.87,68,103
2019-09-22,0.68,68,91
2019-09-22,0.95,68,104
2019-10-17,0.75,68,92
2019-10-17,2.55,68,101
2019-10-25,0.42,68,93
2019-10-25,1.32,68,102
2019-10-27,0.32,68,100
2019-10-27,1.0,68,110
2019-11-01,0.97,68,111
2019-07-04,1.17,68,213
2019-07-29,0.97,68,212
2019-08-28,0.27,68,215
2019-09-22,0.29,68,210
2019-10-17,0.32,68,211
2019-10-27,0.24,68,214
2019-11-01,0.21,68,216
2019-07-29,62.3,69,198
2019-08-28,8.12,69,197
2019-09-12,6.77,69,199
2019-09-22,8.89,69,195
2019-10-27,5.84,69,196
2019-05-18,2.69,65,94
2019-05-25,2.28,65,89
2019-06-09,1.41,65,86
2019-06-12,1.43,65,87
2019-07-29,5.27,65,88
2019-08-28,1.22,65,93
2019-09-05,1.2,65,85
2019-09-12,1.1,65,92
2019-09-15,1.03,65,90
2019-09-22,0.83,65,82
2019-10-20,0.9,65,84
2019-10-27,0.91,65,83
2019-06-12,1.58,59,151
2019-06-17,1.49,59,152
2019-09-05,0.41,59,153
2019-10-20,0.32,59,155
2019-06-12,7.44,54,149
2019-08-26,3.75,54,152
2019-09-05,3.08,54,150
2019-09-15,3.99,54,151
2019-10-20,5.28,54,148
2019-06-05,1.37,56,145
2019-06-25,1.18,56,144
2019-06-30,2.89,56,143
2019-07-25,3.59,56,146
2019-06-27,1.19,57,19
2019-06-30,1.33,57,20
2019-08-24,0.73,57,24
2019-08-26,0.7,57,25
2019-09-05,0.71,57,22
2019-09-23,0.72,57,23
2019-05-14,5.08,62,67
2019-06-03,4.01,62,68
2019-06-05,3.98,62,66
2019-06-15,3.07,62,65
2019-06-30,2.7,62,64
2019-08-24,2.83,62,69
2019-09-01,2.32,62,71
2019-09-11,2.31,62,70
2019-06-04,6.59,78,5
2019-06-09,4.64,77,249
2019-06-12,4.97,78,2
2019-06-22,3.99,78,1
2019-06-24,4.06,78,0
2019-08-23,2.84,78,4
2019-08-28,2.15,78,3
2019-09-05,1.6,77,248
2019-10-20,1.23,78,6
2019-05-18,3.39,66,134
2019-05-25,2.6,66,132
2019-06-09,2.21,66,123
2019-06-12,1.38,66,126
2019-07-29,1.49,66,125
2019-08-26,0.14,66,129
2019-08-28,0.14,66,130
2019-09-05,0.11,66,124
2019-09-12,0.17,66,131
2019-09-15,0.21,66,128
2019-09-22,0.22,66,120
2019-10-17,0.16,66,133
2019-10-20,0.36,66,121
2019-10-27,0.45,66,122
2019-05-19,2.09,57,205
2019-06-03,2.51,57,203
2019-06-05,5.17,57,206
2019-06-25,6.61,57,202
2019-06-30,4.58,57,201
2019-09-01,0.64,57,204
2019-09-21,0.51,57,200
2019-06-09,6.66,78,93
2019-06-12,5.9,78,94
2019-06-24,4.05,78,101
2019-07-29,3.6,78,96
2019-08-23,3.14,78,95
2019-08-26,2.24,78,97
2019-08-28,2.04,78,100
2019-09-05,1.63,78,88
2019-09-12,1.63,78,99
2019-09-22,1.42,78,89
2019-10-12,1.4,78,90
2019-10-20,1.4,78,91
2019-10-27,1.85,78,92
2019-05-01,15.1,80,60
2019-05-06,18.3,80,62
2019-05-19,12.2,58,46
2019-06-03,6.48,58,43
2019-06-05,10.0,80,63
2019-06-07,9.3,80,65
2019-06-12,8.3,80,57
2019-06-15,4.86,58,44
2019-06-25,4.16,58,39
2019-06-30,6.76,58,42
2019-06-30,6.84,80,58
2019-07-20,14.5,80,64
2019-08-11,6.98,80,61
2019-08-26,8.19,80,59
2019-09-11,3.28,58,41
2019-09-21,3.18,58,40
2019-10-13,2.72,58,38
2019-10-18,2.71,58,45
2019-06-03,4.81,62,242
2019-06-23,4.0,62,240
2019-06-30,3.99,62,241
2019-08-27,3.52,62,238
2019-09-01,3.34,62,239
2019-07-04,6.18,68,155
2019-07-29,16.5,68,156
2019-09-15,2.39,68,151
2019-09-22,4.38,68,152
2019-10-17,4.67,68,153
2019-10-25,2.67,68,154
2019-05-01,0.62,60,197
2019-06-02,0.87,60,202
2019-06-05,0.88,60,196
2019-06-22,0.8,60,195
2019-06-30,0.47,60,193
2019-08-24,0.25,60,194
2019-08-26,0.21,60,198
2019-08-29,0.13,60,201
2019-09-05,0.13,60,200
2019-06-03,1.28,58,163
2019-09-01,0.66,58,166
2019-09-11,0.56,58,165
2019-09-21,0.71,58,164
2019-05-20,11.6,77,33
2019-06-09,4.77,77,30
2019-06-12,4.56,77,31
2019-06-24,3.42,77,35
2019-08-23,2.41,77,32
2019-08-28,2.0,77,29
2019-09-05,1.4,77,28
2019-09-12,1.53,77,34
2019-06-25,60.8,54,34
2019-06-30,98.0,54,32
2019-07-25,415.0,54,33
2019-08-24,69.7,54,35
2019-06-09,8.94,77,160
2019-06-11,8.71,77,159
2019-06-24,8.64,77,161
2019-07-01,7.88,77,164
2019-08-25,2.86,77,158
2019-08-28,2.57,77,162
2019-09-24,2.06,77,156
2019-10-14,1.71,77,157
2019-10-27,1.89,77,163
2019-05-20,3.61,76,65
2019-05-30,3.2,76,64
2019-06-04,2.8,76,62
2019-06-09,2.52,76,63
2019-06-12,2.43,76,67
2019-06-24,1.9,76,61
2019-08-23,0.72,76,70
2019-08-26,0.65,76,66
2019-08-28,0.63,76,68
2019-09-05,0.52,76,60
2019-09-27,0.47,76,69
2019-05-20,173.0,77,107
2019-06-04,121.0,77,110
2019-06-09,105.0,77,109
2019-06-12,90.9,77,103
2019-06-22,84.3,77,104
2019-06-24,85.4,77,106
2019-08-23,115.0,77,105
2019-08-28,100.0,77,108
2019-09-05,69.3,77,102
2019-06-26,1.84,72,171
2019-08-18,1.9,72,172
2019-08-25,2.02,72,173
2019-08-28,1.84,72,166
2019-09-12,1.63,72,174
2019-09-22,1.45,72,167
2019-09-24,1.39,72,168
2019-10-14,1.57,72,169
2019-10-24,1.39,72,176
2019-10-27,1.37,72,170
2019-11-01,1.31,72,177
2019-11-03,1.54,72,175
2019-05-18,1.63,69,112
2019-05-25,1.49,69,114
2019-06-09,1.48,69,107
2019-06-12,1.48,69,99
2019-06-12,1.51,72,88
2019-06-27,1.3,69,106
2019-07-29,3.84,69,105
2019-08-23,1.83,69,113
2019-08-23,13.0,72,94
2019-08-26,1.72,69,108
2019-08-26,2.31,72,91
2019-08-28,1.67,69,110
2019-08-28,2.39,72,90
2019-09-05,1.54,69,109
2019-09-05,1.71,72,89
2019-09-12,1.49,69,111
2019-09-22,1.43,69,101
2019-09-22,1.03,72,84
2019-10-12,1.29,69,116
2019-10-12,1.07,72,93
2019-10-17,1.48,69,115
2019-10-20,1.33,69,102
2019-10-20,1.13,72,85
2019-10-25,1.25,69,103
2019-10-25,1.05,72,86
2019-10-27,1.23,69,104
2019-10-27,1.01,72,87
2019-05-20,20.8,80,168
2019-05-30,14.6,80,159
2019-06-04,9.92,80,167
2019-06-12,6.8,80,160
2019-06-22,5.52,80,161
2019-06-24,5.42,80,162
2019-07-19,5.57,80,171
2019-07-29,5.59,80,172
2019-08-18,5.82,80,163
2019-08-23,4.75,80,165
2019-08-26,4.32,80,166
2019-08-28,4.23,80,164
2019-09-05,3.46,80,169
2019-09-27,2.62,80,170
2019-07-29,84.2,69,207
2019-08-28,11.4,69,208
2019-09-12,9.18,69,209
2019-09-22,11.3,69,205
2019-10-17,25.4,69,210
2019-10-27,8.32,69,206
2019-06-03,1.84,61,249
2019-06-15,1.52,61,242
2019-06-30,1.24,61,244
2019-07-25,0.96,61,241
2019-08-24,0.7,61,243
2019-08-27,0.69,61,245
2019-09-01,0.63,61,246
2019-09-11,0.41,61,248
2019-09-23,0.31,61,247
2019-06-03,82.8,59,66
2019-06-25,54.6,59,64
2019-06-30,52.2,59,67
2019-07-25,68.7,59,65
2019-08-27,34.8,59,70
2019-09-01,31.8,59,69
2019-09-11,32.3,59,71
2019-09-23,30.5,59,68
2019-10-18,35.5,59,72
2019-05-18,2.25,55,141
2019-06-30,0.42,55,139
2019-07-25,1.49,55,138
2019-08-29,0.15,55,143
2019-09-05,0.13,55,140
2019-06-03,1.24,60,185
2019-06-05,1.11,60,190
2019-06-15,1.0,60,191
2019-06-25,0.19,60,184
2019-06-30,0.48,60,183
2019-08-24,0.28,60,192
2019-08-27,0.23,60,186
2019-09-01,0.24,60,187
2019-09-11,0.23,60,189
2019-09-23,0.16,60,188
2019-06-09,0.87,73,181
2019-06-24,1.11,73,180
2019-07-29,0.75,73,183
2019-08-23,0.2,73,182
2019-08-28,0.18,73,178
2019-09-22,0.18,73,184
2019-10-12,0.2,73,185
2019-10-27,0.45,73,179
2019-05-20,3.0,76,192
2019-05-30,3.0,76,191
2019-06-09,2.52,76,190
2019-06-12,2.34,76,188
2019-06-24,1.95,76,189
2019-08-26,1.27,76,185
2019-08-28,1.11,76,186
2019-09-05,0.88,76,187
2019-09-27,0.93,76,193
2019-05-25,0.57,64,237
2019-06-09,0.58,64,238
2019-06-12,0.43,64,232
2019-08-26,0.17,64,234
2019-08-28,0.16,64,236
2019-09-05,0.13,64,231
2019-09-12,0.14,64,240
2019-09-15,0.13,64,233
2019-09-22,0.18,64,228
2019-10-17,0.17,64,239
2019-10-20,1.0,64,229
2019-10-27,0.31,64,230
2019-11-01,0.16,64,241
2019-06-03,1.54,63,12
2019-06-05,1.39,63,16
2019-06-18,0.96,63,15
2019-06-20,0.86,63,9
2019-06-23,0.86,63,13
2019-06-30,0.71,63,10
2019-07-20,0.72,63,11
2019-08-24,0.62,63,17
2019-08-27,0.56,63,7
2019-09-01,0.5,63,8
2019-09-11,1.73,63,14
2019-05-01,5.77,60,15
2019-05-31,2.8,60,13
2019-06-12,2.21,60,11
2019-06-17,2.26,60,10
2019-06-25,2.23,60,12
2019-06-27,1.66,60,9
2019-06-30,4.13,60,7
2019-08-24,0.97,60,14
2019-08-29,0.66,60,16
2019-09-05,0.55,60,6
2019-10-13,0.41,60,18
2019-10-20,0.48,60,17
2019-05-24,5.49,58,14
2019-05-24,1.17,58,53
2019-06-03,3.64,58,11
2019-06-03,0.87,58,50
2019-06-05,4.91,58,10
2019-06-05,1.18,58,49
2019-06-25,2.58,58,9
2019-06-25,0.71,58,48
2019-06-30,3.35,58,8
2019-06-30,0.78,58,47
2019-07-03,1.63,58,15
2019-07-03,0.39,58,54
2019-09-01,0.44,58,12
2019-09-01,0.09,58,51
2019-09-21,0.56,58,13
2019-09-21,0.15,58,52
2019-05-18,0.32,65,8
2019-06-12,0.26,65,4
2019-08-26,0.11,65,9
2019-09-05,0.09,65,6
2019-09-15,0.14,65,5
2019-10-20,0.11,65,3
2019-06-09,0.64,73,137
2019-06-11,0.58,73,129
2019-06-26,0.58,73,132
2019-07-29,0.76,73,130
2019-08-23,0.25,73,136
2019-08-25,0.22,73,131
2019-08-28,0.19,73,133
2019-09-22,0.1,73,134
2019-09-24,0.12,73,126
2019-10-12,0.17,73,135
2019-10-14,0.17,73,127
2019-10-27,0.2,73,128
2019-06-09,0.94,69,6
2019-06-12,0.89,69,1
2019-06-27,0.67,69,5
2019-07-29,4.13,69,7
2019-08-23,0.78,69,9
2019-08-26,0.66,69,10
2019-08-28,0.61,69,8
2019-09-22,0.48,69,2
2019-10-12,0.71,69,12
2019-10-20,0.72,69,3
2019-10-25,0.67,69,13
2019-10-27,0.66,69,4
2019-07-29,0.42,69,151
2019-08-23,0.4,69,150
2019-08-26,0.28,69,154
2019-08-28,0.27,69,153
2019-09-05,0.24,69,149
2019-09-12,0.22,69,152
2019-09-22,0.22,69,146
2019-10-12,0.23,69,156
2019-10-20,0.22,69,147
2019-10-25,0.22,69,157
2019-10-27,0.22,69,148
2019-06-09,665.0,64,122
2019-06-22,547.0,64,121
2019-06-24,535.0,64,120
2019-08-23,573.0,64,127
2019-08-28,538.0,64,126
2019-09-05,386.0,64,123
2019-09-12,337.0,64,125
2019-09-22,313.0,64,124
2019-06-09,1.91,69,76
2019-06-12,1.79,69,69
2019-06-27,1.56,69,77
2019-07-29,5.0,69,70
2019-08-23,2.92,69,75
2019-08-26,1.53,69,72
2019-08-28,1.23,69,71
2019-09-05,0.91,69,73
2019-09-12,0.86,69,74
2019-09-22,0.68,69,66
2019-10-20,0.96,69,67
2019-10-27,0.79,69,68
2019-05-14,1.29,62,47
2019-06-03,0.87,62,43
2019-08-27,0.22,62,44
2019-09-01,0.17,62,45
2019-09-11,0.14,62,46
2019-06-20,1.66,60,98
2019-06-30,1.14,60,97
2019-08-24,0.45,60,99
2019-09-23,0.35,60,100
2019-06-05,0.67,56,135
2019-06-25,0.48,56,133
2019-06-30,2.37,56,132
2019-07-25,1.25,56,131
2019-08-24,0.35,56,134
2019-06-05,1.07,79,139
2019-06-15,0.93,79,142
2019-06-30,0.73,79,140
2019-08-24,1.19,79,141
2019-06-17,3.75,58,196
2019-06-27,3.6,58,195
2019-09-05,1.42,58,193
2019-09-15,1.35,58,197
2019-10-20,2.2,58,198
2019-05-18,4.37,67,99
2019-05-18,5.31,67,167
2019-05-25,3.6,67,165
2019-06-09,0.95,67,94
2019-06-09,2.39,67,160
2019-06-12,1.03,67,93
2019-06-12,1.73,67,159
2019-07-29,3.42,67,96
2019-07-29,4.43,67,161
2019-08-26,0.54,67,95
2019-08-26,0.84,67,162
2019-08-28,0.51,67,98
2019-08-28,0.71,67,164
2019-09-05,0.41,67,97
2019-09-05,0.42,67,163
2019-09-22,2.05,67,88
2019-09-22,0.79,67,154
2019-10-17,1.66,67,100
2019-10-17,2.52,67,166
2019-10-20,0.67,67,89
2019-10-20,1.13,67,155
2019-10-25,0.59,67,90
2019-10-25,0.67,67,156
2019-10-27,0.57,67,91
2019-10-27,0.54,67,157
2019-07-04,23.8,68,196
2019-07-29,47.6,68,195
2019-08-28,13.8,68,197
2019-09-22,38.0,68,193
2019-10-17,17.2,68,194
2019-11-01,17.2,68,198
2019-07-04,28.0,68,202
2019-07-29,48.3,68,201
2019-08-28,15.9,68,203
2019-09-22,29.7,68,199
2019-10-17,18.7,68,200
2019-11-01,15.9,68,204
2019-05-20,1.72,76,222
2019-05-30,1.21,76,220
2019-06-09,0.89,76,217
2019-06-12,0.89,76,216
2019-06-22,0.7,76,219
2019-06-24,0.51,76,218
2019-08-23,0.57,76,221
2019-08-26,0.44,76,213
2019-08-28,0.38,76,214
2019-09-05,0.22,76,215
2019-06-03,1.03,62,12
2019-08-27,0.21,62,13
2019-05-14,2.36,61,134
2019-06-03,2.82,61,133
2019-06-30,2.18,61,135
2019-08-24,1.33,61,130
2019-08-27,1.29,61,131
2019-09-01,1.18,61,132
2019-10-18,1.15,61,136
2019-10-31,1.14,61,137
2019-06-12,0.41,65,167
2019-08-26,0.64,65,166
2019-09-05,0.3,65,163
2019-09-15,0.19,65,165
2019-10-20,0.26,65,162
2019-05-20,11.8,74,173
2019-05-30,8.29,74,175
2019-06-04,7.13,74,172
2019-06-09,6.18,74,170
2019-06-11,6.01,74,177
2019-06-24,5.16,74,171
2019-08-23,3.27,74,179
2019-08-25,3.22,74,169
2019-08-28,3.26,74,174
2019-09-04,3.21,74,178
2019-09-24,3.21,74,176
2019-10-14,3.2,74,181
2019-10-27,3.11,74,180
2019-05-20,5.87,75,42
2019-05-30,3.1,75,41
2019-06-04,2.3,75,39
2019-06-09,1.87,75,37
2019-06-11,1.76,75,49
2019-06-24,1.31,75,40
2019-08-25,0.46,75,38
2019-08-28,0.5,75,43
2019-09-04,0.38,75,45
2019-09-24,0.36,75,44
2019-10-14,0.27,75,46
2019-10-22,0.31,75,48
2019-10-27,0.27,75,47
2019-06-12,0.19,54,184
2019-10-20,0.12,54,182
2019-05-01,2.87,59,116
2019-05-31,1.55,59,114
2019-06-12,1.19,59,123
2019-06-17,1.14,59,124
2019-06-25,0.95,59,112
2019-06-27,0.9,59,125
2019-06-30,1.61,59,120
2019-08-24,0.57,59,113
2019-08-29,0.55,59,119
2019-09-05,0.47,59,111
2019-09-15,0.34,59,118
2019-09-23,0.3,59,117
2019-10-13,0.27,59,122
2019-10-20,0.28,59,121
2019-07-04,3.69,68,171
2019-07-29,3.17,68,172
2019-08-28,1.18,68,174
2019-09-05,0.78,68,173
2019-09-15,0.77,68,167
2019-09-22,1.39,68,168
2019-10-17,2.19,68,169
2019-10-25,0.89,68,170
2019-10-27,0.89,68,176
2019-06-26,3.9,72,183
2019-08-18,4.03,72,186
2019-08-25,3.8,72,184
2019-08-28,3.76,72,182
2019-09-12,3.75,72,185
2019-09-22,3.74,72,180
2019-09-24,3.74,72,178
2019-10-14,3.9,72,179
2019-10-27,3.64,72,181
2019-11-03,3.61,72,187
2019-05-18,0.32,56,26
2019-06-17,0.2,56,25
2019-06-27,0.15,56,22
2019-06-30,0.37,56,23
2019-07-25,0.57,56,31
2019-08-24,0.15,56,30
2019-09-05,0.15,56,28
2019-09-15,0.11,56,27
2019-10-20,0.07,56,29
2019-06-11,1.44,71,65
2019-06-16,1.48,71,66
2019-07-01,2.36,71,63
2019-07-16,6.04,71,70
2019-07-29,11.0,71,64
2019-08-18,1.67,71,71
2019-08-20,2.06,71,68
2019-08-28,1.58,71,67
2019-09-12,1.28,71,69
2019-09-22,1.24,71,58
2019-10-14,1.91,71,59
2019-10-17,4.82,71,60
2019-10-27,1.62,71,61
2019-11-01,1.41,71,62
2019-05-19,217.0,54,75
2019-06-03,152.0,54,77
2019-06-05,153.0,54,82
2019-06-15,133.0,54,74
2019-06-25,91.8,54,81
2019-06-30,88.5,54,79
2019-09-01,75.2,54,73
2019-09-11,58.9,54,78
2019-09-21,82.8,54,72
2019-10-06,76.6,54,80
2019-10-13,62.3,54,71
2019-10-18,63.2,54,76
2019-06-09,1.43,72,129
2019-08-28,0.5,72,127
2019-09-22,0.56,72,125
2019-10-12,0.65,72,128
2019-10-27,0.65,72,126
2019-06-06,70.0,70,163
2019-06-11,75.5,70,162
2019-06-16,64.6,70,171
2019-06-26,49.6,70,161
2019-07-29,254.0,70,164
2019-08-23,96.3,70,168
2019-08-25,96.5,70,166
2019-08-28,74.5,70,165
2019-09-04,48.1,70,157
2019-09-12,40.6,70,167
2019-09-22,36.6,70,158
2019-09-24,42.8,70,169
2019-10-12,35.8,70,172
2019-10-14,47.7,70,159
2019-10-17,172.0,70,170
2019-10-27,49.9,70,160
2019-05-18,6.16,65,224
2019-05-25,6.25,65,230
2019-06-09,6.13,65,222
2019-06-12,5.94,65,227
2019-07-29,9.21,65,225
2019-08-28,5.15,65,231
2019-09-05,5.26,65,223
2019-09-12,5.37,65,229
2019-09-15,5.45,65,226
2019-09-22,5.15,65,219
2019-10-17,5.13,65,232
2019-10-20,4.51,65,220
2019-10-27,4.43,65,221
2019-05-18,1.24,59,103
2019-06-12,0.67,59,102
2019-06-17,0.67,59,97
2019-06-27,0.59,59,99
2019-09-05,0.27,59,96
2019-09-15,0.28,59,100
2019-10-20,0.22,59,101
2019-05-01,1.22,60,210
2019-06-02,1.6,60,203
2019-06-05,1.55,60,207
2019-06-22,1.2,60,208
2019-06-30,1.21,60,209
2019-08-24,0.82,60,211
2019-08-26,0.88,60,204
2019-08-29,0.94,60,205
2019-05-19,211.0,54,56
2019-06-03,151.0,54,51
2019-06-05,135.0,54,53
2019-06-15,103.0,54,60
2019-06-25,74.0,54,55
2019-06-30,80.5,54,52
2019-09-01,66.7,54,58
2019-09-11,49.1,54,54
2019-09-21,59.7,54,57
2019-10-06,72.6,54,61
2019-10-13,74.2,54,50
2019-10-18,60.7,54,59
2019-06-17,43.2,59,33
2019-06-20,42.0,59,31
2019-06-30,40.6,59,35
2019-08-24,25.0,59,32
2019-08-26,23.8,59,38
2019-09-23,22.8,59,34
2019-10-20,30.5,59,37
2019-06-03,68.2,61,19
2019-06-15,57.3,61,24
2019-06-25,51.3,61,20
2019-06-30,47.1,61,17
2019-07-25,57.2,61,18
2019-08-24,34.6,61,27
2019-08-27,31.0,61,21
2019-09-01,28.3,61,23
2019-09-11,32.8,61,25
2019-09-23,27.3,61,22
2019-10-18,25.5,61,26
2019-10-23,27.7,61,28
2019-06-04,1.78,77,236
2019-06-09,1.44,77,231
2019-06-12,1.29,77,237
2019-06-22,1.05,77,234
2019-06-24,1.03,77,235
2019-08-23,0.53,77,238
2019-08-28,0.46,77,232
2019-09-05,0.38,77,233
2019-10-20,0.5,77,239
2019-06-09,16.7,74,19
2019-06-12,16.1,74,18
2019-06-24,15.5,74,17
2019-08-26,13.6,74,23
2019-08-28,13.4,74,22
2019-09-05,13.0,74,12
2019-09-12,13.4,74,20
2019-09-22,14.3,74,13
2019-10-12,12.4,74,14
2019-10-20,12.6,74,15
2019-10-27,12.9,74,16
2019-05-01,26.1,79,5
2019-05-06,25.5,79,9
2019-06-05,18.3,79,6
2019-06-12,14.8,79,3
2019-06-22,12.2,79,10
2019-06-30,10.6,79,4
2019-07-20,13.2,79,12
2019-08-24,9.62,79,7
2019-08-26,9.27,79,8
2019-08-29,8.67,79,11
2019-05-01,2.02,80,42
2019-06-05,0.83,80,40
2019-06-12,0.69,80,39
2019-06-30,0.42,80,38
2019-07-20,1.19,80,41
2019-08-26,0.16,80,37
2019-05-19,12.1,58,34
2019-06-03,7.14,58,36
2019-06-05,7.54,58,35
2019-06-25,2.9,58,33
2019-06-30,6.31,58,32
2019-09-01,1.14,58,37
2019-09-21,1.1,58,31
2019-05-20,137.0,75,2
2019-06-04,122.0,75,8
2019-06-09,109.0,75,1
2019-06-12,100.0,75,0
2019-06-22,79.7,75,4
2019-06-24,76.0,75,3
2019-08-26,39.5,75,5
2019-08-28,36.8,75,6
2019-09-05,34.2,74,249
2019-09-27,34.0,75,7
2019-06-03,37.2,57,190
2019-06-05,40.7,57,194
2019-06-15,30.4,57,198
2019-06-25,23.0,57,193
2019-06-30,39.6,57,191
2019-09-01,15.1,57,196
2019-09-11,13.0,57,195
2019-09-21,12.2,57,192
2019-10-06,12.3,57,197
2019-10-13,11.5,57,189
2019-10-18,11.3,57,199
2019-06-11,0.14,71,195
2019-06-16,0.07,71,193
2019-07-01,0.27,71,194
2019-07-29,0.64,71,196
2019-08-28,0.15,71,197
2019-09-04,0.07,71,200
2019-09-12,0.06,71,198
2019-09-22,0.04,71,191
2019-10-14,5.68,71,192
2019-10-17,0.36,71,199
2019-05-20,2.75,75,103
2019-05-30,1.52,75,93
2019-06-04,1.21,75,92
2019-06-09,1.21,75,94
2019-06-24,1.01,75,89
2019-07-31,0.61,75,96
2019-08-05,0.5,75,90
2019-08-23,0.41,75,97
2019-08-25,0.37,75,91
2019-08-28,0.32,75,95
2019-08-30,0.28,75,100
2019-09-04,0.29,75,105
2019-09-24,0.42,75,98
2019-09-27,0.37,75,99
2019-10-14,0.5,75,101
2019-10-22,0.64,75,104
2019-10-27,0.61,75,102
2019-07-29,154.0,68,62
2019-07-29,4.56,68,220
2019-07-29,1.17,68,227
2019-08-28,68.9,68,63
2019-08-28,0.96,68,221
2019-08-28,0.27,68,228
2019-09-12,37.7,68,64
2019-09-12,0.85,68,222
2019-09-12,0.23,68,229
2019-09-22,46.6,68,59
2019-09-22,1.19,68,217
2019-09-22,0.26,68,224
2019-10-17,73.1,68,60
2019-10-17,1.23,68,218
2019-10-17,0.3,68,225
2019-10-27,44.3,68,61
2019-10-27,0.73,68,219
2019-10-27,0.18,68,226
2019-11-01,0.82,68,223
2019-07-04,23.2,68,21
2019-07-29,19.2,68,17
2019-09-22,5.22,68,14
2019-10-17,12.0,68,15
2019-10-25,6.41,68,16
2019-10-27,5.5,68,22
2019-07-04,38.7,68,31
2019-07-29,33.3,68,27
2019-08-28,10.2,68,29
2019-09-05,7.34,68,30
2019-09-15,7.33,68,23
2019-09-22,8.94,68,24
2019-10-17,21.5,68,25
2019-10-25,10.9,68,26
2019-10-27,9.47,68,32
2019-05-18,47.9,55,173
2019-06-05,34.4,55,174
2019-06-17,11.5,55,179
2019-06-25,12.4,55,181
2019-06-27,19.5,55,168
2019-06-30,32.1,55,169
2019-07-25,26.6,55,171
2019-08-24,19.3,55,177
2019-08-29,27.2,55,175
2019-09-05,12.9,55,172
2019-09-15,27.0,55,176
2019-10-13,7.98,55,178
2019-10-20,8.08,55,180
2019-06-03,71.3,59,48
2019-06-30,47.6,59,47
2019-08-24,32.1,59,49
2019-08-27,30.3,59,50
2019-09-01,28.0,59,52
2019-09-11,28.7,59,51
2019-11-30,39.0,59,46
2019-05-19,0.68,60,177
2019-06-03,0.47,60,179
2019-06-15,0.34,60,180
2019-06-25,0.54,60,175
2019-06-30,0.5,60,178
2019-09-01,0.06,60,176
2019-09-21,0.08,60,182
2019-10-06,0.08,60,181
2019-10-13,0.09,60,174
2019-05-14,0.29,62,232
2019-06-03,0.27,62,230
2019-06-23,0.22,62,231
2019-06-30,0.21,62,229
2019-08-27,0.17,62,227
2019-09-01,0.15,62,228
2019-06-17,0.28,57,17
2019-06-27,0.23,57,13
2019-06-30,0.39,57,11
2019-08-24,0.08,57,14
2019-08-26,0.07,57,16
2019-09-23,0.044,57,15
2019-10-20,0.06,57,18
2019-06-09,3.2,74,118
2019-06-12,2.77,74,120
2019-06-24,2.26,74,125
2019-07-29,9.2,74,126
2019-08-23,2.88,74,127
2019-08-26,2.62,74,124
2019-08-28,1.44,74,121
2019-09-05,1.42,74,119
2019-09-12,1.66,74,123
2019-09-22,1.99,74,114
2019-10-12,1.71,74,115
2019-10-20,2.08,74,116
2019-10-27,1.97,74,117
2019-05-25,0.32,67,73
2019-06-09,0.32,67,67
2019-06-12,0.31,67,68
2019-08-26,0.38,67,69
2019-08-28,0.38,67,71
2019-09-05,0.38,67,70
2019-09-22,0.39,67,62
2019-10-17,0.4,67,72
2019-10-20,0.41,67,63
2019-10-25,0.38,67,64
2019-10-27,0.38,67,65
2019-05-14,0.38,61,115
2019-06-03,0.21,61,113
2019-06-05,0.2,61,119
2019-06-15,0.12,61,118
2019-06-30,0.09,61,112
2019-08-24,0.09,61,116
2019-08-27,0.08,61,114
2019-09-01,0.08,61,117
2019-06-03,1.78,62,20
2019-06-23,1.28,62,21
2019-07-18,0.92,62,17
2019-07-28,0.73,62,19
2019-08-27,0.66,62,18
2019-09-11,0.58,62,22
2019-06-09,1.44,77,138
2019-06-11,1.37,77,141
2019-06-24,1.37,77,140
2019-06-26,1.25,77,136
2019-07-01,1.31,77,135
2019-08-23,0.45,77,139
2019-08-25,0.44,77,137
2019-08-28,0.4,77,142
2019-09-24,0.28,77,133
2019-10-14,0.71,77,134
2019-10-27,0.36,77,143
2019-06-11,32.8,70,78
2019-06-16,55.0,70,79
2019-07-01,44.8,70,76
2019-07-29,64.8,70,77
2019-08-28,16.9,70,80
2019-08-30,16.2,70,81
2019-09-04,15.4,70,83
2019-09-12,11.5,70,82
2019-09-22,13.6,70,74
2019-10-07,10.3,70,85
2019-10-14,124.0,70,75
2019-10-17,17.6,70,84
2019-06-12,2.88,80,86
2019-06-22,2.57,80,87
2019-08-11,2.53,80,88
2019-08-26,2.21,80,89
2019-06-12,27.8,54,7
2019-08-26,19.7,54,11
2019-09-05,11.5,54,9
2019-09-15,12.3,54,8
2019-10-20,15.6,54,6
2019-05-18,2.36,56,76
2019-06-17,1.92,56,78
2019-06-25,2.11,56,71
2019-06-27,2.11,56,69
2019-06-30,3.09,56,70
2019-07-25,3.77,56,72
2019-08-24,2.01,56,73
2019-09-05,2.27,56,75
2019-09-15,2.61,56,74
2019-10-20,2.4,56,77
2019-06-17,0.46,60,65
2019-06-30,0.82,60,64
2019-08-24,0.1,60,70
2019-08-26,0.09,60,68
2019-08-29,0.12,60,67
2019-09-05,0.08,60,73
2019-09-23,0.08,60,69
2019-10-13,0.11,60,72
2019-10-20,0.09,60,71
2019-06-09,2.29,74,100
2019-06-12,2.21,74,101
2019-06-27,3.47,74,113
2019-07-29,9.55,74,107
2019-08-23,1.81,74,109
2019-08-26,1.3,74,108
2019-08-28,0.99,74,111
2019-09-05,0.79,74,102
2019-09-12,0.65,74,112
2019-09-22,0.62,74,103
2019-10-12,0.95,74,104
2019-10-20,0.89,74,105
2019-10-27,1.08,74,106
2019-06-11,0.71,73,15
2019-06-26,0.71,73,14
2019-08-18,0.54,73,18
2019-08-25,0.49,73,16
2019-08-28,0.45,73,9
2019-09-12,0.46,73,17
2019-09-22,0.68,73,10
2019-09-24,0.53,73,11
2019-10-14,0.98,73,12
2019-10-27,0.5,73,13
2019-11-03,0.52,73,19
2019-06-03,7.79,57,27
2019-06-15,4.34,57,29
2019-06-30,2.01,57,28
2019-09-01,0.62,57,33
2019-09-11,0.52,57,31
2019-09-21,0.49,57,30
2019-10-06,0.37,57,32
2019-10-13,0.36,57,26
2019-06-09,2.06,66,186
2019-06-12,1.76,66,188
2019-07-29,3.92,66,187
2019-08-26,0.52,66,189
2019-09-05,0.28,66,192
2019-09-12,0.39,66,190
2019-09-22,5.22,66,181
2019-10-17,1.96,66,191
2019-10-20,0.99,66,182
2019-10-25,0.63,66,183
2019-10-27,0.54,66,184
2019-05-20,19.6,76,114
2019-05-30,16.3,76,111
2019-05-30,33.1,75,210
2019-06-04,14.0,76,110
2019-06-04,29.1,75,212
2019-06-09,11.8,76,112
2019-06-09,22.2,75,214
2019-06-24,9.68,76,109
2019-06-24,12.2,75,209
2019-08-23,4.52,76,108
2019-08-23,4.32,75,211
2019-08-28,3.74,76,113
2019-09-27,2.54,76,115
2019-09-27,3.25,75,213
2019-05-20,151.0,75,17
2019-06-04,132.0,75,13
2019-06-09,118.0,75,10
2019-06-12,109.0,75,14
2019-06-22,84.5,75,16
2019-06-24,80.9,75,12
2019-08-23,45.6,75,15
2019-08-28,40.7,75,11
2019-09-05,37.0,75,9
2019-05-24,7.28,58,127
2019-06-03,5.92,58,125
2019-06-05,11.1,58,123
2019-06-25,5.45,58,121
2019-06-30,8.24,58,126
2019-07-23,40.3,58,122
2019-09-01,1.0,58,124
2019-09-21,1.14,58,120
2019-10-13,0.88,58,128
2019-06-11,3.04,72,12
2019-06-16,2.85,72,11
2019-06-26,2.56,72,7
2019-07-01,9.85,72,8
2019-07-16,5.19,72,13
2019-08-18,3.24,72,10
2019-08-20,3.24,72,14
2019-08-28,2.57,72,6
2019-09-12,2.19,72,9
2019-09-22,2.66,72,1
2019-10-02,2.06,72,15
2019-10-14,4.67,72,2
2019-10-17,8.51,72,3
2019-10-27,2.49,72,4
2019-11-01,2.42,72,5
2019-05-18,68.6,66,57
2019-05-25,29.2,66,62
2019-06-09,27.0,66,52
2019-06-12,23.1,66,53
2019-07-29,51.5,66,60
2019-08-26,4.16,66,58
2019-08-28,4.37,66,61
2019-09-05,3.56,66,51
2019-09-12,3.83,66,56
2019-09-15,4.08,66,54
2019-09-22,5.26,66,48
2019-10-17,4.17,66,59
2019-10-20,4.3,66,49
2019-10-27,4.99,66,50
2019-05-01,0.45,78,225
2019-06-05,0.05,78,224
2019-06-12,0.038,78,221
2019-06-22,0.008,78,222
2019-06-30,0.01,78,219
2019-08-24,0.005,78,220
2019-08-26,0.004,78,223
2019-08-29,0.003,78,226
2019-06-09,0.56,73,187
2019-06-24,0.62,73,188
2019-08-23,0.42,73,189
2019-08-28,0.24,73,186
2019-09-22,0.2,73,190
2019-10-12,0.2,73,191
2019-10-27,0.28,73,192
2019-05-01,7.55,55,113
2019-05-18,6.73,55,117
2019-05-31,4.46,55,110
2019-06-12,3.54,55,109
2019-06-17,3.4,55,108
2019-06-25,3.09,55,111
2019-06-27,2.93,55,107
2019-06-30,5.72,55,105
2019-08-24,2.68,55,112
2019-08-29,2.4,55,115
2019-09-05,2.3,55,104
2019-09-15,2.38,55,114
2019-10-20,2.33,55,116
2019-05-01,3.46,60,217
2019-06-02,3.45,60,215
2019-06-12,3.25,60,216
2019-06-22,2.93,60,214
2019-06-30,2.89,60,213
2019-08-24,2.09,60,212
2019-08-26,2.26,60,218
2019-09-05,2.48,60,219
2019-06-09,0.91,73,108
2019-06-11,0.85,73,104
2019-06-24,0.74,73,105
2019-06-26,0.72,73,103
2019-07-01,0.63,73,109
2019-08-18,0.31,73,111
2019-08-23,0.26,73,106
2019-08-25,0.24,73,107
2019-08-28,0.21,73,102
2019-09-24,0.15,73,101
2019-10-14,0.13,73,100
2019-10-27,0.12,73,110
2019-05-01,7.65,78,189
2019-06-02,4.3,78,195
2019-06-05,3.8,78,193
2019-06-12,3.06,78,188
2019-06-22,2.47,78,190
2019-06-30,2.2,78,186
2019-08-24,1.79,78,187
2019-08-26,1.58,78,191
2019-08-29,1.36,78,194
2019-09-05,1.11,78,192
2019-05-01,1.81,80,31
2019-05-06,2.69,80,32
2019-06-05,1.01,80,29
2019-06-12,0.67,80,34
2019-06-30,0.52,80,35
2019-07-15,0.66,80,33
2019-07-20,1.03,80,30
2019-08-11,0.42,80,36
2019-08-26,0.68,80,28
2019-06-09,1.74,77,165
2019-06-11,1.35,77,166
2019-06-24,1.47,77,171
2019-06-26,1.43,77,172
2019-07-01,1.22,77,170
2019-08-23,0.71,77,174
2019-08-25,0.63,77,173
2019-08-28,0.54,77,169
2019-09-24,0.36,77,167
2019-10-14,0.42,77,168
2019-10-27,0.49,77,175
2019-05-25,6.16,66,116
2019-06-09,5.0,66,108
2019-07-29,7.31,66,113
2019-08-26,1.12,66,111
2019-08-28,1.11,66,115
2019-09-05,0.99,66,112
2019-09-12,0.99,66,114
2019-09-15,1.08,66,109
2019-09-22,1.05,66,105
2019-10-17,1.17,66,117
2019-10-20,1.47,66,106
2019-10-25,1.19,66,118
2019-10-27,1.18,66,107
2019-11-01,1.15,66,119
2019-06-12,0.65,80,105
2019-08-11,0.12,80,107
2019-08-26,0.24,80,106
2019-06-07,0.49,74,150
2019-06-09,0.53,74,145
2019-06-12,1.04,74,149
2019-06-22,2.6,74,147
2019-06-24,2.23,74,148
2019-07-29,3.53,74,152
2019-08-01,3.11,74,151
2019-08-23,1.18,74,155
2019-08-26,0.48,74,153
2019-08-28,0.39,74,146
2019-09-05,0.52,74,141
2019-09-12,0.63,74,154
2019-09-22,0.64,74,142
2019-10-12,0.82,74,143
2019-10-20,0.99,74,144
2019-05-19,10.2,56,207
2019-06-03,5.91,56,210
2019-06-05,5.54,56,209
2019-06-25,3.42,56,206
2019-06-30,4.34,56,205
2019-07-03,3.32,56,208
2019-09-01,1.41,56,211
2019-09-21,1.42,56,204
2019-05-20,114.0,74,247
2019-06-04,98.8,74,244
2019-06-12,79.5,74,242
2019-06-22,59.1,74,246
2019-06-24,55.5,74,240
2019-08-23,23.1,74,245
2019-08-26,21.1,74,241
2019-08-28,18.9,74,243
2019-09-05,16.5,74,239
2019-09-27,21.4,74,248
2019-05-24,6.53,57,224
2019-06-05,11.5,57,226
2019-06-25,11.3,57,223
2019-06-30,7.79,57,222
2019-09-01,0.65,57,225
2019-09-21,0.55,57,221
2019-05-14,1.16,62,174
2019-06-03,0.55,62,169
2019-06-05,0.49,62,170
2019-06-23,0.35,62,172
2019-06-30,0.31,62,171
2019-08-24,0.2,62,173
2019-08-27,0.18,62,167
2019-09-01,0.15,62,168
2019-05-24,12.2,57,153
2019-06-03,17.4,57,154
2019-06-05,30.1,57,151
2019-06-25,26.5,57,150
2019-06-30,31.3,57,152
2019-07-03,12.7,57,155
2019-09-01,3.1,57,149
2019-09-21,3.2,57,148
2019-06-03,27.4,61,92
2019-06-05,25.8,61,95
2019-06-30,22.1,61,89
2019-08-24,14.0,61,90
2019-08-27,12.9,61,88
2019-09-01,13.1,61,93
2019-09-11,16.6,61,94
2019-10-23,11.8,61,96
2019-10-31,12.1,61,97
2019-11-30,20.2,61,91
2019-05-18,18.9,69,41
2019-05-25,11.9,69,40
2019-06-09,8.41,69,30
2019-06-12,8.39,69,32
2019-06-27,6.24,69,31
2019-07-29,27.6,69,34
2019-08-23,7.46,69,37
2019-08-26,6.96,69,35
2019-08-28,6.2,69,39
2019-09-05,5.03,69,33
2019-09-12,5.06,69,36
2019-09-22,4.94,69,26
2019-10-12,5.7,69,42
2019-10-17,8.86,69,43
2019-10-20,6.66,69,27
2019-10-25,6.15,69,28
2019-10-27,5.54,69,29
2019-05-20,17.7,76,146
2019-05-30,20.0,76,143
2019-06-09,17.0,76,142
2019-06-12,16.4,76,140
2019-06-22,12.4,76,144
2019-06-24,11.8,76,141
2019-08-23,11.6,76,145
2019-08-26,11.8,76,138
2019-08-28,11.8,76,139
2019-09-05,11.0,76,137
2019-09-27,9.22,76,147
2019-05-01,11.7,60,21
2019-06-17,5.65,60,20
2019-06-30,5.0,60,19
2019-08-24,1.64,60,25
2019-08-26,1.44,60,23
2019-08-29,1.33,60,27
2019-09-05,1.07,60,24
2019-09-23,1.19,60,26
2019-05-18,0.95,65,68
2019-05-25,0.5,65,67
2019-06-09,0.39,65,59
2019-06-12,0.31,65,62
2019-06-27,0.23,65,61
2019-07-29,1.35,65,63
2019-08-18,0.18,65,64
2019-08-26,0.27,65,70
2019-08-28,0.28,65,69
2019-09-05,0.13,65,54
2019-09-12,0.13,65,66
2019-09-15,0.17,65,65
2019-09-22,0.13,65,55
2019-10-07,0.13,65,71
2019-10-12,0.15,65,72
2019-10-17,0.12,65,73
2019-10-20,0.13,65,56
2019-10-27,0.11,65,57
2019-11-01,0.12,65,58
2019-05-20,15.2,74,188
2019-05-30,12.3,74,187
2019-06-04,9.37,74,184
2019-06-09,7.98,74,182
2019-06-11,7.75,74,191
2019-06-24,6.43,74,185
2019-08-23,3.7,74,189
2019-08-25,3.52,74,183
2019-08-28,3.36,74,186
2019-09-24,3.44,74,190
2019-10-14,3.38,74,192
2019-10-22,4.33,74,194
2019-10-27,3.69,74,193
2019-05-01,18.2,59,145
2019-06-17,8.87,59,139
2019-06-25,8.51,59,147
2019-06-30,11.5,59,141
2019-08-24,6.02,59,140
2019-08-26,5.42,59,146
2019-08-29,5.0,59,150
2019-09-05,4.61,59,142
2019-09-23,4.54,59,144
2019-10-13,4.67,59,148
2019-10-20,4.32,59,149
2019-05-18,1.64,64,227
2019-06-09,0.77,64,223
2019-08-26,0.17,64,226
2019-09-05,0.13,64,225
2019-09-15,0.13,64,224
2019-10-20,0.35,64,222
2019-06-03,0.95,63,38
2019-06-05,0.78,63,37
2019-06-23,0.69,63,35
2019-06-30,0.7,63,36
2019-08-24,0.65,63,39
2019-08-27,0.65,63,33
2019-09-01,0.64,63,34
2019-06-11,0.47,70,202
2019-06-16,0.33,70,192
2019-07-01,7.93,70,196
2019-07-04,4.1,70,197
2019-08-28,0.36,70,199
2019-08-30,0.33,70,198
2019-09-22,0.46,70,193
2019-10-02,0.21,70,200
2019-10-14,14.8,70,201
2019-10-17,1.5,70,194
2019-10-27,0.38,70,195
2019-11-01,0.24,70,203
2019-07-29,10.1,69,143
2019-09-12,1.91,69,144
2019-09-22,1.75,69,141
2019-10-17,2.06,69,145
2019-10-27,1.77,69,142
2019-06-03,179.0,54,87
2019-06-05,180.0,54,84
2019-06-18,136.0,54,85
2019-06-25,121.0,54,91
2019-06-30,119.0,54,92
2019-07-25,229.0,54,83
2019-09-01,84.8,54,89
2019-09-11,69.2,54,88
2019-09-21,76.4,54,86
2019-10-13,66.0,54,90
2019-05-18,165.0,64,3
2019-06-09,91.3,64,4
2019-06-12,86.3,64,1
2019-07-29,342.0,64,5
2019-08-26,65.9,64,9
2019-08-28,66.9,64,7
2019-09-05,46.6,64,2
2019-09-12,45.8,64,6
2019-09-22,64.0,63,247
2019-10-17,56.1,64,8
2019-10-20,50.1,63,248
2019-10-25,46.5,63,249
2019-10-27,46.6,64,0
2019-05-18,2.35,58,192
2019-06-12,1.48,58,189
2019-06-27,1.4,58,188
2019-09-05,0.78,58,186
2019-09-15,0.78,58,190
2019-10-20,1.43,58,191
2019-06-03,7.42,58,76
2019-06-25,3.06,58,77
2019-06-30,4.46,58,75
2019-07-23,17.7,58,78
2019-09-01,1.59,58,79
2019-09-21,1.91,58,74
2019-07-04,2.51,68,144
2019-07-29,2.62,68,145
2019-08-28,1.2,68,150
2019-09-05,0.77,68,146
2019-09-15,0.68,68,140
2019-09-22,0.82,68,141
2019-10-17,2.09,68,142
2019-10-25,1.03,68,143
2019-10-27,0.92,68,148
2019-11-01,1.06,68,149
2019-06-09,3.22,77,152
2019-06-11,3.15,77,151
2019-06-24,3.0,77,148
2019-06-26,2.76,77,146
2019-07-01,2.54,77,147
2019-08-18,1.3,77,155
2019-08-23,1.43,77,153
2019-08-25,1.43,77,150
2019-08-28,1.32,77,149
2019-09-24,0.8,77,144
2019-10-14,0.74,77,145
2019-10-27,0.79,77,154
2019-05-01,1.14,59,216
2019-06-12,0.22,59,218
2019-06-25,0.24,59,217
2019-06-30,0.77,59,215
2019-08-24,0.17,59,219
2019-08-29,0.18,59,221
2019-09-23,0.16,59,222
2019-05-30,1.84,80,228
2019-06-02,1.78,80,234
2019-06-04,1.68,80,235
2019-06-09,1.63,80,237
2019-06-12,1.52,80,236
2019-06-22,1.47,80,231
2019-06-24,1.47,80,229
2019-07-19,1.1,80,230
2019-09-05,0.57,80,233
2019-09-27,0.43,80,238
2019-06-05,60.1,59,45
2019-06-30,43.1,59,44
2019-08-24,30.4,59,43
2019-05-20,14.3,80,119
2019-05-30,8.56,80,118
2019-06-04,6.89,80,115
2019-06-12,5.34,80,110
2019-06-19,4.22,80,111
2019-06-24,3.15,80,112
2019-08-11,2.59,80,116
2019-08-23,3.41,80,113
2019-08-26,2.43,80,108
2019-08-28,2.07,80,109
2019-09-05,1.99,80,117
2019-05-20,14.4,76,89
2019-05-30,12.1,76,85
2019-06-04,11.4,76,86
2019-06-09,8.88,76,88
2019-06-12,8.15,76,82
2019-06-22,6.02,76,92
2019-06-24,7.42,76,87
2019-08-23,3.27,76,90
2019-08-26,3.05,76,83
2019-08-28,2.86,76,84
2019-09-05,2.42,76,81
2019-09-27,1.57,76,91
2019-05-18,17.8,67,152
2019-06-09,11.8,67,148
2019-06-12,12.2,67,147
2019-07-29,22.1,67,146
2019-08-26,5.0,67,150
2019-08-28,4.84,67,151
2019-09-05,4.45,67,149
2019-09-22,12.7,67,141
2019-10-17,6.1,67,153
2019-10-20,5.04,67,142
2019-10-25,4.51,67,143
2019-10-27,4.28,67,144
2019-05-18,0.85,55,54
2019-06-25,0.44,55,51
2019-06-27,0.43,55,53
2019-06-30,1.08,55,50
2019-07-25,1.82,55,52
2019-09-05,0.38,55,56
2019-09-15,0.37,55,57
2019-10-13,0.48,55,58
2019-07-20,0.96,80,8
2019-07-20,5.49,80,7
2019-06-03,2.28,60,126
2019-06-05,2.22,60,129
2019-06-30,1.3,60,125
2019-08-24,0.61,60,128
2019-08-27,0.52,60,127
2019-09-11,0.44,60,130
2019-10-23,0.028,60,131
2019-11-30,0.24,60,124
2019-05-20,5.6,80,151
2019-05-30,5.51,80,158
2019-06-04,3.68,80,145
2019-06-07,3.65,80,155
2019-06-12,2.17,80,146
2019-06-19,1.97,80,148
2019-06-22,1.93,80,157
2019-06-24,2.02,80,147
2019-07-19,2.21,80,156
2019-08-18,4.01,80,149
2019-08-23,3.87,80,152
2019-08-26,3.07,80,153
2019-08-28,2.98,80,150
2019-09-05,2.68,80,154
2019-05-20,17.8,76,102
2019-05-30,14.5,76,97
2019-06-04,12.5,76,94
2019-06-09,10.5,76,98
2019-06-12,9.83,76,100
2019-06-22,7.76,76,104
2019-06-24,8.67,76,95
2019-07-19,7.57,76,107
2019-08-23,4.08,76,101
2019-08-26,3.77,76,96
2019-08-28,3.58,76,99
2019-09-05,3.28,76,93
2019-09-27,2.36,76,103
2019-10-20,2.12,76,105
2019-10-22,2.25,76,106
2019-05-18,1.54,65,79
2019-06-12,0.89,65,77
2019-06-27,0.79,65,78
2019-08-26,0.89,65,81
2019-09-05,0.75,65,75
2019-09-15,0.75,65,80
2019-10-20,0.72,65,74
2019-06-09,8.43,73,231
2019-06-12,7.56,73,229
2019-06-27,6.08,73,230
2019-07-29,14.0,73,232
2019-08-26,5.41,73,238
2019-08-28,4.75,73,236
2019-09-05,4.08,73,233
2019-09-12,4.08,73,235
2019-09-22,3.49,73,226
2019-10-12,3.77,73,237
2019-10-20,5.48,73,227
2019-10-27,4.91,73,228
2019-06-11,42.2,70,106
2019-06-16,48.6,70,105
2019-06-26,21.4,70,103
2019-07-01,44.4,70,104
2019-07-16,152.0,70,110
2019-07-29,89.3,70,107
2019-08-18,43.8,70,108
2019-08-20,75.7,70,109
2019-08-28,34.8,70,102
2019-09-22,21.0,70,97
2019-10-02,14.4,70,111
2019-10-14,40.7,70,98
2019-10-17,45.8,70,99
2019-10-27,22.2,70,100
2019-11-01,20.5,70,101
2019-06-03,0.3,58,152
2019-06-05,0.32,58,146
2019-06-15,0.25,58,153
2019-06-18,0.21,58,148
2019-06-25,0.18,58,149
2019-06-30,0.19,58,150
2019-07-25,0.3,58,151
2019-09-11,0.07,58,155
2019-09-21,0.07,58,154
2019-10-13,0.07,58,147
2019-10-18,0.08,58,156
2019-11-10,0.07,58,157
2019-06-03,17.6,58,99
2019-06-05,19.7,58,98
2019-06-15,13.0,58,101
2019-06-25,13.1,58,97
2019-06-30,17.3,58,96
2019-07-25,29.6,58,104
2019-09-01,5.16,58,102
2019-09-21,5.22,58,100
2019-10-13,4.52,58,95
2019-10-18,4.4,58,103
2019-05-18,1.17,65,15
2019-06-12,0.26,65,12
2019-08-26,0.2,65,16
2019-09-05,0.2,65,11
2019-09-15,0.25,65,13
2019-10-20,0.21,65,10
2019-05-20,21.7,76,156
2019-05-30,23.1,76,157
2019-06-09,19.9,76,150
2019-06-12,19.1,76,152
2019-06-22,15.1,76,149
2019-06-24,14.3,76,151
2019-08-26,15.7,76,153
2019-08-28,15.5,76,154
2019-09-05,14.6,76,148
2019-09-27,12.0,76,155
2019-06-11,0.39,73,48
2019-06-26,0.34,73,47
2019-08-18,0.27,73,50
2019-08-25,0.36,73,49
2019-08-28,0.31,73,42
2019-09-12,0.22,73,51
2019-09-22,0.24,73,43
2019-09-24,0.28,73,44
2019-10-14,0.34,73,45
2019-10-27,0.27,73,46
2019-06-11,0.87,71,126
2019-06-16,0.54,71,117
2019-07-01,1.51,71,122
2019-07-29,3.61,71,120
2019-08-28,0.35,71,118
2019-08-30,0.39,71,119
2019-09-04,0.27,71,123
2019-09-12,0.24,71,121
2019-09-22,0.26,71,115
2019-10-07,0.24,71,125
2019-10-14,27.5,71,116
2019-10-17,1.43,71,127
2019-10-24,0.38,71,124
2019-07-29,2310.0,64,66
2019-08-23,374.0,64,68
2019-08-28,294.0,64,65
2019-09-22,183.0,64,67
2019-10-12,187.0,64,69
2019-10-27,194.0,64,64
2019-07-29,72.2,69,202
2019-08-28,9.64,69,203
2019-09-22,10.4,69,200
2019-10-17,20.6,69,204
2019-10-27,7.8,69,201
2019-05-18,49.2,63,199
2019-05-25,40.5,63,205
2019-06-09,38.4,63,196
2019-06-12,36.2,63,206
2019-07-29,91.4,63,202
2019-08-26,11.0,63,201
2019-08-28,10.9,63,203
2019-09-05,13.1,63,197
2019-09-12,14.3,63,200
2019-09-22,17.0,63,193
2019-10-17,23.0,63,204
2019-10-20,21.0,63,194
2019-10-27,18.4,63,195
2019-05-18,0.47,55,28
2019-06-12,0.34,55,24
2019-08-26,0.38,55,27
2019-09-05,0.37,55,25
2019-09-15,0.3,55,29
2019-10-20,0.28,55,23
2019-06-20,34.9,59,23
2019-06-30,34.2,59,22
2019-08-24,21.1,59,25
2019-08-26,20.7,59,29
2019-09-05,21.7,59,27
2019-09-18,21.3,59,30
2019-09-23,20.4,59,26
2019-10-20,27.6,59,28
2019-05-25,1.38,67,87
2019-06-09,0.59,67,82
2019-07-04,1.98,67,85
2019-07-29,1.91,67,81
2019-08-26,0.31,67,83
2019-08-28,0.31,67,86
2019-09-05,0.26,67,84
2019-09-15,0.42,67,74
2019-09-22,1.48,67,75
2019-10-17,0.8,67,76
2019-10-20,0.61,67,77
2019-10-25,0.62,67,78
2019-10-27,0.49,67,79
2019-05-01,58.2,54,30
2019-05-31,42.5,54,24
2019-06-05,36.5,54,25
2019-06-12,32.2,54,20
2019-06-25,26.0,54,19
2019-06-30,61.6,54,23
2019-08-26,20.8,54,31
2019-08-29,21.0,54,26
2019-09-03,16.1,54,29
2019-09-05,15.0,54,22
2019-09-15,17.7,54,21
2019-09-23,20.1,54,28
2019-10-20,19.0,54,18
2019-05-18,1.98,55,44
2019-06-25,0.8,55,41
2019-06-27,0.71,55,43
2019-06-30,1.61,55,42
2019-07-25,4.37,55,47
2019-09-05,0.65,55,45
2019-09-15,0.65,55,46
2019-10-13,0.5,55,49
2019-05-30,3.12,75,247
2019-06-04,2.74,75,241
2019-06-09,2.39,75,240
2019-06-12,2.28,75,246
2019-06-22,1.82,75,243
2019-06-24,1.82,75,244
2019-07-19,1.94,75,245
2019-08-26,1.19,75,242
2019-09-05,1.14,75,239
2019-09-27,1.23,75,248
2019-05-18,3.33,65,105
2019-05-25,2.99,65,107
2019-06-09,1.72,65,99
2019-06-12,1.88,65,103
2019-07-29,7.06,65,101
2019-08-26,1.46,65,108
2019-08-28,1.4,65,104
2019-09-05,1.3,65,98
2019-09-12,1.21,65,106
2019-09-15,1.19,65,100
2019-09-22,1.15,65,95
2019-10-17,1.09,65,109
2019-10-20,1.03,65,96
2019-10-25,1.03,65,110
2019-10-27,1.04,65,97
2019-06-11,85.5,70,177
2019-08-23,107.0,70,179
2019-08-25,107.0,70,178
2019-08-28,81.0,70,180
2019-09-04,53.4,70,173
2019-09-22,40.8,70,174
2019-10-14,55.2,70,175
2019-10-27,58.0,70,176
2019-05-18,1.52,67,46
2019-05-25,1.1,67,48
2019-06-09,0.82,67,40
2019-06-12,0.87,67,42
2019-07-29,5.01,67,41
2019-08-26,0.64,67,45
2019-08-28,0.54,67,44
2019-09-05,0.48,67,43
2019-09-12,0.57,67,47
2019-09-22,0.75,67,36
2019-10-17,1.35,67,49
2019-10-20,1.12,67,37
2019-10-25,0.4,67,38
2019-10-27,0.33,67,39
2019-06-09,10.1,66,2
2019-07-04,6.08,65,249
2019-08-26,0.84,66,3
2019-08-28,0.73,66,4
2019-09-05,0.53,66,0
2019-09-15,0.74,65,243
2019-09-22,1.15,65,244
2019-10-17,1.98,65,245
2019-10-20,0.78,65,248
2019-10-25,4.03,65,246
2019-10-27,1.55,65,247
2019-11-01,0.58,66,5
2019-05-30,5.34,76,53
2019-06-04,2.94,76,50
2019-06-09,1.81,76,49
2019-06-24,2.17,76,51
2019-07-19,1.1,76,52
2019-06-09,0.79,69,131
2019-06-12,0.75,69,122
2019-07-29,0.81,69,128
2019-08-23,0.41,69,129
2019-08-26,0.35,69,133
2019-08-28,0.32,69,132
2019-09-05,0.29,69,127
2019-09-12,0.3,69,130
2019-09-22,0.28,69,123
2019-10-20,0.35,69,124
2019-10-25,0.35,69,125
2019-10-27,0.32,69,126
2019-10-30,0.32,69,135
2019-06-03,9.2,62,72
2019-08-27,4.33,62,73
2019-09-01,4.01,62,75
2019-09-11,4.24,62,74
2019-06-03,6.02,58,130
2019-06-05,12.6,58,129
2019-06-25,5.76,58,132
2019-06-30,8.86,58,131
2019-07-23,53.7,58,136
2019-09-01,0.51,58,133
2019-09-21,0.5,58,134
2019-10-13,0.39,58,137
2019-10-18,0.36,58,135
2019-05-01,17.8,78,247
2019-06-05,11.0,78,249
2019-06-12,8.57,78,245
2019-06-30,6.2,78,246
2019-07-20,7.7,79,2
2019-08-24,5.7,78,248
2019-08-26,5.53,79,0
2019-08-29,5.35,79,1
2019-06-09,4.75,73,155
2019-06-12,3.95,73,154
2019-06-22,4.55,73,156
2019-06-24,4.28,73,157
2019-07-29,8.31,73,163
2019-08-01,7.06,73,161
2019-08-23,3.68,73,158
2019-08-26,3.19,73,160
2019-08-28,2.73,73,150
2019-09-05,2.3,73,151
2019-09-22,2.23,73,159
2019-10-12,1.96,73,162
2019-10-20,2.49,73,152
2019-10-27,2.21,73,153
2019-10-30,2.09,73,164
2019-06-17,6.67,59,134
2019-08-26,4.96,59,137
2019-09-05,4.4,59,136
2019-10-20,3.99,59,138
2019-05-01,5.99,79,190
2019-06-02,3.97,79,187
2019-06-05,3.7,79,188
2019-06-12,3.12,79,185
2019-06-30,1.91,79,186
2019-07-15,1.86,79,189
2019-07-20,2.72,79,193
2019-08-24,1.38,79,191
2019-08-26,1.25,79,192
2019-08-29,1.11,79,194
2019-07-04,2.08,69,217
2019-07-29,4.64,69,214
2019-08-28,1.97,69,215
2019-09-12,2.08,69,216
2019-09-22,2.08,69,211
2019-10-17,2.03,69,212
2019-10-27,1.99,69,213
2019-11-01,2.0,69,218
2019-06-09,0.34,77,182
2019-06-11,0.34,77,187
2019-06-24,0.3,77,181
2019-06-26,0.27,77,179
2019-07-01,0.22,77,180
2019-08-18,0.047,77,185
2019-08-23,0.047,77,184
2019-08-25,0.047,77,183
2019-08-28,0.05,77,178
2019-09-24,0.04,77,176
2019-10-14,0.04,77,177
2019-10-27,0.044,77,186
2019-06-26,0.7,77,130
2019-08-25,0.25,77,131
2019-08-28,0.19,77,129
2019-09-12,0.13,77,132
2019-09-22,0.16,77,125
2019-09-24,0.18,77,126
2019-10-14,0.31,77,127
2019-10-27,0.24,77,128
2019-06-09,1.77,72,52
2019-06-11,1.61,72,50
2019-08-23,1.85,72,56
2019-08-25,1.16,72,53
2019-08-28,0.89,72,51
2019-09-04,0.82,72,46
2019-09-22,0.82,72,47
2019-09-24,0.81,72,54
2019-10-12,0.93,72,55
2019-10-14,1.03,72,48
2019-10-24,0.83,72,57
2019-10-27,0.78,72,49
2019-05-18,2.41,54,208
2019-06-12,1.52,54,204
2019-08-26,1.23,54,207
2019-10-20,0.94,54,202
2019-06-09,0.36,67,32
2019-07-29,3.23,67,26
2019-08-26,0.05,67,33
2019-08-28,0.039,67,29
2019-09-05,0.031,67,27
2019-09-12,0.033,67,30
2019-09-15,0.029,67,28
2019-09-22,0.17,67,23
2019-10-17,0.21,67,34
2019-10-20,0.69,67,24
2019-10-27,0.45,67,25
2019-06-12,0.34,54,211
2019-08-26,0.28,54,214
2019-09-05,0.21,54,209
2019-09-15,0.4,54,212
2019-10-20,0.39,54,210
2019-10-25,0.24,54,215
2019-06-12,0.33,54,190
2019-08-26,0.26,54,193
2019-09-05,0.25,54,191
2019-10-20,0.31,54,189
2019-10-25,0.28,54,194
2019-05-18,2.03,54,201
2019-06-12,0.75,54,196
2019-08-26,0.83,54,200
2019-09-05,0.53,54,197
2019-09-15,0.38,54,198
2019-10-20,0.58,54,195
2019-06-11,0.73,71,30
2019-06-16,0.56,71,39
2019-06-26,0.75,71,31
2019-07-01,2.49,71,38
2019-07-16,2.75,71,40
2019-07-29,1.61,71,33
2019-08-18,0.55,71,37
2019-08-20,0.69,71,32
2019-08-28,0.48,71,34
2019-08-30,0.43,71,41
2019-09-12,0.41,71,36
2019-09-22,0.33,71,25
2019-10-02,0.36,71,35
2019-10-14,13.8,71,26
2019-10-17,1.12,71,27
2019-10-27,0.44,71,28
2019-11-01,0.5,71,29
2019-06-03,0.4,60,141
2019-06-30,0.15,60,142
2019-08-24,0.06,60,143
2019-08-27,0.05,60,144
2019-09-01,0.046,60,145
2019-09-11,0.03,60,146
2019-11-30,0.018,60,140
2019-05-01,0.61,79,85
2019-06-05,0.38,79,88
2019-06-12,0.24,79,83
2019-06-22,0.24,79,84
2019-06-30,0.18,79,81
2019-08-24,0.1,79,82
2019-08-26,0.1,79,87
2019-08-29,0.08,79,89
2019-09-05,0.1,79,86
2019-06-12,0.35,72,115
2019-07-29,0.62,72,121
2019-08-26,0.16,72,123
2019-08-28,0.19,72,122
2019-09-05,0.14,72,120
2019-09-22,0.2,72,116
2019-10-20,0.14,72,117
2019-10-25,0.13,72,118
2019-10-27,0.13,72,119
2019-05-19,4.28,56,240
2019-05-24,2.79,56,243
2019-06-03,1.97,56,242
2019-06-05,1.82,56,241
2019-06-25,1.21,56,238
2019-06-30,1.4,56,237
2019-07-03,1.02,56,239
2019-09-21,0.17,56,236
2019-06-11,6.48,71,168
2019-06-16,4.89,71,167
2019-06-26,4.58,71,169
2019-07-29,33.0,71,166
2019-08-28,3.55,71,171
2019-09-04,2.69,71,174
2019-09-12,3.03,71,170
2019-09-22,4.29,71,163
2019-10-14,41.7,71,164
2019-10-17,23.5,71,172
2019-10-19,8.16,71,175
2019-10-24,3.53,71,173
2019-10-27,2.97,71,165
2019-06-11,68.5,70,144
2019-06-16,58.4,70,146
2019-06-26,41.0,70,147
2019-07-01,114.0,70,150
2019-07-16,211.0,70,154
2019-07-29,203.0,70,145
2019-08-20,96.7,70,152
2019-08-28,64.6,70,149
2019-08-30,48.6,70,153
2019-09-04,40.5,70,151
2019-09-12,33.3,70,148
2019-09-22,34.4,70,139
2019-10-02,30.3,70,155
2019-10-14,48.3,70,140
2019-10-17,132.0,70,141
2019-10-24,51.9,70,156
2019-10-27,37.3,70,142
2019-11-01,33.0,70,143
2019-05-19,2.42,56,193
2019-05-24,1.89,56,194
2019-06-03,1.47,56,191
2019-06-05,1.38,56,192
2019-06-25,1.02,56,189
2019-06-30,1.48,56,187
2019-07-03,1.11,56,190
2019-09-01,0.54,56,195
2019-09-21,0.48,56,188
2019-06-17,0.28,59,241
2019-06-20,0.25,59,234
2019-06-30,0.23,59,236
2019-08-24,0.17,59,233
2019-08-26,0.16,59,238
2019-09-05,0.15,59,239
2019-09-23,0.13,59,237
2019-10-20,0.07,59,240
2019-05-01,10.3,78,240
2019-05-06,9.93,78,238
2019-06-05,6.31,78,237
2019-06-12,4.36,78,236
2019-06-30,3.64,78,235
2019-07-20,5.28,78,242
2019-08-24,4.31,78,241
2019-08-26,4.23,78,239
2019-08-29,4.08,78,243
2019-10-03,2.55,78,244
2019-08-23,242.0,64,54
2019-08-28,207.0,64,52
2019-09-22,113.0,64,50
2019-10-12,121.0,64,53
2019-10-27,122.0,64,51
2019-06-04,1.6,78,64
2019-06-09,1.13,78,56
2019-06-12,0.89,78,62
2019-06-24,0.6,78,63
2019-08-23,0.16,78,57
2019-08-28,0.14,78,59
2019-09-05,0.11,78,58
2019-09-12,0.09,78,60
2019-09-22,0.08,78,61
2019-10-20,0.07,78,65
2019-06-12,0.85,78,39
2019-06-22,0.65,78,42
2019-08-11,0.51,78,40
2019-08-26,0.42,78,41
2019-05-01,0.88,79,210
2019-06-05,0.72,79,207
2019-06-20,0.65,79,212
2019-06-30,0.63,79,208
2019-07-20,0.74,79,209
2019-08-24,1.34,79,211
2019-06-11,0.64,71,243
2019-06-16,0.66,71,245
2019-06-26,0.5,71,244
2019-07-29,2.56,71,249
2019-08-28,0.37,71,247
2019-09-04,0.29,71,248
2019-09-12,0.28,71,246
2019-09-22,0.38,71,240
2019-10-14,1.07,71,241
2019-10-17,0.88,72,0
2019-10-27,0.23,71,242
2019-06-03,1.5,58,162
2019-06-18,1.31,58,161
2019-09-01,0.7,58,159
2019-09-11,0.64,58,158
2019-09-21,0.76,58,160
2019-05-30,22.7,80,97
2019-06-04,20.5,80,98
2019-06-07,19.2,80,104
2019-06-09,18.9,80,103
2019-06-12,17.9,80,95
2019-06-19,16.6,80,99
2019-06-24,13.7,80,96
2019-08-03,15.4,80,102
2019-08-11,11.9,80,100
2019-08-23,16.0,80,101
2019-08-26,11.2,80,93
2019-08-28,10.6,80,94
2019-06-03,1.17,62,137
2019-06-05,1.17,62,136
2019-06-30,1.05,62,135
2019-08-27,0.95,62,134
2019-06-09,2.54,73,82
2019-06-11,2.24,73,78
2019-06-24,1.78,73,79
2019-06-26,1.9,73,77
2019-07-01,1.75,73,84
2019-08-23,1.34,73,81
2019-08-25,1.17,73,80
2019-08-28,0.97,73,83
2019-09-24,0.46,73,76
2019-10-14,0.59,73,74
2019-10-27,0.57,73,75
2019-06-11,0.8,71,138
2019-06-16,1.59,71,130
2019-07-01,3.68,71,133
2019-07-04,5.91,71,132
2019-07-29,3.34,71,131
2019-08-28,0.5,71,134
2019-09-04,0.5,71,136
2019-09-12,0.5,71,135
2019-09-22,0.5,71,129
2019-10-07,0.5,71,139
2019-10-14,8.17,71,128
2019-10-17,6.08,71,137
2019-06-03,8.8,58,82
2019-06-25,3.93,58,83
2019-06-30,6.0,58,81
2019-07-23,17.5,58,84
2019-09-01,2.34,58,85
2019-09-21,3.23,58,80
2019-05-01,47.1,58,233
2019-06-12,29.0,58,236
2019-06-17,27.8,58,226
2019-06-25,25.3,58,237
2019-06-30,29.2,58,230
2019-08-24,19.6,58,227
2019-08-29,16.6,58,232
2019-09-05,15.0,58,231
2019-09-23,14.7,58,228
2019-10-13,14.1,58,234
2019-10-20,14.6,58,235
2019-05-18,147.0,63,245
2019-06-09,64.2,63,240
2019-06-12,58.8,63,238
2019-07-29,288.0,63,237
2019-08-26,58.7,63,241
2019-08-28,61.5,63,242
2019-09-05,38.4,63,239
2019-09-12,38.5,63,244
2019-09-22,50.8,63,233
2019-10-17,46.4,63,246
2019-10-20,42.1,63,234
2019-10-25,37.7,63,235
2019-10-27,38.4,63,236
2019-05-01,1.8,78,199
2019-06-12,0.65,78,200
2019-06-22,0.56,78,203
2019-06-30,0.56,78,197
2019-08-24,0.12,78,198
2019-08-29,0.14,78,202
2019-09-05,0.13,78,201
2019-06-03,3.14,62,218
2019-06-05,3.12,62,219
2019-06-23,2.63,62,217
2019-06-30,2.41,62,216
2019-08-27,1.83,62,214
2019-09-01,1.84,62,215
2019-06-09,3.54,66,247
2019-06-12,2.3,67,7
2019-07-29,3.04,67,3
2019-08-26,0.96,67,4
2019-09-15,1.08,67,5
2019-09-22,0.99,66,249
2019-10-17,2.75,67,6
2019-10-20,0.7,67,0
2019-10-25,1.05,67,1
2019-10-27,1.05,67,2
2019-11-01,0.63,67,8
2019-05-18,15.9,63,158
2019-06-12,4.4,63,154
2019-08-26,1.05,63,157
2019-09-05,0.75,63,153
2019-09-15,0.79,63,155
2019-10-20,1.29,63,152
2019-05-18,49.0,55,199
2019-06-17,12.8,55,195
2019-06-25,11.8,55,193
2019-06-27,18.2,55,192
2019-06-30,26.0,55,194
2019-08-24,20.3,55,200
2019-09-05,10.6,55,197
2019-09-15,18.9,55,198
2019-10-20,7.13,55,201
2019-06-03,85.0,59,75
2019-06-05,82.0,59,83
2019-06-15,67.7,59,76
2019-06-25,57.8,59,73
2019-06-30,54.5,59,78
2019-07-25,70.9,59,74
2019-08-27,35.0,59,81
2019-09-01,33.1,59,79
2019-09-11,32.7,59,80
2019-09-23,31.8,59,77
2019-10-18,34.1,59,82
2019-10-23,36.2,59,84
2019-05-25,3.3,65,212
2019-06-09,3.3,65,210
2019-08-26,3.11,65,216
2019-08-28,3.11,65,217
2019-09-05,3.11,65,211
2019-09-12,3.11,65,215
2019-09-15,3.11,65,214
2019-09-22,3.11,65,207
2019-10-17,3.31,65,218
2019-10-20,3.31,65,208
2019-10-27,3.11,65,209
2019-05-01,63.0,59,14
2019-06-17,31.8,59,21
2019-06-25,30.2,59,12
2019-06-30,32.7,59,13
2019-08-24,19.4,59,15
2019-08-29,19.7,59,16
2019-09-05,21.8,59,18
2019-09-23,19.3,59,19
2019-10-20,27.9,59,20
2019-06-12,0.78,69,89
2019-06-27,0.65,69,93
2019-07-29,2.01,69,94
2019-08-23,0.53,69,98
2019-08-26,0.46,69,96
2019-08-28,0.42,69,97
2019-09-05,0.35,69,95
2019-09-22,0.34,69,90
2019-10-20,0.65,69,91
2019-10-27,0.38,69,92
2019-06-09,2.45,73,143
2019-06-12,2.37,73,144
2019-06-24,2.29,73,145
2019-07-29,2.86,73,149
2019-08-23,2.26,73,147
2019-08-26,1.63,73,148
2019-09-05,1.43,73,138
2019-09-22,1.07,73,139
2019-10-12,1.2,73,140
2019-10-20,1.44,73,141
2019-10-27,1.48,73,142
2019-06-03,228.0,54,94
2019-08-27,116.0,54,93
2019-09-11,81.5,54,95
2019-06-03,15.2,62,203
2019-06-05,16.6,62,204
2019-06-23,12.6,62,207
2019-06-30,13.7,62,205
2019-08-24,10.0,62,206
2019-08-27,9.68,62,201
2019-09-01,8.99,62,202
2019-06-12,12.2,80,92
2019-08-11,7.78,80,90
2019-08-26,7.61,80,91
2019-06-09,69.5,63,216
2019-07-29,224.0,63,210
2019-08-26,42.6,63,211
2019-09-05,33.4,63,213
2019-09-12,33.9,63,214
2019-09-15,35.2,63,212
2019-09-22,38.3,63,207
2019-10-20,34.7,63,208
2019-10-27,31.3,63,209
2019-05-19,6.05,57,92
2019-06-03,4.89,57,87
2019-06-15,3.59,57,88
2019-06-25,3.15,57,94
2019-06-30,3.37,57,85
2019-09-01,0.77,57,89
2019-09-11,0.58,57,91
2019-09-21,0.51,57,90
2019-10-06,1.31,57,93
2019-10-13,1.3,57,86
2019-10-18,1.36,57,95
2019-05-14,9.62,63,4
2019-06-03,8.52,63,3
2019-06-05,8.3,63,2
2019-06-23,7.73,63,6
2019-06-30,7.73,63,1
2019-08-24,7.28,63,5
2019-08-27,6.46,62,249
2019-09-01,6.33,63,0
2019-06-02,31.2,79,113
2019-06-05,31.6,79,114
2019-06-12,29.8,79,119
2019-06-15,20.8,79,116
2019-06-30,29.4,79,115
2019-08-24,18.7,79,112
2019-08-26,18.9,79,117
2019-10-15,17.3,79,121
2019-10-23,16.9,79,120
2019-06-11,3.36,73,72
2019-06-26,3.18,73,71
2019-08-25,2.1,73,73
2019-08-28,1.79,73,70
2019-09-22,2.04,73,66
2019-09-24,1.89,73,67
2019-10-14,3.9,73,68
2019-10-27,2.21,73,69
2019-05-30,0.96,75,152
2019-06-04,0.82,75,148
2019-06-09,0.78,75,149
2019-06-11,0.78,75,151
2019-06-24,0.68,75,150
2019-07-31,0.74,75,157
2019-08-23,0.3,75,154
2019-08-25,0.27,75,153
2019-08-30,0.24,75,156
2019-09-27,0.27,75,155
2019-05-30,2.14,75,147
2019-06-04,1.86,75,138
2019-06-09,1.62,75,137
2019-06-11,1.61,75,146
2019-07-31,1.46,75,141
2019-08-05,0.98,75,139
2019-08-23,0.8,75,143
2019-08-25,0.75,75,140
2019-09-27,0.81,75,142
2019-10-14,1.21,75,144
2019-10-22,1.55,75,145
2019-05-14,3.68,62,192
2019-06-03,3.3,62,190
2019-06-05,3.23,62,194
2019-06-23,2.23,62,191
2019-06-30,2.31,62,189
2019-08-24,2.18,62,193
2019-08-27,2.07,62,187
2019-09-01,1.94,62,188
2019-06-09,12.7,74,7
2019-06-12,12.7,74,9
2019-06-24,13.0,74,10
2019-07-29,30.1,74,4
2019-08-23,12.4,74,11
2019-08-26,12.3,74,6
2019-08-28,12.4,74,8
2019-09-05,12.4,73,249
2019-09-22,13.7,74,0
2019-10-12,11.9,74,1
2019-10-20,11.7,74,2
2019-10-27,11.9,74,3
2019-05-30,3.21,76,169
2019-06-12,2.78,76,172
2019-06-22,2.65,76,173
2019-06-24,3.13,76,175
2019-08-26,1.7,76,170
2019-08-28,1.75,76,171
2019-09-05,1.14,76,168
2019-09-27,1.88,76,174
2019-07-04,94.7,68,37
2019-07-29,60.5,68,38
2019-08-28,36.3,68,41
2019-09-05,27.5,68,39
2019-09-15,16.9,68,33
2019-09-22,13.7,68,34
2019-10-17,30.3,68,35
2019-10-25,27.5,68,36
2019-10-27,28.3,68,42
2019-11-01,23.9,68,43
2019-05-01,7.08,55,97
2019-05-18,6.36,55,103
2019-05-31,4.12,55,102
2019-06-12,3.34,55,98
2019-06-17,3.25,55,94
2019-06-25,2.9,55,95
2019-06-27,2.7,55,93
2019-06-30,6.45,55,91
2019-08-24,2.11,55,96
2019-08-29,1.82,55,100
2019-09-05,1.75,55,90
2019-09-15,1.76,55,99
2019-10-20,1.92,55,101
2019-05-14,0.59,61,169
2019-06-03,0.54,61,168
2019-06-05,0.51,61,165
2019-06-15,0.34,61,170
2019-06-30,0.18,61,171
2019-08-24,0.16,61,166
2019-08-27,0.16,61,164
2019-09-01,0.14,61,167
2019-10-18,0.09,61,172
2019-10-31,0.1,61,173
2019-06-03,8.91,62,31
2019-07-18,5.44,62,30
2019-07-28,3.45,62,32
2019-08-27,1.4,62,33
2019-09-01,1.35,62,35
2019-09-11,1.43,62,34
2019-06-03,14.7,62,156
2019-06-05,14.2,62,152
2019-06-23,12.5,62,157
2019-06-30,12.3,62,153
2019-08-27,9.59,62,154
2019-09-01,9.39,62,155
2019-09-11,11.7,62,158
2019-07-29,59.0,68,207
2019-08-28,17.9,68,208
2019-09-22,24.0,68,205
2019-10-17,24.5,68,206
2019-10-27,10.6,68,209
2019-06-09,2.11,69,138
2019-08-23,2.15,69,139
2019-09-22,1.73,69,136
2019-10-12,1.51,69,140
2019-10-27,1.43,69,137
2019-06-03,0.2,79,239
2019-06-30,0.2,79,238
2019-05-14,0.71,62,92
2019-06-03,0.69,62,90
2019-06-15,0.54,62,91
2019-06-30,0.42,62,89
2019-08-24,0.25,62,93
2019-08-27,0.23,62,94
2019-09-11,0.23,62,96
2019-10-18,0.18,62,95
2019-06-09,0.54,78,66
2019-06-12,0.42,78,68
2019-06-22,0.45,78,72
2019-08-23,0.25,78,73
2019-08-28,0.17,78,69
2019-09-05,0.08,78,67
2019-09-12,0.18,78,70
2019-09-22,0.07,78,71
2019-10-20,0.043,78,74
2019-05-18,1.46,67,205
2019-05-25,1.1,67,208
2019-06-09,0.9,67,204
2019-06-12,0.94,67,201
2019-07-29,5.38,67,200
2019-08-26,0.78,67,202
2019-09-05,0.38,67,209
2019-09-12,0.36,67,206
2019-09-22,3.86,67,196
2019-10-17,1.35,67,207
2019-10-20,0.81,67,197
2019-10-25,0.62,67,198
2019-10-27,0.55,67,199
2019-05-20,48.8,74,222
2019-05-30,42.9,74,220
2019-06-04,38.6,74,221
2019-06-09,32.5,74,218
2019-06-24,19.2,74,219
2019-08-23,9.02,74,224
2019-08-28,6.26,74,223
2019-09-27,10.7,74,225
2019-10-22,16.8,74,226
2019-05-25,9.29,67,125
2019-06-09,5.31,67,120
2019-06-12,4.55,67,124
2019-07-29,23.5,67,121
2019-08-26,2.56,67,119
2019-08-28,2.2,67,123
2019-09-05,1.93,67,118
2019-09-22,7.3,67,113
2019-10-17,7.33,67,122
2019-10-20,3.78,67,114
2019-10-25,2.25,67,115
2019-10-27,2.33,67,116
2019-05-20,1.22,78,22
2019-06-04,0.41,78,20
2019-06-09,0.37,78,16
2019-06-12,0.32,78,19
2019-06-22,0.27,78,21
2019-06-24,0.26,78,18
2019-08-28,0.06,78,17
2019-09-05,0.038,78,15
2019-07-01,20.4,77,45
2019-08-20,48.4,77,48
2019-08-25,40.5,77,44
2019-09-24,16.3,77,43
2019-10-14,14.8,77,46
2019-10-19,23.4,77,47
2019-10-24,24.1,77,49
2019-05-25,2.34,67,21
2019-05-25,8.36,66,207
2019-06-09,0.96,67,11
2019-06-09,5.88,66,196
2019-06-12,4.68,66,197
2019-07-29,2.77,67,13
2019-07-29,10.6,66,198
2019-08-26,0.25,67,15
2019-08-26,1.68,66,199
2019-08-28,0.23,67,18
2019-08-28,1.46,66,203
2019-09-05,0.18,67,14
2019-09-05,1.1,66,200
2019-09-12,0.24,67,19
2019-09-12,1.31,66,204
2019-09-15,0.38,67,16
2019-09-15,2.18,66,202
2019-09-22,0.69,67,9
2019-09-22,8.39,66,193
2019-10-17,0.58,67,20
2019-10-17,4.23,66,205
2019-10-20,1.66,67,12
2019-10-20,2.64,66,194
2019-10-25,0.3,67,22
2019-10-25,1.11,66,206
2019-10-27,0.65,67,10
2019-10-27,1.7,66,195
2019-11-01,1.2,66,208
2019-06-09,11.2,73,243
2019-06-12,11.2,73,247
2019-07-29,24.9,73,242
2019-08-26,9.25,73,245
2019-09-05,8.1,73,244
2019-09-22,7.58,73,239
2019-10-12,7.02,73,248
2019-10-20,7.91,73,240
2019-10-27,7.68,73,241
2019-05-20,10.5,75,114
2019-05-30,6.3,75,110
2019-06-04,5.22,75,109
2019-06-09,4.79,75,106
2019-06-24,4.2,75,108
2019-07-31,3.5,75,111
2019-08-05,2.58,75,115
2019-08-23,2.08,75,119
2019-08-25,1.92,75,107
2019-08-28,1.73,75,113
2019-08-30,1.67,75,112
2019-09-04,1.63,75,118
2019-09-24,2.35,75,117
2019-09-27,2.19,75,116
2019-10-14,2.66,75,120
2019-05-20,21.3,74,201
2019-05-30,20.0,74,200
2019-06-04,15.0,74,199
2019-06-09,11.7,74,196
2019-06-11,11.1,74,197
2019-06-24,9.03,74,198
2019-08-23,4.13,74,202
2019-08-25,3.82,74,195
2019-08-28,3.69,74,203
2019-09-24,3.83,74,204
2019-10-14,3.7,74,205
2019-10-22,5.22,74,207
2019-10-27,4.33,74,206
2019-06-11,0.72,73,29
2019-06-26,0.68,73,26
2019-08-18,0.45,73,27
2019-08-25,0.44,73,28
2019-08-28,0.44,73,24
2019-09-12,0.38,73,25
2019-09-22,0.39,73,20
2019-09-24,0.38,73,21
2019-10-14,0.53,73,22
2019-10-24,0.42,73,31
2019-10-27,0.39,73,23
2019-11-03,0.39,73,30
2019-05-14,12.1,79,106
2019-05-14,5.14,79,133
2019-06-03,11.7,79,100
2019-06-03,4.89,79,131
2019-06-05,11.4,79,104
2019-06-05,4.73,79,137
2019-06-15,10.5,79,99
2019-06-15,4.35,79,130
2019-06-30,8.87,79,103
2019-06-30,4.02,79,135
2019-08-24,6.22,79,102
2019-08-24,4.26,79,132
2019-08-27,6.2,79,101
2019-08-27,4.11,79,134
2019-09-01,6.2,79,105
2019-09-01,3.79,79,136
2019-09-11,6.51,79,107
2019-09-11,3.08,79,138
2019-05-18,4.46,65,187
2019-05-25,2.75,65,185
2019-06-09,2.25,65,179
2019-06-12,2.25,65,183
2019-07-29,5.2,65,182
2019-08-26,2.8,65,188
2019-08-28,2.83,65,184
2019-09-05,2.22,65,178
2019-09-12,2.27,65,186
2019-09-15,2.41,65,180
2019-09-22,2.2,65,175
2019-10-17,1.88,65,189
2019-10-20,1.71,65,176
2019-10-25,1.99,65,190
2019-10-27,1.85,65,177
2019-07-04,11.5,68,131
2019-07-29,11.4,68,127
2019-08-28,4.28,68,130
2019-09-05,3.24,68,128
2019-09-15,3.15,68,123
2019-09-22,3.32,68,124
2019-10-17,8.21,68,125
2019-10-25,4.07,68,126
2019-10-27,3.6,68,132
2019-11-01,4.62,68,133
2019-06-25,1.1,55,236
2019-06-30,3.09,55,234
2019-07-25,2.1,55,235
2019-06-03,0.46,60,148
2019-06-15,0.27,60,151
2019-06-25,0.25,60,152
2019-06-30,0.26,60,150
2019-07-25,0.34,60,154
2019-08-24,0.11,60,149
2019-09-23,0.13,60,153
2019-11-30,0.043,60,147
2019-06-16,1.83,71,3
2019-07-01,13.3,71,4
2019-07-04,12.8,71,5
2019-07-29,3.73,71,8
2019-08-28,0.75,71,6
2019-08-30,0.71,71,7
2019-09-04,0.68,71,11
2019-09-22,0.99,71,1
2019-10-07,0.57,71,10
2019-10-14,50.8,71,2
2019-10-17,1.99,71,9
2019-10-19,0.98,71,12
2019-07-04,2.38,68,179
2019-07-29,2.58,68,180
2019-08-28,0.91,68,181
2019-09-22,0.57,68,177
2019-10-17,0.58,68,178
2019-05-30,1.59,76,7
2019-06-04,1.34,76,5
2019-06-09,1.13,76,4
2019-06-24,0.79,76,6
2019-07-19,0.86,76,8
2019-05-14,0.92,61,102
2019-06-03,0.98,61,100
2019-06-30,0.18,61,99
2019-08-24,0.37,61,101
2019-08-27,0.35,61,98
2019-09-01,0.32,61,103
2019-06-12,4.07,59,128
2019-06-17,3.67,59,130
2019-06-27,3.54,59,129
2019-08-26,3.12,59,131
2019-09-05,2.61,59,126
2019-09-15,2.38,59,133
2019-10-20,2.49,59,132
2019-07-29,692.0,64,39
2019-08-28,153.0,64,40
2019-09-12,101.0,64,41
2019-09-22,118.0,64,37
2019-10-17,183.0,64,42
2019-10-27,106.0,64,38
2019-05-20,3.29,76,212
2019-05-30,2.13,76,209
2019-06-09,1.42,76,206
2019-06-12,1.41,76,210
2019-06-22,1.17,76,203
2019-06-24,1.1,76,205
2019-08-23,0.56,76,204
2019-08-26,0.45,76,207
2019-08-28,0.43,76,208
2019-09-05,0.37,76,202
2019-10-20,0.2,76,211
2019-06-03,2.29,58,2
2019-06-15,1.56,58,6
2019-06-25,0.94,58,7
2019-06-30,1.03,58,1
2019-09-01,0.27,58,4
2019-09-11,0.21,58,5
2019-09-21,0.23,58,3
2019-10-13,0.35,58,0
2019-06-12,1.84,78,44
2019-06-22,1.56,78,43
2019-09-05,0.4,78,45
2019-05-12,6.19,75,188
2019-05-30,4.6,75,185
2019-06-04,3.39,75,183
2019-06-09,2.79,75,182
2019-06-11,2.71,75,191
2019-06-24,2.35,75,184
2019-07-19,3.65,75,186
2019-07-31,1.57,75,187
2019-08-25,0.66,75,190
2019-08-30,0.59,75,189
2019-09-27,0.62,75,193
2019-10-14,0.54,75,192
2019-10-22,0.63,75,194
2019-06-15,103.0,54,38
2019-06-30,91.7,54,37
2019-10-06,30.0,54,39
2019-10-13,26.6,54,36
2019-05-18,0.87,56,109
2019-06-17,0.59,56,107
2019-06-25,0.56,56,105
2019-06-27,0.56,56,103
2019-06-30,1.4,56,102
2019-07-25,2.1,56,106
2019-06-05,57.0,59,42
2019-06-20,46.4,59,40
2019-06-30,42.3,59,39
2019-09-23,26.8,59,41
2019-05-01,1.38,79,199
2019-06-02,0.9,79,197
2019-06-05,0.82,79,198
2019-06-12,0.56,79,196
2019-06-30,0.32,79,200
2019-07-15,0.82,79,205
2019-07-20,1.24,79,203
2019-08-24,0.26,79,201
2019-08-26,0.19,79,202
2019-08-29,0.19,79,204
2019-05-19,1.52,56,185
2019-05-24,1.16,56,184
2019-06-03,0.85,56,182
2019-06-05,0.78,56,183
2019-06-25,0.48,56,181
2019-06-30,0.88,56,180
2019-07-03,0.57,56,186
2019-09-21,0.24,56,179
2019-05-01,1.26,79,80
2019-06-12,1.07,79,74
2019-06-30,0.82,79,78
2019-07-20,1.14,79,79
2019-08-24,0.64,79,73
2019-08-26,0.61,79,75
2019-08-29,0.54,79,77
2019-06-09,5.83,73,96
2019-06-11,5.31,73,90
2019-06-24,5.89,73,92
2019-06-26,5.2,73,88
2019-07-29,5.47,73,89
2019-08-18,3.27,73,98
2019-08-23,2.75,73,93
2019-08-25,2.43,73,91
2019-08-28,1.96,73,85
2019-09-22,1.32,73,94
2019-09-24,1.32,73,97
2019-10-12,1.34,73,95
2019-10-14,1.4,73,86
2019-10-27,1.55,73,87
2019-11-01,1.38,73,99
2019-05-01,1190.0,64,204
2019-06-05,988.0,64,200
2019-06-12,778.0,64,205
2019-06-17,756.0,64,207
2019-06-20,704.0,64,199
2019-06-30,572.0,64,198
2019-07-15,993.0,64,201
2019-07-20,799.0,64,206
2019-08-24,671.0,64,203
2019-08-26,665.0,64,202
2019-06-01,23.4,70,218
2019-06-16,6.03,70,224
2019-07-01,58.4,70,219
2019-07-04,23.0,70,226
2019-08-28,2.19,70,221
2019-08-30,1.66,70,220
2019-09-12,1.69,70,222
2019-09-22,2.85,70,214
2019-10-02,0.92,70,223
2019-10-14,57.2,70,215
2019-10-17,4.31,70,216
2019-10-24,1.34,70,225
2019-10-27,1.57,70,217
2019-05-01,1.46,79,170
2019-06-05,1.25,79,167
2019-06-12,1.25,79,168
2019-06-30,1.25,79,169
2019-07-15,1.46,79,175
2019-08-24,1.25,79,171
2019-08-26,1.04,79,172
2019-08-29,0.87,79,174
2019-06-05,1.38,55,239
2019-06-30,4.11,55,237
2019-07-25,3.02,55,238
2019-06-09,4.32,69,86
2019-06-12,4.09,69,81
2019-06-27,3.31,69,82
2019-07-29,8.66,69,88
2019-08-26,2.95,69,84
2019-08-28,2.6,69,85
2019-09-05,2.01,69,83
2019-09-22,1.96,69,78
2019-10-12,2.82,69,87
2019-10-20,3.09,69,79
2019-10-27,2.35,69,80
2019-08-11,0.68,80,44
2019-08-26,0.75,80,45
2019-06-11,3.89,69,229
2019-06-16,5.19,69,228
2019-06-26,3.88,69,227
2019-07-29,17.0,69,230
2019-08-28,3.77,69,231
2019-09-04,3.56,69,233
2019-09-12,3.56,69,232
2019-09-22,4.77,69,224
2019-10-14,23.0,69,226
2019-10-17,4.79,69,234
2019-10-27,3.22,69,225
2019-05-01,1120.0,64,162
2019-06-02,889.0,64,161
2019-06-12,675.0,64,166
2019-06-22,595.0,64,163
2019-06-30,483.0,64,160
2019-08-24,592.0,64,159
2019-08-26,661.0,64,164
2019-08-29,561.0,64,165
2019-06-11,6.65,72,216
2019-06-26,6.43,72,215
2019-08-18,4.43,72,218
2019-08-25,4.54,72,217
2019-08-28,4.23,72,214
2019-09-12,4.35,72,219
2019-09-22,4.69,72,210
2019-09-24,4.72,72,211
2019-10-14,5.52,72,212
2019-10-27,5.42,72,213
2019-06-12,0.4,59,231
2019-06-25,0.15,59,226
2019-06-30,0.34,59,223
2019-08-24,0.024,59,225
2019-08-26,0.026,59,232
2019-08-29,0.011,59,227
2019-09-05,0.004,59,229
2019-09-23,0.001,59,228
2019-10-20,0.0,59,230
2019-07-04,14.1,68,163
2019-07-29,33.9,68,161
2019-08-28,6.79,68,162
2019-09-05,4.52,68,165
2019-09-15,4.51,68,157
2019-09-22,7.43,68,158
2019-10-17,9.67,68,159
2019-10-25,4.88,68,160
2019-10-27,4.4,68,166
2019-06-11,10.7,71,185
2019-06-16,9.03,71,181
2019-06-26,8.4,71,184
2019-07-01,34.3,71,183
2019-07-16,67.1,71,190
2019-07-29,56.4,71,188
2019-08-28,8.99,71,182
2019-08-30,7.77,71,189
2019-09-12,6.28,71,186
2019-09-22,9.25,71,176
2019-10-02,7.15,71,187
2019-10-14,16.1,71,177
2019-10-17,35.8,71,178
2019-10-27,5.82,71,179
2019-11-01,5.07,71,180
2019-06-12,5.84,78,26
2019-06-22,4.62,78,28
2019-09-05,1.79,78,27
2019-05-14,21.5,62,80
2019-06-03,17.8,62,83
2019-06-26,12.4,62,79
2019-07-01,12.1,62,76
2019-07-11,12.9,62,77
2019-07-26,13.0,62,78
2019-08-27,10.2,62,81
2019-10-14,6.25,62,82
2019-05-20,0.81,75,57
2019-05-30,0.34,75,54
2019-06-04,0.23,75,55
2019-06-09,0.19,75,50
2019-06-11,0.18,75,52
2019-06-24,0.14,75,53
2019-08-23,0.042,75,59
2019-08-25,0.036,75,51
2019-08-28,0.029,75,56
2019-09-04,0.025,75,62
2019-09-24,0.031,75,58
2019-10-14,0.034,75,61
2019-10-27,0.08,75,60
2019-06-05,18.9,79,109
2019-06-15,18.7,79,110
2019-06-30,16.5,79,108
2019-08-24,11.7,79,111
2019-05-01,9.51,55,129
2019-05-18,9.4,55,127
2019-05-31,5.85,55,124
2019-06-05,3.0,55,123
2019-06-12,3.0,55,121
2019-06-27,3.0,55,122
2019-06-30,3.24,55,120
2019-08-24,3.2,55,128
2019-08-29,3.04,55,125
2019-09-05,2.8,55,118
2019-09-15,2.94,55,126
2019-10-20,2.87,55,130
2019-06-03,0.5,58,118
2019-06-30,0.45,58,119
2019-09-21,0.44,58,117
2019-06-12,0.7,54,221
2019-08-26,0.4,54,220
2019-09-05,0.41,54,217
2019-09-15,0.47,54,219
2019-10-20,0.45,54,216
2019-06-03,8.0,62,97
2019-06-05,7.6,62,99
2019-06-15,6.7,62,100
2019-06-30,6.1,62,98
2019-08-24,4.1,62,101
2019-08-27,3.7,62,102
2019-09-01,3.8,62,103
2019-09-11,4.7,62,104
2019-07-04,3.78,68,190
2019-07-29,3.13,68,186
2019-08-28,0.95,68,187
2019-09-05,0.77,68,188
2019-09-15,0.9,68,182
2019-09-22,1.15,68,183
2019-10-17,1.79,68,184
2019-10-25,0.65,68,185
2019-10-27,0.6,68,191
2019-11-01,0.65,68,192
2019-07-04,3.07,66,63
2019-08-28,0.67,66,71
2019-09-05,0.62,66,69
2019-09-12,0.69,66,72
2019-09-15,0.68,66,64
2019-09-22,0.87,66,65
2019-10-17,1.28,66,66
2019-10-25,4.4,66,67
2019-10-27,0.82,66,68
2019-06-03,15.2,60,231
2019-06-30,8.34,60,232
2019-08-24,3.71,60,233
2019-08-27,3.42,60,234
2019-09-01,3.38,60,235
2019-09-11,3.34,60,236
2019-11-30,9.69,60,230
2019-06-03,39.0,60,238
2019-06-30,28.2,60,239
2019-08-24,19.7,60,240
2019-08-27,18.2,60,242
2019-09-01,16.3,60,241
2019-09-11,21.3,60,243
2019-11-30,32.8,60,237
2019-05-30,4.15,76,181
2019-06-09,4.06,76,180
2019-06-12,3.96,76,179
2019-06-24,3.87,76,182
2019-08-23,2.78,76,183
2019-08-26,2.52,76,177
2019-08-28,2.51,76,178
2019-09-05,2.37,76,176
2019-09-27,2.0,76,184
2019-05-01,38.9,58,239
2019-06-12,22.5,58,247
2019-06-17,22.0,58,243
2019-06-25,22.4,58,240
2019-06-30,23.2,58,238
2019-08-24,19.0,58,242
2019-08-29,19.4,58,245
2019-09-05,23.6,58,241
2019-09-23,22.1,58,246
2019-10-13,26.8,58,249
2019-10-20,27.1,58,248
2019-06-12,3.1,63,147
2019-08-26,0.36,63,148
2019-09-05,0.34,63,145
2019-09-15,0.48,63,150
2019-10-20,0.55,63,146
2019-10-25,0.45,63,151
2019-05-25,27.7,66,222
2019-06-09,11.2,66,212
2019-06-12,11.4,66,213
2019-07-29,42.3,66,214
2019-08-26,21.3,66,218
2019-08-28,19.5,66,219
2019-09-05,7.17,66,217
2019-09-12,5.91,66,220
2019-09-15,6.09,66,215
2019-09-22,5.97,66,209
2019-10-17,5.72,66,221
2019-10-20,5.84,66,210
2019-10-27,5.85,66,211
2019-05-20,3.62,76,230
2019-06-04,2.07,76,232
2019-06-09,1.8,76,225
2019-06-12,1.67,76,227
2019-06-22,1.36,76,226
2019-06-24,1.29,76,228
2019-08-23,0.79,76,229
2019-08-28,0.56,76,223
2019-09-05,0.37,76,224
2019-10-20,0.29,76,231
2019-07-29,21.7,69,119
2019-08-28,0.65,69,121
2019-09-12,0.5,69,120
2019-09-22,0.47,69,117
2019-10-27,0.42,69,118
2019-06-09,392.0,64,110
2019-06-12,391.0,64,113
2019-06-24,326.0,64,112
2019-07-29,3280.0,64,118
2019-08-23,384.0,64,115
2019-08-26,390.0,64,116
2019-08-28,357.0,64,117
2019-09-05,258.0,64,107
2019-09-12,220.0,64,114
2019-09-22,211.0,64,108
2019-10-12,208.0,64,109
2019-10-20,435.0,64,111
2019-10-27,259.0,64,119
2019-06-07,390.0,64,102
2019-06-09,387.0,64,96
2019-06-12,389.0,64,100
2019-06-22,350.0,64,99
2019-06-24,326.0,64,98
2019-07-29,3260.0,64,105
2019-08-01,1400.0,64,104
2019-08-23,393.0,64,101
2019-08-26,394.0,64,103
2019-08-28,355.0,64,97
2019-09-05,258.0,64,92
2019-09-12,222.0,64,106
2019-09-22,207.0,64,93
2019-10-12,215.0,64,95
2019-10-20,408.0,64,94
2019-05-29,0.12,63,48
2019-06-03,0.13,63,46
2019-06-05,0.12,63,42
2019-06-20,0.12,63,44
2019-06-23,0.12,63,47
2019-06-30,0.11,63,43
2019-07-28,0.12,63,50
2019-08-22,0.05,63,51
2019-08-24,0.05,63,45
2019-08-27,0.05,63,40
2019-09-01,0.05,63,41
2019-09-11,0.03,63,49
2019-06-15,2.92,79,144
2019-06-30,2.65,79,143
2019-08-24,2.75,79,145
2019-06-12,0.92,72,82
2019-08-26,1.4,72,79
2019-08-28,1.24,72,78
2019-09-05,0.78,72,80
2019-09-22,0.59,72,75
2019-10-12,0.59,72,83
2019-10-20,0.72,72,76
2019-10-27,0.59,72,77
2019-05-25,4.98,73,223
2019-06-09,3.51,73,215
2019-06-12,3.41,73,212
2019-06-17,3.2,73,213
2019-06-27,2.92,73,214
2019-08-26,1.92,73,218
2019-08-28,1.65,73,222
2019-09-05,1.5,73,208
2019-09-12,1.42,73,217
2019-09-15,1.53,73,219
2019-09-22,1.47,73,209
2019-09-27,1.43,73,224
2019-10-12,2.08,73,220
2019-10-20,2.41,73,210
2019-10-25,2.33,73,221
2019-10-27,2.13,73,211
2019-11-01,2.02,73,225
2019-06-09,0.32,74,64
2019-06-12,0.29,74,68
2019-06-27,0.2,74,72
2019-08-23,0.2,74,71
2019-08-26,0.18,74,69
2019-08-28,0.16,74,66
2019-09-05,0.13,74,65
2019-09-12,0.13,74,67
2019-09-22,0.13,74,61
2019-10-12,0.12,74,70
2019-10-20,0.13,74,62
2019-10-25,0.12,74,73
2019-10-27,0.12,74,63
2019-06-05,3.94,63,65
2019-06-20,3.69,63,66
2019-06-30,3.62,63,67
2019-07-20,3.98,63,68
2019-06-12,0.4,55,133
2019-06-17,0.43,55,135
2019-06-27,0.35,55,134
2019-09-05,0.32,55,131
2019-09-15,0.42,55,136
2019-10-20,0.33,55,137
2019-05-20,5.62,80,137
2019-05-30,5.57,80,144
2019-06-04,3.76,80,133
2019-06-07,3.81,80,138
2019-06-12,2.21,80,134
2019-06-19,2.07,80,136
2019-06-24,2.14,80,135
2019-08-18,3.77,80,140
2019-08-23,3.47,80,142
2019-08-26,2.78,80,141
2019-08-28,2.7,80,139
2019-09-05,2.49,80,143
2019-05-01,0.62,59,164
2019-06-17,0.13,59,162
2019-08-26,0.019,59,167
2019-09-05,0.013,59,163
2019-09-23,0.011,59,166
2019-10-13,0.005,59,168
2019-10-20,0.005,59,169
2019-06-03,1.58,62,48
2019-06-26,0.84,62,49
2019-07-18,0.84,62,51
2019-07-26,0.78,62,53
2019-07-28,0.67,62,55
2019-08-25,0.52,62,50
2019-09-11,0.39,62,52
2019-10-14,0.27,62,54
2019-05-30,2.53,77,4
2019-06-12,2.24,77,2
2019-06-24,1.97,77,6
2019-06-29,1.84,77,7
2019-08-23,1.24,77,8
2019-08-26,1.08,77,5
2019-08-28,1.03,77,3
2019-06-30,0.17,60,121
2019-08-24,0.17,60,122
2019-10-23,0.12,60,123
2019-05-14,4.5,61,147
2019-06-03,3.8,61,151
2019-06-15,3.56,61,146
2019-06-30,3.56,61,152
2019-08-24,2.17,61,150
2019-08-27,2.09,61,148
2019-09-01,2.09,61,149
2019-09-11,1.91,61,154
2019-10-18,2.26,61,155
2019-10-31,2.65,61,153
2019-05-18,1.32,55,208
2019-06-25,0.85,55,202
2019-06-27,0.65,55,204
2019-06-30,1.08,55,206
2019-07-25,1.67,55,203
2019-08-29,0.26,55,209
2019-09-05,0.22,55,205
2019-09-15,0.21,55,210
2019-05-19,1.93,56,226
2019-05-24,2.22,56,229
2019-06-03,1.39,56,224
2019-06-05,1.36,56,225
2019-06-25,1.37,56,227
2019-06-30,1.37,56,222
2019-07-03,1.37,56,223
2019-09-01,0.81,56,228
2019-09-21,0.7,56,221
2019-06-11,4.95,72,199
2019-06-26,4.65,72,193
2019-08-18,4.5,72,194
2019-08-25,4.5,72,195
2019-08-28,4.5,72,188
2019-09-12,4.35,72,196
2019-09-22,4.5,72,189
2019-09-24,4.5,72,190
2019-10-14,4.65,72,191
2019-10-24,4.35,72,197
2019-10-27,4.35,72,192
2019-11-01,4.2,72,198
2019-06-09,4.49,63,136
2019-06-12,2.14,63,137
2019-08-26,0.2,63,141
2019-08-28,0.2,63,140
2019-09-05,0.17,63,135
2019-09-15,0.18,63,139
2019-09-22,0.24,63,132
2019-10-17,0.23,63,142
2019-10-20,0.21,63,133
2019-10-25,0.21,63,144
2019-10-27,0.2,63,134
2019-11-01,0.19,63,143
2019-06-09,2.89,63,123
2019-06-09,1.92,63,106
2019-06-09,1.59,63,89
2019-06-12,1.4,63,124
2019-06-12,1.06,63,107
2019-06-12,0.44,63,90
2019-07-04,1.21,63,125
2019-07-04,0.92,63,110
2019-07-04,0.31,63,94
2019-07-29,2.61,63,122
2019-07-29,1.3,63,105
2019-07-29,1.4,63,88
2019-08-26,0.34,63,115
2019-08-28,0.11,63,127
2019-08-28,0.33,63,111
2019-08-28,0.12,63,92
2019-09-05,0.11,63,121
2019-09-05,0.31,63,104
2019-09-05,0.12,63,91
2019-09-12,0.11,63,130
2019-09-12,0.34,63,109
2019-09-12,0.11,63,95
2019-09-15,0.1,63,116
2019-09-15,0.4,63,99
2019-09-15,0.12,63,83
2019-09-22,0.1,63,117
2019-09-22,0.32,63,100
2019-09-22,0.11,63,84
2019-10-17,0.1,63,128
2019-10-17,0.19,63,112
2019-10-17,0.12,63,96
2019-10-20,0.1,63,118
2019-10-20,0.2,63,101
2019-10-20,0.1,63,85
2019-10-25,0.1,63,119
2019-10-25,0.21,63,102
2019-10-25,0.11,63,86
2019-10-27,0.1,63,120
2019-10-27,0.2,63,103
2019-10-27,0.1,63,87
2019-11-01,0.09,63,129
2019-11-01,0.16,63,113
2019-11-01,0.11,63,97
2019-11-24,0.09,63,131
2019-11-24,0.16,63,114
2019-11-24,0.33,63,98
2019-06-09,0.74,72,152
2019-07-29,0.71,72,151
2019-08-23,0.3,72,153
2019-08-28,0.23,72,150
2019-09-22,0.17,72,148
2019-10-12,0.18,72,154
2019-10-27,0.18,72,149
2019-05-20,107.0,74,228
2019-05-30,98.3,74,233
2019-06-04,89.2,74,235
2019-06-09,78.4,74,231
2019-06-12,70.5,74,238
2019-06-22,53.1,74,230
2019-06-24,50.0,74,234
2019-08-23,20.0,74,229
2019-08-26,17.3,74,237
2019-08-28,16.0,74,236
2019-09-05,14.1,74,227
2019-09-27,17.7,74,232
2019-06-09,0.3,72,140
2019-06-12,0.34,72,136
2019-08-23,0.6,72,139
2019-08-26,0.1,72,135
2019-08-28,0.08,72,138
2019-09-05,0.06,72,134
2019-09-22,0.1,72,130
2019-10-20,0.16,72,131
2019-10-25,0.34,72,132
2019-10-27,0.32,72,133
2019-05-01,1170.0,64,153
2019-06-05,817.0,64,154
2019-06-30,475.0,64,152
2019-08-24,571.0,64,151
2019-08-26,625.0,64,155
2019-08-29,524.0,64,158
2019-09-05,407.0,64,156
2019-05-01,4.51,78,206
2019-06-05,4.15,78,209
2019-06-12,3.53,78,211
2019-06-22,2.75,78,205
2019-06-30,2.39,78,204
2019-08-24,0.65,78,210
2019-08-26,0.56,78,208
2019-08-29,0.48,78,212
2019-09-05,0.45,78,207
2019-06-09,37.9,77,67
2019-06-11,36.0,77,64
2019-06-24,28.3,77,66
2019-06-26,27.2,77,63
2019-07-01,26.9,77,62
2019-08-18,85.2,77,70
2019-08-23,77.6,77,68
2019-08-25,63.3,77,65
2019-08-28,54.0,77,69
2019-09-24,21.4,77,60
2019-10-14,17.0,77,61
2019-10-27,26.2,77,71
2019-05-19,11.6,57,141
2019-06-03,4.0,57,139
2019-06-25,2.15,57,137
2019-06-30,4.28,57,138
2019-09-01,1.15,57,140
2019-09-21,0.84,57,136
2019-05-30,6.99,76,55
2019-06-04,6.13,76,56
2019-06-09,4.68,76,54
2019-06-24,2.17,76,57
2019-07-19,1.45,76,58
2019-08-23,0.89,76,59
2019-06-09,2.52,74,133
2019-06-12,2.33,74,134
2019-06-22,2.08,74,131
2019-06-24,2.35,74,132
2019-07-29,4.05,74,136
2019-08-01,3.14,74,135
2019-08-23,1.63,74,138
2019-08-26,1.15,74,137
2019-08-28,0.96,74,130
2019-09-05,0.54,74,128
2019-09-22,0.81,74,139
2019-10-12,0.57,74,140
2019-10-20,0.87,74,129
2019-06-03,78.4,59,60
2019-06-05,75.6,59,63
2019-06-15,61.2,59,55
2019-06-25,52.1,59,54
2019-06-30,49.0,59,53
2019-07-25,66.4,59,61
2019-08-24,34.0,59,56
2019-08-27,32.0,59,59
2019-09-11,30.7,59,57
2019-09-23,29.2,59,58
2019-10-18,33.9,59,62
2019-06-09,665.0,64,130
2019-06-12,637.0,64,135
2019-06-22,553.0,64,131
2019-06-24,548.0,64,129
2019-08-23,574.0,64,137
2019-08-28,546.0,64,132
2019-09-05,391.0,64,128
2019-09-12,340.0,64,133
2019-09-22,317.0,64,134
2019-10-20,554.0,64,136
2019-06-03,2.53,61,66
2019-06-05,2.27,61,70
2019-06-30,1.32,61,65
2019-08-24,1.37,61,67
2019-08-27,1.31,61,68
2019-09-01,0.89,61,69
2019-09-11,0.88,61,71
2019-11-30,1.13,61,64
2019-06-09,113.0,77,112
2019-06-12,102.0,77,116
2019-06-22,93.9,77,115
2019-06-24,96.8,77,114
2019-08-23,123.0,77,117
2019-08-28,115.0,77,113
2019-09-05,76.4,77,111
2019-06-09,704.0,64,138
2019-06-12,678.0,64,146
2019-06-22,597.0,64,140
2019-06-24,592.0,64,139
2019-08-23,584.0,64,141
2019-08-28,560.0,64,144
2019-09-05,396.0,64,142
2019-09-12,346.0,64,143
2019-09-22,322.0,64,145
2019-10-20,552.0,64,147
2019-05-14,8.03,61,138
2019-06-03,7.04,61,145
2019-06-15,6.24,61,144
2019-06-30,5.83,61,139
2019-08-24,4.32,61,140
2019-08-27,4.25,61,141
2019-09-01,4.17,61,142
2019-09-11,3.77,61,143
2019-05-30,103.0,77,82
2019-06-04,90.0,77,90
2019-06-09,76.7,77,83
2019-06-11,72.4,77,81
2019-06-24,65.1,77,86
2019-08-23,106.0,77,84
2019-08-25,98.2,77,87
2019-08-28,69.4,77,85
2019-09-04,54.8,77,89
2019-09-24,34.0,77,88
2019-10-14,31.3,77,92
2019-10-27,37.4,77,91
2019-06-11,4.18,71,18
2019-06-16,2.58,71,17
2019-07-01,14.5,71,15
2019-07-04,18.8,71,20
2019-07-29,6.14,71,16
2019-08-28,1.95,71,19
2019-08-30,1.77,71,21
2019-09-04,1.52,71,23
2019-09-12,1.6,71,22
2019-09-22,1.37,71,13
2019-10-14,71.9,71,14
2019-10-17,5.34,71,24
2019-05-19,0.81,56,246
2019-06-03,0.41,56,248
2019-06-05,0.37,57,0
2019-06-25,0.28,56,247
2019-06-30,0.4,56,245
2019-07-03,0.29,56,249
2019-09-01,0.14,57,1
2019-09-21,0.13,56,244
2019-06-11,1.63,72,246
2019-06-26,1.62,72,237
2019-08-18,1.65,72,245
2019-08-25,1.72,72,243
2019-08-28,1.75,72,238
2019-09-12,1.53,72,244
2019-09-22,1.15,72,239
2019-09-24,1.07,72,240
2019-10-14,1.42,72,241
2019-10-24,1.26,72,247
2019-10-27,1.29,72,242
2019-07-04,0.28,68,138
2019-07-29,0.17,68,139
2019-09-15,0.031,68,134
2019-09-22,0.034,68,135
2019-10-17,0.14,68,136
2019-10-25,0.045,68,137
2019-07-04,4.35,68,116
2019-07-29,4.78,68,118
2019-08-28,1.71,68,119
2019-09-05,1.26,68,122
2019-09-15,1.15,68,112
2019-09-22,1.09,68,113
2019-10-17,2.34,68,114
2019-10-25,1.41,68,115
2019-10-27,1.28,68,120
2019-11-01,1.7,68,121
2019-06-09,2.2,77,242
2019-06-24,2.05,77,243
2019-07-29,2.74,77,241
2019-08-23,1.36,77,244
2019-08-28,1.05,77,240
2019-09-22,0.75,77,246
2019-10-12,0.63,77,247
2019-10-27,1.0,77,245
2019-05-20,195.0,75,20
2019-06-09,147.0,75,22
2019-06-12,138.0,75,19
2019-06-22,107.0,75,21
2019-06-24,102.0,75,26
2019-08-23,55.2,75,24
2019-08-28,50.6,75,23
2019-09-05,43.4,75,18
2019-10-20,40.4,75,25
2019-05-29,1.49,63,58
2019-06-03,1.35,63,54
2019-06-05,1.32,63,55
2019-06-20,1.25,63,61
2019-06-23,1.24,63,64
2019-06-30,1.28,63,56
2019-07-20,1.35,63,57
2019-07-28,1.43,63,60
2019-08-22,1.22,63,63
2019-08-24,1.18,63,59
2019-08-27,1.15,63,52
2019-09-01,1.11,63,53
2019-09-11,2.14,63,62
2019-06-11,2.16,71,105
2019-06-16,2.0,71,109
2019-06-26,1.72,71,107
2019-07-01,6.6,71,104
2019-07-16,5.11,71,114
2019-07-29,7.44,71,108
2019-08-18,4.75,71,106
2019-08-20,4.5,71,111
2019-08-28,3.93,71,112
2019-09-12,1.9,71,110
2019-09-22,1.79,71,99
2019-10-02,1.52,71,113
2019-10-14,1.74,71,100
2019-10-17,2.61,71,101
2019-10-27,1.19,71,102
2019-11-01,1.07,71,103
2019-05-01,5.12,79,226
2019-06-02,4.9,79,222
2019-06-05,4.68,79,223
2019-06-12,4.24,79,220
2019-06-30,3.91,79,219
2019-07-20,5.12,79,225
2019-08-24,5.94,79,221
2019-08-26,4.85,79,224
2019-08-29,4.16,79,228
2019-06-09,0.84,76,196
2019-06-12,0.78,76,199
2019-06-22,0.79,76,198
2019-06-24,0.75,76,197
2019-08-23,0.43,76,200
2019-08-28,0.32,76,195
2019-09-05,0.23,76,194
2019-10-20,0.18,76,201
2019-06-09,12.0,66,229
2019-07-29,52.8,66,226
2019-08-26,22.7,66,230
2019-08-28,21.4,66,231
2019-09-05,7.67,66,228
2019-09-12,6.74,66,232
2019-09-15,6.89,66,227
2019-09-22,6.98,66,223
2019-10-20,6.85,66,224
2019-10-27,6.49,66,225
2019-06-11,15.9,70,63
2019-06-16,7.21,70,61
2019-07-01,31.7,70,58
2019-07-04,20.6,70,59
2019-08-30,2.29,70,60
2019-09-22,1.88,70,55
2019-10-14,61.5,70,62
2019-10-17,6.49,70,56
2019-10-27,3.04,70,57
2019-11-01,1.77,70,64
2019-06-09,1.86,74,91
2019-06-12,1.86,74,94
2019-06-24,1.77,74,92
2019-07-29,2.44,74,93
2019-08-23,0.94,74,97
2019-08-26,0.84,74,95
2019-08-28,0.74,74,96
2019-09-05,0.59,74,86
2019-09-12,0.98,74,99
2019-09-22,0.76,74,87
2019-10-12,0.45,74,88
2019-10-20,0.37,74,89
2019-10-27,0.55,74,90
2019-05-20,1.73,75,178
2019-05-20,0.51,75,167
2019-05-30,0.44,75,164
2019-06-04,0.56,75,177
2019-06-04,0.42,75,158
2019-06-09,0.48,75,176
2019-06-09,0.41,75,159
2019-06-11,0.39,75,162
2019-06-24,0.48,75,181
2019-06-24,0.37,75,161
2019-07-19,0.85,75,170
2019-08-23,0.1,75,180
2019-08-23,0.22,75,165
2019-08-25,0.18,75,160
2019-08-28,0.09,75,179
2019-08-28,0.17,75,163
2019-08-30,0.17,75,168
2019-09-24,0.21,75,166
2019-09-27,0.21,75,169
2019-06-03,0.88,62,236
2019-06-23,0.75,62,237
2019-06-30,0.7,62,235
2019-08-27,0.49,62,233
2019-09-01,0.45,62,234
2019-06-26,198.0,64,57
2019-08-23,332.0,64,58
2019-08-25,304.0,64,59
2019-08-28,284.0,64,60
2019-09-22,153.0,64,55
2019-10-27,159.0,64,56
2019-06-09,1.88,66,237
2019-06-12,1.35,66,238
2019-07-29,1.27,66,239
2019-08-26,0.51,66,240
2019-09-05,0.39,66,243
2019-09-15,0.45,66,245
2019-09-22,0.4,66,234
2019-10-17,0.4,66,242
2019-10-20,0.34,66,235
2019-10-25,0.32,66,244
2019-10-27,0.35,66,236
2019-11-01,0.36,66,246
2019-05-19,3.67,60,158
2019-06-03,4.21,60,157
2019-06-15,2.34,60,160
2019-06-30,1.35,60,156
2019-09-01,0.72,60,159
2019-09-11,0.5,60,161
2019-10-13,0.36,60,155
2019-06-11,1.23,69,246
2019-06-16,0.83,69,243
2019-07-01,4.3,69,244
2019-07-04,4.42,70,1
2019-07-29,7.99,69,245
2019-08-28,0.59,69,247
2019-08-30,0.49,70,3
2019-09-04,0.4,69,249
2019-09-12,0.5,69,248
2019-09-22,0.4,69,241
2019-10-07,0.35,70,4
2019-10-14,22.3,69,242
2019-10-17,2.2,70,0
2019-10-19,1.01,70,2
2019-10-24,0.5,70,5
2019-05-18,0.98,56,65
2019-06-05,0.76,56,61
2019-06-17,0.72,56,62
2019-06-25,0.7,56,60
2019-06-27,0.66,56,55
2019-06-30,2.82,56,56
2019-07-25,1.93,56,59
2019-08-24,0.37,56,63
2019-09-05,0.42,56,58
2019-09-15,0.31,56,64
2019-10-20,0.25,56,66
2019-11-07,0.27,56,67
2019-05-18,3.08,56,164
2019-06-05,1.59,56,167
2019-06-17,1.49,56,162
2019-06-25,1.27,56,169
2019-06-27,1.2,56,161
2019-06-30,0.8,56,168
2019-09-05,0.2,56,166
2019-09-15,0.3,56,165
2019-06-12,0.42,54,155
2019-08-26,0.18,54,159
2019-09-05,0.15,54,156
2019-09-15,0.13,54,157
2019-10-20,0.27,54,154
2019-05-12,3.02,81,21
2019-05-30,2.65,81,19
2019-06-04,2.4,81,23
2019-06-09,2.14,81,22
2019-06-11,2.06,81,25
2019-06-24,1.5,81,17
2019-08-05,0.82,81,15
2019-08-25,0.65,81,16
2019-08-30,0.57,81,18
2019-09-27,0.51,81,20
2019-10-14,0.47,81,24
2019-10-22,0.52,81,26
2019-05-20,0.94,77,229
2019-06-04,0.35,77,230
2019-06-09,0.3,77,225
2019-06-24,0.25,77,227
2019-08-23,0.23,77,228
2019-08-28,0.14,77,226
2019-05-25,76.8,68,75
2019-07-29,165.0,68,73
2019-08-28,51.3,68,74
2019-09-22,39.2,68,71
2019-10-17,118.0,68,76
2019-10-27,48.7,68,72
2019-06-03,16.5,58,88
2019-06-03,0.57,58,140
2019-06-05,22.7,58,90
2019-06-05,0.57,58,142
2019-06-25,10.9,58,89
2019-06-25,0.28,58,141
2019-06-30,20.8,58,87
2019-06-30,0.38,58,139
2019-07-23,67.1,58,91
2019-07-23,2.46,58,144
2019-09-01,3.1,58,92
2019-09-01,0.12,58,143
2019-09-21,4.43,58,86
2019-09-21,0.27,58,138
2019-10-13,3.47,58,94
2019-10-18,3.42,58,93
2019-10-18,0.15,58,145
2019-06-26,1.24,72,160
2019-08-18,1.18,72,161
2019-08-25,1.23,72,162
2019-08-28,1.18,72,159
2019-09-12,0.99,72,163
2019-09-22,0.93,72,155
2019-09-24,0.93,72,156
2019-10-14,0.98,72,157
2019-10-24,0.85,72,165
2019-10-27,0.84,72,158
2019-11-03,0.86,72,164
2019-05-25,0.92,66,99
2019-06-09,0.85,66,89
2019-07-04,0.64,66,96
2019-07-29,1.02,66,103
2019-08-28,0.11,66,97
2019-09-05,0.1,66,95
2019-09-12,0.1,66,98
2019-09-15,0.1,66,90
2019-09-22,0.1,66,91
2019-10-17,0.29,66,100
2019-10-20,0.12,66,92
2019-10-25,0.11,66,93
2019-10-27,0.14,66,94
2019-11-01,0.09,66,101
2019-11-24,0.1,66,104
2019-07-29,211.0,68,79
2019-08-28,57.3,68,80
2019-09-12,46.7,68,81
2019-09-22,49.2,68,77
2019-10-17,142.0,68,82
2019-10-27,53.5,68,78
2019-05-19,5.06,58,58
2019-05-19,48.7,57,174
2019-06-03,2.41,58,57
2019-06-03,36.0,57,172
2019-06-05,2.24,58,60
2019-06-05,39.9,57,175
2019-06-15,1.76,58,64
2019-06-25,1.45,58,59
2019-06-25,21.7,57,173
2019-06-30,1.46,58,56
2019-06-30,38.2,57,171
2019-09-01,0.9,58,62
2019-09-01,10.6,57,177
2019-09-21,0.83,58,61
2019-09-21,8.28,57,176
2019-10-06,0.73,58,63
2019-10-06,8.01,57,178
2019-10-13,0.66,58,55
2019-10-13,9.24,57,170
2019-06-11,5.29,71,158
2019-06-16,3.95,71,155
2019-06-26,3.89,71,156
2019-07-29,29.2,71,157
2019-08-28,3.86,71,159
2019-09-04,2.97,71,161
2019-09-12,3.12,71,160
2019-09-22,3.46,71,152
2019-10-14,36.5,71,153
2019-10-17,22.8,71,162
2019-10-27,3.16,71,154
2019-05-18,5.76,55,229
2019-06-25,3.74,55,227
2019-06-27,3.42,55,228
2019-06-30,6.38,55,225
2019-07-25,7.64,55,226
2019-08-29,2.22,55,233
2019-09-05,2.15,55,230
2019-09-15,2.46,55,231
2019-06-03,1.5,62,24
2019-06-23,0.81,62,25
2019-07-18,0.71,62,23
2019-07-26,0.49,62,27
2019-07-28,0.46,62,26
2019-08-27,0.37,62,28
2019-10-14,0.88,62,29
2019-06-05,0.25,61,62
2019-06-12,0.2,61,61
2019-06-30,0.09,61,60
2019-08-24,0.013,61,59
2019-10-23,0.013,61,63
2019-06-11,1.75,69,183
2019-06-16,2.36,69,182
2019-06-26,1.7,69,181
2019-07-29,15.2,69,184
2019-08-28,0.82,69,185
2019-09-04,0.51,69,187
2019-09-12,0.54,69,186
2019-09-22,0.58,69,178
2019-10-14,18.5,69,179
2019-10-17,2.91,69,188
2019-10-24,0.79,69,189
2019-10-27,0.62,69,180
2019-06-09,15.0,78,106
2019-06-24,10.8,78,109
2019-07-29,16.1,78,107
2019-08-23,9.38,78,108
2019-08-26,6.99,78,112
2019-08-28,5.78,78,111
2019-09-05,3.98,78,102
2019-09-12,4.51,78,110
2019-09-22,4.44,78,103
2019-10-12,5.9,78,104
2019-10-20,4.54,78,105
2019-05-25,33.1,66,32
2019-06-09,24.1,66,23
2019-06-12,13.4,66,25
2019-07-29,26.1,66,26
2019-08-26,2.88,66,31
2019-08-28,2.75,66,27
2019-09-05,2.29,66,22
2019-09-12,2.5,66,28
2019-09-15,3.13,66,30
2019-09-22,5.74,66,19
2019-10-17,5.62,66,29
2019-10-20,3.41,66,20
2019-10-25,4.23,66,33
2019-10-27,6.27,66,21
2020-05-09,510.0,92,125
2020-06-28,168.0,92,128
2020-07-28,273.0,92,127
2020-08-12,410.0,92,123
2020-08-22,790.0,92,124
2020-09-21,610.0,92,126
2020-05-15,0.39,88,72
2020-07-24,0.15,88,69
2020-08-08,0.2,88,71
2020-08-13,0.2,88,70
2020-09-22,0.17,88,68
2020-05-07,1.19,106,182
2020-06-01,1.14,106,184
2020-06-16,0.71,106,181
2020-07-26,0.5,106,177
2020-08-15,0.4,106,178
2020-08-20,0.43,106,179
2020-09-14,0.51,106,180
2020-09-24,0.53,106,183
2020-05-09,1.55,95,105
2020-06-06,1.21,95,96
2020-06-13,1.23,95,106
2020-07-01,1.24,95,94
2020-07-28,1.29,95,92
2020-08-02,1.55,95,103
2020-08-12,1.88,95,93
2020-08-22,3.84,95,95
2020-08-30,2.24,95,99
2020-09-09,1.6,95,97
2020-09-11,1.39,95,98
2020-09-14,1.29,95,102
2020-09-16,1.77,95,100
2020-09-21,1.27,95,104
2020-10-06,1.15,95,101
2020-07-18,1.75,107,221
2020-08-07,1.42,107,219
2020-10-06,0.98,107,220
2020-06-22,0.31,85,205
2020-06-27,0.26,85,207
2020-08-01,0.21,85,199
2020-08-08,0.63,85,204
2020-08-16,0.93,85,201
2020-08-21,9.75,85,200
2020-09-15,0.26,85,203
2020-09-20,0.33,85,202
2020-09-22,0.24,85,206
2020-05-22,15.2,83,83
2020-06-01,10.7,83,81
2020-07-01,8.35,83,80
2020-07-31,7.5,83,73
2020-08-05,9.3,83,82
2020-08-08,68.6,83,75
2020-08-20,92.5,83,74
2020-09-09,20.3,83,76
2020-09-12,22.8,83,78
2020-09-14,15.8,83,77
2020-09-22,14.9,83,79
2020-05-08,43.8,90,171
2020-06-17,22.4,90,165
2020-06-27,19.9,90,168
2020-08-06,19.3,90,166
2020-08-11,18.7,90,167
2020-08-16,18.1,90,170
2020-09-20,16.5,90,169
2020-05-07,1.84,107,110
2020-06-01,1.21,107,108
2020-06-16,1.14,107,109
2020-07-26,0.87,107,112
2020-08-08,0.8,107,107
2020-08-15,0.7,107,106
2020-09-14,0.72,107,111
2020-09-24,0.89,107,113
2020-05-27,7.89,104,98
2020-06-28,4.66,104,103
2020-07-01,4.36,104,100
2020-07-18,5.85,104,106
2020-07-26,6.26,104,96
2020-08-15,3.86,104,97
2020-08-22,6.1,104,99
2020-09-04,6.52,104,101
2020-09-14,5.5,104,104
2020-09-21,5.08,104,102
2020-10-06,4.03,104,105
2020-05-09,31.8,102,32
2020-06-01,24.1,102,25
2020-06-28,20.3,102,28
2020-07-01,20.8,102,23
2020-07-18,1.99,103,154
2020-07-31,20.2,102,33
2020-08-07,2.98,103,152
2020-08-10,21.2,102,24
2020-08-12,22.0,102,22
2020-08-20,19.4,102,27
2020-08-22,26.0,102,26
2020-09-14,25.2,102,29
2020-09-16,3.45,103,153
2020-09-21,27.6,102,30
2020-09-21,3.1,103,155
2020-10-06,20.2,102,31
2020-06-01,0.09,83,243
2020-07-01,0.05,83,240
2020-07-31,0.041,83,241
2020-08-05,0.08,83,246
2020-08-08,0.62,83,244
2020-08-13,0.14,83,242
2020-08-20,1.12,84,1
2020-09-07,0.2,84,0
2020-09-09,0.17,83,245
2020-09-12,0.15,83,248
2020-09-14,0.12,83,249
2020-09-22,0.11,83,247
2020-05-08,18.8,90,162
2020-05-10,18.3,90,157
2020-06-14,8.9,90,160
2020-06-17,8.7,90,156
2020-08-08,7.8,90,161
2020-08-11,7.5,90,159
2020-08-13,8.5,90,163
2020-08-16,7.0,90,158
2020-09-12,6.7,90,155
2020-09-20,6.2,90,164
2020-05-10,12.5,90,192
2020-06-14,7.7,90,188
2020-06-17,7.6,90,184
2020-08-06,7.8,90,189
2020-08-08,7.5,90,191
2020-08-11,8.2,90,187
2020-08-13,8.5,90,185
2020-08-16,6.6,90,186
2020-09-12,6.1,90,183
2020-09-20,5.6,90,190
2020-09-22,5.5,90,193
2020-07-24,3.85,88,198
2020-08-06,4.24,88,199
2020-08-08,4.21,88,200
2020-08-11,5.21,88,201
2020-08-13,5.89,88,202
2020-08-16,6.09,88,203
2020-08-21,6.17,88,204
2020-09-22,5.74,88,205
2020-11-04,5.43,88,206
2020-05-09,1.63,103,24
2020-06-08,0.73,103,21
2020-07-05,0.64,103,16
2020-08-07,0.52,103,19
2020-08-14,0.47,103,17
2020-08-17,0.37,103,18
2020-09-16,0.22,103,25
2020-09-21,0.18,103,20
2020-09-23,0.16,103,22
2020-09-28,0.12,103,23
2020-06-01,1.53,105,223
2020-07-01,1.36,105,222
2020-07-31,1.18,105,224
2020-08-05,1.12,105,226
2020-08-10,1.45,105,225
2020-09-14,1.58,105,227
2020-05-09,27.0,91,228
2020-06-06,5.76,91,225
2020-07-01,4.58,91,224
2020-07-28,61.5,91,223
2020-08-02,114.0,91,222
2020-08-07,36.8,91,227
2020-08-22,96.2,91,226
2020-09-09,28.5,91,221
2020-09-11,20.8,91,233
2020-09-14,41.2,91,230
2020-09-16,34.7,91,229
2020-09-19,56.1,91,231
2020-09-21,37.2,91,232
2020-10-06,15.6,91,234
2020-05-09,1.1,93,123
2020-06-06,0.83,93,119
2020-06-13,0.67,93,129
2020-07-01,0.56,93,125
2020-07-28,0.87,93,126
2020-08-02,1.04,93,118
2020-08-07,0.98,93,120
2020-08-12,1.16,93,124
2020-08-22,3.55,93,128
2020-09-09,1.56,93,117
2020-09-11,2.33,93,121
2020-09-14,2.45,93,122
2020-09-16,1.83,93,127
2020-05-09,2.43,96,25
2020-05-09,0.68,101,51
2020-06-06,1.82,96,24
2020-06-13,1.74,96,32
2020-06-28,0.52,101,52
2020-07-01,1.86,96,22
2020-07-28,1.59,96,18
2020-08-02,1.98,96,19
2020-08-07,1.63,96,20
2020-08-07,0.41,101,54
2020-08-12,2.77,96,21
2020-08-12,0.72,101,56
2020-08-14,0.53,101,49
2020-08-22,4.46,96,23
2020-08-22,0.9,101,50
2020-08-30,8.83,96,26
2020-09-09,1.63,96,29
2020-09-14,1.72,96,27
2020-09-16,1.68,96,28
2020-09-21,1.78,96,30
2020-09-21,0.51,101,53
2020-09-23,0.53,101,55
2020-10-06,1.39,96,31
2020-05-08,9.07,88,137
2020-05-15,10.6,88,136
2020-06-22,5.39,88,141
2020-07-24,4.76,88,139
2020-08-01,3.31,88,144
2020-08-06,2.5,88,142
2020-08-08,2.51,88,138
2020-08-11,2.36,88,134
2020-08-13,2.38,88,135
2020-08-16,2.0,88,133
2020-08-21,2.57,88,132
2020-09-12,1.73,88,143
2020-09-17,1.72,88,140
2020-09-22,2.34,88,131
2020-06-22,0.68,85,67
2020-07-14,0.62,85,68
2020-08-01,0.58,85,66
2020-08-21,0.67,85,69
2020-09-12,0.6,85,73
2020-09-15,0.57,85,70
2020-09-20,0.51,85,71
2020-09-22,0.47,85,72
2020-06-01,9.2,107,0
2020-06-16,8.02,107,8
2020-07-26,7.68,107,1
2020-08-08,8.02,107,2
2020-08-15,7.31,107,3
2020-08-18,7.12,107,7
2020-08-20,7.62,107,4
2020-09-14,6.96,107,5
2020-09-24,6.53,107,6
2020-06-01,5.38,86,196
2020-07-01,4.14,86,194
2020-09-09,8.56,86,193
2020-09-14,7.97,86,195
2020-05-09,1.19,97,190
2020-06-01,0.74,97,188
2020-06-06,0.73,97,186
2020-06-28,0.54,97,192
2020-07-01,0.7,97,180
2020-07-26,0.55,97,191
2020-07-28,0.57,97,183
2020-07-31,0.56,97,185
2020-08-02,0.7,97,181
2020-08-12,0.35,97,182
2020-08-22,0.96,97,184
2020-09-09,0.77,97,193
2020-09-14,0.85,97,189
2020-09-21,0.87,97,187
2020-10-06,0.38,97,179
2020-05-09,2.2,105,63
2020-06-08,0.97,105,64
2020-08-14,1.58,105,62
2020-08-17,1.03,105,61
2020-09-21,0.6,105,65
2020-09-23,0.59,105,66
2020-09-28,0.5,105,67
2020-05-08,0.48,86,94
2020-05-18,0.27,86,91
2020-07-14,0.11,86,89
2020-08-01,0.06,86,87
2020-08-06,0.06,86,86
2020-08-08,0.07,86,95
2020-08-16,0.08,86,92
2020-08-21,2.9,86,88
2020-09-12,0.12,86,96
2020-09-15,0.09,86,93
2020-09-20,0.09,86,90
2020-09-22,0.07,86,85
2020-06-01,0.1,84,240
2020-07-01,0.043,84,245
2020-07-24,0.08,84,242
2020-07-31,0.09,84,241
2020-08-05,0.09,84,247
2020-08-08,0.1,84,244
2020-08-13,0.08,84,246
2020-08-20,0.16,84,243
2020-09-07,0.28,85,1
2020-09-12,0.12,85,0
2020-09-14,0.11,84,248
2020-09-22,0.11,84,249
2020-07-24,2.22,84,74
2020-08-08,2.95,84,72
2020-08-13,1.6,84,71
2020-09-07,1.97,84,73
2020-09-12,1.31,84,76
2020-09-22,1.42,84,75
2020-06-01,6.36,87,242
2020-07-01,3.59,87,249
2020-07-24,4.39,88,0
2020-07-31,4.48,87,243
2020-08-05,4.35,87,247
2020-08-08,4.44,87,248
2020-08-13,5.17,87,245
2020-08-20,4.52,87,244
2020-09-07,7.31,87,246
2020-09-12,5.01,87,240
2020-09-22,4.07,87,241
2020-06-06,0.48,82,141
2020-07-01,0.57,82,142
2020-07-24,1.26,82,147
2020-08-08,1.92,82,148
2020-08-20,7.27,82,146
2020-08-28,10.2,82,140
2020-09-09,1.41,82,138
2020-09-12,4.8,82,145
2020-09-14,1.47,82,144
2020-09-19,6.3,82,143
2020-09-22,1.8,82,139
2020-05-09,2.07,93,116
2020-06-06,1.66,93,103
2020-06-13,1.77,93,106
2020-07-01,2.08,93,105
2020-07-28,1.81,93,110
2020-08-02,2.68,93,102
2020-08-07,2.79,93,108
2020-08-12,3.08,93,104
2020-08-22,8.96,93,107
2020-09-09,3.67,93,101
2020-09-11,6.15,93,109
2020-09-14,5.24,93,112
2020-09-16,3.55,93,113
2020-09-19,3.65,93,111
2020-09-21,2.72,93,114
2020-10-06,2.17,93,115
2020-06-02,1.98,91,133
2020-06-14,1.41,91,132
2020-06-17,1.43,91,135
2020-08-06,1.67,91,134
2020-08-11,1.53,91,131
2020-08-13,1.43,91,136
2020-09-12,1.33,91,130
2020-05-09,1.46,102,166
2020-06-08,1.39,102,173
2020-07-05,1.43,102,163
2020-08-07,1.42,102,170
2020-08-14,1.4,102,164
2020-08-17,1.38,102,165
2020-09-03,1.53,102,171
2020-09-16,1.54,102,169
2020-09-21,1.54,102,167
2020-09-23,1.55,102,172
2020-09-28,1.54,102,168
2020-05-09,2.54,101,121
2020-07-05,1.91,101,123
2020-07-25,1.2,101,118
2020-08-14,2.51,101,116
2020-08-22,2.16,101,117
2020-09-18,2.34,101,120
2020-09-21,1.92,101,119
2020-09-23,1.6,101,122
2020-05-29,12.4,105,132
2020-06-01,11.6,105,133
2020-06-26,7.53,105,131
2020-07-18,8.74,105,139
2020-08-05,5.82,105,138
2020-08-07,5.83,105,140
2020-08-10,6.27,105,135
2020-08-15,6.22,105,130
2020-08-22,8.74,105,134
2020-09-14,5.27,105,136
2020-09-21,4.42,105,137
2020-10-06,5.66,105,141
2020-05-22,2.83,107,154
2020-06-01,2.39,107,153
2020-06-26,1.34,107,157
2020-08-13,0.8,107,156
2020-08-15,0.7,107,155
2020-11-01,0.5,107,158
2020-07-01,0.21,84,2
2020-07-24,0.25,84,13
2020-07-31,0.26,84,3
2020-08-05,0.25,84,7
2020-08-08,0.5,84,5
2020-08-13,0.72,84,10
2020-08-20,1.54,84,4
2020-09-07,1.14,84,8
2020-09-09,1.02,84,6
2020-09-12,0.82,84,12
2020-09-14,0.64,84,9
2020-09-22,0.54,84,11
2020-06-14,0.1,107,84
2020-08-11,0.11,107,81
2020-08-13,0.1,107,83
2020-08-13,0.42,107,80
2020-09-12,0.09,107,82
2020-09-12,0.61,107,79
2020-05-09,1.21,96,38
2020-06-06,0.72,96,40
2020-06-13,0.67,96,39
2020-07-01,0.56,96,48
2020-07-28,0.98,96,33
2020-08-02,3.34,96,37
2020-08-07,0.96,96,35
2020-08-12,0.73,96,34
2020-08-22,15.1,96,36
2020-08-30,13.6,96,41
2020-09-09,0.66,96,44
2020-09-11,0.64,96,43
2020-09-14,0.6,96,45
2020-09-16,0.48,96,42
2020-09-21,1.09,96,47
2020-10-06,0.36,96,46
2020-05-07,0.11,103,188
2020-06-01,0.1,103,186
2020-07-26,0.12,103,184
2020-08-07,0.12,103,183
2020-08-15,0.12,103,182
2020-09-16,0.11,103,187
2020-09-21,0.14,103,185
2020-06-01,2.58,107,56
2020-06-16,2.26,107,59
2020-07-26,2.25,107,60
2020-08-08,2.68,107,57
2020-08-15,1.91,107,58
2020-08-18,1.81,107,62
2020-08-20,2.39,107,55
2020-09-14,1.62,107,61
2020-06-13,0.88,100,74
2020-06-28,0.88,100,73
2020-07-28,0.74,100,69
2020-08-12,1.24,100,70
2020-08-22,1.79,100,71
2020-09-21,0.65,100,72
2020-05-22,5.34,82,88
2020-05-22,3.08,82,96
2020-07-01,2.61,82,89
2020-07-01,2.08,82,97
2020-07-31,2.44,82,86
2020-07-31,1.9,82,95
2020-08-20,18.6,82,93
2020-08-20,2.47,82,101
2020-08-28,11.8,82,87
2020-08-28,2.41,82,94
2020-09-09,7.23,82,91
2020-09-09,2.35,82,99
2020-09-14,6.62,82,92
2020-09-14,2.79,82,100
2020-09-22,10.7,82,90
2020-09-22,3.19,82,98
2020-05-09,3.82,105,71
2020-06-08,1.59,105,74
2020-07-05,1.35,105,68
2020-08-14,2.8,105,70
2020-08-17,1.84,105,69
2020-09-16,1.03,105,75
2020-09-21,0.72,105,73
2020-09-23,0.78,105,72
2020-09-28,0.59,105,76
2020-05-07,22.6,106,136
2020-06-01,21.2,106,131
2020-06-16,14.8,106,137
2020-07-26,12.1,106,133
2020-08-08,11.3,106,134
2020-08-15,10.8,106,135
2020-08-20,12.8,106,132
2020-05-09,3.37,100,127
2020-05-22,2.56,100,130
2020-06-06,1.54,100,128
2020-06-28,1.61,100,138
2020-07-01,1.61,100,122
2020-07-26,1.54,100,123
2020-07-28,1.56,100,134
2020-07-31,2.62,100,125
2020-08-12,1.62,100,124
2020-08-20,2.58,100,137
2020-08-22,3.46,100,126
2020-08-30,8.94,100,135
2020-09-04,4.96,100,129
2020-09-09,2.99,100,133
2020-09-14,2.98,100,131
2020-09-21,2.59,100,132
2020-09-24,2.59,100,136
2020-05-07,8.52,107,75
2020-06-01,6.76,107,69
2020-06-16,5.93,107,73
2020-07-26,5.89,107,76
2020-08-08,6.03,107,70
2020-08-15,5.56,107,71
2020-08-20,5.97,107,72
2020-09-14,4.75,107,74
2020-06-01,0.76,107,235
2020-07-18,0.61,107,236
2020-08-07,0.51,107,234
2020-08-15,0.53,107,233
2020-09-19,0.39,107,237
2020-06-01,3.08,105,121
2020-06-26,2.18,105,120
2020-08-05,1.61,105,124
2020-08-15,1.6,105,122
2020-09-14,1.52,105,123
2020-06-01,0.19,93,228
2020-06-06,0.17,93,225
2020-07-01,0.13,93,223
2020-07-31,0.17,93,224
2020-09-09,0.31,93,222
2020-09-14,0.35,93,227
2020-09-19,0.27,93,226
2020-05-09,11.8,97,157
2020-06-01,7.02,97,162
2020-06-06,6.73,97,156
2020-06-13,5.67,97,155
2020-06-28,4.72,97,154
2020-07-01,6.78,97,149
2020-07-28,4.62,97,151
2020-07-31,5.77,97,161
2020-08-02,7.04,97,150
2020-08-12,4.71,97,152
2020-08-22,7.51,97,153
2020-09-09,5.5,97,160
2020-09-14,6.34,97,159
2020-09-21,5.93,97,158
2020-10-06,3.27,97,148
2020-06-13,1.16,98,171
2020-06-28,0.99,98,172
2020-08-07,1.54,98,169
2020-08-12,1.59,98,174
2020-08-22,6.63,98,168
2020-09-11,0.89,98,170
2020-09-21,1.03,98,173
2020-06-22,0.47,84,168
2020-06-27,0.47,84,172
2020-07-14,0.7,84,170
2020-08-08,0.43,84,167
2020-08-16,0.28,84,165
2020-08-21,0.46,84,166
2020-09-15,0.1,84,171
2020-09-20,0.13,84,169
2020-06-22,0.55,85,65
2020-06-27,0.41,85,60
2020-07-14,0.31,85,64
2020-08-01,0.35,85,62
2020-08-21,0.4,85,57
2020-09-12,0.5,85,63
2020-09-15,0.49,85,58
2020-09-20,0.4,85,61
2020-09-22,0.35,85,59
2020-06-01,14.0,86,210
2020-07-01,10.7,86,206
2020-07-24,10.3,86,211
2020-07-31,11.5,86,205
2020-08-05,11.3,86,208
2020-08-13,11.7,86,207
2020-09-12,20.4,86,203
2020-09-14,19.2,86,209
2020-09-22,16.9,86,204
2020-05-07,25.3,103,136
2020-07-18,14.6,103,134
2020-07-26,15.5,103,130
2020-08-05,14.7,103,138
2020-08-07,14.9,103,132
2020-08-15,15.5,103,131
2020-09-16,15.6,103,135
2020-09-21,13.7,103,133
2020-10-06,9.91,103,137
2020-05-09,3.05,107,189
2020-05-22,2.67,107,188
2020-06-01,2.08,107,190
2020-06-18,0.98,107,193
2020-07-18,1.03,107,191
2020-08-07,0.62,107,187
2020-09-21,0.38,107,192
2020-05-22,0.92,83,124
2020-05-22,3.49,83,58
2020-07-31,0.36,83,123
2020-07-31,0.95,83,57
2020-08-08,2.79,83,127
2020-08-08,16.7,83,59
2020-08-20,4.07,83,126
2020-08-20,45.9,83,61
2020-08-28,1.9,83,125
2020-08-28,6.15,83,60
2020-09-09,1.44,83,129
2020-09-09,3.27,83,62
2020-09-14,1.04,83,128
2020-09-14,2.85,83,63
2020-09-22,0.76,83,130
2020-09-22,2.0,83,64
2020-05-09,1.45,100,84
2020-06-01,0.69,100,89
2020-06-06,0.7,100,85
2020-06-28,0.74,100,83
2020-07-01,1.1,100,76
2020-07-26,0.55,100,81
2020-07-28,0.55,100,79
2020-07-31,0.78,100,78
2020-08-02,0.71,100,77
2020-08-12,0.49,100,80
2020-08-22,5.85,100,82
2020-09-09,0.79,100,86
2020-09-14,0.73,100,87
2020-09-21,0.57,100,88
2020-10-06,0.29,100,75
2020-05-20,13.5,91,99
2020-06-02,12.3,91,96
2020-06-14,9.38,91,100
2020-06-17,9.37,91,101
2020-08-06,8.12,91,98
2020-08-11,7.78,91,97
2020-09-12,8.55,91,95
2020-06-06,20.4,82,3
2020-07-01,14.4,82,1
2020-09-09,51.1,82,0
2020-09-14,50.3,82,4
2020-09-19,74.8,82,2
2020-06-02,17.1,91,37
2020-06-14,15.0,91,35
2020-06-17,14.7,91,38
2020-08-06,14.9,91,36
2020-08-11,16.1,91,34
2020-09-12,13.2,91,33
2020-06-13,2.54,99,156
2020-08-07,4.47,99,149
2020-08-12,6.7,99,157
2020-08-14,6.02,99,158
2020-08-22,6.05,99,150
2020-09-08,4.54,99,159
2020-09-11,4.16,99,152
2020-09-13,12.0,99,155
2020-09-16,15.6,99,151
2020-09-21,5.88,99,154
2020-09-23,5.15,99,153
2020-05-07,1.61,103,166
2020-07-18,0.45,103,170
2020-07-26,0.5,103,163
2020-08-05,0.34,103,169
2020-08-07,0.14,103,165
2020-08-15,0.7,103,164
2020-09-16,0.91,103,168
2020-09-21,0.41,103,167
2020-10-06,0.39,103,171
2020-06-01,703.0,93,6
2020-06-16,554.0,93,2
2020-07-26,545.0,93,7
2020-08-08,1230.0,93,0
2020-08-15,818.0,93,3
2020-08-18,768.0,93,1
2020-08-20,791.0,93,4
2020-09-14,1040.0,93,5
2020-09-24,847.0,93,8
2020-05-08,1.1,90,18
2020-05-15,1.1,90,13
2020-06-22,0.89,90,16
2020-07-24,0.95,90,9
2020-08-01,0.74,90,10
2020-08-06,0.79,90,11
2020-08-08,0.75,90,17
2020-08-11,0.76,90,14
2020-08-13,0.66,90,8
2020-08-16,0.62,90,12
2020-08-21,0.71,90,15
2020-09-22,0.75,90,7
2020-05-08,2.07,106,233
2020-06-14,1.77,106,232
2020-08-06,1.32,106,231
2020-08-11,1.34,106,229
2020-08-16,1.27,106,230
2020-09-12,1.22,106,234
2020-06-22,0.45,84,196
2020-06-27,0.45,84,195
2020-07-14,0.53,84,189
2020-08-08,0.6,84,194
2020-08-16,0.47,84,190
2020-08-21,2.3,84,191
2020-09-15,0.27,84,192
2020-09-20,0.3,84,193
2020-05-09,1.46,103,49
2020-06-08,0.6,103,51
2020-07-05,0.51,103,50
2020-08-14,0.53,103,46
2020-08-17,0.49,103,47
2020-09-16,0.4,103,54
2020-09-21,0.4,103,48
2020-09-23,0.37,103,52
2020-09-28,0.29,103,53
2020-07-14,0.2,84,63
2020-08-08,0.68,84,64
2020-09-12,0.15,84,65
2020-09-22,0.09,84,66
2020-05-08,10.0,106,206
2020-06-14,6.25,106,205
2020-08-06,5.25,106,202
2020-08-11,5.31,106,203
2020-08-13,5.57,106,207
2020-08-16,5.4,106,204
2020-06-02,3.16,90,240
2020-06-14,2.49,90,244
2020-06-17,2.47,90,242
2020-08-06,3.64,90,243
2020-08-11,3.42,90,239
2020-08-16,3.33,90,241
2020-09-12,2.88,90,238
2020-07-01,1.36,82,115
2020-07-01,0.16,82,120
2020-09-09,6.44,82,112
2020-09-09,0.21,82,117
2020-09-14,10.2,82,114
2020-09-14,0.2,82,119
2020-09-19,8.5,82,113
2020-09-19,0.18,82,118
2020-11-08,16.3,82,116
2020-11-08,0.22,82,121
2020-05-09,7.24,94,71
2020-06-06,3.32,94,67
2020-06-13,3.56,94,66
2020-08-02,20.4,94,63
2020-08-12,5.46,94,74
2020-08-22,48.3,94,64
2020-09-09,4.7,94,62
2020-09-11,3.84,94,65
2020-09-14,4.05,94,68
2020-09-16,3.78,94,72
2020-09-19,13.2,94,70
2020-09-21,8.53,94,69
2020-10-06,2.9,94,73
2020-05-09,5.38,97,122
2020-07-28,7.19,97,118
2020-08-07,6.23,97,119
2020-08-12,10.3,97,117
2020-08-22,73.2,97,116
2020-09-11,2.59,97,121
2020-09-16,2.1,97,120
2020-09-21,3.31,97,123
2020-06-22,101.0,82,50
2020-08-06,162.0,82,45
2020-08-08,127.0,82,49
2020-08-11,124.0,82,51
2020-08-16,134.0,82,47
2020-08-21,137.0,82,48
2020-09-20,193.0,82,46
2020-09-22,221.0,82,52
2020-05-16,2.43,99,74
2020-07-30,1.96,99,68
2020-08-07,1.45,99,67
2020-08-22,18.8,99,69
2020-09-08,2.93,99,71
2020-09-11,1.24,99,73
2020-09-16,1.44,99,70
2020-09-18,8.23,99,75
2020-09-21,2.42,99,72
2020-11-22,0.3,99,76
2020-05-08,1.64,90,179
2020-05-10,1.56,90,180
2020-06-14,1.67,90,177
2020-06-17,1.46,90,173
2020-08-06,1.12,90,174
2020-08-08,0.99,90,175
2020-08-11,1.26,90,176
2020-08-13,1.26,90,182
2020-08-16,1.21,90,178
2020-09-12,1.38,90,172
2020-09-20,1.21,90,181
2020-05-27,1.3,101,198
2020-06-01,1.24,101,197
2020-06-06,1.18,101,193
2020-06-28,0.89,101,190
2020-07-01,0.86,101,188
2020-07-26,0.81,101,191
2020-08-10,1.92,101,200
2020-08-12,2.89,101,189
2020-08-22,2.25,101,194
2020-09-04,5.9,101,192
2020-09-14,2.02,101,196
2020-09-21,1.44,101,195
2020-11-05,0.83,101,199
2020-05-07,1.89,103,246
2020-07-26,1.47,103,244
2020-08-05,0.99,104,0
2020-08-07,0.98,103,245
2020-08-15,0.9,103,243
2020-09-16,0.78,103,248
2020-09-21,0.71,103,247
2020-10-06,0.73,103,249
2020-05-09,8.17,94,99
2020-06-06,5.68,94,92
2020-06-13,4.1,94,95
2020-07-01,2.54,94,91
2020-08-02,112.0,94,90
2020-08-07,2.02,94,93
2020-08-22,164.0,94,94
2020-09-09,4.6,94,89
2020-09-11,5.33,94,97
2020-09-14,6.24,94,96
2020-09-19,16.5,94,100
2020-09-21,11.6,94,98
2020-05-07,0.39,103,241
2020-06-01,0.46,103,238
2020-07-18,0.56,103,242
2020-07-26,0.53,103,236
2020-08-07,0.37,103,237
2020-08-15,0.26,103,235
2020-09-16,0.06,103,240
2020-09-21,0.047,103,239
2020-06-01,6.95,106,244
2020-06-14,5.81,106,246
2020-08-08,5.74,106,248
2020-08-13,5.23,106,249
2020-08-18,5.31,106,247
2020-08-20,5.63,106,245
2020-05-08,5.49,89,107
2020-06-14,2.92,89,105
2020-08-06,2.31,89,103
2020-08-08,2.24,89,108
2020-08-11,2.12,89,106
2020-08-13,2.44,89,109
2020-08-16,2.12,89,104
2020-05-27,1.0,104,121
2020-07-01,0.5,104,126
2020-07-18,0.56,104,119
2020-07-26,0.44,104,120
2020-08-10,0.45,104,125
2020-08-15,0.56,104,117
2020-08-22,0.74,104,118
2020-09-04,1.01,104,122
2020-09-14,1.24,104,123
2020-09-21,0.91,104,124
2020-10-06,0.6,104,127
2020-05-09,97.5,96,146
2020-07-28,80.6,96,148
2020-08-02,310.0,96,140
2020-08-07,67.3,96,142
2020-08-12,147.0,96,141
2020-08-22,521.0,96,143
2020-09-11,54.4,96,150
2020-09-16,79.5,96,144
2020-09-21,135.0,96,145
2020-10-06,46.4,96,147
2020-10-26,54.3,96,149
2020-05-09,0.73,93,68
2020-06-13,0.62,93,66
2020-07-01,0.56,93,65
2020-08-02,6.59,93,63
2020-08-07,1.34,93,67
2020-08-22,16.6,93,64
2020-09-09,0.6,93,62
2020-09-11,6.73,93,71
2020-09-14,0.58,93,69
2020-09-16,2.08,93,72
2020-09-19,2.01,93,70
2020-09-21,0.85,93,73
2020-05-09,1.87,93,36
2020-07-01,0.56,93,35
2020-08-07,1.84,93,37
2020-09-09,1.95,93,34
2020-09-11,15.1,93,39
2020-09-14,3.4,93,38
2020-09-19,7.26,93,40
2020-10-06,2.27,93,41
2020-05-09,10.3,100,147
2020-06-13,4.93,100,148
2020-06-28,4.89,100,151
2020-07-28,4.48,100,146
2020-08-12,9.3,100,150
2020-08-22,9.6,100,145
2020-09-21,6.37,100,149
2020-05-09,58.1,92,20
2020-06-06,19.3,92,18
2020-06-13,19.4,92,19
2020-07-01,17.4,92,14
2020-07-28,135.0,92,21
2020-08-07,63.5,92,15
2020-08-12,31.9,92,12
2020-08-22,334.0,92,13
2020-08-30,184.0,92,16
2020-09-09,66.0,92,17
2020-09-11,38.2,92,24
2020-09-14,61.9,92,27
2020-09-16,54.0,92,23
2020-09-19,88.0,92,22
2020-09-21,63.0,92,25
2020-10-06,33.0,92,26
2020-07-18,2.81,107,241
2020-08-07,2.5,107,240
2020-09-16,2.26,107,238
2020-09-21,2.01,107,239
2020-05-09,0.94,97,201
2020-06-01,0.44,97,208
2020-06-06,0.48,97,204
2020-06-13,0.38,97,203
2020-06-28,0.42,97,202
2020-07-01,0.68,97,195
2020-07-26,0.44,97,196
2020-07-28,0.51,97,206
2020-07-31,0.92,97,198
2020-08-02,0.5,97,197
2020-08-12,0.37,97,199
2020-08-22,1.65,97,200
2020-09-14,0.39,97,207
2020-09-21,0.38,97,205
2020-10-06,0.34,97,194
2020-06-01,3.8,87,155
2020-07-01,1.93,87,161
2020-07-31,3.43,87,158
2020-08-05,3.24,87,162
2020-08-13,3.04,87,160
2020-08-20,6.7,87,159
2020-09-12,7.35,87,156
2020-09-14,4.7,87,163
2020-09-22,4.37,87,157
2020-05-09,4.56,102,57
2020-06-01,2.25,102,54
2020-06-06,2.02,102,63
2020-06-13,1.96,102,64
2020-06-28,4.09,102,60
2020-07-01,3.84,102,50
2020-07-26,4.52,102,51
2020-07-28,4.32,102,53
2020-07-31,4.49,102,52
2020-08-02,4.34,102,55
2020-08-12,2.17,102,56
2020-08-22,3.37,102,58
2020-09-09,3.14,102,59
2020-09-14,2.94,102,61
2020-09-21,2.86,102,62
2020-10-06,1.82,102,49
2020-06-22,13.4,85,116
2020-08-01,13.4,85,110
2020-08-16,20.7,85,111
2020-08-21,28.8,85,112
2020-09-12,9.62,85,117
2020-09-15,11.7,85,114
2020-09-20,7.04,85,113
2020-09-22,8.16,85,115
2020-05-09,646.0,92,135
2020-06-28,192.0,92,137
2020-08-12,560.0,92,136
2020-08-22,630.0,92,134
2020-09-21,592.0,92,138
2020-07-18,4.34,103,122
2020-08-07,4.91,103,119
2020-09-16,4.25,103,121
2020-09-21,4.23,103,120
2020-05-09,9.65,95,188
2020-06-06,5.89,95,186
2020-06-13,5.83,95,192
2020-07-01,3.3,95,183
2020-07-28,4.8,95,178
2020-08-07,17.2,95,181
2020-08-12,9.1,95,179
2020-08-22,207.0,95,180
2020-08-30,11.5,95,182
2020-09-09,11.3,95,184
2020-09-11,11.4,95,185
2020-09-14,11.5,95,189
2020-09-16,7.86,95,187
2020-09-21,10.2,95,190
2020-10-06,3.24,95,191
2020-05-09,1.88,96,53
2020-06-06,1.04,96,57
2020-06-13,1.22,96,62
2020-07-01,1.53,96,51
2020-07-28,1.83,96,50
2020-08-02,1.17,96,49
2020-08-07,1.01,96,52
2020-08-12,1.18,96,54
2020-08-22,1.24,96,55
2020-08-30,6.65,96,56
2020-09-09,1.15,96,60
2020-09-14,0.73,96,61
2020-09-16,0.73,96,58
2020-09-21,1.08,96,59
2020-10-06,1.32,96,63
2020-07-01,0.49,83,4
2020-07-24,0.35,83,9
2020-07-31,0.36,83,5
2020-08-05,0.33,83,13
2020-08-13,0.53,83,12
2020-08-20,1.73,83,7
2020-08-28,2.68,83,6
2020-09-09,1.07,83,1
2020-09-12,1.33,83,11
2020-09-14,1.16,83,10
2020-09-19,0.79,83,8
2020-09-22,0.71,83,2
2020-11-26,0.72,83,3
2020-05-07,15.5,104,24
2020-07-18,14.1,104,18
2020-07-26,15.3,104,19
2020-08-07,12.0,104,20
2020-08-15,12.6,104,21
2020-09-16,17.3,104,22
2020-09-21,15.9,104,23
2020-10-06,12.0,104,25
2020-06-22,1.63,90,26
2020-08-01,0.61,90,23
2020-08-11,0.47,90,25
2020-08-16,0.42,90,24
2020-05-09,51.5,104,167
2020-06-28,16.6,104,164
2020-08-12,42.7,104,166
2020-08-14,45.8,104,160
2020-08-22,43.5,104,162
2020-09-16,44.0,104,161
2020-09-21,41.5,104,165
2020-09-23,41.0,104,163
2020-05-08,26.6,89,199
2020-05-15,27.7,89,204
2020-06-22,17.4,89,203
2020-07-24,15.8,89,197
2020-08-01,15.2,89,198
2020-08-06,14.4,89,202
2020-08-08,14.2,89,206
2020-08-11,13.8,89,201
2020-08-13,13.5,89,200
2020-08-16,13.0,89,205
2020-08-21,12.3,89,196
2020-09-12,10.8,89,208
2020-09-17,11.0,89,207
2020-09-22,11.1,89,195
2020-05-08,13.6,89,189
2020-05-10,13.6,89,193
2020-06-14,9.18,89,187
2020-06-22,8.06,89,186
2020-07-24,6.2,89,194
2020-08-01,6.09,89,185
2020-08-06,5.52,89,182
2020-08-08,5.52,89,190
2020-08-11,5.4,89,183
2020-08-13,5.4,89,191
2020-08-16,5.2,89,184
2020-09-12,4.22,89,192
2020-09-20,4.4,89,188
2020-09-22,4.31,89,181
2020-05-08,7.56,89,174
2020-05-10,7.2,89,177
2020-06-14,3.47,89,176
2020-06-17,3.36,89,171
2020-08-06,2.0,89,170
2020-08-08,1.91,89,178
2020-08-11,1.84,89,173
2020-08-13,1.82,89,172
2020-08-16,1.66,89,175
2020-09-12,1.21,89,169
2020-09-20,1.22,89,180
2020-09-22,1.17,89,179
2020-05-08,0.43,90,129
2020-06-17,0.19,90,126
2020-08-06,0.24,90,127
2020-08-11,0.22,90,128
2020-08-16,0.2,90,130
2020-09-20,0.29,90,131
2020-06-27,1.01,84,139
2020-07-14,1.29,84,136
2020-08-08,1.82,84,137
2020-08-16,1.19,84,134
2020-08-21,9.27,84,135
2020-09-15,1.53,84,140
2020-09-20,1.42,84,138
2020-08-02,33.8,98,197
2020-08-14,26.4,98,193
2020-08-22,71.0,98,191
2020-09-11,3.97,98,192
2020-09-16,6.64,98,194
2020-09-21,11.5,98,195
2020-09-23,6.9,98,196
2020-06-13,14.8,98,229
2020-06-28,14.1,98,228
2020-07-20,67.2,98,230
2020-08-07,78.3,98,221
2020-08-14,80.3,98,220
2020-08-22,530.0,98,222
2020-09-08,85.9,98,227
2020-09-11,67.5,98,223
2020-09-13,114.0,98,225
2020-09-21,116.0,98,226
2020-09-23,76.9,98,224
2020-06-01,11.1,86,201
2020-07-01,7.7,86,198
2020-07-31,9.12,86,199
2020-08-20,8.72,86,202
2020-09-09,20.7,86,197
2020-09-14,17.8,86,200
2020-05-07,3.72,106,156
2020-05-10,3.66,106,160
2020-05-22,3.66,106,157
2020-06-01,3.37,106,152
2020-06-16,1.25,106,155
2020-06-21,0.65,106,161
2020-06-26,0.29,106,151
2020-08-08,0.14,106,149
2020-08-13,0.15,106,158
2020-08-15,0.14,106,154
2020-08-18,0.13,106,150
2020-09-12,0.14,106,148
2020-09-14,0.13,106,153
2020-09-24,0.24,106,159
2020-07-24,0.3,84,52
2020-08-08,1.25,84,49
2020-08-13,0.27,84,53
2020-09-07,0.33,84,51
2020-09-12,0.31,84,54
2020-09-22,0.4,84,50
2020-05-10,26.8,106,145
2020-05-15,27.5,106,142
2020-06-01,24.3,106,139
2020-06-16,17.6,106,141
2020-06-26,15.0,106,144
2020-08-10,12.7,106,147
2020-08-20,13.5,106,140
2020-09-14,11.6,106,143
2020-09-22,13.2,106,138
2020-09-24,12.4,106,146
2020-05-07,2.82,103,210
2020-07-26,3.47,103,207
2020-08-05,2.48,103,212
2020-08-07,2.21,103,209
2020-08-15,2.3,103,208
2020-09-16,1.64,103,213
2020-09-21,1.45,103,211
2020-10-06,1.17,103,214
2020-05-09,9.32,103,91
2020-06-08,6.28,103,85
2020-07-05,5.67,103,81
2020-07-18,5.18,103,84
2020-08-14,4.3,103,83
2020-08-17,4.09,103,82
2020-09-03,5.03,103,89
2020-09-16,3.47,103,87
2020-09-21,3.25,103,88
2020-09-23,3.06,103,86
2020-09-28,2.78,103,90
2020-05-10,1060.0,92,239
2020-05-15,972.0,92,242
2020-06-01,680.0,92,238
2020-06-16,520.0,92,241
2020-06-26,436.0,92,247
2020-07-26,523.0,92,240
2020-08-08,1190.0,92,243
2020-08-10,1010.0,92,248
2020-08-13,770.0,92,246
2020-08-15,822.0,92,245
2020-09-14,1030.0,92,244
2020-09-22,844.0,92,237
2020-09-24,872.0,92,249
2020-05-09,109.0,104,206
2020-06-08,68.9,104,200
2020-07-05,50.9,104,203
2020-08-14,76.4,104,201
2020-08-17,74.7,104,204
2020-08-22,77.2,104,199
2020-09-16,136.0,104,205
2020-09-21,110.0,104,202
2020-09-23,101.0,104,207
2020-09-28,86.4,104,209
2020-10-06,62.7,104,208
2020-06-14,7.35,91,25
2020-06-17,7.26,91,22
2020-08-11,7.21,91,24
2020-08-16,2.93,91,23
2020-09-12,5.38,91,21
2020-05-10,0.38,89,36
2020-05-15,0.39,89,31
2020-05-27,0.17,89,37
2020-06-01,0.17,89,27
2020-06-16,0.17,89,34
2020-06-26,0.15,89,38
2020-07-24,0.12,89,29
2020-08-05,0.06,89,32
2020-08-13,0.07,89,28
2020-08-15,0.06,89,33
2020-08-20,0.12,89,30
2020-09-14,0.27,89,35
2020-09-22,0.27,89,26
2020-06-01,0.7,105,216
2020-07-01,0.64,105,218
2020-07-31,0.54,105,217
2020-08-05,0.54,105,221
2020-08-20,0.6,105,219
2020-09-14,0.58,105,220
2020-06-06,2.58,82,193
2020-07-01,2.67,82,196
2020-09-09,5.18,82,192
2020-09-14,4.87,82,195
2020-09-19,5.73,82,194
2020-11-08,4.59,82,197
2020-06-22,69.2,82,31
2020-08-06,129.0,82,28
2020-08-08,102.0,82,34
2020-08-11,147.0,82,32
2020-08-16,120.0,82,30
2020-08-21,234.0,82,29
2020-09-12,270.0,82,36
2020-09-20,198.0,82,35
2020-09-22,203.0,82,33
2020-06-13,0.39,98,166
2020-06-28,0.32,98,161
2020-08-07,0.55,98,162
2020-08-12,0.42,98,164
2020-08-22,2.44,98,163
2020-09-11,0.42,98,167
2020-09-21,0.76,98,165
2020-07-01,3.11,83,170
2020-07-31,3.51,83,168
2020-08-08,16.3,83,172
2020-08-20,35.7,83,173
2020-08-28,13.4,83,169
2020-09-09,7.98,83,171
2020-09-14,5.99,83,174
2020-09-22,5.79,83,175
2020-05-08,0.4,89,229
2020-05-15,0.37,89,228
2020-08-01,0.37,89,225
2020-08-06,0.36,89,226
2020-08-08,0.37,89,222
2020-08-11,0.37,89,224
2020-08-16,0.38,89,227
2020-08-21,0.4,89,223
2020-09-12,0.39,89,230
2020-09-17,0.41,89,231
2020-09-22,0.43,89,221
2020-05-15,1.12,88,65
2020-07-24,0.24,88,64
2020-08-08,0.26,88,66
2020-08-13,0.25,88,63
2020-09-07,0.19,88,67
2020-09-22,0.13,88,62
2020-07-01,1.29,91,202
2020-09-09,15.8,91,201
2020-09-14,17.7,91,203
2020-09-19,21.5,91,204
2020-07-05,0.86,100,0
2020-07-20,1.1,99,248
2020-08-12,2.96,100,1
2020-08-14,1.58,99,241
2020-08-22,28.6,99,242
2020-09-03,3.66,99,246
2020-09-08,2.79,99,249
2020-09-11,1.92,99,243
2020-09-13,5.27,99,245
2020-09-21,5.59,99,244
2020-09-23,2.18,99,247
2020-05-08,2.76,90,90
2020-05-10,2.65,90,86
2020-06-14,1.52,90,93
2020-06-17,1.5,90,94
2020-08-06,1.0,90,89
2020-08-08,0.97,90,92
2020-08-11,1.01,90,87
2020-08-13,1.01,90,96
2020-08-16,0.9,90,88
2020-09-12,0.83,90,85
2020-09-20,0.86,90,91
2020-09-22,0.85,90,95
2020-06-13,0.37,94,4
2020-07-01,0.25,94,0
2020-07-28,0.24,94,1
2020-08-02,0.28,94,2
2020-08-07,0.23,94,6
2020-08-12,0.22,94,3
2020-08-22,0.52,94,5
2020-09-09,0.69,94,7
2020-09-11,0.45,94,8
2020-09-14,0.61,94,9
2020-09-16,0.45,94,11
2020-09-21,0.45,94,10
2020-10-06,0.28,94,12
2020-11-08,0.61,94,13
2020-05-08,20.8,90,60
2020-05-31,11.2,90,62
2020-06-02,10.8,90,65
2020-06-15,8.17,90,63
2020-06-17,7.92,90,58
2020-08-01,4.57,90,61
2020-08-06,4.04,90,59
2020-08-11,3.72,90,67
2020-08-16,3.7,90,64
2020-09-18,2.92,90,66
2020-09-20,3.12,90,68
2020-09-23,2.97,90,69
2020-06-18,1.06,107,218
2020-07-18,0.86,107,216
2020-07-26,0.76,107,217
2020-08-07,0.58,107,215
2020-06-06,0.53,82,134
2020-07-01,0.38,82,135
2020-07-28,43.7,96,126
2020-08-02,219.0,96,125
2020-08-07,55.1,96,129
2020-08-20,1.51,82,137
2020-08-22,442.0,96,127
2020-09-09,1.56,82,133
2020-09-16,39.6,96,128
2020-09-19,2.26,82,136
2020-09-21,58.2,96,130
2020-06-14,2.75,107,86
2020-09-12,3.13,107,85
2020-06-28,0.37,98,137
2020-08-12,0.54,98,139
2020-08-22,25.7,98,138
2020-09-11,0.48,98,140
2020-09-21,2.62,98,141
2020-06-28,1.18,100,10
2020-07-05,1.49,100,7
2020-07-20,1.54,100,4
2020-08-07,1.3,100,5
2020-08-12,2.94,100,15
2020-08-14,1.16,100,2
2020-08-22,21.3,100,3
2020-09-03,3.44,100,11
2020-09-08,2.77,100,14
2020-09-11,1.68,100,6
2020-09-13,8.73,100,12
2020-09-16,2.95,100,8
2020-09-21,1.94,100,13
2020-09-23,1.5,100,9
2020-05-10,0.58,89,49
2020-05-15,0.53,89,46
2020-05-27,0.45,89,51
2020-06-01,0.42,89,40
2020-06-16,0.28,89,44
2020-06-26,0.21,89,45
2020-07-24,0.046,89,41
2020-08-05,0.06,89,47
2020-08-13,0.26,89,42
2020-08-15,0.18,89,48
2020-08-20,0.09,89,43
2020-09-14,0.37,89,50
2020-09-22,0.35,89,39
2020-06-01,0.26,87,220
2020-06-04,0.24,87,217
2020-07-01,0.21,87,215
2020-07-31,0.24,87,216
2020-09-09,0.26,87,212
2020-09-12,0.42,87,219
2020-09-14,0.31,87,218
2020-09-22,0.2,87,213
2020-11-26,0.91,87,214
2020-05-15,201.0,87,78
2020-06-22,114.0,87,82
2020-07-24,96.8,87,74
2020-08-01,94.0,87,76
2020-08-08,92.3,87,80
2020-08-11,86.0,87,79
2020-08-13,90.7,87,83
2020-08-16,86.6,87,77
2020-08-21,95.8,87,75
2020-09-12,92.3,87,84
2020-09-17,84.8,87,81
2020-09-22,82.0,87,73
2020-08-08,3.64,83,153
2020-08-13,1.7,83,155
2020-08-28,2.3,83,154
2020-09-12,1.52,83,156
2020-05-08,93.2,89,21
2020-05-15,97.7,89,22
2020-06-22,53.7,89,18
2020-07-24,45.6,89,24
2020-08-01,43.4,89,19
2020-08-06,39.4,89,15
2020-08-11,39.5,89,17
2020-08-16,41.4,89,20
2020-08-21,46.6,89,16
2020-09-12,44.9,89,25
2020-09-17,41.1,89,23
2020-09-22,38.4,89,14
2020-06-22,252.0,82,79
2020-06-27,236.0,82,84
2020-08-01,232.0,82,81
2020-08-06,249.0,82,80
2020-08-11,244.0,82,85
2020-08-16,264.0,82,78
2020-09-23,316.0,82,83
2020-09-28,307.0,82,82
2020-08-14,4.91,104,232
2020-09-23,1.86,104,233
2020-07-01,0.38,93,31
2020-09-09,1.32,93,30
2020-09-14,1.72,93,32
2020-09-19,1.99,93,33
2020-06-01,1.78,87,136
2020-07-01,1.16,87,131
2020-07-31,0.88,87,132
2020-08-05,0.85,87,133
2020-08-20,0.86,87,135
2020-09-14,1.0,87,134
2020-05-20,7.22,91,11
2020-06-27,5.69,91,14
2020-07-17,5.72,91,12
2020-08-06,6.62,91,9
2020-08-11,5.65,91,8
2020-09-12,5.89,91,7
2020-09-20,6.06,91,10
2020-09-22,5.52,91,13
2020-07-01,1.04,82,183
2020-07-24,1.36,82,181
2020-08-28,10.6,82,182
2020-09-07,1.99,82,184
2020-09-09,1.99,82,179
2020-09-12,3.52,82,186
2020-09-14,2.19,82,185
2020-09-19,2.62,82,187
2020-09-22,1.7,82,180
2020-06-13,1.38,98,190
2020-06-28,0.99,98,188
2020-07-05,1.07,98,185
2020-07-20,1.37,98,183
2020-07-28,1.38,98,184
2020-08-22,7.84,98,182
2020-09-03,5.47,98,187
2020-09-21,1.06,98,186
2020-09-23,0.95,98,189
2020-05-09,0.9,103,58
2020-06-08,0.31,103,57
2020-08-07,0.22,103,62
2020-08-14,0.29,103,55
2020-08-17,0.22,103,56
2020-09-16,0.14,103,60
2020-09-21,0.11,103,59
2020-09-23,0.1,103,61
2020-09-28,0.08,103,63
2020-05-07,1120.0,93,14
2020-06-01,727.0,93,9
2020-06-16,576.0,93,10
2020-07-26,578.0,93,11
2020-08-08,1220.0,93,16
2020-08-15,831.0,93,13
2020-08-18,787.0,93,15
2020-09-14,1060.0,93,12
2020-09-24,872.0,93,17
2020-05-09,2.44,97,115
2020-06-13,0.54,97,114
2020-07-28,3.22,97,110
2020-08-02,5.94,97,107
2020-08-07,1.72,97,109
2020-08-22,40.7,97,108
2020-09-11,0.85,97,111
2020-09-16,0.83,97,113
2020-09-21,1.99,97,112
2020-06-22,1.1,85,225
2020-06-27,1.0,85,224
2020-08-01,1.21,85,222
2020-08-08,1.98,85,229
2020-08-21,42.6,85,223
2020-09-15,1.24,85,226
2020-09-20,1.24,85,227
2020-09-22,1.11,85,228
2020-06-01,0.16,87,164
2020-07-01,0.09,87,171
2020-07-24,0.19,87,170
2020-07-31,0.13,87,167
2020-08-05,0.08,87,172
2020-08-13,0.14,87,169
2020-08-20,0.19,87,168
2020-09-12,0.33,87,165
2020-09-14,0.26,87,173
2020-09-22,0.17,87,166
2020-06-22,11.3,86,84
2020-08-01,9.83,86,79
2020-08-06,7.9,86,80
2020-08-11,8.95,86,81
2020-08-16,15.9,86,82
2020-08-21,18.9,86,78
2020-09-20,10.7,86,83
2020-05-09,718.0,92,144
2020-05-22,437.0,92,141
2020-05-27,406.0,92,152
2020-06-01,373.0,92,146
2020-06-06,317.0,92,149
2020-06-28,227.0,92,151
2020-07-01,232.0,92,147
2020-07-26,292.0,92,145
2020-08-07,807.0,92,153
2020-08-10,521.0,92,150
2020-08-12,610.0,92,148
2020-08-22,596.0,92,139
2020-09-04,1020.0,92,143
2020-09-14,561.0,92,142
2020-09-21,564.0,92,140
2020-05-08,6.1,89,77
2020-06-14,4.92,89,75
2020-08-06,2.9,89,72
2020-08-08,2.79,89,76
2020-08-11,2.69,89,74
2020-08-16,2.52,89,73
2020-09-12,1.78,89,78
2020-06-20,0.64,103,142
2020-08-07,0.83,103,139
2020-08-14,0.73,103,140
2020-09-21,0.42,103,141
2020-09-28,0.23,103,143
2020-05-09,21.9,100,52
2020-06-13,6.23,100,50
2020-06-28,5.44,100,51
2020-08-02,15.7,100,46
2020-08-07,8.94,100,40
2020-08-12,18.2,100,48
2020-08-22,32.2,100,39
2020-09-03,22.2,100,41
2020-09-08,13.1,100,44
2020-09-11,11.3,100,49
2020-09-13,15.6,100,42
2020-09-16,16.2,100,43
2020-09-21,14.0,100,45
2020-09-23,14.9,100,47
2020-08-07,2.0,99,94
2020-08-14,1.44,99,98
2020-08-22,49.7,99,95
2020-09-08,2.38,99,99
2020-09-11,1.04,99,97
2020-09-21,7.7,99,96
2020-05-09,1.03,105,54
2020-06-08,0.57,105,60
2020-07-05,0.45,105,56
2020-08-07,0.73,105,53
2020-08-14,0.99,105,50
2020-08-17,0.91,105,51
2020-08-22,0.95,105,52
2020-09-16,1.2,105,57
2020-09-21,1.12,105,55
2020-09-23,1.09,105,58
2020-09-28,1.47,105,59
2020-05-10,1.92,106,95
2020-05-22,1.8,106,97
2020-06-01,1.64,106,96
2020-06-21,1.48,106,100
2020-06-26,1.48,106,98
2020-08-08,1.0,106,93
2020-08-13,1.09,106,92
2020-08-15,1.1,106,99
2020-09-12,1.22,106,91
2020-09-14,1.14,106,94
2020-06-22,0.29,86,28
2020-07-14,0.34,86,29
2020-08-06,0.28,86,24
2020-08-11,0.27,86,27
2020-08-16,0.14,86,25
2020-08-21,0.28,86,26
2020-09-12,0.12,86,32
2020-09-20,0.12,86,31
2020-09-22,0.11,86,30
2020-10-25,0.09,86,33
2020-06-28,0.22,99,235
2020-08-07,0.73,99,233
2020-08-14,0.58,99,231
2020-08-22,19.8,99,232
2020-09-03,1.28,99,238
2020-09-08,2.54,99,240
2020-09-11,0.99,99,234
2020-09-13,3.55,99,237
2020-09-21,4.13,99,236
2020-09-23,1.33,99,239
2020-06-06,0.27,82,109
2020-07-28,1.48,82,103
2020-08-07,0.71,82,105
2020-08-22,6.29,82,104
2020-09-09,0.78,82,102
2020-09-14,0.56,82,107
2020-09-16,0.54,82,108
2020-09-19,0.66,82,106
2020-09-21,0.62,82,110
2020-11-08,0.84,82,111
2020-05-22,1.39,108,17
2020-05-22,0.59,108,32
2020-06-13,0.86,108,25
2020-06-13,0.38,108,39
2020-07-01,0.46,108,21
2020-07-01,0.33,108,35
2020-07-28,3.82,108,14
2020-07-28,1.16,108,28
2020-08-02,5.01,108,16
2020-08-02,2.21,108,30
2020-08-07,1.29,108,15
2020-08-07,0.7,108,29
2020-08-12,0.88,108,26
2020-08-22,15.5,108,18
2020-08-22,4.07,108,31
2020-08-30,1.62,108,19
2020-08-30,0.68,108,34
2020-09-04,1.32,108,20
2020-09-04,0.49,108,33
2020-09-09,0.77,108,13
2020-09-09,0.41,108,27
2020-09-14,0.86,108,24
2020-09-14,0.43,108,38
2020-09-16,0.71,108,22
2020-09-16,0.38,108,36
2020-09-21,1.13,108,23
2020-09-21,0.51,108,37
2020-11-08,1.74,108,40
2020-05-09,2.04,105,107
2020-06-28,0.58,105,110
2020-08-12,1.52,105,111
2020-08-22,1.57,105,108
2020-09-21,0.71,105,109
2020-05-09,116.0,92,60
2020-06-06,58.1,92,62
2020-06-13,59.9,92,68
2020-07-01,63.5,92,65
2020-07-28,189.0,92,59
2020-08-02,350.0,92,61
2020-08-07,127.0,92,66
2020-08-12,84.0,92,58
2020-08-22,533.0,92,63
2020-08-30,328.0,92,64
2020-09-09,147.0,92,70
2020-09-11,101.0,92,73
2020-09-14,130.0,92,69
2020-09-16,107.0,92,67
2020-09-21,145.0,92,71
2020-10-06,74.0,92,72
2020-05-09,2.83,97,101
2020-07-28,5.82,97,103
2020-08-02,15.8,97,98
2020-08-07,3.18,97,100
2020-08-22,61.9,97,99
2020-09-11,1.58,97,102
2020-09-16,1.72,97,104
2020-09-21,3.01,97,105
2020-10-06,1.1,97,106
2020-07-14,0.26,85,174
2020-08-01,0.11,85,168
2020-08-16,0.1,85,173
2020-08-21,0.81,85,169
2020-09-15,0.09,85,172
2020-09-20,0.09,85,170
2020-09-22,0.09,85,171
2020-06-20,4.47,107,242
2020-08-07,3.95,107,244
2020-08-14,4.02,107,243
2020-09-03,4.46,107,247
2020-09-16,3.37,107,246
2020-09-21,3.2,107,245
2020-09-28,2.94,107,248
2020-05-09,2.63,102,39
2020-06-06,1.27,102,38
2020-06-13,0.94,102,42
2020-06-28,0.76,102,48
2020-07-01,1.2,102,34
2020-07-26,1.54,102,36
2020-07-28,1.74,102,41
2020-07-31,1.6,102,47
2020-08-02,1.87,102,40
2020-08-12,0.72,102,37
2020-08-22,2.25,102,43
2020-09-09,1.57,102,44
2020-09-14,1.88,102,46
2020-09-21,1.21,102,45
2020-10-06,0.56,102,35
2020-07-24,3.13,84,43
2020-08-08,4.39,84,45
2020-08-13,2.95,84,44
2020-09-07,3.57,84,48
2020-09-12,3.73,84,47
2020-09-22,3.83,84,46
2020-07-31,0.44,82,244
2020-08-08,1.61,82,248
2020-08-20,11.0,82,249
2020-08-28,2.48,82,245
2020-09-09,0.98,82,246
2020-09-14,0.61,82,247
2020-09-22,0.62,83,0
2020-06-28,23.9,99,1
2020-08-02,157.0,99,5
2020-08-07,94.8,98,244
2020-08-12,130.0,98,245
2020-08-14,113.0,99,4
2020-08-22,373.0,98,246
2020-09-08,120.0,99,3
2020-09-11,113.0,98,248
2020-09-13,239.0,99,2
2020-09-16,137.0,98,247
2020-09-21,249.0,98,249
2020-09-23,132.0,99,0
2020-07-05,1.43,98,157
2020-07-20,2.1,98,159
2020-08-12,3.59,98,153
2020-08-22,70.0,98,152
2020-09-03,7.58,98,155
2020-09-08,15.4,98,160
2020-09-11,4.89,98,151
2020-09-13,12.8,98,154
2020-09-21,18.6,98,156
2020-09-23,7.03,98,158
2020-05-09,17.7,91,214
2020-06-06,2.16,91,207
2020-06-13,5.92,91,211
2020-07-01,2.11,91,209
2020-07-28,51.8,91,208
2020-08-02,73.6,91,215
2020-08-07,29.9,91,212
2020-08-12,10.6,91,206
2020-08-22,80.2,91,210
2020-09-09,19.6,91,205
2020-09-11,17.2,91,213
2020-09-14,21.8,91,216
2020-09-16,23.0,91,217
2020-09-19,32.2,91,218
2020-09-21,21.0,91,220
2020-10-06,9.19,91,219
2020-06-27,0.13,84,152
2020-08-01,0.14,84,149
2020-08-08,1.97,84,155
2020-08-16,0.36,84,150
2020-08-21,5.48,84,151
2020-09-12,0.38,84,156
2020-09-15,0.25,84,154
2020-09-20,0.2,84,153
2020-06-22,3.24,85,190
2020-06-22,6.0,85,99
2020-07-14,5.69,85,191
2020-08-01,2.77,85,182
2020-08-01,5.65,85,93
2020-08-08,8.43,85,188
2020-08-08,26.5,85,100
2020-08-16,3.65,85,186
2020-08-16,9.62,85,98
2020-08-21,21.0,85,187
2020-08-21,58.4,85,97
2020-09-12,3.22,85,189
2020-09-12,7.29,85,101
2020-09-15,3.22,85,183
2020-09-15,5.72,85,95
2020-09-20,4.25,85,184
2020-09-20,9.0,85,94
2020-09-22,2.55,85,185
2020-09-22,5.99,85,96
2020-05-09,13.9,93,186
2020-06-06,11.8,93,182
2020-07-01,12.9,93,184
2020-08-02,12.2,93,183
2020-08-22,21.9,93,185
2020-09-09,16.7,93,181
2020-09-14,18.1,93,187
2020-09-16,17.0,93,188
2020-09-21,12.9,93,190
2020-10-06,13.0,93,189
2020-06-06,0.27,94,203
2020-06-13,0.3,94,212
2020-07-01,0.24,94,213
2020-07-28,1.66,94,199
2020-08-02,3.01,94,208
2020-08-22,14.1,94,200
2020-08-30,1.51,94,201
2020-09-09,0.4,94,202
2020-09-11,0.93,94,207
2020-09-14,0.78,94,206
2020-09-16,0.97,94,204
2020-09-21,1.33,94,205
2020-10-06,0.25,94,209
2020-10-26,0.24,94,211
2020-11-08,3.1,94,210
2020-07-14,0.82,84,27
2020-08-08,1.63,84,24
2020-09-12,0.62,84,26
2020-09-22,0.54,84,25
2020-06-18,0.55,107,213
2020-07-18,0.59,107,212
2020-07-26,0.8,107,214
2020-08-07,0.45,107,211
2020-05-10,4.92,107,139
2020-05-22,4.58,107,135
2020-06-01,4.13,107,137
2020-08-13,2.82,107,134
2020-08-15,2.72,107,133
2020-09-12,2.84,107,138
2020-09-14,2.73,107,136
2020-07-30,4.16,99,86
2020-08-02,10.2,99,85
2020-08-07,4.97,99,87
2020-08-22,25.0,99,88
2020-09-08,3.23,99,93
2020-09-11,1.67,99,90
2020-09-16,2.01,99,89
2020-09-21,2.71,99,91
2020-09-23,1.79,99,92
2020-06-06,0.46,94,131
2020-06-13,0.46,94,130
2020-07-28,1.91,94,126
2020-08-12,0.51,94,127
2020-08-22,2.96,94,128
2020-09-09,0.44,94,125
2020-09-11,0.62,94,129
2020-09-14,0.47,94,133
2020-09-19,1.97,94,132
2020-09-21,1.82,94,134
2020-11-08,0.82,94,135
2020-06-01,0.23,83,160
2020-07-01,0.34,83,157
2020-07-24,0.61,83,163
2020-07-31,0.32,83,158
2020-08-08,1.54,83,159
2020-08-20,2.55,83,166
2020-09-07,0.37,83,167
2020-09-09,0.37,83,161
2020-09-12,0.35,83,162
2020-09-14,0.31,83,165
2020-09-22,0.28,83,164
2020-06-22,1.05,85,77
2020-07-14,1.17,85,76
2020-08-01,0.94,85,74
2020-08-16,1.64,85,82
2020-08-21,7.37,85,75
2020-09-12,1.24,85,81
2020-09-15,1.11,85,79
2020-09-20,1.15,85,78
2020-09-22,0.89,85,80
2020-06-06,0.21,82,223
2020-07-01,0.2,82,227
2020-07-24,0.24,82,222
2020-08-20,0.9,82,221
2020-08-28,1.03,82,220
2020-09-09,0.25,82,218
2020-09-12,0.51,82,225
2020-09-14,0.35,82,224
2020-09-19,0.32,82,226
2020-09-22,0.25,82,219
2020-07-24,0.042,85,3
2020-08-08,0.33,85,4
2020-08-13,0.38,85,2
2020-09-07,0.36,85,6
2020-09-12,0.15,85,7
2020-09-22,0.3,85,5
2020-06-01,1.68,83,194
2020-07-01,0.68,83,200
2020-07-31,0.9,83,192
2020-08-05,0.67,83,196
2020-08-08,0.96,83,197
2020-08-13,1.29,83,193
2020-08-20,2.95,83,195
2020-09-07,2.71,83,199
2020-09-09,2.3,83,198
2020-09-12,1.98,83,201
2020-09-14,1.96,83,202
2020-09-22,1.36,83,203
2020-07-18,1.15,103,162
2020-08-07,0.95,103,159
2020-09-16,1.01,103,161
2020-09-21,0.78,103,160
2020-05-09,193.0,92,77
2020-06-06,111.0,92,78
2020-06-13,86.9,92,83
2020-07-01,86.4,92,89
2020-07-28,235.0,92,74
2020-08-02,714.0,92,75
2020-08-07,197.0,92,82
2020-08-12,184.0,92,79
2020-08-22,933.0,92,76
2020-08-30,484.0,92,80
2020-09-09,200.0,92,84
2020-09-11,176.0,92,81
2020-09-14,191.0,92,86
2020-09-16,178.0,92,85
2020-09-21,269.0,92,88
2020-10-06,126.0,92,87
2020-06-06,2.04,95,156
2020-07-01,1.44,95,154
2020-07-28,7.34,95,152
2020-08-02,15.5,95,153
2020-08-22,72.2,95,151
2020-08-30,11.7,95,155
2020-09-09,4.76,95,159
2020-09-11,6.48,95,157
2020-09-14,4.07,95,160
2020-09-16,4.32,95,158
2020-09-21,6.6,95,161
2020-05-09,2.23,100,196
2020-06-13,1.29,100,200
2020-06-28,1.2,100,198
2020-08-12,1.26,100,197
2020-09-21,0.98,100,199
2020-06-01,589.0,92,211
2020-06-26,415.0,92,212
2020-08-05,945.0,92,215
2020-08-10,747.0,92,216
2020-08-15,722.0,92,213
2020-09-14,912.0,92,214
2020-05-09,4.66,105,231
2020-06-01,3.73,105,234
2020-06-13,3.09,105,240
2020-06-28,2.37,105,233
2020-07-01,2.56,105,228
2020-07-31,2.92,105,229
2020-08-07,2.79,105,236
2020-08-10,3.78,105,239
2020-08-12,4.56,105,230
2020-08-20,3.12,105,235
2020-08-22,4.2,105,232
2020-09-14,3.62,105,237
2020-09-21,2.86,105,238
2020-10-06,3.33,105,241
2020-06-01,0.44,107,222
2020-07-18,0.42,107,226
2020-08-07,0.24,107,225
2020-08-15,0.46,107,223
2020-08-17,0.45,107,224
2020-09-19,0.21,107,227
2020-08-12,3.67,98,125
2020-08-22,49.1,98,126
2020-09-11,3.04,98,127
2020-09-21,7.92,98,128
2020-05-10,0.71,106,26
2020-05-15,0.25,106,25
2020-06-01,0.26,106,27
2020-06-26,0.21,106,20
2020-08-05,0.2,106,29
2020-08-10,0.2,106,22
2020-08-13,0.43,106,23
2020-08-20,0.26,106,21
2020-09-12,0.36,106,30
2020-09-14,0.31,106,24
2020-09-22,0.3,106,19
2020-09-24,0.25,106,28
2020-05-22,9.93,83,66
2020-07-31,6.25,83,65
2020-08-08,72.4,83,67
2020-08-20,103.0,83,70
2020-08-28,31.6,83,68
2020-09-09,17.6,83,69
2020-09-14,12.4,83,71
2020-09-22,11.1,83,72
2020-05-09,2.02,102,86
2020-06-01,1.43,102,94
2020-06-06,1.12,102,95
2020-06-28,1.03,102,92
2020-07-01,1.1,102,81
2020-07-26,0.81,102,85
2020-07-28,0.79,102,88
2020-07-31,0.85,102,84
2020-08-02,0.85,102,93
2020-08-12,1.1,102,83
2020-08-22,3.36,102,87
2020-09-09,1.2,102,89
2020-09-14,1.1,102,91
2020-09-21,0.98,102,90
2020-10-06,1.29,102,82
2020-06-01,26.5,86,234
2020-06-13,135.0,92,105
2020-06-28,114.0,92,107
2020-07-01,19.1,86,237
2020-07-24,22.1,86,239
2020-07-28,232.0,92,102
2020-07-31,21.5,86,235
2020-08-05,21.5,86,240
2020-08-07,299.0,92,104
2020-08-12,228.0,92,103
2020-08-13,21.6,86,236
2020-08-20,25.2,86,233
2020-08-22,752.0,92,101
2020-09-12,23.7,86,231
2020-09-14,24.8,86,238
2020-09-21,378.0,92,106
2020-09-22,23.4,86,232
2020-07-01,4.25,96,72
2020-07-28,8.81,96,65
2020-08-02,18.9,96,64
2020-08-07,11.7,96,70
2020-08-22,44.4,96,66
2020-08-30,9.07,96,69
2020-09-04,8.07,96,67
2020-09-09,6.81,96,68
2020-09-14,6.43,96,74
2020-09-16,6.38,96,73
2020-09-21,6.54,96,71
2020-11-08,7.38,96,75
2020-06-22,0.25,88,58
2020-08-01,0.31,88,54
2020-08-06,0.29,88,53
2020-08-08,0.27,88,59
2020-08-13,0.23,88,57
2020-08-16,0.2,88,56
2020-08-21,0.17,88,55
2020-09-20,0.07,88,61
2020-09-22,0.07,88,60
2020-07-01,7.54,83,99
2020-07-31,36.2,83,96
2020-08-05,8.03,83,104
2020-08-08,17.4,83,98
2020-08-13,44.8,83,97
2020-08-20,48.6,83,105
2020-09-09,118.0,83,100
2020-09-12,54.8,83,101
2020-09-14,52.2,83,102
2020-09-22,41.7,83,103
2020-05-09,2.09,98,181
2020-06-13,0.92,98,179
2020-06-28,0.76,98,178
2020-07-28,0.74,98,177
2020-08-12,1.41,98,175
2020-08-22,1.05,98,176
2020-09-21,0.69,98,180
2020-07-24,0.38,85,8
2020-08-08,0.45,85,11
2020-08-13,0.92,85,9
2020-09-07,0.52,85,10
2020-09-12,0.32,85,13
2020-09-22,0.61,85,12
2020-06-02,9.91,90,221
2020-06-14,8.7,90,225
2020-06-17,8.76,90,220
2020-08-06,8.41,90,224
2020-08-11,7.65,90,222
2020-08-16,7.84,90,223
2020-09-12,7.79,90,219
2020-05-20,1.05,90,200
2020-06-09,0.71,90,201
2020-06-14,0.63,90,198
2020-06-27,0.55,90,196
2020-08-11,0.67,90,197
2020-08-16,0.78,90,195
2020-09-12,0.8,90,194
2020-09-20,0.71,90,199
2020-05-09,9.6,97,128
2020-06-13,2.73,97,133
2020-08-02,18.2,97,124
2020-08-07,4.92,97,127
2020-08-12,9.45,97,126
2020-08-22,53.7,97,125
2020-09-11,4.01,97,129
2020-09-16,3.28,97,130
2020-09-21,4.94,97,132
2020-10-06,2.17,97,131
2020-06-17,0.6,88,47
2020-08-01,0.07,88,39
2020-08-06,0.07,88,38
2020-08-08,0.07,88,43
2020-08-11,0.07,88,42
2020-08-16,0.07,88,41
2020-08-21,0.14,88,40
2020-09-20,0.22,88,44
2020-09-22,0.21,88,45
2020-11-04,0.08,88,46
2020-06-01,0.84,87,176
2020-07-01,0.6,87,180
2020-07-31,0.44,87,177
2020-08-05,0.36,87,181
2020-08-13,0.31,87,178
2020-08-20,0.28,87,179
2020-09-12,0.26,87,174
2020-09-14,0.25,87,182
2020-09-22,0.18,87,175
2020-05-22,0.74,96,178
2020-07-01,2.68,96,170
2020-07-28,4.47,96,169
2020-08-02,7.72,96,177
2020-08-22,16.7,96,171
2020-08-30,3.76,96,172
2020-09-04,3.39,96,174
2020-09-09,2.56,96,173
2020-09-14,2.3,96,176
2020-09-21,2.52,96,175
2020-05-09,29.1,101,10
2020-06-28,15.3,101,9
2020-08-07,18.1,101,13
2020-08-12,22.1,101,12
2020-08-22,19.7,101,8
2020-09-21,26.3,101,11
2020-05-15,8.64,88,96
2020-07-24,1.89,88,92
2020-08-01,1.96,88,99
2020-08-06,2.34,88,91
2020-08-08,2.31,88,98
2020-08-11,3.05,88,95
2020-08-13,3.22,88,93
2020-08-16,2.24,88,97
2020-08-21,2.15,88,94
2020-09-22,1.62,88,90
2020-07-14,0.15,85,167
2020-08-01,0.13,85,161
2020-08-16,0.32,85,165
2020-08-21,2.45,85,162
2020-09-15,0.14,85,163
2020-09-20,0.2,85,164
2020-09-22,0.13,85,166
2020-08-07,12.0,98,95
2020-08-22,184.0,98,96
2020-09-11,11.8,98,94
2020-09-21,52.0,98,97
2020-07-24,2.25,84,33
2020-08-08,4.83,84,32
2020-08-13,2.86,84,37
2020-09-07,3.2,84,34
2020-09-12,1.77,84,36
2020-09-22,2.06,84,35
2020-05-27,3.73,104,138
2020-07-01,1.58,104,131
2020-07-18,2.71,104,130
2020-07-26,2.75,104,129
2020-08-10,1.87,104,132
2020-08-15,1.62,104,128
2020-08-22,4.36,104,133
2020-09-04,4.52,104,137
2020-09-14,2.65,104,135
2020-09-21,1.88,104,134
2020-10-06,1.46,104,136
2020-05-09,13.2,100,238
2020-06-28,5.93,100,234
2020-08-07,6.85,100,237
2020-08-12,8.91,100,235
2020-08-14,9.36,100,233
2020-08-22,9.08,100,236
2020-09-21,7.82,100,239
2020-09-23,7.11,100,240
2020-06-01,0.38,88,13
2020-07-24,0.24,88,17
2020-07-31,0.19,88,14
2020-08-05,0.19,88,15
2020-08-20,0.26,88,16
2020-09-12,0.23,88,11
2020-09-14,0.22,88,18
2020-09-22,0.32,88,12
2020-06-14,2.57,91,4
2020-06-17,2.61,91,6
2020-08-06,2.73,91,5
2020-08-11,2.5,91,3
2020-08-16,2.34,91,2
2020-09-12,2.4,91,1
2020-06-01,13.6,107,9
2020-06-16,11.3,107,10
2020-07-26,13.4,107,15
2020-08-08,12.5,107,13
2020-08-15,11.2,107,12
2020-08-18,10.1,107,11
2020-09-14,15.0,107,14
2020-07-30,1.16,98,76
2020-08-07,1.03,98,77
2020-08-22,22.5,98,78
2020-09-08,0.96,98,82
2020-09-11,0.63,98,80
2020-09-16,0.71,98,81
2020-09-21,2.06,98,79
2020-06-13,0.32,86,171
2020-06-28,0.33,86,172
2020-07-01,0.38,86,167
2020-07-28,0.46,86,169
2020-07-31,0.53,86,170
2020-08-02,0.5,86,177
2020-08-07,0.34,86,173
2020-08-12,0.34,86,168
2020-08-17,0.36,86,176
2020-08-22,1.12,86,174
2020-09-09,0.51,86,165
2020-09-21,0.4,86,175
2020-10-06,0.36,86,166
2020-06-02,0.46,91,49
2020-06-14,0.39,91,47
2020-06-17,0.36,91,50
2020-08-06,0.23,91,51
2020-08-11,0.31,91,48
2020-08-16,0.28,91,52
2020-09-12,0.38,91,46
2020-05-10,2.39,107,148
2020-05-22,1.55,107,149
2020-06-01,1.44,107,152
2020-06-26,0.72,107,150
2020-07-05,1.43,99,185
2020-07-20,3.05,99,186
2020-08-07,2.62,99,182
2020-08-12,11.2,99,180
2020-08-13,0.63,107,146
2020-08-14,5.56,99,183
2020-08-15,0.55,107,147
2020-08-22,70.2,99,181
2020-09-08,16.4,99,189
2020-09-11,9.89,99,184
2020-09-12,0.53,107,145
2020-09-13,19.0,99,188
2020-09-14,0.5,107,151
2020-09-21,23.9,99,187
2020-09-23,12.3,99,190
2020-05-22,17.3,96,121
2020-07-01,17.8,96,118
2020-07-28,37.6,96,115
2020-08-02,160.0,96,113
2020-08-02,10.6,108,11
2020-08-07,50.3,96,114
2020-08-14,6.48,108,7
2020-08-22,323.0,96,116
2020-08-22,37.2,108,8
2020-08-30,72.4,96,120
2020-09-04,60.2,96,119
2020-09-09,45.3,96,117
2020-09-11,1.95,108,6
2020-09-14,33.2,96,124
2020-09-16,33.3,96,122
2020-09-16,3.88,108,10
2020-09-21,50.9,96,123
2020-09-21,3.34,108,9
2020-09-23,0.87,108,12
2020-06-28,1.72,99,131
2020-08-07,5.74,99,127
2020-08-14,9.71,99,124
2020-08-22,61.7,99,125
2020-09-08,12.8,99,132
2020-09-11,7.67,99,126
2020-09-16,10.0,99,130
2020-09-21,17.1,99,128
2020-09-23,9.56,99,129
2020-06-01,1.9,105,245
2020-06-13,1.66,106,1
2020-06-28,1.57,105,244
2020-07-01,1.98,105,242
2020-07-31,1.23,105,243
2020-08-07,1.67,105,248
2020-08-20,2.28,105,249
2020-09-14,1.98,105,247
2020-09-21,1.58,105,246
2020-10-06,1.93,106,0
2020-05-07,6.12,104,95
2020-06-26,3.25,104,94
2020-07-26,3.56,104,92
2020-08-07,3.0,104,88
2020-08-15,2.46,104,87
2020-09-14,4.35,104,89
2020-09-16,3.97,104,91
2020-09-21,4.11,104,90
2020-10-06,3.09,104,93
2020-07-01,1.29,83,16
2020-07-31,1.41,83,15
2020-09-09,2.5,83,14
2020-09-14,2.54,83,17
2020-05-11,38.2,104,152
2020-07-10,19.6,104,155
2020-08-14,40.6,104,154
2020-09-23,28.4,104,153
2020-05-09,2.14,101,24
2020-07-05,0.7,101,28
2020-08-07,0.95,101,30
2020-08-12,1.88,101,26
2020-08-14,1.44,101,22
2020-08-22,1.24,101,23
2020-09-16,1.21,101,25
2020-09-21,1.24,101,27
2020-09-23,1.14,101,29
2020-05-09,0.82,95,242
2020-06-06,0.53,95,249
2020-07-01,0.47,95,243
2020-07-28,3.6,95,237
2020-08-07,0.88,95,240
2020-08-12,2.81,95,238
2020-08-22,23.4,95,239
2020-08-30,1.46,95,241
2020-09-09,1.49,95,244
2020-09-11,2.02,95,247
2020-09-14,1.04,95,245
2020-09-16,1.01,95,246
2020-09-21,1.18,95,248
2020-10-06,0.5,96,0
2020-10-26,0.78,96,1
2020-05-09,91.4,104,184
2020-07-05,34.3,104,189
2020-07-25,43.5,104,181
2020-08-14,60.0,104,188
2020-08-17,63.4,104,180
2020-08-22,74.5,104,182
2020-09-16,106.0,104,186
2020-09-18,98.9,104,187
2020-09-21,86.1,104,183
2020-09-23,79.9,104,185
2020-07-01,0.26,83,208
2020-07-24,0.27,83,216
2020-07-31,0.27,83,207
2020-08-05,0.25,83,210
2020-08-08,0.63,83,212
2020-08-13,0.46,83,209
2020-08-20,1.29,83,211
2020-09-07,0.93,83,215
2020-09-09,0.76,83,204
2020-09-12,1.06,83,214
2020-09-14,0.89,83,213
2020-09-22,0.49,83,205
2020-11-26,0.54,83,206
2020-05-08,65.7,88,244
2020-05-15,70.5,88,247
2020-06-22,35.1,89,0
2020-07-24,30.8,88,242
2020-08-01,29.1,88,239
2020-08-06,29.0,88,243
2020-08-08,30.0,88,248
2020-08-11,28.2,88,245
2020-08-13,32.3,88,240
2020-08-16,29.5,88,246
2020-08-21,32.4,88,241
2020-09-17,28.2,88,249
2020-09-22,27.2,88,238
2020-06-01,2.47,84,113
2020-06-06,27.0,82,13
2020-07-01,1.0,84,105
2020-07-24,1.97,84,111
2020-07-31,1.58,84,106
2020-08-08,3.77,84,112
2020-08-13,3.27,84,107
2020-08-20,345.0,82,14
2020-08-20,5.93,84,110
2020-09-07,8.53,84,109
2020-09-09,74.3,82,10
2020-09-09,7.83,84,108
2020-09-14,77.5,82,12
2020-09-14,4.92,84,114
2020-09-19,108.0,82,11
2020-05-07,2.02,103,178
2020-06-01,1.9,103,173
2020-07-18,1.05,103,180
2020-07-26,0.88,103,175
2020-08-05,0.52,103,181
2020-08-07,0.67,103,172
2020-08-15,0.98,103,174
2020-09-16,1.0,103,177
2020-09-21,1.0,103,176
2020-10-06,0.61,103,179
2020-08-08,0.66,91,138
2020-08-13,0.32,91,137
2020-09-12,0.4,91,140
2020-09-22,0.16,91,139
2020-07-01,2.22,87,91
2020-07-31,2.62,87,93
2020-09-09,5.74,87,90
2020-09-14,5.2,87,92
2020-07-18,0.22,103,108
2020-09-16,0.58,103,107
2020-09-21,0.29,103,106
2020-05-08,1.3,90,124
2020-06-17,0.33,90,120
2020-08-06,0.13,90,121
2020-08-11,0.12,90,123
2020-08-16,0.1,90,122
2020-09-20,0.06,90,125
2020-05-10,5.09,106,173
2020-05-22,4.95,106,172
2020-06-01,4.57,106,171
2020-06-21,3.46,106,176
2020-06-26,3.15,106,170
2020-08-08,2.83,106,169
2020-08-15,2.55,106,168
2020-09-12,2.28,106,175
2020-09-14,2.23,106,174
2020-05-09,7.86,100,141
2020-06-28,2.77,100,142
2020-07-28,1.85,100,143
2020-08-12,2.95,100,139
2020-08-22,4.38,100,140
2020-09-21,4.11,100,144
2020-06-01,0.62,88,7
2020-07-01,0.54,88,4
2020-07-24,0.62,88,6
2020-07-31,0.52,88,5
2020-08-20,4.17,88,10
2020-09-09,0.75,88,1
2020-09-12,0.63,88,9
2020-09-14,0.57,88,8
2020-09-22,0.43,88,2
2020-11-26,0.87,88,3
2020-06-01,0.12,93,206
2020-06-06,0.1,93,207
2020-06-13,0.05,93,200
2020-06-28,0.06,93,198
2020-07-01,0.14,93,196
2020-07-28,0.15,93,194
2020-07-31,0.29,93,197
2020-08-02,0.19,93,193
2020-08-07,0.041,93,199
2020-08-12,0.043,93,195
2020-08-22,2.45,93,201
2020-09-09,0.15,93,191
2020-09-11,0.48,93,202
2020-09-16,0.2,93,204
2020-09-19,0.16,93,203
2020-09-21,0.09,93,205
2020-10-06,0.039,93,192
2020-06-01,0.95,105,186
2020-07-01,0.71,105,191
2020-07-24,0.64,105,189
2020-07-31,0.68,105,187
2020-08-05,0.59,105,193
2020-08-13,0.81,105,190
2020-08-20,3.3,105,188
2020-09-12,2.69,105,184
2020-09-14,1.44,105,192
2020-09-22,0.98,105,185
2020-05-07,1.5,107,101
2020-06-01,1.55,107,97
2020-06-16,1.48,107,104
2020-07-26,0.99,107,105
2020-08-08,0.9,107,98
2020-08-15,0.73,107,102
2020-08-18,0.77,107,99
2020-08-20,1.06,107,103
2020-09-14,1.66,107,100
2020-05-08,1.12,90,218
2020-06-02,0.5,90,217
2020-06-14,0.38,90,213
2020-06-17,0.38,90,215
2020-08-06,0.33,90,211
2020-08-08,0.33,90,209
2020-08-11,0.3,90,216
2020-08-13,0.67,90,212
2020-08-16,0.41,90,214
2020-09-12,0.23,90,210
2020-05-22,3.12,83,137
2020-07-01,1.68,83,133
2020-07-31,2.45,83,131
2020-08-08,10.1,83,132
2020-08-20,20.7,83,134
2020-09-09,5.21,83,135
2020-09-14,4.5,83,136
2020-09-22,4.94,83,138
2020-06-06,2.81,82,207
2020-07-01,2.93,82,204
2020-08-08,4.68,82,205
2020-08-28,6.16,82,203
2020-09-09,7.58,82,201
2020-09-12,6.69,82,208
2020-09-14,6.95,82,206
2020-09-22,5.36,82,202
2020-07-05,13.3,98,211
2020-07-30,15.7,98,212
2020-08-07,58.6,98,210
2020-08-14,60.6,98,205
2020-08-22,431.0,98,206
2020-09-08,58.1,98,208
2020-09-11,53.6,98,207
2020-09-21,65.2,98,209
2020-06-27,4.2,85,233
2020-08-01,3.0,85,230
2020-08-16,2.4,85,237
2020-08-21,14.7,85,231
2020-09-12,1.1,85,236
2020-09-15,0.8,85,232
2020-09-20,3.0,85,234
2020-09-22,0.8,85,235
2020-06-13,36.0,99,16
2020-06-28,27.0,99,15
2020-08-07,102.0,99,9
2020-08-12,143.0,99,8
2020-08-14,130.0,99,6
2020-08-22,363.0,99,7
2020-09-11,113.0,99,10
2020-09-13,262.0,99,13
2020-09-16,151.0,99,11
2020-09-21,240.0,99,14
2020-09-23,141.0,99,12
2020-06-02,6.22,91,93
2020-06-14,5.15,91,92
2020-06-17,5.16,91,94
2020-08-11,4.98,91,90
2020-08-16,4.58,91,91
2020-09-12,4.84,91,89
2020-06-01,0.87,86,182
2020-07-01,0.76,86,179
2020-07-31,1.46,86,180
2020-09-09,1.3,86,178
2020-09-14,2.05,86,181
2020-05-22,3.22,106,166
2020-06-01,2.69,106,164
2020-06-26,1.96,106,163
2020-08-08,1.63,106,167
2020-08-15,1.47,106,165
2020-09-12,1.24,106,162
2020-05-10,0.48,106,74
2020-05-15,0.58,106,78
2020-06-01,0.54,106,72
2020-06-16,0.54,106,75
2020-06-26,0.41,106,77
2020-08-05,0.11,106,79
2020-08-13,0.25,106,76
2020-08-20,0.62,106,73
2020-09-22,0.46,106,71
2020-05-07,1.61,107,27
2020-06-01,1.36,107,29
2020-06-16,1.06,107,25
2020-07-26,0.6,107,31
2020-08-08,0.53,107,24
2020-08-15,0.49,107,28
2020-08-18,0.47,107,26
2020-08-20,0.7,107,23
2020-09-24,0.44,107,30
2020-07-14,1.58,84,29
2020-08-08,1.85,84,28
2020-09-12,0.32,84,31
2020-09-22,0.32,84,30
2020-05-09,19.6,101,1
2020-07-05,10.8,101,3
2020-07-30,10.5,101,7
2020-08-07,12.6,101,5
2020-08-14,14.6,100,249
2020-08-22,12.1,101,0
2020-09-03,22.2,101,6
2020-09-21,12.7,101,2
2020-09-23,12.1,101,4
2020-05-29,1.13,105,162
2020-06-26,0.64,105,154
2020-06-28,0.67,105,160
2020-07-18,1.41,105,157
2020-08-07,0.55,105,153
2020-08-12,0.58,105,161
2020-08-15,0.61,105,155
2020-08-22,1.23,105,156
2020-09-14,0.6,105,159
2020-09-21,0.51,105,158
2020-06-22,0.09,85,25
2020-08-06,0.0,85,29
2020-08-08,0.0,85,30
2020-08-11,0.0,85,33
2020-08-16,0.0,85,27
2020-08-21,0.33,85,26
2020-09-20,0.026,85,28
2020-05-09,0.38,95,232
2020-06-06,0.2,95,233
2020-06-13,0.23,95,236
2020-07-01,0.19,95,224
2020-07-28,1.41,95,222
2020-08-07,0.51,95,228
2020-08-22,9.06,95,223
2020-08-30,0.86,95,226
2020-09-09,0.41,95,225
2020-09-11,0.89,95,227
2020-09-14,0.48,95,229
2020-09-16,0.48,95,230
2020-09-21,0.76,95,231
2020-10-06,0.16,95,234
2020-10-26,0.2,95,235
2020-05-09,2.07,101,65
2020-06-28,1.57,101,74
2020-07-05,1.67,101,72
2020-07-20,1.04,101,68
2020-07-28,1.03,101,73
2020-08-12,2.66,101,75
2020-08-14,2.09,101,76
2020-08-22,2.07,101,66
2020-09-03,1.8,101,71
2020-09-16,1.25,101,69
2020-09-21,1.34,101,70
2020-09-23,1.26,101,67
2020-05-22,1.09,96,190
2020-05-22,1.09,96,201
2020-07-01,0.37,96,185
2020-07-01,0.64,96,197
2020-07-28,1.38,96,179
2020-07-28,1.88,96,193
2020-08-02,2.62,96,182
2020-08-02,4.7,96,198
2020-08-07,0.86,96,180
2020-08-07,1.49,96,192
2020-08-22,10.1,96,184
2020-08-22,22.2,96,196
2020-08-30,1.96,96,181
2020-08-30,3.06,96,194
2020-09-04,1.54,96,183
2020-09-04,2.09,96,195
2020-09-09,0.91,96,188
2020-09-09,1.48,96,202
2020-09-14,0.68,96,187
2020-09-14,1.67,96,203
2020-09-16,0.66,96,186
2020-09-16,1.47,96,199
2020-09-21,0.74,96,189
2020-09-21,1.98,96,200
2020-11-08,1.82,96,191
2020-11-08,4.91,96,204
2020-07-28,3.24,97,75
2020-08-02,3.93,97,73
2020-08-07,0.79,97,76
2020-08-22,12.7,97,74
2020-09-16,0.45,97,78
2020-09-21,0.56,97,77
2020-06-13,8.88,98,100
2020-06-28,7.09,98,101
2020-08-07,16.7,98,99
2020-08-12,16.4,98,103
2020-08-22,146.0,98,98
2020-09-11,15.7,98,102
2020-09-21,54.1,98,104
2020-05-09,1.83,93,166
2020-06-06,1.19,93,160
2020-06-13,1.03,93,164
2020-07-01,0.97,93,158
2020-07-28,1.05,93,155
2020-08-07,1.19,93,157
2020-08-12,1.27,93,156
2020-08-22,2.43,93,159
2020-09-09,2.45,93,154
2020-09-11,2.64,93,161
2020-09-16,3.86,93,163
2020-09-21,1.9,93,165
2020-10-06,1.55,93,162
2020-06-01,1.1,87,126
2020-07-01,0.8,87,128
2020-07-31,0.87,87,127
2020-08-05,0.9,87,129
2020-09-14,0.64,87,130
2020-06-06,4.57,82,123
2020-07-01,3.88,82,125
2020-09-09,15.7,82,122
2020-09-14,19.6,82,126
2020-09-19,26.2,82,124
2020-07-14,1.3,84,69
2020-08-08,2.45,84,68
2020-08-13,1.69,84,67
2020-09-07,1.92,84,70
2020-06-01,1.85,84,208
2020-07-01,0.95,84,211
2020-07-24,1.17,84,216
2020-07-31,1.42,84,210
2020-08-05,0.82,84,214
2020-08-08,1.23,84,219
2020-08-13,0.86,84,209
2020-08-20,1.06,84,212
2020-09-07,2.89,84,213
2020-09-12,1.99,84,218
2020-09-14,1.68,84,215
2020-09-22,1.8,84,217
2020-05-08,7.35,90,100
2020-05-10,7.26,90,98
2020-06-14,3.35,90,101
2020-06-17,3.32,90,102
2020-08-06,2.72,90,105
2020-08-11,2.8,90,99
2020-08-16,2.61,90,103
2020-09-12,2.36,90,97
2020-09-20,2.43,90,104
2020-09-22,2.19,90,106
2020-05-27,5.22,105,98
2020-06-28,2.99,105,106
2020-07-01,2.94,105,102
2020-07-18,4.22,105,99
2020-07-26,3.32,105,104
2020-08-10,3.57,105,105
2020-08-15,3.93,105,96
2020-08-22,3.81,105,97
2020-09-04,11.7,105,100
2020-09-14,9.85,105,103
2020-09-21,5.53,105,101
2020-06-13,0.49,94,163
2020-07-28,3.84,94,160
2020-08-02,3.78,94,169
2020-08-07,1.22,94,161
2020-08-20,5.11,94,168
2020-08-22,7.54,94,162
2020-09-09,0.86,94,159
2020-09-11,0.99,94,166
2020-09-14,0.55,94,164
2020-09-19,1.18,94,167
2020-09-21,1.26,94,165
2020-06-22,1.3,85,155
2020-06-27,1.26,85,160
2020-07-14,2.12,85,159
2020-08-01,1.33,85,151
2020-08-16,1.77,85,153
2020-08-21,12.8,85,152
2020-09-12,1.19,85,158
2020-09-15,1.04,85,156
2020-09-20,1.43,85,154
2020-09-22,1.03,85,157
2020-05-09,6.72,105,197
2020-06-01,3.8,105,201
2020-06-13,2.85,105,200
2020-06-28,2.15,105,199
2020-07-01,2.05,105,194
2020-07-31,2.98,105,196
2020-08-07,3.39,105,202
2020-08-10,3.26,105,198
2020-08-12,4.06,105,195
2020-09-14,4.23,105,204
2020-09-21,3.57,105,203
2020-10-06,2.15,105,205
2020-05-22,13.3,107,143
2020-06-01,10.5,107,144
2020-06-22,4.6,85,249
2020-06-26,7.0,107,140
2020-08-06,5.21,86,2
2020-08-08,3.59,86,6
2020-08-11,4.81,86,0
2020-08-13,6.13,107,141
2020-08-15,5.73,107,142
2020-08-16,6.29,85,248
2020-08-21,12.1,85,247
2020-09-12,6.71,86,4
2020-09-20,3.48,86,3
2020-09-22,3.46,86,1
2020-10-25,3.63,86,5
2020-06-02,4.36,91,71
2020-06-14,3.58,91,70
2020-06-17,3.76,91,67
2020-08-06,3.62,91,66
2020-08-11,3.39,91,68
2020-08-16,3.2,91,69
2020-09-12,3.12,91,65
2020-05-22,2.01,97,10
2020-07-01,5.57,97,9
2020-08-02,10.8,97,12
2020-08-07,13.9,97,11
2020-08-22,56.5,97,5
2020-09-04,5.3,97,7
2020-09-09,3.63,97,6
2020-09-14,3.18,97,4
2020-09-16,2.81,97,13
2020-09-21,4.72,97,8
2020-05-10,0.13,88,172
2020-05-15,0.19,88,170
2020-06-01,0.2,88,166
2020-06-16,0.21,88,173
2020-06-26,0.21,88,175
2020-08-05,0.16,88,169
2020-08-13,0.15,88,168
2020-08-20,0.16,88,167
2020-09-14,0.11,88,171
2020-09-22,0.12,88,165
2020-09-24,0.12,88,174
2020-06-22,0.86,86,164
2020-06-27,0.83,86,159
2020-08-01,0.62,86,157
2020-08-06,0.6,86,162
2020-08-11,0.56,86,158
2020-08-16,0.76,86,160
2020-08-21,0.65,86,161
2020-09-20,0.57,86,163
2020-05-27,4.93,104,147
2020-05-29,4.77,104,143
2020-06-28,2.68,104,151
2020-07-01,2.7,104,149
2020-07-18,3.63,104,144
2020-07-26,2.97,104,139
2020-08-05,2.24,104,145
2020-08-07,2.14,104,142
2020-08-15,2.11,104,140
2020-08-22,4.67,104,141
2020-09-14,3.47,104,148
2020-09-21,2.56,104,146
2020-10-06,2.27,104,150
2020-08-08,99.3,82,24
2020-08-13,112.0,82,23
2020-09-12,204.0,82,25
2020-05-09,13.5,105,17
2020-07-05,3.89,105,26
2020-07-25,3.35,105,24
2020-07-30,3.13,105,27
2020-08-07,4.27,105,21
2020-08-14,4.47,105,22
2020-08-17,4.28,105,16
2020-08-22,5.08,105,23
2020-09-03,43.4,105,28
2020-09-16,21.5,105,19
2020-09-18,17.2,105,25
2020-09-21,13.3,105,18
2020-09-23,10.5,105,20
2020-05-07,1.71,103,204
2020-07-18,1.09,103,202
2020-07-26,1.12,103,206
2020-08-07,0.91,103,200
2020-09-16,0.51,103,201
2020-09-21,0.48,103,203
2020-10-06,0.39,103,205
2020-05-27,98.2,104,212
2020-06-28,56.0,104,211
2020-07-01,52.4,104,218
2020-07-18,57.0,104,219
2020-08-10,73.0,104,213
2020-08-15,84.2,104,210
2020-08-22,93.1,104,214
2020-09-04,176.0,104,215
2020-09-14,159.0,104,216
2020-09-21,118.0,104,217
2020-05-09,2.33,100,214
2020-08-22,2.29,100,213
2020-09-16,2.3,100,215
2020-09-21,2.12,100,216
2020-05-09,1.82,98,12
2020-05-09,2.89,100,109
2020-05-22,1.49,100,111
2020-06-01,1.83,100,120
2020-06-06,1.43,98,14
2020-06-06,1.68,100,110
2020-06-13,1.41,98,11
2020-06-28,1.26,100,115
2020-07-01,1.65,98,2
2020-07-01,1.66,100,104
2020-07-26,1.35,98,5
2020-07-26,1.3,100,105
2020-07-28,1.42,98,6
2020-07-28,1.36,100,121
2020-07-31,1.64,98,9
2020-07-31,2.58,100,106
2020-08-02,1.47,98,4
2020-08-07,1.33,98,8
2020-08-12,1.19,98,10
2020-08-12,1.85,100,108
2020-08-20,1.74,100,112
2020-08-22,1.58,98,7
2020-08-22,3.52,100,107
2020-08-30,1.61,98,13
2020-08-30,5.65,100,118
2020-09-04,1.7,100,113
2020-09-09,1.37,98,15
2020-09-09,1.94,100,116
2020-09-11,1.25,98,16
2020-09-14,1.33,98,18
2020-09-14,2.03,100,114
2020-09-16,1.28,98,17
2020-09-21,1.43,98,19
2020-09-21,2.49,100,119
2020-09-24,1.83,100,117
2020-10-06,0.88,98,3
2020-10-06,1.13,100,103
2020-06-18,3.99,107,206
2020-07-18,5.03,107,209
2020-07-26,6.79,107,210
2020-08-07,3.81,107,207
2020-10-06,2.86,107,208
2020-06-13,12.0,98,113
2020-08-12,21.2,98,111
2020-08-22,94.5,98,112
2020-09-11,21.3,98,114
2020-09-21,56.0,98,115
2020-05-08,3.2,90,4
2020-05-15,3.09,90,5
2020-06-22,0.86,90,1
2020-07-24,0.45,89,249
2020-08-01,0.36,89,244
2020-08-06,0.32,89,247
2020-08-08,0.3,90,2
2020-08-11,0.27,89,248
2020-08-13,0.25,90,0
2020-08-16,0.22,89,246
2020-08-21,0.17,89,245
2020-09-12,0.3,90,6
2020-09-17,0.4,90,3
2020-09-22,0.37,89,243
2020-05-15,83.1,87,56
2020-06-22,46.4,87,58
2020-08-01,40.0,87,51
2020-08-06,39.0,87,53
2020-08-08,39.2,87,59
2020-08-11,39.6,87,57
2020-08-13,38.8,87,52
2020-08-16,38.0,87,55
2020-08-21,41.9,87,54
2020-09-22,39.9,87,50
2020-05-22,0.69,83,55
2020-07-31,0.24,83,50
2020-08-08,2.88,83,54
2020-08-28,1.52,83,51
2020-09-09,0.7,83,52
2020-09-14,0.54,83,53
2020-09-22,0.31,83,56
2020-05-08,1.28,88,162
2020-05-15,0.82,88,163
2020-06-22,1.16,88,161
2020-07-24,0.6,88,160
2020-08-06,0.13,88,157
2020-08-08,0.14,88,164
2020-08-11,0.14,88,159
2020-08-13,0.18,88,156
2020-08-16,0.28,88,158
2020-08-21,0.53,88,155
2020-09-22,0.37,88,154
2020-05-09,1.19,101,179
2020-06-28,0.56,101,182
2020-08-12,2.48,101,181
2020-08-22,1.91,101,178
2020-09-21,0.77,101,180
2020-05-07,1.73,104,47
2020-07-18,1.22,104,42
2020-07-26,1.23,104,40
2020-08-05,0.92,104,44
2020-08-07,0.95,104,43
2020-08-15,1.18,104,41
2020-09-16,0.69,104,46
2020-09-21,0.68,104,45
2020-10-06,0.83,104,48
2020-05-09,0.5,93,53
2020-06-06,0.25,93,50
2020-06-13,0.32,93,52
2020-07-01,0.22,93,59
2020-07-28,2.31,93,48
2020-08-02,2.85,93,49
2020-08-07,0.54,93,54
2020-08-20,4.34,93,61
2020-08-22,9.36,93,51
2020-09-09,0.4,93,47
2020-09-11,0.96,93,56
2020-09-14,0.39,93,55
2020-09-16,0.53,93,60
2020-09-19,0.77,93,58
2020-09-21,0.44,93,57
2020-06-17,0.92,91,87
2020-08-06,0.76,91,84
2020-08-11,0.86,91,86
2020-08-13,0.77,91,85
2020-08-16,0.64,91,88
2020-09-12,0.56,91,83
2020-06-01,1.82,87,230
2020-07-01,1.94,87,224
2020-07-24,1.9,87,227
2020-07-31,2.43,87,225
2020-08-20,6.32,87,226
2020-09-09,2.29,87,221
2020-09-12,1.73,87,229
2020-09-14,1.81,87,228
2020-09-22,1.37,87,222
2020-11-26,1.91,87,223
2020-06-27,0.77,85,220
2020-06-27,0.19,86,12
2020-08-01,0.99,85,215
2020-08-01,0.21,86,7
2020-08-16,1.06,85,221
2020-08-16,0.19,86,13
2020-08-21,37.7,85,216
2020-08-21,10.5,86,8
2020-09-15,1.07,85,219
2020-09-15,0.33,86,9
2020-09-20,0.94,85,217
2020-09-20,0.28,86,11
2020-09-22,0.79,85,218
2020-09-22,0.22,86,10
2020-06-06,0.1,93,75
2020-07-01,0.22,93,76
2020-08-20,0.51,93,78
2020-09-09,0.64,93,74
2020-05-09,1.04,101,129
2020-07-05,0.92,101,126
2020-07-25,0.62,101,125
2020-07-30,0.29,101,132
2020-08-07,0.25,101,130
2020-08-14,0.45,101,124
2020-08-22,0.76,101,127
2020-09-03,0.91,101,133
2020-09-18,0.82,101,134
2020-09-21,0.51,101,128
2020-09-23,0.49,101,131
2020-05-09,1.42,97,141
2020-06-01,0.8,97,143
2020-06-06,0.77,97,139
2020-06-28,0.67,97,146
2020-07-01,1.2,97,134
2020-07-28,0.8,97,138
2020-08-02,0.88,97,136
2020-08-12,0.69,97,137
2020-08-22,1.16,97,140
2020-09-09,0.97,97,145
2020-09-14,1.28,97,144
2020-09-21,1.16,97,142
2020-10-06,0.58,97,135
2020-11-08,1.21,97,147
2020-06-01,0.69,98,68
2020-06-06,0.65,98,61
2020-06-13,0.59,98,57
2020-06-28,0.48,98,58
2020-07-01,0.66,98,66
2020-07-26,0.41,98,60
2020-07-28,0.41,98,67
2020-07-31,0.9,98,63
2020-08-12,0.5,98,62
2020-08-22,0.45,98,59
2020-09-14,0.41,98,65
2020-09-21,0.35,98,64
2020-10-06,0.23,98,56
2020-05-29,616.0,92,183
2020-06-01,584.0,92,181
2020-06-26,376.0,92,177
2020-06-28,365.0,92,182
2020-07-18,440.0,92,179
2020-08-05,1120.0,92,178
2020-08-10,704.0,92,185
2020-08-15,703.0,92,176
2020-09-14,891.0,92,180
2020-09-21,772.0,92,184
2020-05-09,3.71,97,214
2020-06-01,2.04,97,218
2020-06-06,1.87,97,215
2020-06-28,1.48,97,217
2020-07-01,2.11,97,210
2020-07-26,1.21,97,211
2020-07-28,1.21,97,220
2020-08-02,1.83,97,212
2020-08-12,1.4,97,216
2020-08-22,1.8,97,219
2020-09-14,1.6,97,213
2020-09-21,1.35,97,221
2020-10-06,0.75,97,209
2020-05-08,2.31,90,70
2020-08-01,0.4,90,71
2020-08-11,0.21,90,73
2020-08-16,0.23,90,72
2020-09-20,0.23,90,74
2020-07-24,0.37,88,49
2020-08-01,0.39,88,48
2020-08-08,0.38,88,52
2020-08-13,0.35,88,50
2020-09-22,0.26,88,51
2020-08-08,2.76,84,55
2020-09-07,1.07,84,57
2020-09-22,0.91,84,56
2020-08-08,1.11,106,241
2020-06-01,2.79,86,191
2020-07-01,2.71,86,189
2020-07-31,3.15,86,190
2020-09-09,3.89,86,188
2020-09-14,4.5,86,192
2020-05-09,1.75,95,215
2020-06-06,0.66,95,141
2020-06-06,0.97,95,219
2020-06-13,0.65,95,146
2020-06-13,1.13,95,211
2020-07-01,0.48,95,148
2020-07-28,3.5,95,147
2020-07-28,3.13,95,208
2020-08-02,9.06,95,137
2020-08-02,9.8,95,209
2020-08-22,21.3,95,138
2020-08-22,39.9,95,210
2020-08-30,4.4,95,139
2020-08-30,5.1,95,213
2020-09-09,1.38,95,140
2020-09-09,1.87,95,212
2020-09-11,2.43,95,145
2020-09-11,3.02,95,217
2020-09-14,1.49,95,144
2020-09-14,1.85,95,216
2020-09-16,1.79,95,143
2020-09-16,1.95,95,214
2020-09-21,3.16,95,142
2020-09-21,2.99,95,218
2020-10-26,1.18,95,149
2020-10-26,2.29,95,220
2020-11-08,7.26,95,150
2020-11-08,9.03,95,221
2020-07-28,17.0,97,58
2020-08-02,29.5,97,60
2020-08-07,25.5,97,56
2020-08-22,101.0,97,55
2020-09-16,15.0,97,57
2020-09-21,38.5,97,59
2020-07-28,20.1,97,63
2020-08-02,34.1,97,66
2020-08-07,27.2,97,62
2020-08-22,113.0,97,61
2020-09-16,16.2,97,64
2020-09-21,42.3,97,65
2020-08-05,0.4,104,72
2020-08-07,0.35,104,71
2020-08-15,0.4,104,75
2020-09-16,0.84,104,74
2020-09-21,0.63,104,73
2020-10-06,0.27,104,76
2020-08-01,0.62,90,19
2020-08-06,0.52,90,20
2020-08-11,0.49,90,22
2020-08-16,0.44,90,21
2020-05-08,2.91,89,134
2020-05-10,2.91,89,135
2020-06-14,2.64,89,132
2020-08-06,1.95,89,129
2020-08-08,1.95,89,127
2020-08-11,2.29,89,130
2020-08-13,2.27,89,128
2020-08-16,2.16,89,131
2020-09-12,1.58,89,126
2020-09-22,1.84,89,133
2020-06-06,0.62,93,233
2020-07-01,0.29,93,230
2020-09-09,1.18,93,229
2020-09-14,1.06,93,232
2020-09-19,0.94,93,231
2020-07-01,1.25,84,81
2020-07-24,0.4,84,83
2020-07-31,1.23,84,82
2020-08-05,0.37,84,88
2020-08-13,1.6,84,91
2020-08-20,1.28,84,84
2020-09-07,2.12,84,85
2020-09-09,1.63,84,86
2020-09-12,1.57,84,90
2020-09-14,0.31,84,87
2020-09-22,0.26,84,89
2020-05-09,5.39,102,178
2020-06-08,3.41,102,177
2020-08-07,3.41,102,174
2020-08-14,3.32,102,176
2020-08-17,2.86,102,175
2020-09-21,2.31,102,179
2020-09-23,2.22,102,180
2020-09-28,2.22,102,181
2020-05-09,2.86,103,33
2020-06-08,1.18,103,29
2020-08-07,1.15,103,26
2020-08-14,1.02,103,28
2020-08-17,0.78,103,27
2020-09-03,0.94,103,36
2020-09-16,0.57,103,32
2020-09-21,0.53,103,31
2020-09-23,0.5,103,34
2020-09-28,0.45,103,30
2020-11-05,0.71,103,35
2020-07-01,0.19,82,150
2020-08-20,1.42,82,152
2020-09-09,0.44,82,149
2020-09-14,0.47,82,151
2020-06-01,0.76,87,102
2020-07-01,0.45,87,101
2020-07-24,0.43,87,103
2020-08-05,0.39,87,99
2020-08-13,0.51,87,98
2020-09-09,0.55,87,94
2020-09-12,0.5,87,95
2020-09-14,0.48,87,100
2020-09-22,0.42,87,96
2020-11-26,0.54,87,97
2020-05-22,1.76,97,30
2020-07-01,0.65,97,28
2020-07-28,2.02,97,26
2020-08-02,4.17,97,25
2020-08-07,1.53,97,35
2020-08-22,12.8,97,27
2020-08-30,2.0,97,36
2020-09-04,5.61,97,29
2020-09-09,1.94,97,33
2020-09-14,2.12,97,34
2020-09-16,2.25,97,31
2020-09-21,3.33,97,32
2020-05-09,5.53,100,219
2020-08-12,3.99,100,223
2020-08-14,3.94,100,217
2020-08-22,3.84,100,218
2020-09-16,4.27,100,220
2020-09-21,4.55,100,221
2020-09-23,4.34,100,222
2020-07-01,0.1,83,182
2020-07-31,0.11,83,183
2020-08-05,0.09,83,187
2020-08-08,3.78,83,186
2020-08-13,0.84,83,184
2020-08-20,5.65,83,191
2020-09-09,0.55,83,185
2020-09-12,1.05,83,188
2020-09-14,0.69,83,189
2020-09-22,0.41,83,190
2020-08-07,5.63,99,135
2020-08-22,7.99,99,134
2020-09-08,8.44,99,139
2020-09-11,6.64,99,133
2020-09-16,13.8,99,136
2020-09-21,8.35,99,138
2020-09-23,5.97,99,137
2020-06-22,96.5,82,57
2020-08-06,170.0,82,59
2020-08-08,132.0,82,56
2020-08-11,122.0,82,60
2020-08-16,131.0,82,53
2020-08-21,122.0,82,54
2020-09-20,202.0,82,55
2020-09-22,225.0,82,58
2020-10-25,228.0,82,61
2020-05-09,3.59,100,173
2020-06-13,1.55,100,176
2020-07-28,0.55,100,174
2020-08-12,1.62,100,171
2020-08-22,1.64,100,172
2020-09-21,1.82,100,175
2020-05-09,212.0,99,35
2020-06-28,47.0,99,41
2020-07-20,105.0,99,34
2020-07-28,94.8,99,30
2020-08-07,143.0,99,33
2020-08-12,185.0,99,31
2020-08-14,187.0,99,32
2020-08-22,370.0,99,29
2020-09-03,231.0,99,37
2020-09-08,189.0,99,39
2020-09-11,174.0,99,40
2020-09-13,252.0,99,42
2020-09-21,290.0,99,36
2020-09-23,208.0,99,38
2020-05-09,5.04,94,40
2020-06-06,4.08,94,29
2020-07-01,5.29,94,30
2020-08-02,5.08,94,28
2020-08-07,4.7,94,33
2020-08-12,5.0,94,36
2020-08-22,6.48,94,31
2020-09-09,5.87,94,27
2020-09-11,6.24,94,35
2020-09-14,6.11,94,39
2020-09-16,5.31,94,37
2020-09-19,5.31,94,32
2020-09-21,4.93,94,38
2020-10-06,4.7,94,34
2020-06-01,0.49,87,88
2020-07-01,0.41,87,87
2020-07-31,0.43,87,86
2020-09-09,0.39,87,85
2020-09-14,0.48,87,89
2020-05-10,1.89,88,185
2020-05-15,1.79,88,182
2020-06-01,0.77,88,184
2020-06-16,0.9,88,181
2020-06-26,0.76,88,187
2020-08-05,0.69,88,183
2020-08-10,0.53,88,177
2020-08-13,0.65,88,178
2020-08-20,1.12,88,179
2020-09-12,0.72,88,186
2020-09-14,0.4,88,180
2020-09-22,0.63,88,176
2020-06-22,100.0,82,39
2020-08-06,139.0,82,37
2020-08-08,113.0,82,42
2020-08-11,129.0,82,41
2020-08-16,126.0,82,40
2020-08-21,187.0,82,38
2020-09-12,282.0,82,43
2020-09-20,187.0,82,44
2020-06-01,39.6,87,17
2020-07-01,28.1,87,15
2020-07-31,29.2,87,12
2020-08-05,28.3,87,14
2020-08-08,29.1,87,13
2020-08-13,29.7,87,11
2020-09-12,30.9,87,18
2020-09-22,28.4,87,16
2020-05-08,93.5,89,12
2020-05-15,98.7,89,8
2020-07-24,44.4,89,10
2020-08-01,41.0,89,2
2020-08-06,40.0,89,4
2020-08-08,41.9,89,9
2020-08-11,38.8,89,5
2020-08-13,45.6,89,6
2020-08-16,40.8,89,7
2020-08-21,45.5,89,3
2020-09-12,45.2,89,13
2020-09-17,40.6,89,11
2020-09-22,39.0,89,1
2020-05-27,0.81,105,91
2020-06-28,0.52,105,90
2020-07-01,0.55,105,85
2020-07-18,0.6,105,86
2020-07-26,0.56,105,84
2020-08-10,0.61,105,81
2020-08-15,1.07,105,83
2020-08-22,0.98,105,82
2020-09-04,1.38,105,87
2020-09-14,0.87,105,88
2020-09-21,0.74,105,89
2020-05-09,25.7,102,19
2020-06-01,19.1,102,13
2020-06-13,16.2,102,14
2020-06-28,14.8,102,9
2020-07-01,15.4,102,16
2020-07-31,16.8,102,11
2020-08-07,16.0,102,12
2020-08-10,16.7,102,18
2020-08-12,16.4,102,8
2020-08-20,15.2,102,21
2020-08-22,20.0,102,10
2020-09-14,18.5,102,15
2020-09-21,24.8,102,17
2020-10-06,15.9,102,20
2020-05-07,17.8,106,125
2020-05-10,18.0,106,127
2020-05-22,18.1,106,124
2020-06-01,14.7,106,119
2020-06-16,11.3,106,123
2020-06-26,9.48,106,121
2020-08-08,7.72,106,129
2020-08-15,7.13,106,122
2020-08-18,7.47,106,128
2020-09-12,7.35,106,120
2020-09-14,7.17,106,126
2020-09-24,6.93,106,130
2020-05-22,1.43,107,126
2020-06-01,1.05,107,125
2020-06-26,0.4,107,122
2020-08-13,0.24,107,123
2020-08-15,0.22,107,124
2020-11-01,0.2,107,127
2020-06-22,3.11,85,245
2020-06-27,2.57,85,241
2020-08-01,3.39,85,238
2020-08-16,3.26,85,240
2020-08-21,18.9,85,239
2020-09-12,3.16,85,246
2020-09-15,2.02,85,242
2020-09-20,3.69,85,243
2020-09-22,2.05,85,244
2020-05-27,69.7,102,240
2020-07-01,41.8,102,244
2020-07-18,46.6,102,245
2020-07-26,48.6,102,236
2020-08-07,42.1,102,237
2020-08-15,47.0,102,238
2020-09-04,75.2,102,241
2020-09-14,58.4,102,242
2020-09-21,47.1,102,239
2020-10-06,35.2,102,243
2020-06-22,19.7,85,144
2020-08-06,16.9,85,142
2020-08-08,16.5,85,148
2020-08-11,27.2,85,143
2020-08-16,23.8,85,145
2020-08-21,24.6,85,147
2020-09-20,17.5,85,146
2020-09-22,17.9,85,149
2020-10-25,12.6,85,150
2020-05-16,0.39,99,229
2020-07-05,0.08,99,230
2020-07-30,0.48,99,225
2020-08-07,0.53,99,223
2020-08-14,0.25,99,222
2020-08-22,14.3,99,224
2020-09-08,0.79,99,228
2020-09-11,0.39,99,226
2020-09-21,1.07,99,227
2020-05-09,1.65,103,68
2020-06-08,0.85,103,66
2020-08-14,0.83,103,64
2020-08-17,0.66,103,67
2020-09-16,0.41,103,69
2020-09-21,0.34,103,65
2020-06-13,42.2,96,136
2020-06-13,1.09,97,85
2020-06-13,0.29,97,93
2020-07-28,71.4,96,132
2020-07-28,9.97,97,80
2020-07-28,0.74,97,89
2020-08-02,239.0,96,131
2020-08-02,11.6,97,79
2020-08-02,1.48,97,97
2020-08-07,91.5,96,135
2020-08-07,2.86,97,83
2020-08-07,1.02,97,92
2020-08-22,534.0,96,133
2020-08-22,58.2,97,81
2020-08-22,7.58,97,90
2020-09-11,67.3,96,134
2020-09-11,1.68,97,82
2020-09-11,0.36,97,91
2020-09-16,63.0,96,138
2020-09-16,1.47,97,86
2020-09-16,0.23,97,95
2020-09-21,117.0,96,137
2020-09-21,1.85,97,84
2020-09-21,0.23,97,94
2020-10-06,56.9,96,139
2020-10-06,1.19,97,87
2020-10-06,0.18,97,96
2020-10-26,0.9,97,88
2020-05-22,7.45,96,87
2020-07-01,7.61,96,86
2020-07-28,15.7,96,79
2020-08-02,32.5,96,81
2020-08-07,15.3,96,76
2020-08-22,80.6,96,83
2020-08-30,14.9,96,82
2020-09-04,11.7,96,77
2020-09-09,7.66,96,84
2020-09-14,7.81,96,85
2020-09-16,7.02,96,78
2020-09-21,8.37,96,80
2020-11-08,19.2,96,88
2020-05-22,11.8,96,90
2020-07-01,11.8,96,99
2020-07-28,25.7,96,95
2020-08-02,51.3,96,96
2020-08-07,23.6,96,89
2020-08-22,156.0,96,98
2020-08-30,23.4,96,97
2020-09-04,24.5,96,91
2020-09-09,14.5,96,100
2020-09-14,13.9,96,92
2020-09-16,13.3,96,94
2020-09-21,16.5,96,93
2020-06-01,18.9,83,92
2020-07-01,8.91,83,84
2020-07-24,29.1,83,91
2020-07-31,35.4,83,85
2020-08-05,7.42,83,95
2020-08-08,24.6,83,87
2020-08-13,41.3,83,94
2020-08-20,44.2,83,88
2020-08-28,89.5,83,86
2020-09-09,116.0,83,89
2020-09-12,51.8,83,93
2020-09-14,51.3,83,90
2020-05-15,70.3,87,34
2020-07-24,37.4,87,30
2020-08-06,38.2,87,29
2020-08-08,36.7,87,35
2020-08-11,35.9,87,36
2020-08-13,36.4,87,31
2020-08-16,34.9,87,33
2020-08-21,35.3,87,32
2020-09-22,34.6,87,28
2020-06-22,0.24,88,151
2020-08-06,0.12,88,149
2020-08-08,0.13,88,148
2020-08-11,0.16,88,152
2020-08-16,0.11,88,146
2020-08-21,0.1,88,145
2020-09-12,0.11,88,153
2020-09-20,0.11,88,147
2020-09-22,0.1,88,150
2020-06-02,0.22,91,56
2020-06-17,0.21,91,58
2020-08-06,0.18,91,57
2020-08-11,0.17,91,54
2020-08-16,0.16,91,55
2020-09-12,0.18,91,53
2020-06-01,0.29,84,197
2020-06-01,0.13,84,229
2020-07-01,0.11,84,202
2020-07-01,0.07,84,234
2020-07-24,0.29,84,198
2020-07-24,0.06,84,230
2020-07-31,0.26,84,199
2020-07-31,0.1,84,231
2020-08-05,0.27,84,203
2020-08-05,0.08,84,235
2020-08-08,0.65,84,204
2020-08-08,0.17,84,236
2020-08-13,0.31,84,201
2020-08-13,0.07,84,232
2020-08-20,1.0,84,200
2020-08-20,0.3,84,233
2020-09-12,0.18,84,207
2020-09-12,0.038,84,239
2020-09-14,0.16,84,205
2020-09-14,0.04,84,237
2020-09-22,0.2,84,206
2020-09-22,0.12,84,238
2020-05-09,4.0,102,127
2020-06-01,2.58,102,129
2020-06-13,3.15,102,135
2020-07-01,1.68,102,124
2020-07-31,2.51,102,126
2020-08-07,2.15,102,131
2020-08-10,2.54,102,130
2020-08-12,2.74,102,125
2020-08-22,3.74,102,128
2020-09-14,2.83,102,133
2020-09-21,2.7,102,132
2020-10-06,2.16,102,134
2020-05-09,0.27,95,120
2020-06-06,0.28,95,116
2020-06-13,0.28,95,112
2020-07-01,0.27,95,109
2020-07-28,0.29,95,107
2020-08-07,0.3,95,108
2020-08-12,0.29,95,110
2020-08-22,0.33,95,113
2020-08-30,0.35,95,114
2020-09-09,0.25,95,115
2020-09-14,0.25,95,117
2020-09-16,0.25,95,111
2020-09-21,0.22,95,118
2020-10-06,0.24,95,119
2020-05-08,0.64,89,114
2020-06-14,0.18,89,112
2020-08-06,0.12,89,110
2020-08-08,0.12,89,115
2020-08-11,0.15,89,113
2020-08-16,0.14,89,111
2020-05-08,2.52,90,36
2020-06-02,2.36,90,34
2020-06-17,1.9,90,33
2020-06-22,1.67,90,31
2020-06-27,1.41,90,35
2020-08-01,0.61,90,27
2020-08-06,0.62,90,28
2020-08-11,0.64,90,30
2020-08-16,0.62,90,29
2020-09-20,0.68,90,32
2020-05-09,2.06,104,247
2020-07-05,0.56,105,4
2020-07-25,0.56,104,244
2020-07-30,0.59,105,2
2020-08-07,1.06,104,242
2020-08-14,2.54,104,246
2020-08-17,2.36,104,243
2020-08-22,2.3,104,245
2020-09-03,11.9,105,1
2020-09-16,1.76,104,249
2020-09-21,1.35,105,0
2020-09-23,1.04,104,248
2020-11-05,0.65,105,3
2020-07-30,23.1,98,213
2020-08-07,72.0,98,214
2020-08-14,70.9,98,217
2020-08-22,506.0,98,215
2020-09-08,82.0,98,219
2020-09-11,58.6,98,216
2020-09-21,94.1,98,218
2020-06-26,2.43,107,161
2020-08-15,2.59,107,159
2020-09-14,2.13,107,160
2020-07-01,16.6,82,6
2020-08-20,343.0,82,8
2020-09-09,64.1,82,5
2020-09-14,66.2,82,9
2020-09-19,94.5,82,7
2020-07-01,1.95,83,228
2020-07-24,2.05,83,233
2020-07-31,1.93,83,231
2020-08-05,1.92,83,238
2020-08-08,5.1,83,230
2020-08-13,4.41,83,232
2020-08-20,10.6,83,239
2020-09-07,4.86,83,237
2020-09-09,4.26,83,236
2020-09-12,3.87,83,229
2020-09-14,3.62,83,234
2020-09-22,3.83,83,235
2020-06-01,0.48,88,19
2020-07-01,0.3,88,25
2020-07-24,0.48,88,23
2020-07-31,0.19,88,22
2020-08-05,0.22,88,26
2020-08-13,0.18,88,24
2020-08-20,0.39,88,27
2020-09-12,0.2,88,20
2020-09-14,0.18,88,28
2020-09-22,0.23,88,21
2020-05-09,3.04,102,115
2020-06-01,1.66,102,117
2020-06-06,1.54,102,122
2020-06-28,1.41,102,114
2020-07-01,1.54,102,107
2020-07-28,1.82,102,112
2020-07-31,2.2,102,109
2020-08-02,2.2,102,120
2020-08-07,2.35,102,118
2020-08-10,2.2,102,123
2020-08-12,2.2,102,110
2020-08-20,1.8,102,111
2020-08-22,2.19,102,113
2020-09-09,3.06,102,119
2020-09-14,1.92,102,116
2020-09-21,1.72,102,121
2020-10-06,1.48,102,108
2020-05-09,1.36,101,35
2020-06-28,0.57,101,36
2020-07-05,0.63,101,40
2020-08-07,0.67,101,32
2020-08-12,1.35,101,37
2020-08-14,0.77,101,31
2020-08-22,1.58,101,33
2020-09-16,0.78,101,34
2020-09-21,0.76,101,38
2020-09-23,0.6,101,39
2020-06-22,1.05,84,224
2020-07-14,0.87,84,226
2020-08-06,1.18,84,222
2020-08-08,1.09,84,223
2020-08-11,0.89,84,228
2020-08-16,0.82,84,221
2020-08-21,0.99,84,220
2020-09-12,3.09,84,225
2020-09-22,2.34,84,227
2020-05-09,2.01,94,218
2020-07-01,0.77,94,216
2020-07-28,8.16,94,214
2020-08-02,9.65,94,225
2020-08-07,2.81,94,224
2020-08-22,34.2,94,215
2020-08-30,4.61,94,217
2020-09-09,1.53,94,219
2020-09-11,1.95,94,220
2020-09-14,1.96,94,223
2020-09-16,2.21,94,222
2020-09-21,4.37,94,221
2020-10-26,0.76,94,226
2020-11-08,6.75,94,227
2020-08-07,4.06,103,231
2020-08-07,7.73,103,127
2020-09-16,3.94,103,233
2020-09-16,7.97,103,129
2020-09-21,3.24,103,232
2020-09-21,7.49,103,128
2020-10-06,2.56,103,234
2020-05-27,74.5,103,0
2020-07-01,44.6,103,1
2020-07-18,50.1,103,2
2020-07-26,51.6,102,247
2020-08-10,46.9,102,246
2020-08-15,49.7,102,248
2020-08-22,53.0,102,249
2020-09-04,81.3,103,4
2020-09-21,51.3,103,3
2020-05-18,3.92,86,114
2020-06-22,1.49,86,112
2020-06-27,1.28,86,110
2020-07-14,2.45,86,108
2020-08-01,1.35,86,105
2020-08-06,1.28,86,111
2020-08-08,1.57,86,113
2020-08-16,2.17,86,109
2020-08-21,59.7,86,107
2020-09-12,2.59,86,116
2020-09-15,2.07,86,115
2020-09-20,2.01,86,106
2020-09-22,1.71,86,104
2020-10-25,1.13,86,117
2020-06-13,3.57,100,37
2020-06-28,3.02,100,32
2020-08-02,9.73,100,36
2020-08-07,4.76,100,28
2020-08-12,11.9,100,38
2020-08-22,14.7,100,27
2020-09-08,6.98,100,33
2020-09-11,5.71,100,29
2020-09-13,8.57,100,35
2020-09-16,7.12,100,30
2020-09-21,9.45,100,31
2020-09-23,7.63,100,34
2020-05-09,21.1,94,109
2020-06-06,6.9,94,104
2020-06-13,5.84,94,108
2020-07-01,3.46,94,105
2020-07-28,74.3,94,103
2020-08-02,143.0,94,102
2020-08-07,14.4,94,107
2020-08-12,10.7,94,115
2020-08-22,225.0,94,106
2020-09-09,11.5,94,101
2020-09-14,14.0,94,110
2020-09-16,13.9,94,113
2020-09-19,27.3,94,111
2020-09-21,24.5,94,114
2020-10-06,6.23,94,112
2020-05-10,0.06,106,88
2020-05-15,0.06,106,83
2020-06-01,0.1,106,80
2020-06-26,0.019,106,87
2020-09-12,0.8,106,89
2020-09-22,0.41,106,81
2020-09-24,0.37,106,86
2020-05-09,0.71,101,183
2020-06-28,0.34,101,186
2020-08-12,1.47,101,184
2020-08-22,3.66,101,185
2020-09-21,0.48,101,187
2020-05-10,1.69,88,196
2020-05-15,1.78,88,192
2020-06-01,1.82,88,189
2020-06-16,1.91,88,197
2020-06-26,1.73,88,193
2020-08-05,1.26,88,195
2020-08-13,1.55,88,191
2020-08-20,1.72,88,190
2020-09-14,1.58,88,194
2020-09-22,1.56,88,188
2020-05-09,1.43,101,111
2020-07-05,0.4,101,108
2020-08-07,0.47,101,110
2020-08-14,1.08,101,106
2020-08-17,0.81,101,107
2020-08-22,1.03,101,109
2020-09-16,1.3,101,113
2020-09-18,1.23,101,115
2020-09-21,1.1,101,112
2020-09-23,0.96,101,114
2020-05-10,3.89,106,47
2020-05-15,4.24,106,50
2020-06-01,2.11,106,44
2020-06-26,1.85,106,52
2020-08-05,1.26,106,48
2020-08-10,1.1,106,51
2020-08-13,1.25,106,46
2020-08-20,1.09,106,45
2020-09-14,2.07,106,49
2020-09-22,3.77,106,43
2020-05-10,2.33,107,121
2020-05-22,1.36,107,119
2020-06-01,0.79,107,118
2020-06-26,0.58,107,116
2020-08-13,0.58,107,115
2020-08-15,0.49,107,117
2020-09-12,0.4,107,114
2020-09-14,0.39,107,120
2020-05-09,3.15,105,33
2020-07-05,1.04,105,39
2020-07-25,0.84,105,31
2020-07-30,0.83,105,30
2020-08-14,1.43,105,29
2020-08-17,1.51,105,32
2020-08-22,1.93,105,34
2020-09-16,9.35,105,36
2020-09-18,7.6,105,38
2020-09-21,5.35,105,35
2020-09-23,4.47,105,37
2020-06-06,1.94,94,154
2020-08-02,15.2,94,150
2020-08-22,71.3,94,151
2020-09-09,2.12,94,149
2020-09-11,2.31,94,152
2020-09-14,1.86,94,155
2020-09-19,7.42,94,153
2020-09-21,3.77,94,156
2020-11-08,3.54,94,157
2020-11-15,0.97,94,158
2020-05-22,1.2,107,176
2020-06-01,1.0,107,174
2020-08-15,0.24,107,175
2020-05-09,2.46,102,151
2020-05-22,1.93,102,158
2020-05-27,1.68,102,152
2020-06-01,1.65,102,153
2020-06-28,0.94,102,157
2020-07-01,1.11,102,149
2020-07-26,0.99,102,155
2020-08-10,1.62,102,162
2020-08-12,3.64,102,150
2020-08-22,4.83,102,154
2020-09-04,9.1,102,160
2020-09-14,2.83,102,156
2020-09-21,1.63,102,159
2020-10-06,1.11,102,161
2020-06-22,1.93,84,143
2020-06-27,1.8,84,148
2020-07-14,2.76,84,147
2020-08-01,1.66,84,141
2020-08-08,2.77,84,146
2020-08-16,1.67,84,144
2020-08-21,10.9,84,142
2020-09-20,1.64,84,145
2020-05-07,57.9,102,234
2020-05-27,52.3,102,230
2020-07-01,28.2,102,235
2020-07-18,30.8,102,224
2020-07-26,34.0,102,225
2020-08-07,31.9,102,227
2020-08-10,32.6,102,228
2020-08-15,35.8,102,226
2020-08-22,36.4,102,229
2020-09-04,52.4,102,231
2020-09-14,39.5,102,233
2020-09-21,29.5,102,232
2020-08-01,1.45,85,175
2020-08-08,5.55,85,178
2020-08-16,1.92,85,179
2020-08-21,13.4,85,180
2020-09-15,1.21,85,181
2020-09-20,1.25,85,177
2020-09-22,1.1,85,176
2020-06-02,0.62,90,246
2020-06-14,0.43,91,0
2020-06-17,0.41,90,249
2020-08-06,0.23,90,247
2020-08-11,0.21,90,248
2020-09-12,0.25,90,245
2020-06-22,14.0,85,109
2020-06-27,17.5,85,108
2020-08-01,8.9,85,103
2020-08-16,13.6,85,102
2020-08-21,31.7,85,105
2020-09-15,5.2,85,104
2020-09-20,10.9,85,107
2020-09-22,5.9,85,106
2020-05-08,40.1,89,89
2020-05-15,43.5,89,95
2020-07-24,22.4,89,94
2020-08-01,20.9,89,92
2020-08-06,20.9,89,87
2020-08-08,20.8,89,93
2020-08-11,21.5,89,91
2020-08-16,19.7,89,90
2020-08-21,24.7,89,88
2020-09-22,20.9,89,86
2020-05-09,15.5,97,176
2020-06-06,9.14,97,172
2020-06-13,7.73,97,169
2020-07-01,8.99,97,166
2020-07-26,5.93,97,164
2020-07-28,6.1,97,170
2020-07-31,6.29,97,167
2020-08-02,8.77,97,165
2020-08-07,7.29,97,175
2020-08-12,6.92,97,168
2020-08-22,9.26,97,171
2020-09-09,7.81,97,173
2020-09-11,7.06,97,178
2020-09-14,7.97,97,177
2020-09-21,7.52,97,174
2020-10-06,5.08,97,163
2020-05-07,10.0,104,5
2020-07-18,9.81,104,2
2020-07-26,10.7,104,1
2020-08-05,8.43,104,3
2020-08-07,8.12,104,4
2020-08-15,10.4,104,7
2020-09-16,12.9,104,9
2020-09-21,11.6,104,6
2020-10-06,8.29,104,8
2020-06-01,5.06,87,233
2020-07-01,2.95,87,239
2020-07-24,3.14,87,235
2020-08-05,2.66,87,238
2020-08-13,3.41,87,236
2020-08-20,3.81,87,234
2020-09-12,4.12,87,231
2020-09-14,3.66,87,237
2020-09-22,3.33,87,232
2020-06-01,0.25,93,146
2020-06-06,0.24,93,148
2020-06-13,0.23,93,137
2020-06-28,0.21,93,147
2020-07-01,0.28,93,132
2020-07-28,0.29,93,134
2020-07-31,0.67,93,135
2020-08-02,0.34,93,133
2020-08-07,0.16,93,139
2020-08-12,0.15,93,136
2020-08-17,0.34,93,138
2020-08-22,3.79,93,140
2020-09-09,0.43,93,130
2020-09-11,2.79,93,141
2020-09-14,0.88,93,145
2020-09-16,0.49,93,142
2020-09-19,0.37,93,144
2020-09-21,0.27,93,143
2020-10-06,0.2,93,131
2020-05-09,7.17,102,187
2020-06-08,4.27,102,188
2020-08-07,4.2,102,189
2020-08-14,4.17,102,182
2020-08-17,3.49,102,183
2020-09-21,2.86,102,184
2020-09-23,2.67,102,185
2020-09-28,2.51,102,186
2020-06-01,7.42,87,124
2020-07-01,5.85,87,122
2020-07-24,5.75,87,125
2020-07-31,6.44,87,118
2020-08-05,5.27,87,121
2020-08-13,5.51,87,119
2020-08-20,5.55,87,120
2020-09-12,5.53,87,116
2020-09-14,5.49,87,123
2020-09-22,4.64,87,117
2020-06-06,0.15,93,46
2020-07-01,0.18,93,43
2020-09-09,0.55,93,42
2020-09-14,1.05,93,44
2020-09-19,1.9,93,45
2020-06-02,0.96,91,106
2020-06-14,0.87,91,108
2020-06-17,0.85,91,104
2020-08-06,0.83,91,107
2020-08-11,0.79,91,103
2020-08-16,0.76,91,105
2020-09-12,0.67,91,102
2020-08-02,6.38,99,62
2020-08-14,7.47,99,66
2020-08-22,22.2,99,61
2020-09-11,1.88,99,64
2020-09-21,2.17,99,63
2020-09-23,1.63,99,65
2020-06-13,3.15,98,50
2020-06-28,3.15,98,49
2020-08-07,2.79,98,53
2020-08-12,2.67,98,51
2020-08-22,4.76,98,52
2020-09-11,2.29,98,54
2020-09-21,2.24,98,55
2020-06-22,102.0,82,63
2020-08-01,142.0,82,69
2020-08-06,197.0,82,67
2020-08-08,155.0,82,71
2020-08-11,141.0,82,66
2020-08-16,151.0,82,64
2020-08-21,139.0,82,65
2020-09-12,315.0,82,70
2020-09-20,224.0,82,68
2020-09-22,224.0,82,62
2020-05-09,109.0,92,51
2020-06-06,52.8,92,46
2020-06-13,53.2,92,57
2020-07-01,52.5,92,44
2020-07-28,180.0,92,42
2020-08-02,361.0,92,47
2020-08-07,129.0,92,52
2020-08-12,82.0,92,45
2020-08-22,618.0,92,43
2020-08-30,277.0,92,50
2020-09-09,136.0,92,49
2020-09-11,86.9,92,48
2020-09-14,125.0,92,55
2020-09-16,101.0,92,53
2020-09-21,123.0,92,54
2020-10-06,67.5,92,56
2020-06-01,1.28,86,187
2020-07-01,1.16,86,184
2020-07-31,1.08,86,185
2020-09-09,1.27,86,183
2020-09-14,3.02,86,186
2020-05-08,9.56,86,38
2020-05-18,6.48,86,37
2020-07-14,3.03,86,45
2020-08-01,2.17,86,36
2020-08-06,2.13,86,35
2020-08-08,2.59,86,43
2020-08-16,2.36,86,40
2020-08-21,27.1,86,39
2020-09-12,2.88,86,44
2020-09-15,2.71,86,41
2020-09-20,3.19,86,42
2020-09-22,2.18,86,34
2020-05-22,1.15,97,1
2020-07-01,0.79,96,243
2020-07-28,3.12,96,240
2020-08-02,5.63,96,241
2020-08-07,4.18,96,246
2020-08-22,19.1,96,242
2020-08-30,4.34,96,245
2020-09-04,5.9,96,244
2020-09-09,4.1,96,247
2020-09-14,3.97,97,0
2020-09-16,4.2,96,248
2020-09-21,2.3,96,249
2020-11-08,2.46,97,2
2020-11-18,1.04,97,3
2020-05-09,5.32,105,9
2020-07-05,1.75,105,8
2020-07-25,1.66,105,15
2020-07-30,1.7,105,14
2020-08-07,2.34,105,11
2020-08-14,2.81,105,5
2020-08-17,2.4,105,6
2020-08-22,2.76,105,7
2020-09-16,4.2,105,12
2020-09-21,3.66,105,10
2020-09-23,3.02,105,13
2020-06-01,0.09,87,185
2020-07-01,0.29,87,187
2020-07-24,0.12,87,190
2020-07-31,0.33,87,186
2020-08-13,0.06,87,189
2020-08-20,0.07,87,188
2020-09-12,0.07,87,183
2020-09-14,0.1,87,191
2020-09-22,0.15,87,184
2020-06-01,1.29,107,228
2020-07-18,1.03,107,232
2020-08-07,0.93,107,229
2020-08-17,0.87,107,231
2020-09-19,0.58,107,230
2020-05-15,61.6,87,27
2020-07-24,33.9,87,24
2020-08-08,32.6,87,26
2020-08-13,32.5,87,25
2020-09-22,30.6,87,23
2020-05-09,8.52,107,180
2020-05-22,6.67,107,179
2020-05-29,5.78,107,186
2020-06-01,5.46,107,185
2020-06-18,3.42,107,183
2020-07-18,2.52,107,177
2020-08-07,2.03,107,178
2020-08-12,2.57,107,184
2020-08-15,2.31,107,182
2020-09-21,1.8,107,181
2020-07-18,3.95,103,217
2020-07-26,3.87,103,215
2020-08-07,2.95,103,218
2020-08-15,3.25,103,216
2020-09-16,2.43,103,220
2020-09-21,2.27,103,219
2020-10-06,2.19,103,221
2020-05-09,13.1,95,203
2020-06-06,7.11,95,198
2020-06-13,6.8,95,197
2020-07-01,4.8,95,204
2020-07-28,8.57,95,195
2020-08-02,58.3,95,193
2020-08-07,20.9,95,200
2020-08-12,14.4,95,196
2020-08-22,303.0,95,194
2020-08-30,40.7,95,199
2020-09-09,14.0,95,201
2020-09-14,14.5,95,207
2020-09-16,12.4,95,205
2020-09-21,15.8,95,206
2020-10-06,5.11,95,202
2020-05-22,0.69,82,236
2020-07-01,0.46,82,240
2020-07-31,0.48,82,237
2020-08-08,8.28,82,239
2020-08-20,24.4,82,238
2020-09-09,1.19,82,241
2020-09-14,1.08,82,243
2020-09-22,1.34,82,242
2020-05-22,2.14,107,96
2020-05-22,4.5,107,94
2020-06-01,2.07,107,95
2020-06-01,4.74,107,93
2020-05-08,3.14,88,81
2020-05-15,3.32,88,86
2020-07-24,0.8,88,80
2020-08-01,0.73,88,83
2020-08-06,0.93,88,79
2020-08-08,1.06,88,85
2020-08-11,1.29,88,88
2020-08-13,1.27,88,82
2020-08-16,1.16,88,87
2020-08-21,0.84,88,84
2020-09-22,0.98,88,78
2020-11-04,0.77,88,89
2020-06-18,1.26,107,203
2020-07-18,2.47,107,202
2020-07-26,2.91,107,201
2020-08-07,2.13,107,204
2020-08-15,2.72,107,200
2020-10-06,1.37,107,205
2020-06-01,5.24,103,226
2020-07-18,4.82,103,225
2020-07-26,5.12,103,223
2020-08-07,3.57,103,224
2020-08-15,3.75,103,222
2020-09-16,3.4,103,228
2020-09-19,3.07,103,229
2020-09-21,2.96,103,227
2020-10-06,2.26,103,230
2020-06-06,1.04,93,152
2020-07-01,0.72,93,150
2020-07-31,0.73,93,151
2020-09-09,1.84,93,149
2020-09-19,2.18,93,153
2020-05-09,9.83,101,223
2020-06-01,6.88,101,231
2020-06-06,6.18,101,225
2020-06-13,5.16,101,226
2020-06-28,4.95,101,224
2020-07-01,5.57,101,218
2020-07-26,5.46,101,219
2020-07-28,5.1,101,221
2020-07-31,5.37,101,220
2020-08-12,4.83,101,222
2020-08-22,11.1,101,228
2020-09-09,9.6,101,227
2020-09-14,10.8,101,229
2020-09-21,7.88,101,230
2020-10-06,4.48,101,217
2020-06-13,19.7,98,242
2020-06-28,16.5,98,239
2020-08-02,126.0,98,231
2020-08-07,82.3,98,232
2020-08-14,91.9,98,234
2020-08-22,449.0,98,233
2020-09-08,105.0,98,240
2020-09-11,79.4,98,235
2020-09-13,179.0,98,241
2020-09-16,87.6,98,236
2020-09-21,161.0,98,237
2020-09-23,93.3,98,238
2020-11-22,13.4,98,243
2020-06-22,0.09,86,143
2020-06-27,0.09,86,149
2020-07-14,0.09,86,147
2020-08-01,0.07,86,141
2020-08-06,0.06,86,146
2020-08-11,0.06,86,142
2020-08-16,0.06,86,144
2020-08-21,0.06,86,145
2020-09-12,0.06,86,148
2020-09-22,0.06,86,140
2020-06-22,7.4,86,76
2020-08-01,7.63,86,72
2020-08-06,8.94,86,74
2020-08-11,6.82,86,75
2020-08-16,13.6,86,73
2020-08-21,75.9,86,71
2020-09-12,10.7,86,77
2020-09-22,8.77,86,70
2020-06-06,0.45,93,84
2020-07-01,0.4,93,82
2020-09-09,0.56,93,80
2020-09-14,3.95,93,81
2020-09-19,3.27,93,83
2020-11-08,1.08,93,85
2020-05-07,13.1,104,15
2020-07-26,13.4,104,10
2020-08-05,11.0,104,16
2020-08-07,10.6,104,12
2020-08-15,11.6,104,11
2020-09-16,15.8,104,14
2020-09-21,14.4,104,13
2020-10-06,10.6,104,17
2020-05-09,1.14,101,59
2020-06-28,0.3,101,64
2020-07-05,0.37,101,63
2020-08-07,0.52,101,62
2020-08-14,0.48,101,57
2020-08-22,0.44,101,58
2020-09-21,0.44,101,60
2020-09-23,0.41,101,61
2020-07-30,1.56,99,168
2020-08-07,5.23,99,170
2020-08-14,0.97,99,173
2020-08-22,35.3,99,171
2020-09-11,1.38,99,169
2020-09-21,5.29,99,172
2020-05-09,607.0,92,130
2020-06-28,179.0,92,132
2020-08-12,479.0,92,131
2020-08-22,606.0,92,129
2020-09-21,535.0,92,133
2020-06-13,10.9,98,110
2020-06-28,8.93,98,109
2020-08-07,21.3,98,107
2020-08-22,118.0,98,105
2020-09-11,18.3,98,106
2020-09-21,51.8,98,108
2020-07-01,0.24,82,215
2020-09-09,0.47,82,214
2020-09-14,0.45,82,216
2020-09-19,0.42,82,217
2020-06-01,32.9,87,0
2020-07-01,23.5,87,4
2020-07-31,24.3,87,2
2020-08-05,23.6,87,3
2020-08-08,24.4,87,6
2020-08-13,24.5,87,1
2020-08-20,24.0,87,9
2020-09-07,26.4,87,7
2020-09-12,24.9,87,10
2020-09-14,26.6,87,5
2020-09-22,22.7,87,8
2020-05-09,0.82,95,133
2020-06-06,0.4,95,132
2020-06-13,0.38,95,135
2020-07-01,0.35,95,123
2020-07-28,2.15,95,121
2020-08-02,4.59,95,122
2020-08-22,12.4,95,125
2020-08-30,2.2,95,126
2020-09-04,1.2,95,124
2020-09-09,0.79,95,127
2020-09-11,1.3,95,131
2020-09-14,1.07,95,129
2020-09-16,0.93,95,128
2020-09-21,1.11,95,130
2020-10-26,0.53,95,134
2020-11-08,2.85,95,136
2020-06-06,27.9,82,19
2020-07-01,17.7,82,18
2020-08-28,306.0,82,17
2020-09-09,74.8,82,15
2020-09-12,160.0,82,21
2020-09-14,79.7,82,20
2020-09-19,119.0,82,22
2020-09-22,83.4,82,16
2020-07-01,0.72,82,231
2020-07-31,0.91,82,229
2020-08-08,10.4,82,230
2020-08-20,28.0,82,235
2020-08-28,6.21,82,228
2020-09-09,3.04,82,233
2020-09-14,2.93,82,234
2020-09-22,4.05,82,232
2020-06-01,1.64,103,148
2020-07-18,1.49,103,146
2020-07-26,1.4,103,144
2020-08-05,1.28,103,151
2020-08-07,1.25,103,147
2020-08-15,1.25,103,145
2020-09-16,1.78,103,149
2020-09-21,1.52,103,150
2020-05-09,2.5,93,177
2020-06-06,2.22,93,178
2020-07-01,1.46,93,175
2020-08-02,1.58,93,179
2020-08-07,2.06,93,170
2020-08-12,1.93,93,173
2020-08-22,3.46,93,171
2020-09-09,2.9,93,167
2020-09-11,5.61,93,169
2020-09-16,4.56,93,174
2020-09-19,3.67,93,168
2020-09-21,2.23,93,176
2020-10-06,2.02,93,172
2020-11-08,1.58,93,180
2020-05-09,237.0,99,47
2020-06-13,67.0,99,52
2020-06-28,54.2,99,53
2020-07-05,80.6,99,51
2020-07-20,112.0,99,50
2020-07-28,106.0,99,43
2020-08-12,195.0,99,44
2020-08-22,322.0,99,45
2020-09-03,249.0,99,46
2020-09-21,285.0,99,48
2020-09-23,224.0,99,49
2020-05-09,1.0,95,83
2020-06-06,0.43,95,86
2020-06-13,0.44,95,82
2020-07-01,0.7,95,79
2020-07-28,2.56,95,77
2020-08-07,2.27,95,81
2020-08-12,4.08,95,78
2020-08-22,26.7,95,80
2020-08-30,3.25,95,84
2020-09-09,1.5,95,85
2020-09-11,1.6,95,87
2020-09-14,1.32,95,90
2020-09-16,3.88,95,88
2020-09-21,1.93,95,89
2020-10-06,0.72,95,91
2020-06-06,2.22,94,53
2020-06-13,2.59,94,58
2020-07-28,7.44,94,51
2020-08-02,8.83,94,50
2020-08-07,4.78,94,52
2020-08-12,2.92,94,61
2020-08-22,30.0,94,49
2020-09-09,2.81,94,48
2020-09-11,2.45,94,55
2020-09-14,2.37,94,54
2020-09-16,2.44,94,59
2020-09-19,5.45,94,57
2020-09-21,3.74,94,56
2020-11-08,5.95,94,60
2020-05-07,1.36,103,193
2020-07-18,0.91,103,191
2020-07-26,0.73,103,189
2020-08-07,0.9,103,192
2020-08-15,1.18,103,190
2020-09-16,1.71,103,195
2020-09-21,1.1,103,194
2020-05-08,0.55,89,122
2020-05-10,0.72,89,124
2020-06-14,0.5,89,125
2020-08-06,0.26,89,119
2020-08-08,0.26,89,117
2020-08-11,0.25,89,121
2020-08-13,0.26,89,118
2020-08-16,0.24,89,120
2020-09-12,0.2,89,116
2020-09-20,0.19,89,123
2020-05-22,0.72,98,36
2020-06-01,0.57,98,39
2020-06-06,0.58,98,35
2020-06-13,0.52,98,33
2020-06-28,0.49,98,32
2020-07-01,0.94,98,28
2020-07-26,0.51,98,29
2020-07-28,0.56,98,37
2020-08-12,0.48,98,30
2020-08-22,0.74,98,31
2020-08-30,1.11,98,40
2020-09-04,0.78,98,34
2020-09-14,0.48,98,41
2020-09-21,0.44,98,38
2020-09-24,0.39,98,42
2020-10-06,0.33,98,27
2020-05-08,12.2,90,111
2020-06-17,7.55,90,108
2020-08-06,6.03,90,107
2020-08-11,5.6,90,110
2020-08-16,5.12,90,109
2020-09-20,4.05,90,112
2020-05-18,2.83,86,120
2020-07-14,1.85,86,123
2020-08-01,0.59,86,121
2020-08-06,0.74,86,119
2020-08-08,1.02,86,128
2020-08-16,1.87,86,124
2020-08-21,69.8,86,122
2020-09-12,2.13,86,127
2020-09-15,0.91,86,125
2020-09-20,0.84,86,126
2020-09-22,1.33,86,118
2020-05-10,12.4,106,112
2020-05-22,12.2,106,116
2020-06-01,8.02,106,113
2020-06-26,5.32,106,115
2020-08-08,4.12,106,111
2020-08-13,3.91,106,118
2020-08-15,3.78,106,114
2020-09-12,4.09,106,110
2020-09-14,3.97,106,117
2020-05-09,7.89,101,151
2020-05-22,6.05,101,154
2020-05-27,5.7,101,156
2020-06-01,5.32,101,161
2020-06-06,4.59,101,158
2020-06-28,2.95,101,148
2020-07-01,3.32,101,160
2020-07-26,3.09,101,153
2020-08-10,2.61,101,159
2020-08-12,3.46,101,149
2020-08-22,12.5,101,152
2020-09-04,18.1,101,150
2020-09-14,6.87,101,155
2020-09-21,5.09,101,157
2020-11-05,2.72,101,162
2020-06-01,5.17,87,110
2020-07-01,4.48,87,112
2020-07-31,5.1,87,111
2020-08-05,4.04,87,113
2020-08-20,4.43,87,115
2020-09-14,4.69,87,114
2020-05-07,3.14,107,37
2020-06-01,2.74,107,32
2020-06-16,2.0,107,33
2020-07-26,1.57,107,34
2020-08-08,1.3,107,35
2020-08-15,1.17,107,36
2020-08-18,1.11,107,40
2020-08-20,1.78,107,38
2020-09-14,1.4,107,39
2020-09-24,1.19,107,41
2020-05-09,2.09,98,123
2020-06-28,2.07,98,119
2020-07-28,2.46,98,118
2020-08-02,3.3,98,116
2020-08-07,3.06,98,124
2020-08-22,8.13,98,117
2020-09-11,2.13,98,120
2020-09-16,2.12,98,122
2020-09-21,4.09,98,121
2020-05-09,0.45,105,45
2020-07-05,0.06,105,47
2020-07-25,0.041,105,43
2020-07-30,0.045,105,41
2020-08-07,0.041,105,46
2020-08-14,0.043,105,40
2020-08-17,0.036,105,42
2020-08-22,0.38,105,44
2020-09-21,1.12,105,48
2020-09-23,1.01,105,49
2020-05-09,1.9,104,236
2020-08-07,0.59,104,238
2020-08-12,0.74,104,240
2020-08-14,0.84,104,234
2020-08-22,1.1,104,235
2020-09-16,0.65,104,239
2020-09-21,0.68,104,237
2020-09-23,0.68,104,241
2020-05-09,4.05,100,65
2020-06-13,1.53,100,68
2020-06-28,1.42,100,62
2020-07-20,1.46,100,61
2020-08-12,7.86,100,59
2020-08-22,9.79,100,60
2020-09-03,8.47,100,63
2020-09-18,2.23,100,67
2020-09-21,2.12,100,64
2020-09-23,2.24,100,66
2020-07-01,1.24,82,164
2020-09-09,3.12,82,163
2020-09-14,3.49,82,165
2020-09-19,4.32,82,166
2020-11-08,1.66,82,167
2020-06-06,0.09,95,72
2020-06-13,0.09,95,67
2020-07-01,0.09,95,68
2020-07-28,3.94,95,63
2020-08-02,5.65,95,64
2020-08-07,1.03,95,70
2020-08-12,0.84,95,65
2020-08-22,9.95,95,66
2020-09-09,0.55,95,69
2020-09-11,0.47,95,74
2020-09-14,0.36,95,73
2020-09-16,0.56,95,75
2020-09-19,2.76,95,71
2020-09-21,0.99,95,76
2020-07-01,0.27,82,169
2020-08-20,1.06,82,172
2020-09-09,0.43,82,168
2020-09-14,0.38,82,171
2020-09-19,0.58,82,170
2020-11-08,0.61,82,173
2020-06-06,0.38,82,157
2020-07-01,0.32,82,154
2020-09-09,0.85,82,153
2020-09-14,0.75,82,156
2020-09-19,1.97,82,155
2020-11-08,0.68,82,158
2020-06-06,1.33,82,162
2020-07-01,0.84,82,161
2020-09-09,2.61,82,159
2020-09-14,2.76,82,160
2020-08-02,5.41,99,123
2020-08-07,1.79,99,116
2020-08-14,4.16,99,115
2020-08-22,15.1,99,121
2020-09-08,1.49,99,122
2020-09-11,0.72,99,117
2020-09-13,4.93,99,120
2020-09-21,4.61,99,118
2020-09-23,2.33,99,119
2020-05-08,0.65,88,103
2020-05-15,0.59,88,108
2020-07-24,0.06,88,102
2020-08-01,0.08,88,104
2020-08-06,0.1,88,101
2020-08-08,0.11,88,107
2020-08-11,0.11,88,109
2020-08-16,0.09,88,105
2020-08-21,0.13,88,106
2020-09-22,0.001,88,100
2020-05-10,0.42,106,196
2020-05-15,0.42,106,198
2020-06-01,0.15,106,194
2020-06-26,0.14,106,197
2020-08-05,0.09,106,200
2020-08-20,0.17,106,195
2020-09-14,0.11,106,199
2020-09-22,1.41,106,193
2020-09-24,1.25,106,201
2020-05-09,0.63,100,168
2020-05-22,0.42,100,160
2020-06-01,0.4,100,166
2020-06-06,0.37,100,159
2020-06-28,0.27,100,158
2020-07-01,0.46,100,153
2020-07-26,0.21,100,155
2020-07-28,0.17,100,169
2020-07-31,0.87,100,154
2020-08-02,0.27,100,167
2020-08-12,0.74,100,156
2020-08-20,0.22,100,170
2020-08-22,1.04,100,157
2020-08-30,2.32,100,165
2020-09-04,0.6,100,161
2020-09-09,0.23,100,164
2020-09-14,0.24,100,162
2020-09-21,0.18,100,163
2020-10-06,0.12,100,152
2020-06-27,0.73,84,178
2020-08-01,0.75,84,173
2020-08-08,0.94,84,177
2020-08-16,0.65,84,176
2020-08-21,1.82,84,174
2020-09-15,0.39,84,179
2020-09-20,0.46,84,175
2020-06-28,4.55,99,210
2020-08-07,18.3,99,203
2020-08-14,15.3,99,202
2020-08-22,116.0,99,205
2020-09-03,30.0,99,209
2020-09-11,20.6,99,204
2020-09-13,37.7,99,208
2020-09-21,31.1,99,206
2020-09-23,21.4,99,207
2020-06-28,38.4,99,27
2020-07-20,101.0,99,28
2020-08-07,130.0,99,17
2020-08-14,159.0,99,19
2020-08-22,433.0,99,18
2020-09-03,194.0,99,21
2020-09-08,175.0,99,25
2020-09-11,147.0,99,26
2020-09-13,307.0,99,23
2020-09-16,184.0,99,20
2020-09-21,280.0,99,24
2020-09-23,176.0,99,22
2020-06-22,0.57,84,129
2020-06-27,0.51,84,130
2020-08-08,2.23,84,127
2020-08-16,0.7,84,126
2020-08-21,8.09,84,125
2020-09-12,0.92,84,133
2020-09-15,0.73,84,131
2020-09-20,0.86,84,128
2020-09-22,0.8,84,132
2020-06-01,0.4,87,205
2020-07-01,0.21,87,209
2020-07-24,0.25,87,211
2020-07-31,0.21,87,202
2020-08-05,0.17,87,204
2020-08-13,0.32,87,203
2020-09-07,0.2,87,207
2020-09-12,0.17,87,210
2020-09-14,0.16,87,208
2020-09-22,0.09,87,206
2020-05-10,5.47,106,103
2020-05-22,6.09,106,107
2020-06-01,3.4,106,102
2020-06-26,3.48,106,105
2020-08-08,2.88,106,104
2020-08-13,2.72,106,106
2020-08-15,2.7,106,109
2020-09-12,2.72,106,101
2020-09-14,2.64,106,108
2020-06-13,148.0,92,112
2020-06-28,118.0,92,113
2020-07-28,213.0,92,108
2020-08-12,249.0,92,110
2020-08-22,667.0,92,109
2020-09-21,417.0,92,111
2020-06-01,0.89,105,166
2020-06-26,0.4,105,170
2020-06-28,0.38,105,168
2020-07-18,0.3,105,167
2020-08-07,0.22,105,165
2020-08-12,0.31,105,169
2020-08-15,0.32,105,163
2020-08-22,0.46,105,164
2020-09-14,0.21,105,171
2020-09-21,0.14,105,172
2020-05-22,0.66,105,144
2020-06-01,0.64,105,143
2020-06-21,0.54,105,146
2020-08-15,0.41,105,142
2020-06-14,0.66,107,54
2020-08-08,0.66,107,52
2020-08-13,0.59,107,53
2020-08-18,0.51,107,51
2020-06-13,0.64,100,19
2020-06-28,0.49,100,16
2020-08-07,0.62,100,18
2020-08-14,0.74,100,25
2020-08-22,10.2,100,17
2020-09-03,1.2,100,20
2020-09-08,1.1,100,22
2020-09-11,0.79,100,26
2020-09-13,1.36,100,23
2020-09-21,0.55,100,21
2020-09-23,0.53,100,24
2020-06-22,1.14,86,155
2020-06-27,1.1,86,150
2020-08-06,0.95,86,156
2020-08-11,0.98,86,154
2020-08-16,1.28,86,153
2020-08-21,1.31,86,152
2020-09-20,0.8,86,151
2020-05-09,26.6,107,170
2020-05-22,21.4,107,169
2020-06-01,20.6,107,171
2020-06-18,15.8,107,173
2020-07-18,13.5,107,168
2020-08-07,11.5,107,167
2020-09-21,12.0,107,172
2020-05-20,1.05,90,206
2020-06-09,0.91,90,208
2020-06-14,0.86,90,205
2020-08-11,0.87,90,203
2020-08-16,0.9,90,204
2020-09-12,1.17,90,202
2020-09-20,1.06,90,207
2020-05-09,3.1,101,88
2020-07-05,1.2,101,90
2020-08-07,1.72,101,91
2020-08-14,4.1,101,93
2020-08-17,3.41,101,85
2020-08-22,3.61,101,86
2020-09-16,2.6,101,89
2020-09-18,2.22,101,94
2020-09-21,1.97,101,87
2020-09-23,1.79,101,92
2020-07-05,0.62,99,179
2020-07-30,5.53,99,175
2020-08-07,0.62,99,174
2020-08-22,23.8,99,177
2020-09-11,3.66,99,176
2020-09-21,14.4,99,178
2020-05-08,14.6,86,50
2020-05-18,10.1,86,48
2020-07-14,4.0,86,52
2020-08-01,2.92,86,49
2020-08-06,2.99,86,47
2020-08-08,3.7,86,56
2020-08-16,3.36,86,54
2020-08-21,30.2,86,51
2020-09-12,3.65,86,57
2020-09-15,3.45,86,55
2020-09-20,4.25,86,53
2020-09-22,3.08,86,46
2020-06-01,23.6,86,216
2020-07-01,18.3,86,215
2020-07-31,17.5,86,214
2020-08-05,17.0,86,217
2020-08-13,18.3,86,218
2020-08-20,17.0,86,220
2020-09-12,28.1,86,212
2020-09-14,26.6,86,219
2020-09-22,23.6,86,213
2020-05-09,89.7,92,38
2020-06-06,42.4,92,34
2020-07-01,43.9,92,32
2020-07-28,166.0,92,28
2020-08-02,288.0,92,29
2020-08-07,102.0,92,33
2020-08-12,62.5,92,30
2020-08-22,390.0,92,31
2020-08-30,218.0,92,35
2020-09-09,109.0,92,37
2020-09-11,60.4,92,36
2020-09-16,80.3,92,39
2020-09-21,97.6,92,40
2020-10-06,57.4,92,41
2020-05-15,0.74,106,58
2020-06-01,0.47,106,55
2020-06-26,0.28,106,54
2020-08-05,0.21,106,57
2020-08-15,0.12,106,56
2020-09-14,0.17,106,59
2020-09-22,0.21,106,53
2020-06-02,2.3,91,41
2020-06-14,2.05,91,45
2020-06-17,2.07,91,44
2020-08-06,2.05,91,43
2020-08-11,1.87,91,40
2020-08-16,1.78,91,42
2020-09-12,1.84,91,39
2020-05-09,1.73,95,38
2020-06-06,1.09,95,45
2020-06-13,1.34,95,36
2020-07-01,1.02,95,47
2020-07-28,8.99,95,43
2020-08-02,9.7,95,31
2020-08-07,3.58,95,33
2020-08-12,5.29,95,34
2020-08-22,27.8,95,32
2020-08-30,3.84,95,35
2020-09-09,1.76,95,39
2020-09-11,2.03,95,41
2020-09-14,1.47,95,40
2020-09-16,1.88,95,44
2020-09-19,4.85,95,42
2020-09-21,2.95,95,37
2020-10-26,0.81,95,46
2020-11-08,4.46,95,48
2020-07-01,1.39,91,200
2020-09-09,4.93,91,197
2020-09-14,5.78,91,198
2020-09-19,6.46,91,199
2020-07-01,7.59,83,108
2020-07-31,32.5,83,106
2020-08-05,8.02,83,110
2020-08-08,14.7,83,113
2020-08-13,39.3,83,107
2020-08-20,54.2,83,115
2020-09-09,114.0,83,109
2020-09-12,57.6,83,111
2020-09-14,51.2,83,114
2020-09-22,41.3,83,112
2020-05-08,87.3,87,68
2020-05-15,87.4,87,67
2020-06-22,51.2,87,69
2020-07-24,44.9,87,61
2020-08-01,43.6,87,65
2020-08-08,42.9,87,71
2020-08-11,43.0,87,66
2020-08-13,41.8,87,63
2020-08-16,41.3,87,64
2020-08-21,46.9,87,62
2020-09-12,45.3,87,72
2020-09-17,41.8,87,70
2020-09-22,41.6,87,60
2020-06-13,3.35,94,18
2020-07-01,3.35,94,17
2020-07-28,3.35,94,14
2020-08-02,3.55,94,15
2020-08-12,3.55,94,16
2020-08-22,4.35,94,19
2020-09-09,3.95,94,20
2020-09-11,3.95,94,21
2020-09-14,3.95,94,25
2020-09-16,3.95,94,24
2020-09-19,4.35,94,26
2020-09-21,4.35,94,23
2020-10-06,3.55,94,22
2020-06-01,29.1,86,246
2020-07-01,22.7,86,248
2020-07-31,23.9,86,243
2020-08-05,23.6,86,247
2020-08-13,22.8,86,244
2020-08-20,24.4,86,245
2020-09-12,23.9,86,242
2020-09-14,26.0,86,249
2020-09-22,21.9,86,241
2020-05-09,1.06,97,249
2020-06-06,0.76,97,248
2020-06-13,0.73,97,247
2020-06-28,0.66,97,246
2020-07-01,0.89,97,239
2020-07-26,0.68,97,242
2020-07-28,0.55,97,244
2020-07-31,1.96,97,240
2020-08-02,0.75,97,241
2020-08-12,0.48,97,243
2020-08-22,5.0,97,245
2020-09-14,0.71,98,1
2020-09-21,0.83,98,0
2020-10-06,0.33,97,238
2020-05-09,3.92,101,137
2020-06-01,2.88,101,140
2020-06-28,1.34,101,142
2020-07-01,1.36,101,135
2020-07-31,1.41,101,138
2020-08-07,1.4,101,141
2020-08-10,1.66,101,147
2020-08-12,1.89,101,136
2020-08-20,1.54,101,146
2020-08-22,4.02,101,139
2020-09-14,2.93,101,143
2020-09-21,2.3,101,144
2020-10-06,1.35,101,145
2020-06-22,117.0,82,75
2020-06-27,112.0,82,77
2020-08-01,138.0,82,76
2020-08-06,192.0,82,72
2020-08-11,148.0,82,74
2020-08-16,176.0,82,73
2020-06-02,16.1,91,29
2020-06-14,13.8,91,32
2020-06-17,13.9,91,31
2020-08-06,14.0,91,27
2020-08-11,14.6,91,28
2020-08-16,9.39,91,30
2020-09-12,10.8,91,26
2020-05-22,13.5,107,164
2020-06-01,13.8,107,162
2020-06-26,10.1,107,165
2020-08-15,7.68,107,163
2020-09-14,6.74,107,166
2020-06-06,38.3,92,1
2020-06-13,38.3,91,248
2020-07-01,35.9,92,6
2020-07-28,124.0,92,11
2020-08-02,278.0,92,4
2020-08-07,61.3,92,2
2020-08-12,44.2,92,8
2020-08-22,379.0,92,0
2020-09-09,65.4,92,7
2020-09-11,48.6,92,9
2020-09-14,61.8,91,249
2020-09-16,58.6,92,5
2020-09-21,68.8,92,3
2020-10-06,37.3,92,10
2020-06-22,2.01,85,37
2020-08-06,0.9,85,34
2020-08-08,0.84,85,38
2020-08-11,0.72,85,40
2020-08-16,0.58,85,35
2020-08-21,0.41,85,36
2020-09-22,0.51,85,39
2020-06-02,8.45,91,79
2020-06-14,7.99,91,78
2020-08-06,7.91,91,80
2020-08-11,7.66,91,81
2020-08-16,7.4,91,82
2020-09-12,6.9,91,77
2020-05-15,26.7,106,224
2020-05-27,37.9,106,223
2020-06-01,32.1,106,216
2020-06-14,25.2,106,228
2020-06-16,28.5,106,218
2020-07-26,29.3,106,217
2020-08-08,20.8,106,221
2020-08-10,30.2,106,225
2020-08-13,24.8,106,222
2020-08-15,22.9,106,219
2020-08-20,23.6,106,220
2020-09-14,26.2,106,226
2020-09-22,19.6,106,215
2020-09-24,15.9,106,227
2020-05-09,3.47,101,78
2020-07-05,2.97,101,82
2020-08-07,2.37,101,84
2020-08-14,3.85,101,77
2020-08-22,4.75,101,79
2020-09-16,2.68,101,83
2020-09-21,3.46,101,80
2020-09-23,2.47,101,81
2020-06-20,0.52,103,99
2020-07-18,0.56,103,96
2020-08-14,0.37,103,95
2020-09-16,0.39,103,98
2020-09-21,0.3,103,97
2020-06-20,1.33,103,94
2020-08-14,1.12,103,92
2020-09-21,0.93,103,93
2020-06-02,3.49,91,20
2020-06-17,2.91,91,19
2020-08-06,2.44,91,17
2020-08-11,2.45,91,16
2020-08-16,2.32,91,18
2020-09-12,2.25,91,15
2020-05-09,20.9,102,6
2020-06-01,16.1,102,0
2020-06-28,12.8,101,246
2020-07-01,13.1,102,7
2020-07-31,13.6,101,247
2020-08-07,14.0,102,5
2020-08-12,13.5,101,248
2020-08-20,13.7,102,3
2020-08-22,20.1,101,249
2020-10-06,13.2,102,4
2020-07-18,2.43,104,26
2020-07-26,1.73,104,28
2020-08-05,1.44,104,32
2020-08-07,1.35,104,31
2020-08-15,1.34,104,27
2020-09-16,1.56,104,30
2020-09-21,1.5,104,29
2020-05-22,14.7,96,112
2020-07-01,16.3,96,111
2020-07-28,29.3,96,102
2020-08-02,139.0,96,101
2020-08-07,41.2,96,109
2020-08-22,263.0,96,106
2020-08-30,59.1,96,104
2020-09-04,42.8,96,103
2020-09-09,36.3,96,110
2020-09-14,28.3,96,108
2020-09-16,28.7,96,105
2020-09-21,44.7,96,107
2020-06-04,3.53,83,24
2020-07-01,2.68,83,21
2020-07-31,2.74,83,22
2020-08-13,2.86,83,23
2020-08-20,12.5,83,26
2020-09-09,6.27,83,18
2020-09-12,7.49,83,27
2020-09-14,6.21,83,25
2020-09-22,3.79,83,19
2020-11-26,3.88,83,20
2020-05-08,0.72,89,165
2020-05-10,0.72,89,163
2020-06-14,0.5,89,167
2020-06-17,0.48,89,168
2020-08-08,0.19,89,161
2020-08-11,0.19,89,164
2020-08-16,0.21,89,162
2020-09-12,0.12,89,160
2020-09-20,0.11,89,166
2020-05-08,15.2,90,54
2020-06-02,7.93,90,55
2020-06-17,5.41,90,52
2020-08-01,3.2,90,50
2020-08-06,2.62,90,51
2020-08-11,2.24,90,56
2020-08-16,2.41,90,53
2020-09-20,1.51,90,57
2020-05-20,19.5,90,232
2020-06-02,16.8,90,226
2020-06-09,15.4,90,236
2020-06-14,14.7,90,234
2020-06-17,14.6,90,229
2020-07-19,15.5,90,235
2020-08-06,13.3,90,227
2020-08-11,13.0,90,230
2020-09-12,12.3,90,228
2020-09-20,11.3,90,231
2020-09-22,12.2,90,233
2020-10-22,9.33,90,237
2020-07-28,28.3,97,68
2020-08-02,54.2,97,67
2020-08-07,37.5,97,72
2020-08-22,156.0,97,69
2020-09-16,18.9,97,70
2020-09-21,55.1,97,71
2020-06-13,2.05,98,47
2020-06-28,1.97,98,46
2020-07-28,1.4,98,43
2020-08-12,1.27,98,45
2020-08-22,1.4,98,44
2020-09-21,1.48,98,48
2020-06-14,0.16,107,77
2020-09-12,0.16,107,78
2020-05-08,1.04,90,134
2020-05-10,0.91,90,136
2020-06-14,0.51,90,138
2020-06-17,0.48,90,135
2020-08-06,0.37,90,139
2020-08-08,0.33,90,140
2020-08-11,0.26,90,132
2020-08-13,0.32,90,143
2020-08-16,0.26,90,137
2020-09-12,0.24,90,133
2020-09-20,0.29,90,141
2020-09-22,0.31,90,142
2020-05-29,0.56,105,174
2020-06-01,0.47,105,175
2020-06-26,0.14,105,180
2020-06-28,0.13,105,178
2020-07-18,0.37,105,182
2020-08-07,0.33,105,179
2020-08-12,0.46,105,181
2020-08-15,0.24,105,173
2020-09-14,0.15,105,177
2020-09-21,0.16,105,176
2020-10-06,0.27,105,183
2020-05-09,1.72,96,12
2020-06-06,0.74,96,7
2020-06-13,0.61,96,17
2020-07-01,0.49,96,15
2020-07-28,2.12,96,3
2020-08-02,7.88,96,2
2020-08-07,1.9,96,8
2020-08-12,1.98,96,4
2020-08-22,44.5,96,5
2020-08-30,20.0,96,6
2020-09-09,1.95,96,9
2020-09-11,1.95,96,10
2020-09-14,2.22,96,14
2020-09-16,1.69,96,11
2020-09-21,3.3,96,13
2020-10-06,0.62,96,16
2020-06-28,11.7,102,214
2020-07-18,11.6,102,209
2020-08-07,13.5,102,210
2020-09-16,13.5,102,212
2020-09-21,12.2,102,211
2020-10-06,7.77,102,213
2020-05-09,6.82,95,174
2020-06-06,3.64,95,172
2020-06-13,3.55,95,173
2020-07-01,2.82,95,170
2020-07-28,18.1,95,176
2020-08-07,9.21,95,171
2020-08-12,21.5,95,175
2020-08-22,139.0,95,163
2020-08-30,20.6,95,167
2020-09-09,8.12,95,162
2020-09-11,10.4,95,165
2020-09-14,8.94,95,169
2020-09-16,9.24,95,166
2020-09-21,13.2,95,168
2020-10-06,4.06,95,164
2020-10-26,5.36,95,177
2020-07-01,0.13,105,115
2020-07-26,0.11,105,112
2020-08-10,0.18,105,113
2020-08-15,0.2,105,114
2020-08-22,0.46,105,116
2020-09-14,0.2,105,117
2020-09-21,0.12,105,118
2020-10-06,0.1,105,119
2020-05-11,43.4,104,157
2020-07-10,21.5,104,159
2020-08-14,42.5,104,158
2020-09-23,34.6,104,156
2020-08-02,10.1,99,54
2020-08-14,4.56,99,59
2020-08-22,19.1,99,55
2020-09-08,2.61,99,60
2020-09-16,1.75,99,56
2020-09-21,2.73,99,57
2020-09-23,1.58,99,58
2020-06-06,0.35,95,54
2020-06-06,2.61,94,233
2020-06-13,0.56,95,55
2020-06-13,2.69,94,234
2020-07-01,0.31,95,51
2020-07-01,2.34,94,231
2020-07-28,5.46,95,61
2020-07-28,14.8,94,240
2020-08-02,6.77,95,49
2020-08-02,26.2,94,228
2020-08-07,2.11,95,53
2020-08-07,7.36,94,232
2020-08-22,19.0,95,50
2020-08-22,99.1,94,229
2020-09-09,1.28,95,52
2020-09-09,4.03,94,230
2020-09-11,0.98,95,57
2020-09-11,4.06,94,236
2020-09-14,0.85,95,56
2020-09-14,4.13,94,235
2020-09-16,0.92,95,59
2020-09-16,4.4,94,241
2020-09-19,4.05,95,58
2020-09-19,10.6,94,237
2020-09-21,2.1,95,60
2020-09-21,6.57,94,238
2020-10-06,0.48,95,62
2020-10-06,2.59,94,239
2020-05-09,16.0,101,241
2020-06-01,11.1,101,239
2020-06-06,10.6,101,244
2020-06-28,10.1,101,245
2020-07-01,10.0,101,233
2020-07-26,10.3,101,237
2020-07-28,10.4,101,236
2020-07-31,11.0,101,235
2020-08-12,8.89,101,234
2020-08-22,11.1,101,238
2020-09-09,12.9,101,240
2020-09-14,12.2,101,243
2020-09-21,11.6,101,242
2020-10-06,8.91,101,232
2020-05-09,6.36,103,78
2020-06-20,3.52,103,76
2020-07-18,3.44,103,73
2020-08-07,3.09,103,71
2020-08-14,2.81,103,70
2020-08-17,2.54,103,72
2020-09-03,3.45,103,79
2020-09-16,2.55,103,75
2020-09-21,2.27,103,74
2020-09-23,2.07,103,77
2020-09-28,1.79,103,80
2020-05-09,10.7,102,193
2020-06-08,5.98,102,192
2020-07-05,4.92,102,191
2020-08-07,5.32,102,194
2020-08-14,5.32,102,190
2020-08-17,4.55,102,200
2020-09-03,4.4,102,199
2020-09-16,3.43,102,197
2020-09-21,3.37,102,195
2020-09-23,3.2,102,196
2020-09-28,2.71,102,198
2020-05-09,0.62,101,44
2020-06-28,0.49,101,42
2020-08-07,0.63,101,45
2020-08-12,1.16,101,46
2020-08-14,0.79,101,41
2020-08-22,0.79,101,43
2020-09-21,0.65,101,47
2020-09-23,0.58,101,48
2020-05-08,14.3,106,212
2020-05-08,6.73,106,239
2020-06-14,10.6,106,210
2020-08-06,7.4,106,208
2020-08-06,3.53,106,238
2020-08-08,3.43,106,236
2020-08-11,7.49,106,209
2020-08-11,3.5,106,237
2020-08-13,7.64,106,213
2020-08-13,3.58,106,240
2020-08-16,7.64,106,211
2020-08-16,3.53,106,235
2020-05-09,3.05,93,247
2020-06-06,2.33,93,248
2020-07-01,2.72,93,245
2020-08-02,2.21,93,249
2020-08-07,2.96,93,240
2020-08-12,2.63,93,243
2020-08-22,5.22,93,242
2020-09-09,3.21,93,237
2020-09-11,10.2,93,239
2020-09-16,3.0,93,244
2020-09-19,3.02,93,238
2020-09-21,2.42,93,246
2020-10-06,3.13,93,241
2020-05-22,4.31,96,227
2020-07-01,5.59,96,217
2020-07-28,12.4,96,218
2020-08-02,19.8,96,219
2020-08-07,10.4,96,220
2020-08-22,73.9,96,222
2020-08-30,11.6,96,221
2020-09-04,16.1,96,223
2020-09-09,9.81,96,226
2020-09-16,9.19,96,225
2020-09-21,9.1,96,224
2020-11-08,10.1,96,228
2020-08-08,2.5,83,149
2020-08-28,1.55,83,148
2020-09-22,0.92,83,150
2020-05-08,1.04,88,120
2020-05-15,0.99,88,116
2020-07-24,0.11,88,113
2020-08-01,0.12,88,112
2020-08-06,0.12,88,111
2020-08-08,0.12,88,118
2020-08-11,0.12,88,119
2020-08-13,0.11,88,114
2020-08-16,0.1,88,117
2020-08-21,0.09,88,115
2020-09-17,0.07,88,121
2020-09-22,0.05,88,110
2020-11-04,0.2,88,122
2020-08-07,8.06,99,101
2020-08-14,4.86,99,105
2020-08-22,76.4,99,100
2020-09-08,7.61,99,106
2020-09-11,2.59,99,102
2020-09-16,6.56,99,103
2020-09-21,15.4,99,104
2020-07-28,1.28,97,38
2020-08-02,4.25,97,37
2020-08-07,1.43,97,41
2020-08-22,14.7,97,39
2020-09-16,1.29,97,40
2020-09-21,1.13,97,42
2020-08-07,0.35,103,157
2020-09-16,0.74,103,158
2020-09-21,0.49,103,156
2020-05-08,1.9,89,100
2020-06-14,0.28,89,101
2020-08-06,0.41,89,96
2020-08-08,0.43,89,98
2020-08-11,0.46,89,97
2020-08-16,0.43,89,99
2020-09-12,0.24,89,102
2020-06-01,3.28,87,109
2020-07-01,2.96,87,104
2020-07-31,2.82,87,106
2020-08-05,2.5,87,107
2020-09-09,2.94,87,105
2020-09-14,3.07,87,108
2020-06-13,108.0,92,94
2020-06-28,101.0,92,92
2020-07-28,256.0,92,90
2020-08-02,749.0,92,97
2020-08-07,245.0,92,96
2020-08-12,200.0,92,93
2020-08-22,862.0,92,91
2020-09-11,217.0,92,95
2020-09-16,203.0,92,98
2020-09-21,313.0,92,99
2020-10-06,138.0,92,100
2020-05-27,1.27,104,64
2020-07-01,0.64,104,68
2020-07-18,0.91,104,62
2020-07-26,0.78,104,60
2020-08-07,0.48,104,67
2020-08-15,0.51,104,63
2020-08-22,0.69,104,61
2020-09-14,0.6,104,70
2020-09-16,0.54,104,65
2020-09-21,0.41,104,66
2020-10-06,0.33,104,69
2020-06-22,0.9,85,212
2020-08-06,0.64,85,208
2020-08-08,0.63,85,213
2020-08-11,0.61,85,211
2020-08-16,0.55,85,210
2020-08-21,0.52,85,209
2020-09-22,0.25,85,214
2020-06-01,2.1,105,149
2020-06-26,1.66,105,147
2020-08-05,0.74,105,151
2020-08-10,0.96,105,152
2020-08-15,0.84,105,148
2020-09-14,0.81,105,150
2020-06-20,1.82,103,113
2020-08-07,1.4,103,115
2020-08-14,1.85,103,114
2020-09-16,1.25,103,117
2020-09-21,1.03,103,116
2020-09-28,0.83,103,118
2020-08-08,102.0,82,26
2020-09-12,238.0,82,27
2020-06-01,0.39,84,21
2020-07-01,0.24,84,14
2020-07-24,0.57,84,23
2020-07-31,0.48,84,16
2020-08-05,0.55,84,19
2020-08-13,0.66,84,15
2020-08-20,1.1,84,22
2020-09-09,1.35,84,17
2020-09-12,0.93,84,20
2020-09-14,0.81,84,18
2020-07-24,30.2,87,19
2020-08-08,32.8,87,21
2020-08-13,31.7,87,20
2020-09-22,28.3,87,22
2020-05-07,0.88,107,46
2020-06-01,0.59,107,48
2020-06-16,0.46,107,42
2020-07-26,0.38,107,49
2020-08-08,0.32,107,45
2020-08-15,0.39,107,47
2020-08-18,0.4,107,44
2020-08-20,0.72,107,43
2020-09-24,0.43,107,50
2020-06-22,0.33,84,118
2020-06-27,0.31,84,119
2020-07-14,0.47,84,116
2020-08-01,0.3,84,115
2020-08-08,1.98,84,124
2020-08-16,0.31,84,120
2020-08-21,6.71,84,117
2020-09-15,0.38,84,122
2020-09-20,0.51,84,121
2020-09-22,0.39,84,123
2020-06-01,1.14,106,189
2020-06-16,0.76,106,190
2020-07-26,0.44,106,185
2020-08-08,0.39,106,191
2020-08-15,0.37,106,186
2020-08-20,0.44,106,187
2020-09-14,0.45,106,192
2020-09-24,0.47,106,188
2020-05-09,7.74,101,100
2020-06-28,2.54,101,105
2020-07-05,3.55,101,103
2020-07-25,2.46,101,102
2020-08-14,8.01,101,95
2020-08-22,7.86,101,96
2020-09-03,22.5,101,104
2020-09-16,7.36,101,101
2020-09-18,7.6,101,97
2020-09-21,6.34,101,98
2020-09-23,5.23,101,99
2020-05-07,1090.0,93,28
2020-05-22,927.0,93,21
2020-06-01,725.0,93,18
2020-06-14,558.0,93,22
2020-06-16,554.0,93,25
2020-06-26,456.0,93,20
2020-08-10,1100.0,93,26
2020-08-13,841.0,93,19
2020-08-15,783.0,93,24
2020-08-18,768.0,93,23
2020-09-14,978.0,93,27
2020-09-24,828.0,93,29
2020-07-30,8.49,99,77
2020-08-07,8.82,99,80
2020-08-14,10.1,99,78
2020-08-22,87.9,99,79
2020-09-08,10.3,99,84
2020-09-11,4.18,99,81
2020-09-21,8.91,99,82
2020-09-23,4.97,99,83
2020-06-01,0.97,107,16
2020-06-16,0.76,107,20
2020-08-08,1.68,107,18
2020-08-15,1.04,107,17
2020-08-18,1.25,107,19
2020-08-20,1.46,107,22
2020-09-14,1.04,107,21
2020-08-08,1.51,83,152
2020-08-13,0.89,83,151
2020-05-09,6.18,97,233
2020-06-01,3.86,97,237
2020-06-06,3.79,97,231
2020-06-13,3.08,97,232
2020-06-28,2.68,97,228
2020-07-01,3.5,97,223
2020-07-26,2.76,97,230
2020-07-28,2.7,97,227
2020-07-31,3.86,97,224
2020-08-02,4.08,97,225
2020-08-12,2.61,97,226
2020-08-22,4.11,97,229
2020-09-09,3.04,97,236
2020-09-14,3.12,97,235
2020-09-21,2.98,97,234
2020-10-06,1.77,97,222
2020-08-15,0.65,107,128
2020-07-05,4.0,98,131
2020-08-07,4.86,98,136
2020-08-22,62.7,98,130
2020-09-03,8.89,98,132
2020-09-11,4.31,98,129
2020-09-13,5.98,98,133
2020-09-21,15.7,98,134
2020-09-23,5.37,98,135
2020-05-15,944.0,92,233
2020-06-01,663.0,92,228
2020-06-16,498.0,92,232
2020-06-26,437.0,92,236
2020-08-05,708.0,92,231
2020-08-13,729.0,92,234
2020-08-20,712.0,92,229
2020-09-14,968.0,92,230
2020-09-22,806.0,92,227
2020-09-24,868.0,92,235
2020-05-09,11.4,100,243
2020-07-05,4.79,100,248
2020-08-07,6.63,100,245
2020-08-12,8.0,100,242
2020-08-14,9.9,100,241
2020-08-22,8.98,100,244
2020-09-21,8.04,100,246
2020-09-23,7.75,100,247
2020-06-01,0.4,87,192
2020-07-01,0.15,87,200
2020-07-31,0.06,87,196
2020-08-05,0.06,87,199
2020-08-08,0.14,87,201
2020-08-13,0.08,87,197
2020-08-20,0.21,87,198
2020-09-07,0.021,87,194
2020-09-12,0.021,87,195
2020-09-22,0.028,87,193
2020-07-01,8.99,97,24
2020-07-28,13.0,97,16
2020-08-02,23.6,97,20
2020-08-07,19.0,97,23
2020-08-22,150.0,97,18
2020-08-30,12.9,97,21
2020-09-04,14.6,97,14
2020-09-09,8.07,97,19
2020-09-14,7.27,97,22
2020-09-16,7.27,97,15
2020-09-21,13.7,97,17
2020-06-13,10.0,99,221
2020-06-28,8.47,99,219
2020-08-07,17.7,99,212
2020-08-14,25.7,99,218
2020-08-22,75.1,99,211
2020-09-08,40.9,99,220
2020-09-11,32.8,99,213
2020-09-13,57.3,99,217
2020-09-16,33.1,99,214
2020-09-21,36.2,99,215
2020-09-23,33.2,99,216
2020-06-01,6.04,105,126
2020-06-26,3.08,105,127
2020-08-05,2.25,105,129
2020-08-15,2.9,105,125
2020-09-14,3.23,105,128
2020-05-31,19.9,90,115
2020-06-17,16.1,90,113
2020-08-06,10.4,90,114
2020-08-11,9.8,90,116
2020-09-18,8.38,90,117
2020-09-20,8.19,90,118
2020-09-28,6.92,90,119
2020-05-09,0.28,103,38
2020-06-08,0.12,103,43
2020-08-07,0.06,103,39
2020-08-14,0.06,103,40
2020-08-17,0.05,103,37
2020-09-16,0.09,103,45
2020-09-21,0.08,103,41
2020-09-23,0.06,103,42
2020-09-28,0.1,103,44
2020-08-08,15.0,106,214
2020-07-01,2.81,83,40
2020-07-31,3.01,83,42
2020-08-13,3.2,83,43
2020-09-09,9.23,83,38
2020-09-12,7.0,83,45
2020-09-14,6.2,83,44
2020-09-22,3.2,83,39
2020-11-26,3.69,83,41
2020-05-18,0.55,86,102
2020-08-06,0.2,86,98
2020-08-21,5.48,86,103
2020-09-12,0.26,86,100
2020-09-15,0.21,86,101
2020-09-20,0.31,86,99
2020-09-22,0.2,86,97
2020-06-06,0.68,82,176
2020-07-01,1.07,82,175
2020-09-09,1.37,82,174
2020-09-14,1.21,82,178
2020-09-19,1.26,82,177
2020-05-08,14.0,90,153
2020-05-10,13.8,90,145
2020-06-14,6.9,90,146
2020-06-17,6.7,90,147
2020-08-06,6.6,90,149
2020-08-08,5.9,90,151
2020-08-11,5.5,90,148
2020-08-16,5.0,90,150
2020-09-12,4.7,90,144
2020-09-20,4.3,90,152
2020-09-22,4.6,90,154
2020-05-22,1.92,97,54
2020-07-01,0.48,97,53
2020-07-28,1.27,97,43
2020-08-02,4.1,97,44
2020-08-07,1.41,97,51
2020-08-22,10.1,97,45
2020-08-30,2.05,97,49
2020-09-04,1.49,97,46
2020-09-09,1.25,97,48
2020-09-14,1.03,97,52
2020-09-16,1.04,97,50
2020-09-21,1.47,97,47
2020-07-01,0.82,94,124
2020-07-28,4.31,94,121
2020-08-07,2.75,94,118
2020-08-22,17.5,94,117
2020-09-09,1.09,94,116
2020-09-14,0.98,94,119
2020-09-19,2.09,94,122
2020-09-21,1.42,94,120
2020-11-08,1.78,94,123
2020-05-08,20.6,88,210
2020-07-24,5.9,88,209
2020-08-01,5.37,88,212
2020-08-06,5.78,88,208
2020-08-08,5.21,88,214
2020-08-11,5.66,88,215
2020-08-16,5.19,88,213
2020-08-21,5.57,88,211
2020-09-22,7.21,88,207
2020-05-08,63.6,88,219
2020-07-24,29.8,88,218
2020-08-01,26.2,88,221
2020-08-06,26.6,88,217
2020-08-08,24.4,88,223
2020-08-11,28.6,88,224
2020-08-16,24.3,88,222
2020-08-21,28.3,88,220
2020-09-22,25.9,88,216
2020-07-18,2.76,104,33
2020-07-26,2.43,104,39
2020-08-05,2.37,104,38
2020-08-07,2.75,104,35
2020-08-15,2.44,104,34
2020-09-21,2.13,104,36
2020-10-06,1.63,104,37
2020-06-01,22.9,86,223
2020-07-01,18.1,86,228
2020-07-24,17.8,86,226
2020-07-31,18.2,86,224
2020-08-05,18.6,86,229
2020-08-13,18.4,86,227
2020-08-20,18.5,86,225
2020-09-12,19.0,86,221
2020-09-14,19.0,86,230
2020-09-22,19.1,86,222
2020-06-06,0.82,91,193
2020-07-01,0.94,91,192
2020-08-20,19.4,91,196
2020-09-09,2.75,91,191
2020-09-14,2.19,91,194
2020-09-19,3.27,91,195
2020-06-06,5.15,94,243
2020-06-13,5.33,95,2
2020-07-01,5.07,94,246
2020-07-28,5.62,94,242
2020-08-02,6.47,94,247
2020-08-07,5.5,94,244
2020-08-22,59.4,94,245
2020-09-09,15.8,94,248
2020-09-11,5.41,95,1
2020-09-14,5.33,95,0
2020-09-19,5.78,94,249
2020-09-21,5.6,95,4
2020-10-06,5.48,95,3
2020-05-27,1.81,104,80
2020-06-28,0.58,104,86
2020-07-01,0.55,104,81
2020-07-18,0.99,104,77
2020-07-26,1.18,104,78
2020-08-15,0.65,104,79
2020-08-22,1.06,104,82
2020-09-04,1.71,104,84
2020-09-21,1.12,104,83
2020-10-06,0.85,104,85
2020-06-13,0.86,98,23
2020-06-28,0.67,98,26
2020-08-07,1.61,98,22
2020-08-12,2.01,98,20
2020-08-22,23.2,98,21
2020-09-11,1.36,98,24
2020-09-21,0.83,98,25
2020-05-09,800.0,92,170
2020-06-28,236.0,92,173
2020-07-01,238.0,92,167
2020-08-10,556.0,92,174
2020-08-12,584.0,92,172
2020-08-22,580.0,92,169
2020-09-14,588.0,92,171
2020-09-21,549.0,92,168
2020-10-06,306.0,92,175
2020-05-09,806.0,92,166
2020-05-22,465.0,92,160
2020-05-27,429.0,92,156
2020-06-01,388.0,92,164
2020-06-28,235.0,92,165
2020-07-01,235.0,92,154
2020-07-26,293.0,92,158
2020-08-10,551.0,92,155
2020-08-12,588.0,92,157
2020-08-22,577.0,92,159
2020-09-04,1160.0,92,162
2020-09-14,593.0,92,163
2020-09-21,550.0,92,161
2020-06-02,0.1,91,110
2020-06-14,0.08,91,112
2020-06-17,0.08,91,117
2020-07-17,0.08,91,114
2020-08-06,0.09,91,113
2020-08-11,0.09,91,111
2020-08-13,0.08,91,116
2020-08-16,0.08,91,115
2020-09-12,0.07,91,109
2020-06-14,3.17,106,243
2020-09-12,2.68,106,242
2020-05-09,2.62,100,97
2020-06-01,1.23,100,102
2020-06-06,1.06,100,98
2020-07-01,1.07,100,92
2020-07-26,0.75,100,91
2020-07-31,1.6,100,95
2020-08-02,2.52,100,94
2020-08-12,1.45,100,93
2020-08-22,2.14,100,96
2020-09-09,1.44,100,100
2020-09-14,1.57,100,99
2020-09-21,2.28,100,101
2020-10-06,0.62,100,90
2020-05-09,3.08,101,212
2020-06-01,2.55,101,213
2020-06-06,2.39,101,214
2020-07-01,3.75,101,215
2020-07-26,2.44,101,203
2020-07-28,2.65,101,209
2020-07-31,2.68,101,204
2020-08-02,3.42,101,206
2020-08-07,2.35,101,208
2020-08-12,2.3,101,205
2020-08-17,2.02,101,216
2020-08-22,14.1,101,207
2020-09-09,2.8,101,201
2020-09-14,4.57,101,210
2020-09-21,2.9,101,211
2020-10-06,2.03,101,202
2020-05-09,0.6,102,73
2020-06-01,0.29,102,80
2020-06-06,0.28,102,76
2020-06-28,0.19,102,77
2020-07-01,0.2,102,72
2020-07-26,0.18,102,79
2020-07-28,0.18,102,70
2020-07-31,0.18,102,68
2020-08-02,0.33,102,66
2020-08-12,0.22,102,67
2020-08-22,0.48,102,69
2020-09-09,0.38,102,71
2020-09-14,0.33,102,75
2020-09-21,0.34,102,74
2020-10-06,0.21,102,65
2020-11-08,0.18,102,78
2020-06-14,3.42,91,127
2020-08-13,2.98,91,129
2020-09-12,2.96,91,128
2020-07-01,0.34,83,47
2020-07-31,0.6,83,48
2020-09-09,0.8,83,46
2020-09-14,0.76,83,49
2020-06-18,1.38,107,198
2020-07-18,2.42,107,197
2020-07-26,2.86,107,194
2020-08-07,2.17,107,196
2020-08-15,2.46,107,195
2020-10-06,1.16,107,199
2020-06-01,0.09,87,137
2020-07-01,0.06,87,140
2020-07-24,0.05,87,144
2020-07-31,0.024,87,139
2020-08-05,0.019,87,141
2020-08-20,0.027,87,143
2020-09-12,0.06,87,138
2020-09-14,0.06,87,142
2020-05-08,2.79,90,75
2020-05-31,1.44,90,77
2020-06-02,1.44,90,76
2020-06-17,0.9,90,84
2020-08-01,0.62,90,78
2020-08-06,0.53,90,79
2020-08-11,0.48,90,80
2020-09-18,0.35,90,82
2020-09-20,0.34,90,81
2020-09-23,0.33,90,83
2020-05-29,1.91,104,116
2020-06-01,1.91,104,110
2020-06-21,1.78,104,114
2020-07-18,1.27,104,107
2020-08-07,1.03,104,108
2020-08-15,0.89,104,111
2020-09-14,0.96,104,109
2020-09-16,1.05,104,113
2020-09-21,1.13,104,112
2020-10-06,0.88,104,115
2020-05-15,0.19,88,75
2020-07-24,0.13,88,76
2020-08-08,0.15,88,77
2020-08-13,0.14,88,74
2020-09-22,0.08,88,73
2020-05-08,5.1,89,145
2020-05-10,4.86,89,147
2020-06-14,3.32,89,146
2020-08-06,3.2,89,144
2020-08-08,3.07,89,148
2020-08-11,3.0,89,151
2020-08-13,2.97,89,150
2020-08-16,2.84,89,149
2020-09-12,2.68,89,143
2020-09-22,3.13,89,152
2020-05-22,0.76,83,118
2020-07-31,0.38,83,116
2020-08-08,2.97,83,119
2020-08-28,2.21,83,117
2020-09-09,1.07,83,120
2020-09-14,0.86,83,121
2020-09-22,0.66,83,122
2020-06-22,0.35,84,164
2020-06-27,0.4,84,161
2020-07-14,0.4,84,162
2020-08-08,0.36,84,159
2020-08-16,0.27,84,163
2020-08-21,0.31,84,157
2020-09-15,0.71,84,160
2020-09-20,0.32,84,158
2020-05-09,8.98,100,225
2020-06-28,4.5,100,231
2020-07-05,4.5,100,232
2020-08-12,7.24,100,230
2020-08-14,6.93,100,229
2020-08-22,6.02,100,224
2020-09-16,6.02,100,227
2020-09-21,6.02,100,226
2020-09-23,5.88,100,228
2020-05-09,1.15,91,189
2020-06-06,0.64,91,183
2020-07-28,4.1,91,181
2020-08-02,6.63,91,190
2020-08-22,17.5,91,182
2020-09-09,1.3,91,180
2020-09-11,1.28,91,188
2020-09-14,0.72,91,184
2020-09-16,0.72,91,185
2020-09-19,1.96,91,187
2020-09-21,2.74,91,186
2020-06-06,0.46,91,173
2020-06-06,0.35,91,160
2020-06-06,0.59,91,147
2020-06-13,0.44,91,175
2020-06-13,0.58,91,162
2020-06-13,0.53,91,149
2020-07-28,1.36,91,168
2020-07-28,1.22,91,161
2020-07-28,1.32,91,148
2020-08-02,2.53,91,176
2020-08-02,1.59,91,163
2020-08-02,1.82,91,150
2020-08-20,3.76,91,178
2020-08-20,3.9,91,165
2020-08-20,4.09,91,151
2020-08-22,4.46,91,169
2020-08-22,4.31,91,159
2020-08-22,5.19,91,146
2020-09-09,0.91,91,167
2020-09-09,0.47,91,154
2020-09-09,0.29,91,141
2020-09-14,0.36,91,170
2020-09-14,0.3,91,156
2020-09-14,0.37,91,144
2020-09-16,0.36,91,172
2020-09-16,0.29,91,155
2020-09-16,0.32,91,142
2020-09-19,0.77,91,174
2020-09-19,1.49,91,158
2020-09-19,0.61,91,145
2020-09-21,1.48,91,171
2020-09-21,0.67,91,157
2020-09-21,0.59,91,143
2020-11-08,1.62,91,179
2020-11-08,0.85,91,166
2020-11-08,0.4,91,152
2020-11-25,0.21,91,177
2020-11-25,0.14,91,164
2020-11-25,0.2,91,153
2020-05-09,1.47,100,203
2020-07-28,0.55,100,201
2020-08-07,0.57,100,206
2020-08-12,0.86,100,205
2020-08-22,0.64,100,202
2020-09-21,0.53,100,204
2020-05-27,47.3,102,217
2020-07-01,23.7,102,223
2020-07-18,25.8,102,216
2020-07-26,29.3,102,220
2020-08-05,26.2,102,221
2020-08-07,27.5,102,215
2020-08-15,29.8,102,219
2020-09-21,26.6,102,218
2020-10-06,17.9,102,222
2020-05-09,1.0,106,11
2020-05-29,0.66,106,8
2020-06-01,0.64,106,5
2020-06-26,0.42,106,6
2020-06-28,0.4,106,3
2020-07-01,0.42,106,2
2020-07-18,0.31,106,13
2020-07-31,0.23,106,18
2020-08-05,0.2,106,7
2020-08-07,0.25,106,4
2020-08-12,0.33,106,15
2020-08-15,0.27,106,9
2020-08-20,0.26,106,16
2020-08-22,0.27,106,10
2020-09-14,0.28,106,14
2020-09-21,0.26,106,12
2020-10-06,0.18,106,17
2020-05-09,0.75,100,183
2020-05-22,0.42,100,195
2020-06-01,0.32,100,189
2020-06-06,0.24,100,182
2020-06-13,0.2,100,191
2020-06-28,0.15,100,179
2020-07-01,0.36,100,187
2020-07-26,0.23,100,180
2020-07-28,0.17,100,192
2020-07-31,1.37,100,177
2020-08-12,1.11,100,178
2020-08-20,0.17,100,194
2020-08-22,0.4,100,181
2020-08-30,1.15,100,186
2020-09-04,2.63,100,185
2020-09-09,0.26,100,190
2020-09-14,0.22,100,188
2020-09-21,0.18,100,184
2020-09-24,0.1,100,193
2020-05-15,890.0,92,224
2020-06-01,613.0,92,218
2020-06-26,413.0,92,220
2020-08-05,830.0,92,219
2020-08-13,738.0,92,221
2020-08-20,693.0,92,222
2020-09-12,1010.0,92,226
2020-09-14,926.0,92,223
2020-09-22,784.0,92,217
2020-09-24,912.0,92,225
2020-05-15,1.39,106,66
2020-06-01,0.82,106,61
2020-06-26,0.68,106,64
2020-08-05,0.51,106,67
2020-08-10,0.51,106,70
2020-08-13,0.68,106,62
2020-08-20,0.68,106,63
2020-09-12,2.51,106,69
2020-09-14,1.67,106,65
2020-09-22,0.87,106,60
2020-09-24,1.16,106,68
2020-05-09,57.1,104,173
2020-07-05,18.4,104,178
2020-07-25,24.9,104,169
2020-07-30,23.7,104,171
2020-08-07,36.3,104,170
2020-08-14,48.8,104,174
2020-08-17,50.8,104,168
2020-08-22,50.3,104,172
2020-09-03,80.1,104,179
2020-09-16,54.2,104,175
2020-09-21,48.7,104,176
2020-09-23,47.3,104,177
2020-06-22,1.74,85,90
2020-06-27,1.7,85,91
2020-07-14,2.69,85,83
2020-08-01,2.03,85,84
2020-08-16,3.6,85,86
2020-08-21,18.2,85,85
2020-09-12,3.41,85,92
2020-09-15,2.73,85,88
2020-09-20,2.69,85,87
2020-09-22,2.86,85,89
2020-07-18,0.91,103,199
2020-08-07,0.73,103,196
2020-09-16,1.35,103,197
2020-09-21,1.28,103,198
2020-05-09,3.66,102,147
2020-05-27,2.43,102,139
2020-06-01,2.03,102,142
2020-06-06,1.9,102,140
2020-06-28,1.35,102,145
2020-07-01,1.41,102,136
2020-07-26,1.4,102,137
2020-08-10,4.55,102,148
2020-08-12,5.2,102,138
2020-08-22,2.98,102,141
2020-09-04,6.3,102,146
2020-09-14,2.58,102,143
2020-09-21,1.65,102,144
2020-05-08,77.4,87,43
2020-05-15,76.9,87,48
2020-06-22,42.8,87,49
2020-07-24,38.5,87,40
2020-08-01,37.3,87,38
2020-08-06,37.9,87,42
2020-08-08,36.6,87,47
2020-08-11,36.8,87,45
2020-08-13,37.0,87,39
2020-08-16,36.1,87,46
2020-08-21,37.4,87,41
2020-09-17,41.4,87,44
2020-09-22,37.4,87,37
2020-05-29,609.0,92,193
2020-06-01,576.0,92,195
2020-06-26,381.0,92,197
2020-06-28,368.0,92,196
2020-07-18,442.0,92,186
2020-08-05,1080.0,92,192
2020-08-07,1090.0,92,190
2020-08-12,673.0,92,188
2020-08-15,702.0,92,187
2020-08-22,712.0,92,191
2020-09-14,906.0,92,189
2020-09-21,772.0,92,194
2020-10-06,482.0,92,198
2020-05-08,3.9,89,70
2020-05-15,4.24,89,69
2020-07-24,1.25,89,71
2020-08-06,0.93,89,63
2020-08-08,1.01,89,68
2020-08-11,1.1,89,67
2020-08-13,1.08,89,64
2020-08-16,0.95,89,66
2020-08-21,1.05,89,65
2020-09-22,0.46,89,62
2020-05-27,115.0,104,224
2020-06-28,63.6,104,231
2020-07-01,61.0,104,230
2020-07-18,68.9,104,225
2020-07-26,62.8,104,220
2020-08-10,84.7,104,221
2020-08-15,103.0,104,222
2020-08-22,106.0,104,223
2020-09-04,198.0,104,226
2020-09-14,185.0,104,229
2020-09-21,147.0,104,227
2020-10-06,84.4,104,228
2020-05-29,632.0,92,202
2020-06-26,380.0,92,208
2020-06-28,370.0,92,207
2020-07-18,449.0,92,200
2020-08-07,1110.0,92,203
2020-08-10,735.0,92,201
2020-08-12,678.0,92,210
2020-08-15,723.0,92,199
2020-09-14,905.0,92,205
2020-09-21,774.0,92,206
2020-10-06,488.0,92,209
2020-06-14,7.08,89,141
2020-08-06,5.81,89,136
2020-08-08,5.75,89,139
2020-08-11,5.63,89,140
2020-08-13,5.86,89,137
2020-08-16,5.45,89,138
2020-09-12,5.42,89,142
2020-05-09,104.0,104,196
2020-07-05,47.5,104,190
2020-08-07,59.1,104,195
2020-08-14,68.2,104,193
2020-08-17,69.7,104,192
2020-09-16,123.0,104,191
2020-09-23,90.8,104,194
2020-09-28,78.0,104,198
2020-06-13,2.22,99,114
2020-07-30,5.65,99,112
2020-08-07,8.11,99,108
2020-08-14,7.62,99,113
2020-08-22,121.0,99,107
2020-09-08,12.8,99,111
2020-09-11,5.06,99,109
2020-09-21,28.8,99,110
2020-06-22,0.25,84,180
2020-06-27,0.27,84,185
2020-07-14,0.27,84,188
2020-08-08,0.46,84,184
2020-08-16,0.28,84,182
2020-08-21,1.29,84,181
2020-09-12,0.17,84,187
2020-09-15,0.17,84,183
2020-09-22,0.19,84,186
2020-05-09,1.84,101,15
2020-07-05,1.58,101,19
2020-08-07,1.45,101,21
2020-08-12,2.81,101,20
2020-08-22,2.27,101,14
2020-09-16,1.4,101,16
2020-09-21,1.92,101,17
2020-09-23,1.59,101,18
2020-05-22,0.08,96,237
2020-07-01,0.09,96,229
2020-07-28,0.37,96,239
2020-08-02,0.36,96,230
2020-08-22,1.72,96,231
2020-08-30,0.1,96,235
2020-09-04,0.14,96,232
2020-09-09,0.09,96,233
2020-09-14,0.1,96,234
2020-09-16,0.12,96,238
2020-09-21,0.12,96,236
2020-05-22,1.01,96,214
2020-07-01,1.52,96,205
2020-07-28,4.82,96,207
2020-08-02,6.93,96,206
2020-08-22,17.7,96,208
2020-08-30,3.35,96,212
2020-09-04,4.72,96,209
2020-09-09,2.76,96,211
2020-09-14,2.4,96,210
2020-09-16,2.5,96,213
2020-09-21,2.78,96,215
2020-11-08,3.45,96,216
2020-05-09,3.38,105,93
2020-08-07,1.5,105,95
2020-08-22,2.24,105,92
2020-09-21,2.31,105,94
2020-05-27,97.5,103,9
2020-06-28,59.9,103,7
2020-07-01,56.2,103,13
2020-07-18,64.1,103,6
2020-07-26,63.3,103,10
2020-08-10,55.1,103,8
2020-08-15,58.3,103,14
2020-08-22,64.6,103,5
2020-09-14,76.6,103,12
2020-09-21,65.3,103,11
2020-10-06,45.7,103,15
2020-06-02,1.5,91,120
2020-06-14,1.27,91,119
2020-06-17,1.28,91,124
2020-07-17,1.21,91,126
2020-08-06,1.35,91,125
2020-08-11,1.3,91,121
2020-08-13,1.25,91,123
2020-08-16,1.17,91,122
2020-09-12,1.18,91,118
2020-06-01,4.68,107,63
2020-06-16,4.02,107,65
2020-07-26,4.13,107,67
2020-08-15,3.53,107,64
2020-08-18,3.31,107,68
2020-09-14,3.37,107,66
2020-05-27,0.62,104,51
2020-07-01,0.36,104,52
2020-07-18,0.5,104,53
2020-07-26,0.46,104,49
2020-08-10,0.28,104,59
2020-08-15,0.28,104,50
2020-08-22,0.65,104,58
2020-09-04,0.74,104,56
2020-09-14,0.68,104,54
2020-09-21,1.02,104,55
2020-10-06,0.5,104,57
2020-06-06,6.13,95,8
2020-06-13,6.42,95,13
2020-07-01,5.88,95,6
2020-07-28,13.2,95,5
2020-08-02,19.7,95,7
2020-08-07,8.66,95,10
2020-08-12,7.76,95,9
2020-08-22,66.6,95,11
2020-09-09,22.3,95,12
2020-09-11,7.64,95,14
2020-09-14,7.04,95,15
2020-09-16,8.66,95,16
2020-09-21,8.35,95,17
2020-10-06,6.51,95,18
2020-08-02,38.5,98,198
2020-08-14,29.1,98,204
2020-08-22,75.4,98,199
2020-09-11,4.59,98,200
2020-09-16,7.74,98,201
2020-09-21,14.4,98,202
2020-09-23,7.92,98,203
2020-05-09,1.86,102,98
2020-06-01,1.68,102,101
2020-06-28,1.04,102,104
2020-07-01,1.5,102,96
2020-07-31,1.03,102,99
2020-08-12,0.97,102,97
2020-08-20,1.28,102,102
2020-08-22,1.88,102,100
2020-09-14,1.43,102,103
2020-09-21,1.82,102,105
2020-10-06,1.02,102,106
2020-07-05,0.25,103,100
2020-08-07,0.13,103,109
2020-08-14,0.21,103,102
2020-08-17,0.15,103,112
2020-08-17,1.02,103,101
2020-09-16,0.25,103,111
2020-09-16,0.28,103,104
2020-09-21,0.2,103,110
2020-09-21,0.29,103,103
2020-09-23,0.23,103,105
2020-06-02,0.69,91,64
2020-06-17,0.62,91,63
2020-08-06,0.64,91,62
2020-08-11,0.58,91,60
2020-08-16,0.55,91,61
2020-09-12,0.56,91,59
2020-05-09,491.0,92,116
2020-06-13,215.0,92,122
2020-06-28,161.0,92,121
2020-07-28,278.0,92,120
2020-08-12,404.0,92,115
2020-08-22,817.0,92,114
2020-09-03,644.0,92,117
2020-09-21,597.0,92,118
2020-09-23,501.0,92,119
2020-06-06,0.71,95,23
2020-06-13,0.85,95,30
2020-07-01,0.83,95,29
2020-07-28,3.03,95,20
2020-08-02,2.81,95,19
2020-08-22,8.66,95,21
2020-09-09,0.93,95,22
2020-09-11,1.01,95,25
2020-09-14,0.83,95,24
2020-09-16,0.9,95,27
2020-09-21,1.01,95,26
2020-10-06,0.68,95,28
2020-06-22,0.4,88,128
2020-07-14,0.38,88,124
2020-08-06,0.42,88,123
2020-08-11,0.46,88,127
2020-08-16,1.03,88,125
2020-08-21,0.47,88,126
2020-09-20,0.65,88,129
2020-09-22,0.61,88,130
2020-07-05,0.98,98,150
2020-07-30,3.24,98,142
2020-08-07,1.89,98,144
2020-08-12,2.03,98,149
2020-08-14,1.3,98,143
2020-08-22,75.9,98,145
2020-09-11,3.15,98,146
2020-09-16,3.29,98,147
2020-09-21,13.0,98,148
2020-06-01,0.69,83,224
2020-07-01,0.53,83,217
2020-07-31,0.45,83,222
2020-08-08,6.78,83,220
2020-08-13,1.2,83,219
2020-08-20,6.13,83,218
2020-09-07,1.05,83,227
2020-09-09,0.92,83,221
2020-09-12,0.9,83,223
2020-09-14,0.77,83,225
2020-09-22,0.85,83,226
2020-06-01,2.12,84,103
2020-07-01,0.44,84,95
2020-07-24,0.59,84,93
2020-07-31,1.82,84,92
2020-08-05,0.56,84,101
2020-08-08,1.82,84,104
2020-08-13,1.1,84,94
2020-08-20,1.86,84,102
2020-09-07,3.94,84,98
2020-09-09,1.48,84,96
2020-09-12,2.02,84,100
2020-09-14,1.5,84,97
2020-09-22,0.54,84,99
2020-06-06,0.27,82,130
2020-07-01,0.18,82,128
2020-08-20,1.18,82,131
2020-09-09,1.08,82,127
2020-09-14,1.04,82,132
2020-09-19,2.9,82,129
2020-06-20,0.8,107,249
2020-07-18,0.93,108,5
2020-08-07,0.75,108,2
2020-08-14,0.72,108,0
2020-09-16,0.91,108,1
2020-09-21,0.84,108,4
2020-09-28,0.78,108,3
2020-07-18,0.15,105,79
2020-08-22,2.7,105,77
2020-09-21,0.2,105,78
2020-10-06,0.14,105,80
2020-05-09,102.0,96,154
2020-08-02,330.0,96,157
2020-08-07,71.2,96,153
2020-08-12,142.0,96,151
2020-08-22,448.0,96,152
2020-09-11,67.8,96,155
2020-09-16,90.9,96,156
2020-09-21,156.0,96,159
2020-10-06,52.2,96,158
2020-05-08,21.9,86,68
2020-05-08,0.74,86,138
2020-05-18,15.4,86,61
2020-05-18,0.41,86,132
2020-07-14,8.05,86,66
2020-07-14,0.29,86,133
2020-08-01,3.9,86,60
2020-08-01,0.19,86,131
2020-08-06,4.89,86,59
2020-08-06,0.13,86,130
2020-08-08,4.96,86,65
2020-08-08,0.14,86,137
2020-08-16,8.03,86,64
2020-08-16,0.19,86,136
2020-08-21,136.0,86,62
2020-08-21,2.48,86,134
2020-09-12,6.69,86,69
2020-09-15,5.74,86,67
2020-09-15,0.19,86,139
2020-09-20,7.43,86,63
2020-09-20,0.22,86,135
2020-09-22,5.34,86,58
2020-09-22,0.18,86,129
2020-05-09,1.47,100,209
2020-08-07,1.22,100,208
2020-08-22,1.41,100,207
2020-09-16,1.16,100,210
2020-09-21,1.21,100,211
2020-09-23,1.25,100,212
2020-05-09,0.5,94,144
2020-06-06,0.2,94,139
2020-07-01,0.24,94,148
2020-08-02,1.12,94,137
2020-08-20,3.02,94,146
2020-08-22,6.28,94,138
2020-09-09,0.38,94,136
2020-09-11,0.51,94,140
2020-09-14,0.37,94,141
2020-09-16,0.35,94,145
2020-09-19,0.97,94,142
2020-09-21,0.62,94,143
2020-11-15,0.19,94,147
2020-05-09,105.0,96,161
2020-06-13,35.4,96,168
2020-07-28,92.2,96,163
2020-08-12,141.0,96,162
2020-08-22,418.0,96,160
2020-09-11,81.9,96,165
2020-09-16,98.2,96,164
2020-09-21,174.0,96,167
2020-10-06,56.6,96,166
2020-06-22,1.02,86,18
2020-06-22,17.1,85,129
2020-08-06,0.76,86,14
2020-08-06,16.4,85,125
2020-08-08,0.81,86,20
2020-08-11,0.67,86,17
2020-08-11,28.1,85,128
2020-08-16,0.66,86,16
2020-08-16,22.9,85,127
2020-08-21,1.34,86,15
2020-08-21,28.6,85,126
2020-09-12,0.57,86,23
2020-09-20,0.57,86,19
2020-09-20,14.7,85,130
2020-09-22,0.55,86,21
2020-09-22,14.1,85,131
2020-10-25,0.51,86,22
2020-07-05,4.41,99,199
2020-08-07,16.3,99,200
2020-08-12,20.2,99,201
2020-08-14,12.3,99,192
2020-08-22,95.3,99,191
2020-09-03,26.6,99,197
2020-09-08,23.8,99,198
2020-09-11,17.4,99,193
2020-09-13,33.0,99,194
2020-09-21,32.4,99,195
2020-09-23,20.2,99,196
2020-05-22,4.39,83,140
2020-07-01,2.11,83,145
2020-07-31,4.16,83,139
2020-08-08,16.6,83,142
2020-08-20,28.4,83,143
2020-08-28,13.2,83,141
2020-09-09,7.08,83,144
2020-09-14,6.31,83,146
2020-09-22,6.79,83,147
2020-05-08,1.22,90,49
2020-05-31,2.93,90,46
2020-06-02,2.93,90,39
2020-06-15,1.86,90,37
2020-06-27,0.59,90,42
2020-08-01,0.92,90,38
2020-08-06,1.46,90,40
2020-08-11,1.16,90,43
2020-08-16,0.95,90,41
2020-09-18,0.62,90,45
2020-09-20,0.64,90,44
2020-09-23,0.63,90,48
2020-09-28,0.61,90,47
2020-05-15,0.57,89,60
2020-05-27,0.48,89,61
2020-06-16,0.29,89,56
2020-06-26,0.24,89,58
2020-07-24,0.07,89,53
2020-08-08,0.032,89,57
2020-08-13,0.03,89,54
2020-08-20,0.043,89,55
2020-09-14,0.14,89,59
2020-09-22,0.09,89,52
2020-07-05,2.62,98,86
2020-07-20,2.72,98,87
2020-08-07,3.53,98,93
2020-08-12,4.71,98,84
2020-08-22,69.5,98,85
2020-09-03,4.69,98,89
2020-09-08,5.97,98,92
2020-09-11,2.61,98,83
2020-09-13,8.62,98,88
2020-09-21,14.6,98,90
2020-09-23,5.19,98,91
2020-06-01,11.0,105,213
2020-06-28,7.06,105,209
2020-07-01,7.71,105,206
2020-07-31,8.6,105,211
2020-08-07,8.8,105,210
2020-08-20,12.1,105,207
2020-08-22,16.7,105,208
2020-09-14,13.2,105,214
2020-09-21,10.3,105,212
2020-10-06,9.95,105,215
2020-05-09,10.9,94,86
2020-06-06,6.14,94,76
2020-06-13,7.33,94,82
2020-07-01,4.91,94,79
2020-07-28,31.0,94,78
2020-08-07,15.8,94,84
2020-08-20,63.8,94,88
2020-08-22,119.0,94,77
2020-09-09,6.0,94,75
2020-09-11,5.01,94,85
2020-09-14,5.16,94,80
2020-09-19,23.8,94,81
2020-09-21,15.7,94,83
2020-11-08,12.8,94,87
2021-05-09,759.0,113,63
2021-06-08,426.0,113,65
2021-06-18,1310.0,113,64
2021-07-08,656.0,113,62
2021-06-09,0.36,111,79
2021-06-19,0.29,111,80
2021-05-12,1.04,120,44
2021-06-14,1.13,120,45
2021-06-16,1.14,120,43
2021-06-19,1.14,120,46
2021-06-21,1.13,120,41
2021-06-29,1.06,120,42
2021-05-12,2.15,114,89
2021-06-16,3.36,114,87
2021-06-18,3.35,114,86
2021-06-21,2.73,114,85
2021-07-08,1.73,114,90
2021-07-13,1.65,114,88
2021-05-12,5.66,121,58
2021-06-18,4.44,121,56
2021-06-21,4.11,121,57
2021-07-13,5.54,121,59
2021-07-16,4.38,121,60
2021-06-17,2.46,110,82
2021-06-19,2.34,110,81
2021-06-09,19.3,109,92
2021-06-19,24.4,109,91
2021-07-24,26.8,109,90
2021-06-07,22.9,112,50
2021-06-17,19.5,112,51
2021-05-12,1.87,120,185
2021-06-06,1.4,120,181
2021-06-14,1.14,120,186
2021-06-16,1.53,120,183
2021-06-19,1.44,120,184
2021-06-21,1.34,120,180
2021-06-29,1.05,120,182
2021-05-12,13.3,118,206
2021-06-16,10.5,118,205
2021-06-18,10.8,118,203
2021-06-21,10.5,118,204
2021-05-09,49.4,117,131
2021-05-12,44.3,117,130
2021-06-08,34.7,117,128
2021-06-16,36.5,117,132
2021-06-18,64.3,117,127
2021-06-18,4.92,118,71
2021-06-21,76.4,117,129
2021-07-13,6.07,118,70
2021-07-28,6.94,118,72
2021-06-09,0.42,109,136
2021-06-19,0.59,109,137
2021-07-24,0.57,109,138
2021-06-07,9.3,112,49
2021-06-14,8.4,112,48
2021-06-17,8.2,112,46
2021-06-19,8.3,112,47
2021-06-07,7.4,112,56
2021-06-17,6.5,112,57
2021-05-13,25.4,111,136
2021-06-07,17.2,111,133
2021-06-09,16.4,111,137
2021-06-14,14.2,111,134
2021-06-19,16.6,111,135
2021-05-11,2.96,117,231
2021-06-18,1.4,117,228
2021-07-08,2.18,117,229
2021-07-15,1.46,117,233
2021-07-18,1.59,117,232
2021-07-25,1.2,117,230
2021-05-12,2.35,119,149
2021-06-16,2.76,119,150
2021-06-21,3.04,119,148
2021-05-09,23.6,113,6
2021-06-03,28.8,113,4
2021-06-18,64.4,113,2
2021-06-21,56.2,113,3
2021-07-06,27.3,113,5
2021-07-13,11.2,113,7
2021-05-09,1.36,113,178
2021-06-03,1.0,113,179
2021-06-18,1.62,113,180
2021-06-21,1.4,113,181
2021-05-09,1.62,116,153
2021-05-11,2.13,116,151
2021-07-08,1.86,116,152
2021-05-11,1.3,117,24
2021-05-12,3.07,114,151
2021-06-16,5.28,114,153
2021-06-18,5.64,114,150
2021-06-21,4.72,114,152
2021-07-08,1.56,117,26
2021-07-13,1.47,117,25
2021-07-15,1.44,117,27
2021-06-07,6.49,111,103
2021-06-09,6.18,111,104
2021-06-17,7.16,111,105
2021-06-19,7.66,111,102
2021-06-09,2.18,110,22
2021-06-14,1.75,110,21
2021-06-19,1.45,110,20
2021-06-16,8.57,120,88
2021-06-19,8.6,120,92
2021-06-21,8.6,120,89
2021-07-14,7.9,120,91
2021-05-12,11.4,110,170
2021-06-21,16.6,110,169
2021-05-12,1.27,115,22
2021-06-18,6.98,115,24
2021-06-21,2.85,115,23
2021-05-09,3.03,119,70
2021-05-11,2.36,119,67
2021-06-18,3.35,119,66
2021-07-08,2.98,119,69
2021-07-18,1.81,119,71
2021-07-25,1.49,119,68
2021-05-10,0.3,110,138
2021-06-17,0.72,110,135
2021-06-19,0.67,110,136
2021-07-24,0.26,110,137
2021-06-09,0.34,109,240
2021-06-19,1.13,109,241
2021-06-21,0.83,109,242
2021-06-09,2.8,109,171
2021-06-19,3.08,109,169
2021-07-24,3.73,109,170
2021-05-12,14.5,111,50
2021-06-09,11.1,111,49
2021-06-16,11.8,111,51
2021-06-19,18.5,111,48
2021-06-09,0.88,109,56
2021-06-19,1.43,109,55
2021-07-06,1.35,109,57
2021-05-09,2.61,113,176
2021-06-03,2.09,113,173
2021-06-18,4.55,113,172
2021-06-21,3.42,113,174
2021-07-06,2.71,113,175
2021-07-13,3.12,113,177
2021-05-13,2.71,112,213
2021-06-02,1.94,112,220
2021-06-07,1.92,112,214
2021-06-09,1.79,112,219
2021-06-14,1.72,112,215
2021-06-17,1.67,112,216
2021-06-19,1.61,112,221
2021-06-29,1.42,112,218
2021-07-14,1.26,112,217
2021-05-09,1.71,117,172
2021-05-11,1.71,117,171
2021-06-18,3.08,117,173
2021-07-08,3.0,117,174
2021-07-18,2.7,117,175
2021-07-25,2.92,117,170
2021-05-06,3.74,117,66
2021-05-09,3.22,117,67
2021-05-11,2.63,117,62
2021-06-15,3.27,117,68
2021-06-18,5.31,117,69
2021-06-20,5.18,117,64
2021-07-15,1.76,117,65
2021-07-18,1.92,117,63
2021-05-09,39.7,119,106
2021-05-12,31.4,119,102
2021-06-16,16.8,119,103
2021-06-18,21.0,119,105
2021-06-21,20.5,119,104
2021-05-12,3.23,120,243
2021-06-11,2.28,120,245
2021-06-19,1.94,120,242
2021-06-21,1.8,120,244
2021-06-29,1.73,120,240
2021-07-01,1.64,120,239
2021-07-14,2.37,120,241
2021-07-16,2.24,120,246
2021-06-09,0.98,109,141
2021-06-19,1.74,109,139
2021-07-24,1.6,109,140
2021-06-14,0.1,120,154
2021-06-14,0.61,120,149
2021-06-19,0.1,120,153
2021-06-19,0.63,120,151
2021-07-14,0.1,120,152
2021-07-14,0.61,120,150
2021-06-16,20.1,114,160
2021-06-18,11.6,114,156
2021-06-21,5.66,114,157
2021-07-08,1.94,114,158
2021-07-13,1.64,114,159
2021-06-06,0.16,118,94
2021-06-16,0.21,118,92
2021-06-18,0.2,118,90
2021-06-21,0.18,118,91
2021-07-13,0.13,118,95
2021-07-16,0.12,118,93
2021-05-12,3.06,120,129
2021-06-06,2.48,120,127
2021-06-14,2.32,120,130
2021-06-16,2.41,120,128
2021-06-19,2.4,120,132
2021-06-21,2.3,120,131
2021-07-14,2.04,120,133
2021-05-09,1.52,116,162
2021-06-08,1.36,116,161
2021-06-18,2.28,116,163
2021-07-08,1.46,116,160
2021-06-19,11.1,109,43
2021-06-19,3.3,109,44
2021-05-09,6.06,119,75
2021-05-11,5.32,119,73
2021-06-18,6.33,119,72
2021-07-18,3.91,119,74
2021-07-25,2.87,119,76
2021-05-12,22.3,120,0
2021-06-14,18.8,119,249
2021-06-16,19.3,120,3
2021-06-19,19.6,120,4
2021-06-21,19.7,120,1
2021-06-29,17.9,120,2
2021-05-09,4.11,116,181
2021-05-12,3.55,116,176
2021-06-08,2.94,116,183
2021-06-18,16.9,116,178
2021-06-21,13.2,116,177
2021-07-06,3.81,116,182
2021-07-08,4.83,116,180
2021-07-11,3.04,116,179
2021-05-12,10.5,120,146
2021-06-06,8.49,120,145
2021-06-14,7.55,120,144
2021-06-16,8.12,120,140
2021-06-19,8.32,120,141
2021-06-21,8.31,120,143
2021-06-29,6.92,120,142
2021-06-06,0.89,121,76
2021-06-16,0.9,121,75
2021-06-18,0.89,121,74
2021-06-21,0.78,121,73
2021-07-16,0.98,121,77
2021-07-26,1.19,121,78
2021-05-12,4.89,119,97
2021-06-16,3.9,119,98
2021-06-21,4.44,119,96
2021-06-21,1.06,113,213
2021-05-12,13.0,115,14
2021-06-18,32.2,115,16
2021-06-21,25.7,115,15
2021-05-09,6.43,115,139
2021-06-18,28.6,115,136
2021-07-08,3.18,115,137
2021-07-13,2.13,115,138
2021-07-28,2.83,115,135
2021-06-09,1.49,109,212
2021-06-14,1.4,109,213
2021-06-17,2.48,109,210
2021-06-19,2.77,109,211
2021-06-14,1.41,110,19
2021-06-19,0.93,110,18
2021-05-12,30.4,110,176
2021-06-14,21.7,110,174
2021-06-19,39.3,110,175
2021-06-21,42.7,110,173
2021-05-12,72.7,118,59
2021-06-16,40.0,118,54
2021-06-18,39.7,118,56
2021-06-21,38.9,118,58
2021-07-06,37.2,118,57
2021-07-13,35.5,118,55
2021-05-12,2.91,121,27
2021-06-06,3.26,121,28
2021-06-11,2.4,121,30
2021-06-18,2.48,121,25
2021-06-21,2.36,121,24
2021-07-01,1.64,121,26
2021-07-06,10.1,121,29
2021-07-13,3.3,121,31
2021-06-19,0.97,109,104
2021-06-19,5.05,109,88
2021-05-12,1.07,116,165
2021-06-18,10.9,116,166
2021-06-21,3.47,116,164
2021-05-13,12.8,112,182
2021-06-07,12.0,112,181
2021-06-09,11.4,112,180
2021-06-14,9.8,112,183
2021-06-17,9.39,112,185
2021-07-14,8.0,112,184
2021-05-13,17.0,112,126
2021-06-07,15.7,112,122
2021-06-09,15.3,112,124
2021-06-14,13.7,112,125
2021-06-17,14.4,112,123
2021-07-14,12.5,112,127
2021-05-09,14.7,116,49
2021-05-11,12.7,116,44
2021-05-26,8.06,116,50
2021-06-08,6.55,116,51
2021-07-08,6.59,116,47
2021-07-13,4.91,116,48
2021-07-25,4.32,116,46
2021-07-28,3.69,116,45
2021-06-16,2.32,118,81
2021-06-18,2.37,118,80
2021-06-21,2.12,118,79
2021-07-13,2.98,118,82
2021-05-12,1810.0,113,130
2021-06-06,1180.0,113,131
2021-06-11,1160.0,113,127
2021-06-14,983.0,113,129
2021-06-16,1050.0,113,128
2021-06-19,1170.0,113,126
2021-06-21,1690.0,113,125
2021-06-07,1.39,111,249
2021-06-14,1.19,112,0
2021-06-07,1.56,120,76
2021-06-14,1.56,120,77
2021-06-17,1.53,120,78
2021-07-27,1.39,120,75
2021-06-09,0.88,109,222
2021-06-14,0.94,109,224
2021-06-17,1.58,109,225
2021-06-19,1.42,109,223
2021-05-09,3.4,117,249
2021-05-11,2.67,117,248
2021-06-18,2.2,117,246
2021-07-08,2.28,117,247
2021-07-18,1.31,118,0
2021-07-25,1.09,117,245
2021-06-09,0.45,109,165
2021-06-14,0.39,109,164
2021-06-19,0.73,109,163
2021-06-07,6.0,120,64
2021-06-14,5.73,120,63
2021-06-17,5.73,120,62
2021-07-27,5.12,120,61
2021-06-07,3.11,112,85
2021-06-14,2.94,112,86
2021-06-17,2.82,112,84
2021-07-14,2.63,112,87
2021-07-06,7.04,109,48
2021-07-06,0.15,109,49
2021-05-09,5.99,113,238
2021-06-03,14.8,113,239
2021-06-18,27.5,115,6
2021-07-08,4.26,115,7
2021-07-13,2.89,115,8
2021-06-09,197.0,109,24
2021-06-17,219.0,109,26
2021-06-19,296.0,109,23
2021-07-24,440.0,109,25
2021-07-27,329.0,109,27
2021-05-09,1.74,115,235
2021-05-11,1.94,115,233
2021-05-26,1.12,115,234
2021-07-08,4.24,115,236
2021-06-07,1.5,112,52
2021-06-14,1.34,112,54
2021-06-17,1.42,112,53
2021-07-27,0.92,112,55
2021-05-09,2.87,117,103
2021-05-12,2.48,117,100
2021-06-18,4.8,117,102
2021-06-21,3.6,117,101
2021-07-06,2.06,117,104
2021-07-08,1.78,117,105
2021-07-11,1.6,117,106
2021-05-12,2.59,118,140
2021-06-16,3.08,118,142
2021-06-18,3.14,118,138
2021-06-21,2.22,118,139
2021-07-06,4.01,118,143
2021-07-13,1.78,118,141
2021-05-09,8.06,113,248
2021-06-03,40.2,113,245
2021-06-18,46.2,113,247
2021-06-21,66.4,113,246
2021-07-13,5.81,113,249
2021-06-16,1.22,118,132
2021-06-18,1.28,118,134
2021-06-21,1.28,118,135
2021-07-06,1.55,118,136
2021-07-13,1.28,118,131
2021-07-16,1.28,118,133
2021-07-28,1.33,118,137
2021-05-12,5.18,120,87
2021-06-14,5.33,120,86
2021-06-14,2.12,111,198
2021-06-17,2.18,111,196
2021-07-27,1.84,111,197
2021-05-12,2.64,118,211
2021-06-16,2.54,118,212
2021-06-18,2.67,118,214
2021-06-21,1.99,118,213
2021-07-08,103.0,114,191
2021-07-13,113.0,114,192
2021-05-09,1.39,113,161
2021-06-03,2.59,113,157
2021-06-18,9.12,113,158
2021-06-21,7.84,113,159
2021-07-06,2.14,113,160
2021-06-18,10.4,113,151
2021-06-21,10.1,113,150
2021-07-06,3.68,113,152
2021-05-09,9.89,116,190
2021-06-08,7.33,116,188
2021-07-08,9.57,116,189
2021-05-09,62.0,113,25
2021-05-12,60.5,113,23
2021-06-03,89.9,113,22
2021-06-16,139.0,113,20
2021-06-18,190.0,113,19
2021-06-21,210.0,113,21
2021-07-08,73.3,113,24
2021-07-13,43.0,113,26
2021-06-18,3.74,121,79
2021-07-13,3.63,121,80
2021-05-12,0.84,115,26
2021-06-18,3.2,115,27
2021-06-21,1.79,115,25
2021-05-12,11.8,111,7
2021-06-09,6.27,111,9
2021-06-14,7.06,111,10
2021-06-16,10.8,111,11
2021-06-19,14.2,111,6
2021-06-21,14.4,111,8
2021-06-09,22.9,110,40
2021-06-14,26.1,110,41
2021-06-17,28.7,110,39
2021-06-19,21.5,110,38
2021-05-09,990.0,113,69
2021-07-08,669.0,113,68
2021-06-18,12.8,118,46
2021-07-13,13.6,118,48
2021-07-28,11.6,118,47
2021-06-16,30.9,114,118
2021-06-18,34.3,114,120
2021-06-21,46.4,114,119
2021-07-08,10.1,114,121
2021-07-13,9.44,114,122
2021-05-12,3.38,114,163
2021-06-16,5.55,114,162
2021-06-18,6.23,114,161
2021-06-21,4.03,114,164
2021-07-08,2.57,114,165
2021-07-13,1.81,114,166
2021-05-12,1.59,109,77
2021-06-09,1.15,109,74
2021-06-19,1.48,109,75
2021-06-21,1.68,109,76
2021-07-06,1.37,109,78
2021-05-12,25.3,118,161
2021-06-16,19.7,118,156
2021-06-18,20.2,118,160
2021-06-21,19.4,118,158
2021-07-06,27.4,118,159
2021-07-13,26.6,118,157
2021-06-07,2.04,112,3
2021-05-09,116.0,118,237
2021-05-11,118.0,118,233
2021-06-18,84.1,118,234
2021-07-08,64.6,118,236
2021-07-15,50.6,118,235
2021-06-07,20.2,111,235
2021-06-19,21.3,111,234
2021-06-07,7.5,111,231
2021-06-14,8.28,111,230
2021-06-17,7.99,111,232
2021-06-19,7.99,111,233
2021-06-07,3.36,111,228
2021-06-14,3.03,111,229
2021-06-17,2.92,111,226
2021-06-19,2.92,111,227
2021-06-07,0.37,112,38
2021-06-17,0.31,112,37
2021-06-09,3.54,109,194
2021-06-14,3.42,109,197
2021-06-17,5.78,109,196
2021-06-19,5.71,109,195
2021-05-09,8.82,115,151
2021-05-11,7.51,115,152
2021-05-26,5.61,115,148
2021-06-25,17.9,115,150
2021-07-28,2.66,115,149
2021-05-09,81.8,115,173
2021-05-11,74.7,115,168
2021-06-18,94.7,115,169
2021-07-08,105.0,115,171
2021-07-13,72.3,115,172
2021-07-28,43.8,115,170
2021-05-12,25.9,110,172
2021-06-21,32.2,110,171
2021-05-10,1.59,120,19
2021-05-12,1.48,120,17
2021-06-06,1.37,120,16
2021-06-11,1.52,120,22
2021-06-14,1.64,120,20
2021-06-16,1.64,120,21
2021-06-19,1.55,120,18
2021-06-21,1.48,120,13
2021-06-29,1.18,120,15
2021-07-01,1.18,120,14
2021-07-14,1.55,120,12
2021-06-19,0.91,109,157
2021-07-24,0.74,109,158
2021-05-12,30.6,120,8
2021-06-09,25.0,120,10
2021-06-14,23.5,120,7
2021-06-16,24.4,120,5
2021-06-19,25.5,120,9
2021-06-21,25.4,120,6
2021-06-29,22.9,120,11
2021-05-12,4.03,118,112
2021-06-16,6.81,118,113
2021-06-18,4.99,118,111
2021-06-21,3.32,118,110
2021-07-13,5.6,118,114
2021-05-11,17.2,118,22
2021-06-18,10.5,118,21
2021-07-25,8.96,118,23
2021-05-12,1740.0,113,121
2021-06-06,1180.0,113,124
2021-06-14,961.0,113,120
2021-06-16,1030.0,113,119
2021-06-19,1220.0,113,123
2021-06-21,1690.0,113,122
2021-05-11,244.0,119,7
2021-06-18,195.0,119,8
2021-07-15,138.0,119,5
2021-07-18,126.0,119,6
2021-05-13,9.58,112,114
2021-06-07,7.18,112,115
2021-06-09,6.96,112,110
2021-06-14,6.64,112,112
2021-06-17,6.34,112,113
2021-07-14,6.04,112,111
2021-05-12,0.65,111,160
2021-06-09,0.44,111,159
2021-06-14,0.37,111,162
2021-06-16,0.37,111,164
2021-06-19,0.39,111,161
2021-06-29,0.39,111,163
2021-05-12,1.15,119,146
2021-06-16,1.73,119,147
2021-06-21,1.35,119,145
2021-06-09,197.0,109,17
2021-06-17,250.0,109,16
2021-06-19,300.0,109,14
2021-07-27,280.0,109,15
2021-06-18,6.26,115,131
2021-07-08,1.25,115,132
2021-07-13,0.82,115,134
2021-07-28,1.06,115,133
2021-06-19,8.8,109,116
2021-06-07,0.47,111,241
2021-06-14,0.45,111,240
2021-06-17,0.45,111,242
2021-06-19,0.45,111,239
2021-06-09,0.65,111,78
2021-06-09,0.66,109,161
2021-06-19,1.05,109,160
2021-07-24,0.92,109,162
2021-06-21,30.8,112,244
2021-07-06,10.7,112,245
2021-05-09,5.68,116,116
2021-05-11,4.38,116,112
2021-06-18,16.6,116,118
2021-07-08,8.4,116,117
2021-07-13,3.35,116,115
2021-07-25,2.28,116,113
2021-07-28,4.32,116,114
2021-06-07,1.68,112,21
2021-06-14,1.56,112,22
2021-06-17,1.53,112,23
2021-06-19,1.53,112,24
2021-05-09,0.91,113,222
2021-06-21,1.05,113,221
2021-05-31,9.36,112,16
2021-06-10,9.14,112,15
2021-06-17,8.35,112,14
2021-06-18,1.9,121,52
2021-06-21,1.88,121,53
2021-07-13,3.16,121,54
2021-07-16,2.35,121,55
2021-05-09,37.5,114,186
2021-06-18,52.3,114,184
2021-06-21,1.49,109,54
2021-07-06,1.15,109,53
2021-07-08,61.0,114,185
2021-06-14,2.27,120,155
2021-06-19,2.3,120,158
2021-06-29,2.32,120,157
2021-07-14,2.34,120,156
2021-05-09,1.42,115,117
2021-06-18,8.1,115,114
2021-07-08,2.05,115,115
2021-07-13,0.65,115,116
2021-07-28,0.95,115,113
2021-05-09,6.31,116,126
2021-05-11,5.22,116,119
2021-05-26,3.34,116,125
2021-06-18,12.6,116,122
2021-07-08,5.92,116,124
2021-07-13,2.92,116,123
2021-07-25,2.15,116,121
2021-07-28,7.96,116,120
2021-05-12,1.32,111,166
2021-06-09,1.32,111,167
2021-06-14,1.22,111,169
2021-06-16,0.59,111,165
2021-06-19,0.89,111,168
2021-06-29,0.75,111,170
2021-07-06,1.41,111,171
2021-05-12,0.72,111,38
2021-06-19,0.93,111,37
2021-06-21,0.76,111,39
2021-06-07,181.0,110,226
2021-06-09,178.0,110,227
2021-06-17,165.0,110,225
2021-06-19,171.0,110,224
2021-06-19,4.27,109,111
2021-07-24,4.35,109,112
2021-06-07,73.0,111,155
2021-06-09,74.3,111,157
2021-06-17,72.0,111,158
2021-06-19,75.8,111,156
2021-05-31,502.0,109,42
2021-06-07,479.0,109,41
2021-06-17,448.0,109,40
2021-05-11,13.4,119,21
2021-07-15,2.32,119,20
2021-06-21,11.5,113,149
2021-07-06,3.26,113,148
2021-05-12,3.73,110,246
2021-06-16,3.64,110,247
2021-06-21,6.14,110,245
2021-06-07,6.42,112,103
2021-06-09,5.95,112,100
2021-06-14,5.56,112,101
2021-06-17,5.47,112,102
2021-07-24,5.37,112,99
2021-06-09,1.91,109,64
2021-06-19,4.48,109,63
2021-05-09,7.27,115,146
2021-05-11,5.91,115,145
2021-07-08,9.11,115,144
2021-07-15,3.37,115,147
2021-05-09,2.18,118,4
2021-05-11,0.99,118,2
2021-06-18,0.85,118,1
2021-07-08,1.2,118,3
2021-07-15,0.52,118,6
2021-07-18,0.44,118,7
2021-07-25,0.41,118,5
2021-05-12,1920.0,113,133
2021-06-06,1250.0,113,136
2021-06-11,1230.0,113,134
2021-06-14,1070.0,113,132
2021-06-16,1110.0,113,135
2021-06-19,1190.0,113,138
2021-06-21,1700.0,113,137
2021-05-09,2.66,115,5
2021-06-18,16.1,115,2
2021-07-08,1.65,115,3
2021-07-13,0.73,115,4
2021-06-09,4.3,110,92
2021-06-17,8.02,110,94
2021-06-19,7.5,110,93
2021-05-12,2.32,111,13
2021-06-09,0.95,111,15
2021-06-14,0.64,111,17
2021-06-16,0.92,111,16
2021-06-19,1.42,111,12
2021-06-21,1.71,111,14
2021-05-09,1050.0,113,73
2021-05-12,822.0,113,75
2021-06-18,881.0,113,70
2021-06-21,1560.0,113,74
2021-07-06,750.0,113,76
2021-07-08,706.0,113,71
2021-07-11,736.0,113,72
2021-06-07,3.1,111,184
2021-06-14,2.95,111,183
2021-06-17,3.0,111,185
2021-05-11,1.5,118,61
2021-06-18,1.65,118,60
2021-06-20,1.26,118,63
2021-07-13,0.8,118,62
2021-05-09,35.7,116,146
2021-05-11,26.3,116,147
2021-06-08,12.9,116,145
2021-06-15,15.0,116,150
2021-06-18,37.3,116,144
2021-07-08,15.0,116,142
2021-07-13,10.0,116,141
2021-07-15,9.58,116,149
2021-07-25,9.93,116,143
2021-07-28,10.5,116,148
2021-05-09,2.59,116,1
2021-05-11,2.31,116,2
2021-05-26,1.42,116,3
2021-07-08,9.91,116,4
2021-07-13,2.01,116,5
2021-05-09,1.42,119,62
2021-05-11,1.24,119,60
2021-06-18,1.82,119,59
2021-05-10,1.59,119,219
2021-05-12,1.56,119,216
2021-06-16,1.59,119,218
2021-06-19,1.7,119,217
2021-06-21,1.7,119,214
2021-06-29,1.52,119,213
2021-07-01,1.52,119,215
2021-07-06,4.04,119,220
2021-07-14,1.86,119,212
2021-06-09,0.61,110,114
2021-06-14,0.61,110,116
2021-06-19,1.12,110,115
2021-05-09,1.83,116,110
2021-05-11,1.5,116,106
2021-06-18,8.11,116,111
2021-07-08,3.14,116,107
2021-07-13,1.09,116,109
2021-07-25,0.58,116,108
2021-05-04,1.65,109,47
2021-05-09,0.66,109,45
2021-07-06,0.58,109,46
2021-05-04,2.51,121,99
2021-05-04,1.3,121,104
2021-05-09,1.35,121,98
2021-05-09,0.82,121,102
2021-06-18,6.54,121,97
2021-06-18,2.78,121,103
2021-07-08,1.83,121,96
2021-07-08,1.19,121,101
2021-07-28,1.14,121,100
2021-06-18,3.93,119,91
2021-05-12,130.0,113,40
2021-06-16,272.0,113,41
2021-06-18,364.0,113,39
2021-06-21,358.0,113,43
2021-07-08,138.0,113,42
2021-07-13,98.6,113,44
2021-06-18,28.0,114,249
2021-07-08,2.99,115,0
2021-07-13,4.95,115,1
2021-06-09,0.15,110,69
2021-06-14,0.18,110,70
2021-06-19,0.2,110,71
2021-05-11,6.17,121,82
2021-06-18,6.29,121,83
2021-06-20,6.09,121,81
2021-07-13,6.03,121,84
2021-07-28,5.54,121,85
2021-05-12,3.46,117,134
2021-06-18,9.68,117,135
2021-06-21,6.28,117,133
2021-06-09,9.98,109,155
2021-06-19,12.7,109,154
2021-07-24,14.8,109,156
2021-06-19,1.54,109,73
2021-05-09,179.0,115,188
2021-05-11,144.0,115,183
2021-05-26,101.0,115,189
2021-06-08,72.3,115,187
2021-07-08,138.0,115,186
2021-07-13,102.0,115,185
2021-07-25,81.5,115,184
2021-05-09,9.34,115,128
2021-05-11,6.76,115,124
2021-06-18,35.4,115,126
2021-07-08,20.4,115,127
2021-07-13,5.24,115,129
2021-07-25,3.38,115,125
2021-07-28,2.6,115,130
2021-05-09,12.7,113,0
2021-06-03,20.5,112,248
2021-06-18,44.3,112,246
2021-06-21,41.0,112,247
2021-07-06,15.8,112,249
2021-07-13,4.52,113,1
2021-06-09,1.38,109,202
2021-06-14,1.18,109,205
2021-06-17,2.66,109,203
2021-06-19,2.15,109,204
2021-06-09,3.77,110,74
2021-06-09,16.2,110,30
2021-06-14,4.16,110,77
2021-06-14,15.5,110,32
2021-06-17,4.55,110,75
2021-06-17,18.8,110,33
2021-06-19,5.42,110,76
2021-06-19,19.4,110,31
2021-05-09,16.4,113,201
2021-06-03,13.8,113,200
2021-06-18,23.0,113,199
2021-06-21,21.8,113,198
2021-07-06,15.9,113,197
2021-07-13,14.1,113,202
2021-05-12,1.0,114,41
2021-06-16,3.34,114,39
2021-06-18,6.81,114,37
2021-06-21,4.35,114,38
2021-07-08,0.95,114,36
2021-07-13,1.31,114,40
2021-06-14,1.97,109,146
2021-06-19,2.84,109,145
2021-05-12,1.89,121,50
2021-06-18,1.6,121,47
2021-06-21,1.6,121,48
2021-07-13,1.6,121,49
2021-07-16,1.35,121,51
2021-05-10,4.53,120,221
2021-05-12,4.61,120,220
2021-06-16,4.18,120,222
2021-06-19,4.37,120,217
2021-06-21,4.08,120,219
2021-06-29,3.71,120,218
2021-07-01,3.78,120,216
2021-07-06,6.97,120,223
2021-07-14,4.27,120,215
2021-05-09,2.38,115,247
2021-05-11,2.04,115,249
2021-05-26,1.59,115,243
2021-06-18,4.92,115,245
2021-06-25,6.2,115,248
2021-07-08,8.5,115,246
2021-07-13,3.65,116,0
2021-07-28,1.7,115,244
2021-05-04,2.35,114,12
2021-05-09,1.07,114,9
2021-06-16,1.49,114,11
2021-06-21,2.47,114,13
2021-07-28,0.58,114,10
2021-06-09,0.45,109,114
2021-06-19,0.7,109,113
2021-07-24,0.95,109,115
2021-06-09,3.97,110,25
2021-06-14,3.16,110,24
2021-06-19,3.38,110,23
2021-06-19,0.54,109,70
2021-06-09,0.95,109,244
2021-06-19,2.18,109,243
2021-05-12,2.37,109,124
2021-06-09,2.73,109,122
2021-06-19,6.1,109,125
2021-07-24,1.87,109,123
2021-06-18,4.0,118,78
2021-07-13,1.79,118,76
2021-07-28,2.15,118,77
2021-05-12,194.0,113,46
2021-06-16,450.0,113,47
2021-06-18,593.0,113,45
2021-06-21,588.0,113,48
2021-07-08,246.0,113,49
2021-05-12,5.98,114,111
2021-06-16,10.7,114,112
2021-06-21,25.0,114,109
2021-07-08,5.59,114,110
2021-07-13,7.19,114,113
2021-05-09,3.27,116,211
2021-06-08,2.63,116,210
2021-06-18,9.37,116,212
2021-05-12,1520.0,113,106
2021-06-16,958.0,113,105
2021-06-21,1820.0,113,107
2021-05-09,5.66,119,155
2021-05-12,5.23,119,154
2021-06-08,4.5,119,156
2021-06-06,0.43,121,61
2021-06-16,0.46,121,63
2021-06-18,0.49,121,62
2021-06-21,0.45,121,64
2021-07-16,0.4,121,66
2021-07-26,0.5,121,65
2021-05-09,7.86,115,103
2021-06-18,37.3,115,101
2021-07-08,6.5,115,102
2021-07-13,4.33,115,104
2021-07-28,4.77,115,105
2021-05-12,2.06,119,171
2021-06-09,1.09,119,172
2021-06-14,0.91,119,170
2021-06-16,0.99,119,169
2021-06-19,1.17,119,167
2021-06-21,1.26,119,168
2021-06-19,20.2,109,89
2021-05-12,2.86,117,141
2021-06-18,5.29,117,143
2021-06-21,3.45,117,142
2021-05-09,364.0,113,54
2021-05-12,58.0,110,193
2021-06-09,35.9,110,190
2021-06-14,29.8,110,189
2021-06-16,40.6,110,191
2021-06-18,892.0,113,56
2021-06-19,58.8,110,188
2021-06-21,71.7,110,192
2021-07-08,367.0,113,55
2021-07-28,309.0,113,53
2021-05-09,2.41,114,169
2021-06-16,3.86,114,170
2021-06-18,4.13,114,167
2021-07-08,5.21,114,168
2021-06-09,0.68,111,75
2021-06-17,0.74,111,76
2021-06-19,0.79,111,73
2021-07-24,0.52,111,77
2021-07-27,0.5,111,74
2021-05-12,37.0,109,98
2021-06-19,42.4,109,97
2021-05-09,1.7,115,141
2021-06-08,1.17,115,143
2021-06-18,6.65,115,140
2021-07-08,1.48,115,142
2021-06-09,1.97,109,245
2021-06-19,3.19,109,246
2021-06-07,8.7,112,74
2021-06-14,7.64,112,72
2021-06-17,7.48,112,73
2021-07-14,7.0,112,75
2021-06-07,0.97,112,58
2021-06-09,0.86,112,60
2021-06-17,0.81,112,59
2021-07-24,0.78,112,61
2021-06-18,51.3,115,10
2021-07-08,9.01,115,9
2021-06-19,2.27,111,71
2021-07-27,1.68,111,70
2021-05-12,1.73,111,23
2021-06-09,1.38,111,21
2021-06-14,1.18,111,19
2021-06-16,1.58,111,22
2021-06-19,2.28,111,18
2021-06-21,2.02,111,20
2021-05-09,0.79,114,199
2021-06-16,1.06,114,198
2021-07-08,39.7,117,1
2021-05-13,8.43,111,90
2021-06-09,11.3,111,89
2021-06-14,0.58,110,68
2021-06-17,0.61,110,67
2021-06-19,0.76,110,66
2021-05-09,35.0,115,82
2021-06-18,145.0,115,78
2021-07-08,50.0,115,79
2021-07-13,15.5,115,80
2021-07-28,14.4,115,81
2021-06-09,5.34,109,148
2021-06-19,5.75,109,149
2021-07-24,4.86,109,150
2021-05-12,7.6,118,218
2021-06-16,6.13,118,217
2021-06-18,6.86,118,215
2021-06-21,5.93,118,216
2021-07-06,12.9,118,219
2021-05-09,26.0,116,239
2021-05-11,22.1,116,236
2021-07-08,13.8,116,238
2021-07-13,10.9,116,237
2021-07-15,11.1,116,240
2021-05-12,0.99,111,55
2021-06-09,0.77,111,57
2021-06-14,0.72,111,59
2021-06-16,1.41,111,58
2021-06-19,1.66,111,54
2021-06-21,1.19,111,56
2021-05-13,2.71,112,93
2021-06-07,2.64,112,96
2021-06-09,2.49,112,98
2021-06-14,2.35,112,97
2021-06-17,2.47,112,95
2021-07-14,2.28,112,94
2021-05-12,12.9,120,95
2021-06-14,13.9,120,94
2021-06-16,15.1,120,96
2021-06-19,11.7,120,97
2021-06-21,14.5,120,98
2021-06-29,12.2,120,99
2021-05-09,2.66,115,66
2021-05-11,1.83,115,65
2021-05-26,2.18,115,70
2021-06-18,12.0,115,69
2021-07-08,6.5,115,64
2021-07-13,1.26,115,67
2021-07-30,1.46,115,68
2021-05-09,0.76,110,162
2021-05-12,0.8,110,161
2021-06-18,1.59,110,159
2021-06-21,0.88,110,160
2021-05-13,0.5,112,137
2021-06-07,0.43,112,133
2021-06-09,0.39,112,138
2021-06-14,0.39,112,135
2021-06-17,0.36,112,134
2021-07-14,0.31,112,136
2021-05-09,8.8,116,77
2021-05-10,1.86,120,238
2021-05-11,7.67,116,73
2021-05-12,1.74,120,237
2021-06-18,34.7,116,78
2021-06-19,1.27,120,234
2021-06-21,1.06,120,235
2021-06-29,1.02,120,233
2021-07-01,1.07,120,236
2021-07-08,20.2,116,75
2021-07-13,5.29,116,76
2021-07-14,1.05,120,232
2021-07-25,2.33,116,74
2021-07-28,3.31,116,79
2021-05-04,9.01,121,95
2021-05-11,3.44,121,91
2021-05-26,2.07,121,93
2021-06-16,38.2,114,181
2021-06-18,41.4,114,183
2021-07-08,50.0,114,182
2021-07-08,5.65,121,92
2021-07-28,1.14,121,94
2021-05-09,13.2,116,28
2021-05-11,10.1,116,21
2021-05-26,5.74,116,25
2021-06-08,6.04,116,27
2021-07-08,10.1,116,23
2021-07-13,5.83,116,26
2021-07-25,3.43,116,24
2021-07-28,2.93,116,22
2021-05-09,4.57,119,160
2021-05-12,4.68,119,161
2021-06-16,7.43,119,159
2021-06-18,9.82,119,157
2021-06-21,11.9,119,158
2021-05-12,7.07,118,201
2021-06-16,6.94,118,200
2021-06-18,7.32,118,199
2021-06-21,6.82,118,198
2021-07-06,9.06,118,202
2021-06-21,7.52,109,79
2021-05-11,163.0,118,228
2021-05-26,105.0,118,229
2021-07-10,36.7,118,226
2021-07-15,32.5,118,225
2021-07-30,31.2,118,227
2021-05-09,4.44,117,10
2021-05-11,4.01,117,7
2021-06-18,4.59,117,8
2021-07-08,2.64,117,9
2021-07-13,1.97,117,11
2021-07-15,1.92,117,12
2021-05-12,1.25,114,141
2021-06-18,5.91,114,140
2021-06-21,5.2,114,143
2021-07-08,1.26,114,139
2021-07-13,2.03,114,142
2021-05-06,216.0,118,249
2021-05-09,210.0,118,246
2021-05-11,207.0,118,247
2021-06-18,170.0,118,244
2021-07-08,133.0,118,245
2021-07-15,103.0,118,248
2021-05-12,1.08,109,127
2021-06-09,0.87,109,129
2021-06-19,1.8,109,126
2021-07-24,0.9,109,128
2021-06-07,48.7,111,149
2021-06-14,46.9,111,151
2021-06-17,48.5,111,150
2021-06-19,51.0,111,148
2021-06-09,4.29,109,183
2021-06-19,6.43,109,184
2021-06-21,150.0,109,1
2021-07-24,2.78,109,185
2021-05-12,6.98,118,85
2021-06-06,3.53,118,89
2021-06-16,3.15,118,83
2021-06-18,2.78,118,84
2021-06-21,2.94,118,88
2021-07-13,2.95,118,87
2021-07-16,1.79,118,86
2021-05-10,0.65,112,223
2021-06-04,0.54,112,225
2021-06-14,0.38,112,222
2021-06-19,0.5,112,224
2021-06-21,12.6,110,228
2021-06-18,0.96,118,36
2021-07-13,0.54,118,37
2021-07-28,0.58,118,38
2021-06-07,0.52,112,36
2021-06-17,0.41,112,35
2021-05-10,5.16,120,38
2021-05-12,5.08,120,36
2021-06-14,4.49,120,35
2021-06-16,4.7,120,33
2021-06-19,4.78,120,40
2021-06-21,4.65,120,39
2021-06-29,4.12,120,37
2021-07-01,4.02,120,34
2021-07-14,4.19,120,32
2021-07-08,7.62,116,186
2021-05-12,1.07,111,53
2021-06-19,1.01,111,52
2021-05-09,0.25,113,204
2021-05-12,0.36,113,205
2021-06-03,0.16,113,207
2021-06-18,1.82,113,206
2021-06-21,0.84,113,203
2021-07-06,0.39,113,208
2021-05-12,2.37,119,131
2021-06-14,1.67,119,130
2021-06-16,3.93,119,132
2021-06-19,4.15,119,128
2021-06-21,2.96,119,129
2021-05-12,1.4,120,172
2021-06-06,1.65,120,174
2021-06-11,1.61,120,178
2021-06-14,1.58,120,171
2021-06-16,1.73,120,176
2021-06-19,1.76,120,177
2021-06-21,1.75,120,173
2021-06-29,1.72,120,175
2021-07-14,1.94,120,179
2021-05-13,0.56,112,70
2021-06-07,0.4,112,68
2021-06-14,0.28,112,67
2021-06-17,0.25,112,66
2021-07-14,0.23,112,71
2021-07-27,0.26,112,69
2021-06-19,5.07,109,105
2021-06-19,8.79,109,66
2021-05-09,1.93,117,92
2021-05-12,1.92,117,90
2021-06-18,4.68,117,91
2021-06-21,2.94,117,89
2021-07-08,1.74,117,93
2021-05-09,57.5,115,162
2021-05-11,55.3,115,161
2021-05-26,52.5,115,163
2021-07-08,68.0,115,159
2021-07-13,56.3,115,160
2021-06-09,3.9,110,97
2021-06-17,11.2,110,95
2021-06-19,8.9,110,96
2021-05-09,204.0,115,194
2021-05-11,165.0,115,196
2021-05-26,109.0,115,193
2021-06-08,78.5,115,195
2021-06-18,188.0,115,197
2021-07-08,153.0,115,191
2021-07-13,108.0,115,190
2021-07-25,89.1,115,192
2021-07-30,66.5,115,198
2021-05-13,6.59,112,176
2021-06-07,6.92,112,175
2021-06-09,5.95,112,179
2021-06-14,5.38,112,177
2021-06-17,5.24,112,174
2021-07-14,4.74,112,178
2021-05-12,1.57,110,164
2021-06-21,2.77,110,163
2021-05-10,3.12,120,28
2021-05-12,3.14,120,27
2021-06-14,2.84,120,29
2021-06-16,2.99,120,30
2021-06-19,3.01,120,31
2021-06-21,2.9,120,24
2021-06-29,2.4,120,23
2021-07-01,2.38,120,26
2021-07-14,2.67,120,25
2021-05-12,1.58,119,202
2021-06-14,0.76,119,205
2021-06-16,0.92,119,201
2021-06-19,1.19,119,204
2021-06-21,1.48,119,203
2021-05-12,2.29,120,108
2021-06-06,2.21,120,105
2021-06-11,2.18,120,111
2021-06-14,2.01,120,109
2021-06-16,1.92,120,107
2021-06-19,1.92,120,110
2021-06-29,1.79,120,106
2021-06-19,4.23,109,147
2021-05-06,38.5,117,0
2021-05-09,37.8,116,248
2021-05-11,37.4,116,246
2021-07-08,26.4,116,245
2021-07-15,22.6,116,249
2021-07-18,22.3,116,247
2021-05-12,5.26,119,118
2021-06-16,2.5,119,117
2021-06-18,3.0,119,116
2021-06-21,2.65,119,115
2021-06-09,0.24,110,5
2021-06-19,0.18,110,6
2021-07-27,0.37,110,7
2021-05-12,0.66,114,136
2021-06-16,1.26,114,135
2021-06-21,2.43,114,138
2021-07-08,0.54,114,134
2021-07-13,0.44,114,137
2021-05-09,3.18,117,36
2021-05-11,3.17,117,33
2021-06-15,2.63,117,34
2021-06-18,3.86,117,38
2021-07-08,3.14,117,37
2021-07-15,2.83,117,35
2021-05-09,1.33,114,202
2021-05-09,2.9,114,206
2021-06-16,1.1,114,203
2021-06-18,1.96,114,200
2021-06-18,5.5,114,204
2021-07-08,1.5,114,201
2021-07-08,1.31,114,205
2021-05-09,46.0,115,87
2021-06-18,165.0,115,85
2021-07-08,52.9,115,83
2021-07-13,20.6,115,86
2021-07-28,21.4,115,84
2021-05-09,3.1,113,189
2021-06-03,2.02,113,188
2021-06-18,3.3,113,187
2021-06-21,4.34,113,190
2021-07-06,2.84,113,191
2021-05-12,2.27,110,242
2021-06-16,2.54,110,244
2021-06-21,4.73,110,243
2021-06-21,43.4,109,50
2021-06-09,2.46,109,166
2021-06-14,2.25,109,168
2021-06-19,2.83,109,167
2021-06-09,3.99,109,230
2021-06-21,6.32,109,231
2021-06-07,3.93,112,27
2021-06-14,3.46,112,28
2021-06-17,3.18,112,25
2021-06-19,3.19,112,26
2021-05-12,11.1,119,88
2021-06-18,13.0,119,87
2021-06-21,17.0,119,86
2021-07-06,8.84,119,90
2021-07-11,9.39,119,89
2021-05-09,1.34,114,24
2021-06-03,2.57,114,23
2021-06-18,2.5,114,21
2021-06-21,4.16,114,22
2021-07-06,2.0,114,26
2021-07-13,1.23,114,25
2021-06-09,2.03,110,65
2021-06-14,2.24,110,64
2021-06-17,2.75,110,63
2021-06-19,2.84,110,62
2021-05-09,34.2,119,138
2021-05-12,30.7,119,137
2021-06-08,11.4,119,135
2021-06-16,10.3,119,136
2021-06-18,17.5,119,133
2021-06-21,24.5,119,134
2021-05-12,13.0,120,229
2021-06-09,10.2,110,101
2021-06-09,11.2,120,231
2021-06-11,10.5,120,230
2021-06-14,8.89,110,104
2021-06-17,10.1,110,103
2021-06-19,15.1,110,105
2021-06-19,9.84,120,224
2021-06-21,9.2,120,225
2021-06-29,8.39,120,228
2021-07-01,8.32,120,227
2021-07-14,12.3,120,226
2021-07-24,8.31,110,102
2021-05-13,3.83,112,153
2021-06-07,3.49,112,150
2021-06-09,3.39,112,151
2021-06-14,3.07,112,152
2021-06-17,3.09,112,149
2021-05-09,1.0,114,220
2021-06-16,1.73,114,219
2021-07-08,3.95,114,221
2021-05-12,0.99,111,114
2021-06-09,0.73,111,116
2021-06-14,0.6,111,118
2021-06-16,0.64,111,113
2021-06-19,0.67,111,117
2021-06-21,0.71,111,115
2021-06-29,0.58,111,119
2021-05-09,17.5,118,224
2021-05-12,12.9,118,223
2021-06-16,7.48,118,222
2021-06-18,9.32,118,220
2021-06-21,9.1,118,221
2021-06-09,149.0,109,6
2021-06-14,147.0,109,8
2021-06-19,263.0,109,7
2021-07-24,295.0,109,9
2021-05-06,32.5,119,44
2021-05-09,22.6,119,42
2021-05-11,19.3,119,40
2021-06-18,16.7,119,38
2021-07-08,13.6,119,39
2021-07-15,8.85,119,43
2021-07-18,8.47,119,41
2021-05-12,1.71,118,109
2021-06-16,1.71,118,106
2021-06-18,1.71,118,108
2021-06-21,1.68,118,107
2021-07-06,1.94,118,104
2021-07-13,2.06,118,105
2021-05-12,240.0,119,12
2021-06-16,198.0,119,9
2021-06-18,204.0,119,13
2021-06-21,208.0,119,14
2021-07-06,176.0,119,11
2021-07-11,182.0,119,10
2021-05-09,4.51,116,224
2021-05-11,4.07,116,219
2021-06-18,4.2,116,223
2021-07-08,3.32,116,220
2021-07-13,3.21,116,221
2021-07-15,3.01,116,222
2021-05-09,4.07,116,174
2021-05-12,3.62,115,36
2021-05-12,2.71,116,171
2021-06-08,2.19,116,173
2021-06-18,4.38,115,38
2021-06-18,20.1,116,172
2021-06-21,3.81,115,37
2021-06-21,7.2,116,170
2021-07-06,3.58,116,175
2021-07-08,3.32,115,40
2021-07-13,2.99,115,39
2021-05-12,9.96,121,45
2021-06-18,7.98,121,44
2021-06-21,7.3,121,43
2021-07-13,16.0,121,46
2021-05-09,65.9,115,94
2021-07-08,58.6,115,95
2021-07-28,29.7,115,93
2021-06-14,2.02,111,247
2021-06-17,2.14,111,248
2021-06-19,2.05,111,246
2021-06-07,93.8,110,218
2021-06-17,79.2,110,219
2021-06-19,84.4,110,217
2021-06-19,1.13,109,87
2021-06-07,0.92,111,111
2021-06-14,1.28,111,112
2021-06-17,1.11,111,110
2021-06-19,1.18,111,109
2021-05-09,1.62,117,94
2021-06-18,2.96,117,96
2021-07-08,0.86,117,95
2021-05-12,2.32,118,177
2021-06-16,2.22,118,178
2021-06-18,2.27,118,174
2021-06-21,2.12,118,175
2021-07-06,2.51,118,176
2021-05-09,0.56,113,156
2021-07-13,0.48,113,155
2021-05-13,2.19,112,169
2021-06-02,1.66,112,173
2021-06-07,1.56,112,168
2021-06-09,1.42,112,172
2021-06-14,1.25,112,170
2021-06-17,1.14,112,167
2021-06-29,1.17,112,166
2021-07-14,0.68,112,171
2021-05-12,4.31,111,42
2021-06-19,6.61,111,41
2021-06-21,5.15,111,40
2021-06-09,3.28,110,89
2021-06-09,0.8,110,106
2021-06-14,3.42,110,90
2021-06-14,0.84,110,108
2021-06-17,5.68,110,91
2021-06-19,5.95,110,88
2021-06-19,1.62,110,107
2021-06-21,0.4,113,162
2021-07-06,0.42,113,163
2021-05-06,1.49,117,73
2021-05-09,1.25,117,74
2021-05-11,1.12,117,72
2021-06-10,0.82,117,70
2021-06-15,1.89,117,71
2021-06-20,2.29,117,76
2021-07-08,0.97,117,75
2021-07-15,0.62,117,78
2021-07-25,0.63,117,77
2021-05-12,2.91,115,12
2021-06-18,4.88,115,13
2021-06-21,3.51,115,11
2021-05-09,0.89,115,60
2021-05-12,0.83,115,58
2021-06-18,2.59,115,59
2021-06-21,1.13,115,57
2021-07-08,0.57,115,56
2021-05-09,1730.0,113,94
2021-05-12,1420.0,113,93
2021-06-16,900.0,113,92
2021-06-18,1090.0,113,90
2021-06-21,1870.0,113,91
2021-05-12,2.97,115,28
2021-06-18,15.2,115,30
2021-06-21,6.46,115,29
2021-06-17,0.77,112,17
2021-06-09,2.86,111,72
2021-06-19,2.11,109,159
2021-06-14,0.99,120,83
2021-05-12,6.89,110,168
2021-06-21,10.9,110,167
2021-05-12,1.63,114,106
2021-05-12,3.06,114,131
2021-06-16,4.74,114,103
2021-06-16,4.7,114,133
2021-06-18,10.9,114,108
2021-06-21,10.5,114,104
2021-06-21,13.7,114,129
2021-07-08,2.1,114,105
2021-07-08,2.85,114,130
2021-07-13,2.34,114,107
2021-07-13,4.48,114,132
2021-06-18,29.0,114,234
2021-07-08,21.1,114,235
2021-06-18,34.7,114,237
2021-07-08,25.4,114,236
2021-05-12,1.57,118,191
2021-06-16,1.08,118,190
2021-06-18,1.12,118,192
2021-06-21,0.95,118,189
2021-06-07,1.43,112,1
2021-06-17,1.3,112,2
2021-06-07,2.45,111,207
2021-06-14,2.45,111,209
2021-06-17,2.35,111,208
2021-06-19,2.45,111,206
2021-06-21,2.35,113,214
2021-05-12,2.71,109,177
2021-06-09,1.38,109,175
2021-06-19,1.58,109,176
2021-07-24,0.22,109,178
2021-05-09,12.5,117,181
2021-05-11,10.9,117,178
2021-06-18,7.12,117,176
2021-07-08,9.16,117,179
2021-07-15,6.26,117,182
2021-07-18,6.64,117,177
2021-07-25,6.26,117,180
2021-05-09,7.03,117,238
2021-05-11,5.72,117,237
2021-06-18,2.84,117,234
2021-07-08,4.24,117,236
2021-07-18,3.36,117,239
2021-07-25,2.53,117,235
2021-06-21,0.69,109,58
2021-05-12,2.07,110,232
2021-06-14,1.62,110,229
2021-06-19,3.07,110,230
2021-06-21,2.67,110,231
2021-06-16,3.87,114,227
2021-06-18,4.7,114,225
2021-07-08,2.02,114,226
2021-05-11,8.73,116,225
2021-06-18,7.27,116,226
2021-07-08,6.77,116,227
2021-07-13,5.83,116,228
2021-07-15,6.24,116,229
2021-05-12,1.02,109,119
2021-06-09,0.71,109,118
2021-06-19,1.45,109,121
2021-07-24,0.71,109,120
2021-05-11,19.6,116,33
2021-05-26,7.9,116,34
2021-06-18,16.7,116,32
2021-07-08,6.87,116,30
2021-07-13,5.27,116,31
2021-07-28,4.09,116,29
2021-06-09,209.0,109,30
2021-06-14,200.0,109,28
2021-06-17,215.0,109,29
2021-06-19,284.0,109,32
2021-07-24,458.0,109,31
2021-07-08,1.83,116,198
2021-05-09,321.0,115,211
2021-05-11,250.0,115,210
2021-06-15,135.0,115,209
2021-07-08,236.0,115,208
2021-07-13,162.0,115,207
2021-07-15,148.0,115,213
2021-07-25,131.0,115,212
2021-05-09,6.25,113,228
2021-06-03,5.86,113,227
2021-06-18,9.87,113,230
2021-07-13,6.06,113,229
2021-05-12,0.88,111,125
2021-06-09,0.71,111,123
2021-06-14,0.71,111,121
2021-06-16,0.78,111,122
2021-06-19,0.78,111,124
2021-06-21,0.72,111,120
2021-06-29,0.61,111,126
2021-06-09,191.0,109,20
2021-06-17,234.0,109,21
2021-06-19,300.0,109,19
2021-07-24,401.0,109,22
2021-07-27,301.0,109,18
2021-05-12,90.7,110,206
2021-06-09,61.9,110,205
2021-06-19,79.8,110,203
2021-06-21,87.5,110,204
2021-06-14,68.2,111,154
2021-06-17,69.9,111,153
2021-06-19,73.2,111,152
2021-05-12,4.56,119,81
2021-06-16,2.88,119,80
2021-06-18,3.76,119,78
2021-06-21,3.06,119,79
2021-07-06,1.9,119,83
2021-07-11,1.94,119,82
2021-05-09,36.3,117,125
2021-05-12,35.0,117,124
2021-06-08,27.9,117,122
2021-06-18,56.4,117,123
2021-06-21,56.1,117,126
2021-05-10,16.2,119,245
2021-05-12,16.0,119,242
2021-06-06,14.2,119,244
2021-06-11,14.1,119,248
2021-06-14,13.9,119,238
2021-06-16,14.5,119,246
2021-06-19,14.9,119,247
2021-06-21,14.8,119,239
2021-06-29,12.3,119,240
2021-07-01,11.6,119,243
2021-07-14,15.4,119,241
2021-05-12,1.64,120,204
2021-05-20,2.6,120,209
2021-05-30,1.88,120,206
2021-06-09,1.1,120,202
2021-06-11,0.95,120,205
2021-06-14,0.75,120,208
2021-06-19,1.0,120,200
2021-06-21,0.83,120,201
2021-06-29,0.67,120,203
2021-07-01,0.76,120,199
2021-07-14,0.79,120,198
2021-07-16,0.66,120,207
2021-06-09,6.85,110,100
2021-06-17,11.0,110,98
2021-06-19,15.0,110,99
2021-06-16,95.6,117,214
2021-06-18,101.0,117,216
2021-06-21,98.4,117,217
2021-07-06,102.0,117,213
2021-07-11,106.0,117,215
2021-07-13,101.0,117,212
2021-06-09,44.5,110,60
2021-06-14,43.7,110,61
2021-06-17,51.2,110,58
2021-06-19,53.8,110,57
2021-07-24,42.7,110,59
2021-05-09,0.66,116,104
2021-05-11,0.53,116,102
2021-06-18,2.52,116,105
2021-07-08,1.14,116,103
2021-05-09,4.4,118,14
2021-05-11,2.75,118,9
2021-06-18,1.54,118,8
2021-06-20,1.44,118,12
2021-07-13,1.22,118,10
2021-07-25,1.21,118,11
2021-07-28,1.36,118,13
2021-05-09,70.4,114,190
2021-05-09,3.14,114,244
2021-05-09,0.94,114,248
2021-06-18,107.0,114,187
2021-06-18,13.5,114,243
2021-06-18,5.54,114,245
2021-07-08,94.7,114,188
2021-07-08,2.95,114,241
2021-07-08,0.62,114,246
2021-07-13,99.4,114,189
2021-07-13,1.87,114,242
2021-07-13,0.39,114,247
2021-05-09,6.83,114,173
2021-06-16,13.1,114,174
2021-06-18,17.8,114,172
2021-07-08,12.1,114,171
2021-05-09,11.2,114,177
2021-06-18,24.8,114,175
2021-07-08,18.8,114,176
2021-05-12,34.9,109,93
2021-06-09,31.8,109,94
2021-06-19,35.9,109,95
2021-07-24,53.4,109,96
2021-05-13,115.0,110,212
2021-06-09,78.6,110,211
2021-06-19,80.4,110,213
2021-06-09,0.34,111,106
2021-06-14,0.4,111,108
2021-06-19,0.5,111,107
2021-05-13,0.2,112,140
2021-05-12,0.66,109,229
2021-05-12,0.36,109,239
2021-06-09,0.54,109,226
2021-06-09,0.21,109,236
2021-06-19,0.82,109,228
2021-06-19,0.56,109,238
2021-06-21,0.65,109,227
2021-06-21,0.46,109,237
2021-05-09,4.41,117,156
2021-05-12,4.06,117,155
2021-06-08,3.72,117,153
2021-06-16,8.24,117,157
2021-06-18,15.2,117,152
2021-06-21,8.74,117,154
2021-05-12,0.35,114,94
2021-06-16,0.36,114,95
2021-06-18,0.35,114,91
2021-06-21,0.35,114,92
2021-07-13,0.35,114,93
2021-06-07,0.26,111,200
2021-06-17,0.24,111,201
2021-07-27,0.3,111,199
2021-06-02,1.94,112,6
2021-06-07,1.86,112,5
2021-06-17,1.95,112,4
2021-05-06,8.15,119,32
2021-05-11,6.22,119,28
2021-06-18,4.97,119,27
2021-07-08,2.46,119,30
2021-07-15,1.6,119,31
2021-07-18,1.39,119,29
2021-05-09,68.9,115,166
2021-05-11,64.8,115,164
2021-07-08,96.8,115,165
2021-07-13,64.8,115,167
2021-05-12,3.21,120,249
2021-06-16,3.17,121,0
2021-06-21,3.14,120,247
2021-07-01,3.14,120,248
2021-07-06,87.3,109,0
2021-06-09,2.26,109,135
2021-06-19,3.82,109,133
2021-07-24,4.29,109,134
2021-05-12,1.23,111,60
2021-06-09,0.77,111,63
2021-06-19,1.43,111,61
2021-06-21,1.2,111,62
2021-05-12,3.16,117,149
2021-06-08,2.47,117,151
2021-06-18,11.3,117,150
2021-05-09,1.14,117,16
2021-05-11,1.09,117,13
2021-07-08,0.94,117,14
2021-07-13,0.77,117,15
2021-07-15,0.77,117,17
2021-06-09,9.11,109,234
2021-06-14,7.39,109,235
2021-06-17,8.64,109,233
2021-07-27,7.93,109,232
2021-05-12,2.73,114,47
2021-06-16,7.74,114,46
2021-06-18,9.83,114,45
2021-06-21,8.27,114,43
2021-07-08,3.02,114,42
2021-07-13,4.09,114,44
2021-06-18,12.0,118,130
2021-06-18,26.4,118,53
2021-07-13,10.4,118,129
2021-07-13,25.2,118,52
2021-07-28,8.85,118,128
2021-07-28,16.7,118,51
2021-05-12,166.0,117,221
2021-06-16,108.0,117,220
2021-06-18,111.0,117,218
2021-06-21,109.0,117,219
2021-07-06,121.0,117,222
2021-06-09,3.52,110,143
2021-06-17,5.48,110,146
2021-06-19,5.54,110,144
2021-07-24,4.37,110,145
2021-05-09,15.9,116,139
2021-05-11,12.2,116,135
2021-06-08,7.25,116,136
2021-07-08,7.58,116,138
2021-07-25,6.19,116,137
2021-07-28,5.37,116,134
2021-07-30,4.92,116,140
2021-05-09,14.9,114,4
2021-06-03,45.2,114,2
2021-06-18,58.8,114,0
2021-06-21,75.5,114,1
2021-07-06,42.6,114,3
2021-07-13,9.43,114,5
2021-05-12,2.39,119,207
2021-06-09,0.94,119,210
2021-06-14,0.9,119,209
2021-06-16,0.94,119,206
2021-06-19,0.9,119,211
2021-06-21,0.9,119,208
2021-05-09,1.05,117,99
2021-06-18,3.0,117,98
2021-07-08,0.64,117,97
2021-05-12,4.96,111,128
2021-06-09,3.76,111,130
2021-06-14,3.67,111,129
2021-06-16,3.83,111,127
2021-06-19,3.81,111,131
2021-06-21,3.71,111,132
2021-05-06,3.87,117,61
2021-05-09,3.06,117,59
2021-05-11,2.75,117,58
2021-06-18,2.58,117,57
2021-07-08,1.82,117,56
2021-07-15,1.19,117,60
2021-07-18,1.19,117,55
2021-05-12,9.92,119,182
2021-06-09,5.14,119,187
2021-06-14,4.32,119,184
2021-06-16,4.69,119,181
2021-06-19,6.14,119,183
2021-06-21,6.33,119,185
2021-06-29,4.38,119,186
2021-05-10,1.24,120,190
2021-05-12,1.41,120,192
2021-06-11,0.94,120,196
2021-06-14,0.91,120,191
2021-06-19,1.0,120,187
2021-06-21,0.96,120,194
2021-06-29,0.77,120,189
2021-07-01,0.9,120,188
2021-07-06,3.43,120,195
2021-07-14,0.86,120,193
2021-07-16,0.9,120,197
2021-05-06,8.93,119,50
2021-05-09,6.54,119,48
2021-05-11,5.58,119,46
2021-06-18,6.66,119,45
2021-07-08,3.94,119,47
2021-07-15,2.4,119,49
2021-07-18,2.67,119,51
2021-05-09,2.69,114,19
2021-06-18,15.1,114,18
2021-07-13,4.16,114,20
2021-05-12,2.2,121,13
2021-06-11,1.18,121,12
2021-06-21,0.84,121,10
2021-07-01,0.86,121,11
2021-07-16,1.09,121,14
2021-05-09,3.55,117,167
2021-05-12,3.03,117,163
2021-06-16,6.71,117,166
2021-06-18,9.26,117,164
2021-06-21,8.17,117,165
2021-07-08,4.32,117,168
2021-07-11,3.37,117,169
2021-06-09,5.87,109,198
2021-06-14,5.62,109,201
2021-06-17,10.1,109,199
2021-06-19,11.2,109,200
2021-06-16,81.0,117,208
2021-06-18,82.9,117,206
2021-06-21,79.2,117,207
2021-07-06,76.3,117,211
2021-07-11,80.1,117,210
2021-07-13,75.5,117,209
2021-06-09,2.26,110,72
2021-06-14,2.46,110,73
2021-05-13,0.74,112,92
2021-06-07,0.52,112,88
2021-06-09,0.43,112,90
2021-06-14,0.35,112,91
2021-06-17,0.34,112,89
2021-06-09,20.7,110,36
2021-06-14,24.4,110,35
2021-06-17,18.4,110,34
2021-06-19,23.4,110,37
2021-05-13,28.2,111,190
2021-06-07,26.5,111,189
2021-06-14,24.7,111,188
2021-07-27,21.5,111,191
2021-05-12,20.3,115,19
2021-06-18,39.1,115,17
2021-06-21,38.8,115,18
2021-07-08,20.3,115,21
2021-07-13,16.5,115,20
2021-05-12,14.6,118,146
2021-06-16,10.9,118,147
2021-06-18,11.4,118,145
2021-06-21,11.3,118,144
2021-07-06,18.7,118,149
2021-07-13,22.0,118,148
2021-05-12,9.84,111,44
2021-06-09,8.09,111,46
2021-06-14,7.05,111,47
2021-06-19,12.6,111,43
2021-06-21,11.8,111,45
2021-05-09,0.74,113,185
2021-06-03,0.51,113,184
2021-06-18,2.55,113,182
2021-06-21,1.28,113,183
2021-05-09,19.0,117,186
2021-05-11,17.4,117,185
2021-06-18,9.09,117,183
2021-07-08,11.3,117,184
2021-07-18,8.84,117,187
2021-05-12,11.4,110,241
2021-06-14,9.06,110,238
2021-06-16,11.7,110,240
2021-06-19,15.6,110,239
2021-06-21,14.6,110,237
2021-06-09,0.85,110,78
2021-06-14,0.91,110,79
2021-06-19,1.04,110,80
2021-06-21,4.81,113,153
2021-07-06,1.57,113,154
2021-05-13,0.88,112,191
2021-06-07,0.83,112,189
2021-06-09,0.75,112,190
2021-06-14,0.72,112,186
2021-06-17,0.7,112,187
2021-07-14,0.63,112,188
2021-05-04,4.03,115,231
2021-05-09,2.33,115,230
2021-05-11,1.9,115,226
2021-05-26,1.44,115,227
2021-06-25,2.77,115,228
2021-07-08,2.64,115,232
2021-07-28,0.55,115,229
2021-05-09,5.16,115,54
2021-06-18,15.7,115,52
2021-07-08,4.17,115,53
2021-07-28,3.49,115,55
2021-06-09,257.0,109,37
2021-06-14,234.0,109,35
2021-06-17,246.0,109,36
2021-06-19,306.0,109,34
2021-07-24,506.0,109,33
2021-05-12,118.0,113,34
2021-06-16,267.0,113,38
2021-06-18,325.0,113,36
2021-06-21,335.0,113,33
2021-07-08,137.0,113,35
2021-07-13,88.8,113,37
2021-05-12,2.85,110,166
2021-06-21,3.61,110,165
2021-05-10,6.33,110,119
2021-06-14,6.1,110,121
2021-06-17,8.71,110,118
2021-06-19,7.34,110,117
2021-07-24,6.9,110,120
2021-05-09,1.06,114,217
2021-06-16,1.53,114,218
2021-06-18,1.71,114,216
2021-05-06,8.49,119,37
2021-05-11,6.24,119,35
2021-06-18,8.29,119,33
2021-07-08,5.62,119,34
2021-07-15,4.2,119,36
2021-05-12,1.25,111,25
2021-06-09,0.23,111,28
2021-06-16,1.32,111,27
2021-06-19,1.3,111,24
2021-06-21,1.26,111,26
2021-06-06,2.22,121,70
2021-06-16,2.34,121,67
2021-06-18,2.28,121,68
2021-06-21,2.28,121,72
2021-07-16,2.07,121,69
2021-07-26,1.89,121,71
2021-06-09,74.7,110,210
2021-05-12,9.01,121,19
2021-06-06,7.95,121,20
2021-06-11,6.5,121,15
2021-06-18,6.32,121,18
2021-06-21,5.94,121,17
2021-07-01,4.82,121,16
2021-07-06,35.1,121,22
2021-07-13,7.08,121,23
2021-07-16,5.82,121,21
2021-05-12,7.61,118,117
2021-06-16,9.82,118,119
2021-06-18,9.81,118,115
2021-06-21,8.01,118,116
2021-07-13,8.75,118,118
2021-05-12,16.9,114,126
2021-06-16,68.0,114,123
2021-06-18,69.7,114,124
2021-06-21,68.9,114,125
2021-07-08,16.5,114,127
2021-07-13,13.6,114,128
2021-06-19,3.87,109,72
2021-05-12,2.78,120,169
2021-05-12,4.43,120,165
2021-06-14,1.96,120,166
2021-06-29,2.17,120,170
2021-06-29,1.68,120,167
2021-07-14,0.93,120,168
2021-07-14,1.89,120,164
2021-05-13,5.92,111,86
2021-06-07,4.28,111,84
2021-06-09,4.2,111,85
2021-06-14,3.98,111,87
2021-06-19,4.08,111,88
2021-05-12,2.65,121,39
2021-06-06,2.38,121,42
2021-06-18,2.53,121,37
2021-06-21,3.13,121,38
2021-07-13,6.4,121,40
2021-07-16,5.83,121,41
2021-05-12,11.8,118,121
2021-06-06,9.04,118,127
2021-06-16,11.2,118,122
2021-06-18,11.7,118,124
2021-06-21,10.2,118,123
2021-07-13,9.93,118,125
2021-07-16,9.33,118,120
2021-07-28,8.97,118,126
2021-06-21,3.92,113,186
2021-05-12,15.8,117,112
2021-06-18,28.2,117,113
2021-06-21,27.1,117,111
2021-05-09,103.0,115,182
2021-05-11,90.5,115,174
2021-05-26,75.4,115,178
2021-06-08,47.9,115,180
2021-07-08,119.0,115,176
2021-07-13,82.3,115,179
2021-07-25,57.8,115,177
2021-07-28,46.7,115,175
2021-07-30,44.3,115,181
2021-06-09,0.49,110,157
2021-06-17,0.6,110,158
2021-06-19,0.8,110,156
2021-06-09,15.0,110,130
2021-06-14,16.4,110,132
2021-06-17,17.7,110,133
2021-06-19,18.4,110,131
2021-07-24,17.9,110,134
2021-06-21,1.74,113,164
2021-07-06,1.31,113,165
2021-05-12,19.3,118,152
2021-06-16,14.9,118,150
2021-06-18,15.2,118,154
2021-06-21,14.7,118,153
2021-07-06,22.1,118,155
2021-07-13,23.8,118,151
2021-05-09,2.41,117,31
2021-05-11,2.15,117,28
2021-06-18,1.51,117,32
2021-07-08,0.95,117,29
2021-07-15,0.67,117,30
2021-05-09,2.94,116,62
2021-05-11,2.21,116,63
2021-05-26,1.49,116,61
2021-06-18,11.3,116,59
2021-07-08,8.15,116,60
2021-07-13,1.33,116,64
2021-07-30,1.18,116,65
2021-05-09,852.0,113,67
2021-07-08,628.0,113,66
2021-05-09,56.5,115,92
2021-06-18,210.0,115,89
2021-07-08,53.7,115,90
2021-07-13,27.1,115,91
2021-07-28,26.1,115,88
2021-07-06,0.7,109,69
2021-05-12,76.8,110,202
2021-06-09,49.8,110,200
2021-06-19,65.8,110,201
2021-06-21,72.1,110,199
2021-05-09,1.21,114,102
2021-05-12,1.3,114,98
2021-06-16,2.32,114,96
2021-06-18,4.13,114,97
2021-06-21,5.72,114,100
2021-07-08,1.34,114,99
2021-07-13,1.85,114,101
2021-06-09,68.7,109,4
2021-06-19,143.0,109,3
2021-06-21,157.0,109,2
2021-07-06,96.9,109,5
2021-06-19,7.01,109,71
2021-06-06,1.94,118,69
2021-06-16,2.05,118,67
2021-06-18,2.05,118,66
2021-06-21,2.05,118,65
2021-07-13,2.62,118,68
2021-07-16,2.85,118,64
2021-05-09,3.88,113,194
2021-06-03,2.7,113,193
2021-06-18,5.03,113,192
2021-07-06,3.96,113,196
2021-07-13,3.45,113,195
2021-05-09,340.0,115,216
2021-05-11,267.0,115,217
2021-06-15,139.0,115,218
2021-06-18,372.0,115,214
2021-07-08,248.0,115,215
2021-07-15,159.0,115,219
2021-05-12,3.78,114,84
2021-06-16,21.6,114,82
2021-06-18,15.2,114,79
2021-06-21,8.88,114,80
2021-07-08,2.55,114,81
2021-07-13,2.34,114,83
2021-05-04,8.0,113,236
2021-05-09,3.66,113,234
2021-06-16,7.1,113,237
2021-07-28,3.84,113,235
2021-06-06,3.7,118,100
2021-06-16,2.57,118,96
2021-06-18,2.74,118,97
2021-07-13,3.15,118,98
2021-07-28,3.25,118,99
2021-06-07,0.28,111,203
2021-06-14,0.25,111,204
2021-06-17,0.25,111,202
2021-06-19,0.25,111,205
2021-05-12,0.81,115,45
2021-06-18,1.97,115,46
2021-06-21,1.17,115,44
2021-07-08,0.96,115,48
2021-07-11,0.82,115,47
2021-06-07,7.96,112,29
2021-06-17,7.39,112,30
2021-05-10,3.21,110,150
2021-06-14,4.47,110,151
2021-06-17,5.84,110,148
2021-06-19,4.61,110,147
2021-07-24,3.7,110,149
2021-05-10,9.88,119,232
2021-05-12,9.89,119,233
2021-06-14,8.22,119,234
2021-06-16,8.74,119,235
2021-06-19,9.06,119,237
2021-06-21,8.62,119,230
2021-06-29,6.56,119,231
2021-07-01,6.33,119,236
2021-07-14,9.37,119,229
2021-05-09,10.7,117,88
2021-05-12,11.1,117,87
2021-06-18,24.1,117,86
2021-06-21,19.3,117,84
2021-07-11,7.07,117,85
2021-06-21,7.22,110,236
2021-05-12,6.85,120,113
2021-06-14,4.39,120,112
2021-06-16,4.55,120,115
2021-06-19,4.61,120,117
2021-06-21,4.53,120,114
2021-06-29,3.92,120,116
2021-05-09,4.76,115,99
2021-06-18,19.7,115,96
2021-07-08,3.57,115,97
2021-07-13,2.29,115,100
2021-07-28,2.52,115,98
2021-05-06,1.64,119,58
2021-05-09,1.28,119,57
2021-05-11,1.07,119,53
2021-06-18,1.35,119,52
2021-07-08,0.75,119,54
2021-07-15,0.42,119,56
2021-07-18,0.32,119,55
2021-05-11,4.31,119,24
2021-06-18,7.12,119,26
2021-07-08,2.28,119,22
2021-07-13,1.41,119,23
2021-07-15,1.6,119,25
2021-05-09,6.89,116,156
2021-05-11,5.2,116,154
2021-06-15,4.69,116,157
2021-06-18,16.7,116,159
2021-07-08,5.22,116,155
2021-07-15,3.33,116,158
2021-06-21,3.63,109,61
2021-05-09,0.95,114,78
2021-06-03,1.12,114,75
2021-06-18,6.72,114,76
2021-06-21,8.01,114,74
2021-07-13,0.88,114,77
2021-07-06,0.61,109,62
2021-07-06,0.99,109,59
2021-06-21,3.34,109,60
2021-05-11,2.91,116,17
2021-06-18,7.6,116,20
2021-07-08,3.59,116,16
2021-07-28,0.69,116,19
2021-07-30,0.7,116,18
2021-05-13,1.32,111,94
2021-06-07,0.65,111,92
2021-06-09,0.65,111,91
2021-06-14,0.53,111,93
2021-06-09,0.33,109,247
2021-06-14,0.35,109,248
2021-06-19,0.54,109,249
2021-05-12,0.62,120,55
2021-06-09,0.53,120,58
2021-06-14,0.53,120,60
2021-06-16,0.5,120,54
2021-06-19,0.62,120,57
2021-06-21,0.53,120,56
2021-06-29,0.41,120,59
2021-05-12,0.52,116,191
2021-06-08,0.43,116,195
2021-06-18,1.53,116,193
2021-06-21,0.83,116,192
2021-07-06,0.47,116,194
2021-07-08,0.52,116,197
2021-07-11,0.33,116,196
2021-06-09,2.54,109,214
2021-06-14,2.52,109,216
2021-06-17,3.28,109,215
2021-06-19,4.27,109,217
2021-05-09,32.3,116,90
2021-05-11,25.0,116,86
2021-06-18,103.0,116,91
2021-07-08,46.0,116,92
2021-07-13,16.4,116,89
2021-07-25,13.4,116,88
2021-07-28,12.3,116,87
2021-05-09,261.0,115,206
2021-05-11,207.0,115,203
2021-06-08,108.0,115,200
2021-07-08,204.0,115,202
2021-07-13,142.0,115,199
2021-07-25,117.0,115,205
2021-07-28,92.3,115,204
2021-07-30,98.2,115,201
2021-06-09,1.87,109,190
2021-06-14,1.78,109,193
2021-06-17,4.1,109,191
2021-06-19,3.88,109,192
2021-05-12,1.14,111,35
2021-06-09,1.03,111,33
2021-06-19,0.88,111,34
2021-06-21,0.83,111,36
2021-05-10,5.82,119,228
2021-05-12,5.69,119,227
2021-06-16,5.3,119,225
2021-06-19,5.56,119,226
2021-06-21,5.3,119,222
2021-06-29,3.64,119,223
2021-07-01,3.64,119,224
2021-07-14,5.54,119,221
2021-05-09,397.0,113,57
2021-07-08,420.0,113,58
2021-05-12,3.88,119,121
2021-06-16,1.65,119,122
2021-06-18,2.28,119,119
2021-06-21,2.67,119,120
2021-05-12,1.08,119,110
2021-06-16,0.9,119,109
2021-06-21,0.92,119,107
2021-07-01,0.64,119,108
2021-07-06,1.32,119,111
2021-06-14,0.66,120,124
2021-06-19,0.65,120,126
2021-07-14,0.61,120,125
2021-05-09,2.56,116,131
2021-05-11,2.08,116,127
2021-06-18,7.17,116,133
2021-07-08,1.6,116,130
2021-07-13,0.95,116,129
2021-07-25,0.88,116,132
2021-07-28,0.79,116,128
2021-05-12,24.4,121,7
2021-06-11,21.4,121,9
2021-06-18,21.6,121,5
2021-06-21,20.7,121,6
2021-07-01,18.0,121,8
2021-06-07,1.24,112,63
2021-06-09,1.18,112,64
2021-06-14,1.13,112,65
2021-06-17,1.12,112,62
2021-05-06,9.96,117,45
2021-05-09,7.48,117,46
2021-05-11,4.41,117,44
2021-06-18,7.26,117,43
2021-07-08,4.28,117,42
2021-07-15,2.07,117,47
2021-05-09,0.91,116,71
2021-05-11,2.05,116,70
2021-05-26,0.96,116,69
2021-06-18,11.4,116,67
2021-07-08,9.74,116,66
2021-07-13,1.95,116,68
2021-07-30,2.14,116,72
2021-05-10,8.15,110,122
2021-06-17,9.32,110,125
2021-06-19,8.35,110,124
2021-07-24,7.26,110,123
2021-05-12,43.4,110,181
2021-06-14,32.8,110,178
2021-06-16,37.4,110,180
2021-06-19,51.8,110,179
2021-06-21,56.2,110,177
2021-05-12,90.5,113,31
2021-06-16,197.0,113,29
2021-06-18,244.0,113,28
2021-06-21,259.0,113,27
2021-07-08,108.0,113,30
2021-07-13,65.5,113,32
2021-05-10,2.34,119,192
2021-05-12,2.08,119,190
2021-06-14,1.0,119,189
2021-06-16,1.0,119,193
2021-06-19,1.56,119,191
2021-06-21,1.56,119,188
2021-06-29,1.0,119,194
2021-06-07,2.46,112,128
2021-06-09,2.35,112,131
2021-06-14,2.25,112,130
2021-06-17,2.24,112,129
2021-07-14,2.08,112,132
2021-05-09,1.95,114,69
2021-05-12,3.4,114,70
2021-06-03,5.58,114,67
2021-06-16,3.17,114,68
2021-06-18,6.27,114,71
2021-06-21,10.2,114,65
2021-07-08,3.27,114,64
2021-07-13,2.84,114,66
2021-06-21,31.3,112,242
2021-07-06,7.53,112,243
2021-05-12,41.1,109,102
2021-06-09,36.3,109,100
2021-06-19,43.6,109,99
2021-07-24,57.6,109,101
2021-06-07,99.3,110,221
2021-06-09,96.9,110,223
2021-06-17,87.7,110,222
2021-06-19,91.1,110,220
2021-05-09,3.44,113,225
2021-06-03,3.44,113,224
2021-06-18,5.34,113,226
2021-06-21,4.96,113,223
2021-05-12,66.9,110,198
2021-06-09,42.5,110,194
2021-06-14,36.3,110,197
2021-06-16,41.5,110,195
2021-06-19,62.4,110,196
2021-05-12,1.38,115,34
2021-06-18,8.26,115,35
2021-05-09,5.69,117,83
2021-05-12,5.69,117,80
2021-06-08,3.19,117,81
2021-06-18,13.0,117,79
2021-06-21,10.0,117,82
2021-06-07,277.0,109,39
2021-06-17,284.0,109,38
2021-05-13,15.8,112,121
2021-06-07,14.9,112,116
2021-06-09,14.5,112,118
2021-06-14,12.8,112,119
2021-06-17,13.0,112,117
2021-07-14,12.0,112,120
2021-05-12,14.0,121,2
2021-06-21,13.9,121,1
2021-07-01,11.2,121,4
2021-07-06,21.3,121,3
2021-05-09,55.6,113,17
2021-06-03,82.3,113,16
2021-06-18,180.0,113,15
2021-06-21,205.0,113,14
2021-07-13,41.9,113,18
2021-06-09,2.52,110,9
2021-06-14,2.86,110,12
2021-06-19,3.94,110,8
2021-07-24,3.98,110,11
2021-07-27,3.54,110,10
2021-05-13,8.18,112,164
2021-06-07,8.12,112,160
2021-06-09,7.94,112,162
2021-06-14,7.71,112,163
2021-06-17,7.47,112,161
2021-07-14,5.4,112,165
2021-05-12,33.3,120,73
2021-06-14,38.2,120,74
2021-06-16,27.4,120,70
2021-06-21,32.3,120,71
2021-07-06,31.6,120,72
2021-05-11,5.06,117,39
2021-07-08,5.27,117,40
2021-07-15,4.63,117,41
2021-05-11,0.95,118,28
2021-06-18,0.94,118,27
2021-06-20,0.82,118,30
2021-07-13,0.73,118,29
2021-05-11,2.36,118,26
2021-06-18,2.31,118,24
2021-07-28,1.77,118,25
2021-05-13,3.12,112,105
2021-06-07,2.89,112,107
2021-06-09,2.77,112,109
2021-06-14,2.64,112,108
2021-06-17,2.55,112,106
2021-07-14,2.28,112,104
2021-05-09,31.7,117,121
2021-05-12,31.6,117,118
2021-06-08,25.0,117,117
2021-06-18,51.6,117,119
2021-06-21,50.0,117,120
2021-05-12,2.6,118,164
2021-06-16,2.6,118,163
2021-06-18,2.7,118,165
2021-06-21,2.7,118,166
2021-07-06,2.88,118,167
2021-07-13,2.07,118,162
2021-06-16,29.5,114,179
2021-06-18,28.8,114,178
2021-07-08,42.6,114,180
2021-06-19,13.8,109,81
2021-06-21,11.9,109,80
2021-06-07,0.36,111,223
2021-06-14,0.28,111,224
2021-06-17,0.26,111,225
2021-06-19,0.26,111,222
2021-06-07,7.55,112,13
2021-06-17,7.49,112,12
2021-05-13,16.5,112,81
2021-06-07,15.6,112,76
2021-06-09,15.4,112,78
2021-06-14,13.7,112,80
2021-06-17,13.3,112,77
2021-06-19,13.1,112,79
2021-07-14,10.9,112,82
2021-07-24,11.7,112,83
2021-05-09,29.0,114,240
2021-06-18,45.2,114,238
2021-07-08,31.5,114,239
2021-05-09,2.1,115,50
2021-06-18,2.23,115,51
2021-07-08,1.3,115,49
2021-06-14,0.17,120,147
2021-07-14,0.17,120,148
2021-06-07,0.51,112,39
2021-06-14,0.41,112,41
2021-06-17,0.43,112,40
2021-06-19,0.41,112,42
2021-05-09,1.77,119,127
2021-05-12,1.54,119,125
2021-06-16,1.09,119,126
2021-06-18,1.45,119,123
2021-06-21,1.36,119,124
2021-05-12,2.9,114,148
2021-06-16,20.3,114,147
2021-06-18,17.0,114,145
2021-06-21,10.9,114,144
2021-07-08,2.83,114,146
2021-07-13,2.7,114,149
2021-05-09,67.7,117,199
2021-06-18,33.9,117,198
2021-07-13,29.8,117,195
2021-07-18,28.0,117,197
2021-07-28,26.8,117,196
2021-05-12,10.7,114,117
2021-06-16,19.1,114,115
2021-07-08,9.58,114,114
2021-07-13,8.79,114,116
2021-05-12,0.73,119,95
2021-06-16,1.74,119,94
2021-06-18,2.6,119,92
2021-06-21,1.79,119,93
2021-05-11,129.0,118,232
2021-07-10,42.5,118,231
2021-07-15,36.5,118,230
2021-05-04,5.22,115,223
2021-05-09,4.08,115,222
2021-05-11,3.74,115,224
2021-05-26,2.11,115,225
2021-06-25,6.19,115,220
2021-07-28,1.53,115,221
2021-05-09,1.64,114,73
2021-05-09,4.51,114,49
2021-06-18,26.3,114,50
2021-07-13,0.99,114,72
2021-07-13,7.55,114,48
2021-05-12,21.6,117,115
2021-06-18,40.6,117,114
2021-06-21,43.4,117,116
2021-05-09,14.4,118,18
2021-05-11,9.98,118,17
2021-06-18,6.73,118,15
2021-06-20,5.95,118,19
2021-07-15,5.24,118,20
2021-07-25,5.34,118,16
2021-05-09,29.7,117,191
2021-05-11,25.4,117,190
2021-06-18,14.1,117,188
2021-07-08,16.0,117,189
2021-07-25,12.7,117,192
2021-05-09,1.34,117,23
2021-05-11,1.21,117,18
2021-06-18,1.48,117,19
2021-07-08,1.28,117,21
2021-07-13,0.97,117,20
2021-07-15,0.97,117,22
2021-06-07,9.77,120,68
2021-06-07,4.43,120,81
2021-06-14,9.39,120,66
2021-06-14,4.11,120,82
2021-06-17,9.2,120,65
2021-06-17,4.0,120,80
2021-07-27,7.86,120,67
2021-07-27,3.31,120,79
2021-05-09,3.93,113,218
2021-06-03,3.67,113,217
2021-06-18,5.54,113,216
2021-07-06,2.95,113,220
2021-07-13,2.81,113,219
2021-05-09,3.97,114,212
2021-06-16,6.01,114,213
2021-06-18,7.21,114,210
2021-07-08,7.35,114,211
2021-06-19,2.03,109,107
2021-06-09,0.42,111,95
2021-06-14,0.34,111,96
2021-06-19,0.75,111,97
2021-05-09,4.45,116,7
2021-05-11,3.25,116,8
2021-05-26,2.44,116,9
2021-06-18,20.1,116,11
2021-07-08,18.8,116,6
2021-07-13,3.79,116,10
2021-06-18,2.65,114,229
2021-07-08,1.62,114,228
2021-06-18,1.34,118,73
2021-07-13,1.44,118,74
2021-07-28,1.16,118,75
2021-06-07,0.12,111,195
2021-06-14,0.32,111,193
2021-06-17,0.32,111,194
2021-07-27,0.41,111,192
2021-05-12,4.74,110,234
2021-06-16,4.27,110,235
2021-06-21,4.09,110,233
2021-05-09,291.0,113,50
2021-06-18,641.0,113,51
2021-07-08,288.0,113,52
2021-05-12,2.46,118,184
2021-06-16,1.87,118,186
2021-06-18,2.02,118,187
2021-06-21,1.56,118,188
2021-07-13,1.52,118,185
2021-06-09,3.1,110,86
2021-06-14,2.62,110,84
2021-06-17,3.49,110,87
2021-06-19,4.3,110,83
2021-07-24,2.77,110,85
2021-05-12,3.78,119,114
2021-06-16,2.97,119,113
2021-06-21,3.07,119,112
2021-05-11,10.5,118,44
2021-06-18,4.23,118,41
2021-06-20,4.4,118,43
2021-07-13,5.1,118,42
2021-07-28,3.76,118,45
2021-06-09,176.0,109,10
2021-06-14,168.0,109,11
2021-06-19,278.0,109,12
2021-07-24,307.0,109,13
2021-06-09,2.1,109,142
2021-06-19,3.28,109,143
2021-07-24,2.36,109,144
2021-06-09,67.5,110,207
2021-06-14,57.4,110,208
2021-06-19,79.0,110,209
2021-06-09,0.9,109,172
2021-06-14,0.85,109,174
2021-06-19,1.48,109,173
2021-05-12,3.32,120,121
2021-06-06,1.97,120,118
2021-06-14,1.8,120,122
2021-06-16,1.8,120,119
2021-06-19,1.84,120,123
2021-06-29,1.19,120,120
2021-06-09,1.28,109,186
2021-06-14,1.19,109,189
2021-06-17,3.41,109,188
2021-06-19,3.39,109,187
2021-05-12,0.86,120,53
2021-06-14,1.08,120,51
2021-06-16,1.09,120,50
2021-06-19,1.12,120,48
2021-06-21,1.14,120,47
2021-06-29,1.06,120,49
2021-07-14,1.44,120,52
2021-05-06,19.6,117,51
2021-05-09,16.1,117,50
2021-05-11,12.1,117,48
2021-06-15,9.59,117,54
2021-07-08,9.64,117,52
2021-07-15,5.28,117,49
2021-07-18,4.68,117,53
2021-05-12,1930.0,113,141
2021-06-06,1200.0,113,144
2021-06-09,1250.0,113,146
2021-06-14,1080.0,113,140
2021-06-16,1060.0,113,147
2021-06-19,1080.0,113,145
2021-06-21,1460.0,113,143
2021-06-29,1730.0,113,142
2021-07-14,1390.0,113,139
2021-05-04,11.9,115,242
2021-05-09,5.53,115,239
2021-05-11,4.47,115,241
2021-05-26,3.73,115,237
2021-06-25,13.0,115,240
2021-07-28,3.19,115,238
2021-05-12,1.59,120,100
2021-06-06,1.38,120,104
2021-06-14,1.18,120,103
2021-06-16,1.38,120,102
2021-06-19,1.18,120,101
2021-06-09,2.08,109,109
2021-06-19,2.26,109,108
2021-07-24,2.54,109,110
2021-05-12,6.54,115,31
2021-06-18,18.8,115,32
2021-06-21,10.8,115,33
2021-05-12,0.8,120,213
2021-06-16,0.76,120,212
2021-06-21,0.74,120,210
2021-07-01,0.6,120,211
2021-07-06,1.11,120,214
2021-05-09,14.4,115,112
2021-05-11,12.1,115,106
2021-06-18,60.4,115,109
2021-07-08,9.54,115,108
2021-07-13,5.85,115,111
2021-07-25,7.39,115,107
2021-07-28,8.11,115,110
2021-05-12,1650.0,113,115
2021-06-09,1170.0,113,117
2021-06-14,941.0,113,116
2021-06-16,988.0,113,114
2021-06-19,1250.0,113,118
2021-05-11,26.2,116,241
2021-07-08,14.5,116,242
2021-07-13,11.6,116,243
2021-07-15,11.2,116,244
2021-05-12,1.8,111,30
2021-06-09,0.84,111,32
2021-06-16,1.35,111,31
2021-06-19,1.82,111,29
2021-05-09,3.55,114,224
2021-06-18,5.76,114,222
2021-07-08,9.5,114,223
2021-05-09,56.3,116,99
2021-05-11,44.3,116,97
2021-05-26,29.7,116,98
2021-06-08,27.6,116,94
2021-06-18,133.0,116,101
2021-07-08,54.6,116,96
2021-07-13,31.3,116,93
2021-07-25,25.0,116,95
2021-07-30,28.7,116,100
2021-05-12,13.2,119,101
2021-06-16,8.06,119,100
2021-06-21,8.49,119,99
2021-05-11,17.9,112,33
2021-06-07,19.6,112,32
2021-06-10,21.4,112,34
2021-06-17,18.2,112,31
2021-05-09,0.53,117,243
2021-05-11,0.4,117,241
2021-06-18,0.34,117,242
2021-07-08,0.74,117,240
2021-07-25,0.25,117,244
2021-06-14,17.9,120,69
2021-05-12,5.36,109,86
2021-06-19,15.3,109,85
2021-05-10,0.75,110,140
2021-06-17,1.56,110,141
2021-06-19,1.25,110,142
2021-07-24,0.69,110,139
2021-06-07,7.2,112,44
2021-06-14,6.3,112,45
2021-06-17,6.1,112,43
2021-05-09,1.69,114,233
2021-06-16,1.69,114,232
2021-06-18,2.02,114,231
2021-07-08,1.65,114,230
2021-05-04,2.84,114,8
2021-05-09,0.93,114,7
2021-07-28,1.44,114,6
2021-05-13,28.3,111,140
2021-06-07,26.5,111,139
2021-06-14,23.0,111,138
2021-05-13,59.3,111,143
2021-06-07,49.0,111,142
2021-06-14,46.3,111,141
2021-05-12,3.51,118,172
2021-06-16,3.44,118,170
2021-06-18,3.51,118,169
2021-06-21,3.51,118,168
2021-07-06,3.77,118,171
2021-07-13,3.37,118,173
2021-05-12,43.5,110,184
2021-06-09,25.4,110,187
2021-06-14,20.9,110,185
2021-06-16,34.0,110,186
2021-06-19,49.3,110,182
2021-06-21,56.0,110,183
2021-07-06,3.44,112,241
2021-05-09,14.2,114,55
2021-06-03,22.9,114,52
2021-06-18,47.2,114,53
2021-06-21,53.8,114,51
2021-07-13,13.4,114,54
2021-05-12,3.46,118,196
2021-06-16,2.51,118,195
2021-06-18,2.65,118,193
2021-06-21,2.14,118,194
2021-07-06,5.24,118,197
2021-05-09,6.63,115,42
2021-06-18,28.1,115,41
2021-07-08,3.7,115,43
2021-05-09,1180.0,113,89
2021-05-12,919.0,113,87
2021-06-16,562.0,113,88
2021-06-18,817.0,113,85
2021-06-21,1620.0,113,86
2021-05-09,1180.0,113,82
2021-05-12,909.0,113,79
2021-06-16,552.0,113,84
2021-06-18,821.0,113,77
2021-06-21,1600.0,113,78
2021-07-06,744.0,113,83
2021-07-08,717.0,113,81
2021-07-11,755.0,113,80
2021-05-13,0.07,112,196
2021-06-02,0.06,112,193
2021-06-07,0.06,112,195
2021-06-09,0.05,112,194
2021-06-14,0.06,112,199
2021-06-17,0.05,112,197
2021-06-29,0.05,112,192
2021-07-14,0.07,112,198
2021-06-14,2.53,120,84
2021-07-14,2.24,120,85
2021-05-12,2.36,116,168
2021-06-18,16.3,116,167
2021-06-21,5.77,116,169
2021-05-09,4.41,117,110
2021-05-12,4.3,117,108
2021-06-18,8.92,117,109
2021-06-21,5.76,117,107
2021-05-12,0.62,117,140
2021-06-18,4.43,117,139
2021-06-09,3.89,112,211
2021-06-14,3.83,112,209
2021-06-19,3.56,112,212
2021-06-29,3.44,112,210
2021-07-14,3.55,112,208
2021-05-12,2.54,121,34
2021-06-18,2.56,121,32
2021-06-21,3.42,121,33
2021-07-13,6.41,121,35
2021-07-16,5.88,121,36
2021-06-19,0.63,110,248
2021-06-21,0.46,110,249
2021-05-31,2.02,112,19
2021-06-10,1.62,112,20
2021-06-17,1.35,112,18
2021-06-16,2.24,118,209
2021-06-18,2.24,118,207
2021-06-21,2.14,118,208
2021-07-01,2.04,118,210
2021-06-09,0.26,111,81
2021-06-14,0.2,111,83
2021-06-19,0.27,111,82
2021-06-07,3.82,111,215
2021-06-17,3.92,111,214
2021-06-19,3.73,111,216
2021-07-27,3.67,111,217
2021-06-19,1.09,109,103
2021-06-09,1.04,109,206
2021-06-14,1.04,109,209
2021-06-17,1.61,109,208
2021-06-19,1.47,109,207
2021-05-09,17.2,116,234
2021-05-11,14.4,116,230
2021-06-18,12.8,116,233
2021-07-08,10.1,116,231
2021-07-13,8.14,116,232
2021-07-15,8.56,116,235
2021-05-09,1.34,112,240
2021-07-06,1.85,112,238
2021-07-13,1.47,112,239
2021-05-04,1.32,112,237
2021-05-04,1.55,112,233
2021-05-04,0.81,112,228
2021-05-09,0.56,112,236
2021-05-09,1.09,112,230
2021-05-09,0.54,112,226
2021-06-21,2.77,112,234
2021-07-06,1.18,112,235
2021-07-06,1.39,112,229
2021-07-06,0.47,112,227
2021-07-13,1.2,112,231
2021-07-28,0.45,112,232
2021-05-09,1.93,116,214
2021-07-08,1.05,116,213
2021-05-12,148.0,117,203
2021-06-16,71.5,117,201
2021-06-18,73.8,117,204
2021-06-21,71.1,117,205
2021-07-06,68.1,117,202
2021-07-13,67.3,117,200
2021-05-09,2.08,119,166
2021-05-12,2.08,119,165
2021-06-16,1.83,119,164
2021-06-18,1.83,119,163
2021-06-21,1.83,119,162
2021-05-09,0.8,116,205
2021-05-12,0.78,116,206
2021-06-08,0.38,116,203
2021-06-18,3.63,116,202
2021-06-21,1.32,116,204
2021-07-06,0.43,116,209
2021-07-08,0.69,116,207
2021-07-11,0.28,116,208
2021-05-12,1550.0,113,109
2021-06-14,991.0,113,111
2021-06-16,979.0,113,108
2021-06-19,1340.0,113,112
2021-06-21,1630.0,113,110
2021-06-29,1410.0,113,113
2021-05-12,7.07,119,195
2021-06-09,5.21,119,200
2021-06-14,4.95,119,198
2021-06-16,4.48,119,199
2021-06-19,5.03,119,197
2021-06-21,5.16,119,196
2021-05-09,132.0,118,243
2021-05-11,132.0,118,240
2021-06-18,113.0,118,238
2021-07-08,79.0,118,239
2021-07-15,64.1,118,242
2021-07-18,58.3,118,241
2021-06-09,8.13,110,29
2021-06-14,6.86,110,28
2021-06-17,8.1,110,27
2021-06-19,8.09,110,26
2021-06-18,3.94,118,101
2021-07-13,3.22,118,102
2021-07-28,2.56,118,103
2021-05-09,4.6,117,161
2021-05-12,4.16,117,159
2021-06-18,8.91,117,160
2021-06-21,8.97,117,158
2021-07-11,3.22,117,162
2021-06-07,84.4,110,215
2021-06-17,73.0,110,214
2021-06-19,81.0,110,216
2021-05-09,1740.0,113,98
2021-05-12,1440.0,113,95
2021-06-16,904.0,113,96
2021-06-18,1080.0,113,97
2021-06-21,1860.0,113,99
2021-05-13,3.98,111,182
2021-06-07,3.0,111,177
2021-06-09,2.96,111,181
2021-06-14,3.14,111,179
2021-06-19,3.0,111,180
2021-07-27,1.98,111,178
2021-05-12,298.0,119,16
2021-06-16,227.0,119,17
2021-06-18,231.0,119,15
2021-06-21,243.0,119,18
2021-07-11,207.0,119,19
2021-05-09,1770.0,113,102
2021-05-12,1450.0,113,101
2021-06-16,927.0,113,100
2021-06-18,1060.0,113,103
2021-06-21,1850.0,113,104
2021-06-07,6.93,111,210
2021-06-14,6.71,111,212
2021-06-17,7.01,111,213
2021-07-27,6.22,111,211
2021-05-09,240.0,119,4
2021-05-11,234.0,119,3
2021-06-18,187.0,119,2
2021-07-08,150.0,119,1
2021-07-25,104.0,119,0
2021-05-09,8.01,116,14
2021-05-11,6.57,116,12
2021-05-26,4.17,116,15
2021-07-13,5.9,116,13
2021-06-09,0.64,109,218
2021-06-14,0.63,109,221
2021-06-17,1.3,109,220
2021-06-19,1.04,109,219
2021-05-11,2.92,117,2
2021-06-18,5.11,117,3
2021-07-08,2.65,117,4
2021-07-13,2.08,117,6
2021-07-15,2.38,117,5
2021-05-09,0.06,114,215
2021-05-09,0.82,114,208
2021-06-16,1.59,114,207
2021-06-18,1.76,114,209
2021-05-09,4.76,119,85
2021-06-18,5.57,119,84
2021-05-12,210.0,117,224
2021-06-16,139.0,117,223
2021-06-18,144.0,117,225
2021-06-21,143.0,117,226
2021-07-11,162.0,117,227
2021-05-13,1.9,112,204
2021-06-02,1.51,112,207
2021-06-07,1.53,112,202
2021-06-09,1.42,112,206
2021-06-14,1.33,112,203
2021-06-17,1.3,112,200
2021-06-29,1.23,112,205
2021-07-14,1.18,112,201
2021-05-12,5.77,120,138
2021-06-14,4.46,120,134
2021-06-16,4.46,120,135
2021-06-19,4.46,120,137
2021-06-21,4.46,120,139
2021-06-29,3.97,120,136
2021-05-12,1.82,118,181
2021-06-16,1.78,118,182
2021-06-18,1.7,118,179
2021-06-21,1.25,118,180
2021-07-11,1.43,118,183
2021-05-09,18.1,114,59
2021-06-03,24.8,114,58
2021-06-18,56.7,114,57
2021-06-21,66.6,114,56
2021-07-13,15.6,114,60
2021-05-09,12.1,115,155
2021-05-11,10.8,115,157
2021-05-26,8.22,115,153
2021-06-25,20.0,115,156
2021-07-08,23.8,115,158
2021-07-28,3.54,115,154
2021-05-12,3.73,117,146
2021-06-08,1.5,117,147
2021-06-16,2.34,117,148
2021-06-18,5.26,117,144
2021-06-21,4.62,117,145
2021-05-09,0.8,118,33
2021-05-11,0.72,118,32
2021-06-18,1.23,118,39
2021-06-18,0.55,118,31
2021-07-08,0.88,118,35
2021-07-13,0.51,118,34
2021-07-18,0.62,118,40
2021-05-13,0.64,112,145
2021-06-07,0.66,112,147
2021-06-14,0.62,112,148
2021-06-17,0.59,112,146
2021-07-14,0.54,112,144
2021-05-09,725.0,113,60
2021-06-08,423.0,113,59
2021-07-08,635.0,113,61
2021-05-09,1.0,114,62
2021-06-03,1.88,114,63
2021-07-13,1.61,114,61
2021-06-09,2.05,111,99
2021-06-14,2.21,111,101
2021-06-17,2.08,111,100
2021-06-19,2.0,111,98
2021-05-09,4.89,115,123
2021-05-11,3.55,115,119
2021-05-26,3.17,115,121
2021-06-18,24.9,115,120
2021-07-08,15.9,115,118
2021-07-13,3.25,115,122
2021-06-09,1.59,109,130
2021-06-19,2.44,109,131
2021-07-24,1.47,109,132
2021-05-12,3.46,109,182
2021-06-09,1.86,109,181
2021-06-19,2.26,109,179
2021-07-24,0.86,109,180
2021-06-21,1.33,109,52
2021-07-06,0.97,109,51
2021-05-11,2.54,121,89
2021-06-18,2.09,121,90
2021-06-20,2.07,121,88
2021-07-13,2.13,121,86
2021-07-28,1.74,121,87
2021-06-18,1.22,119,77
2021-06-18,166.0,114,193
2021-07-08,116.0,114,194
2021-05-10,15.0,110,127
2021-05-10,0.5,110,154
2021-06-17,19.2,110,129
2021-06-17,1.08,110,153
2021-06-19,16.0,110,126
2021-06-19,0.79,110,152
2021-07-24,15.3,110,128
2021-07-24,0.55,110,155
2021-05-09,2.65,116,218
2021-05-11,2.37,116,215
2021-07-08,1.87,116,217
2021-07-13,1.69,116,216
2021-05-04,0.84,114,16
2021-05-09,0.69,114,15
2021-07-13,0.86,114,17
2021-07-28,0.77,114,14
2021-06-18,225.0,114,195
2021-07-08,130.0,114,196
2021-07-13,132.0,114,197
2021-06-09,2.71,110,112
2021-06-09,37.9,110,48
2021-06-14,2.66,110,113
2021-06-14,37.5,110,51
2021-06-17,3.07,110,110
2021-06-17,42.5,110,49
2021-06-19,3.93,110,109
2021-06-19,43.5,110,47
2021-07-24,2.1,110,111
2021-07-24,38.1,110,50
2021-05-09,24.4,116,85
2021-05-11,18.7,116,83
2021-06-18,79.0,116,84
2021-07-13,15.7,116,80
2021-07-25,10.4,116,81
2021-07-28,10.8,116,82
2021-06-19,7.62,109,106
2021-05-31,2.72,112,9
2021-06-02,2.54,112,10
2021-06-07,2.54,112,7
2021-06-10,2.63,112,8
2021-06-17,2.94,112,11
2021-05-12,0.57,111,173
2021-06-14,0.61,111,174
2021-06-16,0.61,111,172
2021-06-19,0.6,111,175
2021-07-06,0.54,111,176
2021-05-09,11.5,115,77
2021-05-11,7.88,115,71
2021-06-18,41.7,115,74
2021-07-08,18.4,115,73
2021-07-13,5.19,115,76
2021-07-25,4.41,115,72
2021-07-28,3.4,115,75
2021-05-09,56.0,119,143
2021-05-12,46.8,119,142
2021-06-08,25.9,119,144
2021-06-16,33.5,119,141
2021-06-18,51.6,119,139
2021-06-21,64.6,119,140
2021-05-09,12.2,113,244
2021-06-03,28.6,113,242
2021-06-18,42.3,113,241
2021-06-21,52.8,113,240
2021-07-13,17.1,113,243
2021-09-06,338.0,127,115
2021-10-31,663.0,127,113
2021-11-25,530.0,127,114
2021-11-01,0.05,125,72
2021-09-07,1.05,135,150
2021-09-09,1.06,135,149
2021-09-27,0.89,135,147
2021-10-09,0.8,135,151
2021-10-29,0.54,135,152
2021-11-01,0.55,135,148
2021-09-06,1.54,129,69
2021-09-09,1.75,129,64
2021-10-04,1.72,129,70
2021-10-09,6.03,129,65
2021-10-29,1.93,129,66
2021-10-31,15.2,129,67
2021-11-25,2.22,129,68
2021-09-09,2.01,136,87
2021-09-11,1.93,136,88
2021-09-26,1.43,136,89
2021-09-29,1.39,136,90
2021-09-05,0.76,123,236
2021-10-10,1.31,123,235
2021-08-13,12.6,123,11
2021-08-15,11.2,123,12
2021-09-09,57.5,123,9
2021-10-09,9.65,123,10
2021-10-29,11.3,123,13
2021-11-01,32.4,123,14
2021-09-05,15.3,126,71
2021-09-10,14.9,126,70
2021-10-10,10.8,126,72
2021-10-30,13.9,126,73
2021-09-07,0.57,136,26
2021-09-09,0.71,136,25
2021-09-27,0.52,136,23
2021-10-09,0.55,136,27
2021-11-01,0.95,136,24
2021-08-07,6.05,134,57
2021-09-09,5.17,134,58
2021-09-11,6.21,134,56
2021-09-29,6.6,134,61
2021-10-09,9.49,134,55
2021-10-29,6.68,134,59
2021-10-31,7.23,134,60
2021-09-06,20.5,132,229
2021-09-09,20.0,132,228
2021-09-11,4.1,133,187
2021-09-26,3.07,133,186
2021-10-09,38.1,132,224
2021-10-29,40.8,132,225
2021-10-31,52.2,132,230
2021-10-31,2.9,133,185
2021-11-10,53.2,132,226
2021-11-25,42.9,132,227
2021-08-13,0.24,123,92
2021-09-09,2.66,123,88
2021-10-09,0.11,123,89
2021-10-29,0.17,123,90
2021-11-01,1.03,123,91
2021-09-05,5.4,126,67
2021-09-07,5.1,126,68
2021-09-10,5.2,126,66
2021-10-10,4.6,126,69
2021-09-05,7.1,126,81
2021-09-07,7.1,126,82
2021-10-10,4.2,126,83
2021-10-30,5.3,126,84
2021-09-05,5.06,125,122
2021-09-07,5.14,125,123
2021-10-10,4.1,125,124
2021-10-25,4.33,125,125
2021-11-01,4.74,125,126
2021-09-03,0.48,133,105
2021-09-08,1.02,133,104
2021-09-26,0.41,133,106
2021-10-08,0.92,133,102
2021-10-31,0.61,133,103
2021-08-15,1.38,135,23
2021-09-04,1.19,135,25
2021-09-09,1.46,135,24
2021-10-09,8.32,135,21
2021-10-29,1.93,135,22
2021-09-06,5.5,127,40
2021-09-09,6.0,127,41
2021-09-11,6.08,127,45
2021-10-04,11.9,127,46
2021-10-09,57.9,127,42
2021-10-29,12.4,127,43
2021-10-31,69.7,127,44
2021-09-06,1.12,128,14
2021-09-09,1.09,128,15
2021-09-11,1.08,128,19
2021-10-04,1.08,128,20
2021-10-09,2.33,128,16
2021-10-29,1.01,128,17
2021-10-31,1.93,128,18
2021-08-07,1.45,131,189
2021-08-22,1.54,131,188
2021-09-03,5.06,131,187
2021-10-08,1.55,131,183
2021-10-31,3.34,131,184
2021-11-10,1.57,131,185
2021-11-25,1.65,131,186
2021-08-07,1.15,132,93
2021-08-12,1.18,132,92
2021-08-22,1.01,132,94
2021-09-06,2.27,129,155
2021-09-09,2.35,129,150
2021-10-04,3.0,129,156
2021-10-08,0.99,132,88
2021-10-09,14.8,129,151
2021-10-29,5.66,129,152
2021-10-31,11.3,129,153
2021-10-31,1.87,132,89
2021-11-10,1.39,132,90
2021-11-25,5.48,129,154
2021-11-25,1.83,132,91
2021-08-13,5.31,125,98
2021-09-02,3.93,125,99
2021-10-10,2.26,125,97
2021-10-10,0.8,123,193
2021-09-07,7.12,135,202
2021-09-09,7.22,135,201
2021-09-27,6.05,135,199
2021-10-09,5.94,135,203
2021-10-29,5.99,135,204
2021-11-01,7.24,135,200
2021-09-09,3.25,124,73
2021-10-09,9.73,124,74
2021-10-29,6.79,124,75
2021-11-03,21.6,124,76
2021-09-06,0.35,130,135
2021-09-09,0.37,130,131
2021-10-04,0.45,130,136
2021-10-09,2.11,130,132
2021-10-29,1.11,130,133
2021-10-31,2.1,130,137
2021-11-25,1.4,130,134
2021-09-03,0.73,134,174
2021-09-08,1.03,134,173
2021-09-26,0.63,134,175
2021-10-08,6.97,134,171
2021-10-31,1.18,134,172
2021-08-13,0.1,124,31
2021-09-05,0.1,124,32
2021-10-10,0.21,124,30
2021-09-09,0.16,123,170
2021-10-09,0.11,123,168
2021-10-29,0.44,123,171
2021-11-01,0.74,123,169
2021-11-03,0.8,123,172
2021-08-13,1.69,123,111
2021-11-01,6.24,123,112
2021-08-15,4.81,125,24
2021-09-02,3.18,125,21
2021-09-04,2.75,125,22
2021-09-09,5.39,125,20
2021-10-02,3.73,125,23
2021-10-09,5.16,125,18
2021-10-29,9.34,125,25
2021-11-01,14.3,125,19
2021-08-15,0.57,122,99
2021-09-09,0.89,122,94
2021-10-02,1.22,122,100
2021-10-09,1.27,122,95
2021-10-29,0.66,122,101
2021-11-01,2.49,122,96
2021-11-06,0.67,122,97
2021-11-11,0.56,122,98
2021-09-06,3.31,128,6
2021-09-09,4.0,128,7
2021-09-11,3.66,128,11
2021-10-01,3.49,128,13
2021-10-04,3.15,128,12
2021-10-09,6.02,128,8
2021-10-29,3.78,128,9
2021-10-31,9.4,128,10
2021-09-10,1.02,126,230
2021-09-27,0.93,126,232
2021-11-01,1.16,126,231
2021-09-03,3.05,133,50
2021-09-08,2.95,133,51
2021-09-26,1.7,133,52
2021-10-08,2.25,133,48
2021-10-31,3.1,133,49
2021-08-07,1.53,132,139
2021-08-09,1.36,132,140
2021-09-03,1.17,132,138
2021-10-08,1.64,132,134
2021-10-31,3.19,132,135
2021-11-10,2.71,132,136
2021-11-25,3.42,132,137
2021-08-07,7.09,134,218
2021-09-06,5.23,134,220
2021-09-09,5.34,134,217
2021-10-01,10.7,134,219
2021-10-09,19.6,134,214
2021-10-29,17.2,134,215
2021-11-10,13.9,134,216
2021-09-07,3.44,136,58
2021-09-09,3.45,136,55
2021-09-27,0.9,136,57
2021-11-01,4.69,136,56
2021-08-13,0.74,123,97
2021-09-09,5.33,123,93
2021-10-09,0.46,123,94
2021-10-29,0.36,123,95
2021-11-01,2.16,123,96
2021-09-05,0.07,136,8
2021-09-07,0.09,136,7
2021-09-07,0.63,136,3
2021-09-10,0.1,136,4
2021-09-27,0.07,136,6
2021-09-27,0.65,136,2
2021-11-01,0.1,136,5
2021-11-01,0.67,136,1
2021-09-06,0.68,129,162
2021-09-09,0.49,129,157
2021-10-04,1.5,129,163
2021-10-09,3.79,129,158
2021-10-29,2.61,129,159
2021-10-31,31.2,129,160
2021-11-25,2.79,129,161
2021-09-09,0.041,133,206
2021-09-11,0.035,133,209
2021-09-26,0.11,133,210
2021-09-29,0.09,133,211
2021-10-09,0.05,133,207
2021-10-31,0.06,133,208
2021-09-07,1.87,135,239
2021-09-09,2.08,135,237
2021-09-27,1.77,135,235
2021-10-09,1.51,135,238
2021-11-01,2.05,135,236
2021-09-06,1.71,131,196
2021-10-31,5.91,131,194
2021-11-25,2.28,131,195
2021-08-15,2.74,122,55
2021-08-15,2.24,122,59
2021-09-09,3.43,122,53
2021-09-09,2.15,122,57
2021-10-09,3.11,122,54
2021-10-09,2.46,122,58
2021-10-29,2.38,122,56
2021-10-29,1.96,122,60
2021-09-03,2.24,134,178
2021-09-08,2.39,134,179
2021-09-26,1.44,134,180
2021-10-08,11.6,134,176
2021-10-31,3.2,134,177
2021-09-07,10.0,135,121
2021-09-09,10.5,135,122
2021-09-27,11.7,135,119
2021-10-09,12.6,135,123
2021-11-01,14.2,135,120
2021-09-04,1.42,131,221
2021-09-06,1.44,131,222
2021-09-09,3.12,131,219
2021-10-09,15.0,131,216
2021-10-29,3.39,131,220
2021-10-31,15.3,131,217
2021-11-25,3.64,131,218
2021-09-07,5.59,135,247
2021-09-09,8.0,135,248
2021-09-27,5.03,135,245
2021-11-01,6.44,135,246
2021-09-09,0.56,136,99
2021-09-11,0.52,136,98
2021-09-09,1.99,134,210
2021-10-09,2.77,134,208
2021-10-29,2.33,134,209
2021-08-15,0.15,128,81
2021-09-09,0.14,128,78
2021-10-09,0.21,128,79
2021-10-29,0.19,128,80
2021-09-06,4.74,130,123
2021-09-09,4.56,130,119
2021-10-09,29.6,130,120
2021-10-29,12.0,130,121
2021-09-06,1.56,130,233
2021-10-31,15.7,130,232
2021-08-13,0.63,123,142
2021-09-05,0.28,123,143
2021-10-10,1.49,123,141
2021-09-05,0.63,123,192
2021-10-10,0.48,123,191
2021-08-15,15.1,124,82
2021-09-04,11.6,124,84
2021-09-07,10.8,124,85
2021-09-09,11.2,124,83
2021-10-09,18.6,124,80
2021-10-29,14.7,124,86
2021-11-01,20.0,124,81
2021-08-10,21.7,133,173
2021-09-09,14.3,133,172
2021-09-11,12.5,133,171
2021-09-29,12.1,133,174
2021-10-09,13.6,133,170
2021-09-09,2.61,136,68
2021-09-11,8.05,136,71
2021-09-26,1.9,136,69
2021-09-29,1.64,136,70
2021-10-31,3.26,136,72
2021-08-15,0.54,123,35
2021-08-15,1.71,123,4
2021-09-09,2.57,123,33
2021-09-09,18.0,123,2
2021-10-09,0.49,123,34
2021-10-09,1.3,123,3
2021-10-29,0.58,123,36
2021-10-29,1.07,123,5
2021-09-06,0.49,131,201
2021-09-09,0.4,131,197
2021-10-04,0.48,131,202
2021-10-09,1.97,131,198
2021-10-29,1.22,131,199
2021-11-25,1.4,131,200
2021-09-05,6.63,126,206
2021-09-07,7.03,126,205
2021-09-10,6.98,126,204
2021-09-27,5.45,126,207
2021-10-25,6.68,126,208
2021-11-01,9.93,126,209
2021-09-09,17.3,122,0
2021-10-09,38.2,122,1
2021-10-29,23.8,122,2
2021-09-05,9.76,126,147
2021-09-07,12.0,126,148
2021-09-27,9.46,126,150
2021-10-10,9.3,126,149
2021-10-25,10.0,126,151
2021-09-06,1.67,131,117
2021-10-08,1.27,131,114
2021-10-31,1.7,131,115
2021-11-10,1.48,131,116
2021-08-10,0.98,133,195
2021-09-09,0.36,133,197
2021-09-11,0.45,133,196
2021-09-29,0.84,133,198
2021-10-09,0.78,133,194
2021-09-07,623.0,127,192
2021-09-09,761.0,127,193
2021-09-27,716.0,127,191
2021-10-09,690.0,127,194
2021-11-01,1100.0,127,190
2021-08-13,0.8,126,5
2021-09-02,0.79,126,6
2021-10-10,0.59,126,4
2021-09-05,1.15,135,181
2021-09-07,1.17,135,182
2021-09-10,1.12,135,184
2021-10-10,0.75,135,180
2021-11-01,1.01,135,183
2021-08-13,0.53,123,151
2021-09-05,0.52,123,152
2021-10-10,0.77,123,150
2021-09-03,0.59,133,119
2021-09-08,0.79,133,120
2021-09-26,0.35,133,121
2021-10-08,2.38,133,117
2021-10-31,1.29,133,118
2021-09-05,3.93,135,166
2021-09-07,3.88,135,167
2021-09-10,3.96,135,164
2021-10-10,4.46,135,165
2021-10-25,4.89,135,168
2021-09-05,2.63,126,113
2021-09-27,2.34,126,114
2021-10-10,2.38,126,115
2021-10-25,2.3,126,116
2021-11-01,2.56,126,117
2021-09-09,1.46,122,70
2021-09-09,0.24,122,75
2021-10-04,3.1,122,73
2021-10-04,0.26,122,78
2021-10-09,10.4,122,71
2021-10-09,0.27,122,76
2021-10-29,7.11,122,72
2021-10-29,0.11,122,77
2021-11-03,24.7,122,74
2021-11-03,0.18,122,79
2021-08-15,2.42,128,146
2021-09-06,1.47,128,140
2021-09-09,1.35,128,141
2021-09-11,1.3,128,145
2021-10-04,3.2,128,147
2021-10-09,9.15,128,142
2021-10-29,7.34,128,143
2021-10-31,61.7,128,144
2021-09-06,2.5,130,107
2021-10-31,54.5,130,105
2021-11-25,8.0,130,106
2021-08-13,133.0,122,33
2021-09-02,103.0,122,34
2021-09-10,86.1,122,31
2021-10-10,261.0,122,32
2021-08-19,0.37,131,66
2021-09-06,0.32,131,65
2021-10-08,0.56,131,63
2021-10-28,0.61,131,67
2021-10-31,2.75,131,64
2021-09-05,1.06,126,77
2021-09-07,0.93,126,76
2021-09-10,0.86,126,74
2021-10-10,0.91,126,75
2021-10-25,1.33,126,78
2021-10-30,1.59,126,79
2021-11-01,1.5,126,80
2021-08-07,1.01,132,189
2021-09-04,1.41,132,188
2021-09-09,0.86,132,187
2021-09-29,0.76,132,190
2021-10-09,4.25,132,182
2021-10-14,3.15,132,191
2021-10-29,3.75,132,183
2021-10-31,4.59,132,184
2021-11-10,1.5,132,185
2021-11-25,2.74,132,186
2021-09-11,0.82,133,244
2021-09-29,0.59,133,246
2021-10-29,0.81,133,245
2021-09-06,2.02,128,156
2021-09-09,1.93,128,157
2021-09-11,2.01,128,161
2021-10-04,2.05,128,162
2021-10-09,60.4,128,158
2021-10-29,13.3,128,159
2021-10-31,113.0,128,160
2021-09-09,0.36,133,238
2021-09-11,0.31,133,242
2021-09-29,0.5,133,241
2021-10-09,0.55,133,239
2021-10-31,0.74,133,240
2021-09-07,4.31,135,197
2021-09-27,4.19,135,195
2021-10-09,4.31,135,198
2021-11-01,3.81,135,196
2021-09-05,1.31,125,200
2021-09-07,1.25,125,201
2021-09-10,1.33,125,198
2021-10-10,1.08,125,199
2021-10-25,1.0,125,202
2021-08-07,0.68,134,70
2021-09-09,1.17,134,68
2021-09-11,0.99,134,69
2021-09-29,0.59,134,71
2021-10-09,1.26,134,67
2021-10-29,1.0,134,73
2021-10-31,1.08,134,72
2021-09-06,44.2,129,223
2021-10-31,592.0,129,221
2021-11-25,59.9,129,222
2021-08-15,0.78,127,237
2021-09-06,0.68,127,230
2021-09-09,0.62,127,231
2021-09-11,0.66,127,235
2021-10-04,0.84,127,236
2021-10-09,3.94,127,232
2021-10-29,4.68,127,233
2021-10-31,24.2,127,234
2021-08-15,0.82,127,214
2021-09-06,0.53,127,209
2021-09-09,0.41,127,210
2021-10-04,1.41,127,215
2021-10-09,5.73,127,211
2021-10-29,3.51,127,212
2021-10-31,27.5,127,213
2021-09-06,4.75,131,228
2021-10-31,19.1,131,226
2021-11-25,9.65,131,227
2021-09-06,20.8,127,64
2021-09-09,22.3,127,65
2021-10-01,26.4,127,71
2021-10-04,31.8,127,70
2021-10-09,195.0,127,66
2021-10-29,51.6,127,67
2021-10-31,288.0,127,68
2021-11-25,66.8,127,69
2021-09-11,2.24,136,101
2021-09-26,1.83,136,102
2021-10-31,2.36,136,100
2021-09-06,0.4,130,142
2021-09-09,0.39,130,138
2021-10-04,1.09,130,143
2021-10-09,1.21,130,139
2021-11-25,0.82,130,141
2021-08-13,4.33,124,212
2021-08-15,5.44,124,207
2021-09-04,2.61,124,209
2021-09-07,2.42,124,210
2021-09-09,3.37,124,208
2021-10-02,2.96,124,211
2021-10-09,5.38,124,205
2021-10-29,5.62,124,213
2021-11-01,6.83,124,206
2021-08-13,9.85,123,205
2021-09-05,9.03,123,204
2021-10-10,18.8,123,203
2021-08-07,392.0,127,122
2021-10-31,541.0,127,119
2021-11-10,707.0,127,120
2021-11-25,703.0,127,121
2021-09-11,3.47,133,163
2021-09-26,3.15,133,164
2021-10-31,2.97,133,162
2021-09-06,3.55,129,114
2021-09-09,3.55,129,109
2021-10-04,10.1,129,113
2021-10-09,18.3,129,110
2021-10-29,10.0,129,111
2021-10-31,101.0,129,112
2021-11-25,9.49,129,108
2021-09-06,1.55,129,169
2021-09-09,1.57,129,164
2021-10-04,2.74,129,170
2021-10-09,16.1,129,165
2021-10-29,7.74,129,166
2021-10-31,10.4,129,167
2021-11-25,4.72,129,168
2021-08-15,0.44,122,208
2021-09-07,0.36,122,209
2021-09-09,0.43,122,203
2021-10-02,0.35,122,211
2021-10-04,0.35,122,210
2021-10-09,0.73,122,204
2021-10-29,0.3,122,212
2021-11-01,0.61,122,205
2021-11-06,0.55,122,206
2021-11-11,0.43,122,207
2021-09-09,11.9,134,5
2021-09-11,12.3,134,6
2021-09-29,12.8,134,7
2021-10-09,13.6,134,4
2021-10-29,13.2,134,8
2021-09-10,1.22,126,9
2021-10-10,0.29,126,10
2021-10-30,0.42,126,11
2021-08-07,36.7,134,97
2021-08-22,35.6,134,99
2021-09-03,28.0,134,98
2021-10-08,16.1,134,93
2021-10-31,21.4,134,94
2021-11-10,23.1,134,95
2021-11-25,27.2,134,96
2021-08-13,13.0,125,244
2021-09-02,11.8,125,245
2021-10-10,9.49,125,243
2021-08-13,4.88,125,242
2021-09-05,5.01,125,241
2021-10-10,2.8,125,240
2021-09-05,1.54,125,239
2021-09-07,1.48,125,237
2021-09-10,1.58,125,236
2021-10-10,1.12,125,238
2021-09-05,0.11,126,54
2021-09-10,0.27,126,53
2021-10-10,0.11,126,55
2021-08-13,2.51,123,131
2021-09-05,1.26,123,130
2021-10-10,1.73,123,129
2021-08-14,3.42,130,246
2021-09-06,2.19,130,245
2021-09-08,1.62,130,248
2021-10-03,2.67,130,247
2021-10-08,3.11,130,242
2021-10-31,21.0,130,243
2021-11-10,2.63,130,249
2021-11-12,2.24,130,244
2021-09-06,20.2,131,19
2021-09-08,28.4,131,18
2021-10-08,13.8,131,16
2021-10-31,41.5,131,17
2021-09-09,9.95,124,77
2021-10-09,19.2,124,78
2021-10-29,12.8,124,79
2021-08-13,1.66,135,134
2021-09-07,0.86,135,135
2021-09-09,0.84,135,133
2021-09-27,0.69,135,131
2021-10-09,0.73,135,136
2021-11-01,0.76,135,132
2021-11-01,1.71,123,107
2021-08-13,16.8,135,127
2021-09-07,13.3,135,128
2021-09-09,13.9,135,126
2021-09-27,17.1,135,129
2021-09-29,16.4,135,130
2021-10-09,17.1,135,124
2021-11-01,18.2,135,125
2021-08-10,3.35,133,222
2021-09-11,1.58,133,223
2021-10-09,1.49,133,221
2021-09-03,11.8,133,142
2021-09-08,13.5,133,140
2021-09-11,13.7,133,141
2021-09-26,6.36,133,143
2021-10-08,12.8,133,138
2021-10-31,10.4,133,139
2021-08-13,693.0,127,188
2021-09-07,627.0,127,189
2021-09-09,757.0,127,187
2021-09-27,698.0,127,185
2021-10-09,676.0,127,184
2021-11-01,1060.0,127,186
2021-08-07,89.3,134,117
2021-09-03,63.8,134,116
2021-09-11,72.3,134,118
2021-10-08,67.0,134,114
2021-10-31,80.7,134,115
2021-09-07,5.74,126,140
2021-09-27,5.18,126,138
2021-10-10,4.5,126,139
2021-10-25,4.7,126,141
2021-09-04,0.036,125,155
2021-09-07,0.032,125,156
2021-09-09,0.039,125,154
2021-09-27,0.005,125,157
2021-09-29,0.002,125,158
2021-10-09,0.004,125,152
2021-11-01,0.014,125,153
2021-08-15,1.65,135,19
2021-09-04,0.9,135,18
2021-09-09,1.23,135,17
2021-10-09,1.6,135,16
2021-10-29,1.73,135,20
2021-09-09,3.21,122,152
2021-10-04,3.13,122,155
2021-10-09,5.39,122,153
2021-10-29,4.17,122,154
2021-11-03,8.49,122,156
2021-08-13,124.0,122,27
2021-09-02,89.7,122,26
2021-10-10,191.0,122,25
2021-09-06,0.46,130,231
2021-10-31,18.8,130,230
2021-08-15,4.33,123,54
2021-09-09,7.7,123,52
2021-10-09,5.26,123,53
2021-10-29,4.5,123,55
2021-08-13,0.39,126,0
2021-09-02,0.32,125,249
2021-10-10,0.24,125,248
2021-09-02,0.36,125,70
2021-09-07,0.22,125,71
2021-11-01,0.42,125,69
2021-08-13,0.4,123,109
2021-11-01,0.96,123,110
2021-08-15,1.2,127,30
2021-09-09,0.95,127,27
2021-10-04,1.54,127,31
2021-10-09,26.3,127,28
2021-10-29,4.28,127,29
2021-09-06,1.6,131,160
2021-09-08,0.97,131,161
2021-10-08,0.71,131,158
2021-10-31,9.54,131,159
2021-09-05,0.87,126,32
2021-09-07,0.85,126,33
2021-09-10,0.9,126,31
2021-10-10,0.61,126,34
2021-09-06,0.66,128,100
2021-09-09,0.77,128,101
2021-09-11,0.91,128,105
2021-10-01,0.87,128,107
2021-10-04,0.7,128,106
2021-10-09,1.45,128,102
2021-10-29,0.73,128,103
2021-10-31,4.7,128,104
2021-11-03,2.7,128,108
2021-09-08,6.01,126,23
2021-10-10,3.17,126,20
2021-10-28,2.72,126,21
2021-10-30,2.94,126,22
2021-09-09,0.97,136,85
2021-09-29,0.63,136,86
2021-08-15,0.61,122,92
2021-09-06,26.4,129,215
2021-09-09,0.48,122,89
2021-09-26,31.2,129,216
2021-10-04,0.82,122,93
2021-10-09,1.48,122,90
2021-10-29,0.57,122,91
2021-10-31,349.0,129,214
2021-09-07,2.48,136,10
2021-09-27,4.87,136,11
2021-11-01,2.01,136,9
2021-09-06,0.42,130,220
2021-10-31,8.88,130,219
2021-09-06,1.64,131,165
2021-09-08,1.03,131,166
2021-10-08,0.8,131,162
2021-10-31,8.69,131,163
2021-11-10,1.01,131,164
2021-09-04,0.07,125,162
2021-09-07,0.08,125,163
2021-09-09,0.08,125,161
2021-09-27,0.1,125,164
2021-09-29,0.1,125,165
2021-10-09,0.18,125,159
2021-11-01,0.15,125,160
2021-08-13,0.31,124,249
2021-08-15,0.27,125,0
2021-09-07,0.24,125,3
2021-09-09,0.47,124,246
2021-10-02,0.27,125,1
2021-10-09,0.32,124,247
2021-10-29,0.37,125,2
2021-11-01,1.47,124,248
2021-08-13,127.0,124,147
2021-09-02,88.4,124,148
2021-10-10,71.3,124,146
2021-08-13,44.9,125,150
2021-09-02,33.5,125,151
2021-10-10,28.6,125,149
2021-09-03,301.0,122,48
2021-09-08,261.0,122,51
2021-09-10,270.0,122,49
2021-10-08,235.0,122,52
2021-10-10,256.0,122,50
2021-09-03,2.72,134,131
2021-10-08,0.88,134,130
2021-09-09,0.4,127,205
2021-10-04,0.58,127,208
2021-10-09,1.53,127,206
2021-10-29,1.19,127,207
2021-08-15,1.28,124,187
2021-09-04,1.16,124,189
2021-09-09,0.93,124,188
2021-10-09,2.48,124,186
2021-10-29,2.66,124,190
2021-08-23,4.41,126,130
2021-09-05,5.24,126,129
2021-09-07,5.32,126,128
2021-09-27,4.97,126,132
2021-10-10,4.89,126,131
2021-08-13,3.55,122,141
2021-08-15,2.01,122,142
2021-09-07,1.58,122,143
2021-09-09,1.58,122,135
2021-10-02,2.93,122,144
2021-10-04,3.12,122,147
2021-10-09,4.34,122,136
2021-10-22,1.64,122,145
2021-10-29,3.02,122,146
2021-11-01,18.8,122,137
2021-11-06,3.27,122,138
2021-11-11,1.79,122,139
2021-11-16,1.42,122,140
2021-09-03,2.9,130,241
2021-09-06,6.35,130,240
2021-10-08,6.2,130,237
2021-10-31,6.01,130,238
2021-11-25,11.0,130,239
2021-09-03,0.74,133,124
2021-09-08,1.12,133,125
2021-09-26,0.21,133,126
2021-10-08,1.42,133,122
2021-10-31,0.6,133,123
2021-09-07,651.0,127,197
2021-09-09,767.0,127,198
2021-09-27,749.0,127,195
2021-10-09,701.0,127,199
2021-11-01,1120.0,127,196
2021-09-06,0.76,130,103
2021-09-26,0.67,130,104
2021-10-31,18.7,130,101
2021-11-25,2.76,130,102
2021-08-13,1.54,123,244
2021-09-05,1.22,123,243
2021-10-10,2.5,123,242
2021-08-13,0.27,124,216
2021-09-04,0.24,124,218
2021-09-07,0.22,124,219
2021-09-09,0.41,124,217
2021-10-02,0.37,124,220
2021-10-09,0.53,124,214
2021-10-29,0.59,124,221
2021-11-01,1.91,124,215
2021-09-10,17.7,124,28
2021-10-10,19.0,124,29
2021-08-07,445.0,127,128
2021-09-04,388.0,127,130
2021-09-09,377.0,127,129
2021-09-29,311.0,127,132
2021-10-09,775.0,127,123
2021-10-14,597.0,127,131
2021-10-29,701.0,127,124
2021-10-31,631.0,127,125
2021-11-10,904.0,127,126
2021-11-25,801.0,127,127
2021-09-05,1.1,125,179
2021-09-07,1.1,125,180
2021-09-10,1.1,125,177
2021-10-10,0.88,125,178
2021-10-25,0.95,125,181
2021-11-01,1.0,125,182
2021-09-08,1.31,133,177
2021-09-26,0.45,133,178
2021-10-08,1.64,133,175
2021-10-31,1.23,133,176
2021-08-07,7.14,131,182
2021-09-03,50.4,131,179
2021-09-06,35.6,131,180
2021-09-08,19.3,131,181
2021-10-08,7.62,131,175
2021-10-31,15.7,131,176
2021-11-10,6.28,131,177
2021-11-25,19.0,131,178
2021-09-06,0.56,131,87
2021-09-08,0.39,131,86
2021-10-08,0.47,131,84
2021-10-28,0.58,131,88
2021-10-31,3.96,131,85
2021-08-13,0.89,135,99
2021-09-07,1.11,135,97
2021-09-09,1.09,135,98
2021-09-27,1.22,135,95
2021-10-09,1.45,135,100
2021-11-01,1.64,135,96
2021-08-13,0.28,124,12
2021-09-10,0.29,124,10
2021-10-10,0.23,124,11
2021-09-06,0.4,131,156
2021-09-08,0.24,131,157
2021-10-08,0.33,131,154
2021-10-31,4.81,131,155
2021-08-10,0.27,122,68
2021-09-06,0.15,122,61
2021-09-09,0.15,122,62
2021-09-11,0.19,122,63
2021-10-04,0.25,122,69
2021-10-09,1.75,122,64
2021-10-29,2.16,122,65
2021-10-31,10.0,122,66
2021-11-23,0.63,122,67
2021-08-10,0.59,136,129
2021-08-10,0.55,136,140
2021-09-06,0.43,136,125
2021-09-06,0.47,136,136
2021-09-09,0.36,136,123
2021-09-09,0.42,136,134
2021-09-11,0.35,136,126
2021-09-11,0.36,136,137
2021-09-26,1.39,136,128
2021-09-26,0.57,136,138
2021-10-04,1.07,136,127
2021-10-04,0.48,136,139
2021-10-09,3.3,136,120
2021-10-09,1.57,136,131
2021-10-19,0.7,136,142
2021-10-24,1.41,136,130
2021-10-24,1.18,136,141
2021-10-29,3.53,136,121
2021-10-29,0.88,136,132
2021-10-31,26.4,136,122
2021-10-31,10.2,136,133
2021-11-23,1.71,136,124
2021-11-23,0.6,136,135
2021-08-07,0.75,134,204
2021-10-31,1.83,134,201
2021-11-10,1.64,134,202
2021-11-25,2.31,134,203
2021-09-06,54.0,127,92
2021-09-09,52.0,127,86
2021-10-04,82.0,127,91
2021-10-09,322.0,127,87
2021-10-29,138.0,127,88
2021-10-31,630.0,127,89
2021-11-25,133.0,127,90
2021-09-06,1.49,130,100
2021-10-31,49.0,130,98
2021-11-25,4.25,130,99
2021-08-13,0.08,123,227
2021-09-05,0.09,123,228
2021-10-10,0.08,123,226
2021-09-08,3.94,136,105
2021-09-11,3.6,136,106
2021-09-26,3.0,136,107
2021-10-08,3.44,136,103
2021-10-31,3.83,136,104
2021-09-06,0.69,132,235
2021-09-09,0.53,132,231
2021-10-04,0.57,132,236
2021-10-09,4.35,132,232
2021-10-29,2.6,132,233
2021-10-31,3.78,132,237
2021-11-25,3.63,132,234
2021-08-13,5.56,123,105
2021-11-01,14.1,123,106
2021-08-15,0.51,122,201
2021-09-09,0.56,122,199
2021-10-09,0.58,122,200
2021-10-29,0.51,122,202
2021-09-06,40.5,131,27
2021-10-08,24.2,131,24
2021-10-31,60.1,131,25
2021-11-10,24.9,131,26
2021-09-06,1.0,130,228
2021-09-08,0.83,130,229
2021-10-08,2.23,130,226
2021-10-31,21.4,130,227
2021-08-15,2.64,127,38
2021-09-06,2.28,127,32
2021-09-09,2.4,127,33
2021-09-11,2.65,127,37
2021-10-04,4.2,127,39
2021-10-09,34.2,127,34
2021-10-29,8.56,127,35
2021-10-31,47.2,127,36
2021-08-13,0.48,123,137
2021-09-05,0.25,123,136
2021-10-10,0.31,123,135
2021-09-05,1.61,123,232
2021-09-05,4.72,123,200
2021-10-10,2.6,123,231
2021-10-10,9.54,123,199
2021-08-15,12.5,128,58
2021-09-06,11.2,128,53
2021-09-09,15.2,128,54
2021-10-04,12.9,128,59
2021-10-09,20.5,128,56
2021-10-29,17.9,128,55
2021-10-31,51.6,128,57
2021-09-06,0.24,128,241
2021-09-09,0.21,128,236
2021-10-04,0.98,128,242
2021-10-09,3.15,128,237
2021-10-31,13.4,128,239
2021-11-25,0.95,128,240
2021-09-09,0.72,136,83
2021-10-29,0.43,136,84
2021-08-13,3.34,136,42
2021-09-07,3.24,136,44
2021-09-09,3.27,136,43
2021-09-27,2.83,136,40
2021-11-01,3.24,136,41
2021-08-14,1.07,131,80
2021-09-06,0.76,131,79
2021-10-03,0.51,131,82
2021-10-08,1.07,131,76
2021-10-28,1.36,131,81
2021-10-31,7.8,131,77
2021-11-10,1.08,131,83
2021-11-12,0.87,131,78
2021-08-10,0.3,128,189
2021-09-06,0.15,128,182
2021-09-09,0.15,128,183
2021-09-11,0.15,128,188
2021-10-04,0.21,128,190
2021-10-09,1.26,128,184
2021-10-24,1.0,128,191
2021-10-29,2.34,128,185
2021-10-31,9.4,128,186
2021-11-23,0.96,128,187
2021-08-13,0.48,123,51
2021-09-09,5.74,123,47
2021-10-09,0.24,123,48
2021-10-29,0.4,123,49
2021-11-01,1.37,123,50
2021-08-13,1.28,123,195
2021-10-10,1.34,123,194
2021-08-15,0.25,122,187
2021-09-09,0.19,122,182
2021-10-02,0.15,122,189
2021-10-04,0.15,122,188
2021-10-09,0.39,122,183
2021-10-29,0.25,122,190
2021-11-01,0.72,122,184
2021-11-06,0.3,122,185
2021-11-11,0.2,122,186
2021-09-02,0.07,123,174
2021-11-01,0.53,123,173
2021-08-13,0.58,123,67
2021-09-09,0.46,123,65
2021-10-09,1.03,123,66
2021-10-29,0.58,123,68
2021-11-01,0.89,123,69
2021-09-11,2.59,133,192
2021-09-26,0.88,133,193
2021-10-31,1.95,133,191
2021-09-06,127.0,127,99
2021-09-09,102.0,127,93
2021-10-04,144.0,127,98
2021-10-09,461.0,127,94
2021-10-29,197.0,127,95
2021-10-31,1320.0,127,96
2021-11-25,214.0,127,97
2021-09-06,1.52,129,99
2021-09-09,1.36,129,94
2021-10-04,5.21,129,100
2021-10-09,13.7,129,95
2021-10-29,10.2,129,96
2021-10-31,64.7,129,97
2021-11-25,6.33,129,98
2021-09-06,1.71,132,2
2021-10-31,7.71,132,0
2021-11-25,2.54,132,1
2021-10-09,642.0,127,169
2021-10-29,878.0,127,170
2021-09-06,2.9,135,31
2021-09-09,2.78,135,30
2021-10-09,6.82,135,26
2021-10-29,7.17,135,27
2021-11-10,11.4,135,28
2021-11-25,7.13,135,29
2021-09-09,0.3,136,91
2021-09-11,0.25,136,93
2021-09-26,0.17,136,92
2021-09-06,2.99,130,214
2021-10-31,36.9,130,213
2021-08-13,0.96,135,48
2021-09-07,0.26,135,49
2021-09-09,0.31,135,50
2021-09-27,1.06,135,52
2021-09-29,1.09,135,51
2021-10-09,1.36,135,46
2021-10-29,1.34,135,53
2021-11-01,1.54,135,47
2021-08-15,7.26,123,7
2021-10-09,6.85,123,6
2021-10-29,8.78,123,8
2021-09-06,0.86,133,6
2021-09-09,1.02,133,2
2021-10-09,2.6,133,3
2021-10-29,2.24,133,4
2021-10-31,3.94,133,7
2021-11-25,2.17,133,5
2021-08-13,32.0,124,105
2021-08-15,30.0,124,106
2021-09-04,22.6,124,108
2021-09-06,166.0,127,105
2021-09-07,22.2,124,109
2021-09-09,19.6,124,107
2021-10-02,19.6,124,110
2021-10-09,29.5,124,103
2021-10-31,977.0,127,103
2021-11-01,45.4,124,104
2021-11-25,340.0,127,104
2021-09-06,2.84,129,177
2021-09-09,2.8,129,174
2021-09-26,5.67,129,176
2021-10-04,3.23,129,175
2021-10-09,6.2,129,171
2021-10-19,4.2,129,179
2021-10-24,7.35,129,178
2021-10-29,3.74,129,172
2021-10-31,24.7,129,173
2021-11-10,3.59,129,180
2021-08-13,0.25,125,68
2021-08-16,0.23,125,66
2021-09-02,0.16,125,67
2021-09-10,0.18,125,62
2021-10-10,0.05,125,63
2021-10-25,0.07,125,65
2021-11-01,0.1,125,64
2021-08-13,37.7,123,22
2021-09-09,12.1,123,20
2021-10-09,13.1,123,21
2021-10-29,40.8,123,23
2021-09-06,0.57,130,236
2021-10-31,5.34,130,234
2021-11-25,1.91,130,235
2021-09-02,0.77,123,176
2021-11-01,1.52,123,175
2021-09-05,7.09,126,104
2021-09-07,7.3,126,106
2021-09-10,6.96,126,102
2021-10-10,5.74,126,103
2021-10-25,5.88,126,105
2021-11-01,7.54,126,107
2021-08-23,0.57,126,87
2021-09-05,1.08,126,85
2021-09-07,0.4,126,89
2021-09-27,0.29,126,88
2021-10-10,0.33,126,86
2021-09-06,3.34,130,110
2021-10-31,132.0,130,108
2021-11-25,14.4,130,109
2021-08-16,0.71,125,57
2021-09-02,0.59,125,58
2021-09-10,0.61,125,59
2021-10-10,0.56,125,55
2021-10-25,0.83,125,54
2021-11-01,0.98,125,56
2021-08-13,0.59,124,224
2021-09-04,0.37,124,226
2021-09-07,0.36,124,227
2021-09-09,0.44,124,225
2021-10-02,0.37,124,228
2021-10-09,0.43,124,222
2021-11-01,0.94,124,223
2021-10-09,2.33,129,230
2021-10-19,1.2,129,237
2021-10-29,1.64,129,231
2021-10-31,3.55,129,233
2021-08-07,24.6,132,58
2021-10-31,48.8,132,55
2021-11-10,48.3,132,56
2021-11-25,42.5,132,57
2021-09-05,1.5,125,81
2021-09-07,1.29,125,82
2021-10-10,0.97,125,78
2021-10-25,1.12,125,79
2021-11-01,1.2,125,80
2021-08-13,0.2,123,224
2021-09-05,0.14,123,225
2021-10-10,0.25,123,223
2021-09-06,7.23,130,204
2021-10-31,128.0,130,203
2021-08-13,1.66,123,101
2021-11-01,11.0,123,102
2021-08-07,2.54,134,75
2021-09-09,1.53,134,76
2021-09-11,2.68,134,77
2021-10-09,4.85,134,74
2021-08-07,9.87,132,38
2021-08-12,7.83,132,41
2021-08-22,8.34,132,40
2021-09-03,25.3,132,39
2021-10-08,12.5,132,34
2021-10-31,17.9,132,35
2021-11-10,9.8,132,36
2021-11-25,14.2,132,37
2021-08-13,0.32,125,35
2021-09-09,0.21,125,36
2021-10-02,0.21,125,37
2021-10-09,0.49,125,33
2021-10-29,1.14,125,38
2021-11-01,2.91,125,34
2021-09-05,1.96,126,122
2021-09-07,2.03,126,126
2021-09-27,2.0,126,123
2021-10-10,1.9,126,124
2021-10-25,2.0,126,125
2021-11-01,2.23,126,127
2021-09-07,11.6,135,208
2021-09-09,10.5,135,207
2021-09-27,9.75,135,205
2021-10-09,10.6,135,209
2021-10-29,7.24,135,210
2021-11-01,6.59,135,206
2021-09-06,0.68,130,196
2021-09-08,0.4,130,197
2021-10-08,2.02,130,194
2021-10-28,1.51,130,198
2021-10-31,9.07,130,195
2021-09-06,0.36,124,57
2021-09-09,0.4,124,58
2021-09-11,0.36,124,61
2021-10-09,0.5,124,59
2021-11-25,0.54,124,60
2021-09-05,0.21,126,157
2021-09-07,0.2,126,158
2021-09-10,0.23,126,159
2021-10-10,0.18,126,160
2021-10-25,0.23,126,161
2021-08-13,0.79,136,52
2021-09-06,1.78,131,135
2021-09-07,2.35,136,53
2021-09-08,1.33,131,136
2021-09-09,2.39,136,49
2021-09-27,0.7,136,50
2021-10-08,1.49,131,133
2021-10-09,1.66,136,54
2021-10-31,28.9,131,134
2021-11-01,5.33,136,51
2021-08-14,1.72,136,115
2021-09-06,21.6,129,210
2021-09-06,1.72,136,117
2021-09-08,0.72,136,116
2021-09-09,21.5,129,209
2021-09-26,28.4,129,211
2021-10-03,0.87,136,118
2021-10-04,30.2,129,212
2021-10-08,0.8,136,112
2021-10-09,30.3,129,206
2021-10-19,29.9,129,213
2021-10-29,31.5,129,207
2021-10-31,285.0,129,208
2021-10-31,3.44,136,113
2021-11-10,0.82,136,119
2021-11-12,0.74,136,114
2021-09-06,3.14,131,105
2021-10-08,1.11,131,102
2021-10-31,5.93,131,103
2021-11-10,1.4,131,104
2021-09-06,3.14,135,36
2021-09-09,3.72,135,37
2021-10-09,11.8,135,32
2021-10-29,11.0,135,33
2021-11-10,6.19,135,34
2021-11-25,5.34,135,35
2021-08-07,3.84,134,51
2021-08-10,3.64,134,48
2021-09-09,3.67,134,50
2021-09-11,5.82,134,49
2021-10-01,4.17,134,52
2021-10-09,4.83,134,47
2021-10-29,3.76,134,53
2021-10-31,4.14,134,54
2021-08-15,1.87,122,215
2021-09-09,1.44,122,213
2021-10-09,4.46,122,214
2021-10-29,3.01,122,216
2021-09-03,21.1,134,87
2021-09-08,20.3,134,88
2021-10-08,11.1,134,86
2021-08-07,1.35,132,70
2021-08-22,1.41,132,72
2021-09-03,2.91,132,71
2021-10-08,1.62,132,66
2021-10-31,2.28,132,67
2021-11-10,1.6,132,68
2021-11-25,2.29,132,69
2021-09-06,0.46,129,141
2021-09-09,0.46,129,136
2021-10-04,1.36,129,142
2021-10-09,2.62,129,137
2021-10-29,1.52,129,138
2021-10-31,16.6,129,139
2021-11-25,0.81,129,140
2021-08-07,72.5,134,109
2021-09-03,57.3,134,108
2021-10-08,46.7,134,105
2021-10-31,67.1,134,106
2021-11-10,69.8,134,107
2021-08-13,0.33,123,73
2021-08-15,0.32,123,74
2021-09-07,0.17,123,79
2021-09-09,0.33,123,70
2021-10-02,0.23,123,76
2021-10-09,0.42,123,71
2021-10-29,0.23,123,75
2021-11-01,0.6,123,72
2021-11-03,0.76,123,78
2021-11-06,0.5,123,77
2021-08-13,28.2,125,144
2021-09-02,20.2,125,145
2021-10-10,16.5,125,143
2021-08-15,32.8,122,9
2021-09-09,24.7,122,6
2021-09-09,1.86,123,121
2021-10-09,61.2,122,7
2021-10-09,1.34,123,122
2021-10-29,36.6,122,8
2021-08-10,1.19,133,205
2021-09-09,0.76,133,199
2021-09-11,0.71,133,202
2021-09-26,0.96,133,204
2021-09-29,0.99,133,203
2021-10-09,1.23,133,200
2021-10-31,1.62,133,201
2021-08-13,0.45,126,233
2021-08-15,4.55,124,156
2021-09-09,2.99,124,154
2021-10-09,6.53,124,155
2021-10-29,4.35,124,157
2021-11-03,14.2,124,158
2021-09-11,1.14,133,155
2021-10-31,0.65,133,154
2021-09-10,0.2,126,50
2021-10-10,0.044,126,51
2021-10-30,0.11,126,52
2021-09-09,2.91,135,145
2021-09-27,3.24,135,143
2021-10-09,3.9,135,146
2021-11-01,4.39,135,144
2021-09-06,2.43,131,225
2021-10-31,15.8,131,223
2021-11-25,5.72,131,224
2021-08-13,0.51,125,29
2021-08-15,0.42,125,30
2021-09-07,0.18,125,31
2021-09-09,0.42,125,26
2021-10-02,0.38,125,32
2021-10-09,0.46,125,27
2021-11-01,3.18,125,28
2021-08-15,0.09,128,67
2021-09-06,0.07,128,60
2021-09-09,0.07,128,61
2021-09-11,0.07,128,66
2021-10-04,0.07,128,68
2021-10-09,0.13,128,62
2021-10-29,0.1,128,63
2021-10-31,3.9,128,64
2021-11-03,0.66,128,69
2021-11-25,0.1,128,65
2021-08-15,0.79,134,249
2021-09-04,0.74,135,1
2021-09-07,0.65,135,2
2021-09-09,1.65,135,0
2021-10-02,0.91,135,3
2021-10-09,2.63,134,247
2021-10-29,1.44,135,4
2021-11-01,3.56,134,248
2021-09-07,1.04,136,21
2021-09-09,1.18,136,20
2021-09-27,1.15,136,18
2021-10-09,1.11,136,22
2021-11-01,0.87,136,19
2021-09-05,0.26,126,98
2021-09-07,0.26,126,97
2021-09-10,0.28,126,95
2021-09-27,0.23,126,99
2021-10-10,0.23,126,96
2021-10-25,0.23,126,100
2021-11-01,0.29,126,101
2021-08-15,2.32,123,41
2021-09-09,7.18,123,37
2021-10-09,2.35,123,38
2021-10-29,3.03,123,39
2021-11-01,8.34,123,40
2021-08-13,6.07,122,168
2021-08-15,5.61,122,167
2021-09-07,3.88,122,170
2021-09-09,4.11,122,160
2021-10-02,5.3,122,171
2021-10-04,4.82,122,169
2021-10-09,4.91,122,161
2021-10-22,5.46,122,172
2021-10-29,5.11,122,165
2021-11-01,6.92,122,162
2021-11-06,6.68,122,166
2021-11-11,5.31,122,163
2021-11-16,5.53,122,164
2021-08-07,0.92,132,173
2021-09-04,5.29,132,170
2021-09-09,1.9,132,169
2021-09-29,1.55,132,172
2021-10-09,2.91,132,164
2021-10-14,2.03,132,171
2021-10-29,3.71,132,165
2021-10-31,8.78,132,166
2021-11-10,1.78,132,167
2021-11-25,2.05,132,168
2021-09-06,16.0,131,11
2021-09-08,27.5,131,10
2021-10-08,9.93,131,8
2021-10-31,16.6,131,9
2021-08-13,0.8,123,247
2021-09-05,3.7,123,246
2021-10-10,3.5,123,245
2021-09-06,47.4,131,31
2021-10-08,27.3,131,28
2021-10-31,56.3,131,29
2021-11-10,28.8,131,30
2021-09-05,4.3,126,201
2021-09-07,4.6,126,199
2021-09-10,4.53,126,198
2021-09-27,4.12,126,200
2021-10-10,4.08,126,203
2021-10-25,4.09,126,202
2021-08-15,1.09,124,64
2021-09-09,0.78,124,62
2021-10-09,1.11,124,63
2021-10-29,0.94,124,65
2021-08-13,1.74,135,139
2021-09-07,1.4,135,140
2021-09-09,1.56,135,141
2021-09-27,1.93,135,137
2021-10-09,2.2,135,142
2021-11-01,2.24,135,138
2021-08-13,0.32,135,85
2021-09-27,0.99,135,84
2021-09-29,1.0,135,86
2021-10-09,1.23,135,82
2021-11-01,0.94,135,83
2021-09-07,0.92,135,220
2021-09-09,0.93,135,219
2021-09-27,1.0,135,217
2021-10-09,0.81,135,221
2021-11-01,0.72,135,218
2021-08-07,16.9,132,54
2021-09-03,23.1,132,53
2021-10-08,19.0,132,50
2021-10-31,35.8,132,51
2021-11-10,25.1,132,52
2021-08-07,0.97,134,230
2021-09-06,0.61,134,231
2021-10-01,0.9,134,232
2021-10-09,3.36,134,227
2021-10-29,3.04,134,228
2021-11-10,1.46,134,229
2021-09-02,0.09,123,182
2021-10-10,0.07,123,181
2021-09-06,0.17,129,134
2021-09-09,0.15,129,129
2021-10-04,0.55,129,135
2021-10-09,1.24,129,130
2021-10-29,0.76,129,131
2021-10-31,8.37,129,132
2021-11-25,0.51,129,133
2021-08-07,2.39,132,109
2021-08-12,2.56,132,107
2021-09-03,2.67,132,108
2021-10-08,2.93,132,103
2021-10-31,4.84,132,104
2021-11-10,2.71,132,105
2021-11-25,3.2,132,106
2021-09-06,0.39,129,242
2021-09-06,0.64,130,1
2021-09-09,0.35,129,241
2021-09-09,0.57,130,0
2021-09-26,0.66,129,243
2021-09-26,1.3,130,2
2021-10-04,0.6,129,244
2021-10-04,1.06,130,3
2021-10-09,2.0,129,238
2021-10-09,3.29,129,247
2021-10-19,0.84,129,245
2021-10-19,0.82,130,4
2021-10-24,7.31,130,5
2021-10-29,1.03,129,239
2021-10-29,1.74,129,248
2021-10-31,9.83,129,240
2021-10-31,21.6,129,249
2021-11-10,0.7,129,246
2021-09-06,0.52,130,86
2021-09-26,0.58,130,87
2021-10-31,7.28,130,85
2021-11-10,0.48,130,88
2021-09-06,11.3,130,206
2021-10-31,176.0,130,205
2021-08-15,1.57,128,40
2021-09-06,1.32,128,37
2021-09-09,1.5,128,35
2021-10-01,1.29,128,41
2021-10-04,1.3,128,42
2021-10-09,1.92,128,38
2021-10-29,2.28,128,36
2021-10-31,6.53,128,39
2021-08-15,0.8,124,182
2021-09-04,0.77,124,184
2021-09-09,0.73,124,183
2021-10-09,1.55,124,181
2021-10-29,2.1,124,185
2021-08-15,7.68,122,83
2021-09-09,4.41,122,80
2021-10-04,5.98,122,84
2021-10-09,16.8,122,81
2021-10-29,10.5,122,82
2021-09-02,1.07,123,161
2021-09-09,1.92,123,159
2021-10-09,0.88,123,157
2021-10-29,2.64,123,160
2021-11-01,3.43,123,158
2021-09-05,2.56,126,36
2021-09-07,2.31,126,38
2021-09-10,3.14,126,35
2021-10-10,1.58,126,37
2021-08-07,4.22,134,197
2021-09-09,3.43,134,196
2021-09-11,3.32,134,195
2021-09-29,2.91,134,198
2021-10-09,6.16,134,194
2021-10-29,7.16,134,199
2021-10-31,9.26,134,200
2021-09-06,0.31,128,210
2021-09-09,0.27,128,211
2021-09-11,0.26,128,215
2021-10-01,0.42,128,217
2021-10-04,0.43,128,216
2021-10-09,2.92,128,212
2021-10-29,1.43,128,213
2021-10-31,6.59,128,214
2021-08-13,1.32,123,221
2021-09-05,0.83,123,222
2021-10-10,1.63,123,220
2021-09-09,3.53,135,9
2021-10-09,23.5,135,5
2021-10-29,17.0,135,6
2021-11-10,22.6,135,7
2021-11-25,20.4,135,8
2021-08-13,4.64,124,2
2021-09-07,12.8,136,47
2021-09-09,12.7,136,45
2021-09-27,6.68,136,48
2021-10-10,7.5,124,1
2021-11-01,17.1,136,46
2021-09-05,2.8,126,179
2021-09-07,2.93,126,176
2021-09-10,3.35,126,175
2021-09-27,2.75,126,177
2021-10-10,2.91,126,178
2021-09-06,3.2,130,44
2021-09-09,2.67,130,43
2021-10-04,2.31,130,45
2021-10-09,4.6,130,40
2021-10-19,1.69,130,46
2021-10-29,3.85,130,41
2021-10-31,12.3,130,42
2021-08-13,0.37,125,108
2021-09-07,0.12,125,109
2021-09-09,0.13,125,107
2021-10-09,0.12,125,105
2021-10-29,0.09,125,110
2021-11-01,0.07,125,106
2021-09-10,1.18,124,54
2021-10-10,0.76,124,55
2021-10-30,1.74,124,56
2021-08-07,3.74,134,81
2021-09-06,2.21,134,84
2021-09-09,2.29,134,83
2021-09-11,2.81,134,82
2021-09-29,3.29,134,85
2021-10-09,4.59,134,78
2021-10-29,3.72,134,79
2021-11-10,3.79,134,80
2021-08-13,92.5,122,22
2021-08-07,5.84,134,154
2021-09-03,3.77,134,153
2021-10-08,6.35,134,150
2021-10-31,10.6,134,151
2021-11-10,12.5,134,152
2021-09-09,0.64,133,218
2021-09-11,0.62,133,217
2021-09-29,0.46,133,219
2021-10-09,0.47,133,216
2021-10-29,0.48,133,220
2021-08-07,94.1,134,123
2021-09-09,82.2,134,120
2021-09-11,73.7,134,121
2021-09-29,50.4,134,122
2021-10-09,91.4,134,119
2021-10-29,75.3,134,124
2021-10-31,85.5,134,125
2021-08-07,2.77,132,18
2021-08-22,2.39,132,19
2021-09-03,5.14,132,20
2021-10-08,2.96,132,14
2021-10-31,3.58,132,15
2021-11-10,2.89,132,16
2021-11-25,3.9,132,17
2021-09-04,4.35,131,214
2021-09-06,2.15,130,166
2021-09-06,1.21,131,213
2021-09-09,1.98,130,161
2021-09-09,1.19,131,208
2021-10-04,2.15,130,167
2021-10-04,1.5,131,215
2021-10-09,5.78,130,162
2021-10-09,9.1,131,209
2021-10-29,4.21,130,163
2021-10-29,3.49,131,210
2021-10-31,6.51,130,164
2021-10-31,13.5,131,211
2021-11-25,4.72,130,165
2021-11-25,3.17,131,212
2021-09-09,5.47,136,81
2021-09-29,3.88,136,82
2021-10-31,255.0,130,209
2021-09-02,0.58,126,3
2021-10-10,0.42,126,2
2021-09-02,43.6,124,142
2021-10-10,40.3,124,141
2021-08-15,0.22,122,249
2021-09-09,4.64,122,247
2021-10-09,0.23,122,248
2021-10-29,0.19,123,0
2021-11-01,0.61,123,1
2021-08-13,0.47,125,103
2021-09-02,0.1,125,104
2021-10-10,0.36,125,102
2021-08-07,0.35,132,177
2021-10-31,6.0,132,174
2021-11-10,1.3,132,175
2021-11-25,1.83,132,176
2021-09-09,0.71,134,20
2021-09-11,0.98,134,19
2021-09-29,0.79,134,21
2021-10-09,0.77,134,18
2021-09-06,0.17,127,221
2021-09-09,0.15,127,222
2021-09-11,0.15,127,226
2021-10-01,0.37,127,228
2021-10-04,0.31,127,227
2021-10-09,1.34,127,223
2021-10-29,0.27,127,224
2021-10-31,7.96,127,225
2021-11-03,1.91,127,229
2021-09-05,1.34,126,197
2021-09-07,0.64,126,194
2021-09-10,0.69,126,192
2021-09-27,0.53,126,195
2021-10-10,0.49,126,196
2021-11-01,0.79,126,193
2021-08-13,1.85,125,7
2021-08-15,1.53,125,8
2021-09-07,0.66,125,9
2021-09-09,1.25,125,4
2021-10-02,1.35,125,10
2021-10-09,2.5,125,5
2021-10-29,2.69,125,11
2021-11-01,5.77,125,6
2021-08-13,1.04,123,240
2021-08-13,0.24,124,5
2021-09-05,0.69,123,241
2021-09-05,0.16,124,4
2021-10-10,1.46,123,239
2021-10-10,0.31,124,3
2021-08-15,0.39,127,241
2021-09-09,0.2,127,238
2021-10-04,0.28,127,242
2021-10-09,0.32,127,239
2021-10-29,0.27,127,240
2021-08-07,0.42,132,145
2021-09-03,0.44,132,146
2021-10-08,0.51,132,141
2021-10-31,1.16,132,142
2021-11-10,1.31,132,143
2021-11-25,1.06,132,144
2021-09-06,1.71,130,115
2021-09-09,1.64,130,111
2021-10-04,2.09,130,116
2021-10-09,3.52,130,112
2021-10-29,2.99,130,113
2021-10-31,7.2,130,117
2021-11-03,8.13,130,118
2021-11-25,2.73,130,114
2021-09-06,0.44,130,188
2021-09-09,0.33,130,184
2021-10-04,0.32,130,190
2021-10-09,0.56,130,185
2021-10-31,5.55,130,186
2021-11-03,1.39,130,189
2021-11-10,0.55,130,191
2021-11-25,0.7,130,187
2021-08-07,714.0,127,151
2021-09-06,637.0,127,153
2021-09-09,621.0,127,152
2021-10-01,476.0,127,154
2021-10-09,606.0,127,148
2021-10-29,873.0,127,149
2021-11-10,1220.0,127,150
2021-09-09,1.06,130,144
2021-10-09,5.6,130,145
2021-10-29,3.78,130,146
2021-11-25,3.89,130,147
2021-09-10,0.4,126,24
2021-10-10,0.05,126,25
2021-10-30,0.08,126,26
2021-09-02,0.48,125,61
2021-11-01,0.46,125,60
2021-11-01,3.99,123,108
2021-09-07,0.37,135,190
2021-11-01,0.29,135,191
2021-08-15,3.85,124,71
2021-09-09,2.05,124,69
2021-10-09,7.34,124,70
2021-10-29,5.61,124,72
2021-09-06,0.75,129,92
2021-09-06,0.67,129,127
2021-09-09,0.6,129,87
2021-09-09,0.58,129,122
2021-10-04,2.4,129,93
2021-10-04,2.61,129,128
2021-10-09,9.5,129,88
2021-10-09,5.12,129,123
2021-10-29,3.54,129,89
2021-10-29,5.05,129,124
2021-10-31,21.0,129,90
2021-10-31,40.7,129,125
2021-11-25,2.27,129,91
2021-11-25,3.41,129,126
2021-09-06,13.4,130,77
2021-09-26,11.6,130,78
2021-10-31,82.7,130,76
2021-09-06,14.8,130,81
2021-09-26,12.8,130,80
2021-10-31,92.2,130,79
2021-09-09,2.06,134,39
2021-09-11,2.92,134,38
2021-10-09,1.38,134,37
2021-09-10,0.63,126,7
2021-10-10,0.37,126,8
2021-09-05,1.26,125,215
2021-09-07,1.24,125,214
2021-09-10,1.33,125,213
2021-10-10,1.17,125,216
2021-10-30,1.27,125,217
2021-09-09,1.27,128,82
2021-10-09,4.62,128,83
2021-08-13,0.23,123,116
2021-09-09,0.49,123,114
2021-10-09,0.6,123,115
2021-09-03,3.81,133,56
2021-09-08,7.18,133,55
2021-09-26,2.78,133,57
2021-10-08,7.57,133,53
2021-10-31,4.76,133,54
2021-09-03,0.82,133,109
2021-09-08,3.14,133,110
2021-09-26,0.92,133,111
2021-10-08,2.46,133,107
2021-10-31,1.32,133,108
2021-08-15,0.35,122,107
2021-09-09,0.31,122,102
2021-10-09,0.31,122,103
2021-10-29,0.21,122,104
2021-11-06,0.26,122,106
2021-11-16,0.23,122,105
2021-08-15,0.74,124,162
2021-09-07,0.52,124,163
2021-09-09,0.56,124,159
2021-10-09,0.84,124,160
2021-10-29,0.83,124,164
2021-11-01,1.38,124,161
2021-09-06,0.85,130,60
2021-09-09,0.7,130,59
2021-09-26,1.01,130,61
2021-10-04,1.02,130,63
2021-10-09,2.07,130,58
2021-10-19,0.81,130,62
2021-10-24,2.62,130,64
2021-10-29,1.59,130,56
2021-10-31,19.0,130,57
2021-08-07,4.43,132,25
2021-08-22,4.47,132,27
2021-09-03,12.9,132,26
2021-10-08,7.98,132,21
2021-10-31,11.0,132,22
2021-11-10,5.66,132,23
2021-11-25,8.07,132,24
2021-08-13,0.59,123,63
2021-09-09,0.82,123,61
2021-10-09,0.48,123,62
2021-10-29,0.32,123,64
2021-09-06,4.27,131,109
2021-10-08,1.89,131,106
2021-10-31,4.68,131,107
2021-11-10,2.63,131,108
2021-08-13,145.0,122,37
2021-09-02,121.0,122,38
2021-09-10,99.3,122,35
2021-10-10,262.0,122,36
2021-09-06,0.52,131,240
2021-10-31,4.66,131,238
2021-11-25,2.16,131,239
2021-09-03,145.0,131,41
2021-09-06,122.0,131,40
2021-09-08,85.1,131,42
2021-10-08,55.6,131,37
2021-10-31,132.0,131,38
2021-11-25,111.0,131,39
2021-08-15,5.29,128,122
2021-09-06,4.56,128,116
2021-09-09,4.95,128,117
2021-10-01,4.65,128,123
2021-10-04,4.56,128,121
2021-10-09,5.44,128,118
2021-10-29,4.87,128,119
2021-10-31,10.1,128,120
2021-08-15,0.73,124,151
2021-09-09,0.53,124,149
2021-10-09,0.77,124,150
2021-10-29,0.87,124,152
2021-11-03,4.95,124,153
2021-09-07,0.59,125,114
2021-09-09,0.92,125,113
2021-09-27,0.69,125,117
2021-09-29,0.51,125,115
2021-10-09,0.62,125,111
2021-10-29,0.59,125,116
2021-11-01,0.92,125,112
2021-08-13,129.0,122,29
2021-09-02,93.3,122,30
2021-10-10,229.0,122,28
2021-09-02,32.3,124,128
2021-09-09,33.7,124,126
2021-10-09,37.7,124,124
2021-10-29,54.4,124,127
2021-11-01,61.3,124,125
2021-08-13,41.4,125,147
2021-09-02,31.4,125,148
2021-10-10,26.3,125,146
2021-08-07,0.73,134,187
2021-09-09,2.26,134,185
2021-09-29,0.85,134,186
2021-10-09,1.13,134,184
2021-10-29,1.36,134,188
2021-10-31,1.32,134,189
2021-09-06,15.7,132,222
2021-09-09,15.8,132,223
2021-10-09,27.0,132,218
2021-10-29,29.6,132,219
2021-11-10,36.1,132,220
2021-11-25,29.6,132,221
2021-08-13,9.42,135,117
2021-09-09,8.44,135,116
2021-09-27,8.97,135,114
2021-10-09,10.6,135,118
2021-11-01,11.9,135,115
2021-09-07,1.03,136,36
2021-09-09,0.47,136,34
2021-09-27,0.18,136,37
2021-11-01,4.46,136,35
2021-08-13,2.83,123,249
2021-09-05,3.01,124,0
2021-10-10,4.52,123,248
2021-08-07,72.0,133,90
2021-08-10,65.2,133,86
2021-09-09,73.4,133,88
2021-09-11,65.9,133,87
2021-09-29,56.0,133,89
2021-10-09,69.3,133,85
2021-08-13,25.4,123,218
2021-09-02,24.9,123,219
2021-09-10,22.4,123,216
2021-10-10,28.8,123,217
2021-08-19,0.1,131,153
2021-09-06,0.17,131,151
2021-09-08,0.11,131,152
2021-10-08,0.09,131,149
2021-10-31,1.0,131,150
2021-09-03,1.25,133,129
2021-09-08,2.73,133,130
2021-09-11,1.97,133,131
2021-09-26,1.02,133,132
2021-10-08,3.47,133,127
2021-10-31,1.97,133,128
2021-11-10,1.13,133,133
2021-09-06,48.3,129,219
2021-09-06,1.62,130,91
2021-09-06,0.19,130,96
2021-09-26,49.7,129,220
2021-09-26,1.84,130,92
2021-09-26,0.54,130,97
2021-10-31,463.0,129,217
2021-10-31,30.3,130,89
2021-10-31,10.3,130,94
2021-11-10,2.04,130,93
2021-11-25,63.0,129,218
2021-11-25,4.05,130,90
2021-11-25,1.16,130,95
2021-09-06,4.0,129,185
2021-09-09,3.4,129,184
2021-09-26,8.38,129,186
2021-10-04,5.64,129,187
2021-10-09,15.5,129,181
2021-10-19,5.16,129,188
2021-10-29,8.16,129,182
2021-10-31,61.1,129,183
2021-09-06,7.45,129,193
2021-09-09,6.51,129,192
2021-09-26,15.5,129,194
2021-10-04,10.5,129,195
2021-10-09,23.5,129,189
2021-10-19,9.08,129,196
2021-10-29,17.2,129,190
2021-10-31,104.0,129,191
2021-08-15,10.7,123,17
2021-09-09,10.6,123,15
2021-10-09,9.74,123,16
2021-10-29,37.9,123,18
2021-11-01,21.8,123,19
2021-09-05,37.8,124,136
2021-09-07,37.1,124,137
2021-10-10,35.7,124,133
2021-10-25,52.3,124,134
2021-11-01,57.4,124,135
2021-09-02,0.23,125,101
2021-10-10,0.22,125,100
2021-09-05,0.14,126,168
2021-09-07,0.15,126,164
2021-09-10,0.14,126,166
2021-09-27,0.13,126,163
2021-10-10,0.13,126,162
2021-10-25,0.17,126,167
2021-11-01,0.16,126,165
2021-09-02,0.15,123,156
2021-09-02,0.028,123,167
2021-09-09,0.28,123,155
2021-09-09,0.1,123,166
2021-10-09,0.16,123,153
2021-10-09,0.022,123,164
2021-11-01,0.5,123,154
2021-11-01,0.13,123,165
2021-09-06,3.77,133,25
2021-09-09,3.19,133,26
2021-10-09,15.1,133,21
2021-10-29,4.43,133,22
2021-10-31,10.0,133,27
2021-11-10,4.38,133,24
2021-11-25,4.76,133,23
2021-09-06,0.35,129,76
2021-09-09,0.45,129,71
2021-10-04,0.35,129,77
2021-10-09,0.51,129,72
2021-10-29,0.38,129,73
2021-10-31,0.86,129,74
2021-11-25,0.4,129,75
2021-09-05,0.06,125,205
2021-09-07,0.06,125,206
2021-09-10,0.07,125,203
2021-10-10,0.05,125,204
2021-10-25,0.036,125,207
2021-09-10,1.13,126,12
2021-10-10,0.89,126,13
2021-08-07,0.79,134,144
2021-09-03,0.93,134,143
2021-10-08,1.47,134,140
2021-10-31,3.3,134,141
2021-11-10,2.26,134,142
2021-09-06,17.2,131,14
2021-09-08,29.3,131,15
2021-10-08,11.1,131,12
2021-10-31,26.7,131,13
2021-09-09,2.83,136,59
2021-10-09,3.09,136,60
2021-09-09,20.8,122,3
2021-10-09,59.4,122,4
2021-10-29,36.4,122,5
2021-08-13,2.84,123,87
2021-09-09,7.03,123,85
2021-10-09,3.34,123,86
2021-08-15,0.25,125,41
2021-09-09,1.37,125,42
2021-10-02,0.19,125,43
2021-10-09,0.33,125,39
2021-10-29,0.67,125,44
2021-11-01,1.87,125,40
2021-09-06,1.7,133,19
2021-09-09,1.99,133,14
2021-10-04,1.46,133,20
2021-10-09,8.05,133,15
2021-10-29,3.06,133,16
2021-11-10,2.29,133,17
2021-11-25,2.05,133,18
2021-08-07,0.62,132,77
2021-10-08,1.65,132,73
2021-10-31,1.2,132,74
2021-11-10,0.88,132,75
2021-11-25,1.07,132,76
2021-09-10,1.69,123,162
2021-10-10,1.53,123,163
2021-09-06,0.74,128,248
2021-09-09,0.63,128,243
2021-10-04,2.38,128,249
2021-10-09,4.16,128,244
2021-10-29,3.44,128,245
2021-10-31,19.2,128,246
2021-11-25,1.61,128,247
2021-09-11,3.2,133,237
2021-09-11,6.74,133,169
2021-10-31,3.82,133,236
2021-10-31,6.74,133,168
2021-08-07,75.7,133,93
2021-09-09,76.1,133,94
2021-09-11,69.9,133,92
2021-10-09,75.4,133,91
2021-08-13,1.99,124,37
2021-09-05,1.65,124,38
2021-09-10,8.15,124,36
2021-10-10,2.28,124,35
2021-09-06,7.48,131,174
2021-10-08,3.3,131,171
2021-10-31,7.64,131,172
2021-11-10,3.25,131,173
2021-09-06,4.0,128,163
2021-09-09,3.98,128,164
2021-09-11,5.71,128,168
2021-10-01,4.56,128,170
2021-10-04,6.39,128,169
2021-10-09,80.7,128,165
2021-10-29,22.3,128,166
2021-10-31,129.0,128,167
2021-11-03,148.0,128,171
2021-08-13,1.33,135,89
2021-09-07,0.17,135,91
2021-09-09,0.2,135,90
2021-09-27,0.41,135,92
2021-09-29,0.42,135,93
2021-10-09,0.58,135,87
2021-10-29,0.19,135,94
2021-11-01,0.22,135,88
2021-08-07,0.42,132,181
2021-10-31,1.52,132,178
2021-11-10,0.6,132,179
2021-11-25,0.82,132,180
2021-08-13,4.09,125,120
2021-09-07,3.39,125,121
2021-10-09,3.38,125,118
2021-11-01,3.48,125,119
2021-08-07,0.67,132,132
2021-09-03,0.64,132,133
2021-10-08,0.52,132,129
2021-10-31,2.69,132,130
2021-11-10,1.64,132,131
2021-08-13,1.77,135,63
2021-09-07,2.04,135,65
2021-09-09,2.23,135,64
2021-09-27,4.42,135,66
2021-09-29,3.98,135,67
2021-10-09,5.24,135,61
2021-11-01,7.25,135,62
2021-08-13,0.52,136,32
2021-09-07,0.8,136,31
2021-09-09,0.5,136,28
2021-09-27,0.39,136,29
2021-10-09,0.58,136,33
2021-11-01,7.72,136,30
2021-08-07,1.36,134,158
2021-09-03,1.23,134,159
2021-10-08,1.48,134,155
2021-10-31,3.66,134,156
2021-11-10,2.37,134,157
2021-09-06,1.5,128,201
2021-09-09,1.45,128,202
2021-09-11,1.42,128,206
2021-10-01,1.53,128,208
2021-10-04,1.55,128,207
2021-10-09,4.12,128,203
2021-10-29,5.69,128,204
2021-10-31,56.4,128,205
2021-11-03,9.85,128,209
2021-09-09,1.13,136,63
2021-08-07,1.01,133,45
2021-09-04,2.04,133,43
2021-09-06,2.09,133,44
2021-09-09,1.32,133,42
2021-09-29,2.18,133,46
2021-10-09,8.13,133,37
2021-10-14,6.61,133,47
2021-10-29,7.7,133,38
2021-10-31,9.08,133,39
2021-11-10,3.11,133,40
2021-11-25,4.12,133,41
2021-08-13,3.5,123,133
2021-09-05,1.81,123,134
2021-10-10,3.95,123,132
2021-08-10,45.5,133,82
2021-09-09,57.6,133,84
2021-09-11,48.2,133,83
2021-10-09,51.7,133,81
2021-09-05,1.05,123,230
2021-10-10,1.05,123,229
2021-09-05,0.25,126,119
2021-09-07,0.2,126,118
2021-09-27,0.21,126,120
2021-10-10,0.23,126,121
2021-09-05,7.2,123,202
2021-10-10,12.9,123,201
2021-09-05,15.7,125,191
2021-09-07,15.4,125,192
2021-10-10,13.4,125,188
2021-10-25,12.1,125,189
2021-11-01,13.9,125,190
2021-09-06,8.65,130,129
2021-09-09,8.41,130,124
2021-10-04,9.86,130,130
2021-10-09,36.1,130,125
2021-10-29,21.9,130,126
2021-10-31,28.7,130,127
2021-08-10,10.6,133,248
2021-09-09,8.64,134,0
2021-09-11,9.22,133,249
2021-10-09,9.74,133,247
2021-08-15,3.91,125,14
2021-09-04,1.83,125,17
2021-09-09,2.55,125,15
2021-10-02,2.5,125,16
2021-10-09,5.11,125,12
2021-11-01,9.69,125,13
2021-08-15,0.25,128,27
2021-09-06,0.21,128,21
2021-09-09,0.23,128,22
2021-09-11,0.23,128,28
2021-10-04,0.26,128,29
2021-10-09,0.41,128,23
2021-10-29,0.33,128,24
2021-10-31,9.23,128,25
2021-11-25,0.35,128,26
2021-09-03,4.25,133,61
2021-09-08,7.17,133,60
2021-09-26,4.35,133,62
2021-10-08,11.9,133,58
2021-10-31,7.07,133,59
2021-11-10,5.52,133,63
2021-08-13,5.46,124,176
2021-08-15,5.5,124,174
2021-09-04,4.8,124,177
2021-09-07,4.52,124,178
2021-09-09,4.82,124,175
2021-10-02,4.51,124,180
2021-10-09,7.4,124,172
2021-10-29,9.44,124,179
2021-11-01,18.2,124,173
2021-09-05,0.38,123,234
2021-10-10,0.41,123,233
2021-08-15,0.32,127,219
2021-09-09,0.28,127,216
2021-10-04,0.27,127,220
2021-10-09,1.38,127,217
2021-10-29,1.65,127,218
2021-09-05,0.6,126,211
2021-09-07,0.59,126,212
2021-09-10,0.6,126,210
2021-09-27,0.62,126,214
2021-10-10,0.62,126,213
2021-10-25,0.56,126,215
2021-08-14,0.69,131,58
2021-09-06,0.73,131,59
2021-09-08,0.52,131,61
2021-10-03,0.49,131,60
2021-10-08,0.49,131,55
2021-10-31,1.61,131,56
2021-11-10,0.46,131,62
2021-11-12,0.45,131,57
2021-09-06,2.62,130,183
2021-10-31,17.7,130,182
2021-08-13,175.0,122,43
2021-09-02,158.0,122,41
2021-09-10,117.0,122,39
2021-10-07,147.0,122,42
2021-10-10,251.0,122,40
2021-10-30,182.0,122,44
2021-09-06,45.6,127,85
2021-09-09,49.2,127,79
2021-10-04,73.7,127,84
2021-10-09,318.0,127,80
2021-10-29,108.0,127,81
2021-10-31,604.0,127,82
2021-11-25,120.0,127,83
2021-09-09,0.68,124,66
2021-10-09,1.75,124,67
2021-10-29,2.14,124,68
2021-08-13,3.1,124,14
2021-09-05,3.1,124,15
2021-10-10,3.87,124,13
2021-09-06,0.71,130,35
2021-09-09,0.62,130,34
2021-09-26,1.73,130,36
2021-10-04,1.44,130,37
2021-10-09,2.16,130,31
2021-10-19,0.8,130,38
2021-10-24,6.37,130,39
2021-10-29,2.84,130,32
2021-10-31,8.8,130,33
2021-08-07,2.75,134,148
2021-09-03,1.72,134,149
2021-10-08,1.87,134,145
2021-10-31,5.36,134,146
2021-11-10,3.49,134,147
2021-09-04,0.028,124,231
2021-09-07,0.026,124,233
2021-09-09,0.51,124,232
2021-10-02,0.28,124,234
2021-10-09,0.77,124,229
2021-11-01,1.15,124,230
2021-09-09,0.69,136,95
2021-09-11,0.65,136,94
2021-09-26,0.65,136,96
2021-10-14,0.76,136,97
2021-09-07,33.9,124,132
2021-11-01,54.4,124,131
2021-09-09,4.17,136,64
2021-09-11,9.07,136,65
2021-09-26,3.0,136,66
2021-09-29,2.79,136,67
2021-08-10,4.3,133,225
2021-09-09,2.2,133,227
2021-09-11,2.17,133,226
2021-09-29,2.32,133,228
2021-10-09,2.53,133,224
2021-09-06,5.11,129,120
2021-09-09,4.92,129,115
2021-10-04,16.5,129,121
2021-10-09,35.6,129,116
2021-10-29,16.0,129,117
2021-10-31,228.0,129,118
2021-11-25,19.1,129,119
2021-08-15,0.5,122,197
2021-09-09,0.8,122,195
2021-10-09,1.01,122,196
2021-10-29,0.48,122,198
2021-09-09,1.72,136,16
2021-09-09,6.49,136,14
2021-11-01,1.09,136,17
2021-11-01,3.41,136,15
2021-09-07,0.7,125,77
2021-10-10,0.42,125,74
2021-10-25,0.47,125,75
2021-11-01,0.58,125,76
2021-09-09,1.89,136,77
2021-09-11,2.44,136,78
2021-09-26,1.79,136,79
2021-09-29,1.53,136,80
2021-09-09,2.99,133,229
2021-09-11,2.93,133,235
2021-09-26,3.47,133,232
2021-09-29,3.3,133,234
2021-10-09,3.6,133,230
2021-10-29,3.56,133,233
2021-10-31,3.68,133,231
2021-08-15,0.71,128,33
2021-09-09,0.85,128,30
2021-10-04,0.9,128,34
2021-10-09,1.28,128,32
2021-10-29,1.59,128,31
2021-09-06,5.74,132,204
2021-09-09,5.57,132,200
2021-10-04,5.62,132,205
2021-10-09,13.9,132,201
2021-10-29,11.7,132,202
2021-11-25,14.8,132,203
2021-09-06,27.4,131,23
2021-10-08,16.9,131,20
2021-10-31,53.9,131,21
2021-11-10,16.4,131,22
2021-08-13,0.14,124,48
2021-09-10,0.15,124,46
2021-10-07,0.11,124,49
2021-10-10,0.11,124,47
2021-10-30,0.17,124,50
2021-08-13,8.38,124,26
2021-09-10,26.5,124,23
2021-10-07,12.2,124,25
2021-10-10,13.7,124,24
2021-10-30,21.0,124,27
2021-08-15,0.33,127,246
2021-09-09,0.17,127,243
2021-10-04,0.25,127,247
2021-10-09,1.65,127,244
2021-10-29,0.18,127,245
2021-11-03,3.5,127,248
2021-09-09,10.0,134,2
2021-10-09,11.7,134,1
2021-10-29,10.8,134,3
2021-08-07,0.26,132,100
2021-08-12,0.29,132,102
2021-08-22,0.41,132,101
2021-09-03,0.36,132,99
2021-10-08,0.42,132,95
2021-10-31,1.48,132,96
2021-11-10,1.42,132,98
2021-11-25,1.2,132,97
2021-08-19,0.29,131,126
2021-09-06,0.31,131,124
2021-09-08,0.26,131,125
2021-10-08,0.47,131,122
2021-10-28,2.82,131,127
2021-10-31,3.46,131,123
2021-10-31,498.0,127,116
2021-11-10,602.0,127,117
2021-11-25,620.0,127,118
2021-09-06,15.2,130,208
2021-10-31,238.0,130,207
2021-08-15,0.7,122,180
2021-09-09,0.7,122,177
2021-10-04,0.77,122,181
2021-10-09,0.87,122,178
2021-10-29,0.87,122,179
2021-09-09,29.3,124,122
2021-10-09,31.3,124,120
2021-10-29,44.0,124,123
2021-11-01,50.4,124,121
2021-09-06,0.38,129,83
2021-09-09,0.33,129,78
2021-09-26,1.92,129,85
2021-10-04,1.45,129,84
2021-10-09,2.13,129,79
2021-10-19,0.78,129,86
2021-10-29,2.3,129,80
2021-10-31,14.4,129,81
2021-11-25,1.6,129,82
2021-08-13,48.8,122,17
2021-08-15,36.2,122,16
2021-09-07,25.9,122,18
2021-09-09,27.6,122,10
2021-10-02,60.5,122,20
2021-10-09,69.5,122,11
2021-10-22,28.9,122,21
2021-10-29,39.8,122,15
2021-11-01,333.0,122,12
2021-11-06,65.5,122,19
2021-11-11,45.6,122,13
2021-11-16,33.9,122,14
2021-08-15,0.68,122,193
2021-09-09,1.27,122,191
2021-10-09,2.7,122,192
2021-10-29,0.68,122,194
2021-09-09,1.45,133,179
2021-09-11,1.46,133,182
2021-09-26,1.73,133,184
2021-09-29,1.73,133,183
2021-10-09,1.97,133,180
2021-10-31,2.1,133,181
2021-08-15,1.92,128,49
2021-09-06,1.38,128,43
2021-09-09,2.67,128,44
2021-09-11,1.63,128,51
2021-10-01,1.56,128,50
2021-10-04,1.3,128,48
2021-10-09,2.5,128,45
2021-10-29,2.52,128,46
2021-10-31,13.8,128,47
2021-11-03,9.9,128,52
2021-09-03,167.0,131,47
2021-09-06,142.0,131,46
2021-10-08,64.7,131,43
2021-10-31,127.0,131,44
2021-11-25,129.0,131,45
2021-09-06,0.69,129,62
2021-09-09,0.87,129,57
2021-10-04,1.63,129,63
2021-10-09,11.8,129,58
2021-10-29,3.22,129,59
2021-10-31,63.1,129,60
2021-11-25,2.59,129,61
2021-08-10,1.45,128,139
2021-09-06,0.9,128,136
2021-09-09,0.78,128,131
2021-09-11,1.06,128,132
2021-10-04,1.99,128,138
2021-10-09,5.23,128,133
2021-10-29,2.71,128,134
2021-10-31,25.4,128,135
2021-11-23,2.98,128,137
2021-10-31,1.84,133,212
2021-09-05,0.13,125,210
2021-09-07,0.16,125,212
2021-09-10,0.15,125,208
2021-10-10,0.07,125,209
2021-10-30,0.07,125,211
2021-09-04,1.03,130,177
2021-09-06,0.82,130,175
2021-09-09,0.68,130,170
2021-10-04,0.86,130,176
2021-10-09,1.22,130,171
2021-10-29,1.02,130,172
2021-10-31,6.36,130,173
2021-11-03,2.33,130,178
2021-11-25,1.09,130,174
2021-09-10,4.71,126,39
2021-10-10,2.76,126,40
2021-08-13,1.31,124,40
2021-09-05,0.97,124,41
2021-10-10,1.88,124,39
2021-08-13,4.58,135,111
2021-09-07,4.09,135,110
2021-09-09,4.51,135,109
2021-09-27,4.54,135,107
2021-10-09,5.23,135,112
2021-10-29,4.72,135,113
2021-11-01,6.81,135,108
2021-08-07,3.32,132,161
2021-09-04,11.1,132,160
2021-09-09,4.66,132,159
2021-09-29,3.61,132,162
2021-10-09,11.9,132,154
2021-10-14,14.4,132,163
2021-10-29,15.5,132,155
2021-10-31,24.4,132,156
2021-11-10,13.1,132,157
2021-11-25,12.9,132,158
2021-09-04,3.68,124,170
2021-09-09,3.77,124,169
2021-10-09,5.45,124,168
2021-10-29,6.34,124,171
2021-09-07,1.79,135,225
2021-09-09,1.85,135,224
2021-09-27,1.85,135,222
2021-10-09,1.75,135,226
2021-11-01,1.72,135,223
2021-09-06,2.25,130,212
2021-10-31,17.5,130,210
2021-11-25,2.05,130,211
2021-08-07,0.16,134,163
2021-09-03,0.14,134,164
2021-10-08,0.18,134,160
2021-10-31,0.8,134,161
2021-11-10,0.48,134,162
2021-08-07,0.77,134,136
2021-08-12,0.85,134,139
2021-08-22,0.5,134,138
2021-09-03,1.02,134,137
2021-10-08,1.0,134,132
2021-10-31,3.42,134,133
2021-11-10,1.62,134,134
2021-11-25,2.23,134,135
2021-09-06,11.2,131,193
2021-10-08,2.53,131,190
2021-10-31,13.6,131,191
2021-11-25,7.29,131,192
2021-08-15,1.82,122,120
2021-09-09,1.78,122,117
2021-10-04,1.7,122,121
2021-10-09,1.8,122,118
2021-10-29,1.67,122,119
2021-11-03,4.21,122,122
2021-09-06,0.62,129,50
2021-09-09,0.67,129,51
2021-09-11,0.83,129,55
2021-10-04,0.35,129,56
2021-10-09,9.08,129,52
2021-10-29,2.28,129,53
2021-10-31,30.2,129,54
2021-08-15,0.63,122,126
2021-09-09,0.63,122,123
2021-10-04,0.64,122,127
2021-10-09,0.78,122,124
2021-10-29,0.55,122,125
2021-11-03,0.84,122,128
2021-09-09,0.6,122,108
2021-10-09,0.94,122,109
2021-10-29,0.66,122,110
2021-11-03,1.16,122,111
2021-09-09,1.14,122,112
2021-10-04,0.76,122,115
2021-10-09,0.79,122,113
2021-10-29,1.09,122,114
2021-11-03,3.87,122,116
2021-09-06,0.87,131,101
2021-10-08,0.4,131,98
2021-10-31,1.79,131,99
2021-11-10,0.66,131,100
2021-09-05,0.042,125,86
2021-09-07,0.041,125,87
2021-10-10,0.045,125,83
2021-10-25,0.043,125,84
2021-11-01,0.041,125,85
2021-09-02,0.25,123,178
2021-11-01,0.53,123,177
2021-09-07,0.21,135,161
2021-09-09,0.21,135,160
2021-09-27,0.31,135,162
2021-09-29,0.27,135,163
2021-10-09,0.29,135,158
2021-11-01,0.34,135,159
2021-09-04,0.48,131,235
2021-09-06,0.23,131,234
2021-09-09,0.2,131,229
2021-10-04,0.25,131,236
2021-10-09,0.77,131,230
2021-10-14,0.26,131,237
2021-10-29,0.62,131,231
2021-10-31,17.6,131,232
2021-11-25,0.44,131,233
2021-08-13,1.1,123,145
2021-09-05,0.85,123,146
2021-10-10,2.47,123,144
2021-09-06,7.97,131,143
2021-09-08,5.22,131,144
2021-10-08,5.69,131,141
2021-10-31,80.0,131,142
2021-09-06,67.5,131,35
2021-09-08,48.0,131,36
2021-10-08,40.4,131,32
2021-10-31,137.0,131,33
2021-11-10,45.2,131,34
2021-08-13,1.24,123,128
2021-09-05,0.74,123,127
2021-10-10,1.0,123,126
2021-09-09,0.18,124,244
2021-10-09,0.1,124,242
2021-10-29,0.14,124,245
2021-11-01,0.14,124,243
2021-08-13,2.62,135,103
2021-09-07,2.34,135,105
2021-09-09,2.44,135,104
2021-09-27,2.7,135,101
2021-10-09,2.8,135,106
2021-11-01,3.04,135,102
2021-09-06,188.0,127,108
2021-10-31,747.0,127,106
2021-11-25,413.0,127,107
2021-08-07,0.52,134,239
2021-09-06,0.49,134,237
2021-09-09,0.74,134,236
2021-10-01,1.37,134,238
2021-10-09,3.49,134,233
2021-10-29,2.78,134,234
2021-11-10,1.77,134,235
2021-09-09,0.48,134,221
2021-10-09,1.33,134,222
2021-10-29,0.39,134,223
2021-09-07,0.56,135,234
2021-09-27,0.44,135,233
2021-11-01,0.46,135,232
2021-09-06,1.3,131,169
2021-09-08,0.68,131,170
2021-10-08,0.48,131,167
2021-10-31,4.34,131,168
2021-09-10,1.49,124,51
2021-10-10,1.1,124,52
2021-10-30,1.61,124,53
2021-09-09,17.8,136,62
2021-08-23,0.67,126,91
2021-09-05,0.78,126,90
2021-09-07,0.74,126,93
2021-09-27,0.73,126,94
2021-10-10,0.68,126,92
2021-08-07,0.69,132,121
2021-10-08,0.75,132,118
2021-10-31,3.91,132,119
2021-11-10,3.63,132,120
2021-08-19,0.53,131,132
2021-09-06,0.51,131,130
2021-09-08,0.51,131,131
2021-10-08,0.52,131,128
2021-10-31,7.62,131,129
2021-08-13,3.85,124,18
2021-09-05,3.99,124,17
2021-10-10,5.36,124,16
2021-08-15,24.2,124,91
2021-09-04,18.5,124,90
2021-09-07,17.5,124,93
2021-09-09,18.0,124,89
2021-10-02,17.0,124,92
2021-10-09,28.0,124,87
2021-10-29,25.3,124,94
2021-11-01,36.0,124,88
2021-09-06,36.6,127,78
2021-09-09,43.2,127,72
2021-10-04,52.4,127,77
2021-10-09,261.0,127,73
2021-10-29,80.4,127,74
2021-10-31,419.0,127,75
2021-11-25,90.1,127,76
2021-09-07,0.3,135,68
2021-09-09,0.36,135,73
2021-09-27,2.01,135,69
2021-10-09,1.93,135,70
2021-10-29,2.2,135,71
2021-11-01,2.5,135,72
2021-09-05,1.59,126,152
2021-09-07,1.68,126,153
2021-10-10,1.43,126,154
2021-10-25,1.79,126,155
2021-11-01,1.93,126,156
2021-09-06,1.52,129,32
2021-09-09,1.4,129,33
2021-09-11,1.38,129,38
2021-10-01,1.06,129,40
2021-10-04,1.6,129,39
2021-10-09,4.37,129,34
2021-10-29,2.81,129,35
2021-10-31,25.5,129,36
2021-11-03,9.2,129,41
2021-11-25,1.88,129,37
2021-09-09,0.99,127,23
2021-10-04,1.3,127,26
2021-10-09,7.14,127,24
2021-10-29,4.68,127,25
2021-08-13,33.1,123,26
2021-09-09,12.2,123,24
2021-10-09,10.6,123,25
2021-10-29,35.4,123,27
2021-08-13,72.5,124,144
2021-09-02,48.2,124,145
2021-10-10,40.8,124,143
2021-09-06,3.63,128,109
2021-09-09,3.82,128,110
2021-10-01,3.82,128,115
2021-10-04,3.82,128,114
2021-10-09,3.82,128,111
2021-10-29,4.2,128,112
2021-10-31,4.2,128,113
2021-08-13,35.4,124,117
2021-08-15,34.4,124,118
2021-09-04,25.8,124,113
2021-09-07,25.7,124,115
2021-09-09,29.5,124,114
2021-10-02,23.9,124,116
2021-10-09,31.8,124,111
2021-10-29,42.3,124,119
2021-11-01,49.5,124,112
2021-09-06,0.54,130,159
2021-09-09,0.48,130,155
2021-10-04,1.08,130,160
2021-10-09,1.87,130,156
2021-10-29,0.66,130,157
2021-11-25,1.06,130,158
2021-09-06,1.95,132,152
2021-09-09,1.79,132,151
2021-10-09,13.3,132,147
2021-10-29,5.33,132,148
2021-10-31,11.1,132,153
2021-11-10,5.58,132,149
2021-11-25,5.55,132,150
2021-09-10,144.0,122,46
2021-10-10,201.0,122,45
2021-10-30,205.0,122,47
2021-09-05,8.59,126,142
2021-09-07,10.6,126,143
2021-10-10,8.92,126,144
2021-10-25,9.13,126,145
2021-11-01,10.5,126,146
2021-09-09,8.14,136,61
2021-09-06,33.1,127,56
2021-09-09,32.4,127,57
2021-09-11,32.8,127,61
2021-10-01,33.4,127,63
2021-10-04,35.1,127,62
2021-10-09,180.0,127,58
2021-10-29,48.3,127,59
2021-10-31,284.0,127,60
2021-08-13,1.87,123,185
2021-09-02,1.16,123,186
2021-09-10,1.02,123,183
2021-10-10,0.77,123,184
2021-09-05,5.0,126,186
2021-09-07,5.29,126,187
2021-09-10,5.35,126,185
2021-09-27,4.94,126,188
2021-10-10,5.1,126,189
2021-10-25,5.11,126,190
2021-11-01,5.47,126,191
2021-08-25,17.6,135,179
2021-09-07,15.0,135,177
2021-09-09,13.9,135,174
2021-09-29,17.3,135,178
2021-10-09,14.3,135,175
2021-11-01,19.4,135,176
2021-08-07,4.18,132,115
2021-08-12,4.22,132,114
2021-08-22,3.53,132,117
2021-09-03,4.03,132,116
2021-10-08,4.59,132,110
2021-10-31,9.98,132,111
2021-11-10,4.53,132,112
2021-11-25,5.44,132,113
2021-09-08,0.64,133,151
2021-10-08,1.09,133,149
2021-10-31,1.43,133,150
2021-09-08,3.04,133,146
2021-09-11,2.33,133,148
2021-09-26,1.05,133,147
2021-10-08,2.74,133,144
2021-10-31,3.11,133,145
2021-09-07,2.27,126,135
2021-09-27,1.93,126,133
2021-10-10,2.0,126,134
2021-10-25,1.66,126,136
2021-11-01,2.06,126,137
2021-09-06,14.3,132,217
2021-09-09,16.0,132,216
2021-10-09,21.2,132,212
2021-10-29,27.9,132,213
2021-11-10,30.1,132,214
2021-11-25,25.0,132,215
2021-08-10,2.09,134,13
2021-09-09,1.89,134,10
2021-09-11,2.29,134,11
2021-10-09,1.4,134,9
2021-10-29,1.51,134,12
2021-09-06,21.0,129,201
2021-09-09,21.0,129,200
2021-09-26,26.2,129,202
2021-10-04,27.6,129,204
2021-10-09,26.2,129,197
2021-10-19,27.6,129,203
2021-10-24,27.2,129,205
2021-10-29,28.4,129,198
2021-10-31,248.0,129,199
2021-08-13,5.28,122,221
2021-08-15,4.36,122,220
2021-09-07,3.03,122,222
2021-09-09,3.0,122,217
2021-10-02,3.34,122,223
2021-10-09,8.58,122,218
2021-10-29,5.35,122,224
2021-11-01,31.6,122,219
2021-11-03,31.3,122,226
2021-11-06,11.3,122,225
2021-09-05,0.026,125,233
2021-10-10,0.025,125,234
2021-10-30,0.036,125,235
2021-09-10,4.57,126,17
2021-10-10,1.69,126,18
2021-10-30,1.69,126,19
2021-09-05,8.95,126,108
2021-09-07,10.1,126,109
2021-09-27,8.15,126,111
2021-10-10,8.31,126,110
2021-10-25,9.36,126,112
2021-09-06,18.8,130,83
2021-09-26,16.5,130,84
2021-10-31,119.0,130,82
2021-09-06,1.93,130,181
2021-10-31,2.63,130,179
2021-11-25,2.01,130,180
2021-09-10,0.16,135,249
2021-09-27,0.14,136,0
2021-09-05,0.2,126,57
2021-09-07,0.18,126,58
2021-09-10,0.2,126,56
2021-10-10,0.15,126,59
2021-10-30,0.22,126,60
2021-08-07,0.42,134,243
2021-09-06,1.58,134,244
2021-09-09,1.15,134,245
2021-10-01,2.28,134,246
2021-10-09,7.46,134,240
2021-10-29,3.66,134,241
2021-11-10,1.56,134,242
2021-09-06,0.59,129,148
2021-09-09,0.45,129,143
2021-10-04,3.45,129,149
2021-10-09,6.45,129,144
2021-10-29,3.78,129,145
2021-10-31,53.0,129,146
2021-11-25,4.03,129,147
2021-09-26,19.7,133,75
2021-10-31,26.6,133,74
2021-09-06,3.25,129,106
2021-09-09,2.61,129,101
2021-10-04,12.1,129,107
2021-10-09,33.4,129,102
2021-10-29,15.1,129,103
2021-10-31,104.0,129,104
2021-11-25,10.1,129,105
2021-08-07,0.18,134,207
2021-09-09,0.52,134,206
2021-10-09,1.64,134,205
2021-09-03,23.9,134,90
2021-09-08,25.6,134,91
2021-10-03,11.1,134,92
2021-10-08,12.2,134,89
2021-08-14,1.54,131,51
2021-09-06,0.81,131,52
2021-10-03,0.77,131,53
2021-10-08,1.11,131,48
2021-10-31,6.93,131,49
2021-11-10,1.15,131,54
2021-11-12,0.86,131,50
2021-09-06,0.21,129,42
2021-09-06,1.88,129,0
2021-09-09,0.23,129,43
2021-09-09,1.79,129,1
2021-09-11,0.73,129,47
2021-09-11,3.16,129,5
2021-10-01,0.94,129,49
2021-10-01,2.48,129,7
2021-10-04,1.21,129,48
2021-10-04,4.52,129,6
2021-10-09,4.0,129,44
2021-10-09,9.34,129,2
2021-10-29,1.91,129,45
2021-10-29,6.36,129,3
2021-10-31,32.9,129,46
2021-10-31,74.5,129,4
2021-09-06,9.95,132,210
2021-09-09,9.44,132,206
2021-10-09,21.1,132,207
2021-10-29,15.8,132,208
2021-10-31,19.7,132,211
2021-11-25,18.6,132,209
2021-09-08,11.1,133,136
2021-09-11,11.6,133,137
2021-10-08,9.75,133,134
2021-10-31,6.84,133,135
2021-09-03,4.47,133,66
2021-09-08,7.98,133,67
2021-09-26,7.4,133,68
2021-10-08,12.3,133,64
2021-10-31,9.58,133,65
2021-08-07,0.66,132,85
2021-08-12,0.6,132,86
2021-08-22,0.91,132,87
2021-09-03,1.56,132,84
2021-10-08,0.88,132,80
2021-10-31,0.89,132,81
2021-11-10,0.86,132,82
2021-11-25,0.93,132,83
2021-09-05,4.9,135,172
2021-09-05,2.49,135,189
2021-09-07,4.81,135,170
2021-09-07,2.53,135,187
2021-09-10,5.08,135,171
2021-09-10,2.49,135,186
2021-10-10,5.96,135,169
2021-10-10,2.85,135,185
2021-11-01,3.26,135,188
2021-08-15,2.17,128,96
2021-09-06,2.12,128,90
2021-09-09,3.76,128,91
2021-09-11,2.24,128,98
2021-10-01,3.25,128,97
2021-10-04,2.12,128,95
2021-10-09,4.51,128,92
2021-10-29,4.21,128,93
2021-10-31,20.7,128,94
2021-11-03,7.54,128,99
2021-09-06,3.91,130,19
2021-09-09,4.13,130,18
2021-09-26,7.7,130,20
2021-10-04,5.61,130,21
2021-10-09,8.33,130,15
2021-10-19,4.23,130,22
2021-10-24,23.6,130,23
2021-10-29,8.63,130,16
2021-10-31,37.7,130,17
2021-11-01,1.61,123,45
2021-08-13,0.16,125,92
2021-09-02,0.07,125,91
2021-09-05,0.06,125,93
2021-10-10,0.024,125,88
2021-10-25,0.037,125,89
2021-11-01,0.03,125,90
2021-09-06,0.94,131,91
2021-09-08,0.78,131,92
2021-10-08,0.83,131,89
2021-10-28,1.48,131,93
2021-10-31,7.94,131,90
2021-09-06,0.57,130,66
2021-09-26,0.72,130,67
2021-10-31,4.87,130,65
2021-09-11,0.49,133,189
2021-09-26,0.35,133,190
2021-10-31,0.99,133,188
2021-09-05,0.24,125,195
2021-09-07,0.26,125,196
2021-09-10,0.29,125,193
2021-10-10,0.16,125,194
2021-10-25,0.1,125,197
2021-09-04,2.32,124,167
2021-09-09,2.4,124,165
2021-10-09,3.03,124,166
2021-09-06,151.0,127,102
2021-10-31,1150.0,127,100
2021-11-25,274.0,127,101
2021-08-07,0.65,134,32
2021-08-10,0.56,134,29
2021-09-09,0.8,134,30
2021-09-11,1.19,134,31
2021-09-29,0.66,134,35
2021-10-09,1.69,134,28
2021-10-29,0.98,134,33
2021-10-31,1.27,134,34
2021-11-10,0.96,134,36
2021-08-13,1.04,123,238
2021-10-10,0.59,123,237
2021-10-09,2.56,134,224
2021-10-29,1.38,134,225
2021-09-08,1.62,133,159
2021-09-11,1.61,133,161
2021-09-26,1.66,133,160
2021-10-08,1.56,133,157
2021-10-31,1.38,133,158
2021-08-13,86.1,122,23
2021-09-02,65.5,122,24
2021-08-13,0.82,123,100
2021-09-09,2.98,123,98
2021-10-09,0.6,123,99
2021-09-02,34.8,124,130
2021-11-01,57.8,124,129
2021-08-13,0.6,123,113
2021-09-07,0.63,135,230
2021-09-09,0.67,135,229
2021-09-27,0.4,135,227
2021-10-09,0.4,135,231
2021-11-01,0.49,135,228
2021-08-13,0.51,123,125
2021-09-05,0.32,123,124
2021-10-10,0.35,123,123
2021-09-07,0.89,135,156
2021-09-09,0.91,135,155
2021-09-27,0.96,135,153
2021-10-09,0.85,135,157
2021-11-01,0.54,135,154
2021-08-07,2.74,132,127
2021-08-09,2.65,132,128
2021-10-08,2.12,132,123
2021-10-31,6.09,132,124
2021-11-10,8.84,132,125
2021-11-25,9.98,132,126
2021-09-07,645.0,127,202
2021-09-09,709.0,127,200
2021-09-27,791.0,127,203
2021-10-09,670.0,127,204
2021-11-01,1010.0,127,201
2021-08-14,2.18,131,72
2021-08-19,1.43,131,75
2021-09-06,1.86,131,71
2021-09-08,1.39,131,74
2021-10-03,1.43,131,73
2021-10-08,2.27,131,68
2021-10-31,14.5,131,69
2021-11-12,1.73,131,70
2021-09-07,0.65,135,214
2021-09-09,0.76,135,213
2021-09-27,0.65,135,211
2021-10-09,0.98,135,215
2021-10-29,0.72,135,216
2021-11-01,0.94,135,212
2021-08-13,1.47,123,46
2021-09-06,2.71,130,152
2021-09-09,2.19,130,148
2021-10-04,3.08,130,153
2021-10-09,8.91,130,149
2021-10-29,5.98,130,150
2021-10-31,18.4,130,154
2021-11-25,6.09,130,151
2021-09-06,4.14,130,217
2021-09-08,3.73,130,218
2021-10-08,4.55,130,215
2021-10-31,62.3,130,216
2021-08-13,663.0,127,181
2021-09-07,628.0,127,183
2021-09-09,732.0,127,182
2021-09-27,656.0,127,180
2021-10-09,658.0,127,179
2021-11-01,1050.0,127,178
2021-08-07,8.66,132,48
2021-08-12,6.9,132,46
2021-08-22,6.61,132,49
2021-09-03,16.7,132,47
2021-10-08,11.3,132,42
2021-10-31,18.0,132,43
2021-11-10,12.0,132,44
2021-11-25,14.1,132,45
2021-09-02,0.046,124,241
2021-09-04,0.044,124,238
2021-09-07,0.043,124,240
2021-09-09,0.2,124,237
2021-10-09,0.07,124,235
2021-10-29,0.13,124,239
2021-11-01,0.61,124,236
2021-09-06,6.29,130,51
2021-09-09,5.39,130,50
2021-09-26,6.47,130,52
2021-10-04,5.44,130,53
2021-10-09,9.3,130,47
2021-10-19,4.35,130,54
2021-10-24,10.6,130,55
2021-10-29,8.13,130,48
2021-10-31,43.6,130,49
2021-09-06,19.4,131,148
2021-10-08,11.7,131,145
2021-10-31,92.2,131,146
2021-11-10,14.5,131,147
2021-09-09,3.04,134,213
2021-10-09,4.71,134,211
2021-10-29,4.81,134,212
2021-08-14,9.07,126,44
2021-09-05,12.8,126,45
2021-09-08,10.9,126,43
2021-09-10,11.2,126,41
2021-10-08,6.64,126,42
2021-10-10,6.52,126,46
2021-10-13,7.0,126,47
2021-10-28,8.42,126,48
2021-10-30,11.6,126,49
2021-09-03,0.18,133,116
2021-09-08,0.1,133,114
2021-09-26,0.08,133,115
2021-10-08,0.8,133,112
2021-10-31,0.21,133,113
2021-09-07,11.1,135,173
2021-08-13,3.35,122,239
2021-08-15,3.13,122,238
2021-09-07,3.0,122,240
2021-09-09,3.32,122,236
2021-10-02,3.18,122,241
2021-10-09,5.18,122,237
2021-10-29,10.5,122,242
2021-11-01,10.6,122,235
2021-08-13,0.26,124,34
2021-10-10,0.52,124,33
2021-08-15,1.06,122,132
2021-09-09,1.08,122,129
2021-10-04,1.6,122,133
2021-10-09,2.12,122,130
2021-10-29,1.89,122,131
2021-11-03,4.34,122,134
2021-09-05,3.8,126,62
2021-09-07,3.6,126,63
2021-09-10,3.8,126,61
2021-10-10,3.1,126,64
2021-10-30,4.2,126,65
2021-09-06,0.75,130,72
2021-09-09,0.63,130,71
2021-09-26,1.1,130,74
2021-10-04,0.78,130,73
2021-10-09,2.22,130,68
2021-10-19,1.13,130,75
2021-10-29,1.82,130,69
2021-10-31,6.58,130,70
2021-08-10,0.97,128,177
2021-09-06,0.68,128,178
2021-09-09,0.63,128,172
2021-09-11,0.85,128,173
2021-10-04,1.22,128,179
2021-10-09,1.58,128,174
2021-10-24,1.25,128,181
2021-10-29,1.29,128,175
2021-10-31,14.2,128,176
2021-11-23,1.88,128,180
2021-09-05,4.29,125,130
2021-09-07,4.21,125,131
2021-10-10,3.74,125,127
2021-10-25,4.89,125,128
2021-11-01,5.63,125,129
2021-09-05,19.3,125,135
2021-09-07,21.9,125,136
2021-10-10,17.2,125,132
2021-10-25,17.8,125,133
2021-11-01,20.8,125,134
2021-08-10,2.87,134,17
2021-09-09,3.4,134,15
2021-09-11,3.38,134,16
2021-10-09,2.7,134,14
2021-08-13,26.8,124,98
2021-08-15,22.6,124,97
2021-09-04,23.1,124,99
2021-09-07,23.3,124,101
2021-09-09,18.1,124,100
2021-10-02,17.1,124,102
2021-10-09,24.4,124,95
2021-11-01,33.1,124,96
2021-09-09,0.47,127,18
2021-10-04,0.59,127,21
2021-10-09,4.54,127,19
2021-10-29,3.6,127,20
2021-11-03,13.3,127,22
2021-09-06,6.19,129,8
2021-09-09,6.5,129,9
2021-09-11,6.23,129,14
2021-10-01,6.35,129,15
2021-10-04,6.34,129,13
2021-10-09,27.2,129,10
2021-10-29,15.1,129,11
2021-10-31,69.1,129,12
2021-08-07,0.93,134,43
2021-09-09,1.1,134,42
2021-09-11,1.78,134,41
2021-09-29,1.21,134,44
2021-10-09,3.88,134,40
2021-10-29,1.53,134,45
2021-10-31,1.8,134,46
2021-09-06,1.71,130,169
2021-10-31,58.0,130,168
2021-09-09,421.0,127,146
2021-10-09,520.0,127,142
2021-10-29,754.0,127,143
2021-10-31,671.0,127,147
2021-11-10,967.0,127,144
2021-11-25,835.0,127,145
2021-08-07,467.0,127,139
2021-09-04,401.0,127,141
2021-09-09,414.0,127,138
2021-10-09,530.0,127,133
2021-10-14,675.0,127,140
2021-10-29,741.0,127,134
2021-10-31,663.0,127,135
2021-11-10,981.0,127,136
2021-11-25,841.0,127,137
2021-09-10,0.07,126,216
2021-09-27,0.07,126,218
2021-09-30,0.07,126,219
2021-10-10,0.08,126,220
2021-11-01,0.04,126,217
2021-09-07,1.61,135,192
2021-09-27,2.1,135,193
2021-11-01,2.1,135,194
2021-09-09,0.87,131,203
2021-10-04,0.91,131,207
2021-10-09,6.77,131,204
2021-10-29,2.45,131,205
2021-11-25,2.7,131,206
2021-09-06,1.9,132,192
2021-09-09,1.7,132,193
2021-09-11,2.14,132,197
2021-10-04,2.74,132,198
2021-10-09,12.4,132,194
2021-10-29,5.1,132,195
2021-10-31,10.9,132,199
2021-11-25,5.67,132,196
2021-09-06,0.18,132,248
2021-09-09,0.18,132,244
2021-10-04,0.21,132,249
2021-10-09,1.24,132,245
2021-10-29,0.51,132,246
2021-10-31,1.84,133,0
2021-11-10,0.39,133,1
2021-11-25,0.55,132,247
2021-09-07,2.61,126,229
2021-09-27,2.34,126,228
2021-11-01,3.54,126,227
2021-08-15,0.79,122,245
2021-09-09,0.54,122,243
2021-10-09,1.95,122,244
2021-10-29,1.02,122,246
2021-09-09,2.01,136,73
2021-09-11,2.42,136,74
2021-09-26,1.73,136,76
2021-09-29,1.52,136,75
2021-08-15,0.047,124,192
2021-09-04,0.047,124,194
2021-09-07,0.031,124,195
2021-09-09,0.05,124,193
2021-10-09,0.18,124,191
2021-10-29,0.18,124,196
2021-09-08,0.65,126,30
2021-10-10,0.26,126,27
2021-10-28,0.29,126,28
2021-10-30,0.38,126,29
2021-08-07,1.51,134,64
2021-09-09,1.79,134,62
2021-09-11,1.85,134,63
2021-10-01,1.49,134,66
2021-10-09,1.57,134,65
2021-11-01,0.11,125,73
2021-09-05,2.3,125,227
2021-09-07,2.27,125,226
2021-09-10,2.39,125,224
2021-10-10,2.03,125,225
2021-10-25,1.71,125,228
2021-11-01,1.86,125,229
2021-08-15,0.38,123,29
2021-09-09,2.8,123,28
2021-10-09,0.39,123,30
2021-10-29,0.39,123,31
2021-11-01,1.73,123,32
2021-08-13,1.44,123,140
2021-09-05,0.28,123,139
2021-10-10,0.3,123,138
2021-08-07,6.32,132,32
2021-09-03,20.7,132,33
2021-10-08,9.25,132,28
2021-10-31,13.9,132,29
2021-11-10,6.77,132,30
2021-11-25,10.8,132,31
2021-09-06,0.42,127,11
2021-09-09,0.39,127,12
2021-09-11,0.39,127,16
2021-10-04,0.39,127,17
2021-10-09,3.04,127,13
2021-10-29,2.42,127,14
2021-10-31,13.6,127,15
2021-08-10,0.28,127,10
2021-08-10,0.19,127,1
2021-08-10,0.27,126,242
2021-09-06,0.2,127,2
2021-09-06,0.15,126,248
2021-09-06,0.23,126,234
2021-09-09,0.17,127,3
2021-09-09,0.2,126,243
2021-09-09,0.24,126,235
2021-09-11,0.17,127,8
2021-09-11,0.17,126,249
2021-09-11,0.23,126,240
2021-10-04,0.17,127,9
2021-10-04,0.23,127,0
2021-10-04,0.24,126,241
2021-10-09,1.82,127,4
2021-10-09,1.51,126,244
2021-10-09,1.14,126,236
2021-10-29,1.32,127,5
2021-10-29,0.88,126,245
2021-10-29,1.92,126,237
2021-10-31,3.7,127,6
2021-10-31,5.71,126,246
2021-10-31,7.49,126,238
2021-11-23,0.78,127,7
2021-11-23,0.55,126,247
2021-11-23,0.42,126,239
2021-08-07,0.4,132,7
2021-09-06,0.34,132,6
2021-10-31,1.69,132,3
2021-11-10,0.85,132,4
2021-11-25,1.36,132,5
2021-08-07,46.8,133,79
2021-09-09,49.6,133,77
2021-09-11,41.1,133,78
2021-10-09,47.1,133,76
2021-10-31,45.8,133,80
2021-08-07,0.98,135,42
2021-09-06,0.43,135,45
2021-09-09,0.44,135,43
2021-10-01,0.38,135,44
2021-10-09,0.57,135,38
2021-10-29,0.46,135,39
2021-11-10,0.47,135,40
2021-11-25,0.53,135,41
2021-09-04,0.76,131,247
2021-09-06,0.21,131,246
2021-09-09,0.13,131,241
2021-10-04,0.2,131,248
2021-10-09,0.71,131,242
2021-10-14,0.17,131,249
2021-10-29,0.73,131,243
2021-10-31,30.7,131,244
2021-11-25,0.54,131,245
2021-08-13,628.0,127,173
2021-09-07,673.0,127,176
2021-09-09,715.0,127,174
2021-09-27,630.0,127,175
2021-09-29,562.0,127,177
2021-10-09,697.0,127,172
2021-11-01,1190.0,127,171
2021-08-13,2.85,135,80
2021-09-07,0.81,135,78
2021-09-09,1.05,135,76
2021-09-27,3.29,135,77
2021-09-29,2.22,135,79
2021-10-09,2.43,135,74
2021-10-29,1.9,135,81
2021-11-01,3.86,135,75
2021-08-07,45.5,134,103
2021-09-03,31.9,134,104
2021-10-08,18.2,134,100
2021-10-31,28.0,134,101
2021-11-10,29.9,134,102
2021-08-13,2.29,123,197
2021-09-05,1.96,123,198
2021-10-10,4.35,123,196
2021-09-11,1.14,133,214
2021-09-26,1.3,133,215
2021-10-31,1.56,133,213
2021-08-07,2.0,133,35
2021-09-04,8.75,133,34
2021-09-09,2.52,133,33
2021-09-29,1.89,133,36
2021-10-09,4.56,133,28
2021-10-29,5.09,133,29
2021-10-31,6.91,133,30
2021-11-10,2.82,133,31
2021-11-25,4.94,133,32
2021-08-13,60.8,124,139
2021-09-02,41.1,124,140
2021-10-10,38.6,124,138
2021-08-07,713.0,127,160
2021-09-06,620.0,127,159
2021-09-09,629.0,127,161
2021-10-01,482.0,127,158
2021-10-09,589.0,127,155
2021-10-29,860.0,127,157
2021-11-10,1370.0,127,156
2021-09-05,0.83,125,175
2021-09-07,0.69,125,176
2021-10-10,0.54,125,172
2021-10-25,0.46,125,173
2021-11-01,0.57,125,174
2021-08-07,112.0,134,128
2021-09-09,103.0,134,129
2021-09-11,95.2,134,127
2021-10-09,102.0,134,126
2021-08-07,747.0,127,167
2021-09-06,608.0,127,168
2021-09-09,634.0,127,164
2021-10-01,478.0,127,166
2021-10-09,598.0,127,162
2021-10-29,875.0,127,163
2021-11-10,1340.0,127,165
2021-09-05,3.66,125,219
2021-09-07,3.47,125,221
2021-09-10,4.15,125,220
2021-10-10,3.18,125,218
2021-10-25,3.01,125,222
2021-11-01,3.64,125,223
2021-09-03,62.0,134,113
2021-09-08,69.8,134,112
2021-10-08,60.1,134,110
2021-10-31,75.4,134,111
2021-09-06,1.67,131,96
2021-09-08,1.37,131,97
2021-10-08,1.39,131,94
2021-10-31,10.2,131,95
2021-08-13,0.28,123,148
2021-09-05,0.23,123,149
2021-10-10,0.38,123,147
2021-08-07,1.99,132,64
2021-08-22,2.05,132,65
2021-09-03,4.19,132,63
2021-10-08,1.92,132,59
2021-10-31,4.36,132,60
2021-11-10,2.3,132,61
2021-11-25,2.82,132,62
2021-09-06,0.06,130,28
2021-09-09,0.05,130,26
2021-09-26,0.08,130,29
2021-10-09,0.1,130,24
2021-10-19,0.05,130,30
2021-10-29,0.1,130,25
2021-10-31,0.69,130,27
2021-09-06,1.59,130,10
2021-09-09,1.31,130,6
2021-09-26,3.41,130,11
2021-10-04,2.35,130,12
2021-10-09,2.93,130,7
2021-10-19,1.54,130,13
2021-10-24,6.41,130,14
2021-10-29,2.87,130,8
2021-10-31,10.7,130,9
2021-08-07,1.05,134,193
2021-10-31,2.22,134,190
2021-11-10,2.2,134,191
2021-11-25,3.13,134,192
2021-08-07,95.2,133,99
2021-09-09,90.1,133,96
2021-09-11,86.5,133,97
2021-09-29,70.7,133,98
2021-10-09,86.5,133,95
2021-10-29,75.7,133,100
2021-10-31,80.3,133,101
2021-09-07,0.88,126,223
2021-09-10,0.94,126,221
2021-09-27,0.84,126,224
2021-09-30,0.82,126,225
2021-10-10,0.92,126,226
2021-11-01,1.41,126,222
2021-09-07,3.05,135,243
2021-09-09,4.93,135,242
2021-09-27,3.2,135,240
2021-10-09,2.84,135,244
2021-11-01,3.45,135,241
2021-08-07,0.41,134,25
2021-09-09,0.73,134,24
2021-09-11,0.56,134,23
2021-10-09,0.72,134,22
2021-10-29,0.57,134,26
2021-10-31,0.7,134,27
2021-09-06,6.34,129,16
2021-09-09,6.54,129,17
2021-09-11,6.27,129,21
2021-10-04,7.16,129,22
2021-10-09,46.3,129,18
2021-10-29,19.4,129,19
2021-10-31,117.0,129,20
2021-08-14,3.9,131,3
2021-09-06,2.47,131,4
2021-09-08,2.0,131,6
2021-10-03,3.06,131,5
2021-10-08,3.59,131,0
2021-10-31,28.6,131,1
2021-11-10,3.38,131,7
2021-11-12,2.86,131,2
2021-09-06,3.06,133,12
2021-09-09,3.24,133,13
2021-10-09,1.7,133,8
2021-10-29,2.36,133,9
2021-11-10,2.78,133,10
2021-11-25,1.89,133,11
2021-10-08,0.6,133,152
2021-10-31,0.42,133,156
2021-10-31,0.63,133,153
2021-09-05,0.44,126,170
2021-09-10,0.54,126,169
2021-09-27,0.48,126,171
2021-10-10,0.43,126,172
2021-10-25,0.4,126,174
2021-11-01,0.5,126,173
2021-09-06,326.0,127,112
2021-10-08,1010.0,127,109
2021-10-31,726.0,127,110
2021-11-25,526.0,127,111
2021-09-06,0.92,129,23
2021-09-09,0.91,129,24
2021-09-11,0.9,129,28
2021-10-01,0.56,129,30
2021-10-04,0.5,129,29
2021-10-09,1.0,129,25
2021-10-29,0.69,129,26
2021-10-31,7.56,129,27
2021-11-03,2.23,129,31
2021-09-02,0.46,125,96
2021-09-10,0.27,125,95
2021-10-10,0.26,125,94
2021-08-19,0.55,130,225
2021-09-06,0.53,130,223
2021-09-08,0.47,130,224
2021-10-08,1.23,130,221
2021-10-31,9.75,130,222
2021-08-13,0.92,123,82
2021-09-09,5.8,123,80
2021-10-09,0.83,123,81
2021-10-29,1.63,123,84
2021-11-01,6.64,123,83
2021-09-09,0.43,123,117
2021-10-09,1.04,123,118
2021-10-29,0.47,123,120
2021-11-01,0.92,123,119
2021-08-15,0.41,122,88
2021-09-09,0.24,122,85
2021-10-09,1.04,122,86
2021-10-29,0.77,122,87
2021-09-11,0.77,136,111
2021-09-26,0.67,136,110
2021-10-08,0.77,136,108
2021-10-31,0.96,136,109
2021-08-07,0.19,134,181
2021-09-11,0.22,134,182
2021-10-31,2.01,134,183
2021-09-06,57.1,129,226
2021-10-31,696.0,129,224
2021-11-25,68.2,129,225
2021-08-13,5.51,124,20
2021-08-13,0.29,124,43
2021-09-05,5.53,124,22
2021-09-05,0.28,124,44
2021-09-10,29.5,124,21
2021-09-10,0.82,124,45
2021-10-10,11.0,124,19
2021-10-10,0.57,124,42
2021-08-07,1.34,132,13
2021-09-03,2.79,132,12
2021-10-08,1.99,132,8
2021-10-31,2.03,132,9
2021-11-10,1.74,132,10
2021-11-25,2.42,132,11
2021-08-10,0.59,128,197
2021-09-06,0.27,128,200
2021-09-09,0.2,128,192
2021-09-11,0.19,128,198
2021-10-04,0.27,128,199
2021-10-09,0.55,128,193
2021-10-29,0.55,128,194
2021-10-31,4.29,128,195
2021-11-23,0.58,128,196
2021-09-06,71.0,129,229
2021-10-31,850.0,129,227
2021-11-25,89.6,129,228
2021-08-13,1.08,124,8
2021-08-13,19.7,123,210
2021-09-02,1.19,124,9
2021-09-02,20.5,123,211
2021-09-10,1.28,124,7
2021-09-10,19.4,123,209
2021-10-10,1.19,124,6
2021-10-10,26.8,123,208
2021-09-06,6.04,131,140
2021-09-08,4.05,131,139
2021-10-08,4.18,131,137
2021-10-31,61.1,131,138
2021-08-15,3.11,123,44
2021-09-09,11.0,123,42
2021-10-09,2.77,123,43
2021-09-08,0.73,126,15
2021-10-10,0.7,126,14
2021-10-30,0.72,126,16
2021-08-25,0.13,125,171
2021-09-04,0.09,125,170
2021-09-07,0.09,125,169
2021-09-09,0.08,125,168
2021-10-09,0.042,125,166
2021-11-01,0.021,125,167
2021-09-06,1.72,130,201
2021-09-08,1.18,130,202
2021-10-08,4.93,130,199
2021-10-31,28.7,130,200
2021-09-06,9.37,135,14
2021-09-09,11.0,135,15
2021-10-09,49.9,135,10
2021-10-29,49.2,135,11
2021-11-10,52.2,135,12
2021-11-25,43.5,135,13
2021-09-06,3.05,128,148
2021-09-09,2.84,128,149
2021-09-11,2.84,128,153
2021-10-01,6.51,128,155
2021-10-04,7.42,128,154
2021-10-09,20.1,128,152
2021-10-29,16.5,128,150
2021-10-31,120.0,128,151
2022-06-03,863.0,141,233
2022-06-28,485.0,141,234
2022-06-19,0.15,140,81
2022-06-24,0.12,140,83
2022-07-14,0.06,140,82
2022-07-19,0.035,140,84
2022-06-24,0.99,147,73
2022-06-03,2.55,142,229
2022-06-26,2.5,142,226
2022-07-01,2.18,142,227
2022-07-21,1.84,142,228
2022-06-23,3.13,147,212
2022-06-26,3.25,147,214
2022-06-28,3.1,147,211
2022-07-21,2.95,147,213
2022-06-19,0.8,138,233
2022-06-27,1.5,138,235
2022-07-19,0.37,138,234
2022-07-24,0.29,138,236
2022-06-19,18.5,137,160
2022-06-26,18.7,137,161
2022-07-19,10.2,137,162
2022-06-24,18.9,141,59
2022-06-27,19.0,141,61
2022-07-12,16.5,141,60
2022-05-02,2.2,147,148
2022-06-24,0.69,147,147
2022-05-02,16.3,146,70
2022-05-09,13.4,146,69
2022-06-28,9.04,146,68
2022-07-01,8.07,146,66
2022-07-21,5.7,146,67
2022-05-09,16.3,145,223
2022-06-11,60.0,145,89
2022-07-01,43.0,145,88
2022-07-21,21.5,145,87
2022-07-28,24.8,145,86
2022-05-10,0.27,137,230
2022-06-19,0.21,137,231
2022-06-26,0.3,137,232
2022-07-19,0.12,137,233
2022-06-24,7.77,141,58
2022-06-27,7.6,141,57
2022-06-24,6.77,141,66
2022-06-27,9.22,141,67
2022-06-24,9.54,140,154
2022-06-27,9.14,140,155
2022-07-14,5.58,140,156
2022-07-19,4.94,140,153
2022-05-04,2.02,145,175
2022-05-16,0.93,145,177
2022-05-24,0.84,145,176
2022-06-11,2.2,146,211
2022-06-26,2.42,146,209
2022-07-01,1.93,146,210
2022-06-03,28.0,141,193
2022-06-26,19.1,141,194
2022-07-01,14.4,141,195
2022-07-01,0.58,142,86
2022-07-18,0.8,142,83
2022-06-20,1.35,144,154
2022-06-25,1.42,144,152
2022-06-28,1.41,144,153
2022-07-20,1.2,144,155
2022-06-03,4.8,143,22
2022-06-20,2.11,144,245
2022-06-25,2.03,144,246
2022-06-26,3.83,143,19
2022-06-28,2.03,144,247
2022-07-01,3.35,143,20
2022-07-20,1.56,144,248
2022-07-21,2.61,143,21
2022-05-15,11.9,140,113
2022-06-19,6.4,140,115
2022-06-24,5.71,140,112
2022-07-14,5.43,140,111
2022-07-19,4.22,140,114
2022-06-19,1.69,138,168
2022-06-27,2.12,138,170
2022-07-19,0.93,138,169
2022-07-24,0.77,138,167
2022-06-24,7.73,147,113
2022-06-26,10.8,139,77
2022-07-01,9.14,139,78
2022-06-03,2.26,143,124
2022-06-26,1.91,143,121
2022-07-01,1.3,143,123
2022-07-21,0.53,143,122
2022-07-28,0.9,143,120
2022-05-04,2.01,146,144
2022-05-16,1.56,146,142
2022-05-24,1.47,146,143
2022-05-15,0.25,139,45
2022-06-19,0.22,139,42
2022-07-19,0.1,139,44
2022-07-24,0.08,139,43
2022-05-10,0.59,138,117
2022-05-15,0.47,138,118
2022-06-19,0.3,138,113
2022-06-24,0.41,138,119
2022-06-26,0.66,138,120
2022-07-01,0.4,138,114
2022-07-19,0.08,138,115
2022-07-21,0.07,138,116
2022-05-10,2.29,138,23
2022-06-19,2.13,138,25
2022-07-19,2.04,138,24
2022-05-05,21.5,140,25
2022-05-10,17.0,140,24
2022-05-15,13.5,140,23
2022-06-19,8.93,140,18
2022-06-24,9.3,140,20
2022-06-26,11.2,140,26
2022-07-01,9.19,140,21
2022-07-19,4.42,140,19
2022-07-21,5.39,140,22
2022-05-10,0.7,137,71
2022-06-19,0.74,137,72
2022-06-26,0.74,137,73
2022-07-19,0.5,137,74
2022-07-24,0.48,137,75
2022-06-03,2.67,142,79
2022-06-26,2.02,142,80
2022-07-01,1.7,142,81
2022-07-18,1.56,142,82
2022-05-18,1.71,141,168
2022-06-24,1.4,141,166
2022-07-19,1.22,141,167
2022-05-04,7.12,145,139
2022-05-24,6.55,145,138
2022-05-09,2.67,145,25
2022-05-16,2.24,145,24
2022-06-20,3.38,145,23
2022-06-28,2.73,145,27
2022-07-28,1.68,145,26
2022-05-09,27.1,146,172
2022-07-01,10.7,146,170
2022-07-03,9.87,146,169
2022-07-21,6.99,146,171
2022-06-24,1.62,147,168
2022-06-26,1.6,147,169
2022-07-21,1.35,147,170
2022-05-10,0.62,137,234
2022-06-19,0.72,137,235
2022-06-26,0.96,137,236
2022-07-19,0.37,137,237
2022-05-18,0.11,147,133
2022-06-24,0.1,147,132
2022-06-24,0.67,147,130
2022-07-19,0.041,147,131
2022-07-19,0.59,147,129
2022-06-03,2.72,143,26
2022-06-26,2.46,143,23
2022-07-01,1.43,143,25
2022-07-21,0.78,143,24
2022-05-09,0.23,145,237
2022-07-21,0.09,145,238
2022-06-24,2.17,147,124
2022-06-03,2.82,144,162
2022-06-28,2.16,144,161
2022-06-19,7.93,137,51
2022-06-19,3.12,137,53
2022-07-19,3.42,137,52
2022-07-19,2.94,137,54
2022-05-04,4.63,146,147
2022-05-16,3.29,146,145
2022-05-24,3.0,146,146
2022-05-02,35.6,147,51
2022-06-24,20.2,147,50
2022-06-03,3.27,144,175
2022-06-26,5.82,144,179
2022-06-28,6.61,144,176
2022-07-01,3.51,144,177
2022-07-21,1.68,144,178
2022-06-24,6.43,147,126
2022-07-21,0.88,147,218
2022-07-01,2.86,146,166
2022-07-21,3.88,146,165
2022-06-26,0.72,142,114
2022-07-01,0.5,142,115
2022-06-28,4.19,143,197
2022-06-19,0.9,138,70
2022-06-27,2.73,138,71
2022-07-19,0.4,138,68
2022-07-24,0.31,138,69
2022-06-19,0.99,138,165
2022-06-27,1.89,138,166
2022-07-19,0.89,138,164
2022-07-24,0.56,138,163
2022-05-05,29.0,139,86
2022-05-10,25.5,139,87
2022-05-15,22.9,139,88
2022-06-19,28.5,139,81
2022-06-24,24.9,139,83
2022-06-26,24.7,139,84
2022-07-01,23.7,139,82
2022-07-19,14.5,139,85
2022-06-23,37.5,145,218
2022-06-28,38.5,145,219
2022-07-21,24.2,145,217
2022-05-04,4.36,147,191
2022-05-09,3.85,147,190
2022-05-24,3.06,147,193
2022-06-23,1.37,147,192
2022-06-26,1.41,147,187
2022-06-28,1.25,147,186
2022-07-13,1.25,147,189
2022-07-21,1.02,147,188
2022-06-19,1.09,137,180
2022-06-19,3.79,137,156
2022-07-19,0.59,137,181
2022-07-19,1.5,137,157
2022-07-01,1.53,144,163
2022-07-21,0.81,144,164
2022-05-18,10.9,141,151
2022-06-24,8.67,141,150
2022-06-27,8.64,141,152
2022-07-19,7.57,141,149
2022-06-26,36.6,137,0
2022-05-18,17.0,141,115
2022-06-24,13.6,141,112
2022-06-27,13.4,141,114
2022-07-19,12.7,141,113
2022-06-03,7.86,144,73
2022-06-08,5.32,144,74
2022-06-13,4.78,144,75
2022-06-20,3.74,144,76
2022-06-25,4.01,144,77
2022-06-28,8.05,144,78
2022-07-20,1.92,144,79
2022-05-09,4.55,145,231
2022-06-23,1.73,145,230
2022-06-28,1.89,145,228
2022-07-01,1.77,145,227
2022-07-21,0.82,145,229
2022-05-02,1530.0,142,51
2022-06-24,1200.0,142,50
2022-05-15,1.1,141,37
2022-06-19,1.1,141,33
2022-06-24,1.0,141,35
2022-07-14,0.89,141,34
2022-07-19,0.83,141,36
2022-05-08,1.63,147,101
2022-05-18,1.56,147,100
2022-06-19,1.41,147,102
2022-06-24,1.36,147,99
2022-06-27,1.34,147,103
2022-06-19,0.76,138,80
2022-07-19,0.47,138,82
2022-07-24,0.47,138,81
2022-05-04,2.25,145,184
2022-05-16,1.6,145,183
2022-05-24,1.46,145,182
2022-06-19,0.6,138,16
2022-07-19,0.17,138,17
2022-07-24,0.13,138,18
2022-05-08,6.34,147,87
2022-05-18,5.89,147,88
2022-06-19,5.31,147,85
2022-06-24,5.31,147,86
2022-05-18,3.75,141,92
2022-06-24,3.08,141,89
2022-06-27,3.07,141,90
2022-07-19,2.86,141,91
2022-06-26,11.5,137,61
2022-06-26,0.16,137,63
2022-07-01,5.03,137,62
2022-07-01,0.11,137,64
2022-06-03,10.2,142,146
2022-06-26,19.6,142,149
2022-07-01,8.01,142,148
2022-07-18,3.96,142,147
2022-06-03,8.5,143,104
2022-06-19,158.0,137,35
2022-06-22,166.0,137,34
2022-06-24,167.0,137,33
2022-07-19,94.2,137,32
2022-06-03,5.43,144,22
2022-06-20,1.43,144,21
2022-07-20,0.39,144,20
2022-05-08,1.91,141,64
2022-05-18,1.35,141,65
2022-06-24,1.67,141,62
2022-06-27,1.47,141,63
2022-05-09,2.87,145,54
2022-06-26,3.0,145,55
2022-06-28,2.68,145,59
2022-07-01,2.29,145,56
2022-07-21,1.09,145,57
2022-07-28,1.41,145,58
2022-05-09,2.38,146,13
2022-06-28,2.05,146,11
2022-07-01,1.72,146,12
2022-07-21,0.85,146,14
2022-06-03,15.8,142,155
2022-06-26,25.0,142,156
2022-07-01,12.3,142,157
2022-07-18,3.9,142,154
2022-05-09,4.53,146,10
2022-07-21,0.83,146,9
2022-06-19,5.37,147,111
2022-06-24,5.25,147,112
2022-05-08,3.16,140,235
2022-05-18,2.61,140,234
2022-06-19,2.07,140,231
2022-06-24,1.91,140,232
2022-06-27,1.85,140,233
2022-05-02,2.65,146,76
2022-05-09,2.26,146,74
2022-06-28,1.43,146,75
2022-07-21,0.49,146,77
2022-06-03,124.0,143,50
2022-06-03,1.1,142,67
2022-06-26,1.81,142,69
2022-07-01,0.83,142,70
2022-07-18,0.52,142,68
2022-06-26,1.57,142,61
2022-07-01,0.88,142,60
2022-07-18,0.58,142,59
2022-06-03,9.41,144,182
2022-06-28,13.7,144,183
2022-06-03,68.9,141,203
2022-06-26,46.7,141,205
2022-07-01,42.4,141,207
2022-07-18,16.5,141,204
2022-07-21,14.1,141,206
2022-05-09,6.5,147,219
2022-06-03,1.14,143,127
2022-06-26,1.76,143,125
2022-07-01,0.92,143,129
2022-07-21,0.48,143,126
2022-07-28,0.68,143,128
2022-05-05,13.1,139,204
2022-05-10,9.46,139,202
2022-05-15,8.11,139,203
2022-06-19,5.15,139,198
2022-06-24,5.8,139,200
2022-07-01,4.52,139,199
2022-07-19,3.6,139,201
2022-06-19,29.2,138,187
2022-07-19,17.3,138,188
2022-05-09,417.0,141,240
2022-06-28,521.0,141,239
2022-07-28,260.0,141,238
2022-05-09,32.1,145,214
2022-06-03,8.02,143,0
2022-06-26,9.63,142,249
2022-07-21,3.95,143,1
2022-06-03,4.52,143,30
2022-06-26,3.74,143,27
2022-07-01,3.25,143,28
2022-07-21,3.35,143,29
2022-05-10,0.82,137,128
2022-06-19,0.7,137,123
2022-06-24,0.61,137,124
2022-06-26,0.82,137,127
2022-07-01,0.56,137,126
2022-07-19,0.36,137,121
2022-07-21,0.33,137,125
2022-07-24,0.28,137,122
2022-05-09,31.6,146,26
2022-07-01,19.4,146,24
2022-07-21,13.9,146,25
2022-06-20,53.8,146,92
2022-06-25,48.1,146,93
2022-07-20,27.7,146,94
2022-05-15,22.9,141,15
2022-06-19,19.1,141,11
2022-06-24,18.6,141,14
2022-07-14,15.5,141,12
2022-07-19,14.5,141,13
2022-06-19,7.93,141,9
2022-06-24,7.51,141,8
2022-06-27,7.3,141,10
2022-07-19,5.13,141,7
2022-06-24,2.74,141,5
2022-06-27,2.65,141,6
2022-06-19,1.09,141,27
2022-06-24,1.05,141,25
2022-07-14,1.12,141,24
2022-07-19,1.1,141,26
2022-06-27,0.19,141,52
2022-06-19,2.75,138,52
2022-06-27,7.87,138,55
2022-07-19,1.44,138,53
2022-07-24,1.64,138,54
2022-05-16,2.54,143,206
2022-06-20,9.88,143,205
2022-06-28,19.8,143,208
2022-07-20,2.66,143,204
2022-07-23,2.3,143,207
2022-06-03,106.0,143,219
2022-06-20,68.8,143,221
2022-06-25,68.6,143,220
2022-06-28,71.0,143,222
2022-06-30,66.6,143,223
2022-06-26,20.5,139,79
2022-07-01,18.3,139,80
2022-05-02,4.54,147,64
2022-05-10,4.54,147,63
2022-06-24,3.22,147,61
2022-07-21,1.05,147,62
2022-05-10,0.3,138,7
2022-06-19,0.64,138,8
2022-07-19,0.18,138,9
2022-05-02,44.4,147,58
2022-05-10,38.6,147,57
2022-05-15,35.9,147,59
2022-06-24,24.8,147,52
2022-06-26,24.4,147,55
2022-07-01,23.0,147,54
2022-07-14,18.1,147,60
2022-07-19,16.2,147,56
2022-07-21,16.2,147,53
2022-05-09,13.0,145,247
2022-06-23,5.77,145,246
2022-06-28,4.69,145,248
2022-07-01,4.3,145,244
2022-07-21,4.41,145,245
2022-05-09,10.9,145,197
2022-05-16,9.16,145,198
2022-05-24,8.7,145,196
2022-06-10,14.4,145,195
2022-05-02,1520.0,142,49
2022-06-19,1220.0,142,46
2022-06-24,1180.0,142,43
2022-07-01,1000.0,142,48
2022-07-14,849.0,142,44
2022-07-19,727.0,142,45
2022-07-21,639.0,142,47
2022-05-04,181.0,146,104
2022-05-09,160.0,146,105
2022-05-16,129.0,146,106
2022-06-10,182.0,146,108
2022-06-25,167.0,146,109
2022-06-28,158.0,146,107
2022-05-18,8.44,141,107
2022-06-24,6.36,141,105
2022-07-19,4.87,141,106
2022-05-02,0.68,140,191
2022-05-10,0.45,140,190
2022-05-15,0.21,140,189
2022-06-19,0.3,140,183
2022-06-24,0.33,140,187
2022-06-26,0.39,140,184
2022-07-14,0.15,140,186
2022-07-19,0.15,140,188
2022-07-21,0.16,140,185
2022-06-26,0.87,146,207
2022-07-01,0.71,146,208
2022-06-26,3.48,137,95
2022-07-01,3.02,137,96
2022-06-19,163.0,137,22
2022-06-24,148.0,137,23
2022-07-04,157.0,137,24
2022-07-19,79.8,137,25
2022-06-28,1.27,143,196
2022-06-19,5.69,137,199
2022-07-19,4.25,137,200
2022-06-19,0.33,141,23
2022-06-24,0.34,141,22
2022-07-14,0.39,141,20
2022-07-19,0.38,141,21
2022-05-10,0.92,140,79
2022-06-19,0.51,140,76
2022-06-24,0.56,140,78
2022-07-14,0.31,140,80
2022-07-19,0.26,140,77
2022-05-10,0.39,138,13
2022-06-19,0.39,138,14
2022-07-19,0.18,138,15
2022-06-26,10.6,141,187
2022-07-01,9.43,141,188
2022-06-03,5.37,144,121
2022-06-20,2.55,144,122
2022-06-28,2.13,144,123
2022-06-30,1.89,144,124
2022-06-24,1.18,141,43
2022-06-27,1.15,141,44
2022-06-03,0.81,142,127
2022-06-26,0.86,142,126
2022-07-01,0.56,142,124
2022-07-18,0.45,142,125
2022-07-20,4.44,141,41
2022-06-23,1.43,147,208
2022-06-28,1.48,147,209
2022-07-21,1.24,147,210
2022-05-19,21.6,143,45
2022-06-26,0.66,137,69
2022-07-01,0.58,137,70
2022-07-03,37.2,143,46
2022-06-24,2.46,147,135
2022-07-19,2.45,147,134
2022-06-03,5.92,143,186
2022-06-28,1.14,143,187
2022-06-03,6.29,144,128
2022-06-08,4.72,144,131
2022-06-13,3.62,144,129
2022-06-20,3.1,144,125
2022-06-25,2.92,144,126
2022-06-28,3.53,144,130
2022-06-30,2.99,144,127
2022-07-20,1.17,144,132
2022-05-02,1.59,140,200
2022-05-10,1.53,140,199
2022-05-15,1.59,140,198
2022-06-19,0.31,140,192
2022-06-24,0.46,140,194
2022-06-26,0.85,140,193
2022-07-01,0.63,140,197
2022-07-14,0.56,140,201
2022-07-19,0.45,140,196
2022-07-21,0.34,140,195
2022-05-10,0.52,140,1
2022-05-15,0.46,140,0
2022-06-19,0.4,139,243
2022-06-24,0.39,139,246
2022-06-26,0.39,139,245
2022-06-29,0.33,139,244
2022-07-01,0.33,139,247
2022-07-19,0.25,139,248
2022-07-24,0.24,139,249
2022-05-15,215.0,139,165
2022-06-19,141.0,139,164
2022-06-24,150.0,139,162
2022-07-14,118.0,139,161
2022-07-19,105.0,139,163
2022-05-10,3.84,137,194
2022-06-19,3.29,137,192
2022-07-19,1.76,137,193
2022-05-15,71.6,140,181
2022-06-19,59.6,140,178
2022-06-24,58.5,140,180
2022-07-14,44.2,140,179
2022-07-19,38.0,140,182
2022-06-10,372.0,137,49
2022-06-22,378.0,137,47
2022-07-20,269.0,137,50
2022-07-25,245.0,137,48
2022-06-20,3.55,146,119
2022-06-25,4.93,146,121
2022-07-20,0.95,146,120
2022-06-26,1.86,142,57
2022-07-01,1.56,142,58
2022-06-26,3.37,139,186
2022-07-01,2.83,139,187
2022-06-24,5.06,141,99
2022-06-27,4.91,141,100
2022-07-12,4.98,141,98
2022-06-19,1.77,137,90
2022-06-24,1.6,137,88
2022-06-26,1.82,137,89
2022-07-01,1.39,137,91
2022-07-19,1.12,137,87
2022-07-24,1.12,137,92
2022-06-03,18.5,143,202
2022-06-20,6.83,143,201
2022-06-25,5.22,143,203
2022-06-28,6.7,143,200
2022-05-04,0.91,145,186
2022-05-16,0.69,145,187
2022-05-24,0.58,145,185
2022-05-02,1580.0,142,53
2022-06-24,1260.0,142,52
2022-05-19,1.74,143,103
2022-06-03,4.8,143,102
2022-06-19,4.05,139,0
2022-06-27,6.75,138,247
2022-07-19,1.79,138,249
2022-07-24,1.63,138,248
2022-05-05,1.56,139,205
2022-05-10,1.13,139,206
2022-06-19,0.46,139,207
2022-06-24,0.4,139,208
2022-06-26,0.38,139,211
2022-07-01,0.28,139,209
2022-07-19,0.18,139,210
2022-06-22,19.2,139,41
2022-05-09,502.0,141,246
2022-06-26,581.0,141,245
2022-06-28,553.0,141,242
2022-07-01,649.0,141,243
2022-07-21,328.0,141,244
2022-07-28,295.0,141,241
2022-05-08,3.88,140,216
2022-05-18,3.8,140,215
2022-06-19,3.21,140,213
2022-06-24,3.11,140,214
2022-05-09,1.63,145,221
2022-06-10,1.45,145,220
2022-06-03,26.4,144,145
2022-06-08,18.9,144,150
2022-06-20,11.5,144,147
2022-06-25,12.1,144,146
2022-06-28,15.4,144,148
2022-06-30,13.8,144,149
2022-07-20,7.21,144,151
2022-06-03,6.43,144,37
2022-06-20,1.56,144,35
2022-06-28,2.52,144,36
2022-07-23,0.42,144,34
2022-05-04,1.14,146,140
2022-05-09,1.06,146,141
2022-05-16,0.99,146,138
2022-06-28,0.86,146,139
2022-05-02,2.3,147,37
2022-05-10,1.72,147,36
2022-06-24,1.48,147,34
2022-07-21,1.41,147,35
2022-06-19,0.41,139,25
2022-06-22,0.44,139,22
2022-06-24,0.4,139,23
2022-07-04,0.37,139,26
2022-07-19,0.24,139,24
2022-06-03,2.62,144,118
2022-06-20,1.01,144,119
2022-06-28,0.86,144,120
2022-05-19,1.19,137,57
2022-06-03,0.93,137,60
2022-07-01,0.46,137,58
2022-07-03,0.42,137,55
2022-07-18,0.25,137,56
2022-07-21,0.22,137,59
2022-05-19,2.37,147,231
2022-05-19,0.97,147,235
2022-07-03,1.26,147,232
2022-07-03,0.42,147,236
2022-07-18,0.52,147,233
2022-07-18,0.24,147,237
2022-07-21,0.47,147,234
2022-07-21,0.23,147,238
2022-05-09,1.98,146,161
2022-06-28,1.88,146,160
2022-06-26,105.0,141,215
2022-07-01,99.7,141,217
2022-07-21,50.6,141,216
2022-06-03,4.66,143,101
2022-06-19,0.26,138,217
2022-06-27,0.52,138,219
2022-07-19,0.15,138,218
2022-07-24,0.13,138,220
2022-05-09,9.32,147,222
2022-05-24,8.28,147,221
2022-06-10,7.34,147,220
2022-06-03,3.65,145,94
2022-06-26,3.99,145,93
2022-07-01,2.93,145,90
2022-07-21,0.89,145,91
2022-07-28,1.5,145,92
2022-05-10,4.92,138,6
2022-06-19,4.85,138,4
2022-07-19,4.6,138,5
2022-06-19,0.92,137,119
2022-07-19,0.44,137,120
2022-06-03,183.0,143,232
2022-06-08,97.2,143,237
2022-06-13,158.0,143,231
2022-06-20,89.3,143,236
2022-06-25,86.2,143,233
2022-06-28,102.0,143,235
2022-07-20,26.2,143,234
2022-06-03,15.6,143,194
2022-06-20,4.27,143,193
2022-06-28,3.52,143,195
2022-06-03,19.2,141,190
2022-06-26,12.7,141,192
2022-07-01,10.3,141,191
2022-07-18,2.25,141,189
2022-06-19,0.99,138,62
2022-06-27,2.61,138,63
2022-07-19,0.47,138,61
2022-07-24,0.43,138,60
2022-06-19,6.53,138,225
2022-06-19,14.6,138,179
2022-06-27,10.5,138,226
2022-06-27,23.0,138,180
2022-07-19,4.92,138,227
2022-07-19,11.0,138,181
2022-07-24,3.5,138,228
2022-07-24,7.73,138,182
2022-06-03,13.4,142,102
2022-06-26,12.9,142,104
2022-07-01,11.9,142,105
2022-07-18,8.7,142,103
2022-06-03,1.19,142,191
2022-06-26,0.81,142,192
2022-07-21,0.26,142,193
2022-06-19,2.2,137,243
2022-07-19,0.7,137,245
2022-07-24,0.58,137,244
2022-06-23,1.16,147,205
2022-06-28,1.08,147,206
2022-07-21,0.87,147,207
2022-05-02,6.72,147,161
2022-05-10,5.76,147,160
2022-06-24,3.76,147,159
2022-07-21,2.71,147,158
2022-05-16,1.03,144,31
2022-06-20,3.59,144,29
2022-06-28,8.68,144,30
2022-07-20,0.9,144,33
2022-07-23,0.78,144,32
2022-06-03,1.74,142,168
2022-06-26,2.83,142,170
2022-07-01,1.14,142,169
2022-07-03,0.89,142,166
2022-07-18,0.27,142,167
2022-05-10,0.54,137,198
2022-06-19,0.77,137,195
2022-06-26,0.89,137,197
2022-07-19,0.28,137,196
2022-06-19,2.08,138,171
2022-06-27,3.53,138,173
2022-07-19,1.49,138,172
2022-07-24,1.22,138,174
2022-05-10,0.29,137,109
2022-06-19,0.27,137,113
2022-06-26,0.28,137,114
2022-07-01,0.22,137,110
2022-07-19,0.17,137,111
2022-07-24,0.15,137,112
2022-05-10,0.87,138,125
2022-05-15,0.68,138,124
2022-06-19,0.39,138,121
2022-06-24,0.51,138,122
2022-07-19,0.11,138,123
2022-05-10,3.18,137,208
2022-06-19,2.19,137,210
2022-06-26,2.89,137,212
2022-07-19,0.69,137,209
2022-07-21,0.64,137,211
2022-05-09,3.39,145,226
2022-05-24,2.49,145,225
2022-06-03,290.0,141,221
2022-06-26,196.0,141,218
2022-07-01,199.0,141,219
2022-07-21,118.0,141,220
2022-06-03,4.9,142,244
2022-06-26,5.61,142,245
2022-07-21,1.94,142,243
2022-06-28,3.59,144,196
2022-07-01,1050.0,142,22
2022-07-21,602.0,142,23
2022-06-11,6.43,146,215
2022-06-26,5.29,146,212
2022-07-01,4.65,146,214
2022-07-13,3.23,146,213
2022-07-21,2.55,146,216
2022-07-28,3.34,146,217
2022-05-24,0.38,147,216
2022-07-21,0.38,147,215
2022-06-03,13.2,143,180
2022-06-28,4.72,143,181
2022-05-02,3.39,146,237
2022-05-10,2.4,146,236
2022-05-15,1.9,146,235
2022-06-19,0.74,146,229
2022-06-24,0.99,146,230
2022-06-26,1.31,146,231
2022-07-01,0.99,146,233
2022-07-14,0.54,146,234
2022-07-19,0.39,146,232
2022-06-19,13.9,137,158
2022-07-19,6.47,137,159
2022-06-26,2.63,145,106
2022-07-01,1.96,145,103
2022-07-21,1.33,145,104
2022-07-28,1.52,145,105
2022-05-05,67.5,139,111
2022-05-10,51.0,139,109
2022-05-15,42.7,139,107
2022-06-03,504.0,141,225
2022-06-19,42.2,139,104
2022-06-24,47.4,139,105
2022-06-26,47.7,139,106
2022-06-28,284.0,141,224
2022-07-01,46.1,139,110
2022-07-19,24.5,139,108
2022-05-19,1.85,143,33
2022-07-03,5.76,143,32
2022-07-21,5.44,143,31
2022-05-15,1.19,140,75
2022-06-19,0.65,140,69
2022-06-22,0.6,140,70
2022-06-24,0.57,140,73
2022-06-27,0.5,140,71
2022-07-19,0.24,140,72
2022-07-27,0.22,140,74
2022-05-10,23.7,137,170
2022-06-19,28.3,137,172
2022-06-26,43.6,137,168
2022-07-19,22.9,137,169
2022-07-21,23.7,137,171
2022-06-03,3.24,143,199
2022-06-28,2.15,143,198
2022-05-10,4.16,138,130
2022-05-15,3.11,138,127
2022-06-19,2.14,138,126
2022-06-24,1.97,138,128
2022-07-19,0.72,138,129
2022-05-18,8.99,141,83
2022-06-24,7.59,141,81
2022-06-27,7.65,141,82
2022-07-19,6.93,141,80
2022-06-24,0.96,141,70
2022-06-27,0.93,141,68
2022-07-02,0.86,141,71
2022-07-12,0.81,141,69
2022-06-03,16.3,143,105
2022-05-15,3.16,140,63
2022-06-19,1.0,140,58
2022-06-22,0.96,140,61
2022-06-24,0.9,140,62
2022-06-27,0.79,140,59
2022-07-19,0.31,140,60
2022-07-27,0.47,140,64
2022-05-05,2.09,139,219
2022-05-10,1.68,139,218
2022-05-15,1.41,139,217
2022-06-19,1.06,139,212
2022-06-24,1.12,139,215
2022-06-26,1.18,139,214
2022-07-01,0.89,139,216
2022-07-19,0.5,139,213
2022-05-19,0.45,143,55
2022-07-03,2.72,143,54
2022-07-21,3.26,143,53
2022-05-09,51.0,144,229
2022-06-28,51.9,144,227
2022-07-28,27.6,144,228
2022-06-19,4.75,140,93
2022-06-24,6.48,140,94
2022-06-27,6.12,140,96
2022-07-19,2.44,140,95
2022-06-19,0.34,138,213
2022-06-27,0.94,138,216
2022-07-19,0.15,138,214
2022-07-24,0.2,138,215
2022-06-03,61.2,143,170
2022-06-28,16.5,143,171
2022-05-10,3.16,137,248
2022-06-19,6.26,137,249
2022-07-19,2.35,138,0
2022-05-02,9.25,146,81
2022-05-09,6.54,146,80
2022-06-28,3.82,146,79
2022-07-21,1.96,146,78
2022-06-20,11.2,144,216
2022-06-25,13.9,144,217
2022-06-28,14.8,144,218
2022-07-20,9.73,144,215
2022-05-05,1.09,140,39
2022-05-10,0.91,140,40
2022-06-19,0.58,140,35
2022-06-24,0.67,140,36
2022-06-26,0.83,140,41
2022-07-01,0.5,140,37
2022-07-19,0.21,140,38
2022-05-18,2.72,141,96
2022-06-24,2.57,141,95
2022-06-27,2.53,141,97
2022-06-24,4.82,147,114
2022-06-03,5.52,143,164
2022-06-20,1.53,143,166
2022-06-28,1.14,143,167
2022-07-20,0.22,143,165
2022-06-03,0.84,139,71
2022-06-26,0.8,139,69
2022-07-01,0.63,139,70
2022-07-28,0.6,139,68
2022-05-18,0.39,141,121
2022-06-24,0.34,141,120
2022-06-03,28.2,144,98
2022-06-20,7.86,144,96
2022-06-24,1.44,147,165
2022-06-26,1.4,147,166
2022-06-28,4.74,144,99
2022-06-30,3.92,144,97
2022-07-21,1.05,147,167
2022-05-16,1.41,147,230
2022-05-19,16.5,143,43
2022-06-20,2.75,147,226
2022-06-28,3.75,147,227
2022-07-03,34.2,143,42
2022-07-20,0.94,147,228
2022-07-21,33.3,143,44
2022-07-23,0.87,147,229
2022-06-03,14.7,144,54
2022-06-08,6.85,144,55
2022-06-13,7.52,144,56
2022-06-20,5.54,144,52
2022-06-25,5.5,144,53
2022-06-28,5.87,144,57
2022-07-20,2.24,144,58
2022-06-11,5.06,146,218
2022-06-26,4.28,146,219
2022-07-01,2.93,146,220
2022-07-21,1.98,146,221
2022-07-28,2.17,146,222
2022-05-09,8.9,146,60
2022-06-23,6.78,146,61
2022-06-28,6.1,146,65
2022-07-01,5.68,146,64
2022-07-03,5.4,146,62
2022-07-21,4.57,146,63
2022-06-26,3.55,137,129
2022-07-01,2.56,137,130
2022-06-20,31.4,146,88
2022-07-20,17.4,146,89
2022-06-20,1.87,144,233
2022-06-25,2.41,144,234
2022-06-28,2.16,144,235
2022-07-20,1.12,144,236
2022-06-03,0.83,143,12
2022-06-26,0.76,143,13
2022-07-21,0.29,143,14
2022-05-09,124.0,146,99
2022-05-16,105.0,146,100
2022-05-10,0.86,137,213
2022-06-19,0.79,137,217
2022-06-24,0.72,137,214
2022-06-26,0.89,137,215
2022-07-19,0.22,137,216
2022-07-21,0.21,137,218
2022-07-24,0.2,137,219
2022-05-15,45.5,140,172
2022-06-19,37.0,140,168
2022-06-24,36.8,140,170
2022-07-14,27.5,140,169
2022-07-19,24.4,140,171
2022-05-10,4.75,138,42
2022-06-19,3.41,138,39
2022-06-26,54.7,137,3
2022-06-26,4.15,138,40
2022-07-01,44.1,137,4
2022-07-19,1.24,138,43
2022-07-21,1.2,138,41
2022-05-09,8.54,145,235
2022-06-23,3.04,145,236
2022-06-28,2.56,145,233
2022-07-01,1.78,145,232
2022-07-21,0.75,145,234
2022-06-19,0.67,141,169
2022-07-19,0.24,141,170
2022-06-26,6.93,139,168
2022-07-01,5.29,139,169
2022-05-09,0.82,145,209
2022-05-24,0.88,145,210
2022-06-27,0.16,141,51
2022-05-02,6.8,147,72
2022-05-10,5.94,147,71
2022-06-24,4.98,147,69
2022-07-21,3.52,147,70
2022-06-03,4.67,144,180
2022-06-28,11.0,144,181
2022-06-19,0.14,138,161
2022-06-22,0.14,138,159
2022-06-24,0.14,138,158
2022-07-04,0.13,138,162
2022-07-19,0.08,138,160
2022-05-10,1.12,140,29
2022-05-15,0.96,140,33
2022-06-19,0.67,140,27
2022-06-24,0.67,140,32
2022-06-26,0.85,140,30
2022-07-01,0.57,140,28
2022-07-19,0.33,140,31
2022-07-24,0.29,140,34
2022-06-03,0.46,142,106
2022-06-26,0.67,142,108
2022-07-01,0.15,142,109
2022-07-18,0.05,142,107
2022-05-05,1.89,146,195
2022-05-10,1.64,146,193
2022-05-15,1.39,146,194
2022-06-19,1.08,146,188
2022-06-24,1.31,146,190
2022-06-26,1.6,146,189
2022-07-01,1.16,146,191
2022-07-19,0.54,146,192
2022-05-02,2.59,147,146
2022-06-24,1.92,147,145
2022-05-18,0.49,141,76
2022-06-19,0.49,141,79
2022-06-24,0.29,141,75
2022-06-27,0.29,141,78
2022-07-19,0.29,141,77
2022-06-19,3.84,137,182
2022-07-19,2.25,137,183
2022-05-10,6.58,137,104
2022-06-19,7.66,137,99
2022-06-24,7.69,137,102
2022-06-26,7.7,137,105
2022-07-01,7.83,137,100
2022-07-19,4.43,137,101
2022-07-24,4.58,137,103
2022-05-09,1.59,145,48
2022-06-28,1.72,145,44
2022-07-01,1.53,145,45
2022-07-21,1.6,145,46
2022-07-28,1.71,145,47
2022-06-03,62.2,143,215
2022-06-20,52.0,143,213
2022-07-23,14.2,143,214
2022-06-19,2.8,139,4
2022-06-27,14.3,139,2
2022-07-19,3.9,139,3
2022-07-24,1.8,139,1
2022-06-03,218.0,143,242
2022-06-08,108.0,143,243
2022-06-13,184.0,143,238
2022-06-20,95.7,143,241
2022-06-25,92.6,143,239
2022-06-28,117.0,143,240
2022-05-18,6.29,141,147
2022-06-24,5.49,141,145
2022-06-27,5.51,141,148
2022-07-19,5.08,141,146
2022-06-26,2.76,139,72
2022-07-01,1.58,139,73
2022-05-02,4.53,147,68
2022-05-10,4.03,147,67
2022-06-24,2.93,147,65
2022-07-21,1.94,147,66
2022-05-02,1.38,147,22
2022-05-10,1.09,147,24
2022-05-15,0.99,147,23
2022-06-19,0.66,147,17
2022-06-24,0.73,147,21
2022-06-26,0.82,147,20
2022-07-01,0.73,147,18
2022-07-21,0.47,147,19
2022-05-02,4.92,147,117
2022-06-24,1.55,147,116
2022-06-19,2.77,137,247
2022-07-19,1.29,137,246
2022-05-09,26.4,144,226
2022-05-16,25.2,144,225
2022-06-20,27.0,144,223
2022-06-28,29.2,144,224
2022-05-09,2.68,146,179
2022-07-01,1.17,146,176
2022-07-03,1.0,146,177
2022-07-21,0.71,146,178
2022-05-15,0.84,138,144
2022-06-19,0.048,138,145
2022-06-22,0.5,138,140
2022-06-24,0.49,138,142
2022-07-04,0.46,138,143
2022-07-19,0.57,138,141
2022-06-03,0.49,143,10
2022-06-26,0.79,143,9
2022-07-21,0.21,143,11
2022-06-20,4.46,145,3
2022-06-25,4.59,145,6
2022-06-28,4.51,145,4
2022-07-20,3.15,145,5
2022-05-19,0.91,143,58
2022-05-19,2.83,143,61
2022-07-03,0.89,143,56
2022-07-03,2.27,143,59
2022-07-21,0.4,143,57
2022-07-21,0.78,143,60
2022-05-19,0.63,143,93
2022-07-03,0.58,143,94
2022-06-28,21.5,143,172
2022-06-03,2.58,142,95
2022-06-26,3.4,142,96
2022-07-01,3.28,142,97
2022-07-18,1.85,142,94
2022-06-26,2.01,139,184
2022-07-01,1.48,139,185
2022-06-26,15.7,137,65
2022-07-01,7.67,137,66
2022-05-10,1.99,138,22
2022-06-19,1.76,138,21
2022-07-19,1.61,138,19
2022-07-24,1.17,138,20
2022-05-10,4.69,138,97
2022-05-15,4.35,138,96
2022-06-19,2.26,138,93
2022-06-24,2.7,138,94
2022-06-26,3.75,138,91
2022-07-01,3.17,138,98
2022-07-19,1.06,138,92
2022-07-21,1.03,138,95
2022-06-24,2.84,141,45
2022-05-09,10.1,146,159
2022-06-28,9.75,146,157
2022-07-01,8.45,146,156
2022-07-21,3.78,146,158
2022-06-03,2.04,142,181
2022-06-26,2.47,142,183
2022-07-01,1.65,142,182
2022-07-18,0.52,142,180
2022-06-19,2.46,138,211
2022-06-27,4.28,138,212
2022-07-19,2.83,138,210
2022-07-24,2.08,138,209
2022-06-11,9.6,146,198
2022-06-26,8.13,146,201
2022-07-01,7.5,146,200
2022-07-13,3.3,146,197
2022-07-21,2.94,146,199
2022-07-28,4.24,146,196
2022-06-19,6.33,139,8
2022-06-22,9.11,139,10
2022-06-24,6.54,139,9
2022-06-24,9.31,147,162
2022-06-26,8.97,147,163
2022-07-04,5.87,139,11
2022-07-19,5.52,139,12
2022-07-21,7.35,147,164
2022-05-18,4.38,141,131
2022-06-24,3.58,141,130
2022-06-27,3.61,141,132
2022-07-19,3.33,141,129
2022-05-19,0.53,143,76
2022-07-03,4.11,143,74
2022-07-21,8.85,143,75
2022-05-10,1.12,140,134
2022-05-15,1.08,140,133
2022-06-19,0.65,140,126
2022-06-24,0.68,140,130
2022-06-26,0.77,140,127
2022-07-01,0.61,140,128
2022-07-14,0.36,140,131
2022-07-19,0.33,140,132
2022-07-21,0.31,140,129
2022-06-22,1.09,139,67
2022-05-02,16.0,146,87
2022-05-09,9.88,146,86
2022-06-28,6.1,146,82
2022-07-01,5.26,146,83
2022-07-03,4.81,146,84
2022-07-21,3.15,146,85
2022-05-10,99.0,137,15
2022-06-19,125.0,137,13
2022-07-19,52.7,137,14
2022-07-24,69.4,137,12
2022-05-09,15.4,146,130
2022-05-09,4.6,145,243
2022-07-01,1.79,145,242
2022-07-21,1.25,145,241
2022-05-09,177.0,146,112
2022-06-28,175.0,146,111
2022-07-01,163.0,146,110
2022-07-21,93.3,146,113
2022-06-20,3.26,144,204
2022-06-25,3.38,144,205
2022-07-20,2.84,144,206
2022-06-03,3.21,143,148
2022-06-03,4.92,144,169
2022-06-26,2.95,143,144
2022-06-26,6.91,144,173
2022-06-28,5.43,144,170
2022-07-01,2.67,143,145
2022-07-01,3.64,144,171
2022-07-21,2.13,143,146
2022-07-21,1.98,144,172
2022-07-28,2.42,143,147
2022-07-28,2.67,144,174
2022-06-23,6.07,147,202
2022-06-28,5.95,147,204
2022-07-21,5.0,147,203
2022-06-28,33.8,143,174
2022-05-15,1.98,141,32
2022-06-19,1.48,141,29
2022-06-24,1.37,141,31
2022-07-14,0.95,141,28
2022-07-19,0.84,141,30
2022-05-10,2.36,138,1
2022-06-19,2.13,138,3
2022-07-19,2.25,138,2
2022-05-15,117.0,139,155
2022-06-19,67.1,139,151
2022-06-24,78.7,139,153
2022-07-14,57.5,139,152
2022-07-19,50.4,139,154
2022-06-19,0.79,137,154
2022-07-19,0.28,137,155
2022-05-15,0.94,140,125
2022-06-19,0.89,140,121
2022-06-24,0.95,140,124
2022-07-14,0.79,140,122
2022-07-19,0.77,140,123
2022-05-09,1.17,145,49
2022-06-28,1.17,145,50
2022-07-28,0.44,145,51
2022-05-09,3.18,146,40
2022-06-23,2.16,146,37
2022-06-28,2.01,146,39
2022-07-01,1.91,146,36
2022-07-21,1.19,146,38
2022-06-03,0.56,142,64
2022-07-01,0.51,142,65
2022-07-18,0.23,142,66
2022-05-18,1.67,141,143
2022-06-24,0.85,141,142
2022-06-27,0.88,141,144
2022-07-19,0.54,141,141
2022-05-10,4.35,140,6
2022-05-15,3.31,140,8
2022-06-19,3.08,140,3
2022-06-24,3.12,140,2
2022-06-26,4.49,140,4
2022-06-29,3.06,140,10
2022-07-01,2.72,140,7
2022-07-19,2.38,140,5
2022-07-24,1.75,140,9
2022-06-19,3.01,138,243
2022-06-19,0.6,139,14
2022-06-27,5.79,138,246
2022-06-27,1.01,139,16
2022-07-19,1.17,138,244
2022-07-19,0.24,139,13
2022-07-24,1.04,138,245
2022-07-24,0.21,139,15
2022-06-26,0.22,142,71
2022-07-01,0.24,142,72
2022-05-09,1.34,145,31
2022-05-16,1.16,145,33
2022-06-20,1.3,145,29
2022-06-25,1.37,145,28
2022-06-28,1.12,145,30
2022-07-28,0.5,145,32
2022-06-26,3.98,143,107
2022-07-01,2.33,143,108
2022-07-21,0.91,143,109
2022-07-28,1.31,143,106
2022-06-28,0.97,143,160
2022-07-28,0.46,143,161
2022-05-09,1040.0,142,11
2022-07-03,938.0,142,12
2022-07-21,595.0,142,13
2022-06-03,4.79,143,131
2022-06-26,4.11,143,132
2022-07-01,3.19,143,133
2022-07-21,1.48,143,134
2022-07-28,1.72,143,130
2022-05-15,6.21,140,68
2022-06-19,2.29,140,65
2022-06-24,1.97,140,66
2022-07-19,0.62,140,67
2022-05-10,1.05,138,12
2022-06-19,1.85,138,10
2022-07-19,0.67,138,11
2022-06-19,0.43,147,106
2022-06-24,0.36,147,107
2022-06-26,6.07,139,76
2022-06-03,1.85,142,240
2022-06-03,2.51,143,6
2022-06-26,1.11,142,241
2022-06-26,3.09,143,8
2022-07-21,0.78,142,242
2022-07-21,0.94,143,7
2022-05-19,9.29,143,89
2022-07-03,12.5,143,88
2022-05-19,12.5,143,91
2022-07-03,16.0,143,90
2022-05-09,1.29,146,52
2022-06-23,0.92,146,50
2022-06-28,0.77,146,53
2022-07-01,0.65,146,54
2022-07-21,0.4,146,51
2022-06-24,2.11,140,243
2022-06-26,1.44,142,116
2022-07-01,1.18,142,117
2022-05-10,1.3,138,29
2022-06-19,1.34,138,30
2022-06-26,1.31,138,31
2022-07-19,0.21,138,33
2022-07-21,0.6,138,32
2022-05-04,13.4,145,142
2022-05-16,10.8,145,141
2022-05-24,9.77,145,140
2022-05-04,4.31,145,179
2022-05-24,2.1,145,178
2022-06-26,0.25,137,76
2022-07-01,0.22,137,77
2022-05-10,2.12,139,174
2022-05-15,1.85,139,175
2022-06-24,1.59,139,170
2022-06-26,1.65,139,171
2022-07-01,1.33,139,172
2022-07-19,0.85,139,173
2022-05-19,1.39,143,81
2022-07-03,1.3,143,80
2022-07-21,0.8,143,82
2022-06-20,4.42,144,210
2022-06-25,6.9,144,207
2022-06-28,7.14,144,209
2022-07-20,5.21,144,208
2022-05-10,0.25,137,207
2022-06-19,0.5,137,205
2022-06-26,0.6,137,204
2022-07-19,0.28,137,203
2022-07-21,0.34,137,206
2022-06-03,11.2,144,64
2022-06-08,6.36,144,63
2022-06-13,5.3,144,65
2022-06-20,4.43,144,62
2022-06-25,4.68,144,60
2022-06-28,10.4,144,59
2022-07-20,1.06,144,61
2022-05-15,159.0,137,39
2022-06-19,157.0,137,40
2022-06-22,167.0,137,36
2022-06-24,168.0,137,37
2022-07-19,105.0,137,38
2022-06-03,1.93,144,189
2022-06-28,3.45,144,190
2022-06-03,337.0,144,1
2022-06-20,153.0,144,6
2022-06-25,141.0,144,3
2022-06-28,179.0,144,2
2022-06-30,157.0,144,5
2022-07-20,56.8,144,4
2022-06-03,3.5,142,132
2022-06-26,3.29,142,133
2022-07-01,2.35,142,135
2022-07-18,1.46,142,134
2022-06-26,1.29,139,166
2022-07-01,0.83,139,167
2022-05-10,1.0,140,142
2022-05-15,0.75,140,140
2022-06-19,0.88,140,135
2022-06-24,0.66,140,136
2022-06-26,0.61,140,143
2022-07-01,0.6,140,139
2022-07-14,0.63,140,141
2022-07-19,0.7,140,138
2022-07-21,0.85,140,137
2022-05-15,143.0,137,30
2022-06-19,154.0,137,29
2022-06-22,157.0,137,28
2022-06-24,155.0,137,26
2022-07-04,162.0,137,31
2022-07-19,84.9,137,27
2022-05-10,89.3,139,131
2022-05-15,74.5,139,130
2022-06-19,62.1,139,124
2022-06-24,67.6,139,125
2022-06-26,69.0,139,126
2022-07-01,67.5,139,128
2022-07-19,36.3,139,127
2022-07-21,37.1,139,129
2022-05-15,65.3,140,177
2022-06-19,55.1,140,173
2022-06-24,54.9,140,174
2022-07-14,41.5,140,175
2022-07-19,36.1,140,176
2022-05-02,4.17,146,154
2022-05-09,2.62,146,152
2022-06-28,2.38,146,150
2022-07-01,1.91,146,153
2022-07-21,0.74,146,151
2022-06-11,48.1,145,82
2022-07-01,34.8,145,85
2022-07-13,20.1,145,83
2022-07-21,16.5,145,84
2022-07-28,22.0,145,81
2022-05-02,27.0,147,48
2022-05-10,25.2,147,47
2022-06-24,15.1,147,46
2022-07-21,10.3,147,49
2022-05-15,1.05,147,156
2022-06-24,0.55,147,153
2022-06-26,0.57,147,155
2022-07-21,0.36,147,154
2022-06-19,3.57,139,5
2022-06-27,10.9,139,6
2022-07-19,4.89,139,7
2022-05-09,185.0,145,162
2022-06-23,103.0,145,161
2022-06-28,106.0,145,164
2022-07-01,105.0,145,165
2022-07-21,71.5,145,163
2022-06-19,40.5,138,205
2022-06-22,38.0,138,207
2022-06-24,36.1,138,206
2022-07-19,26.1,138,208
2022-06-03,0.82,144,114
2022-06-20,0.41,144,115
2022-06-28,0.39,144,117
2022-07-23,0.1,144,116
2022-05-04,2.27,145,192
2022-05-09,1.86,145,189
2022-05-16,1.59,145,191
2022-05-24,1.51,145,188
2022-06-10,3.54,145,190
2022-05-19,39.9,143,47
2022-05-19,1.6,143,95
2022-05-19,0.28,143,99
2022-06-03,93.6,143,48
2022-06-03,3.8,143,96
2022-06-03,0.58,143,98
2022-07-03,59.3,143,49
2022-07-03,1.58,143,97
2022-07-03,0.16,143,100
2022-05-19,5.28,143,36
2022-07-03,9.43,143,34
2022-07-21,7.21,143,35
2022-07-03,13.8,143,37
2022-07-21,12.8,143,38
2022-05-10,18.3,137,166
2022-06-19,25.5,137,163
2022-06-26,41.1,137,164
2022-07-19,20.8,137,167
2022-07-21,20.0,137,165
2022-06-19,66.2,139,141
2022-06-24,73.3,139,142
2022-06-27,74.6,139,145
2022-07-14,52.1,139,143
2022-07-19,45.0,139,144
2022-05-15,0.67,140,120
2022-06-19,0.22,140,116
2022-06-22,0.19,140,118
2022-06-24,0.17,140,117
2022-07-19,0.14,140,119
2022-05-18,0.23,141,124
2022-05-10,0.71,138,86
2022-05-10,0.46,138,108
2022-05-15,0.61,138,90
2022-05-15,0.39,138,111
2022-06-19,0.35,138,83
2022-06-19,0.19,138,105
2022-06-24,0.39,138,88
2022-06-24,0.2,138,109
2022-06-26,0.67,138,89
2022-06-26,0.33,138,112
2022-07-01,0.31,138,85
2022-07-01,0.18,138,107
2022-07-19,0.1,138,84
2022-07-19,0.045,138,106
2022-07-21,0.13,138,87
2022-07-21,0.048,138,110
2022-06-11,11.0,145,118
2022-06-26,5.9,145,123
2022-07-01,4.88,145,122
2022-07-13,3.11,145,119
2022-07-21,2.36,145,121
2022-07-28,3.19,145,120
2022-06-03,0.44,142,232
2022-06-26,0.43,142,230
2022-07-01,0.42,142,231
2022-07-21,0.41,142,233
2022-05-08,0.28,140,238
2022-05-18,0.23,140,239
2022-06-19,0.19,140,236
2022-06-24,0.18,140,237
2022-06-27,0.17,140,240
2022-06-22,1.61,141,38
2022-05-09,3.28,146,126
2022-05-16,2.4,146,124
2022-06-20,3.71,146,125
2022-06-03,90.5,143,218
2022-06-20,59.5,143,216
2022-07-23,14.7,143,217
2022-07-21,2.73,147,171
2022-06-26,51.5,137,1
2022-07-01,41.5,137,2
2022-05-10,2.66,137,228
2022-06-19,3.16,137,227
2022-06-26,3.48,137,226
2022-07-19,2.6,137,225
2022-07-21,2.54,137,229
2022-05-05,1.68,140,46
2022-05-10,1.3,140,48
2022-05-15,1.08,140,45
2022-06-19,0.41,140,42
2022-06-24,0.52,140,43
2022-06-26,1.29,140,49
2022-07-01,0.58,140,44
2022-07-19,0.24,140,47
2022-06-03,3.9,145,111
2022-06-11,6.92,145,115
2022-06-26,3.43,145,117
2022-07-01,2.36,145,112
2022-07-13,2.16,145,116
2022-07-21,1.8,145,113
2022-07-28,1.8,145,114
2022-06-20,0.92,144,237
2022-06-25,1.2,144,239
2022-06-28,1.28,144,240
2022-07-20,0.57,144,238
2022-05-15,11.8,138,103
2022-06-19,5.4,138,99
2022-06-22,4.8,138,104
2022-06-24,5.63,138,100
2022-07-04,6.33,138,102
2022-07-19,1.93,138,101
2022-06-03,2.29,142,194
2022-06-26,2.17,142,196
2022-07-21,0.8,142,195
2022-05-24,15.9,146,8
2022-05-24,32.2,145,216
2022-06-28,11.3,146,7
2022-05-02,211.0,145,170
2022-05-09,192.0,145,167
2022-06-28,113.0,145,166
2022-07-01,111.0,145,168
2022-07-21,77.2,145,169
2022-05-15,2.61,139,53
2022-06-19,3.76,139,54
2022-06-27,4.86,139,52
2022-07-19,1.71,139,51
2022-07-24,1.53,139,50
2022-06-03,12.6,144,139
2022-06-08,9.54,144,142
2022-06-13,6.87,144,143
2022-06-20,5.5,144,140
2022-06-25,6.03,144,138
2022-06-28,8.77,144,144
2022-07-20,3.38,144,141
2022-06-03,25.3,142,158
2022-06-26,25.1,142,159
2022-07-01,16.4,142,160
2022-07-18,6.37,142,161
2022-05-02,2.07,147,32
2022-05-10,1.11,147,31
2022-05-15,1.01,147,30
2022-06-19,0.55,147,33
2022-06-24,0.52,147,29
2022-06-26,0.52,147,25
2022-07-01,0.48,147,26
2022-07-14,0.22,147,27
2022-07-21,0.12,147,28
2022-05-09,0.95,145,53
2022-06-28,0.81,145,52
2022-05-10,7.42,137,145
2022-05-15,6.57,137,143
2022-06-19,8.13,137,138
2022-06-24,6.99,137,139
2022-06-26,7.43,137,141
2022-07-01,6.05,137,140
2022-07-19,3.95,137,144
2022-07-24,3.7,137,142
2022-05-02,4.96,140,151
2022-05-15,4.83,140,146
2022-06-19,2.92,140,144
2022-06-24,3.13,140,149
2022-06-26,3.11,140,145
2022-07-01,3.16,140,152
2022-07-14,3.61,140,147
2022-07-19,3.34,140,148
2022-07-21,3.54,140,150
2022-05-09,2.17,145,21
2022-05-16,1.82,145,19
2022-06-20,3.01,145,20
2022-06-28,2.11,145,22
2022-05-02,13.0,147,2
2022-05-10,8.33,146,249
2022-05-15,6.1,147,0
2022-06-19,3.31,146,244
2022-06-24,4.7,146,246
2022-06-26,4.15,146,247
2022-07-01,3.17,146,245
2022-07-14,1.89,146,248
2022-07-19,2.04,147,1
2022-05-10,1.48,147,150
2022-06-24,0.62,147,149
2022-06-26,0.61,147,151
2022-07-21,0.51,147,152
2022-05-09,4.51,146,132
2022-05-16,3.85,146,134
2022-06-20,5.53,146,131
2022-06-28,4.31,146,133
2022-06-03,3.68,142,179
2022-06-26,6.77,142,178
2022-07-01,3.76,142,176
2022-07-18,2.48,142,177
2022-07-21,0.44,147,178
2022-05-09,3.08,145,132
2022-06-11,8.12,145,130
2022-06-26,3.94,145,134
2022-06-28,3.3,145,136
2022-07-01,2.64,145,135
2022-07-13,1.43,145,137
2022-07-21,1.23,145,133
2022-07-28,1.61,145,131
2022-06-19,4.35,138,59
2022-06-27,13.5,138,58
2022-07-19,2.19,138,57
2022-07-24,2.43,138,56
2022-05-02,181.0,145,160
2022-05-09,162.0,145,158
2022-06-23,84.1,145,155
2022-06-28,89.2,145,159
2022-07-01,87.9,145,156
2022-07-21,56.0,145,157
2022-06-19,4.61,138,221
2022-06-27,6.7,138,222
2022-07-19,2.46,138,223
2022-07-24,1.75,138,224
2022-05-18,0.47,141,94
2022-06-24,0.39,141,93
2022-06-19,18.5,138,185
2022-06-27,24.9,138,183
2022-07-19,15.7,138,186
2022-07-24,5.1,138,184
2022-06-19,21.2,140,226
2022-06-24,21.0,140,224
2022-06-27,19.6,140,225
2022-07-14,18.1,140,223
2022-07-19,17.4,140,222
2022-06-03,24.1,143,119
2022-06-26,22.6,143,116
2022-07-01,20.6,143,118
2022-07-21,10.8,143,117
2022-07-28,12.7,143,115
2022-05-09,24.5,146,19
2022-06-23,13.7,146,15
2022-06-28,14.5,146,17
2022-07-01,14.8,146,18
2022-07-21,10.0,146,16
2022-05-05,12.2,140,17
2022-05-10,10.6,140,16
2022-05-15,9.19,140,14
2022-06-19,7.16,140,11
2022-06-24,7.18,140,13
2022-07-01,6.61,140,12
2022-07-19,3.3,140,15
2022-06-03,0.73,142,88
2022-06-26,1.87,142,89
2022-07-01,0.65,142,91
2022-07-18,0.24,142,87
2022-07-28,0.4,142,90
2022-05-16,14.6,145,144
2022-05-24,12.7,145,143
2022-05-05,12.1,139,183
2022-05-10,11.0,139,182
2022-05-15,10.7,139,181
2022-06-19,9.77,139,178
2022-06-24,9.58,139,180
2022-07-19,5.74,139,179
2022-06-19,1.15,138,232
2022-06-27,2.07,138,231
2022-07-19,1.06,138,230
2022-07-24,0.78,138,229
2022-06-26,0.66,142,62
2022-07-01,0.35,142,63
2022-05-18,0.83,141,153
2022-06-24,0.7,141,155
2022-07-19,0.63,141,154
2022-05-16,0.81,144,18
2022-06-20,1.14,144,15
2022-06-28,1.77,144,19
2022-07-20,0.48,144,16
2022-07-23,0.48,144,17
2022-06-03,9.35,143,158
2022-05-15,191.0,137,44
2022-06-19,195.0,137,45
2022-06-22,203.0,137,41
2022-07-19,134.0,137,43
2022-07-24,107.0,137,42
2022-06-26,96.0,141,212
2022-07-01,87.8,141,214
2022-07-21,46.0,141,213
2022-06-26,2.49,139,74
2022-07-01,2.42,139,75
2022-06-19,4.8,139,27
2022-07-19,3.29,139,29
2022-07-24,3.88,139,28
2022-05-19,0.63,143,73
2022-07-03,1.27,143,71
2022-07-21,0.83,143,72
2022-05-09,5.56,146,129
2022-05-16,4.42,146,127
2022-06-20,6.24,146,128
2022-05-05,1.0,139,227
2022-05-10,0.83,139,226
2022-05-15,0.6,139,225
2022-06-19,0.68,139,220
2022-06-24,0.12,139,222
2022-06-26,0.96,139,221
2022-07-01,0.2,139,224
2022-07-19,0.07,139,223
2022-07-21,1.22,147,217
2022-06-19,59.6,139,137
2022-06-24,67.2,139,140
2022-07-14,46.3,139,139
2022-07-19,39.6,139,138
2022-05-04,13.5,147,185
2022-05-09,10.6,147,184
2022-05-24,7.05,147,183
2022-06-26,4.4,147,180
2022-06-28,3.98,147,179
2022-07-13,3.55,147,181
2022-07-21,2.76,147,182
2022-05-09,17.8,146,1
2022-06-23,9.6,145,249
2022-07-21,4.86,146,0
2022-06-03,12.6,143,2
2022-06-26,16.5,143,5
2022-07-01,13.8,143,4
2022-07-21,5.15,143,3
2022-06-19,2.0,137,118
2022-07-19,0.5,137,117
2022-06-11,2.55,147,143
2022-06-11,2.41,147,140
2022-06-24,1.29,147,144
2022-06-24,3.19,147,141
2022-06-26,1.69,147,142
2022-06-26,3.08,147,139
2022-06-19,2.24,140,92
2022-06-24,2.24,140,90
2022-07-14,1.5,140,89
2022-07-19,1.35,140,91
2022-06-23,2.05,147,201
2022-06-26,1.93,147,200
2022-06-28,1.97,147,199
2022-07-21,1.93,147,198
2022-05-09,23.0,146,5
2022-06-23,12.1,146,6
2022-06-28,11.2,146,4
2022-07-01,9.42,146,3
2022-07-21,6.69,146,2
2022-06-26,2.08,142,92
2022-07-01,2.08,142,93
2022-06-03,18.5,145,67
2022-06-26,16.5,145,66
2022-07-01,15.7,145,68
2022-07-21,8.76,145,69
2022-07-28,9.41,145,65
2022-06-03,139.0,143,226
2022-06-08,80.3,143,230
2022-06-13,141.0,143,225
2022-06-20,75.6,143,227
2022-06-25,73.2,143,224
2022-06-28,77.3,143,228
2022-07-20,20.4,143,229
2022-05-15,0.28,139,64
2022-06-19,0.21,139,62
2022-06-22,0.24,139,65
2022-07-19,0.12,139,63
2022-06-19,14.6,139,38
2022-06-22,14.6,139,40
2022-07-19,11.5,139,39
2022-07-24,9.51,139,37
2022-06-26,0.97,142,73
2022-07-01,0.41,142,74
2022-05-09,29.2,146,23
2022-06-23,17.2,146,20
2022-07-01,17.2,146,22
2022-07-21,12.8,146,21
2022-06-20,1.48,144,249
2022-06-25,1.41,145,0
2022-06-28,1.38,145,1
2022-07-20,0.49,145,2
2022-06-03,4.88,144,87
2022-06-20,1.57,144,88
2022-06-28,1.5,144,89
2022-07-20,0.24,144,91
2022-07-23,0.21,144,90
2022-05-09,380.0,141,237
2022-06-28,479.0,141,236
2022-07-28,228.0,141,235
2022-06-19,1.71,141,19
2022-06-24,1.69,141,17
2022-07-14,1.31,141,16
2022-07-19,1.19,141,18
2022-06-28,28.5,143,173
2022-06-26,0.62,137,108
2022-05-10,72.9,139,123
2022-05-15,61.4,139,122
2022-06-19,51.6,139,118
2022-06-24,56.6,139,119
2022-07-19,29.0,139,120
2022-07-21,29.8,139,121
2022-05-19,1.03,142,234
2022-06-03,1.32,142,235
2022-06-26,0.79,142,239
2022-07-01,0.77,142,236
2022-07-03,0.69,142,237
2022-07-21,0.48,142,238
2022-05-10,34.9,137,10
2022-06-19,59.7,137,5
2022-06-24,41.3,137,7
2022-06-26,55.0,137,9
2022-07-01,45.6,137,11
2022-07-19,24.3,137,6
2022-07-24,20.5,137,8
2022-06-19,4.38,137,116
2022-07-19,1.26,137,115
2022-07-21,2.66,145,222
2022-06-03,3.51,142,99
2022-06-26,5.06,142,100
2022-07-01,4.62,142,101
2022-07-18,2.47,142,98
2022-06-03,338.0,144,7
2022-06-20,167.0,144,11
2022-06-25,157.0,144,9
2022-06-28,194.0,144,8
2022-07-20,67.2,144,10
2022-06-03,2.24,142,222
2022-06-26,1.97,142,223
2022-07-01,1.4,142,225
2022-07-21,0.71,142,224
2022-05-15,0.033,138,155
2022-06-19,0.033,138,156
2022-06-22,0.034,138,153
2022-06-24,0.034,138,152
2022-07-04,0.031,138,157
2022-07-19,0.023,138,154
2022-05-19,4.28,142,140
2022-06-03,4.33,142,143
2022-06-11,9.46,142,145
2022-07-01,3.98,142,142
2022-07-03,3.36,142,141
2022-07-21,1.42,142,144
2022-05-09,9.24,145,239
2022-06-24,0.27,140,241
2022-06-27,0.27,140,242
2022-06-03,1.5,143,151
2022-06-28,1.13,143,154
2022-07-01,0.97,143,155
2022-07-21,0.71,143,152
2022-07-28,0.79,143,153
2022-06-27,6.11,141,46
2022-06-19,3.29,139,57
2022-07-19,1.15,139,56
2022-07-24,0.71,139,55
2022-05-02,18.4,147,45
2022-05-10,17.6,147,44
2022-06-24,8.79,147,43
2022-07-21,5.11,147,42
2022-06-26,11.2,145,42
2022-06-28,10.4,145,43
2022-07-01,9.06,145,41
2022-07-21,4.15,145,39
2022-07-28,5.53,145,40
2022-06-26,6.86,139,177
2022-06-24,3.04,147,118
2022-05-19,2.11,143,177
2022-06-03,8.76,143,176
2022-06-28,2.01,143,179
2022-07-03,1.92,143,178
2022-07-23,1.92,143,175
2022-05-09,0.75,146,136
2022-06-20,0.7,146,135
2022-06-28,0.55,146,137
2022-06-20,2.97,146,122
2022-07-20,1.28,146,123
2022-06-03,10.4,144,157
2022-06-20,3.73,144,160
2022-06-25,4.05,144,156
2022-06-28,3.82,144,159
2022-07-20,1.87,144,158
2022-06-26,1.76,137,81
2022-07-01,1.43,137,82
2022-06-03,1.14,142,218
2022-06-26,1.0,142,220
2022-07-01,0.44,142,221
2022-07-18,0.1,142,219
2022-06-26,0.65,137,83
2022-07-01,0.53,137,84
2022-06-26,0.41,137,78
2022-06-26,1.45,137,79
2022-07-01,1.14,137,80
2022-06-03,4.24,144,51
2022-06-08,1.73,144,50
2022-06-13,2.02,144,49
2022-06-20,1.23,144,45
2022-06-25,1.07,144,46
2022-06-28,1.07,144,47
2022-07-20,0.58,144,48
2022-06-19,0.2,140,97
2022-06-24,0.2,140,98
2022-06-27,0.16,140,99
2022-07-14,0.08,140,101
2022-07-19,0.07,140,100
2022-05-10,0.74,138,132
2022-06-19,0.26,138,131
2022-06-24,0.36,138,134
2022-07-19,0.16,138,133
2022-05-02,0.72,147,81
2022-05-10,0.53,147,80
2022-06-19,0.36,147,76
2022-06-24,0.41,147,77
2022-06-26,0.41,147,84
2022-07-01,0.3,147,79
2022-07-14,0.24,147,82
2022-07-19,0.22,147,83
2022-07-21,0.22,147,78
2022-06-26,1.12,144,184
2022-06-28,0.76,144,185
2022-07-01,0.56,144,187
2022-07-21,0.23,144,188
2022-07-28,0.27,144,186
2022-06-19,1.67,138,74
2022-06-27,4.05,138,75
2022-07-19,0.8,138,72
2022-07-24,0.71,138,73
2022-06-20,19.6,144,104
2022-06-25,19.6,144,105
2022-06-28,18.3,144,107
2022-06-30,14.8,144,106
2022-06-03,305.0,144,0
2022-06-08,152.0,143,248
2022-06-20,133.0,143,247
2022-06-25,121.0,143,244
2022-06-28,154.0,143,245
2022-06-30,132.0,143,249
2022-07-20,43.7,143,246
2022-06-19,1.6,138,48
2022-06-27,3.39,138,51
2022-07-19,1.04,138,49
2022-07-24,0.92,138,50
2022-05-10,0.96,139,238
2022-05-15,0.85,139,239
2022-06-19,0.4,139,237
2022-06-24,0.57,139,236
2022-06-26,0.46,139,242
2022-07-19,0.2,139,240
2022-07-21,0.25,139,241
2022-05-02,11.4,147,41
2022-05-10,10.8,147,40
2022-06-24,4.53,147,38
2022-07-21,2.89,147,39
2022-06-03,527.0,141,226
2022-06-28,296.0,141,227
2022-05-09,3.46,146,183
2022-07-01,0.71,146,180
2022-07-03,0.6,146,181
2022-07-21,0.28,146,182
2022-07-21,0.48,146,173
2022-06-19,0.7,147,123
2022-06-24,0.67,147,122
2022-07-19,0.56,147,121
2022-06-03,4.98,144,136
2022-06-20,1.37,144,133
2022-06-25,1.28,144,137
2022-06-28,1.56,144,135
2022-06-30,1.22,144,134
2022-06-22,1.34,139,66
2022-05-04,42.4,147,177
2022-06-26,17.4,147,176
2022-06-28,17.5,147,173
2022-07-13,14.6,147,174
2022-07-21,13.4,147,175
2022-06-24,0.98,141,73
2022-06-27,0.96,141,74
2022-07-12,0.86,141,72
2022-05-09,3.54,145,11
2022-06-20,7.38,145,13
2022-06-28,4.59,145,12
2022-06-03,14.3,144,92
2022-06-20,4.04,144,93
2022-06-28,1.97,144,95
2022-07-23,0.51,144,94
2022-06-19,6.33,139,30
2022-07-19,4.86,139,31
2022-07-24,7.47,139,32
2022-05-05,43.7,139,95
2022-05-10,39.7,139,94
2022-05-15,36.8,139,93
2022-06-19,38.8,139,89
2022-06-24,36.0,139,90
2022-06-26,37.0,139,91
2022-07-19,22.3,139,92
2022-06-03,113.0,141,208
2022-06-26,78.0,141,209
2022-07-01,70.4,141,210
2022-07-21,36.0,141,211
2022-05-10,1.83,147,4
2022-06-19,0.9,147,3
2022-06-24,1.0,147,6
2022-07-01,0.82,147,5
2022-05-18,2.58,141,118
2022-06-24,2.2,141,117
2022-06-27,2.13,141,116
2022-07-19,2.02,141,119
2022-06-03,1.68,142,211
2022-06-26,2.88,142,212
2022-07-18,1.01,142,213
2022-07-21,0.92,142,214
2022-06-26,7.53,141,186
2022-07-01,3.48,141,185
2022-05-10,20.7,137,177
2022-06-19,24.5,137,173
2022-06-26,41.2,137,176
2022-07-19,17.3,137,174
2022-07-21,16.8,137,175
2022-05-15,129.0,139,160
2022-06-19,77.0,139,156
2022-06-24,87.7,139,158
2022-07-14,65.3,139,157
2022-07-19,57.6,139,159
2022-05-15,0.18,138,139
2022-06-19,0.12,138,136
2022-06-22,0.14,138,138
2022-06-24,0.13,138,135
2022-07-19,0.044,138,137
2022-06-03,1.22,142,129
2022-06-26,1.38,142,130
2022-07-01,0.9,142,131
2022-07-18,0.9,142,128
2022-05-05,77.7,139,117
2022-05-10,60.2,139,116
2022-05-15,51.3,139,115
2022-06-19,47.2,139,112
2022-06-24,51.7,139,113
2022-07-19,27.9,139,114
2022-06-03,1.75,143,141
2022-06-26,4.43,143,142
2022-07-01,1.16,143,139
2022-07-21,0.72,143,140
2022-07-28,0.97,143,143
2022-06-11,11.9,145,38
2022-07-01,5.1,145,36
2022-07-13,2.2,145,34
2022-07-21,2.44,145,37
2022-07-28,2.34,145,35
2022-06-22,234.0,137,46
2022-05-18,16.1,141,108
2022-06-24,12.4,141,109
2022-06-27,12.3,141,111
2022-07-19,10.8,141,110
2022-07-21,8.68,147,172
2022-06-03,57.7,141,199
2022-06-26,43.2,141,201
2022-07-01,40.2,141,202
2022-07-18,28.8,141,200
2022-05-15,5.45,138,149
2022-06-19,1.93,138,146
2022-06-22,2.21,138,148
2022-06-24,2.02,138,147
2022-07-04,1.98,138,151
2022-07-19,1.21,138,150
2022-05-18,7.9,141,139
2022-06-24,6.88,141,137
2022-06-27,6.8,141,140
2022-07-19,6.45,141,138
2022-06-19,22.3,147,98
2022-06-24,20.9,147,95
2022-07-14,17.2,147,94
2022-07-19,20.5,147,96
2022-07-21,16.1,147,97
2022-06-20,6.66,145,10
2022-06-25,7.35,145,9
2022-06-28,6.88,145,8
2022-07-20,4.87,145,7
2022-05-09,0.95,145,204
2022-05-24,0.88,145,203
2022-06-10,1.02,145,202
2022-05-09,2.13,145,201
2022-05-24,1.9,145,200
2022-06-10,2.38,145,199
2022-05-18,3.66,141,103
2022-06-24,2.46,141,102
2022-06-27,2.43,141,104
2022-07-19,2.27,141,101
2022-06-11,39.7,145,75
2022-06-26,31.3,145,78
2022-07-01,30.1,145,79
2022-07-13,15.6,145,76
2022-07-21,13.6,145,80
2022-07-28,19.1,145,77
2022-05-09,2.7,146,30
2022-06-23,2.68,146,27
2022-07-01,2.68,146,29
2022-07-21,2.05,146,28
2022-05-19,12.4,143,40
2022-07-03,27.8,143,39
2022-07-21,28.5,143,41
2022-05-10,6.22,137,137
2022-06-19,6.77,137,131
2022-06-24,5.78,137,132
2022-06-26,6.39,137,133
2022-07-01,5.09,137,134
2022-07-19,3.24,137,135
2022-07-24,3.02,137,136
2022-06-24,0.25,141,3
2022-06-27,0.24,141,4
2022-06-27,4.57,141,40
2022-05-18,15.9,141,84
2022-06-24,12.8,141,85
2022-06-27,12.8,141,86
2022-07-12,11.9,141,87
2022-07-19,11.1,141,88
2022-05-19,14.5,143,92
2022-06-03,2.44,143,157
2022-06-28,2.33,143,156
2022-06-24,0.16,147,128
2022-07-19,0.14,147,127
2022-06-24,0.32,141,53
2022-06-27,0.36,141,54
2022-05-09,1.48,146,187
2022-07-01,0.56,146,184
2022-07-03,0.5,146,186
2022-07-21,0.3,146,185
2022-06-03,2.12,143,15
2022-06-26,3.14,143,16
2022-07-01,1.65,143,17
2022-07-21,0.7,143,18
2022-05-09,57.2,145,151
2022-06-23,38.7,145,149
2022-06-28,41.1,145,150
2022-06-03,7.63,142,248
2022-06-26,10.2,142,246
2022-07-21,2.8,142,247
2022-05-09,0.75,146,164
2022-07-01,0.52,146,162
2022-07-21,0.24,146,163
2022-06-20,39.8,146,90
2022-07-20,20.8,146,91
2022-05-16,0.88,144,14
2022-06-20,4.45,144,13
2022-07-20,1.15,144,12
2022-06-03,1.42,142,216
2022-06-03,5.55,142,198
2022-06-26,1.5,142,217
2022-06-26,5.84,142,199
2022-07-18,0.39,142,215
2022-07-18,2.5,142,197
2022-06-03,21.5,145,70
2022-06-26,23.8,145,72
2022-07-01,23.6,145,73
2022-07-21,11.3,145,74
2022-07-28,13.3,145,71
2022-05-09,6.95,145,193
2022-05-24,5.76,145,194
2022-05-04,25.2,145,146
2022-05-16,19.6,145,145
2022-06-20,0.95,144,241
2022-06-25,1.06,144,244
2022-06-28,1.46,144,243
2022-07-20,0.82,144,242
2022-05-08,11.1,147,91
2022-05-18,9.39,147,90
2022-05-18,4.59,147,105
2022-06-24,8.41,147,89
2022-06-24,3.94,147,104
2022-06-03,4.65,142,121
2022-06-26,3.95,142,120
2022-07-01,3.96,142,123
2022-07-18,3.5,142,122
2022-05-19,2.59,143,67
2022-07-03,5.2,143,65
2022-07-21,5.58,143,66
2022-06-19,2.09,137,186
2022-07-19,1.11,137,187
2022-06-19,0.48,140,102
2022-06-24,0.43,140,104
2022-06-27,0.47,140,105
2022-07-14,0.11,140,103
2022-07-19,0.06,140,106
2022-06-20,3.15,144,40
2022-06-28,4.37,144,41
2022-07-20,0.72,144,39
2022-07-23,0.67,144,38
2022-05-19,1.11,143,84
2022-07-03,1.01,143,83
2022-05-09,2.05,145,224
2022-05-08,1.46,140,228
2022-06-19,0.31,140,227
2022-06-24,0.32,140,229
2022-06-27,0.34,140,230
2022-06-26,4.18,139,176
2022-06-03,332.0,141,223
2022-06-28,259.0,141,222
2022-05-09,2.19,146,47
2022-06-28,1.4,146,46
2022-07-01,1.1,146,49
2022-07-21,0.55,146,48
2022-05-15,3.01,138,242
2022-06-19,1.71,138,237
2022-06-22,2.32,138,239
2022-06-24,2.1,138,238
2022-07-04,1.65,138,240
2022-07-19,0.81,138,241
2022-07-01,1.81,146,174
2022-07-21,0.91,146,175
2022-05-09,6.41,145,213
2022-06-10,3.35,145,212
2022-05-15,96.4,137,21
2022-06-19,145.0,137,16
2022-06-24,130.0,137,17
2022-07-04,123.0,137,20
2022-07-19,59.7,137,19
2022-07-24,68.1,137,18
2022-05-10,1.11,137,242
2022-06-19,1.31,137,238
2022-06-26,1.27,137,239
2022-07-19,0.68,137,241
2022-07-21,0.68,137,240
2022-05-10,98.8,139,136
2022-05-15,80.5,139,135
2022-06-19,62.5,139,132
2022-06-24,67.9,139,133
2022-07-19,38.2,139,134
2022-06-19,1.38,138,26
2022-07-19,0.7,138,27
2022-07-24,0.53,138,28
2022-05-02,2.0,147,120
2022-06-24,0.86,147,119
2022-06-19,0.93,138,44
2022-06-27,1.8,138,47
2022-07-19,0.56,138,45
2022-07-24,0.49,138,46
2022-05-02,1.64,147,75
2022-06-24,1.01,147,74
2022-05-09,8.79,145,17
2022-05-16,7.61,145,16
2022-06-20,13.4,145,14
2022-06-28,9.35,145,15
2022-07-28,4.27,145,18
2022-05-02,1590.0,142,56
2022-06-11,1310.0,142,55
2022-06-24,1210.0,142,54
2022-05-16,2.06,144,27
2022-06-03,24.6,144,28
2022-06-20,7.38,144,26
2022-06-28,15.5,144,23
2022-07-20,1.53,144,24
2022-07-23,1.32,144,25
2022-06-24,0.94,147,115
2022-05-10,1.9,137,189
2022-06-19,1.56,137,188
2022-07-19,0.92,137,190
2022-07-24,0.85,137,191
2022-06-26,9.51,143,137
2022-07-01,6.16,143,135
2022-07-21,2.99,143,138
2022-07-28,3.36,143,136
2022-07-21,0.54,147,157
2022-06-03,20.8,143,184
2022-06-20,9.14,143,182
2022-06-25,7.67,143,185
2022-06-30,6.49,143,183
2022-05-02,1520.0,142,42
2022-05-10,1220.0,142,39
2022-05-15,1050.0,142,34
2022-06-24,1170.0,142,35
2022-06-26,1090.0,142,37
2022-07-01,1010.0,142,41
2022-07-14,821.0,142,36
2022-07-19,680.0,142,38
2022-07-21,636.0,142,40
2022-06-20,10.5,144,219
2022-06-25,13.2,144,220
2022-06-28,14.9,144,222
2022-07-20,8.23,144,221
2022-05-05,1.61,139,233
2022-05-10,1.3,139,228
2022-05-15,1.09,139,234
2022-06-19,0.59,139,229
2022-06-24,0.67,139,230
2022-06-26,0.8,139,231
2022-07-19,0.15,139,235
2022-07-21,0.27,139,232
2022-05-19,2.01,143,79
2022-07-03,7.49,143,78
2022-07-21,11.4,143,77
2022-06-08,38.1,144,113
2022-06-13,37.4,144,110
2022-06-20,33.1,144,111
2022-06-25,26.7,144,108
2022-06-28,33.3,144,112
2022-07-20,10.8,144,109
2022-07-01,5.02,146,167
2022-07-21,2.76,146,168
2022-06-05,17.9,141,47
2022-06-25,15.9,141,48
2022-06-27,15.7,141,49
2022-07-20,11.4,141,50
2022-05-04,0.39,145,181
2022-05-24,0.24,145,180
2022-06-19,18.8,147,92
2022-06-24,17.5,147,93
2022-05-10,10.0,137,149
2022-06-19,4.24,137,150
2022-06-24,4.24,137,148
2022-06-26,4.24,137,146
2022-07-19,6.22,137,147
2022-07-24,5.64,137,151
2022-05-15,0.95,139,49
2022-06-19,0.8,139,46
2022-07-19,0.35,139,47
2022-07-24,0.46,139,48
2022-06-26,1.46,137,85
2022-07-01,1.26,137,86
2022-06-24,5.36,141,55
2022-06-27,5.22,141,56
2022-05-19,1.47,143,85
2022-07-03,1.76,143,86
2022-07-21,0.9,143,87
2022-05-19,2.51,142,162
2022-07-03,2.05,142,163
2022-07-18,1.03,142,165
2022-07-21,0.85,142,164
2022-06-24,12.5,140,157
2022-06-27,11.8,140,159
2022-07-19,7.15,140,158
2022-06-24,34.5,140,160
2022-06-27,33.3,140,162
2022-07-19,27.9,140,161
2022-05-09,4.52,146,34
2022-06-23,3.88,146,33
2022-06-28,3.17,146,32
2022-07-01,3.22,146,35
2022-07-21,3.19,146,31
2022-05-05,48.4,139,103
2022-05-10,37.0,139,102
2022-05-15,31.4,139,99
2022-06-19,38.4,139,96
2022-06-24,43.3,139,97
2022-06-26,42.2,139,98
2022-07-01,41.0,139,101
2022-07-19,23.4,139,100
2022-07-01,2.18,141,184
2022-06-03,13.4,142,201
2022-06-26,13.6,142,202
2022-07-01,11.8,142,203
2022-07-18,6.74,142,200
2022-05-02,3.79,146,59
2022-05-09,3.13,146,56
2022-06-28,1.74,146,58
2022-07-01,1.47,146,55
2022-07-21,0.93,146,57
2022-06-03,10.0,143,150
2022-06-28,2.89,143,149
2022-06-11,835.0,142,6
2022-06-26,595.0,142,7
2022-07-01,646.0,142,8
2022-07-13,470.0,142,10
2022-07-21,347.0,142,9
2022-07-28,304.0,142,5
2022-05-09,544.0,142,3
2022-06-11,836.0,141,249
2022-06-26,605.0,141,248
2022-06-28,580.0,142,0
2022-07-01,662.0,142,1
2022-07-13,472.0,142,4
2022-07-21,347.0,142,2
2022-07-28,299.0,141,247
2022-05-18,0.07,141,157
2022-06-24,0.07,141,158
2022-07-12,0.07,141,156
2022-07-19,0.07,141,159
2022-06-19,2.34,147,110
2022-06-24,2.24,147,109
2022-07-19,1.93,147,108
2022-06-03,4.85,144,165
2022-06-26,5.46,144,168
2022-07-01,2.54,144,167
2022-07-21,1.16,144,166
2022-06-26,7.31,145,61
2022-07-01,4.56,145,64
2022-07-13,3.02,145,62
2022-07-21,2.53,145,63
2022-07-28,3.25,145,60
2022-06-03,0.68,145,102
2022-07-01,0.68,145,100
2022-07-21,0.2,145,101
2022-07-28,0.22,145,99
2022-06-24,3.34,141,165
2022-06-26,1.07,137,152
2022-07-01,0.73,137,153
2022-06-23,2.06,147,194
2022-06-26,1.99,147,197
2022-06-28,2.04,147,196
2022-07-21,1.82,147,195
2022-05-15,0.28,139,189
2022-06-26,0.35,139,188
2022-07-20,0.7,141,42
2022-06-28,2.24,146,71
2022-07-03,2.07,146,72
2022-07-21,1.28,146,73
2022-06-19,0.12,140,85
2022-06-24,0.12,140,87
2022-07-14,0.13,140,86
2022-07-19,0.14,140,88
2022-06-19,3.3,140,247
2022-06-24,3.25,140,246
2022-06-27,3.14,140,248
2022-05-08,0.24,141,2
2022-06-19,0.26,141,0
2022-06-24,0.31,140,249
2022-06-27,0.38,141,1
2022-06-19,1.0,137,178
2022-07-19,0.4,137,179
2022-06-19,0.97,138,66
2022-06-27,4.41,138,67
2022-07-19,0.47,138,64
2022-07-24,0.72,138,65
2022-06-20,7.12,144,211
2022-06-25,9.54,144,212
2022-06-28,9.92,144,214
2022-07-20,6.63,144,213
2022-07-01,1.16,141,183
2022-07-18,0.47,141,182
2022-06-03,0.7,141,177
2022-06-03,0.46,141,172
2022-07-01,1.09,141,180
2022-07-01,0.76,141,176
2022-07-01,0.36,141,174
2022-07-03,1.09,141,181
2022-07-03,0.66,141,178
2022-07-03,0.34,141,173
2022-07-18,0.25,141,179
2022-07-18,0.25,141,175
2022-07-18,0.27,141,171
2022-05-09,1.43,144,199
2022-06-03,1.67,144,200
2022-06-28,1.43,144,198
2022-07-28,0.65,144,197
2022-05-09,143.0,145,154
2022-06-23,77.0,145,152
2022-07-21,46.0,145,153
2022-05-09,2.26,146,228
2022-06-11,1.39,146,223
2022-06-26,1.48,146,224
2022-07-01,2.44,146,225
2022-07-13,1.79,146,227
2022-07-21,1.55,146,226
2022-06-03,1.43,144,195
2022-06-26,3.05,144,194
2022-06-28,1.67,144,193
2022-07-01,0.97,144,192
2022-07-21,0.08,144,191
2022-05-02,1410.0,142,33
2022-05-10,1130.0,142,30
2022-05-15,972.0,142,29
2022-06-19,1180.0,142,28
2022-06-24,1090.0,142,24
2022-06-26,1020.0,142,25
2022-07-01,1010.0,142,32
2022-07-14,750.0,142,26
2022-07-19,595.0,142,27
2022-07-21,596.0,142,31
2022-05-02,7.95,147,16
2022-05-10,7.06,147,11
2022-05-15,6.54,147,8
2022-06-19,3.59,147,13
2022-06-24,3.69,147,7
2022-06-26,3.64,147,10
2022-07-01,3.75,147,14
2022-07-14,2.29,147,9
2022-07-19,2.24,147,12
2022-07-21,2.01,147,15
2022-05-09,59.1,146,98
2022-05-16,53.6,146,95
2022-06-20,68.2,146,96
2022-06-28,58.7,146,97
2022-06-19,4.65,138,176
2022-06-27,7.3,138,178
2022-07-19,2.56,138,177
2022-07-24,2.17,138,175
2022-05-09,11.3,145,240
2022-05-09,4.2,145,128
2022-06-26,3.77,145,127
2022-06-28,3.45,145,124
2022-07-01,3.0,145,125
2022-07-21,1.46,145,126
2022-07-28,2.19,145,129
2022-05-15,110.0,139,150
2022-06-19,68.6,139,146
2022-06-24,78.0,139,148
2022-07-14,55.4,139,147
2022-07-19,48.6,139,149
2022-05-09,1060.0,142,15
2022-07-01,995.0,142,17
2022-07-03,941.0,142,14
2022-07-21,579.0,142,16
2022-06-24,1.7,140,210
2022-06-27,1.59,140,209
2022-07-14,1.02,140,212
2022-07-19,0.85,140,211
2022-05-02,242.0,146,118
2022-05-09,198.0,146,114
2022-06-28,191.0,146,115
2022-07-01,176.0,146,116
2022-07-21,104.0,146,117
2022-05-09,1040.0,142,19
2022-07-01,1030.0,142,21
2022-07-03,983.0,142,18
2022-07-21,618.0,142,20
2022-06-19,5.84,140,244
2022-06-24,5.84,140,245
2022-05-04,168.0,146,102
2022-05-16,123.0,146,101
2022-05-24,101.0,146,103
2022-06-20,4.78,144,44
2022-06-28,6.91,144,42
2022-07-23,1.4,144,43
2022-06-19,0.49,138,76
2022-06-27,1.08,138,79
2022-07-19,0.33,138,77
2022-07-24,0.29,138,78
2022-06-20,3.04,144,230
2022-06-25,3.2,144,231
2022-07-20,2.5,144,232
2022-05-19,0.04,143,68
2022-07-03,0.12,143,69
2022-07-21,0.07,143,70
2022-05-19,0.86,143,62
2022-07-03,2.07,143,63
2022-07-21,2.8,143,64
2022-06-28,3.4,146,155
2022-05-09,237.0,145,171
2022-06-28,140.0,145,172
2022-07-01,137.0,145,174
2022-07-21,95.9,145,173
2022-05-18,1.6,141,162
2022-06-24,1.34,141,160
2022-06-27,1.32,141,164
2022-07-12,1.24,141,163
2022-07-19,1.14,141,161
2022-06-03,12.6,144,82
2022-06-08,6.31,144,86
2022-06-13,4.33,144,81
2022-06-20,4.12,144,83
2022-06-25,4.63,144,80
2022-06-28,9.22,144,85
2022-07-20,2.26,144,84
2022-06-24,3.81,147,125
2022-05-02,1.55,146,45
2022-05-09,1.34,146,44
2022-06-28,0.96,146,42
2022-07-01,0.71,146,41
2022-07-21,0.35,146,43
2022-06-03,16.0,142,204
2022-06-26,15.9,142,206
2022-07-01,13.5,142,207
2022-07-18,6.37,142,205
2022-05-16,3.8,143,212
2022-06-20,15.1,143,211
2022-06-28,26.2,143,210
2022-07-20,3.59,143,209
2022-06-11,3.29,145,110
2022-07-01,3.29,145,107
2022-07-21,0.99,145,109
2022-07-28,1.35,145,108
2022-05-09,0.62,145,205
2022-05-16,0.51,145,206
2022-05-24,0.86,145,211
2022-05-24,0.41,145,207
2022-06-10,0.44,145,208
2022-05-18,0.78,141,128
2022-06-24,0.59,141,127
2022-07-19,0.59,141,126
2022-06-03,849.0,141,228
2022-06-20,476.0,141,232
2022-06-25,400.0,141,230
2022-06-28,488.0,141,229
2022-07-20,222.0,141,231
2022-06-03,1.08,142,210
2022-07-01,1.18,142,208
2022-07-18,0.79,142,209
2022-05-15,4.2,140,110
2022-06-22,1.11,140,107
2022-06-24,1.6,140,109
2022-07-19,0.97,140,108
2022-06-03,10.2,143,192
2022-06-20,2.51,143,188
2022-06-28,2.21,143,190
2022-07-20,0.48,143,189
2022-07-23,0.45,143,191
2022-05-10,1.04,137,220
2022-06-19,0.99,137,221
2022-06-26,1.24,137,222
2022-07-19,0.53,137,223
2022-07-21,0.49,137,224
2022-05-10,2.7,138,34
2022-06-19,1.67,138,36
2022-06-26,1.9,138,37
2022-07-19,0.67,138,35
2022-07-21,0.48,138,38
2022-06-26,0.75,137,67
2022-07-01,0.51,137,68
2022-05-09,5.44,147,225
2022-05-24,3.05,147,223
2022-06-10,2.09,147,224
2022-05-09,0.57,146,149
2022-06-28,0.5,146,148
2022-06-03,130.0,143,51
2022-05-15,13.0,139,34
2022-05-15,0.6,139,60
2022-06-19,11.7,139,33
2022-06-19,0.52,139,58
2022-07-19,7.99,139,36
2022-07-19,0.34,139,61
2022-07-24,7.73,139,35
2022-07-24,0.39,139,59
2022-06-20,2.26,144,203
2022-06-25,2.14,144,201
2022-07-20,1.77,144,202
2022-05-19,0.35,142,171
2022-06-03,0.41,142,172
2022-07-01,0.46,142,173
2022-07-03,0.45,142,174
2022-07-18,0.18,142,175
2022-06-03,149.0,143,52
2022-05-15,23.9,138,199
2022-06-19,1.84,139,17
2022-06-19,39.6,138,197
2022-06-22,1.99,139,20
2022-06-22,35.9,138,195
2022-06-24,1.94,139,18
2022-06-24,32.6,138,196
2022-07-04,1.81,139,21
2022-07-04,41.1,138,200
2022-07-19,1.01,139,19
2022-07-19,25.5,138,198
2022-06-03,47.1,144,103
2022-06-20,15.2,144,102
2022-06-28,12.6,144,101
2022-06-30,10.4,144,100
2022-06-19,4.97,137,184
2022-07-19,2.92,137,185
2022-07-20,0.63,141,39
2022-05-02,0.11,140,208
2022-06-19,0.15,140,207
2022-06-24,0.15,140,203
2022-06-26,0.15,140,204
2022-07-14,0.1,140,202
2022-07-19,0.09,140,206
2022-07-21,0.09,140,205
2022-06-03,20.4,143,169
2022-06-20,5.23,143,168
2022-06-11,29.8,146,203
2022-06-26,25.3,146,206
2022-07-01,19.9,146,205
2022-07-21,10.0,146,204
2022-07-28,12.5,146,202
2022-06-03,16.3,142,153
2022-06-26,34.6,142,152
2022-07-01,14.2,142,150
2022-07-18,6.03,142,151
2022-08-27,146.0,153,63
2022-09-01,133.0,153,62
2022-09-06,156.0,153,64
2022-08-03,0.036,150,194
2022-10-07,0.06,150,192
2022-11-06,0.033,150,193
2022-10-07,0.38,158,220
2022-11-06,0.48,158,221
2022-08-05,1.73,154,88
2022-08-15,1.65,154,89
2022-08-25,1.44,154,86
2022-08-27,1.37,154,87
2022-10-26,1.54,154,83
2022-10-31,1.47,154,84
2022-11-03,1.4,154,85
2022-08-12,5.92,159,132
2022-08-17,5.13,159,131
2022-08-27,3.94,159,135
2022-09-01,3.59,159,134
2022-09-04,3.43,159,133
2022-10-01,3.32,159,136
2022-08-16,0.13,149,184
2022-08-18,0.11,149,185
2022-10-12,0.42,149,183
2022-08-05,6.9,148,173
2022-10-07,6.44,148,171
2022-10-12,4.3,148,172
2022-08-11,13.8,152,49
2022-08-16,13.9,152,47
2022-09-05,15.4,152,44
2022-09-30,11.9,152,45
2022-10-10,10.1,152,48
2022-10-20,10.4,152,46
2022-08-05,0.62,159,62
2022-10-07,0.38,159,60
2022-11-06,0.36,159,61
2022-08-02,6.26,158,32
2022-08-05,5.75,158,31
2022-08-27,4.2,158,34
2022-09-26,2.78,158,30
2022-11-03,2.25,158,33
2022-08-02,3.56,157,185
2022-08-05,24.6,157,56
2022-08-12,6.9,157,184
2022-08-27,19.0,157,57
2022-09-06,21.1,157,54
2022-10-31,3.01,157,183
2022-11-20,38.7,157,55
2022-08-03,0.09,148,235
2022-08-15,0.05,148,233
2022-10-12,0.06,148,234
2022-08-16,5.81,152,43
2022-08-26,5.15,152,42
2022-09-05,5.78,152,37
2022-10-07,4.33,152,38
2022-10-10,4.3,152,39
2022-10-20,4.29,152,40
2022-11-06,4.44,152,41
2022-08-03,7.75,152,63
2022-08-26,5.58,152,62
2022-09-05,6.41,152,57
2022-10-07,4.55,152,58
2022-10-10,4.7,152,59
2022-10-20,4.72,152,60
2022-11-06,4.75,152,61
2022-08-03,5.39,151,11
2022-08-26,4.55,151,15
2022-10-07,3.11,151,12
2022-10-10,3.13,151,13
2022-10-20,3.09,151,16
2022-11-06,3.47,151,14
2022-08-02,1.22,157,139
2022-08-05,1.96,158,147
2022-11-08,1.42,158,146
2022-08-05,5.52,153,0
2022-08-15,11.5,152,249
2022-10-26,25.8,152,246
2022-10-31,15.1,152,247
2022-11-08,7.18,152,248
2022-08-05,0.77,153,155
2022-08-15,0.85,153,156
2022-10-26,1.25,153,152
2022-10-31,1.11,153,154
2022-11-08,0.77,153,153
2022-08-07,1.15,156,115
2022-08-27,1.08,156,116
2022-09-06,1.1,156,113
2022-10-08,0.69,156,114
2022-08-05,2.5,154,179
2022-08-07,1.4,156,226
2022-08-15,2.5,154,180
2022-08-25,1.94,154,177
2022-08-27,1.91,154,178
2022-09-06,1.35,156,227
2022-10-26,1.75,154,173
2022-10-31,1.77,154,174
2022-11-03,1.67,154,175
2022-11-15,1.72,154,176
2022-08-03,3.35,150,233
2022-08-16,3.77,150,236
2022-08-26,2.3,150,235
2022-09-30,1.28,150,234
2022-10-07,0.92,150,230
2022-10-20,0.85,150,231
2022-11-06,1.0,150,232
2022-08-16,0.77,149,135
2022-08-18,0.76,149,134
2022-10-12,0.43,149,133
2022-08-05,6.73,159,10
2022-10-07,5.46,159,11
2022-11-06,6.02,159,12
2022-08-05,0.74,155,94
2022-08-27,0.43,155,96
2022-09-01,0.54,155,95
2022-09-06,1.15,155,92
2022-10-31,1.04,155,93
2022-08-02,1.28,158,94
2022-08-03,0.06,149,240
2022-08-08,0.11,149,239
2022-10-12,0.036,149,238
2022-08-03,0.05,149,79
2022-08-05,0.049,149,83
2022-09-02,0.02,149,84
2022-09-04,0.017,149,80
2022-10-07,0.1,149,81
2022-10-12,0.06,149,82
2022-08-03,1.62,149,11
2022-10-12,1.0,149,10
2022-08-03,5.32,150,149
2022-08-05,5.23,150,148
2022-09-02,3.84,150,150
2022-10-07,4.33,150,146
2022-10-12,3.59,150,147
2022-08-03,0.43,148,92
2022-08-05,0.47,148,93
2022-10-07,0.44,148,94
2022-10-12,0.28,148,95
2022-08-05,2.29,153,150
2022-08-15,1.72,153,151
2022-10-26,2.77,153,147
2022-10-31,1.91,153,148
2022-11-08,1.91,153,149
2022-08-03,1.26,152,210
2022-08-11,1.1,152,211
2022-10-07,0.98,152,212
2022-10-10,0.97,152,213
2022-11-06,1.08,152,214
2022-08-02,4.95,157,107
2022-08-27,0.98,157,1
2022-09-03,0.87,156,248
2022-09-06,1.27,156,249
2022-10-08,0.94,157,0
2022-08-05,7.26,158,117
2022-09-06,5.49,158,115
2022-09-26,4.24,158,116
2022-08-28,1.42,159,82
2022-10-07,0.58,159,83
2022-11-06,0.56,159,84
2022-08-03,0.26,148,238
2022-08-15,0.15,148,236
2022-10-12,0.14,148,237
2022-10-07,0.028,159,45
2022-10-07,0.45,159,43
2022-10-10,0.021,159,47
2022-11-06,0.041,159,46
2022-11-06,0.55,159,44
2022-08-05,0.5,154,185
2022-08-15,0.52,154,186
2022-08-25,0.41,154,187
2022-08-27,0.35,154,188
2022-10-26,0.4,154,181
2022-10-31,0.28,154,182
2022-11-03,0.27,154,183
2022-11-15,0.34,154,184
2022-08-12,0.07,157,205
2022-09-04,0.12,157,203
2022-10-31,0.06,157,204
2022-08-05,2.16,159,33
2022-10-07,1.42,159,31
2022-11-06,1.48,159,32
2022-08-27,1.48,156,122
2022-09-01,1.48,156,123
2022-09-06,1.42,156,124
2022-08-05,2.47,148,66
2022-08-05,2.29,148,69
2022-10-07,1.2,148,65
2022-10-07,0.32,148,68
2022-10-12,0.81,148,67
2022-10-12,0.33,148,70
2022-08-02,2.31,158,95
2022-10-07,6.88,158,201
2022-11-06,12.4,158,202
2022-08-05,3.29,156,148
2022-08-20,1.69,156,151
2022-08-25,1.7,156,150
2022-08-27,1.51,156,152
2022-09-01,1.4,156,149
2022-09-06,2.98,156,153
2022-11-03,1.3,156,146
2022-11-08,1.2,156,147
2022-08-05,5.63,159,39
2022-10-07,3.55,159,37
2022-11-06,3.87,159,38
2022-08-05,0.96,159,151
2022-08-12,0.78,159,149
2022-08-17,0.96,159,150
2022-08-27,0.72,159,147
2022-10-31,0.43,159,148
2022-08-05,1.07,158,113
2022-08-05,0.19,153,190
2022-11-08,0.28,153,189
2022-11-08,4.27,155,80
2022-08-27,0.58,155,200
2022-09-06,3.79,155,199
2022-10-31,0.41,155,198
2022-08-16,0.1,149,46
2022-08-18,0.14,149,45
2022-10-12,0.04,149,44
2022-08-18,0.52,149,132
2022-10-12,0.49,149,131
2022-08-03,15.3,150,23
2022-08-05,14.9,150,22
2022-10-12,11.8,150,21
2022-08-05,26.5,157,175
2022-09-26,20.9,157,174
2022-08-12,1.47,159,102
2022-08-17,1.3,159,101
2022-08-27,0.73,159,98
2022-09-04,0.64,159,99
2022-09-06,0.65,159,103
2022-10-01,0.44,159,100
2022-08-05,0.41,148,191
2022-08-05,1.1,148,168
2022-10-07,0.29,148,189
2022-10-07,0.73,148,166
2022-10-12,0.27,148,190
2022-10-12,0.46,148,167
2022-08-05,0.93,156,129
2022-08-27,0.45,156,130
2022-09-01,0.71,156,128
2022-09-06,1.22,156,127
2022-10-31,0.44,156,125
2022-11-08,0.38,156,126
2022-08-03,9.44,152,187
2022-08-11,7.9,152,186
2022-09-30,7.08,152,182
2022-10-07,6.06,152,183
2022-10-10,5.93,152,185
2022-11-06,6.1,152,184
2022-08-05,14.3,148,1
2022-08-15,19.5,148,2
2022-11-08,16.5,148,0
2022-08-03,14.7,152,128
2022-09-30,10.4,152,125
2022-10-07,9.6,152,126
2022-10-10,9.52,152,127
2022-11-06,9.72,152,129
2022-08-27,0.77,156,50
2022-10-08,0.43,156,51
2022-10-13,0.43,156,52
2022-08-05,2.37,157,194
2022-08-12,1.5,157,193
2022-08-17,1.7,157,192
2022-09-26,1.07,157,195
2022-08-05,563.0,153,110
2022-10-07,407.0,153,109
2022-11-06,395.0,153,108
2022-08-03,0.86,151,205
2022-08-16,0.77,151,207
2022-08-26,0.69,151,206
2022-09-30,0.57,151,208
2022-10-07,0.5,151,202
2022-10-20,0.5,151,203
2022-11-06,0.53,151,204
2022-08-26,1.16,158,248
2022-09-05,1.09,158,243
2022-10-07,0.98,158,244
2022-10-10,0.94,158,245
2022-10-20,1.32,158,246
2022-11-06,0.97,158,247
2022-08-16,0.37,149,54
2022-08-18,0.36,149,55
2022-10-12,0.31,149,53
2022-08-02,1.49,157,142
2022-08-18,0.07,149,7
2022-10-12,0.08,149,6
2022-08-26,4.38,158,232
2022-09-05,4.54,158,227
2022-10-07,3.73,158,228
2022-10-10,3.85,158,229
2022-10-20,4.15,158,230
2022-11-06,3.95,158,231
2022-08-03,3.11,152,94
2022-08-11,2.99,152,95
2022-10-07,2.06,152,92
2022-10-10,2.05,152,93
2022-11-06,2.1,152,96
2022-08-05,1.54,148,77
2022-08-05,0.09,148,80
2022-08-15,3.21,148,79
2022-08-15,0.033,148,82
2022-11-08,1.19,148,78
2022-11-08,0.0,148,81
2022-08-05,2.55,153,226
2022-10-31,1.97,153,224
2022-11-08,1.32,153,225
2022-08-27,0.58,155,67
2022-10-31,0.53,155,65
2022-11-15,0.7,155,66
2022-08-03,81.7,148,43
2022-08-16,97.1,148,44
2022-08-26,74.7,148,45
2022-10-07,65.8,148,39
2022-10-12,56.2,148,40
2022-10-20,51.3,148,42
2022-11-06,122.0,148,41
2022-08-04,0.34,156,14
2022-08-27,0.25,156,15
2022-10-08,0.13,156,16
2022-10-13,0.13,156,13
2022-08-03,1.27,152,55
2022-08-26,1.09,152,54
2022-09-05,0.94,152,50
2022-10-07,0.71,152,51
2022-10-10,0.79,152,52
2022-10-20,0.72,152,53
2022-11-06,0.66,152,56
2022-08-05,1.32,157,28
2022-08-25,0.8,157,24
2022-08-27,0.8,157,25
2022-09-06,1.36,157,26
2022-11-03,0.56,157,27
2022-08-05,1.52,157,235
2022-08-12,1.48,157,236
2022-09-26,0.82,157,237
2022-08-05,1.63,153,235
2022-08-15,1.63,153,236
2022-10-26,13.6,153,233
2022-10-31,5.22,153,232
2022-11-08,3.11,153,234
2022-08-02,0.82,157,234
2022-08-12,0.66,157,233
2022-09-04,0.59,157,231
2022-10-31,0.33,157,232
2022-10-07,4.03,159,8
2022-11-06,4.15,159,9
2022-08-26,1.22,151,104
2022-09-05,1.35,151,100
2022-10-07,1.09,151,101
2022-10-10,1.03,151,105
2022-10-20,1.01,151,102
2022-11-06,0.88,151,103
2022-08-05,0.56,158,40
2022-08-27,0.3,158,41
2022-09-26,0.21,158,38
2022-11-03,0.17,158,39
2022-08-27,18.9,154,230
2022-10-26,24.4,154,229
2022-10-31,22.5,154,228
2022-11-15,26.2,154,227
2022-08-05,0.67,153,134
2022-08-15,0.6,153,135
2022-10-31,0.8,153,132
2022-11-08,0.87,153,133
2022-08-05,0.38,153,122
2022-08-15,0.67,153,123
2022-11-08,0.66,153,121
2022-08-27,4.32,156,157
2022-09-01,4.13,156,158
2022-09-06,9.12,156,159
2022-08-05,13.3,153,14
2022-08-15,28.6,153,15
2022-08-27,11.0,153,16
2022-10-26,46.1,153,11
2022-10-31,27.1,153,12
2022-11-08,13.6,153,13
2022-08-02,3.86,159,154
2022-08-12,3.67,159,155
2022-08-27,3.28,159,152
2022-09-26,2.86,159,156
2022-10-31,2.56,159,153
2022-08-05,0.8,155,100
2022-08-27,0.43,155,102
2022-09-01,0.47,155,101
2022-09-06,0.79,155,99
2022-10-31,0.46,155,97
2022-11-08,0.34,155,98
2022-08-03,4.69,150,114
2022-08-05,4.4,150,113
2022-10-07,3.37,150,111
2022-10-12,2.69,150,112
2022-08-18,7.2,149,147
2022-10-12,5.41,149,146
2022-08-27,196.0,153,67
2022-09-06,186.0,153,66
2022-08-02,11.2,157,166
2022-08-12,9.2,157,167
2022-10-31,4.81,157,165
2022-08-05,4.12,154,132
2022-08-15,4.24,154,133
2022-08-25,4.26,154,135
2022-08-27,4.19,154,134
2022-10-26,2.9,154,130
2022-10-31,2.92,154,128
2022-11-03,2.92,154,129
2022-11-15,2.61,154,131
2022-08-05,1.9,154,189
2022-08-15,1.55,154,190
2022-08-25,1.33,154,191
2022-08-27,1.26,154,192
2022-10-26,1.25,154,196
2022-10-31,1.22,154,193
2022-11-03,1.11,154,194
2022-11-15,1.21,154,195
2022-08-03,0.36,148,153
2022-08-05,0.35,148,152
2022-08-15,0.43,148,154
2022-10-07,0.16,148,150
2022-10-12,0.14,148,151
2022-08-05,12.4,157,247
2022-08-12,11.4,157,246
2022-09-26,10.1,157,245
2022-08-11,0.66,151,213
2022-08-16,0.54,151,214
2022-09-30,0.12,151,212
2022-08-07,18.5,158,57
2022-08-27,11.1,158,58
2022-09-06,9.06,158,59
2022-10-08,7.9,158,56
2022-08-03,13.6,151,175
2022-08-16,12.1,151,176
2022-08-26,10.9,151,177
2022-09-30,9.14,151,171
2022-10-07,8.61,151,172
2022-10-20,8.5,151,173
2022-11-06,8.84,151,174
2022-08-03,5.39,151,168
2022-08-16,4.8,151,169
2022-08-26,4.28,151,170
2022-09-05,4.56,151,163
2022-10-07,3.24,151,164
2022-10-10,3.06,151,165
2022-10-20,2.88,151,166
2022-11-06,2.72,151,167
2022-08-03,2.31,151,159
2022-08-16,1.76,151,161
2022-08-26,1.41,151,160
2022-09-05,1.59,151,162
2022-10-07,1.05,151,155
2022-10-10,1.0,151,156
2022-10-20,0.97,151,157
2022-11-06,1.02,151,158
2022-08-03,1.04,151,195
2022-08-16,0.95,151,193
2022-08-26,0.96,151,194
2022-10-07,0.86,151,190
2022-10-20,0.86,151,191
2022-11-06,0.74,151,192
2022-08-16,0.14,152,21
2022-08-26,0.12,152,22
2022-09-05,0.15,152,18
2022-10-10,0.09,152,19
2022-10-20,0.09,152,20
2022-08-16,1.04,149,33
2022-08-18,1.09,149,34
2022-10-12,0.91,149,32
2022-10-08,0.65,155,209
2022-10-13,0.63,155,210
2022-10-16,0.75,155,211
2022-08-04,29.4,155,226
2022-08-27,11.3,155,227
2022-09-06,13.8,155,225
2022-10-13,10.9,155,223
2022-10-31,10.2,155,224
2022-08-15,20.4,150,20
2022-08-05,1.05,158,210
2022-08-28,1.08,158,211
2022-09-07,1.2,158,207
2022-10-07,0.23,158,208
2022-11-03,0.29,158,209
2022-10-12,0.1,149,2
2022-08-05,15.5,158,205
2022-10-07,8.48,158,204
2022-10-12,7.99,158,206
2022-11-06,16.5,158,203
2022-08-05,3.73,157,218
2022-08-12,3.78,157,215
2022-08-17,3.63,157,216
2022-10-01,2.85,157,217
2022-08-02,12.8,157,150
2022-10-31,4.6,157,149
2022-08-05,591.0,153,107
2022-10-07,408.0,153,104
2022-10-12,429.0,153,105
2022-11-06,391.0,153,106
2022-08-02,68.1,158,65
2022-09-03,36.9,158,66
2022-08-03,6.13,152,118
2022-08-11,5.35,152,117
2022-10-07,4.23,152,114
2022-10-10,4.49,152,115
2022-11-06,4.17,152,116
2022-08-03,0.13,151,61
2022-10-07,0.031,151,59
2022-10-12,0.024,151,60
2022-11-06,0.036,151,62
2022-08-05,0.75,158,145
2022-08-05,2.78,148,121
2022-08-15,3.51,148,120
2022-11-08,10.4,148,122
2022-08-03,102.0,148,31
2022-08-16,75.4,148,29
2022-08-26,63.6,148,30
2022-10-07,66.4,148,25
2022-10-12,43.8,148,26
2022-10-20,43.1,148,27
2022-11-06,109.0,148,28
2022-08-27,0.18,155,196
2022-09-06,0.35,155,197
2022-10-31,0.13,155,195
2022-08-05,3.36,148,210
2022-10-07,1.66,148,208
2022-10-12,2.01,148,209
2022-08-03,0.35,151,186
2022-08-16,0.28,151,187
2022-08-26,0.26,151,188
2022-09-30,0.25,151,189
2022-10-07,0.25,151,183
2022-10-20,0.27,151,184
2022-11-06,0.24,151,185
2022-08-03,0.28,150,191
2022-09-02,0.34,150,190
2022-10-07,0.27,150,187
2022-10-12,0.21,150,188
2022-11-06,0.17,150,189
2022-08-03,0.16,149,4
2022-10-12,0.036,149,5
2022-08-05,1.36,152,240
2022-08-15,4.45,152,241
2022-11-08,1.41,152,239
2022-08-27,0.4,156,93
2022-09-06,3.78,156,90
2022-10-13,0.37,156,91
2022-10-31,0.2,156,92
2022-08-03,1.19,151,243
2022-08-16,0.99,151,244
2022-08-26,0.93,151,245
2022-09-05,1.2,151,238
2022-10-07,0.65,151,239
2022-10-10,0.66,151,240
2022-10-20,0.7,151,241
2022-11-06,0.71,151,242
2022-08-05,0.41,153,201
2022-08-15,0.61,153,202
2022-10-26,0.29,153,203
2022-10-31,0.3,153,199
2022-11-08,0.26,153,200
2022-08-11,3.81,151,227
2022-08-16,3.97,151,228
2022-09-30,2.48,151,226
2022-08-12,2.73,159,130
2022-08-17,2.57,159,129
2022-08-27,2.51,159,126
2022-09-01,2.2,159,127
2022-09-06,1.84,159,128
2022-08-05,0.48,148,90
2022-08-15,0.88,148,91
2022-10-31,19.0,154,222
2022-11-08,0.47,148,89
2022-08-03,2.43,159,50
2022-10-07,1.97,159,48
2022-11-06,2.03,159,49
2022-08-27,0.18,155,185
2022-09-06,3.75,155,183
2022-10-31,0.18,155,184
2022-08-27,0.35,156,98
2022-09-06,0.69,156,97
2022-10-08,0.18,156,94
2022-10-13,0.29,156,95
2022-10-31,0.15,156,96
2022-08-03,0.26,151,67
2022-08-05,0.49,151,66
2022-10-07,0.1,151,63
2022-10-12,0.035,151,64
2022-11-06,0.024,151,65
2022-08-03,0.26,150,138
2022-08-15,0.28,150,137
2022-10-17,0.28,150,136
2022-08-03,103.0,150,90
2022-08-16,91.4,150,91
2022-08-26,87.1,150,92
2022-09-30,60.1,150,87
2022-10-20,64.0,150,89
2022-11-06,84.0,150,88
2022-08-03,1.62,148,203
2022-10-07,1.14,148,202
2022-10-12,1.0,148,201
2022-08-03,42.3,151,56
2022-08-16,34.1,151,57
2022-08-26,30.7,151,58
2022-09-30,26.0,151,52
2022-10-07,24.6,151,53
2022-10-20,24.3,151,54
2022-11-06,28.0,151,55
2022-08-11,212.0,148,63
2022-08-16,227.0,148,64
2022-09-30,139.0,148,62
2022-10-08,0.37,158,75
2022-08-05,0.25,153,119
2022-08-15,0.73,153,120
2022-11-08,0.24,153,118
2022-08-05,1.25,150,105
2022-08-03,5.37,152,107
2022-09-05,5.14,152,105
2022-09-30,3.92,152,108
2022-10-07,3.98,152,106
2022-08-03,1.26,148,115
2022-08-05,1.17,148,114
2022-08-15,1.34,148,116
2022-10-07,1.18,148,111
2022-10-17,0.93,148,112
2022-10-27,3.17,148,113
2022-08-04,1.42,155,208
2022-08-27,1.19,155,207
2022-09-06,1.24,155,206
2022-09-08,1.3,155,204
2022-10-13,0.39,155,205
2022-08-02,0.67,157,143
2022-08-05,573.0,153,113
2022-10-07,446.0,153,111
2022-11-06,436.0,153,112
2022-08-27,0.16,155,61
2022-10-26,0.26,155,64
2022-10-31,0.14,155,62
2022-11-15,0.59,155,63
2022-08-16,0.92,149,198
2022-08-18,0.83,149,197
2022-10-12,0.44,149,196
2022-08-03,0.21,150,118
2022-08-05,0.17,150,115
2022-10-07,0.21,150,116
2022-10-12,0.15,150,117
2022-09-30,5.49,149,236
2022-11-14,7.46,149,237
2022-08-05,275.0,153,70
2022-08-25,236.0,153,72
2022-08-27,216.0,153,71
2022-09-06,203.0,153,69
2022-11-03,215.0,153,68
2022-08-26,1.58,151,80
2022-09-05,1.57,151,75
2022-10-07,1.18,151,76
2022-10-10,1.13,151,79
2022-10-20,1.42,151,77
2022-11-06,1.48,151,78
2022-08-02,2.29,157,178
2022-08-12,0.58,157,176
2022-10-31,0.28,157,177
2022-08-04,6.12,156,111
2022-08-07,6.24,156,110
2022-09-06,5.23,156,107
2022-10-08,3.64,156,108
2022-10-13,3.82,156,109
2022-10-31,3.62,156,112
2022-08-04,0.3,156,27
2022-08-27,0.18,156,28
2022-10-08,0.18,156,25
2022-10-13,0.2,156,26
2022-08-02,0.69,158,93
2022-08-04,0.66,158,91
2022-09-03,0.32,158,92
2022-08-28,1.17,158,187
2022-09-07,1.21,158,184
2022-10-07,0.81,158,185
2022-11-03,1.25,158,186
2022-08-16,0.11,149,221
2022-08-26,0.19,149,220
2022-10-07,0.12,149,217
2022-10-12,0.11,149,218
2022-11-06,0.11,149,219
2022-08-04,0.19,156,87
2022-08-27,0.09,156,88
2022-09-06,1.51,156,89
2022-10-13,0.07,156,85
2022-10-31,0.045,156,86
2022-08-05,0.19,148,75
2022-08-15,0.27,148,76
2022-10-09,0.21,148,71
2022-10-31,0.21,148,72
2022-11-08,0.19,148,73
2022-11-13,0.22,148,74
2022-08-05,0.34,159,169
2022-08-05,0.25,159,174
2022-10-31,0.34,159,166
2022-10-31,0.29,159,171
2022-11-03,0.28,159,170
2022-11-03,0.23,159,175
2022-11-08,0.26,159,167
2022-11-08,0.22,159,172
2022-11-13,0.43,159,168
2022-11-13,0.35,159,173
2022-08-27,0.52,158,108
2022-09-06,0.47,158,107
2022-08-05,48.5,153,36
2022-08-15,76.0,153,38
2022-08-25,40.0,153,39
2022-08-27,48.5,153,37
2022-10-26,94.2,153,32
2022-10-31,72.0,153,33
2022-11-03,56.0,153,34
2022-11-15,50.6,153,35
2022-08-25,0.61,155,59
2022-08-27,0.58,155,60
2022-10-26,1.29,155,56
2022-10-31,0.7,155,57
2022-11-15,0.98,155,58
2022-08-02,6.46,159,158
2022-08-12,5.58,159,159
2022-10-31,4.53,159,157
2022-08-05,1.51,157,58
2022-08-27,0.76,157,63
2022-09-01,1.88,157,62
2022-09-06,1.56,157,59
2022-10-31,1.0,157,60
2022-11-08,0.57,157,61
2022-08-03,4.27,149,1
2022-10-12,2.52,149,0
2022-08-05,0.51,148,149
2022-10-07,0.25,148,147
2022-10-12,0.24,148,148
2022-08-27,18.4,155,234
2022-09-06,16.2,155,235
2022-10-08,13.4,155,232
2022-10-13,14.3,155,233
2022-08-04,0.54,155,192
2022-08-27,0.29,155,194
2022-09-06,2.86,155,193
2022-10-13,0.19,155,190
2022-10-31,0.1,155,191
2022-08-05,2.07,152,244
2022-08-15,6.12,152,245
2022-10-26,19.3,152,242
2022-10-31,10.5,152,243
2022-08-16,0.23,149,40
2022-08-18,0.21,149,39
2022-10-12,0.2,149,38
2022-08-16,1.69,149,179
2022-08-16,4.4,149,142
2022-08-18,1.54,149,178
2022-08-18,4.04,149,141
2022-10-12,0.8,149,177
2022-10-12,3.15,149,140
2022-08-05,9.06,153,176
2022-08-15,12.7,153,177
2022-10-26,9.23,153,175
2022-10-31,9.66,153,178
2022-11-08,11.2,153,179
2022-08-05,0.24,154,28
2022-08-15,0.22,154,30
2022-08-25,0.19,154,31
2022-08-27,0.18,154,29
2022-10-26,0.69,154,32
2022-10-31,0.32,154,27
2022-08-18,0.34,148,243
2022-08-12,1.92,159,124
2022-08-17,1.81,159,122
2022-08-27,1.19,159,123
2022-09-06,0.73,159,125
2022-08-28,2.73,159,74
2022-09-07,2.89,159,72
2022-10-07,2.15,159,73
2022-11-03,2.7,159,75
2022-08-04,0.96,156,24
2022-10-08,0.33,156,22
2022-10-13,0.35,156,23
2022-08-05,0.17,154,0
2022-08-15,0.35,154,2
2022-10-09,0.15,154,1
2022-10-31,0.19,153,247
2022-11-08,0.14,153,248
2022-11-13,0.15,153,249
2022-08-03,0.21,148,205
2022-08-05,0.21,148,206
2022-08-15,0.17,148,207
2022-10-12,0.14,148,204
2022-08-18,0.96,149,137
2022-10-12,0.54,149,136
2022-08-03,0.2,148,140
2022-08-05,0.23,148,137
2022-10-07,0.1,148,138
2022-10-12,0.08,148,139
2022-08-03,0.001,149,85
2022-09-02,0.01,149,88
2022-10-12,0.0,149,86
2022-11-06,0.0,149,87
2022-08-03,0.86,148,220
2022-08-05,1.16,148,219
2022-08-15,1.07,148,221
2022-10-12,0.58,148,218
2022-08-02,4.69,157,191
2022-08-12,1.88,157,190
2022-10-31,1.01,157,189
2022-08-05,85.4,153,42
2022-08-25,77.1,153,44
2022-08-27,72.7,153,43
2022-10-26,137.0,153,40
2022-10-31,92.0,153,41
2022-11-15,79.8,153,45
2022-08-05,1.43,154,118
2022-08-15,1.12,154,119
2022-08-25,0.71,154,116
2022-08-27,0.65,154,117
2022-10-31,1.38,154,114
2022-11-03,1.15,154,115
2022-08-27,0.71,156,180
2022-09-01,0.71,156,182
2022-09-06,1.08,156,181
2022-08-05,545.0,153,96
2022-08-05,3.42,158,152
2022-08-27,2.28,158,151
2022-09-06,3.73,158,148
2022-11-08,2.85,158,149
2022-11-20,3.0,158,150
2022-08-05,0.91,159,140
2022-08-12,0.44,159,139
2022-08-17,0.55,159,138
2022-10-31,0.26,159,137
2022-08-27,2.5,155,177
2022-09-06,5.22,155,176
2022-10-31,2.26,155,175
2022-08-05,0.53,158,163
2022-10-07,0.7,158,161
2022-11-06,1.25,158,162
2022-10-07,3.9,148,169
2022-10-12,2.77,148,170
2022-08-05,1.31,157,74
2022-08-27,1.03,157,75
2022-09-06,0.76,157,76
2022-10-31,1.36,157,77
2022-11-08,1.1,157,78
2022-08-03,26.3,150,33
2022-08-05,26.6,150,34
2022-08-27,98.8,153,51
2022-09-01,105.0,153,52
2022-09-06,110.0,153,53
2022-10-07,35.0,150,31
2022-10-12,27.8,150,32
2022-08-05,2.87,154,201
2022-10-31,3.32,154,197
2022-11-03,2.97,154,198
2022-11-08,2.68,154,199
2022-11-13,4.07,154,200
2022-08-03,0.18,150,183
2022-08-16,0.07,150,184
2022-08-26,0.16,150,185
2022-09-02,0.12,150,186
2022-09-05,0.06,150,178
2022-10-07,0.07,150,179
2022-10-12,0.07,150,180
2022-10-20,0.08,150,181
2022-11-06,0.07,150,182
2022-08-03,16.9,148,181
2022-08-05,17.1,148,179
2022-08-15,25.6,148,180
2022-08-27,0.44,155,202
2022-09-01,0.41,155,203
2022-09-06,1.11,155,201
2022-08-03,0.4,149,92
2022-10-07,0.37,149,89
2022-10-12,0.22,149,90
2022-11-06,0.67,149,91
2022-08-03,8.47,152,84
2022-08-11,7.49,152,85
2022-10-07,6.03,152,82
2022-10-10,6.11,152,83
2022-11-06,6.06,152,86
2022-08-03,0.87,152,68
2022-09-05,0.46,152,64
2022-09-30,0.42,152,65
2022-10-07,0.38,152,66
2022-11-06,0.36,152,67
2022-08-27,1.22,155,70
2022-10-26,1.14,155,71
2022-10-31,0.93,155,68
2022-11-15,1.48,155,69
2022-08-03,0.45,150,169
2022-08-16,0.29,150,171
2022-08-26,0.17,150,170
2022-09-02,0.18,150,172
2022-09-05,0.12,150,164
2022-10-07,0.15,150,165
2022-10-12,0.18,150,166
2022-10-20,0.3,150,167
2022-11-06,0.71,150,168
2022-08-03,0.54,150,121
2022-08-05,0.5,150,120
2022-10-07,0.4,150,119
2022-10-12,0.3,150,122
2022-08-05,1.63,154,242
2022-10-31,1.41,154,239
2022-11-03,1.18,154,243
2022-11-08,0.95,154,240
2022-11-13,1.89,154,241
2022-08-27,20.1,156,210
2022-09-06,19.5,156,209
2022-08-16,1.1,150,208
2022-08-26,1.15,150,209
2022-10-07,0.45,150,204
2022-10-10,0.31,150,205
2022-10-20,0.43,150,207
2022-11-06,0.23,150,206
2022-08-18,0.13,149,175
2022-10-12,0.14,149,174
2022-08-27,3.29,155,161
2022-09-06,16.1,155,160
2022-10-31,3.02,155,159
2022-08-03,1.62,148,247
2022-10-12,0.72,148,246
2022-08-02,1.95,158,43
2022-08-05,1.92,158,45
2022-08-27,1.42,158,44
2022-09-26,0.62,158,46
2022-11-03,0.45,158,42
2022-08-07,9.59,156,200
2022-08-27,7.31,156,201
2022-09-06,7.54,156,199
2022-10-08,7.26,156,202
2022-08-03,0.36,150,155
2022-08-05,0.31,150,154
2022-10-12,0.14,150,156
2022-08-03,2.16,152,104
2022-09-30,1.63,152,101
2022-10-07,1.55,152,102
2022-10-10,1.63,152,103
2022-08-05,7.09,159,15
2022-10-07,4.88,159,13
2022-11-06,7.99,159,14
2022-08-04,0.21,155,151
2022-08-27,0.11,155,152
2022-10-08,0.11,155,153
2022-10-13,0.19,155,150
2022-08-27,0.53,150,14
2022-09-01,0.58,150,13
2022-10-26,0.67,150,10
2022-10-31,0.77,150,11
2022-11-15,1.52,150,12
2022-08-03,0.29,152,140
2022-08-11,0.26,152,141
2022-09-30,0.29,152,136
2022-10-07,0.27,152,137
2022-10-10,0.26,152,138
2022-11-06,0.27,152,139
2022-08-04,1.21,156,68
2022-08-27,0.95,156,66
2022-08-28,0.62,159,79
2022-09-06,3.87,156,67
2022-09-07,1.88,159,80
2022-10-07,0.58,159,81
2022-10-13,0.66,156,64
2022-10-31,0.6,156,65
2022-08-05,23.2,154,220
2022-10-08,0.4,159,163
2022-10-13,0.4,159,164
2022-10-16,0.67,159,165
2022-10-31,17.9,154,217
2022-11-03,17.4,154,221
2022-11-08,17.7,154,218
2022-11-13,15.5,154,219
2022-08-27,0.85,156,43
2022-10-08,0.45,156,41
2022-10-13,0.43,156,42
2022-08-05,2.38,158,155
2022-09-06,2.73,158,153
2022-11-08,1.13,158,154
2022-08-05,4.27,158,24
2022-08-12,4.4,158,25
2022-08-27,2.38,158,26
2022-09-26,1.92,158,27
2022-10-01,2.0,158,29
2022-11-03,1.95,158,28
2022-08-24,8.98,158,52
2022-09-08,6.06,158,50
2022-10-08,5.55,158,51
2022-08-07,1.01,156,215
2022-09-06,1.33,156,216
2022-10-08,0.64,156,217
2022-08-05,0.29,154,160
2022-08-15,0.25,154,162
2022-08-25,0.24,154,161
2022-08-27,0.24,154,163
2022-10-31,0.29,154,158
2022-11-03,0.24,154,159
2022-11-15,0.44,154,164
2022-08-04,54.1,158,63
2022-09-03,31.7,158,61
2022-10-08,24.9,158,62
2022-08-03,0.33,148,224
2022-08-05,0.29,148,223
2022-10-12,0.16,148,222
2022-08-03,26.6,151,41
2022-08-16,21.7,151,43
2022-08-26,19.3,151,42
2022-09-30,13.8,151,44
2022-10-07,12.1,151,38
2022-10-20,11.4,151,39
2022-11-06,17.1,151,40
2022-08-03,1.09,149,25
2022-08-05,20.1,148,7
2022-08-05,1.36,149,23
2022-08-15,28.7,148,8
2022-08-15,1.06,149,24
2022-10-12,0.61,149,22
2022-11-08,21.1,148,6
2022-08-02,2.69,157,202
2022-08-12,1.83,157,199
2022-08-17,2.56,157,200
2022-09-04,1.23,157,198
2022-09-26,1.25,157,197
2022-10-01,1.29,157,201
2022-10-31,1.08,157,196
2022-08-15,6.41,150,94
2022-08-02,2.68,157,158
2022-08-12,0.6,157,159
2022-10-31,0.28,157,160
2022-08-16,0.06,152,14
2022-09-05,0.07,152,15
2022-10-10,0.042,152,16
2022-10-20,0.06,152,17
2022-08-28,2.19,158,219
2022-09-07,2.16,158,216
2022-10-07,1.89,158,217
2022-11-03,3.2,158,218
2022-08-27,1.87,156,155
2022-09-01,1.52,156,154
2022-09-06,2.68,156,156
2022-08-16,0.06,149,130
2022-08-26,0.032,149,129
2022-10-07,0.02,149,125
2022-10-12,0.016,149,126
2022-10-20,0.021,149,128
2022-11-06,0.004,149,127
2022-08-03,0.33,150,152
2022-08-15,0.58,150,153
2022-10-12,0.24,150,151
2022-08-05,0.05,153,183
2022-08-27,0.043,153,184
2022-09-01,0.044,153,185
2022-10-26,0.06,153,180
2022-10-31,0.33,153,181
2022-11-15,0.58,153,182
2022-08-05,0.83,158,134
2022-10-07,2.6,158,133
2022-10-12,1.2,158,132
2022-08-05,0.99,159,59
2022-10-07,0.58,159,57
2022-11-06,0.45,159,58
2022-08-03,0.39,152,79
2022-08-11,0.29,152,81
2022-08-26,0.29,152,80
2022-09-30,0.28,152,74
2022-10-07,0.24,152,75
2022-10-10,0.2,152,76
2022-10-20,0.23,152,77
2022-11-06,0.23,152,78
2022-08-05,1.76,148,193
2022-10-12,0.99,148,192
2022-08-03,7.06,148,129
2022-08-05,7.26,148,128
2022-08-15,5.52,148,130
2022-10-12,3.51,148,131
2022-10-17,3.71,148,126
2022-10-27,7.72,148,127
2022-08-05,1.23,157,19
2022-08-25,0.92,157,17
2022-08-27,0.95,157,18
2022-09-06,2.87,157,15
2022-11-03,0.65,157,16
2022-08-04,22.5,155,217
2022-08-27,8.93,155,218
2022-10-08,9.14,155,215
2022-10-13,9.17,155,216
2022-08-16,0.8,149,200
2022-08-18,0.9,149,201
2022-10-12,1.1,149,199
2022-08-27,21.1,155,238
2022-09-06,17.9,155,239
2022-10-08,14.7,155,236
2022-10-13,15.3,155,237
2022-08-03,4.62,152,179
2022-08-11,4.29,152,180
2022-09-30,3.98,152,181
2022-10-07,3.71,152,176
2022-10-10,3.67,152,177
2022-11-06,3.61,152,178
2022-08-15,1.56,150,16
2022-08-27,0.84,150,15
2022-11-15,2.69,150,17
2022-08-28,1.22,158,215
2022-09-07,1.18,158,212
2022-10-07,1.21,158,213
2022-11-03,1.67,158,214
2022-08-05,0.31,158,179
2022-10-07,0.25,158,177
2022-10-12,0.27,158,180
2022-11-06,0.28,158,178
2022-08-05,0.8,159,21
2022-10-07,0.43,159,19
2022-11-06,0.34,159,20
2022-08-18,0.32,148,245
2022-10-12,0.33,148,244
2022-08-04,18.4,156,208
2022-09-03,12.8,156,206
2022-10-08,13.6,156,207
2022-08-05,0.66,158,120
2022-08-27,1.09,158,121
2022-09-06,1.06,158,122
2022-09-26,0.68,158,123
2022-08-03,0.05,149,109
2022-08-16,0.05,149,110
2022-08-26,0.05,149,111
2022-10-07,0.032,149,105
2022-10-12,0.028,149,106
2022-10-20,0.026,149,107
2022-11-06,0.012,149,108
2022-08-05,0.22,154,155
2022-08-15,0.13,154,153
2022-08-25,0.13,154,156
2022-08-27,0.13,154,154
2022-10-31,0.1,154,151
2022-11-03,0.1,154,152
2022-11-15,0.23,154,157
2022-08-04,3.82,156,237
2022-08-07,3.79,156,235
2022-08-27,2.92,156,231
2022-09-01,2.75,156,236
2022-09-06,3.84,156,232
2022-09-08,3.62,156,233
2022-10-13,3.04,156,234
2022-08-05,0.33,154,248
2022-08-05,0.41,155,3
2022-10-31,0.18,154,244
2022-10-31,0.76,154,249
2022-11-03,0.18,154,245
2022-11-03,0.71,155,0
2022-11-08,0.19,154,246
2022-11-08,0.66,155,1
2022-11-13,0.3,154,247
2022-11-13,1.58,155,2
2022-10-31,0.16,155,47
2022-08-27,3.83,155,164
2022-09-06,14.3,155,163
2022-10-31,7.76,155,162
2022-08-05,1.6,153,168
2022-10-26,1.47,153,169
2022-10-31,1.57,153,166
2022-11-08,2.2,153,167
2022-08-05,0.81,150,104
2022-08-05,3.76,148,84
2022-08-15,5.55,148,85
2022-11-08,5.12,148,83
2022-08-18,1.03,149,9
2022-10-12,0.75,149,8
2022-08-03,1.09,149,63
2022-08-05,1.05,149,65
2022-09-02,1.07,149,64
2022-11-06,4.46,149,62
2022-08-03,2.92,152,1
2022-08-16,2.4,152,2
2022-09-05,3.23,151,246
2022-10-07,1.58,151,247
2022-10-10,1.55,151,248
2022-10-20,1.73,151,249
2022-11-06,1.6,152,0
2022-08-05,5.53,158,105
2022-08-27,3.08,158,106
2022-11-03,1.9,158,104
2022-08-05,0.22,154,16
2022-08-15,0.35,154,15
2022-10-26,1.74,154,12
2022-10-31,0.79,154,13
2022-11-08,0.36,154,14
2022-08-16,1.02,149,173
2022-10-12,0.67,149,172
2022-08-05,5.43,158,138
2022-08-27,3.9,158,139
2022-09-06,5.91,158,135
2022-11-08,10.9,158,136
2022-11-20,9.59,158,137
2022-08-26,3.61,149,208
2022-08-28,7.43,159,76
2022-10-07,2.57,149,204
2022-10-07,5.38,159,77
2022-10-12,2.35,149,205
2022-10-20,2.68,149,207
2022-11-06,3.71,149,206
2022-11-06,6.31,159,78
2022-08-03,3.43,152,157
2022-08-11,3.32,152,156
2022-09-30,2.48,152,158
2022-10-07,2.22,152,153
2022-10-10,2.12,152,154
2022-11-06,2.21,152,155
2022-08-05,5.05,155,28
2022-10-31,2.28,155,24
2022-11-03,1.83,155,27
2022-11-08,1.42,155,25
2022-11-13,2.74,155,26
2022-08-05,0.23,151,4
2022-10-07,0.18,151,1
2022-10-12,0.22,151,2
2022-11-06,0.18,151,3
2022-08-16,0.62,150,9
2022-09-30,0.53,150,7
2022-11-14,0.68,150,8
2022-08-05,3.35,158,49
2022-08-27,2.39,158,48
2022-11-03,1.29,158,47
2022-08-03,50.6,148,18
2022-08-18,101.0,148,19
2022-10-12,39.2,148,17
2022-08-04,5.0,158,85
2022-09-03,2.69,158,83
2022-10-08,2.93,158,84
2022-08-05,1.42,157,212
2022-08-12,1.33,157,213
2022-08-17,1.4,157,214
2022-08-02,86.6,158,68
2022-08-27,48.8,158,69
2022-09-26,42.5,158,70
2022-11-03,35.8,158,67
2022-08-07,2.2,156,190
2022-08-27,1.95,156,191
2022-09-06,1.99,156,192
2022-10-08,1.76,156,193
2022-08-05,2.23,155,121
2022-08-05,2.2,156,142
2022-08-15,2.06,155,125
2022-08-20,1.43,156,140
2022-08-25,1.74,155,126
2022-08-25,1.28,156,143
2022-08-27,1.67,155,122
2022-08-27,1.09,156,141
2022-09-01,1.62,155,128
2022-09-01,1.28,156,144
2022-09-06,2.03,155,123
2022-09-06,2.67,156,137
2022-10-26,1.72,155,127
2022-10-31,1.43,155,124
2022-10-31,1.0,156,145
2022-11-03,0.9,156,138
2022-11-08,0.95,156,139
2022-08-12,11.7,159,120
2022-08-17,9.68,159,119
2022-09-01,6.02,159,116
2022-09-04,5.33,159,117
2022-09-06,4.87,159,118
2022-10-01,6.43,159,121
2022-08-27,6.24,155,170
2022-09-06,12.8,155,169
2022-10-31,11.6,155,168
2022-08-03,0.64,151,200
2022-08-16,0.49,151,201
2022-08-26,0.43,151,199
2022-10-07,0.36,151,196
2022-10-20,0.38,151,197
2022-11-06,0.42,151,198
2022-08-03,2.36,148,249
2022-10-12,1.66,148,248
2022-08-03,48.8,150,77
2022-08-16,51.4,150,78
2022-08-26,46.5,150,79
2022-09-30,29.8,150,73
2022-10-07,38.9,150,74
2022-10-20,36.9,150,75
2022-11-06,50.8,150,76
2022-08-05,0.19,148,165
2022-10-07,0.1,148,163
2022-10-12,0.09,148,164
2022-08-03,0.46,151,0
2022-08-16,0.67,150,249
2022-08-26,0.41,150,247
2022-09-30,0.44,150,244
2022-10-07,0.048,150,245
2022-10-20,0.049,150,248
2022-11-06,0.05,150,246
2022-08-27,0.27,157,20
2022-09-06,0.38,157,21
2022-08-05,1.37,158,6
2022-08-12,1.4,158,5
2022-09-26,0.92,158,4
2022-08-05,0.13,153,130
2022-08-15,0.18,153,131
2022-10-26,0.28,153,127
2022-10-31,0.24,153,128
2022-11-08,0.16,153,129
2022-08-03,0.6,152,175
2022-08-11,0.55,152,174
2022-10-07,0.38,152,171
2022-10-10,0.35,152,172
2022-11-06,0.35,152,173
2022-08-03,2.04,150,141
2022-08-15,2.93,150,142
2022-10-12,1.16,150,139
2022-10-17,1.61,150,140
2022-08-16,0.57,149,195
2022-08-16,0.13,149,211
2022-08-18,0.5,149,194
2022-08-18,0.12,149,210
2022-10-12,0.31,149,193
2022-10-12,0.05,149,209
2022-08-05,0.21,153,137
2022-08-15,0.19,153,138
2022-11-08,0.29,153,136
2022-08-04,0.47,157,4
2022-08-27,0.28,157,5
2022-09-03,0.19,157,2
2022-09-06,0.45,157,3
2022-08-05,1.38,155,75
2022-08-27,0.85,155,77
2022-09-01,1.06,155,76
2022-09-06,1.64,155,72
2022-10-31,1.78,155,73
2022-11-08,1.42,155,74
2022-08-27,0.27,155,147
2022-09-01,0.27,155,145
2022-09-06,0.42,155,144
2022-10-31,0.23,155,146
2022-08-05,496.0,153,87
2022-09-06,343.0,153,85
2022-09-26,330.0,153,86
2022-08-05,1.9,155,107
2022-08-27,1.14,155,108
2022-09-01,1.11,155,106
2022-09-06,1.28,155,103
2022-10-31,1.2,155,104
2022-11-08,0.98,155,105
2022-08-16,0.25,151,233
2022-08-26,0.26,151,234
2022-09-05,0.3,151,229
2022-09-30,0.08,151,230
2022-10-10,0.07,151,231
2022-10-20,0.1,151,232
2022-08-03,0.64,150,176
2022-09-02,0.5,150,177
2022-10-07,0.27,150,173
2022-10-12,0.25,150,174
2022-11-06,0.26,150,175
2022-10-12,0.28,149,3
2022-10-07,0.23,159,4
2022-11-06,0.21,159,5
2022-08-15,7.27,150,19
2022-08-05,0.59,154,109
2022-08-05,0.65,154,149
2022-08-15,0.38,154,112
2022-08-15,0.61,154,150
2022-08-25,0.29,154,110
2022-08-25,0.47,154,147
2022-08-27,0.27,154,111
2022-08-27,0.43,154,148
2022-10-31,0.66,154,107
2022-10-31,0.8,154,144
2022-11-03,0.6,154,108
2022-11-03,0.66,154,145
2022-11-15,3.41,154,113
2022-11-15,6.03,154,146
2022-10-31,5.07,155,44
2022-10-31,6.89,155,45
2022-08-05,0.43,158,15
2022-08-12,0.38,158,16
2022-08-17,0.34,158,17
2022-09-26,0.09,158,18
2022-08-11,0.58,151,210
2022-08-16,0.51,151,211
2022-09-30,0.12,151,209
2022-08-03,2.11,151,126
2022-08-16,1.94,151,125
2022-08-26,1.76,151,124
2022-09-05,2.11,151,119
2022-10-07,1.06,151,120
2022-10-10,1.17,151,121
2022-10-20,0.93,151,122
2022-11-06,0.91,151,123
2022-08-05,0.6,153,191
2022-08-03,0.82,149,14
2022-08-05,0.28,149,16
2022-08-15,0.3,149,17
2022-10-12,0.21,149,15
2022-08-02,8.17,157,108
2022-08-02,2.89,157,140
2022-08-05,0.16,148,97
2022-08-15,0.16,148,98
2022-08-03,0.92,150,96
2022-08-05,0.86,150,97
2022-10-12,0.42,150,98
2022-10-17,0.44,150,95
2022-08-05,0.54,155,38
2022-10-31,0.7,155,34
2022-11-03,0.62,155,35
2022-11-08,0.55,155,37
2022-11-13,0.75,155,36
2022-09-06,4.24,156,195
2022-10-08,4.13,156,194
2022-08-03,0.35,148,216
2022-08-05,0.26,148,215
2022-08-15,0.49,148,217
2022-10-12,0.11,148,214
2022-08-27,0.89,156,46
2022-10-08,0.78,156,44
2022-10-13,0.74,156,45
2022-08-03,84.3,148,50
2022-08-16,104.0,148,51
2022-08-26,79.2,148,52
2022-10-07,76.9,148,46
2022-10-12,60.7,148,47
2022-10-20,54.1,148,48
2022-11-06,129.0,148,49
2022-08-27,0.35,156,169
2022-09-01,0.37,156,170
2022-09-06,0.43,156,171
2022-08-04,49.8,156,0
2022-08-27,35.2,155,249
2022-09-06,34.2,155,246
2022-09-08,47.3,156,1
2022-10-13,26.1,155,247
2022-10-31,26.5,155,248
2022-08-05,1.74,153,212
2022-08-15,1.84,153,213
2022-10-26,2.17,153,209
2022-10-31,2.45,153,210
2022-11-08,1.99,153,211
2022-08-15,0.96,150,93
2022-10-07,0.67,151,5
2022-10-12,0.66,151,6
2022-11-06,0.63,151,7
2022-08-03,94.2,148,36
2022-08-16,90.3,148,37
2022-08-26,71.2,148,38
2022-10-07,61.1,148,32
2022-10-12,52.4,148,33
2022-10-20,50.8,148,34
2022-11-06,117.0,148,35
2022-08-03,38.8,150,49
2022-08-05,39.0,150,50
2022-09-02,38.7,150,48
2022-09-04,37.8,150,44
2022-10-07,43.1,150,45
2022-10-12,37.2,150,46
2022-11-06,46.4,150,47
2022-08-03,40.0,151,49
2022-08-16,33.5,151,50
2022-08-26,30.6,151,51
2022-09-30,24.6,151,45
2022-10-07,22.3,151,46
2022-10-20,21.8,151,47
2022-11-06,27.2,151,48
2022-08-05,2.22,158,101
2022-08-27,0.64,158,99
2022-09-26,0.76,158,100
2022-11-03,0.4,158,98
2022-08-05,18.1,157,52
2022-08-27,14.9,157,53
2022-09-06,17.5,157,49
2022-11-08,19.9,157,50
2022-11-20,35.6,157,51
2022-08-05,9.17,158,196
2022-09-07,7.14,158,197
2022-10-07,5.39,158,198
2022-11-03,8.09,158,199
2022-11-06,7.74,158,200
2022-08-03,0.89,159,70
2022-08-28,0.22,159,67
2022-10-07,0.19,159,68
2022-11-06,0.22,159,69
2022-08-16,3.98,149,203
2022-10-12,1.0,149,202
2022-08-02,76.3,157,130
2022-08-05,78.6,157,129
2022-08-27,58.4,157,128
2022-09-26,60.9,157,126
2022-11-03,44.1,157,127
2022-08-03,20.5,149,169
2022-08-16,16.5,149,171
2022-08-26,16.3,149,170
2022-10-07,12.7,149,165
2022-10-12,12.4,149,166
2022-10-20,11.6,149,167
2022-11-06,15.8,149,168
2022-08-04,0.07,156,84
2022-08-27,0.037,156,83
2022-10-08,0.008,156,81
2022-10-13,0.01,156,82
2022-08-02,1.95,157,145
2022-10-31,0.69,157,144
2022-08-27,27.8,154,226
2022-08-27,0.47,155,51
2022-08-27,0.13,155,55
2022-10-26,35.2,154,223
2022-10-26,0.6,155,48
2022-10-26,0.13,155,52
2022-10-31,29.5,154,224
2022-10-31,0.42,155,49
2022-10-31,0.12,155,53
2022-11-15,32.5,154,225
2022-11-15,1.03,155,50
2022-08-05,3.75,154,206
2022-10-31,4.9,154,202
2022-11-03,3.89,154,203
2022-11-08,3.17,154,204
2022-11-13,6.98,154,205
2022-08-05,7.29,154,211
2022-10-31,9.28,154,207
2022-11-03,7.82,154,208
2022-11-08,6.72,154,209
2022-11-13,11.7,154,210
2022-08-03,15.3,148,178
2022-08-05,15.1,148,177
2022-08-15,20.9,148,176
2022-10-07,8.58,148,174
2022-10-12,7.89,148,175
2022-08-03,45.0,150,65
2022-08-16,49.4,150,63
2022-08-26,42.4,150,64
2022-10-07,39.6,150,59
2022-10-10,41.5,150,60
2022-10-20,35.5,150,62
2022-11-06,46.4,150,61
2022-08-03,0.17,150,241
2022-08-16,0.1,150,242
2022-08-26,0.11,150,243
2022-10-07,0.1,150,237
2022-10-12,0.1,150,238
2022-10-20,0.09,150,239
2022-11-06,0.1,150,240
2022-08-03,0.16,149,60
2022-08-03,0.048,149,77
2022-08-05,0.15,149,61
2022-08-05,0.046,149,78
2022-09-04,0.36,149,56
2022-09-04,0.05,149,73
2022-10-07,0.1,149,59
2022-10-07,0.021,149,74
2022-10-12,0.06,149,57
2022-10-12,0.015,149,75
2022-11-06,0.32,149,58
2022-11-06,0.11,149,76
2022-08-05,3.03,157,93
2022-08-27,1.9,157,94
2022-09-06,2.82,157,90
2022-11-08,2.26,157,91
2022-11-20,3.03,157,92
2022-08-05,0.4,154,90
2022-08-25,0.39,154,91
2022-08-27,0.39,154,92
2022-10-26,0.38,154,93
2022-10-31,0.38,154,94
2022-11-03,0.38,154,95
2022-11-15,0.45,154,96
2022-08-26,0.09,151,111
2022-09-05,0.13,151,106
2022-10-07,0.04,151,107
2022-10-10,0.032,151,108
2022-10-20,0.05,151,109
2022-11-06,0.08,151,110
2022-08-16,0.89,151,216
2022-09-30,0.63,151,215
2022-08-04,0.91,158,80
2022-08-04,25.3,155,222
2022-08-27,10.0,155,221
2022-10-08,9.42,155,219
2022-10-13,9.89,155,220
2022-11-03,1.82,159,85
2022-08-05,19.6,148,4
2022-08-15,22.8,148,5
2022-11-08,19.5,148,3
2022-08-03,2.35,148,230
2022-08-05,2.22,148,231
2022-08-15,2.02,148,232
2022-10-12,2.53,148,229
2022-08-03,0.39,150,158
2022-08-05,0.31,150,159
2022-10-12,0.17,150,157
2022-08-05,1.89,157,84
2022-08-27,1.11,157,85
2022-09-06,1.76,157,86
2022-10-31,1.42,157,87
2022-11-08,1.39,157,88
2022-11-20,1.56,157,89
2022-08-07,0.61,156,221
2022-08-27,0.5,156,220
2022-09-06,0.52,156,218
2022-10-08,0.44,156,219
2022-08-03,1.29,149,69
2022-08-16,0.81,149,70
2022-08-26,0.66,149,72
2022-10-07,0.57,149,66
2022-10-12,0.52,149,67
2022-10-20,0.45,149,68
2022-11-06,3.55,149,71
2022-08-05,0.74,154,35
2022-08-15,0.54,154,36
2022-08-25,0.54,154,37
2022-08-27,0.54,154,39
2022-10-26,1.56,154,38
2022-10-31,1.01,154,33
2022-11-03,0.9,154,34
2022-08-02,9.42,157,229
2022-08-02,16.5,157,172
2022-08-12,6.97,157,230
2022-08-12,16.7,157,173
2022-10-31,3.83,157,228
2022-10-31,9.82,157,171
2022-08-05,83.8,157,133
2022-08-27,63.0,157,134
2022-09-26,62.8,157,131
2022-11-03,44.8,157,132
2022-08-03,1.3,149,244
2022-10-12,0.65,149,243
2022-08-27,2.19,156,106
2022-10-08,1.65,156,104
2022-10-13,1.95,156,105
2022-08-05,3.72,153,240
2022-08-15,4.32,153,241
2022-10-26,17.5,153,237
2022-10-31,6.2,153,238
2022-11-08,3.74,153,239
2022-08-05,0.09,158,183
2022-10-07,0.009,158,181
2022-11-06,0.007,158,182
2022-08-27,0.3,157,23
2022-09-06,0.33,157,22
2022-08-03,4.13,148,157
2022-08-15,5.81,148,158
2022-10-12,2.61,148,156
2022-10-17,2.79,148,159
2022-10-07,2.84,151,8
2022-10-12,2.81,151,10
2022-11-06,2.5,151,9
2022-09-03,0.22,156,247
2022-08-05,1.9,158,170
2022-10-07,1.51,158,167
2022-10-12,1.47,158,168
2022-11-06,1.74,158,169
2022-08-28,0.42,159,63
2022-10-07,0.43,159,64
2022-11-03,0.46,159,65
2022-11-06,0.38,159,66
2022-08-04,1.04,158,86
2022-09-03,0.62,158,87
2022-10-08,0.54,158,88
2022-08-05,2.07,154,10
2022-08-15,0.93,154,11
2022-10-26,3.33,154,7
2022-10-31,1.11,154,8
2022-11-08,1.14,154,9
2022-08-05,1.31,157,104
2022-08-25,1.04,157,105
2022-08-27,0.94,157,106
2022-09-06,1.25,157,100
2022-11-03,0.67,157,101
2022-11-08,0.69,157,102
2022-11-20,1.06,157,103
2022-08-16,1.39,149,37
2022-08-18,1.28,149,36
2022-10-12,1.06,149,35
2022-08-02,62.0,157,122
2022-08-05,66.4,157,124
2022-08-12,54.2,157,125
2022-08-17,55.0,157,121
2022-08-27,46.5,157,123
2022-11-03,30.5,157,120
2022-10-12,0.59,149,176
2022-08-03,0.32,152,100
2022-09-30,0.27,152,97
2022-10-07,0.23,152,98
2022-10-10,0.21,152,99
2022-08-16,5.5,149,144
2022-08-18,9.9,149,145
2022-10-12,3.6,149,143
2022-08-03,16.9,151,87
2022-08-16,14.1,151,92
2022-08-26,15.1,151,93
2022-10-07,11.5,151,88
2022-10-10,11.3,151,89
2022-10-20,11.7,151,90
2022-11-06,12.1,151,91
2022-08-05,11.3,155,88
2022-08-15,12.9,155,89
2022-08-25,8.83,155,91
2022-08-27,7.81,155,90
2022-09-01,7.91,155,87
2022-09-06,13.2,155,83
2022-10-26,10.7,155,84
2022-10-31,7.96,155,85
2022-11-08,6.23,155,86
2022-08-05,8.34,157,238
2022-08-12,8.01,157,239
2022-10-01,7.83,157,240
2022-08-03,4.67,150,145
2022-08-05,4.34,150,144
2022-10-12,2.39,150,143
2022-08-05,0.31,153,162
2022-08-27,0.28,153,161
2022-09-01,0.27,153,163
2022-10-26,0.46,153,157
2022-10-31,1.02,153,158
2022-11-08,2.33,153,159
2022-11-15,2.34,153,160
2022-08-02,10.2,157,109
2022-08-03,6.25,150,103
2022-08-05,6.13,150,102
2022-10-12,5.36,150,101
2022-08-16,0.31,149,182
2022-08-18,0.25,149,181
2022-10-12,0.21,149,180
2022-08-05,0.13,153,125
2022-08-15,0.14,153,126
2022-11-08,0.13,153,124
2022-08-03,0.69,152,191
2022-08-11,0.63,152,190
2022-09-30,0.61,152,193
2022-10-07,0.61,152,188
2022-10-10,0.6,152,192
2022-11-06,0.69,152,189
2022-10-08,0.17,156,10
2022-10-13,0.17,156,11
2022-10-16,0.18,156,12
2022-09-06,2.04,155,142
2022-08-03,98.3,148,58
2022-08-16,124.0,148,59
2022-09-30,59.2,148,53
2022-10-07,93.6,148,54
2022-10-12,72.0,148,55
2022-11-06,143.0,148,56
2022-11-14,170.0,148,57
2022-08-05,46.2,153,28
2022-08-15,64.4,153,29
2022-08-25,40.4,153,31
2022-08-27,45.6,153,30
2022-10-26,85.9,153,25
2022-10-31,57.9,153,26
2022-11-03,48.8,153,27
2022-08-15,3.5,150,18
2022-08-03,2.4,149,223
2022-08-08,3.17,149,224
2022-10-12,1.25,149,222
2022-08-05,0.55,155,19
2022-10-31,1.01,155,20
2022-11-03,0.83,155,21
2022-11-08,0.76,155,22
2022-11-13,0.99,155,23
2022-08-04,2.17,158,82
2022-09-03,1.02,158,81
2022-08-05,0.07,150,125
2022-10-07,0.2,150,123
2022-10-12,0.14,150,124
2022-08-05,1.67,159,143
2022-08-12,1.29,159,145
2022-08-17,1.42,159,144
2022-08-27,1.51,159,141
2022-09-26,1.3,159,146
2022-10-31,0.83,159,142
2022-08-03,39.9,150,58
2022-10-07,35.6,150,56
2022-11-06,43.5,150,57
2022-08-12,4.01,159,95
2022-08-17,3.62,159,96
2022-08-27,2.73,159,92
2022-09-04,2.44,159,93
2022-09-06,2.35,159,97
2022-10-01,1.85,159,94
2022-08-05,4.71,157,220
2022-08-12,4.95,157,222
2022-08-17,4.66,157,221
2022-10-01,3.83,157,219
2022-08-05,4.96,154,141
2022-08-15,5.81,154,140
2022-08-25,4.91,154,139
2022-08-27,4.78,154,142
2022-10-26,3.69,154,138
2022-10-31,3.54,154,136
2022-11-03,3.51,154,137
2022-11-15,3.75,154,143
2022-08-05,0.45,148,146
2022-10-07,0.26,148,144
2022-10-12,0.22,148,145
2022-10-07,0.82,159,55
2022-10-07,2.46,159,53
2022-11-06,0.58,159,56
2022-11-06,2.59,159,54
2022-08-16,0.49,150,202
2022-08-26,0.41,150,201
2022-10-07,0.18,150,198
2022-10-10,0.16,150,199
2022-10-20,0.15,150,203
2022-11-06,0.17,150,200
2022-08-12,2.37,159,114
2022-08-17,2.65,159,115
2022-08-27,3.69,159,110
2022-09-04,2.97,159,111
2022-09-06,2.65,159,112
2022-10-01,1.5,159,113
2022-08-02,8.57,157,227
2022-08-05,7.06,157,225
2022-08-12,6.33,157,226
2022-09-04,4.59,157,224
2022-10-31,3.57,157,223
2022-08-05,0.83,153,165
2022-08-27,0.99,153,164
2022-08-27,8.3,157,37
2022-09-01,9.45,157,38
2022-09-06,8.89,157,39
2022-10-31,11.8,157,35
2022-11-08,7.53,157,36
2022-08-27,14.8,155,229
2022-09-06,13.8,155,231
2022-10-08,11.3,155,230
2022-10-13,12.5,155,228
2022-08-16,0.09,150,2
2022-09-30,0.08,150,3
2022-10-07,0.08,149,249
2022-10-12,0.09,150,0
2022-11-06,0.08,150,1
2022-08-16,6.37,149,235
2022-10-07,4.31,149,231
2022-10-12,3.31,149,232
2022-11-06,4.94,149,233
2022-11-14,5.1,149,234
2022-08-05,0.43,153,140
2022-08-15,0.51,153,141
2022-11-08,0.37,153,139
2022-08-05,11.3,157,243
2022-08-12,9.69,157,241
2022-08-17,10.5,157,244
2022-09-26,9.16,157,242
2022-08-07,0.41,156,228
2022-08-27,0.28,156,230
2022-09-06,0.3,156,229
2022-08-04,0.15,156,58
2022-08-27,0.09,156,59
2022-10-08,0.1,156,56
2022-10-13,0.11,156,57
2022-08-27,171.0,153,65
2022-08-16,1.23,151,181
2022-08-26,1.18,151,182
2022-10-07,1.1,151,178
2022-10-20,1.14,151,179
2022-11-06,0.91,151,180
2022-08-27,5.02,155,167
2022-09-06,14.4,155,166
2022-10-31,11.0,155,165
2022-08-05,0.61,148,135
2022-08-15,0.43,148,136
2022-08-03,30.2,150,41
2022-08-05,30.1,150,42
2022-09-02,31.6,150,40
2022-09-04,31.0,150,43
2022-10-07,35.4,150,37
2022-10-12,30.0,150,38
2022-11-06,35.4,150,39
2022-08-05,0.49,154,97
2022-08-15,0.25,154,105
2022-08-25,0.22,154,98
2022-08-27,0.21,154,99
2022-10-26,0.5,154,100
2022-10-31,0.3,154,101
2022-11-03,0.21,154,102
2022-11-08,0.21,154,103
2022-11-13,0.27,154,104
2022-11-15,2.86,154,106
2022-08-03,20.3,148,15
2022-08-05,20.6,148,14
2022-08-15,30.0,148,16
2022-10-07,26.2,148,9
2022-10-12,16.8,148,10
2022-10-17,17.5,148,11
2022-10-27,39.2,148,12
2022-11-08,19.1,148,13
2022-08-05,1.26,148,143
2022-10-07,0.41,148,141
2022-10-12,0.33,148,142
2022-08-02,3.17,157,182
2022-08-12,3.92,157,181
2022-09-04,3.13,157,179
2022-10-31,1.72,157,180
2022-08-05,1.95,153,173
2022-08-15,5.2,153,174
2022-10-26,1.61,153,170
2022-10-31,1.89,153,171
2022-11-08,4.11,153,172
2022-08-04,53.2,156,3
2022-08-27,41.0,156,5
2022-09-01,34.8,156,6
2022-09-08,52.0,156,4
2022-10-13,30.2,156,2
2022-08-05,0.5,154,80
2022-08-15,0.47,154,81
2022-08-25,0.24,154,82
2022-08-27,0.24,154,79
2022-10-26,0.66,154,76
2022-10-31,0.37,154,77
2022-11-03,0.35,154,78
2022-08-16,0.017,149,124
2022-08-26,0.015,149,123
2022-10-07,0.019,149,122
2022-10-12,0.017,149,119
2022-10-20,0.015,149,120
2022-11-06,0.011,149,121
2022-08-05,1.1,153,223
2022-10-09,1.13,153,219
2022-10-31,1.13,153,220
2022-11-08,0.97,153,221
2022-11-13,1.19,153,222
2022-08-02,2.28,157,207
2022-08-12,2.47,157,206
2022-10-31,1.18,157,208
2022-08-03,0.28,151,118
2022-08-26,0.18,151,117
2022-09-05,0.19,151,112
2022-10-07,0.11,151,113
2022-10-10,0.06,151,114
2022-10-20,0.1,151,115
2022-11-06,0.06,151,116
2022-08-05,0.9,155,137
2022-08-20,0.68,155,132
2022-08-25,0.65,155,138
2022-08-27,0.65,155,133
2022-09-01,0.55,155,134
2022-09-06,0.59,155,135
2022-10-31,0.36,155,136
2022-08-16,4.39,152,6
2022-08-26,3.91,152,7
2022-09-05,5.69,152,3
2022-10-10,3.36,152,4
2022-10-20,3.58,152,5
2022-08-03,0.65,149,246
2022-10-12,0.22,149,245
2022-08-28,3.43,158,195
2022-09-07,3.63,158,192
2022-10-07,2.75,158,193
2022-11-03,3.31,158,194
2022-08-05,4.7,157,14
2022-08-25,3.68,157,12
2022-08-27,3.52,157,13
2022-09-06,5.1,157,10
2022-11-03,2.61,157,11
2022-08-05,4.43,150,100
2022-08-05,1.59,159,24
2022-10-07,1.01,159,22
2022-11-06,1.04,159,23
2022-08-27,1.94,155,173
2022-10-26,1.92,155,174
2022-10-31,1.94,155,171
2022-11-15,2.03,155,172
2022-08-04,0.16,158,90
2022-09-03,0.026,158,89
2022-08-07,0.62,158,78
2022-08-27,0.33,158,79
2022-09-06,0.21,158,76
2022-10-08,0.28,158,77
2022-08-04,1.56,156,121
2022-08-27,1.19,156,119
2022-09-06,1.57,156,117
2022-09-08,1.44,156,120
2022-10-13,1.07,156,118
2022-08-05,1.1,148,105
2022-08-05,0.08,154,74
2022-08-15,0.17,154,75
2022-10-26,0.67,154,71
2022-10-31,0.32,154,72
2022-11-08,0.1,154,73
2022-08-05,0.46,148,106
2022-08-15,0.58,148,108
2022-11-08,0.97,148,107
2022-08-05,0.41,148,100
2022-08-15,0.54,148,101
2022-11-08,0.8,148,99
2022-08-05,1.03,148,103
2022-08-15,1.01,148,104
2022-11-08,1.05,148,102
2022-08-27,0.2,156,37
2022-09-06,0.19,156,38
2022-10-08,0.11,156,39
2022-10-13,0.12,156,40
2022-08-16,0.06,150,215
2022-08-26,0.07,150,214
2022-10-07,0.06,150,210
2022-10-10,0.06,150,211
2022-10-20,0.06,150,212
2022-11-06,0.038,150,213
2022-08-03,0.14,149,93
2022-09-02,0.045,149,97
2022-10-07,0.029,149,94
2022-10-12,0.029,149,95
2022-11-06,0.08,149,96
2022-10-07,0.14,158,224
2022-10-12,0.12,158,226
2022-11-06,0.22,158,225
2022-08-05,0.3,156,167
2022-08-20,0.09,156,160
2022-08-25,0.09,156,166
2022-08-27,0.07,156,165
2022-09-01,0.06,156,168
2022-09-06,0.34,156,161
2022-10-31,0.1,156,162
2022-11-03,0.11,156,163
2022-11-08,0.07,156,164
2022-08-16,0.42,149,49
2022-08-18,0.38,149,48
2022-10-12,0.18,149,47
2022-08-04,4.24,156,75
2022-08-27,2.59,156,76
2022-09-06,20.9,156,77
2022-10-13,2.27,156,73
2022-10-31,1.47,156,74
2022-08-04,41.6,155,243
2022-08-27,27.4,155,244
2022-09-06,26.5,155,245
2022-10-08,19.3,155,240
2022-10-13,20.0,155,241
2022-10-31,20.8,155,242
2022-08-16,0.64,149,29
2022-08-18,0.59,149,30
2022-10-12,0.46,149,31
2022-08-03,0.22,150,135
2022-08-05,0.21,150,134
2022-10-07,0.24,150,131
2022-10-12,0.22,150,132
2022-11-06,0.15,150,133
2022-08-28,2.72,158,191
2022-09-07,2.48,158,188
2022-10-07,1.86,158,189
2022-11-03,2.44,158,190
2022-08-27,105.0,153,55
2022-09-01,104.0,153,54
2022-09-06,116.0,153,56
2022-08-05,0.28,158,127
2022-08-27,0.26,158,126
2022-09-06,0.22,158,124
2022-09-26,0.16,158,125
2022-08-03,0.63,159,30
2022-10-07,0.41,159,28
2022-11-06,0.41,159,29
2022-08-04,0.39,156,101
2022-08-27,0.25,156,102
2022-09-06,0.43,156,103
2022-10-13,0.24,156,99
2022-10-31,0.2,156,100
2022-08-16,0.85,150,6
2022-09-30,0.72,150,4
2022-11-14,0.79,150,5
2022-08-12,15.3,159,88
2022-08-17,14.5,159,89
2022-08-27,10.8,159,87
2022-09-06,11.9,159,90
2022-10-01,8.12,159,91
2022-08-03,1.0,152,73
2022-09-05,1.03,152,69
2022-09-30,0.85,152,70
2022-10-07,0.74,152,71
2022-11-06,0.69,152,72
2022-08-04,2.01,156,242
2022-09-03,0.77,156,241
2022-08-04,0.5,156,63
2022-08-27,0.5,156,62
2022-10-08,0.5,156,60
2022-10-13,0.41,156,61
2022-08-03,2.92,149,226
2022-08-08,4.28,149,227
2022-10-12,1.86,149,225
2022-08-03,23.3,150,26
2022-08-05,22.3,150,25
2022-10-12,18.2,150,24
2022-08-05,38.2,153,21
2022-08-15,54.2,153,24
2022-08-25,33.9,153,23
2022-08-27,36.9,153,22
2022-10-26,80.5,153,17
2022-10-31,50.9,153,18
2022-11-03,40.6,153,19
2022-11-15,42.1,153,20
2022-08-05,0.31,158,173
2022-10-07,0.26,158,171
2022-11-06,0.25,158,172
2022-08-03,2.63,152,134
2022-08-11,1.99,152,133
2022-09-30,1.56,152,135
2022-10-07,1.47,152,130
2022-10-10,1.47,152,131
2022-11-06,1.46,152,132
2022-08-05,1.0,154,59
2022-08-25,0.58,154,64
2022-08-27,0.55,154,65
2022-10-26,2.15,154,60
2022-10-31,1.12,154,61
2022-11-03,0.89,154,62
2022-11-08,0.89,154,63
2022-08-05,1.08,152,237
2022-08-15,2.3,152,238
2022-11-08,1.21,152,236
2022-08-03,12.9,148,182
2022-08-05,12.1,148,183
2022-08-15,14.1,148,184
2022-10-12,5.83,148,185
2022-08-03,53.3,150,84
2022-08-16,52.9,150,85
2022-08-26,50.2,150,86
2022-09-30,34.4,150,80
2022-10-07,38.9,150,81
2022-10-20,38.8,150,82
2022-11-06,52.8,150,83
2022-08-03,0.06,149,104
2022-08-16,0.039,149,102
2022-08-26,0.027,149,103
2022-10-07,0.02,149,98
2022-10-12,0.015,149,99
2022-10-20,0.046,149,101
2022-11-06,0.036,149,100
2022-08-05,0.9,153,207
2022-08-15,1.54,153,208
2022-10-26,1.22,153,204
2022-10-31,0.45,153,205
2022-11-08,1.06,153,206
2022-10-07,35.7,150,35
2022-10-12,29.7,150,36
2022-08-05,0.99,155,119
2022-08-27,0.66,155,118
2022-09-01,1.43,155,120
2022-09-06,3.01,155,115
2022-10-31,0.76,155,116
2022-11-08,0.67,155,117
2022-08-05,1.88,157,9
2022-08-27,1.69,157,8
2022-09-06,1.62,157,6
2022-11-20,1.31,157,7
2022-08-11,106.0,148,61
2022-09-30,65.2,148,60
2022-08-03,11.8,152,119
2022-08-11,10.1,152,120
2022-09-30,8.57,152,121
2022-10-07,8.04,152,122
2022-10-10,7.87,152,124
2022-11-06,8.48,152,123
2022-11-03,5.64,159,86
2022-08-05,27.9,153,9
2022-08-15,30.8,153,10
2022-10-26,44.5,153,8
2022-10-31,30.6,153,6
2022-11-08,27.9,153,7
2022-08-03,0.95,149,116
2022-08-16,0.77,149,117
2022-08-26,0.5,149,118
2022-10-07,0.24,149,112
2022-10-12,0.22,149,113
2022-10-20,0.17,149,114
2022-11-06,0.43,149,115
2022-08-03,7.15,152,165
2022-08-11,6.43,152,166
2022-09-30,5.34,152,169
2022-10-07,4.84,152,170
2022-10-10,4.76,152,168
2022-11-06,5.34,152,167
2022-10-07,13.0,158,241
2022-11-06,14.6,158,242
2022-08-07,5.72,156,239
2022-08-27,4.32,156,240
2022-09-06,8.16,156,238
2022-08-02,1.18,157,155
2022-10-31,0.29,157,154
2022-08-02,3.68,157,151
2022-08-12,1.86,157,153
2022-10-31,0.93,157,152
2022-08-03,2.38,152,113
2022-08-11,2.13,152,112
2022-10-07,1.37,152,109
2022-10-10,1.34,152,110
2022-11-06,1.43,152,111
2022-08-05,13.4,157,48
2022-09-06,12.6,157,45
2022-11-08,13.8,157,46
2022-11-20,34.3,157,47
2022-08-05,2.22,157,249
2022-08-12,2.55,158,0
2022-09-26,1.29,157,248
2022-08-05,20.1,154,216
2022-10-31,17.9,154,212
2022-11-03,17.3,154,213
2022-11-08,17.7,154,214
2022-11-13,15.1,154,215
2022-10-12,2.01,148,155
2022-08-03,0.16,151,152
2022-08-16,0.15,151,153
2022-08-26,0.1,151,154
2022-09-05,0.06,151,147
2022-10-07,0.008,151,148
2022-10-10,0.006,151,149
2022-10-20,0.005,151,150
2022-11-06,0.016,151,151
2022-08-16,2.55,151,224
2022-08-26,1.8,151,225
2022-09-05,2.17,151,220
2022-09-30,1.24,151,221
2022-10-10,1.51,151,222
2022-10-20,4.03,151,223
2022-08-03,12.0,152,87
2022-08-11,10.5,152,91
2022-09-30,9.51,152,88
2022-10-07,8.5,152,89
2022-10-10,8.59,152,90
2022-10-31,7.53,155,46
2022-08-27,1.17,155,140
2022-09-01,1.16,155,139
2022-09-06,1.59,155,141
2022-10-07,0.14,159,40
2022-10-10,0.13,159,41
2022-11-06,0.13,159,42
2022-08-16,0.22,152,27
2022-08-26,0.18,152,28
2022-09-05,0.28,152,23
2022-10-07,0.16,152,24
2022-10-20,0.16,152,25
2022-11-06,0.17,152,26
2022-08-05,0.41,158,130
2022-08-27,0.28,158,131
2022-09-06,0.26,158,128
2022-09-26,0.19,158,129
2022-08-05,0.5,154,169
2022-08-15,0.7,154,170
2022-08-25,0.38,154,172
2022-08-27,0.38,154,171
2022-10-26,0.59,154,165
2022-10-31,0.35,154,166
2022-11-03,0.31,154,167
2022-11-15,0.41,154,168
2022-08-02,31.7,157,112
2022-08-27,15.9,157,113
2022-09-26,23.1,157,115
2022-10-31,11.4,157,114
2022-08-05,2.34,154,123
2022-08-15,2.14,154,125
2022-08-25,1.64,154,126
2022-08-27,1.57,154,124
2022-10-26,5.09,154,122
2022-10-31,2.51,154,120
2022-11-03,2.15,154,121
2022-11-15,6.48,154,127
2022-08-05,0.22,158,112
2022-08-27,0.048,158,111
2022-09-26,0.06,158,109
2022-11-03,0.06,158,110
2022-08-24,9.91,158,55
2022-09-08,7.44,158,53
2022-10-08,6.67,158,54
2022-10-08,0.2,156,7
2022-10-13,0.2,156,8
2022-10-16,0.3,156,9
2022-08-05,0.35,154,69
2022-08-05,1.78,154,43
2022-08-15,0.41,154,70
2022-10-26,0.85,154,66
2022-10-26,4.11,154,40
2022-10-31,0.4,154,67
2022-10-31,2.47,154,41
2022-11-08,0.2,154,68
2022-11-08,1.87,154,42
2022-08-05,11.9,157,43
2022-08-27,10.2,157,44
2022-09-06,11.1,157,40
2022-10-31,12.8,157,41
2022-11-08,9.68,157,42
2022-08-02,8.02,157,147
2022-08-12,5.17,157,148
2022-10-31,2.83,157,146
2022-08-02,12.8,157,110
2022-08-07,0.79,156,224
2022-08-27,0.63,156,225
2022-09-06,0.5,156,222
2022-10-08,0.54,156,223
2022-08-26,6.71,158,238
2022-08-26,3.13,159,3
2022-09-05,6.45,158,233
2022-10-07,5.89,158,234
2022-10-07,2.96,158,249
2022-10-10,5.58,158,235
2022-10-10,2.96,159,0
2022-10-20,5.17,158,236
2022-10-20,3.0,159,2
2022-11-06,5.37,158,237
2022-11-06,3.07,159,1
2022-08-05,3.0,153,197
2022-08-15,3.98,153,198
2022-10-26,2.85,153,194
2022-10-31,2.62,153,196
2022-11-08,5.64,153,195
2022-08-05,3.3,155,13
2022-10-31,3.57,155,9
2022-11-03,3.03,155,10
2022-11-08,3.01,155,11
2022-11-13,3.37,155,12
2022-10-12,0.62,148,197
2022-08-03,0.09,150,222
2022-08-16,0.06,150,220
2022-08-26,0.039,150,221
2022-10-07,0.006,150,216
2022-10-10,0.006,150,217
2022-10-20,0.006,150,218
2022-11-06,0.006,150,219
2022-08-04,0.56,156,31
2022-08-27,0.41,156,32
2022-10-08,0.29,156,29
2022-10-13,0.4,156,30
2022-08-02,2.49,157,188
2022-08-12,1.36,157,187
2022-10-31,0.28,157,186
2022-08-26,0.26,151,99
2022-09-05,0.29,151,94
2022-10-07,0.23,151,95
2022-10-10,0.25,151,96
2022-10-20,0.18,151,97
2022-11-06,0.16,151,98
2022-08-15,4.12,150,99
2022-08-27,84.8,153,49
2022-09-06,100.0,153,48
2022-10-26,160.0,153,46
2022-10-31,106.0,153,47
2022-11-15,91.0,153,50
2022-08-05,0.61,158,13
2022-08-27,0.44,158,14
2022-09-26,0.21,158,11
2022-11-03,0.15,158,12
2022-08-03,0.86,149,192
2022-08-16,0.44,149,190
2022-08-26,0.29,149,191
2022-10-07,0.22,149,186
2022-10-12,0.14,149,187
2022-10-20,0.21,149,188
2022-11-06,0.36,149,189
2022-08-05,0.88,158,119
2022-08-02,3.71,157,163
2022-08-12,4.37,157,164
2022-10-31,1.33,157,162
2022-08-03,58.1,148,23
2022-08-18,101.0,148,22
2022-10-07,49.0,148,24
2022-10-12,44.4,148,20
2022-11-06,99.1,148,21
2022-08-03,0.38,148,242
2022-08-05,0.37,148,240
2022-08-15,0.24,148,241
2022-10-12,0.26,148,239
2022-08-03,39.6,150,54
2022-09-02,38.1,150,55
2022-10-07,40.5,150,51
2022-10-12,37.8,150,52
2022-11-06,45.4,150,53
2022-08-18,0.48,149,13
2022-10-12,0.32,149,12
2022-08-05,0.6,159,27
2022-10-07,0.38,159,25
2022-11-06,0.34,159,26
2022-08-16,0.29,149,28
2022-08-18,0.26,149,27
2022-10-12,0.18,149,26
2022-10-07,0.49,158,222
2022-11-06,0.44,158,223
2022-08-27,2.17,156,243
2022-09-03,1.88,156,244
2022-09-06,2.14,156,245
2022-10-08,1.84,156,246
2022-08-03,653.0,153,117
2022-08-05,613.0,153,116
2022-10-07,417.0,153,114
2022-11-06,418.0,153,115
2022-08-04,1.2,156,20
2022-08-27,0.87,156,21
2022-10-08,0.71,156,17
2022-10-13,0.74,156,18
2022-10-16,0.98,156,19
2022-08-05,0.83,159,18
2022-10-07,0.5,159,16
2022-11-06,0.48,159,17
2022-08-03,0.77,148,200
2022-08-18,0.56,148,199
2022-10-12,0.41,148,198
2022-08-05,3.33,155,112
2022-08-27,2.26,155,113
2022-09-01,2.66,155,114
2022-09-06,4.18,155,109
2022-10-31,2.49,155,110
2022-11-08,2.17,155,111
2022-11-03,0.4,159,71
2022-08-04,3.25,155,180
2022-08-27,2.68,155,181
2022-09-06,9.08,155,182
2022-10-13,2.73,155,178
2022-10-31,2.5,155,179
2022-08-05,598.0,153,103
2022-10-07,358.0,153,100
2022-10-12,396.0,153,101
2022-11-06,341.0,153,102
2022-08-07,8.56,156,204
2022-08-27,7.04,156,205
2022-09-06,6.38,156,203
2022-08-05,0.12,150,129
2022-09-02,0.046,150,130
2022-10-07,0.047,150,126
2022-10-12,0.042,150,127
2022-11-06,0.08,150,128
2022-08-05,6.6,155,33
2022-10-31,4.91,155,29
2022-11-03,4.04,155,30
2022-11-08,3.29,155,31
2022-11-13,5.64,155,32
2022-08-27,5.48,156,80
2022-10-08,4.0,156,78
2022-10-13,4.76,156,79
2022-08-05,3.39,158,114
2022-08-16,11.0,152,8
2022-08-26,9.94,152,12
2022-09-05,13.0,152,9
2022-10-10,6.86,152,10
2022-10-20,7.53,152,11
2022-11-17,8.56,152,13
2022-08-02,0.52,157,141
2022-10-07,11.1,158,239
2022-11-06,12.1,158,240
2022-08-03,4.35,148,162
2022-08-15,9.39,148,161
2022-10-12,4.05,148,160
2022-08-08,0.44,149,241
2022-10-12,0.1,149,242
2022-08-05,1.08,148,109
2022-08-15,1.08,148,110
2022-08-03,5.1,152,29
2022-08-16,4.0,152,35
2022-08-26,3.36,152,36
2022-09-05,4.32,152,30
2022-10-07,3.03,152,31
2022-10-10,3.04,152,32
2022-10-20,3.06,152,33
2022-11-06,3.14,152,34
2022-08-05,0.61,155,43
2022-10-31,0.55,155,40
2022-11-08,0.55,155,41
2022-11-13,0.64,155,42
2022-08-05,0.5,153,242
2022-10-09,0.47,153,246
2022-10-31,0.56,153,243
2022-11-08,0.7,153,244
2022-11-13,0.61,153,245
2022-08-16,3.76,151,21
2022-08-26,3.42,151,22
2022-10-07,3.27,151,17
2022-10-10,3.25,151,18
2022-10-20,3.22,151,19
2022-11-06,3.28,151,20
2022-08-03,24.5,151,29
2022-08-16,19.8,151,27
2022-08-26,18.2,151,28
2022-10-07,21.4,151,23
2022-10-10,21.9,151,24
2022-10-20,23.7,151,25
2022-11-06,19.6,151,26
2022-08-12,2.71,158,2
2022-08-17,2.56,158,3
2022-09-26,2.04,158,1
2022-08-03,22.9,150,29
2022-08-05,23.4,150,30
2022-10-07,26.1,150,27
2022-10-12,21.0,150,28
2022-08-05,0.58,152,235
2022-11-08,0.67,152,234
2022-08-05,6.68,154,47
2022-08-15,7.0,154,48
2022-10-26,6.46,154,44
2022-10-31,6.46,154,45
2022-11-08,6.66,154,46
2022-08-02,1.31,158,23
2022-08-05,1.09,158,22
2022-08-27,0.65,158,21
2022-09-26,0.3,158,19
2022-11-03,0.15,158,20
2022-08-27,0.22,155,131
2022-09-06,0.76,155,130
2022-10-31,0.21,155,129
2022-08-05,291.0,153,83
2022-08-27,239.0,153,84
2022-09-06,219.0,153,80
2022-11-08,198.0,153,81
2022-11-20,233.0,153,82
2022-08-05,282.0,153,75
2022-08-25,252.0,153,76
2022-08-27,237.0,153,77
2022-09-06,216.0,153,78
2022-11-03,219.0,153,73
2022-11-08,197.0,153,74
2022-11-20,229.0,153,79
2022-08-01,0.1,152,200
2022-08-03,0.08,152,199
2022-08-11,0.07,152,198
2022-09-30,0.07,152,194
2022-10-07,0.07,152,195
2022-10-10,0.07,152,196
2022-11-06,0.06,152,197
2022-10-07,1.64,159,6
2022-11-06,1.6,159,7
2022-08-05,1.36,156,133
2022-08-27,0.75,156,136
2022-09-01,0.81,156,134
2022-09-06,1.76,156,135
2022-10-31,0.77,156,131
2022-11-08,0.73,156,132
2022-08-05,3.57,157,32
2022-08-27,2.05,157,34
2022-09-01,3.3,157,33
2022-10-31,4.55,157,29
2022-11-08,2.97,157,30
2022-11-15,7.14,157,31
2022-08-05,0.18,157,70
2022-08-27,0.13,157,71
2022-09-01,0.12,157,72
2022-09-06,0.14,157,73
2022-10-31,0.13,157,69
2022-08-03,3.43,152,209
2022-10-07,2.79,152,207
2022-11-06,2.78,152,208
2022-08-12,2.13,159,108
2022-08-17,2.39,159,109
2022-08-27,3.37,159,104
2022-09-04,2.67,159,105
2022-09-06,2.35,159,106
2022-10-01,1.47,159,107
2022-08-05,0.12,150,106
2022-10-12,0.1,150,107
2022-08-11,0.63,151,235
2022-08-16,0.56,151,236
2022-09-30,0.41,151,237
2022-08-12,0.98,158,35
2022-08-27,0.87,158,36
2022-11-03,0.65,158,37
2022-08-03,0.16,150,197
2022-10-07,0.16,150,195
2022-11-06,0.09,150,196
2022-08-03,2.78,151,137
2022-08-16,2.53,151,139
2022-08-26,2.21,151,140
2022-09-05,2.34,151,133
2022-10-07,1.81,151,138
2022-10-10,1.75,151,134
2022-10-20,1.69,151,135
2022-11-06,1.84,151,136
2022-08-26,0.1,151,146
2022-09-05,0.1,151,141
2022-10-07,0.023,151,142
2022-10-10,0.015,151,143
2022-10-20,0.015,151,144
2022-11-06,0.005,151,145
2022-08-05,0.25,148,188
2022-10-07,0.18,148,186
2022-10-12,0.16,148,187
2022-08-16,0.46,149,43
2022-08-18,0.46,149,42
2022-10-12,0.46,149,41
2022-08-07,6.47,156,198
2022-09-06,5.05,156,196
2022-10-08,4.98,156,197
2022-08-05,0.38,152,233
2022-10-31,0.41,152,231
2022-11-08,0.33,152,232
2022-08-05,0.2,152,229
2022-08-05,0.2,152,225
2022-08-05,0.25,152,219
2022-08-15,0.3,152,220
2022-10-09,0.25,152,230
2022-10-09,0.23,152,221
2022-10-09,0.24,152,215
2022-10-31,0.49,152,226
2022-10-31,0.24,152,222
2022-10-31,0.24,152,216
2022-11-08,0.16,152,227
2022-11-08,0.21,152,223
2022-11-08,0.24,152,217
2022-11-13,0.15,152,228
2022-11-13,0.21,152,224
2022-11-13,0.24,152,218
2022-08-27,0.34,156,184
2022-09-01,0.32,156,185
2022-09-06,0.9,156,183
2022-08-02,58.5,157,118
2022-08-12,44.2,157,119
2022-08-27,43.0,157,116
2022-09-26,48.2,157,117
2022-08-05,0.56,158,156
2022-09-06,0.14,158,157
2022-09-26,0.05,158,158
2022-11-08,0.044,158,159
2022-11-20,0.039,158,160
2022-08-05,0.56,156,176
2022-08-20,0.042,156,175
2022-08-25,0.03,156,179
2022-08-27,0.026,156,178
2022-09-01,0.024,156,177
2022-09-06,0.29,156,172
2022-11-03,0.035,156,173
2022-11-08,0.04,156,174
2022-08-05,575.0,153,99
2022-10-07,391.0,153,97
2022-11-06,336.0,153,98
2022-08-05,1.54,158,176
2022-10-07,0.76,158,174
2022-11-06,0.6,158,175
2022-08-04,24.0,158,60
2022-08-16,1.47,149,139
2022-10-12,1.04,149,138
2022-08-02,2.68,157,211
2022-08-12,2.54,157,210
2022-10-31,1.36,157,209
2022-08-05,2.48,157,99
2022-08-25,1.28,157,98
2022-08-27,1.17,157,97
2022-09-06,1.46,157,95
2022-11-03,0.79,157,96
2022-08-03,48.3,150,70
2022-08-16,52.7,150,72
2022-08-26,46.1,150,71
2022-09-30,30.0,150,66
2022-10-07,41.1,150,67
2022-10-20,37.3,150,68
2022-11-06,50.9,150,69
2022-08-05,502.0,153,90
2022-08-27,398.0,153,91
2022-09-06,334.0,153,88
2022-09-26,344.0,153,89
2022-08-26,0.66,151,73
2022-10-07,0.46,151,70
2022-10-10,0.42,151,71
2022-10-20,0.42,151,74
2022-11-06,0.26,151,72
2022-08-05,96.2,158,73
2022-08-27,59.1,158,74
2022-09-26,48.0,158,71
2022-11-03,40.1,158,72
2022-08-05,539.0,153,93
2022-08-27,431.0,153,94
2022-09-06,355.0,153,95
2022-09-26,340.0,153,92
2022-08-26,3.87,151,127
2022-09-05,4.35,151,128
2022-10-07,3.16,151,129
2022-10-10,3.16,151,130
2022-10-20,3.05,151,131
2022-11-06,3.32,151,132
2022-08-02,65.1,158,64
2022-08-04,1.16,156,35
2022-08-27,0.5,156,36
2022-10-08,0.7,156,33
2022-10-13,0.88,156,34
2022-08-16,0.21,149,52
2022-08-18,0.2,149,51
2022-10-12,0.16,149,50
2022-08-07,2.37,156,211
2022-08-27,1.92,156,212
2022-09-06,2.08,156,213
2022-10-08,1.67,156,214
2022-08-05,0.048,155,14
2022-10-31,0.07,155,15
2022-11-03,0.05,155,18
2022-11-08,0.045,155,16
2022-11-13,0.1,155,17
2022-08-05,1.36,155,4
2022-10-31,1.55,155,5
2022-11-03,1.39,155,6
2022-11-08,1.25,155,7
2022-11-13,1.61,155,8
2022-08-27,0.85,158,102
2022-09-06,0.79,158,103
2022-08-05,99.2,157,137
2022-08-27,75.6,157,138
2022-09-26,70.7,157,135
2022-11-03,49.6,157,136
2022-08-03,1.17,152,204
2022-08-11,1.04,152,205
2022-09-30,0.95,152,206
2022-10-07,0.89,152,201
2022-10-10,0.89,152,202
2022-11-06,0.93,152,203
2022-08-27,0.99,156,55
2022-10-08,0.62,156,53
2022-10-13,0.63,156,54
2022-08-05,3.34,159,36
2022-10-07,2.22,159,34
2022-11-06,2.39,159,35
2022-08-05,0.44,158,10
2022-08-27,0.21,158,9
2022-09-26,0.18,158,7
2022-11-03,0.09,158,8
2022-08-05,6.29,154,52
2022-08-15,7.12,154,53
2022-10-26,7.98,154,49
2022-10-31,7.2,154,50
2022-11-08,6.98,154,51
2022-10-08,0.87,155,212
2022-10-13,0.87,155,213
2022-10-16,0.89,155,214
2022-08-05,1.36,157,83
2022-08-27,2.1,157,82
2022-09-06,1.84,157,79
2022-11-08,0.69,157,80
2022-11-20,0.8,157,81
2022-08-02,1.58,157,161
2022-08-02,1.09,157,157
2022-10-31,0.18,157,156
2022-08-03,0.72,152,151
2022-08-11,0.72,152,150
2022-09-30,0.43,152,152
2022-10-07,0.36,152,147
2022-10-10,0.36,152,148
2022-11-06,0.32,152,149
2022-08-04,181.0,153,59
2022-08-27,142.0,153,61
2022-09-01,130.0,153,60
2022-09-06,151.0,153,57
2022-10-13,117.0,153,58
2022-08-05,0.51,154,56
2022-08-15,0.48,154,58
2022-10-26,0.74,154,57
2022-10-31,0.5,154,54
2022-11-08,0.6,154,55
2022-08-03,1.99,150,228
2022-08-16,0.9,150,227
2022-08-26,0.73,150,229
2022-10-07,0.16,150,223
2022-10-12,0.17,150,224
2022-10-20,0.17,150,225
2022-11-06,0.16,150,226
2022-08-04,0.33,155,188
2022-08-27,0.2,155,189
2022-10-08,0.17,155,186
2022-10-13,0.09,155,187
2022-08-03,0.46,148,225
2022-08-05,0.44,148,226
2022-08-15,0.42,148,227
2022-10-12,0.18,148,228
2022-08-03,1.22,149,20
2022-08-05,0.88,149,19
2022-08-15,0.54,149,21
2022-10-12,0.33,149,18
2022-08-05,0.32,148,87
2022-08-15,0.25,148,88
2022-11-08,0.38,148,86
2022-08-02,1.76,159,161
2022-08-12,1.85,159,160
2022-10-31,1.48,159,162
2022-08-02,0.48,158,97
2022-08-27,0.09,158,96
2022-08-27,22.9,154,233
2022-10-26,34.5,154,234
2022-10-31,26.5,154,231
2022-11-15,26.0,154,232
2022-08-03,5.06,149,229
2022-08-03,0.25,149,248
2022-08-08,8.2,149,230
2022-10-12,2.22,149,228
2022-10-12,0.11,149,247
2022-08-07,1.24,156,189
2022-08-27,1.19,156,188
2022-09-06,1.3,156,186
2022-10-08,1.14,156,187
2022-08-05,0.12,154,3
2022-10-31,0.18,154,4
2022-11-08,0.19,154,5
2022-11-13,0.23,154,6
2022-08-27,24.8,154,238
2022-10-26,39.0,154,235
2022-10-31,27.0,154,236
2022-11-15,25.4,154,237
2022-08-03,17.0,149,159
2022-08-26,0.62,149,216
2022-08-26,12.4,149,158
2022-10-07,0.64,149,212
2022-10-07,9.99,149,154
2022-10-12,0.65,149,213
2022-10-12,7.57,149,155
2022-10-20,0.67,149,214
2022-10-20,8.4,149,156
2022-11-06,0.74,149,215
2022-11-06,9.92,149,157
2022-08-27,1.89,156,70
2022-09-06,11.6,156,71
2022-10-13,1.63,156,72
2022-10-31,1.25,156,69
2022-08-05,2.19,148,196
2022-10-07,1.34,148,194
2022-10-12,1.12,148,195
2022-08-11,0.65,151,219
2022-08-16,0.66,151,218
2022-09-30,0.65,151,217
2022-10-07,0.018,151,68
2022-11-06,0.006,151,69
2022-08-04,0.73,155,156
2022-08-27,0.38,155,157
2022-09-06,4.76,155,158
2022-10-13,0.42,155,154
2022-10-31,0.24,155,155
2022-08-05,13.9,158,143
2022-08-27,8.81,158,144
2022-09-06,12.7,158,140
2022-11-08,16.1,158,141
2022-11-20,14.9,158,142
2022-08-05,3.81,153,229
2022-08-15,4.69,153,231
2022-10-26,10.4,153,227
2022-10-31,4.32,153,228
2022-11-08,2.85,153,230
