chunk_id,id_in_chunk,flow,pred_vit
213,141,6.5,4.1662116
216,171,3.4,1.8202066
216,148,35.0,7.043188
202,230,1.46,1.4128231
216,5,23.6,6.2482486
193,7,16.1,2.0808055
190,149,12.5,11.229502
204,130,1.63,2.217219
204,120,1.33,1.5001575
216,92,6.12,2.595411
214,157,21.4,4.9724655
191,199,5.38,2.0692215
217,176,4.97,3.5840435
210,127,2.36,2.6725821
190,242,7.55,7.745748
219,34,3.72,1.9361237
200,112,19.7,15.000477
202,46,0.39,0.15527056
217,188,7.52,6.248259
213,94,15.3,6.5402803
190,15,71.5,52.360935
214,93,11.8,7.256742
216,196,6.94,3.5732887
215,36,349.0,186.50342
204,71,29.4,29.000187
218,108,6.63,2.3934968
205,141,7.8,2.9467704
204,32,8.55,8.621094
191,114,1.35,0.85094213
211,94,4.07,1.927887
202,217,3.89,6.3459997
219,63,4.28,1.3001102
202,168,22.8,25.368404
212,9,280.0,138.50758
211,55,3.48,2.8994575
190,9,66.0,29.584478
219,148,4.87,2.807005
211,65,7.45,3.8013918
191,150,72.4,29.26817
204,47,14.6,13.62016
219,126,3.97,1.6937397
208,204,3.75,2.725197
211,244,264.0,131.76672
210,221,61.0,26.527239
215,232,8.42,1.9929074
195,81,188.0,76.67832
202,104,4.97,5.0545588
204,221,1.42,3.0715835
190,176,0.69,0.36338797
214,61,2.98,1.4252919
205,111,6.5,4.288409
201,41,1860.0,921.3707
205,36,4.76,2.906675
201,193,0.63,0.54503036
214,32,4.76,3.172246
217,114,29.6,22.384878
201,242,1.34,1.072768
190,133,0.66,0.42628303
214,143,14.0,4.7698426
218,45,9.05,6.7543077
213,202,3.0,1.4881386
202,157,18.3,13.663895
210,145,4.69,2.4393365
202,140,10.7,13.213245
190,141,0.16,0.8108444
190,135,5.66,6.9805803
201,132,2160.0,910.01685
213,82,8.01,3.5699985
190,2,54.7,29.81179
208,175,2.23,1.1143849
191,128,6.06,3.0385885
214,132,6.72,1.351319
218,59,16.0,10.118214
205,60,22.8,14.410356
216,35,10.2,4.246599
218,189,26.9,9.779364
208,217,3.3,2.626989
217,134,36.8,19.510744
190,120,2.98,2.0095367
190,111,11.0,4.7277503
218,159,6.16,2.7993827
213,113,0.48,0.3503459
216,60,57.5,17.104078
201,232,3.5,2.1237688
211,233,237.0,101.54674
191,197,2.0,0.9721046
201,178,1.22,1.1707336
200,145,74.2,57.318085
205,101,1.19,0.74800074
204,107,1.73,1.3692931
204,25,5.66,3.762754
211,32,4.36,1.874216
191,137,22.5,7.1811357
190,226,1.08,1.1668036
216,187,7.17,4.97943
201,78,1960.0,934.6677
202,196,1.3,1.0327452
219,99,7.37,6.99157
202,35,18.2,13.135748
200,102,7.12,7.207506
191,47,0.57,0.6598842
210,232,6.44,2.9978886
220,122,0.51,0.7964013
220,107,1.47,1.5157776
217,74,2.49,1.3310122
201,0,935.0,633.0927
201,146,2150.0,1314.1693
190,217,3.18,1.4999169
201,168,1.63,2.4448617
200,93,3.68,4.586398
191,249,6.26,3.5165277
201,116,2040.0,1282.8052
213,155,16.7,10.992332
217,164,2.91,3.5134506
213,248,32.9,38.507538
211,4,7.32,3.9994233
218,76,17.8,11.0718975
205,74,38.0,19.408022
214,10,4.18,3.9983828
205,82,2.47,1.1726456
214,59,5.79,1.0744911
213,226,22.5,18.32052
209,11,1.16,0.77688724
204,155,4.89,5.621887
211,76,6.94,4.192299
202,78,4.93,3.2947724
210,196,39.1,20.816435
201,53,1880.0,855.69116
203,31,6.24,6.714313
203,79,0.31,1.9293267
216,216,1.91,0.7744813
216,23,1.51,1.7975432
215,49,428.0,241.11995
204,60,26.2,29.882637
196,123,37.7,9.118563
210,210,54.7,34.955654
201,70,1920.0,1072.346
218,12,53.7,22.796335
200,132,69.2,53.522415
219,159,25.2,21.500174
204,173,0.13,0.23944038
219,48,4.03,1.602974
216,121,4.18,1.0687147
216,77,7.14,2.4375076
200,42,0.9,0.58756334
191,145,32.1,12.840691
208,190,3.46,2.8598447
214,79,6.74,1.2202585
203,41,13.8,9.302834
210,169,7.41,3.0451968
200,84,3.01,1.1028633
211,16,0.95,0.7417383
214,110,2.78,4.078602
214,20,5.67,4.4573708
202,182,2.66,1.4424245
204,237,2.75,1.7050723
190,203,2.22,2.2481906
216,45,22.4,7.419325
204,211,6.21,4.058679
191,187,1.34,1.0008259
200,78,2.76,0.80820906
200,68,2.29,0.4565297
219,86,1.42,0.5585152
205,125,10.8,4.6684513
200,53,0.86,0.9770639
218,91,1.61,1.5331477
201,164,2190.0,1237.274
217,217,1.88,1.5027586
218,138,4.51,1.3280575
201,25,977.0,522.0539
210,100,6.88,2.3832884
204,136,1.43,2.8666508
212,24,357.0,132.02325
205,137,2.24,1.8412441
191,26,4.78,4.456054
203,58,1.73,1.3189356
190,25,72.7,56.06222
203,130,0.84,1.5518156
195,69,142.0,57.72556
191,11,1.28,1.4596697
190,154,0.57,0.8346301
210,231,76.8,56.8536
202,209,0.68,0.4029721
213,48,6.92,3.957143
213,237,28.0,25.345173
191,216,7.15,3.3422432
210,187,28.8,18.678076
213,181,29.1,9.015572
216,159,63.5,21.46645
191,39,1.36,2.4847271
213,166,22.7,12.756585
202,149,14.4,15.358955
204,183,1.48,1.8677208
201,184,0.65,1.5277432
202,3,0.72,1.4097512
201,214,1.23,0.78492874
214,44,3.24,1.4193909
203,49,16.2,14.793658
202,129,6.11,2.891785
200,87,4.81,9.772987
203,60,3.83,2.1672902
217,25,4.58,1.1266843
218,174,12.2,8.856417
216,61,1.79,1.6779265
216,106,7.21,1.4452592
217,87,13.6,7.482197
202,23,5.5,1.9485074
192,8,7.27,2.1039681
190,187,2.3,1.8281877
208,238,0.7,0.6327477
190,195,0.67,0.90866965
205,168,1.72,1.0287973
217,100,19.0,10.241116
214,109,19.3,9.634118
190,180,0.9,0.7677906
210,114,14.4,6.47913
201,14,970.0,806.5119
218,120,15.7,2.726805
190,189,3.26,2.0524893
203,89,0.82,1.6360698
217,203,1.86,1.3294655
199,205,4.56,1.890398
200,7,1.75,1.3149567
199,241,0.18,0.061599594
196,0,19.6,6.08259
190,163,1.18,0.40119052
196,124,34.5,8.639872
196,174,3.97,0.9614114
196,104,26.0,4.7155213
196,80,0.96,0.9754647
195,232,11.1,2.5573034
191,89,11.9,4.5745816
196,44,1.55,0.44136214
196,159,2.82,0.8898135
190,27,68.5,51.772568
195,168,4.71,1.8770941
196,94,8.95,1.9807843
195,17,69.5,32.49421
195,58,105.0,50.751297
216,134,2.61,0.70240176
191,71,9.73,5.8881855
196,146,1.89,0.5522747
190,243,7.32,7.0804033
190,218,3.0,1.9866905
195,45,87.9,47.98175
191,18,0.6,0.7854303
196,14,2.95,0.73715466
195,31,71.6,41.038223
196,55,2.67,1.0308847
196,29,2.62,2.2214468
205,211,0.93,2.7187917
206,145,64.2,70.4385
205,214,3.95,10.053282
206,134,57.1,40.65322
207,248,12.0,33.19446
207,191,1.1,1.5754303
208,38,0.25,0.3784105
206,19,2.09,4.263275
206,215,174.0,190.57356
208,54,0.78,2.02676
206,44,4.17,5.460888
207,223,1.22,3.004837
206,3,7.67,21.724033
206,117,51.3,39.01842
208,58,2.9,2.4947016
207,100,3.42,14.638149
207,227,3.94,11.049202
207,18,2.06,1.3428384
207,68,1.25,1.9833026
207,86,2.63,2.72707
210,88,2.6,1.5588957
212,129,3.1,1.8026085
212,200,1.15,1.0692636
212,188,3.55,2.4792893
220,64,6.8,6.2037673
214,9,4.26,4.3148246
213,10,44.9,13.805825
213,3,34.0,20.813526
213,122,13.8,3.7331347
212,228,1.16,0.64117324
213,154,16.5,10.272333
215,2,315.0,130.83257
212,152,11.4,6.669345
220,12,4.79,2.5789752
211,171,29.7,27.32666
212,58,7.01,2.0156887
211,133,17.3,7.3394494
213,131,17.3,6.0787377
212,166,14.0,8.545649
212,219,1.21,0.43853876
211,232,212.0,101.226364
213,201,2.55,1.5388006
213,47,6.2,3.0487819
211,118,9.13,3.3856575
213,112,0.27,0.3918481
215,206,4.5,3.1174345
213,58,18.9,7.46249
213,236,28.5,23.488247
220,59,1.37,0.83813095
213,182,25.8,12.081649
219,229,6.53,6.1965866
220,83,5.4,3.3429208
213,24,91.0,44.640163
213,168,21.2,9.333096
220,45,2.22,1.5855069
213,84,5.29,3.8059316
212,95,2.86,2.0886896
211,152,23.4,11.565055
213,224,24.8,26.148117
214,62,1.86,1.1015214
212,113,1.34,0.8182836
211,202,81.8,56.35372
214,92,10.2,8.28224
220,71,10.6,7.7276697
213,137,5.64,3.2454822
212,246,10.2,5.4490747
219,241,19.4,11.54023
212,70,0.49,0.3682937
220,1,3.56,1.8236177
213,65,3.45,0.8367324
220,22,8.79,8.261158
211,217,182.0,113.60062
212,223,0.94,1.6849025
214,31,4.39,2.5949585
213,34,2.06,1.5281773
212,34,3.12,1.1860521
214,18,5.88,5.052985
215,189,2.36,1.0807347
214,111,2.78,3.562974
213,93,12.8,6.1258492
219,217,6.53,5.2160306
220,33,0.54,1.1776403
191,124,3.56,3.076393
191,193,1.37,1.8918108
200,31,0.68,1.4727116
199,224,14.1,17.255548
199,118,21.4,15.990125
191,133,12.9,6.6865835
191,40,0.94,1.5861808
190,220,2.5,1.4615302
219,2,5.93,3.370282
218,37,3.75,2.1809843
199,244,0.13,0.30232733
199,131,2.73,3.08511
199,30,10.3,9.824329
199,2,1.46,1.1427808
190,113,2.98,2.2293282
190,104,6.44,4.9533973
190,26,53.5,60.60002
191,30,3.36,2.3108165
199,143,0.55,0.6730741
218,204,0.95,0.8474541
218,213,0.16,0.69605154
199,8,1.28,1.1471418
219,19,2.4,2.200568
200,10,5.27,3.8052614
199,194,10.3,8.327236
199,102,21.6,21.020142
199,81,5.67,6.3102508
191,221,2.15,1.3888474
199,204,2.58,1.9989713
191,232,5.33,2.803687
218,219,4.48,3.8254185
191,115,0.78,0.7610853
191,147,20.8,15.216958
192,0,4.71,3.9017673
199,101,12.1,11.196714
191,159,34.7,30.18139
199,152,0.3,0.3331977
218,197,0.18,0.29486075
199,33,17.7,17.231237
199,235,1.28,1.7783684
191,59,1.35,1.573385
199,172,6.54,3.748756
191,52,0.48,0.99276733
191,184,0.71,0.97468865
199,182,9.14,6.453713
201,162,1830.0,1140.6641
199,89,4.45,2.3247986
199,214,8.56,8.322964
191,19,0.5,0.62555754
190,241,5.42,7.754266
199,61,0.64,1.4889364
199,161,0.96,0.8542798
191,207,3.75,2.4840138
199,53,3.85,3.3534005
199,247,1.58,1.5688881
191,218,4.87,4.5400376
199,74,2.81,2.1271608
192,7,5.58,2.604933
218,146,1.25,1.8768595
190,171,1.0,0.3119971
200,15,2.37,2.3025708
206,237,7.71,2.090143
207,161,7.99,5.2884126
210,229,54.8,54.406193
209,68,11.9,9.922494
208,79,5.56,3.0179875
213,57,12.3,7.927867
209,202,1.55,1.3900367
207,140,9.19,4.919955
201,50,1570.0,931.98883
208,213,5.19,4.499692
208,243,3.04,1.9525832
206,213,198.0,196.11414
212,150,9.01,6.017911
210,194,30.8,25.632046
206,153,82.2,92.13384
215,44,377.0,161.66237
215,231,2.82,2.0865602
210,218,47.0,26.670368
210,184,24.9,18.8105
201,65,1590.0,1170.6897
214,107,14.4,11.175804
211,240,215.0,150.25688
200,219,585.0,565.51514
213,130,13.8,7.0086184
209,33,2.98,1.4315066
215,18,342.0,130.54472
215,30,331.0,147.4654
209,49,4.45,2.7969623
208,205,4.27,4.0515623
208,159,2.56,1.4267931
209,24,1.68,1.5647901
210,132,1.21,1.2281814
208,124,21.6,12.986982
213,32,1.43,1.5875235
216,214,1.6,0.46466115
210,112,11.9,7.331534
214,53,2.77,1.2570494
200,246,776.0,614.1525
200,228,603.0,573.6835
209,9,1.53,0.94941896
210,86,1.39,1.4996008
205,44,5.95,2.727959
213,66,2.27,0.99693465
205,190,1.62,1.0449462
201,36,1550.0,931.50446
206,73,12.8,4.0251064
205,114,6.52,4.7176948
214,211,154.0,54.540035
209,221,2.93,1.1705409
216,156,38.6,25.308548
216,21,0.72,1.4870327
212,171,11.8,9.039159
215,117,20.0,7.9438586
205,97,1.36,1.0581985
210,143,0.75,1.0220687
210,58,3.39,1.300343
212,187,2.66,2.539941
206,99,27.0,14.174583
212,199,1.07,1.1674623
215,139,6.75,2.5702357
214,129,2.67,1.283402
210,8,9.18,6.1954474
211,90,2.86,2.5365047
210,208,41.7,28.468271
215,151,1.02,0.5748017
211,231,192.0,100.1974
213,200,2.1,1.0405315
210,146,2.34,2.6559787
205,73,34.5,19.515812
200,212,562.0,578.0662
208,177,2.54,1.4221553
219,189,8.7,6.675619
210,96,6.13,2.5494192
206,246,1.39,1.3986864
205,134,2.41,1.9968053
212,202,0.8,0.45367858
208,105,10.0,7.021469
214,43,1.66,1.5121537
211,2,7.64,4.4837494
211,201,69.2,53.314255
208,153,8.78,7.769681
200,202,352.0,314.9727
209,141,4.41,1.6917421
216,119,2.47,0.7959191
206,83,20.5,20.684076
211,62,6.26,4.6859694
205,176,4.62,3.3433084
215,234,3.59,3.9498782
205,57,22.7,18.211025
215,86,7.33,2.0012076
212,18,286.0,150.4043
214,198,117.0,78.898254
215,73,4.34,2.4394138
215,219,0.58,0.71886754
211,45,3.34,4.1638904
213,8,36.3,12.493269
213,2,27.0,23.82417
216,101,4.71,1.7539122
209,184,1.8,1.5451963
200,234,718.0,688.0354
207,184,6.76,3.8805864
212,3,226.0,141.72345
212,133,2.5,2.4947104
216,9,2.59,2.2083669
211,77,4.01,5.1151314
211,14,0.9,0.8472424
209,166,4.3,3.5773761
216,4,11.7,7.1965923
201,13,805.0,699.05664
206,227,219.0,152.67729
210,30,14.6,6.7999377
206,62,3.72,2.285479
209,116,30.1,16.487814
205,84,2.46,2.4570572
216,56,34.3,19.099304
205,165,1.69,1.3486357
210,73,2.85,1.7312423
210,23,5.91,2.4593468
206,167,106.0,89.76945
214,77,3.68,2.0313861
216,194,4.02,3.1267085
209,138,82.5,47.746975
201,21,811.0,522.65485
210,170,8.56,3.0969179
219,169,35.4,27.49947
209,248,6.07,4.6372538
213,123,11.3,3.3575304
207,125,12.1,4.8336983
206,180,120.0,85.105156
216,78,3.87,3.387934
209,132,52.9,31.551102
206,195,164.0,145.30396
207,34,11.6,5.552159
213,116,0.26,0.5638664
213,72,3.54,4.7563305
214,232,275.0,125.981735
212,224,1.17,1.3750738
213,92,10.1,6.6252604
211,22,3.81,3.608426
208,139,2.54,1.5282428
200,197,339.0,357.70032
216,184,5.54,4.857514
214,156,12.9,5.2806134
208,23,39.8,33.001305
209,71,16.8,11.385515
209,219,3.38,2.6481318
209,12,3.48,1.8470255
210,243,6.05,3.6269903
208,185,3.16,3.1417751
207,49,6.97,2.146144
208,228,0.84,0.7889513
214,141,8.04,5.5409164
209,102,25.1,11.031548
216,145,24.6,11.695772
218,176,8.1,5.5156775
198,60,31.2,22.164337
196,197,3.81,0.66701996
199,248,1.79,1.4510419
199,240,0.14,0.1454668
218,36,3.67,2.1710322
198,36,0.96,0.51622933
198,222,12.1,11.099141
198,248,1.3,1.2147989
195,43,56.6,39.687725
199,180,9.49,5.980423
193,143,19.0,12.180478
199,29,9.7,9.717153
193,38,7.8,1.4862331
197,15,22.8,9.249765
197,121,87.2,59.743458
195,249,14.7,6.8638244
217,248,28.9,21.602388
193,13,35.7,6.943783
199,34,17.2,17.043617
196,175,2.83,1.3435174
191,58,1.43,1.2469822
196,121,21.0,7.715526
194,143,2.77,4.432976
196,27,2.07,2.331046
197,79,5.62,3.312483
195,233,9.41,5.479352
199,52,3.62,3.408906
199,103,21.8,19.567377
218,122,11.8,4.011572
195,198,12.5,12.146539
217,235,7.68,7.0085344
192,119,0.35,0.57150376
193,223,1.04,0.8871038
197,7,11.8,7.7206373
218,75,15.9,16.00553
199,233,1.3,2.0911918
199,72,2.82,2.1951993
192,232,1.08,1.5809035
218,18,2.06,1.7080238
196,213,0.97,0.33140913
195,27,44.3,33.64134
190,81,342.0,207.7519
198,105,1.59,1.060909
201,131,1740.0,925.89124
195,56,74.8,47.41928
194,67,5.27,7.345544
193,103,0.81,1.3285047
196,107,16.8,6.3174424
197,96,82.6,30.655735
190,62,295.0,127.32072
196,187,9.6,2.2538352
217,8,11.8,3.839436
198,209,9.28,6.724964
197,110,71.4,19.537062
197,91,39.3,9.430186
197,233,3.6,2.8660595
196,226,18.9,9.270393
218,9,38.5,24.511871
218,44,8.6,5.9194674
192,190,8.64,6.189094
199,88,4.25,2.5041933
193,207,2.05,1.7261796
199,60,0.6,1.4073466
193,136,18.6,15.275236
193,194,0.16,0.62975496
197,216,39.7,23.934309
199,142,0.55,0.56043214
198,237,1.52,1.5362595
192,221,3.69,1.7821307
199,159,0.94,1.1997173
193,73,10.9,4.4537497
190,164,1.32,0.4291653
199,185,10.8,7.7729974
197,238,0.3,0.49970528
192,132,0.92,1.3847494
218,196,0.19,0.22597432
201,88,1570.0,1146.5542
197,224,2.0,0.796409
217,229,0.71,1.3719387
198,176,6.13,3.6950524
217,39,7.33,3.4184394
193,2,8.26,2.7812686
192,124,2.07,2.0443072
198,28,0.53,1.1977017
196,191,13.0,4.069716
201,158,1840.0,1237.4872
218,31,2.13,1.2181615
192,197,1.0,1.0491154
199,80,5.5,6.4902754
196,237,2.5,0.73170376
193,122,4.01,4.9636145
197,85,32.5,33.982826
197,147,126.0,62.728546
193,215,4.78,4.6920757
198,7,2.8,2.9958003
193,129,12.8,16.267447
198,19,5.46,3.4476712
194,6,2.98,3.0766292
194,37,0.5,1.0831568
196,2,1.4,0.6761466
217,216,1.8,0.90695286
195,87,138.0,57.545162
190,34,194.0,94.47274
218,135,3.46,1.1185158
197,52,1.5,0.29488412
190,38,201.0,100.207535
199,170,7.18,4.4444785
193,44,1.94,0.61521214
194,53,0.94,0.5055998
196,236,1.33,0.5229375
198,97,2.93,2.0219533
195,139,378.0,209.76068
195,118,227.0,106.08017
193,242,5.34,2.1936088
197,39,1.48,1.3493015
194,29,11.1,6.624186
192,206,2.15,1.5057088
192,166,0.97,1.3304552
192,170,2.15,2.1298249
197,204,6.84,4.497488
193,186,1.83,2.4658117
199,201,2.4,2.8945463
194,0,2.24,2.13125
196,64,1.7,1.1785325
198,49,15.4,13.906697
196,217,1.19,0.6040601
197,176,1.93,0.5950911
197,163,0.62,0.49609023
194,20,6.7,4.1407375
199,100,11.2,10.344601
199,17,0.61,0.3561238
198,14,10.1,7.1205416
193,178,45.1,36.709026
196,56,1.61,0.78860295
200,11,5.98,3.2393713
201,114,1630.0,851.79724
219,36,3.49,2.4407716
217,146,43.4,21.81886
216,131,2.31,0.9676783
192,228,0.66,0.9892432
195,95,187.0,82.61578
197,29,0.44,0.6924077
199,151,0.31,0.40617293
193,89,0.18,0.4199523
192,178,4.42,3.1478555
198,201,0.67,0.8513404
198,87,2.33,1.3247681
198,42,8.45,6.759945
193,231,0.71,1.4067265
217,117,27.3,18.460285
190,47,266.0,169.947
198,244,10.5,8.248114
218,27,6.34,4.4363227
195,104,213.0,99.344826
217,244,12.8,9.228917
218,90,1.9,1.3963007
193,62,0.89,1.1039349
192,89,1.42,1.4631722
218,218,3.6,3.8652775
191,226,2.15,2.537816
190,70,300.0,144.69563
199,212,8.6,8.024719
195,167,3.57,2.220921
193,111,1.42,2.5897014
197,194,5.31,2.6270106
197,64,1.53,1.0821937
194,13,4.85,5.460107
190,53,267.0,129.38828
195,80,133.0,66.19185
201,101,1600.0,1013.6862
197,133,121.0,78.86431
196,209,2.58,0.9991693
198,78,0.23,0.549859
191,20,0.51,0.61384374
198,169,2.18,1.9404861
199,119,21.1,16.69364
194,155,2.08,2.949908
194,165,0.58,1.6753972
194,179,0.79,0.22734159
217,135,35.0,15.935633
195,90,164.0,63.945267
193,163,40.5,29.547867
200,16,2.26,2.0538137
195,129,240.0,112.580414
219,20,2.14,2.3070238
198,70,2.38,1.3743893
218,158,4.24,2.7481518
194,86,13.1,10.106299
194,44,4.1,1.9508291
194,100,18.2,13.250896
199,130,2.86,2.7437057
199,7,1.2,1.2393138
190,23,84.3,53.049156
195,68,102.0,50.88005
195,1,35.8,27.878473
193,54,0.37,0.6905422
218,193,15.8,8.546088
195,12,55.6,34.06115
218,145,1.18,1.3124857
193,81,0.044,0.4611854
196,38,1.19,0.3393556
192,214,1.9,1.7147359
218,203,0.9,1.0267814
217,28,2.3,1.4661819
197,190,1.33,0.41256005
218,212,0.15,0.44642133
193,98,0.24,0.9178325
196,222,9.07,2.7816074
197,209,23.6,5.0115943
198,0,0.39,0.5997952
219,3,6.17,3.3864706
218,48,13.2,10.320803
199,225,14.2,18.296574
215,1,313.0,130.61763
212,130,2.17,2.5318356
212,94,2.04,1.8765723
206,247,1.32,1.5360662
208,29,41.7,33.60898
212,167,11.2,8.877921
208,39,0.45,0.5355552
220,72,9.82,8.067518
215,21,338.0,128.40796
207,234,8.82,8.991888
208,10,25.5,12.118723
207,98,5.34,12.011209
211,150,21.8,10.752394
206,182,140.0,72.258194
206,4,15.5,22.3936
198,155,2.58,1.6977409
206,113,55.3,48.4515
206,130,62.1,44.855625
207,247,20.1,35.64524
200,213,655.0,570.20264
207,33,8.39,4.58533
215,184,2.01,1.7161796
206,85,13.9,14.550124
206,142,73.5,80.89988
220,86,4.01,2.7366965
206,46,5.73,5.9924393
208,112,10.5,7.637069
206,228,224.0,147.9659
207,217,4.56,3.6172805
208,152,7.25,4.471527
211,117,8.93,2.9114058
212,186,2.62,2.6483526
207,187,7.83,3.5899475
190,103,877.0,447.09244
207,114,3.12,3.2046416
211,170,26.4,27.745737
208,126,20.8,16.029726
207,143,11.5,5.2473397
207,192,1.61,1.7294831
208,86,5.36,3.4038596
207,162,8.3,5.7032814
213,33,1.57,1.3931081
208,87,1.76,1.7273159
212,42,5.31,1.2330875
206,197,186.0,155.77213
212,39,2.59,1.2727934
212,216,0.76,0.5339181
205,213,2.04,4.021814
207,66,2.58,2.3549736
212,72,0.4,0.32174343
215,194,3.56,2.5100935
206,212,211.0,189.45581
207,123,12.6,5.874404
206,239,4.75,1.8504137
205,223,8.3,11.910601
208,52,1.46,1.6213549
207,80,3.26,3.5878325
206,74,10.0,4.9108515
206,154,89.6,86.269936
215,172,1.03,0.8276653
206,98,21.4,10.257196
212,244,8.35,5.3556976
206,30,3.04,4.3365474
212,198,1.07,1.0498173
212,114,0.79,1.1030942
212,151,8.76,5.094966
198,148,18.1,6.2605786
208,59,4.62,1.6394684
211,131,16.1,5.764169
213,203,1.89,1.3420938
219,139,4.87,3.4908664
219,0,5.33,3.9488852
211,230,179.0,106.76168
219,219,4.1,4.135699
219,17,2.31,2.320178
211,15,0.88,0.8220316
192,26,4.26,2.1683445
208,229,0.72,0.73275846
220,35,0.47,0.8462469
217,187,6.68,5.1574864
191,93,9.46,5.4186144
219,65,1.94,2.1204066
205,98,1.21,0.79328215
192,157,8.61,3.294892
192,69,2.36,1.229069
213,23,70.6,41.91871
210,171,8.38,2.7209802
196,135,1.26,0.5202504
192,59,0.73,0.36719975
213,98,9.16,4.5314207
214,8,4.35,4.1974425
195,156,9.37,5.9753537
219,178,2.3,2.1228962
219,110,19.6,11.690528
211,46,3.22,3.6265397
217,119,26.2,20.6984
205,150,7.42,2.4043722
208,206,4.54,4.958527
217,73,1.93,1.8491411
219,240,13.8,7.4286017
195,149,1.53,0.72093564
220,10,3.3,3.144279
208,216,5.19,3.7321157
211,216,150.0,106.38947
192,16,0.89,0.8014065
214,30,4.0,2.525488
213,235,27.1,25.494736
195,171,3.33,2.9902258
196,79,0.79,1.0143889
214,57,2.96,1.2978967
196,95,6.01,2.1808321
209,10,1.31,1.3325528
214,63,1.46,1.4899589
205,45,4.69,2.0535145
194,221,6.5,5.659331
205,115,6.07,4.9595284
219,77,2.2,1.1923336
213,140,4.53,2.76418
192,86,3.81,1.202094
217,86,10.4,8.513071
219,85,1.1,1.1953005
217,175,4.32,3.3142607
205,127,9.78,5.2551403
192,57,5.9,2.911274
219,147,3.51,4.3382792
219,98,5.66,5.162557
213,247,29.1,33.03601
205,56,23.5,17.740988
214,112,2.78,3.0458975
219,230,4.1,4.8578944
194,211,2.39,1.9195918
194,232,13.3,10.790751
213,180,23.2,9.736983
213,50,4.84,3.0304372
194,236,27.3,23.976606
191,151,38.5,28.488428
213,102,0.28,0.3596353
208,188,3.96,3.013364
210,244,6.51,2.8356686
213,151,14.7,8.937615
220,58,1.11,1.0935934
211,242,201.0,138.7552
201,161,1670.0,1199.6217
192,33,1.34,0.61162263
220,0,2.49,2.1282148
213,124,9.77,2.507046
213,164,19.4,6.617313
220,46,1.96,1.9933038
219,125,2.51,0.8272629
205,87,3.37,2.0686169
220,20,6.83,8.873228
214,91,9.35,7.3991256
213,225,22.4,22.728367
213,81,3.42,2.1656814
194,204,0.83,0.9738103
202,2,0.66,1.1814622
219,168,34.0,22.404562
191,70,4.78,2.634436
208,173,1.9,1.3873192
192,39,3.78,1.4455687
214,17,5.46,6.8793616
219,190,7.94,6.6081285
217,98,17.1,14.310498
205,170,1.5,1.702153
191,101,3.2,7.224117
205,140,2.19,2.0633504
194,218,3.34,3.1544003
205,75,36.1,16.9134
219,158,19.2,21.001219
198,79,0.21,0.5202312
195,97,166.0,78.6464
198,177,5.88,3.0991104
199,128,2.74,3.2848284
199,117,20.0,20.79729
198,106,1.58,1.4414212
197,90,36.6,7.8728056
198,245,8.31,8.219841
197,18,21.5,10.623198
199,169,6.4,3.5475748
199,90,4.01,2.7453094
198,9,9.71,6.9721537
195,130,217.0,97.87928
200,17,2.34,2.1976051
200,8,2.14,1.4898492
196,227,16.7,6.0367093
198,194,0.52,0.70172316
199,99,11.3,11.51293
218,19,2.07,1.7516975
199,223,14.3,17.690996
199,231,1.33,1.802832
197,134,117.0,80.4463
198,151,1.17,1.1988657
199,10,1.28,1.1925411
198,61,30.7,20.216072
199,79,5.84,6.8125343
199,51,3.7,2.7731383
199,35,17.3,17.52961
198,121,3.56,1.9074436
199,0,1.26,1.4676206
198,228,29.4,29.013144
199,104,19.8,17.651306
199,215,8.64,7.500539
198,210,9.2,6.39297
198,156,2.47,1.8632993
196,186,8.95,1.9353787
198,37,0.96,0.34232938
196,223,8.45,2.4545207
198,138,14.0,9.874854
199,183,9.09,6.965536
198,129,2.63,1.4888877
198,50,14.9,12.83872
190,89,380.0,196.74574
198,27,0.56,1.1631771
196,234,1.23,0.40882316
199,20,0.56,0.7224892
199,153,0.31,0.25848207
217,233,7.62,7.4853644
197,240,0.29,0.6199311
198,21,5.5,3.3029337
198,202,0.64,0.9918042
198,198,0.25,0.56545424
198,221,11.9,10.00922
198,89,2.26,0.7335286
198,43,8.27,7.3010845
197,248,0.4,0.3012301
199,28,9.76,8.57353
199,160,1.05,1.1004773
199,242,0.15,0.19482903
198,190,24.0,23.009031
199,206,2.19,1.6868836
197,109,67.7,20.826048
199,186,10.6,7.9575396
198,72,2.31,1.272948
197,95,79.7,29.458836
195,141,354.0,179.95354
197,123,84.2,54.690536
198,136,5.08,2.9028003
196,244,2.26,0.9398065
198,238,1.59,1.6497288
197,84,31.7,30.525728
197,229,3.52,3.0771983
197,203,6.8,4.666427
218,28,6.16,4.096811
217,243,12.7,8.757238
197,217,38.9,24.667532
197,38,1.43,1.7954589
198,180,11.5,8.388828
196,198,3.31,0.61394393
195,119,199.0,93.7688
198,8,2.81,2.3039923
195,106,189.0,94.00725
199,141,0.64,0.7570443
198,170,2.2,2.403162
199,73,3.05,1.8143153
197,193,4.99,2.7498863
198,115,3.11,1.9005964
199,59,0.71,0.84590274
190,101,841.0,530.0644
198,98,2.86,2.1768723
197,210,22.7,4.368482
197,225,1.98,0.98668945
198,146,17.5,13.871274
197,146,123.0,69.72227
214,5,4.26,4.109178
215,101,4.69,5.2265134
214,29,3.95,2.2360404
213,80,3.37,3.9206238
214,64,1.46,1.5668826
215,185,1.79,1.3527578
213,234,26.7,27.11256
212,71,0.4,0.20300978
216,58,29.8,17.868872
215,217,0.56,0.63955426
211,229,170.0,110.53876
219,188,8.32,5.5259314
213,162,18.8,7.860711
209,130,50.9,31.006983
212,4,205.0,131.4649
219,228,4.1,3.9206467
212,112,0.81,0.85970473
216,79,2.97,3.4502752
213,246,28.7,34.571877
214,233,250.0,117.82862
212,19,261.0,128.20811
211,116,9.1,3.0881898
219,249,2.85,1.7332731
210,29,5.14,2.1243286
216,213,1.52,0.38101676
216,102,4.71,2.1007433
213,190,21.2,12.202692
219,218,4.06,3.7131789
214,16,5.46,9.046411
214,54,3.02,1.3515557
214,113,2.78,2.9896684
215,209,3.49,3.171575
212,43,4.63,1.6492091
211,153,21.0,10.872486
215,84,6.17,1.9182438
211,134,15.3,5.509313
214,80,3.6,1.7247113
212,234,0.97,1.1552497
212,132,2.28,2.1925821
201,68,1630.0,1060.3951
214,104,13.6,10.731504
211,215,146.0,116.33787
215,0,293.0,126.82672
213,139,4.44,3.3168774
212,218,0.84,0.6956662
214,147,11.9,3.7217178
216,17,0.78,1.2216116
213,223,21.9,22.01633
201,37,1620.0,805.55334
215,20,317.0,152.8259
215,152,0.92,0.38109824
220,9,3.25,2.788811
214,86,9.35,7.163331
219,165,32.6,27.080982
211,241,192.0,152.4004
215,118,16.4,6.5852895
210,56,2.89,0.81325114
213,97,8.6,5.0954266
215,31,321.0,220.13728
212,168,11.5,8.293124
212,153,8.84,7.9384394
215,124,5.78,3.3130667
220,21,6.8,9.197736
219,239,14.1,8.963788
216,120,1.91,1.2182479
212,37,2.28,1.4000508
210,45,11.7,6.1255894
214,41,1.69,1.2260929
210,75,3.3,2.7043493
201,51,1630.0,978.50726
216,2,10.8,8.360133
212,96,1.99,1.6999065
214,130,3.01,1.3358953
215,48,373.0,157.44489
211,200,59.0,52.795376
211,168,25.7,21.04451
213,22,66.5,42.29224
214,140,7.71,5.3434944
215,229,2.8,2.389343
213,153,13.7,8.927781
214,210,139.0,52.883125
215,156,1.04,0.937254
218,188,13.1,4.85299
213,143,4.16,2.4225373
219,75,3.41,1.1878968
213,242,27.4,31.921865
218,61,12.6,9.272806
211,247,183.0,132.0339
213,178,21.4,10.63411
213,51,5.52,2.613249
201,166,1730.0,1107.8491
217,166,3.52,1.6576481
213,114,0.19,0.6635133
219,111,19.2,11.132077
214,19,5.36,6.6691895
219,128,2.48,1.2301064
213,150,12.3,9.007432
201,145,1670.0,1146.0476
218,92,1.7,1.4056553
218,156,3.71,1.5788364
201,130,1630.0,1026.3247
218,119,10.0,2.479141
211,214,138.0,105.20619
213,83,3.16,2.9606376
218,73,14.9,10.402475
218,249,5.66,3.7252629
219,64,2.46,1.952214
219,16,2.62,2.4543972
214,96,8.76,7.9675484
219,141,4.99,2.5403645
218,11,38.0,24.584795
219,33,3.36,1.9811375
211,228,161.0,111.55104
218,177,7.1,4.0740047
213,21,61.8,34.718655
213,169,17.6,8.006809
213,100,7.41,4.019486
219,193,7.76,5.144165
219,179,2.15,2.0567546
199,232,1.25,2.124913
199,127,2.68,2.9511404
199,27,9.45,8.520633
199,171,6.06,3.8461525
199,187,9.93,8.830882
199,150,0.31,0.16199428
199,19,0.5,0.83170813
199,87,3.81,2.349909
199,98,11.1,9.434231
199,243,0.15,0.1284435
199,179,8.62,6.9486976
199,36,16.6,16.987457
200,18,2.19,2.3352451
199,116,19.9,18.7724
199,203,1.94,1.4759169
199,162,0.88,1.0162201
199,62,0.65,0.9186294
199,50,3.57,3.1924539
199,71,2.92,2.2766447
199,140,0.59,0.6195861
199,249,2.01,1.7250264
199,105,19.9,16.803669
199,213,8.16,6.9915547
199,222,13.8,18.33181
214,28,4.01,2.1453698
216,20,1.4,0.94540316
211,66,6.44,4.3205004
216,199,1.34,0.6317213
205,68,31.3,16.31153
217,89,10.4,5.63814
215,45,336.0,154.76091
214,60,5.06,1.6815599
201,24,768.0,479.7667
213,177,20.9,10.622899
214,4,4.26,3.09562
213,79,3.5,1.9081463
210,128,2.2,2.376415
211,18,0.92,0.7218753
205,142,6.67,2.3773723
208,201,3.15,3.6808007
213,222,21.8,21.317274
205,100,1.17,0.63245904
216,62,1.61,0.9728339
205,85,2.84,1.7846577
219,124,5.23,1.2595088
217,99,17.7,9.165118
213,99,6.69,3.9155905
210,233,5.73,3.7645655
208,215,3.83,3.3753748
214,131,5.18,1.1983018
205,166,1.75,1.2463822
210,95,4.19,2.7401578
216,143,16.9,6.8144755
213,20,60.8,27.228458
208,239,0.76,1.1444113
211,99,4.77,2.7601016
210,198,27.9,27.102032
217,165,3.95,1.6758982
211,213,136.0,79.413666
219,62,7.59,1.1504028
216,0,14.8,5.5798693
217,72,2.1,2.5445852
211,23,3.17,2.8760786
205,136,2.38,2.5961816
211,1,5.81,5.102832
214,142,10.0,4.282711
205,46,4.24,1.8679075
211,227,150.0,100.09679
213,149,12.1,7.9711156
210,183,23.1,19.518316
213,238,26.9,28.539318
200,247,725.0,535.9351
215,33,279.0,186.2453
214,65,1.92,1.599205
205,58,21.2,15.580654
219,97,6.04,4.9556646
205,112,5.86,4.3010006
210,219,44.8,33.41834
213,138,4.11,2.700189
219,146,4.77,3.8772562
205,193,1.26,0.91681474
214,15,5.46,4.2006273
214,81,5.1,2.084373
214,87,11.0,6.372669
210,116,9.2,6.3545427
213,249,30.6,27.000977
216,186,6.35,3.1755464
219,156,21.7,15.80785
217,112,26.7,15.763348
209,8,1.2,1.4988632
212,22,247.0,117.97445
205,123,10.1,5.657059
214,114,2.87,2.425214
219,84,1.16,1.5926257
210,147,4.16,2.8960238
210,228,54.3,54.936954
213,165,16.6,6.2386465
214,106,15.2,9.7128935
211,75,9.59,5.079803
212,7,196.0,117.922264
215,230,9.78,1.9646779
208,186,2.65,2.9348197
216,172,2.14,2.1491613
200,19,1.85,1.8616947
199,207,1.7,1.4778126
200,0,1.76,1.1885947
199,245,0.14,0.04590614
205,17,2.49,6.520481
203,209,0.77,1.0490724
205,25,2.68,1.6929749
203,232,6.02,3.052114
200,191,250.0,182.12428
203,161,5.53,11.630984
203,175,9.93,21.793858
204,96,105.0,155.55968
203,156,3.36,3.2042997
200,167,107.0,89.80676
205,33,7.26,19.139425
203,196,1.71,2.262867
200,176,122.0,98.41019
203,110,0.72,0.24446934
200,184,219.0,210.96658
203,205,0.4,2.0960171
203,120,0.83,1.1231308
203,247,2.22,2.4260328
203,146,1.69,1.4674296
204,87,86.4,129.13026
203,7,0.54,0.95470333
203,104,3.85,2.4138947
204,92,96.0,127.751465
203,91,2.9,3.1548936
200,141,56.4,51.919147
205,28,3.9,4.2682085
196,249,1.95,0.5777017
197,219,36.4,19.585842
197,98,72.1,21.382214
197,108,55.5,15.71748
197,197,5.37,1.7956876
197,92,30.3,12.031167
196,221,7.17,2.8197134
196,228,9.8,4.206392
195,96,121.0,69.4046
197,86,29.5,25.151142
196,235,1.0,0.21365832
217,40,5.18,3.156232
217,227,0.95,0.35989672
201,90,1510.0,877.42413
217,148,39.3,18.687855
197,53,1.0,0.60297465
217,53,0.85,0.62424225
197,148,0.34,0.35236058
197,66,1.25,1.3536438
216,229,1.35,1.2200437
197,178,1.3,0.31939262
200,38,0.4,0.8089489
220,123,0.38,0.5217491
203,121,0.66,0.92286104
203,173,11.5,11.646276
190,129,0.43,0.53015333
200,64,0.37,0.99767345
200,171,122.0,73.06754
203,106,3.58,1.2735642
200,51,0.27,0.4366346
203,98,2.29,0.9663905
203,142,1.29,0.5939082
204,207,11.9,5.3241067
200,140,51.5,39.837368
203,233,5.5,2.8650343
203,192,1.76,1.7272863
202,198,0.83,1.1032296
203,153,3.16,2.1547263
204,220,1.09,1.9074349
203,246,2.14,1.5007378
204,127,1.72,2.9300518
203,70,2.08,2.2306936
204,137,2.68,3.7035484
204,114,0.58,1.4799076
203,111,0.71,0.24319053
203,208,0.39,1.1355665
203,217,0.78,1.1949847
203,9,0.41,0.5881811
204,59,30.1,30.568216
204,20,7.25,3.7939248
204,156,7.48,5.919591
204,184,0.98,1.9839239
203,14,1.43,1.4516425
204,233,1.26,1.2272257
204,2,4.3,2.251944
202,194,0.63,1.1285322
202,127,4.26,1.8798465
204,68,31.6,27.200434
220,108,0.76,1.5545329
203,182,15.9,7.0651097
204,46,10.3,18.981995
202,178,1.13,1.7259661
204,34,8.56,13.864227
203,166,5.25,4.5322385
200,163,98.5,69.55301
203,225,1.73,2.293929
200,181,181.0,118.661736
204,103,3.35,2.320984
210,216,28.4,27.773521
200,161,88.3,80.246956
216,154,18.1,18.914495
204,19,6.85,5.00052
204,154,7.14,6.9829473
208,230,0.31,0.537492
210,181,14.5,13.4891405
200,190,223.0,114.82163
210,137,0.81,0.72494304
200,227,431.0,454.61487
204,175,0.81,3.080135
213,163,13.3,6.8035817
203,193,1.55,1.515173
214,66,1.28,0.7219098
203,218,0.61,0.9116811
214,13,4.76,5.75695
205,24,0.87,0.9991998
204,241,22.9,21.805094
207,205,0.84,2.033556
201,64,1090.0,855.29584
204,245,24.2,26.061722
203,143,1.3,1.0058318
205,246,2.02,3.092366
213,232,27.8,19.807035
200,244,569.0,414.00983
215,29,208.0,123.34246
211,24,1.97,3.1297789
194,200,0.72,0.9314524
208,199,2.5,2.1773071
214,52,2.06,1.1259066
204,216,1.07,2.0002408
204,86,98.1,144.18423
203,185,16.4,11.360378
219,164,29.6,24.610329
208,191,1.9,2.5334926
205,143,5.05,1.8269999
205,37,2.81,2.0189192
205,167,0.91,0.6658616
204,77,40.1,28.673822
215,43,230.0,131.53226
201,48,1070.0,686.9438
210,174,4.85,3.6120765
216,200,1.15,0.91261023
211,96,1.87,2.1229084
211,234,103.0,58.60429
203,234,5.45,2.8707385
211,82,2.99,4.5386577
206,36,2.14,3.5914752
205,207,0.86,3.2546642
205,83,1.2,1.2834436
214,34,3.53,3.2066054
201,35,1070.0,617.28174
203,171,11.6,12.170401
205,67,19.2,14.628735
203,244,1.94,1.2367718
205,3,0.4,1.0893972
216,98,1.77,0.59226036
204,67,34.5,32.30313
205,29,2.92,4.8017974
213,220,25.1,19.65175
216,116,1.57,0.89134085
210,97,3.01,1.4913857
204,95,102.0,79.623184
205,138,1.18,1.799922
204,108,2.97,2.1521225
200,182,199.0,118.455765
215,249,7.41,6.2804923
204,91,103.0,84.81037
210,148,1.55,2.6264803
210,206,26.2,27.374292
204,45,15.7,22.05597
203,224,2.03,2.3320985
216,141,7.4,4.3112874
204,33,8.71,13.0339985
210,110,6.68,6.1604624
204,227,0.74,1.5812525
210,234,2.51,2.4496002
211,206,39.2,37.470825
219,185,9.15,3.2402108
205,13,0.38,0.65254444
205,8,1.32,2.371878
214,6,3.58,2.228112
204,128,1.59,3.6039026
210,226,34.7,36.265972
210,125,1.47,2.4073715
205,34,5.98,5.4084864
211,47,2.05,3.7175362
204,3,3.62,1.611104
205,121,5.58,4.523533
215,220,0.42,0.60126704
200,233,507.0,569.1522
212,20,188.0,116.13511
213,244,28.9,18.513834
203,61,2.35,2.8547757
216,80,1.83,1.3610575
203,15,1.55,1.719897
205,189,0.72,0.7698598
207,79,2.66,2.505221
205,95,0.7,0.6845087
205,54,10.9,8.5703
204,55,32.8,35.113785
215,235,2.51,2.3322806
208,171,0.8,0.7489342
201,10,600.0,396.48532
203,10,0.42,0.48420247
216,188,3.07,2.346015
204,232,1.06,0.9695819
211,7,4.01,3.8019361
203,206,0.34,1.3629793
201,23,604.0,489.4564
211,61,3.92,3.4697702
204,138,2.5,2.6611679
204,115,0.52,1.7481931
204,249,29.2,21.88607
204,82,69.6,59.450695
214,39,1.19,0.5953602
204,174,0.035,0.06706739
205,19,3.2,2.7897456
216,53,17.8,12.186277
204,208,10.4,9.380099
213,156,9.76,5.758197
203,99,2.4,0.953938
200,173,94.2,80.48588
211,239,135.0,115.630165
211,20,0.33,0.9494576
214,148,8.22,4.4285717
203,131,0.6,0.8380163
214,83,2.59,1.2271404
208,45,0.24,0.43328515
216,19,0.4,0.83865976
203,105,3.18,1.1497025
216,10,1.64,1.6404278
207,218,1.38,4.96421
216,182,4.02,3.3052268
209,139,56.3,32.321663
220,128,0.51,0.7109584
203,164,5.67,7.563413
205,109,3.1,2.1607258
210,144,0.62,0.7338538
213,142,3.28,2.2328737
220,113,0.76,2.3781588
203,154,3.09,3.4991603
204,199,5.67,2.4591794
201,165,1110.0,628.50684
219,237,21.1,5.964373
218,246,5.02,3.1497226
219,13,2.9,2.4891872
220,2,3.92,1.6542526
194,178,0.45,0.63459265
190,82,202.0,180.03172
194,102,12.2,12.014509
190,88,216.0,164.33995
194,106,16.1,9.0449
198,123,2.98,1.1572163
194,185,1.49,1.6639917
194,190,1.26,0.6945887
190,99,452.0,412.67343
213,9,23.7,8.803282
220,37,0.62,0.40916085
212,201,1.02,1.1664975
215,192,1.6,0.7403298
211,136,11.5,3.5011597
213,121,5.22,2.9040885
214,84,2.27,1.9254423
219,226,8.88,2.461591
215,16,159.0,141.88232
215,214,3.24,2.2684486
211,224,91.6,60.516216
214,22,4.54,4.439866
213,15,28.4,30.105446
212,117,0.69,0.41596928
211,245,124.0,91.58244
213,189,15.8,10.510808
213,1,18.1,6.459245
219,194,7.83,3.1561902
213,216,2.14,0.70822245
213,128,6.97,4.904806
213,135,3.18,1.9735119
213,233,28.3,14.133425
213,53,9.65,3.8122504
213,46,3.84,1.9257841
213,245,29.4,19.243973
219,215,8.83,2.8909805
220,56,1.24,1.1315433
214,33,3.32,2.1981747
212,134,1.42,1.3200544
220,25,6.32,2.393319
220,13,3.87,1.9954698
213,115,0.2,0.6675607
216,1,7.37,5.591314
212,176,11.0,3.988028
212,221,0.49,0.810954
213,183,13.6,7.966529
212,243,5.99,1.773761
214,244,146.0,124.0712
214,58,1.95,0.91626376
213,64,2.57,0.8009646
220,70,8.9,5.3575654
220,82,2.79,1.9753029
213,36,1.83,0.9460662
212,227,1.2,0.95151556
213,77,2.71,0.8427319
216,18,0.45,0.8935579
212,235,0.82,0.9289161
214,164,7.73,5.1227713
212,11,131.0,5.747496
213,167,12.1,5.342182
214,3,3.51,2.7782083
213,152,8.37,3.9811175
213,204,0.86,1.0918102
219,242,19.9,8.951493
212,155,8.57,1.8713536
215,174,0.76,1.0617967
215,46,196.0,146.06326
213,91,4.9,0.7799004
214,212,71.5,16.264137
215,186,1.35,1.1509657
212,149,7.33,6.021233
211,137,14.9,8.873608
212,93,0.95,0.57803464
215,138,2.61,1.3482329
215,150,0.2,0.36816663
190,102,451.0,321.58148
215,157,0.61,1.0007507
212,110,0.56,0.5789663
215,121,8.43,7.896475
212,203,0.41,1.8037109
212,169,10.0,5.0065374
212,44,2.28,2.089438
212,197,0.92,1.410719
212,73,0.27,0.32904744
215,17,150.0,126.05629
211,128,11.3,3.9338896
215,207,2.67,2.8096416
213,37,1.43,0.5050083
212,35,0.97,0.61067545
214,230,131.0,106.86059
210,31,10.8,6.34704
214,248,136.0,105.80954
211,164,19.0,8.53319
212,185,2.36,1.1987383
211,111,6.93,4.0382304
212,135,1.11,1.142666
210,72,2.34,1.9594724
210,61,1.16,0.77026504
215,91,1.82,1.2586308
215,102,3.89,3.0300798
201,140,1070.0,950.69574
214,14,3.92,3.3979843
215,248,6.49,3.7445104
220,17,5.46,1.8181331
219,94,4.16,2.2206664
213,42,3.59,1.4889886
218,103,2.29,0.94762915
217,174,2.82,1.1687387
219,79,0.76,1.6739722
219,214,8.72,2.7253757
214,105,8.63,6.3005843
210,129,1.29,1.6527056
201,12,646.0,400.938
219,22,2.47,1.1331487
201,79,1080.0,684.28723
214,88,5.93,2.7866395
220,36,0.5,0.24121083
216,36,5.51,2.7969522
217,185,4.57,2.5748992
216,55,12.6,10.705345
213,96,4.09,0.7735961
219,137,2.67,2.392831
219,163,21.4,16.830175
219,243,2.39,1.5807885
218,63,12.0,2.1733975
216,81,1.24,1.7240267
214,115,2.31,1.6317159
201,1,615.0,348.19214
214,27,3.25,1.7662412
216,215,0.9,0.6174651
214,56,1.45,0.6279655
214,135,3.91,1.6845089
211,212,82.3,35.13966
216,69,1.66,1.0060565
219,234,17.1,6.639913
217,69,1.77,1.3033977
215,34,164.0,130.33301
213,136,2.98,1.7105217
214,149,6.49,4.348481
218,147,2.65,2.2333088
218,125,1.37,0.7139418
214,76,1.91,1.4090117
219,100,12.6,9.18856
213,103,0.14,0.12805177
219,113,1.35,1.1107287
217,211,1.02,1.0956028
218,87,0.98,0.66292614
201,43,989.0,575.79266
213,231,27.6,17.875095
219,173,0.72,0.4853301
219,58,0.93,0.7406898
211,243,121.0,82.668396
216,25,0.3,0.82025176
210,102,5.24,3.5287883
214,38,0.93,0.32923397
216,99,1.18,0.42780167
220,57,1.18,0.95078146
217,21,0.65,0.6826784
214,7,3.44,2.594988
212,8,126.0,89.601494
218,163,4.74,2.2607453
201,117,1030.0,805.1319
217,202,1.13,2.1194909
213,148,8.16,3.1641855
217,121,22.3,17.498896
219,145,3.04,3.850594
212,23,159.0,106.88214
213,243,28.5,17.499138
213,175,12.7,6.8163257
219,220,8.7,2.3061013
217,158,2.14,1.2761141
214,67,0.7,0.5070611
216,114,0.61,0.41760734
214,133,1.04,0.91337883
218,49,9.7,5.0081882
216,30,2.73,1.9601943
213,157,11.5,2.7210827
220,11,3.19,1.4415104
213,78,2.48,1.1557174
201,55,1020.0,586.6598
218,178,8.34,4.917617
220,41,2.22,1.3343364
218,109,5.0,1.7501857
215,50,183.0,102.99769
213,19,41.3,13.073486
213,221,24.9,12.297552
215,222,1.81,0.7953322
219,155,13.8,9.792801
217,103,15.2,6.1525793
201,69,1050.0,699.95355
216,63,0.72,0.71227795
219,66,1.19,1.0064435
210,149,1.05,1.752687
219,184,6.28,2.1608467
213,199,0.91,1.1663618
213,211,1.51,0.47128603
211,225,88.2,48.955414
190,44,119.0,140.74965
194,78,3.21,4.4149904
193,239,1.41,0.8499909
190,52,121.0,140.40926
193,177,20.7,22.608892
194,51,0.47,0.26627338
194,26,4.43,5.1440377
193,53,0.09,0.35311976
194,116,0.08,0.15762441
193,87,0.11,0.19425133
190,61,133.0,125.44525
197,26,0.79,0.4859908
193,64,4.58,2.5779524
194,127,0.21,0.8214656
196,202,0.7,0.7313118
193,78,0.035,0.675217
194,65,2.19,2.8574762
197,4,3.01,0.9744743
194,144,1.35,2.4794552
193,59,0.3,0.8404187
193,162,16.9,22.375269
194,42,1.77,1.5390633
206,248,0.88,1.4710113
207,138,3.04,1.2928855
207,113,0.63,1.1152635
205,210,0.97,1.5754832
208,80,1.37,2.8171074
207,71,1.12,1.1449118
206,31,0.71,2.19666
207,163,2.87,2.1373425
207,40,5.45,4.934734
207,17,1.48,1.5423803
207,224,0.5,3.1728504
207,129,2.07,0.8674434
206,245,1.48,5.0054226
208,27,14.1,32.631603
208,110,3.96,3.7112432
206,116,28.3,43.90694
207,186,2.33,2.3132348
206,131,31.7,51.50718
220,97,0.77,3.222332
207,56,2.76,3.934609
207,87,2.33,4.3793464
207,208,0.41,2.3024008
212,170,6.78,4.2202697
215,148,0.1,0.45178452
209,171,1.37,1.5078558
214,181,28.4,28.387768
215,120,5.62,5.5936384
210,59,0.6,0.8374453
215,60,1.9,0.9908037
209,54,2.98,2.4364448
212,148,5.45,5.555354
215,158,0.56,0.39682353
209,142,2.77,2.012446
209,126,26.9,22.651056
210,25,1.96,2.323731
214,227,86.5,95.76337
210,32,6.74,4.438744
214,193,40.4,59.314594
212,217,0.29,0.6918119
215,187,0.9,0.6189303
215,87,0.95,0.8667475
215,68,0.8,0.79989684
212,74,0.12,0.36264038
215,125,1.65,1.123186
210,11,7.01,4.6630974
211,129,7.14,4.1824746
209,236,4.45,3.2424698
210,71,1.81,2.1885717
212,36,0.57,0.65174824
209,216,2.31,1.3542026
214,172,19.2,22.595596
209,99,12.0,10.309008
214,209,54.0,51.470776
209,196,1.02,1.2883414
210,89,0.58,0.8633445
212,131,0.74,0.85679096
209,72,8.17,4.6544204
209,39,1.64,1.8010914
212,109,0.3,0.54910225
209,70,6.07,6.5025487
215,103,3.02,2.4143322
214,243,96.0,107.58827
209,222,0.7,0.8945266
212,45,1.2,1.7362121
211,138,10.3,6.952553
211,165,13.6,4.606181
209,185,1.03,0.49931863
212,91,0.66,0.90583956
215,205,1.57,1.6193252
215,14,108.0,120.64331
209,110,12.6,8.044027
211,114,3.1,3.1090317
216,57,7.86,7.9062076
191,195,0.78,0.7402348
191,32,1.19,1.142056
216,68,0.53,0.85211104
200,133,33.7,56.270233
216,198,1.19,1.3941709
201,91,760.0,995.4516
213,198,0.79,1.0208625
219,166,16.1,16.2383
208,189,0.62,1.8589294
205,86,0.77,0.85792977
190,17,23.3,25.525959
210,235,1.06,1.637982
219,157,10.3,8.1936655
211,25,1.16,1.4613724
218,13,25.8,22.272005
217,83,4.3,3.3988452
211,97,0.99,2.0811584
202,57,0.17,0.23628864
202,17,1.5,1.3975515
195,205,0.82,1.2244793
192,37,0.37,0.38980058
213,108,0.09,0.25250491
190,28,21.8,31.768888
217,163,1.46,0.94167125
202,228,0.24,0.51233065
194,237,12.7,18.402773
191,188,0.31,0.67433465
191,43,0.35,0.76678294
216,117,0.27,0.5154862
191,105,3.46,3.404274
191,126,1.54,1.2421937
195,213,1.26,1.2533991
219,109,9.58,8.866307
205,191,0.5,0.62827
196,3,0.17,0.36604935
216,144,2.65,3.068785
217,97,7.58,4.9659066
216,33,2.06,1.3236694
191,69,1.84,2.1976676
196,101,4.05,3.8528793
205,72,13.2,16.917313
202,159,9.45,8.533533
200,103,3.6,4.81857
219,186,4.05,1.9034234
213,176,10.1,5.7117124
194,207,0.95,0.95669746
211,64,2.15,2.729844
205,126,4.12,2.4140224
203,50,6.97,9.063127
217,177,2.24,1.474736
196,119,5.1,4.8969064
201,76,729.0,612.43365
195,221,0.027,0.32369328
200,146,38.2,40.96353
191,42,0.5,0.8096379
202,191,0.3,0.40055987
211,21,0.19,0.7510194
200,113,8.6,12.176142
191,94,4.23,3.3448253
216,129,0.48,1.2645104
216,103,0.59,0.4672717
197,80,2.92,3.7209039
205,99,0.52,0.72580564
219,216,3.64,1.962585
219,83,0.66,1.3351462
191,82,3.1,3.3922586
210,205,15.6,25.872805
194,249,15.9,24.22134
196,45,0.26,0.26224136
196,165,0.2,0.9170581
217,224,0.14,0.3967627
191,200,1.71,2.431829
196,1,3.34,5.2270775
191,110,0.55,0.71559596
216,157,9.85,13.905223
210,249,2.59,4.314432
190,248,4.11,11.617639
202,169,12.8,22.79498
196,162,0.35,0.31662956
201,176,0.92,1.1127316
191,64,0.49,0.6850527
195,14,25.2,28.103895
208,231,0.19,0.12000278
219,177,0.48,0.545589
219,140,1.78,1.5333652
202,37,11.2,10.808117
190,206,1.08,1.715838
190,221,0.58,0.76387525
219,227,3.41,1.8390296
195,187,4.38,4.332649
219,61,0.64,1.039367
195,155,3.52,3.6648347
216,228,0.49,0.9208678
211,41,1.5,1.2707539
201,203,0.76,1.4498796
201,39,696.0,617.3693
216,82,0.91,1.2205712
195,177,2.6,3.3538127
190,155,0.36,0.88457173
213,44,2.69,2.2051926
190,11,18.8,19.422493
219,96,3.04,1.2373217
219,144,2.52,3.5052211
209,7,0.16,0.60010785
191,136,7.0,6.8129554
217,10,2.24,3.8283186
203,62,1.37,1.4984008
190,183,0.39,0.6540575
219,247,1.34,1.4665028
216,37,3.84,3.339744
205,61,7.69,6.695253
217,186,3.81,2.782557
220,32,0.43,0.61033833
213,95,3.2,0.64337933
194,224,3.59,2.1248615
200,248,426.0,402.62814
219,236,7.84,4.4646263
205,171,0.68,0.7317647
203,90,0.31,1.1967547
197,62,0.7,1.1358914
210,195,12.5,13.81915
200,95,2.4,2.1873248
217,70,1.01,1.1873252
195,82,44.7,47.3446
208,202,1.21,1.846866
205,152,3.44,2.0604599
205,139,0.9,1.4288359
202,6,1.08,1.9549794
216,70,1.08,1.7279568
191,244,2.55,3.1564016
201,229,2.49,1.249715
200,43,0.2,0.5877126
200,63,0.21,1.091506
201,182,0.41,0.87271535
190,128,0.18,0.46120265
219,114,1.05,0.67843324
203,32,2.59,1.9705695
203,80,0.57,0.7240975
210,185,9.82,10.054623
220,42,1.83,1.5975226
191,149,9.5,15.02522
216,201,0.35,0.5477736
190,194,1.72,0.90874064
208,218,1.17,3.2449756
202,150,4.44,9.368124
202,106,2.68,4.789124
197,172,1.1,0.26014683
195,28,21.1,25.791151
197,186,0.42,0.29627278
217,23,0.59,0.7079681
201,213,0.44,0.4130764
196,151,0.22,0.5840806
190,5,14.1,17.435507
202,94,1.07,1.9768888
200,81,0.79,1.7897048
196,82,0.31,0.6301191
201,239,0.87,0.6360049
190,162,0.58,1.3749607
217,42,1.86,1.2717166
196,68,0.4,0.3557227
191,12,0.67,0.75200355
220,8,1.63,1.4273652
193,32,0.09,0.22564957
202,81,2.99,2.8059087
201,185,0.27,0.7316074
196,43,0.12,0.45734692
194,216,1.11,2.0418797
195,57,29.4,34.526424
190,200,0.53,0.63578373
195,70,35.5,38.67608
194,202,0.54,0.7376599
201,56,700.0,139.25108
203,39,6.5,10.245798
190,227,3.22,3.152906
203,56,0.88,0.7943602
202,27,2.52,2.8474789
208,174,0.48,0.8494919
190,142,0.22,0.38441157
219,74,0.68,0.7197353
201,66,719.0,605.91724
190,136,1.62,3.6895537
202,137,2.85,4.2842593
214,162,3.28,3.4327233
196,30,0.33,1.6605161
197,149,0.15,0.30684015
194,228,5.64,5.5625634
190,219,1.71,2.142621
191,213,2.44,2.763579
200,75,0.32,0.7062471
201,28,437.0,324.7159
220,53,0.77,0.8807237
220,18,2.95,1.9739958
195,197,6.03,12.141701
198,183,15.0,12.921924
192,58,3.28,2.1433637
192,60,0.16,0.16337089
192,83,0.82,0.55940706
220,31,0.38,0.43837225
192,70,0.57,0.42259127
191,168,20.7,16.467054
193,31,0.08,0.35971093
192,151,0.73,0.64294404
195,71,31.4,42.64929
191,240,0.23,0.6072764
192,48,0.64,0.48937538
192,138,0.4,0.5295594
220,54,0.68,0.58664346
193,21,0.06,0.2761917
220,44,1.67,1.3791288
193,3,1.14,1.1967127
197,184,0.35,0.4931441
191,146,8.48,22.925934
197,177,0.87,0.2829599
196,69,0.32,0.3507691
192,245,0.16,0.3347859
197,160,0.1,0.29095617
192,25,0.81,1.0035368
191,156,22.5,22.05333
191,178,16.0,12.775267
192,156,1.65,0.9734674
215,208,1.13,1.7815683
212,204,0.24,0.8048644
212,41,0.41,0.68174714
212,80,0.08,0.18024805
215,191,0.67,1.0476344
212,92,0.43,0.9331017
211,163,7.89,4.089067
211,110,2.94,2.3890707
212,136,0.6,0.7853409
215,15,71.3,127.54921
211,130,5.2,4.517796
212,46,1.02,1.6787969
211,154,5.19,8.309516
215,159,0.53,0.4621681
212,175,5.65,4.6915884
214,246,65.8,86.63168
218,104,1.23,0.8388859
201,125,695.0,748.54315
201,110,653.0,889.043
217,200,0.61,1.0223647
218,139,0.5,0.46387574
218,161,2.5,1.6128553
218,6,19.4,22.51634
218,117,2.35,2.1927116
219,43,0.64,1.1347768
218,50,8.15,7.573143
217,214,0.74,0.95376986
218,179,5.92,5.8482065
219,30,1.89,1.4883797
197,188,0.3,0.3942362
217,129,14.1,15.854784
197,162,0.09,0.24501699
217,160,1.23,0.8268826
218,70,9.83,8.066087
218,88,0.76,0.89210206
201,141,662.0,922.38635
193,50,0.044,0.23867995
198,182,6.33,4.259434
199,120,14.9,13.9623
194,146,1.12,2.6223197
199,3,0.6,0.84856373
198,227,17.1,23.762575
199,91,2.26,1.8755293
190,60,100.0,160.24576
199,6,0.92,0.8154366
199,184,6.46,3.3542008
199,77,4.98,6.051757
199,26,7.23,7.5900187
196,248,0.34,0.3410471
194,55,1.73,3.2701032
199,18,0.26,0.27312714
199,70,2.45,2.384795
217,237,4.35,4.411627
193,105,0.36,0.60105526
197,212,11.5,1.1433722
218,17,1.46,1.1212624
196,200,0.4,0.34483743
197,218,21.9,19.123144
200,20,1.1,1.2973433
192,238,0.47,0.69406843
199,234,0.72,1.2097
193,137,3.43,9.664378
198,184,13.5,12.0299835
197,106,37.5,13.772574
199,246,0.08,0.043747958
197,120,30.1,31.396023
199,65,0.31,0.11492961
192,192,2.27,2.5311947
197,6,1.39,1.2808833
199,188,7.74,5.889972
193,224,0.29,0.57941055
193,208,0.72,1.6053691
197,230,1.76,1.560157
199,226,9.56,12.842446
193,71,2.36,1.6000383
196,229,4.36,2.4253104
192,222,0.71,1.1455284
193,91,0.024,0.33961427
199,163,0.6,1.1620586
199,106,13.3,15.458798
194,184,1.12,1.6898701
194,130,0.17,0.9858167
196,184,2.37,0.74483263
197,246,0.2,0.1279044
199,48,2.93,2.144625
190,79,120.0,176.74591
199,139,0.41,0.273926
193,195,0.07,0.24041109
198,235,1.18,1.138751
198,154,0.23,1.1937404
195,128,62.0,52.48303
198,195,0.14,0.50612766
198,109,1.15,0.95768803
190,87,136.0,155.84032
193,82,0.028,0.31206232
197,81,6.54,6.0112057
198,211,5.27,6.634862
197,201,3.03,2.276353
198,132,2.68,0.9180991
197,239,0.08,0.13186072
198,126,1.38,0.89889467
193,63,0.15,0.1020309
194,35,0.08,0.534779
193,161,14.0,17.22501
198,58,17.2,11.04166
194,28,4.15,2.0854597
199,37,11.7,12.320592
198,122,1.85,0.54382265
198,139,4.15,4.092728
194,8,0.71,1.1024935
192,176,0.86,1.3975601
199,173,3.81,3.3239548
198,163,0.69,0.9653756
197,226,0.26,0.4994762
198,34,0.24,0.59389603
198,5,1.63,1.7833246
193,180,18.1,18.090979
199,96,6.78,7.3968387
193,248,0.46,0.98551714
194,21,2.5,4.442898
198,51,7.19,7.82624
192,231,0.33,0.46270275
192,184,1.88,1.3622504
199,154,0.25,0.4324043
198,203,0.31,0.6308023
193,216,1.36,2.5457559
193,130,2.95,8.827208
197,27,0.15,0.51743644
198,199,0.14,0.3308824
198,29,0.24,0.71894836
195,98,46.2,49.907795
198,114,1.01,0.9833208
198,88,1.36,0.68059736
198,41,3.22,2.4439304
198,178,2.8,2.9085047
198,223,7.01,9.242756
193,120,1.28,1.9256994
193,188,0.65,1.901168
192,167,0.43,0.41893673
192,207,1.03,0.4013879
194,43,1.39,1.7524534
197,144,48.7,46.202164
194,87,4.84,17.595858
194,191,0.86,0.66580105
194,105,9.5,10.084731
194,167,0.41,0.7181479
198,168,1.21,0.88530505
193,233,0.09,0.5196997
198,147,5.31,5.881401
198,94,0.78,1.0346473
193,14,1.65,1.2263286
194,15,0.56,1.8357469
195,117,54.5,52.98754
193,240,0.91,1.1327447
198,71,1.39,1.2378863
193,112,0.44,1.361086
194,180,0.22,0.6788867
197,37,0.14,0.8060587
194,76,2.6,4.4570346
194,101,6.99,9.212675
193,144,6.18,3.123586
218,25,3.46,3.001376
217,242,8.22,7.9400935
193,97,0.16,0.64528006
190,98,272.0,287.49896
190,69,99.2,124.4509
190,54,102.0,133.70403
197,195,1.49,1.9565371
197,131,48.3,53.71872
194,118,0.04,0.08816294
190,46,112.0,134.9633
199,123,2.59,1.6978743
195,137,123.0,104.7539
200,1,1.21,1.1870666
194,52,0.22,0.30971643
199,217,4.9,4.6015854
198,243,6.56,8.164902
192,212,0.27,0.7964773
192,200,0.17,0.6207412
212,138,0.66,1.222312
205,245,1.99,2.3612485
203,140,1.91,1.0840547
205,14,0.2,0.57426584
211,198,16.6,17.999392
205,35,3.27,2.1946158
213,25,0.44,0.44179925
205,30,1.34,3.0249171
200,192,125.0,151.30551
203,237,3.72,3.3022296
200,175,55.3,105.95647
213,129,2.61,2.2432275
203,249,0.8,1.442457
212,220,0.28,0.57633317
200,165,48.1,78.92573
212,172,8.08,4.036956
203,210,0.51,0.9130007
207,72,0.29,1.1892672
205,18,1.36,4.4120593
207,226,0.52,6.107589
206,32,0.34,2.4198413
213,54,2.55,4.6456404
203,227,1.07,2.3976831
205,71,11.2,13.544233
213,109,0.1,0.12221723
213,179,6.95,4.6432877
212,245,1.43,3.2829823
212,154,5.07,3.845365
204,83,49.3,55.506767
205,212,0.31,1.7985742
205,9,0.73,1.9562426
207,206,0.32,1.8752252
213,14,10.6,23.781427
203,11,0.51,0.7667428
220,63,3.25,1.8859717
204,88,49.4,12.206646
203,177,4.11,7.1869793
213,4,5.96,9.51513
220,81,1.52,1.3859999
203,183,7.09,6.877996
204,10,3.99,0.94930804
213,101,1.88,1.257386
213,63,0.72,0.9935297
203,71,2.94,1.535943
213,70,1.31,2.1763337
203,112,0.76,0.36051694
200,143,22.0,28.577513
203,204,0.55,0.7768747
213,0,3.88,9.595675
203,16,1.03,0.9994789
205,20,0.4,1.0277194
213,45,2.06,1.862619
203,197,6.39,2.5895653
213,188,4.98,6.3875217
193,61,0.14,0.23653917
190,68,116.0,120.67348
194,132,0.19,0.7941411
194,46,1.27,1.0942941
198,47,7.37,6.631091
198,62,18.7,11.203111
193,79,0.026,0.15406738
190,83,133.0,175.27844
193,181,17.2,20.746286
193,90,0.02,0.3438329
193,241,0.9,1.239842
195,115,55.8,53.103046
195,127,62.8,55.504963
197,142,49.0,41.975803
194,115,0.041,-0.037435174
198,95,0.76,0.91791093
196,199,0.56,0.31176603
197,28,0.14,0.38791293
197,5,1.27,1.4051001
197,118,31.6,29.005596
198,86,1.58,0.82804865
197,135,50.5,51.48112
199,5,0.86,0.8705748
195,142,122.0,117.03772
197,35,0.09,0.8344416
193,52,0.045,0.24928072
197,105,37.6,14.495188
198,69,1.71,1.6204994
196,238,0.38,0.4425439
195,103,51.9,73.72831
194,56,1.86,2.4581017
193,72,2.32,1.6156063
190,45,82.7,138.09004
194,75,2.72,4.074708
198,107,1.38,0.8683727
204,205,8.52,4.58791
208,37,0.06,0.4703299
203,122,0.48,0.76557106
205,21,0.4,0.88278633
207,221,0.53,1.4762281
200,69,0.17,0.61712116
200,56,0.2,0.37621972
204,235,0.67,0.5261868
204,246,17.8,21.904215
220,87,0.45,1.8692852
204,72,23.9,37.785915
190,132,0.17,0.53967613
202,181,0.64,1.3813379
202,190,0.25,0.8013437
220,115,1.78,0.5978832
220,100,0.38,0.67132443
204,242,16.6,21.722933
200,40,0.24,0.48353124
206,240,0.53,4.9658785
207,96,1.0,4.326167
204,157,3.65,4.976383
202,123,1.15,1.5091532
204,22,4.41,3.218168
207,53,0.59,4.6853585
204,48,10.5,17.750793
204,57,23.3,49.347557
204,35,5.92,8.582938
204,224,0.71,1.4312515
205,208,0.23,1.7084671
207,19,0.27,1.1708889
204,176,0.49,2.0316377
202,199,0.77,0.81850606
205,0,19.6,19.774628
204,78,30.1,42.862206
207,84,0.51,3.2888114
204,118,0.3,1.1015961
207,8,0.25,1.1705492
206,112,15.0,24.328936
206,90,1.25,13.603964
204,218,0.61,1.3393517
205,4,0.24,0.64946145
207,64,0.32,0.8512962
204,131,1.32,2.2585258
207,207,0.26,2.1045744
205,247,2.02,2.5499544
206,103,1.49,10.103093
206,33,0.54,2.3706732
206,128,16.6,31.964632
204,139,2.47,1.9804955
195,53,31.8,37.74163
191,201,1.81,2.257362
192,13,0.19,0.5906181
191,41,0.41,1.5467397
201,98,552.0,768.77124
191,117,0.58,0.537066
217,61,0.27,0.52795583
195,64,35.8,37.63473
192,4,2.95,1.1714808
195,148,0.47,0.56968427
196,39,0.18,0.14844151
203,63,1.05,1.3177401
191,81,2.74,3.7121866
200,164,47.6,63.35609
194,215,0.73,1.1432962
196,46,0.29,0.24616584
203,22,0.79,1.0040818
194,203,0.52,0.68357027
204,188,0.49,2.0049756
216,133,0.69,1.3545126
204,134,1.3,1.0974547
195,77,45.2,46.553665
196,66,0.35,0.47084093
203,119,0.61,0.12563543
204,30,6.97,7.2442513
203,191,0.91,1.9353458
203,202,0.13,0.8456677
196,92,2.07,1.3188666
204,158,3.97,4.0695047
204,44,9.27,11.136923
194,222,2.49,2.0142512
195,10,22.2,23.227083
191,160,16.7,17.261185
191,27,0.85,1.1104351
203,211,0.22,0.81730354
202,128,1.4,1.2114894
195,172,2.4,3.4181824
203,141,0.49,0.74061596
193,1,1.62,1.29503
192,158,1.3,1.1641479
218,7,20.1,20.199022
195,207,0.91,0.8509082
193,19,0.28,0.12502372
192,34,0.36,0.1841077
204,119,0.29,1.2090873
192,243,0.63,0.162367
195,184,3.92,3.3012276
195,153,3.44,2.230534
205,151,2.73,2.0507717
192,61,0.14,0.3461432
203,163,2.84,4.585635
204,206,7.39,4.766329
191,95,3.71,6.650675
195,170,0.8,0.9342267
202,172,0.85,0.9580806
195,196,5.42,8.3661785
194,208,0.83,0.71190673
202,8,1.16,1.2986802
204,238,0.59,0.47976866
194,229,3.9,3.9936159
192,84,1.26,0.33772594
195,235,4.06,1.1663513
196,138,0.32,0.2493359
192,139,0.48,0.63374484
217,50,0.14,0.84069365
203,134,0.4,0.98168075
191,142,8.71,18.471497
196,158,1.21,0.4128583
200,151,37.2,59.38671
197,76,3.34,2.195804
197,42,0.16,0.41728896
192,55,3.69,2.0063481
191,176,15.3,5.1328316
204,195,5.16,4.2986655
202,1,0.14,0.78998184
217,11,1.67,1.6337795
196,102,5.02,2.9419634
216,174,1.56,1.4986016
202,47,0.06,0.12559476
204,140,2.85,2.0053568
191,192,0.84,0.67215955
217,36,1.09,1.7721443
200,186,108.0,153.53395
192,71,0.72,0.1165544
191,245,2.92,3.18632
196,179,0.21,0.6948164
216,224,0.22,0.8074505
193,23,0.14,0.21091418
217,143,16.4,19.7487
195,246,3.22,4.056503
202,60,0.12,0.50145876
197,159,0.05,0.11531503
191,236,0.25,0.5964523
195,212,1.37,1.4265945
191,167,18.2,3.5458653
194,246,13.0,16.967552
191,48,0.33,0.53609914
195,40,25.6,34.951015
191,123,1.76,1.807509
210,173,2.87,2.7508612
195,220,0.012,0.117762685
190,112,1.69,3.959223
220,124,0.58,0.51828665
196,28,0.32,1.1837503
192,40,0.96,0.7056017
191,134,6.57,4.389424
192,149,0.66,1.0346584
220,109,0.31,0.53886217
202,207,0.79,0.70478374
204,24,6.13,3.444776
191,62,0.36,0.67699134
201,89,517.0,752.7416
203,109,2.42,1.7753801
204,105,2.06,2.281305
190,121,1.28,1.45852
204,11,4.07,0.718555
203,176,3.93,6.843078
204,0,0.74,1.3339283
197,164,0.34,0.23529556
196,122,6.51,8.135905
203,151,1.56,2.3828588
196,15,0.13,0.3727375
196,83,0.29,0.65871716
191,212,2.85,2.5597427
196,144,0.27,0.44442928
191,183,0.34,0.4436139
201,112,593.0,1067.05
203,235,3.58,2.4642222
203,8,0.21,0.509276
194,239,11.4,19.353832
190,134,0.16,0.8504497
197,187,0.26,0.3826151
195,25,21.4,25.281145
204,164,0.16,0.113351606
192,22,0.72,1.2481569
199,64,0.35,0.09199094
199,115,13.3,15.220376
199,97,7.25,8.369982
199,216,5.37,6.513201
199,202,0.62,0.53306913
199,129,2.04,1.6850952
199,22,0.26,0.2629439
199,189,7.38,7.7039495
199,49,2.78,1.6164935
197,242,0.08,0.28379315
199,221,9.4,10.500297
217,232,4.07,4.864211
197,231,1.66,1.5774348
199,75,2.4,2.7321956
199,38,11.6,12.298038
199,107,11.5,15.714663
198,25,0.21,0.42298722
218,16,1.33,1.0628973
199,181,6.42,3.3301158
199,230,0.72,0.96708435
199,86,2.16,1.814589
199,149,0.27,0.51452756
199,158,0.57,1.1410284
198,239,1.2,1.293076
199,239,0.08,-0.055352837
217,241,7.46,10.114312
199,32,7.04,6.072781
218,211,0.06,0.26340175
218,24,3.22,2.9895248
197,205,2.68,1.9026718
199,168,4.31,3.1824865
199,137,0.25,0.28613812
197,222,0.28,0.65428704
212,75,0.07,0.21804632
212,38,0.34,0.73109573
211,205,10.7,22.12293
211,149,4.28,6.9266934
215,193,0.5,0.67633665
211,132,5.37,3.5752435
212,98,0.42,0.5982091
211,166,5.49,4.1947193
211,112,4.45,2.1285942
212,115,0.11,0.19778699
212,47,1.09,1.087825
215,211,0.93,1.6837256
204,43,38.0,13.388185
204,194,8.56,3.6057494
220,129,1.35,0.52778536
220,114,10.7,0.85041904
204,58,23.6,36.21853
204,17,12.5,4.097266
204,141,7.27,1.9092128
204,31,21.1,8.647661
204,109,3.46,1.9843454
204,187,3.74,1.5144511
204,219,1.64,1.3084155
204,69,26.7,34.998577
204,159,13.7,5.204098
204,122,1.72,1.2503703
204,135,13.7,1.3565084
204,234,3.3,0.37313622
203,132,3.66,1.1736429
204,204,12.6,4.566491
194,129,0.15,0.7196357
194,88,5.89,7.7163887
194,114,0.04,0.025950653
194,66,2.75,2.726578
201,159,548.0,891.9281
194,154,0.39,1.7396123
218,247,2.82,3.197954
219,15,2.06,1.5461514
217,85,2.17,2.610366
217,190,2.5,1.5075784
194,145,1.06,1.4085224
217,77,0.52,0.8031732
219,129,0.35,0.8300992
218,221,1.78,2.4151394
200,2,1.15,1.143801
217,161,1.12,0.6546626
199,200,0.49,0.4757349
194,77,3.75,5.3750076
194,168,0.39,0.3725857
218,144,0.51,0.7401738
200,25,0.99,1.8696105
196,90,1.54,1.6562756
190,43,104.0,123.42401
192,128,1.24,0.9223365
191,248,2.22,3.7159867
197,129,44.0,49.30406
197,117,27.0,35.15739
194,171,0.17,0.46911356
194,99,6.36,6.805277
194,166,0.28,0.6496053
197,36,0.34,0.7905044
191,13,0.3,0.14421333
192,35,0.4,0.25225618
195,41,30.0,29.343473
193,51,0.034,0.25343823
194,54,0.26,0.30658966
196,208,0.36,0.35570142
196,192,2.81,0.838827
196,245,0.36,0.3717724
192,112,0.28,0.6837122
190,214,1.62,1.91086
191,36,0.44,1.0668352
195,0,14.0,20.596252
195,166,0.54,0.4162124
216,122,0.75,1.2699784
193,96,0.26,0.39459783
191,222,1.22,1.0291841
193,88,0.008,0.2983902
191,148,10.5,30.137745
196,76,0.29,0.51007557
192,215,0.37,0.6054444
196,134,0.31,0.46075648
195,136,123.0,98.86301
192,140,0.43,0.6704137
193,121,1.31,1.4403299
191,231,1.8,2.8181825
191,173,10.6,10.676128
195,108,59.3,37.649014
196,57,0.48,0.19626726
192,12,0.31,0.57670414
196,41,0.11,0.33885118
190,244,3.77,4.614232
195,76,44.6,44.952034
193,247,0.38,0.67951125
192,161,1.79,1.5509378
192,113,0.21,0.2877495
194,30,0.07,0.26570302
190,55,108.0,104.83653
194,5,0.6,0.6331917
192,41,0.57,0.87875277
195,126,67.8,63.91994
191,202,1.85,3.014057
196,127,5.01,7.39967
192,21,0.64,0.8848928
191,135,7.75,4.9627414
192,148,0.68,0.52966017
190,67,127.0,99.72446
200,30,0.24,0.5416039
191,129,1.82,1.6193324
191,198,0.89,0.75663245
194,85,4.53,5.3926167
191,116,0.41,0.36817995
197,141,44.1,44.53086
195,86,46.2,37.118034
192,175,0.68,0.7417103
191,90,4.48,5.0989327
192,91,0.31,0.8875052
193,6,1.54,1.0072601
192,133,0.24,0.95428383
194,45,1.13,1.0833241
196,161,0.5,0.35364532
193,179,17.8,18.151447
192,56,2.99,2.7160523
195,66,36.3,30.205168
191,57,0.41,0.485965
197,16,3.51,2.755241
195,199,4.78,7.959041
193,232,0.07,0.66468114
196,26,0.43,0.99342453
193,160,14.6,15.188063
192,116,0.047,0.21755898
192,88,0.55,0.5165866
194,117,0.032,0.017063942
193,139,3.13,8.228797
190,33,115.0,100.31666
195,224,0.005,0.111418866
193,104,0.47,0.83125114
193,65,1.5,1.1495783
191,28,0.89,1.2527442
190,59,120.0,136.90923
193,187,0.53,1.2344061
191,51,0.28,0.6087906
192,98,0.87,2.0120332
196,106,3.76,3.050005
192,165,0.33,0.339532
192,106,3.58,2.0935547
192,204,0.66,0.4226946
193,200,0.044,0.36143374
193,80,0.018,0.15711237
194,27,3.71,1.7678357
193,145,6.02,3.6658292
196,177,0.27,1.177358
192,97,0.22,1.4383874
191,227,0.92,1.0306247
193,12,3.16,2.0079334
193,45,0.14,0.57994527
192,62,0.06,0.17842877
191,78,3.59,3.0610733
190,22,47.1,43.40047
193,222,0.19,0.60954195
196,185,1.26,0.48977146
192,230,0.29,0.2537749
191,237,0.26,0.5603961
198,108,1.2,0.50491035
192,198,0.18,0.8665886
191,165,13.4,17.45014
190,78,151.0,144.9184
193,206,0.52,1.2227961
196,147,0.16,0.44139385
192,109,0.09,0.48804724
193,115,0.61,1.0643438
193,218,0.94,2.3654416
192,189,1.83,2.28812
191,104,3.82,3.910148
198,99,0.64,1.0964234
196,201,0.54,0.008414886
195,59,32.7,28.566557
192,103,2.26,1.6729753
193,128,3.1,7.860092
195,114,63.5,67.91474
192,72,0.36,0.19607022
198,64,15.7,12.861591
190,165,0.8,1.0067085
191,182,0.43,0.57387954
192,3,2.76,0.73971426
190,119,1.96,1.5027242
196,70,0.31,0.5030975
193,22,0.1,0.14181323
193,24,0.13,0.080835134
192,246,0.33,0.30861115
192,219,0.77,0.5852462
192,179,1.27,0.7689365
193,39,0.83,0.5045331
197,9,1.09,0.90841824
190,110,2.64,4.129467
191,215,3.26,2.4277081
194,128,0.16,1.0153713
190,37,104.0,99.28078
192,125,0.92,1.3173909
193,60,0.034,0.24921791
191,161,11.8,15.644239
198,52,6.64,7.743976
195,15,21.0,26.924349
197,25,0.1,0.6001618
215,58,1.68,0.8912216
210,33,2.02,2.283949
190,97,308.0,289.54602
214,208,27.6,6.3954873
206,226,73.3,132.3285
209,237,5.87,2.1329496
206,45,1.35,1.7276596
206,111,14.3,19.753864
206,166,36.9,93.547905
207,63,1.0,0.6387699
209,38,1.69,1.4142503
208,125,7.66,6.845393
208,96,0.46,0.71191907
215,160,0.98,0.5700443
209,223,0.47,0.442357
209,205,1.93,0.7939621
206,5,5.32,6.10245
198,133,1.92,2.2704756
206,179,40.9,106.25775
207,203,0.58,0.7365971
208,53,0.22,0.33780554
210,24,1.1,2.0090632
209,48,3.03,1.9597747
210,70,1.3,1.4999772
210,87,0.36,0.30223367
206,158,28.6,39.75761
215,119,4.45,4.7950473
207,216,0.63,1.2481232
207,54,5.85,2.9066253
207,81,2.73,3.7074745
198,157,0.6,0.43814093
208,2,4.35,4.565141
209,73,9.03,5.2554297
209,131,28.1,17.403646
206,75,1.35,1.1213074
209,111,11.5,8.160279
215,149,0.046,0.15778312
207,35,9.52,2.6753545
214,173,15.1,9.021887
220,88,1.17,1.5665096
205,209,0.7,1.2183164
207,97,3.59,9.352061
206,194,53.7,91.36792
207,20,1.72,1.3835506
206,210,69.0,123.603195
206,20,0.88,1.3952463
198,145,6.74,4.1250978
208,40,0.13,0.41129774
214,226,46.4,75.67837
208,106,3.8,3.8259127
208,70,0.71,0.6208615
200,211,419.0,300.0655
214,182,17.4,15.35903
205,215,1.82,3.1459305
208,142,1.08,1.5128007
208,154,1.52,1.8892053
209,186,0.96,0.4567992
207,164,1.47,3.4416723
206,88,14.8,4.832498
206,242,5.37,3.0082836
215,100,2.22,2.4968948
207,183,2.27,2.7755644
209,98,12.9,4.935926
209,167,1.9,1.3195078
198,185,11.6,11.9254675
209,64,6.58,3.7527575
208,22,11.8,17.981314
206,249,0.66,1.530725
215,126,0.84,0.5942644
209,143,2.66,0.64867413
207,128,2.22,2.1762872
206,100,17.8,7.0056057
208,11,7.96,5.445278
206,127,19.4,24.56845
215,85,0.64,0.8202602
214,199,20.6,31.620955
207,235,2.08,3.8151655
209,197,0.8,1.1027697
210,57,0.47,0.44813854
208,81,1.04,1.6846341
207,104,0.59,0.43571132
191,9,0.5,0.43802404
211,48,1.15,1.8551489
203,117,0.5,0.39926675
191,60,0.4,0.50693434
211,63,1.85,2.4760504
193,20,0.09,0.25350016
192,244,0.26,0.3409811
197,51,0.19,0.21190667
190,137,2.79,2.1305163
218,134,0.34,0.94882727
204,198,5.85,3.1785958
203,57,0.77,0.8837644
195,194,4.79,6.991616
195,65,32.9,33.472473
203,172,9.39,6.40849
201,181,0.44,1.2033811
204,4,3.94,1.277699
190,8,33.0,25.419949
202,200,0.25,0.34647098
192,87,0.53,0.50526
217,199,0.53,1.0026652
200,174,112.0,64.76076
192,53,2.95,2.8037405
195,236,3.04,1.7433579
210,98,0.91,1.3177774
191,77,3.27,2.9209313
220,110,1.07,0.79667974
200,76,0.3,0.9116285
214,158,1.67,2.5320787
220,125,1.85,0.47436947
204,142,3.2,2.3176587
196,160,0.54,0.3176721
202,139,3.46,4.008502
218,157,1.79,1.7981092
191,91,4.2,6.3251944
200,142,39.9,28.299393
203,48,14.6,11.473389
197,75,3.12,2.423104
210,150,0.73,1.4423484
201,175,1.82,1.0036721
217,6,1.58,1.9358652
202,24,2.09,2.2744145
190,150,10.5,6.830354
195,206,0.73,0.9027411
200,101,5.84,5.1418242
202,16,1.58,1.405393
192,73,0.31,0.08310487
201,201,0.63,1.7484523
202,158,9.06,7.1339345
201,160,823.0,854.6844
204,129,2.93,1.6712787
204,116,0.43,0.8395806
211,42,1.15,1.2007539
202,216,2.05,2.872553
211,91,0.77,1.2627286
218,42,4.87,4.8407025
218,8,17.0,15.398455
193,5,1.11,1.1944789
190,143,0.17,0.2363353
205,69,17.7,10.805714
203,108,2.53,1.796819
204,56,33.9,38.91177
196,176,0.24,0.7549032
203,17,1.94,0.7116675
203,123,0.76,1.1222243
202,0,0.15,0.7886634
210,236,2.49,0.96626216
190,24,33.2,40.47628
211,0,2.01,2.938625
218,164,3.18,4.7343917
200,131,35.6,45.06796
196,103,3.54,3.6853182
216,142,2.8,2.8550825
195,248,3.54,3.766321
191,50,0.28,0.72476166
191,186,0.39,0.5634734
210,207,13.3,18.019777
191,31,0.82,1.5260082
202,226,0.38,0.21661878
192,63,0.06,0.08523379
217,213,0.66,0.68478763
202,167,10.7,12.172172
203,245,1.53,1.0473686
205,96,0.54,0.6772758
217,62,0.12,0.49958304
204,165,0.13,0.040915232
200,88,1.87,2.0934563
205,135,1.12,1.3082262
217,38,1.24,2.0625012
203,184,15.6,5.1083336
192,14,0.28,0.5865027
191,174,10.3,13.630269
190,160,0.76,1.0623952
205,187,0.79,1.2594361
210,182,10.9,9.98929
191,194,0.82,0.8676333
191,125,1.72,2.0602012
201,87,627.0,591.052
202,7,1.2,1.1878105
205,43,1.14,1.7908161
218,190,4.94,2.8482227
201,49,587.0,560.88214
192,147,0.59,0.6370697
202,102,3.37,3.2079961
208,172,0.67,0.54501694
195,146,0.49,0.22713779
197,63,0.78,1.1168554
209,5,0.18,0.3387757
210,193,14.0,15.655208
200,92,3.78,3.2351186
201,143,776.0,672.42896
201,38,595.0,500.43954
190,156,0.33,0.5332037
205,110,2.8,1.5715505
192,141,0.44,0.6957534
196,77,0.3,0.69259673
203,64,1.84,2.0436897
202,77,3.26,3.3380527
218,248,1.95,3.6740332
204,160,7.06,3.8897347
219,14,1.27,1.5367513
211,79,1.17,2.825265
205,55,10.7,5.007776
190,175,0.22,0.25646535
203,194,2.11,1.2064468
203,144,1.49,0.87919044
197,173,0.24,0.22756708
201,169,1.15,1.9643117
202,58,0.12,0.27502123
195,165,0.52,0.5921636
191,37,0.42,1.0113997
195,211,1.18,1.0994111
194,247,13.7,14.816645
194,223,2.37,1.9714992
204,217,1.76,1.3357811
190,213,1.45,1.4368263
216,31,1.44,1.1781827
191,144,10.3,21.264463
190,130,0.23,0.29129937
195,78,41.5,48.01244
196,40,0.68,0.21508273
200,162,90.3,79.08882
201,126,766.0,724.93506
195,54,29.7,34.004986
216,76,0.63,0.73885703
200,154,72.4,64.02125
217,144,11.8,17.81078
203,226,2.36,2.2133753
208,200,1.83,1.3387314
205,148,2.86,2.1894112
204,29,9.46,7.4750047
194,214,0.88,0.8858124
217,159,0.99,0.98448783
200,39,0.42,0.31390855
219,44,0.62,0.5220535
200,52,0.23,0.30909318
200,65,0.15,0.29644516
195,11,21.3,25.516829
216,115,0.23,0.581836
194,235,11.4,19.398993
191,157,11.8,12.956373
190,118,1.92,1.5796378
190,109,2.35,4.794006
204,42,16.4,11.463038
203,162,6.24,7.8344426
201,111,706.0,784.1052
202,95,1.16,2.5301805
192,42,0.89,0.59869844
196,4,0.16,0.21064001
195,178,2.35,5.247849
190,3,20.0,33.19271
208,214,1.5,3.7393131
196,91,1.46,1.6577358
191,246,2.11,3.3091445
210,227,20.2,26.47145
218,51,7.18,7.260704
203,30,4.67,3.7608774
203,78,0.94,0.75036085
210,217,17.4,14.612995
216,202,0.13,0.36144963
190,228,2.61,3.8345118
201,194,0.37,0.32338428
217,115,6.86,5.9489126
197,150,0.07,0.1313735
217,20,0.25,0.75332296
201,212,0.26,0.47992468
204,185,1.71,1.2791308
217,130,9.35,12.511207
201,63,585.0,585.93756
191,118,0.38,0.3268349
203,236,4.41,2.9607668
194,230,5.1,4.6617084
200,245,504.0,390.35236
216,225,0.14,0.4939708
218,121,1.31,1.170531
201,11,514.0,443.5973
190,196,0.54,0.7439871
218,105,0.63,0.5937007
216,91,0.65,0.8569397
216,195,1.69,1.3721689
216,155,8.81,8.41978
190,181,0.49,0.77033395
190,205,0.9,1.0173208
190,186,1.95,1.6739894
201,75,622.0,526.7506
202,45,0.06,-0.01563226
190,166,0.6,0.690797
201,230,2.1,1.3875711
205,122,5.4,2.8787289
201,22,518.0,290.81604
190,14,32.3,48.256756
211,17,0.27,0.5779084
203,12,0.57,0.51127726
204,70,36.1,26.300604
196,24,0.41,0.9331661
216,132,0.64,1.3659925
195,185,3.6,3.5967793
196,136,0.3,0.43776274
204,236,1.05,0.6083471
196,65,0.24,0.29035324
197,185,0.22,0.38649735
211,26,1.17,1.0971452
208,184,1.23,1.3024887
196,120,5.13,6.653145
191,132,7.44,5.630519
195,42,25.3,35.428623
190,222,0.4,1.3209397
192,38,0.39,0.38309968
216,104,0.21,0.43780854
210,168,2.93,1.9641118
202,124,2.95,1.54321
195,152,3.61,2.2872405
216,51,6.51,2.9486454
204,21,6.35,3.2580788
203,212,0.5,0.7660095
191,102,3.0,3.2904212
191,166,13.2,17.527775
190,190,2.71,1.1411345
200,110,12.7,13.782898
218,86,0.79,0.97425556
192,5,2.62,0.84218645
193,30,0.12,0.036293443
203,88,0.87,0.8607607
191,67,1.84,2.2931983
216,38,2.59,3.5458186
203,152,3.99,2.322655
204,209,10.7,5.4148746
217,51,0.31,0.6253289
203,203,0.35,0.8988317
194,201,0.54,0.6383186
216,170,1.39,1.4435557
191,14,0.25,0.27996647
195,222,0.006,0.16579461
208,240,0.19,0.9377089
204,102,2.21,1.3241651
200,82,0.42,1.4864918
194,209,0.83,1.0024724
203,40,10.6,11.021804
205,81,1.71,0.8291716
201,99,663.0,672.26166
218,71,8.21,9.667857
203,92,2.18,1.2821586
191,214,3.08,2.4738028
195,26,20.4,27.920345
191,238,0.18,0.48327407
201,240,1.15,0.86583096
205,158,0.88,0.7057234
196,148,0.16,0.6354639
202,195,0.32,0.621844
210,126,0.92,1.3884372
192,159,1.33,1.4357004
210,111,2.5,3.7412362
217,223,0.1,0.4245522
202,179,1.04,1.2227428
192,23,0.59,1.1454524
202,34,11.3,10.357889
190,245,3.82,5.659701
202,147,6.31,8.603296
191,108,0.6,0.94383305
196,58,0.41,0.28482032
200,183,214.0,101.97097
191,203,1.79,2.8303652
219,31,1.18,1.0348564
209,224,0.45,0.5296538
209,113,13.0,7.477353
205,240,12.8,27.964516
206,15,0.29,0.99060553
200,220,336.0,258.0647
207,137,1.7,2.794568
215,153,0.041,0.27004263
214,214,27.4,28.155552
206,216,62.2,120.09814
209,74,8.26,4.6351953
202,103,3.15,3.307786
206,183,36.1,64.99595
208,143,0.92,1.1347209
200,50,0.28,0.35491148
200,66,0.15,0.627239
208,60,0.61,1.1097219
200,111,11.1,10.958299
205,225,1.09,4.031035
208,248,1.47,0.3075151
215,218,0.15,0.08364731
209,67,5.67,3.8119338
201,234,2.17,1.5786264
208,95,0.42,0.79782575
207,249,3.2,5.1904135
202,210,0.42,0.22842355
208,160,1.98,1.0024867
211,211,25.9,38.74668
208,28,9.47,10.100039
208,129,7.74,6.284507
210,76,1.24,1.3604944
202,79,3.72,3.3968327
209,17,0.96,1.3737098
215,28,61.2,69.04727
209,25,0.33,0.5346786
200,74,0.32,0.5328487
206,77,1.1,1.0446151
202,192,0.42,0.39557084
206,56,1.23,2.3113768
209,198,0.8,1.122356
208,84,0.89,1.6974669
209,37,1.64,1.6378543
215,171,0.85,0.79304737
206,1,3.25,3.3643353
206,13,4.33,7.7473373
209,206,1.82,0.80977166
205,244,2.03,2.342512
215,42,66.4,76.704704
215,69,0.66,0.5841863
202,36,11.6,10.461788
212,6,41.2,75.217094
202,138,4.18,3.884061
214,78,0.18,1.6970074
207,189,2.37,2.5919957
207,236,1.37,3.8486984
205,230,6.03,9.988824
200,105,5.54,4.834231
202,148,6.92,10.634202
202,25,2.26,1.5973088
210,34,1.71,2.9998722
205,156,2.52,0.9287963
206,48,0.77,1.5759311
214,195,20.3,26.052582
209,187,0.96,0.4754028
205,233,7.2,14.348264
200,215,324.0,274.84094
206,230,68.2,141.02765
210,12,7.33,5.4074826
215,127,0.72,0.562921
214,128,0.48,0.31645516
211,226,26.0,47.300705
202,162,3.41,5.4799414
209,238,4.69,2.2119715
201,202,1.11,1.6885675
210,60,0.51,0.45523494
208,9,4.92,11.087637
208,223,5.32,7.1727448
209,100,12.6,3.0340896
206,199,47.1,101.27834
202,171,7.91,15.426429
214,40,0.22,0.9558666
208,111,3.75,2.4243422
215,88,0.64,0.62124234
206,170,32.5,86.88368
209,53,2.99,1.5563365
211,246,37.3,56.333294
215,22,55.2,79.85148
209,129,23.9,17.70367
211,199,10.1,20.971539
209,172,1.75,1.0961857
214,231,46.6,48.990215
208,155,1.52,3.158154
202,227,0.47,0.2571372
210,28,1.1,2.158398
206,63,1.5,0.6832753
205,179,3.87,2.6650858
202,126,3.3,1.4851391
207,165,1.52,4.2505608
209,144,2.65,0.72670907
215,105,2.01,1.8966889
208,55,0.19,0.41865978
215,223,0.82,1.0646423
200,198,216.0,178.49689
206,52,0.42,0.46264777
200,203,256.0,194.1403
198,181,5.59,3.7004912
198,171,1.06,0.7954682
197,247,0.16,0.19515626
198,22,3.22,2.1125324
197,132,42.8,45.06741
198,134,0.86,1.3451334
194,107,9.61,8.789852
198,96,0.54,0.7248721
197,19,3.12,2.4041097
197,202,1.88,1.3833511
198,242,6.65,5.5345364
197,40,0.3,1.070299
198,192,11.3,9.248223
197,112,30.2,7.5569763
198,150,5.81,3.7890708
198,229,16.2,19.622995
195,120,52.6,37.517754
198,236,1.23,1.1359762
194,186,0.92,1.2216641
197,211,7.17,1.4991735
198,13,5.29,3.0394542
199,9,0.85,1.058541
197,232,1.48,1.3132067
218,20,1.0,1.2469065
198,207,0.28,0.8248223
198,200,0.16,0.3447586
195,138,110.0,94.08498
198,6,1.26,1.7844603
197,241,0.07,0.22847003
198,63,14.5,7.6711345
198,116,0.016,1.1882485
198,127,0.85,1.0163879
194,192,1.09,0.6370623
197,143,42.8,45.21607
199,1,0.52,1.0930828
218,26,3.21,2.3841136
199,44,10.7,10.597626
190,100,257.0,255.47139
198,216,4.83,4.8526053
217,245,5.49,7.990032
195,107,50.8,50.45251
199,21,0.24,0.31453577
198,196,0.1,0.33743376
198,153,0.31,0.26503345
198,110,0.95,0.9923975
198,224,6.5,6.4722514
197,223,0.19,0.6731178
199,78,4.55,5.9702783
190,86,134.0,133.47658
217,234,4.09,4.0035715
198,26,0.14,0.49330014
195,131,57.1,51.210537
198,140,3.29,4.38207
198,120,0.72,0.4608752
198,35,0.14,0.11951142
197,122,26.8,20.323376
207,0,0.17,1.0152919
206,241,0.9,2.4392874
206,87,1.39,5.6170278
206,101,2.1,5.8089304
220,89,0.45,1.7931052
207,36,1.8,2.130103
207,55,0.98,1.8573768
192,36,0.36,0.24471122
200,114,10.7,11.500454
195,79,33.9,46.925114
195,179,2.23,4.8609242
196,42,0.22,0.16920735
190,246,3.4,6.061789
190,16,39.9,30.000559
219,108,5.75,5.963143
192,160,0.85,0.9571387
200,94,3.06,2.6572123
192,43,0.21,0.5929514
197,65,0.75,0.85743594
220,43,1.17,0.7369268
195,147,0.49,0.5529618
203,133,0.44,1.2083747
196,126,4.23,7.5054126
202,105,3.32,3.7835145
190,225,0.38,1.26722
218,160,1.75,1.1518152
192,150,0.47,1.318782
191,208,1.69,2.4264784
191,127,1.23,1.3291844
219,187,1.21,2.0392587
191,175,9.11,14.17678
191,196,0.61,0.95481366
196,93,1.47,1.3224709
191,247,2.42,4.4312515
196,5,0.15,0.065294035
191,109,0.58,0.93516827
191,103,3.1,3.280025
191,185,0.26,0.74792236
201,128,632.0,693.4518
204,18,3.86,2.6163535
191,49,0.34,0.66213715
219,221,2.03,1.9453186
201,192,0.27,0.6075907
201,113,602.0,872.8083
219,45,0.71,0.80144083
204,177,0.66,1.2243013
219,76,0.52,0.476357
220,7,0.51,1.1040307
197,157,0.09,0.18613724
216,203,0.09,0.3415026
190,229,2.36,3.6555228
202,125,1.28,1.2550601
191,21,0.36,0.22075132
192,85,0.41,0.4706029
191,143,7.84,31.384989
219,213,1.8,3.5483046
190,4,27.7,11.24532
195,44,23.2,33.237274
216,173,1.31,1.1497486
190,30,42.0,30.157856
217,104,7.13,8.258203
216,52,5.47,3.7351038
210,172,2.64,1.9390191
190,161,0.64,0.87088895
202,9,1.2,2.0227711
192,142,0.38,0.87781304
195,67,27.4,32.54459
201,40,465.0,561.35925
202,201,0.16,0.5873643
220,55,0.39,0.6415643
190,167,0.89,0.50606006
200,77,0.32,0.6049429
204,161,5.73,3.4229405
214,159,1.66,2.0191188
195,186,3.35,4.0336394
202,80,3.75,2.8134334
217,41,0.96,1.8436136
216,136,0.52,1.6780133
219,35,1.07,1.1978427
191,10,0.48,0.78814703
217,52,0.47,0.6695683
216,32,0.86,1.5663123
201,170,0.65,1.1050738
201,231,2.3,1.1434087
195,214,0.93,1.2587614
194,225,1.69,2.2006683
196,59,0.26,0.28210285
190,215,1.26,1.4817886
202,59,0.1,0.80053234
195,55,24.8,29.364685
196,78,0.32,0.6431666
197,43,0.19,0.2522521
192,24,0.55,0.5884858
216,226,0.14,0.74507475
195,154,3.98,2.166576
192,15,0.45,0.42811581
201,142,608.0,681.1987
216,100,0.19,0.2667308
190,157,0.43,0.740513
204,197,3.15,2.5059166
218,136,0.39,0.4029672
194,248,13.2,18.842674
201,86,468.0,598.2752
196,137,0.23,0.71870875
197,189,0.22,0.26656348
200,89,1.49,3.8259575
195,169,0.57,0.4517227
218,191,5.66,1.9844636
216,44,2.51,2.1456158
197,175,0.2,0.33893743
190,177,0.26,0.18324885
220,34,0.25,0.17506249
218,118,1.63,0.753777
218,106,0.73,0.45461977
219,18,0.55,0.87559
219,1,3.1,3.5798895
191,38,0.51,0.83624953
217,145,11.8,21.659084
194,217,0.93,0.9830116
191,79,2.77,2.3565528
217,7,1.42,2.7794983
191,217,2.5,2.4517682
190,144,0.12,0.3226393
196,178,0.21,0.7567909
201,204,0.38,1.8951973
190,138,2.11,1.3739924
218,72,9.32,9.174046
204,104,1.37,1.4706509
219,123,0.48,1.1522313
192,6,2.88,1.1103053
195,29,18.7,24.235102
195,204,0.54,1.0616611
190,131,0.17,0.26329228
202,180,0.69,0.7555627
202,26,2.09,1.5801225
196,164,0.38,1.189541
195,237,2.91,0.8953402
190,151,9.15,7.8173456
219,60,0.7,0.73572093
192,54,2.66,3.3987231
196,25,0.39,0.5439136
192,74,0.21,0.19486171
194,231,3.9,5.084813
202,136,1.96,3.3188589
219,238,2.61,4.423682
191,239,0.16,0.5854688
191,88,3.75,4.3085613
200,83,0.45,1.3478231
217,63,0.06,0.34321797
220,19,1.55,1.9772032
202,170,4.96,15.0652075
201,163,618.0,608.10297
190,105,5.48,4.3120737
200,54,0.21,0.24602483
204,121,0.76,0.8971179
190,10,38.7,18.731905
219,167,8.32,9.911947
217,225,0.1,0.39217502
200,41,0.2,0.50180984
195,247,4.49,3.0339675
200,104,4.59,5.1054034
196,105,3.14,3.7277703
218,173,3.32,2.4509394
202,151,3.9,6.461485
201,177,1.18,1.0803963
192,64,0.039,0.14187755
190,114,2.61,1.4007505
200,67,0.16,0.33736947
204,132,0.99,1.069319
191,61,0.48,0.38760296
219,138,0.79,1.1324617
219,248,0.33,0.7569774
191,158,11.3,13.451874
217,218,0.64,0.6126831
191,68,1.58,2.3991423
201,215,0.31,0.56017685
219,176,0.22,1.4541386
194,238,10.8,16.210115
201,102,557.0,726.65326
220,116,0.23,0.5596677
218,10,18.2,17.804346
196,145,0.17,0.5477491
204,50,13.4,11.5292
191,29,1.52,1.1900448
217,22,0.29,0.5725739
190,191,2.63,1.1332262
191,169,11.9,20.850702
217,157,0.82,0.7557354
202,229,0.3,0.41823062
204,36,4.76,6.523634
218,89,0.84,0.8795471
193,25,0.1,0.095280804
195,13,18.5,21.699028
195,195,4.29,5.0251107
197,78,2.99,2.29515
196,67,0.27,0.25252664
202,160,4.18,5.1355357
201,241,1.24,0.43725452
194,210,0.51,0.81006306
213,43,1.45,1.2355942
201,183,0.53,0.73613
216,83,0.77,0.9023817
218,60,6.88,7.8471103
220,101,0.59,0.54738826
204,143,1.6,2.0013852
193,4,1.24,0.9918558
190,182,0.41,0.4105186
191,119,0.29,0.3311845
202,193,0.29,0.4164291
195,223,0.014,0.22674064
217,131,10.8,12.878294
190,204,0.81,1.2170309
204,171,0.035,0.078848995
190,197,0.45,0.6550753
213,196,0.33,0.42285413
190,188,2.0,1.0284436
214,213,27.1,13.651282
210,54,0.35,0.77246684
215,137,0.55,0.9914166
209,239,3.68,2.4650037
210,10,5.9,3.031526
209,168,1.31,1.2069876
208,25,6.75,12.619072
207,166,1.39,2.1545668
214,229,46.1,39.7307
210,27,0.92,1.4707779
209,145,2.46,1.0718255
215,106,1.54,1.3947366
206,168,24.0,46.051018
209,128,19.8,17.467321
215,70,0.49,0.43017292
207,127,1.27,1.9949282
215,89,0.36,0.68680006
209,97,9.74,8.703754
214,194,17.1,20.811462
209,181,0.77,0.5283236
215,154,0.036,0.24102555
207,141,1.46,2.4731364
207,185,1.76,2.4337265
209,66,5.07,4.0916677
209,199,0.8,0.46846834
208,85,0.56,1.4828726
209,75,6.68,5.428109
208,107,2.81,4.3581896
206,196,33.2,69.029434
208,141,0.82,1.4248023
209,217,1.69,1.1507056
209,51,2.82,1.9463272
208,127,5.67,7.665327
215,123,3.39,3.321277
206,181,25.4,68.89629
209,35,1.5,1.5406686
209,114,9.48,7.543204
209,225,0.34,0.5212892
206,155,20.3,37.61126
201,103,506.0,641.9024
217,26,0.29,0.44044074
197,67,0.75,0.6820706
217,162,0.75,1.0030738
219,21,0.55,1.7389113
219,4,2.75,3.090718
218,93,0.67,1.0534501
190,80,126.0,124.45496
195,116,47.8,58.26929
197,77,2.77,1.7916669
197,44,0.17,0.33507615
217,116,6.53,7.6189075
195,140,105.0,103.84139
217,5,1.42,2.8869717
198,59,14.6,10.573482
197,145,42.5,43.67166
194,103,6.87,9.09515
219,47,0.46,0.6476534
218,123,1.49,1.0800986
217,212,0.58,0.69509476
197,41,0.26,0.6640429
217,71,0.36,1.2131511
198,48,5.97,5.305043
200,9,1.12,1.0463803
217,201,0.56,0.5942043
218,214,1.89,2.330176
201,144,512.0,606.8049
219,115,0.38,0.94829386
216,227,0.12,0.52331287
217,102,3.13,5.363395
219,95,2.17,3.6518936
201,157,515.0,764.7858
218,137,0.36,0.6023168
201,92,490.0,672.896
217,189,2.49,3.2269578
197,119,26.4,23.388386
218,107,0.74,0.5863362
218,175,3.03,4.269836
217,173,1.24,1.387585
219,112,4.66,3.671888
218,192,4.94,1.9440447
217,147,11.6,18.329327
197,130,42.1,44.05801
218,74,10.4,8.462511
199,208,0.39,1.2549669
217,132,9.84,11.849978
217,84,2.08,2.423793
219,32,0.97,1.0538845
219,78,0.23,0.40722704
197,17,2.91,2.3763595
201,115,525.0,785.25085
218,47,5.34,1.1214374
197,104,28.6,3.9477303
219,59,0.48,0.64790386
218,162,1.68,1.8877441
201,129,545.0,717.5815
196,246,0.12,0.14769776
212,40,0.61,0.6233711
209,226,0.31,0.46985224
198,158,0.4,0.6164681
206,133,24.3,16.793365
208,82,0.49,1.7419631
206,157,19.2,50.82694
208,109,2.52,4.4360595
207,70,2.58,0.67083406
206,84,15.9,2.6437647
215,128,0.51,0.7747728
220,65,3.6,5.504364
206,118,17.0,16.166185
220,75,0.61,1.1096339
209,127,17.8,17.749617
198,135,0.55,1.150707
214,228,42.3,57.06959
206,229,47.6,76.860146
209,146,2.39,1.1711959
208,97,0.26,0.8116999
212,156,6.3,2.851237
206,198,31.6,68.28833
207,193,0.4,0.7327321
214,249,49.6,61.64806
206,171,22.7,60.810753
200,214,182.0,252.77075
207,139,1.39,1.8851255
209,112,8.51,8.005517
215,19,53.8,81.37654
211,139,4.06,2.5168023
209,182,0.65,0.5088742
209,50,2.74,1.6694661
207,237,1.11,4.843758
206,11,6.83,6.187795
208,41,0.04,0.16233613
211,167,4.67,2.7555761
210,35,1.37,3.083951
215,155,0.03,0.31430924
215,90,0.3,0.75391406
215,170,0.76,0.784576
212,97,0.25,0.26623097
209,218,1.66,1.0942053
206,21,1.09,1.2835398
210,74,1.37,1.2037358
209,65,4.27,4.0461707
215,188,0.43,0.7824622
207,190,1.66,1.912265
208,128,5.38,6.9947376
207,175,1.3,2.0021257
209,76,5.65,5.1266174
215,71,0.41,0.34762463
209,200,0.75,0.75690293
211,113,2.64,1.8954945
206,143,23.7,46.264057
214,215,22.8,12.846147
209,240,3.44,2.594128
210,26,0.91,1.6170241
220,90,2.7,1.2741631
213,26,0.35,0.5472541
215,59,1.01,1.2890218
207,124,1.16,1.8112264
212,178,1.42,1.8310472
206,214,44.4,65.29318
208,12,3.48,4.462033
206,76,1.01,1.4188837
210,9,5.74,3.3201575
198,186,10.8,11.78422
209,96,8.74,8.415985
210,55,0.32,0.7196555
207,101,5.93,1.6199988
208,56,0.17,0.43852583
207,41,2.88,2.255653
212,205,0.58,0.52010685
208,61,0.52,1.2506056
206,184,24.5,74.98532
205,224,1.24,3.3009682
207,57,1.06,1.4885851
207,222,0.46,0.88235635
212,190,0.37,1.0693682
212,76,0.05,0.20883135
208,0,2.46,4.9038405
209,169,1.21,1.2720747
209,34,1.23,1.3395708
207,105,0.3,0.5710234
211,135,4.09,2.6254008
206,47,1.24,1.5911316
212,236,1.16,1.956803
214,196,16.9,22.552246
214,174,12.3,9.914409
215,210,0.88,1.4637823
212,48,0.9,0.76175195
208,156,1.28,2.4120617
208,140,0.84,1.2461153
207,21,0.44,0.70501006
206,238,2.94,1.7171181
214,183,14.3,8.803264
210,85,0.25,0.31300214
207,88,3.54,1.0601449
208,24,6.26,10.152046
215,122,3.14,4.847415
205,203,0.36,0.7802539
215,104,1.5,1.5526619
198,149,5.5,3.1136768
212,139,3.89,3.5780342
212,118,0.55,0.645317
212,111,0.11,0.34848806
217,101,3.12,2.3057833
203,118,0.48,0.32191342
210,197,10.6,16.686426
213,227,8.4,5.282165
216,84,0.68,1.0021203
204,144,2.16,2.2801988
213,49,1.4,1.5529283
219,88,2.1,2.560858
208,176,0.5,0.6949608
219,101,4.68,8.10946
216,175,1.25,1.4789655
220,47,0.97,0.8335755
200,185,93.0,112.65561
203,124,0.65,0.9656152
214,23,1.03,1.3600638
213,144,1.74,2.443055
210,130,0.75,1.2873155
219,67,0.71,0.56522846
213,110,0.06,-0.010786636
204,186,0.72,0.98197067
200,166,48.1,78.04687
204,23,3.79,3.1815019
213,73,0.48,0.5430707
200,249,284.0,276.11102
203,165,5.41,5.1344256
201,67,451.0,513.0784
203,219,0.77,1.2959287
217,88,2.03,1.8015823
210,230,17.3,28.230848
211,235,30.3,53.202824
216,22,0.26,0.50634027
220,127,0.62,0.4467048
211,67,1.37,2.7829285
217,167,1.23,1.5469946
220,112,1.06,1.023071
204,172,0.029,0.124626525
203,107,2.03,1.4679341
211,33,1.61,0.956621
216,197,0.97,1.3106734
201,15,302.0,296.00626
216,3,2.93,3.2509677
203,248,0.67,1.0595973
214,108,2.74,3.2020617
208,187,0.86,1.4972458
215,51,66.9,74.852936
216,118,0.27,0.53488696
204,49,13.3,10.175138
216,146,2.15,3.0008368
210,220,14.5,15.129489
217,24,0.29,0.46678227
204,37,5.32,9.48963
216,204,0.09,0.23569106
203,228,0.88,0.989091
214,47,0.09,0.34753713
216,54,4.9,4.057084
205,102,0.37,0.5185052
200,144,15.2,21.27028
204,117,0.6,0.8955759
204,133,1.01,1.1426107
201,77,473.0,501.70792
220,48,0.33,0.42028618
205,113,1.85,1.4273632
205,88,0.74,0.70022243
201,147,526.0,789.28284
211,78,1.74,2.4933228
217,76,0.33,1.2749047
219,5,0.53,1.2504631
214,42,0.19,0.4977067
213,132,0.7,0.7979011
205,70,11.6,10.499007
214,146,0.71,2.7164829
210,209,11.8,14.6491375
220,26,0.19,0.47771975
216,71,0.69,0.9978638
203,207,0.15,0.47105414
205,192,0.4,0.48974144
203,238,3.31,3.5352736
203,155,2.75,1.7358807
205,124,3.8,2.804624
216,34,1.4,1.5010532
208,241,0.12,0.54648405
210,113,2.92,3.9248753
205,59,7.06,5.2296495
214,134,0.34,0.47384503
204,162,6.18,4.2315474
211,19,0.14,0.6730492
213,120,1.09,1.6994265
204,210,6.74,3.9360938
203,72,2.71,2.4132745
211,218,21.4,28.383038
219,50,0.51,0.68377477
205,159,0.55,0.6575547
208,203,1.18,1.4936118
203,195,1.06,0.9589945
203,93,0.94,1.3540945
200,177,58.4,64.6835
213,212,0.49,0.8209862
219,209,1.68,3.5243905
203,145,1.08,1.04436
219,172,8.11,11.1064625
210,151,0.86,1.4592248
201,42,439.0,500.26956
218,238,2.96,3.7745645
205,149,2.7,1.3201971
214,71,0.09,1.0799446
214,160,1.81,2.1370068
216,39,2.19,1.9454703
210,186,6.68,8.906574
219,222,1.97,1.7181506
211,95,0.6,1.121439
220,23,1.37,1.0077493
204,5,3.61,1.0725763
219,130,0.55,0.98622745
220,3,0.45,1.4477171
216,64,0.36,0.98260444
214,121,1.38,1.4694035
219,149,1.69,2.5543277
213,158,2.16,2.351924
204,73,25.6,28.736776
209,6,0.11,0.28241
212,21,46.1,76.45156
214,0,9.28,11.113504
203,13,0.44,0.40806243
213,85,0.8,1.2940626
201,52,450.0,568.0872
210,99,1.02,1.4552523
201,26,304.0,249.94798
216,158,6.34,8.038845
219,192,0.92,1.718558
212,5,34.5,70.49916
203,174,3.5,5.9653053
215,32,60.2,72.30848
200,156,36.7,65.98094
211,3,2.41,2.2596533
219,151,5.11,7.0774813
219,235,2.54,3.945013
204,222,0.59,1.3022252
211,43,1.05,1.0825858
213,197,0.34,0.3720414
205,47,1.21,1.0291673
216,105,0.18,0.336087
204,196,3.32,2.6818745
203,23,3.07,1.0848342
213,170,2.69,4.1521254
203,181,7.45,8.496671
214,82,0.18,1.1764814
204,106,1.55,1.5716158
204,61,24.8,27.338171
219,116,0.47,0.9632639
213,16,8.65,14.318064
219,80,0.44,1.007236
218,38,5.46,4.1390715
197,227,1.51,1.2555432
198,10,5.42,4.005991
217,246,14.9,14.486959
194,170,0.18,7.1902494
197,111,30.8,9.608107
199,66,2.49,1.2758139
217,249,16.7,17.033928
196,214,0.13,0.25156808
199,39,10.9,12.089199
199,63,0.56,0.3441851
197,235,0.09,0.32374
198,23,0.1,0.57339495
217,236,4.09,4.445569
196,210,0.036,-0.01170414
197,206,11.2,1.879715
199,54,2.97,0.8517267
218,210,0.06,0.22167645
218,205,0.65,0.9090057
218,198,0.17,0.32877105
196,231,0.1,0.03842485
199,31,6.97,5.7685556
196,224,1.17,1.6244789
218,15,1.2,1.2153301
199,144,0.34,0.5903873
197,88,3.4,4.1046224
194,147,0.81,1.5421221
194,131,0.15,3.905616
195,92,40.1,48.216213
197,94,26.0,18.13197
198,231,1.15,1.3065028
197,213,21.2,14.168373
198,20,3.23,1.2474532
199,108,11.0,12.222969
197,198,1.82,1.0436076
197,191,0.8,1.0015321
218,35,2.54,1.3298377
197,179,0.24,0.2255577
196,218,0.72,0.39712363
197,82,4.16,5.1466455
195,88,35.7,48.222336
199,133,2.23,1.4061139
196,203,0.25,0.35162243
197,151,0.1,0.113907814
199,11,0.23,0.13088779
218,29,0.53,0.34663588
218,21,3.38,3.4519763
217,238,6.26,6.954404
194,89,4.1,10.061177
218,140,0.56,0.6674469
197,165,0.13,0.106808394
199,174,3.66,2.3625453
199,122,13.6,10.018259
197,220,0.26,0.44560555
207,220,0.46,0.7046411
198,187,14.5,11.50618
207,194,0.56,0.5392835
205,205,0.31,1.1115702
206,91,101.0,3.5919065
207,10,15.7,1.0882152
207,102,16.9,2.0073676
207,38,34.5,2.212259
206,104,116.0,7.670355
207,24,2.5,0.50746316
207,83,9.73,1.3159388
207,52,22.1,1.505335
208,42,0.034,0.22087078
207,69,13.2,0.5452023
206,22,0.44,1.2601912
206,119,91.0,14.245569
218,148,1.8,1.1208591
214,97,1.96,2.8115714
216,40,2.61,2.134266
217,191,0.55,0.55782104
210,103,2.9,3.7376637
217,64,0.47,0.79986376
216,85,0.71,0.68692654
210,152,0.61,1.6776884
217,12,0.32,0.30806923
217,204,0.55,0.57380784
218,239,3.02,4.1835947
201,34,386.0,497.97113
218,77,10.5,8.779722
216,108,0.27,0.5196326
219,117,0.74,0.9253613
218,126,0.37,0.456656
219,6,0.54,1.5108277
201,2,256.0,329.93213
218,95,0.73,0.2155271
216,93,0.17,0.24701723
216,72,0.55,0.9780033
214,116,1.46,1.4934994
216,46,4.54,4.183067
218,165,3.23,3.1783862
218,124,1.53,1.2688558
218,180,5.01,3.1041317
219,152,6.27,7.53174
217,122,10.0,12.752742
211,68,1.26,2.4991357
217,179,2.69,2.8972442
217,91,3.27,4.1978407
201,148,489.0,715.6618
201,54,394.0,516.0023
218,62,7.32,7.542314
219,150,1.66,3.058037
218,46,5.46,5.6889987
201,71,415.0,428.8427
201,57,394.0,484.97107
219,87,0.47,1.0347208
210,117,0.75,1.413591
219,51,1.3,0.5535641
217,105,6.94,8.425697
214,150,1.7,2.222579
217,168,1.21,1.3518147
218,94,0.82,0.971778
217,78,2.13,1.4083683
200,236,247.0,264.49054
201,104,460.0,807.41077
219,37,0.82,0.595862
216,205,0.1,0.033581674
218,0,23.0,14.2109585
216,65,0.39,0.8941618
217,149,0.67,0.5200745
211,92,0.72,0.9790392
201,118,490.0,709.9823
216,26,1.54,1.7186928
194,23,3.35,3.9820213
194,80,4.18,9.469711
192,191,1.52,2.2191634
194,22,1.62,2.1742337
199,40,12.3,8.887291
195,109,44.4,51.955738
194,7,0.51,1.017442
193,225,0.18,0.51182795
194,135,0.88,2.6511452
198,225,21.1,14.428027
198,249,0.69,0.7165397
194,109,0.034,0.15398715
193,106,0.54,0.6683812
190,56,108.0,87.49562
199,195,0.7,0.5231625
192,168,0.25,0.7308846
198,124,0.89,0.7808366
194,36,0.06,0.35056537
198,55,14.4,9.107991
199,190,8.29,7.2994895
192,220,0.58,0.4401718
193,249,0.35,0.5263302
192,196,0.12,0.61168027
194,181,1.1,0.7264309
199,92,8.28,7.6369805
199,178,7.17,2.8916433
194,47,0.23,0.50091445
196,239,0.1,0.1439318
193,173,15.0,20.83272
194,58,1.72,3.365858
199,45,2.87,2.6679242
198,90,0.5,0.3040767
193,156,12.8,16.388498
195,99,43.4,55.32121
199,4,0.94,1.3484864
192,174,0.6,0.5656025
193,113,0.68,1.3148665
190,63,107.0,107.04595
193,8,1.24,3.3377683
190,84,140.0,119.8524
193,235,0.43,1.018996
193,196,0.06,0.20588054
199,12,0.23,0.16942972
193,57,0.035,0.3770954
199,76,5.37,4.2915134
193,189,0.5,1.5452452
194,68,2.66,5.041715
193,146,4.97,2.966873
197,10,2.54,2.643692
199,138,0.4,0.33993632
194,38,1.08,1.1127545
198,141,7.06,4.1220803
199,67,2.56,1.1956213
193,201,0.042,0.30428383
198,66,1.56,1.31846
199,132,2.57,1.5176601
198,117,0.61,0.52586335
197,99,27.7,10.93704
199,164,0.66,0.9784852
193,99,0.27,0.53693724
194,14,0.49,1.8928171
193,66,2.0,1.0961959
197,113,25.7,19.538
199,121,15.7,15.885542
197,124,39.3,43.169464
190,48,144.0,82.45239
190,91,234.0,256.7855
193,131,2.67,4.435606
197,20,0.14,0.4874146
193,138,3.57,11.2475605
198,159,0.81,0.3102184
192,205,0.71,0.50388926
190,71,124.0,127.886665
194,172,0.19,0.4594089
195,143,101.0,100.74764
194,92,6.12,10.238288
199,55,0.54,0.12132438
197,30,0.21,0.40141952
193,123,1.5,1.3735191
198,100,1.03,0.6581955
192,227,0.27,0.60192496
198,111,0.15,0.641132
193,217,0.78,1.32091
193,210,0.42,1.4617949
190,39,157.0,93.82983
194,187,1.13,0.7843741
194,148,0.3,0.62380886
197,136,41.5,38.028442
199,148,0.22,0.3195262
193,234,0.08,0.26956198
199,109,13.6,12.895268
193,46,0.049,0.31129426
192,213,0.21,0.24296828
199,82,2.49,1.7198889
192,236,0.4,0.55191517
193,83,0.025,0.014794072
198,82,1.76,0.97419554
199,23,7.73,6.397228
193,74,0.02,0.13852039
195,121,49.8,51.691616
194,122,0.2,0.47346336
194,159,0.17,0.41136107
192,180,1.24,1.1834888
194,104,9.38,12.45693
197,0,0.77,0.7900086
215,195,0.71,1.2906673
212,225,0.15,0.85757303
215,175,0.32,0.64168155
202,184,0.38,0.42615896
212,247,2.59,3.7893174
211,140,3.82,2.3389282
200,70,0.55,0.6168744
212,206,0.69,0.43361437
212,229,0.09,0.19137757
212,191,0.37,0.82856363
220,76,0.55,1.1410621
213,194,0.34,0.40566593
211,173,4.25,1.8073908
202,211,0.57,0.3262872
202,18,1.59,1.7190965
202,163,7.75,13.011421
202,28,9.33,11.005896
201,225,2.34,1.118498
201,235,1.14,0.65613014
201,195,1.14,1.1482131
212,99,0.09,0.38603622
220,49,0.31,0.4928764
202,141,5.19,6.1109653
200,44,0.35,0.4189442
202,152,5.73,3.5993946
200,32,0.23,0.20513132
200,134,30.3,16.828148
203,33,6.24,9.11323
202,130,3.07,3.7333965
213,71,0.31,0.9951846
211,119,3.81,2.7115657
213,171,2.53,4.314907
202,13,1.23,1.3516906
200,125,31.9,57.93862
200,57,0.35,0.5611163
220,27,0.18,0.32365528
220,60,2.21,2.3659477
203,42,7.61,13.309293
202,72,5.38,2.336756
213,117,1.02,1.3452828
202,218,1.2,1.5328654
212,189,1.38,1.0515298
213,11,4.29,8.845368
213,185,1.84,3.45152
212,237,1.24,2.1426458
212,25,0.29,0.44423202
200,96,11.9,4.617342
201,171,0.97,1.3678963
212,49,0.7,0.7961
213,125,1.26,1.504317
202,173,1.39,0.9171902
203,51,0.57,0.8227633
190,122,0.33,0.57545495
211,194,8.88,11.480302
211,100,2.63,1.731649
212,61,0.06,0.23227662
212,140,3.72,3.5512638
213,86,0.75,1.3810642
202,118,0.96,1.4469194
203,81,0.29,0.89817923
212,137,0.51,0.60563254
212,157,6.53,2.9260845
212,81,0.34,0.29262573
214,247,43.1,58.805683
220,126,0.22,0.33474272
213,60,0.28,0.4225142
203,29,3.11,4.0618615
202,220,0.92,0.32258597
200,106,21.9,8.525292
213,38,0.41,0.69623774
203,82,0.58,1.0320244
202,96,2.48,3.8493493
213,5,3.53,5.615823
201,186,0.32,0.34649518
202,88,0.99,2.1535463
220,111,0.5,0.6742963
213,104,0.06,0.030045932
213,55,3.69,1.9567508
192,224,0.27,0.5855493
193,75,0.02,0.3762619
193,116,1.48,1.3177321
190,35,93.1,83.22275
219,7,0.59,1.7050946
197,31,0.2,0.5007968
191,228,1.36,3.052555
191,152,10.7,18.087955
217,123,9.98,12.440994
194,173,0.17,0.40376884
218,78,6.83,10.271616
190,29,41.9,38.66105
192,129,0.22,1.5562639
195,132,96.0,95.51619
199,110,14.4,13.659347
196,60,0.24,0.17414978
192,181,1.2,0.9971558
197,114,25.2,22.688292
192,79,0.3,0.4649605
199,145,0.23,0.32208723
191,83,3.22,2.6390157
199,124,2.29,1.4464562
218,52,7.24,5.740039
193,36,0.4,1.0910474
193,67,1.82,1.5052768
196,71,0.22,0.67473185
197,128,38.9,34.238083
196,128,0.23,0.40339586
197,21,0.13,0.37609643
192,134,0.35,0.556423
193,132,3.57,4.7336683
193,33,0.044,0.7797313
219,23,0.84,1.0282679
192,104,3.23,3.0011427
218,240,3.7,3.6320124
197,1,0.71,0.73861444
199,56,0.48,0.18969643
198,101,0.98,0.701683
195,122,50.3,53.502842
194,48,0.23,0.3804168
190,40,108.0,90.18895
196,193,0.33,0.46009192
218,39,5.19,5.222055
199,191,7.32,5.9702234
199,93,6.38,7.3425674
192,185,1.56,1.8170784
193,100,0.54,0.621434
194,16,1.69,2.2326224
196,47,0.22,0.13380158
197,100,30.0,14.301255
196,240,0.08,0.15255402
192,162,0.25,0.55544835
217,29,0.32,0.54748887
193,182,0.49,1.2355304
195,83,36.1,43.741188
194,39,1.03,1.0444558
218,79,0.73,0.77268296
192,110,0.29,1.0828211
193,174,14.8,18.15299
196,188,1.59,0.6909469
192,216,0.57,0.40990385
190,216,1.3,2.063739
219,68,0.35,0.4593646
193,124,2.94,5.581912
197,11,2.49,2.5814335
192,27,0.15,0.15489285
199,196,0.6,0.62171197
191,162,9.73,16.777409
194,93,6.79,9.197577
196,84,1.09,1.4651433
192,193,0.11,1.0299994
197,137,39.2,39.662045
191,138,7.84,15.875258
217,150,0.66,0.76099217
192,126,1.17,1.0510836
217,106,6.7,9.768339
190,72,160.0,112.209
192,107,0.09,0.41802445
193,211,0.88,1.3610492
218,32,2.45,1.5893562
193,26,0.06,0.1846533
190,31,89.6,79.11949
193,47,0.046,0.36355305
191,97,3.0,3.4866338
217,192,0.53,0.3084036
201,127,479.0,684.4477
193,203,0.52,1.1634712
218,215,2.0,3.0672796
193,84,0.028,0.12516746
195,72,35.8,44.610764
200,21,1.05,1.810444
199,13,0.22,0.23553224
218,96,0.7,0.3951314
192,121,0.78,1.5159681
193,140,4.97,3.0845675
199,134,0.3,0.40492353
191,53,0.41,0.39415762
191,170,7.9,14.776584
218,141,0.53,0.79797524
193,108,0.67,1.1891448
192,117,0.031,0.096446626
193,190,0.06,0.19963501
219,46,0.53,0.68449575
218,127,0.34,0.8245054
201,149,455.0,619.593
192,90,0.21,1.0938221
192,94,0.24,0.8136633
194,31,0.05,0.32632694
195,157,0.53,0.6471497
192,247,0.67,1.0587859
218,166,3.38,3.3780394
196,111,6.51,5.06535
193,243,0.34,0.30579978
193,55,0.035,0.2853054
192,171,0.56,0.7314377
219,131,0.62,1.0912695
191,72,2.36,3.1948764
192,65,0.035,0.057983413
195,100,45.5,56.55377
192,17,0.4,0.9201471
201,133,455.0,652.50354
192,9,0.17,0.40257373
199,165,3.48,2.8019617
198,93,0.5,0.3711415
192,143,0.45,1.354506
200,3,1.27,1.019994
199,209,5.47,5.4206905
218,149,1.77,1.5343468
193,227,0.07,0.20743346
193,236,0.4,1.0438161
193,41,0.09,0.7142799
192,49,2.5,3.0009787
193,9,1.15,3.0480907
192,102,2.01,1.2390187
192,75,0.16,0.49128774
193,197,0.047,0.23312671
190,64,144.0,92.586044
199,41,11.3,10.528113
191,223,0.55,1.0705432
190,49,120.0,93.47994
192,152,0.74,1.3647633
194,1,0.52,0.97589064
198,54,5.82,4.6377687
196,180,1.35,0.6610477
194,9,0.54,2.7159097
218,194,0.18,0.17857406
218,206,0.07,0.15833676
190,247,2.81,4.406124
192,209,0.17,0.3110072
192,233,0.38,0.54296285
192,114,0.08,0.5721134
196,204,0.27,0.29457486
217,205,0.52,0.5170711
218,199,0.6,1.0258284
218,181,5.03,3.2914999
192,201,0.71,0.6490044
199,83,2.39,1.7614183
199,227,0.7,0.63946784
193,15,0.08,0.47817114
192,239,0.3,0.34928384
191,233,0.17,0.4598285
195,60,27.0,32.52973
199,155,0.64,0.6802656
199,236,0.08,0.06834871
198,65,14.3,9.3379135
190,57,136.0,88.00426
199,175,6.27,2.8507679
194,24,3.78,1.8842854
193,95,0.27,0.48150468
195,110,46.1,61.695667
192,44,0.32,0.7032109
193,220,0.19,0.42468637
194,136,0.85,2.0870233
193,157,11.6,15.931502
219,102,5.49,3.2663705
218,110,1.5,1.2203509
192,99,1.19,1.3367583
200,12,3.31,3.4323978
199,218,9.35,6.7309136
207,23,0.31,0.41302225
206,35,0.25,1.1050836
208,144,1.08,2.0274944
211,109,2.61,1.9444708
207,168,1.41,1.4392686
211,141,3.67,2.3922462
215,176,0.29,0.9435016
215,196,0.63,1.002352
198,130,0.33,0.6999856
205,216,0.64,2.8146164
208,88,0.25,0.9457745
212,82,0.32,0.32168415
206,185,77.0,59.099277
207,215,0.49,0.84485626
220,77,0.53,1.1903421
209,228,0.26,0.45316303
208,3,14.9,5.264991
207,2,1.41,1.0900127
207,106,0.48,0.57297814
207,240,12.1,4.551062
207,195,0.2,0.5290834
206,146,64.3,32.902275
206,217,91.8,63.370636
200,204,242.0,243.27878
212,207,0.25,0.5764401
215,75,0.41,0.35742983
214,175,13.2,8.757959
220,99,1.26,1.3912778
208,63,2.52,1.2970711
208,15,5.93,8.247183
208,46,0.14,0.400383
209,40,2.86,1.4256408
212,238,1.26,2.1237304
206,201,86.2,59.189674
207,116,1.77,2.696935
207,37,2.74,2.1781936
198,142,7.11,3.659707
212,141,3.57,3.4396734
212,179,1.32,1.1346179
209,173,0.53,0.6893485
209,148,2.21,0.96859485
208,131,0.82,1.3482198
207,130,1.99,2.2566223
198,160,1.0,0.45518252
206,135,61.1,31.046007
209,78,6.02,4.0731235
214,165,11.4,11.398195
207,176,1.45,2.2518382
198,188,13.7,11.965943
215,3,44.2,53.990643
206,159,70.0,28.265644
208,44,0.015,0.26485518
210,36,1.29,3.1471796
212,158,5.8,3.5297294
214,234,42.7,55.30663
212,119,0.47,0.79832923
212,62,0.05,0.20245512
208,99,2.54,3.9495625
212,26,0.24,0.4476071
206,243,1.77,1.1489205
209,242,3.14,2.209938
209,157,1.02,1.2902234
209,103,8.39,8.697201
207,95,1.73,2.0514638
220,66,3.3,4.2281737
215,161,0.57,1.1036347
207,65,0.85,0.6616427
206,37,0.84,2.0895596
209,55,4.84,4.306849
209,87,8.82,5.696347
206,6,4.17,4.9964056
206,172,71.7,82.04963
210,1,4.94,4.0646772
190,92,246.0,250.74031
211,120,3.73,1.8353416
212,100,0.08,0.23850684
207,82,0.94,1.1937759
209,208,1.52,1.1815226
212,59,0.65,0.645548
214,184,16.2,15.13445
215,52,0.95,0.6878795
206,114,54.8,15.872958
207,51,1.71,0.93496895
205,206,0.17,0.9179667
213,27,0.37,0.4210557
208,113,5.16,6.822752
209,189,0.74,0.91349196
212,192,0.35,0.74285835
207,228,1.03,3.5178528
213,67,0.33,0.6757975
206,86,5.73,2.213673
208,71,0.6,1.9816464
206,64,0.75,1.0907029
206,102,8.97,8.7123165
206,129,57.6,12.487582
210,118,1.12,1.1465575
213,239,8.56,11.863953
201,93,410.0,539.3284
201,150,440.0,594.73346
217,136,11.5,13.7581415
213,145,1.39,2.1468718
213,74,0.79,0.47190708
219,210,1.67,1.7568353
214,117,1.24,1.7902455
201,105,439.0,704.1151
216,47,4.05,3.9248853
218,80,0.63,0.92441636
216,86,0.6,0.7197458
218,97,0.68,0.42882967
219,89,2.37,2.2233224
219,132,0.57,1.2382834
217,43,0.28,0.6060125
217,169,1.2,1.4589716
217,151,0.58,0.49575934
216,27,1.5,1.311231
201,123,473.0,660.02655
219,244,0.24,0.41259184
219,81,0.43,0.66492337
216,109,0.2,0.69496155
216,206,0.1,0.134979
218,53,7.0,6.9557295
217,206,0.5,0.8282254
213,159,1.75,2.6269763
213,228,7.94,10.875962
214,48,0.09,0.2350067
217,124,9.6,14.432648
211,207,18.3,22.699318
211,69,1.09,2.728106
197,166,0.13,0.09938754
214,24,0.77,0.97307986
200,237,351.0,252.89276
217,13,0.32,0.62289166
201,134,447.0,623.55023
219,8,0.6,1.1608211
218,241,3.03,3.0201905
214,68,0.08,0.4619181
201,80,406.0,489.30276
218,182,4.97,3.0891988
201,29,436.0,517.18677
213,172,2.43,4.5457926
217,30,0.69,1.2075459
219,223,1.89,1.9134907
220,50,0.31,0.4285615
219,231,2.42,4.415402
213,39,1.29,1.2995433
216,73,0.5,0.94335127
219,180,1.32,1.8105267
215,241,2.45,2.9255698
216,11,0.11,0.44762167
201,58,435.0,456.48663
214,11,1.93,1.6829476
219,69,0.26,0.5049949
214,98,2.59,2.7735898
197,152,0.1,0.0033246235
217,193,0.5,1.0123907
217,107,6.45,7.085333
213,105,0.05,0.017962767
215,37,56.2,62.936615
219,103,5.14,4.459912
218,128,0.36,0.36773664
218,150,1.73,1.2300558
197,45,0.16,0.19954702
197,61,0.67,1.0548934
214,151,1.68,2.2968483
220,38,0.78,0.7229568
219,38,0.5,0.4631169
215,23,49.1,65.92345
217,65,0.39,0.92691255
220,4,0.34,1.4625759
212,12,42.0,67.58112
219,160,9.1,9.614781
211,248,32.1,63.223686
214,45,0.19,0.54130316
216,41,2.37,1.5071917
216,249,1.54,1.7428112
218,167,3.23,3.2586641
214,72,0.15,1.0434974
213,87,0.72,0.95257795
217,219,0.11,0.48494646
219,153,5.93,7.5366316
219,52,0.5,0.6833578
201,72,448.0,377.57645
213,191,0.33,0.4326519
220,14,1.11,2.2237809
214,122,0.48,0.57836175
216,94,0.12,0.21897699
217,180,2.55,3.3358753
219,142,1.55,2.2747145
220,28,0.17,0.6043995
197,180,0.28,0.1783769
216,217,0.09,0.54221296
214,136,1.03,1.733757
217,54,0.01,0.22349551
211,219,19.9,25.067106
218,111,1.4,1.0743076
197,68,2.42,2.8588486
213,213,0.44,0.6731665
217,92,2.88,3.7997465
218,1,17.5,16.773731
213,217,6.81,11.313494
219,24,0.79,1.209705
217,90,2.03,1.9538499
218,64,9.98,8.163814
216,66,0.34,0.96300966
219,174,0.2,0.6157328
214,89,1.68,3.1648304
219,118,0.48,0.96219814
211,83,0.5,1.0118068
210,153,0.57,1.0225719
201,3,370.0,390.6873
201,243,0.58,0.49587315
194,193,0.74,0.60557836
202,38,0.07,0.1215041
210,165,5.92,2.2615633
217,14,0.61,0.57240665
211,155,4.35,1.6376226
215,177,0.59,0.5981712
215,162,0.45,0.68565357
220,67,3.14,4.1141768
210,15,0.73,1.262596
210,37,0.95,3.8691638
215,197,1.07,1.1289335
212,159,5.84,3.115615
212,27,0.25,0.4976147
215,61,0.53,0.47985756
212,193,0.43,0.7260189
215,4,41.3,41.13598
209,190,0.78,0.57948196
207,144,2.57,1.9813393
209,56,5.52,3.077975
209,41,3.2,0.7909499
208,114,4.82,3.9894505
215,140,0.029,0.092210725
212,63,0.07,0.1796193
206,186,54.1,41.65011
214,217,31.8,24.784199
208,158,1.48,0.9239814
210,46,0.33,0.8176378
213,28,0.38,0.62427765
212,120,0.51,0.67272216
215,93,1.42,1.3100128
214,235,37.1,50.436504
212,101,0.08,0.21948181
210,62,1.01,0.986595
220,78,0.49,1.2315043
209,88,9.56,4.9695764
212,180,1.29,1.0329492
215,108,2.19,2.09939
214,200,20.3,27.630487
212,50,0.7,0.5888711
212,83,0.49,0.23544745
211,101,2.52,1.7306284
214,185,15.4,17.648808
215,76,0.42,0.36345527
208,132,0.84,1.0506974
209,104,15.6,6.1546226
212,208,0.65,0.35859478
212,239,1.03,1.4997356
206,65,0.87,0.8189286
215,129,0.45,0.44103086
190,93,273.0,240.20891
209,119,16.3,13.283095
206,218,66.3,80.93293
214,166,9.59,6.6810803
209,158,1.1,1.2331815
211,121,3.72,1.9124163
209,174,0.51,1.1554021
210,78,0.28,0.3585658
209,26,2.23,0.86215746
211,142,4.31,1.7392509
212,142,3.47,3.1041386
209,149,2.15,1.4231539
209,209,2.16,0.66496503
209,79,6.88,3.1818225
190,184,1.98,0.9038613
200,147,64.5,61.628853
201,236,0.94,0.68668073
205,144,2.24,1.7129571
208,192,2.33,1.0215052
201,17,335.0,306.90408
190,178,1.54,0.61497325
216,149,11.8,6.3766713
200,45,0.28,0.39771423
200,58,0.22,0.52504003
190,115,1.92,1.3142164
195,3,20.1,19.48414
196,16,1.85,0.77247983
190,237,2.34,3.1249256
200,33,0.15,0.5247302
205,76,2.43,0.60269994
205,38,2.14,1.0148274
200,79,0.41,0.9574312
210,175,9.49,9.444211
208,232,0.16,0.2375678
205,186,1.33,0.40679106
202,142,5.53,5.6176934
195,18,20.6,20.69193
194,226,5.14,4.9367685
218,183,6.28,2.9723322
218,65,9.23,8.230002
217,37,2.04,1.5855716
196,139,0.59,0.59449065
205,108,3.05,1.0276142
202,5,1.03,1.0328275
214,137,2.28,1.5281467
201,138,496.0,582.538
208,249,0.14,0.20456626
219,119,1.2,0.68248725
191,111,0.22,0.62713027
214,49,0.08,0.41347304
214,73,0.15,1.1707348
201,210,0.73,0.66186947
217,133,16.8,7.2562737
203,34,13.0,3.138632
200,238,329.0,290.33582
194,194,0.46,0.6554478
201,187,0.25,0.4603266
216,207,0.09,0.05349874
196,6,0.44,0.47382042
196,85,2.51,1.333778
208,207,2.9,1.739906
195,173,2.12,2.3471029
202,183,0.66,1.0449132
190,201,1.04,1.4701889
218,129,0.4,0.4487682
200,107,8.78,2.913974
218,81,1.01,1.0733596
190,168,0.7,1.397002
192,1,2.5,1.9990153
202,39,0.03,-0.018852452
196,129,0.55,0.16296478
203,3,0.26,0.48267555
202,29,11.0,12.032009
203,198,0.16,0.92357713
203,100,2.11,1.7484995
218,98,0.69,0.84264183
218,112,1.68,1.5703566
210,160,4.54,2.000679
219,133,0.95,1.0975204
219,161,15.0,8.757946
201,151,492.0,543.8364
196,112,22.2,5.260605
200,97,3.7,3.477859
195,150,4.19,3.8919497
202,14,1.42,1.2750818
202,19,2.07,1.4688479
203,94,1.18,0.89575994
211,8,0.22,0.5179956
195,180,3.48,3.4112902
203,147,1.44,6.037325
216,167,1.63,1.2988439
191,106,0.43,1.1125343
191,15,0.87,0.5638662
191,204,1.65,1.9779639
210,119,1.59,1.1820477
201,94,438.0,616.926
192,18,0.28,0.9438545
219,25,0.88,0.9941157
210,104,3.24,3.637732
191,234,0.25,0.79681724
201,226,2.63,2.1039112
205,160,0.54,0.64302737
191,209,2.52,1.8078601
200,178,139.0,61.77054
202,185,0.42,0.450773
194,205,1.25,1.0090486
196,48,0.37,0.54683465
205,116,5.09,1.7018083
195,216,0.006,0.10857115
216,123,0.85,0.971255
217,44,0.29,0.55023414
216,218,0.3,0.49487448
190,106,3.8,2.1771054
195,201,0.6,0.9378199
192,76,0.45,0.3613879
191,163,13.6,5.4872007
203,125,0.39,0.9922043
190,192,2.61,1.2107478
219,104,10.2,5.8324704
196,61,0.25,0.07675434
218,151,2.1,0.8795029
195,61,35.0,31.515615
201,4,332.0,336.7557
191,65,1.48,1.724761
191,96,2.85,1.8375841
197,54,0.14,0.3149895
203,83,0.81,0.7613105
191,7,0.45,0.32367748
214,152,2.49,2.1915007
200,71,0.3,0.58279526
192,80,0.86,0.35053733
190,123,0.22,0.6050078
190,198,0.57,0.97693646
216,189,1.36,1.3850979
215,24,45.6,86.86541
200,170,94.2,46.015606
202,208,0.49,0.43427908
219,39,0.63,0.57388663
214,99,3.16,1.9241738
190,223,0.37,0.3803231
192,248,0.85,1.3653704
208,178,1.33,1.0113765
217,207,0.66,0.5805053
192,153,1.3,1.415383
190,12,30.9,2.9617515
211,27,1.06,1.3896503
195,32,28.0,25.917068
215,242,2.42,3.5238178
203,240,0.83,0.8574885
191,23,2.33,0.7131051
202,221,0.33,0.46459112
192,28,0.33,0.27611455
218,54,7.81,5.0116563
191,44,0.28,1.0026299
191,179,0.3,0.33267087
190,18,32.9,133.8105
203,213,0.35,0.49499688
216,147,6.8,2.273146
210,237,1.7,1.9654658
193,27,0.07,0.21350092
190,148,6.52,1.6851193
190,207,1.69,1.4710082
211,84,0.59,1.2891771
201,106,455.0,712.29205
200,139,38.4,27.791433
200,90,3.04,2.1730943
217,137,18.2,13.3145
202,131,3.24,4.415205
190,6,31.7,2.6266663
192,10,0.46,0.53269726
191,84,3.73,4.203905
196,31,0.51,0.29030937
191,54,0.97,0.60782045
217,194,0.57,0.75637835
195,73,57.0,36.30747
197,69,2.65,1.9356936
218,168,3.91,2.587746
192,144,0.56,0.66515434
196,96,10.1,1.528935
195,188,4.4,4.468173
203,24,4.45,1.8403978
191,241,1.91,3.6396675
203,73,0.29,0.6800469
203,178,6.13,2.8461137
215,224,0.4,1.2644526
211,249,32.9,54.623947
190,152,0.37,0.65362036
194,240,14.0,16.225256
210,222,17.0,25.45603
201,172,0.64,0.7840907
192,240,0.4,0.3161895
203,220,0.89,1.1416985
203,43,17.2,4.3458014
200,86,0.76,1.9571766
212,13,44.8,72.5673
190,158,0.99,0.6284499
195,225,3.99,1.2385492
210,188,11.9,11.445777
217,152,0.64,0.46737257
208,165,0.83,0.80796367
192,66,0.08,0.018040912
210,200,13.4,12.935416
201,119,500.0,557.88324
195,46,31.7,22.26841
200,126,36.5,8.017458
191,177,10.4,1.107724
194,233,10.9,20.387495
191,153,16.8,28.258013
202,164,12.8,4.4454985
214,35,0.19,0.6203273
202,97,3.38,3.467644
192,45,0.75,0.4130276
205,62,17.0,20.684004
205,89,0.46,0.47528896
191,120,1.25,1.2884338
191,189,1.05,0.9891021
204,6,3.44,1.3072127
219,181,4.73,2.467774
217,55,0.1,0.1859765
192,50,2.85,4.2205186
197,55,0.75,0.8745636
191,73,3.08,3.0684812
205,128,1.08,1.3471305
196,152,1.25,0.30352265
195,238,5.55,2.4997382
190,0,21.7,27.906979
191,33,0.55,0.5609341
193,16,0.12,0.5984933
219,53,1.13,0.8819008
215,38,53.7,67.50549
216,12,0.2,0.48154724
190,145,0.16,0.73421234
202,153,8.07,4.413067
203,59,0.74,0.73258424
203,65,1.3,2.050235
203,113,0.54,0.276413
203,157,3.08,4.931091
202,89,1.06,2.3195748
211,34,1.28,1.5903915
218,2,19.9,15.191594
211,220,21.4,25.922583
190,139,1.49,2.6746237
194,212,2.25,1.2518003
205,49,13.4,5.738961
201,179,0.47,1.1151401
203,187,0.93,1.439653
202,55,0.12,0.22717406
203,136,0.46,0.8653694
202,215,1.29,1.8757219
201,167,0.26,0.8898301
194,219,3.14,2.4303226
195,208,0.96,0.7490307
196,166,5.87,0.781691
191,139,10.5,5.6784105
203,18,2.01,0.7704326
219,70,0.4,0.6159883
195,144,0.47,0.4694103
200,157,71.2,48.299572
210,245,1.99,2.41691
210,211,15.1,20.930414
203,167,3.32,4.258536
201,196,0.95,1.0492388
217,9,2.7,1.2726655
214,123,0.35,0.56492156
201,244,0.36,0.63341
190,231,2.92,3.5243332
197,167,0.11,-0.006178641
217,108,10.9,4.936116
195,158,0.77,0.7313564
210,154,1.03,0.92566913
190,173,0.25,0.1063282
196,72,0.32,0.35636318
211,57,1.09,2.598298
197,153,0.049,0.13454716
192,135,0.35,0.35154256
211,70,1.35,1.7905669
211,49,0.67,1.8276342
202,73,3.24,2.6284013
210,91,1.06,0.88550824
198,15,4.74,1.875632
200,4,1.37,0.9615807
199,176,6.64,2.0811481
198,24,0.1,0.40817344
198,172,3.1,2.8319864
199,94,8.03,5.4379406
194,59,1.7,2.5755968
198,226,23.1,12.4155445
199,46,2.76,1.7206903
199,113,17.1,8.443436
194,188,1.13,0.6776247
194,137,0.89,1.605952
199,111,15.4,11.057455
199,166,4.27,2.275139
198,193,0.14,0.115544416
199,219,9.66,9.10167
198,11,7.71,3.925294
198,189,13.5,9.90604
199,14,0.22,0.16667208
190,77,140.0,191.52467
199,228,0.7,0.7461713
194,94,7.63,5.636264
199,156,0.7,0.7968994
194,157,0.4,0.6946927
217,239,8.18,5.9357147
218,22,4.02,2.7408466
198,197,0.23,0.35665992
194,174,0.13,0.3135818
199,197,0.95,0.5892866
198,40,2.12,1.5638914
199,135,0.33,0.6375556
199,42,11.4,11.643213
197,221,0.4,0.6291282
218,14,1.63,1.0854243
198,179,7.34,3.4617352
198,44,6.97,5.408098
198,112,0.29,0.39469543
197,243,0.25,0.20254773
194,182,1.05,0.7765381
190,94,275.0,173.21077
199,210,5.8,5.528942
199,125,2.63,1.1676629
199,192,8.24,5.057123
198,152,0.63,0.27789202
197,237,0.11,0.22937644
198,125,1.17,0.75275
199,68,2.45,1.1286597
197,234,1.61,1.4385029
198,1,2.08,1.305794
198,118,0.47,0.4188911
197,199,1.85,1.1331079
199,57,0.44,0.05047813
199,237,0.09,0.10388141
198,217,6.91,6.784789
194,69,2.72,4.2082863
198,164,1.16,0.76569206
198,240,7.5,5.0228386
199,84,2.79,1.8163551
217,230,5.08,3.5124273
190,90,162.0,158.19614
200,22,1.15,1.2012225
198,232,0.86,0.87920827
198,31,0.09,0.09245698
199,24,6.62,5.338623
194,123,0.16,0.6023175
198,204,0.38,0.6227275
194,110,0.03,0.13454103
199,146,0.16,0.37815952
198,137,5.38,2.6627197
194,81,4.74,16.585161
198,212,5.68,3.6600692
197,207,9.82,1.2868412
194,160,0.21,0.3455627
210,120,0.93,1.4895257
213,240,8.26,10.387113
213,6,2.99,6.317198
212,14,43.8,77.738464
210,105,2.56,3.4222345
213,68,0.32,0.71304643
212,84,0.49,0.23044662
203,52,0.71,0.717546
210,92,1.06,1.2967862
215,77,0.34,0.2998654
209,13,0.84,0.80440366
209,105,12.1,7.6020246
211,143,3.87,2.3982065
211,50,0.6,1.9324216
200,205,258.0,188.42891
211,9,0.2,0.58471483
212,248,2.03,2.9953535
202,40,0.009,0.12790759
201,233,2.47,1.5743514
205,103,2.5,0.977511
215,74,0.55,0.2721926
209,175,0.51,0.7745661
212,194,0.38,0.63812894
215,178,0.59,0.5100884
202,174,0.5,0.96799815
210,47,0.28,0.5849826
214,74,0.12,0.868967
216,150,10.5,6.335586
207,107,0.62,0.47058383
203,47,14.5,3.2736027
208,224,8.43,2.9039836
201,18,341.0,345.50955
212,181,1.18,1.3109149
207,117,2.04,1.7815195
212,230,0.07,0.37542883
220,15,0.99,1.5186318
200,135,25.1,41.442333
210,155,0.73,0.7966553
201,197,0.83,0.91640323
209,134,23.3,22.986145
206,187,57.7,65.19179
213,192,0.32,0.43855664
202,212,0.97,1.9197185
209,89,9.55,5.012874
202,146,3.97,5.0280404
211,35,1.18,1.5855279
208,233,0.09,0.2693292
215,130,0.41,0.4814109
216,190,1.11,1.4773427
202,154,4.87,5.100467
214,138,1.9,1.4077423
210,2,5.29,3.063761
211,221,19.7,28.203688
214,124,0.26,0.504884
194,195,0.4,0.3322142
213,214,0.41,0.64097404
203,35,12.1,3.783728
205,77,1.41,0.7105775
214,95,2.13,2.7570941
206,58,1.27,0.98234975
203,84,0.52,0.7144615
208,179,1.05,1.2076916
212,0,31.8,48.61381
213,88,0.62,0.98871
215,141,0.023,0.21075645
214,1,1.16,2.0824413
210,223,16.4,24.225405
210,246,1.97,1.5952705
202,132,2.44,4.394656
213,12,3.86,5.4128394
201,245,0.26,0.4980773
210,166,3.35,1.7791524
220,29,0.2,0.23479077
207,177,1.29,2.2140007
208,219,4.11,2.3499942
216,95,0.2,0.16239946
208,16,10.3,6.1888475
213,186,1.14,2.1174107
200,229,323.0,252.52475
211,28,0.97,0.8648402
214,186,14.6,16.63054
212,209,0.27,0.4201229
210,139,0.27,0.25203758
220,61,2.13,2.1559706
205,63,14.4,12.685473
205,90,0.41,0.5582179
200,130,32.6,23.76561
209,159,0.86,0.9496371
213,56,3.51,2.635143
201,8,339.0,261.8929
210,201,13.1,14.365659
208,100,2.23,2.793132
214,218,30.7,23.921513
212,64,0.06,0.27181336
213,218,6.67,10.711293
200,193,153.0,156.58908
200,199,177.0,179.70735
208,145,1.18,1.3803842
211,102,2.45,1.3796339
216,87,1.88,0.5773222
214,21,2.17,1.6977572
213,133,0.57,0.5019183
190,124,0.21,0.5682155
215,109,2.19,3.3163674
220,39,0.82,0.65635717
220,102,0.49,0.60868555
220,117,0.25,0.30983153
205,161,0.51,0.7897914
200,239,330.0,274.89777
214,153,2.56,2.2614872
214,25,0.91,0.79475397
208,161,1.68,1.1611416
208,166,0.63,0.6666809
216,6,0.51,0.66466814
201,188,0.24,0.37816235
209,80,6.68,2.6123102
212,51,0.54,0.58650076
211,85,0.52,0.93083566
210,212,15.3,20.267902
213,106,0.046,-0.010734535
202,202,0.45,0.20204754
215,94,1.46,1.001675
214,100,3.44,2.046325
210,16,0.69,1.2901725
213,29,0.32,0.7885816
213,126,1.12,2.0257418
211,122,3.45,1.8185927
220,73,3.14,4.1780376
203,74,0.26,0.588495
216,208,0.09,0.008860349
203,25,3.04,2.9199235
209,210,1.64,0.74504083
215,225,0.4,0.7716987
211,208,18.2,22.772886
211,71,1.33,1.7346658
210,189,11.1,13.294508
209,57,5.53,3.8318005
207,131,1.93,1.2096126
208,115,4.7,7.5841346
209,229,0.25,0.49686107
215,163,0.42,0.6320063
219,232,2.77,3.2601788
214,50,0.08,0.44343308
213,160,1.72,1.6590937
200,59,0.22,0.34803247
209,18,0.3,0.65465957
200,49,0.26,0.3352991
215,198,0.97,0.9117
200,34,0.14,0.53331983
211,156,4.21,1.2751119
213,17,7.15,16.710703
215,39,50.8,61.034122
220,5,0.42,0.8814362
205,145,1.96,1.7250232
200,222,319.0,218.79419
210,133,0.37,0.2258231
215,25,44.2,65.31841
208,72,0.87,2.1489456
201,44,450.0,485.77283
202,98,2.77,3.7205055
208,193,1.57,1.2154536
209,191,0.74,0.46146315
206,202,70.3,70.910934
212,240,0.94,2.0103781
209,27,1.86,1.1125102
219,182,3.63,2.4052925
208,244,1.53,1.0147578
212,143,3.16,2.7421076
209,42,2.82,1.3667843
216,137,5.04,2.9746253
210,238,1.39,1.4376686
206,147,26.1,29.563179
209,243,3.33,2.628637
208,208,2.81,1.4863659
214,201,19.0,19.285364
214,119,1.5,1.3347074
216,110,0.6,0.64690924
202,30,9.97,12.163457
205,181,0.44,0.30336326
205,50,9.81,3.9959962
209,150,2.19,1.4470274
206,66,0.97,0.839467
216,48,5.3,6.2585397
201,31,435.0,464.07895
219,245,0.29,0.4572526
213,173,2.29,3.3245323
209,120,15.0,15.124387
219,224,1.78,1.5186901
202,119,0.82,1.2593335
215,236,1.12,0.5494374
206,173,43.7,46.83161
202,186,0.36,0.4502756
205,172,1.6,1.8910921
208,133,0.92,1.2886684
219,211,1.84,1.9558616
220,85,0.49,1.4556196
205,117,4.01,2.1703658
210,63,1.08,0.83176947
213,118,0.96,1.5846201
200,218,268.0,315.63495
215,215,0.12,0.13078767
205,129,0.77,1.1059175
220,51,0.34,0.49282894
211,58,0.96,2.5729828
212,102,0.07,0.18976268
219,171,14.0,8.026049
211,195,9.01,8.487958
206,219,78.1,64.99431
214,69,0.07,0.39486834
213,61,0.3,0.42587793
212,28,0.18,0.2646364
206,160,37.9,27.249464
202,90,0.98,2.5205128
213,40,1.75,1.3052499
209,0,0.11,0.24804172
215,5,41.0,40.724865
215,243,2.42,3.4378943
201,59,452.0,502.19717
216,13,0.31,0.49942902
202,222,0.25,0.47339365
210,79,0.2,0.36394015
211,236,28.7,60.12487
207,169,1.15,1.4767118
213,229,7.8,14.156963
213,75,1.04,0.464874
214,236,38.7,50.359108
213,146,1.41,1.4341242
210,176,8.89,5.6356163
203,66,1.08,2.1046803
200,98,3.51,3.1936023
212,121,0.44,0.60165155
210,38,0.98,3.2223644
212,160,4.97,3.662587
205,39,1.78,1.3297784
202,10,1.38,1.2432142
197,93,32.7,14.388774
197,87,3.22,3.8605042
198,213,5.03,3.6017034
218,3,20.3,18.205421
217,240,8.12,5.898666
218,23,3.95,2.706902
191,219,1.25,1.3920571
193,117,1.13,0.88102984
201,85,489.0,663.69836
192,172,0.5,0.52576727
195,19,20.6,22.557098
194,82,4.22,12.117206
217,31,1.54,1.6314437
191,210,2.3,1.5447927
193,68,2.85,0.6705861
198,30,0.1,0.31115624
217,208,0.6,0.504274
198,12,7.02,4.0218644
191,74,2.6,4.108332
193,228,0.07,0.36273956
198,16,4.33,1.5891514
196,49,0.28,0.64969367
201,152,513.0,566.99414
196,215,0.12,0.16345426
195,47,30.2,22.554317
192,225,0.24,0.1374177
200,13,3.28,4.1023254
196,241,0.08,0.3214158
197,2,0.55,0.47504765
194,40,1.17,1.1469728
193,158,13.4,9.065083
218,142,0.55,0.46985608
191,140,8.5,7.470593
198,32,0.09,0.10152573
198,205,0.31,0.5965892
218,82,0.76,0.8995682
191,224,0.6,0.8424795
201,95,495.0,506.4982
219,40,0.45,0.7227278
192,163,0.21,0.41458395
193,48,0.048,0.2532128
191,180,0.27,0.4156108
192,145,0.54,0.60080045
193,237,0.37,0.6802033
195,101,58.8,56.791344
194,124,0.14,0.5130023
196,211,0.04,0.07299751
217,195,0.53,0.52250195
195,4,18.7,20.677433
191,99,3.2,3.374874
196,62,0.2,0.108549245
191,172,7.96,1.7320447
194,70,2.56,4.382097
194,161,0.18,0.35976598
217,247,16.5,13.983587
218,33,3.2,1.3187854
217,79,3.15,1.1208296
192,46,0.4,0.533913
195,84,51.6,39.818855
192,130,0.28,1.0377126
197,192,0.96,0.91594064
218,169,3.43,3.0544655
218,130,0.4,0.44742003
192,202,0.73,0.49293715
195,123,64.0,45.060787
197,181,0.22,0.18083912
190,36,67.2,124.267685
192,81,0.48,0.37316144
194,17,1.52,1.1265813
195,239,3.65,2.1922872
192,77,0.24,0.5986176
194,10,0.63,3.0422716
196,32,0.48,0.49165973
197,125,50.9,38.48444
196,153,0.76,0.3788091
218,207,0.04,0.116279826
191,24,1.76,0.695249
193,202,0.037,0.12901346
190,19,24.0,51.421432
218,200,0.58,0.44343907
196,97,6.25,1.188992
197,200,1.83,1.1210986
195,74,51.9,40.126606
190,32,61.8,9.326431
192,51,2.55,3.4307475
198,38,1.91,1.2703952
190,76,138.0,180.63647
192,122,0.91,1.5114821
198,102,1.63,0.6873631
191,154,11.3,25.004475
195,62,32.1,31.129374
218,216,2.12,2.4061797
198,218,6.2,4.796883
192,234,0.33,0.47264892
197,214,20.2,11.58456
192,186,1.44,1.7645955
191,205,1.58,1.9945979
217,231,5.39,4.0830584
194,241,12.2,17.524525
192,118,0.043,0.17338674
193,125,2.24,5.0569425
218,55,7.81,6.3281026
197,244,0.26,0.2690381
198,165,1.03,0.76127404
218,184,5.08,3.0709078
193,212,0.63,1.6833999
192,194,0.11,0.40129226
191,45,0.25,0.7122233
193,204,0.32,1.0316267
193,76,0.021,0.12646961
192,105,3.57,2.3876677
192,108,0.14,0.5088848
193,133,3.01,10.818471
219,134,0.71,1.1365074
190,208,1.24,1.4272991
196,219,0.64,0.35556275
195,159,0.6,0.40309098
198,91,0.55,0.40997365
195,93,54.0,45.96949
192,29,0.23,0.31010792
193,183,0.36,1.186797
198,246,6.9,5.5972495
216,124,0.48,1.1083294
190,107,2.5,2.5449698
190,116,1.64,1.3518997
191,121,0.98,1.2495992
191,229,1.48,2.0761151
197,138,52.7,29.134542
217,125,17.4,9.883995
192,241,0.36,0.40105656
193,17,0.07,0.41133547
193,101,0.51,0.53667563
219,26,0.77,0.8754341
198,173,2.78,3.468491
197,208,9.49,1.0139763
193,221,0.14,0.36609465
190,238,3.36,4.0287247
199,15,0.21,0.29415354
197,56,0.64,0.5424488
198,45,6.87,4.082511
194,95,6.66,6.648647
191,190,0.81,0.7923119
190,50,94.0,87.82364
195,133,125.0,81.78038
195,189,4.09,4.1520076
217,153,0.66,0.34624043
197,115,33.4,22.596249
197,168,0.11,0.02999568
192,154,0.84,1.5671786
197,22,0.31,0.57287806
197,46,0.11,0.33987075
200,27,0.18,0.6193611
217,181,3.87,3.404796
218,152,1.96,0.94065744
198,67,2.75,1.8185332
196,73,0.26,0.32976344
198,56,18.7,8.568667
201,120,546.0,574.6461
195,226,3.33,1.4885747
219,105,7.18,5.363446
192,249,0.69,1.369797
194,49,0.23,0.5427142
194,25,3.32,4.2049403
193,85,0.026,0.18992089
196,130,0.43,0.2584826
192,67,0.06,-0.033738967
217,66,1.9,0.7880813
192,101,1.89,1.2973053
219,127,0.7,0.7178899
217,138,18.7,11.75239
192,95,0.25,0.59233916
191,85,3.21,3.949936
197,70,2.54,1.5871788
193,28,0.05,0.28085327
192,127,1.22,0.694507
191,164,10.2,15.697539
219,71,0.22,0.7337055
193,40,0.72,5.3739634
197,161,0.037,0.2046262
196,232,0.13,-0.027394729
197,228,1.62,1.4287496
195,89,52.7,38.82304
193,141,5.52,4.1430974
192,136,0.36,0.5906619
190,41,88.4,61.48722
196,181,1.41,0.5656628
194,32,0.038,0.34973577
196,17,1.89,0.7255811
193,244,0.21,0.9418164
191,55,0.92,0.52667093
196,113,14.5,7.1885433
193,42,0.05,0.3214851
196,194,0.41,0.270009
194,111,0.029,0.11311042
192,217,0.53,1.2120751
193,175,15.8,9.903755
193,58,0.06,0.33851314
194,138,0.64,2.3934433
191,130,6.46,3.9381185
218,30,0.78,0.39415392
195,39,25.8,34.059032
197,12,2.97,2.0437477
192,111,0.43,0.45947033
201,107,521.0,603.6436
196,189,1.48,0.65358716
198,2,1.72,1.1227556
193,10,1.89,2.1603262
201,135,528.0,483.10416
198,233,0.85,1.1798763
216,219,0.22,0.50724286
217,228,0.2,0.38490114
217,56,0.031,0.25805947
218,40,5.19,3.8196318
196,167,3.84,1.1286637
194,2,0.32,1.2078164
193,35,0.07,0.72868645
190,65,114.0,110.26476
192,19,0.33,1.5814497
219,9,0.66,0.67407686
196,205,0.51,0.30226937
196,140,0.39,0.26420555
197,101,27.7,9.9694195
218,113,1.54,1.0010132
218,242,2.69,2.4525468
193,92,0.27,0.36640492
219,90,2.71,2.0912411
196,7,0.28,0.42314467
192,115,0.4,0.3226767
218,66,8.34,10.6391735
197,32,0.45,0.55299777
217,109,9.29,5.133214
192,11,0.34,0.54624206
192,2,2.14,1.5205759
194,60,1.6,3.054978
192,93,0.23,1.0847607
191,112,0.19,0.26748505
217,93,4.06,3.4837785
195,111,61.7,48.360847
194,149,0.4,1.2858571
217,170,1.88,1.5808313
191,16,0.37,0.48196808
217,49,0.22,0.57327485
194,175,0.12,0.23104194
191,34,0.42,0.61719614
190,169,0.53,1.1940682
193,109,0.63,0.88333005
217,0,2.34,2.1727295
196,86,1.84,1.5292876
190,58,112.0,32.49973
191,235,0.21,0.74763536
196,225,1.49,0.69025165
218,99,0.69,0.8240731
219,54,0.78,0.9165099
200,23,1.04,1.0943305
192,182,1.26,1.8035479
197,83,4.43,4.9705997
193,191,0.07,0.29803562
198,83,2.51,0.6252618
192,100,0.85,1.9323887
191,242,1.72,2.2994165
192,210,0.24,0.7999355
197,236,0.09,0.29620573
209,151,2.14,1.2203038
214,202,18.4,22.473091
207,26,3.5,1.706316
212,161,4.6,2.4704373
206,120,17.1,12.649348
209,121,14.4,18.11443
212,103,0.05,0.17357233
215,53,1.3,0.60441285
211,157,3.89,1.7493427
209,249,3.09,2.0114446
215,95,1.41,1.1723446
212,29,0.15,0.2926842
208,116,4.5,7.0302677
208,30,0.014,0.120985754
198,161,0.86,0.40907606
205,196,0.13,0.36496493
212,52,0.47,0.71534437
208,134,0.86,1.3996218
211,103,2.45,1.7984321
215,131,0.38,0.538991
209,176,0.5,0.80118173
207,42,1.66,0.683548
215,142,0.02,0.043880485
209,90,8.3,4.3688054
209,58,4.66,4.1705804
210,3,4.99,3.184028
211,123,3.31,1.8194221
215,62,0.42,0.15592612
207,22,0.45,0.6253792
210,48,0.22,0.7378702
214,176,12.7,8.064323
212,122,0.43,0.53945935
212,222,0.26,0.72015905
215,6,39.4,48.08039
214,237,37.5,47.884045
209,211,1.54,0.7542849
214,187,14.9,13.554487
215,78,0.32,0.6639007
214,219,29.8,34.081535
209,28,1.77,1.1041816
207,196,0.13,0.38006774
206,23,0.25,0.8598836
207,209,0.48,0.90003335
198,144,6.9,3.9414845
209,81,5.41,3.3529418
190,95,270.0,156.21313
215,164,0.39,0.50793266
212,65,0.05,0.2676768
215,110,2.02,4.833762
210,17,0.62,1.144148
209,106,9.25,7.2048726
209,192,0.73,0.52924544
209,160,0.79,1.0999417
214,167,10.0,10.561446
209,43,2.74,1.3280666
207,103,1.74,2.5537207
215,212,0.95,0.8935894
209,230,0.2,0.57952434
211,93,0.37,0.9536335
212,231,0.13,0.20807359
201,246,0.27,0.45169932
214,245,38.2,42.451527
211,80,0.86,1.270896
210,134,0.36,0.17799385
210,142,0.2,0.21244347
211,172,3.6,1.133777
200,240,281.0,282.8568
212,177,4.21,2.6464078
194,196,0.4,0.32423684
210,77,1.01,1.1663872
210,115,2.54,3.316076
210,131,1.72,1.2573146
215,238,0.95,0.6327581
209,135,20.1,17.165081
212,79,0.048,0.1427637
216,7,0.47,0.263522
211,196,6.77,9.228861
200,224,234.0,209.8809
210,161,2.58,1.2128639
202,41,0.016,0.024051126
215,213,1.36,0.84033513
200,232,259.0,230.33871
201,9,284.0,272.8852
214,163,1.84,2.5782752
200,226,196.0,266.67426
215,233,0.37,0.8064105
220,24,0.8,1.919912
216,111,0.23,0.8308839
215,35,50.6,67.58999
219,170,11.7,8.3532505
215,240,0.93,0.9080859
216,49,4.83,6.2551765
211,86,0.37,1.3979226
201,45,366.0,427.77985
216,24,0.29,0.4902118
215,7,43.6,41.730824
201,30,359.0,437.67227
200,235,223.0,199.34831
201,5,262.0,306.90482
201,61,367.0,402.28378
214,120,1.19,1.5972724
211,203,7.73,10.764572
209,140,20.2,12.0707655
214,144,1.23,1.0934335
216,107,0.16,0.21600251
210,138,0.28,0.17459407
210,64,1.0,0.61003363
209,19,0.27,0.65309376
210,80,0.2,0.5110209
215,246,2.26,2.8927712
214,94,2.19,3.6528726
210,39,1.15,3.2882504
216,88,0.83,0.4647059
216,209,0.06,0.08290597
219,191,3.0,1.8321854
215,221,0.21,0.37208715
199,211,5.19,5.4493623
217,118,9.17,3.9057791
199,157,0.68,0.45760754
219,41,0.43,0.60142696
218,56,8.23,6.5955253
199,198,0.82,0.6595947
217,139,15.9,8.772923
195,20,17.7,21.416178
218,114,1.51,1.3573556
200,26,1.06,1.2378696
196,149,0.25,0.31500968
218,185,5.38,3.0443459
199,69,2.08,1.2713763
218,67,10.7,9.483669
199,47,2.77,1.1479212
217,32,0.82,1.5232719
218,143,0.58,0.6816451
191,80,2.12,4.0773716
196,8,0.17,0.41983017
199,136,0.27,0.361256
199,193,7.41,5.287121
199,126,2.88,2.1900692
194,242,10.0,17.3667
190,212,1.18,1.2061005
217,1,1.74,2.406827
196,18,0.91,0.95863247
196,87,1.67,1.3984295
200,5,1.21,0.9653372
199,43,10.2,13.623953
195,33,21.1,29.43811
196,168,0.34,0.89089197
218,34,3.06,1.2589347
216,222,0.14,0.4318579
217,220,0.22,0.6664984
199,238,0.07,0.09643575
196,37,0.14,0.36037675
199,85,2.59,2.7164023
201,153,439.0,522.65936
217,57,0.006,0.27012408
218,100,0.71,0.79364455
191,92,2.79,2.9274492
218,41,5.01,3.3455505
199,95,7.18,6.00546
197,71,2.44,1.5519003
197,154,0.042,0.16653396
199,25,5.92,4.64419
196,114,5.91,4.9245243
201,83,383.0,676.4956
217,45,0.2,0.501279
218,83,0.65,0.66654676
199,58,0.46,0.1763724
201,137,425.0,632.08966
218,208,0.06,0.18886372
217,215,0.44,0.5248001
196,98,3.72,1.4256582
201,96,372.0,579.8377
218,195,0.15,0.058322363
196,131,0.43,0.25322032
196,81,0.26,0.52572125
218,131,0.45,0.5865887
191,0,3.53,1.3383056
218,201,0.52,0.8032499
218,170,3.59,2.7641056
199,177,6.38,1.2927474
192,30,0.18,0.3255186
197,47,0.11,0.13465141
199,112,17.5,10.707229
201,121,439.0,773.76685
197,57,0.63,0.6999821
197,169,0.06,0.072872035
217,126,13.5,9.199353
199,167,3.73,2.3111424
218,153,1.93,1.3849432
195,227,2.52,1.2117052
218,217,2.07,2.5333343
217,196,0.49,0.39065623
199,147,0.06,0.26538143
196,50,0.17,0.32641366
216,125,0.29,1.117496
199,114,18.7,8.501272
196,154,0.37,0.33651954
199,229,0.68,1.192186
217,15,0.37,0.4849337
219,27,0.65,1.1243882
195,48,24.6,22.699724
199,220,9.46,10.271291
195,160,0.51,0.36043382
199,16,0.19,0.4333944
195,190,3.96,2.8699143
195,240,2.87,1.9713488
191,98,3.2,2.4830322
195,5,16.2,22.683914
215,8,40.9,51.89642
198,191,12.6,7.3074636
205,78,0.69,0.68666846
208,180,0.76,1.0730554
210,167,2.81,4.978391
211,10,0.17,0.85628045
208,167,0.63,0.90908563
205,40,1.29,1.4848802
205,104,1.64,1.1147581
205,185,0.44,0.4249234
205,91,0.4,0.3857555
208,234,0.11,0.084678926
205,153,1.99,1.1259636
205,130,0.71,1.118621
205,64,9.23,8.162431
205,118,2.84,2.6096802
205,51,6.29,4.4404407
210,199,9.96,10.450423
205,162,0.55,0.48574436
211,6,1.68,1.0120896
211,51,0.79,1.3524181
210,177,6.87,6.4754715
208,194,1.32,1.2230121
210,239,1.01,1.5636615
211,52,0.78,1.578373
203,19,3.59,1.0703889
203,158,7.39,4.9921103
210,213,15.1,13.8496685
203,221,4.35,0.47524258
210,190,10.8,11.740252
210,247,2.09,0.718094
204,84,40.3,68.49182
202,99,4.52,1.6253667
208,225,8.62,3.196385
215,239,0.85,0.6057384
201,198,0.93,1.6081258
204,79,35.7,51.069717
203,26,6.96,6.314981
203,75,0.42,1.1007515
200,231,252.0,234.55391
205,5,0.73,1.2069788
202,74,2.93,1.5798614
205,92,0.55,0.3731692
203,44,6.85,3.9887536
205,10,0.21,1.2148656
211,59,1.79,2.4438455
211,36,1.36,0.91609585
208,245,1.39,0.5822557
200,136,21.7,19.141716
203,114,0.51,0.27398577
205,173,1.62,1.5462271
203,168,5.58,4.2424655
204,7,6.94,2.1755693
203,101,1.99,1.400161
202,91,1.14,2.1233225
202,197,0.16,0.2941513
203,36,6.24,4.27283
208,209,3.57,1.6012952
210,121,0.77,0.85398304
210,178,6.94,7.0676327
209,136,18.6,13.874927
200,242,269.0,318.45728
205,119,3.3,2.1451445
203,67,2.58,2.0179708
204,89,53.6,55.880344
203,186,15.7,3.6616955
216,210,0.08,0.40331706
208,157,1.1,1.1376039
205,52,7.83,3.7711756
209,1,0.48,0.35484946
203,199,0.32,0.6237234
200,179,176.0,113.77425
201,27,259.0,311.72617
211,11,0.21,0.7415919
209,20,0.26,0.33865404
210,240,1.15,1.5370476
200,148,60.6,51.083263
202,42,0.046,0.038512528
203,95,2.04,0.8312657
216,191,1.22,1.2273687
200,221,229.0,183.25172
202,20,2.28,1.6075362
205,169,0.62,0.7387667
202,31,13.2,14.815593
203,214,2.02,0.5975757
205,15,6.17,1.1992774
203,4,0.28,0.414191
194,197,0.38,0.5416263
203,126,0.28,0.87140423
200,168,127.0,75.675
203,241,1.73,0.6290146
210,106,2.42,3.6829383
204,93,59.5,54.297318
202,203,0.44,0.4154252
200,225,236.0,184.69594
208,220,5.04,1.9750816
208,164,1.55,1.3943657
200,55,0.22,0.40286076
202,15,1.85,0.9122588
200,115,9.93,4.774865
203,85,0.26,0.38404614
202,219,1.45,2.0388975
210,135,0.34,0.15764873
202,133,1.74,2.7424119
201,189,0.26,0.31299025
200,187,195.0,106.76882
205,79,0.97,0.4131052
205,26,0.85,1.8259476
210,81,0.21,0.38345045
211,29,1.07,0.687737
200,206,220.0,208.43187
205,41,1.29,1.6148807
202,143,5.47,7.448137
210,140,0.26,0.0784177
205,182,0.59,0.38089618
205,105,2.54,0.6819067
210,202,13.9,8.849228
210,156,0.64,0.5552204
202,161,3.38,6.9551888
203,137,0.97,1.466247
203,188,1.7,1.3988458
208,181,3.23,0.741813
200,158,85.3,80.41387
208,235,0.61,0.055818904
203,53,0.79,0.42892393
205,31,1.67,1.9673007
206,61,1.96,0.72605234
205,131,1.43,1.0770116
208,168,2.17,1.0774192
203,148,2.88,3.023988
202,223,0.33,0.7032594
210,93,1.05,0.86132336
216,138,2.94,2.44073
201,247,0.27,0.49597466
211,87,0.55,1.6856548
211,72,0.94,1.1357073
210,224,17.9,24.949718
200,127,30.1,29.896608
216,151,7.17,11.9339905
205,65,10.6,10.291469
210,162,3.18,3.6594005
200,194,164.0,142.79663
205,146,2.12,1.0641576
208,195,4.06,1.200914
209,14,0.72,1.1138806
217,27,0.36,1.0306139
209,91,7.71,2.9338396
214,177,12.2,7.261547
212,162,3.24,2.6902504
213,30,0.28,0.44982448
214,168,11.3,7.976188
214,238,32.4,38.49699
215,9,36.7,47.886513
210,90,0.18,0.5330635
211,124,3.34,0.9830903
212,53,0.37,0.43461996
209,47,2.13,0.62706625
212,241,0.73,1.8396131
209,203,0.69,0.6645008
215,111,2.08,1.9551396
209,59,4.37,3.3241754
211,158,3.56,4.8237376
214,207,15.1,10.806687
210,40,1.12,2.592975
206,67,0.69,1.0035706
209,152,1.86,1.2805655
212,104,0.04,0.1531035
212,144,2.44,1.4184575
209,133,13.1,11.369072
209,220,1.32,0.59191054
208,117,4.47,3.7685258
209,118,7.48,1.4689664
215,165,0.56,0.4157058
209,82,5.06,4.343615
214,225,25.5,28.680523
212,66,0.035,0.37602434
220,74,3.15,2.0148468
209,161,0.69,0.62585264
214,188,13.5,13.149752
215,54,0.86,0.5256934
206,203,92.2,42.320705
220,84,0.45,1.1935128
215,143,0.006,0.10453711
211,107,2.48,1.6246594
210,65,0.95,1.0093179
206,220,102.0,50.489082
210,18,0.58,1.1427401
215,79,0.24,0.7447296
215,199,0.55,1.0275453
215,63,0.31,0.19672108
215,99,1.53,0.3757401
211,144,3.45,2.3219192
212,85,0.27,0.92366576
215,132,0.36,0.6101415
210,14,4.76,2.0073698
210,49,0.11,0.5601174
212,210,0.24,0.12878059
212,182,0.83,0.9790581
209,177,0.52,0.62199384
208,146,0.93,0.986815
209,231,0.18,0.3621747
212,123,0.35,0.5595623
215,179,0.28,0.44301653
217,80,1.73,1.4556227
195,228,2.11,1.2434824
196,233,0.041,0.0950172
219,106,4.7,1.5358475
216,126,0.3,0.9009984
195,16,16.9,13.028659
197,8,0.46,0.22677855
196,132,0.42,0.25366384
196,108,5.36,1.9533746
217,75,0.95,0.79478866
194,71,2.15,3.2058537
217,182,3.33,2.0085387
218,220,2.76,1.9326307
192,31,0.47,0.30846655
219,72,0.15,0.480162
218,202,0.49,0.38605142
197,102,24.2,9.239997
218,209,0.02,0.13701877
194,96,5.28,2.2285056
194,162,0.19,0.24488677
190,249,3.32,4.0640707
193,69,1.55,0.783893
201,154,412.0,467.2981
190,209,0.94,1.3842698
191,75,1.67,3.3132424
196,163,0.36,0.47724137
195,161,0.56,0.4382279
190,73,101.0,153.56845
194,120,0.03,0.14198
217,154,0.78,0.62027276
194,90,4.49,4.3835797
196,33,0.029,0.49037722
217,178,1.81,1.4808244
219,10,0.78,0.8234117
218,243,4.58,1.6073432
196,9,0.11,0.541807
195,2,11.3,17.915022
196,220,0.52,0.1716734
200,14,2.99,1.5247433
196,74,0.35,0.55045015
195,91,33.9,35.65459
190,21,15.4,5.5551605
197,215,17.3,11.136782
196,88,2.29,1.2602396
196,212,0.05,0.04264495
197,89,2.65,4.23604
217,94,3.14,2.743828
197,97,26.8,10.258844
196,247,0.043,0.27299905
195,241,2.93,2.226203
196,115,6.68,3.588143
196,141,0.26,0.5264047
197,182,0.044,-0.043368306
200,24,0.98,0.81888014
195,30,17.2,23.645483
200,6,1.04,1.007828
191,56,0.46,0.5715819
196,19,0.56,0.77995616
191,86,2.41,3.7814012
196,230,0.79,0.73581463
190,172,0.4,0.58994305
217,113,7.77,4.8574877
219,91,2.03,1.7162434
219,120,0.45,0.33531362
194,61,1.49,2.3662455
219,55,0.38,0.63612115
199,199,0.5,0.656865
194,139,0.86,1.3610002
196,216,0.12,0.14179958
219,135,0.51,1.4375101
196,206,0.17,0.35459247
196,169,0.26,0.9783903
197,23,0.2,0.30986536
195,34,20.6,28.579714
195,94,34.8,45.053158
197,196,0.72,0.72750825
194,125,0.15,0.40881762
215,180,0.23,0.51036674
208,4,3.08,1.9249209
210,82,0.12,0.5023622
210,41,0.97,2.2589438
215,55,0.56,0.5386698
215,10,34.0,55.396027
212,30,0.1,0.35197565
212,86,0.13,0.706345
208,64,0.37,0.9679477
206,188,39.8,47.842754
212,242,0.66,1.6772332
212,195,0.29,0.5536495
207,3,0.79,0.69762444
214,203,16.9,10.537699
207,170,1.01,0.96380347
215,112,2.05,1.8439499
210,50,0.08,0.5519419
200,207,180.0,203.21869
210,4,4.42,2.7977426
206,24,0.2,1.016319
208,73,0.37,0.94155633
207,11,0.25,0.94375044
211,145,3.27,3.9521983
215,133,0.36,0.8971524
198,143,4.65,4.025516
206,152,20.1,32.12382
209,244,2.75,1.9544578
220,68,3.06,2.9443529
207,108,0.13,0.35511076
214,169,11.0,9.732287
206,221,70.0,58.197014
206,161,26.1,35.589333
207,118,1.15,1.4474682
206,38,0.55,1.4923048
220,91,1.1,1.0691667
210,66,0.49,0.94703937
208,135,1.03,0.97447634
209,162,0.79,0.6400497
207,229,0.78,3.2903905
208,89,0.16,1.0028085
198,162,0.58,0.44831997
205,197,0.05,0.9525348
211,104,2.44,1.8285242
209,92,7.7,6.9178576
207,43,0.76,0.662441
215,144,0.006,0.25980574
198,131,0.53,1.2340622
208,147,0.82,1.1521031
215,64,0.24,0.39087716
207,241,2.79,5.097591
205,217,0.32,0.9047979
212,67,0.033,0.2552918
210,19,0.47,1.1529827
208,31,0.007,0.1245443
212,105,0.03,0.14835742
220,79,0.43,1.9994866
207,27,1.47,3.1599305
215,96,1.4,0.680396
209,122,11.7,11.58024
206,174,30.8,26.451056
206,7,3.18,2.0944114
213,31,0.25,0.4984647
206,105,14.0,16.806398
208,118,4.18,4.316379
209,107,6.95,5.883211
215,200,0.35,1.2925849
207,58,0.6,0.88909227
212,183,0.83,0.80835104
209,232,0.17,0.40662405
215,166,0.52,0.7095648
207,197,0.1,0.5548447
209,29,1.06,1.1826524
208,47,0.09,0.7741985
209,83,5.18,5.504706
207,210,0.48,0.7341079
214,220,26.6,33.314278
206,68,0.52,0.8290258
207,73,0.48,0.8506582
208,17,5.26,7.297944
211,159,3.36,5.152641
206,121,16.3,12.01463
208,101,2.07,1.8583221
214,178,15.2,8.942934
207,132,1.5,1.7228625
211,125,3.45,2.0204895
209,178,0.52,0.6359032
206,92,1.77,10.429342
206,78,1.4,2.6634834
212,145,2.27,1.599775
212,163,3.14,3.1348794
214,189,17.0,17.55824
209,153,1.91,1.2440099
207,178,1.18,1.8624058
214,239,31.0,41.992878
215,80,0.24,0.7924392
209,204,0.75,0.32046968
206,204,58.1,45.07119
212,54,0.36,0.6337753
212,124,0.35,0.42128396
212,211,0.23,0.16291508
209,60,4.46,3.4779668
207,89,1.37,5.046443
206,231,0.46,1.2891439
206,136,18.3,25.856787
209,212,1.26,0.8143697
201,97,416.0,442.9821
216,168,1.37,0.8496083
194,234,8.9,15.928508
195,21,17.3,24.391806
195,181,3.55,4.211709
200,243,270.0,334.74115
213,174,2.22,2.02342
219,225,1.5,1.194881
203,231,3.08,1.56526
195,217,0.004,0.14603308
219,82,0.48,0.98954064
218,115,1.14,1.6235129
211,209,12.5,22.76849
217,16,0.14,0.60240304
196,142,0.22,0.5623737
217,127,10.8,9.740068
195,242,1.52,2.390772
202,4,0.72,1.3826003
210,214,14.4,15.215674
219,92,2.03,2.087445
219,143,2.0,1.0874813
210,179,5.54,4.8581657
210,122,0.65,0.97973883
190,239,3.38,4.5283475
208,210,1.37,1.7162687
203,222,0.92,0.8622474
216,96,0.1,0.16593088
214,12,1.8,1.3067347
213,241,8.67,13.136732
196,170,0.23,1.0687009
204,212,0.56,1.3093516
220,40,0.76,0.8686667
216,28,1.12,1.338147
196,34,0.05,0.32679847
219,212,1.37,1.0070448
201,136,486.0,613.2421
202,56,0.07,0.679264
205,53,5.86,4.7449713
216,89,0.65,0.8548397
190,170,4.17,0.38122255
209,2,0.06,0.37887
203,37,6.35,4.260447
202,187,0.63,0.2626639
202,120,2.48,1.4476794
204,8,3.66,1.7347558
195,162,0.52,0.3681622
196,155,0.33,0.27151138
203,200,0.13,0.52801937
218,84,0.62,0.7864261
196,10,0.1,0.7552371
200,80,2.24,1.7160572
217,198,0.45,0.6052651
201,227,2.58,1.0000777
218,244,3.51,2.454486
194,206,0.66,0.81126606
215,226,0.36,1.0603757
205,120,2.68,2.4895434
190,7,56.1,14.056383
214,139,0.76,1.1051325
217,171,1.76,1.7274446
203,68,2.17,2.4155352
218,186,3.97,3.0236416
200,85,5.23,2.0413065
217,46,0.19,0.6412079
203,179,8.58,5.1882787
213,161,1.76,1.8132976
219,183,1.66,1.1228511
216,211,0.3,0.15651345
218,101,0.58,0.710437
220,52,0.34,0.37762657
219,11,0.72,1.0984983
201,211,0.38,0.7809201
204,26,3.59,7.294548
204,166,0.029,1.0288824
200,169,47.9,91.29726
204,63,17.9,33.57902
208,182,0.66,0.96716726
203,127,0.28,1.3529547
205,93,0.34,0.43839806
204,228,0.35,0.93968385
214,101,1.84,1.9622587
191,8,0.78,0.52533996
203,242,0.48,0.7167983
214,118,0.82,1.2475085
197,58,0.6,0.8324145
202,204,0.59,1.0642352
190,13,60.9,21.043427
213,107,0.046,0.23181401
213,89,0.51,0.72634536
204,145,0.93,1.6356659
200,99,13.8,3.3534691
200,72,0.7,0.98819584
203,215,0.95,0.74789894
213,41,1.15,1.0094229
210,241,0.78,1.0775712
203,96,0.74,1.1638153
203,115,0.5,0.35349712
210,191,8.69,12.474829
216,192,0.9,1.7985128
219,162,9.81,8.387736
219,136,0.49,1.5790668
214,90,1.52,3.1720347
191,66,1.02,1.3518475
211,60,1.07,2.894328
214,36,0.13,0.4376984
202,100,2.78,2.593295
191,100,3.46,4.796898
200,137,25.4,10.5914755
190,202,0.72,0.72616
202,21,2.4,1.8208233
195,145,0.32,0.62597156
190,20,59.5,8.787906
201,199,6.55,1.4880255
220,118,0.33,0.5441019
216,42,2.02,1.3857791
203,45,6.81,6.95649
195,6,16.3,21.23352
216,112,0.33,0.24774717
220,16,0.92,2.1680238
196,51,0.05,0.14649354
200,149,38.5,55.466984
216,127,0.34,0.79607147
200,60,0.22,0.5844074
200,46,0.64,0.7885731
200,35,0.08,2.6521473
219,246,0.14,0.50597805
213,230,8.24,6.6854105
219,28,0.46,0.76623446
190,174,0.13,0.23776717
218,68,9.71,8.380935
216,67,0.21,0.66143596
210,107,1.76,4.1765304
202,43,0.006,0.09323222
220,103,0.72,0.865782
217,95,3.05,3.809172
204,39,4.49,9.620694
195,151,2.87,1.9368284
219,121,0.45,0.5222276
217,183,3.23,2.7391958
190,125,0.63,0.71996987
203,27,3.95,5.9218864
218,154,1.8,1.6147076
202,175,1.08,1.041225
202,32,11.5,13.87099
200,108,21.8,3.1176314
203,76,2.55,1.2803895
217,67,0.99,0.7500698
203,5,0.19,0.56007063
194,198,0.34,0.8105867
218,171,2.93,2.6669235
201,173,2.24,0.60269415
196,133,0.4,0.253163
205,163,0.53,0.62019473
204,200,4.08,2.9302204
214,125,0.27,0.49785137
216,50,4.18,6.880513
217,81,1.73,1.3059903
216,74,0.44,1.0559454
205,147,1.78,1.1814255
208,196,1.37,1.7242391
210,163,2.26,3.3820624
211,222,13.4,22.098797
219,233,2.0,2.5812564
216,152,5.89,13.741065
203,54,0.74,0.69943655
204,12,2.75,2.5828183
211,88,0.31,1.1064953
219,175,0.1,0.6974829
220,30,0.19,0.4078798
203,189,0.78,1.5782048
202,213,3.34,2.4889536
200,91,4.43,1.9940054
214,51,0.07,1.1553028
201,47,352.0,463.38443
214,2,1.08,2.4523017
201,74,385.0,430.53598
220,6,0.28,0.428014
211,73,0.78,1.21483
196,99,4.39,1.7365983
214,154,1.2,2.4378617
219,154,6.17,7.349984
213,219,6.87,9.806476
213,147,1.24,1.1420603
205,66,8.64,12.665903
200,128,33.0,26.733131
213,134,0.49,0.6382883
210,225,16.4,24.348576
211,5,1.66,1.053382
201,6,268.0,357.19492
213,193,0.19,0.4348081
204,150,4.17,3.8932385
203,149,1.27,2.682524
219,73,0.14,0.39372742
190,159,0.54,0.891578
203,138,0.52,2.1545837
190,140,9.08,1.289751
218,4,18.4,18.92734
202,144,16.9,7.0114026
215,40,43.3,67.553696
197,155,0.041,0.16343592
211,237,23.8,40.97855
202,165,5.61,7.0651827
205,80,0.71,0.6508273
194,227,3.33,4.312287
217,58,0.011,0.11303995
216,223,0.09,0.49765554
197,72,2.24,1.7747059
191,87,2.49,3.5115194
201,33,350.0,436.9767
211,30,1.08,0.4471236
205,42,1.21,1.1548938
201,60,367.0,528.7194
190,224,0.37,0.5397426
208,236,0.11,0.17011046
205,188,0.36,0.65575993
190,230,2.47,4.259194
214,70,0.045,0.5453817
203,102,1.95,1.4546766
196,89,1.79,1.489816
190,146,0.16,0.29699618
212,1,26.1,54.57893
202,155,7.98,5.571939
214,26,0.3,0.49111497
219,56,0.4,0.5179611
201,190,2.06,0.48402226
194,220,4.64,1.1738266
213,215,0.26,0.83718896
217,221,0.11,0.5661434
210,157,0.46,0.492972
210,203,13.3,10.77425
202,134,6.07,5.510278
195,35,19.4,28.965631
195,174,2.01,2.6856787
217,2,1.09,1.9235408
201,109,471.0,560.51495
205,106,1.48,0.9473769
203,159,3.38,7.7639747
200,180,79.6,88.22246
215,26,37.5,78.304344
197,48,0.13,0.28946716
217,140,13.5,11.868223
202,12,1.8,1.4754806
195,209,0.62,1.717804
195,202,0.55,0.95180404
190,147,17.9,9.320143
195,49,21.9,31.844494
203,169,6.51,5.461863
190,153,0.33,0.4860214
194,243,10.3,16.137123
201,248,0.22,0.2883852
217,209,0.35,0.6651429
196,116,6.32,4.499236
201,237,0.76,0.51347274
205,132,0.72,1.0318549
215,244,2.19,2.2970636
211,37,0.98,0.68702096
213,18,5.87,8.331126
211,53,0.63,1.582608
200,159,51.8,78.32318
217,33,0.6,0.96141726
217,110,7.43,2.8899245
204,178,0.84,1.1760662
201,155,460.0,486.10602
217,155,0.83,0.4182103
201,84,389.0,461.88376
218,57,7.32,4.406138
204,110,0.65,0.3633027
204,123,0.75,1.3563918
204,97,0.62,1.7869807
191,107,0.45,0.9329684
191,76,1.77,4.4053483
214,75,0.1,1.2690023
190,210,1.14,1.196933
191,17,0.2,0.20615408
202,92,0.95,1.2285758
212,15,33.6,47.962986
194,213,1.3,0.9034948
201,180,1.31,1.1948061
202,224,3.65,0.60295963
196,20,0.64,0.82716733
211,12,0.2,0.6159126
219,107,4.68,3.5096471
190,193,1.12,1.0616359
195,229,1.74,1.1009544
204,189,1.54,2.0036075
203,86,0.18,0.39305654
190,199,0.41,0.41759777
213,76,0.34,0.31838787
202,75,2.9,2.4683907
218,132,0.29,0.5645654
201,19,270.0,321.02698
190,179,0.28,1.4934028
216,139,2.57,2.2703798
196,75,0.33,0.5799781
218,43,5.72,3.2106447
219,42,0.29,0.16113606
201,122,497.0,563.78485
208,169,0.52,0.9782514
190,1,40.9,14.699409
195,191,3.98,4.461939
203,20,0.95,0.9883161
210,94,0.35,1.1541822
204,52,16.5,22.62702
190,185,0.68,0.85097045
197,170,0.021,-0.04758986
204,64,17.6,33.411575
205,227,3.6,13.979373
220,92,1.77,1.0945953
206,59,0.65,0.608227
208,242,0.1,0.123747386
212,125,0.36,0.5315472
208,14,3.04,2.262311
204,98,0.57,1.1421714
208,136,0.87,0.9087958
206,39,0.32,1.1073006
206,165,23.6,38.42935
215,65,0.32,0.4390348
207,109,0.12,0.2960773
200,200,120.0,191.3729
208,32,0.012,0.1569204
207,119,1.15,1.9087114
205,218,0.18,1.1172655
204,80,33.1,37.745277
204,13,3.01,2.9617774
220,62,1.99,2.77618
205,242,1.96,1.2199297
208,90,0.14,0.86349446
207,242,3.03,5.8325405
213,69,0.15,0.6643582
204,40,7.41,9.741661
207,44,0.55,0.7497417
214,190,13.8,16.531218
204,146,0.99,1.732634
208,148,0.82,1.0964888
211,204,6.58,10.514261
212,249,1.73,2.3225284
205,249,2.42,2.0999954
207,230,1.44,3.6899016
215,145,0.006,0.15033814
209,15,0.6,1.3189187
206,232,0.36,1.4227269
210,67,0.57,1.1507729
205,198,0.07,1.1479156
204,27,3.48,6.717304
215,181,0.29,0.44036636
211,105,2.44,2.2764301
207,179,1.11,1.7733164
204,229,0.67,0.760055
200,195,108.0,146.23433
206,189,31.8,46.380535
205,11,0.15,0.8164497
213,119,0.54,1.5011688
205,154,0.33,0.7101376
209,93,8.2,5.425032
205,6,0.35,0.9228835
212,212,0.33,0.10029235
206,222,44.1,54.12635
207,171,0.93,0.8584972
204,53,16.5,25.179178
206,25,0.72,1.6209792
214,204,18.6,8.285682
214,240,33.0,39.168697
207,4,0.62,1.0473403
205,177,2.12,1.5380715
209,188,0.5,0.8874589
210,42,0.94,2.2770934
205,231,4.81,10.02385
205,1,0.1,0.31426916
212,55,0.36,0.55393237
204,124,1.0,1.2716165
204,111,0.49,0.46375385
212,31,0.12,0.19188836
206,69,0.55,0.84698987
206,54,0.63,0.54612756
208,211,1.28,1.5801537
206,93,1.41,13.142362
213,7,2.29,4.601938
209,193,0.84,0.60773283
205,194,0.49,0.3799844
205,22,0.08,1.1337757
204,190,1.42,1.0345389
215,97,1.3,0.7744744
207,90,0.69,4.680419
212,116,0.04,0.13511351
207,28,1.16,1.8020597
220,80,0.44,1.1064626
209,245,2.89,2.45741
204,179,1.44,1.3702722
209,3,0.07,0.58881354
206,175,26.5,25.045935
213,127,0.92,1.4769802
213,195,0.19,0.73141706
207,74,0.3,1.0282456
212,184,0.86,0.9517896
205,183,0.36,0.3379657
215,11,36.7,51.57793
204,225,0.15,1.0324057
207,12,0.2,0.7240563
213,62,0.15,0.27966446
212,196,0.29,0.55722106
208,102,2.35,2.0096107
210,51,0.08,0.559959
206,50,0.2,0.6432961
210,5,7.89,5.1755424
200,188,100.0,121.35828
215,134,0.35,0.92144644
213,13,3.24,4.2689238
208,65,1.39,1.0270175
212,164,3.25,2.494632
208,74,0.33,0.6301572
206,17,0.28,0.56282145
204,243,11.3,17.328876
215,113,1.89,1.5439328
204,239,10.0,21.2626
204,75,21.2,23.773523
211,146,3.32,4.519283
204,153,5.24,2.8373942
213,187,1.72,2.538995
212,87,0.31,0.60701936
208,197,1.17,1.4194561
205,238,7.34,8.143048
213,59,2.63,2.2803617
200,208,154.0,226.98999
209,44,2.57,1.0533531
204,213,1.56,1.4962802
209,123,14.6,12.786484
208,221,2.51,2.5147452
204,201,4.56,2.2887967
215,167,0.65,0.772775
210,20,0.61,1.1676482
209,163,0.68,0.7911562
209,30,1.64,1.1462
209,154,2.17,1.3909273
200,216,178.0,267.39676
213,184,2.29,1.5475639
208,162,1.49,1.363839
208,18,5.35,7.856616
215,81,0.29,0.9370331
208,48,0.08,0.5890581
206,79,1.08,3.3452046
212,146,2.34,1.4847492
213,111,0.049,0.1425587
212,226,0.046,0.5057546
205,235,6.8,8.014337
213,90,0.49,0.7229697
209,84,5.28,6.058989
207,211,0.45,0.8579296
208,246,1.61,0.5277326
214,221,28.3,28.646461
204,247,11.7,9.039882
203,128,0.18,1.3478119
212,77,0.036,0.34236327
207,133,1.24,1.9195813
209,235,0.17,0.31513903
207,198,0.1,0.79606545
208,119,4.58,4.201759
205,174,1.55,1.3432196
206,8,3.23,2.4077444
206,110,52.9,15.298372
220,69,3.17,3.822679
213,35,0.24,0.8489862
206,148,22.7,31.09499
206,137,56.1,19.396818
215,201,0.65,1.2262024
207,59,0.42,0.98206836
209,213,1.27,0.81232417
211,160,3.5,4.2959423
208,226,5.74,3.5177743
206,205,39.4,46.29625
204,167,0.029,0.032347046
209,21,0.24,0.24794304
209,62,4.53,3.1518407
212,232,0.06,0.3382983
206,122,57.4,11.666099
213,52,1.21,1.0740395
209,108,8.29,7.4680023
205,199,0.41,1.3489356
207,75,3.38,1.2676377
206,233,0.39,1.0325109
206,106,55.8,17.82938
206,94,1.6,5.625374
220,93,7.21,0.92015237
207,225,0.48,1.5803407
207,13,0.21,1.0946096
206,80,1.29,1.9930929
207,45,0.6,0.9917247
206,123,63.9,18.197514
207,91,4.44,4.287445
208,33,0.019,0.066495016
207,5,1.14,0.6351612
207,199,0.26,1.1168565
207,29,1.26,2.7134068
206,26,1.2,0.9426235
190,42,100.0,61.902164
194,41,2.7,1.0399634
193,159,28.0,17.220718
192,203,0.75,0.24718802
192,195,0.37,0.60376596
193,198,0.045,0.09667848
194,108,16.1,3.3199186
192,183,1.8,1.303069
198,119,0.47,0.69945526
192,226,0.28,0.41605505
194,3,0.87,0.8030152
194,83,5.42,4.4628057
192,211,0.37,0.46617863
193,110,0.7,0.593121
193,93,0.2,0.47257096
193,142,14.1,2.8430269
193,102,0.53,0.6975289
193,118,1.83,1.8156012
194,50,0.75,0.2760813
197,3,0.4,0.37941554
194,112,0.05,0.64365345
192,235,0.44,0.4643642
193,126,4.36,2.754517
193,213,1.64,1.4216442
190,96,222.0,227.00467
194,163,0.5,0.27166653
192,218,1.09,0.9463752
190,74,124.0,134.03253
193,185,0.66,1.2012548
196,182,1.27,0.6710649
193,70,2.39,0.77924913
194,189,0.83,0.43094748
194,97,10.7,3.129445
194,176,0.11,0.0573429
193,11,5.66,1.9485197
190,66,109.0,127.87486
193,238,1.29,0.40994006
192,164,0.46,0.8500268
194,142,1.51,1.3876406
194,62,1.94,2.2840593
193,192,0.038,0.3118465
193,245,0.65,0.68212384
194,33,0.16,0.31839672
198,113,0.11,0.36941513
192,187,3.18,2.6999686
193,219,0.24,0.29749274
193,205,0.69,0.6804862
190,85,160.0,135.45288
193,49,0.08,0.24704336
193,229,0.28,0.64724207
194,72,2.43,2.6225934
193,134,6.13,6.299726
192,173,1.03,0.6258499
194,11,0.68,1.988384
190,51,110.0,70.79092
194,18,3.78,1.6768953
197,24,0.27,0.11780794
196,195,0.19,0.20343077
193,176,33.1,5.2569356
194,183,0.93,0.9222796
193,77,0.03,0.18411179
193,86,0.06,0.32041615
194,126,0.32,0.80080444
198,128,1.09,0.66809624
193,56,0.44,0.11787735
203,160,2.54,5.4112487
208,34,0.007,0.09674793
204,244,7.52,25.254797
204,240,6.33,35.594254
202,76,2.79,2.7843754
207,92,0.92,3.6805425
203,170,6.4,4.47332
210,192,8.29,12.156504
206,138,16.7,24.814363
204,9,1.89,3.4716465
202,101,2.21,1.8917404
206,234,0.25,1.8430164
203,239,2.62,1.9088604
207,134,2.65,2.0703516
203,77,0.23,1.188512
208,247,1.57,0.87954164
206,206,74.3,51.818676
204,168,0.04,0.909735
204,147,3.72,2.2887602
203,28,1.94,8.122774
204,214,2.41,1.6141897
208,183,0.94,0.703609
206,81,0.79,2.1195183
204,163,8.76,4.500008
205,232,5.07,6.8314557
205,2,0.09,0.39761072
204,125,1.22,1.4045914
204,112,0.65,0.47193655
206,70,0.48,0.7959035
209,246,3.25,2.0471022
203,201,0.11,0.7406855
207,30,0.89,6.0463037
209,4,0.08,0.4648723
205,23,0.12,0.9786247
206,176,52.0,26.9871
206,107,14.0,16.39974
206,12,3.13,3.653966
208,120,4.73,5.3184257
209,22,0.26,0.25299746
202,11,1.68,1.5320582
203,190,0.85,2.012355
202,225,0.39,0.6891984
208,75,0.3,0.7780179
203,139,0.46,1.7631398
205,107,1.55,1.0868376
205,184,0.42,0.32253405
207,76,0.33,1.0814825
205,48,0.91,1.2559565
204,226,0.15,1.609969
207,180,1.12,1.2593426
206,51,0.19,1.6408628
200,189,92.2,2.8009248
201,191,0.25,0.46374053
208,66,0.32,0.84437525
205,239,8.2,13.22294
208,198,1.39,1.0733976
204,76,24.6,36.516968
206,18,0.24,1.5807935
204,191,1.56,1.7880355
210,248,1.29,0.6818721
203,116,0.48,0.69605213
204,81,33.6,35.440704
205,236,6.8,10.062862
203,243,0.44,1.7305535
202,205,0.31,1.1597966
207,212,0.48,1.2303158
208,163,1.45,2.2921069
207,200,0.1,1.0167242
200,150,36.5,7.9882684
206,149,23.8,31.011705
210,180,4.53,5.361142
208,212,1.43,2.1928852
203,69,1.12,1.9373162
204,90,29.6,48.772522
203,180,7.95,4.3368993
204,180,2.16,2.1708567
206,55,0.65,0.8533144
204,94,30.2,35.836227
202,93,1.09,2.1289601
203,129,0.23,1.0511527
206,223,82.1,55.588577
208,237,0.14,0.18883394
208,5,2.61,2.0472317
206,190,62.7,40.83211
205,219,0.35,1.2898808
207,110,0.12,0.47956038
203,87,0.06,0.24019454
208,149,0.86,1.2453232
200,201,126.0,167.546
205,243,2.02,1.4798499
201,228,2.28,1.5116205
205,164,0.52,1.0335637
208,91,0.22,1.5059178
207,243,2.18,3.4639728
202,121,0.73,1.562672
203,97,0.45,1.0257605
202,22,1.49,1.6409595
200,160,50.3,2.8265944
200,217,219.0,315.39468
205,178,2.14,1.4082615
204,85,26.6,54.134842
206,124,15.6,15.089483
201,200,0.74,1.6403022
203,46,6.51,6.346467
201,174,0.63,1.0977927
204,248,9.14,11.0011215
208,227,7.5,3.8523529
200,36,0.05,1.3815293
205,175,1.6,1.7169995
200,138,18.3,10.181188
205,94,0.38,0.5452879
204,41,8.33,8.38217
204,28,4.24,5.9777856
205,12,0.15,0.9599728
205,7,0.36,1.0155344
206,95,1.13,9.395653
211,54,0.76,1.8010317
204,54,18.9,25.780218
203,21,0.61,1.4636403
207,6,0.47,0.7384116
205,133,0.61,0.7883739
208,170,0.61,0.85092646
206,27,0.24,1.8851324
207,172,1.01,0.8770171
201,249,0.21,0.41478333
200,129,29.7,39.764538
203,223,0.74,1.1678133
203,55,0.55,0.64991707
202,214,0.8,2.568087
202,135,1.35,3.6950781
205,27,0.44,2.2039158
207,14,0.17,0.96100205
202,166,4.53,12.514451
208,103,2.3,2.3295074
202,156,1.84,5.0409675
200,209,209.0,242.92249
200,47,0.16,0.56128925
202,145,3.12,9.803016
206,40,0.44,1.3143083
200,73,0.29,0.5406711
220,104,0.29,0.76285195
204,99,2.08,1.6039993
190,126,0.16,0.7325652
205,155,0.32,0.7734075
208,49,0.09,0.6759882
211,13,0.19,0.5667398
205,32,1.21,1.7299953
208,19,5.75,6.969398
206,60,0.89,1.0457569
203,150,1.41,3.423588
203,103,1.93,3.1994236
208,222,3.34,4.296129
209,16,0.5,1.2579521
210,164,2.06,2.7713592
204,202,5.35,2.5680609
202,44,0.007,0.11581451
220,119,0.67,0.48540044
202,188,0.13,0.331554
203,38,6.39,4.440673
207,46,0.4,1.3265072
207,120,1.1,1.6528735
200,61,0.17,0.19372903
220,94,1.12,0.8906037
200,100,4.71,3.9872134
204,65,20.8,31.501835
210,242,0.76,0.63430554
204,230,0.33,1.0296359
207,231,0.81,4.145366
204,14,5.14,3.0452006
202,176,0.31,1.4681159
200,109,10.6,5.546956
203,216,0.37,1.1202532
194,199,0.24,1.0190401
203,6,0.12,0.6466193
205,16,0.64,1.8958133
205,200,0.14,1.6536348
200,172,52.2,4.016501
205,228,3.67,12.379361
202,33,9.68,14.288754
201,238,0.85,0.9343392
206,162,39.6,27.716982
211,31,1.28,0.7022112
206,0,2.34,4.002277
200,196,108.0,141.53703
207,60,0.58,0.98043776
217,184,2.93,1.6489799
195,85,57.6,39.73638
217,17,0.15,0.74215543
198,234,0.99,0.977027
193,34,1.11,0.86286473
197,13,2.03,2.6588056
195,22,17.7,26.458754
195,7,17.3,16.06268
198,84,1.31,2.6096742
216,128,2.42,0.886411
195,134,109.0,80.46882
196,183,1.28,0.53014326
198,73,1.61,11.496896
195,36,22.4,27.77508
197,139,41.8,25.227232
193,37,5.2,1.3529629
219,122,0.4,0.36320755
197,103,23.4,10.46889
196,21,1.26,0.56095874
195,102,60.0,44.768105
219,57,0.36,0.89023197
195,163,0.92,0.38786107
195,192,4.3,4.8113484
196,242,0.045,0.08793597
196,190,1.75,1.082406
195,230,3.21,1.9494625
196,117,19.9,5.8402524
219,93,2.12,2.666783
198,230,14.5,11.315898
194,244,10.9,10.495343
195,50,25.3,30.56878
196,100,12.1,2.947824
196,11,0.11,0.25038055
196,52,0.5,0.06702391
195,124,60.1,44.930313
198,103,1.15,0.6627907
196,207,0.31,0.47400993
197,33,0.25,0.22947341
196,35,0.08,0.27464166
196,143,0.39,0.4057198
196,171,1.52,0.9683563
217,156,0.99,0.66433114
198,241,4.63,5.2922893
198,166,0.91,0.75246036
198,3,1.33,2.1426885
196,156,7.72,0.3880949
195,112,60.5,43.96593
195,243,4.04,2.383029
217,96,3.03,3.8588173
198,208,0.19,0.95389634
192,242,1.31,0.20400707
198,17,2.9,1.8369015
217,111,7.06,5.7144446
193,18,1.62,0.10378223
197,249,0.13,1.0560123
197,126,38.9,19.599085
217,172,1.58,1.7324486
195,75,54.5,41.840633
217,68,1.04,0.8832101
193,29,0.42,0.30853337
196,63,0.21,0.20399283
195,63,31.8,29.972353
198,53,5.77,2.0718372
193,43,0.54,0.50525886
217,82,1.64,1.6432464
198,214,3.91,1.4313449
198,219,5.54,4.7822123
198,174,1.93,0.98958343
196,196,0.17,0.17583703
193,0,3.56,1.9180747
215,182,0.31,0.7016053
212,32,0.12,0.49556816
211,161,3.26,3.636263
212,68,0.03,0.46654782
212,213,0.18,0.3655185
212,106,0.04,0.11550886
215,202,0.7,1.325297
211,108,2.44,1.8567903
212,88,0.27,0.8140628
212,56,0.37,0.73663425
211,126,3.44,2.2924063
211,147,3.28,3.1665497
212,173,3.22,2.8113837
214,241,28.0,39.44966
212,126,0.38,0.9057332
208,6,2.38,2.7420576
206,41,0.2,1.2957842
208,67,0.26,1.238827
207,239,0.72,5.374464
206,9,2.65,4.969685
206,207,32.0,52.160378
206,141,14.7,30.932787
207,244,1.82,5.2945566
205,220,0.14,1.7813604
208,121,3.77,7.8264003
208,92,0.12,2.4293442
208,76,0.22,0.866054
206,191,26.3,62.444775
195,218,0.0,0.29050124
216,15,0.15,0.61282814
210,123,0.62,1.026712
216,221,0.015,1.1112543
195,244,3.24,2.397572
212,17,34.1,51.203556
196,172,0.44,0.70180106
201,108,386.0,563.71643
196,109,4.83,3.8184788
217,120,6.96,6.8941617
201,124,420.0,609.35895
195,234,2.57,1.3984767
214,126,0.28,0.51085335
216,113,0.22,0.3700682
216,193,1.17,2.300473
197,59,0.66,0.8658954
211,56,0.61,2.2703583
219,29,0.43,1.1860086
211,44,1.04,1.0659243
217,226,0.08,0.7474504
216,153,7.42,16.106699
216,176,1.43,0.893984
214,46,0.27,0.45770976
219,49,0.32,0.4739386
212,10,27.6,53.112385
210,215,14.5,23.228567
210,158,0.44,0.5902505
216,135,0.73,0.60403854
217,59,0.013,0.38864762
197,73,2.84,2.3310351
217,3,1.2,1.8783923
215,227,0.47,0.7312061
218,5,16.7,11.60904
211,98,0.36,0.8600562
201,100,340.0,460.47595
217,142,10.8,11.36465
218,69,10.1,7.835167
218,172,2.72,3.6623251
210,204,13.4,19.560627
201,32,299.0,560.62445
218,85,0.63,0.83248806
210,101,0.37,1.7207372
196,12,0.11,0.3936622
201,20,220.0,334.46237
218,155,1.6,1.1361717
216,140,3.73,4.800611
218,133,0.29,0.91418874
195,8,15.2,23.278898
201,139,408.0,643.60547
215,247,2.82,5.0263166
197,174,0.04,0.25267065
197,49,0.05,0.3698835
196,22,0.76,0.7356547
211,81,0.97,1.5224316
214,155,0.85,3.5767977
217,19,0.11,0.7563477
217,128,8.88,12.937772
218,102,0.41,0.48854905
201,62,301.0,516.9019
214,102,1.7,3.0253053
217,210,0.29,0.70494175
195,203,0.32,0.6098464
216,90,0.58,0.66904175
218,116,0.92,1.0724262
216,97,0.11,0.091715075
195,182,3.07,3.0873408
197,183,0.009,0.13095018
210,108,1.61,5.5753026
201,156,397.0,422.70096
201,81,323.0,554.5787
217,47,0.17,0.71219033
216,181,1.62,2.1823254
201,73,320.0,417.02094
195,38,24.5,27.443542
218,58,7.0,6.2694073
217,34,0.48,0.8650361
216,59,4.09,6.221359
195,210,0.68,1.1444292
201,16,219.0,346.86096
214,85,0.08,0.8929282
218,245,3.97,2.1140366
216,212,0.14,0.27567098
216,75,0.3,1.0425823
195,193,3.62,5.8644714
195,23,20.6,24.148972
214,145,0.57,0.7678339
197,158,0.035,0.30325153
194,245,9.24,12.610659
215,47,39.9,48.52177
195,51,25.7,39.58694
195,175,1.78,3.5482862
217,197,0.41,0.34492847
196,36,0.041,0.45565492
201,46,295.0,604.7893
218,187,3.75,3.4808493
196,53,0.24,0.14705998
196,118,7.76,6.3563085
216,29,1.03,1.1752269
219,12,0.69,0.69160664
216,43,1.58,2.1021912
200,241,207.0,379.0375
214,37,0.22,0.50456256
215,114,2.14,1.6440674
215,41,40.3,45.433483
211,197,7.18,11.25834
211,151,3.08,2.5820467
215,237,1.11,0.9649673
215,190,0.21,0.8671897
215,228,0.41,0.76589626
211,115,2.37,1.5502785
212,174,3.45,2.317762
211,238,24.9,28.285496
210,124,0.62,1.3692379
215,173,0.48,0.4898406
212,78,0.028,1.3478954
212,108,0.03,0.11846952
210,109,1.6,4.5557795
200,230,181.0,310.45795
215,13,29.0,40.950134
212,16,34.1,45.547405
211,89,0.32,0.8080014
215,27,33.6,50.044132
216,8,0.4,0.38500038
201,7,208.0,275.89255
212,214,0.17,0.310719
214,222,18.4,42.50139
212,233,0.08,0.27708626
212,90,0.19,1.0017772
212,127,0.36,0.5108666
212,60,0.32,1.4613199
210,159,0.41,0.75776255
212,2,26.8,50.227814
210,141,0.2,0.336449
211,223,13.6,28.260223
215,203,0.41,1.5512058
214,161,0.88,2.9730072
211,169,3.12,4.4739313
215,147,0.006,0.0051467186
209,23,0.18,0.25141135
200,223,158.0,268.3012
214,55,0.06,0.7918966
214,103,1.73,2.882526
214,205,10.5,13.404862
215,245,2.58,2.8474467
215,135,0.35,1.219594
210,136,0.33,0.29305446
209,137,17.4,20.93693
214,127,0.26,0.5770726
211,210,12.8,19.449543
216,16,0.14,0.38889834
215,82,0.31,1.2762915
215,216,0.12,0.42980197
211,74,0.91,1.9921968
190,117,0.25,2.5294666
191,25,0.39,0.79016024
191,141,5.7,2.9839487
190,108,1.35,1.0142549
217,18,0.1,1.653508
191,22,0.12,0.1815822
191,35,0.27,0.31281644
191,122,0.54,1.3758403
191,211,2.0,1.1386423
191,191,0.57,0.6208208
191,131,3.9,3.3154602
191,220,1.04,0.9148936
191,113,0.12,0.32983983
191,206,1.26,1.0173022
190,240,4.39,3.7653902
191,46,0.22,0.5048931
191,243,1.38,0.9357993
191,230,1.14,0.8268452
200,28,0.15,0.56696546
191,181,0.17,0.16285098
191,63,0.32,0.4102025
190,211,0.88,0.9726194
206,163,18.8,29.727697
212,165,3.38,2.9073155
209,85,5.11,4.4155536
206,28,0.1,2.3174896
210,83,0.17,0.63300675
215,12,27.0,64.48408
207,7,0.17,0.63474894
215,98,1.28,1.3343239
208,68,0.24,1.6258996
209,45,2.21,1.0270301
207,77,0.25,1.1623307
211,148,3.02,5.3909717
214,223,17.1,40.023212
206,150,16.1,27.869738
209,61,4.36,4.452337
206,82,0.5,2.2848861
211,162,3.06,2.9993563
212,69,0.027,0.80931187
212,215,0.16,0.23660219
207,15,0.12,0.42830855
210,52,0.09,0.4086937
206,139,14.8,22.808355
207,173,0.78,1.0025548
210,6,4.14,4.5307198
215,136,0.32,0.5897265
205,201,0.038,0.6128413
207,93,0.32,5.8901925
212,89,0.19,0.71602917
212,57,0.32,1.8096079
211,127,3.44,1.5534511
214,242,22.6,39.300137
209,94,7.73,8.1699505
209,194,0.65,0.63004106
215,115,2.14,1.8756198
208,50,0.07,0.609118
208,77,0.18,0.53424066
212,33,0.08,0.74054724
215,146,0.006,0.06334409
209,124,13.3,16.721436
215,66,0.17,0.76569164
208,150,0.81,2.7825055
206,177,21.6,34.595844
207,61,0.24,1.0407926
207,111,0.12,0.48309696
206,108,12.9,19.32459
205,221,0.11,0.9521318
206,192,25.2,53.308636
215,183,0.19,0.5015187
209,109,6.56,6.422086
208,122,3.66,6.902726
208,7,2.05,2.3752367
207,31,0.53,2.8670382
212,107,0.03,0.14143066
209,247,2.51,2.439107
211,106,2.39,2.0774686
209,233,0.2,0.70580983
208,104,1.75,2.0033288
207,201,0.08,0.82849216
209,31,1.41,1.2727685
207,213,0.5,1.0348651
208,20,4.06,9.383768
214,206,10.4,17.21188
215,204,0.38,1.4596499
210,21,0.74,1.4410586
206,224,34.1,66.90438
210,43,1.43,1.8093004
210,68,0.9,1.0619504
208,93,0.12,1.9795614
215,168,0.46,0.5309732
207,245,1.63,6.3015103
206,71,0.43,1.5377946
215,56,0.59,0.5343495
207,135,0.76,1.4866179
207,47,0.25,1.5489929
209,179,0.44,0.9807869
206,96,0.65,2.6236084
207,232,0.7,3.5073898
206,125,13.8,22.659517
212,128,0.33,0.708174
208,137,0.87,0.7004363
214,170,5.37,11.626016
206,208,30.4,50.83386
207,181,1.01,1.7857226
206,235,0.19,2.7749212
214,179,7.07,8.367409
215,83,0.36,0.80224997
214,191,9.71,18.744413
209,164,0.78,1.1077929
209,214,1.23,1.1527317
220,95,0.46,0.89183396
208,35,0.007,0.069296636
207,121,0.7,9.836538
206,42,0.15,1.7995889
209,155,1.78,0.78081393
212,147,2.36,1.5808029
204,169,0.024,0.33119577
200,48,0.14,0.54493
200,62,0.15,0.26016343
204,192,1.04,1.0647415
204,126,0.49,2.7184372
204,51,3.42,2.576001
204,38,2.84,1.9793558
204,203,2.95,1.4350964
204,113,0.3,1.9671316
204,181,0.52,1.2726102
204,151,2.78,3.699486
220,105,0.24,0.7767114
204,74,15.5,3.2023125
202,122,0.68,1.4962604
204,15,1.97,3.3629808
204,100,0.64,1.315498
204,148,0.88,1.8463329
200,37,0.049,0.57364106
202,177,0.32,0.81669205
204,215,0.5,2.2052708
190,127,0.11,0.39067382
203,135,0.16,1.2380084
202,189,0.12,0.2762652
202,206,0.32,0.4011541
220,120,0.23,0.598515
200,29,0.43,0.6732853
207,32,1.29,9.110742
207,62,0.5,0.7409982
208,36,0.013,0.26201555
207,48,0.49,1.6615088
207,214,0.51,1.6609126
207,78,0.65,1.1802086
207,16,0.22,1.1542641
206,126,13.0,19.831308
205,202,0.07,0.46640515
206,109,11.0,22.68514
207,202,0.13,0.7736637
206,29,0.13,2.2635293
207,94,0.38,3.9681356
220,121,3.07,0.67156523
220,106,2.35,1.0471709
204,193,11.4,1.6710279
204,62,18.3,15.931115
204,223,2.28,0.5249956
204,149,5.23,1.7414964
204,152,11.9,3.9728675
204,231,1.12,0.78216577
204,16,12.5,3.4175498
204,66,21.8,31.561945
204,182,3.43,1.1964506
204,101,4.42,1.1021098
204,170,0.45,0.4725037
217,35,0.51,1.2475929
195,215,1.1,1.3263686
196,23,0.97,0.6860762
197,50,0.17,0.40539345
197,156,0.06,0.098124065
195,52,51.6,16.916279
197,60,0.7,0.91815263
195,9,38.2,20.053698
195,176,3.11,7.630338
216,130,0.76,0.87532866
195,200,5.84,15.776053
196,173,0.92,0.41981566
217,4,1.17,2.1802595
201,82,807.0,502.81396
196,13,0.13,0.8770003
196,150,0.59,0.4178956
197,74,2.69,2.9514773
217,222,0.08,1.7362503
217,48,0.17,0.5295365
195,37,56.9,27.014633
217,141,10.6,6.37947
196,157,3.37,0.79578936
196,110,13.6,2.424645
196,125,19.1,4.002638
195,219,0.003,1.4798152
195,164,1.43,0.6125962
216,220,0.021,0.8477131
217,60,0.011,0.5012538
216,169,1.77,0.9328428
195,24,58.4,16.355335
195,245,3.77,2.5474315
195,231,3.2,1.2251822
195,183,4.72,4.720606
196,54,0.69,0.34882048
197,171,0.08,0.7030346
194,63,5.08,3.1283095
194,113,0.2,3.489708
194,134,0.86,2.7140987
194,140,5.18,1.465739
194,73,6.7,2.8791354
194,91,20.2,8.804292
194,169,0.87,1.4769076
209,32,1.13,1.1585493
208,123,4.3,7.809371
209,234,0.25,0.67968214
206,236,0.22,3.1215615
209,117,9.73,9.275417
206,10,5.3,5.5514607
214,216,11.8,24.88638
210,22,1.17,1.321529
208,8,3.1,3.931735
208,21,5.65,8.093061
208,138,0.84,0.75993603
207,112,0.15,0.37537864
210,0,2.54,1.84063
206,72,0.89,4.2082343
207,246,2.15,9.813733
206,43,0.39,2.2618783
215,169,0.52,0.74877864
214,180,9.26,7.308264
208,94,0.18,0.70083547
209,125,13.8,12.353946
209,215,1.28,0.5392753
210,69,1.02,1.2564888
215,67,0.2,0.8754738
208,151,0.83,3.1391897
206,178,20.4,36.97723
210,44,2.04,3.153862
207,122,0.89,2.6620357
206,225,34.1,55.73932
206,164,16.6,31.549356
205,222,0.47,0.81672776
215,57,1.08,0.31407967
206,193,25.1,43.43656
207,182,1.0,1.2840339
208,51,0.09,0.88139665
210,84,0.34,0.6255759
215,116,2.47,1.9329984
220,96,0.38,0.89107984
207,233,0.68,2.1443412
214,192,11.7,18.515594
209,46,2.04,0.88623744
209,195,0.64,0.54418635
210,7,4.2,5.1624036
214,224,17.8,32.755234
200,210,247.0,265.17795
206,97,0.81,6.9317975
207,9,0.25,1.6449063
215,107,1.19,1.080308
214,171,7.21,8.217092
209,95,9.61,4.2548733
208,69,0.41,1.1341045
215,92,0.25,0.6850177
209,180,0.59,1.2138163
206,140,11.3,23.468842
209,165,1.51,1.0213751
208,78,0.39,1.1314613
209,156,1.97,0.8207277
209,86,7.07,3.229164
206,209,30.1,56.251392
210,53,0.18,0.6568708
209,63,5.99,3.3339343
207,174,1.16,1.3638949
208,108,1.96,1.5045282
206,151,11.9,18.408066
207,136,1.43,1.616369
206,89,0.58,3.3307946
191,171,123.0,3.057028
192,137,1.9,0.5041433
191,155,110.0,11.078942
192,146,2.86,0.2113949
192,20,2.71,1.0791569
192,82,6.9,0.2863228
192,78,4.22,0.6371743
192,52,4.49,1.1575772
192,68,0.8,0.3547807
192,155,4.46,1.2994809
192,47,2.52,0.54985857
192,32,0.63,0.61173475
194,4,2.3,0.6815769
198,4,1.35,1.3506523
198,104,1.12,0.50166273
197,116,25.6,18.39173
192,96,2.56,0.28990865
191,225,2.1,0.44968408
192,92,1.65,0.83058536
192,237,0.83,0.53049046
194,141,3.14,0.73762214
192,229,0.6,0.33792
192,208,6.03,1.0134039
197,14,3.41,1.7389714
193,147,44.7,0.2658973
198,85,1.17,0.6393862
194,19,6.4,0.8330406
193,135,32.0,4.2041492
193,127,16.5,0.8696313
194,119,0.12,0.5584896
192,120,0.33,0.5224781
192,188,14.2,2.027818
198,247,5.57,3.722637
194,12,1.26,2.3861938
193,209,2.16,0.7874313
192,177,2.53,0.963153
193,214,5.46,1.0721394
197,107,24.2,9.892021
198,215,4.3,0.74567795
196,243,0.09,0.48760632
198,167,0.72,0.7129462
195,105,77.2,42.624077
192,123,5.22,1.1914432
198,175,1.87,0.93836224
197,127,37.4,25.85329
197,140,39.3,28.168283
194,133,0.36,0.8737577
192,169,1.03,0.5272078
198,68,1.76,1.0920966
194,177,0.31,0.42798337
193,119,6.58,3.8316264
195,135,131.0,76.253456
193,184,2.46,1.6670189
194,74,4.68,2.5860138
194,84,10.3,3.403518
194,164,0.51,0.80302036
194,98,14.0,1.9637783
192,131,0.5,1.0961237
192,199,1.34,0.26944062
192,223,4.08,1.1086508
198,39,1.4,0.64012456
198,18,2.41,2.0283601
193,114,2.72,0.63487744
193,226,0.75,0.3996031
198,220,5.92,2.6352193
198,33,0.11,0.44555092
193,230,0.71,0.029334756
198,46,5.28,2.632039
194,152,2.78,0.92541856
194,34,0.42,0.7937345
193,107,1.97,0.65505266
193,246,1.76,0.9525965
193,193,0.14,0.6732824
190,75,1020.0,134.48439
193,94,1.12,0.5195728
197,245,0.08,0.54982495
194,64,3.33,2.5421002
198,57,12.7,1.8265764
198,206,0.21,1.3022516
195,125,86.6,27.854454
197,34,0.66,0.59199685
195,113,79.9,36.417233
198,92,0.54,0.69461155
193,199,0.19,1.4091704
