chunk_id,id_in_chunk,flow,pred_rsmamba
213,141,6.5,1.1159636
216,171,3.4,3.290481
216,148,35.0,5.151431
202,230,1.46,0.7662464
216,5,23.6,3.7285774
193,7,16.1,1.0384002
190,149,12.5,1.7827082
204,130,1.63,2.4733982
204,120,1.33,7.469611
216,92,6.12,1.5041673
214,157,21.4,3.3053026
191,199,5.38,4.258626
217,176,4.97,7.81768
210,127,2.36,3.1922393
190,242,7.55,6.1409016
219,34,3.72,0.8066337
200,112,19.7,4.5852895
202,46,0.39,0.30267417
217,188,7.52,2.3240566
213,94,15.3,2.9577782
190,15,71.5,21.761875
214,93,11.8,13.460762
216,196,6.94,2.0524852
215,36,349.0,56.266384
204,71,29.4,21.81522
218,108,6.63,2.9901812
205,141,7.8,2.771768
204,32,8.55,13.231024
191,114,1.35,0.9618732
211,94,4.07,2.333697
202,217,3.89,2.6834483
219,63,4.28,1.4524275
202,168,22.8,11.174312
212,9,280.0,40.945396
211,55,3.48,1.4357378
190,9,66.0,82.84116
219,148,4.87,1.887616
211,65,7.45,9.977467
191,150,72.4,14.928183
204,47,14.6,54.064007
219,126,3.97,1.2150885
208,204,3.75,8.443584
211,244,264.0,220.6885
210,221,61.0,25.22662
215,232,8.42,4.8094554
195,81,188.0,92.31187
202,104,4.97,6.654855
204,221,1.42,2.969633
190,176,0.69,1.525098
214,61,2.98,1.34223
205,111,6.5,2.747197
201,41,1860.0,985.26416
205,36,4.76,1.9820175
201,193,0.63,1.7343577
214,32,4.76,5.4848995
217,114,29.6,5.734
201,242,1.34,6.01378
190,133,0.66,0.7230038
214,143,14.0,3.69758
218,45,9.05,7.4191804
213,202,3.0,0.31948584
202,157,18.3,20.816772
210,145,4.69,3.9290683
202,140,10.7,1.6711932
190,141,0.16,0.41341224
190,135,5.66,8.501247
201,132,2160.0,767.8611
213,82,8.01,1.7872034
190,2,54.7,7.6187716
208,175,2.23,0.38092798
191,128,6.06,5.1373205
214,132,6.72,1.4654717
218,59,16.0,10.923197
205,60,22.8,11.226851
216,35,10.2,3.0912774
218,189,26.9,4.2085667
208,217,3.3,2.84948
217,134,36.8,13.420955
190,120,2.98,1.0442214
190,111,11.0,1.3372577
218,159,6.16,0.7647506
213,113,0.48,2.2869265
216,60,57.5,18.1791
201,232,3.5,1.6824201
211,233,237.0,112.33371
191,197,2.0,1.3179593
201,178,1.22,4.0036297
200,145,74.2,50.11657
205,101,1.19,2.2904534
204,107,1.73,4.297662
204,25,5.66,10.300798
211,32,4.36,1.8888007
191,137,22.5,10.25472
190,226,1.08,2.4002864
216,187,7.17,3.0756004
201,78,1960.0,568.16974
202,196,1.3,1.9552813
219,99,7.37,8.717922
202,35,18.2,30.513533
200,102,7.12,10.041002
191,47,0.57,1.1393791
210,232,6.44,0.6953172
220,122,0.51,0.8325823
220,107,1.47,1.2173895
217,74,2.49,1.2021701
201,0,935.0,696.0488
201,146,2150.0,1202.8877
190,217,3.18,4.032879
201,168,1.63,1.5771313
200,93,3.68,16.74829
191,249,6.26,5.097023
201,116,2040.0,915.50507
213,155,16.7,5.0878944
217,164,2.91,5.7159696
213,248,32.9,54.561996
211,4,7.32,1.6672066
218,76,17.8,39.588287
205,74,38.0,42.52122
214,10,4.18,4.271607
205,82,2.47,0.99842006
214,59,5.79,0.36073133
213,226,22.5,31.253286
209,11,1.16,0.6087961
204,155,4.89,2.9435856
211,76,6.94,19.793413
202,78,4.93,4.3044796
210,196,39.1,44.611176
201,53,1880.0,884.7605
203,31,6.24,4.064079
203,79,0.31,3.1627617
216,216,1.91,3.1495652
216,23,1.51,1.7154416
215,49,428.0,129.486
204,60,26.2,12.1479435
196,123,37.7,54.427597
210,210,54.7,38.88466
201,70,1920.0,1229.1326
218,12,53.7,51.99584
200,132,69.2,160.21877
219,159,25.2,5.003451
204,173,0.13,-0.02674077
219,48,4.03,1.6280459
216,121,4.18,1.4060993
216,77,7.14,2.887755
200,42,0.9,0.835142
191,145,32.1,37.424873
208,190,3.46,3.2061095
214,79,6.74,1.4276925
203,41,13.8,18.861452
210,169,7.41,4.2181997
200,84,3.01,2.2613387
211,16,0.95,1.0924753
214,110,2.78,0.43200302
214,20,5.67,1.5647641
202,182,2.66,3.1668332
204,237,2.75,1.7837421
190,203,2.22,1.1286964
216,45,22.4,4.6429176
204,211,6.21,6.9350924
191,187,1.34,0.7508162
200,78,2.76,1.0162479
200,68,2.29,2.2412624
219,86,1.42,0.899426
205,125,10.8,4.903076
200,53,0.86,0.6619256
218,91,1.61,5.1787934
201,164,2190.0,1134.1051
217,217,1.88,4.028526
218,138,4.51,0.89871323
201,25,977.0,371.13696
210,100,6.88,5.4010124
204,136,1.43,2.8702068
212,24,357.0,57.345703
205,137,2.24,1.7193867
191,26,4.78,12.93322
203,58,1.73,1.9140437
190,25,72.7,60.54958
203,130,0.84,0.35708183
195,69,142.0,84.28175
191,11,1.28,0.10110437
190,154,0.57,0.8048698
210,231,76.8,10.367143
202,209,0.68,1.6612577
213,48,6.92,2.0089605
213,237,28.0,42.72699
191,216,7.15,3.5816019
210,187,28.8,8.799606
213,181,29.1,5.6516333
216,159,63.5,20.109419
191,39,1.36,3.7861042
213,166,22.7,7.3080244
202,149,14.4,21.072525
204,183,1.48,0.13816568
201,184,0.65,1.445456
202,3,0.72,1.9974177
201,214,1.23,0.91464597
214,44,3.24,0.86637247
203,49,16.2,12.806769
202,129,6.11,5.112202
200,87,4.81,4.231114
203,60,3.83,2.695898
217,25,4.58,0.7126912
218,174,12.2,2.8798156
216,61,1.79,1.6161748
216,106,7.21,2.0095985
217,87,13.6,1.1059299
202,23,5.5,4.0519633
192,8,7.27,3.4836278
190,187,2.3,7.490278
208,238,0.7,0.84406614
190,195,0.67,0.775305
205,168,1.72,0.49234813
217,100,19.0,3.343291
214,109,19.3,10.472115
190,180,0.9,1.3514723
210,114,14.4,4.3895707
201,14,970.0,763.6434
218,120,15.7,1.9271394
190,189,3.26,0.86643505
203,89,0.82,2.9040594
217,203,1.86,3.017478
199,205,4.56,1.2939423
200,7,1.75,2.300065
199,241,0.18,1.5395018
196,0,19.6,12.9727
190,163,1.18,1.4173559
196,124,34.5,46.193375
196,174,3.97,1.8036103
196,104,26.0,9.095591
196,80,0.96,0.757851
195,232,11.1,8.450756
191,89,11.9,2.8645186
196,44,1.55,2.1346972
196,159,2.82,2.2469208
190,27,68.5,5.6843038
195,168,4.71,5.45998
196,94,8.95,1.3175958
195,17,69.5,13.97582
195,58,105.0,95.814415
216,134,2.61,1.987392
191,71,9.73,2.0261602
196,146,1.89,1.2057992
190,243,7.32,7.6351295
190,218,3.0,2.7593167
195,45,87.9,9.98922
191,18,0.6,2.4706247
196,14,2.95,0.9408924
195,31,71.6,55.339905
196,55,2.67,1.3793595
196,29,2.62,0.5035402
205,211,0.93,1.9910071
206,145,64.2,109.5746
205,214,3.95,4.3547115
206,134,57.1,84.16951
207,248,12.0,5.067045
207,191,1.1,3.7167034
208,38,0.25,0.20517565
206,19,2.09,3.4857442
206,215,174.0,88.78611
208,54,0.78,2.5460215
206,44,4.17,4.519517
207,223,1.22,4.687811
206,3,7.67,16.053223
206,117,51.3,84.31726
208,58,2.9,0.68105793
207,100,3.42,6.4649725
207,227,3.94,5.391311
207,18,2.06,1.570508
207,68,1.25,1.5257145
207,86,2.63,4.157846
210,88,2.6,2.4289203
212,129,3.1,3.270513
212,200,1.15,1.3202213
212,188,3.55,1.4074674
220,64,6.8,2.1420155
214,9,4.26,3.8790095
213,10,44.9,7.4047284
213,3,34.0,3.7043335
213,122,13.8,4.2379827
212,228,1.16,1.7186882
213,154,16.5,9.201595
215,2,315.0,128.81976
212,152,11.4,5.3132987
220,12,4.79,3.703655
211,171,29.7,10.083513
212,58,7.01,4.021963
211,133,17.3,12.936941
213,131,17.3,9.403337
212,166,14.0,18.041897
212,219,1.21,0.7600554
211,232,212.0,93.010994
213,201,2.55,0.132544
213,47,6.2,2.6473634
211,118,9.13,2.4120338
213,112,0.27,5.9250655
215,206,4.5,2.2771492
213,58,18.9,8.925021
213,236,28.5,21.77756
220,59,1.37,0.5432385
213,182,25.8,5.04572
219,229,6.53,7.100217
220,83,5.4,1.6847007
213,24,91.0,12.344703
213,168,21.2,4.245257
220,45,2.22,1.9138814
213,84,5.29,1.7116406
212,95,2.86,1.4831023
211,152,23.4,7.219877
213,224,24.8,42.414715
214,62,1.86,0.84678525
212,113,1.34,0.30845067
211,202,81.8,46.52873
214,92,10.2,13.437134
220,71,10.6,9.886792
213,137,5.64,1.9654573
212,246,10.2,0.87340385
219,241,19.4,6.4400277
212,70,0.49,4.1309986
220,1,3.56,2.5856996
213,65,3.45,0.47126067
220,22,8.79,6.905955
211,217,182.0,76.63063
212,223,0.94,5.9589953
214,31,4.39,7.73647
213,34,2.06,3.7026558
212,34,3.12,0.8293912
214,18,5.88,4.096106
215,189,2.36,2.3899229
214,111,2.78,1.7408144
213,93,12.8,7.872558
219,217,6.53,13.526099
220,33,0.54,0.5246192
191,124,3.56,2.9713457
191,193,1.37,0.8702277
200,31,0.68,3.5428646
199,224,14.1,18.202513
199,118,21.4,8.971295
191,133,12.9,9.585624
191,40,0.94,2.057363
190,220,2.5,4.2251825
219,2,5.93,2.7742553
218,37,3.75,2.8672106
199,244,0.13,0.7436753
199,131,2.73,3.5308776
199,30,10.3,5.1578226
199,2,1.46,0.5183717
190,113,2.98,1.6946974
190,104,6.44,2.2400753
190,26,53.5,30.693321
191,30,3.36,11.778089
199,143,0.55,1.9129809
218,204,0.95,3.7927814
218,213,0.16,6.71177
199,8,1.28,1.5511724
219,19,2.4,1.4336628
200,10,5.27,3.01825
199,194,10.3,2.5095093
199,102,21.6,23.426025
199,81,5.67,8.103518
191,221,2.15,8.567136
199,204,2.58,1.5355814
191,232,5.33,7.2969217
218,219,4.48,3.5173838
191,115,0.78,0.81390905
191,147,20.8,20.109686
192,0,4.71,4.138345
199,101,12.1,15.098051
191,159,34.7,7.7682633
199,152,0.3,0.16765283
218,197,0.18,0.9995914
199,33,17.7,7.11733
199,235,1.28,2.0193667
191,59,1.35,3.9797387
199,172,6.54,5.451903
191,52,0.48,3.2038553
191,184,0.71,0.7829456
199,182,9.14,0.9357796
201,162,1830.0,1182.5599
199,89,4.45,4.635153
199,214,8.56,6.7121286
191,19,0.5,1.5712215
190,241,5.42,13.587821
199,61,0.64,15.906948
199,161,0.96,1.8833929
191,207,3.75,4.2646327
199,53,3.85,1.4799231
199,247,1.58,0.73316294
191,218,4.87,3.2400157
199,74,2.81,0.8112526
192,7,5.58,6.1182513
218,146,1.25,4.3562574
190,171,1.0,1.2832971
200,15,2.37,5.341908
206,237,7.71,2.59085
207,161,7.99,10.455122
210,229,54.8,33.65026
209,68,11.9,5.588404
208,79,5.56,2.210844
213,57,12.3,7.269443
209,202,1.55,0.91122603
207,140,9.19,2.26846
201,50,1570.0,846.39746
208,213,5.19,5.238182
208,243,3.04,2.8718944
206,213,198.0,142.81233
212,150,9.01,5.0051155
210,194,30.8,79.755
206,153,82.2,32.30406
215,44,377.0,84.73985
215,231,2.82,3.3625631
210,218,47.0,64.82067
210,184,24.9,11.015589
201,65,1590.0,1178.5355
214,107,14.4,13.63336
211,240,215.0,207.20692
200,219,585.0,468.7552
213,130,13.8,12.4359255
209,33,2.98,7.0720425
215,18,342.0,61.121326
215,30,331.0,238.60963
209,49,4.45,2.6143847
208,205,4.27,4.0897126
208,159,2.56,5.973502
209,24,1.68,1.1689703
210,132,1.21,3.8923485
208,124,21.6,10.70837
213,32,1.43,1.7410637
216,214,1.6,2.2267292
210,112,11.9,11.334396
214,53,2.77,0.7771746
200,246,776.0,697.21747
200,228,603.0,73.87969
209,9,1.53,1.222243
210,86,1.39,1.6972612
205,44,5.95,1.9859222
213,66,2.27,0.113188386
205,190,1.62,2.0957673
201,36,1550.0,840.4896
206,73,12.8,0.9550754
205,114,6.52,4.137945
214,211,154.0,41.293278
209,221,2.93,0.14960328
216,156,38.6,28.88937
216,21,0.72,2.1464267
212,171,11.8,13.742091
215,117,20.0,2.346951
205,97,1.36,1.066832
210,143,0.75,3.097693
210,58,3.39,2.7371178
212,187,2.66,1.5251126
206,99,27.0,14.355503
212,199,1.07,1.3756576
215,139,6.75,0.52381754
214,129,2.67,15.130177
210,8,9.18,6.073986
211,90,2.86,3.2056541
210,208,41.7,33.660984
215,151,1.02,1.0573484
211,231,192.0,120.918274
213,200,2.1,0.4798804
210,146,2.34,3.0996883
205,73,34.5,36.401054
200,212,562.0,566.1289
208,177,2.54,1.2394608
219,189,8.7,3.138231
210,96,6.13,3.5126128
206,246,1.39,1.5969746
205,134,2.41,2.9016132
212,202,0.8,0.6138632
208,105,10.0,6.7259073
214,43,1.66,0.83288175
211,2,7.64,3.0625017
211,201,69.2,33.714153
208,153,8.78,3.7186213
200,202,352.0,532.90894
209,141,4.41,7.7419686
216,119,2.47,1.4677461
206,83,20.5,7.5344296
211,62,6.26,12.639879
205,176,4.62,1.9161627
215,234,3.59,3.5098965
205,57,22.7,6.1680956
215,86,7.33,6.7842174
212,18,286.0,61.344364
214,198,117.0,17.160095
215,73,4.34,1.251385
215,219,0.58,18.533794
211,45,3.34,2.9772184
213,8,36.3,4.137108
213,2,27.0,3.581832
216,101,4.71,1.2461692
209,184,1.8,3.577902
200,234,718.0,393.00107
207,184,6.76,0.7705726
212,3,226.0,52.72852
212,133,2.5,2.042552
216,9,2.59,1.1131305
211,77,4.01,6.741034
211,14,0.9,2.4530308
209,166,4.3,5.5778403
216,4,11.7,2.876652
201,13,805.0,668.5304
206,227,219.0,111.00335
210,30,14.6,4.699266
206,62,3.72,0.6137831
209,116,30.1,14.059639
205,84,2.46,0.68981445
216,56,34.3,28.412672
205,165,1.69,1.3276006
210,73,2.85,18.170044
210,23,5.91,1.5320078
206,167,106.0,12.2113695
214,77,3.68,4.5443726
216,194,4.02,1.41577
209,138,82.5,59.194294
201,21,811.0,524.28064
210,170,8.56,6.3660727
219,169,35.4,13.433313
209,248,6.07,4.150556
213,123,11.3,5.690282
207,125,12.1,24.106293
206,180,120.0,24.011658
216,78,3.87,3.06417
209,132,52.9,12.015078
206,195,164.0,129.14938
207,34,11.6,7.6711407
213,116,0.26,1.6906341
213,72,3.54,4.8593855
214,232,275.0,142.08495
212,224,1.17,4.999253
213,92,10.1,5.253399
211,22,3.81,2.5491707
208,139,2.54,1.1036279
200,197,339.0,299.93243
216,184,5.54,3.5604906
214,156,12.9,3.7266777
208,23,39.8,25.753828
209,71,16.8,1.4084054
209,219,3.38,1.3107826
209,12,3.48,1.9008278
210,243,6.05,1.013026
208,185,3.16,1.8672693
207,49,6.97,14.134576
208,228,0.84,0.76680833
214,141,8.04,3.3977883
209,102,25.1,17.927084
216,145,24.6,9.854398
218,176,8.1,2.2856715
198,60,31.2,21.643354
196,197,3.81,3.790829
199,248,1.79,1.5824227
199,240,0.14,1.2701696
218,36,3.67,3.4664092
198,36,0.96,0.31040815
198,222,12.1,5.966415
198,248,1.3,0.45968276
195,43,56.6,9.938474
199,180,9.49,0.89401007
193,143,19.0,9.348695
199,29,9.7,7.607003
193,38,7.8,4.974315
197,15,22.8,4.9636455
197,121,87.2,31.562769
195,249,14.7,9.943691
217,248,28.9,8.996503
193,13,35.7,1.7689304
199,34,17.2,7.3804445
196,175,2.83,0.94891185
191,58,1.43,2.9240525
196,121,21.0,2.75834
194,143,2.77,1.4465407
196,27,2.07,0.8180049
197,79,5.62,1.6272008
195,233,9.41,4.8119745
199,52,3.62,1.2721518
199,103,21.8,14.015411
218,122,11.8,5.589094
195,198,12.5,3.8113286
217,235,7.68,3.9574971
192,119,0.35,2.7647927
193,223,1.04,1.0358123
197,7,11.8,2.7352128
218,75,15.9,3.0041215
199,233,1.3,2.1819313
199,72,2.82,1.188281
192,232,1.08,2.2603376
218,18,2.06,9.052415
196,213,0.97,0.2414504
195,27,44.3,41.110107
190,81,342.0,218.64961
198,105,1.59,2.2376907
201,131,1740.0,996.38043
195,56,74.8,59.728832
194,67,5.27,9.072863
193,103,0.81,1.8637645
196,107,16.8,2.8966486
197,96,82.6,11.755394
190,62,295.0,139.98347
196,187,9.6,1.6585375
217,8,11.8,3.774681
198,209,9.28,3.4703798
197,110,71.4,6.0485463
197,91,39.3,6.395694
197,233,3.6,1.3912113
196,226,18.9,7.0563383
218,9,38.5,65.82431
218,44,8.6,9.684002
192,190,8.64,4.778437
199,88,4.25,2.5102198
193,207,2.05,3.9595933
199,60,0.6,5.127353
193,136,18.6,40.506325
193,194,0.16,1.9141676
197,216,39.7,30.973835
199,142,0.55,1.0293745
198,237,1.52,3.3424537
192,221,3.69,1.5851765
199,159,0.94,0.8352017
193,73,10.9,2.7481985
190,164,1.32,0.733209
199,185,10.8,4.0397377
197,238,0.3,1.4294019
192,132,0.92,1.8628415
218,196,0.19,0.79227376
201,88,1570.0,1026.8059
197,224,2.0,1.8747088
217,229,0.71,3.3749607
198,176,6.13,4.336743
217,39,7.33,4.2667627
193,2,8.26,1.0950521
192,124,2.07,7.5460114
198,28,0.53,1.6016204
196,191,13.0,2.2994366
201,158,1840.0,981.51044
218,31,2.13,1.2570535
192,197,1.0,1.388271
199,80,5.5,8.277561
196,237,2.5,1.1378322
193,122,4.01,4.020136
197,85,32.5,2.5121481
197,147,126.0,34.67418
193,215,4.78,6.0227046
198,7,2.8,1.8643904
193,129,12.8,13.183933
198,19,5.46,3.4855995
194,6,2.98,2.4523203
194,37,0.5,0.45946977
196,2,1.4,1.4928439
217,216,1.8,2.1812341
195,87,138.0,79.02141
190,34,194.0,94.842064
218,135,3.46,1.5952492
197,52,1.5,0.31413236
190,38,201.0,46.492603
199,170,7.18,3.2380104
193,44,1.94,0.62615025
194,53,0.94,1.6547402
196,236,1.33,2.5846367
198,97,2.93,3.4534569
195,139,378.0,150.71461
195,118,227.0,114.06873
193,242,5.34,1.9953424
197,39,1.48,1.0584369
194,29,11.1,8.841738
192,206,2.15,2.3036757
192,166,0.97,1.79829
192,170,2.15,2.6440783
197,204,6.84,5.2790794
193,186,1.83,0.6634692
199,201,2.4,1.2282002
194,0,2.24,0.84498096
196,64,1.7,8.019965
198,49,15.4,15.488998
196,217,1.19,1.8295603
197,176,1.93,2.871546
197,163,0.62,1.2011027
194,20,6.7,1.2361028
199,100,11.2,12.457787
199,17,0.61,2.3084543
198,14,10.1,8.282687
193,178,45.1,63.534477
196,56,1.61,1.2433602
200,11,5.98,3.8346658
201,114,1630.0,852.32806
219,36,3.49,3.1009529
217,146,43.4,5.097253
216,131,2.31,0.96017855
192,228,0.66,1.9014392
195,95,187.0,150.47623
197,29,0.44,1.6642386
199,151,0.31,0.5771096
193,89,0.18,9.084108
192,178,4.42,4.811737
198,201,0.67,1.1754066
198,87,2.33,2.4495354
198,42,8.45,2.7049053
193,231,0.71,2.0271351
217,117,27.3,9.442578
190,47,266.0,197.94328
198,244,10.5,3.0069752
218,27,6.34,7.676323
195,104,213.0,86.79279
217,244,12.8,10.0852995
218,90,1.9,6.231795
193,62,0.89,3.0576434
192,89,1.42,4.072752
218,218,3.6,1.8214939
191,226,2.15,6.102238
190,70,300.0,62.451523
199,212,8.6,6.8503947
195,167,3.57,4.3254914
193,111,1.42,3.87373
197,194,5.31,1.6258934
197,64,1.53,1.0026273
194,13,4.85,10.308951
190,53,267.0,84.23809
195,80,133.0,79.157745
201,101,1600.0,1044.1271
197,133,121.0,63.60181
196,209,2.58,1.5796973
198,78,0.23,2.1503642
191,20,0.51,1.2955627
198,169,2.18,1.2703068
199,119,21.1,10.455592
194,155,2.08,1.7081507
194,165,0.58,1.5164031
194,179,0.79,0.42477387
217,135,35.0,25.444893
195,90,164.0,88.306305
193,163,40.5,21.156458
200,16,2.26,4.6220393
195,129,240.0,107.515495
219,20,2.14,1.8687487
198,70,2.38,1.2477657
218,158,4.24,2.6724634
194,86,13.1,20.589281
194,44,4.1,3.1579835
194,100,18.2,5.047299
199,130,2.86,2.0975032
199,7,1.2,3.3588998
190,23,84.3,6.280875
195,68,102.0,86.138374
195,1,35.8,14.449125
193,54,0.37,1.3800452
218,193,15.8,4.9647703
195,12,55.6,9.351311
218,145,1.18,2.7332795
193,81,0.044,3.183218
196,38,1.19,1.0889777
192,214,1.9,2.2927332
218,203,0.9,3.742685
217,28,2.3,1.8143945
197,190,1.33,2.7922428
218,212,0.15,4.953088
193,98,0.24,1.4705747
196,222,9.07,1.091197
197,209,23.6,10.731199
198,0,0.39,8.650919
219,3,6.17,2.3579595
218,48,13.2,15.670351
199,225,14.2,13.202799
215,1,313.0,148.88269
212,130,2.17,1.4821615
212,94,2.04,0.7654012
206,247,1.32,2.74372
208,29,41.7,78.34924
212,167,11.2,12.98941
208,39,0.45,0.49950087
220,72,9.82,8.593486
215,21,338.0,40.531776
207,234,8.82,13.7669935
208,10,25.5,43.148716
207,98,5.34,12.232698
211,150,21.8,6.597583
206,182,140.0,65.01927
206,4,15.5,27.006918
198,155,2.58,1.4967374
206,113,55.3,41.104424
206,130,62.1,45.732517
207,247,20.1,8.320251
200,213,655.0,432.48636
207,33,8.39,6.807927
215,184,2.01,1.9250203
206,85,13.9,9.82062
206,142,73.5,52.78464
220,86,4.01,7.061336
206,46,5.73,3.5188725
208,112,10.5,7.4349823
206,228,224.0,86.0463
207,217,4.56,1.2058208
208,152,7.25,3.0159135
211,117,8.93,2.2814658
212,186,2.62,2.6653929
207,187,7.83,0.5979412
190,103,877.0,152.08064
207,114,3.12,1.4009595
211,170,26.4,24.689707
208,126,20.8,10.79327
207,143,11.5,2.7187798
207,192,1.61,1.6373168
208,86,5.36,1.9435675
207,162,8.3,6.921651
213,33,1.57,1.2090995
208,87,1.76,1.0763382
212,42,5.31,1.8566452
206,197,186.0,110.61708
212,39,2.59,1.0058386
212,216,0.76,0.7946253
205,213,2.04,1.6457858
207,66,2.58,5.248947
212,72,0.4,2.2087522
215,194,3.56,1.7634733
206,212,211.0,115.05228
207,123,12.6,20.771265
206,239,4.75,2.0039978
205,223,8.3,6.425592
208,52,1.46,2.281512
207,80,3.26,14.492044
206,74,10.0,1.5593472
206,154,89.6,20.463469
215,172,1.03,4.4952235
206,98,21.4,12.320821
212,244,8.35,2.3824615
206,30,3.04,2.4545567
212,198,1.07,0.89768225
212,114,0.79,1.2877789
212,151,8.76,6.392159
198,148,18.1,7.6187596
208,59,4.62,1.2755908
211,131,16.1,6.746774
213,203,1.89,1.9214066
219,139,4.87,1.4114676
219,0,5.33,1.6353254
211,230,179.0,70.9825
219,219,4.1,15.068066
219,17,2.31,1.4468212
211,15,0.88,2.4237225
192,26,4.26,2.2747211
208,229,0.72,0.59463865
220,35,0.47,1.229122
217,187,6.68,1.5818534
191,93,9.46,2.663686
219,65,1.94,5.062171
205,98,1.21,1.2493043
192,157,8.61,1.1922123
192,69,2.36,0.6965994
213,23,70.6,34.58853
210,171,8.38,7.23007
196,135,1.26,0.64628667
192,59,0.73,2.358823
213,98,9.16,4.3498
214,8,4.35,2.4883358
195,156,9.37,6.005688
219,178,2.3,4.085796
219,110,19.6,6.573726
211,46,3.22,1.2220252
217,119,26.2,10.769934
205,150,7.42,3.6798673
208,206,4.54,3.0679002
217,73,1.93,1.3569311
219,240,13.8,5.6940536
195,149,1.53,2.1761758
220,10,3.3,2.5607705
208,216,5.19,6.007144
211,216,150.0,58.802917
192,16,0.89,0.35928816
214,30,4.0,8.816705
213,235,27.1,7.0556335
195,171,3.33,2.882482
196,79,0.79,0.27064914
214,57,2.96,1.677106
196,95,6.01,0.8616389
209,10,1.31,1.0900033
214,63,1.46,0.6140968
205,45,4.69,1.3446991
194,221,6.5,3.1745217
205,115,6.07,4.607923
219,77,2.2,2.7229161
213,140,4.53,3.2154012
192,86,3.81,2.822204
217,86,10.4,3.0106146
219,85,1.1,1.8659793
217,175,4.32,4.036709
205,127,9.78,7.320586
192,57,5.9,4.8245554
219,147,3.51,2.7480001
219,98,5.66,3.0767415
213,247,29.1,44.10199
205,56,23.5,3.006089
214,112,2.78,1.8241092
219,230,4.1,5.674834
194,211,2.39,0.9840833
194,232,13.3,6.0181546
213,180,23.2,12.810766
213,50,4.84,5.358055
194,236,27.3,23.783075
191,151,38.5,7.878633
213,102,0.28,6.549609
208,188,3.96,1.6665059
210,244,6.51,0.93721926
213,151,14.7,9.503296
220,58,1.11,0.69049406
211,242,201.0,93.52829
201,161,1670.0,754.68854
192,33,1.34,0.78934115
220,0,2.49,3.673643
213,124,9.77,1.2197342
213,164,19.4,5.656867
220,46,1.96,1.8291312
219,125,2.51,0.86103344
205,87,3.37,0.55171686
220,20,6.83,3.8515785
214,91,9.35,10.030486
213,225,22.4,22.059515
213,81,3.42,2.1173608
194,204,0.83,1.4423127
202,2,0.66,3.5933027
219,168,34.0,19.867985
191,70,4.78,2.264362
208,173,1.9,0.6323269
192,39,3.78,1.3220658
214,17,5.46,3.0401106
219,190,7.94,5.6969085
217,98,17.1,4.8417225
205,170,1.5,1.2645372
191,101,3.2,49.761593
205,140,2.19,2.0994022
194,218,3.34,4.5990043
205,75,36.1,48.27184
219,158,19.2,10.334643
198,79,0.21,4.9508667
195,97,166.0,111.80856
198,177,5.88,7.1312647
199,128,2.74,1.8490735
199,117,20.0,5.6690774
198,106,1.58,1.9666255
197,90,36.6,6.4124637
198,245,8.31,1.9893667
197,18,21.5,4.4472523
199,169,6.4,3.218611
199,90,4.01,3.5507
198,9,9.71,5.100978
195,130,217.0,82.22457
200,17,2.34,2.986119
200,8,2.14,3.5493283
196,227,16.7,6.344577
198,194,0.52,1.5415926
199,99,11.3,16.201035
218,19,2.07,5.549636
199,223,14.3,19.135426
199,231,1.33,1.7486184
197,134,117.0,48.134106
198,151,1.17,0.66849136
199,10,1.28,1.6598165
198,61,30.7,16.178772
199,79,5.84,7.5499873
199,51,3.7,2.4075942
199,35,17.3,8.723579
198,121,3.56,1.9661248
199,0,1.26,0.75024277
198,228,29.4,47.144173
199,104,19.8,20.26483
199,215,8.64,9.871342
198,210,9.2,6.3102756
198,156,2.47,1.1616442
196,186,8.95,1.1743525
198,37,0.96,2.9523425
196,223,8.45,0.8113042
198,138,14.0,4.9777255
199,183,9.09,0.3523565
198,129,2.63,2.0117471
198,50,14.9,17.124886
190,89,380.0,90.97096
198,27,0.56,0.99104553
196,234,1.23,1.568036
199,20,0.56,1.6848679
199,153,0.31,1.2739832
217,233,7.62,2.7906818
197,240,0.29,0.3709795
198,21,5.5,4.1228733
198,202,0.64,0.5082682
198,198,0.25,1.8645519
198,221,11.9,9.710015
198,89,2.26,1.8678852
198,43,8.27,2.1209378
197,248,0.4,9.675803
199,28,9.76,12.757576
199,160,1.05,0.61414045
199,242,0.15,0.6193972
198,190,24.0,11.999422
199,206,2.19,1.002622
197,109,67.7,3.590547
199,186,10.6,3.445687
198,72,2.31,0.086031854
197,95,79.7,14.150229
195,141,354.0,228.66335
197,123,84.2,82.748146
198,136,5.08,2.5270226
196,244,2.26,0.6041586
198,238,1.59,2.866271
197,84,31.7,4.9151716
197,229,3.52,2.697995
197,203,6.8,71.59184
218,28,6.16,2.4624746
217,243,12.7,11.233616
197,217,38.9,20.661184
197,38,1.43,0.86478764
198,180,11.5,4.496433
196,198,3.31,3.7554972
195,119,199.0,99.03191
198,8,2.81,1.5329623
195,106,189.0,128.92064
199,141,0.64,1.4999182
198,170,2.2,1.7527918
199,73,3.05,2.3796575
197,193,4.99,2.3715074
198,115,3.11,0.5094395
199,59,0.71,7.080817
190,101,841.0,117.25027
198,98,2.86,2.123528
197,210,22.7,5.9487867
197,225,1.98,1.1763784
198,146,17.5,6.0641584
197,146,123.0,46.54082
214,5,4.26,5.144788
215,101,4.69,32.2395
214,29,3.95,7.4329476
213,80,3.37,3.1412222
214,64,1.46,0.79090005
215,185,1.79,1.8664012
213,234,26.7,7.747204
212,71,0.4,4.6843324
216,58,29.8,12.224275
215,217,0.56,15.565086
211,229,170.0,133.28601
219,188,8.32,6.9030824
213,162,18.8,6.610616
209,130,50.9,8.996361
212,4,205.0,59.22852
219,228,4.1,3.9669044
212,112,0.81,0.7727597
216,79,2.97,3.805965
213,246,28.7,54.028442
214,233,250.0,166.48558
212,19,261.0,22.606827
211,116,9.1,2.43814
219,249,2.85,1.8437903
210,29,5.14,2.273282
216,213,1.52,2.2668068
216,102,4.71,0.33514282
213,190,21.2,6.7662563
219,218,4.06,21.701122
214,16,5.46,1.8069043
214,54,3.02,1.2810566
214,113,2.78,1.036766
215,209,3.49,2.6677926
212,43,4.63,1.6468452
211,153,21.0,2.576371
215,84,6.17,6.500503
211,134,15.3,3.96516
214,80,3.6,3.2279959
212,234,0.97,1.529962
212,132,2.28,1.7732922
201,68,1630.0,1090.5929
214,104,13.6,10.958006
211,215,146.0,44.823036
215,0,293.0,109.32412
213,139,4.44,5.9866858
212,218,0.84,0.4766434
214,147,11.9,5.129678
216,17,0.78,1.6830052
213,223,21.9,31.814985
201,37,1620.0,1317.288
215,20,317.0,72.72192
215,152,0.92,0.9269979
220,9,3.25,2.0874455
214,86,9.35,5.5273137
219,165,32.6,20.799328
211,241,192.0,103.16464
215,118,16.4,5.720734
210,56,2.89,1.3258692
213,97,8.6,3.5259452
215,31,321.0,149.62839
212,168,11.5,15.35127
212,153,8.84,5.8871055
215,124,5.78,0.7847081
220,21,6.8,3.2454612
219,239,14.1,6.3967323
216,120,1.91,1.0973066
212,37,2.28,0.8651877
210,45,11.7,3.281362
214,41,1.69,2.1570303
210,75,3.3,11.951243
201,51,1630.0,839.60614
216,2,10.8,3.0569193
212,96,1.99,0.42070013
214,130,3.01,7.8399563
215,48,373.0,110.255325
211,200,59.0,21.03687
211,168,25.7,9.123355
213,22,66.5,38.398743
214,140,7.71,3.6360958
215,229,2.8,3.789797
213,153,13.7,4.432189
214,210,139.0,73.41702
215,156,1.04,7.0887012
218,188,13.1,4.033401
213,143,4.16,3.5200896
219,75,3.41,1.7065488
213,242,27.4,17.721422
218,61,12.6,92.43092
211,247,183.0,96.678894
213,178,21.4,14.753122
213,51,5.52,3.1504323
201,166,1730.0,935.8066
217,166,3.52,7.130115
213,114,0.19,1.2719117
219,111,19.2,10.079896
214,19,5.36,0.79940647
219,128,2.48,3.837743
213,150,12.3,4.3935504
201,145,1670.0,898.18463
218,92,1.7,2.1122484
218,156,3.71,3.4164772
201,130,1630.0,1231.1156
218,119,10.0,10.31761
211,214,138.0,34.77111
213,83,3.16,3.6135068
218,73,14.9,17.308607
218,249,5.66,2.7621567
219,64,2.46,3.8789344
219,16,2.62,1.1133162
214,96,8.76,6.7970223
219,141,4.99,1.7077392
218,11,38.0,29.413635
219,33,3.36,1.6417341
211,228,161.0,62.421364
218,177,7.1,1.2711715
213,21,61.8,34.434235
213,169,17.6,7.9994316
213,100,7.41,2.768346
219,193,7.76,4.382013
219,179,2.15,2.1205866
199,232,1.25,5.7000294
199,127,2.68,1.2983241
199,27,9.45,12.46062
199,171,6.06,4.403095
199,187,9.93,5.3102694
199,150,0.31,1.8829722
199,19,0.5,0.93557835
199,87,3.81,5.0439987
199,98,11.1,10.3124895
199,243,0.15,2.2446766
199,179,8.62,1.003253
199,36,16.6,14.145704
200,18,2.19,1.3344182
199,116,19.9,3.1615493
199,203,1.94,1.3545043
199,162,0.88,1.2594945
199,62,0.65,9.716066
199,50,3.57,2.157586
199,71,2.92,1.6963966
199,140,0.59,0.3646805
199,249,2.01,2.6033666
199,105,19.9,15.764687
199,213,8.16,6.1042876
199,222,13.8,17.7934
214,28,4.01,4.42715
216,20,1.4,1.1692247
211,66,6.44,11.82967
216,199,1.34,1.386973
205,68,31.3,33.41767
217,89,10.4,1.7280934
215,45,336.0,249.48067
214,60,5.06,3.5428994
201,24,768.0,302.9897
213,177,20.9,7.866005
214,4,4.26,2.5679839
213,79,3.5,3.64285
210,128,2.2,2.2742803
211,18,0.92,1.1014838
205,142,6.67,0.8786168
208,201,3.15,5.2406926
213,222,21.8,21.447214
205,100,1.17,1.0511878
216,62,1.61,4.103707
205,85,2.84,1.1541728
219,124,5.23,0.57159126
217,99,17.7,7.7201552
213,99,6.69,7.707071
210,233,5.73,1.2585375
208,215,3.83,4.732629
214,131,5.18,5.0822425
205,166,1.75,0.8119
210,95,4.19,4.1659045
216,143,16.9,5.17636
213,20,60.8,15.672311
208,239,0.76,0.4945532
211,99,4.77,28.770685
210,198,27.9,51.42191
217,165,3.95,2.1513686
211,213,136.0,27.55725
219,62,7.59,2.8594398
216,0,14.8,3.943641
217,72,2.1,0.67179686
211,23,3.17,2.8482714
205,136,2.38,1.6244693
211,1,5.81,3.4932396
214,142,10.0,0.56117666
205,46,4.24,1.7718618
211,227,150.0,50.319927
213,149,12.1,3.5710816
210,183,23.1,5.549097
213,238,26.9,9.544872
200,247,725.0,697.61676
215,33,279.0,85.23121
214,65,1.92,1.4074546
205,58,21.2,4.0788016
219,97,6.04,1.6338694
205,112,5.86,3.7908306
210,219,44.8,22.32279
213,138,4.11,2.1136851
219,146,4.77,8.291347
205,193,1.26,0.7967069
214,15,5.46,0.814802
214,81,5.1,2.093903
214,87,11.0,7.9254556
210,116,9.2,6.756421
213,249,30.6,10.118436
216,186,6.35,10.732021
219,156,21.7,9.500301
217,112,26.7,16.372362
209,8,1.2,1.2501814
212,22,247.0,18.722042
205,123,10.1,6.737207
214,114,2.87,1.9594427
219,84,1.16,2.302752
210,147,4.16,2.7511005
210,228,54.3,14.136842
213,165,16.6,12.137872
214,106,15.2,7.2061896
211,75,9.59,6.9647765
212,7,196.0,46.288166
215,230,9.78,2.9757917
208,186,2.65,1.2353284
216,172,2.14,4.7356124
200,19,1.85,4.6794233
199,207,1.7,2.1090457
200,0,1.76,2.4534905
199,245,0.14,1.8263762
205,17,2.49,1.5633304
203,209,0.77,2.9485788
205,25,2.68,2.1067007
203,232,6.02,1.1463066
200,191,250.0,161.85756
203,161,5.53,8.116245
203,175,9.93,12.831138
204,96,105.0,260.7971
203,156,3.36,3.8397717
200,167,107.0,33.619625
205,33,7.26,25.570248
203,196,1.71,2.5047925
200,176,122.0,70.25802
203,110,0.72,1.4172242
200,184,219.0,145.94592
203,205,0.4,0.7603119
203,120,0.83,1.0302868
203,247,2.22,1.7400882
203,146,1.69,2.3599894
204,87,86.4,159.74622
203,7,0.54,1.0933921
203,104,3.85,4.976473
204,92,96.0,111.50623
203,91,2.9,2.7272618
200,141,56.4,35.024567
205,28,3.9,3.75248
196,249,1.95,1.5746444
197,219,36.4,9.1942425
197,98,72.1,21.612587
197,108,55.5,1.7600286
197,197,5.37,0.9428613
197,92,30.3,10.070646
196,221,7.17,1.9861532
196,228,9.8,6.1232877
195,96,121.0,152.1029
197,86,29.5,7.1878715
196,235,1.0,1.4967893
217,40,5.18,4.4629054
217,227,0.95,1.1432656
201,90,1510.0,700.58954
217,148,39.3,43.36611
197,53,1.0,0.6377214
217,53,0.85,1.2714053
197,148,0.34,2.5337107
197,66,1.25,1.1232352
216,229,1.35,2.929782
197,178,1.3,0.6822842
200,38,0.4,0.396048
220,123,0.38,0.6708582
203,121,0.66,1.0575944
203,173,11.5,7.575852
190,129,0.43,1.6291794
200,64,0.37,1.2574574
200,171,122.0,20.56578
203,106,3.58,1.2403249
200,51,0.27,0.54489887
203,98,2.29,2.0271022
203,142,1.29,1.9384947
204,207,11.9,6.7580323
200,140,51.5,26.301712
203,233,5.5,4.329441
203,192,1.76,2.495903
202,198,0.83,0.76490694
203,153,3.16,2.5498447
204,220,1.09,1.5379196
203,246,2.14,2.7515872
204,127,1.72,1.7277776
203,70,2.08,4.2325587
204,137,2.68,3.0082974
204,114,0.58,4.258163
203,111,0.71,0.49836954
203,208,0.39,1.9843789
203,217,0.78,2.599398
203,9,0.41,0.87984616
204,59,30.1,9.070502
204,20,7.25,5.26002
204,156,7.48,7.3401275
204,184,0.98,2.9907877
203,14,1.43,2.0842252
204,233,1.26,1.020025
204,2,4.3,1.6225891
202,194,0.63,1.4889541
202,127,4.26,4.5662656
204,68,31.6,18.333046
220,108,0.76,0.57408524
203,182,15.9,3.4668682
204,46,10.3,10.939639
202,178,1.13,4.044981
204,34,8.56,13.2646265
203,166,5.25,3.9832764
200,163,98.5,24.903524
203,225,1.73,3.1497517
200,181,181.0,180.42102
204,103,3.35,2.7057405
210,216,28.4,8.486788
200,161,88.3,56.875896
216,154,18.1,8.29731
204,19,6.85,2.8015053
204,154,7.14,13.94621
208,230,0.31,1.1957632
210,181,14.5,3.440256
200,190,223.0,44.98192
210,137,0.81,1.0982744
200,227,431.0,98.09981
204,175,0.81,2.1806703
213,163,13.3,14.808657
203,193,1.55,4.336709
214,66,1.28,0.71085125
203,218,0.61,4.2429123
214,13,4.76,2.8968878
205,24,0.87,2.8202858
204,241,22.9,20.751072
207,205,0.84,3.5950148
201,64,1090.0,966.51556
204,245,24.2,18.288897
203,143,1.3,1.7734437
205,246,2.02,1.8774389
213,232,27.8,9.272039
200,244,569.0,393.59106
215,29,208.0,257.5703
211,24,1.97,1.412656
194,200,0.72,2.0790083
208,199,2.5,4.397176
214,52,2.06,0.9760696
204,216,1.07,1.9477543
204,86,98.1,120.64157
203,185,16.4,11.721185
219,164,29.6,20.200964
208,191,1.9,1.4679356
205,143,5.05,2.3585508
205,37,2.81,1.3359601
205,167,0.91,0.6125825
204,77,40.1,29.174149
215,43,230.0,103.50234
201,48,1070.0,642.60815
210,174,4.85,2.0044088
216,200,1.15,1.1542908
211,96,1.87,3.9005203
211,234,103.0,123.73083
203,234,5.45,4.6537814
211,82,2.99,8.354013
206,36,2.14,2.157027
205,207,0.86,1.7073267
205,83,1.2,0.7296562
214,34,3.53,5.4385867
201,35,1070.0,540.45294
203,171,11.6,9.3649845
205,67,19.2,33.769203
203,244,1.94,1.6673906
205,3,0.4,0.7880518
216,98,1.77,0.6548322
204,67,34.5,14.641259
205,29,2.92,2.7833781
213,220,25.1,5.7004943
216,116,1.57,1.7358441
210,97,3.01,6.473827
204,95,102.0,30.724287
205,138,1.18,1.4350694
204,108,2.97,2.9408932
200,182,199.0,192.8512
215,249,7.41,9.402558
204,91,103.0,31.52046
210,148,1.55,1.5889976
210,206,26.2,22.496944
204,45,15.7,24.320742
203,224,2.03,4.7528267
216,141,7.4,6.5861287
204,33,8.71,9.112723
210,110,6.68,5.8841586
204,227,0.74,1.7093683
210,234,2.51,1.4817905
211,206,39.2,39.188766
219,185,9.15,1.7961059
205,13,0.38,2.381815
205,8,1.32,2.5038633
214,6,3.58,6.129932
204,128,1.59,1.2785984
210,226,34.7,34.176636
210,125,1.47,1.4976716
205,34,5.98,2.900465
211,47,2.05,1.7573713
204,3,3.62,4.1812634
205,121,5.58,4.859939
215,220,0.42,1.5754238
200,233,507.0,484.56967
212,20,188.0,133.25201
213,244,28.9,13.981523
203,61,2.35,3.221246
216,80,1.83,2.1558745
203,15,1.55,1.7612303
205,189,0.72,0.5212286
207,79,2.66,1.8021451
205,95,0.7,1.5478824
205,54,10.9,47.18125
204,55,32.8,13.0563
215,235,2.51,5.197436
208,171,0.8,2.0007348
201,10,600.0,222.38728
203,10,0.42,2.9889503
216,188,3.07,1.1660602
204,232,1.06,1.0669584
211,7,4.01,2.213809
203,206,0.34,1.9290602
201,23,604.0,323.0949
211,61,3.92,5.641238
204,138,2.5,3.9269865
204,115,0.52,3.9941854
204,249,29.2,22.33542
204,82,69.6,179.01744
214,39,1.19,0.8515317
204,174,0.035,0.47971466
205,19,3.2,6.610373
216,53,17.8,17.81851
204,208,10.4,6.5669956
213,156,9.76,3.240246
203,99,2.4,1.1094497
200,173,94.2,42.326935
211,239,135.0,84.60321
211,20,0.33,1.2340022
214,148,8.22,4.5341854
203,131,0.6,1.002024
214,83,2.59,1.6163883
208,45,0.24,0.9122221
216,19,0.4,0.5590321
203,105,3.18,3.7549083
216,10,1.64,5.3688
207,218,1.38,2.5197277
216,182,4.02,5.152313
209,139,56.3,3.862299
220,128,0.51,3.542681
203,164,5.67,5.0308537
205,109,3.1,2.494147
210,144,0.62,1.5491209
213,142,3.28,4.8964944
220,113,0.76,2.0240374
203,154,3.09,1.5480295
204,199,5.67,2.608784
201,165,1110.0,43.68392
219,237,21.1,2.9899848
218,246,5.02,2.2120392
219,13,2.9,0.9088677
220,2,3.92,3.1012466
194,178,0.45,0.49058026
190,82,202.0,136.09235
194,102,12.2,1.4446938
190,88,216.0,220.45036
194,106,16.1,9.652158
198,123,2.98,2.1024692
194,185,1.49,2.77371
194,190,1.26,1.6192716
190,99,452.0,215.5754
213,9,23.7,83.31553
220,37,0.62,-0.04322341
212,201,1.02,4.1462207
215,192,1.6,8.487843
211,136,11.5,8.415839
213,121,5.22,8.159856
214,84,2.27,1.6140538
219,226,8.88,1.9486716
215,16,159.0,198.28433
215,214,3.24,3.4850376
211,224,91.6,58.038364
214,22,4.54,4.3065877
213,15,28.4,25.47417
212,117,0.69,1.5212255
211,245,124.0,26.790537
213,189,15.8,5.0823627
213,1,18.1,4.8230414
219,194,7.83,3.0218525
213,216,2.14,6.510542
213,128,6.97,1.5691346
213,135,3.18,3.604098
213,233,28.3,3.7007937
213,53,9.65,9.846663
213,46,3.84,3.3440433
213,245,29.4,4.04222
219,215,8.83,3.2833734
220,56,1.24,1.5860752
214,33,3.32,3.1800964
212,134,1.42,1.0761039
220,25,6.32,1.3580326
220,13,3.87,2.4153028
213,115,0.2,2.7805257
216,1,7.37,3.8358617
212,176,11.0,5.100344
212,221,0.49,2.0363429
213,183,13.6,6.3304024
212,243,5.99,2.9271822
214,244,146.0,103.11811
214,58,1.95,0.51731724
213,64,2.57,1.9237908
220,70,8.9,4.0398483
220,82,2.79,1.3743461
213,36,1.83,0.88979757
212,227,1.2,0.20354259
213,77,2.71,1.0615047
216,18,0.45,0.838189
212,235,0.82,1.3553352
214,164,7.73,6.9232826
212,11,131.0,1.4556751
213,167,12.1,9.697157
214,3,3.51,4.9157443
213,152,8.37,5.750297
213,204,0.86,4.883198
219,242,19.9,1.0551827
212,155,8.57,8.728927
215,174,0.76,4.8722134
215,46,196.0,119.682
213,91,4.9,3.8229651
214,212,71.5,17.925564
215,186,1.35,2.5918977
212,149,7.33,5.661066
211,137,14.9,20.62724
212,93,0.95,2.0656497
215,138,2.61,2.1424196
215,150,0.2,1.7496839
190,102,451.0,154.37236
215,157,0.61,0.9328555
212,110,0.56,1.0720084
215,121,8.43,21.003641
212,203,0.41,0.5030771
212,169,10.0,3.4997287
212,44,2.28,4.2613087
212,197,0.92,6.4171166
212,73,0.27,2.8134947
215,17,150.0,282.99167
211,128,11.3,6.4418693
215,207,2.67,3.8387191
213,37,1.43,0.50051236
212,35,0.97,1.5882198
214,230,131.0,20.823223
210,31,10.8,7.18883
214,248,136.0,112.75266
211,164,19.0,1.9646817
212,185,2.36,2.574603
211,111,6.93,2.7091393
212,135,1.11,1.0500686
210,72,2.34,2.804013
210,61,1.16,1.7516979
215,91,1.82,1.9663182
215,102,3.89,4.9628925
201,140,1070.0,1197.0613
214,14,3.92,3.1832874
215,248,6.49,4.2939024
220,17,5.46,1.6775607
219,94,4.16,2.973903
213,42,3.59,2.0872955
218,103,2.29,0.7527905
217,174,2.82,1.3138118
219,79,0.76,1.9836924
219,214,8.72,3.5585854
214,105,8.63,2.7602172
210,129,1.29,1.2401564
201,12,646.0,105.17692
219,22,2.47,0.9072853
201,79,1080.0,683.8143
214,88,5.93,2.1956964
220,36,0.5,0.40640163
216,36,5.51,1.7461591
217,185,4.57,7.4136763
216,55,12.6,5.3696895
213,96,4.09,2.3988428
219,137,2.67,1.3395447
219,163,21.4,9.661894
219,243,2.39,1.5568755
218,63,12.0,1.7368449
216,81,1.24,1.0043592
214,115,2.31,3.0704906
201,1,615.0,370.422
214,27,3.25,2.0207636
216,215,0.9,1.2188352
214,56,1.45,2.0644808
214,135,3.91,0.58777475
211,212,82.3,19.290998
216,69,1.66,1.5629772
219,234,17.1,1.662452
217,69,1.77,3.5296867
215,34,164.0,41.62879
213,136,2.98,3.4538274
214,149,6.49,3.2751513
218,147,2.65,1.4076958
218,125,1.37,0.85735226
214,76,1.91,1.0788349
219,100,12.6,8.958257
213,103,0.14,1.0197718
219,113,1.35,1.1240371
217,211,1.02,1.4359195
218,87,0.98,1.6208596
201,43,989.0,402.48093
213,231,27.6,3.0256686
219,173,0.72,0.7685019
219,58,0.93,4.69889
211,243,121.0,65.353775
216,25,0.3,0.38224128
210,102,5.24,5.4966598
214,38,0.93,1.5700696
216,99,1.18,1.0010756
220,57,1.18,2.0467453
217,21,0.65,0.8755956
214,7,3.44,2.280602
212,8,126.0,23.164389
218,163,4.74,7.9185596
201,117,1030.0,526.66254
217,202,1.13,4.2059946
213,148,8.16,4.8116255
217,121,22.3,3.737382
219,145,3.04,3.7491386
212,23,159.0,88.812744
213,243,28.5,5.8363295
213,175,12.7,4.7323585
219,220,8.7,6.696884
217,158,2.14,3.4096315
214,67,0.7,1.2842717
216,114,0.61,1.7451828
214,133,1.04,2.1095884
218,49,9.7,11.953281
216,30,2.73,17.012691
213,157,11.5,14.018248
220,11,3.19,3.039748
213,78,2.48,2.5147893
201,55,1020.0,133.8001
218,178,8.34,21.498268
220,41,2.22,1.5928583
218,109,5.0,1.251126
215,50,183.0,131.32507
213,19,41.3,2.827644
213,221,24.9,8.901545
215,222,1.81,1.943407
219,155,13.8,2.1444213
217,103,15.2,7.487477
201,69,1050.0,420.78174
216,63,0.72,1.6471182
219,66,1.19,2.5118291
210,149,1.05,1.173562
219,184,6.28,2.6809242
213,199,0.91,9.953229
213,211,1.51,1.1213633
211,225,88.2,30.635372
190,44,119.0,138.37473
194,78,3.21,3.3284323
193,239,1.41,2.0979364
190,52,121.0,241.76712
193,177,20.7,25.789797
194,51,0.47,0.15632895
194,26,4.43,5.8890777
193,53,0.09,1.2254148
194,116,0.08,0.78899455
193,87,0.11,1.5144438
190,61,133.0,76.50051
197,26,0.79,1.1965969
193,64,4.58,4.463838
194,127,0.21,1.1384807
196,202,0.7,1.5134823
193,78,0.035,1.7512127
194,65,2.19,3.1045325
197,4,3.01,0.49442056
194,144,1.35,4.230768
193,59,0.3,2.6013165
193,162,16.9,13.097262
194,42,1.77,2.701529
206,248,0.88,1.5451987
207,138,3.04,0.8658864
207,113,0.63,4.2125444
205,210,0.97,2.2891805
208,80,1.37,3.5258157
207,71,1.12,4.98697
206,31,0.71,2.721562
207,163,2.87,1.7740326
207,40,5.45,13.499539
207,17,1.48,0.89078987
207,224,0.5,4.2560253
207,129,2.07,2.0496478
206,245,1.48,2.2926002
208,27,14.1,37.19864
208,110,3.96,4.794796
206,116,28.3,23.42241
207,186,2.33,2.1399539
206,131,31.7,52.563538
220,97,0.77,4.09723
207,56,2.76,4.479892
207,87,2.33,1.9414095
207,208,0.41,2.2278914
212,170,6.78,3.2276397
215,148,0.1,1.1140434
209,171,1.37,1.7313788
214,181,28.4,24.447416
215,120,5.62,21.826122
210,59,0.6,1.283669
215,60,1.9,1.5302277
209,54,2.98,1.5861183
212,148,5.45,5.488493
215,158,0.56,2.7493038
209,142,2.77,1.2326599
209,126,26.9,17.86791
210,25,1.96,3.852118
214,227,86.5,51.8915
210,32,6.74,6.703989
214,193,40.4,30.863346
212,217,0.29,0.83105534
215,187,0.9,1.689243
215,87,0.95,3.845806
215,68,0.8,1.2269766
212,74,0.12,0.93451923
215,125,1.65,1.3531567
210,11,7.01,4.588573
211,129,7.14,5.260003
209,236,4.45,2.8622565
210,71,1.81,4.937145
212,36,0.57,1.0822617
209,216,2.31,0.79038507
214,172,19.2,10.844473
209,99,12.0,6.356045
214,209,54.0,16.996122
209,196,1.02,0.33297276
210,89,0.58,0.067131914
212,131,0.74,2.1487741
209,72,8.17,5.769741
209,39,1.64,8.2392235
212,109,0.3,0.27900517
209,70,6.07,28.736458
215,103,3.02,13.556837
214,243,96.0,112.89329
209,222,0.7,2.424271
212,45,1.2,1.476048
211,138,10.3,12.316271
211,165,13.6,3.8960412
209,185,1.03,0.7800663
212,91,0.66,1.3668237
215,205,1.57,1.1180173
215,14,108.0,41.06009
209,110,12.6,10.790155
211,114,3.1,4.53962
216,57,7.86,2.487274
191,195,0.78,0.69579524
191,32,1.19,0.99573934
216,68,0.53,7.6461864
200,133,33.7,66.52573
216,198,1.19,1.6733013
201,91,760.0,838.7524
213,198,0.79,0.50445133
219,166,16.1,6.3133507
208,189,0.62,3.911561
205,86,0.77,1.6606321
190,17,23.3,175.1005
210,235,1.06,0.39411995
219,157,10.3,8.0115795
211,25,1.16,2.7464318
218,13,25.8,30.197699
217,83,4.3,2.446487
211,97,0.99,2.1960194
202,57,0.17,0.56151927
202,17,1.5,1.1739265
195,205,0.82,0.6623124
192,37,0.37,0.5021991
213,108,0.09,0.14634375
190,28,21.8,17.029877
217,163,1.46,1.4487387
202,228,0.24,0.7990827
194,237,12.7,10.170056
191,188,0.31,-0.012765985
191,43,0.35,0.53728473
216,117,0.27,0.8418442
191,105,3.46,21.826939
191,126,1.54,4.2625103
195,213,1.26,1.9601756
219,109,9.58,10.751739
205,191,0.5,0.5836276
196,3,0.17,1.3858753
216,144,2.65,5.745252
217,97,7.58,5.229989
216,33,2.06,4.266897
191,69,1.84,3.2242634
196,101,4.05,22.839243
205,72,13.2,13.875072
202,159,9.45,30.346973
200,103,3.6,2.7754004
219,186,4.05,7.079866
213,176,10.1,13.956815
194,207,0.95,1.4009687
211,64,2.15,4.7509556
205,126,4.12,5.6294246
203,50,6.97,7.0720906
217,177,2.24,1.8426843
196,119,5.1,0.6972119
201,76,729.0,606.96375
195,221,0.027,0.060912225
200,146,38.2,10.548647
191,42,0.5,9.580693
202,191,0.3,0.46960288
211,21,0.19,0.42225415
200,113,8.6,3.406952
191,94,4.23,1.2805209
216,129,0.48,0.74588865
216,103,0.59,0.31442997
197,80,2.92,1.1774899
205,99,0.52,1.7285728
219,216,3.64,1.6224172
219,83,0.66,0.9104765
191,82,3.1,2.2561665
210,205,15.6,4.1455927
194,249,15.9,21.098175
196,45,0.26,6.5515103
196,165,0.2,1.7694199
217,224,0.14,1.8018035
191,200,1.71,6.052666
196,1,3.34,8.691912
191,110,0.55,0.8827113
216,157,9.85,3.1572332
210,249,2.59,2.312415
190,248,4.11,10.920784
202,169,12.8,16.055586
196,162,0.35,0.6121244
201,176,0.92,0.66359836
191,64,0.49,0.42350593
195,14,25.2,6.8606186
208,231,0.19,2.436963
219,177,0.48,0.31947005
219,140,1.78,0.45603707
202,37,11.2,10.341248
190,206,1.08,1.6695368
190,221,0.58,5.580864
219,227,3.41,1.8453658
195,187,4.38,2.5070148
219,61,0.64,3.0360363
195,155,3.52,3.7291067
216,228,0.49,1.213065
211,41,1.5,1.4203044
201,203,0.76,0.810218
201,39,696.0,493.00595
216,82,0.91,3.3556197
195,177,2.6,2.2245216
190,155,0.36,2.9697855
213,44,2.69,1.7803231
190,11,18.8,15.182919
219,96,3.04,8.364575
219,144,2.52,4.6935143
209,7,0.16,0.52238286
191,136,7.0,23.256212
217,10,2.24,2.0904295
203,62,1.37,3.3134558
190,183,0.39,1.7927446
219,247,1.34,1.4112096
216,37,3.84,2.9062111
205,61,7.69,12.637444
217,186,3.81,4.5501156
220,32,0.43,0.27488142
213,95,3.2,1.5592155
194,224,3.59,2.3535624
200,248,426.0,346.2751
219,236,7.84,2.3958244
205,171,0.68,1.624216
203,90,0.31,8.723677
197,62,0.7,1.3698864
210,195,12.5,13.600643
200,95,2.4,3.6860454
217,70,1.01,5.159269
195,82,44.7,73.2686
208,202,1.21,7.676809
205,152,3.44,0.96355975
205,139,0.9,2.4353893
202,6,1.08,2.0812793
216,70,1.08,0.63365704
191,244,2.55,5.028318
201,229,2.49,10.078686
200,43,0.2,1.5144589
200,63,0.21,2.0380561
201,182,0.41,1.06017
190,128,0.18,1.2584987
219,114,1.05,1.5517677
203,32,2.59,5.250974
203,80,0.57,3.511854
210,185,9.82,3.1091938
220,42,1.83,0.9141337
191,149,9.5,13.417345
216,201,0.35,0.48836383
190,194,1.72,0.6022014
208,218,1.17,5.4829345
202,150,4.44,16.599192
202,106,2.68,5.881573
197,172,1.1,0.21451715
195,28,21.1,128.94914
197,186,0.42,1.0491672
217,23,0.59,0.6514993
201,213,0.44,0.62797946
196,151,0.22,0.7189345
190,5,14.1,6.8449836
202,94,1.07,3.3917587
200,81,0.79,2.2964375
196,82,0.31,0.0057272394
201,239,0.87,2.6885264
190,162,0.58,2.022565
217,42,1.86,1.595711
196,68,0.4,1.9891825
191,12,0.67,6.1029935
220,8,1.63,2.7718666
193,32,0.09,1.3527061
202,81,2.99,2.999364
201,185,0.27,0.5176311
196,43,0.12,-0.07589397
194,216,1.11,0.8243364
195,57,29.4,38.597313
190,200,0.53,1.1442572
195,70,35.5,72.418816
194,202,0.54,1.1669611
201,56,700.0,2.4553273
203,39,6.5,23.785551
190,227,3.22,0.6403108
203,56,0.88,3.446922
202,27,2.52,4.632926
208,174,0.48,0.6826311
190,142,0.22,0.36086243
219,74,0.68,1.7365141
201,66,719.0,957.5532
190,136,1.62,6.879375
202,137,2.85,2.2085176
214,162,3.28,2.2898788
196,30,0.33,3.8700485
197,149,0.15,0.411584
194,228,5.64,4.925989
190,219,1.71,2.5004835
191,213,2.44,4.897976
200,75,0.32,1.5646945
201,28,437.0,35.72385
220,53,0.77,0.9356649
220,18,2.95,1.8144531
195,197,6.03,4.576416
198,183,15.0,1.7850604
192,58,3.28,1.7403283
192,60,0.16,0.7417703
192,83,0.82,5.8467064
220,31,0.38,0.16290468
192,70,0.57,0.3491421
191,168,20.7,3.861345
193,31,0.08,0.49048188
192,151,0.73,2.028881
195,71,31.4,38.72099
191,240,0.23,0.599328
192,48,0.64,2.4871418
192,138,0.4,1.1113629
220,54,0.68,1.1528152
193,21,0.06,0.62154555
220,44,1.67,0.877475
193,3,1.14,1.0860236
197,184,0.35,0.29604903
191,146,8.48,5.316808
197,177,0.87,-0.012087072
196,69,0.32,3.074218
192,245,0.16,1.4216282
197,160,0.1,0.32185394
192,25,0.81,0.83124244
191,156,22.5,40.901176
191,178,16.0,13.23869
192,156,1.65,4.112257
215,208,1.13,1.4645699
212,204,0.24,0.84148496
212,41,0.41,0.62472504
212,80,0.08,1.4992944
215,191,0.67,0.074592285
212,92,0.43,2.0301335
211,163,7.89,6.7419753
211,110,2.94,2.974168
212,136,0.6,2.2543008
215,15,71.3,27.649437
211,130,5.2,7.1285048
212,46,1.02,1.1893836
211,154,5.19,7.789858
215,159,0.53,2.7547915
212,175,5.65,6.4335313
214,246,65.8,105.14706
218,104,1.23,0.34719127
201,125,695.0,514.5287
201,110,653.0,828.0126
217,200,0.61,3.674229
218,139,0.5,1.1184894
218,161,2.5,0.47650972
218,6,19.4,20.065844
218,117,2.35,2.294198
219,43,0.64,2.1449664
218,50,8.15,8.333868
217,214,0.74,1.4686388
218,179,5.92,2.1941874
219,30,1.89,0.86962336
197,188,0.3,0.27210596
217,129,14.1,6.764322
197,162,0.09,1.0206441
217,160,1.23,1.4463719
218,70,9.83,6.055695
218,88,0.76,1.2243261
201,141,662.0,869.66565
193,50,0.044,1.0570679
198,182,6.33,2.00084
199,120,14.9,11.684503
194,146,1.12,4.5485954
199,3,0.6,0.96716714
198,227,17.1,47.434834
199,91,2.26,1.3574469
190,60,100.0,131.73552
199,6,0.92,1.2525334
199,184,6.46,1.8333366
199,77,4.98,5.992749
199,26,7.23,5.935762
196,248,0.34,0.4212906
194,55,1.73,5.4638286
199,18,0.26,-0.019511139
199,70,2.45,2.342912
217,237,4.35,2.2063947
193,105,0.36,1.0561116
197,212,11.5,31.983343
218,17,1.46,5.063172
196,200,0.4,1.4538028
197,218,21.9,11.248977
200,20,1.1,1.7139926
192,238,0.47,1.3850124
199,234,0.72,4.447806
193,137,3.43,3.5508492
198,184,13.5,6.588086
197,106,37.5,1.5476595
199,246,0.08,0.086204454
197,120,30.1,41.275475
199,65,0.31,0.35157156
192,192,2.27,7.964032
197,6,1.39,1.6135448
199,188,7.74,2.7185946
193,224,0.29,2.113034
193,208,0.72,2.6628978
197,230,1.76,3.6255322
199,226,9.56,4.5033894
193,71,2.36,2.615397
196,229,4.36,4.1790757
192,222,0.71,0.0041117906
193,91,0.024,1.8269575
199,163,0.6,0.5860908
199,106,13.3,22.049196
194,184,1.12,1.3700796
194,130,0.17,3.0927856
196,184,2.37,0.12444502
197,246,0.2,0.2798675
199,48,2.93,1.457834
190,79,120.0,149.446
199,139,0.41,0.13560508
193,195,0.07,0.3864875
198,235,1.18,1.024188
198,154,0.23,1.8014381
195,128,62.0,37.799244
198,195,0.14,0.88576674
198,109,1.15,0.5277816
190,87,136.0,113.62242
193,82,0.028,2.6425264
197,81,6.54,10.1874895
198,211,5.27,3.8625112
197,201,3.03,6.877438
198,132,2.68,0.85181653
197,239,0.08,0.71125686
198,126,1.38,1.1991197
193,63,0.15,1.0236918
194,35,0.08,1.8742499
193,161,14.0,6.3732266
198,58,17.2,14.235719
194,28,4.15,11.487874
199,37,11.7,18.68814
198,122,1.85,1.4305406
198,139,4.15,1.1297524
194,8,0.71,1.479959
192,176,0.86,1.7217818
199,173,3.81,7.7134113
198,163,0.69,6.4984107
197,226,0.26,0.43263844
198,34,0.24,-0.12280591
198,5,1.63,1.164006
193,180,18.1,28.316563
199,96,6.78,8.081345
193,248,0.46,0.33088076
194,21,2.5,8.874841
198,51,7.19,9.945633
192,231,0.33,-0.051688395
192,184,1.88,3.4916053
199,154,0.25,1.1149918
198,203,0.31,0.7310081
193,216,1.36,4.10067
193,130,2.95,7.1476727
197,27,0.15,0.5246675
198,199,0.14,1.4079158
198,29,0.24,2.6812873
195,98,46.2,7.09822
198,114,1.01,0.94535923
198,88,1.36,2.8806968
198,41,3.22,1.3336672
198,178,2.8,3.6825767
198,223,7.01,6.2740197
193,120,1.28,1.507451
193,188,0.65,3.374361
192,167,0.43,1.1298902
192,207,1.03,1.8416001
194,43,1.39,1.7726113
197,144,48.7,22.343111
194,87,4.84,9.849229
194,191,0.86,1.3772628
194,105,9.5,10.288871
194,167,0.41,0.63533646
198,168,1.21,0.87777376
193,233,0.09,0.464578
198,147,5.31,3.749639
198,94,0.78,1.969329
193,14,1.65,1.6906632
194,15,0.56,0.71083385
195,117,54.5,34.889954
193,240,0.91,1.3851736
198,71,1.39,2.7160766
193,112,0.44,2.2767007
194,180,0.22,0.23185869
197,37,0.14,1.5468148
194,76,2.6,3.1343534
194,101,6.99,6.102688
193,144,6.18,19.325565
218,25,3.46,2.162325
217,242,8.22,3.3741598
193,97,0.16,3.818756
190,98,272.0,228.16747
190,69,99.2,89.49903
190,54,102.0,232.97337
197,195,1.49,1.628693
197,131,48.3,70.422325
194,118,0.04,2.3274882
190,46,112.0,133.20375
199,123,2.59,2.6710532
195,137,123.0,52.840748
200,1,1.21,1.8517926
194,52,0.22,0.13905136
199,217,4.9,3.8566191
198,243,6.56,4.9499874
192,212,0.27,0.6590359
192,200,0.17,1.0427111
212,138,0.66,1.3015893
205,245,1.99,3.2841067
203,140,1.91,0.9642045
205,14,0.2,1.5136577
211,198,16.6,24.15377
205,35,3.27,1.7223977
213,25,0.44,0.9800155
205,30,1.34,3.4485931
200,192,125.0,198.81757
203,237,3.72,1.0391265
200,175,55.3,50.535984
213,129,2.61,3.3976107
203,249,0.8,7.4030614
212,220,0.28,0.4452674
200,165,48.1,28.774227
212,172,8.08,10.416602
203,210,0.51,2.8175998
207,72,0.29,16.325117
205,18,1.36,1.7915591
207,226,0.52,5.060514
206,32,0.34,0.9021884
213,54,2.55,8.906454
203,227,1.07,2.8703291
205,71,11.2,13.957007
213,109,0.1,0.48897022
213,179,6.95,13.412808
212,245,1.43,1.7618197
212,154,5.07,10.375133
204,83,49.3,81.89434
205,212,0.31,2.2339966
205,9,0.73,1.6158031
207,206,0.32,1.7104943
213,14,10.6,26.274593
203,11,0.51,0.7582031
220,63,3.25,2.7845821
204,88,49.4,5.9126253
203,177,4.11,10.110727
213,4,5.96,8.696969
220,81,1.52,1.1091641
203,183,7.09,5.229308
204,10,3.99,2.5719986
213,101,1.88,3.2398705
213,63,0.72,0.6687589
203,71,2.94,3.5283725
213,70,1.31,3.6422129
203,112,0.76,0.7503265
200,143,22.0,46.46734
203,204,0.55,1.5014484
213,0,3.88,4.4977183
203,16,1.03,1.4584819
205,20,0.4,4.990163
213,45,2.06,1.330063
203,197,6.39,1.5741546
213,188,4.98,12.483624
193,61,0.14,3.3809187
190,68,116.0,111.30695
194,132,0.19,0.9033508
194,46,1.27,1.0804902
198,47,7.37,9.631956
198,62,18.7,7.570425
193,79,0.026,1.9811599
190,83,133.0,110.897545
193,181,17.2,46.832672
193,90,0.02,1.7584165
193,241,0.9,1.109144
195,115,55.8,34.99728
195,127,62.8,57.61835
197,142,49.0,25.254347
194,115,0.041,3.586546
198,95,0.76,4.5838337
196,199,0.56,1.0818086
197,28,0.14,0.6927425
197,5,1.27,0.8113041
197,118,31.6,24.689646
198,86,1.58,3.536367
197,135,50.5,56.360477
199,5,0.86,0.6798559
195,142,122.0,36.30763
197,35,0.09,0.60600746
193,52,0.045,1.4417921
197,105,37.6,2.6852894
198,69,1.71,3.591258
196,238,0.38,0.74585074
195,103,51.9,126.696045
194,56,1.86,3.1519532
193,72,2.32,3.2911992
190,45,82.7,133.3049
194,75,2.72,4.7281833
198,107,1.38,0.35326985
204,205,8.52,3.5612469
208,37,0.06,0.5380454
203,122,0.48,1.6351341
205,21,0.4,3.1495707
207,221,0.53,1.1707261
200,69,0.17,0.5996419
200,56,0.2,1.0744169
204,235,0.67,1.554496
204,246,17.8,6.808914
220,87,0.45,3.75293
204,72,23.9,18.153032
190,132,0.17,3.037951
202,181,0.64,2.9264262
202,190,0.25,1.1066613
220,115,1.78,3.6697743
220,100,0.38,0.62728196
204,242,16.6,13.095165
200,40,0.24,1.5038822
206,240,0.53,2.2925243
207,96,1.0,4.8003497
204,157,3.65,4.7903595
202,123,1.15,2.7821481
204,22,4.41,2.315999
207,53,0.59,13.730841
204,48,10.5,23.730944
204,57,23.3,34.247005
204,35,5.92,7.3834705
204,224,0.71,1.3874398
205,208,0.23,1.7525446
207,19,0.27,0.8631411
204,176,0.49,1.6477103
202,199,0.77,0.43513852
205,0,19.6,7.3624897
204,78,30.1,28.275995
207,84,0.51,2.3098054
204,118,0.3,2.211061
207,8,0.25,1.2997313
206,112,15.0,24.051218
206,90,1.25,12.830481
204,218,0.61,0.8658976
205,4,0.24,2.0097961
207,64,0.32,5.3108807
204,131,1.32,1.8306024
207,207,0.26,1.818028
205,247,2.02,2.8116
206,103,1.49,8.018378
206,33,0.54,1.396284
206,128,16.6,53.072433
204,139,2.47,1.7158785
195,53,31.8,33.991318
191,201,1.81,3.2744
192,13,0.19,0.17672977
191,41,0.41,3.1011167
201,98,552.0,921.5211
191,117,0.58,1.1984775
217,61,0.27,0.64209837
195,64,35.8,44.635727
192,4,2.95,2.0394218
195,148,0.47,1.1716408
196,39,0.18,0.5847634
203,63,1.05,2.4504125
191,81,2.74,2.4831448
200,164,47.6,26.900171
194,215,0.73,6.7095475
196,46,0.29,0.5036563
203,22,0.79,1.8361579
194,203,0.52,1.3217279
204,188,0.49,3.541906
216,133,0.69,0.26657307
204,134,1.3,0.42237732
195,77,45.2,57.778477
196,66,0.35,0.67614824
203,119,0.61,0.5665887
204,30,6.97,8.712379
203,191,0.91,2.3280585
203,202,0.13,1.075583
196,92,2.07,0.09007818
204,158,3.97,5.394227
204,44,9.27,10.974884
194,222,2.49,7.8845496
195,10,22.2,12.541805
191,160,16.7,9.2408905
191,27,0.85,2.7363462
203,211,0.22,2.3749745
202,128,1.4,3.1339154
195,172,2.4,4.401643
203,141,0.49,4.3077183
193,1,1.62,0.9897439
192,158,1.3,5.8289194
218,7,20.1,28.915014
195,207,0.91,1.5949864
193,19,0.28,0.18824115
192,34,0.36,-0.14406581
204,119,0.29,3.658557
192,243,0.63,1.7576844
195,184,3.92,3.7589219
195,153,3.44,1.2914335
205,151,2.73,0.02475698
192,61,0.14,0.5848828
203,163,2.84,4.2332215
204,206,7.39,4.3883734
191,95,3.71,2.6747353
195,170,0.8,1.4416326
202,172,0.85,2.5033264
195,196,5.42,3.8682678
194,208,0.83,0.5303775
202,8,1.16,0.7980083
204,238,0.59,2.5504327
194,229,3.9,1.0020571
192,84,1.26,14.730566
195,235,4.06,1.614109
196,138,0.32,-0.056579567
192,139,0.48,1.6992437
217,50,0.14,1.0336896
203,134,0.4,1.1865523
191,142,8.71,13.287557
196,158,1.21,0.8286165
200,151,37.2,53.972893
197,76,3.34,3.3325813
197,42,0.16,0.29351538
192,55,3.69,2.606202
191,176,15.3,9.789296
204,195,5.16,5.0083866
202,1,0.14,1.8717908
217,11,1.67,1.6329861
196,102,5.02,22.37479
216,174,1.56,3.4493713
202,47,0.06,0.7346041
204,140,2.85,4.0183806
191,192,0.84,0.60643876
217,36,1.09,1.3764479
200,186,108.0,48.74673
192,71,0.72,0.63110954
191,245,2.92,13.186829
196,179,0.21,0.57535076
216,224,0.22,1.7354975
193,23,0.14,0.82504
217,143,16.4,29.208223
195,246,3.22,4.116213
202,60,0.12,1.2230707
197,159,0.05,1.1777883
191,236,0.25,1.1398771
195,212,1.37,2.77199
191,167,18.2,10.81558
194,246,13.0,3.95408
191,48,0.33,0.8907099
195,40,25.6,31.59191
191,123,1.76,3.0323398
210,173,2.87,1.7714266
195,220,0.012,0.25905228
190,112,1.69,2.172834
220,124,0.58,2.181134
196,28,0.32,2.6490269
192,40,0.96,5.891013
191,134,6.57,13.180217
192,149,0.66,0.33969644
220,109,0.31,1.608161
202,207,0.79,0.21994218
204,24,6.13,3.490155
191,62,0.36,1.7982839
201,89,517.0,335.43457
203,109,2.42,4.3979483
204,105,2.06,4.3141747
190,121,1.28,2.137107
204,11,4.07,1.1111975
203,176,3.93,4.6718245
204,0,0.74,4.0242295
197,164,0.34,0.8847095
196,122,6.51,1.2313356
203,151,1.56,1.8296314
196,15,0.13,0.8227393
196,83,0.29,1.7693292
191,212,2.85,17.898127
196,144,0.27,3.4013457
191,183,0.34,0.5829151
201,112,593.0,1002.52966
203,235,3.58,0.8763369
203,8,0.21,0.911337
194,239,11.4,12.796138
190,134,0.16,4.515739
197,187,0.26,1.5599625
195,25,21.4,72.13562
204,164,0.16,0.6138852
192,22,0.72,1.3249583
199,64,0.35,0.6888723
199,115,13.3,7.6074796
199,97,7.25,3.4267788
199,216,5.37,3.9743075
199,202,0.62,1.2541226
199,129,2.04,1.26315
199,22,0.26,0.5683354
199,189,7.38,2.3073115
199,49,2.78,2.5210934
197,242,0.08,1.7372564
199,221,9.4,18.56554
217,232,4.07,3.142623
197,231,1.66,2.691224
199,75,2.4,1.82951
199,38,11.6,4.663246
199,107,11.5,13.773554
198,25,0.21,3.6267912
218,16,1.33,5.700458
199,181,6.42,1.1836832
199,230,0.72,3.4837492
199,86,2.16,1.1005456
199,149,0.27,2.294723
199,158,0.57,0.9062324
198,239,1.2,2.921436
199,239,0.08,0.26315892
217,241,7.46,5.109595
199,32,7.04,1.5796998
218,211,0.06,0.10952703
218,24,3.22,2.0955381
197,205,2.68,2.8131516
199,168,4.31,7.336237
199,137,0.25,0.29744497
197,222,0.28,0.60567266
212,75,0.07,1.8644723
212,38,0.34,0.7744036
211,205,10.7,16.57806
211,149,4.28,2.9776537
215,193,0.5,1.2174356
211,132,5.37,10.458441
212,98,0.42,1.3007786
211,166,5.49,4.0882697
211,112,4.45,1.5023873
212,115,0.11,0.459895
212,47,1.09,0.3828635
215,211,0.93,2.3661263
204,43,38.0,8.424951
204,194,8.56,5.636775
220,129,1.35,0.49816018
220,114,10.7,2.0526314
204,58,23.6,13.655758
204,17,12.5,4.1762114
204,141,7.27,3.0902293
204,31,21.1,13.367798
204,109,3.46,7.255927
204,187,3.74,3.9819856
204,219,1.64,1.0722919
204,69,26.7,28.199858
204,159,13.7,5.92564
204,122,1.72,0.5418722
204,135,13.7,1.0791373
204,234,3.3,0.981975
203,132,3.66,1.203227
204,204,12.6,4.770179
194,129,0.15,0.5897437
194,88,5.89,10.113549
194,114,0.04,1.6003945
194,66,2.75,4.184731
201,159,548.0,832.22455
194,154,0.39,0.9524426
218,247,2.82,1.5282955
219,15,2.06,1.2611873
217,85,2.17,4.8734155
217,190,2.5,1.6018648
194,145,1.06,7.1653633
217,77,0.52,4.30573
219,129,0.35,0.8663679
218,221,1.78,1.7897227
200,2,1.15,1.3765383
217,161,1.12,1.801017
199,200,0.49,4.294153
194,77,3.75,10.036729
194,168,0.39,0.6148391
218,144,0.51,1.1440984
200,25,0.99,2.776705
196,90,1.54,0.24024677
190,43,104.0,127.83069
192,128,1.24,2.1502697
191,248,2.22,4.1744075
197,129,44.0,17.604473
197,117,27.0,2.3017092
194,171,0.17,0.18640801
194,99,6.36,1.0806915
194,166,0.28,1.3450302
197,36,0.34,0.017740183
191,13,0.3,1.8657268
192,35,0.4,0.9167794
195,41,30.0,13.468794
193,51,0.034,0.8560238
194,54,0.26,0.15520863
196,208,0.36,0.37278485
196,192,2.81,0.44443974
196,245,0.36,0.86849153
192,112,0.28,0.7581854
190,214,1.62,1.1688783
191,36,0.44,1.8093913
195,0,14.0,2.9685245
195,166,0.54,0.31572685
216,122,0.75,0.81126004
193,96,0.26,0.4426271
191,222,1.22,0.71222085
193,88,0.008,1.6076846
191,148,10.5,14.153217
196,76,0.29,1.7553173
192,215,0.37,1.2736666
196,134,0.31,1.1478658
195,136,123.0,75.68689
192,140,0.43,0.475791
193,121,1.31,3.6012554
191,231,1.8,2.0763617
191,173,10.6,4.5223713
195,108,59.3,28.813488
196,57,0.48,0.7879908
192,12,0.31,0.30683908
196,41,0.11,0.16458562
190,244,3.77,23.031189
195,76,44.6,104.31273
193,247,0.38,1.8632371
192,161,1.79,1.4615362
192,113,0.21,2.3100572
194,30,0.07,1.2110393
190,55,108.0,98.87515
194,5,0.6,2.046914
192,41,0.57,1.8817226
195,126,67.8,89.56629
191,202,1.85,3.7467976
196,127,5.01,3.640854
192,21,0.64,1.6616853
191,135,7.75,15.761425
192,148,0.68,0.74535376
190,67,127.0,89.979
200,30,0.24,-0.1277111
191,129,1.82,3.7611015
191,198,0.89,2.3924286
194,85,4.53,7.4094524
191,116,0.41,1.5447941
197,141,44.1,34.53431
195,86,46.2,118.90763
192,175,0.68,1.546093
191,90,4.48,6.7712092
192,91,0.31,4.621583
193,6,1.54,1.5829885
192,133,0.24,0.69085515
194,45,1.13,0.96901155
196,161,0.5,0.46483397
193,179,17.8,23.066261
192,56,2.99,2.802507
195,66,36.3,7.3039885
191,57,0.41,0.2554598
197,16,3.51,2.661142
195,199,4.78,2.8420875
193,232,0.07,0.29060382
196,26,0.43,2.7040582
193,160,14.6,9.524723
192,116,0.047,1.9007763
192,88,0.55,7.935139
194,117,0.032,1.9067429
193,139,3.13,9.689169
190,33,115.0,85.14848
195,224,0.005,0.8998657
193,104,0.47,0.6714661
193,65,1.5,2.070467
191,28,0.89,1.9028217
190,59,120.0,55.1779
193,187,0.53,0.5471621
191,51,0.28,1.5903491
192,98,0.87,1.6692681
196,106,3.76,8.474955
192,165,0.33,1.8268092
192,106,3.58,2.0919201
192,204,0.66,0.92137176
193,200,0.044,0.45570192
193,80,0.018,2.8327465
194,27,3.71,5.624025
193,145,6.02,4.5601187
196,177,0.27,2.8114073
192,97,0.22,1.0261648
191,227,0.92,5.3620157
193,12,3.16,1.5435835
193,45,0.14,1.4107249
192,62,0.06,0.39578137
191,78,3.59,2.3209124
190,22,47.1,24.57295
193,222,0.19,3.4320772
196,185,1.26,0.5909646
192,230,0.29,-0.028482838
191,237,0.26,2.1573217
198,108,1.2,1.1331177
192,198,0.18,2.5700839
191,165,13.4,3.3802454
190,78,151.0,144.59166
193,206,0.52,1.1221364
196,147,0.16,0.21951586
192,109,0.09,0.6285875
193,115,0.61,2.362404
193,218,0.94,4.6647086
192,189,1.83,0.99278826
191,104,3.82,3.425466
198,99,0.64,0.9662269
196,201,0.54,0.2480773
195,59,32.7,38.554504
192,103,2.26,1.7056265
193,128,3.1,3.5838494
195,114,63.5,124.82815
192,72,0.36,0.119342804
198,64,15.7,12.199878
190,165,0.8,1.0109298
191,182,0.43,0.56902
192,3,2.76,1.1500117
190,119,1.96,1.7770643
196,70,0.31,-0.10467873
193,22,0.1,0.3531717
193,24,0.13,0.9352582
192,246,0.33,1.3381878
192,219,0.77,0.06369371
192,179,1.27,2.721615
193,39,0.83,3.4625597
197,9,1.09,0.7226748
190,110,2.64,1.5775664
191,215,3.26,6.514443
194,128,0.16,0.72587466
190,37,104.0,170.0593
192,125,0.92,0.6683324
193,60,0.034,2.6193564
191,161,11.8,9.44807
198,52,6.64,7.1598186
195,15,21.0,3.1380544
197,25,0.1,0.701983
215,58,1.68,2.4590912
210,33,2.02,4.2514796
190,97,308.0,104.153305
214,208,27.6,4.7716737
206,226,73.3,76.75974
209,237,5.87,2.6375542
206,45,1.35,2.9961524
206,111,14.3,22.04917
206,166,36.9,47.845074
207,63,1.0,2.0096166
209,38,1.69,2.3256516
208,125,7.66,3.8375833
208,96,0.46,1.3042591
215,160,0.98,2.320708
209,223,0.47,0.26342398
209,205,1.93,1.2035189
206,5,5.32,6.072412
198,133,1.92,0.995324
206,179,40.9,86.90547
207,203,0.58,2.0753014
208,53,0.22,1.8542019
210,24,1.1,2.6965346
209,48,3.03,1.6453383
210,70,1.3,0.45820007
210,87,0.36,1.9674206
206,158,28.6,38.1553
215,119,4.45,6.54644
207,216,0.63,1.3290484
207,54,5.85,4.7481046
207,81,2.73,1.3970376
198,157,0.6,0.5514722
208,2,4.35,6.648833
209,73,9.03,6.0446525
209,131,28.1,4.7966337
206,75,1.35,3.9089289
209,111,11.5,6.3719664
215,149,0.046,0.39060065
207,35,9.52,1.9929456
214,173,15.1,3.1583984
220,88,1.17,1.9565043
205,209,0.7,0.9971479
207,97,3.59,2.5217843
206,194,53.7,163.24542
207,20,1.72,0.9061626
206,210,69.0,189.57599
206,20,0.88,0.7859445
198,145,6.74,3.0046399
208,40,0.13,0.11281427
214,226,46.4,54.492203
208,106,3.8,3.753221
208,70,0.71,2.1475825
200,211,419.0,295.4635
214,182,17.4,17.668577
205,215,1.82,6.072411
208,142,1.08,0.7487559
208,154,1.52,1.3018228
209,186,0.96,1.3834885
207,164,1.47,2.9874265
206,88,14.8,2.9652045
206,242,5.37,1.0923282
215,100,2.22,2.4962058
207,183,2.27,1.2974979
209,98,12.9,3.8831587
209,167,1.9,1.2123542
198,185,11.6,4.4851713
209,64,6.58,14.042321
208,22,11.8,16.315617
206,249,0.66,1.3596336
215,126,0.84,0.41093493
209,143,2.66,1.5421666
207,128,2.22,2.5360005
206,100,17.8,3.071881
208,11,7.96,4.216284
206,127,19.4,14.580863
215,85,0.64,2.1590087
214,199,20.6,6.7950187
207,235,2.08,2.485
209,197,0.8,0.67645216
210,57,0.47,0.74372184
208,81,1.04,2.479452
207,104,0.59,1.046745
191,9,0.5,0.5697223
211,48,1.15,1.4516333
203,117,0.5,0.70901996
191,60,0.4,0.13958265
211,63,1.85,2.3867037
193,20,0.09,1.0127715
192,244,0.26,1.5215533
197,51,0.19,0.58903325
190,137,2.79,2.6351252
218,134,0.34,0.76581657
204,198,5.85,6.1876073
203,57,0.77,2.8949943
195,194,4.79,3.6518464
195,65,32.9,27.085535
203,172,9.39,13.611073
201,181,0.44,2.82975
204,4,3.94,1.5240489
190,8,33.0,92.082825
202,200,0.25,1.1116105
192,87,0.53,6.823787
217,199,0.53,1.2633047
200,174,112.0,18.50656
192,53,2.95,2.0498486
195,236,3.04,5.0103774
210,98,0.91,6.320105
191,77,3.27,2.5628345
220,110,1.07,1.9405509
200,76,0.3,2.4812195
214,158,1.67,3.6013486
220,125,1.85,3.0064812
204,142,3.2,2.5304759
196,160,0.54,0.9535967
202,139,3.46,2.5115867
218,157,1.79,3.005549
191,91,4.2,19.344555
200,142,39.9,48.67524
203,48,14.6,3.6752381
197,75,3.12,2.9307811
210,150,0.73,1.7154592
201,175,1.82,3.7410655
217,6,1.58,1.5826318
202,24,2.09,4.4809265
190,150,10.5,3.758021
195,206,0.73,0.26439944
200,101,5.84,1.490995
202,16,1.58,1.3023869
192,73,0.31,-0.0064771753
201,201,0.63,2.539427
202,158,9.06,14.68638
201,160,823.0,847.88574
204,129,2.93,2.217048
204,116,0.43,1.348834
211,42,1.15,1.3531352
202,216,2.05,4.0589724
211,91,0.77,1.3873575
218,42,4.87,18.785358
218,8,17.0,28.027805
193,5,1.11,1.6373746
190,143,0.17,0.9159908
205,69,17.7,6.4983196
203,108,2.53,0.55532897
204,56,33.9,11.536852
196,176,0.24,0.6900245
203,17,1.94,1.4518924
203,123,0.76,0.8800148
202,0,0.15,0.9678497
210,236,2.49,1.9154232
190,24,33.2,22.054445
211,0,2.01,3.9585528
218,164,3.18,1.3244516
200,131,35.6,21.453465
196,103,3.54,10.989099
216,142,2.8,3.2533221
195,248,3.54,3.833153
191,50,0.28,2.9464722
191,186,0.39,1.1738667
210,207,13.3,10.338573
191,31,0.82,1.9143807
202,226,0.38,0.25440785
192,63,0.06,0.46706533
217,213,0.66,0.6363178
202,167,10.7,12.906852
203,245,1.53,2.9398391
205,96,0.54,1.0773045
217,62,0.12,0.25745392
204,165,0.13,1.4641005
200,88,1.87,5.4645452
205,135,1.12,2.806013
217,38,1.24,1.8003036
203,184,15.6,5.4467034
192,14,0.28,0.019011002
191,174,10.3,2.8565602
190,160,0.76,1.1463464
205,187,0.79,5.014167
210,182,10.9,3.701078
191,194,0.82,1.8936987
191,125,1.72,1.7604365
201,87,627.0,681.2927
202,7,1.2,1.1763657
205,43,1.14,1.8870786
218,190,4.94,2.6466792
201,49,587.0,335.6225
192,147,0.59,1.1209065
202,102,3.37,4.15929
208,172,0.67,0.6304088
195,146,0.49,1.0692261
197,63,0.78,1.8414589
209,5,0.18,0.72691005
210,193,14.0,21.271704
200,92,3.78,7.436105
201,143,776.0,914.8668
201,38,595.0,277.30402
190,156,0.33,1.7997191
205,110,2.8,3.9375787
192,141,0.44,0.09198427
196,77,0.3,1.0907469
203,64,1.84,4.837859
202,77,3.26,8.120763
218,248,1.95,1.1367475
204,160,7.06,4.4038377
219,14,1.27,0.91329455
211,79,1.17,2.4816506
205,55,10.7,12.423597
190,175,0.22,1.0624735
203,194,2.11,2.8502836
203,144,1.49,1.0853133
197,173,0.24,0.37330747
201,169,1.15,1.626495
202,58,0.12,1.5127256
195,165,0.52,1.3060199
191,37,0.42,1.2688444
195,211,1.18,1.6031488
194,247,13.7,9.436696
194,223,2.37,6.7196527
204,217,1.76,0.51450944
190,213,1.45,1.7595673
216,31,1.44,5.210155
191,144,10.3,11.264473
190,130,0.23,2.1487637
195,78,41.5,56.34366
196,40,0.68,0.66265297
200,162,90.3,11.824382
201,126,766.0,194.51082
195,54,29.7,47.386505
216,76,0.63,1.4698522
200,154,72.4,8.546418
217,144,11.8,22.54475
203,226,2.36,0.8152978
208,200,1.83,4.4016967
205,148,2.86,3.3736076
204,29,9.46,13.860651
194,214,0.88,2.72855
217,159,0.99,0.89787364
200,39,0.42,0.15624668
219,44,0.62,2.7858126
200,52,0.23,0.6888214
200,65,0.15,0.3697607
195,11,21.3,14.826445
216,115,0.23,2.7888768
194,235,11.4,8.59501
191,157,11.8,13.718371
190,118,1.92,1.5709022
190,109,2.35,1.426177
204,42,16.4,16.933096
203,162,6.24,9.418905
201,111,706.0,621.54504
202,95,1.16,2.6414566
192,42,0.89,2.5421703
196,4,0.16,0.22521943
195,178,2.35,3.4602144
190,3,20.0,20.954138
208,214,1.5,4.449597
196,91,1.46,0.6244815
191,246,2.11,4.2136326
210,227,20.2,8.325584
218,51,7.18,30.30103
203,30,4.67,2.8554957
203,78,0.94,4.770454
210,217,17.4,8.011111
216,202,0.13,0.69705343
190,228,2.61,1.3740042
201,194,0.37,2.8715036
217,115,6.86,6.6659975
197,150,0.07,1.2706193
217,20,0.25,0.5881912
201,212,0.26,0.4738565
204,185,1.71,1.3954921
217,130,9.35,9.53355
201,63,585.0,705.9401
191,118,0.38,1.2637247
203,236,4.41,0.5245334
194,230,5.1,4.071303
200,245,504.0,305.8548
216,225,0.14,1.2715538
218,121,1.31,1.5400951
201,11,514.0,337.57178
190,196,0.54,0.52876586
218,105,0.63,0.61484206
216,91,0.65,5.2282624
216,195,1.69,5.54746
216,155,8.81,5.6123614
190,181,0.49,0.922213
190,205,0.9,1.5410559
190,186,1.95,2.841291
201,75,622.0,329.7064
202,45,0.06,0.47444925
190,166,0.6,0.4673698
201,230,2.1,4.581395
205,122,5.4,4.4375067
201,22,518.0,240.31844
190,14,32.3,64.86394
211,17,0.27,0.03699867
203,12,0.57,1.1926966
204,70,36.1,14.727592
196,24,0.41,1.8090985
216,132,0.64,0.9548976
195,185,3.6,3.606033
196,136,0.3,2.3736937
204,236,1.05,0.8912671
196,65,0.24,0.50677717
197,185,0.22,0.8142482
211,26,1.17,1.0812037
208,184,1.23,2.5578954
196,120,5.13,7.112209
191,132,7.44,11.606849
195,42,25.3,17.377907
190,222,0.4,9.159827
192,38,0.39,0.59964615
216,104,0.21,2.1861126
210,168,2.93,1.8966117
202,124,2.95,2.327272
195,152,3.61,1.2524029
216,51,6.51,5.6661677
204,21,6.35,2.9266272
203,212,0.5,0.88665277
191,102,3.0,4.989812
191,166,13.2,11.14092
190,190,2.71,0.41332147
200,110,12.7,1.3309969
218,86,0.79,1.6981918
192,5,2.62,3.2170675
193,30,0.12,0.8119725
203,88,0.87,2.4970345
191,67,1.84,1.3043175
216,38,2.59,3.4356434
203,152,3.99,1.8925999
204,209,10.7,6.558611
217,51,0.31,0.54408294
203,203,0.35,1.0229805
194,201,0.54,1.5348483
216,170,1.39,2.3649778
191,14,0.25,3.0676777
195,222,0.006,1.7889832
208,240,0.19,2.335012
204,102,2.21,4.090305
200,82,0.42,0.8969365
194,209,0.83,0.8209341
203,40,10.6,7.975403
205,81,1.71,1.1187673
201,99,663.0,645.1235
218,71,8.21,2.994686
203,92,2.18,2.703769
191,214,3.08,11.491596
195,26,20.4,67.42459
191,238,0.18,3.4813147
201,240,1.15,1.0067551
205,158,0.88,0.7385269
196,148,0.16,0.16585188
202,195,0.32,1.6166918
210,126,0.92,1.7885178
192,159,1.33,2.0116732
210,111,2.5,6.799454
217,223,0.1,0.6029792
202,179,1.04,5.821719
192,23,0.59,1.1947825
202,34,11.3,5.0487623
190,245,3.82,14.211524
202,147,6.31,14.0023365
191,108,0.6,0.90292746
196,58,0.41,0.53433895
200,183,214.0,97.35121
191,203,1.79,2.8803601
219,31,1.18,1.1980606
209,224,0.45,1.068794
209,113,13.0,4.19652
205,240,12.8,11.465558
206,15,0.29,1.2799342
200,220,336.0,428.2
207,137,1.7,5.298151
215,153,0.041,0.6111109
214,214,27.4,4.6435905
206,216,62.2,164.29785
209,74,8.26,2.3342295
202,103,3.15,3.3911808
206,183,36.1,112.66493
208,143,0.92,1.0425985
200,50,0.28,1.8399099
200,66,0.15,1.5068473
208,60,0.61,1.7421491
200,111,11.1,2.196185
205,225,1.09,8.441682
208,248,1.47,0.9158838
215,218,0.15,0.3723397
209,67,5.67,7.5725036
201,234,2.17,1.9696671
208,95,0.42,1.9509397
207,249,3.2,3.1980271
202,210,0.42,1.1477442
208,160,1.98,1.0649548
211,211,25.9,4.8775897
208,28,9.47,12.066166
208,129,7.74,3.9509275
210,76,1.24,0.75587595
202,79,3.72,2.8427668
209,17,0.96,1.4990798
215,28,61.2,22.276278
209,25,0.33,0.7094457
200,74,0.32,1.4394141
206,77,1.1,2.4654448
202,192,0.42,1.6932237
206,56,1.23,1.9090176
209,198,0.8,0.5845482
208,84,0.89,3.6229136
209,37,1.64,3.4879053
215,171,0.85,0.8378011
206,1,3.25,1.6121457
206,13,4.33,7.390361
209,206,1.82,0.01954118
205,244,2.03,1.84391
215,42,66.4,42.863087
215,69,0.66,0.5011044
202,36,11.6,19.90639
212,6,41.2,73.84292
202,138,4.18,3.5803137
214,78,0.18,0.98562884
207,189,2.37,1.1867486
207,236,1.37,2.199816
205,230,6.03,21.609083
200,105,5.54,7.4551353
202,148,6.92,16.177965
202,25,2.26,4.9485383
210,34,1.71,4.1827154
205,156,2.52,1.2586193
206,48,0.77,4.2728157
214,195,20.3,7.9900475
209,187,0.96,0.523209
205,233,7.2,48.009098
200,215,324.0,458.10202
206,230,68.2,34.31306
210,12,7.33,2.5941892
215,127,0.72,0.4730018
214,128,0.48,0.28208613
211,226,26.0,80.70306
202,162,3.41,4.7080092
209,238,4.69,1.812769
201,202,1.11,3.7134788
210,60,0.51,1.4637411
208,9,4.92,23.717316
208,223,5.32,13.014862
209,100,12.6,3.6074862
206,199,47.1,88.31904
202,171,7.91,23.134598
214,40,0.22,3.1044664
208,111,3.75,5.3506336
215,88,0.64,1.266241
206,170,32.5,67.77965
209,53,2.99,3.161668
211,246,37.3,24.044882
215,22,55.2,31.005669
209,129,23.9,4.1538353
211,199,10.1,60.72054
209,172,1.75,0.79216146
214,231,46.6,15.069138
208,155,1.52,1.5355341
202,227,0.47,0.2536105
210,28,1.1,2.3593638
206,63,1.5,-0.103119366
205,179,3.87,1.412695
202,126,3.3,2.7905436
207,165,1.52,1.7958819
209,144,2.65,1.950226
215,105,2.01,4.5672903
208,55,0.19,2.6826167
215,223,0.82,0.70209545
200,198,216.0,148.89598
206,52,0.42,2.3546572
200,203,256.0,259.29132
198,181,5.59,0.77295965
198,171,1.06,1.9308496
197,247,0.16,0.32597026
198,22,3.22,1.8193148
197,132,42.8,24.460373
198,134,0.86,0.4653803
194,107,9.61,29.007435
198,96,0.54,1.0764235
197,19,3.12,0.90252686
197,202,1.88,1.7782289
198,242,6.65,7.087841
197,40,0.3,0.19851977
198,192,11.3,3.0760362
197,112,30.2,2.0739145
198,150,5.81,7.2529397
198,229,16.2,9.564921
195,120,52.6,42.86657
198,236,1.23,3.6770575
194,186,0.92,0.8096796
197,211,7.17,2.0706944
198,13,5.29,10.788904
199,9,0.85,0.84065557
197,232,1.48,0.51726055
218,20,1.0,1.8752608
198,207,0.28,0.8287787
198,200,0.16,0.7256777
195,138,110.0,83.95004
198,6,1.26,2.0543182
197,241,0.07,0.71335983
198,63,14.5,5.5170865
198,116,0.016,0.71516156
198,127,0.85,1.4611593
194,192,1.09,2.5536995
197,143,42.8,43.46119
199,1,0.52,0.92907304
218,26,3.21,1.885821
199,44,10.7,2.746225
190,100,257.0,49.788853
198,216,4.83,7.438098
217,245,5.49,2.6555617
195,107,50.8,50.767895
199,21,0.24,3.514324
198,196,0.1,1.8118669
198,153,0.31,0.46443406
198,110,0.95,0.51467323
198,224,6.5,5.018752
197,223,0.19,-0.18662539
199,78,4.55,5.5269823
190,86,134.0,60.079594
217,234,4.09,3.5891962
198,26,0.14,15.844416
195,131,57.1,30.385426
198,140,3.29,1.0236105
198,120,0.72,1.4455283
198,35,0.14,0.19018795
197,122,26.8,11.672106
207,0,0.17,2.1136985
206,241,0.9,0.5723814
206,87,1.39,7.09638
206,101,2.1,2.9085526
220,89,0.45,1.9797593
207,36,1.8,4.340376
207,55,0.98,7.0510926
192,36,0.36,0.107176326
200,114,10.7,2.1201277
195,79,33.9,65.50715
195,179,2.23,1.9697435
196,42,0.22,0.4126749
190,246,3.4,20.649027
190,16,39.9,41.96092
219,108,5.75,3.3329077
192,160,0.85,0.79577684
200,94,3.06,23.300755
192,43,0.21,1.030432
197,65,0.75,1.8752996
220,43,1.17,1.3277398
195,147,0.49,1.0119377
203,133,0.44,0.8485839
196,126,4.23,4.3730145
202,105,3.32,2.5433369
190,225,0.38,8.223964
218,160,1.75,1.1217902
192,150,0.47,1.3976085
191,208,1.69,2.8570218
191,127,1.23,1.9543673
219,187,1.21,5.128608
191,175,9.11,12.679357
191,196,0.61,1.5627272
196,93,1.47,0.8541327
191,247,2.42,6.9608827
196,5,0.15,0.8841145
191,109,0.58,1.2272183
191,103,3.1,5.686886
191,185,0.26,0.5670856
201,128,632.0,583.4269
204,18,3.86,4.8351393
191,49,0.34,1.8820035
219,221,2.03,1.0301635
201,192,0.27,1.2721796
201,113,602.0,943.4904
219,45,0.71,3.0848203
204,177,0.66,1.6615585
219,76,0.52,0.2937683
220,7,0.51,1.6401016
197,157,0.09,1.2690012
216,203,0.09,1.6580188
190,229,2.36,2.4281225
202,125,1.28,1.5689795
191,21,0.36,1.056034
192,85,0.41,4.5635285
191,143,7.84,27.599604
219,213,1.8,1.5139343
190,4,27.7,19.865143
195,44,23.2,10.822693
216,173,1.31,3.5240965
190,30,42.0,26.702053
217,104,7.13,4.0020347
216,52,5.47,5.201792
210,172,2.64,1.9714766
190,161,0.64,0.69155514
202,9,1.2,1.339733
192,142,0.38,0.6799366
195,67,27.4,45.501915
201,40,465.0,626.7057
202,201,0.16,1.0087584
220,55,0.39,1.9972404
190,167,0.89,0.8739926
200,77,0.32,1.0510474
204,161,5.73,6.1680684
214,159,1.66,3.527597
195,186,3.35,1.8047168
202,80,3.75,3.0343194
217,41,0.96,0.9426245
216,136,0.52,0.72491187
219,35,1.07,1.7767631
191,10,0.48,0.8884312
217,52,0.47,0.63988566
216,32,0.86,6.8796716
201,170,0.65,2.2144282
201,231,2.3,1.426729
195,214,0.93,1.0241678
194,225,1.69,2.5148957
196,59,0.26,1.758997
190,215,1.26,3.0760999
202,59,0.1,0.36438888
195,55,24.8,28.122477
196,78,0.32,1.6570628
197,43,0.19,0.53083086
192,24,0.55,1.0679384
216,226,0.14,2.9179685
195,154,3.98,1.0751132
192,15,0.45,-0.07146069
201,142,608.0,758.67426
216,100,0.19,0.58840036
190,157,0.43,1.9467213
204,197,3.15,2.3301814
218,136,0.39,1.0697615
194,248,13.2,7.0792804
201,86,468.0,962.196
196,137,0.23,3.5692391
197,189,0.22,0.86370647
200,89,1.49,4.459609
195,169,0.57,1.1905205
218,191,5.66,2.5995173
216,44,2.51,1.2999681
197,175,0.2,0.35542592
190,177,0.26,1.8314499
220,34,0.25,0.17861833
218,118,1.63,1.8547724
218,106,0.73,0.7899604
219,18,0.55,1.0433608
219,1,3.1,0.5316554
191,38,0.51,0.8182794
217,145,11.8,17.37591
194,217,0.93,14.749337
191,79,2.77,4.3729396
217,7,1.42,1.697564
191,217,2.5,3.62717
190,144,0.12,0.5313426
196,178,0.21,1.5992247
201,204,0.38,1.5394449
190,138,2.11,2.4987392
218,72,9.32,4.4546776
204,104,1.37,2.19209
219,123,0.48,0.34532714
192,6,2.88,1.7781126
195,29,18.7,53.764893
195,204,0.54,1.0483743
190,131,0.17,1.1923919
202,180,0.69,6.7434244
202,26,2.09,4.3478465
196,164,0.38,2.3760371
195,237,2.91,22.880953
190,151,9.15,3.481831
219,60,0.7,4.9948516
192,54,2.66,1.1810422
196,25,0.39,1.0722952
192,74,0.21,-0.060928483
194,231,3.9,3.481009
202,136,1.96,3.551807
219,238,2.61,3.8510158
191,239,0.16,2.1911745
191,88,3.75,5.790089
200,83,0.45,1.8846385
217,63,0.06,0.64924604
220,19,1.55,2.7909312
202,170,4.96,4.4029713
201,163,618.0,758.8996
190,105,5.48,0.77416253
200,54,0.21,0.30363986
204,121,0.76,0.32177228
190,10,38.7,75.0208
219,167,8.32,9.776579
217,225,0.1,1.2506175
200,41,0.2,0.22353254
195,247,4.49,3.730422
200,104,4.59,1.0849015
196,105,3.14,8.3597555
218,173,3.32,7.58767
202,151,3.9,19.880634
201,177,1.18,2.280054
192,64,0.039,0.3360145
190,114,2.61,1.61059
200,67,0.16,1.0473483
204,132,0.99,1.6498852
191,61,0.48,0.097722635
219,138,0.79,0.78781456
219,248,0.33,2.1968825
191,158,11.3,8.607329
217,218,0.64,0.9598657
191,68,1.58,1.1324934
201,215,0.31,0.3093113
219,176,0.22,0.5520981
194,238,10.8,12.390974
201,102,557.0,617.98975
220,116,0.23,1.7751122
218,10,18.2,17.925154
196,145,0.17,0.26461136
204,50,13.4,16.63797
191,29,1.52,2.7263834
217,22,0.29,0.47508854
190,191,2.63,0.28332585
191,169,11.9,1.961602
217,157,0.82,1.1302638
202,229,0.3,0.100083895
204,36,4.76,34.729412
218,89,0.84,1.5008154
193,25,0.1,0.75652474
195,13,18.5,8.386535
195,195,4.29,8.928969
197,78,2.99,3.7425787
196,67,0.27,0.9054412
202,160,4.18,33.506195
201,241,1.24,2.4900508
194,210,0.51,1.6722296
213,43,1.45,1.1136838
201,183,0.53,1.4230785
216,83,0.77,1.7906706
218,60,6.88,8.313565
220,101,0.59,0.7605008
204,143,1.6,2.4936695
193,4,1.24,0.61135155
190,182,0.41,1.7265413
191,119,0.29,1.0698072
202,193,0.29,0.7889407
195,223,0.014,0.44624135
217,131,10.8,7.6836114
190,204,0.81,0.5196422
204,171,0.035,1.8582145
190,197,0.45,0.965407
213,196,0.33,-0.10657619
190,188,2.0,2.0168676
214,213,27.1,7.4655557
210,54,0.35,0.9358269
215,137,0.55,0.22616109
209,239,3.68,1.4838356
210,10,5.9,4.111386
209,168,1.31,1.9630445
208,25,6.75,3.4642172
207,166,1.39,2.4528995
214,229,46.1,35.134758
210,27,0.92,6.3533373
209,145,2.46,0.89077395
215,106,1.54,1.4077818
206,168,24.0,15.868939
209,128,19.8,9.156632
215,70,0.49,0.47466996
207,127,1.27,0.26117188
215,89,0.36,1.8326906
209,97,9.74,4.558455
214,194,17.1,8.791902
209,181,0.77,0.38145116
215,154,0.036,0.3652653
207,141,1.46,9.674118
207,185,1.76,1.4709889
209,66,5.07,8.984265
209,199,0.8,0.703638
208,85,0.56,7.4263797
209,75,6.68,8.014204
208,107,2.81,3.401041
206,196,33.2,74.43133
208,141,0.82,0.6709216
209,217,1.69,2.0814347
209,51,2.82,1.6516137
208,127,5.67,4.8984413
215,123,3.39,4.5130324
206,181,25.4,96.03862
209,35,1.5,2.4579825
209,114,9.48,4.5073657
209,225,0.34,0.13237675
206,155,20.3,55.568073
201,103,506.0,750.2969
217,26,0.29,0.6688882
197,67,0.75,1.9618268
217,162,0.75,1.4393944
219,21,0.55,1.4584212
219,4,2.75,5.47879
218,93,0.67,8.393576
190,80,126.0,72.87682
195,116,47.8,83.45781
197,77,2.77,1.9261621
197,44,0.17,0.14416565
217,116,6.53,8.344333
195,140,105.0,110.28349
217,5,1.42,2.711303
198,59,14.6,5.4394245
197,145,42.5,38.215363
194,103,6.87,9.251713
219,47,0.46,2.2391856
218,123,1.49,1.9029061
217,212,0.58,0.4808115
197,41,0.26,0.55510277
217,71,0.36,0.80811155
198,48,5.97,7.693312
200,9,1.12,0.74793553
217,201,0.56,0.6169296
218,214,1.89,2.7431629
201,144,512.0,445.221
219,115,0.38,0.6098511
216,227,0.12,0.88210136
217,102,3.13,2.1491368
219,95,2.17,4.539491
201,157,515.0,1004.3382
218,137,0.36,0.6731194
201,92,490.0,740.2531
217,189,2.49,2.148395
197,119,26.4,16.069592
218,107,0.74,1.8876958
218,175,3.03,3.9981086
217,173,1.24,1.7465314
219,112,4.66,7.3624754
218,192,4.94,2.5419517
217,147,11.6,22.806942
197,130,42.1,28.778316
218,74,10.4,7.524441
199,208,0.39,1.8312682
217,132,9.84,7.384214
217,84,2.08,1.9839036
219,32,0.97,0.6110807
219,78,0.23,0.052519266
197,17,2.91,2.168113
201,115,525.0,671.9847
218,47,5.34,1.1215143
197,104,28.6,1.079401
219,59,0.48,1.5859451
218,162,1.68,2.3945043
201,129,545.0,484.8367
196,246,0.12,0.4644438
212,40,0.61,0.27713114
209,226,0.31,-0.16028154
198,158,0.4,0.9678283
206,133,24.3,33.512203
208,82,0.49,4.103244
206,157,19.2,61.28051
208,109,2.52,2.145354
207,70,2.58,2.242538
206,84,15.9,4.395505
215,128,0.51,0.6700039
220,65,3.6,5.4410253
206,118,17.0,151.11288
220,75,0.61,0.9297766
209,127,17.8,8.824602
198,135,0.55,2.5391982
214,228,42.3,46.29617
206,229,47.6,39.230076
209,146,2.39,1.275131
208,97,0.26,1.9579008
212,156,6.3,45.67723
206,198,31.6,34.960224
207,193,0.4,1.4647168
214,249,49.6,96.8253
206,171,22.7,18.935669
200,214,182.0,323.60126
207,139,1.39,10.7495365
209,112,8.51,5.2325006
215,19,53.8,40.590534
211,139,4.06,7.258961
209,182,0.65,0.65964675
209,50,2.74,1.0713733
207,237,1.11,1.1116287
206,11,6.83,5.4095073
208,41,0.04,-0.31525046
211,167,4.67,1.3418492
210,35,1.37,2.0000927
215,155,0.03,0.25261858
215,90,0.3,1.028761
215,170,0.76,1.1078751
212,97,0.25,1.04605
209,218,1.66,2.7195184
206,21,1.09,0.9858453
210,74,1.37,0.2627845
209,65,4.27,5.2234554
215,188,0.43,0.79184556
207,190,1.66,3.321841
208,128,5.38,4.51355
207,175,1.3,3.7971714
209,76,5.65,7.827812
215,71,0.41,0.45490777
209,200,0.75,0.6710497
211,113,2.64,2.3734488
206,143,23.7,48.988297
214,215,22.8,10.643945
209,240,3.44,1.9108266
210,26,0.91,8.5764475
220,90,2.7,2.2306662
213,26,0.35,1.860694
215,59,1.01,0.752669
207,124,1.16,-0.011778179
212,178,1.42,1.4754353
206,214,44.4,127.18483
208,12,3.48,14.62153
206,76,1.01,2.8385732
210,9,5.74,2.6037722
198,186,10.8,3.7957184
209,96,8.74,4.147547
210,55,0.32,1.22163
207,101,5.93,3.222911
208,56,0.17,0.8120415
207,41,2.88,2.508221
212,205,0.58,0.5623864
208,61,0.52,1.3574289
206,184,24.5,134.5929
205,224,1.24,5.9404044
207,57,1.06,7.112907
207,222,0.46,5.6350555
212,190,0.37,0.6861209
212,76,0.05,1.214441
208,0,2.46,3.6825364
209,169,1.21,1.9565047
209,34,1.23,4.697199
207,105,0.3,1.8684447
211,135,4.09,2.930167
206,47,1.24,2.441475
212,236,1.16,2.4249332
214,196,16.9,6.6228356
214,174,12.3,3.2206352
215,210,0.88,3.4263325
212,48,0.9,0.34098598
208,156,1.28,1.660001
208,140,0.84,1.1934433
207,21,0.44,0.8573849
206,238,2.94,0.5006014
214,183,14.3,17.7824
210,85,0.25,1.2096432
207,88,3.54,1.5861362
208,24,6.26,1.1658592
215,122,3.14,3.996122
205,203,0.36,1.7585276
215,104,1.5,1.2169455
198,149,5.5,2.2962105
212,139,3.89,1.9789695
212,118,0.55,1.9636027
212,111,0.11,0.40770507
217,101,3.12,2.66358
203,118,0.48,0.34767583
210,197,10.6,6.4990025
213,227,8.4,7.1252475
216,84,0.68,1.4734008
204,144,2.16,2.1072109
213,49,1.4,1.0960748
219,88,2.1,2.1641421
208,176,0.5,0.84621334
219,101,4.68,3.1316032
216,175,1.25,2.4405956
220,47,0.97,1.1457638
200,185,93.0,172.06322
203,124,0.65,1.2084997
214,23,1.03,2.5509305
213,144,1.74,2.7379081
210,130,0.75,1.7421403
219,67,0.71,0.18627605
213,110,0.06,0.6557926
204,186,0.72,1.5466963
200,166,48.1,91.84762
204,23,3.79,2.9671216
213,73,0.48,2.603133
200,249,284.0,404.53632
203,165,5.41,3.8314335
201,67,451.0,734.2378
203,219,0.77,1.3898655
217,88,2.03,2.167344
210,230,17.3,16.054382
211,235,30.3,48.908497
216,22,0.26,1.1576952
220,127,0.62,1.6799926
211,67,1.37,4.277459
217,167,1.23,1.251378
220,112,1.06,0.40712413
204,172,0.029,1.2848324
203,107,2.03,0.42278576
211,33,1.61,0.3240312
216,197,0.97,3.6358097
201,15,302.0,147.55441
216,3,2.93,2.4466457
203,248,0.67,2.1800327
214,108,2.74,3.9510303
208,187,0.86,1.889597
215,51,66.9,58.84442
216,118,0.27,1.2082098
204,49,13.3,49.16414
216,146,2.15,1.0372546
210,220,14.5,27.56613
217,24,0.29,0.3411475
204,37,5.32,8.6957
216,204,0.09,1.5590035
203,228,0.88,1.567875
214,47,0.09,0.8559444
216,54,4.9,2.6956174
205,102,0.37,0.1057866
200,144,15.2,29.89546
204,117,0.6,1.2121307
204,133,1.01,1.2886648
201,77,473.0,306.0452
220,48,0.33,1.4067339
205,113,1.85,2.037632
205,88,0.74,0.6383123
201,147,526.0,698.0683
211,78,1.74,1.791599
217,76,0.33,0.6463845
219,5,0.53,0.7969945
214,42,0.19,2.0781543
213,132,0.7,0.75440764
205,70,11.6,9.487017
214,146,0.71,7.0311465
210,209,11.8,7.9430995
220,26,0.19,1.03772
216,71,0.69,0.47273564
203,207,0.15,2.5322447
205,192,0.4,0.1796512
203,238,3.31,1.2001542
203,155,2.75,2.355833
205,124,3.8,8.6497135
216,34,1.4,7.602621
208,241,0.12,0.35112032
210,113,2.92,2.3607023
205,59,7.06,11.868514
214,134,0.34,0.8319019
204,162,6.18,4.096646
211,19,0.14,-0.036118403
213,120,1.09,1.3241268
204,210,6.74,4.1661434
203,72,2.71,2.1417763
211,218,21.4,83.80236
219,50,0.51,3.0228171
205,159,0.55,0.17550986
208,203,1.18,1.5912082
203,195,1.06,1.1472023
203,93,0.94,1.7400115
200,177,58.4,97.62961
213,212,0.49,2.6265578
219,209,1.68,2.4075303
203,145,1.08,2.0487583
219,172,8.11,5.194427
210,151,0.86,3.1458688
201,42,439.0,553.6276
218,238,2.96,1.2198445
205,149,2.7,0.5264141
214,71,0.09,0.3631354
214,160,1.81,1.3667034
216,39,2.19,1.5628127
210,186,6.68,4.2540874
219,222,1.97,0.768798
211,95,0.6,3.2824662
220,23,1.37,3.2208142
204,5,3.61,1.2164162
219,130,0.55,1.3403689
220,3,0.45,1.8026376
216,64,0.36,1.2944707
214,121,1.38,1.2524056
219,149,1.69,1.637269
213,158,2.16,3.5964458
204,73,25.6,1.8611623
209,6,0.11,0.49362504
212,21,46.1,174.59329
214,0,9.28,2.8470724
203,13,0.44,0.4590482
213,85,0.8,0.90597177
201,52,450.0,370.70547
210,99,1.02,3.823965
201,26,304.0,294.93372
216,158,6.34,9.146936
219,192,0.92,9.105314
212,5,34.5,77.97694
203,174,3.5,6.739262
215,32,60.2,7.7394447
200,156,36.7,11.562569
211,3,2.41,1.4570857
219,151,5.11,13.710804
219,235,2.54,5.0898848
204,222,0.59,1.4119091
211,43,1.05,1.4971505
213,197,0.34,-0.055585958
205,47,1.21,0.7270605
216,105,0.18,1.137634
204,196,3.32,2.572478
203,23,3.07,2.937784
213,170,2.69,1.0077343
203,181,7.45,8.532991
214,82,0.18,1.118989
204,106,1.55,3.580549
204,61,24.8,4.9365396
219,116,0.47,1.6543169
213,16,8.65,4.9830766
219,80,0.44,0.928993
218,38,5.46,3.465897
197,227,1.51,0.76086545
198,10,5.42,3.8286893
217,246,14.9,4.9211574
194,170,0.18,3.8004687
197,111,30.8,5.39192
199,66,2.49,2.1823065
217,249,16.7,19.520826
196,214,0.13,0.30772018
199,39,10.9,2.5481424
199,63,0.56,-0.015769793
197,235,0.09,1.3362873
198,23,0.1,4.385251
217,236,4.09,7.7198205
196,210,0.036,0.34467217
197,206,11.2,4.5690727
199,54,2.97,2.346082
218,210,0.06,1.8075331
218,205,0.65,1.3194579
218,198,0.17,1.0733467
196,231,0.1,0.34029913
199,31,6.97,7.6299596
196,224,1.17,2.8237097
218,15,1.2,1.3392644
199,144,0.34,1.4823556
197,88,3.4,2.604274
194,147,0.81,2.59994
194,131,0.15,0.70043546
195,92,40.1,84.22736
197,94,26.0,4.7395244
198,231,1.15,2.2062893
197,213,21.2,19.082722
198,20,3.23,2.6305463
199,108,11.0,12.730227
197,198,1.82,4.645888
197,191,0.8,1.7103426
218,35,2.54,1.765344
197,179,0.24,1.1089939
196,218,0.72,0.9753089
197,82,4.16,7.7114334
195,88,35.7,16.723442
199,133,2.23,1.1098881
196,203,0.25,0.56458235
197,151,0.1,0.78567284
199,11,0.23,1.29958
218,29,0.53,1.6073455
218,21,3.38,3.5128388
217,238,6.26,12.766038
194,89,4.1,13.557777
218,140,0.56,0.55584615
197,165,0.13,0.29782087
199,174,3.66,3.714637
199,122,13.6,2.589379
197,220,0.26,-0.026244614
207,220,0.46,3.7429926
198,187,14.5,5.8803678
207,194,0.56,1.5314195
205,205,0.31,1.8248099
206,91,101.0,6.9895983
207,10,15.7,1.5633032
207,102,16.9,2.3954043
207,38,34.5,4.1690116
206,104,116.0,4.7806582
207,24,2.5,0.83374697
207,83,9.73,6.009818
207,52,22.1,16.569363
208,42,0.034,-0.25580347
207,69,13.2,1.1242927
206,22,0.44,1.4064527
206,119,91.0,101.78813
218,148,1.8,1.0902274
214,97,1.96,4.6889787
216,40,2.61,1.5926023
217,191,0.55,0.88897246
210,103,2.9,3.9547126
217,64,0.47,0.85955817
216,85,0.71,1.2572206
210,152,0.61,1.6702648
217,12,0.32,0.61914337
217,204,0.55,1.0191126
218,239,3.02,1.8144941
201,34,386.0,770.3902
218,77,10.5,8.756117
216,108,0.27,0.75441855
219,117,0.74,1.9904904
218,126,0.37,1.0262209
219,6,0.54,0.7106362
201,2,256.0,215.1759
218,95,0.73,1.8517293
216,93,0.17,0.73686296
216,72,0.55,0.8619393
214,116,1.46,1.2430303
216,46,4.54,6.2370176
218,165,3.23,3.5476594
218,124,1.53,1.7526115
218,180,5.01,1.553898
219,152,6.27,5.9727798
217,122,10.0,4.644186
211,68,1.26,1.6199044
217,179,2.69,1.0863923
217,91,3.27,1.6418756
201,148,489.0,519.3404
201,54,394.0,369.2505
218,62,7.32,28.35417
219,150,1.66,3.2205184
218,46,5.46,6.460131
201,71,415.0,181.33817
201,57,394.0,842.0564
219,87,0.47,1.3291838
210,117,0.75,1.9777608
219,51,1.3,2.14394
217,105,6.94,5.213403
214,150,1.7,1.9480023
217,168,1.21,3.0240896
218,94,0.82,5.8215966
217,78,2.13,2.7188303
200,236,247.0,610.3726
201,104,460.0,936.0067
219,37,0.82,0.72223836
216,205,0.1,1.4729958
218,0,23.0,20.730597
216,65,0.39,2.596376
217,149,0.67,0.89055604
211,92,0.72,3.1301723
201,118,490.0,565.7353
216,26,1.54,6.168674
194,23,3.35,6.3627405
194,80,4.18,17.686113
192,191,1.52,4.01676
194,22,1.62,3.095011
199,40,12.3,6.407985
195,109,44.4,59.60129
194,7,0.51,2.491245
193,225,0.18,1.0426114
194,135,0.88,14.883994
198,225,21.1,16.334196
198,249,0.69,2.419062
194,109,0.034,1.9793562
193,106,0.54,0.8383682
190,56,108.0,85.201324
199,195,0.7,1.1681887
192,168,0.25,1.3811852
198,124,0.89,0.7549244
194,36,0.06,1.5601747
198,55,14.4,5.0060644
199,190,8.29,2.6129355
192,220,0.58,0.10658693
193,249,0.35,1.2448945
192,196,0.12,1.3466257
194,181,1.1,1.7588177
199,92,8.28,6.225556
199,178,7.17,1.3974631
194,47,0.23,0.14338024
196,239,0.1,0.2878224
193,173,15.0,24.535305
194,58,1.72,1.5493386
199,45,2.87,0.80853903
198,90,0.5,1.2604537
193,156,12.8,8.09595
195,99,43.4,40.438503
199,4,0.94,1.0776191
192,174,0.6,1.2026207
193,113,0.68,2.8231778
190,63,107.0,78.77004
193,8,1.24,1.009681
190,84,140.0,41.643448
193,235,0.43,1.582757
193,196,0.06,0.80599934
199,12,0.23,1.0286998
193,57,0.035,1.7884862
199,76,5.37,3.0807889
193,189,0.5,0.6851982
194,68,2.66,7.5337214
193,146,4.97,4.7485
197,10,2.54,3.0638874
199,138,0.4,0.22968264
194,38,1.08,1.6029916
198,141,7.06,4.4885473
199,67,2.56,2.354759
193,201,0.042,0.36635795
198,66,1.56,3.4446075
199,132,2.57,1.8889856
198,117,0.61,0.5008231
197,99,27.7,1.9562654
199,164,0.66,1.472192
193,99,0.27,1.6809028
194,14,0.49,0.9523559
193,66,2.0,2.6125062
197,113,25.7,11.526598
199,121,15.7,2.1395638
197,124,39.3,21.816803
190,48,144.0,146.57079
190,91,234.0,266.3931
193,131,2.67,2.774808
197,20,0.14,0.7155805
193,138,3.57,2.423441
198,159,0.81,0.29256657
192,205,0.71,0.68640035
190,71,124.0,69.391174
194,172,0.19,0.37624437
195,143,101.0,170.93921
194,92,6.12,5.911429
199,55,0.54,0.07007699
197,30,0.21,1.3663235
193,123,1.5,2.5255816
198,100,1.03,3.431749
192,227,0.27,0.6074646
198,111,0.15,0.80477357
193,217,0.78,2.312606
193,210,0.42,3.945206
190,39,157.0,69.12009
194,187,1.13,3.8976505
194,148,0.3,2.3661478
197,136,41.5,30.936655
199,148,0.22,0.65273404
193,234,0.08,0.5713412
199,109,13.6,15.930392
193,46,0.049,0.96787816
192,213,0.21,1.9919221
199,82,2.49,1.69511
192,236,0.4,0.756727
193,83,0.025,0.34151116
198,82,1.76,7.50726
199,23,7.73,9.221376
193,74,0.02,2.0812712
195,121,49.8,24.281477
194,122,0.2,1.4403306
194,159,0.17,1.0371327
192,180,1.24,1.8037474
194,104,9.38,128.72762
197,0,0.77,0.59496266
215,195,0.71,3.6779842
212,225,0.15,0.80758256
215,175,0.32,0.80037385
202,184,0.38,0.89612776
212,247,2.59,6.9323044
211,140,3.82,45.79647
200,70,0.55,1.3230187
212,206,0.69,0.46201912
212,229,0.09,0.5120375
212,191,0.37,0.46912065
220,76,0.55,1.4074157
213,194,0.34,-0.054262783
211,173,4.25,1.9072787
202,211,0.57,0.32917428
202,18,1.59,2.8224738
202,163,7.75,7.286594
202,28,9.33,11.042766
201,225,2.34,1.1061666
201,235,1.14,3.0696304
201,195,1.14,2.3896058
212,99,0.09,1.3412172
220,49,0.31,0.7647723
202,141,5.19,9.540966
200,44,0.35,0.5661269
202,152,5.73,36.277416
200,32,0.23,0.35067248
200,134,30.3,26.360252
203,33,6.24,8.2109785
202,130,3.07,10.687436
213,71,0.31,1.6573343
211,119,3.81,1.3421898
213,171,2.53,1.3843056
202,13,1.23,1.8213557
200,125,31.9,41.87883
200,57,0.35,0.59194064
220,27,0.18,1.7525187
220,60,2.21,1.7546386
203,42,7.61,5.996262
202,72,5.38,2.9795907
213,117,1.02,2.60603
202,218,1.2,5.611447
212,189,1.38,1.2869433
213,11,4.29,4.2250767
213,185,1.84,3.0260737
212,237,1.24,0.7887229
212,25,0.29,0.31299224
200,96,11.9,1.9962713
201,171,0.97,1.0328174
212,49,0.7,0.88565314
213,125,1.26,4.514615
202,173,1.39,1.9335456
203,51,0.57,1.2537162
190,122,0.33,0.6156315
211,194,8.88,22.417624
211,100,2.63,2.2514324
212,61,0.06,1.2667652
212,140,3.72,1.926119
213,86,0.75,1.0671704
202,118,0.96,1.7226918
203,81,0.29,2.9625378
212,137,0.51,2.568501
212,157,6.53,39.97151
212,81,0.34,0.16247144
214,247,43.1,134.48677
220,126,0.22,0.78737515
213,60,0.28,1.4114652
203,29,3.11,1.7363112
202,220,0.92,0.097373284
200,106,21.9,7.683444
213,38,0.41,0.6996845
203,82,0.58,1.6294544
202,96,2.48,14.209591
213,5,3.53,9.280311
201,186,0.32,0.45292178
202,88,0.99,0.09559901
220,111,0.5,1.0398227
213,104,0.06,0.19890714
213,55,3.69,2.382737
192,224,0.27,0.21045262
193,75,0.02,8.082404
193,116,1.48,2.207768
190,35,93.1,101.46462
219,7,0.59,0.79394406
197,31,0.2,1.5777024
191,228,1.36,2.5949645
191,152,10.7,15.329862
217,123,9.98,4.895953
194,173,0.17,0.13427511
218,78,6.83,10.313355
190,29,41.9,8.17175
192,129,0.22,1.6863319
195,132,96.0,114.414215
199,110,14.4,28.008102
196,60,0.24,-0.04183262
192,181,1.2,1.119582
197,114,25.2,14.497139
192,79,0.3,1.5988488
199,145,0.23,0.67843425
191,83,3.22,7.7051134
199,124,2.29,1.4631995
218,52,7.24,11.770252
193,36,0.4,1.2560047
193,67,1.82,3.1777153
196,71,0.22,0.29720643
197,128,38.9,33.928837
196,128,0.23,0.3196661
197,21,0.13,0.61988235
192,134,0.35,1.8903067
193,132,3.57,6.998202
193,33,0.044,3.4455948
219,23,0.84,0.007972244
192,104,3.23,1.3417057
218,240,3.7,2.4187121
197,1,0.71,0.27578652
199,56,0.48,0.22187616
198,101,0.98,2.757926
195,122,50.3,45.415695
194,48,0.23,0.36810616
190,40,108.0,81.03062
196,193,0.33,1.9846724
218,39,5.19,2.329091
199,191,7.32,1.1763406
199,93,6.38,5.9856367
192,185,1.56,2.9316266
193,100,0.54,0.51054376
194,16,1.69,4.7369795
196,47,0.22,2.4483118
197,100,30.0,6.631435
196,240,0.08,0.38288042
192,162,0.25,1.5131204
217,29,0.32,2.6031878
193,182,0.49,1.5498502
195,83,36.1,62.15736
194,39,1.03,1.3998675
218,79,0.73,5.2962804
192,110,0.29,0.6522043
193,174,14.8,28.301916
196,188,1.59,0.34156826
192,216,0.57,-0.16065189
190,216,1.3,0.9337715
219,68,0.35,1.9536844
193,124,2.94,1.4276305
197,11,2.49,2.6945496
192,27,0.15,0.21514314
199,196,0.6,1.3833985
191,162,9.73,3.966571
194,93,6.79,4.2003646
196,84,1.09,0.9739461
192,193,0.11,1.2530044
197,137,39.2,38.570435
191,138,7.84,12.946125
217,150,0.66,1.2555572
192,126,1.17,1.0843612
217,106,6.7,6.2977633
190,72,160.0,99.25128
192,107,0.09,0.26586977
193,211,0.88,2.620833
218,32,2.45,3.4573941
193,26,0.06,0.80217457
190,31,89.6,87.0314
193,47,0.046,1.5121505
191,97,3.0,10.494978
217,192,0.53,1.5122813
201,127,479.0,186.72949
193,203,0.52,1.6733813
218,215,2.0,3.2672946
193,84,0.028,1.0521421
195,72,35.8,37.151237
200,21,1.05,4.9827514
199,13,0.22,1.2383438
218,96,0.7,0.9624254
192,121,0.78,1.2974025
193,140,4.97,10.329308
199,134,0.3,0.3453045
191,53,0.41,0.1806112
191,170,7.9,8.384494
218,141,0.53,0.665978
193,108,0.67,2.7824132
192,117,0.031,2.4142096
193,190,0.06,0.47350517
219,46,0.53,2.5383384
218,127,0.34,1.3271049
201,149,455.0,306.76727
192,90,0.21,4.6750374
192,94,0.24,1.6200858
194,31,0.05,2.4680989
195,157,0.53,0.098282814
192,247,0.67,2.3869686
218,166,3.38,2.4553947
196,111,6.51,1.4509053
193,243,0.34,1.5756112
193,55,0.035,0.9010996
192,171,0.56,1.2569894
219,131,0.62,0.2463325
191,72,2.36,4.9255238
192,65,0.035,0.89337593
195,100,45.5,58.002254
192,17,0.4,0.9868393
201,133,455.0,294.68997
192,9,0.17,0.29680285
199,165,3.48,3.3011942
198,93,0.5,0.8168566
192,143,0.45,0.7260624
200,3,1.27,0.86807626
199,209,5.47,6.532734
218,149,1.77,1.8161699
193,227,0.07,1.3969902
193,236,0.4,1.8337666
193,41,0.09,1.2150762
192,49,2.5,3.7064269
193,9,1.15,1.5929937
192,102,2.01,4.803393
192,75,0.16,0.08664135
193,197,0.047,0.48061478
190,64,144.0,51.254498
199,41,11.3,7.423282
191,223,0.55,13.304971
190,49,120.0,135.52493
192,152,0.74,1.2888554
194,1,0.52,3.2907624
198,54,5.82,12.05467
196,180,1.35,0.48516408
194,9,0.54,1.0213143
218,194,0.18,0.47120288
218,206,0.07,0.5753872
190,247,2.81,5.098605
192,209,0.17,1.444048
192,233,0.38,0.5609298
192,114,0.08,2.6145515
196,204,0.27,0.65991163
217,205,0.52,0.45283008
218,199,0.6,3.9945986
218,181,5.03,2.7461197
192,201,0.71,1.6498268
199,83,2.39,2.4135013
199,227,0.7,2.6020446
193,15,0.08,0.06929697
192,239,0.3,0.42421132
191,233,0.17,0.51331824
195,60,27.0,3.3116627
199,155,0.64,0.47765982
199,236,0.08,0.53876066
198,65,14.3,8.049532
190,57,136.0,89.854706
199,175,6.27,0.36323643
194,24,3.78,3.6631663
193,95,0.27,2.5845473
195,110,46.1,68.46065
192,44,0.32,0.7712688
193,220,0.19,0.5564722
194,136,0.85,7.8684235
193,157,11.6,7.276118
219,102,5.49,5.720766
218,110,1.5,2.018811
192,99,1.19,1.7908311
200,12,3.31,1.3712753
199,218,9.35,7.810398
207,23,0.31,0.8807801
206,35,0.25,0.64334685
208,144,1.08,1.3843764
211,109,2.61,5.2947555
207,168,1.41,1.3465843
211,141,3.67,13.347803
215,176,0.29,2.4960196
215,196,0.63,1.624823
198,130,0.33,1.236774
205,216,0.64,2.9455338
208,88,0.25,0.12909427
212,82,0.32,0.732409
206,185,77.0,66.87379
207,215,0.49,3.7046778
220,77,0.53,0.8189683
209,228,0.26,0.04187003
208,3,14.9,18.54729
207,2,1.41,1.558215
207,106,0.48,0.48884204
207,240,12.1,7.393358
207,195,0.2,1.2991756
206,146,64.3,43.797256
206,217,91.8,20.716085
200,204,242.0,61.95759
212,207,0.25,0.14186038
215,75,0.41,1.0703447
214,175,13.2,11.960705
220,99,1.26,1.7312818
208,63,2.52,1.086539
208,15,5.93,1.9525073
208,46,0.14,0.7832611
209,40,2.86,0.8345764
212,238,1.26,0.7182269
206,201,86.2,93.18926
207,116,1.77,1.0755433
207,37,2.74,5.4304395
198,142,7.11,4.0638685
212,141,3.57,0.93535155
212,179,1.32,1.454625
209,173,0.53,0.24075553
209,148,2.21,1.3423127
208,131,0.82,0.39983284
207,130,1.99,1.7722487
198,160,1.0,0.44625095
206,135,61.1,64.58357
209,78,6.02,3.169431
214,165,11.4,2.7983072
207,176,1.45,1.873393
198,188,13.7,5.2919245
215,3,44.2,30.720762
206,159,70.0,22.220394
208,44,0.015,-0.09020061
210,36,1.29,1.7637832
212,158,5.8,9.139638
214,234,42.7,100.726685
212,119,0.47,2.2463434
212,62,0.05,0.9431575
208,99,2.54,2.4966397
212,26,0.24,0.12730277
206,243,1.77,0.9450375
209,242,3.14,3.5983262
209,157,1.02,0.90696776
209,103,8.39,6.3312693
207,95,1.73,2.7032473
220,66,3.3,2.0937705
215,161,0.57,0.82062685
207,65,0.85,1.1683699
206,37,0.84,4.0750346
209,55,4.84,2.9482179
209,87,8.82,4.5326276
206,6,4.17,4.697742
206,172,71.7,209.01048
210,1,4.94,5.740024
190,92,246.0,150.8517
211,120,3.73,2.5655653
212,100,0.08,1.4368557
207,82,0.94,5.2530365
209,208,1.52,4.738939
212,59,0.65,0.36213562
214,184,16.2,6.374146
215,52,0.95,1.6913909
206,114,54.8,54.99692
207,51,1.71,9.656753
205,206,0.17,1.8865033
213,27,0.37,0.4173387
208,113,5.16,3.649871
209,189,0.74,0.6053723
212,192,0.35,0.8472965
207,228,1.03,2.313232
213,67,0.33,0.9670944
206,86,5.73,11.529997
208,71,0.6,1.650199
206,64,0.75,2.5701864
206,102,8.97,4.7191515
206,129,57.6,35.629997
210,118,1.12,1.7304265
213,239,8.56,3.6968763
201,93,410.0,497.67548
201,150,440.0,273.83893
217,136,11.5,5.1889486
213,145,1.39,2.0632157
213,74,0.79,1.2140448
219,210,1.67,3.0834126
214,117,1.24,1.9512352
201,105,439.0,596.8111
216,47,4.05,7.2651935
218,80,0.63,0.8486154
216,86,0.6,0.8792382
218,97,0.68,1.2029582
219,89,2.37,2.8182442
219,132,0.57,0.34085095
217,43,0.28,0.8104638
217,169,1.2,3.8772044
217,151,0.58,0.545188
216,27,1.5,5.244007
201,123,473.0,437.95224
219,244,0.24,1.3776543
219,81,0.43,0.6956491
216,109,0.2,0.9195261
216,206,0.1,0.30676487
218,53,7.0,9.984979
217,206,0.5,0.12856834
213,159,1.75,3.374231
213,228,7.94,8.809185
214,48,0.09,1.439265
217,124,9.6,7.2121315
211,207,18.3,6.6534953
211,69,1.09,3.1081467
197,166,0.13,0.42829224
214,24,0.77,2.72051
200,237,351.0,641.17535
217,13,0.32,0.31058753
201,134,447.0,566.8179
219,8,0.6,0.17692572
218,241,3.03,1.9285794
214,68,0.08,2.887354
201,80,406.0,290.2979
218,182,4.97,2.5611017
201,29,436.0,718.592
213,172,2.43,2.0297694
217,30,0.69,0.76765436
219,223,1.89,0.8357478
220,50,0.31,1.3237948
219,231,2.42,7.460398
213,39,1.29,0.8626274
216,73,0.5,0.9147543
219,180,1.32,2.8800375
215,241,2.45,3.5931537
216,11,0.11,1.4600654
201,58,435.0,476.51398
214,11,1.93,1.3624325
219,69,0.26,1.5640892
214,98,2.59,6.575651
197,152,0.1,1.2407572
217,193,0.5,1.1306285
217,107,6.45,7.724058
213,105,0.05,0.12141614
215,37,56.2,48.94402
219,103,5.14,6.273315
218,128,0.36,0.5601516
218,150,1.73,1.40018
197,45,0.16,0.34964216
197,61,0.67,0.3771754
214,151,1.68,2.6000473
220,38,0.78,1.6810522
219,38,0.5,0.87691826
215,23,49.1,11.816524
217,65,0.39,1.0614405
220,4,0.34,2.7684953
212,12,42.0,86.03132
219,160,9.1,7.7134466
211,248,32.1,57.248577
214,45,0.19,0.78953904
216,41,2.37,1.74611
216,249,1.54,1.3365055
218,167,3.23,2.3684444
214,72,0.15,3.6800184
213,87,0.72,1.4502327
217,219,0.11,0.8287651
219,153,5.93,5.0677476
219,52,0.5,3.9503138
201,72,448.0,53.951405
213,191,0.33,-0.122108534
220,14,1.11,3.0035005
214,122,0.48,1.0794195
216,94,0.12,1.0879902
217,180,2.55,0.45637134
219,142,1.55,2.250373
220,28,0.17,0.5541183
197,180,0.28,1.3366156
216,217,0.09,1.2152605
214,136,1.03,1.2605938
217,54,0.01,0.55097425
211,219,19.9,37.740143
218,111,1.4,1.5053014
197,68,2.42,4.2084947
213,213,0.44,0.95975983
217,92,2.88,2.2722025
218,1,17.5,15.94628
213,217,6.81,6.466537
219,24,0.79,0.10172452
217,90,2.03,1.5572958
218,64,9.98,11.582757
216,66,0.34,2.5349734
219,174,0.2,0.6624447
214,89,1.68,3.1885314
219,118,0.48,1.9603362
211,83,0.5,2.121445
210,153,0.57,3.8971455
201,3,370.0,233.40855
201,243,0.58,0.2336124
194,193,0.74,1.0298048
202,38,0.07,0.82265455
210,165,5.92,2.2193575
217,14,0.61,1.0548791
211,155,4.35,1.7119819
215,177,0.59,1.2166691
215,162,0.45,0.40735185
220,67,3.14,4.0184155
210,15,0.73,9.879727
210,37,0.95,2.1039176
215,197,1.07,1.8813636
212,159,5.84,15.638895
212,27,0.25,0.42270127
215,61,0.53,1.0907309
212,193,0.43,1.480505
215,4,41.3,26.130432
209,190,0.78,0.70905143
207,144,2.57,2.0937002
209,56,5.52,2.407618
209,41,3.2,5.7017035
208,114,4.82,0.8818483
215,140,0.029,0.015432364
212,63,0.07,0.7709256
206,186,54.1,23.13095
214,217,31.8,99.83436
208,158,1.48,0.23190719
210,46,0.33,1.3121401
213,28,0.38,1.2684318
212,120,0.51,2.6165612
215,93,1.42,1.3545002
214,235,37.1,129.9691
212,101,0.08,0.28413787
210,62,1.01,0.5419257
220,78,0.49,1.2019237
209,88,9.56,3.7435756
212,180,1.29,0.5914647
215,108,2.19,8.697235
214,200,20.3,2.8890853
212,50,0.7,0.5577226
212,83,0.49,0.69103545
211,101,2.52,1.7218522
214,185,15.4,6.2418995
215,76,0.42,1.348097
208,132,0.84,0.52673316
209,104,15.6,3.3792775
212,208,0.65,0.20608662
212,239,1.03,0.6826452
206,65,0.87,2.0302825
215,129,0.45,1.4062784
190,93,273.0,265.83014
209,119,16.3,5.292585
206,218,66.3,10.73858
214,166,9.59,3.7758088
209,158,1.1,1.763627
211,121,3.72,2.1165593
209,174,0.51,0.28056687
210,78,0.28,0.9596254
209,26,2.23,1.455087
211,142,4.31,3.266045
212,142,3.47,1.2488099
209,149,2.15,0.47060448
209,209,2.16,1.7590193
209,79,6.88,3.8986397
190,184,1.98,4.117219
200,147,64.5,4.7934637
201,236,0.94,4.0921245
205,144,2.24,0.8093433
208,192,2.33,2.6714125
201,17,335.0,264.144
190,178,1.54,0.14742048
216,149,11.8,20.38681
200,45,0.28,1.868038
200,58,0.22,0.711003
190,115,1.92,2.3181071
195,3,20.1,15.570193
196,16,1.85,12.833545
190,237,2.34,13.47692
200,33,0.15,0.9878675
205,76,2.43,0.12055889
205,38,2.14,1.3498725
200,79,0.41,3.2655797
210,175,9.49,3.0920305
208,232,0.16,1.2985986
205,186,1.33,0.37545088
202,142,5.53,13.270865
195,18,20.6,16.600697
194,226,5.14,9.494895
218,183,6.28,3.6072176
218,65,9.23,7.9410315
217,37,2.04,0.70940834
196,139,0.59,0.6173416
205,108,3.05,0.47568035
202,5,1.03,0.56896037
214,137,2.28,0.8157367
201,138,496.0,418.72586
208,249,0.14,0.5019898
219,119,1.2,2.1163304
191,111,0.22,5.581805
214,49,0.08,0.53380555
214,73,0.15,2.171242
201,210,0.73,0.58080953
217,133,16.8,5.6117616
203,34,13.0,2.6866128
200,238,329.0,745.77655
194,194,0.46,1.518209
201,187,0.25,1.2507486
216,207,0.09,0.6793097
196,6,0.44,1.1745754
196,85,2.51,1.9892669
208,207,2.9,2.8797069
195,173,2.12,3.7381885
202,183,0.66,1.9161319
190,201,1.04,0.78375256
218,129,0.4,0.5578993
200,107,8.78,2.9763556
218,81,1.01,1.4582827
190,168,0.7,2.037891
192,1,2.5,0.71443874
202,39,0.03,1.1894066
196,129,0.55,0.91908854
203,3,0.26,0.45888394
202,29,11.0,9.549572
203,198,0.16,1.4528387
203,100,2.11,1.6279889
218,98,0.69,1.2991034
218,112,1.68,1.9978433
210,160,4.54,2.0218222
219,133,0.95,0.34652817
219,161,15.0,3.6296508
201,151,492.0,213.8277
196,112,22.2,7.8903875
200,97,3.7,0.30144984
195,150,4.19,5.292225
202,14,1.42,1.0379863
202,19,2.07,2.5507216
203,94,1.18,1.8655628
211,8,0.22,0.23568821
195,180,3.48,1.1533959
203,147,1.44,4.827567
216,167,1.63,1.3491682
191,106,0.43,2.1710975
191,15,0.87,0.49975768
191,204,1.65,5.5677953
210,119,1.59,2.227506
201,94,438.0,444.8252
192,18,0.28,1.7494184
219,25,0.88,0.7364275
210,104,3.24,4.1512656
191,234,0.25,-0.06225276
201,226,2.63,3.0752556
205,160,0.54,0.25425923
191,209,2.52,2.1163402
200,178,139.0,9.520396
202,185,0.42,-0.061820827
194,205,1.25,1.5519379
196,48,0.37,2.9402092
205,116,5.09,4.749404
195,216,0.006,0.6376664
216,123,0.85,1.2681985
217,44,0.29,0.7362524
216,218,0.3,1.9651126
190,106,3.8,1.507638
195,201,0.6,0.8386195
192,76,0.45,0.14610805
191,163,13.6,1.3435847
203,125,0.39,0.90936524
190,192,2.61,1.0042459
219,104,10.2,5.538779
196,61,0.25,2.0350153
218,151,2.1,2.4910038
195,61,35.0,6.825382
201,4,332.0,98.776665
191,65,1.48,1.0620733
191,96,2.85,1.9400097
197,54,0.14,1.2822655
203,83,0.81,2.153441
191,7,0.45,1.8423289
214,152,2.49,3.0018888
200,71,0.3,1.2510786
192,80,0.86,2.4741397
190,123,0.22,0.34315205
190,198,0.57,0.65291286
216,189,1.36,3.569731
215,24,45.6,12.070297
200,170,94.2,8.041455
202,208,0.49,0.4830236
219,39,0.63,2.794911
214,99,3.16,5.80032
190,223,0.37,4.291673
192,248,0.85,0.903031
208,178,1.33,1.7201555
217,207,0.66,0.04928097
192,153,1.3,1.4731942
190,12,30.9,5.88468
211,27,1.06,1.288081
195,32,28.0,52.980217
215,242,2.42,3.0281408
203,240,0.83,0.25351956
191,23,2.33,1.2776809
202,221,0.33,-0.112841636
192,28,0.33,0.5547556
218,54,7.81,6.626973
191,44,0.28,2.6200538
191,179,0.3,1.2304379
190,18,32.9,4.4112763
203,213,0.35,1.5868454
216,147,6.8,2.0495257
210,237,1.7,1.9645853
193,27,0.07,1.2660015
190,148,6.52,7.0006313
190,207,1.69,1.880403
211,84,0.59,1.7512633
201,106,455.0,390.31857
200,139,38.4,2.8045683
200,90,3.04,18.936378
217,137,18.2,4.907067
202,131,3.24,2.546516
190,6,31.7,4.199972
192,10,0.46,0.42622197
191,84,3.73,8.645828
196,31,0.51,1.82499
191,54,0.97,0.6935268
217,194,0.57,1.2583648
195,73,57.0,31.25191
197,69,2.65,4.031148
218,168,3.91,2.5350287
192,144,0.56,1.8147515
196,96,10.1,3.4126368
195,188,4.4,22.671812
203,24,4.45,2.1005464
191,241,1.91,2.7776284
203,73,0.29,1.8776162
203,178,6.13,2.654296
215,224,0.4,1.2906971
211,249,32.9,25.520287
190,152,0.37,2.1020207
194,240,14.0,6.699579
210,222,17.0,30.174902
201,172,0.64,2.3195615
192,240,0.4,1.4682757
203,220,0.89,1.2715704
203,43,17.2,1.8239062
200,86,0.76,4.942655
212,13,44.8,45.28938
190,158,0.99,0.8029999
195,225,3.99,5.2295084
210,188,11.9,3.7330818
217,152,0.64,1.7120107
208,165,0.83,1.6624216
192,66,0.08,1.7872752
210,200,13.4,7.0885315
201,119,500.0,254.20692
195,46,31.7,80.10726
200,126,36.5,9.6846895
191,177,10.4,14.081507
194,233,10.9,5.9899516
191,153,16.8,9.425003
202,164,12.8,3.14008
214,35,0.19,0.15602347
202,97,3.38,2.9401083
192,45,0.75,0.55110097
205,62,17.0,24.669773
205,89,0.46,0.61984223
191,120,1.25,4.479009
191,189,1.05,1.7709153
204,6,3.44,0.940931
219,181,4.73,3.5456035
217,55,0.1,0.56889105
192,50,2.85,0.49161488
197,55,0.75,0.8568451
191,73,3.08,1.2474333
205,128,1.08,1.6574544
196,152,1.25,0.77537596
195,238,5.55,5.944063
190,0,21.7,6.6827707
191,33,0.55,2.2754598
193,16,0.12,2.4498992
219,53,1.13,4.255262
215,38,53.7,127.52991
216,12,0.2,1.5071335
190,145,0.16,0.2047511
202,153,8.07,1.4679255
203,59,0.74,0.48448524
203,65,1.3,2.1919255
203,113,0.54,1.5422994
203,157,3.08,4.762056
202,89,1.06,0.753283
211,34,1.28,1.2441366
218,2,19.9,21.132784
211,220,21.4,32.936172
190,139,1.49,1.1121688
194,212,2.25,2.979328
205,49,13.4,33.604244
201,179,0.47,9.144822
203,187,0.93,0.8746218
202,55,0.12,1.0434651
203,136,0.46,0.84922516
202,215,1.29,2.7595732
201,167,0.26,0.46202478
194,219,3.14,6.070276
195,208,0.96,1.1956019
196,166,5.87,0.6522852
191,139,10.5,3.4670823
203,18,2.01,3.7877092
219,70,0.4,0.19930899
195,144,0.47,1.3707161
200,157,71.2,21.241611
210,245,1.99,2.209118
210,211,15.1,22.29135
203,167,3.32,9.117327
201,196,0.95,1.9473807
217,9,2.7,2.655867
214,123,0.35,2.0370364
201,244,0.36,1.4545652
190,231,2.92,2.0925272
197,167,0.11,1.85576
217,108,10.9,6.3250895
195,158,0.77,2.0163102
210,154,1.03,1.0306939
190,173,0.25,1.5304815
196,72,0.32,0.9279958
211,57,1.09,3.043221
197,153,0.049,0.57253957
192,135,0.35,1.931631
211,70,1.35,3.1214147
211,49,0.67,1.6158074
202,73,3.24,3.4055967
210,91,1.06,3.6027482
198,15,4.74,1.0862048
200,4,1.37,0.51353794
199,176,6.64,0.81057084
198,24,0.1,5.750641
198,172,3.1,2.600099
199,94,8.03,6.061875
194,59,1.7,2.25031
198,226,23.1,31.381645
199,46,2.76,1.1953741
199,113,17.1,2.0849845
194,188,1.13,1.883075
194,137,0.89,2.185778
199,111,15.4,14.778664
199,166,4.27,1.5755339
198,193,0.14,0.4686696
199,219,9.66,9.094902
198,11,7.71,3.4871178
198,189,13.5,4.3071246
199,14,0.22,0.81630033
190,77,140.0,21.46322
199,228,0.7,1.1539211
194,94,7.63,4.4671893
199,156,0.7,1.1957935
194,157,0.4,0.8892544
217,239,8.18,3.9422073
218,22,4.02,1.1751342
198,197,0.23,0.36468667
194,174,0.13,0.023059778
199,197,0.95,0.81482804
198,40,2.12,2.7147174
199,135,0.33,0.32849592
199,42,11.4,5.180658
197,221,0.4,0.27221557
218,14,1.63,2.3297622
198,179,7.34,3.6637123
198,44,6.97,7.6348867
198,112,0.29,0.4105313
197,243,0.25,1.5708088
194,182,1.05,0.90248346
190,94,275.0,66.0376
199,210,5.8,6.9673157
199,125,2.63,1.6345012
199,192,8.24,4.141273
198,152,0.63,0.081601195
197,237,0.11,1.387661
198,125,1.17,0.6200805
199,68,2.45,2.762482
197,234,1.61,1.3783593
198,1,2.08,1.8833435
198,118,0.47,0.32426772
197,199,1.85,4.1526165
199,57,0.44,0.58708507
199,237,0.09,0.24720298
198,217,6.91,3.8352835
194,69,2.72,6.2192683
198,164,1.16,2.3922782
198,240,7.5,3.5264916
199,84,2.79,1.5452093
217,230,5.08,3.83589
190,90,162.0,54.706814
200,22,1.15,3.1897373
198,232,0.86,1.8659905
198,31,0.09,-0.32209513
199,24,6.62,12.303745
194,123,0.16,0.86835384
198,204,0.38,0.6387956
194,110,0.03,0.6648151
199,146,0.16,1.316914
198,137,5.38,1.3574799
194,81,4.74,6.6146364
198,212,5.68,4.494768
197,207,9.82,1.440703
194,160,0.21,1.9359498
210,120,0.93,2.4394662
213,240,8.26,5.184567
213,6,2.99,3.9911
212,14,43.8,84.550896
210,105,2.56,3.518849
213,68,0.32,1.0813519
212,84,0.49,0.9504566
203,52,0.71,0.91682285
210,92,1.06,2.572735
215,77,0.34,0.73164564
209,13,0.84,0.18575706
209,105,12.1,2.7035003
211,143,3.87,3.9887922
211,50,0.6,2.6113052
200,205,258.0,158.57866
211,9,0.2,0.05874403
212,248,2.03,2.3210418
202,40,0.009,1.100123
201,233,2.47,7.07008
205,103,2.5,0.09301891
215,74,0.55,0.42250925
209,175,0.51,1.2027212
212,194,0.38,2.3523889
215,178,0.59,1.2344769
202,174,0.5,2.0220382
210,47,0.28,0.63120484
214,74,0.12,3.2267709
216,150,10.5,8.552446
207,107,0.62,1.5147418
203,47,14.5,2.3136902
208,224,8.43,1.28295
201,18,341.0,353.79938
212,181,1.18,1.2213311
207,117,2.04,4.063741
212,230,0.07,1.1744024
220,15,0.99,2.1989686
200,135,25.1,6.0406523
210,155,0.73,1.4370471
201,197,0.83,2.4908965
209,134,23.3,35.933235
206,187,57.7,91.9214
213,192,0.32,0.7550443
202,212,0.97,12.538338
209,89,9.55,3.2319643
202,146,3.97,15.0617
211,35,1.18,2.3112268
208,233,0.09,0.9722525
215,130,0.41,1.0682197
216,190,1.11,10.432338
202,154,4.87,1.6236942
214,138,1.9,1.0754796
210,2,5.29,2.3433907
211,221,19.7,39.674698
214,124,0.26,1.9110615
194,195,0.4,1.2615862
213,214,0.41,1.4672213
203,35,12.1,4.2804484
205,77,1.41,0.33277795
214,95,2.13,2.9517744
206,58,1.27,1.620301
203,84,0.52,3.172158
208,179,1.05,1.4397358
212,0,31.8,80.53854
213,88,0.62,0.43391916
215,141,0.023,0.11397783
214,1,1.16,2.136896
210,223,16.4,16.441528
210,246,1.97,1.2777166
202,132,2.44,7.382443
213,12,3.86,7.3019714
201,245,0.26,0.3167828
210,166,3.35,1.3588796
220,29,0.2,0.67583925
207,177,1.29,1.7891654
208,219,4.11,5.0694
216,95,0.2,0.2769698
208,16,10.3,2.14233
213,186,1.14,2.394664
200,229,323.0,91.65319
211,28,0.97,0.7995779
214,186,14.6,6.486173
212,209,0.27,0.2345536
210,139,0.27,1.8193451
220,61,2.13,2.0229769
205,63,14.4,15.015213
205,90,0.41,0.37785685
200,130,32.6,68.90523
209,159,0.86,1.0872872
213,56,3.51,2.9087253
201,8,339.0,93.86903
210,201,13.1,21.718426
208,100,2.23,2.8167043
214,218,30.7,70.66321
212,64,0.06,0.54790705
213,218,6.67,9.237929
200,193,153.0,366.76968
200,199,177.0,82.38096
208,145,1.18,4.570712
211,102,2.45,1.8047833
216,87,1.88,1.3802687
214,21,2.17,0.46999937
213,133,0.57,0.74109524
190,124,0.21,0.16852918
215,109,2.19,4.937388
220,39,0.82,2.2935135
220,102,0.49,0.43504417
220,117,0.25,0.99541795
205,161,0.51,-0.097566165
200,239,330.0,258.7091
214,153,2.56,1.163466
214,25,0.91,1.7644103
208,161,1.68,0.65010196
208,166,0.63,0.8693991
216,6,0.51,0.8706112
201,188,0.24,0.92582685
209,80,6.68,5.618707
212,51,0.54,0.24952303
211,85,0.52,4.055709
210,212,15.3,69.12457
213,106,0.046,0.56575954
202,202,0.45,1.573635
215,94,1.46,2.4242208
214,100,3.44,6.746314
210,16,0.69,10.226313
213,29,0.32,0.49218372
213,126,1.12,4.417677
211,122,3.45,1.0238813
220,73,3.14,2.2644305
203,74,0.26,1.6223764
216,208,0.09,0.519064
203,25,3.04,2.3014202
209,210,1.64,1.368139
215,225,0.4,0.8862879
211,208,18.2,9.343466
211,71,1.33,2.062836
210,189,11.1,7.5599675
209,57,5.53,3.520526
207,131,1.93,0.9150935
208,115,4.7,5.3531075
209,229,0.25,-0.007829798
215,163,0.42,0.5457958
219,232,2.77,1.8105458
214,50,0.08,0.77826345
213,160,1.72,3.6410487
200,59,0.22,0.93504876
209,18,0.3,0.28027254
200,49,0.26,1.0810096
215,198,0.97,2.5485902
200,34,0.14,0.65721315
211,156,4.21,1.3039454
213,17,7.15,6.006852
215,39,50.8,54.24566
220,5,0.42,1.0648924
205,145,1.96,1.2010007
200,222,319.0,210.25562
210,133,0.37,1.9847049
215,25,44.2,22.020739
208,72,0.87,0.25223845
201,44,450.0,189.00163
202,98,2.77,6.454909
208,193,1.57,2.0918562
209,191,0.74,0.9922406
206,202,70.3,81.20761
212,240,0.94,0.9415147
209,27,1.86,2.6299267
219,182,3.63,1.820677
208,244,1.53,0.9130984
212,143,3.16,1.5921034
209,42,2.82,2.308257
216,137,5.04,2.1105242
210,238,1.39,0.6806077
206,147,26.1,21.902817
209,243,3.33,2.0260386
208,208,2.81,2.757762
214,201,19.0,6.7351503
214,119,1.5,2.2340178
216,110,0.6,1.4145613
202,30,9.97,8.3763685
205,181,0.44,0.59343576
205,50,9.81,28.833282
209,150,2.19,0.88417673
206,66,0.97,1.8906
216,48,5.3,7.340865
201,31,435.0,182.74504
219,245,0.29,0.71785563
213,173,2.29,3.0737493
209,120,15.0,5.0675154
219,224,1.78,0.93983704
202,119,0.82,1.0076512
215,236,1.12,1.2728422
206,173,43.7,83.63826
202,186,0.36,-0.24189158
205,172,1.6,0.33882672
208,133,0.92,0.70097893
219,211,1.84,2.2371879
220,85,0.49,1.2193182
205,117,4.01,6.576928
210,63,1.08,0.8457395
213,118,0.96,1.7243683
200,218,268.0,297.893
215,215,0.12,0.3557013
205,129,0.77,1.6589016
220,51,0.34,2.4707704
211,58,0.96,3.8978636
212,102,0.07,0.7720618
219,171,14.0,8.480479
211,195,9.01,10.652674
206,219,78.1,40.10172
214,69,0.07,0.8328907
213,61,0.3,1.7636726
212,28,0.18,0.84802425
206,160,37.9,49.82694
202,90,0.98,0.6884232
213,40,1.75,0.3175168
209,0,0.11,0.83521795
215,5,41.0,8.634206
215,243,2.42,2.7388833
201,59,452.0,607.58704
216,13,0.31,1.3239741
202,222,0.25,0.24746063
210,79,0.2,0.53588635
211,236,28.7,54.05466
207,169,1.15,3.3150473
213,229,7.8,7.879368
213,75,1.04,1.941257
214,236,38.7,75.770454
213,146,1.41,1.0827949
210,176,8.89,1.9593959
203,66,1.08,2.0756857
200,98,3.51,1.1246482
212,121,0.44,3.1355178
210,38,0.98,3.1287935
212,160,4.97,6.9930506
205,39,1.78,1.1199971
202,10,1.38,1.5550667
197,93,32.7,12.528184
197,87,3.22,3.7960436
198,213,5.03,3.1557155
218,3,20.3,19.0255
217,240,8.12,7.529812
218,23,3.95,4.9857764
191,219,1.25,1.5497153
193,117,1.13,1.6132654
201,85,489.0,897.2757
192,172,0.5,2.829471
195,19,20.6,11.805335
194,82,4.22,6.569491
217,31,1.54,0.81464535
191,210,2.3,0.21628676
193,68,2.85,2.002842
198,30,0.1,5.14947
217,208,0.6,0.7844852
198,12,7.02,2.9016006
191,74,2.6,0.8851244
193,228,0.07,1.4530579
198,16,4.33,3.2357361
196,49,0.28,2.7924526
201,152,513.0,166.22375
196,215,0.12,1.1023982
195,47,30.2,44.093613
192,225,0.24,0.8130643
200,13,3.28,2.412257
196,241,0.08,0.21919139
197,2,0.55,0.5638337
194,40,1.17,4.1267786
193,158,13.4,2.3961678
218,142,0.55,1.2930914
191,140,8.5,2.131575
198,32,0.09,0.043983486
198,205,0.31,0.9878599
218,82,0.76,1.1261456
191,224,0.6,8.10036
201,95,495.0,368.887
219,40,0.45,2.0048144
192,163,0.21,2.5806272
193,48,0.048,1.054658
191,180,0.27,2.071001
192,145,0.54,1.5495014
193,237,0.37,1.5875806
195,101,58.8,38.508537
194,124,0.14,1.6063226
196,211,0.04,0.4418849
217,195,0.53,1.4735489
195,4,18.7,14.142065
191,99,3.2,1.6998634
196,62,0.2,0.4854016
191,172,7.96,0.49716452
194,70,2.56,5.939809
194,161,0.18,1.2652762
217,247,16.5,4.831577
218,33,3.2,1.3005389
217,79,3.15,1.649499
192,46,0.4,0.50596946
195,84,51.6,33.48038
192,130,0.28,1.8248507
197,192,0.96,1.15196
218,169,3.43,1.9673502
218,130,0.4,0.3821303
192,202,0.73,0.013291863
195,123,64.0,42.500027
197,181,0.22,0.50150603
190,36,67.2,99.85821
192,81,0.48,2.046738
194,17,1.52,0.68334883
195,239,3.65,6.6143785
192,77,0.24,0.2142543
194,10,0.63,5.322411
196,32,0.48,1.3221172
197,125,50.9,32.197727
196,153,0.76,0.8618236
218,207,0.04,1.1964756
191,24,1.76,2.0064137
193,202,0.037,0.47968522
190,19,24.0,4.0201373
218,200,0.58,1.2546023
196,97,6.25,5.2652435
197,200,1.83,2.2177112
195,74,51.9,47.755207
190,32,61.8,15.953327
192,51,2.55,1.7541227
198,38,1.91,4.3879123
190,76,138.0,36.164776
192,122,0.91,1.3781464
198,102,1.63,0.85679334
191,154,11.3,6.772475
195,62,32.1,6.7898426
218,216,2.12,1.2212877
198,218,6.2,3.3983462
192,234,0.33,2.8006194
197,214,20.2,12.066936
192,186,1.44,6.2924175
191,205,1.58,4.713191
217,231,5.39,3.237026
194,241,12.2,6.10239
192,118,0.043,1.5453013
193,125,2.24,3.2021973
218,55,7.81,9.3911705
197,244,0.26,0.7811355
198,165,1.03,1.6004975
218,184,5.08,4.3907495
193,212,0.63,2.7701752
192,194,0.11,1.4794513
191,45,0.25,3.2912564
193,204,0.32,1.8840661
193,76,0.021,4.7524896
192,105,3.57,1.7926608
192,108,0.14,0.5900679
193,133,3.01,2.3051784
219,134,0.71,0.27631992
190,208,1.24,1.4129764
196,219,0.64,1.3860257
195,159,0.6,0.79703885
198,91,0.55,1.9862231
195,93,54.0,31.03067
192,29,0.23,1.1835606
193,183,0.36,0.7788013
198,246,6.9,2.671809
216,124,0.48,0.25473148
190,107,2.5,1.5628762
190,116,1.64,2.05151
191,121,0.98,4.3606596
191,229,1.48,4.9947724
197,138,52.7,31.12356
217,125,17.4,11.394977
192,241,0.36,1.837047
193,17,0.07,0.6173119
193,101,0.51,1.0371912
219,26,0.77,1.0782293
198,173,2.78,1.6777701
197,208,9.49,3.0974545
193,221,0.14,0.19036919
190,238,3.36,15.369076
199,15,0.21,1.9647048
197,56,0.64,0.5060024
198,45,6.87,8.909631
194,95,6.66,2.314391
191,190,0.81,2.5111644
190,50,94.0,36.898872
195,133,125.0,56.069786
195,189,4.09,8.775114
217,153,0.66,3.1338933
197,115,33.4,13.809221
197,168,0.11,1.1046
192,154,0.84,1.1449399
197,22,0.31,0.9342268
197,46,0.11,1.4968357
200,27,0.18,-0.24672318
217,181,3.87,1.9178966
218,152,1.96,1.2629875
198,67,2.75,7.3522716
196,73,0.26,0.53634274
198,56,18.7,4.235641
201,120,546.0,481.7462
195,226,3.33,4.8599443
219,105,7.18,8.478577
192,249,0.69,1.7766228
194,49,0.23,0.64352673
194,25,3.32,3.8676455
193,85,0.026,0.86904556
196,130,0.43,1.0137535
192,67,0.06,1.3067558
217,66,1.9,0.17015105
192,101,1.89,5.8676915
219,127,0.7,4.3142943
217,138,18.7,5.4670935
192,95,0.25,0.38751405
191,85,3.21,6.3514915
197,70,2.54,2.252866
193,28,0.05,0.8221484
192,127,1.22,0.73299915
191,164,10.2,1.346933
219,71,0.22,1.4493952
193,40,0.72,18.515398
197,161,0.037,0.16524352
196,232,0.13,0.5975246
197,228,1.62,0.6975682
195,89,52.7,11.54185
193,141,5.52,4.2075133
192,136,0.36,2.1461458
190,41,88.4,9.843734
196,181,1.41,0.9725586
194,32,0.038,1.4016936
196,17,1.89,15.301469
193,244,0.21,0.8896022
191,55,0.92,0.8269343
196,113,14.5,41.10094
193,42,0.05,0.80957437
196,194,0.41,1.3299433
194,111,0.029,1.3565867
192,217,0.53,0.8327396
193,175,15.8,5.6608925
193,58,0.06,1.492261
194,138,0.64,1.7251687
191,130,6.46,7.173191
218,30,0.78,2.6200914
195,39,25.8,54.649414
197,12,2.97,3.5431452
192,111,0.43,0.25970632
201,107,521.0,644.23004
196,189,1.48,0.5037931
198,2,1.72,1.7168912
193,10,1.89,1.0652862
201,135,528.0,487.73602
198,233,0.85,3.1278026
216,219,0.22,3.662877
217,228,0.2,1.7263238
217,56,0.031,0.47517294
218,40,5.19,3.3241415
196,167,3.84,1.9250339
194,2,0.32,0.6358009
193,35,0.07,1.7841296
190,65,114.0,34.385937
192,19,0.33,1.2765546
219,9,0.66,0.89748675
196,205,0.51,0.04211116
196,140,0.39,0.9696174
197,101,27.7,3.6851485
218,113,1.54,2.880385
218,242,2.69,1.2394933
193,92,0.27,4.0845346
219,90,2.71,3.702879
196,7,0.28,0.5462564
192,115,0.4,8.735147
218,66,8.34,6.4658766
197,32,0.45,1.674332
217,109,9.29,5.264575
192,11,0.34,0.4359782
192,2,2.14,3.1991186
194,60,1.6,2.0887866
192,93,0.23,2.833597
191,112,0.19,4.0723248
217,93,4.06,1.3580635
195,111,61.7,51.947342
194,149,0.4,1.0454744
217,170,1.88,3.7583818
191,16,0.37,0.4970208
217,49,0.22,0.9380449
194,175,0.12,0.29492322
191,34,0.42,1.487554
190,169,0.53,2.276698
193,109,0.63,2.758684
217,0,2.34,2.1563847
196,86,1.84,1.1630126
190,58,112.0,20.246965
191,235,0.21,0.84471476
196,225,1.49,1.8516719
218,99,0.69,0.68137366
219,54,0.78,1.7384546
200,23,1.04,5.3461375
192,182,1.26,2.033865
197,83,4.43,14.730824
193,191,0.07,2.5056462
198,83,2.51,2.0383272
192,100,0.85,1.88241
191,242,1.72,2.1116843
192,210,0.24,2.1919796
197,236,0.09,0.16219279
209,151,2.14,1.07988
214,202,18.4,3.8250608
207,26,3.5,4.6748753
212,161,4.6,6.6490407
206,120,17.1,19.01017
209,121,14.4,5.2805724
212,103,0.05,0.6202074
215,53,1.3,1.5247401
211,157,3.89,1.81281
209,249,3.09,1.9444532
215,95,1.41,1.633435
212,29,0.15,0.44848028
208,116,4.5,5.695389
208,30,0.014,-0.16506289
198,161,0.86,1.258
205,196,0.13,0.77799505
212,52,0.47,0.17472143
208,134,0.86,0.98763466
211,103,2.45,1.5453802
215,131,0.38,0.8585546
209,176,0.5,1.2901415
207,42,1.66,3.5174117
215,142,0.02,-0.045278914
209,90,8.3,3.4751625
209,58,4.66,3.162642
210,3,4.99,3.2997065
211,123,3.31,1.6004504
215,62,0.42,0.6962273
207,22,0.45,1.0526469
210,48,0.22,0.57867634
214,176,12.7,11.181408
212,122,0.43,2.7135391
212,222,0.26,-0.15183002
215,6,39.4,30.919102
214,237,37.5,87.71706
209,211,1.54,0.57942754
214,187,14.9,11.08681
215,78,0.32,2.3887084
214,219,29.8,79.794136
209,28,1.77,2.936654
207,196,0.13,0.98480564
206,23,0.25,0.9044099
207,209,0.48,4.8882623
198,144,6.9,6.5545697
209,81,5.41,4.1145864
190,95,270.0,17.576824
215,164,0.39,0.51568824
212,65,0.05,0.97597873
215,110,2.02,3.246618
210,17,0.62,26.709272
209,106,9.25,3.3308008
209,192,0.73,1.8622103
209,160,0.79,1.8481336
214,167,10.0,4.552297
209,43,2.74,2.0023108
207,103,1.74,1.6412492
215,212,0.95,3.1559145
209,230,0.2,-0.046836242
211,93,0.37,2.495931
212,231,0.13,1.178211
201,246,0.27,1.0150707
214,245,38.2,97.832
211,80,0.86,3.5467205
210,134,0.36,1.9248722
210,142,0.2,1.7388623
211,172,3.6,1.2737666
200,240,281.0,526.79034
212,177,4.21,0.3354529
194,196,0.4,0.9388226
210,77,1.01,1.6841022
210,115,2.54,4.908795
210,131,1.72,1.2989116
215,238,0.95,0.879761
209,135,20.1,11.636689
212,79,0.048,1.3218366
216,7,0.47,0.36554572
211,196,6.77,13.568172
200,224,234.0,8.633202
210,161,2.58,0.96183693
202,41,0.016,0.8044779
215,213,1.36,23.658337
200,232,259.0,6.1400614
201,9,284.0,5.461636
214,163,1.84,2.0609055
200,226,196.0,214.28178
215,233,0.37,0.7955658
220,24,0.8,4.272345
216,111,0.23,0.6856988
215,35,50.6,38.843704
219,170,11.7,8.208286
215,240,0.93,0.4672994
216,49,4.83,3.8736446
211,86,0.37,1.85853
201,45,366.0,352.8387
216,24,0.29,0.8212523
215,7,43.6,24.86916
201,30,359.0,171.60764
200,235,223.0,14.862015
201,5,262.0,137.67198
201,61,367.0,783.404
214,120,1.19,2.198753
211,203,7.73,40.423817
209,140,20.2,21.070404
214,144,1.23,2.6400497
216,107,0.16,15.481762
210,138,0.28,1.469523
210,64,1.0,0.785573
209,19,0.27,0.638191
210,80,0.2,1.7255963
215,246,2.26,3.5495555
214,94,2.19,1.8067206
210,39,1.15,1.9701939
216,88,0.83,1.2690376
216,209,0.06,1.1883268
219,191,3.0,1.7621568
215,221,0.21,0.6747673
199,211,5.19,4.1272125
217,118,9.17,4.3992143
199,157,0.68,1.4833174
219,41,0.43,1.1640884
218,56,8.23,6.387399
199,198,0.82,0.7950802
217,139,15.9,2.6979368
195,20,17.7,17.01428
218,114,1.51,2.7684448
200,26,1.06,2.6207857
196,149,0.25,0.58973044
218,185,5.38,2.9946644
199,69,2.08,0.69832146
218,67,10.7,3.5974073
199,47,2.77,1.12025
217,32,0.82,0.86631113
218,143,0.58,1.2975785
191,80,2.12,2.0340304
196,8,0.17,-0.0037843196
199,136,0.27,0.58760655
199,193,7.41,5.495523
199,126,2.88,3.5552685
194,242,10.0,2.9410582
190,212,1.18,1.7552754
217,1,1.74,2.2438693
196,18,0.91,7.697301
196,87,1.67,1.6108491
200,5,1.21,0.27077073
199,43,10.2,4.6415544
195,33,21.1,57.95515
196,168,0.34,1.2124885
218,34,3.06,0.62512475
216,222,0.14,2.3821943
217,220,0.22,3.48273
199,238,0.07,-0.14948304
196,37,0.14,1.5064646
199,85,2.59,1.8388126
201,153,439.0,519.07275
217,57,0.006,0.8374611
218,100,0.71,0.8121631
191,92,2.79,5.161796
218,41,5.01,1.4225941
199,95,7.18,2.8024838
197,71,2.44,5.3376822
197,154,0.042,1.2748513
199,25,5.92,7.0141287
196,114,5.91,2.935156
201,83,383.0,464.23508
217,45,0.2,0.9326679
218,83,0.65,2.2511253
199,58,0.46,0.41138986
201,137,425.0,696.9235
218,208,0.06,-0.07728893
217,215,0.44,-0.017849106
196,98,3.72,2.5834882
201,96,372.0,513.2123
218,195,0.15,1.0912852
196,131,0.43,1.1195089
196,81,0.26,0.6067932
218,131,0.45,0.8651287
191,0,3.53,0.9491011
218,201,0.52,3.0071642
218,170,3.59,2.107032
199,177,6.38,0.37798685
192,30,0.18,1.5902265
197,47,0.11,2.7429066
199,112,17.5,9.270629
201,121,439.0,515.24945
197,57,0.63,1.567031
197,169,0.06,0.44803086
217,126,13.5,7.193548
199,167,3.73,3.56028
218,153,1.93,1.2246034
195,227,2.52,8.149128
218,217,2.07,4.593106
217,196,0.49,3.7901454
199,147,0.06,2.7429926
196,50,0.17,1.9112861
216,125,0.29,2.2965016
199,114,18.7,2.224047
196,154,0.37,0.809107
199,229,0.68,0.49876115
217,15,0.37,1.351509
219,27,0.65,0.5627216
195,48,24.6,105.16604
199,220,9.46,4.617253
195,160,0.51,1.5328957
199,16,0.19,2.5930545
195,190,3.96,6.6054883
195,240,2.87,1.0681924
191,98,3.2,3.792249
195,5,16.2,9.572357
215,8,40.9,6.509423
198,191,12.6,3.9299974
205,78,0.69,0.5150319
208,180,0.76,1.1956409
210,167,2.81,1.1740823
211,10,0.17,0.46107152
208,167,0.63,0.48995474
205,40,1.29,2.6191404
205,104,1.64,0.4137394
205,185,0.44,1.4360571
205,91,0.4,0.24499108
208,234,0.11,2.073666
205,153,1.99,1.1840137
205,130,0.71,1.4633424
205,64,9.23,5.9891915
205,118,2.84,2.1814954
205,51,6.29,14.521707
210,199,9.96,5.655311
205,162,0.55,0.7666206
211,6,1.68,4.9159813
211,51,0.79,1.1987705
210,177,6.87,1.3417013
208,194,1.32,2.2267334
210,239,1.01,1.4273002
211,52,0.78,1.8959708
203,19,3.59,1.0269339
203,158,7.39,10.889502
210,213,15.1,67.18069
203,221,4.35,1.55511
210,190,10.8,9.553945
210,247,2.09,4.716779
204,84,40.3,49.032867
202,99,4.52,6.6956215
208,225,8.62,1.569055
215,239,0.85,6.3346677
201,198,0.93,2.2705228
204,79,35.7,77.05452
203,26,6.96,2.0149093
203,75,0.42,1.4851449
200,231,252.0,67.928085
205,5,0.73,2.6457732
202,74,2.93,4.7528815
205,92,0.55,0.3105308
203,44,6.85,2.6787152
205,10,0.21,0.16900837
211,59,1.79,2.0759115
211,36,1.36,1.9108492
208,245,1.39,1.2389964
200,136,21.7,10.1708145
203,114,0.51,2.0706887
205,173,1.62,0.5852285
203,168,5.58,7.544793
204,7,6.94,3.0821602
203,101,1.99,2.3256617
202,91,1.14,1.269998
202,197,0.16,1.8031973
203,36,6.24,2.2569783
208,209,3.57,2.6454682
210,121,0.77,2.2077248
210,178,6.94,1.8639987
209,136,18.6,11.44911
200,242,269.0,589.823
205,119,3.3,1.243863
203,67,2.58,2.075293
204,89,53.6,28.073277
203,186,15.7,9.488201
216,210,0.08,0.67606664
208,157,1.1,1.7052772
205,52,7.83,5.970371
209,1,0.48,0.8454888
203,199,0.32,0.5180925
200,179,176.0,85.86399
201,27,259.0,206.96016
211,11,0.21,1.1299342
209,20,0.26,1.1330351
210,240,1.15,0.6733231
200,148,60.6,33.42166
202,42,0.046,0.4646384
203,95,2.04,1.1007917
216,191,1.22,8.366755
200,221,229.0,23.11576
202,20,2.28,5.10142
205,169,0.62,0.5836724
202,31,13.2,6.822023
203,214,2.02,4.549201
205,15,6.17,1.6709099
203,4,0.28,2.1800778
194,197,0.38,0.19308686
203,126,0.28,0.6771233
200,168,127.0,43.527718
203,241,1.73,0.868594
210,106,2.42,8.53098
204,93,59.5,18.897099
202,203,0.44,1.1738902
200,225,236.0,228.21478
208,220,5.04,4.6750655
208,164,1.55,0.036989897
200,55,0.22,0.7766845
202,15,1.85,0.58391494
200,115,9.93,3.9627821
203,85,0.26,1.0367742
202,219,1.45,1.2466861
210,135,0.34,1.2952077
202,133,1.74,0.9592086
201,189,0.26,2.062553
200,187,195.0,33.523533
205,79,0.97,0.72680265
205,26,0.85,3.4110384
210,81,0.21,0.6414048
211,29,1.07,0.1165786
200,206,220.0,38.4878
205,41,1.29,3.572117
202,143,5.47,11.674844
210,140,0.26,0.6314931
205,182,0.59,0.91482335
205,105,2.54,0.47006497
210,202,13.9,10.0177355
210,156,0.64,0.33817688
202,161,3.38,36.290672
203,137,0.97,0.8763345
203,188,1.7,1.1445055
208,181,3.23,1.1206069
200,158,85.3,63.13298
208,235,0.61,1.2868271
203,53,0.79,0.83875656
205,31,1.67,6.9182124
206,61,1.96,1.7515082
205,131,1.43,1.3495955
208,168,2.17,0.5124152
203,148,2.88,10.13624
202,223,0.33,2.6225748
210,93,1.05,1.220324
216,138,2.94,1.4011645
201,247,0.27,0.94855154
211,87,0.55,0.67576754
211,72,0.94,3.8725235
210,224,17.9,6.8792562
200,127,30.1,33.2188
216,151,7.17,17.261333
205,65,10.6,8.1753235
210,162,3.18,1.513334
200,194,164.0,27.79192
205,146,2.12,1.4171181
208,195,4.06,2.7854881
209,14,0.72,2.7018874
217,27,0.36,1.8356001
209,91,7.71,7.037282
214,177,12.2,5.7958984
212,162,3.24,4.7004232
213,30,0.28,1.0354618
214,168,11.3,7.647881
214,238,32.4,44.16732
215,9,36.7,9.047692
210,90,0.18,1.2527219
211,124,3.34,0.84740704
212,53,0.37,1.5767075
209,47,2.13,2.763898
212,241,0.73,3.681822
209,203,0.69,0.46330556
215,111,2.08,1.7748376
209,59,4.37,0.71431804
211,158,3.56,2.395808
214,207,15.1,5.518844
210,40,1.12,2.1023595
206,67,0.69,0.61756945
209,152,1.86,1.4088132
212,104,0.04,1.3002409
212,144,2.44,2.0166936
209,133,13.1,4.949909
209,220,1.32,3.4042523
208,117,4.47,8.612732
209,118,7.48,3.263597
215,165,0.56,0.7810666
209,82,5.06,10.920735
214,225,25.5,15.905103
212,66,0.035,1.8008664
220,74,3.15,0.2567545
209,161,0.69,0.22423826
214,188,13.5,5.894132
215,54,0.86,2.2726192
206,203,92.2,14.716377
220,84,0.45,4.8702135
215,143,0.006,0.7718417
211,107,2.48,0.7851349
210,65,0.95,3.9856791
206,220,102.0,30.583454
210,18,0.58,3.4735763
215,79,0.24,1.7807902
215,199,0.55,1.2814226
215,63,0.31,0.60364103
215,99,1.53,2.049012
211,144,3.45,0.5796776
212,85,0.27,0.4971058
215,132,0.36,3.8350794
210,14,4.76,3.747127
210,49,0.11,1.0616636
212,210,0.24,0.29069752
212,182,0.83,0.51501876
209,177,0.52,0.23626947
208,146,0.93,3.0993032
209,231,0.18,0.28938806
212,123,0.35,3.4279928
215,179,0.28,0.22068872
217,80,1.73,2.2502697
195,228,2.11,3.161847
196,233,0.041,0.614441
219,106,4.7,12.727236
216,126,0.3,1.6080896
195,16,16.9,6.298406
197,8,0.46,0.7591741
196,132,0.42,0.56741226
196,108,5.36,1.5331602
217,75,0.95,2.219551
194,71,2.15,3.7137032
217,182,3.33,0.9864985
218,220,2.76,1.3895276
192,31,0.47,3.2637994
219,72,0.15,0.8833966
218,202,0.49,0.96332204
197,102,24.2,4.9007044
218,209,0.02,0.9813663
194,96,5.28,0.6514566
194,162,0.19,0.91051716
190,249,3.32,6.712649
193,69,1.55,1.1629009
201,154,412.0,269.63535
190,209,0.94,1.1394876
191,75,1.67,1.2109281
196,163,0.36,1.4246601
195,161,0.56,0.3401793
190,73,101.0,116.80077
194,120,0.03,1.0594494
217,154,0.78,1.4853256
194,90,4.49,2.5380704
196,33,0.029,1.5037675
217,178,1.81,2.2065613
219,10,0.78,1.9651363
218,243,4.58,1.0992297
196,9,0.11,1.0181834
195,2,11.3,5.1057725
196,220,0.52,0.80482316
200,14,2.99,4.5606627
196,74,0.35,0.36960745
195,91,33.9,8.100408
190,21,15.4,13.410809
197,215,17.3,12.740006
196,88,2.29,0.95327044
196,212,0.05,1.481534
197,89,2.65,1.8613973
217,94,3.14,1.2911011
197,97,26.8,3.8593514
196,247,0.043,0.18878874
195,241,2.93,0.92514867
196,115,6.68,1.9494165
196,141,0.26,0.9820276
197,182,0.044,-0.20896795
200,24,0.98,3.7018442
195,30,17.2,12.908699
200,6,1.04,1.5697289
191,56,0.46,0.10260061
196,19,0.56,0.95944166
191,86,2.41,11.4885235
196,230,0.79,0.19311757
190,172,0.4,1.2776525
217,113,7.77,3.7597039
219,91,2.03,3.815626
219,120,0.45,9.289082
194,61,1.49,1.5079256
219,55,0.38,1.8772635
199,199,0.5,2.5860534
194,139,0.86,5.370218
196,216,0.12,1.2040327
219,135,0.51,0.56531304
196,206,0.17,0.15988371
196,169,0.26,4.7877264
197,23,0.2,1.1947994
195,34,20.6,43.48909
195,94,34.8,5.8049498
197,196,0.72,2.120286
194,125,0.15,2.6600037
215,180,0.23,0.23475516
208,4,3.08,7.3447914
210,82,0.12,1.3861673
210,41,0.97,4.9063606
215,55,0.56,1.52393
215,10,34.0,9.496947
212,30,0.1,0.3242511
212,86,0.13,0.73064774
208,64,0.37,1.0462451
206,188,39.8,35.09385
212,242,0.66,4.594754
212,195,0.29,1.2191643
207,3,0.79,0.83465177
214,203,16.9,2.2962446
207,170,1.01,1.4193312
215,112,2.05,1.4229524
210,50,0.08,0.87554723
200,207,180.0,57.892155
210,4,4.42,4.91036
206,24,0.2,1.3149642
208,73,0.37,0.43178356
207,11,0.25,0.7486277
211,145,3.27,1.2623825
215,133,0.36,0.9103352
198,143,4.65,2.4132001
206,152,20.1,63.87374
209,244,2.75,0.7366348
220,68,3.06,0.60185087
207,108,0.13,0.088700324
214,169,11.0,12.891973
206,221,70.0,30.116684
206,161,26.1,16.560446
207,118,1.15,2.3754902
206,38,0.55,1.5868244
220,91,1.1,1.4134208
210,66,0.49,2.0619612
208,135,1.03,0.42672968
209,162,0.79,0.20849025
207,229,0.78,1.2116512
208,89,0.16,0.73143107
198,162,0.58,2.31894
205,197,0.05,5.0864906
211,104,2.44,1.1059496
209,92,7.7,4.7084785
207,43,0.76,0.23300868
215,144,0.006,0.3029368
198,131,0.53,3.2038486
208,147,0.82,2.5277102
215,64,0.24,0.7568023
207,241,2.79,14.8615
205,217,0.32,6.977865
212,67,0.033,1.8837233
210,19,0.47,6.7431307
208,31,0.007,-0.14196323
212,105,0.03,0.5038571
220,79,0.43,14.787797
207,27,1.47,2.2787726
215,96,1.4,1.9777313
209,122,11.7,6.689166
206,174,30.8,93.71644
206,7,3.18,1.9107194
213,31,0.25,0.3195111
206,105,14.0,32.521507
208,118,4.18,3.2032223
209,107,6.95,2.3891823
215,200,0.35,1.0908899
207,58,0.6,6.2477794
212,183,0.83,0.772191
209,232,0.17,0.058101784
215,166,0.52,1.1435529
207,197,0.1,3.3172483
209,29,1.06,1.5194932
208,47,0.09,1.9525625
209,83,5.18,3.2758684
207,210,0.48,6.0875406
214,220,26.6,19.989136
206,68,0.52,0.61567026
207,73,0.48,2.3924305
208,17,5.26,11.247604
211,159,3.36,2.0484138
206,121,16.3,15.315459
208,101,2.07,1.0660971
214,178,15.2,9.765131
207,132,1.5,1.8870478
211,125,3.45,1.6471416
209,178,0.52,0.03795705
206,92,1.77,6.0397406
206,78,1.4,2.1251366
212,145,2.27,1.6600257
212,163,3.14,3.1447346
214,189,17.0,4.331351
209,153,1.91,0.558982
207,178,1.18,1.2636011
214,239,31.0,26.78582
215,80,0.24,2.2753766
209,204,0.75,0.53451747
206,204,58.1,13.737635
212,54,0.36,3.1095092
212,124,0.35,2.9942145
212,211,0.23,0.54649323
209,60,4.46,3.426495
207,89,1.37,1.0733202
206,231,0.46,2.786144
206,136,18.3,12.780424
209,212,1.26,0.5417059
201,97,416.0,99.400154
216,168,1.37,1.2438422
194,234,8.9,10.476549
195,21,17.3,40.418335
195,181,3.55,3.062758
200,243,270.0,393.75705
213,174,2.22,5.0227323
219,225,1.5,4.7713175
203,231,3.08,0.18541558
195,217,0.004,0.7573739
219,82,0.48,2.7543483
218,115,1.14,1.5884881
211,209,12.5,64.500755
217,16,0.14,2.7244043
196,142,0.22,1.3564867
217,127,10.8,9.578504
195,242,1.52,1.2189801
202,4,0.72,0.65551627
210,214,14.4,50.187634
219,92,2.03,3.6885846
219,143,2.0,0.3953458
210,179,5.54,1.7091346
210,122,0.65,2.1339765
190,239,3.38,11.639522
208,210,1.37,4.229631
203,222,0.92,0.72760975
216,96,0.1,1.5398661
214,12,1.8,1.1009572
213,241,8.67,20.459032
196,170,0.23,3.9864175
204,212,0.56,1.9345992
220,40,0.76,1.8325845
216,28,1.12,2.8829
196,34,0.05,1.3238248
219,212,1.37,0.63425976
201,136,486.0,713.83417
202,56,0.07,0.375841
205,53,5.86,6.2242727
216,89,0.65,1.9920409
190,170,4.17,4.5804234
209,2,0.06,1.4332482
203,37,6.35,3.6404479
202,187,0.63,0.916981
202,120,2.48,3.0005379
204,8,3.66,1.5269405
195,162,0.52,0.6053401
196,155,0.33,1.5971946
203,200,0.13,0.3745802
218,84,0.62,0.9224856
196,10,0.1,0.78382283
200,80,2.24,1.6729938
217,198,0.45,1.9123423
201,227,2.58,3.395237
218,244,3.51,0.9344604
194,206,0.66,0.7049502
215,226,0.36,1.1096064
205,120,2.68,3.3331308
190,7,56.1,19.961544
214,139,0.76,3.4512515
217,171,1.76,0.8701927
203,68,2.17,3.9628046
218,186,3.97,4.366863
200,85,5.23,4.5548325
217,46,0.19,2.4307668
203,179,8.58,16.795542
213,161,1.76,2.0804703
219,183,1.66,2.6115685
216,211,0.3,0.8568985
218,101,0.58,0.1946667
220,52,0.34,1.5109288
219,11,0.72,1.5137688
201,211,0.38,0.38584712
204,26,3.59,4.039356
204,166,0.029,0.9557368
200,169,47.9,17.980196
204,63,17.9,36.48464
208,182,0.66,0.39059532
203,127,0.28,1.6585364
205,93,0.34,0.5952496
204,228,0.35,1.6573141
214,101,1.84,1.7980438
191,8,0.78,6.9263816
203,242,0.48,0.446192
214,118,0.82,1.9652233
197,58,0.6,1.5983202
202,204,0.59,1.5969312
190,13,60.9,29.264143
213,107,0.046,0.86639804
213,89,0.51,1.23727
204,145,0.93,3.4807932
200,99,13.8,0.7844871
200,72,0.7,0.5191616
203,215,0.95,4.8592606
213,41,1.15,2.24965
210,241,0.78,0.69279665
203,96,0.74,2.1880848
203,115,0.5,1.7055653
210,191,8.69,8.483563
216,192,0.9,6.9243107
219,162,9.81,4.011567
219,136,0.49,0.9176759
214,90,1.52,1.1135191
191,66,1.02,0.746166
211,60,1.07,1.4000096
214,36,0.13,0.009956782
202,100,2.78,1.5382377
191,100,3.46,3.2121587
200,137,25.4,13.520877
190,202,0.72,0.7177902
202,21,2.4,0.976481
195,145,0.32,1.973176
190,20,59.5,57.13481
201,199,6.55,1.2253406
220,118,0.33,0.07406959
216,42,2.02,2.216571
203,45,6.81,8.64756
195,6,16.3,16.613235
216,112,0.33,0.7485799
220,16,0.92,0.7417804
196,51,0.05,2.050811
200,149,38.5,57.079674
216,127,0.34,1.2185539
200,60,0.22,0.8790262
200,46,0.64,2.1082897
200,35,0.08,0.18948203
219,246,0.14,0.9607538
213,230,8.24,5.478856
219,28,0.46,1.7404479
190,174,0.13,0.3489796
218,68,9.71,13.346846
216,67,0.21,1.2803384
210,107,1.76,2.1770794
202,43,0.006,0.5122391
220,103,0.72,0.4892989
217,95,3.05,2.3697674
204,39,4.49,18.293755
195,151,2.87,2.5965226
219,121,0.45,4.146133
217,183,3.23,0.29911464
190,125,0.63,-0.13024466
203,27,3.95,2.7070365
218,154,1.8,1.7293543
202,175,1.08,4.714563
202,32,11.5,8.497393
200,108,21.8,1.9682672
203,76,2.55,1.902922
217,67,0.99,0.6334588
203,5,0.19,1.3951316
194,198,0.34,0.71923405
218,171,2.93,3.1166513
201,173,2.24,0.78929746
196,133,0.4,0.8319692
205,163,0.53,0.43684894
204,200,4.08,4.9777308
214,125,0.27,0.76906294
216,50,4.18,2.8879402
217,81,1.73,2.782125
216,74,0.44,0.86073864
205,147,1.78,1.4447572
208,196,1.37,5.3929443
210,163,2.26,1.5277383
211,222,13.4,21.20662
219,233,2.0,0.7728178
216,152,5.89,32.318016
203,54,0.74,1.3549871
204,12,2.75,2.6259
211,88,0.31,2.4250793
219,175,0.1,1.1543773
220,30,0.19,1.6579376
203,189,0.78,0.85490745
202,213,3.34,1.6552825
200,91,4.43,3.5945914
214,51,0.07,1.3731941
201,47,352.0,314.87537
214,2,1.08,2.1420708
201,74,385.0,164.99957
220,6,0.28,0.61560214
211,73,0.78,1.4321074
196,99,4.39,1.1329243
214,154,1.2,6.5304513
219,154,6.17,3.7866535
213,219,6.87,2.521663
213,147,1.24,1.5361037
205,66,8.64,8.139625
200,128,33.0,14.417624
213,134,0.49,0.5252456
210,225,16.4,8.523889
211,5,1.66,3.0737493
201,6,268.0,311.13354
213,193,0.19,1.401516
204,150,4.17,2.6540833
203,149,1.27,4.9305186
219,73,0.14,0.9056897
190,159,0.54,0.6334747
203,138,0.52,1.1345171
190,140,9.08,1.5287545
218,4,18.4,12.950774
202,144,16.9,8.034487
215,40,43.3,51.65167
197,155,0.041,1.6690962
211,237,23.8,21.731436
202,165,5.61,3.7263591
205,80,0.71,1.1304748
194,227,3.33,2.0027754
217,58,0.011,0.4665828
216,223,0.09,0.88893914
197,72,2.24,5.41519
191,87,2.49,7.451217
201,33,350.0,485.1855
211,30,1.08,0.24962473
205,42,1.21,5.457587
201,60,367.0,509.64316
190,224,0.37,0.64273405
208,236,0.11,1.6261193
205,188,0.36,1.6516681
190,230,2.47,1.7121594
214,70,0.045,0.4106977
203,102,1.95,3.109597
196,89,1.79,0.6191347
190,146,0.16,0.3756763
212,1,26.1,42.51233
202,155,7.98,8.763815
214,26,0.3,1.9389448
219,56,0.4,3.969383
201,190,2.06,0.37891504
194,220,4.64,2.199559
213,215,0.26,1.3228551
217,221,0.11,2.3684642
210,157,0.46,0.67842793
210,203,13.3,17.419186
202,134,6.07,3.1539686
195,35,19.4,56.049976
195,174,2.01,-0.01228552
217,2,1.09,1.9242028
201,109,471.0,944.4493
205,106,1.48,0.6417914
203,159,3.38,5.6760345
200,180,79.6,91.10065
215,26,37.5,31.975111
197,48,0.13,3.0223615
217,140,13.5,2.2455683
202,12,1.8,1.799134
195,209,0.62,5.883691
195,202,0.55,0.32008332
190,147,17.9,6.458872
195,49,21.9,71.92111
203,169,6.51,9.569096
190,153,0.33,0.68777066
194,243,10.3,6.31873
201,248,0.22,0.6628729
217,209,0.35,1.1975757
196,116,6.32,2.171633
201,237,0.76,1.4174662
205,132,0.72,1.6072038
215,244,2.19,4.6086273
211,37,0.98,1.5320468
213,18,5.87,4.2913036
211,53,0.63,0.3416415
200,159,51.8,70.96335
217,33,0.6,0.6409975
217,110,7.43,3.6910007
204,178,0.84,1.5004383
201,155,460.0,216.874
217,155,0.83,1.4809308
201,84,389.0,291.30695
218,57,7.32,4.8229322
204,110,0.65,0.40482768
204,123,0.75,1.8267053
204,97,0.62,1.7160844
191,107,0.45,3.4193306
191,76,1.77,0.9081236
214,75,0.1,1.6168537
190,210,1.14,0.8789229
191,17,0.2,0.37192675
202,92,0.95,0.9545145
212,15,33.6,55.73112
194,213,1.3,1.8067821
201,180,1.31,10.831662
202,224,3.65,0.8800345
196,20,0.64,0.5071085
211,12,0.2,0.15487011
219,107,4.68,8.747345
190,193,1.12,1.494811
195,229,1.74,6.2821407
204,189,1.54,2.8834805
203,86,0.18,6.433928
190,199,0.41,0.7205852
213,76,0.34,0.103341736
202,75,2.9,1.5696278
218,132,0.29,0.8800102
201,19,270.0,176.08089
190,179,0.28,1.8854984
216,139,2.57,0.3520455
196,75,0.33,0.32230633
218,43,5.72,6.003185
219,42,0.29,2.5117218
201,122,497.0,104.96091
208,169,0.52,0.7123836
190,1,40.9,1.4769386
195,191,3.98,4.7669806
203,20,0.95,1.1044111
210,94,0.35,3.3009615
204,52,16.5,12.711402
190,185,0.68,1.7179486
197,170,0.021,-0.12589525
204,64,17.6,76.06762
205,227,3.6,6.6369267
220,92,1.77,2.128183
206,59,0.65,1.6883988
208,242,0.1,0.582116
212,125,0.36,4.5843935
208,14,3.04,9.784132
204,98,0.57,2.095572
208,136,0.87,1.1765633
206,39,0.32,0.98297054
206,165,23.6,12.520503
215,65,0.32,0.54298484
207,109,0.12,0.2473375
200,200,120.0,72.57814
208,32,0.012,-0.039777804
207,119,1.15,4.0154624
205,218,0.18,9.533374
204,80,33.1,24.40105
204,13,3.01,1.5818515
220,62,1.99,2.691082
205,242,1.96,3.5109203
208,90,0.14,0.62154067
207,242,3.03,20.400715
213,69,0.15,1.6973187
204,40,7.41,23.981192
207,44,0.55,0.6915575
214,190,13.8,8.0350685
204,146,0.99,3.25633
208,148,0.82,2.6668844
211,204,6.58,23.858301
212,249,1.73,3.5214224
205,249,2.42,3.9897492
207,230,1.44,1.511993
215,145,0.006,1.622464
209,15,0.6,0.82595694
206,232,0.36,2.4506485
210,67,0.57,2.4235952
205,198,0.07,2.9396818
204,27,3.48,6.1231384
215,181,0.29,0.3690271
211,105,2.44,2.3052895
207,179,1.11,0.94043016
204,229,0.67,1.6800163
200,195,108.0,50.546993
206,189,31.8,38.313038
205,11,0.15,0.44777617
213,119,0.54,1.2806554
205,154,0.33,1.0758618
209,93,8.2,5.376377
205,6,0.35,2.4744098
212,212,0.33,0.8660669
206,222,44.1,33.606445
207,171,0.93,0.8757828
204,53,16.5,20.885603
206,25,0.72,0.6698893
214,204,18.6,8.332942
214,240,33.0,20.54602
207,4,0.62,1.1930724
205,177,2.12,1.7040056
209,188,0.5,0.8909174
210,42,0.94,4.156149
205,231,4.81,25.525068
205,1,0.1,0.86636674
212,55,0.36,1.748486
204,124,1.0,2.3638904
204,111,0.49,0.3867281
212,31,0.12,0.79105526
206,69,0.55,0.6132343
206,54,0.63,2.9312296
208,211,1.28,2.6764967
206,93,1.41,7.098187
213,7,2.29,1.0585281
209,193,0.84,0.8936548
205,194,0.49,0.7472305
205,22,0.08,0.31931812
204,190,1.42,1.9079597
215,97,1.3,2.2570202
207,90,0.69,2.5570092
212,116,0.04,0.57397676
207,28,1.16,5.9632745
220,80,0.44,11.957049
209,245,2.89,0.6166039
204,179,1.44,2.2626626
209,3,0.07,1.7816081
206,175,26.5,19.627136
213,127,0.92,2.6090574
213,195,0.19,0.39837337
207,74,0.3,3.694711
212,184,0.86,0.64676464
205,183,0.36,0.32236493
215,11,36.7,17.270117
204,225,0.15,2.296984
207,12,0.2,1.3224235
213,62,0.15,0.35946175
212,196,0.29,1.3679461
208,102,2.35,1.4265758
210,51,0.08,1.1429452
206,50,0.2,0.19523977
210,5,7.89,1.7729752
200,188,100.0,82.31312
215,134,0.35,0.88914
213,13,3.24,11.865545
208,65,1.39,1.878466
212,164,3.25,1.2121215
208,74,0.33,0.091243215
206,17,0.28,0.63395494
204,243,11.3,5.185112
215,113,1.89,0.726449
204,239,10.0,2.441208
204,75,21.2,33.540024
211,146,3.32,1.8303963
204,153,5.24,3.2041345
213,187,1.72,2.8369246
212,87,0.31,0.8875175
208,197,1.17,1.9878892
205,238,7.34,2.70073
213,59,2.63,1.6812526
200,208,154.0,69.453766
209,44,2.57,3.9808347
204,213,1.56,2.9122336
209,123,14.6,3.976857
208,221,2.51,6.1378155
204,201,4.56,2.540778
215,167,0.65,1.0217144
210,20,0.61,2.9966393
209,163,0.68,0.6079251
209,30,1.64,1.7973351
209,154,2.17,1.2905174
200,216,178.0,13.180522
213,184,2.29,7.188153
208,162,1.49,0.32438463
208,18,5.35,3.8936481
215,81,0.29,2.4052036
208,48,0.08,2.0937574
206,79,1.08,3.9551055
212,146,2.34,1.8073895
213,111,0.049,0.9000653
212,226,0.046,0.50237197
205,235,6.8,24.963661
213,90,0.49,0.7283613
209,84,5.28,1.5099416
207,211,0.45,12.578373
208,246,1.61,1.2081519
214,221,28.3,13.871015
204,247,11.7,7.8700285
203,128,0.18,1.5001602
212,77,0.036,0.9931735
207,133,1.24,2.6926603
209,235,0.17,0.1734932
207,198,0.1,3.1290252
208,119,4.58,2.8803813
205,174,1.55,0.9736322
206,8,3.23,1.9795476
206,110,52.9,26.797283
220,69,3.17,1.9122851
213,35,0.24,0.19040868
206,148,22.7,48.667294
206,137,56.1,27.120571
215,201,0.65,2.369285
207,59,0.42,5.465811
209,213,1.27,1.0716401
211,160,3.5,2.626806
208,226,5.74,3.2026796
206,205,39.4,16.932497
204,167,0.029,0.26868585
209,21,0.24,0.18601193
209,62,4.53,3.4352758
212,232,0.06,1.1090587
206,122,57.4,17.371674
213,52,1.21,1.122145
209,108,8.29,2.6488764
205,199,0.41,1.0599338
207,75,3.38,3.3691194
206,233,0.39,1.8023744
206,106,55.8,111.889336
206,94,1.6,9.441156
220,93,7.21,2.270146
207,225,0.48,4.1961718
207,13,0.21,0.22465691
206,80,1.29,1.9225488
207,45,0.6,2.2982867
206,123,63.9,18.399193
207,91,4.44,2.2305553
208,33,0.019,-0.2115099
207,5,1.14,5.3468194
207,199,0.26,1.905158
207,29,1.26,19.254126
206,26,1.2,0.6681616
190,42,100.0,71.35601
194,41,2.7,1.108468
193,159,28.0,4.0414286
192,203,0.75,0.88518953
192,195,0.37,-0.017133696
193,198,0.045,0.53046244
194,108,16.1,4.6960273
192,183,1.8,0.4983081
198,119,0.47,-0.23006815
192,226,0.28,0.32561892
194,3,0.87,0.070788294
194,83,5.42,2.132581
192,211,0.37,2.0939329
193,110,0.7,0.54554015
193,93,0.2,0.29255027
193,142,14.1,2.0904014
193,102,0.53,0.36267275
193,118,1.83,3.3177533
194,50,0.75,-0.006374904
197,3,0.4,1.005526
194,112,0.05,5.5062294
192,235,0.44,1.5336668
193,126,4.36,1.5583925
193,213,1.64,1.0661864
190,96,222.0,38.518833
194,163,0.5,0.37894452
192,218,1.09,1.0912057
190,74,124.0,183.93044
193,185,0.66,1.0135683
196,182,1.27,0.65671855
193,70,2.39,1.7300103
194,189,0.83,0.60376614
194,97,10.7,1.6710622
194,176,0.11,0.10490171
193,11,5.66,1.0762162
190,66,109.0,26.940485
193,238,1.29,2.7950811
192,164,0.46,1.9538957
194,142,1.51,1.8743459
194,62,1.94,4.3426437
193,192,0.038,2.5400627
193,245,0.65,1.111436
194,33,0.16,1.1935996
198,113,0.11,0.8676923
192,187,3.18,2.624043
193,219,0.24,1.5871563
193,205,0.69,1.120602
190,85,160.0,60.979187
193,49,0.08,1.6544455
193,229,0.28,0.4695622
194,72,2.43,5.8791413
193,134,6.13,18.453146
192,173,1.03,0.6720065
194,11,0.68,0.7971243
190,51,110.0,24.377329
194,18,3.78,0.83635813
197,24,0.27,1.2527243
196,195,0.19,0.05407611
193,176,33.1,6.8670797
194,183,0.93,0.5287961
193,77,0.03,2.5976915
193,86,0.06,0.56187993
194,126,0.32,3.7638073
198,128,1.09,1.8668069
193,56,0.44,0.88401836
203,160,2.54,3.0662029
208,34,0.007,0.14163728
204,244,7.52,1.6468935
204,240,6.33,5.4462523
202,76,2.79,2.2347407
207,92,0.92,3.9386926
203,170,6.4,2.291076
210,192,8.29,13.180187
206,138,16.7,18.173038
204,9,1.89,5.8040953
202,101,2.21,1.4406956
206,234,0.25,1.5018337
203,239,2.62,12.250052
207,134,2.65,4.4714484
203,77,0.23,1.438595
208,247,1.57,2.2979329
206,206,74.3,34.099026
204,168,0.04,-0.08262128
204,147,3.72,1.8382752
203,28,1.94,4.0382395
204,214,2.41,1.5386456
208,183,0.94,0.70254344
206,81,0.79,1.7140932
204,163,8.76,1.9105823
205,232,5.07,31.90275
205,2,0.09,0.8446519
204,125,1.22,1.6062263
204,112,0.65,0.14713004
206,70,0.48,1.4213673
209,246,3.25,0.5018408
203,201,0.11,0.73626506
207,30,0.89,10.220447
209,4,0.08,0.65581983
205,23,0.12,0.24864519
206,176,52.0,24.832476
206,107,14.0,19.037668
206,12,3.13,0.84334356
208,120,4.73,1.5881021
209,22,0.26,0.045472544
202,11,1.68,1.7947665
203,190,0.85,1.4957733
202,225,0.39,1.6780603
208,75,0.3,0.10468694
203,139,0.46,1.5517234
205,107,1.55,0.54373723
205,184,0.42,0.964665
207,76,0.33,2.3953059
205,48,0.91,4.455069
204,226,0.15,1.4137405
207,180,1.12,0.75529706
206,51,0.19,0.092523724
200,189,92.2,48.735214
201,191,0.25,0.74630857
208,66,0.32,0.8563542
205,239,8.2,12.01003
208,198,1.39,3.111211
204,76,24.6,47.848694
206,18,0.24,0.4679087
204,191,1.56,5.578573
210,248,1.29,1.7793906
203,116,0.48,0.47199857
204,81,33.6,37.094883
205,236,6.8,32.679626
203,243,0.44,2.935655
202,205,0.31,1.8947924
207,212,0.48,8.154681
208,163,1.45,0.45137537
207,200,0.1,1.3353423
200,150,36.5,12.602931
206,149,23.8,24.399277
210,180,4.53,1.9728913
208,212,1.43,2.678103
203,69,1.12,3.127673
204,90,29.6,16.80369
203,180,7.95,14.068998
204,180,2.16,1.0027142
206,55,0.65,1.6289532
204,94,30.2,2.9121506
202,93,1.09,0.45586452
203,129,0.23,1.6527045
206,223,82.1,10.243836
208,237,0.14,0.79809475
208,5,2.61,4.6640334
206,190,62.7,68.3306
205,219,0.35,7.171026
207,110,0.12,1.2640313
203,87,0.06,9.393522
208,149,0.86,2.3132
200,201,126.0,45.74045
205,243,2.02,2.0223413
201,228,2.28,2.495887
205,164,0.52,1.2740967
208,91,0.22,0.5522591
207,243,2.18,2.951303
202,121,0.73,3.257746
203,97,0.45,3.1260126
202,22,1.49,1.6641039
200,160,50.3,3.0905857
200,217,219.0,28.139923
205,178,2.14,2.9145157
204,85,26.6,58.15548
206,124,15.6,23.349836
201,200,0.74,2.1759872
203,46,6.51,1.7329379
201,174,0.63,0.8102142
204,248,9.14,8.549627
208,227,7.5,5.364188
200,36,0.05,1.2761862
205,175,1.6,1.5604726
200,138,18.3,1.8668633
205,94,0.38,0.42714965
204,41,8.33,19.400335
204,28,4.24,8.283595
205,12,0.15,0.24484895
205,7,0.36,3.5308597
206,95,1.13,12.162132
211,54,0.76,1.1323789
204,54,18.9,29.250343
203,21,0.61,2.0712419
207,6,0.47,3.079033
205,133,0.61,2.0347319
208,170,0.61,0.48344266
206,27,0.24,0.77081746
207,172,1.01,1.7694995
201,249,0.21,0.07578043
200,129,29.7,41.2758
203,223,0.74,0.5703246
203,55,0.55,0.88371915
202,214,0.8,1.597656
202,135,1.35,1.0262809
205,27,0.44,3.5127206
207,14,0.17,0.35173142
202,166,4.53,6.0493975
208,103,2.3,1.6026601
202,156,1.84,5.470228
200,209,209.0,110.323616
200,47,0.16,0.85658556
202,145,3.12,9.132499
206,40,0.44,2.8204854
200,73,0.29,0.34612292
220,104,0.29,0.6866062
204,99,2.08,2.148002
190,126,0.16,0.39544925
205,155,0.32,1.5710231
208,49,0.09,0.56083983
211,13,0.19,0.5067731
205,32,1.21,6.3428364
208,19,5.75,4.92728
206,60,0.89,0.5672295
203,150,1.41,4.8622937
203,103,1.93,3.9949894
208,222,3.34,3.7861166
209,16,0.5,0.358844
210,164,2.06,4.152646
204,202,5.35,6.5059266
202,44,0.007,0.65646195
220,119,0.67,0.5329955
202,188,0.13,1.3167902
203,38,6.39,1.6611761
207,46,0.4,4.1077914
207,120,1.1,0.44606304
200,61,0.17,3.2882664
220,94,1.12,1.007689
200,100,4.71,0.9020662
204,65,20.8,13.436511
210,242,0.76,1.1463917
204,230,0.33,0.16363433
207,231,0.81,0.5584223
204,14,5.14,2.1040566
202,176,0.31,4.291026
200,109,10.6,4.4370375
203,216,0.37,2.1397288
194,199,0.24,0.12196727
203,6,0.12,1.1957989
205,16,0.64,4.1529365
205,200,0.14,1.0104373
200,172,52.2,9.446393
205,228,3.67,3.3344567
202,33,9.68,5.9936457
201,238,0.85,1.6992221
206,162,39.6,6.4210734
211,31,1.28,0.40438488
206,0,2.34,4.350822
200,196,108.0,34.64557
207,60,0.58,2.4678166
217,184,2.93,0.7927024
195,85,57.6,9.218487
217,17,0.15,0.56411785
198,234,0.99,5.061185
193,34,1.11,2.2354264
197,13,2.03,3.2003348
195,22,17.7,42.841087
195,7,17.3,31.11493
198,84,1.31,0.95714015
216,128,2.42,1.0819994
195,134,109.0,53.42964
196,183,1.28,1.8591946
198,73,1.61,7.366159
195,36,22.4,81.345436
197,139,41.8,50.655098
193,37,5.2,17.908241
219,122,0.4,4.3735104
197,103,23.4,2.2272043
196,21,1.26,0.26483986
195,102,60.0,24.87119
219,57,0.36,2.6713727
195,163,0.92,1.214074
195,192,4.3,4.234333
196,242,0.045,0.15905693
196,190,1.75,1.6599473
195,230,3.21,2.7710104
196,117,19.9,2.2939723
219,93,2.12,5.362477
198,230,14.5,42.166344
194,244,10.9,11.948412
195,50,25.3,44.02738
196,100,12.1,1.2046535
196,11,0.11,-0.11067951
196,52,0.5,1.1408615
195,124,60.1,62.646156
198,103,1.15,3.0307136
196,207,0.31,0.7713059
197,33,0.25,0.46928132
196,35,0.08,0.7472772
196,143,0.39,1.3288014
196,171,1.52,3.0849988
217,156,0.99,1.8340423
198,241,4.63,2.7332387
198,166,0.91,0.47923243
198,3,1.33,2.6434336
196,156,7.72,1.669275
195,112,60.5,49.903885
195,243,4.04,1.2469372
217,96,3.03,0.7614022
198,208,0.19,1.6188526
192,242,1.31,0.8298844
198,17,2.9,0.8437073
217,111,7.06,2.6049414
193,18,1.62,1.8983971
197,249,0.13,3.4061954
197,126,38.9,10.514346
217,172,1.58,2.844446
195,75,54.5,80.513855
217,68,1.04,0.7708388
193,29,0.42,1.1046655
196,63,0.21,1.5790873
195,63,31.8,52.999744
198,53,5.77,3.4486372
193,43,0.54,2.122911
217,82,1.64,3.1387076
198,214,3.91,1.1286017
198,219,5.54,1.2733837
198,174,1.93,2.1095877
196,196,0.17,-0.094481245
193,0,3.56,1.341059
215,182,0.31,1.1836846
212,32,0.12,1.0767777
211,161,3.26,9.847333
212,68,0.03,0.12947646
212,213,0.18,0.3230917
212,106,0.04,0.618152
215,202,0.7,3.2235956
211,108,2.44,2.6467907
212,88,0.27,2.2308688
212,56,0.37,1.043333
211,126,3.44,1.839853
211,147,3.28,0.6079095
212,173,3.22,8.804161
214,241,28.0,22.85143
212,126,0.38,1.0525044
208,6,2.38,2.7591035
206,41,0.2,2.4171968
208,67,0.26,0.86692554
207,239,0.72,0.69856614
206,9,2.65,3.2967997
206,207,32.0,10.58535
206,141,14.7,7.577218
207,244,1.82,5.3709183
205,220,0.14,1.7545236
208,121,3.77,5.310115
208,92,0.12,0.48741326
208,76,0.22,0.81474084
206,191,26.3,24.275806
195,218,0.0,1.0103041
216,15,0.15,0.5814782
210,123,0.62,0.73290783
216,221,0.015,0.91856366
195,244,3.24,1.0018784
212,17,34.1,33.882175
196,172,0.44,0.9182435
201,108,386.0,207.58195
196,109,4.83,1.1681149
217,120,6.96,8.283734
201,124,420.0,17.06109
195,234,2.57,10.00996
214,126,0.28,0.5277993
216,113,0.22,0.85690546
216,193,1.17,5.5728645
197,59,0.66,2.2647285
211,56,0.61,0.79836357
219,29,0.43,2.55196
211,44,1.04,2.3845127
217,226,0.08,9.549486
216,153,7.42,11.352425
216,176,1.43,1.3110859
214,46,0.27,-0.10137606
219,49,0.32,2.5331688
212,10,27.6,51.641186
210,215,14.5,23.524601
210,158,0.44,1.3763171
216,135,0.73,0.7102274
217,59,0.013,1.1880646
197,73,2.84,6.449181
217,3,1.2,4.5691066
215,227,0.47,0.7646912
218,5,16.7,5.3093786
211,98,0.36,1.0585063
201,100,340.0,106.00381
217,142,10.8,4.2526517
218,69,10.1,3.3562157
218,172,2.72,3.2338278
210,204,13.4,35.589314
201,32,299.0,446.14752
218,85,0.63,0.8887529
210,101,0.37,3.2750483
196,12,0.11,0.31346488
201,20,220.0,149.63083
218,155,1.6,1.965918
216,140,3.73,1.3199981
218,133,0.29,0.7168287
195,8,15.2,44.045677
201,139,408.0,494.96426
215,247,2.82,14.2902155
197,174,0.04,0.017363846
197,49,0.05,1.8164845
196,22,0.76,0.6299243
211,81,0.97,3.2969053
214,155,0.85,1.3406824
217,19,0.11,1.260937
217,128,8.88,2.7846625
218,102,0.41,0.22640078
201,62,301.0,313.74997
214,102,1.7,1.3776569
217,210,0.29,1.3101189
195,203,0.32,0.4846662
216,90,0.58,1.1215053
218,116,0.92,1.0354456
216,97,0.11,1.20668
195,182,3.07,1.838642
197,183,0.009,-0.34611046
210,108,1.61,2.8599856
201,156,397.0,240.21869
201,81,323.0,68.71887
217,47,0.17,2.6988614
216,181,1.62,2.995537
201,73,320.0,149.00853
195,38,24.5,124.23926
218,58,7.0,6.265551
217,34,0.48,1.166926
216,59,4.09,15.849669
195,210,0.68,13.036441
201,16,219.0,284.5452
214,85,0.08,2.6093657
218,245,3.97,4.234915
216,212,0.14,1.4088533
216,75,0.3,0.96284443
195,193,3.62,5.5035987
195,23,20.6,24.140297
214,145,0.57,1.767362
197,158,0.035,1.5434341
194,245,9.24,25.048811
215,47,39.9,67.69754
195,51,25.7,33.89938
195,175,1.78,0.53725064
217,197,0.41,2.3441496
196,36,0.041,0.52904636
201,46,295.0,782.79675
218,187,3.75,4.557195
196,53,0.24,0.89560276
196,118,7.76,2.5034049
216,29,1.03,5.2268357
219,12,0.69,0.662637
216,43,1.58,0.7102599
200,241,207.0,540.60144
214,37,0.22,0.60140455
215,114,2.14,1.0688418
215,41,40.3,47.54504
211,197,7.18,12.694952
211,151,3.08,6.2655826
215,237,1.11,1.4986962
215,190,0.21,2.01057
215,228,0.41,0.6660482
211,115,2.37,1.2072744
212,174,3.45,5.5697856
211,238,24.9,34.94243
210,124,0.62,1.6720538
215,173,0.48,0.8026331
212,78,0.028,1.5477664
212,108,0.03,0.9103539
210,109,1.6,2.9008203
200,230,181.0,126.87738
215,13,29.0,4.750213
212,16,34.1,36.465893
211,89,0.32,2.6010294
215,27,33.6,26.64338
216,8,0.4,0.2972923
201,7,208.0,310.4198
212,214,0.17,1.2679259
214,222,18.4,4.697863
212,233,0.08,1.2412684
212,90,0.19,2.8076382
212,127,0.36,3.3750703
212,60,0.32,1.4579631
210,159,0.41,1.5414928
212,2,26.8,50.62758
210,141,0.2,1.690299
211,223,13.6,10.304651
215,203,0.41,4.5238223
214,161,0.88,0.7492354
211,169,3.12,7.1760035
215,147,0.006,1.1891176
209,23,0.18,0.19115011
200,223,158.0,170.48445
214,55,0.06,1.3221822
214,103,1.73,1.483926
214,205,10.5,3.258415
215,245,2.58,4.838076
215,135,0.35,0.7930572
210,136,0.33,1.1236111
209,137,17.4,115.4465
214,127,0.26,0.7631325
211,210,12.8,5.5722256
216,16,0.14,0.89233965
215,82,0.31,4.5630565
215,216,0.12,0.99270666
211,74,0.91,1.6142887
190,117,0.25,1.4201247
191,25,0.39,0.68705857
191,141,5.7,2.5935338
190,108,1.35,3.0952923
217,18,0.1,0.64283365
191,22,0.12,0.70557874
191,35,0.27,3.291127
191,122,0.54,6.531529
191,211,2.0,2.2499256
191,191,0.57,1.4881653
191,131,3.9,4.474178
191,220,1.04,4.41249
191,113,0.12,0.31709424
191,206,1.26,12.994401
190,240,4.39,10.656545
191,46,0.22,0.35921642
191,243,1.38,0.958203
191,230,1.14,4.2094445
200,28,0.15,0.8780081
191,181,0.17,0.1901053
191,63,0.32,0.45712113
190,211,0.88,3.3798413
206,163,18.8,14.345358
212,165,3.38,5.9268937
209,85,5.11,5.5625005
206,28,0.1,-0.1472465
210,83,0.17,1.0459625
215,12,27.0,4.6850815
207,7,0.17,3.109353
215,98,1.28,1.8096488
208,68,0.24,1.2818456
209,45,2.21,2.1475742
207,77,0.25,2.7960467
211,148,3.02,2.650049
214,223,17.1,27.939728
206,150,16.1,39.85115
209,61,4.36,1.3000519
206,82,0.5,4.2641673
211,162,3.06,11.141375
212,69,0.027,0.6544468
212,215,0.16,1.2756056
207,15,0.12,0.43700862
210,52,0.09,0.83615804
206,139,14.8,9.445225
207,173,0.78,0.6401921
210,6,4.14,1.8981973
215,136,0.32,0.76264256
205,201,0.038,1.0136528
207,93,0.32,0.238553
212,89,0.19,2.573927
212,57,0.32,0.64661896
211,127,3.44,0.8780039
214,242,22.6,20.2982
209,94,7.73,3.6210706
209,194,0.65,1.0390682
215,115,2.14,0.6495555
208,50,0.07,1.0442075
208,77,0.18,1.16571
212,33,0.08,0.7772305
215,146,0.006,4.103317
209,124,13.3,3.915349
215,66,0.17,0.5143088
208,150,0.81,1.8301827
206,177,21.6,56.30621
207,61,0.24,1.0845217
207,111,0.12,2.5540972
206,108,12.9,41.752926
205,221,0.11,3.3277786
206,192,25.2,30.887922
215,183,0.19,4.030944
209,109,6.56,1.7278515
208,122,3.66,3.1320477
208,7,2.05,5.5181355
207,31,0.53,8.573105
212,107,0.03,0.9181134
209,247,2.51,1.008646
211,106,2.39,2.8392212
209,233,0.2,0.24998447
208,104,1.75,5.3209577
207,201,0.08,8.170314
209,31,1.41,2.8809059
207,213,0.5,7.922411
208,20,4.06,6.6118374
214,206,10.4,1.1900218
215,204,0.38,6.02368
210,21,0.74,9.199322
206,224,34.1,26.489567
210,43,1.43,6.82666
210,68,0.9,1.7352383
208,93,0.12,0.80595016
215,168,0.46,0.086737156
207,245,1.63,4.7712297
206,71,0.43,1.1602275
215,56,0.59,0.5784084
207,135,0.76,5.872789
207,47,0.25,3.9392936
209,179,0.44,1.6237235
206,96,0.65,16.97244
207,232,0.7,1.1905156
206,125,13.8,38.242897
212,128,0.33,3.652112
208,137,0.87,0.44668445
214,170,5.37,2.2909484
206,208,30.4,38.41278
207,181,1.01,2.02574
206,235,0.19,1.0525445
214,179,7.07,3.927361
215,83,0.36,1.3380327
214,191,9.71,9.874444
209,164,0.78,0.9362161
209,214,1.23,1.8383026
220,95,0.46,3.5965075
208,35,0.007,-0.1287101
207,121,0.7,4.3916736
206,42,0.15,3.2591546
209,155,1.78,0.71181583
212,147,2.36,1.428046
204,169,0.024,0.3469648
200,48,0.14,1.1037654
200,62,0.15,0.43651888
204,192,1.04,1.2861408
204,126,0.49,1.3900248
204,51,3.42,9.120384
204,38,2.84,0.16948184
204,203,2.95,3.5152383
204,113,0.3,1.663034
204,181,0.52,3.5990722
204,151,2.78,3.1474564
220,105,0.24,1.8960744
204,74,15.5,11.364402
202,122,0.68,0.75570977
204,15,1.97,2.0243988
204,100,0.64,1.0432433
204,148,0.88,1.7935148
200,37,0.049,1.8570746
202,177,0.32,2.5594451
204,215,0.5,5.029892
190,127,0.11,0.5990054
203,135,0.16,3.5275517
202,189,0.12,-0.10344575
202,206,0.32,0.8189539
220,120,0.23,0.59512323
200,29,0.43,0.97183716
207,32,1.29,6.7709274
207,62,0.5,2.234401
208,36,0.013,0.17528903
207,48,0.49,7.154785
207,214,0.51,14.549572
207,78,0.65,0.99422526
207,16,0.22,0.30332974
206,126,13.0,74.931496
205,202,0.07,0.51631993
206,109,11.0,30.8454
207,202,0.13,5.2771974
206,29,0.13,0.16123402
207,94,0.38,1.9162709
220,121,3.07,0.5296206
220,106,2.35,0.51721835
204,193,11.4,1.681446
204,62,18.3,71.641426
204,223,2.28,0.1885889
204,149,5.23,3.547796
204,152,11.9,2.9759712
204,231,1.12,0.48472452
204,16,12.5,2.5916061
204,66,21.8,59.13961
204,182,3.43,2.658278
204,101,4.42,1.4825226
204,170,0.45,0.07054776
217,35,0.51,0.8872178
195,215,1.1,8.776904
196,23,0.97,1.9520335
197,50,0.17,1.0076467
197,156,0.06,0.818013
195,52,51.6,5.192884
197,60,0.7,1.1432937
195,9,38.2,23.271011
195,176,3.11,6.6722713
216,130,0.76,0.847461
195,200,5.84,5.668144
196,173,0.92,0.4322316
217,4,1.17,1.6824585
201,82,807.0,268.93488
196,13,0.13,0.13395615
196,150,0.59,1.6303822
197,74,2.69,14.569196
217,222,0.08,1.3075904
217,48,0.17,1.7479104
195,37,56.9,11.374585
217,141,10.6,4.5199122
196,157,3.37,1.7564747
196,110,13.6,4.4572854
196,125,19.1,14.122521
195,219,0.003,4.463894
195,164,1.43,0.6836091
216,220,0.021,4.8021865
217,60,0.011,2.2341619
216,169,1.77,2.3973222
195,24,58.4,13.81147
195,245,3.77,1.7317249
195,231,3.2,2.8837063
195,183,4.72,5.6571946
196,54,0.69,0.71304315
197,171,0.08,1.1422477
194,63,5.08,3.0670998
194,113,0.2,1.4371568
194,134,0.86,3.2843192
194,140,5.18,1.16076
194,73,6.7,8.182988
194,91,20.2,13.099165
194,169,0.87,1.2573984
209,32,1.13,7.0024667
208,123,4.3,1.6375493
209,234,0.25,0.6356949
206,236,0.22,5.6905622
209,117,9.73,1.6310518
206,10,5.3,2.505484
214,216,11.8,9.12132
210,22,1.17,11.202898
208,8,3.1,3.815842
208,21,5.65,2.462211
208,138,0.84,-0.029280502
207,112,0.15,10.432787
210,0,2.54,1.0972689
206,72,0.89,1.4044276
207,246,2.15,5.1394005
206,43,0.39,1.3906946
215,169,0.52,0.44977129
214,180,9.26,8.147599
208,94,0.18,1.0958489
209,125,13.8,1.8037678
209,215,1.28,2.7892802
210,69,1.02,1.8251644
215,67,0.2,5.495743
208,151,0.83,4.521421
206,178,20.4,31.015293
210,44,2.04,2.9986107
207,122,0.89,1.0673009
206,225,34.1,38.300903
206,164,16.6,12.453898
205,222,0.47,6.7307844
215,57,1.08,0.2582765
206,193,25.1,67.39348
207,182,1.0,6.4048543
208,51,0.09,2.2002132
210,84,0.34,2.3175395
215,116,2.47,1.1425009
220,96,0.38,7.7867737
207,233,0.68,0.31127304
214,192,11.7,7.8870707
209,46,2.04,3.8446708
209,195,0.64,2.1230767
210,7,4.2,4.989372
214,224,17.8,13.382371
200,210,247.0,110.382454
206,97,0.81,108.17235
207,9,0.25,6.8587937
215,107,1.19,1.7104344
214,171,7.21,15.951129
209,95,9.61,1.6008815
208,69,0.41,2.0540535
215,92,0.25,1.3731177
209,180,0.59,0.055451334
206,140,11.3,22.013533
209,165,1.51,2.2141984
208,78,0.39,2.9852173
209,156,1.97,-0.21880798
209,86,7.07,4.9078765
206,209,30.1,63.086056
210,53,0.18,0.84020907
209,63,5.99,1.622045
207,174,1.16,1.1287395
208,108,1.96,16.69402
206,151,11.9,8.62111
207,136,1.43,1.8849267
206,89,0.58,88.38184
191,171,123.0,17.726793
192,137,1.9,1.4830152
191,155,110.0,2.097048
192,146,2.86,0.44316348
192,20,2.71,0.96635264
192,82,6.9,1.0145222
192,78,4.22,0.6366567
192,52,4.49,1.2475834
192,68,0.8,2.0021062
192,155,4.46,0.12577201
192,47,2.52,2.2384343
192,32,0.63,2.1456761
194,4,2.3,-0.19655257
198,4,1.35,4.5125117
198,104,1.12,10.769302
197,116,25.6,7.529438
192,96,2.56,4.9624457
191,225,2.1,3.3580546
192,92,1.65,0.5936778
192,237,0.83,3.8533132
194,141,3.14,2.6984723
192,229,0.6,0.7611865
192,208,6.03,0.14367479
197,14,3.41,1.5465732
193,147,44.7,0.31129363
198,85,1.17,1.1974633
194,19,6.4,0.68880767
193,135,32.0,1.459425
193,127,16.5,0.9119857
194,119,0.12,9.836375
192,120,0.33,2.56932
192,188,14.2,0.15679236
198,247,5.57,3.2388902
194,12,1.26,1.1564893
193,209,2.16,0.32663605
192,177,2.53,3.2597995
193,214,5.46,0.87683773
197,107,24.2,1.3522311
198,215,4.3,4.455203
196,243,0.09,0.48709458
198,167,0.72,0.9756955
195,105,77.2,11.579281
192,123,5.22,0.3518244
198,175,1.87,1.4211442
197,127,37.4,12.501523
197,140,39.3,37.14266
194,133,0.36,14.383422
192,169,1.03,6.359268
198,68,1.76,2.1340096
194,177,0.31,1.1084074
193,119,6.58,1.3998424
195,135,131.0,106.1947
193,184,2.46,2.2506387
194,74,4.68,2.6193702
194,84,10.3,5.1550884
194,164,0.51,0.6330256
194,98,14.0,1.1480995
192,131,0.5,6.9975038
192,199,1.34,0.78124994
192,223,4.08,1.4981233
198,39,1.4,0.9313713
198,18,2.41,5.602504
193,114,2.72,1.4559286
193,226,0.75,1.7932068
198,220,5.92,2.0369687
198,33,0.11,0.3293766
193,230,0.71,0.36647758
198,46,5.28,2.7072275
194,152,2.78,3.9005127
194,34,0.42,0.7491256
193,107,1.97,1.9917053
193,246,1.76,2.3001945
193,193,0.14,1.8496462
190,75,1020.0,44.53767
193,94,1.12,0.7981873
197,245,0.08,0.75569165
194,64,3.33,14.050827
198,57,12.7,6.2345195
198,206,0.21,1.3068855
195,125,86.6,11.890731
197,34,0.66,2.2894502
195,113,79.9,32.166805
198,92,0.54,0.8256373
193,199,0.19,1.8015182
