chunk_id,id_in_chunk,flow,pred_vgg
213,141,6.5,1.3168286
216,171,3.4,2.2005773
216,148,35.0,9.067135
202,230,1.46,1.5424776
216,5,23.6,8.12651
193,7,16.1,1.6530203
190,149,12.5,10.288069
204,130,1.63,2.431894
204,120,1.33,4.5325794
216,92,6.12,2.2829366
214,157,21.4,9.697759
191,199,5.38,6.021169
217,176,4.97,5.1911154
210,127,2.36,1.8497573
190,242,7.55,5.043346
219,34,3.72,1.4940431
200,112,19.7,7.4221997
202,46,0.39,0.15346606
217,188,7.52,5.009184
213,94,15.3,3.8506837
190,15,71.5,44.534714
214,93,11.8,6.7342763
216,196,6.94,6.807659
215,36,349.0,116.569626
204,71,29.4,12.834119
218,108,6.63,2.2068062
205,141,7.8,2.3751523
204,32,8.55,4.472227
191,114,1.35,0.6029976
211,94,4.07,1.9385083
202,217,3.89,2.3844743
219,63,4.28,1.5589262
202,168,22.8,27.403423
212,9,280.0,77.704414
211,55,3.48,3.2394345
190,9,66.0,47.441517
219,148,4.87,4.0852065
211,65,7.45,6.009014
191,150,72.4,17.137125
204,47,14.6,8.402612
219,126,3.97,1.0157528
208,204,3.75,2.9724436
211,244,264.0,72.6958
210,221,61.0,22.891464
215,232,8.42,3.0231254
195,81,188.0,38.922836
202,104,4.97,5.0581775
204,221,1.42,4.029912
190,176,0.69,0.19006433
214,61,2.98,1.4521527
205,111,6.5,2.9548373
201,41,1860.0,1168.9813
205,36,4.76,1.8832586
201,193,0.63,0.33949816
214,32,4.76,1.9022421
217,114,29.6,20.561468
201,242,1.34,0.9585209
190,133,0.66,1.2739929
214,143,14.0,5.3212767
218,45,9.05,5.7826366
213,202,3.0,1.971343
202,157,18.3,5.5181394
210,145,4.69,1.8864366
202,140,10.7,9.270482
190,141,0.16,0.21687344
190,135,5.66,5.60965
201,132,2160.0,1818.0361
213,82,8.01,1.8600056
190,2,54.7,37.399376
208,175,2.23,2.720052
191,128,6.06,3.3990352
214,132,6.72,0.98747885
218,59,16.0,3.0932872
205,60,22.8,11.466354
216,35,10.2,2.3508434
218,189,26.9,16.511671
208,217,3.3,4.679807
217,134,36.8,19.27578
190,120,2.98,2.9744997
190,111,11.0,4.2810864
218,159,6.16,2.275286
213,113,0.48,0.4085988
216,60,57.5,18.50674
201,232,3.5,3.917283
211,233,237.0,121.26589
191,197,2.0,1.2815989
201,178,1.22,1.2968467
200,145,74.2,52.58998
205,101,1.19,0.55206656
204,107,1.73,1.2855092
204,25,5.66,2.5989916
211,32,4.36,1.9010857
191,137,22.5,9.582018
190,226,1.08,1.4352154
216,187,7.17,2.6915748
201,78,1960.0,363.30927
202,196,1.3,2.297187
219,99,7.37,4.203529
202,35,18.2,15.78598
200,102,7.12,17.464024
191,47,0.57,1.0634595
210,232,6.44,1.2723773
220,122,0.51,0.98523587
220,107,1.47,1.058257
217,74,2.49,1.3406781
201,0,935.0,277.69977
201,146,2150.0,1710.75
190,217,3.18,2.5080805
201,168,1.63,2.2992969
200,93,3.68,4.3907695
191,249,6.26,3.9562924
201,116,2040.0,513.1319
213,155,16.7,6.495794
217,164,2.91,1.9191773
213,248,32.9,29.05249
211,4,7.32,4.8727756
218,76,17.8,9.224669
205,74,38.0,20.071812
214,10,4.18,2.333937
205,82,2.47,1.80013
214,59,5.79,0.8845092
213,226,22.5,17.074648
209,11,1.16,0.41326278
204,155,4.89,4.365964
211,76,6.94,4.367372
202,78,4.93,4.731028
210,196,39.1,18.491419
201,53,1880.0,639.70294
203,31,6.24,8.780569
203,79,0.31,2.5889606
216,216,1.91,1.8170764
216,23,1.51,1.5120535
215,49,428.0,161.42621
204,60,26.2,43.80357
196,123,37.7,5.1414924
210,210,54.7,28.017351
201,70,1920.0,1750.3982
218,12,53.7,24.597834
200,132,69.2,63.65383
219,159,25.2,13.755197
204,173,0.13,0.5976486
219,48,4.03,1.2298374
216,121,4.18,2.5742843
216,77,7.14,4.001419
200,42,0.9,0.44185203
191,145,32.1,9.3338995
208,190,3.46,1.8394442
214,79,6.74,2.5858614
203,41,13.8,14.533376
210,169,7.41,6.0953474
200,84,3.01,2.4092698
211,16,0.95,0.45175812
214,110,2.78,3.3810053
214,20,5.67,3.1226928
202,182,2.66,4.2624125
204,237,2.75,1.2979872
190,203,2.22,2.1200264
216,45,22.4,6.004416
204,211,6.21,9.912265
191,187,1.34,0.8041227
200,78,2.76,1.3547348
200,68,2.29,1.307849
219,86,1.42,0.78292704
205,125,10.8,2.802533
200,53,0.86,0.643723
218,91,1.61,0.8155486
201,164,2190.0,792.9891
217,217,1.88,2.868799
218,138,4.51,0.7095148
201,25,977.0,142.87242
210,100,6.88,3.180698
204,136,1.43,1.52788
212,24,357.0,95.32548
205,137,2.24,1.4167751
191,26,4.78,3.1095695
203,58,1.73,2.6441607
190,25,72.7,47.442894
203,130,0.84,0.6685092
195,69,142.0,41.92622
191,11,1.28,3.0713613
190,154,0.57,0.622608
210,231,76.8,11.918114
202,209,0.68,0.4919624
213,48,6.92,3.14976
213,237,28.0,59.08753
191,216,7.15,12.064057
210,187,28.8,9.441537
213,181,29.1,13.807636
216,159,63.5,26.751638
191,39,1.36,1.914734
213,166,22.7,8.973195
202,149,14.4,20.48379
204,183,1.48,0.83165354
201,184,0.65,5.8951817
202,3,0.72,1.9595596
201,214,1.23,0.31145164
214,44,3.24,2.1060066
203,49,16.2,15.581021
202,129,6.11,3.2465298
200,87,4.81,3.1564438
203,60,3.83,5.398983
217,25,4.58,1.5695417
218,174,12.2,3.5017042
216,61,1.79,1.2340046
216,106,7.21,1.4881854
217,87,13.6,6.586503
202,23,5.5,4.4789224
192,8,7.27,3.7280645
190,187,2.3,1.1207651
208,238,0.7,1.106872
190,195,0.67,0.42563224
205,168,1.72,0.6633301
217,100,19.0,8.394758
214,109,19.3,9.854398
190,180,0.9,1.1213368
210,114,14.4,5.189761
201,14,970.0,273.14417
218,120,15.7,4.849606
190,189,3.26,0.9188013
203,89,0.82,0.75999653
217,203,1.86,0.90744656
199,205,4.56,1.4551475
200,7,1.75,1.6336635
199,241,0.18,0.7992205
196,0,19.6,9.731573
190,163,1.18,2.181982
196,124,34.5,4.193978
196,174,3.97,3.093139
196,104,26.0,6.9696794
196,80,0.96,0.4810174
195,232,11.1,4.8322463
191,89,11.9,6.501293
196,44,1.55,0.33842626
196,159,2.82,0.7000894
190,27,68.5,44.695465
195,168,4.71,1.3931271
196,94,8.95,1.6589425
195,17,69.5,20.466606
195,58,105.0,39.17659
216,134,2.61,1.0900753
191,71,9.73,4.1597867
196,146,1.89,0.596327
190,243,7.32,4.5626597
190,218,3.0,1.6666763
195,45,87.9,41.84474
191,18,0.6,0.8843049
196,14,2.95,1.2467185
195,31,71.6,57.371334
196,55,2.67,0.57994044
196,29,2.62,1.0869114
205,211,0.93,3.8408227
206,145,64.2,25.48475
205,214,3.95,3.6784399
206,134,57.1,24.493465
207,248,12.0,14.568268
207,191,1.1,1.0794901
208,38,0.25,0.32224938
206,19,2.09,5.302466
206,215,174.0,359.36154
208,54,0.78,3.6276395
206,44,4.17,2.537454
207,223,1.22,7.8168807
206,3,7.67,7.8305087
206,117,51.3,45.113453
208,58,2.9,2.288301
207,100,3.42,6.1655307
207,227,3.94,4.4688654
207,18,2.06,3.250812
207,68,1.25,3.661081
207,86,2.63,6.394858
210,88,2.6,0.78778386
212,129,3.1,2.113264
212,200,1.15,0.7523047
212,188,3.55,2.566435
220,64,6.8,4.078431
214,9,4.26,3.5414255
213,10,44.9,10.445592
213,3,34.0,25.715303
213,122,13.8,3.9247222
212,228,1.16,1.778114
213,154,16.5,7.4373336
215,2,315.0,182.7553
212,152,11.4,4.7700343
220,12,4.79,1.5303342
211,171,29.7,22.105164
212,58,7.01,3.1226573
211,133,17.3,7.49065
213,131,17.3,7.1402593
212,166,14.0,6.4556556
212,219,1.21,0.86081195
211,232,212.0,109.40274
213,201,2.55,1.6552238
213,47,6.2,2.5509224
211,118,9.13,5.982253
213,112,0.27,0.23533076
215,206,4.5,2.3838341
213,58,18.9,8.897209
213,236,28.5,38.565662
220,59,1.37,1.0420448
213,182,25.8,13.666083
219,229,6.53,3.4760413
220,83,5.4,1.0470976
213,24,91.0,50.348274
213,168,21.2,8.466792
220,45,2.22,1.4912198
213,84,5.29,1.7019825
212,95,2.86,0.77222437
211,152,23.4,13.353901
213,224,24.8,15.461498
214,62,1.86,1.5280303
212,113,1.34,0.20333923
211,202,81.8,26.836485
214,92,10.2,9.350131
220,71,10.6,5.7609696
213,137,5.64,1.7081523
212,246,10.2,6.212723
219,241,19.4,14.830071
212,70,0.49,0.37488917
220,1,3.56,1.1239179
213,65,3.45,1.2443787
220,22,8.79,6.1781173
211,217,182.0,33.32851
212,223,0.94,0.8542377
214,31,4.39,2.0619414
213,34,2.06,1.0569214
212,34,3.12,1.8970658
214,18,5.88,3.7601287
215,189,2.36,1.6368036
214,111,2.78,2.8081434
213,93,12.8,4.11959
219,217,6.53,4.363935
220,33,0.54,1.1934521
191,124,3.56,3.790171
191,193,1.37,1.2086909
200,31,0.68,0.74816513
199,224,14.1,9.078376
199,118,21.4,28.131657
191,133,12.9,6.5218797
191,40,0.94,1.0917379
190,220,2.5,2.6592646
219,2,5.93,2.9389365
218,37,3.75,2.155689
199,244,0.13,0.10066286
199,131,2.73,2.586361
199,30,10.3,7.7514424
199,2,1.46,0.8485247
190,113,2.98,2.513507
190,104,6.44,3.1632946
190,26,53.5,54.756855
191,30,3.36,2.8879592
199,143,0.55,0.3647577
218,204,0.95,1.0112977
218,213,0.16,0.17770837
199,8,1.28,1.0241847
219,19,2.4,2.6634796
200,10,5.27,5.7841578
199,194,10.3,5.8602986
199,102,21.6,13.430144
199,81,5.67,11.605115
191,221,2.15,5.8224063
199,204,2.58,3.3299372
191,232,5.33,3.7084055
218,219,4.48,2.1362884
191,115,0.78,0.6897613
191,147,20.8,12.852106
192,0,4.71,4.6737003
199,101,12.1,11.127487
191,159,34.7,22.615328
199,152,0.3,0.24228698
218,197,0.18,0.21169737
199,33,17.7,11.458683
199,235,1.28,3.6028397
191,59,1.35,0.8920963
199,172,6.54,3.7189572
191,52,0.48,0.8501571
191,184,0.71,0.6478446
199,182,9.14,5.491432
201,162,1830.0,1285.5063
199,89,4.45,1.3537732
199,214,8.56,5.744754
191,19,0.5,1.4289095
190,241,5.42,5.963498
199,61,0.64,0.5930692
199,161,0.96,0.5303634
191,207,3.75,3.859655
199,53,3.85,6.0282035
199,247,1.58,1.4524587
191,218,4.87,5.3737917
199,74,2.81,1.7327554
192,7,5.58,4.950255
218,146,1.25,1.0593517
190,171,1.0,1.2422426
200,15,2.37,1.0314047
206,237,7.71,4.449333
207,161,7.99,4.6979146
210,229,54.8,12.471607
209,68,11.9,6.4534907
208,79,5.56,3.400807
213,57,12.3,10.031893
209,202,1.55,1.1146189
207,140,9.19,7.608456
201,50,1570.0,510.81155
208,213,5.19,5.8295426
208,243,3.04,0.66653794
206,213,198.0,257.88763
212,150,9.01,5.8212175
210,194,30.8,21.098902
206,153,82.2,55.246628
215,44,377.0,123.84151
215,231,2.82,2.7006621
210,218,47.0,12.7961645
210,184,24.9,14.671861
201,65,1590.0,1456.1772
214,107,14.4,10.907922
211,240,215.0,107.34968
200,219,585.0,546.96765
213,130,13.8,7.130538
209,33,2.98,1.8222033
215,18,342.0,128.54039
215,30,331.0,89.6744
209,49,4.45,2.3554065
208,205,4.27,3.6895604
208,159,2.56,0.79902697
209,24,1.68,1.0960693
210,132,1.21,1.6287214
208,124,21.6,14.01887
213,32,1.43,1.2460841
216,214,1.6,0.5498577
210,112,11.9,10.600635
214,53,2.77,1.1001478
200,246,776.0,374.48654
200,228,603.0,421.50296
209,9,1.53,0.48965362
210,86,1.39,1.1573982
205,44,5.95,1.777009
213,66,2.27,1.5513307
205,190,1.62,0.90557
201,36,1550.0,1246.1835
206,73,12.8,5.3081145
205,114,6.52,3.6481774
214,211,154.0,46.578003
209,221,2.93,1.4588377
216,156,38.6,27.23914
216,21,0.72,2.130531
212,171,11.8,8.981014
215,117,20.0,9.410721
205,97,1.36,0.8057052
210,143,0.75,0.8310847
210,58,3.39,1.0063062
212,187,2.66,2.7092974
206,99,27.0,12.959711
212,199,1.07,0.8971344
215,139,6.75,3.4761522
214,129,2.67,0.6582915
210,8,9.18,6.521478
211,90,2.86,2.7536108
210,208,41.7,28.052628
215,151,1.02,0.4900843
211,231,192.0,62.392853
213,200,2.1,1.0630329
210,146,2.34,1.525976
205,73,34.5,17.979675
200,212,562.0,589.4881
208,177,2.54,1.2255012
219,189,8.7,4.880107
210,96,6.13,4.7872663
206,246,1.39,1.3363346
205,134,2.41,1.8381345
212,202,0.8,0.6380359
208,105,10.0,4.7439985
214,43,1.66,1.9787911
211,2,7.64,2.6227632
211,201,69.2,29.713093
208,153,8.78,1.9988211
200,202,352.0,211.46455
209,141,4.41,2.458466
216,119,2.47,1.512192
206,83,20.5,7.0324564
211,62,6.26,7.1749916
205,176,4.62,2.2458916
215,234,3.59,1.662084
205,57,22.7,13.411162
215,86,7.33,2.9479241
212,18,286.0,142.06407
214,198,117.0,36.923454
215,73,4.34,2.7743719
215,219,0.58,0.47443435
211,45,3.34,1.9570712
213,8,36.3,8.945112
213,2,27.0,28.386492
216,101,4.71,0.8746187
209,184,1.8,0.8169315
200,234,718.0,282.91907
207,184,6.76,6.9015336
212,3,226.0,83.706535
212,133,2.5,2.5600884
216,9,2.59,0.75298756
211,77,4.01,3.66606
211,14,0.9,0.5964768
209,166,4.3,1.5785191
216,4,11.7,7.3561397
201,13,805.0,316.3469
206,227,219.0,166.00925
210,30,14.6,4.3654404
206,62,3.72,2.1076343
209,116,30.1,14.029545
205,84,2.46,1.9144282
216,56,34.3,19.278429
205,165,1.69,0.7470142
210,73,2.85,2.0584664
210,23,5.91,1.5914915
206,167,106.0,78.548325
214,77,3.68,2.0228658
216,194,4.02,12.681415
209,138,82.5,59.41315
201,21,811.0,213.09152
210,170,8.56,4.7364154
219,169,35.4,18.303066
209,248,6.07,2.604799
213,123,11.3,2.9397836
207,125,12.1,7.535736
206,180,120.0,52.15058
216,78,3.87,1.5580238
209,132,52.9,23.218502
206,195,164.0,99.58594
207,34,11.6,5.735524
213,116,0.26,0.705734
213,72,3.54,1.3026354
214,232,275.0,55.82038
212,224,1.17,0.55353963
213,92,10.1,4.5496593
211,22,3.81,1.4060527
208,139,2.54,1.0786815
200,197,339.0,360.7128
216,184,5.54,3.3882132
214,156,12.9,8.401451
208,23,39.8,47.13795
209,71,16.8,8.304708
209,219,3.38,1.2851406
209,12,3.48,2.42236
210,243,6.05,2.3769383
208,185,3.16,3.3127787
207,49,6.97,2.4553816
208,228,0.84,0.5913148
214,141,8.04,7.68363
209,102,25.1,8.628377
216,145,24.6,11.080135
218,176,8.1,3.4684792
198,60,31.2,26.586494
196,197,3.81,1.1925813
199,248,1.79,1.3069555
199,240,0.14,0.03715204
218,36,3.67,1.7434815
198,36,0.96,0.3331196
198,222,12.1,11.199122
198,248,1.3,0.5492299
195,43,56.6,49.67622
199,180,9.49,5.382581
193,143,19.0,16.768637
199,29,9.7,7.631408
193,38,7.8,0.59361845
197,15,22.8,11.093285
197,121,87.2,45.966255
195,249,14.7,5.843642
217,248,28.9,20.4741
193,13,35.7,4.936933
199,34,17.2,10.282168
196,175,2.83,2.3725126
191,58,1.43,1.4320085
196,121,21.0,4.4706607
194,143,2.77,4.2013726
196,27,2.07,1.8363
197,79,5.62,2.9407475
195,233,9.41,6.083313
199,52,3.62,1.865846
199,103,21.8,13.06628
218,122,11.8,5.0698147
195,198,12.5,6.8984356
217,235,7.68,6.2387304
192,119,0.35,0.29222247
193,223,1.04,0.6511542
197,7,11.8,7.0969787
218,75,15.9,12.018835
199,233,1.3,5.3896184
199,72,2.82,1.6520225
192,232,1.08,1.0976404
218,18,2.06,1.4051266
196,213,0.97,0.35560656
195,27,44.3,48.216316
190,81,342.0,147.18115
198,105,1.59,0.92885154
201,131,1740.0,2840.1519
195,56,74.8,43.14441
194,67,5.27,5.6354403
193,103,0.81,0.6043067
196,107,16.8,6.816637
197,96,82.6,41.966553
190,62,295.0,105.887794
196,187,9.6,1.0631251
217,8,11.8,3.925951
198,209,9.28,4.2062798
197,110,71.4,15.444865
197,91,39.3,10.717388
197,233,3.6,3.3101544
196,226,18.9,6.7143354
218,9,38.5,21.375618
218,44,8.6,7.0397754
192,190,8.64,7.067806
199,88,4.25,1.2094164
193,207,2.05,3.2204947
199,60,0.6,0.676125
193,136,18.6,17.663641
193,194,0.16,0.46984163
197,216,39.7,17.843853
199,142,0.55,0.43050548
198,237,1.52,1.230073
192,221,3.69,1.899479
199,159,0.94,0.48511383
193,73,10.9,3.3040593
190,164,1.32,1.20775
199,185,10.8,7.5478573
197,238,0.3,0.1839736
192,132,0.92,0.9517161
218,196,0.19,0.22897771
201,88,1570.0,1554.2468
197,224,2.0,0.7622174
217,229,0.71,1.1386931
198,176,6.13,2.799026
217,39,7.33,3.117512
193,2,8.26,1.7499946
192,124,2.07,0.90096223
198,28,0.53,0.232458
196,191,13.0,2.1366813
201,158,1840.0,1063.7402
218,31,2.13,1.4573811
192,197,1.0,0.36544552
199,80,5.5,22.20916
196,237,2.5,0.31550354
193,122,4.01,6.3729734
197,85,32.5,22.978334
197,147,126.0,45.30383
193,215,4.78,5.812324
198,7,2.8,2.4187672
193,129,12.8,12.278632
198,19,5.46,4.0422087
194,6,2.98,2.7643523
194,37,0.5,0.5085828
196,2,1.4,2.0060725
217,216,1.8,1.0754246
195,87,138.0,71.346695
190,34,194.0,52.070717
218,135,3.46,0.564812
197,52,1.5,0.32873324
190,38,201.0,71.22995
199,170,7.18,3.121642
193,44,1.94,0.09613234
194,53,0.94,0.6065114
196,236,1.33,0.3059261
198,97,2.93,5.8572764
195,139,378.0,131.22655
195,118,227.0,107.60174
193,242,5.34,1.4404138
197,39,1.48,1.135681
194,29,11.1,6.6291776
192,206,2.15,1.0023589
192,166,0.97,0.72472054
192,170,2.15,1.0228182
197,204,6.84,5.841301
193,186,1.83,3.115132
199,201,2.4,1.4408523
194,0,2.24,2.507092
196,64,1.7,0.9365954
198,49,15.4,13.876118
196,217,1.19,0.501703
197,176,1.93,0.45729724
197,163,0.62,0.28480485
194,20,6.7,5.9591994
199,100,11.2,7.983581
199,17,0.61,0.6235822
198,14,10.1,7.474441
193,178,45.1,37.361603
196,56,1.61,0.42592713
200,11,5.98,4.9189277
201,114,1630.0,303.66403
219,36,3.49,3.0176613
217,146,43.4,17.131481
216,131,2.31,1.1694357
192,228,0.66,0.94531447
195,95,187.0,64.07522
197,29,0.44,0.43611813
199,151,0.31,0.2696493
193,89,0.18,0.20315447
192,178,4.42,4.4672723
198,201,0.67,0.77208644
198,87,2.33,0.597479
198,42,8.45,4.543335
193,231,0.71,1.5293696
217,117,27.3,17.766687
190,47,266.0,192.93541
198,244,10.5,4.536519
218,27,6.34,4.1681075
195,104,213.0,65.39897
217,244,12.8,7.253916
218,90,1.9,0.91746426
193,62,0.89,0.29604548
192,89,1.42,1.456644
218,218,3.6,1.911132
191,226,2.15,2.0318108
190,70,300.0,112.41951
199,212,8.6,4.9640937
195,167,3.57,1.3494945
193,111,1.42,2.8328013
197,194,5.31,2.851449
197,64,1.53,1.2025689
194,13,4.85,4.041953
190,53,267.0,152.06268
195,80,133.0,44.221096
201,101,1600.0,1279.5378
197,133,121.0,64.48917
196,209,2.58,1.3968437
198,78,0.23,0.30144817
191,20,0.51,1.1873631
198,169,2.18,1.5801014
199,119,21.1,20.503504
194,155,2.08,1.4149706
194,165,0.58,0.51813346
194,179,0.79,0.21814919
217,135,35.0,24.021158
195,90,164.0,49.86499
193,163,40.5,14.957439
200,16,2.26,0.98402965
195,129,240.0,76.28183
219,20,2.14,2.4480543
198,70,2.38,1.0582144
218,158,4.24,3.5873578
194,86,13.1,10.929305
194,44,4.1,2.581177
194,100,18.2,14.691097
199,130,2.86,2.398921
199,7,1.2,0.80076545
190,23,84.3,47.04668
195,68,102.0,44.114433
195,1,35.8,47.422768
193,54,0.37,0.41155905
218,193,15.8,11.563722
195,12,55.6,20.284369
218,145,1.18,0.7665683
193,81,0.044,0.008215975
196,38,1.19,0.28478608
192,214,1.9,1.3167853
218,203,0.9,1.2612622
217,28,2.3,2.2247396
197,190,1.33,0.63784033
218,212,0.15,0.18073913
193,98,0.24,0.77171427
196,222,9.07,2.9497042
197,209,23.6,8.884894
198,0,0.39,0.20360605
219,3,6.17,2.9989645
218,48,13.2,5.184479
199,225,14.2,7.8608866
215,1,313.0,113.36773
212,130,2.17,2.5012984
212,94,2.04,0.63097036
206,247,1.32,2.2513824
208,29,41.7,42.82659
212,167,11.2,5.8490677
208,39,0.45,0.64602375
220,72,9.82,5.648616
215,21,338.0,121.333305
207,234,8.82,5.23621
208,10,25.5,5.477854
207,98,5.34,6.087589
211,150,21.8,12.858581
206,182,140.0,73.634224
206,4,15.5,12.280582
198,155,2.58,1.2410978
206,113,55.3,45.880962
206,130,62.1,29.781504
207,247,20.1,13.659162
200,213,655.0,428.4846
207,33,8.39,7.719735
215,184,2.01,0.8128629
206,85,13.9,6.0883913
206,142,73.5,34.385868
220,86,4.01,4.2375984
206,46,5.73,7.0892296
208,112,10.5,3.2669616
206,228,224.0,131.21696
207,217,4.56,3.3202782
208,152,7.25,1.6969208
211,117,8.93,5.5113325
212,186,2.62,2.2058914
207,187,7.83,4.31747
190,103,877.0,163.44572
207,114,3.12,2.6594172
211,170,26.4,22.997042
208,126,20.8,13.123671
207,143,11.5,7.784333
207,192,1.61,0.7027712
208,86,5.36,4.8288264
207,162,8.3,4.1607666
213,33,1.57,0.8685154
208,87,1.76,1.7360842
212,42,5.31,2.2646391
206,197,186.0,71.981255
212,39,2.59,2.0472765
212,216,0.76,0.33101425
205,213,2.04,4.768545
207,66,2.58,3.0828562
212,72,0.4,0.8660145
215,194,3.56,2.4120703
206,212,211.0,187.80757
207,123,12.6,8.837412
206,239,4.75,3.238027
205,223,8.3,3.2930038
208,52,1.46,3.0885494
207,80,3.26,6.106953
206,74,10.0,4.026167
206,154,89.6,47.558758
215,172,1.03,0.60134816
206,98,21.4,9.400951
212,244,8.35,6.2433586
206,30,3.04,6.930697
212,198,1.07,0.6683397
212,114,0.79,0.24808808
212,151,8.76,7.709928
198,148,18.1,7.6889277
208,59,4.62,1.937029
211,131,16.1,5.941379
213,203,1.89,0.8584958
219,139,4.87,2.5121653
219,0,5.33,2.9437492
211,230,179.0,144.05746
219,219,4.1,6.218873
219,17,2.31,1.5211762
211,15,0.88,0.53146195
192,26,4.26,1.7884247
208,229,0.72,0.6872363
220,35,0.47,0.7396806
217,187,6.68,5.053693
191,93,9.46,9.338968
219,65,1.94,2.5205963
205,98,1.21,0.8655422
192,157,8.61,7.8518453
192,69,2.36,0.89757323
213,23,70.6,25.638556
210,171,8.38,4.0736966
196,135,1.26,0.80018896
192,59,0.73,0.50994575
213,98,9.16,3.320192
214,8,4.35,2.801358
195,156,9.37,4.158658
219,178,2.3,0.7132905
219,110,19.6,8.941803
211,46,3.22,1.9644185
217,119,26.2,21.756487
205,150,7.42,1.5703781
208,206,4.54,3.4974823
217,73,1.93,2.517676
219,240,13.8,8.82404
195,149,1.53,1.701033
220,10,3.3,1.717683
208,216,5.19,5.1227784
211,216,150.0,56.89127
192,16,0.89,0.19989175
214,30,4.0,2.8515506
213,235,27.1,44.98908
195,171,3.33,1.0609728
196,79,0.79,0.5546056
214,57,2.96,1.3081701
196,95,6.01,4.0665007
209,10,1.31,0.6661541
214,63,1.46,1.3325685
205,45,4.69,1.2283664
194,221,6.5,1.9075307
205,115,6.07,2.8991902
219,77,2.2,4.5962205
213,140,4.53,2.323192
192,86,3.81,3.544904
217,86,10.4,9.163897
219,85,1.1,0.682467
217,175,4.32,4.031146
205,127,9.78,4.3009424
192,57,5.9,3.4960356
219,147,3.51,4.0657454
219,98,5.66,2.6938887
213,247,29.1,22.728832
205,56,23.5,12.43276
214,112,2.78,3.5890183
219,230,4.1,4.58506
194,211,2.39,1.8873296
194,232,13.3,16.091354
213,180,23.2,10.402617
213,50,4.84,2.1025028
194,236,27.3,17.946138
191,151,38.5,20.503693
213,102,0.28,0.30269176
208,188,3.96,2.361023
210,244,6.51,4.803568
213,151,14.7,5.970579
220,58,1.11,0.81336117
211,242,201.0,97.496086
201,161,1670.0,714.87897
192,33,1.34,0.7487602
220,0,2.49,1.4943701
213,124,9.77,4.268953
213,164,19.4,6.8291035
220,46,1.96,1.6847081
219,125,2.51,0.8855459
205,87,3.37,1.8299998
220,20,6.83,6.9881434
214,91,9.35,8.220292
213,225,22.4,15.56682
213,81,3.42,2.2098868
194,204,0.83,0.5394157
202,2,0.66,0.88687557
219,168,34.0,21.370764
191,70,4.78,3.1541543
208,173,1.9,1.8575529
192,39,3.78,0.5215513
214,17,5.46,3.536169
219,190,7.94,3.353534
217,98,17.1,14.222575
205,170,1.5,0.8939436
191,101,3.2,7.268976
205,140,2.19,2.9141297
194,218,3.34,1.8444564
205,75,36.1,12.128988
219,158,19.2,12.1700115
198,79,0.21,0.47162583
195,97,166.0,57.322784
198,177,5.88,3.6586351
199,128,2.74,1.87767
199,117,20.0,16.588495
198,106,1.58,1.0441529
197,90,36.6,10.956862
198,245,8.31,6.4327745
197,18,21.5,11.459728
199,169,6.4,3.5473828
199,90,4.01,1.1669985
198,9,9.71,7.068004
195,130,217.0,70.256355
200,17,2.34,1.2457573
200,8,2.14,1.4437302
196,227,16.7,4.7947006
198,194,0.52,1.587745
199,99,11.3,6.1225686
218,19,2.07,0.97343427
199,223,14.3,8.104737
199,231,1.33,5.2805033
197,134,117.0,77.01835
198,151,1.17,2.9887977
199,10,1.28,0.9536567
198,61,30.7,22.812096
199,79,5.84,18.011852
199,51,3.7,2.3693972
199,35,17.3,12.22221
198,121,3.56,1.6896044
199,0,1.26,1.0213093
198,228,29.4,21.078205
199,104,19.8,15.171263
199,215,8.64,6.6438284
198,210,9.2,4.378801
198,156,2.47,1.6452271
196,186,8.95,0.89071155
198,37,0.96,0.42425206
196,223,8.45,3.284787
198,138,14.0,7.0153766
199,183,9.09,4.708401
198,129,2.63,2.439791
198,50,14.9,7.964876
190,89,380.0,154.82516
198,27,0.56,0.24331588
196,234,1.23,0.42407933
199,20,0.56,1.0779701
199,153,0.31,0.7238985
217,233,7.62,5.068968
197,240,0.29,0.17708221
198,21,5.5,3.1459517
198,202,0.64,0.94196266
198,198,0.25,0.5832479
198,221,11.9,11.652179
198,89,2.26,0.43202898
198,43,8.27,3.308225
197,248,0.4,0.42374274
199,28,9.76,8.628049
199,160,1.05,0.4697092
199,242,0.15,0.07884319
198,190,24.0,17.443626
199,206,2.19,2.756752
197,109,67.7,15.045593
199,186,10.6,8.126679
198,72,2.31,0.97391564
197,95,79.7,52.2492
195,141,354.0,140.24786
197,123,84.2,57.074936
198,136,5.08,2.378014
196,244,2.26,0.2691613
198,238,1.59,1.1873704
197,84,31.7,18.013662
197,229,3.52,3.274586
197,203,6.8,4.89047
218,28,6.16,2.8106456
217,243,12.7,6.2146516
197,217,38.9,16.038015
197,38,1.43,0.9275888
198,180,11.5,9.852442
196,198,3.31,0.46075827
195,119,199.0,74.054276
198,8,2.81,2.7778046
195,106,189.0,51.66083
199,141,0.64,0.4639049
198,170,2.2,0.9369425
199,73,3.05,1.3680121
197,193,4.99,2.1091273
198,115,3.11,0.9601166
199,59,0.71,0.28304538
190,101,841.0,373.47095
198,98,2.86,5.6804647
197,210,22.7,6.4062595
197,225,1.98,0.7123325
198,146,17.5,5.5267625
197,146,123.0,54.70052
214,5,4.26,3.7940178
215,101,4.69,2.7022727
214,29,3.95,3.006536
213,80,3.37,2.8631806
214,64,1.46,1.5972542
215,185,1.79,1.042443
213,234,26.7,43.202797
212,71,0.4,0.1979434
216,58,29.8,17.160711
215,217,0.56,0.48834166
211,229,170.0,89.8941
219,188,8.32,3.2040367
213,162,18.8,10.19819
209,130,50.9,22.510029
212,4,205.0,83.370705
219,228,4.1,3.1562004
212,112,0.81,0.44824028
216,79,2.97,1.4884791
213,246,28.7,29.098906
214,233,250.0,40.662586
212,19,261.0,143.0452
211,116,9.1,5.14735
219,249,2.85,1.507427
210,29,5.14,1.6939884
216,213,1.52,0.6144769
216,102,4.71,1.3241673
213,190,21.2,10.053827
219,218,4.06,3.8936856
214,16,5.46,4.1582484
214,54,3.02,1.5732285
214,113,2.78,2.9433768
215,209,3.49,1.4314301
212,43,4.63,3.649391
211,153,21.0,8.2273245
215,84,6.17,2.9701314
211,134,15.3,6.388966
214,80,3.6,1.7549971
212,234,0.97,0.636945
212,132,2.28,2.1322837
201,68,1630.0,1565.3658
214,104,13.6,12.655139
211,215,146.0,65.564766
215,0,293.0,117.73539
213,139,4.44,3.0785658
212,218,0.84,0.440595
214,147,11.9,8.260122
216,17,0.78,2.4527023
213,223,21.9,19.518242
201,37,1620.0,835.85236
215,20,317.0,123.25604
215,152,0.92,0.24554376
220,9,3.25,1.6767406
214,86,9.35,8.449283
219,165,32.6,28.75569
211,241,192.0,95.34472
215,118,16.4,9.652529
210,56,2.89,0.68230367
213,97,8.6,4.0865536
215,31,321.0,152.9328
212,168,11.5,8.745444
212,153,8.84,5.8599715
215,124,5.78,4.491825
220,21,6.8,6.130334
219,239,14.1,7.234449
216,120,1.91,1.1078506
212,37,2.28,2.2731986
210,45,11.7,4.7183824
214,41,1.69,0.99741435
210,75,3.3,1.946724
201,51,1630.0,639.0773
216,2,10.8,5.0035458
212,96,1.99,0.86846036
214,130,3.01,0.5724206
215,48,373.0,111.59253
211,200,59.0,31.071468
211,168,25.7,15.714288
213,22,66.5,26.243828
214,140,7.71,4.258658
215,229,2.8,1.7560906
213,153,13.7,4.968569
214,210,139.0,41.11273
215,156,1.04,0.6133604
218,188,13.1,7.7944736
213,143,4.16,3.0466692
219,75,3.41,2.9554653
213,242,27.4,17.847641
218,61,12.6,5.5373945
211,247,183.0,60.254948
213,178,21.4,5.735758
213,51,5.52,2.5578594
201,166,1730.0,640.7122
217,166,3.52,1.8208468
213,114,0.19,0.3116851
219,111,19.2,11.346235
214,19,5.36,2.606192
219,128,2.48,0.67585456
213,150,12.3,5.3062806
201,145,1670.0,1834.5405
218,92,1.7,0.8424502
218,156,3.71,1.8438876
201,130,1630.0,864.38214
218,119,10.0,3.6867113
211,214,138.0,77.47317
213,83,3.16,2.5008914
218,73,14.9,8.805129
218,249,5.66,3.3681724
219,64,2.46,1.5166074
219,16,2.62,1.4160935
214,96,8.76,14.777182
219,141,4.99,2.143785
218,11,38.0,14.119338
219,33,3.36,1.6840835
211,228,161.0,85.00585
218,177,7.1,2.2984703
213,21,61.8,23.65454
213,169,17.6,8.893651
213,100,7.41,2.8774483
219,193,7.76,2.4238615
219,179,2.15,1.2381779
199,232,1.25,4.8889403
199,127,2.68,2.1114728
199,27,9.45,6.528448
199,171,6.06,3.8846004
199,187,9.93,8.714888
199,150,0.31,0.34555236
199,19,0.5,0.601627
199,87,3.81,1.757515
199,98,11.1,5.156531
199,243,0.15,-0.01219072
199,179,8.62,2.9692097
199,36,16.6,13.009276
200,18,2.19,1.0010058
199,116,19.9,17.373285
199,203,1.94,1.4478284
199,162,0.88,0.39830244
199,62,0.65,0.42774013
199,50,3.57,2.7140133
199,71,2.92,1.5171179
199,140,0.59,0.38611957
199,249,2.01,1.192532
199,105,19.9,11.631424
199,213,8.16,6.9396796
199,222,13.8,7.612484
214,28,4.01,2.0500612
216,20,1.4,1.11629
211,66,6.44,7.8516655
216,199,1.34,0.66232526
205,68,31.3,15.130254
217,89,10.4,3.4533956
215,45,336.0,102.08278
214,60,5.06,0.98815066
201,24,768.0,124.64109
213,177,20.9,5.1306257
214,4,4.26,1.7369272
213,79,3.5,1.8885976
210,128,2.2,1.4144598
211,18,0.92,0.3298823
205,142,6.67,1.9686013
208,201,3.15,2.936067
213,222,21.8,19.120703
205,100,1.17,0.85225123
216,62,1.61,0.94548166
205,85,2.84,1.3688438
219,124,5.23,0.9617424
217,99,17.7,7.817682
213,99,6.69,3.21213
210,233,5.73,4.624598
208,215,3.83,3.5374725
214,131,5.18,1.0888563
205,166,1.75,0.9223277
210,95,4.19,4.833225
216,143,16.9,7.6624722
213,20,60.8,21.577118
208,239,0.76,0.5931964
211,99,4.77,3.3894186
210,198,27.9,20.750553
217,165,3.95,1.1918099
211,213,136.0,60.7236
219,62,7.59,1.7281451
216,0,14.8,12.971671
217,72,2.1,1.0025542
211,23,3.17,1.9893231
205,136,2.38,1.5069356
211,1,5.81,2.3986375
214,142,10.0,4.2496085
205,46,4.24,1.083223
211,227,150.0,73.1093
213,149,12.1,3.8776824
210,183,23.1,13.43342
213,238,26.9,33.804604
200,247,725.0,196.94527
215,33,279.0,64.223526
214,65,1.92,0.78152835
205,58,21.2,10.907777
219,97,6.04,4.0736427
205,112,5.86,2.6982894
210,219,44.8,17.890594
213,138,4.11,3.961356
219,146,4.77,3.674317
205,193,1.26,1.0449661
214,15,5.46,2.241485
214,81,5.1,2.7235348
214,87,11.0,10.61633
210,116,9.2,8.43481
213,249,30.6,10.038365
216,186,6.35,2.6765556
219,156,21.7,14.42318
217,112,26.7,22.101358
209,8,1.2,1.1570013
212,22,247.0,122.9459
205,123,10.1,4.680773
214,114,2.87,3.6921244
219,84,1.16,1.2744308
210,147,4.16,2.7343028
210,228,54.3,18.78768
213,165,16.6,8.617656
214,106,15.2,6.0748463
211,75,9.59,3.486438
212,7,196.0,94.95364
215,230,9.78,2.5833147
208,186,2.65,2.8838882
216,172,2.14,2.5748882
200,19,1.85,1.6017396
199,207,1.7,0.7260749
200,0,1.76,1.1395193
199,245,0.14,0.11189296
205,17,2.49,4.25087
203,209,0.77,0.83606315
205,25,2.68,3.0394619
203,232,6.02,3.452977
200,191,250.0,66.741905
203,161,5.53,7.6705656
203,175,9.93,6.271399
204,96,105.0,62.606045
203,156,3.36,2.195983
200,167,107.0,111.43185
205,33,7.26,11.300597
203,196,1.71,4.121589
200,176,122.0,104.28797
203,110,0.72,0.32554856
200,184,219.0,128.86978
203,205,0.4,0.3584331
203,120,0.83,0.83217084
203,247,2.22,5.593676
203,146,1.69,5.056443
204,87,86.4,137.98775
203,7,0.54,0.57728845
203,104,3.85,1.9455462
204,92,96.0,45.277504
203,91,2.9,2.3321795
200,141,56.4,49.92127
205,28,3.9,4.405643
196,249,1.95,0.23077127
197,219,36.4,12.669869
197,98,72.1,16.918835
197,108,55.5,5.8868995
197,197,5.37,1.9684236
197,92,30.3,5.896645
196,221,7.17,1.8069682
196,228,9.8,8.556367
195,96,121.0,31.719698
197,86,29.5,20.126688
196,235,1.0,0.18375562
217,40,5.18,4.3683906
217,227,0.95,0.22561908
201,90,1510.0,900.61255
217,148,39.3,8.379769
197,53,1.0,0.62331146
217,53,0.85,0.47957993
197,148,0.34,0.14114459
197,66,1.25,0.7234575
216,229,1.35,1.4109358
197,178,1.3,0.3940739
200,38,0.4,0.41862893
220,123,0.38,1.9230056
203,121,0.66,0.92638373
203,173,11.5,2.3581653
190,129,0.43,0.48203814
200,64,0.37,1.7939354
200,171,122.0,35.325077
203,106,3.58,2.2443783
200,51,0.27,0.31075937
203,98,2.29,2.8645275
203,142,1.29,2.509368
204,207,11.9,6.811601
200,140,51.5,59.65469
203,233,5.5,1.956484
203,192,1.76,2.0930514
202,198,0.83,0.4401889
203,153,3.16,3.3339126
204,220,1.09,2.3767476
203,246,2.14,1.384579
204,127,1.72,2.260882
203,70,2.08,7.515103
204,137,2.68,3.4796817
204,114,0.58,0.59129286
203,111,0.71,0.2424306
203,208,0.39,0.39117813
203,217,0.78,0.6076216
203,9,0.41,0.61623675
204,59,30.1,30.628237
204,20,7.25,2.093137
204,156,7.48,6.356924
204,184,0.98,0.62389976
203,14,1.43,2.6528757
204,233,1.26,1.4218295
204,2,4.3,3.1441379
202,194,0.63,1.4257174
202,127,4.26,3.3026133
204,68,31.6,17.610258
220,108,0.76,1.4539833
203,182,15.9,6.9091463
204,46,10.3,8.320372
202,178,1.13,1.7791444
204,34,8.56,18.169395
203,166,5.25,7.2480283
200,163,98.5,68.65537
203,225,1.73,1.7056239
200,181,181.0,69.12915
204,103,3.35,2.0415726
210,216,28.4,19.628056
200,161,88.3,61.746178
216,154,18.1,18.786312
204,19,6.85,2.036391
204,154,7.14,6.275273
208,230,0.31,0.3380272
210,181,14.5,9.525281
200,190,223.0,79.49208
210,137,0.81,0.6843972
200,227,431.0,418.71347
204,175,0.81,0.5974112
213,163,13.3,8.976332
203,193,1.55,3.6363258
214,66,1.28,0.64775604
203,218,0.61,0.5491077
214,13,4.76,2.7876973
205,24,0.87,2.068502
204,241,22.9,28.55309
207,205,0.84,1.7073684
201,64,1090.0,709.2023
204,245,24.2,22.077906
203,143,1.3,2.842107
205,246,2.02,5.6493864
213,232,27.8,21.939497
200,244,569.0,225.576
215,29,208.0,77.76663
211,24,1.97,1.4239846
194,200,0.72,0.54741085
208,199,2.5,3.206828
214,52,2.06,1.1043437
204,216,1.07,2.0214922
204,86,98.1,63.798428
203,185,16.4,7.6420665
219,164,29.6,23.24621
208,191,1.9,2.6670244
205,143,5.05,1.6775196
205,37,2.81,1.3852174
205,167,0.91,0.87766105
204,77,40.1,25.26856
215,43,230.0,119.88041
201,48,1070.0,431.18073
210,174,4.85,3.304204
216,200,1.15,1.3371216
211,96,1.87,1.753994
211,234,103.0,59.870865
203,234,5.45,2.4377453
211,82,2.99,3.1831937
206,36,2.14,7.7272577
205,207,0.86,1.3337628
205,83,1.2,0.85427517
214,34,3.53,3.1310737
201,35,1070.0,659.6411
203,171,11.6,3.5252676
205,67,19.2,23.1764
203,244,1.94,0.46153417
205,3,0.4,0.97999215
216,98,1.77,0.7853836
204,67,34.5,18.945986
205,29,2.92,3.3847065
213,220,25.1,6.725167
216,116,1.57,0.3326396
210,97,3.01,4.7004223
204,95,102.0,39.715233
205,138,1.18,1.4341226
204,108,2.97,2.2529163
200,182,199.0,38.702263
215,249,7.41,5.377821
204,91,103.0,47.44818
210,148,1.55,2.2509987
210,206,26.2,21.567253
204,45,15.7,13.328615
203,224,2.03,1.240589
216,141,7.4,9.964601
204,33,8.71,9.990671
210,110,6.68,12.5143795
204,227,0.74,1.5863552
210,234,2.51,1.8038152
211,206,39.2,27.89683
219,185,9.15,4.94926
205,13,0.38,0.24683943
205,8,1.32,2.5318313
214,6,3.58,2.081392
204,128,1.59,2.0342643
210,226,34.7,18.834417
210,125,1.47,1.5712796
205,34,5.98,6.145816
211,47,2.05,3.4688969
204,3,3.62,2.2341094
205,121,5.58,6.944302
215,220,0.42,0.49962598
200,233,507.0,541.851
212,20,188.0,84.52214
213,244,28.9,23.707594
203,61,2.35,7.2845497
216,80,1.83,2.0146577
203,15,1.55,2.405753
205,189,0.72,0.6649502
207,79,2.66,4.3917403
205,95,0.7,1.0682446
205,54,10.9,6.2953973
204,55,32.8,57.832428
215,235,2.51,0.9982509
208,171,0.8,1.276628
201,10,600.0,205.83632
203,10,0.42,0.5210256
216,188,3.07,5.3658557
204,232,1.06,1.393162
211,7,4.01,2.2366412
203,206,0.34,0.4177164
201,23,604.0,290.0233
211,61,3.92,5.395901
204,138,2.5,3.9167707
204,115,0.52,0.7723994
204,249,29.2,17.91651
204,82,69.6,35.07036
214,39,1.19,1.8713188
204,174,0.035,0.19312274
205,19,3.2,8.966829
216,53,17.8,9.968462
204,208,10.4,5.938138
213,156,9.76,5.07143
203,99,2.4,4.7710447
200,173,94.2,41.728073
211,239,135.0,71.95185
211,20,0.33,0.35262626
214,148,8.22,11.860368
203,131,0.6,0.5835357
214,83,2.59,1.3648459
208,45,0.24,0.4245403
216,19,0.4,0.8561489
203,105,3.18,2.0339384
216,10,1.64,1.653591
207,218,1.38,2.6244035
216,182,4.02,4.883843
209,139,56.3,28.025715
220,128,0.51,1.268638
203,164,5.67,6.6405053
205,109,3.1,2.625476
210,144,0.62,2.2021227
213,142,3.28,4.714742
220,113,0.76,1.0484735
203,154,3.09,1.6554734
204,199,5.67,3.961486
201,165,1110.0,382.82886
219,237,21.1,3.5049214
218,246,5.02,3.4784622
219,13,2.9,2.017465
220,2,3.92,0.6352137
194,178,0.45,0.62858063
190,82,202.0,150.95659
194,102,12.2,30.729551
190,88,216.0,149.06555
194,106,16.1,10.607131
198,123,2.98,1.3567159
194,185,1.49,1.263145
194,190,1.26,0.8445607
190,99,452.0,193.64963
213,9,23.7,7.2175665
220,37,0.62,0.21905045
212,201,1.02,1.1181389
215,192,1.6,3.3986475
211,136,11.5,4.9630313
213,121,5.22,2.150419
214,84,2.27,1.3967602
219,226,8.88,2.274494
215,16,159.0,40.81588
215,214,3.24,2.6395345
211,224,91.6,26.344614
214,22,4.54,3.268663
213,15,28.4,11.402834
212,117,0.69,0.8371409
211,245,124.0,37.390507
213,189,15.8,6.469952
213,1,18.1,8.035129
219,194,7.83,5.357392
213,216,2.14,1.2797747
213,128,6.97,4.8478646
213,135,3.18,2.724983
213,233,28.3,17.787308
213,53,9.65,4.0236893
213,46,3.84,1.9817659
213,245,29.4,13.398911
219,215,8.83,3.8350668
220,56,1.24,0.5405335
214,33,3.32,1.6620138
212,134,1.42,1.4543945
220,25,6.32,2.9497554
220,13,3.87,2.8628702
213,115,0.2,2.2662098
216,1,7.37,3.6455262
212,176,11.0,9.187282
212,221,0.49,0.9580836
213,183,13.6,4.37482
212,243,5.99,3.0761495
214,244,146.0,56.68213
214,58,1.95,1.6875051
213,64,2.57,1.3903801
220,70,8.9,3.8829668
220,82,2.79,1.3774592
213,36,1.83,1.615318
212,227,1.2,0.5243802
213,77,2.71,1.0304357
216,18,0.45,0.6586524
212,235,0.82,0.84811336
214,164,7.73,9.501062
212,11,131.0,19.043392
213,167,12.1,8.691998
214,3,3.51,1.1104052
213,152,8.37,6.3146267
213,204,0.86,0.60236555
219,242,19.9,2.2766528
212,155,8.57,4.780692
215,174,0.76,0.7208858
215,46,196.0,200.67853
213,91,4.9,1.9546462
214,212,71.5,51.30518
215,186,1.35,1.5867196
212,149,7.33,5.501156
211,137,14.9,5.9530168
212,93,0.95,1.4286091
215,138,2.61,2.7478185
215,150,0.2,0.26990685
190,102,451.0,110.49234
215,157,0.61,0.4458666
212,110,0.56,0.5186451
215,121,8.43,6.752509
212,203,0.41,0.5867429
212,169,10.0,8.230388
212,44,2.28,3.088125
212,197,0.92,0.6747228
212,73,0.27,0.24980071
215,17,150.0,43.094067
211,128,11.3,6.0152693
215,207,2.67,3.0678265
213,37,1.43,0.6926146
212,35,0.97,0.8128464
214,230,131.0,41.333954
210,31,10.8,6.967073
214,248,136.0,67.804085
211,164,19.0,12.500905
212,185,2.36,3.101969
211,111,6.93,3.0251431
212,135,1.11,1.1662593
210,72,2.34,1.9023064
210,61,1.16,0.6060588
215,91,1.82,1.1937991
215,102,3.89,3.8179274
201,140,1070.0,588.6716
214,14,3.92,2.489886
215,248,6.49,2.9494603
220,17,5.46,2.9041674
219,94,4.16,3.4476707
213,42,3.59,2.3842342
218,103,2.29,0.61545855
217,174,2.82,1.7936051
219,79,0.76,0.77701104
219,214,8.72,3.3273818
214,105,8.63,4.400381
210,129,1.29,1.051979
201,12,646.0,158.57782
219,22,2.47,1.2542024
201,79,1080.0,94.38255
214,88,5.93,5.6475015
220,36,0.5,0.16619708
216,36,5.51,4.604639
217,185,4.57,2.1205442
216,55,12.6,6.505961
213,96,4.09,1.2026987
219,137,2.67,3.4511464
219,163,21.4,36.603733
219,243,2.39,1.1371111
218,63,12.0,4.7369537
216,81,1.24,1.0977521
214,115,2.31,2.6396348
201,1,615.0,274.27515
214,27,3.25,1.66118
216,215,0.9,0.47935963
214,56,1.45,0.8823519
214,135,3.91,1.9771738
211,212,82.3,16.428417
216,69,1.66,1.0194402
219,234,17.1,3.6897037
217,69,1.77,1.3542826
215,34,164.0,148.65302
213,136,2.98,2.8141112
214,149,6.49,10.891988
218,147,2.65,2.0359478
218,125,1.37,0.4474748
214,76,1.91,1.1603712
219,100,12.6,7.2905188
213,103,0.14,0.63516974
219,113,1.35,0.83632225
217,211,1.02,0.69956475
218,87,0.98,0.76131254
201,43,989.0,239.09445
213,231,27.6,18.345015
219,173,0.72,1.3750498
219,58,0.93,0.5742695
211,243,121.0,37.24432
216,25,0.3,0.7701151
210,102,5.24,9.3345375
214,38,0.93,0.9459555
216,99,1.18,0.32967097
220,57,1.18,0.55039114
217,21,0.65,0.8921819
214,7,3.44,1.3483932
212,8,126.0,72.1048
218,163,4.74,1.8831173
201,117,1030.0,433.66138
217,202,1.13,1.160621
213,148,8.16,4.227365
217,121,22.3,19.24543
219,145,3.04,5.6117496
212,23,159.0,50.4989
213,243,28.5,5.656805
213,175,12.7,5.2647066
219,220,8.7,1.3995504
217,158,2.14,1.187982
214,67,0.7,0.64384276
216,114,0.61,0.19649726
214,133,1.04,0.7213736
218,49,9.7,4.581557
216,30,2.73,1.7288058
213,157,11.5,7.8155756
220,11,3.19,2.8672414
213,78,2.48,1.5988721
201,55,1020.0,194.64445
218,178,8.34,5.344308
220,41,2.22,1.3194743
218,109,5.0,3.1811724
215,50,183.0,89.22688
213,19,41.3,5.949797
213,221,24.9,12.757822
215,222,1.81,1.2886153
219,155,13.8,4.103144
217,103,15.2,14.506904
201,69,1050.0,669.9948
216,63,0.72,1.0359046
219,66,1.19,0.8495758
210,149,1.05,1.5021257
219,184,6.28,5.757581
213,199,0.91,0.4512713
213,211,1.51,1.088457
211,225,88.2,23.6538
190,44,119.0,101.87801
194,78,3.21,3.16544
193,239,1.41,0.61358285
190,52,121.0,79.324295
193,177,20.7,25.595625
194,51,0.47,0.6147242
194,26,4.43,5.049114
193,53,0.09,0.18748227
194,116,0.08,0.08220278
193,87,0.11,0.1629801
190,61,133.0,63.43946
197,26,0.79,0.21065569
193,64,4.58,2.2172508
194,127,0.21,0.36707887
196,202,0.7,0.40587822
193,78,0.035,0.18134387
194,65,2.19,5.6187186
197,4,3.01,0.5972601
194,144,1.35,2.4588375
193,59,0.3,0.21420033
193,162,16.9,15.001644
194,42,1.77,1.5475949
206,248,0.88,1.018904
207,138,3.04,2.8033316
207,113,0.63,0.739936
205,210,0.97,2.238104
208,80,1.37,0.96598196
207,71,1.12,2.2898674
206,31,0.71,5.209491
207,163,2.87,2.0979247
207,40,5.45,6.2944407
207,17,1.48,2.2768552
207,224,0.5,4.467946
207,129,2.07,0.80421644
206,245,1.48,4.0956864
208,27,14.1,15.208597
208,110,3.96,4.584058
206,116,28.3,46.295403
207,186,2.33,4.4842305
206,131,31.7,25.001398
220,97,0.77,1.7920439
207,56,2.76,2.3225207
207,87,2.33,5.6387773
207,208,0.41,2.1267426
212,170,6.78,8.727735
215,148,0.1,0.5557883
209,171,1.37,0.9723458
214,181,28.4,62.106216
215,120,5.62,5.6337676
210,59,0.6,0.5202138
215,60,1.9,1.148048
209,54,2.98,3.828546
212,148,5.45,6.8145146
215,158,0.56,0.8622878
209,142,2.77,1.6328788
209,126,26.9,26.843077
210,25,1.96,3.3702753
214,227,86.5,34.525772
210,32,6.74,4.8826857
214,193,40.4,48.97823
212,217,0.29,0.53233397
215,187,0.9,1.5931393
215,87,0.95,1.414301
215,68,0.8,0.82603145
212,74,0.12,0.32161754
215,125,1.65,1.3080771
210,11,7.01,4.0360713
211,129,7.14,6.013358
209,236,4.45,3.426142
210,71,1.81,3.8055215
212,36,0.57,0.64002466
209,216,2.31,1.3245554
214,172,19.2,13.622925
209,99,12.0,8.327478
214,209,54.0,46.40542
209,196,1.02,0.7097083
210,89,0.58,0.49513233
212,131,0.74,1.4161557
209,72,8.17,9.832039
209,39,1.64,1.2351011
212,109,0.3,0.3293698
209,70,6.07,8.185129
215,103,3.02,3.0645866
214,243,96.0,67.48423
209,222,0.7,0.6500867
212,45,1.2,2.858943
211,138,10.3,6.120752
211,165,13.6,10.048618
209,185,1.03,0.4027277
212,91,0.66,0.82761335
215,205,1.57,2.4071977
215,14,108.0,44.882298
209,110,12.6,6.206966
211,114,3.1,4.124012
216,57,7.86,8.036597
191,195,0.78,0.7413749
191,32,1.19,0.79885787
216,68,0.53,1.2209903
200,133,33.7,29.029234
216,198,1.19,4.1500645
201,91,760.0,1185.3279
213,198,0.79,1.0437093
219,166,16.1,26.10713
208,189,0.62,1.5715693
205,86,0.77,0.8922455
190,17,23.3,46.744633
210,235,1.06,1.4867365
219,157,10.3,5.869266
211,25,1.16,0.5714679
218,13,25.8,20.502237
217,83,4.3,3.4704502
211,97,0.99,1.2972821
202,57,0.17,0.13146903
202,17,1.5,2.568977
195,205,0.82,4.3441205
192,37,0.37,0.40780604
213,108,0.09,0.54359275
190,28,21.8,49.210945
217,163,1.46,0.9182708
202,228,0.24,2.0637298
194,237,12.7,9.048366
191,188,0.31,0.6338028
191,43,0.35,0.8242564
216,117,0.27,0.46493226
191,105,3.46,3.8549955
191,126,1.54,1.5360332
195,213,1.26,0.7508802
219,109,9.58,16.445509
205,191,0.5,0.40572783
196,3,0.17,0.20450854
216,144,2.65,4.401463
217,97,7.58,7.8899255
216,33,2.06,1.5637478
191,69,1.84,2.1264515
196,101,4.05,6.193695
205,72,13.2,15.24788
202,159,9.45,8.629372
200,103,3.6,23.070353
219,186,4.05,7.8315554
213,176,10.1,5.7340226
194,207,0.95,1.0510588
211,64,2.15,5.549304
205,126,4.12,3.9288814
203,50,6.97,6.956604
217,177,2.24,1.6377441
196,119,5.1,6.808933
201,76,729.0,121.444305
195,221,0.027,0.0763436
200,146,38.2,38.894596
191,42,0.5,1.7410762
202,191,0.3,1.8628889
211,21,0.19,1.124722
200,113,8.6,11.415331
191,94,4.23,12.789689
216,129,0.48,0.9726527
216,103,0.59,0.51052874
197,80,2.92,4.1248093
205,99,0.52,0.86482966
219,216,3.64,1.5380322
219,83,0.66,1.4891721
191,82,3.1,5.394727
210,205,15.6,20.935417
194,249,15.9,16.63893
196,45,0.26,0.28263903
196,165,0.2,1.1674904
217,224,0.14,0.36365318
191,200,1.71,3.4107301
196,1,3.34,5.602424
191,110,0.55,0.858107
216,157,9.85,15.203674
210,249,2.59,2.446386
190,248,4.11,4.5621843
202,169,12.8,26.787981
196,162,0.35,0.20248969
201,176,0.92,0.978087
191,64,0.49,0.83040595
195,14,25.2,14.968411
208,231,0.19,0.20382023
219,177,0.48,0.82954687
219,140,1.78,1.4160789
202,37,11.2,5.378804
190,206,1.08,1.6499786
190,221,0.58,1.1048632
219,227,3.41,1.9173418
195,187,4.38,2.9601347
219,61,0.64,1.0310926
195,155,3.52,3.6072056
216,228,0.49,1.4872142
211,41,1.5,1.5045612
201,203,0.76,1.1958158
201,39,696.0,420.39053
216,82,0.91,1.3287563
195,177,2.6,3.5602715
190,155,0.36,0.39410615
213,44,2.69,2.6895585
190,11,18.8,35.56229
219,96,3.04,4.5345974
219,144,2.52,5.004277
209,7,0.16,0.28322762
191,136,7.0,2.8221593
217,10,2.24,2.07786
203,62,1.37,2.6805832
190,183,0.39,0.48252875
219,247,1.34,1.0307454
216,37,3.84,3.2407374
205,61,7.69,5.391069
217,186,3.81,3.1099756
220,32,0.43,0.2659631
213,95,3.2,1.1317586
194,224,3.59,2.6218774
200,248,426.0,354.0209
219,236,7.84,6.030674
205,171,0.68,0.81041706
203,90,0.31,0.77720934
197,62,0.7,0.53373885
210,195,12.5,13.362387
200,95,2.4,5.8597727
217,70,1.01,1.3050092
195,82,44.7,41.89143
208,202,1.21,2.288501
205,152,3.44,2.5133872
205,139,0.9,2.108906
202,6,1.08,1.0527159
216,70,1.08,1.7475996
191,244,2.55,6.8941507
201,229,2.49,2.7902954
200,43,0.2,0.38938823
200,63,0.21,0.73687834
201,182,0.41,0.39987373
190,128,0.18,0.75481325
219,114,1.05,0.58590883
203,32,2.59,6.062001
203,80,0.57,3.0944018
210,185,9.82,8.928917
220,42,1.83,1.4568949
191,149,9.5,14.8933735
216,201,0.35,0.38479564
190,194,1.72,1.2228065
208,218,1.17,5.307644
202,150,4.44,16.501804
202,106,2.68,3.4351337
197,172,1.1,0.6433782
195,28,21.1,15.820389
197,186,0.42,0.2995588
217,23,0.59,0.63776594
201,213,0.44,0.36824134
196,151,0.22,0.5143021
190,5,14.1,13.989344
202,94,1.07,2.2273927
200,81,0.79,1.6226257
196,82,0.31,0.41768193
201,239,0.87,1.1215959
190,162,0.58,0.52221173
217,42,1.86,1.0016571
196,68,0.4,0.378492
191,12,0.67,0.58594435
220,8,1.63,2.0446393
193,32,0.09,0.22651379
202,81,2.99,3.942965
201,185,0.27,0.99383783
196,43,0.12,0.2250683
194,216,1.11,1.9856158
195,57,29.4,25.212723
190,200,0.53,0.43836647
195,70,35.5,54.700947
194,202,0.54,0.5734202
201,56,700.0,48.977192
203,39,6.5,9.338032
190,227,3.22,4.041583
203,56,0.88,2.5708556
202,27,2.52,6.4613814
208,174,0.48,1.5340567
190,142,0.22,0.13541892
219,74,0.68,0.7202489
201,66,719.0,477.00854
190,136,1.62,3.5942316
202,137,2.85,8.5806675
214,162,3.28,4.5572724
196,30,0.33,1.2908986
197,149,0.15,0.27587584
194,228,5.64,6.3062086
190,219,1.71,2.5438704
191,213,2.44,4.7683024
200,75,0.32,0.9653612
201,28,437.0,55.980488
220,53,0.77,1.004422
220,18,2.95,2.1621919
195,197,6.03,4.9691586
198,183,15.0,12.834884
192,58,3.28,3.223558
192,60,0.16,0.53938156
192,83,0.82,2.240547
220,31,0.38,0.35354206
192,70,0.57,0.45124516
191,168,20.7,9.240715
193,31,0.08,0.22265364
192,151,0.73,0.9017029
195,71,31.4,60.55445
191,240,0.23,0.48638943
192,48,0.64,0.52668494
192,138,0.4,1.6827991
220,54,0.68,0.72314054
193,21,0.06,0.09623137
220,44,1.67,1.4408497
193,3,1.14,0.99030554
197,184,0.35,0.029561525
191,146,8.48,22.083458
197,177,0.87,0.4530492
196,69,0.32,0.37117648
192,245,0.16,0.52096224
197,160,0.1,0.20826028
192,25,0.81,0.6133124
191,156,22.5,28.995432
191,178,16.0,23.790628
192,156,1.65,2.6777089
215,208,1.13,2.8769386
212,204,0.24,0.5100306
212,41,0.41,0.7609825
212,80,0.08,0.43422958
215,191,0.67,0.81152403
212,92,0.43,2.0599332
211,163,7.89,8.4016485
211,110,2.94,2.5885222
212,136,0.6,1.9049063
215,15,71.3,49.583755
211,130,5.2,6.800604
212,46,1.02,2.1931124
211,154,5.19,4.347558
215,159,0.53,1.247664
212,175,5.65,9.10756
214,246,65.8,72.760704
218,104,1.23,0.68086815
201,125,695.0,571.5606
201,110,653.0,550.50433
217,200,0.61,0.23612127
218,139,0.5,0.40979573
218,161,2.5,2.0368865
218,6,19.4,18.608364
218,117,2.35,2.0462637
219,43,0.64,0.8259257
218,50,8.15,4.859991
217,214,0.74,0.35106254
218,179,5.92,5.9005766
219,30,1.89,0.95245296
197,188,0.3,0.116427235
217,129,14.1,23.140877
197,162,0.09,0.31595507
217,160,1.23,1.3286169
218,70,9.83,12.1994095
218,88,0.76,0.728076
201,141,662.0,937.5897
193,50,0.044,0.15281749
198,182,6.33,4.6581173
199,120,14.9,9.069888
194,146,1.12,2.671261
199,3,0.6,0.7972352
198,227,17.1,15.419651
199,91,2.26,2.51225
190,60,100.0,62.80885
199,6,0.92,0.5730643
199,184,6.46,1.4276315
199,77,4.98,4.7137227
199,26,7.23,8.0677185
196,248,0.34,0.12295125
194,55,1.73,4.8379717
199,18,0.26,0.43200967
199,70,2.45,1.6634794
217,237,4.35,4.7731256
193,105,0.36,0.75047415
197,212,11.5,3.9104798
218,17,1.46,0.7260533
196,200,0.4,0.26335657
197,218,21.9,10.994928
200,20,1.1,1.8334534
192,238,0.47,0.896997
199,234,0.72,5.868105
193,137,3.43,4.3319235
198,184,13.5,14.133085
197,106,37.5,6.541237
199,246,0.08,0.107493445
197,120,30.1,26.472427
199,65,0.31,0.3202877
192,192,2.27,6.0089974
197,6,1.39,1.2770736
199,188,7.74,7.374738
193,224,0.29,1.0233074
193,208,0.72,1.8543676
197,230,1.76,2.9671395
199,226,9.56,6.0573955
193,71,2.36,1.5348195
196,229,4.36,2.024379
192,222,0.71,1.5519719
193,91,0.024,0.29897255
199,163,0.6,0.41931695
199,106,13.3,12.644686
194,184,1.12,0.9024731
194,130,0.17,0.9453573
196,184,2.37,0.53191686
197,246,0.2,0.22375341
199,48,2.93,2.5944965
190,79,120.0,144.12526
199,139,0.41,0.4406031
193,195,0.07,0.40410352
198,235,1.18,1.1413832
198,154,0.23,0.51667106
195,128,62.0,28.975792
198,195,0.14,0.9917107
198,109,1.15,0.912623
190,87,136.0,156.91924
193,82,0.028,0.10290785
197,81,6.54,13.823524
198,211,5.27,3.6059809
197,201,3.03,1.7259804
198,132,2.68,1.0470773
197,239,0.08,0.08498357
198,126,1.38,0.65070796
193,63,0.15,0.097270705
194,35,0.08,0.30601224
193,161,14.0,16.115267
198,58,17.2,18.123072
194,28,4.15,5.6169376
199,37,11.7,11.819683
198,122,1.85,0.5027677
198,139,4.15,4.6374416
194,8,0.71,1.4637827
192,176,0.86,0.89697933
199,173,3.81,3.3633304
198,163,0.69,0.71808314
197,226,0.26,0.23382804
198,34,0.24,0.36523312
198,5,1.63,2.4113224
193,180,18.1,21.877783
199,96,6.78,4.9306126
193,248,0.46,1.1075337
194,21,2.5,2.8274539
198,51,7.19,6.232053
192,231,0.33,0.32812575
192,184,1.88,3.4229758
199,154,0.25,0.2741219
198,203,0.31,1.7130301
193,216,1.36,5.186586
193,130,2.95,10.114924
197,27,0.15,0.18275298
198,199,0.14,0.2379049
198,29,0.24,0.7179872
195,98,46.2,11.421822
198,114,1.01,1.5835279
198,88,1.36,0.5655717
198,41,3.22,1.4751161
198,178,2.8,2.6717634
198,223,7.01,7.951071
193,120,1.28,3.0003357
193,188,0.65,0.9272096
192,167,0.43,0.25081843
192,207,1.03,0.8106572
194,43,1.39,1.5261258
197,144,48.7,24.278519
194,87,4.84,7.8259854
194,191,0.86,0.97297674
194,105,9.5,8.535815
194,167,0.41,0.66929066
198,168,1.21,3.0022533
193,233,0.09,0.7086406
198,147,5.31,7.7856507
198,94,0.78,0.77222437
193,14,1.65,2.8885126
194,15,0.56,1.0581183
195,117,54.5,88.25867
193,240,0.91,0.70461255
198,71,1.39,1.4900551
193,112,0.44,1.1759114
194,180,0.22,1.5333068
197,37,0.14,0.6471743
194,76,2.6,2.9922485
194,101,6.99,8.665497
193,144,6.18,9.146206
218,25,3.46,2.9094014
217,242,8.22,3.6684785
193,97,0.16,0.4885812
190,98,272.0,210.8326
190,69,99.2,87.78642
190,54,102.0,73.53219
197,195,1.49,0.9513235
197,131,48.3,53.737064
194,118,0.04,0.25660372
190,46,112.0,160.40723
199,123,2.59,2.155903
195,137,123.0,110.40189
200,1,1.21,0.9953283
194,52,0.22,0.52431196
199,217,4.9,4.303183
198,243,6.56,6.5218673
192,212,0.27,0.24123067
192,200,0.17,0.4293638
212,138,0.66,2.1065354
205,245,1.99,2.5847538
203,140,1.91,2.8877804
205,14,0.2,0.55054235
211,198,16.6,38.23617
205,35,3.27,4.798788
213,25,0.44,0.4555915
205,30,1.34,4.454187
200,192,125.0,73.35424
203,237,3.72,3.0388706
200,175,55.3,37.36183
213,129,2.61,2.1275144
203,249,0.8,0.5385088
212,220,0.28,0.5183376
200,165,48.1,105.26338
212,172,8.08,9.237737
203,210,0.51,0.7688722
207,72,0.29,1.8200123
205,18,1.36,4.8241043
207,226,0.52,7.1154666
206,32,0.34,9.16819
213,54,2.55,5.3027844
203,227,1.07,1.0263034
205,71,11.2,19.0136
213,109,0.1,0.2167317
213,179,6.95,4.9252143
212,245,1.43,4.394873
212,154,5.07,4.5499754
204,83,49.3,24.459377
205,212,0.31,0.91105384
205,9,0.73,3.706319
207,206,0.32,2.2229679
213,14,10.6,8.658276
203,11,0.51,1.1252478
220,63,3.25,3.3472593
204,88,49.4,4.8296494
203,177,4.11,2.2566342
213,4,5.96,7.2014227
220,81,1.52,0.9941424
203,183,7.09,2.200283
204,10,3.99,2.6799796
213,101,1.88,0.6499352
213,63,0.72,2.4738665
203,71,2.94,4.343655
213,70,1.31,1.7139536
203,112,0.76,0.30937713
200,143,22.0,23.438526
203,204,0.55,0.5285324
213,0,3.88,5.307261
203,16,1.03,1.1979592
205,20,0.4,3.1151233
213,45,2.06,1.4699835
203,197,6.39,1.675715
213,188,4.98,6.3668656
193,61,0.14,0.1994543
190,68,116.0,170.0309
194,132,0.19,0.7061276
194,46,1.27,3.2333899
198,47,7.37,7.0920978
198,62,18.7,15.175335
193,79,0.026,0.066984236
190,83,133.0,226.40392
193,181,17.2,23.564312
193,90,0.02,0.24796654
193,241,0.9,0.8285827
195,115,55.8,72.77452
195,127,62.8,66.571945
197,142,49.0,18.8851
194,115,0.041,0.18636847
198,95,0.76,0.9740707
196,199,0.56,0.3901971
197,28,0.14,0.21970576
197,5,1.27,0.75237423
197,118,31.6,25.908579
198,86,1.58,0.7337922
197,135,50.5,63.799446
199,5,0.86,0.8642431
195,142,122.0,56.267475
197,35,0.09,1.2004077
193,52,0.045,0.17539547
197,105,37.6,3.6480267
198,69,1.71,0.87995476
196,238,0.38,0.06787019
195,103,51.9,62.902996
194,56,1.86,3.648195
193,72,2.32,1.7563572
190,45,82.7,101.76059
194,75,2.72,3.6570115
198,107,1.38,1.0256323
204,205,8.52,8.400752
208,37,0.06,0.37153786
203,122,0.48,1.1385084
205,21,0.4,3.415708
207,221,0.53,0.69437695
200,69,0.17,0.68089217
200,56,0.2,0.43800434
204,235,0.67,1.290985
204,246,17.8,12.228327
220,87,0.45,3.1956537
204,72,23.9,13.540038
190,132,0.17,0.481166
202,181,0.64,0.76842153
202,190,0.25,0.6334098
220,115,1.78,0.30835202
220,100,0.38,1.6231607
204,242,16.6,8.458
200,40,0.24,0.3203557
206,240,0.53,2.5050185
207,96,1.0,2.592832
204,157,3.65,8.91688
202,123,1.15,1.802808
204,22,4.41,3.1379113
207,53,0.59,0.7840815
204,48,10.5,19.04854
204,57,23.3,32.78692
204,35,5.92,9.087778
204,224,0.71,0.78922653
205,208,0.23,1.3878462
207,19,0.27,2.0956314
204,176,0.49,1.98181
202,199,0.77,0.6878673
205,0,19.6,21.033686
204,78,30.1,40.787933
207,84,0.51,2.9293208
204,118,0.3,0.9594954
207,8,0.25,1.2636299
206,112,15.0,29.768679
206,90,1.25,5.3484707
204,218,0.61,1.2898566
205,4,0.24,2.3301525
207,64,0.32,1.6971693
204,131,1.32,2.3361304
207,207,0.26,2.035655
205,247,2.02,1.7437991
206,103,1.49,5.7874627
206,33,0.54,14.152874
206,128,16.6,20.696848
204,139,2.47,2.621071
195,53,31.8,19.973532
191,201,1.81,2.3678703
192,13,0.19,0.22249871
191,41,0.41,1.1937923
201,98,552.0,542.2946
191,117,0.58,0.46907473
217,61,0.27,0.7629896
195,64,35.8,44.1463
192,4,2.95,4.5354095
195,148,0.47,1.1421876
196,39,0.18,0.19108456
203,63,1.05,5.999698
191,81,2.74,6.7283134
200,164,47.6,106.25284
194,215,0.73,1.8648056
196,46,0.29,0.18330024
203,22,0.79,1.5604892
194,203,0.52,0.8198804
204,188,0.49,4.7485247
216,133,0.69,1.1974299
204,134,1.3,3.8246255
195,77,45.2,24.718185
196,66,0.35,0.20375367
203,119,0.61,0.270716
204,30,6.97,6.396046
203,191,0.91,2.4707093
203,202,0.13,0.31796363
196,92,2.07,2.1583462
204,158,3.97,7.6813097
204,44,9.27,12.61318
194,222,2.49,3.910666
195,10,22.2,15.164795
191,160,16.7,33.59356
191,27,0.85,1.5930599
203,211,0.22,0.5195276
202,128,1.4,2.2573287
195,172,2.4,3.552077
203,141,0.49,1.1985698
193,1,1.62,0.872174
192,158,1.3,1.947088
218,7,20.1,19.52016
195,207,0.91,1.3230089
193,19,0.28,0.12863176
192,34,0.36,0.505443
204,119,0.29,0.99405116
192,243,0.63,0.53311443
195,184,3.92,3.0684235
195,153,3.44,3.5395477
205,151,2.73,1.9520804
192,61,0.14,1.1846836
203,163,2.84,9.5308075
204,206,7.39,10.113326
191,95,3.71,10.16918
195,170,0.8,1.4659312
202,172,0.85,0.5983723
195,196,5.42,5.2769475
194,208,0.83,0.8398374
202,8,1.16,0.6669367
204,238,0.59,0.63444805
194,229,3.9,14.658995
192,84,1.26,2.7197282
195,235,4.06,2.7084239
196,138,0.32,0.57470846
192,139,0.48,1.8247257
217,50,0.14,0.7228363
203,134,0.4,0.83704627
191,142,8.71,9.995338
196,158,1.21,0.25742596
200,151,37.2,69.63518
197,76,3.34,5.4979687
197,42,0.16,0.23444861
192,55,3.69,3.8084097
191,176,15.3,15.518457
204,195,5.16,6.372484
202,1,0.14,0.4092101
217,11,1.67,1.8083767
196,102,5.02,3.6627321
216,174,1.56,1.8426837
202,47,0.06,0.05768787
204,140,2.85,3.3398325
191,192,0.84,1.0276794
217,36,1.09,3.3266597
200,186,108.0,109.62612
192,71,0.72,0.65443563
191,245,2.92,11.521485
196,179,0.21,1.8733691
216,224,0.22,0.6904448
193,23,0.14,0.06546524
217,143,16.4,25.548212
195,246,3.22,2.5378275
202,60,0.12,1.3396918
197,159,0.05,0.15601109
191,236,0.25,0.31550887
195,212,1.37,1.0025201
191,167,18.2,19.949583
194,246,13.0,20.99996
191,48,0.33,0.93153083
195,40,25.6,29.129557
191,123,1.76,2.1942952
210,173,2.87,3.2278764
195,220,0.012,0.04400099
190,112,1.69,2.6407418
220,124,0.58,0.25638938
196,28,0.32,0.85793823
192,40,0.96,0.3989482
191,134,6.57,4.643701
192,149,0.66,0.9862207
220,109,0.31,1.489674
202,207,0.79,0.5264745
204,24,6.13,3.2847762
191,62,0.36,0.8737118
201,89,517.0,258.47144
203,109,2.42,1.3634055
204,105,2.06,1.8953402
190,121,1.28,1.2887746
204,11,4.07,1.3289837
203,176,3.93,4.6406574
204,0,0.74,1.1429847
197,164,0.34,0.35294896
196,122,6.51,4.793846
203,151,1.56,3.194249
196,15,0.13,0.31895575
196,83,0.29,0.53975934
191,212,2.85,6.649887
196,144,0.27,0.20633115
191,183,0.34,0.4615157
201,112,593.0,557.8278
203,235,3.58,2.2331538
203,8,0.21,1.5714265
194,239,11.4,18.809374
190,134,0.16,0.51384616
197,187,0.26,0.07631848
195,25,21.4,16.98015
204,164,0.16,0.13304056
192,22,0.72,0.6738839
199,64,0.35,0.23440273
199,115,13.3,7.291618
199,97,7.25,5.6474986
199,216,5.37,5.671266
199,202,0.62,0.67818606
199,129,2.04,2.9366336
199,22,0.26,0.34805083
199,189,7.38,6.425091
199,49,2.78,2.4787748
197,242,0.08,0.18180564
199,221,9.4,9.862714
217,232,4.07,5.489839
197,231,1.66,2.1599736
199,75,2.4,1.6528535
199,38,11.6,8.184893
199,107,11.5,14.896959
198,25,0.21,0.42653856
218,16,1.33,1.0951803
199,181,6.42,1.0616204
199,230,0.72,5.609866
199,86,2.16,3.1047204
199,149,0.27,0.33947265
199,158,0.57,0.39323956
198,239,1.2,0.8139443
199,239,0.08,0.10868532
217,241,7.46,4.5469675
199,32,7.04,3.4505935
218,211,0.06,-0.0012542035
218,24,3.22,3.8113396
197,205,2.68,1.9964153
199,168,4.31,3.173722
199,137,0.25,0.48569402
197,222,0.28,0.19716737
212,75,0.07,0.1414319
212,38,0.34,0.5173236
211,205,10.7,34.778343
211,149,4.28,4.0037107
215,193,0.5,1.7748557
211,132,5.37,7.4649925
212,98,0.42,2.5683067
211,166,5.49,10.1077585
211,112,4.45,2.9887986
212,115,0.11,0.19902562
212,47,1.09,0.6765248
215,211,0.93,3.3627472
204,43,38.0,13.610773
204,194,8.56,4.404169
220,129,1.35,0.34042755
220,114,10.7,2.219326
204,58,23.6,30.01372
204,17,12.5,3.0633972
204,141,7.27,3.4935203
204,31,21.1,5.0523133
204,109,3.46,2.2624056
204,187,3.74,1.6466441
204,219,1.64,1.8653661
204,69,26.7,17.341944
204,159,13.7,8.005603
204,122,1.72,0.4357406
204,135,13.7,2.5696495
204,234,3.3,0.8555507
203,132,3.66,0.36434796
204,204,12.6,15.370219
194,129,0.15,0.33586732
194,88,5.89,4.246896
194,114,0.04,0.17795496
194,66,2.75,5.0281324
201,159,548.0,711.98193
194,154,0.39,1.2270144
218,247,2.82,3.8788075
219,15,2.06,1.1933223
217,85,2.17,2.2093742
217,190,2.5,1.1477754
194,145,1.06,3.4799163
217,77,0.52,1.2365819
219,129,0.35,0.95139706
218,221,1.78,1.8245606
200,2,1.15,1.8758248
217,161,1.12,1.0214598
199,200,0.49,1.0152788
194,77,3.75,4.262072
194,168,0.39,0.81474215
218,144,0.51,0.8140892
200,25,0.99,1.759536
196,90,1.54,1.5452093
190,43,104.0,141.74524
192,128,1.24,1.385238
191,248,2.22,7.131028
197,129,44.0,58.615574
197,117,27.0,23.452274
194,171,0.17,0.4527915
194,99,6.36,12.006013
194,166,0.28,0.62848
197,36,0.34,0.67934316
191,13,0.3,0.071202874
192,35,0.4,0.35698965
195,41,30.0,35.852295
193,51,0.034,0.18088828
194,54,0.26,0.44590268
196,208,0.36,0.481487
196,192,2.81,0.7790989
196,245,0.36,0.09519386
192,112,0.28,0.7694635
190,214,1.62,1.0001175
191,36,0.44,0.91551226
195,0,14.0,10.459006
195,166,0.54,0.7660238
216,122,0.75,0.7579356
193,96,0.26,0.4212437
191,222,1.22,1.1544683
193,88,0.008,0.2033768
191,148,10.5,24.702314
196,76,0.29,0.2191183
192,215,0.37,0.21161689
196,134,0.31,0.6045039
195,136,123.0,85.67131
192,140,0.43,0.9565034
193,121,1.31,2.0127654
191,231,1.8,2.5802536
191,173,10.6,7.798131
195,108,59.3,26.179403
196,57,0.48,0.10435166
192,12,0.31,0.41465423
196,41,0.11,0.51236147
190,244,3.77,3.7674813
195,76,44.6,32.603928
193,247,0.38,0.43315515
192,161,1.79,1.1019429
192,113,0.21,0.4728882
194,30,0.07,0.2099739
190,55,108.0,93.01265
194,5,0.6,1.5882173
192,41,0.57,1.3199306
195,126,67.8,58.089848
191,202,1.85,2.9992561
196,127,5.01,6.5836062
192,21,0.64,0.55344516
191,135,7.75,7.951186
192,148,0.68,0.70715773
190,67,127.0,179.4387
200,30,0.24,0.44730425
191,129,1.82,2.313153
191,198,0.89,0.84016037
194,85,4.53,5.2517304
191,116,0.41,0.6713839
197,141,44.1,47.128197
195,86,46.2,35.53781
192,175,0.68,1.0171062
191,90,4.48,4.4397297
192,91,0.31,0.5777904
193,6,1.54,1.2194042
192,133,0.24,0.88906395
194,45,1.13,1.0602688
196,161,0.5,0.2550822
193,179,17.8,27.793074
192,56,2.99,3.198748
195,66,36.3,29.914345
191,57,0.41,0.25553513
197,16,3.51,3.963578
195,199,4.78,2.4231348
193,232,0.07,0.879393
196,26,0.43,0.5423345
193,160,14.6,22.923635
192,116,0.047,0.15187073
192,88,0.55,1.3942093
194,117,0.032,0.16496465
193,139,3.13,9.415617
190,33,115.0,79.57756
195,224,0.005,0.28061214
193,104,0.47,0.5942636
193,65,1.5,1.1494702
191,28,0.89,1.4889519
190,59,120.0,63.563965
193,187,0.53,2.0900526
191,51,0.28,2.0803964
192,98,0.87,1.9085574
196,106,3.76,3.3605244
192,165,0.33,0.32779002
192,106,3.58,6.8688335
192,204,0.66,1.1296375
193,200,0.044,0.06608928
193,80,0.018,0.0734997
194,27,3.71,8.800251
193,145,6.02,4.47858
196,177,0.27,2.1063387
192,97,0.22,1.0684694
191,227,0.92,1.141803
193,12,3.16,4.724349
193,45,0.14,0.14513938
192,62,0.06,0.27384114
191,78,3.59,3.553542
190,22,47.1,56.119743
193,222,0.19,0.8043758
196,185,1.26,0.553552
192,230,0.29,0.31257066
191,237,0.26,0.5420835
198,108,1.2,0.8503674
192,198,0.18,1.3535639
191,165,13.4,9.774197
190,78,151.0,153.05661
193,206,0.52,1.6052364
196,147,0.16,0.48807973
192,109,0.09,0.4525779
193,115,0.61,2.5095265
193,218,0.94,2.253334
192,189,1.83,3.600034
191,104,3.82,5.032578
198,99,0.64,0.95227015
196,201,0.54,0.049144275
195,59,32.7,28.362135
192,103,2.26,1.9111077
193,128,3.1,7.279923
195,114,63.5,73.86755
192,72,0.36,0.4403586
198,64,15.7,11.301955
190,165,0.8,1.6036812
191,182,0.43,1.0847548
192,3,2.76,2.1313572
190,119,1.96,1.9884238
196,70,0.31,0.53127676
193,22,0.1,0.06520294
193,24,0.13,0.11755751
192,246,0.33,0.2370705
192,219,0.77,0.9075513
192,179,1.27,1.5988499
193,39,0.83,0.6924318
197,9,1.09,0.6468517
190,110,2.64,2.5592535
191,215,3.26,4.5861526
194,128,0.16,0.28968602
190,37,104.0,41.4619
192,125,0.92,1.6411428
193,60,0.034,0.1237158
191,161,11.8,34.428566
198,52,6.64,5.136431
195,15,21.0,16.367062
197,25,0.1,0.27856585
215,58,1.68,1.876588
210,33,2.02,3.5462003
190,97,308.0,313.3753
214,208,27.6,30.92873
206,226,73.3,161.12335
209,237,5.87,3.5281885
206,45,1.35,0.8519526
206,111,14.3,30.997269
206,166,36.9,41.525017
207,63,1.0,2.4009979
209,38,1.69,1.9667366
208,125,7.66,11.536675
208,96,0.46,1.0940918
215,160,0.98,0.7723895
209,223,0.47,0.36042604
209,205,1.93,1.1496084
206,5,5.32,4.653398
198,133,1.92,2.0547354
206,179,40.9,73.9684
207,203,0.58,1.3207091
208,53,0.22,2.4697082
210,24,1.1,3.5927896
209,48,3.03,2.0307975
210,70,1.3,1.7649845
210,87,0.36,0.32285282
206,158,28.6,42.16581
215,119,4.45,7.291371
207,216,0.63,1.0570976
207,54,5.85,1.5817564
207,81,2.73,1.7341025
198,157,0.6,1.0823771
208,2,4.35,1.7122928
209,73,9.03,8.961066
209,131,28.1,17.502865
206,75,1.35,2.128442
209,111,11.5,5.547547
215,149,0.046,0.53896195
207,35,9.52,5.5736957
214,173,15.1,13.271274
220,88,1.17,1.1599016
205,209,0.7,0.86310774
207,97,3.59,1.6084536
206,194,53.7,114.82274
207,20,1.72,1.4857478
206,210,69.0,169.99593
206,20,0.88,6.575803
198,145,6.74,6.33654
208,40,0.13,0.71055394
214,226,46.4,42.15874
208,106,3.8,3.6366656
208,70,0.71,2.76528
200,211,419.0,187.29591
214,182,17.4,20.405176
205,215,1.82,1.1724372
208,142,1.08,1.6485206
208,154,1.52,0.92950135
209,186,0.96,0.7981886
207,164,1.47,2.657583
206,88,14.8,3.412448
206,242,5.37,1.406811
215,100,2.22,2.3865583
207,183,2.27,3.0859928
209,98,12.9,8.515221
209,167,1.9,0.7775307
198,185,11.6,10.543862
209,64,6.58,4.241281
208,22,11.8,16.270226
206,249,0.66,1.1837069
215,126,0.84,0.5111987
209,143,2.66,2.2767105
207,128,2.22,1.1594106
206,100,17.8,10.411641
208,11,7.96,2.9274888
206,127,19.4,22.652472
215,85,0.64,1.5847789
214,199,20.6,26.29953
207,235,2.08,4.2793026
209,197,0.8,1.0086318
210,57,0.47,0.93380857
208,81,1.04,6.861303
207,104,0.59,0.5612015
191,9,0.5,0.63063306
211,48,1.15,1.4618925
203,117,0.5,0.32877412
191,60,0.4,0.21991521
211,63,1.85,4.1819396
193,20,0.09,0.1533302
192,244,0.26,0.28669792
197,51,0.19,0.29253542
190,137,2.79,4.2524056
218,134,0.34,0.19672984
204,198,5.85,2.9921904
203,57,0.77,1.2014674
195,194,4.79,5.717678
195,65,32.9,43.489258
203,172,9.39,4.110013
201,181,0.44,0.6619368
204,4,3.94,2.4495928
190,8,33.0,24.514553
202,200,0.25,0.24438162
192,87,0.53,1.3810973
217,199,0.53,0.239313
200,174,112.0,58.455914
192,53,2.95,4.0458665
195,236,3.04,2.1027286
210,98,0.91,1.333875
191,77,3.27,3.4499154
220,110,1.07,1.1007348
200,76,0.3,0.7844042
214,158,1.67,2.545122
220,125,1.85,0.4483567
204,142,3.2,6.987075
196,160,0.54,0.38691592
202,139,3.46,3.841832
218,157,1.79,1.1083661
191,91,4.2,3.9176729
200,142,39.9,39.232437
203,48,14.6,11.377713
197,75,3.12,5.4533167
210,150,0.73,1.0980912
201,175,1.82,1.3846345
217,6,1.58,1.6087422
202,24,2.09,4.600256
190,150,10.5,12.228617
195,206,0.73,2.365505
200,101,5.84,13.412334
202,16,1.58,1.857387
192,73,0.31,0.39172286
201,201,0.63,1.0008955
202,158,9.06,5.8160725
201,160,823.0,498.25745
204,129,2.93,2.7242467
204,116,0.43,0.22275333
211,42,1.15,1.4122704
202,216,2.05,2.1493132
211,91,0.77,1.1361616
218,42,4.87,10.561529
218,8,17.0,12.836184
193,5,1.11,1.281674
190,143,0.17,0.14105405
205,69,17.7,18.11576
203,108,2.53,1.0823399
204,56,33.9,18.46002
196,176,0.24,1.5990831
203,17,1.94,0.91402936
203,123,0.76,0.9335229
202,0,0.15,0.42719704
210,236,2.49,0.87502223
190,24,33.2,35.732475
211,0,2.01,3.5316646
218,164,3.18,2.8234777
200,131,35.6,34.241222
196,103,3.54,3.5354114
216,142,2.8,2.9834235
195,248,3.54,4.5619106
191,50,0.28,1.4254955
191,186,0.39,1.0349354
210,207,13.3,27.429312
191,31,0.82,1.6383617
202,226,0.38,0.71780676
192,63,0.06,0.42504892
217,213,0.66,0.4697478
202,167,10.7,10.644606
203,245,1.53,0.93325883
205,96,0.54,0.7295928
217,62,0.12,0.34794256
204,165,0.13,0.050941832
200,88,1.87,4.3215613
205,135,1.12,0.6636833
217,38,1.24,2.2276301
203,184,15.6,3.3440807
192,14,0.28,0.21840362
191,174,10.3,12.364663
190,160,0.76,0.9767562
205,187,0.79,1.6625736
210,182,10.9,10.582817
191,194,0.82,1.2488244
191,125,1.72,2.1938972
201,87,627.0,300.75665
202,7,1.2,1.6166804
205,43,1.14,0.9589717
218,190,4.94,4.885143
201,49,587.0,513.8269
192,147,0.59,0.82558954
202,102,3.37,3.6311224
208,172,0.67,0.98814476
195,146,0.49,1.9617022
197,63,0.78,0.5720675
209,5,0.18,0.592075
210,193,14.0,7.5438027
200,92,3.78,3.814696
201,143,776.0,470.2925
201,38,595.0,354.60306
190,156,0.33,0.38032687
205,110,2.8,3.3484054
192,141,0.44,1.1164203
196,77,0.3,0.23236103
203,64,1.84,3.4942296
202,77,3.26,3.1579716
218,248,1.95,3.5452995
204,160,7.06,9.258116
219,14,1.27,1.0432097
211,79,1.17,3.1409304
205,55,10.7,7.315333
190,175,0.22,0.36670694
203,194,2.11,1.1173614
203,144,1.49,2.209926
197,173,0.24,0.31600514
201,169,1.15,0.19043422
202,58,0.12,0.18266016
195,165,0.52,0.7510029
191,37,0.42,0.80540687
195,211,1.18,0.749668
194,247,13.7,8.960195
194,223,2.37,2.4784086
204,217,1.76,1.3694195
190,213,1.45,1.8247988
216,31,1.44,1.4427963
191,144,10.3,24.06713
190,130,0.23,0.564475
195,78,41.5,31.89664
196,40,0.68,0.2934121
200,162,90.3,99.81364
201,126,766.0,99.97817
195,54,29.7,29.847258
216,76,0.63,1.100804
200,154,72.4,38.246227
217,144,11.8,21.6649
203,226,2.36,0.82294095
208,200,1.83,2.2773333
205,148,2.86,2.0484924
204,29,9.46,5.727113
194,214,0.88,1.7240641
217,159,0.99,0.47712916
200,39,0.42,0.30017808
219,44,0.62,0.5695366
200,52,0.23,0.49515605
200,65,0.15,1.9260701
195,11,21.3,23.975939
216,115,0.23,0.4441984
194,235,11.4,14.148922
191,157,11.8,30.56413
190,118,1.92,1.3456516
190,109,2.35,2.8881066
204,42,16.4,8.945495
203,162,6.24,5.933711
201,111,706.0,736.53143
202,95,1.16,2.167432
192,42,0.89,0.54107755
196,4,0.16,0.12414134
195,178,2.35,4.12988
190,3,20.0,11.514263
208,214,1.5,3.7615619
196,91,1.46,1.4273727
191,246,2.11,6.373428
210,227,20.2,20.876947
218,51,7.18,3.9257812
203,30,4.67,6.143686
203,78,0.94,1.42641
210,217,17.4,10.494953
216,202,0.13,0.3529421
190,228,2.61,3.1707573
201,194,0.37,0.40079096
217,115,6.86,15.105537
197,150,0.07,0.49641663
217,20,0.25,0.62352115
201,212,0.26,0.49313632
204,185,1.71,2.4188306
217,130,9.35,10.95987
201,63,585.0,848.51825
191,118,0.38,0.5451256
203,236,4.41,2.690495
194,230,5.1,6.9675875
200,245,504.0,382.77084
216,225,0.14,0.7419057
218,121,1.31,1.2340482
201,11,514.0,298.14523
190,196,0.54,0.42112672
218,105,0.63,0.82522494
216,91,0.65,0.77565634
216,195,1.69,2.2357264
216,155,8.81,17.467
190,181,0.49,0.824549
190,205,0.9,1.1340787
190,186,1.95,1.8129244
201,75,622.0,88.891365
202,45,0.06,0.08607265
190,166,0.6,1.1170887
201,230,2.1,1.6104145
205,122,5.4,2.9666884
201,22,518.0,133.61554
190,14,32.3,17.97744
211,17,0.27,1.287067
203,12,0.57,0.4678182
204,70,36.1,13.722502
196,24,0.41,0.34255993
216,132,0.64,0.91119653
195,185,3.6,4.153373
196,136,0.3,0.6451371
204,236,1.05,0.6922809
196,65,0.24,0.52069664
197,185,0.22,0.12791845
211,26,1.17,0.9076269
208,184,1.23,1.2983778
196,120,5.13,5.563654
191,132,7.44,14.43058
195,42,25.3,31.128193
190,222,0.4,0.34393078
192,38,0.39,0.22850469
216,104,0.21,0.5428728
210,168,2.93,1.8704549
202,124,2.95,2.567046
195,152,3.61,4.3727083
216,51,6.51,3.58005
204,21,6.35,3.1449447
203,212,0.5,0.72414774
191,102,3.0,4.8000283
191,166,13.2,7.7280984
190,190,2.71,0.7321576
200,110,12.7,13.359323
218,86,0.79,0.6463084
192,5,2.62,3.2256548
193,30,0.12,0.15047112
203,88,0.87,0.34322453
191,67,1.84,1.7507064
216,38,2.59,3.32058
203,152,3.99,4.198037
204,209,10.7,8.488718
217,51,0.31,0.5321249
203,203,0.35,0.19823648
194,201,0.54,0.52021384
216,170,1.39,1.0845294
191,14,0.25,0.07362264
195,222,0.006,0.62646073
208,240,0.19,0.17088272
204,102,2.21,1.1672428
200,82,0.42,0.8077969
194,209,0.83,1.0575908
203,40,10.6,13.628508
205,81,1.71,0.99313617
201,99,663.0,934.8654
218,71,8.21,9.425221
203,92,2.18,1.5471928
191,214,3.08,4.580296
195,26,20.4,23.047443
191,238,0.18,0.59715855
201,240,1.15,1.4307607
205,158,0.88,0.55250937
196,148,0.16,0.32693818
202,195,0.32,0.75157994
210,126,0.92,0.93733263
192,159,1.33,1.2669829
210,111,2.5,4.712891
217,223,0.1,0.46759143
202,179,1.04,0.84658504
192,23,0.59,0.5630427
202,34,11.3,6.6167626
190,245,3.82,5.118929
202,147,6.31,14.759527
191,108,0.6,0.9425099
196,58,0.41,0.10957679
200,183,214.0,77.64068
191,203,1.79,2.797471
219,31,1.18,0.58249974
209,224,0.45,0.33550203
209,113,13.0,7.757303
205,240,12.8,29.119465
206,15,0.29,1.5832074
200,220,336.0,262.9308
207,137,1.7,3.5322263
215,153,0.041,0.937263
214,214,27.4,31.538889
206,216,62.2,200.40262
209,74,8.26,9.101677
202,103,3.15,3.2417402
206,183,36.1,80.80574
208,143,0.92,2.1484122
200,50,0.28,1.5359012
200,66,0.15,1.5292648
208,60,0.61,2.9388895
200,111,11.1,12.1298
205,225,1.09,2.6583238
208,248,1.47,0.4577727
215,218,0.15,0.22841181
209,67,5.67,4.1684833
201,234,2.17,1.6570612
208,95,0.42,1.2936637
207,249,3.2,8.624322
202,210,0.42,0.1509255
208,160,1.98,0.84178233
211,211,25.9,17.334927
208,28,9.47,12.925419
208,129,7.74,7.772042
210,76,1.24,1.659289
202,79,3.72,4.858717
209,17,0.96,1.7714207
215,28,61.2,34.163437
209,25,0.33,0.98944086
200,74,0.32,1.171784
206,77,1.1,1.6406634
202,192,0.42,1.5567508
206,56,1.23,2.1896286
209,198,0.8,0.93032914
208,84,0.89,9.3906355
209,37,1.64,1.1477449
215,171,0.85,0.44464436
206,1,3.25,8.659977
206,13,4.33,4.0070577
209,206,1.82,0.9518505
205,244,2.03,2.5974784
215,42,66.4,91.825615
215,69,0.66,0.2394622
202,36,11.6,5.538972
212,6,41.2,36.728424
202,138,4.18,4.3925357
214,78,0.18,1.6263077
207,189,2.37,4.2196207
207,236,1.37,5.787908
205,230,6.03,22.653866
200,105,5.54,20.297022
202,148,6.92,12.197729
202,25,2.26,4.7633805
210,34,1.71,2.8072908
205,156,2.52,0.5404816
206,48,0.77,3.0183775
214,195,20.3,21.424517
209,187,0.96,0.67814296
205,233,7.2,14.309903
200,215,324.0,214.43982
206,230,68.2,84.142265
210,12,7.33,4.9369946
215,127,0.72,1.4834269
214,128,0.48,0.5888107
211,226,26.0,58.18248
202,162,3.41,14.664719
209,238,4.69,2.9125342
201,202,1.11,0.9945183
210,60,0.51,0.7700135
208,9,4.92,4.311293
208,223,5.32,5.9505315
209,100,12.6,7.8622727
206,199,47.1,128.7604
202,171,7.91,13.385516
214,40,0.22,0.5213283
208,111,3.75,7.1573563
215,88,0.64,1.7905333
206,170,32.5,50.36625
209,53,2.99,3.0266862
211,246,37.3,41.81019
215,22,55.2,92.69589
209,129,23.9,14.513697
211,199,10.1,22.056414
209,172,1.75,0.77801585
214,231,46.6,23.450945
208,155,1.52,0.99192595
202,227,0.47,0.39224854
210,28,1.1,2.4269173
206,63,1.5,0.61615765
205,179,3.87,3.58088
202,126,3.3,2.74066
207,165,1.52,2.1230547
209,144,2.65,1.6745472
215,105,2.01,2.497087
208,55,0.19,1.7421821
215,223,0.82,0.49580395
200,198,216.0,233.36833
206,52,0.42,0.72344476
200,203,256.0,97.80877
198,181,5.59,11.812799
198,171,1.06,1.7263141
197,247,0.16,0.27207953
198,22,3.22,1.1433098
197,132,42.8,39.449688
198,134,0.86,1.4581186
194,107,9.61,2.4288013
198,96,0.54,0.96596825
197,19,3.12,2.364158
197,202,1.88,1.7937506
198,242,6.65,8.44238
197,40,0.3,1.0687273
198,192,11.3,5.3817887
197,112,30.2,4.881803
198,150,5.81,5.1853533
198,229,16.2,14.254205
195,120,52.6,22.98753
198,236,1.23,1.1071649
194,186,0.92,1.0793729
197,211,7.17,3.284905
198,13,5.29,8.65872
199,9,0.85,0.7560521
197,232,1.48,0.97087705
218,20,1.0,1.0111363
198,207,0.28,0.5240025
198,200,0.16,0.19001941
195,138,110.0,80.33557
198,6,1.26,2.461831
197,241,0.07,0.14924595
198,63,14.5,17.57329
198,116,0.016,1.0814741
198,127,0.85,0.77685535
194,192,1.09,1.4105203
197,143,42.8,25.54116
199,1,0.52,0.468035
218,26,3.21,1.4411525
199,44,10.7,12.373145
190,100,257.0,173.17822
198,216,4.83,2.9168584
217,245,5.49,5.7674456
195,107,50.8,45.323227
199,21,0.24,0.53155166
198,196,0.1,0.34169468
198,153,0.31,0.45554143
198,110,0.95,1.0513706
198,224,6.5,7.609263
197,223,0.19,0.1800683
199,78,4.55,3.6168957
190,86,134.0,105.70615
217,234,4.09,6.246761
198,26,0.14,0.68418473
195,131,57.1,26.946373
198,140,3.29,4.918026
198,120,0.72,0.5342017
198,35,0.14,0.28731892
197,122,26.8,24.334196
207,0,0.17,2.4055674
206,241,0.9,2.1116319
206,87,1.39,6.50748
206,101,2.1,3.9235687
220,89,0.45,1.4186902
207,36,1.8,4.589596
207,55,0.98,1.2664808
192,36,0.36,0.23818348
200,114,10.7,15.90054
195,79,33.9,50.047382
195,179,2.23,3.803155
196,42,0.22,0.32192215
190,246,3.4,5.380858
190,16,39.9,16.205908
219,108,5.75,10.495956
192,160,0.85,1.6812742
200,94,3.06,6.813011
192,43,0.21,0.54569304
197,65,0.75,0.90765816
220,43,1.17,0.7314711
195,147,0.49,1.4305727
203,133,0.44,0.5961473
196,126,4.23,8.258381
202,105,3.32,2.8191743
190,225,0.38,0.31933168
218,160,1.75,1.4675933
192,150,0.47,0.6298902
191,208,1.69,4.8489933
191,127,1.23,1.9160668
219,187,1.21,2.770429
191,175,9.11,16.24213
191,196,0.61,1.3777431
196,93,1.47,1.197477
191,247,2.42,4.909757
196,5,0.15,0.11815251
191,109,0.58,1.0580425
191,103,3.1,5.690746
191,185,0.26,0.6257594
201,128,632.0,275.76532
204,18,3.86,2.8035624
191,49,0.34,0.75827855
219,221,2.03,1.9266293
201,192,0.27,1.3568281
201,113,602.0,602.6359
219,45,0.71,0.5239024
204,177,0.66,2.837181
219,76,0.52,0.22524874
220,7,0.51,0.5744827
197,157,0.09,0.50066894
216,203,0.09,0.3721328
190,229,2.36,4.183555
202,125,1.28,2.1871011
191,21,0.36,0.1692961
192,85,0.41,0.67682135
191,143,7.84,17.135262
219,213,1.8,2.4852746
190,4,27.7,12.381581
195,44,23.2,22.53609
216,173,1.31,0.9503005
190,30,42.0,46.07813
217,104,7.13,12.082057
216,52,5.47,3.2320294
210,172,2.64,1.7385763
190,161,0.64,0.7295008
202,9,1.2,0.8224672
192,142,0.38,1.5937107
195,67,27.4,60.89044
201,40,465.0,854.61584
202,201,0.16,0.25979435
220,55,0.39,0.57944924
190,167,0.89,1.4231827
200,77,0.32,1.0181717
204,161,5.73,4.4853387
214,159,1.66,3.3757672
195,186,3.35,3.7592022
202,80,3.75,5.447578
217,41,0.96,2.635533
216,136,0.52,1.301901
219,35,1.07,0.61654747
191,10,0.48,0.604996
217,52,0.47,0.34132275
216,32,0.86,1.62823
201,170,0.65,0.25151113
201,231,2.3,1.6982238
195,214,0.93,0.9448799
194,225,1.69,2.0461361
196,59,0.26,0.062803455
190,215,1.26,1.2630593
202,59,0.1,0.62369937
195,55,24.8,29.376379
196,78,0.32,0.28664628
197,43,0.19,0.6503226
192,24,0.55,0.5352808
216,226,0.14,0.60422707
195,154,3.98,2.2727685
192,15,0.45,0.3053889
201,142,608.0,1010.2249
216,100,0.19,0.45803273
190,157,0.43,0.14448063
204,197,3.15,5.014929
218,136,0.39,0.41017544
194,248,13.2,8.50946
201,86,468.0,301.51
196,137,0.23,0.6223991
197,189,0.22,0.18787694
200,89,1.49,1.9824936
195,169,0.57,0.60827976
218,191,5.66,5.0117726
216,44,2.51,3.1854682
197,175,0.2,0.24892755
190,177,0.26,0.21129106
220,34,0.25,0.18483204
218,118,1.63,1.3690082
218,106,0.73,0.88767266
219,18,0.55,1.0436579
219,1,3.1,3.5262592
191,38,0.51,0.448935
217,145,11.8,15.351231
194,217,0.93,1.1945846
191,79,2.77,4.3026032
217,7,1.42,1.5822011
191,217,2.5,3.8150415
190,144,0.12,0.12710872
196,178,0.21,0.7629217
201,204,0.38,0.7243779
190,138,2.11,2.7367983
218,72,9.32,11.786125
204,104,1.37,1.4086117
219,123,0.48,1.4065385
192,6,2.88,3.388706
195,29,18.7,28.362421
195,204,0.54,1.001595
190,131,0.17,0.6627833
202,180,0.69,1.3011426
202,26,2.09,4.6406283
196,164,0.38,1.0671867
195,237,2.91,2.2620192
190,151,9.15,10.345091
219,60,0.7,1.0162766
192,54,2.66,4.000725
196,25,0.39,0.46617818
192,74,0.21,0.33213708
194,231,3.9,9.2356205
202,136,1.96,3.980184
219,238,2.61,3.6319926
191,239,0.16,0.43447548
191,88,3.75,2.7139442
200,83,0.45,1.1922379
217,63,0.06,0.61113214
220,19,1.55,1.381448
202,170,4.96,15.256161
201,163,618.0,747.38464
190,105,5.48,2.4040842
200,54,0.21,0.35910568
204,121,0.76,0.24879794
190,10,38.7,37.319984
219,167,8.32,11.377158
217,225,0.1,0.12430677
200,41,0.2,0.2801786
195,247,4.49,5.4864645
200,104,4.59,15.807092
196,105,3.14,3.1584709
218,173,3.32,4.0354505
202,151,3.9,9.894467
201,177,1.18,0.9267751
192,64,0.039,0.08756594
190,114,2.61,0.8554547
200,67,0.16,1.3146361
204,132,0.99,3.0693572
191,61,0.48,0.45825976
219,138,0.79,1.2954661
219,248,0.33,0.64770013
191,158,11.3,23.456436
217,218,0.64,0.36438066
191,68,1.58,1.419994
201,215,0.31,0.333935
219,176,0.22,0.30603206
194,238,10.8,10.421892
201,102,557.0,652.3231
220,116,0.23,0.56427544
218,10,18.2,14.90952
196,145,0.17,0.58742076
204,50,13.4,7.7916436
191,29,1.52,2.4948037
217,22,0.29,1.5014699
190,191,2.63,1.2055645
191,169,11.9,10.123872
217,157,0.82,0.6018229
202,229,0.3,0.72374576
204,36,4.76,4.921638
218,89,0.84,0.7074834
193,25,0.1,0.11571513
195,13,18.5,17.913773
195,195,4.29,4.06627
197,78,2.99,3.9838443
196,67,0.27,0.72463244
202,160,4.18,1.3302752
201,241,1.24,1.687376
194,210,0.51,1.2378798
213,43,1.45,0.6281776
201,183,0.53,0.2849256
216,83,0.77,0.5546335
218,60,6.88,2.6825416
220,101,0.59,1.4245081
204,143,1.6,4.492551
193,4,1.24,1.1028397
190,182,0.41,1.0960413
191,119,0.29,0.51659626
202,193,0.29,1.5053418
195,223,0.014,0.06780559
217,131,10.8,18.526684
190,204,0.81,1.7795583
204,171,0.035,0.11395348
190,197,0.45,0.61945397
213,196,0.33,0.27620536
190,188,2.0,1.6447206
214,213,27.1,32.27303
210,54,0.35,0.4321215
215,137,0.55,0.34412667
209,239,3.68,3.2390504
210,10,5.9,5.301516
209,168,1.31,0.9294557
208,25,6.75,12.483727
207,166,1.39,2.7129576
214,229,46.1,41.581406
210,27,0.92,1.6330147
209,145,2.46,1.4510032
215,106,1.54,2.1806188
206,168,24.0,55.677692
209,128,19.8,14.511456
215,70,0.49,0.48574802
207,127,1.27,0.9738514
215,89,0.36,1.2926165
209,97,9.74,10.767891
214,194,17.1,14.912385
209,181,0.77,0.60186416
215,154,0.036,0.8254605
207,141,1.46,3.4361615
207,185,1.76,5.626203
209,66,5.07,4.907159
209,199,0.8,0.871286
208,85,0.56,4.258954
209,75,6.68,6.8388247
208,107,2.81,3.2909777
206,196,33.2,75.19638
208,141,0.82,1.6877892
209,217,1.69,1.2380034
209,51,2.82,2.5880811
208,127,5.67,11.48035
215,123,3.39,4.429869
206,181,25.4,38.083027
209,35,1.5,1.3264477
209,114,9.48,4.497378
209,225,0.34,0.5347674
206,155,20.3,42.684425
201,103,506.0,979.83887
217,26,0.29,1.1640548
197,67,0.75,1.0052897
217,162,0.75,0.52391773
219,21,0.55,0.9803081
219,4,2.75,3.4523745
218,93,0.67,1.745189
190,80,126.0,187.76265
195,116,47.8,101.73331
197,77,2.77,5.183013
197,44,0.17,0.49352765
217,116,6.53,11.870325
195,140,105.0,43.115402
217,5,1.42,1.774569
198,59,14.6,15.129743
197,145,42.5,24.234814
194,103,6.87,9.490558
219,47,0.46,0.53842634
218,123,1.49,1.3109845
217,212,0.58,0.46278173
197,41,0.26,0.58109033
217,71,0.36,1.3926284
198,48,5.97,7.432843
200,9,1.12,0.7271337
217,201,0.56,0.40520725
218,214,1.89,2.3555827
201,144,512.0,545.2393
219,115,0.38,1.6951051
216,227,0.12,0.4757408
217,102,3.13,5.69796
219,95,2.17,2.952313
201,157,515.0,498.75668
218,137,0.36,0.4065325
201,92,490.0,288.35754
217,189,2.49,1.759183
197,119,26.4,26.292105
218,107,0.74,1.1122687
218,175,3.03,3.4649453
217,173,1.24,1.0730649
219,112,4.66,8.642119
218,192,4.94,5.4178677
217,147,11.6,21.245897
197,130,42.1,45.411777
218,74,10.4,8.537916
199,208,0.39,0.8917243
217,132,9.84,12.2975645
217,84,2.08,1.7497851
219,32,0.97,0.7703329
219,78,0.23,0.50491524
197,17,2.91,2.3721802
201,115,525.0,1138.261
218,47,5.34,1.6492051
197,104,28.6,3.7513986
219,59,0.48,0.4877281
218,162,1.68,1.028394
201,129,545.0,289.29593
196,246,0.12,0.060600948
212,40,0.61,0.277474
209,226,0.31,0.4900625
198,158,0.4,0.9917804
206,133,24.3,17.39246
208,82,0.49,4.3501277
206,157,19.2,47.647823
208,109,2.52,3.9205415
207,70,2.58,1.9668342
206,84,15.9,2.0474246
215,128,0.51,0.43139303
220,65,3.6,2.08331
206,118,17.0,29.207561
220,75,0.61,0.7645273
209,127,17.8,16.334402
198,135,0.55,0.6990143
214,228,42.3,37.46063
206,229,47.6,74.900475
209,146,2.39,1.432413
208,97,0.26,1.0942364
212,156,6.3,7.466389
206,198,31.6,47.55062
207,193,0.4,0.28240478
214,249,49.6,103.91235
206,171,22.7,7.703885
200,214,182.0,168.35452
207,139,1.39,3.7698529
209,112,8.51,4.429552
215,19,53.8,64.95955
211,139,4.06,2.785249
209,182,0.65,0.6282442
209,50,2.74,1.5392066
207,237,1.11,2.3634229
206,11,6.83,5.7377944
208,41,0.04,0.7566929
211,167,4.67,6.7041655
210,35,1.37,2.2114732
215,155,0.03,0.6752128
215,90,0.3,1.3658944
215,170,0.76,0.67041194
212,97,0.25,2.3771768
209,218,1.66,0.8435684
206,21,1.09,5.3764853
210,74,1.37,1.2330618
209,65,4.27,5.167685
215,188,0.43,3.0498466
207,190,1.66,5.6030316
208,128,5.38,8.795445
207,175,1.3,1.7744149
209,76,5.65,7.65354
215,71,0.41,0.6604241
209,200,0.75,0.73135173
211,113,2.64,3.0631294
206,143,23.7,29.788387
214,215,22.8,28.842297
209,240,3.44,4.839754
210,26,0.91,1.6337439
220,90,2.7,0.605816
213,26,0.35,0.30396575
215,59,1.01,1.0173196
207,124,1.16,0.9493428
212,178,1.42,0.89099354
206,214,44.4,118.73114
208,12,3.48,5.707393
206,76,1.01,3.2662246
210,9,5.74,3.910882
198,186,10.8,11.850652
209,96,8.74,9.175169
210,55,0.32,0.86536205
207,101,5.93,1.0384119
208,56,0.17,2.2096603
207,41,2.88,2.8784325
212,205,0.58,0.38752323
208,61,0.52,1.3333799
206,184,24.5,37.03632
205,224,1.24,0.6408651
207,57,1.06,0.71106106
207,222,0.46,0.57781756
212,190,0.37,0.35207993
212,76,0.05,0.14147739
208,0,2.46,5.203741
209,169,1.21,0.96642494
209,34,1.23,1.198209
207,105,0.3,0.56907326
211,135,4.09,1.9351187
206,47,1.24,0.6279349
212,236,1.16,6.28726
214,196,16.9,14.243277
214,174,12.3,7.5696917
215,210,0.88,2.393571
212,48,0.9,0.5336511
208,156,1.28,1.2457864
208,140,0.84,1.9110976
207,21,0.44,1.1247951
206,238,2.94,1.9867489
214,183,14.3,17.728203
210,85,0.25,0.24598475
207,88,3.54,1.8263971
208,24,6.26,15.87295
215,122,3.14,4.571093
205,203,0.36,1.1666365
215,104,1.5,2.1105435
198,149,5.5,5.026947
212,139,3.89,5.0795646
212,118,0.55,1.4143621
212,111,0.11,0.2682981
217,101,3.12,4.6040387
203,118,0.48,0.18829988
210,197,10.6,9.637276
213,227,8.4,6.867273
216,84,0.68,0.7604332
204,144,2.16,4.8780003
213,49,1.4,0.990534
219,88,2.1,3.4906485
208,176,0.5,1.0702899
219,101,4.68,8.290534
216,175,1.25,1.1385759
220,47,0.97,0.7096057
200,185,93.0,76.46538
203,124,0.65,0.69255054
214,23,1.03,0.929641
213,144,1.74,2.2107928
210,130,0.75,1.0471171
219,67,0.71,0.16334465
213,110,0.06,0.22743006
204,186,0.72,1.3135412
200,166,48.1,79.01424
204,23,3.79,4.8067627
213,73,0.48,1.0389324
200,249,284.0,219.33061
203,165,5.41,7.6598663
201,67,451.0,513.62366
203,219,0.77,0.63438123
217,88,2.03,3.2529233
210,230,17.3,15.182062
211,235,30.3,28.8525
216,22,0.26,0.5099101
220,127,0.62,0.68967175
211,67,1.37,2.5894086
217,167,1.23,1.0141338
220,112,1.06,1.4724976
204,172,0.029,0.10255293
203,107,2.03,1.5952333
211,33,1.61,0.84027755
216,197,0.97,2.0992148
201,15,302.0,183.74394
216,3,2.93,7.2269645
203,248,0.67,0.27833092
214,108,2.74,1.5738671
208,187,0.86,1.7401721
215,51,66.9,102.69162
216,118,0.27,0.19692864
204,49,13.3,9.702611
216,146,2.15,5.8713875
210,220,14.5,15.479032
217,24,0.29,1.1164671
204,37,5.32,9.745647
216,204,0.09,0.30256143
203,228,0.88,1.9787823
214,47,0.09,0.73390466
216,54,4.9,3.0240042
205,102,0.37,0.5271297
200,144,15.2,30.813997
204,117,0.6,0.20327051
204,133,1.01,3.8194525
201,77,473.0,176.94402
220,48,0.33,0.788539
205,113,1.85,3.305262
205,88,0.74,0.65738684
201,147,526.0,853.7538
211,78,1.74,2.841672
217,76,0.33,1.2839341
219,5,0.53,1.0417707
214,42,0.19,0.6958645
213,132,0.7,0.69994336
205,70,11.6,15.300871
214,146,0.71,3.5709994
210,209,11.8,16.853039
220,26,0.19,0.17431176
216,71,0.69,1.2644995
203,207,0.15,0.4246659
205,192,0.4,0.20630866
203,238,3.31,2.7616465
203,155,2.75,3.9034848
205,124,3.8,2.0359118
216,34,1.4,1.8083167
208,241,0.12,0.30302453
210,113,2.92,3.1894972
205,59,7.06,9.922309
214,134,0.34,0.42062697
204,162,6.18,12.129574
211,19,0.14,1.0661446
213,120,1.09,1.7052785
204,210,6.74,5.522324
203,72,2.71,6.5237236
211,218,21.4,43.150776
219,50,0.51,0.43062517
205,159,0.55,0.41235265
208,203,1.18,1.4090829
203,195,1.06,1.385068
203,93,0.94,1.8935939
200,177,58.4,57.046227
213,212,0.49,0.84997064
219,209,1.68,2.4582968
203,145,1.08,2.7790148
219,172,8.11,12.682266
210,151,0.86,1.2284379
201,42,439.0,817.9547
218,238,2.96,2.0574625
205,149,2.7,2.0353432
214,71,0.09,0.7921543
214,160,1.81,5.2576895
216,39,2.19,2.9774725
210,186,6.68,8.993332
219,222,1.97,2.6693954
211,95,0.6,1.0325897
220,23,1.37,0.9701754
204,5,3.61,2.055825
219,130,0.55,1.6568897
220,3,0.45,0.73387086
216,64,0.36,0.69059324
214,121,1.38,1.4714514
219,149,1.69,2.237033
213,158,2.16,3.9868798
204,73,25.6,6.4343905
209,6,0.11,0.368078
212,21,46.1,55.51469
214,0,9.28,12.86246
203,13,0.44,1.0861841
213,85,0.8,2.832132
201,52,450.0,1005.27484
210,99,1.02,2.219262
201,26,304.0,164.00859
216,158,6.34,9.9088335
219,192,0.92,2.2437627
212,5,34.5,43.14582
203,174,3.5,3.421486
215,32,60.2,66.55442
200,156,36.7,49.204075
211,3,2.41,1.5434248
219,151,5.11,4.5248427
219,235,2.54,2.6699798
204,222,0.59,1.8057274
211,43,1.05,1.5886171
213,197,0.34,0.23537093
205,47,1.21,0.8567117
216,105,0.18,0.696419
204,196,3.32,2.52052
203,23,3.07,1.2638006
213,170,2.69,8.711525
203,181,7.45,5.3334327
214,82,0.18,2.0969033
204,106,1.55,1.202025
204,61,24.8,25.756725
219,116,0.47,0.89895046
213,16,8.65,12.018373
219,80,0.44,0.7109042
218,38,5.46,4.9817233
197,227,1.51,1.1494292
198,10,5.42,7.4724107
217,246,14.9,14.773729
194,170,0.18,4.6730423
197,111,30.8,1.8364092
199,66,2.49,2.0144389
217,249,16.7,14.220427
196,214,0.13,0.17410606
199,39,10.9,7.650706
199,63,0.56,0.20178835
197,235,0.09,0.12641104
198,23,0.1,0.22363423
217,236,4.09,5.34056
196,210,0.036,0.09496541
197,206,11.2,4.1012087
199,54,2.97,1.8414131
218,210,0.06,0.12565781
218,205,0.65,1.1167367
218,198,0.17,0.23148048
196,231,0.1,0.2834138
199,31,6.97,6.283504
196,224,1.17,1.0894836
218,15,1.2,1.2393147
199,144,0.34,0.44841424
197,88,3.4,3.7538586
194,147,0.81,1.8063459
194,131,0.15,2.1522973
195,92,40.1,50.996574
197,94,26.0,24.763771
198,231,1.15,0.6045306
197,213,21.2,14.077692
198,20,3.23,1.4604528
199,108,11.0,9.984913
197,198,1.82,1.6569034
197,191,0.8,0.88810974
218,35,2.54,2.8028414
197,179,0.24,0.026990226
196,218,0.72,1.266878
197,82,4.16,2.675704
195,88,35.7,52.67138
199,133,2.23,1.670524
196,203,0.25,0.31193492
197,151,0.1,0.36871052
199,11,0.23,0.38415775
218,29,0.53,0.45872292
218,21,3.38,2.5467286
217,238,6.26,4.929379
194,89,4.1,3.93547
218,140,0.56,0.64152116
197,165,0.13,0.20321931
199,174,3.66,5.257212
199,122,13.6,5.4707017
197,220,0.26,0.18327233
207,220,0.46,0.5237612
198,187,14.5,10.63101
207,194,0.56,0.14879069
205,205,0.31,1.0529
206,91,101.0,2.0373623
207,10,15.7,0.9465887
207,102,16.9,0.7845466
207,38,34.5,3.3563523
206,104,116.0,2.8084085
207,24,2.5,1.403011
207,83,9.73,1.9568043
207,52,22.1,0.94119287
208,42,0.034,0.5509648
207,69,13.2,1.7576268
206,22,0.44,7.3705764
206,119,91.0,26.063747
218,148,1.8,1.2317438
214,97,1.96,4.1920013
216,40,2.61,4.355802
217,191,0.55,0.77991545
210,103,2.9,3.320133
217,64,0.47,1.2054179
216,85,0.71,1.1681379
210,152,0.61,0.59269494
217,12,0.32,1.1975343
217,204,0.55,0.34992883
218,239,3.02,2.0079098
201,34,386.0,863.21185
218,77,10.5,7.1414995
216,108,0.27,0.39086556
219,117,0.74,0.7465767
218,126,0.37,0.22967453
219,6,0.54,0.75352424
201,2,256.0,179.3287
218,95,0.73,0.48025435
216,93,0.17,0.5281268
216,72,0.55,1.4876833
214,116,1.46,1.7017257
216,46,4.54,4.067974
218,165,3.23,2.377023
218,124,1.53,2.183095
218,180,5.01,6.445795
219,152,6.27,5.3679566
217,122,10.0,9.3238
211,68,1.26,2.473712
217,179,2.69,1.3292677
217,91,3.27,4.76451
201,148,489.0,600.8299
201,54,394.0,583.67523
218,62,7.32,1.4781014
219,150,1.66,2.6354675
218,46,5.46,3.6228118
201,71,415.0,158.27267
201,57,394.0,285.888
219,87,0.47,0.6772647
210,117,0.75,0.7158507
219,51,1.3,0.36884937
217,105,6.94,11.889069
214,150,1.7,5.6886477
217,168,1.21,1.5339023
218,94,0.82,0.99808997
217,78,2.13,2.3953161
200,236,247.0,208.4984
201,104,460.0,593.25446
219,37,0.82,0.47725838
216,205,0.1,0.19376561
218,0,23.0,15.651626
216,65,0.39,1.3250648
217,149,0.67,0.25950772
211,92,0.72,1.3254348
201,118,490.0,303.07697
216,26,1.54,1.4310827
194,23,3.35,7.990656
194,80,4.18,8.555581
192,191,1.52,1.6062474
194,22,1.62,3.0124161
199,40,12.3,6.4792047
195,109,44.4,70.62023
194,7,0.51,0.75985664
193,225,0.18,0.4381138
194,135,0.88,3.5940688
198,225,21.1,8.585649
198,249,0.69,0.5472124
194,109,0.034,0.14080392
193,106,0.54,0.61228204
190,56,108.0,86.60357
199,195,0.7,0.7500217
192,168,0.25,0.21647303
198,124,0.89,0.8239261
194,36,0.06,0.38176388
198,55,14.4,11.151186
199,190,8.29,6.2494583
192,220,0.58,1.2741815
193,249,0.35,0.9371473
192,196,0.12,0.39600992
194,181,1.1,0.9903525
199,92,8.28,5.075176
199,178,7.17,1.1649345
194,47,0.23,0.48639923
196,239,0.1,0.06646878
193,173,15.0,25.580296
194,58,1.72,2.451969
199,45,2.87,3.4375167
198,90,0.5,0.34181935
193,156,12.8,12.605354
195,99,43.4,43.69074
199,4,0.94,0.64625746
192,174,0.6,0.5276824
193,113,0.68,1.9514508
190,63,107.0,72.17503
193,8,1.24,1.7086915
190,84,140.0,76.75274
193,235,0.43,0.61671513
193,196,0.06,0.10209874
199,12,0.23,0.3888384
193,57,0.035,0.032697342
199,76,5.37,3.5234947
193,189,0.5,0.83924127
194,68,2.66,3.030002
193,146,4.97,8.339731
197,10,2.54,2.8999865
199,138,0.4,0.4245478
194,38,1.08,1.1420068
198,141,7.06,4.279721
199,67,2.56,1.633593
193,201,0.042,0.01220125
198,66,1.56,0.44764316
199,132,2.57,2.5088031
198,117,0.61,0.29740623
197,99,27.7,4.4104285
199,164,0.66,1.339282
193,99,0.27,0.7032255
194,14,0.49,2.1743245
193,66,2.0,1.9771528
197,113,25.7,24.184013
199,121,15.7,9.124796
197,124,39.3,34.762478
190,48,144.0,57.069733
190,91,234.0,165.33282
193,131,2.67,7.0458446
197,20,0.14,0.34839642
193,138,3.57,4.2532263
198,159,0.81,0.68605
192,205,0.71,0.48898017
190,71,124.0,105.12833
194,172,0.19,0.6121314
195,143,101.0,53.98089
194,92,6.12,14.8922825
199,55,0.54,0.20501095
197,30,0.21,0.6728412
193,123,1.5,2.075848
198,100,1.03,0.57898843
192,227,0.27,0.3918681
198,111,0.15,1.1588026
193,217,0.78,2.0093334
193,210,0.42,1.1092004
190,39,157.0,127.69494
194,187,1.13,0.810882
194,148,0.3,0.97637594
197,136,41.5,19.249615
199,148,0.22,0.20167771
193,234,0.08,0.6592884
199,109,13.6,10.8852
193,46,0.049,0.123736806
192,213,0.21,0.25296158
199,82,2.49,2.012508
192,236,0.4,0.7269182
193,83,0.025,0.3199141
198,82,1.76,0.3490531
199,23,7.73,6.6366754
193,74,0.02,0.04725589
195,121,49.8,51.88116
194,122,0.2,0.49180838
194,159,0.17,0.7690052
192,180,1.24,1.084437
194,104,9.38,5.9066215
197,0,0.77,1.0468881
215,195,0.71,2.5672033
212,225,0.15,0.63661695
215,175,0.32,1.684767
202,184,0.38,1.3430187
212,247,2.59,7.103263
211,140,3.82,3.071205
200,70,0.55,1.0369585
212,206,0.69,0.3356673
212,229,0.09,0.76494396
212,191,0.37,0.23268677
220,76,0.55,0.73908454
213,194,0.34,0.35596663
211,173,4.25,6.249571
202,211,0.57,0.28228962
202,18,1.59,3.191889
202,163,7.75,20.375942
202,28,9.33,8.950561
201,225,2.34,2.5492058
201,235,1.14,1.7052985
201,195,1.14,1.0857638
212,99,0.09,0.18978335
220,49,0.31,1.3314462
202,141,5.19,10.406054
200,44,0.35,0.39643818
202,152,5.73,6.632223
200,32,0.23,0.22255376
200,134,30.3,60.75369
203,33,6.24,19.50407
202,130,3.07,2.8120477
213,71,0.31,1.4502982
211,119,3.81,1.8203387
213,171,2.53,6.42004
202,13,1.23,2.3533225
200,125,31.9,29.634235
200,57,0.35,1.1194992
220,27,0.18,0.25920773
220,60,2.21,1.8698189
203,42,7.61,12.837595
202,72,5.38,3.6021676
213,117,1.02,1.5802386
202,218,1.2,1.7494226
212,189,1.38,0.56479526
213,11,4.29,6.949751
213,185,1.84,6.1094646
212,237,1.24,4.5970902
212,25,0.29,0.4177634
200,96,11.9,22.880959
201,171,0.97,2.329351
212,49,0.7,0.87298995
213,125,1.26,1.3689913
202,173,1.39,0.8865486
203,51,0.57,1.3937763
190,122,0.33,0.5510414
211,194,8.88,16.62828
211,100,2.63,2.2251863
212,61,0.06,0.16378419
212,140,3.72,2.9709523
213,86,0.75,1.2222215
202,118,0.96,2.3265922
203,81,0.29,1.4331539
212,137,0.51,1.1467116
212,157,6.53,5.387142
212,81,0.34,0.7945017
214,247,43.1,116.37312
220,126,0.22,0.5965003
213,60,0.28,1.0766169
203,29,3.11,4.6851044
202,220,0.92,0.7526104
200,106,21.9,19.78506
213,38,0.41,0.5326046
203,82,0.58,0.42131376
202,96,2.48,2.8282402
213,5,3.53,1.6392736
201,186,0.32,0.21865956
202,88,0.99,1.6332153
220,111,0.5,1.5077976
213,104,0.06,0.14210202
213,55,3.69,4.5242114
192,224,0.27,0.35644463
193,75,0.02,-0.00088177464
193,116,1.48,2.305581
190,35,93.1,82.53102
219,7,0.59,1.3870615
197,31,0.2,0.49276438
191,228,1.36,2.0727613
191,152,10.7,25.860628
217,123,9.98,16.503326
194,173,0.17,0.26822782
218,78,6.83,8.273286
190,29,41.9,18.453192
192,129,0.22,1.158669
195,132,96.0,75.74985
199,110,14.4,11.421993
196,60,0.24,0.29514545
192,181,1.2,1.2493337
197,114,25.2,45.822876
192,79,0.3,1.3232492
199,145,0.23,0.2822383
191,83,3.22,3.0463638
199,124,2.29,1.8287404
218,52,7.24,2.1006835
193,36,0.4,1.0251552
193,67,1.82,2.755222
196,71,0.22,0.23876354
197,128,38.9,30.054659
196,128,0.23,0.4907374
197,21,0.13,0.22712007
192,134,0.35,0.64272964
193,132,3.57,4.4834113
193,33,0.044,0.19578832
219,23,0.84,0.70850366
192,104,3.23,3.5151706
218,240,3.7,3.2357528
197,1,0.71,0.37398347
199,56,0.48,0.27280793
198,101,0.98,0.66793317
195,122,50.3,65.62272
194,48,0.23,0.5161456
190,40,108.0,96.420876
196,193,0.33,0.23879024
218,39,5.19,5.744289
199,191,7.32,5.9165826
199,93,6.38,4.531187
192,185,1.56,1.6190387
193,100,0.54,0.4359415
194,16,1.69,3.3643832
196,47,0.22,0.21404462
197,100,30.0,2.7798195
196,240,0.08,0.05300082
192,162,0.25,0.25335965
217,29,0.32,0.7637104
193,182,0.49,0.74821067
195,83,36.1,41.27583
194,39,1.03,1.3428363
218,79,0.73,1.3002727
192,110,0.29,1.1611549
193,174,14.8,28.41087
196,188,1.59,0.4918278
192,216,0.57,1.1697757
190,216,1.3,1.5318443
219,68,0.35,0.60419697
193,124,2.94,8.185563
197,11,2.49,2.9687316
192,27,0.15,0.195928
199,196,0.6,0.74704224
191,162,9.73,13.520822
194,93,6.79,12.976715
196,84,1.09,1.4892329
192,193,0.11,0.44791627
197,137,39.2,21.3011
191,138,7.84,15.054954
217,150,0.66,1.4904603
192,126,1.17,3.374142
217,106,6.7,14.314419
190,72,160.0,157.89726
192,107,0.09,0.22777013
193,211,0.88,2.2300673
218,32,2.45,2.1827962
193,26,0.06,0.28228852
190,31,89.6,36.2829
193,47,0.046,0.1776637
191,97,3.0,5.698329
217,192,0.53,0.71986073
201,127,479.0,333.48325
193,203,0.52,2.08219
218,215,2.0,2.5503852
193,84,0.028,0.25514954
195,72,35.8,27.524397
200,21,1.05,1.9772905
199,13,0.22,0.3516092
218,96,0.7,1.2402672
192,121,0.78,1.028455
193,140,4.97,8.052386
199,134,0.3,0.34469065
191,53,0.41,0.46251854
191,170,7.9,10.666512
218,141,0.53,0.6036269
193,108,0.67,2.1549869
192,117,0.031,0.06375546
193,190,0.06,0.11211593
219,46,0.53,0.5149828
218,127,0.34,0.20023042
201,149,455.0,669.4051
192,90,0.21,0.76408345
192,94,0.24,0.92862326
194,31,0.05,0.4153034
195,157,0.53,0.5915076
192,247,0.67,0.6745
218,166,3.38,1.9918876
196,111,6.51,6.022904
193,243,0.34,0.8836067
193,55,0.035,0.012744942
192,171,0.56,0.56418586
219,131,0.62,1.622233
191,72,2.36,5.414356
192,65,0.035,0.10309567
195,100,45.5,42.305794
192,17,0.4,0.8596105
201,133,455.0,559.2521
192,9,0.17,0.41087526
199,165,3.48,5.2678385
198,93,0.5,0.39133114
192,143,0.45,1.0232877
200,3,1.27,1.0513518
199,209,5.47,5.8097277
218,149,1.77,1.1732497
193,227,0.07,0.4142049
193,236,0.4,0.570646
193,41,0.09,0.101333976
192,49,2.5,3.6123464
193,9,1.15,2.3414423
192,102,2.01,2.6532881
192,75,0.16,0.43546334
193,197,0.047,-0.022706369
190,64,144.0,79.487015
199,41,11.3,7.358864
191,223,0.55,0.78833413
190,49,120.0,93.30188
192,152,0.74,1.5321531
194,1,0.52,2.1627538
198,54,5.82,7.548108
196,180,1.35,0.43332517
194,9,0.54,2.7057865
218,194,0.18,0.35789376
218,206,0.07,-0.044395942
190,247,2.81,6.2308536
192,209,0.17,0.44413322
192,233,0.38,0.5678967
192,114,0.08,0.5805707
196,204,0.27,0.56291056
217,205,0.52,0.4073891
218,199,0.6,0.7500004
218,181,5.03,2.8675041
192,201,0.71,0.7271176
199,83,2.39,3.1109273
199,227,0.7,1.7215235
193,15,0.08,0.3378445
192,239,0.3,0.37965852
191,233,0.17,0.5605375
195,60,27.0,26.994047
199,155,0.64,0.9469136
199,236,0.08,0.059376568
198,65,14.3,12.57447
190,57,136.0,87.38859
199,175,6.27,0.92889965
194,24,3.78,5.9394307
193,95,0.27,0.57252836
195,110,46.1,71.69919
192,44,0.32,0.5937183
193,220,0.19,0.43384382
194,136,0.85,2.2185168
193,157,11.6,11.670729
219,102,5.49,15.1360855
218,110,1.5,1.5754954
192,99,1.19,2.1269
200,12,3.31,4.1548977
199,218,9.35,6.5336785
207,23,0.31,0.89302456
206,35,0.25,5.553883
208,144,1.08,1.0040114
211,109,2.61,2.1035905
207,168,1.41,1.825669
211,141,3.67,4.2254953
215,176,0.29,1.1363223
215,196,0.63,2.2999525
198,130,0.33,0.993996
205,216,0.64,3.177112
208,88,0.25,1.4072024
212,82,0.32,0.82413644
206,185,77.0,67.78923
207,215,0.49,0.4351221
220,77,0.53,0.53655356
209,228,0.26,0.53772134
208,3,14.9,6.0663433
207,2,1.41,0.71962965
207,106,0.48,0.57514054
207,240,12.1,8.276298
207,195,0.2,0.18422693
206,146,64.3,32.215786
206,217,91.8,108.010414
200,204,242.0,88.29532
212,207,0.25,0.27514216
215,75,0.41,0.5748053
214,175,13.2,17.910288
220,99,1.26,2.0279512
208,63,2.52,1.4338554
208,15,5.93,16.975016
208,46,0.14,1.9687248
209,40,2.86,1.120555
212,238,1.26,4.113165
206,201,86.2,175.5116
207,116,1.77,1.1737912
207,37,2.74,2.5251255
198,142,7.11,3.5215123
212,141,3.57,3.6944356
212,179,1.32,0.94331837
209,173,0.53,0.58158016
209,148,2.21,2.1731427
208,131,0.82,2.8138795
207,130,1.99,2.228763
198,160,1.0,0.6251696
206,135,61.1,46.232773
209,78,6.02,4.8476434
214,165,11.4,8.652183
207,176,1.45,3.3905144
198,188,13.7,9.708882
215,3,44.2,50.084007
206,159,70.0,45.68304
208,44,0.015,0.6559327
210,36,1.29,3.6178277
212,158,5.8,6.220147
214,234,42.7,104.15611
212,119,0.47,1.0484041
212,62,0.05,0.08155371
208,99,2.54,4.852097
212,26,0.24,0.2603801
206,243,1.77,2.0145092
209,242,3.14,2.6444058
209,157,1.02,1.1591703
209,103,8.39,4.2966104
207,95,1.73,0.6162425
220,66,3.3,2.40943
215,161,0.57,0.5061565
207,65,0.85,1.3634547
206,37,0.84,0.4979172
209,55,4.84,4.3686547
209,87,8.82,8.642839
206,6,4.17,13.098042
206,172,71.7,40.58602
210,1,4.94,2.500076
190,92,246.0,175.29047
211,120,3.73,1.7670251
212,100,0.08,0.10825685
207,82,0.94,0.71358246
209,208,1.52,1.0746937
212,59,0.65,0.7374393
214,184,16.2,14.104846
215,52,0.95,0.8107355
206,114,54.8,18.768303
207,51,1.71,1.1136799
205,206,0.17,2.3594213
213,27,0.37,0.3727104
208,113,5.16,7.347305
209,189,0.74,0.48331022
212,192,0.35,0.5243679
207,228,1.03,2.5477328
213,67,0.33,2.303336
206,86,5.73,5.8693857
208,71,0.6,1.7955489
206,64,0.75,3.4362965
206,102,8.97,2.6202295
206,129,57.6,17.569433
210,118,1.12,1.0898879
213,239,8.56,7.9755225
201,93,410.0,350.70456
201,150,440.0,384.93002
217,136,11.5,17.830196
213,145,1.39,2.6534283
213,74,0.79,0.890681
219,210,1.67,2.1475112
214,117,1.24,1.5828828
201,105,439.0,1187.2919
216,47,4.05,4.586855
218,80,0.63,0.73341763
216,86,0.6,1.1706676
218,97,0.68,0.89922553
219,89,2.37,2.55446
219,132,0.57,2.5248668
217,43,0.28,0.3343947
217,169,1.2,1.1040107
217,151,0.58,0.7884081
216,27,1.5,1.3580334
201,123,473.0,292.26062
219,244,0.24,0.70482904
219,81,0.43,0.6795591
216,109,0.2,0.50038105
216,206,0.1,0.123015836
218,53,7.0,2.051194
217,206,0.5,0.32626575
213,159,1.75,5.5203233
213,228,7.94,9.978404
214,48,0.09,0.5378674
217,124,9.6,11.512837
211,207,18.3,18.310524
211,69,1.09,3.8499968
197,166,0.13,0.25526893
214,24,0.77,1.0910877
200,237,351.0,174.61949
217,13,0.32,0.9796778
201,134,447.0,628.84467
219,8,0.6,0.8342109
218,241,3.03,2.4515011
214,68,0.08,0.45120823
201,80,406.0,443.56168
218,182,4.97,6.9407
201,29,436.0,606.79675
213,172,2.43,5.3969755
217,30,0.69,1.8144636
219,223,1.89,2.684442
220,50,0.31,0.94706076
219,231,2.42,4.597392
213,39,1.29,1.2362968
216,73,0.5,0.93439364
219,180,1.32,1.9238626
215,241,2.45,6.1088824
216,11,0.11,0.3467658
201,58,435.0,268.1606
214,11,1.93,1.9964352
219,69,0.26,0.26160052
214,98,2.59,1.6013618
197,152,0.1,0.23800556
217,193,0.5,0.26556534
217,107,6.45,17.902931
213,105,0.05,0.22654708
215,37,56.2,73.888756
219,103,5.14,11.382196
218,128,0.36,0.2798414
218,150,1.73,1.2117026
197,45,0.16,0.39764142
197,61,0.67,0.637572
214,151,1.68,5.270123
220,38,0.78,0.6998143
219,38,0.5,0.4780537
215,23,49.1,69.22258
217,65,0.39,0.9797689
220,4,0.34,0.88744587
212,12,42.0,50.88407
219,160,9.1,20.342424
211,248,32.1,36.6681
214,45,0.19,0.6332573
216,41,2.37,4.7452636
216,249,1.54,1.3412714
218,167,3.23,2.3007367
214,72,0.15,1.2428683
213,87,0.72,2.013702
217,219,0.11,0.2862464
219,153,5.93,3.9325035
219,52,0.5,0.51697737
201,72,448.0,139.23155
213,191,0.33,0.36285028
220,14,1.11,2.7610183
214,122,0.48,0.4052905
216,94,0.12,0.51997864
217,180,2.55,2.230825
219,142,1.55,2.5358298
220,28,0.17,0.2263976
197,180,0.28,0.14857797
216,217,0.09,0.6976317
214,136,1.03,1.5928154
217,54,0.01,0.21762574
211,219,19.9,41.103912
218,111,1.4,2.5505464
197,68,2.42,4.259842
213,213,0.44,0.9128478
217,92,2.88,5.6392097
218,1,17.5,17.129566
213,217,6.81,7.7935762
219,24,0.79,0.69172615
217,90,2.03,3.7195506
218,64,9.98,5.632373
216,66,0.34,1.4324594
219,174,0.2,0.5318504
214,89,1.68,3.535935
219,118,0.48,0.73869544
211,83,0.5,0.7747476
210,153,0.57,1.4067737
201,3,370.0,126.65543
201,243,0.58,0.59529585
194,193,0.74,0.4967587
202,38,0.07,0.110058516
210,165,5.92,5.6066675
217,14,0.61,1.2037448
211,155,4.35,5.15269
215,177,0.59,1.3393747
215,162,0.45,0.62621546
220,67,3.14,1.1570413
210,15,0.73,0.9176952
210,37,0.95,2.5553977
215,197,1.07,3.0572543
212,159,5.84,5.30858
212,27,0.25,0.439747
215,61,0.53,0.39835462
212,193,0.43,0.2771806
215,4,41.3,37.526817
209,190,0.78,0.47321048
207,144,2.57,2.5036654
209,56,5.52,4.9828134
209,41,3.2,0.8284906
208,114,4.82,4.882039
215,140,0.029,0.36588657
212,63,0.07,0.11399233
206,186,54.1,61.748814
214,217,31.8,27.299902
208,158,1.48,1.1601899
210,46,0.33,0.5488706
213,28,0.38,0.44770512
212,120,0.51,0.54603416
215,93,1.42,1.3672475
214,235,37.1,93.45435
212,101,0.08,0.16260189
210,62,1.01,1.4908634
220,78,0.49,0.6971222
209,88,9.56,6.499986
212,180,1.29,1.0951071
215,108,2.19,4.8488016
214,200,20.3,28.406656
212,50,0.7,0.41303605
212,83,0.49,1.191686
211,101,2.52,3.0655122
214,185,15.4,14.17237
215,76,0.42,1.156416
208,132,0.84,1.8422909
209,104,15.6,11.118649
212,208,0.65,0.3975571
212,239,1.03,3.597659
206,65,0.87,1.702226
215,129,0.45,1.0560391
190,93,273.0,164.99886
209,119,16.3,11.134298
206,218,66.3,75.49037
214,166,9.59,4.0567923
209,158,1.1,1.1702309
211,121,3.72,1.6754445
209,174,0.51,0.83264905
210,78,0.28,0.47575638
209,26,2.23,1.0143281
211,142,4.31,2.6012208
212,142,3.47,3.152599
209,149,2.15,1.060921
209,209,2.16,2.2988808
209,79,6.88,4.188157
190,184,1.98,0.8113809
200,147,64.5,36.454666
201,236,0.94,1.0027492
205,144,2.24,1.344727
208,192,2.33,1.3000544
201,17,335.0,187.38391
190,178,1.54,0.51119184
216,149,11.8,13.411702
200,45,0.28,0.46820295
200,58,0.22,0.22097644
190,115,1.92,0.95863724
195,3,20.1,19.572899
196,16,1.85,2.1683993
190,237,2.34,4.537967
200,33,0.15,0.50233394
205,76,2.43,0.7283654
205,38,2.14,1.4117808
200,79,0.41,1.1018732
210,175,9.49,10.095
208,232,0.16,0.20120327
205,186,1.33,0.38512883
202,142,5.53,7.5005026
195,18,20.6,35.94506
194,226,5.14,10.909088
218,183,6.28,3.1532507
218,65,9.23,6.699663
217,37,2.04,1.9564677
196,139,0.59,0.31546536
205,108,3.05,4.707222
202,5,1.03,1.8083686
214,137,2.28,2.6806092
201,138,496.0,362.52768
208,249,0.14,0.17906141
219,119,1.2,0.6876289
191,111,0.22,0.5184055
214,49,0.08,0.7970147
214,73,0.15,1.5996069
201,210,0.73,1.0062448
217,133,16.8,16.653082
203,34,13.0,5.900817
200,238,329.0,236.98758
194,194,0.46,0.4083007
201,187,0.25,0.45292652
216,207,0.09,0.3873825
196,6,0.44,0.7142977
196,85,2.51,1.638658
208,207,2.9,3.4488182
195,173,2.12,3.252849
202,183,0.66,0.8321059
190,201,1.04,1.0499932
218,129,0.4,0.26160914
200,107,8.78,7.0325155
218,81,1.01,4.5124135
190,168,0.7,1.2818757
192,1,2.5,2.2744474
202,39,0.03,0.23315114
196,129,0.55,0.6785086
203,3,0.26,0.6248375
202,29,11.0,9.881579
203,198,0.16,0.36126685
203,100,2.11,2.386278
218,98,0.69,0.50534695
218,112,1.68,1.0002507
210,160,4.54,3.7296705
219,133,0.95,1.7759254
219,161,15.0,17.739973
201,151,492.0,411.35196
196,112,22.2,3.2618277
200,97,3.7,5.754928
195,150,4.19,2.994993
202,14,1.42,1.5728328
202,19,2.07,1.6289862
203,94,1.18,1.6235676
211,8,0.22,2.0739033
195,180,3.48,6.5602365
203,147,1.44,1.6205562
216,167,1.63,0.8986169
191,106,0.43,0.8148634
191,15,0.87,0.3692542
191,204,1.65,3.6379378
210,119,1.59,0.83073604
201,94,438.0,287.34354
192,18,0.28,1.3131285
219,25,0.88,1.0903509
210,104,3.24,3.770351
191,234,0.25,2.6881237
201,226,2.63,2.9213445
205,160,0.54,0.66799897
191,209,2.52,1.650542
200,178,139.0,33.010902
202,185,0.42,1.6546786
194,205,1.25,1.3169026
196,48,0.37,0.34954616
205,116,5.09,1.7931979
195,216,0.006,0.13421442
216,123,0.85,1.2751863
217,44,0.29,0.35432783
216,218,0.3,0.48488554
190,106,3.8,1.463931
195,201,0.6,0.86050206
192,76,0.45,0.69660944
191,163,13.6,3.9143734
203,125,0.39,1.1257514
190,192,2.61,0.91277826
219,104,10.2,12.734202
196,61,0.25,0.5235127
218,151,2.1,0.87628406
195,61,35.0,34.66796
201,4,332.0,152.47319
191,65,1.48,2.263501
191,96,2.85,3.881251
197,54,0.14,0.3318188
203,83,0.81,0.650669
191,7,0.45,0.6219122
214,152,2.49,4.8852005
200,71,0.3,0.43610364
192,80,0.86,0.8677616
190,123,0.22,0.51090187
190,198,0.57,0.45270517
216,189,1.36,1.5834845
215,24,45.6,63.495777
200,170,94.2,27.877642
202,208,0.49,0.4511392
219,39,0.63,0.766585
214,99,3.16,2.5601013
190,223,0.37,0.59018666
192,248,0.85,0.77593535
208,178,1.33,1.2563123
217,207,0.66,0.31138894
192,153,1.3,1.6913294
190,12,30.9,27.952557
211,27,1.06,1.4321345
195,32,28.0,15.230167
215,242,2.42,4.304073
203,240,0.83,0.57587117
191,23,2.33,1.9251531
202,221,0.33,1.00904
192,28,0.33,0.26854485
218,54,7.81,1.1401547
191,44,0.28,1.0848048
191,179,0.3,0.5524297
190,18,32.9,22.564102
203,213,0.35,0.54931253
216,147,6.8,2.1626294
210,237,1.7,3.171069
193,27,0.07,0.6396638
190,148,6.52,9.516937
190,207,1.69,1.6598604
211,84,0.59,1.0144421
201,106,455.0,552.10767
200,139,38.4,24.20296
200,90,3.04,4.0680485
217,137,18.2,16.442144
202,131,3.24,3.91766
190,6,31.7,11.54438
192,10,0.46,0.7622658
191,84,3.73,4.843119
196,31,0.51,0.15757169
191,54,0.97,0.4048531
217,194,0.57,0.46293062
195,73,57.0,30.334383
197,69,2.65,3.172546
218,168,3.91,2.6878633
192,144,0.56,0.94502574
196,96,10.1,2.4678276
195,188,4.4,11.005664
203,24,4.45,2.78311
191,241,1.91,3.4427853
203,73,0.29,1.0593122
203,178,6.13,5.6329794
215,224,0.4,1.2301359
211,249,32.9,72.49349
190,152,0.37,0.19202766
194,240,14.0,11.118591
210,222,17.0,13.566912
201,172,0.64,1.5238339
192,240,0.4,0.26456022
203,220,0.89,0.4726377
203,43,17.2,16.273792
200,86,0.76,3.2979891
212,13,44.8,53.782
190,158,0.99,0.48252493
195,225,3.99,1.9884541
210,188,11.9,8.520415
217,152,0.64,0.5880074
208,165,0.83,0.5072673
192,66,0.08,0.11806738
210,200,13.4,11.993714
201,119,500.0,409.42212
195,46,31.7,22.075134
200,126,36.5,12.610795
191,177,10.4,4.409088
194,233,10.9,14.045334
191,153,16.8,25.821745
202,164,12.8,13.94036
214,35,0.19,0.85032946
202,97,3.38,2.5755398
192,45,0.75,0.7929018
205,62,17.0,20.716526
205,89,0.46,0.5034188
191,120,1.25,1.1010301
191,189,1.05,1.1392208
204,6,3.44,1.8088588
219,181,4.73,2.556428
217,55,0.1,0.5562467
192,50,2.85,3.596369
197,55,0.75,1.0000523
191,73,3.08,4.8154774
205,128,1.08,0.5102639
196,152,1.25,0.6357302
195,238,5.55,7.34285
190,0,21.7,16.746365
191,33,0.55,0.6278768
193,16,0.12,0.35497063
219,53,1.13,0.6235487
215,38,53.7,106.622826
216,12,0.2,0.27278793
190,145,0.16,0.11861884
202,153,8.07,9.194085
203,59,0.74,1.1177157
203,65,1.3,1.9782583
203,113,0.54,0.36575264
203,157,3.08,4.895612
202,89,1.06,1.8237447
211,34,1.28,1.24378
218,2,19.9,15.316311
211,220,21.4,23.835754
190,139,1.49,1.4888457
194,212,2.25,1.1605188
205,49,13.4,9.069115
201,179,0.47,0.436732
203,187,0.93,1.8892146
202,55,0.12,0.35226166
203,136,0.46,2.3107438
202,215,1.29,1.2321085
201,167,0.26,0.7250693
194,219,3.14,3.3891098
195,208,0.96,1.0066469
196,166,5.87,1.7404884
191,139,10.5,7.831926
203,18,2.01,1.4071797
219,70,0.4,0.49360767
195,144,0.47,0.7829832
200,157,71.2,55.377716
210,245,1.99,1.9170449
210,211,15.1,15.735892
203,167,3.32,5.290612
201,196,0.95,1.1928414
217,9,2.7,2.0081804
214,123,0.35,0.6123709
201,244,0.36,0.32817695
190,231,2.92,5.163849
197,167,0.11,0.32663167
217,108,10.9,8.880469
195,158,0.77,0.46250656
210,154,1.03,0.48995194
190,173,0.25,0.25477418
196,72,0.32,0.37899756
211,57,1.09,3.2570586
197,153,0.049,0.21101066
192,135,0.35,0.65111387
211,70,1.35,2.921049
211,49,0.67,1.925496
202,73,3.24,2.5391226
210,91,1.06,3.5943756
198,15,4.74,2.7873235
200,4,1.37,0.71571565
199,176,6.64,0.6512061
198,24,0.1,0.93601716
198,172,3.1,1.5971117
199,94,8.03,4.718542
194,59,1.7,3.5166326
198,226,23.1,10.148114
199,46,2.76,2.4085188
199,113,17.1,7.185508
194,188,1.13,0.596494
194,137,0.89,2.3778853
199,111,15.4,10.361426
199,166,4.27,3.3941755
198,193,0.14,0.11852427
199,219,9.66,6.459528
198,11,7.71,5.4141254
198,189,13.5,14.703185
199,14,0.22,0.2904594
190,77,140.0,73.85755
199,228,0.7,1.2732742
194,94,7.63,8.005385
199,156,0.7,0.5895558
194,157,0.4,1.7931223
217,239,8.18,4.9846263
218,22,4.02,2.9398987
198,197,0.23,0.30999547
194,174,0.13,0.15233673
199,197,0.95,1.0417668
198,40,2.12,1.7634854
199,135,0.33,0.3514343
199,42,11.4,7.6800904
197,221,0.4,0.22231051
218,14,1.63,0.85633934
198,179,7.34,5.737419
198,44,6.97,5.4490294
198,112,0.29,2.0481038
197,243,0.25,0.074197
194,182,1.05,1.0236906
190,94,275.0,138.49321
199,210,5.8,6.145359
199,125,2.63,1.8492695
199,192,8.24,3.3037171
198,152,0.63,0.4658448
197,237,0.11,0.16333495
198,125,1.17,0.6923382
199,68,2.45,1.3451141
197,234,1.61,1.3418212
198,1,2.08,1.5924269
198,118,0.47,0.37346303
197,199,1.85,1.6242901
199,57,0.44,0.28858027
199,237,0.09,0.24718894
198,217,6.91,4.3201556
194,69,2.72,4.2820287
198,164,1.16,0.9054715
198,240,7.5,6.247065
199,84,2.79,2.7472587
217,230,5.08,6.5456057
190,90,162.0,58.051514
200,22,1.15,1.1032286
198,232,0.86,0.9844638
198,31,0.09,0.18597086
199,24,6.62,5.3662033
194,123,0.16,0.2130831
198,204,0.38,0.55304193
194,110,0.03,0.078946926
199,146,0.16,0.21332411
198,137,5.38,2.2659533
194,81,4.74,5.3463063
198,212,5.68,2.6433938
197,207,9.82,3.5740247
194,160,0.21,1.2021389
210,120,0.93,1.115859
213,240,8.26,8.646583
213,6,2.99,5.9043593
212,14,43.8,40.121986
210,105,2.56,2.8095105
213,68,0.32,1.0803859
212,84,0.49,1.8879461
203,52,0.71,1.1154375
210,92,1.06,2.593708
215,77,0.34,1.8146092
209,13,0.84,0.6112236
209,105,12.1,9.175625
211,143,3.87,4.423113
211,50,0.6,1.701157
200,205,258.0,165.62274
211,9,0.2,0.38133126
212,248,2.03,4.7531333
202,40,0.009,0.07087667
201,233,2.47,2.204551
205,103,2.5,1.9913465
215,74,0.55,0.7131416
209,175,0.51,0.5631025
212,194,0.38,0.58387953
215,178,0.59,1.3376073
202,174,0.5,1.8269621
210,47,0.28,0.39533666
214,74,0.12,1.017158
216,150,10.5,11.093082
207,107,0.62,0.406351
203,47,14.5,12.317446
208,224,8.43,6.315486
201,18,341.0,194.24678
212,181,1.18,1.0966724
207,117,2.04,2.3711152
212,230,0.07,0.53975964
220,15,0.99,1.5601349
200,135,25.1,18.790453
210,155,0.73,0.7304682
201,197,0.83,1.2679102
209,134,23.3,45.98563
206,187,57.7,77.03123
213,192,0.32,0.31485015
202,212,0.97,1.7489733
209,89,9.55,10.412933
202,146,3.97,9.856875
211,35,1.18,0.9593186
208,233,0.09,0.15324374
215,130,0.41,2.441287
216,190,1.11,2.5628438
202,154,4.87,5.4486375
214,138,1.9,2.6568618
210,2,5.29,4.648198
211,221,19.7,23.999495
214,124,0.26,0.5446032
194,195,0.4,0.48060814
213,214,0.41,0.68370765
203,35,12.1,10.871537
205,77,1.41,0.6758355
214,95,2.13,3.028064
206,58,1.27,0.7897621
203,84,0.52,0.38260436
208,179,1.05,1.675366
212,0,31.8,62.70752
213,88,0.62,1.6516991
215,141,0.023,0.1605754
214,1,1.16,0.7883547
210,223,16.4,17.899141
210,246,1.97,1.9322919
202,132,2.44,1.224981
213,12,3.86,7.069274
201,245,0.26,0.3665955
210,166,3.35,3.027784
220,29,0.2,0.37638167
207,177,1.29,5.4355035
208,219,4.11,2.3747435
216,95,0.2,0.74068815
208,16,10.3,16.228952
213,186,1.14,4.1763425
200,229,323.0,725.113
211,28,0.97,1.7602197
214,186,14.6,12.570893
212,209,0.27,0.3772783
210,139,0.27,1.1293317
220,61,2.13,1.7298167
205,63,14.4,15.217731
205,90,0.41,0.55532205
200,130,32.6,25.139025
209,159,0.86,1.0427685
213,56,3.51,3.9061353
201,8,339.0,148.58139
210,201,13.1,19.037004
208,100,2.23,4.2244773
214,218,30.7,31.15293
212,64,0.06,0.07098718
213,218,6.67,9.824869
200,193,153.0,385.6563
200,199,177.0,68.98383
208,145,1.18,1.3939652
211,102,2.45,2.6726158
216,87,1.88,0.43421513
214,21,2.17,2.306036
213,133,0.57,0.323966
190,124,0.21,0.38730788
215,109,2.19,2.9397564
220,39,0.82,0.6280035
220,102,0.49,0.74140376
220,117,0.25,0.4219943
205,161,0.51,0.6226702
200,239,330.0,219.54556
214,153,2.56,5.2926536
214,25,0.91,1.008299
208,161,1.68,0.9441475
208,166,0.63,0.7247889
216,6,0.51,0.9747043
201,188,0.24,0.29077682
209,80,6.68,3.5895655
212,51,0.54,0.8120276
211,85,0.52,0.79871786
210,212,15.3,12.338347
213,106,0.046,0.082580954
202,202,0.45,0.60222596
215,94,1.46,1.802068
214,100,3.44,1.5244036
210,16,0.69,1.338224
213,29,0.32,0.6313738
213,126,1.12,0.98547316
211,122,3.45,1.411173
220,73,3.14,2.558869
203,74,0.26,1.0405718
216,208,0.09,0.23041171
203,25,3.04,3.052154
209,210,1.64,1.0171195
215,225,0.4,0.8224598
211,208,18.2,9.490217
211,71,1.33,3.077522
210,189,11.1,7.8223376
209,57,5.53,4.039247
207,131,1.93,3.5481837
208,115,4.7,4.5400944
209,229,0.25,0.57840055
215,163,0.42,0.78950113
219,232,2.77,6.736757
214,50,0.08,0.9815591
213,160,1.72,7.0813937
200,59,0.22,0.33373627
209,18,0.3,0.4144331
200,49,0.26,0.4931418
215,198,0.97,2.0469809
200,34,0.14,0.15884222
211,156,4.21,2.8240955
213,17,7.15,20.2896
215,39,50.8,82.56688
220,5,0.42,0.5571837
205,145,1.96,1.106524
200,222,319.0,115.2326
210,133,0.37,0.4450093
215,25,44.2,52.023922
208,72,0.87,1.6248908
201,44,450.0,247.94606
202,98,2.77,3.3363457
208,193,1.57,2.785286
209,191,0.74,0.40197045
206,202,70.3,88.86659
212,240,0.94,9.154203
209,27,1.86,0.77521163
219,182,3.63,3.392697
208,244,1.53,0.498065
212,143,3.16,3.2117014
209,42,2.82,1.3283005
216,137,5.04,1.2400893
210,238,1.39,1.6144522
206,147,26.1,43.8913
209,243,3.33,2.3266814
208,208,2.81,2.0809002
214,201,19.0,22.474775
214,119,1.5,1.2426322
216,110,0.6,0.86031294
202,30,9.97,11.211742
205,181,0.44,0.29708675
205,50,9.81,6.6467924
209,150,2.19,1.8439242
206,66,0.97,2.3646994
216,48,5.3,5.0673976
201,31,435.0,476.19757
219,245,0.29,0.7394618
213,173,2.29,6.8879385
209,120,15.0,14.792792
219,224,1.78,3.6882815
202,119,0.82,3.9138896
215,236,1.12,1.0230112
206,173,43.7,18.58645
202,186,0.36,1.52895
205,172,1.6,1.0678916
208,133,0.92,1.6634244
219,211,1.84,1.2391331
220,85,0.49,0.64918303
205,117,4.01,2.0174668
210,63,1.08,1.749131
213,118,0.96,2.307327
200,218,268.0,208.50908
215,215,0.12,0.2824875
205,129,0.77,0.52913773
220,51,0.34,0.76740396
211,58,0.96,2.6727152
212,102,0.07,0.16424878
219,171,14.0,17.096302
211,195,9.01,11.9810505
206,219,78.1,142.0782
214,69,0.07,0.6433574
213,61,0.3,0.28940058
212,28,0.18,0.3379796
206,160,37.9,59.9037
202,90,0.98,1.353638
213,40,1.75,1.229148
209,0,0.11,0.42093894
215,5,41.0,22.39365
215,243,2.42,6.1448917
201,59,452.0,304.62408
216,13,0.31,0.2564391
202,222,0.25,0.5923836
210,79,0.2,0.387326
211,236,28.7,40.502575
207,169,1.15,1.85431
213,229,7.8,10.032916
213,75,1.04,0.73367023
214,236,38.7,99.52241
213,146,1.41,1.8593013
210,176,8.89,6.2718296
203,66,1.08,4.1306224
200,98,3.51,4.8383136
212,121,0.44,0.36783582
210,38,0.98,1.7255751
212,160,4.97,4.59036
205,39,1.78,0.8311861
202,10,1.38,1.3019602
197,93,32.7,17.58635
197,87,3.22,3.3348136
198,213,5.03,2.2530098
218,3,20.3,13.714111
217,240,8.12,4.3160453
218,23,3.95,3.0469482
191,219,1.25,0.72252405
193,117,1.13,3.7049828
201,85,489.0,353.1861
192,172,0.5,1.018359
195,19,20.6,32.05167
194,82,4.22,2.9759722
217,31,1.54,1.4183657
191,210,2.3,2.9451597
193,68,2.85,2.0243945
198,30,0.1,1.1594118
217,208,0.6,0.25504786
198,12,7.02,4.0220485
191,74,2.6,4.600812
193,228,0.07,0.5660925
198,16,4.33,3.552337
196,49,0.28,0.2276041
201,152,513.0,517.8966
196,215,0.12,0.15813392
195,47,30.2,17.50748
192,225,0.24,0.2195452
200,13,3.28,4.297459
196,241,0.08,-0.021840023
197,2,0.55,0.5670327
194,40,1.17,1.4534147
193,158,13.4,11.088623
218,142,0.55,0.9754806
191,140,8.5,8.46199
198,32,0.09,0.1417424
198,205,0.31,0.6077318
218,82,0.76,0.55891174
191,224,0.6,0.49502814
201,95,495.0,533.10626
219,40,0.45,0.4825297
192,163,0.21,0.3424791
193,48,0.048,0.12391915
191,180,0.27,0.4292639
192,145,0.54,0.7167135
193,237,0.37,0.74869674
195,101,58.8,32.315086
194,124,0.14,0.4163098
196,211,0.04,0.07229605
217,195,0.53,0.21742192
195,4,18.7,31.48517
191,99,3.2,3.8436885
196,62,0.2,0.45192772
191,172,7.96,8.494572
194,70,2.56,3.6210084
194,161,0.18,2.3257349
217,247,16.5,14.541269
218,33,3.2,1.8007582
217,79,3.15,2.6178575
192,46,0.4,1.2254081
195,84,51.6,47.055607
192,130,0.28,0.6421834
197,192,0.96,0.8787867
218,169,3.43,3.1163027
218,130,0.4,0.2583054
192,202,0.73,0.52424824
195,123,64.0,32.25555
197,181,0.22,0.23311026
190,36,67.2,22.948084
192,81,0.48,0.83043534
194,17,1.52,2.6127443
195,239,3.65,5.230942
192,77,0.24,1.133631
194,10,0.63,2.2042408
196,32,0.48,0.304647
197,125,50.9,31.473524
196,153,0.76,0.6231966
218,207,0.04,0.053154383
191,24,1.76,3.3996482
193,202,0.037,0.12376986
190,19,24.0,14.870863
218,200,0.58,0.43193704
196,97,6.25,2.5212255
197,200,1.83,1.250941
195,74,51.9,26.760492
190,32,61.8,38.02137
192,51,2.55,3.9299862
198,38,1.91,2.7185276
190,76,138.0,115.60247
192,122,0.91,1.398095
198,102,1.63,1.3790966
191,154,11.3,28.90682
195,62,32.1,25.187443
218,216,2.12,2.3525538
198,218,6.2,4.9651375
192,234,0.33,0.7305542
197,214,20.2,13.168545
192,186,1.44,0.722579
191,205,1.58,4.099674
217,231,5.39,7.465648
194,241,12.2,12.352901
192,118,0.043,0.20908473
193,125,2.24,8.26689
218,55,7.81,2.519239
197,244,0.26,0.075263955
198,165,1.03,1.1901788
218,184,5.08,5.702677
193,212,0.63,1.6876554
192,194,0.11,0.45176548
191,45,0.25,1.1501143
193,204,0.32,0.9876841
193,76,0.021,0.0619169
192,105,3.57,3.051456
192,108,0.14,0.18314001
193,133,3.01,4.3938665
219,134,0.71,1.9467751
190,208,1.24,1.4330508
196,219,0.64,1.102501
195,159,0.6,0.5130157
198,91,0.55,0.6194826
195,93,54.0,38.463238
192,29,0.23,0.23712713
193,183,0.36,0.45904613
198,246,6.9,5.543127
216,124,0.48,1.6111574
190,107,2.5,1.0141418
190,116,1.64,0.71716285
191,121,0.98,1.0330352
191,229,1.48,0.8286736
197,138,52.7,13.984313
217,125,17.4,14.246613
192,241,0.36,0.47883004
193,17,0.07,0.33081517
193,101,0.51,0.5300262
219,26,0.77,1.3592438
198,173,2.78,2.3027472
197,208,9.49,3.9112556
193,221,0.14,0.4108856
190,238,3.36,4.8364124
199,15,0.21,0.26530227
197,56,0.64,1.005291
198,45,6.87,5.341066
194,95,6.66,10.063886
191,190,0.81,1.3627328
190,50,94.0,40.89638
195,133,125.0,51.550774
195,189,4.09,7.13775
217,153,0.66,0.50494593
197,115,33.4,26.472132
197,168,0.11,0.23696879
192,154,0.84,2.759555
197,22,0.31,0.28186458
197,46,0.11,0.41358107
200,27,0.18,0.65828764
217,181,3.87,2.600563
218,152,1.96,1.4822832
198,67,2.75,0.7260688
196,73,0.26,0.5285384
198,56,18.7,10.073074
201,120,546.0,415.43472
195,226,3.33,3.4181218
219,105,7.18,10.71234
192,249,0.69,1.2702883
194,49,0.23,0.41612667
194,25,3.32,5.7948923
193,85,0.026,0.2043003
196,130,0.43,0.6886763
192,67,0.06,0.15355787
217,66,1.9,1.1044266
192,101,1.89,3.3507862
219,127,0.7,1.1246297
217,138,18.7,11.895289
192,95,0.25,0.41987288
191,85,3.21,4.9836044
197,70,2.54,2.5395663
193,28,0.05,0.31718224
192,127,1.22,1.1624359
191,164,10.2,6.7857766
219,71,0.22,0.22335069
193,40,0.72,2.8018868
197,161,0.037,0.23009884
196,232,0.13,0.09638248
197,228,1.62,1.0265619
195,89,52.7,43.10597
193,141,5.52,8.16889
192,136,0.36,1.2586616
190,41,88.4,68.297775
196,181,1.41,0.21457873
194,32,0.038,0.28091618
196,17,1.89,0.46576217
193,244,0.21,0.7185595
191,55,0.92,0.31781048
196,113,14.5,5.4717197
193,42,0.05,0.34917036
196,194,0.41,0.2465239
194,111,0.029,0.09370644
192,217,0.53,2.1136498
193,175,15.8,18.128689
193,58,0.06,0.10281183
194,138,0.64,1.4781513
191,130,6.46,9.082455
218,30,0.78,0.7050193
195,39,25.8,21.356762
197,12,2.97,2.945966
192,111,0.43,1.040338
201,107,521.0,542.6157
196,189,1.48,0.56510335
198,2,1.72,1.1852599
193,10,1.89,3.8931115
201,135,528.0,385.03897
198,233,0.85,1.0152957
216,219,0.22,0.61312246
217,228,0.2,0.2523446
217,56,0.031,0.300692
218,40,5.19,3.594134
196,167,3.84,3.6589794
194,2,0.32,1.3854617
193,35,0.07,0.18223369
190,65,114.0,56.332146
192,19,0.33,1.368599
219,9,0.66,1.0676483
196,205,0.51,0.13080329
196,140,0.39,0.3737211
197,101,27.7,4.11635
218,113,1.54,0.95900786
218,242,2.69,3.5054817
193,92,0.27,0.9501235
219,90,2.71,2.7415965
196,7,0.28,0.53200454
192,115,0.4,0.46513972
218,66,8.34,12.672151
197,32,0.45,0.49752256
217,109,9.29,8.215615
192,11,0.34,0.41362068
192,2,2.14,4.0076895
194,60,1.6,3.300766
192,93,0.23,0.5784424
191,112,0.19,0.47168505
217,93,4.06,8.996951
195,111,61.7,59.816986
194,149,0.4,3.1698475
217,170,1.88,1.2328734
191,16,0.37,0.35785037
217,49,0.22,0.396243
194,175,0.12,0.19586569
191,34,0.42,0.8144624
190,169,0.53,1.7526044
193,109,0.63,1.6727335
217,0,2.34,1.265381
196,86,1.84,1.4740838
190,58,112.0,81.002815
191,235,0.21,1.5016017
196,225,1.49,1.3543131
218,99,0.69,0.41352352
219,54,0.78,0.57206583
200,23,1.04,1.9228892
192,182,1.26,1.5723475
197,83,4.43,3.9522715
193,191,0.07,0.14843088
198,83,2.51,0.5177762
192,100,0.85,1.4186115
191,242,1.72,3.3290532
192,210,0.24,0.5375886
197,236,0.09,0.11577709
209,151,2.14,1.8020804
214,202,18.4,30.436651
207,26,3.5,2.377333
212,161,4.6,5.039362
206,120,17.1,18.069656
209,121,14.4,13.118109
212,103,0.05,0.19924821
215,53,1.3,1.0308464
211,157,3.89,3.785997
209,249,3.09,2.5473945
215,95,1.41,1.2955469
212,29,0.15,0.2835705
208,116,4.5,4.7962947
208,30,0.014,0.04256375
198,161,0.86,0.36614302
205,196,0.13,1.4127649
212,52,0.47,1.3857868
208,134,0.86,1.7314813
211,103,2.45,2.263934
215,131,0.38,2.3101795
209,176,0.5,0.62351626
207,42,1.66,0.61451674
215,142,0.02,0.1426131
209,90,8.3,7.6704416
209,58,4.66,5.117525
210,3,4.99,3.691956
211,123,3.31,1.090406
215,62,0.42,0.5153275
207,22,0.45,0.32262698
210,48,0.22,0.387198
214,176,12.7,15.23406
212,122,0.43,0.45361957
212,222,0.26,0.399712
215,6,39.4,22.138268
214,237,37.5,130.38625
209,211,1.54,0.9314142
214,187,14.9,7.818014
215,78,0.32,1.3100806
214,219,29.8,49.426903
209,28,1.77,0.9653298
207,196,0.13,0.38633135
206,23,0.25,4.128631
207,209,0.48,0.9315761
198,144,6.9,4.2034783
209,81,5.41,3.8547575
190,95,270.0,88.10354
215,164,0.39,1.1098292
212,65,0.05,0.06458025
215,110,2.02,3.6329744
210,17,0.62,1.0995729
209,106,9.25,7.5172453
209,192,0.73,0.59902006
209,160,0.79,0.66047883
214,167,10.0,8.620858
209,43,2.74,0.8982633
207,103,1.74,1.0264407
215,212,0.95,1.9342245
209,230,0.2,0.73060745
211,93,0.37,0.94880396
212,231,0.13,0.8859001
201,246,0.27,0.4730771
214,245,38.2,99.52902
211,80,0.86,4.5516005
210,134,0.36,0.2746059
210,142,0.2,1.3010732
211,172,3.6,5.8749557
200,240,281.0,217.02385
212,177,4.21,5.181921
194,196,0.4,0.37324995
210,77,1.01,1.0670198
210,115,2.54,5.1017895
210,131,1.72,0.7296725
215,238,0.95,0.616376
209,135,20.1,46.08764
212,79,0.048,0.06931998
216,7,0.47,0.91843677
211,196,6.77,13.3384
200,224,234.0,117.35802
210,161,2.58,2.5327897
202,41,0.016,0.12032633
215,213,1.36,2.6792393
200,232,259.0,282.87277
201,9,284.0,70.69656
214,163,1.84,5.2773247
200,226,196.0,289.95932
215,233,0.37,0.6140747
220,24,0.8,2.618365
216,111,0.23,1.1442966
215,35,50.6,22.15134
219,170,11.7,13.563416
215,240,0.93,0.45209
216,49,4.83,5.889803
211,86,0.37,0.89768094
201,45,366.0,586.6245
216,24,0.29,1.0482446
215,7,43.6,55.59454
201,30,359.0,482.88538
200,235,223.0,73.45848
201,5,262.0,274.17764
201,61,367.0,415.73587
214,120,1.19,0.8928038
211,203,7.73,16.299362
209,140,20.2,57.44369
214,144,1.23,0.9234398
216,107,0.16,0.6328165
210,138,0.28,0.41328657
210,64,1.0,1.367403
209,19,0.27,0.35924947
210,80,0.2,0.23418143
215,246,2.26,4.063746
214,94,2.19,4.746078
210,39,1.15,3.425758
216,88,0.83,0.41278684
216,209,0.06,0.1266298
219,191,3.0,3.5458798
215,221,0.21,0.35086298
199,211,5.19,3.5923796
217,118,9.17,6.510581
199,157,0.68,0.4721016
219,41,0.43,0.64628977
218,56,8.23,3.2470877
199,198,0.82,1.2799242
217,139,15.9,16.944292
195,20,17.7,41.85794
218,114,1.51,1.2505708
200,26,1.06,1.0365641
196,149,0.25,0.74434525
218,185,5.38,3.0977232
199,69,2.08,1.7351483
218,67,10.7,10.437136
199,47,2.77,2.72238
217,32,0.82,1.6514007
218,143,0.58,1.0164351
191,80,2.12,4.4153905
196,8,0.17,0.5058205
199,136,0.27,0.47130096
199,193,7.41,3.5752032
199,126,2.88,1.5732777
194,242,10.0,14.075967
190,212,1.18,1.6084734
217,1,1.74,1.9396113
196,18,0.91,0.69866616
196,87,1.67,1.2456466
200,5,1.21,1.7503339
199,43,10.2,11.0546465
195,33,21.1,21.432302
196,168,0.34,3.2435026
218,34,3.06,1.3858927
216,222,0.14,0.80983835
217,220,0.22,0.14894545
199,238,0.07,0.026809402
196,37,0.14,0.24266979
199,85,2.59,1.6135103
201,153,439.0,538.545
217,57,0.006,0.2829302
218,100,0.71,0.5215438
191,92,2.79,3.9325035
218,41,5.01,3.3139994
199,95,7.18,4.3808794
197,71,2.44,2.6111655
197,154,0.042,0.22467394
199,25,5.92,5.2776628
196,114,5.91,4.0842505
201,83,383.0,517.6352
217,45,0.2,0.5986706
218,83,0.65,0.59378296
199,58,0.46,0.52884513
201,137,425.0,563.8915
218,208,0.06,0.01004328
217,215,0.44,0.6670627
196,98,3.72,3.7035742
201,96,372.0,779.6543
218,195,0.15,0.06659426
196,131,0.43,0.6159356
196,81,0.26,0.57252127
218,131,0.45,0.42255694
191,0,3.53,2.445338
218,201,0.52,0.43972647
218,170,3.59,3.0010645
199,177,6.38,1.1890109
192,30,0.18,0.29831037
197,47,0.11,0.20551121
199,112,17.5,11.340085
201,121,439.0,267.34967
197,57,0.63,1.0080594
197,169,0.06,0.27197698
217,126,13.5,15.202446
199,167,3.73,3.8317358
218,153,1.93,1.0990568
195,227,2.52,2.5215287
218,217,2.07,2.526052
217,196,0.49,0.8394453
199,147,0.06,0.21687448
196,50,0.17,0.3067501
216,125,0.29,1.4707229
199,114,18.7,9.062882
196,154,0.37,0.64347625
199,229,0.68,0.76193476
217,15,0.37,0.7865485
219,27,0.65,0.9606083
195,48,24.6,15.531148
199,220,9.46,7.1206226
195,160,0.51,0.37492964
199,16,0.19,0.26181972
195,190,3.96,7.011519
195,240,2.87,4.3195243
191,98,3.2,2.7251947
195,5,16.2,18.646276
215,8,40.9,23.590141
198,191,12.6,7.5128236
205,78,0.69,0.37606132
208,180,0.76,1.6024964
210,167,2.81,2.870112
211,10,0.17,1.0531471
208,167,0.63,0.6818395
205,40,1.29,0.66940695
205,104,1.64,3.05283
205,185,0.44,0.77478474
205,91,0.4,0.5574644
208,234,0.11,0.17376637
205,153,1.99,1.6930377
205,130,0.71,0.22147717
205,64,9.23,10.05164
205,118,2.84,1.9953399
205,51,6.29,10.556138
210,199,9.96,10.148048
205,162,0.55,0.8458979
211,6,1.68,1.6937702
211,51,0.79,2.1507914
210,177,6.87,6.8135886
208,194,1.32,0.7752505
210,239,1.01,1.0617616
211,52,0.78,2.507776
203,19,3.59,2.1622584
203,158,7.39,2.5867918
210,213,15.1,19.48482
203,221,4.35,0.5602454
210,190,10.8,10.2992325
210,247,2.09,1.3530954
204,84,40.3,100.0076
202,99,4.52,3.1918416
208,225,8.62,4.9130497
215,239,0.85,0.8194209
201,198,0.93,1.7412245
204,79,35.7,30.458101
203,26,6.96,4.3297396
203,75,0.42,2.0128114
200,231,252.0,146.98097
205,5,0.73,2.2600167
202,74,2.93,5.0517173
205,92,0.55,0.56203336
203,44,6.85,13.279305
205,10,0.21,0.4257643
211,59,1.79,1.0417497
211,36,1.36,0.9922608
208,245,1.39,0.78169954
200,136,21.7,25.559309
203,114,0.51,0.21399452
205,173,1.62,1.4476033
203,168,5.58,2.6304522
204,7,6.94,1.6494299
203,101,1.99,1.2866839
202,91,1.14,2.2978017
202,197,0.16,0.54687
203,36,6.24,10.419534
208,209,3.57,1.788068
210,121,0.77,1.2883384
210,178,6.94,6.9994335
209,136,18.6,40.784428
200,242,269.0,277.0101
205,119,3.3,1.8677834
203,67,2.58,1.3941509
204,89,53.6,50.658745
203,186,15.7,9.91356
216,210,0.08,0.379844
208,157,1.1,0.8846272
205,52,7.83,7.9707775
209,1,0.48,0.13654488
203,199,0.32,0.23816496
200,179,176.0,38.316505
201,27,259.0,181.91386
211,11,0.21,0.8531759
209,20,0.26,0.3952594
210,240,1.15,1.7490191
200,148,60.6,56.276733
202,42,0.046,0.09626828
203,95,2.04,1.0972668
216,191,1.22,0.9345161
200,221,229.0,428.84024
202,20,2.28,4.3500233
205,169,0.62,0.8399807
202,31,13.2,12.041924
203,214,2.02,0.5167377
205,15,6.17,2.4494464
203,4,0.28,1.0774279
194,197,0.38,0.46704614
203,126,0.28,0.7310404
200,168,127.0,48.258953
203,241,1.73,0.36714315
210,106,2.42,4.169682
204,93,59.5,95.03672
202,203,0.44,0.54853636
200,225,236.0,151.98738
208,220,5.04,1.9505583
208,164,1.55,1.2118168
200,55,0.22,0.20015337
202,15,1.85,2.0514293
200,115,9.93,15.147638
203,85,0.26,0.8445938
202,219,1.45,3.939233
210,135,0.34,0.5686145
202,133,1.74,5.525781
201,189,0.26,0.13692348
200,187,195.0,320.52032
205,79,0.97,1.1360604
205,26,0.85,2.45087
210,81,0.21,0.58847636
211,29,1.07,1.1758249
200,206,220.0,242.80597
205,41,1.29,0.76871175
202,143,5.47,15.302075
210,140,0.26,0.40832075
205,182,0.59,0.59778905
205,105,2.54,2.7703164
210,202,13.9,11.840325
210,156,0.64,1.7432644
202,161,3.38,5.540348
203,137,0.97,3.0942373
203,188,1.7,3.7035398
208,181,3.23,1.4341326
200,158,85.3,46.307777
208,235,0.61,0.15064435
203,53,0.79,0.734141
205,31,1.67,4.11833
206,61,1.96,0.641546
205,131,1.43,0.30454093
208,168,2.17,0.39337435
203,148,2.88,2.7243428
202,223,0.33,1.0490704
210,93,1.05,3.0089402
216,138,2.94,3.308519
201,247,0.27,0.73629045
211,87,0.55,1.4946499
211,72,0.94,4.9444094
210,224,17.9,17.493462
200,127,30.1,22.17123
216,151,7.17,14.43671
205,65,10.6,9.75268
210,162,3.18,2.8668847
200,194,164.0,493.31674
205,146,2.12,2.0868227
208,195,4.06,0.9394434
209,14,0.72,1.2531841
217,27,0.36,1.2192696
209,91,7.71,5.0808024
214,177,12.2,13.36994
212,162,3.24,5.75668
213,30,0.28,0.3535673
214,168,11.3,5.5496707
214,238,32.4,75.8507
215,9,36.7,74.4885
210,90,0.18,1.2453525
211,124,3.34,1.7213935
212,53,0.37,0.23502438
209,47,2.13,3.9252176
212,241,0.73,3.9028594
209,203,0.69,0.42946172
215,111,2.08,2.6920907
209,59,4.37,3.5129066
211,158,3.56,3.6940384
214,207,15.1,13.992746
210,40,1.12,2.627709
206,67,0.69,1.3314359
209,152,1.86,2.0690324
212,104,0.04,0.7451316
212,144,2.44,1.8474128
209,133,13.1,20.05295
209,220,1.32,1.2917142
208,117,4.47,4.126162
209,118,7.48,5.750622
215,165,0.56,1.2064378
209,82,5.06,7.278486
214,225,25.5,9.039941
212,66,0.035,0.22616807
220,74,3.15,1.6699556
209,161,0.69,0.92950046
214,188,13.5,16.087076
215,54,0.86,1.0026802
206,203,92.2,33.77874
220,84,0.45,0.43007046
215,143,0.006,0.57166404
211,107,2.48,2.834976
210,65,0.95,1.9185109
206,220,102.0,48.34348
210,18,0.58,2.4325328
215,79,0.24,0.65958613
215,199,0.55,2.091599
215,63,0.31,1.1436058
215,99,1.53,0.98933595
211,144,3.45,2.8709404
212,85,0.27,0.5058496
215,132,0.36,2.6293797
210,14,4.76,1.3388631
210,49,0.11,0.55484533
212,210,0.24,0.2613631
212,182,0.83,0.9529097
209,177,0.52,1.2601053
208,146,0.93,1.3733826
209,231,0.18,1.0030203
212,123,0.35,0.539837
215,179,0.28,1.3193138
217,80,1.73,2.249675
195,228,2.11,2.8208086
196,233,0.041,0.048308153
219,106,4.7,5.776019
216,126,0.3,2.271458
195,16,16.9,14.549816
197,8,0.46,0.22819519
196,132,0.42,0.545883
196,108,5.36,3.1346064
217,75,0.95,1.12526
194,71,2.15,5.490221
217,182,3.33,1.8383818
218,220,2.76,2.0819464
192,31,0.47,0.3604357
219,72,0.15,0.372986
218,202,0.49,0.59635186
197,102,24.2,2.4668174
218,209,0.02,0.08945441
194,96,5.28,7.7571135
194,162,0.19,1.0417185
190,249,3.32,5.5511594
193,69,1.55,1.0805178
201,154,412.0,265.49597
190,209,0.94,1.1007581
191,75,1.67,5.2366557
196,163,0.36,0.27934566
195,161,0.56,0.55790037
190,73,101.0,124.35582
194,120,0.03,0.10153355
217,154,0.78,0.92130274
194,90,4.49,2.2251468
196,33,0.029,0.314533
217,178,1.81,1.2363467
219,10,0.78,0.9825976
218,243,4.58,3.5475237
196,9,0.11,0.9672641
195,2,11.3,14.021646
196,220,0.52,0.49873474
200,14,2.99,1.9158523
196,74,0.35,0.45057693
195,91,33.9,21.374775
190,21,15.4,21.920237
197,215,17.3,8.8267975
196,88,2.29,0.93550694
196,212,0.05,0.18317261
197,89,2.65,2.4353652
217,94,3.14,3.4035118
197,97,26.8,14.828543
196,247,0.043,-0.0037217299
195,241,2.93,4.588071
196,115,6.68,3.3438218
196,141,0.26,0.25351042
197,182,0.044,0.14547922
200,24,0.98,1.3552876
195,30,17.2,15.3989315
200,6,1.04,1.272874
191,56,0.46,0.4102685
196,19,0.56,0.32670242
191,86,2.41,2.2570586
196,230,0.79,0.6825124
190,172,0.4,1.2316421
217,113,7.77,5.696759
219,91,2.03,2.9738195
219,120,0.45,0.7334309
194,61,1.49,3.9269147
219,55,0.38,0.3870781
199,199,0.5,0.5961502
194,139,0.86,0.87844765
196,216,0.12,0.25510904
219,135,0.51,0.72242707
196,206,0.17,0.4718796
196,169,0.26,2.957715
197,23,0.2,0.18843704
195,34,20.6,22.88101
195,94,34.8,28.92687
197,196,0.72,1.7928505
194,125,0.15,0.27146924
215,180,0.23,0.71547514
208,4,3.08,5.413974
210,82,0.12,0.40705553
210,41,0.97,1.95985
215,55,0.56,1.3820567
215,10,34.0,27.59284
212,30,0.1,0.57933533
212,86,0.13,0.72342616
208,64,0.37,0.8913053
206,188,39.8,62.48112
212,242,0.66,5.807801
212,195,0.29,0.3243785
207,3,0.79,0.683731
214,203,16.9,14.684769
207,170,1.01,0.60290813
215,112,2.05,2.1103344
210,50,0.08,0.4701182
200,207,180.0,192.80257
210,4,4.42,5.430086
206,24,0.2,5.770903
208,73,0.37,0.511217
207,11,0.25,1.5578275
211,145,3.27,3.3071914
215,133,0.36,1.833133
198,143,4.65,2.577918
206,152,20.1,37.034748
209,244,2.75,1.5990816
220,68,3.06,1.712476
207,108,0.13,0.89013565
214,169,11.0,5.240083
206,221,70.0,44.641296
206,161,26.1,35.647205
207,118,1.15,1.7256255
206,38,0.55,1.4122424
220,91,1.1,1.3277912
210,66,0.49,1.4193714
208,135,1.03,1.3136252
209,162,0.79,0.98621964
207,229,0.78,3.734475
208,89,0.16,0.6902188
198,162,0.58,0.3301302
205,197,0.05,0.65495753
211,104,2.44,2.1567855
209,92,7.7,5.40397
207,43,0.76,0.43583977
215,144,0.006,0.4298628
198,131,0.53,0.53677
208,147,0.82,1.1693746
215,64,0.24,1.0743139
207,241,2.79,4.3788676
205,217,0.32,2.492232
212,67,0.033,0.51967555
210,19,0.47,2.3803523
208,31,0.007,0.029545002
212,105,0.03,0.6786999
220,79,0.43,0.32015318
207,27,1.47,1.2977628
215,96,1.4,1.4960012
209,122,11.7,11.8637295
206,174,30.8,39.52269
206,7,3.18,4.304433
213,31,0.25,0.5338036
206,105,14.0,12.014029
208,118,4.18,6.0410037
209,107,6.95,11.885158
215,200,0.35,3.3626833
207,58,0.6,1.5813806
212,183,0.83,0.91883564
209,232,0.17,0.51442635
215,166,0.52,1.0133972
207,197,0.1,0.42223883
209,29,1.06,1.756809
208,47,0.09,1.2649392
209,83,5.18,9.547276
207,210,0.48,0.89162135
214,220,26.6,25.827208
206,68,0.52,1.6277027
207,73,0.48,5.031178
208,17,5.26,7.286638
211,159,3.36,6.212454
206,121,16.3,13.188838
208,101,2.07,3.3682132
214,178,15.2,13.104154
207,132,1.5,3.5437546
211,125,3.45,1.2729967
209,178,0.52,1.068191
206,92,1.77,1.9214039
206,78,1.4,1.4803635
212,145,2.27,2.9206948
212,163,3.14,6.349617
214,189,17.0,13.096008
209,153,1.91,1.7631966
207,178,1.18,1.6255698
214,239,31.0,86.72232
215,80,0.24,0.84534854
209,204,0.75,0.6161029
206,204,58.1,73.01896
212,54,0.36,0.434126
212,124,0.35,0.8914212
212,211,0.23,0.29953498
209,60,4.46,3.3906348
207,89,1.37,2.977037
206,231,0.46,0.61344296
206,136,18.3,23.50619
209,212,1.26,0.81287074
201,97,416.0,487.40662
216,168,1.37,0.9556201
194,234,8.9,10.233777
195,21,17.3,27.531376
195,181,3.55,4.0156684
200,243,270.0,207.49326
213,174,2.22,4.5832286
219,225,1.5,1.6943228
203,231,3.08,1.5452996
195,217,0.004,0.2204886
219,82,0.48,1.0714664
218,115,1.14,0.7250982
211,209,12.5,10.908765
217,16,0.14,0.62947345
196,142,0.22,0.27907082
217,127,10.8,7.9709616
195,242,1.52,3.5360284
202,4,0.72,1.0674876
210,214,14.4,18.056509
219,92,2.03,3.008805
219,143,2.0,2.6071587
210,179,5.54,7.280898
210,122,0.65,1.128034
190,239,3.38,8.431798
208,210,1.37,2.3798537
203,222,0.92,0.5320197
216,96,0.1,0.5586858
214,12,1.8,2.880681
213,241,8.67,5.062612
196,170,0.23,2.6231632
204,212,0.56,1.1977646
220,40,0.76,0.8093136
216,28,1.12,1.4364948
196,34,0.05,0.44833785
219,212,1.37,1.3168029
201,136,486.0,535.88464
202,56,0.07,0.27185503
205,53,5.86,12.445327
216,89,0.65,0.47522122
190,170,4.17,0.8778708
209,2,0.06,0.100984626
203,37,6.35,7.882434
202,187,0.63,1.75017
202,120,2.48,1.323834
204,8,3.66,1.3621615
195,162,0.52,0.3915695
196,155,0.33,0.24047719
203,200,0.13,0.27721146
218,84,0.62,0.6699719
196,10,0.1,1.4041873
200,80,2.24,2.4844604
217,198,0.45,0.52904123
201,227,2.58,1.4438663
218,244,3.51,5.390519
194,206,0.66,0.67101413
215,226,0.36,0.46438962
205,120,2.68,2.8325136
190,7,56.1,39.01703
214,139,0.76,1.8192077
217,171,1.76,1.6602265
203,68,2.17,1.5383404
218,186,3.97,3.6794093
200,85,5.23,3.4931014
217,46,0.19,0.70076114
203,179,8.58,10.355753
213,161,1.76,4.627223
219,183,1.66,2.9093761
216,211,0.3,0.44235176
218,101,0.58,1.0078715
220,52,0.34,1.0690109
219,11,0.72,1.0994204
201,211,0.38,0.61939895
204,26,3.59,5.3394465
204,166,0.029,0.16612911
200,169,47.9,38.77385
204,63,17.9,15.707363
208,182,0.66,1.2453005
203,127,0.28,1.058223
205,93,0.34,0.8757132
204,228,0.35,1.8316078
214,101,1.84,7.820003
191,8,0.78,0.581807
203,242,0.48,0.31892258
214,118,0.82,1.2822337
197,58,0.6,0.64082235
202,204,0.59,0.26482806
190,13,60.9,28.266378
213,107,0.046,0.2764314
213,89,0.51,0.6434784
204,145,0.93,3.7438815
200,99,13.8,7.0988417
200,72,0.7,1.3631902
203,215,0.95,0.6757059
213,41,1.15,1.3592268
210,241,0.78,1.5022451
203,96,0.74,1.4197845
203,115,0.5,0.32650596
210,191,8.69,10.968653
216,192,0.9,1.480323
219,162,9.81,11.878539
219,136,0.49,1.5602932
214,90,1.52,2.5410557
191,66,1.02,1.721057
211,60,1.07,2.1582527
214,36,0.13,0.27855098
202,100,2.78,2.2290595
191,100,3.46,5.4684343
200,137,25.4,20.604239
190,202,0.72,1.3206568
202,21,2.4,1.5898601
195,145,0.32,0.95310724
190,20,59.5,24.534246
201,199,6.55,2.271656
220,118,0.33,0.37634104
216,42,2.02,3.9136798
203,45,6.81,13.880101
195,6,16.3,20.40394
216,112,0.33,0.24186988
220,16,0.92,2.2354584
196,51,0.05,0.15864034
200,149,38.5,54.35441
216,127,0.34,1.6180782
200,60,0.22,0.3949567
200,46,0.64,0.88054544
200,35,0.08,0.6684677
219,246,0.14,0.5638481
213,230,8.24,11.564462
219,28,0.46,0.457328
190,174,0.13,0.19755474
218,68,9.71,7.567473
216,67,0.21,0.3772153
210,107,1.76,4.1414666
202,43,0.006,0.1856726
220,103,0.72,1.2615144
217,95,3.05,3.6531591
204,39,4.49,6.846789
195,151,2.87,3.7977684
219,121,0.45,0.60578185
217,183,3.23,1.5370256
190,125,0.63,0.47371995
203,27,3.95,4.1007123
218,154,1.8,1.6899896
202,175,1.08,0.65317976
202,32,11.5,11.938281
200,108,21.8,5.7609687
203,76,2.55,1.1884984
217,67,0.99,1.7785422
203,5,0.19,1.1519389
194,198,0.34,0.43442142
218,171,2.93,1.3335205
201,173,2.24,2.228698
196,133,0.4,0.2636038
205,163,0.53,1.0835966
204,200,4.08,3.0519676
214,125,0.27,0.76861995
216,50,4.18,5.0564156
217,81,1.73,2.6344078
216,74,0.44,1.8797809
205,147,1.78,1.4058919
208,196,1.37,1.2031182
210,163,2.26,3.0898373
211,222,13.4,27.70423
219,233,2.0,4.3096676
216,152,5.89,18.56277
203,54,0.74,0.8090745
204,12,2.75,2.950004
211,88,0.31,1.4798416
219,175,0.1,1.026663
220,30,0.19,1.3666672
203,189,0.78,1.661605
202,213,3.34,4.8675213
200,91,4.43,2.709393
214,51,0.07,1.111184
201,47,352.0,430.08063
214,2,1.08,1.323895
201,74,385.0,78.701645
220,6,0.28,0.8067701
211,73,0.78,4.6106396
196,99,4.39,5.7105746
214,154,1.2,5.7516117
219,154,6.17,4.882168
213,219,6.87,7.3727517
213,147,1.24,2.248146
205,66,8.64,10.624576
200,128,33.0,30.674284
213,134,0.49,0.229424
210,225,16.4,14.025779
211,5,1.66,1.8901527
201,6,268.0,131.17719
213,193,0.19,0.42570642
204,150,4.17,8.882562
203,149,1.27,2.4117284
219,73,0.14,0.32866776
190,159,0.54,0.3795803
203,138,0.52,2.8471353
190,140,9.08,2.6387463
218,4,18.4,13.880953
202,144,16.9,17.232147
215,40,43.3,63.185204
197,155,0.041,0.11354995
211,237,23.8,26.494135
202,165,5.61,20.015558
205,80,0.71,1.4280332
194,227,3.33,5.6357512
217,58,0.011,0.5172445
216,223,0.09,0.6438081
197,72,2.24,2.4998055
191,87,2.49,2.502179
201,33,350.0,509.8626
211,30,1.08,1.1381203
205,42,1.21,1.6127334
201,60,367.0,431.2279
190,224,0.37,0.22412732
208,236,0.11,0.054223847
205,188,0.36,0.4727147
190,230,2.47,6.7612476
214,70,0.045,0.6539443
203,102,1.95,2.2825918
196,89,1.79,0.9285536
190,146,0.16,0.17005509
212,1,26.1,32.575947
202,155,7.98,5.019514
214,26,0.3,1.5712938
219,56,0.4,0.6541665
201,190,2.06,0.3679811
194,220,4.64,2.5833535
213,215,0.26,0.34405065
217,221,0.11,0.14496937
210,157,0.46,1.4980965
210,203,13.3,15.539565
202,134,6.07,2.6344602
195,35,19.4,19.254227
195,174,2.01,2.8133101
217,2,1.09,2.5484993
201,109,471.0,278.98767
205,106,1.48,4.5077477
203,159,3.38,5.1033163
200,180,79.6,50.59054
215,26,37.5,24.763882
197,48,0.13,0.55835086
217,140,13.5,14.742647
202,12,1.8,1.373632
195,209,0.62,1.2925802
195,202,0.55,0.3983683
190,147,17.9,9.97943
195,49,21.9,42.57334
203,169,6.51,3.135806
190,153,0.33,0.5537329
194,243,10.3,11.851399
201,248,0.22,0.24711746
217,209,0.35,0.27930123
196,116,6.32,3.9231796
201,237,0.76,1.01159
205,132,0.72,0.5431872
215,244,2.19,6.1344485
211,37,0.98,1.0527368
213,18,5.87,11.477256
211,53,0.63,3.0495126
200,159,51.8,48.41295
217,33,0.6,1.3429327
217,110,7.43,4.7122087
204,178,0.84,0.8701196
201,155,460.0,452.85934
217,155,0.83,3.1019366
201,84,389.0,414.5209
218,57,7.32,3.1851828
204,110,0.65,0.21928535
204,123,0.75,1.7165868
204,97,0.62,1.394239
191,107,0.45,0.55557275
191,76,1.77,5.909845
214,75,0.1,1.8307849
190,210,1.14,1.4792124
191,17,0.2,0.20150577
202,92,0.95,2.5413373
212,15,33.6,49.717438
194,213,1.3,1.1329812
201,180,1.31,1.0956056
202,224,3.65,1.0834386
196,20,0.64,0.38876384
211,12,0.2,0.6504264
219,107,4.68,6.6719985
190,193,1.12,0.83901435
195,229,1.74,2.6022933
204,189,1.54,1.9417051
203,86,0.18,0.60943604
190,199,0.41,0.61776227
213,76,0.34,1.0400416
202,75,2.9,3.5063684
218,132,0.29,0.35405412
201,19,270.0,122.87713
190,179,0.28,0.26415214
216,139,2.57,3.791853
196,75,0.33,0.33856183
218,43,5.72,4.1264257
219,42,0.29,0.61148083
201,122,497.0,155.65302
208,169,0.52,0.6498636
190,1,40.9,14.101058
195,191,3.98,6.739107
203,20,0.95,1.7824504
210,94,0.35,2.083496
204,52,16.5,22.409813
190,185,0.68,0.86774284
197,170,0.021,0.15919963
204,64,17.6,13.940064
205,227,3.6,11.714905
220,92,1.77,1.5470458
206,59,0.65,0.41544032
208,242,0.1,0.07556007
212,125,0.36,0.6542984
208,14,3.04,7.6466255
204,98,0.57,1.7455561
208,136,0.87,1.7104385
206,39,0.32,1.944648
206,165,23.6,50.072815
215,65,0.32,0.8130793
207,109,0.12,0.54480964
200,200,120.0,86.66988
208,32,0.012,0.031329233
207,119,1.15,1.4406965
205,218,0.18,1.4040164
204,80,33.1,44.318928
204,13,3.01,2.0556762
220,62,1.99,1.9324198
205,242,1.96,1.3662173
208,90,0.14,0.381767
207,242,3.03,5.254098
213,69,0.15,1.0679201
204,40,7.41,11.167176
207,44,0.55,0.39060155
214,190,13.8,11.318564
204,146,0.99,3.266318
208,148,0.82,1.4346154
211,204,6.58,5.194112
212,249,1.73,6.821672
205,249,2.42,8.657338
207,230,1.44,6.3890862
215,145,0.006,0.46080145
209,15,0.6,2.5134966
206,232,0.36,0.8637233
210,67,0.57,1.2402583
205,198,0.07,1.3036985
204,27,3.48,7.5211143
215,181,0.29,0.60407335
211,105,2.44,2.2424808
207,179,1.11,2.7713215
204,229,0.67,1.0793523
200,195,108.0,402.88574
206,189,31.8,59.4827
205,11,0.15,0.36728016
213,119,0.54,1.2511796
205,154,0.33,2.8342552
209,93,8.2,5.8366876
205,6,0.35,1.6418917
212,212,0.33,0.41022784
206,222,44.1,52.4924
207,171,0.93,1.0229038
204,53,16.5,16.136122
206,25,0.72,4.216782
214,204,18.6,24.73347
214,240,33.0,79.21177
207,4,0.62,1.9399067
205,177,2.12,2.056311
209,188,0.5,1.7360098
210,42,0.94,2.719034
205,231,4.81,20.319397
205,1,0.1,0.47365633
212,55,0.36,0.34968263
204,124,1.0,2.7342389
204,111,0.49,0.3059319
212,31,0.12,0.34171188
206,69,0.55,1.6325947
206,54,0.63,0.9139542
208,211,1.28,2.8772316
206,93,1.41,2.3985877
213,7,2.29,3.5722873
209,193,0.84,0.7302871
205,194,0.49,1.6592591
205,22,0.08,0.4969779
204,190,1.42,1.8165495
215,97,1.3,1.241709
207,90,0.69,1.1474766
212,116,0.04,0.5748584
207,28,1.16,2.3950708
220,80,0.44,0.40101236
209,245,2.89,1.3971615
204,179,1.44,1.5849211
209,3,0.07,0.14786656
206,175,26.5,28.673426
213,127,0.92,1.2667994
213,195,0.19,0.39055264
207,74,0.3,4.098633
212,184,0.86,1.1280495
205,183,0.36,0.31579566
215,11,36.7,33.16656
204,225,0.15,0.8816928
207,12,0.2,1.1848098
213,62,0.15,1.3697078
212,196,0.29,0.20375793
208,102,2.35,2.7808638
210,51,0.08,0.63131404
206,50,0.2,1.1727142
210,5,7.89,4.8129735
200,188,100.0,176.54042
215,134,0.35,1.498823
213,13,3.24,8.915385
208,65,1.39,1.5201279
212,164,3.25,7.507552
208,74,0.33,0.62484974
206,17,0.28,1.4301871
204,243,11.3,32.15687
215,113,1.89,2.5118065
204,239,10.0,6.8326635
204,75,21.2,30.927656
211,146,3.32,3.2312925
204,153,5.24,9.588797
213,187,1.72,2.520473
212,87,0.31,0.8967973
208,197,1.17,1.3968073
205,238,7.34,21.571661
213,59,2.63,3.337711
200,208,154.0,199.25566
209,44,2.57,2.2922587
204,213,1.56,0.87709045
209,123,14.6,8.716856
208,221,2.51,2.70996
204,201,4.56,3.5562313
215,167,0.65,1.0607799
210,20,0.61,2.5960965
209,163,0.68,0.9438597
209,30,1.64,1.5510339
209,154,2.17,1.6053293
200,216,178.0,276.09796
213,184,2.29,3.1633348
208,162,1.49,1.0336952
208,18,5.35,13.289979
215,81,0.29,0.59522575
208,48,0.08,1.8043741
206,79,1.08,1.7949954
212,146,2.34,2.328408
213,111,0.049,0.34371156
212,226,0.046,0.7381893
205,235,6.8,22.039099
213,90,0.49,0.83666396
209,84,5.28,11.211222
207,211,0.45,0.8665099
208,246,1.61,0.5765547
214,221,28.3,19.512339
204,247,11.7,19.735569
203,128,0.18,0.6458766
212,77,0.036,0.49254403
207,133,1.24,1.5890796
209,235,0.17,1.201824
207,198,0.1,0.7524818
208,119,4.58,5.1554675
205,174,1.55,0.8497587
206,8,3.23,4.9536443
206,110,52.9,9.34186
220,69,3.17,2.1601365
213,35,0.24,0.4022794
206,148,22.7,37.942318
206,137,56.1,32.75817
215,201,0.65,3.3535604
207,59,0.42,1.8334619
209,213,1.27,1.2493773
211,160,3.5,6.7936773
208,226,5.74,7.1819725
206,205,39.4,82.28559
204,167,0.029,0.1357252
209,21,0.24,0.6697031
209,62,4.53,3.679547
212,232,0.06,0.3425653
206,122,57.4,22.790174
213,52,1.21,1.5533537
209,108,8.29,7.3207645
205,199,0.41,1.3533113
207,75,3.38,5.6346774
206,233,0.39,0.51597714
206,106,55.8,10.763722
206,94,1.6,3.8310137
220,93,7.21,1.1729907
207,225,0.48,0.71130615
207,13,0.21,1.0462667
206,80,1.29,0.70846987
207,45,0.6,0.45569053
206,123,63.9,26.382061
207,91,4.44,1.5281541
208,33,0.019,0.07825417
207,5,1.14,0.3930583
207,199,0.26,0.26070967
207,29,1.26,3.5155473
206,26,1.2,6.4219546
190,42,100.0,99.325836
194,41,2.7,0.9681267
193,159,28.0,9.536403
192,203,0.75,1.0191954
192,195,0.37,0.10238018
193,198,0.045,0.06943638
194,108,16.1,5.387486
192,183,1.8,1.325092
198,119,0.47,0.8128311
192,226,0.28,0.45152354
194,3,0.87,0.6244923
194,83,5.42,4.1563315
192,211,0.37,0.24683312
193,110,0.7,0.9483453
193,93,0.2,1.3060576
193,142,14.1,11.338014
193,102,0.53,0.43638325
193,118,1.83,5.0441937
194,50,0.75,0.30719298
197,3,0.4,0.30857706
194,112,0.05,0.5828453
192,235,0.44,0.7981963
193,126,4.36,4.006173
193,213,1.64,1.2415978
190,96,222.0,276.77316
194,163,0.5,0.42871606
192,218,1.09,1.599153
190,74,124.0,231.02078
193,185,0.66,0.7552953
196,182,1.27,0.21890476
193,70,2.39,1.0817376
194,189,0.83,0.93845016
194,97,10.7,5.204949
194,176,0.11,0.063015655
193,11,5.66,1.2369571
190,66,109.0,95.97677
193,238,1.29,0.7380728
192,164,0.46,0.49476022
194,142,1.51,1.1347182
194,62,1.94,1.8203902
193,192,0.038,0.12632027
193,245,0.65,0.5492654
194,33,0.16,0.483153
198,113,0.11,1.204454
192,187,3.18,1.035038
193,219,0.24,0.4716033
193,205,0.69,0.7904192
190,85,160.0,89.790306
193,49,0.08,0.0907001
193,229,0.28,1.1585301
194,72,2.43,3.2408593
193,134,6.13,5.0222974
192,173,1.03,0.517173
194,11,0.68,1.9022877
190,51,110.0,45.41718
194,18,3.78,1.7185819
197,24,0.27,0.23246343
196,195,0.19,0.22711381
193,176,33.1,21.274635
194,183,0.93,1.0595181
193,77,0.03,0.038633496
193,86,0.06,0.3273919
194,126,0.32,0.2943245
198,128,1.09,0.6667706
193,56,0.44,-0.026279984
203,160,2.54,4.260909
208,34,0.007,0.081171066
204,244,7.52,22.540327
204,240,6.33,15.748315
202,76,2.79,3.2614293
207,92,0.92,2.0182593
203,170,6.4,2.982154
210,192,8.29,10.168695
206,138,16.7,10.557827
204,9,1.89,8.524845
202,101,2.21,2.6896408
206,234,0.25,1.1412548
203,239,2.62,5.1030674
207,134,2.65,0.85729367
203,77,0.23,1.211506
208,247,1.57,0.4969762
206,206,74.3,54.511364
204,168,0.04,0.16061969
204,147,3.72,4.619531
203,28,1.94,3.0045846
204,214,2.41,1.0411056
208,183,0.94,1.4169234
206,81,0.79,1.7840998
204,163,8.76,8.480792
205,232,5.07,22.168573
205,2,0.09,0.3495778
204,125,1.22,1.6154573
204,112,0.65,0.16234483
206,70,0.48,1.233768
209,246,3.25,1.5270185
203,201,0.11,0.25056767
207,30,0.89,3.5818107
209,4,0.08,0.068777256
205,23,0.12,0.9051635
206,176,52.0,25.198309
206,107,14.0,11.287466
206,12,3.13,4.81522
208,120,4.73,6.9711275
209,22,0.26,0.6021632
202,11,1.68,0.994903
203,190,0.85,1.4543275
202,225,0.39,0.3310194
208,75,0.3,0.6438156
203,139,0.46,1.2888848
205,107,1.55,2.2493582
205,184,0.42,0.4240626
207,76,0.33,3.1223586
205,48,0.91,0.9929595
204,226,0.15,0.73569256
207,180,1.12,3.154249
206,51,0.19,2.1128993
200,189,92.2,3.230537
201,191,0.25,0.29601178
208,66,0.32,1.7072303
205,239,8.2,21.616447
208,198,1.39,0.9594335
204,76,24.6,43.749336
206,18,0.24,0.69551045
204,191,1.56,1.7766151
210,248,1.29,2.3888962
203,116,0.48,0.36458382
204,81,33.6,44.534508
205,236,6.8,24.810768
203,243,0.44,4.028037
202,205,0.31,0.4126139
207,212,0.48,0.83858144
208,163,1.45,0.83316445
207,200,0.1,0.16885594
200,150,36.5,4.089431
206,149,23.8,22.847588
210,180,4.53,3.762839
208,212,1.43,2.8733852
203,69,1.12,1.3821406
204,90,29.6,79.639755
203,180,7.95,3.4382498
204,180,2.16,2.954197
206,55,0.65,1.0168144
204,94,30.2,2.2599866
202,93,1.09,2.4123046
203,129,0.23,0.45027876
206,223,82.1,23.082993
208,237,0.14,0.074173264
208,5,2.61,5.4753733
206,190,62.7,37.377018
205,219,0.35,4.450869
207,110,0.12,0.7303569
203,87,0.06,1.0774316
208,149,0.86,2.0107782
200,201,126.0,100.57216
205,243,2.02,1.6566647
201,228,2.28,2.1423252
205,164,0.52,1.9770358
208,91,0.22,0.93985206
207,243,2.18,3.9118328
202,121,0.73,4.0551906
203,97,0.45,1.2013953
202,22,1.49,2.160374
200,160,50.3,6.3886385
200,217,219.0,248.86559
205,178,2.14,3.651357
204,85,26.6,52.935642
206,124,15.6,19.06964
201,200,0.74,3.0997431
203,46,6.51,11.158524
201,174,0.63,1.3974246
204,248,9.14,21.838568
208,227,7.5,7.2510886
200,36,0.05,0.53392917
205,175,1.6,1.4232057
200,138,18.3,4.9699163
205,94,0.38,0.50474536
204,41,8.33,9.024224
204,28,4.24,5.60046
205,12,0.15,0.7212823
205,7,0.36,1.9749111
206,95,1.13,3.0767958
211,54,0.76,1.9972461
204,54,18.9,14.514588
203,21,0.61,2.6300852
207,6,0.47,0.8819849
205,133,0.61,0.2918986
208,170,0.61,1.0701673
206,27,0.24,5.971096
207,172,1.01,1.6643364
201,249,0.21,0.9283332
200,129,29.7,38.443737
203,223,0.74,11.936394
203,55,0.55,0.91305965
202,214,0.8,5.1963787
202,135,1.35,3.393438
205,27,0.44,2.7395506
207,14,0.17,1.1104853
202,166,4.53,10.435311
208,103,2.3,3.071442
202,156,1.84,9.6952715
200,209,209.0,132.36559
200,47,0.16,0.29792202
202,145,3.12,17.737217
206,40,0.44,2.025168
200,73,0.29,1.9908499
220,104,0.29,0.44553456
204,99,2.08,2.1437137
190,126,0.16,0.4940359
205,155,0.32,2.641267
208,49,0.09,3.236276
211,13,0.19,0.5207068
205,32,1.21,5.856974
208,19,5.75,11.545041
206,60,0.89,0.6099731
203,150,1.41,3.695569
203,103,1.93,1.6307728
208,222,3.34,2.0730774
209,16,0.5,1.4468983
210,164,2.06,3.8069057
204,202,5.35,6.576751
202,44,0.007,0.19819899
220,119,0.67,0.71623534
202,188,0.13,2.0676897
203,38,6.39,11.955388
207,46,0.4,0.4488385
207,120,1.1,2.1003644
200,61,0.17,0.3137192
220,94,1.12,1.4001241
200,100,4.71,6.8383055
204,65,20.8,16.666779
210,242,0.76,3.3342407
204,230,0.33,4.4422674
207,231,0.81,8.453059
204,14,5.14,3.1492121
202,176,0.31,0.77252007
200,109,10.6,9.606033
203,216,0.37,0.61083746
194,199,0.24,0.850636
203,6,0.12,0.43599486
205,16,0.64,3.4247377
205,200,0.14,2.1532881
200,172,52.2,11.438311
205,228,3.67,7.2113795
202,33,9.68,12.075166
201,238,0.85,0.8612094
206,162,39.6,37.90349
211,31,1.28,1.0311491
206,0,2.34,15.314179
200,196,108.0,714.2239
207,60,0.58,1.867916
217,184,2.93,2.2302926
195,85,57.6,62.065033
217,17,0.15,1.0982561
198,234,0.99,0.6795425
193,34,1.11,1.1514308
197,13,2.03,1.9026493
195,22,17.7,9.203156
195,7,17.3,22.328228
198,84,1.31,8.406505
216,128,2.42,1.7401474
195,134,109.0,55.244534
196,183,1.28,0.21121787
198,73,1.61,4.354975
195,36,22.4,32.354473
197,139,41.8,18.229942
193,37,5.2,0.25297147
219,122,0.4,1.7414026
197,103,23.4,2.7619631
196,21,1.26,0.21897963
195,102,60.0,58.300785
219,57,0.36,2.786409
195,163,0.92,0.65288764
195,192,4.3,10.67472
196,242,0.045,-0.0037045977
196,190,1.75,0.5441096
195,230,3.21,2.1045647
196,117,19.9,4.2954535
219,93,2.12,2.5855417
198,230,14.5,4.534536
194,244,10.9,15.893716
195,50,25.3,34.77225
196,100,12.1,5.5521464
196,11,0.11,1.0840987
196,52,0.5,0.0697494
195,124,60.1,33.17629
198,103,1.15,0.5337392
196,207,0.31,0.48839206
197,33,0.25,0.35307783
196,35,0.08,0.78538847
196,143,0.39,0.23634127
196,171,1.52,1.5803884
217,156,0.99,1.2327789
198,241,4.63,3.4045973
198,166,0.91,0.85452527
198,3,1.33,1.1713054
196,156,7.72,0.28743523
195,112,60.5,41.455563
195,243,4.04,4.32431
217,96,3.03,4.254497
198,208,0.19,0.3073
192,242,1.31,0.15950899
198,17,2.9,0.9593607
217,111,7.06,8.69424
193,18,1.62,0.27328447
197,249,0.13,0.103232466
197,126,38.9,11.947066
217,172,1.58,1.357437
195,75,54.5,19.89859
217,68,1.04,2.6645963
193,29,0.42,0.76849407
196,63,0.21,0.24626067
195,63,31.8,34.650192
198,53,5.77,3.1534674
193,43,0.54,0.3692573
217,82,1.64,2.9485106
198,214,3.91,2.8988101
198,219,5.54,3.830427
198,174,1.93,2.828353
196,196,0.17,0.12947568
193,0,3.56,2.6097364
215,182,0.31,0.6566719
212,32,0.12,2.2296727
211,161,3.26,3.7828565
212,68,0.03,0.33959916
212,213,0.18,0.35011697
212,106,0.04,1.3162316
215,202,0.7,2.0301552
211,108,2.44,3.312351
212,88,0.27,0.9043043
212,56,0.37,0.64840007
211,126,3.44,0.5627571
211,147,3.28,3.0036094
212,173,3.22,7.7768764
214,241,28.0,81.37646
212,126,0.38,1.7784855
208,6,2.38,3.7954783
206,41,0.2,2.1039379
208,67,0.26,2.8766491
207,239,0.72,8.362793
206,9,2.65,4.0585814
206,207,32.0,37.799946
206,141,14.7,8.8076935
207,244,1.82,5.55003
205,220,0.14,3.6074994
208,121,3.77,7.0392404
208,92,0.12,0.5475384
208,76,0.22,0.83232135
206,191,26.3,40.871964
195,218,0.0,0.2829953
216,15,0.15,2.09295
210,123,0.62,0.9530511
216,221,0.015,0.41658714
195,244,3.24,4.391048
212,17,34.1,51.969475
196,172,0.44,3.6626287
201,108,386.0,388.36032
196,109,4.83,4.5300775
217,120,6.96,5.3516703
201,124,420.0,120.64146
195,234,2.57,1.8478426
214,126,0.28,0.6033357
216,113,0.22,0.2700913
216,193,1.17,1.3905674
197,59,0.66,0.93484175
211,56,0.61,3.085707
219,29,0.43,1.548482
211,44,1.04,1.1966112
217,226,0.08,0.2019357
216,153,7.42,13.214683
216,176,1.43,1.5449399
214,46,0.27,0.24493097
219,49,0.32,1.3614087
212,10,27.6,22.834707
210,215,14.5,13.465769
210,158,0.44,1.8434174
216,135,0.73,1.2659727
217,59,0.013,1.3147817
197,73,2.84,3.5031846
217,3,1.2,2.8806713
215,227,0.47,0.6001076
218,5,16.7,12.210078
211,98,0.36,0.61381805
201,100,340.0,676.7832
217,142,10.8,11.526873
218,69,10.1,4.002796
218,172,2.72,4.018509
210,204,13.4,15.920974
201,32,299.0,418.51218
218,85,0.63,1.3369973
210,101,0.37,3.4583893
196,12,0.11,1.1205723
201,20,220.0,71.55751
218,155,1.6,4.6452675
216,140,3.73,4.0091443
218,133,0.29,0.8371203
195,8,15.2,12.001772
201,139,408.0,388.27066
215,247,2.82,4.270712
197,174,0.04,0.33544388
197,49,0.05,0.7381236
196,22,0.76,0.3831224
211,81,0.97,5.453889
214,155,0.85,2.9451
217,19,0.11,0.99814194
217,128,8.88,10.761047
218,102,0.41,1.0775294
201,62,301.0,350.59457
214,102,1.7,6.7570276
217,210,0.29,0.70580953
195,203,0.32,0.40767255
216,90,0.58,0.7567708
218,116,0.92,0.9154427
216,97,0.11,0.37121025
195,182,3.07,5.9283924
197,183,0.009,0.052653622
210,108,1.61,6.601917
201,156,397.0,470.4168
201,81,323.0,353.9422
217,47,0.17,0.65186995
216,181,1.62,2.803916
201,73,320.0,54.203842
195,38,24.5,18.881474
218,58,7.0,4.7606406
217,34,0.48,0.48141336
216,59,4.09,4.123855
195,210,0.68,1.5849829
201,16,219.0,155.04497
214,85,0.08,1.9006369
218,245,3.97,2.6258242
216,212,0.14,0.266476
216,75,0.3,1.3807887
195,193,3.62,12.062999
195,23,20.6,18.07701
214,145,0.57,1.4557121
197,158,0.035,0.26761556
194,245,9.24,12.906196
215,47,39.9,29.159893
195,51,25.7,25.881027
195,175,1.78,1.8757932
217,197,0.41,0.4002072
196,36,0.041,0.7840678
201,46,295.0,479.69266
218,187,3.75,7.0312176
196,53,0.24,0.23513244
196,118,7.76,3.569494
216,29,1.03,3.3490455
219,12,0.69,0.66116256
216,43,1.58,4.7967324
200,241,207.0,157.00081
214,37,0.22,0.41344628
215,114,2.14,1.0753905
215,41,40.3,36.09221
211,197,7.18,4.7104487
211,151,3.08,1.6022013
215,237,1.11,1.0709077
215,190,0.21,0.7133176
215,228,0.41,0.46874246
211,115,2.37,3.2487674
212,174,3.45,4.14928
211,238,24.9,32.420773
210,124,0.62,1.3467076
215,173,0.48,0.62930244
212,78,0.028,2.3431683
212,108,0.03,1.1072872
210,109,1.6,3.5101728
200,230,181.0,208.29071
215,13,29.0,13.756555
212,16,34.1,71.98832
211,89,0.32,0.6796334
215,27,33.6,25.865227
216,8,0.4,1.8657281
201,7,208.0,210.46524
212,214,0.17,0.35866025
214,222,18.4,27.680683
212,233,0.08,0.76958615
212,90,0.19,0.63512176
212,127,0.36,1.9002341
212,60,0.32,1.4417546
210,159,0.41,1.1427288
212,2,26.8,26.314812
210,141,0.2,0.4871558
211,223,13.6,18.577131
215,203,0.41,2.4945557
214,161,0.88,3.1634603
211,169,3.12,4.7405977
215,147,0.006,0.39676416
209,23,0.18,1.2796382
200,223,158.0,140.77608
214,55,0.06,0.95634085
214,103,1.73,5.620311
214,205,10.5,25.979383
215,245,2.58,3.199725
215,135,0.35,0.8467035
210,136,0.33,1.737087
209,137,17.4,31.638084
214,127,0.26,0.52386516
211,210,12.8,10.71496
216,16,0.14,0.8584803
215,82,0.31,1.6707153
215,216,0.12,0.5508287
211,74,0.91,5.220677
190,117,0.25,0.6345735
191,25,0.39,0.7786655
191,141,5.7,6.178131
190,108,1.35,1.3849651
217,18,0.1,1.8098906
191,22,0.12,0.46427175
191,35,0.27,0.3475256
191,122,0.54,2.6595705
191,211,2.0,1.2671717
191,191,0.57,0.26900756
191,131,3.9,2.1351101
191,220,1.04,0.7548163
191,113,0.12,0.3107076
191,206,1.26,6.174925
190,240,4.39,10.680327
191,46,0.22,0.4483185
191,243,1.38,2.149894
191,230,1.14,1.5920001
200,28,0.15,0.5553793
191,181,0.17,0.3400683
191,63,0.32,0.44205692
190,211,0.88,1.2892871
206,163,18.8,39.11897
212,165,3.38,5.0313053
209,85,5.11,7.846307
206,28,0.1,5.616518
210,83,0.17,1.1234022
215,12,27.0,17.953402
207,7,0.17,0.42118305
215,98,1.28,1.7102975
208,68,0.24,1.1592257
209,45,2.21,1.1000949
207,77,0.25,4.6602364
211,148,3.02,6.0112815
214,223,17.1,48.410454
206,150,16.1,17.790062
209,61,4.36,3.5972776
206,82,0.5,4.397839
211,162,3.06,4.2004147
212,69,0.027,0.6262653
212,215,0.16,0.45114797
207,15,0.12,0.5645003
210,52,0.09,0.6528753
206,139,14.8,13.064812
207,173,0.78,1.7286688
210,6,4.14,4.0399895
215,136,0.32,1.5737916
205,201,0.038,2.715744
207,93,0.32,2.819595
212,89,0.19,0.574494
212,57,0.32,1.4118748
211,127,3.44,0.7389326
214,242,22.6,100.57725
209,94,7.73,4.1587405
209,194,0.65,0.56665504
215,115,2.14,2.3951437
208,50,0.07,1.7461846
208,77,0.18,1.058916
212,33,0.08,1.6865582
215,146,0.006,0.376257
209,124,13.3,15.275015
215,66,0.17,0.6698558
208,150,0.81,2.2698998
206,177,21.6,29.64143
207,61,0.24,1.4760004
207,111,0.12,0.94231725
206,108,12.9,11.514717
205,221,0.11,3.3452759
206,192,25.2,51.656338
215,183,0.19,0.682933
209,109,6.56,6.7706995
208,122,3.66,5.052519
208,7,2.05,4.8730454
207,31,0.53,4.0816116
212,107,0.03,1.6614447
209,247,2.51,1.6562562
211,106,2.39,1.6594024
209,233,0.2,0.708331
208,104,1.75,4.7964644
207,201,0.08,0.13154876
209,31,1.41,1.3343129
207,213,0.5,0.62556183
208,20,4.06,8.497862
214,206,10.4,15.094697
215,204,0.38,3.5859401
210,21,0.74,1.2392228
206,224,34.1,34.523384
210,43,1.43,2.6420918
210,68,0.9,1.5238523
208,93,0.12,1.2187055
215,168,0.46,0.5728017
207,245,1.63,1.687884
206,71,0.43,2.8184
215,56,0.59,1.0505711
207,135,0.76,1.6427128
207,47,0.25,0.81745833
209,179,0.44,1.1145529
206,96,0.65,1.1997316
207,232,0.7,3.506247
206,125,13.8,9.985018
212,128,0.33,3.1426418
208,137,0.87,0.92454463
214,170,5.37,13.945986
206,208,30.4,53.34362
207,181,1.01,4.930105
206,235,0.19,1.2259572
214,179,7.07,18.876127
215,83,0.36,1.5822821
214,191,9.71,15.76009
209,164,0.78,0.98325545
209,214,1.23,3.567284
220,95,0.46,1.361085
208,35,0.007,0.76492923
207,121,0.7,6.5895042
206,42,0.15,2.2434866
209,155,1.78,1.3825133
212,147,2.36,2.8432748
204,169,0.024,0.15516102
200,48,0.14,0.20915197
200,62,0.15,0.19818094
204,192,1.04,1.1220618
204,126,0.49,0.91279626
204,51,3.42,4.3483768
204,38,2.84,2.8711367
204,203,2.95,1.0303727
204,113,0.3,1.3952165
204,181,0.52,2.1737468
204,151,2.78,3.7945373
220,105,0.24,0.6665926
204,74,15.5,0.7857011
202,122,0.68,2.6294425
204,15,1.97,3.426847
204,100,0.64,1.4326276
204,148,0.88,2.4759471
200,37,0.049,0.9789239
202,177,0.32,2.4286237
204,215,0.5,10.602425
190,127,0.11,0.18887833
203,135,0.16,2.2473886
202,189,0.12,0.45441303
202,206,0.32,1.1877896
220,120,0.23,0.46274748
200,29,0.43,0.69757223
207,32,1.29,7.889283
207,62,0.5,1.0591518
208,36,0.013,1.3372674
207,48,0.49,1.0113133
207,214,0.51,0.5642611
207,78,0.65,6.3555765
207,16,0.22,1.9181283
206,126,13.0,12.441334
205,202,0.07,1.0539868
206,109,11.0,11.328102
207,202,0.13,0.7495506
206,29,0.13,4.954153
207,94,0.38,1.9226906
220,121,3.07,1.2356899
220,106,2.35,0.68373805
204,193,11.4,1.9329917
204,62,18.3,2.9938335
204,223,2.28,0.57907224
204,149,5.23,4.1809435
204,152,11.9,2.888218
204,231,1.12,0.82589316
204,16,12.5,3.894802
204,66,21.8,12.706985
204,182,3.43,1.2106456
204,101,4.42,0.9888395
204,170,0.45,0.3467117
217,35,0.51,0.67133987
195,215,1.1,1.7420511
196,23,0.97,0.9309552
197,50,0.17,0.5243597
197,156,0.06,0.4587928
195,52,51.6,15.534699
197,60,0.7,0.7129775
195,9,38.2,13.296038
195,176,3.11,7.2521353
216,130,0.76,1.0194387
195,200,5.84,9.624
196,173,0.92,0.49305025
217,4,1.17,2.4964905
201,82,807.0,117.14138
196,13,0.13,0.9453062
196,150,0.59,0.71102965
197,74,2.69,4.6752114
217,222,0.08,4.2055345
217,48,0.17,2.3807049
195,37,56.9,24.588497
217,141,10.6,4.5617075
196,157,3.37,1.170969
196,110,13.6,3.2629395
196,125,19.1,3.4494529
195,219,0.003,3.2828133
195,164,1.43,1.7839166
216,220,0.021,1.6863282
217,60,0.011,0.8395022
216,169,1.77,1.2190483
195,24,58.4,16.865648
195,245,3.77,3.1148005
195,231,3.2,2.7816887
195,183,4.72,4.5339217
196,54,0.69,0.26682305
197,171,0.08,0.53191614
194,63,5.08,6.9544
194,113,0.2,0.56335753
194,134,0.86,0.30909503
194,140,5.18,3.0190396
194,73,6.7,4.320799
194,91,20.2,32.953403
194,169,0.87,3.4335773
209,32,1.13,1.2747183
208,123,4.3,4.6208463
209,234,0.25,1.7941064
206,236,0.22,4.3188596
209,117,9.73,5.522673
206,10,5.3,5.4673924
214,216,11.8,13.515592
210,22,1.17,1.0440043
208,8,3.1,1.4338455
208,21,5.65,5.082478
208,138,0.84,1.0612878
207,112,0.15,0.48787162
210,0,2.54,2.1040368
206,72,0.89,1.9296763
207,246,2.15,3.9908807
206,43,0.39,3.1119664
215,169,0.52,0.73514444
214,180,9.26,16.018797
208,94,0.18,0.95219535
209,125,13.8,9.924455
209,215,1.28,5.313047
210,69,1.02,1.5054632
215,67,0.2,1.0827273
208,151,0.83,2.0778255
206,178,20.4,12.797892
210,44,2.04,6.055871
207,122,0.89,3.7790003
206,225,34.1,25.074883
206,164,16.6,17.518559
205,222,0.47,3.1713107
215,57,1.08,1.8529769
206,193,25.1,23.230364
207,182,1.0,1.3122897
208,51,0.09,0.663232
210,84,0.34,1.2949396
215,116,2.47,1.9529983
220,96,0.38,0.48607528
207,233,0.68,7.5590634
214,192,11.7,14.182813
209,46,2.04,0.74729955
209,195,0.64,0.26666504
210,7,4.2,2.584818
214,224,17.8,28.20075
200,210,247.0,28.919792
206,97,0.81,5.850669
207,9,0.25,12.889125
215,107,1.19,2.8543684
214,171,7.21,7.360797
209,95,9.61,6.325299
208,69,0.41,2.2977767
215,92,0.25,2.4974895
209,180,0.59,0.62717664
206,140,11.3,14.623038
209,165,1.51,1.7451438
208,78,0.39,0.8954515
209,156,1.97,1.5146708
209,86,7.07,10.05782
206,209,30.1,23.96889
210,53,0.18,1.580867
209,63,5.99,5.9075437
207,174,1.16,1.5187728
208,108,1.96,1.7338228
206,151,11.9,16.251234
207,136,1.43,1.8894024
206,89,0.58,4.7078357
191,171,123.0,4.3566284
192,137,1.9,0.6205782
191,155,110.0,7.436523
192,146,2.86,0.51032066
192,20,2.71,0.4555638
192,82,6.9,1.2707558
192,78,4.22,0.7387041
192,52,4.49,8.8181
192,68,0.8,0.4126289
192,155,4.46,2.416095
192,47,2.52,0.39745134
192,32,0.63,0.83215886
194,4,2.3,1.869337
198,4,1.35,1.6396403
198,104,1.12,1.5725098
197,116,25.6,14.121732
192,96,2.56,1.7991772
191,225,2.1,2.4935682
192,92,1.65,0.6477847
192,237,0.83,0.37296003
194,141,3.14,1.3245033
192,229,0.6,0.54684323
192,208,6.03,0.83156294
197,14,3.41,2.7861183
193,147,44.7,3.9700613
198,85,1.17,0.71166575
194,19,6.4,3.4274306
193,135,32.0,1.6489115
193,127,16.5,8.83562
194,119,0.12,0.21729112
192,120,0.33,2.0129986
192,188,14.2,1.513424
198,247,5.57,1.8232566
194,12,1.26,2.8964543
193,209,2.16,0.6306039
192,177,2.53,1.116399
193,214,5.46,1.6962779
197,107,24.2,7.2682467
198,215,4.3,1.4785357
196,243,0.09,0.21299
198,167,0.72,0.93126386
195,105,77.2,33.17482
192,123,5.22,2.6260884
198,175,1.87,1.215806
197,127,37.4,17.420609
197,140,39.3,11.985985
194,133,0.36,0.37489215
192,169,1.03,2.009321
198,68,1.76,0.28886154
194,177,0.31,0.16337793
193,119,6.58,0.90974116
195,135,131.0,36.96491
193,184,2.46,0.46646506
194,74,4.68,1.7235919
194,84,10.3,3.373772
194,164,0.51,0.6132481
194,98,14.0,3.6910505
192,131,0.5,1.8595521
192,199,1.34,0.2031908
192,223,4.08,3.8391078
198,39,1.4,2.6026232
198,18,2.41,0.4812449
193,114,2.72,0.99346966
193,226,0.75,0.32818767
198,220,5.92,4.9245105
198,33,0.11,0.33854145
193,230,0.71,0.79874516
198,46,5.28,5.7979393
194,152,2.78,1.0401453
194,34,0.42,1.9941853
193,107,1.97,0.3578713
193,246,1.76,0.55483294
193,193,0.14,0.5740531
190,75,1020.0,24.360628
193,94,1.12,1.6241637
197,245,0.08,0.050824128
194,64,3.33,2.498816
198,57,12.7,7.182706
198,206,0.21,0.29464608
195,125,86.6,16.67445
197,34,0.66,0.26649565
195,113,79.9,50.604458
198,92,0.54,0.50005025
193,199,0.19,0.27753574
