,station_id,date,flow,flow_log,chunk_id,id_in_chunk
0,150210180,2017-05-20,444.0,6.09807428216624,9,143
1,150210180,2017-10-02,160.0,5.081404364984463,9,144
2,152170020,2017-07-30,0.14,0.1310282624064041,7,72
3,153220270,2017-05-12,56.4,4.050044303325521,14,9
4,153220270,2017-05-25,43.5,3.7954891891721947,14,7
5,153220270,2017-08-30,9.2,2.322387720290225,14,6
6,153220270,2017-09-29,9.14,2.316487998163037,14,8
7,153220270,2017-10-02,8.08,2.206074192613202,14,10
8,153190180,2017-05-01,0.83,0.6043159668533296,16,2
9,153190180,2017-05-18,0.89,0.636576829071551,16,4
10,153190180,2017-05-28,0.94,0.6626879730752367,16,1
11,153190180,2017-07-30,0.69,0.5247285289349821,16,0
12,153190180,2017-08-29,0.6,0.4700036292457356,16,3
13,150190310,2017-05-28,2.05,1.11514159061932,10,215
14,150190310,2017-08-01,2.19,1.1600209167967532,10,213
15,150190310,2017-08-11,1.65,0.9745596399981308,10,212
16,150190310,2017-10-02,1.48,0.9082585601768908,10,216
17,150190310,2017-11-04,1.81,1.0331844833456545,10,211
18,154220010,2017-05-28,8.02,2.199444334074532,16,238
19,154220010,2017-08-16,2.21,1.1662709371419244,16,237
20,154220010,2017-09-30,2.33,1.2029723039923526,16,236
21,154220010,2017-10-02,2.14,1.144222799920162,16,239
22,150150040,2017-05-11,2.0,1.0986122886681096,6,63
23,150150040,2017-05-19,1.99,1.095273387402595,6,61
24,150150040,2017-05-21,2.02,1.1052568313867783,6,64
25,150150040,2017-07-30,0.38,0.32208349916911333,6,62
26,150150040,2017-08-29,0.27,0.23901690047049992,6,65
27,150150040,2017-09-28,0.44,0.36464311358790924,6,67
28,150150040,2017-10-01,0.19,0.173953307123438,6,66
29,150150040,2017-10-16,0.2,0.18232155679395462,6,60
30,154150040,2017-05-19,29.1,3.40452517175483,8,86
31,154150040,2017-10-01,58.0,4.07753744390572,8,84
32,154150040,2017-10-16,17.4,2.91235066461494,8,85
33,153190040,2017-05-01,4.37,1.6808279085207734,16,136
34,153190040,2017-05-18,1.99,1.095273387402595,16,135
35,153190040,2017-05-28,1.81,1.0331844833456545,16,134
36,153190040,2017-07-30,0.82,0.598836501088704,16,133
37,153190040,2017-08-29,0.72,0.5423242908253616,16,138
38,153190040,2017-09-28,2.24,1.1755733298042381,16,137
39,153210070,2017-05-18,16.3,2.8507065015037334,14,213
40,153210070,2017-05-20,16.3,2.8507065015037334,14,212
41,153210070,2017-05-25,17.2,2.9014215940827497,14,214
42,153210070,2017-05-28,16.2,2.8449093838194073,14,211
43,153210070,2017-08-16,4.59,1.7209792871670078,14,210
44,153210070,2017-10-02,3.99,1.6074359097634274,14,209
45,151200120,2017-05-20,72.6,4.298645025734831,13,175
46,153220280,2017-05-25,13.0,2.639057329615259,14,99
47,151200120,2017-05-28,73.6,4.312140507209715,13,174
48,151200120,2017-09-30,20.1,3.0492730404820207,13,173
49,151200120,2017-10-02,19.2,3.005682604407159,13,171
50,153220280,2017-10-02,4.58,1.7191887763932197,14,100
51,151200120,2017-10-17,17.9,2.9391619220655967,13,172
52,150160250,2017-05-28,0.31,0.27002713721306015,5,67
53,150160250,2017-07-30,0.1,0.09531017980432487,5,69
54,150160250,2017-08-01,0.1,0.09531017980432487,5,68
55,154150050,2017-05-19,11.3,2.509599262378372,8,83
56,154150050,2017-10-01,23.4,3.1945831322991562,8,81
57,154150050,2017-10-16,8.3,2.2300144001592104,8,82
58,154160020,2017-05-19,8.5,2.2512917986064953,8,97
59,154160020,2017-10-01,9.5,2.3513752571634776,8,95
60,154160020,2017-10-16,6.9,2.066862759472976,8,96
61,152230190,2017-05-12,3.98,1.6054298910365616,14,38
62,152230190,2017-08-30,0.56,0.44468582126144574,14,39
63,152230190,2017-10-02,1.08,0.7323678937132266,14,40
64,152190100,2017-05-18,3.01,1.3887912413184778,15,141
65,152190100,2017-05-28,2.61,1.2837077723447896,15,139
66,152190100,2017-08-16,1.07,0.7275486072772778,15,140
67,152190100,2017-09-30,0.91,0.6471032420585385,15,138
68,150190140,2017-05-28,29.5,3.417726683613366,9,87
69,150190140,2017-08-01,8.69,2.2710944259026746,9,90
70,150190140,2017-08-08,6.79,2.052840859882657,9,88
71,150190140,2017-08-16,5.44,1.8625285401162623,9,91
72,150190140,2017-10-02,10.6,2.451005098112319,9,86
73,150190050,2017-05-28,0.98,0.6830968447064438,10,10
74,150190050,2017-08-01,1.0,0.6931471805599453,10,7
75,150190050,2017-08-08,1.18,0.7793248768009976,10,8
76,150190050,2017-10-02,0.64,0.49469624183610705,10,6
77,150220110,2017-08-30,0.83,0.6043159668533296,12,229
78,150220110,2017-10-02,0.93,0.6575200029167942,12,228
79,150200070,2017-05-28,2.67,1.3001916620664788,11,33
80,150200070,2017-08-01,3.49,1.501852701754163,11,30
81,150200070,2017-08-11,2.51,1.2556160374777745,11,31
82,151220130,2017-08-30,1.18,0.7793248768009976,13,76
83,151220130,2017-09-09,1.24,0.8064758658669485,13,77
84,150200070,2017-10-02,1.8,1.0296194171811583,11,34
85,151220130,2017-10-02,0.92,0.6523251860396903,13,75
86,150200070,2017-11-04,2.48,1.247032293786383,11,29
87,152150100,2017-05-19,12.2,2.580216829592325,7,104
88,152150100,2017-07-30,5.86,1.925707441737794,7,102
89,152150100,2017-09-11,5.52,1.8748743759385615,7,103
90,152150100,2017-10-01,7.4,2.128231705849268,7,101
91,152150100,2017-10-16,9.81,2.380471631651117,7,100
92,150150130,2017-05-11,1.56,0.9400072584914712,5,233
93,150150130,2017-05-19,2.18,1.1568811967920856,5,231
94,150150130,2017-05-21,2.21,1.1662709371419244,5,229
95,150150130,2017-07-30,0.74,0.5538851132264376,5,230
96,150150130,2017-08-29,0.54,0.43178241642553783,5,234
97,150150130,2017-09-28,0.55,0.4382549309311553,5,235
98,150150130,2017-10-01,0.51,0.412109650826833,5,232
99,150150130,2017-10-16,0.46,0.3784364357202451,5,228
100,153180050,2017-05-01,11.0,2.4849066497880004,16,54
101,153180050,2017-05-18,9.67,2.367436065313662,16,50
102,153180050,2017-05-28,9.34,2.336019869080283,16,51
103,153180050,2017-07-30,8.24,2.2235418856535927,16,52
104,153180050,2017-09-28,8.21,2.2202898502672155,16,53
105,151190060,2017-05-28,12.9,2.631888840136646,6,178
106,151190060,2017-08-01,8.46,2.247072383063787,6,177
107,151190060,2017-08-16,6.13,1.9643112344262046,6,179
108,151190060,2017-11-04,5.01,1.7934247485471162,6,180
109,150200020,2017-05-18,1.58,0.9477893989335261,11,142
110,150200020,2017-05-28,1.8,1.0296194171811583,11,143
111,150200020,2017-08-01,0.83,0.6043159668533296,11,140
112,150200020,2017-08-16,0.54,0.43178241642553783,11,141
113,150200020,2017-10-02,0.38,0.32208349916911333,11,144
114,152230010,2017-05-12,4.14,1.6370530794670737,15,47
115,152230010,2017-05-25,4.09,1.6272778305624314,15,46
116,152230010,2017-08-30,0.85,0.6151856390902335,15,50
117,152230010,2017-09-29,0.63,0.48858001481867097,15,48
118,152230010,2017-10-02,0.52,0.41871033485818504,15,49
119,151170110,2017-05-11,25.6,3.280911215787653,7,39
120,151170110,2017-05-28,20.4,3.0633909220278057,7,38
121,151170110,2017-07-30,7.17,2.1004689088719113,7,37
122,151170110,2017-09-28,8.93,2.295560478057081,7,40
123,150180040,2017-05-01,1.52,0.924258901523332,4,96
124,150180040,2017-05-28,1.19,0.7839015438284094,4,89
125,150180040,2017-06-20,1.69,0.9895411936137477,4,94
126,150180040,2017-07-30,0.94,0.6626879730752367,4,92
127,150180040,2017-08-01,0.94,0.6626879730752367,4,90
128,150180040,2017-08-16,2.9,1.3609765531356006,4,93
129,150180040,2017-08-29,0.63,0.48858001481867097,4,95
130,150190060,2017-05-28,2.19,1.1600209167967532,10,3
131,150190060,2017-08-01,1.47,0.9042181506398859,10,2
132,150190060,2017-08-08,1.8,1.0296194171811583,10,0
133,150190060,2017-08-16,1.6,0.9555114450274365,10,5
134,150190060,2017-10-02,1.27,0.8197798314933114,10,1
135,154180070,2017-05-01,3.15,1.423108334242607,9,37
136,154180070,2017-05-19,2.6,1.2809338454620645,9,34
137,154180070,2017-10-01,1.74,1.007957920399979,9,35
138,154180070,2017-10-16,1.7,0.9932517730102834,9,36
139,152230110,2017-05-12,11.3,2.509599262378372,13,239
140,152230110,2017-08-30,3.16,1.425515074273172,13,236
141,152230110,2017-09-29,3.0,1.3862943611198906,13,237
142,152230110,2017-10-02,3.0,1.3862943611198906,13,238
143,151220060,2017-06-21,2.55,1.2669476034873244,13,101
144,151220060,2017-07-31,3.17,1.4279160358107101,13,100
145,151220060,2017-10-02,1.7,0.9932517730102834,13,98
146,151220060,2017-10-17,1.24,0.8064758658669485,13,99
147,152200120,2017-05-18,38.8,3.6838669122903918,15,93
148,152200120,2017-05-20,40.6,3.728100167267218,15,94
149,152200120,2017-05-28,36.8,3.632309102625542,15,91
150,152200120,2017-08-16,6.12,1.9629077254238845,15,92
151,152200120,2017-09-30,7.75,2.169053700369523,15,89
152,152200120,2017-10-02,7.2,2.1041341542702074,15,90
153,154200010,2017-05-01,13.2,2.653241964607215,16,181
154,154200010,2017-05-28,4.61,1.724550719534605,16,180
155,154200010,2017-07-30,1.14,0.76080582903376,16,182
156,154200010,2017-08-16,0.99,0.688134638736401,16,179
157,154200010,2017-08-29,0.72,0.5423242908253616,16,183
158,154200010,2017-09-30,1.79,1.0260415958332743,16,178
159,150160280,2017-05-11,1.65,0.9745596399981308,5,72
160,150160280,2017-05-28,0.86,0.6205764877251099,5,70
161,150160280,2017-07-30,0.27,0.23901690047049992,5,73
162,150160280,2017-08-01,0.28,0.2468600779315258,5,71
163,150160280,2017-10-15,0.54,0.43178241642553783,5,74
164,154170240,2017-05-01,0.17,0.15700374880966475,16,113
165,154180230,2017-05-01,0.99,0.688134638736401,16,107
166,154170240,2017-05-19,0.17,0.15700374880966475,16,116
167,154170240,2017-07-30,0.07,0.06765864847381481,16,114
168,154180230,2017-07-30,0.86,0.6205764877251099,16,109
169,154170240,2017-08-09,0.1,0.09531017980432487,16,117
170,154180230,2017-08-09,0.74,0.5538851132264376,16,110
171,154170240,2017-08-29,0.07,0.06765864847381481,16,118
172,154180230,2017-08-29,0.79,0.5822156198526637,16,111
173,154170240,2017-09-28,0.42,0.35065687161316933,16,115
174,154180230,2017-09-28,1.0,0.6931471805599453,16,108
175,154170240,2017-10-16,0.1,0.09531017980432487,16,112
176,154180230,2017-10-16,0.81,0.5933268452777344,16,106
177,150200140,2017-05-28,1.68,0.9858167945227653,11,39
178,150200140,2017-08-01,1.14,0.76080582903376,11,37
179,150200140,2017-08-11,0.75,0.5596157879354227,11,36
180,150200140,2017-10-02,0.47,0.3852624007906449,11,40
181,150200140,2017-11-04,1.66,0.9783261227936076,11,35
182,153220320,2017-05-25,0.54,0.43178241642553783,14,119
183,153220320,2017-05-28,0.46,0.3784364357202451,14,118
184,153220320,2017-07-27,0.07,0.06765864847381481,14,120
185,153220320,2017-08-16,0.07,0.06765864847381481,14,117
186,153220320,2017-10-02,0.06,0.058268908123975775,14,121
187,153180030,2017-05-01,4.3,1.667706820558076,16,86
188,153180030,2017-05-18,2.77,1.3270750014599193,16,85
189,153180030,2017-05-28,2.67,1.3001916620664788,16,87
190,153180030,2017-07-30,2.42,1.2296405510745139,16,88
191,153180030,2017-09-28,6.33,1.9919755158985601,16,89
192,151210130,2017-05-20,1.83,1.0402767116551463,12,237
193,151210130,2017-10-02,1.43,0.8878912573524571,12,238
194,150170160,2017-05-01,6.91,2.0681277817795625,4,54
195,150170170,2017-05-01,2.62,1.2864740258376797,4,62
196,150170160,2017-05-11,4.45,1.6956156086751528,4,52
197,150170170,2017-05-11,3.07,1.4036429994545037,4,60
198,150170160,2017-05-18,3.83,1.5748464676644813,4,51
199,150170170,2017-05-18,2.9,1.3609765531356006,4,59
200,150170160,2017-05-28,7.02,2.081938421878423,4,47
201,150170170,2017-05-28,2.68,1.3029127521808397,4,55
202,150170160,2017-06-20,4.29,1.665818245870208,4,49
203,150170170,2017-06-20,2.85,1.3480731482996928,4,57
204,150170160,2017-07-30,5.85,1.9242486522741338,4,50
205,150170170,2017-07-30,0.38,0.32208349916911333,4,58
206,150170160,2017-08-01,7.22,2.1065702090680887,4,48
207,150170170,2017-08-01,2.47,1.244154593958768,4,56
208,150170160,2017-08-29,1.95,1.0818051703517284,4,53
209,150170170,2017-08-29,0.23,0.20701416938432615,4,61
210,152220070,2017-05-12,8.35,2.2353763433005955,15,52
211,152220070,2017-05-25,8.14,2.2126603854660587,15,51
212,152220070,2017-08-30,1.58,0.9477893989335261,15,53
213,152220070,2017-09-29,2.49,1.2499017362143359,15,54
214,152220070,2017-10-02,1.53,0.9282193027394289,15,55
215,153190050,2017-05-18,31.8,3.4904285153900982,15,224
216,153190050,2017-05-28,31.4,3.4781584227982836,15,222
217,153190050,2017-07-30,16.7,2.8735646395797834,15,223
218,151210040,2017-05-18,4.12,1.6331544390514163,13,7
219,151210040,2017-05-20,3.96,1.601405740736836,13,4
220,151210040,2017-05-28,5.82,1.9198594718553708,13,6
221,151210040,2017-08-01,3.03,1.3937663759585917,13,5
222,151210040,2017-08-16,2.88,1.355835153635182,13,2
223,151210040,2017-10-02,1.37,0.8628899551470399,13,8
224,153180110,2017-05-01,17.2,2.9014215940827497,16,96
225,153180110,2017-05-18,10.4,2.4336133554004498,16,97
226,153180110,2017-05-28,9.38,2.339880877737743,16,98
227,153180110,2017-07-30,6.54,2.020222182019865,16,99
228,153180110,2017-08-29,5.02,1.7950872593207297,16,100
229,153180110,2017-09-28,10.7,2.4595888418037104,16,101
230,154220090,2017-05-25,1.46,0.9001613499442714,17,1
231,154220090,2017-05-28,1.37,0.8628899551470399,17,0
232,154220090,2017-08-16,0.62,0.4824261492442927,16,249
233,154220090,2017-09-30,0.69,0.5247285289349821,16,248
234,154220090,2017-10-02,0.65,0.5007752879124893,17,2
235,153190160,2017-05-18,4.34,1.6752256529721035,15,83
236,153190160,2017-05-28,4.54,1.7119945007591926,15,84
237,153190160,2017-08-16,2.29,1.1908875647772805,15,82
238,153190160,2017-09-30,2.12,1.1378330018213911,15,81
239,150190010,2017-05-28,0.58,0.4574248470388754,10,52
240,150190010,2017-08-01,0.49,0.3987761199573678,10,53
241,150190010,2017-08-16,0.21,0.1906203596086497,10,55
242,150200030,2017-05-18,10.8,2.468099531471619,11,132
243,150200030,2017-05-28,14.0,2.70805020110221,11,133
244,150200030,2017-08-01,9.8,2.379546134130174,11,134
245,150200030,2017-08-16,6.46,2.0095554142156695,11,131
246,150200030,2017-10-02,4.48,1.7011051009599243,11,135
247,150210140,2017-08-03,1.96,1.085189268335969,11,224
248,150210140,2017-10-02,0.67,0.5128236264286637,11,225
249,150210140,2017-10-17,0.67,0.5128236264286637,11,223
250,151160040,2017-05-11,2.86,1.3506671834767394,5,153
251,151160040,2017-05-19,2.8,1.33500106673234,5,154
252,151160040,2017-05-21,4.26,1.6601310267496183,5,151
253,151160040,2017-07-30,0.52,0.41871033485818504,5,152
254,151160040,2017-08-29,0.24,0.2151113796169455,5,150
255,151160040,2017-09-28,0.46,0.3784364357202451,5,156
256,151160040,2017-10-01,0.3,0.26236426446749106,5,155
257,151160040,2017-10-16,0.37,0.31481073984003355,5,149
258,150150120,2017-05-11,0.92,0.6523251860396903,5,221
259,150150120,2017-05-19,1.6,0.9555114450274365,5,225
260,150150120,2017-05-21,1.62,0.9631743177730056,5,222
261,150150120,2017-07-30,0.54,0.43178241642553783,5,223
262,150150120,2017-08-29,0.46,0.3784364357202451,5,227
263,150150120,2017-09-28,0.48,0.3920420877760237,5,226
264,150150120,2017-10-01,0.51,0.412109650826833,5,224
265,150150120,2017-10-16,0.39,0.3293037471426004,5,220
266,151180120,2017-05-28,36.7,3.629660094453965,6,184
267,151180120,2017-07-30,21.6,3.1179499062782403,6,183
268,151180120,2017-09-28,16.0,2.833213344056216,6,185
269,153220100,2017-05-25,72.9,4.302712827954156,14,90
270,153220100,2017-10-02,19.5,3.0204248861443626,14,89
271,154210030,2017-05-20,9.23,2.325324579963535,16,209
272,154210030,2017-05-25,10.3,2.424802725718295,16,214
273,154210030,2017-05-28,7.98,2.194999882314108,16,210
274,154210030,2017-06-14,4.87,1.769854633840005,16,211
275,154210030,2017-08-16,0.82,0.598836501088704,16,212
276,154210030,2017-09-30,1.89,1.0612565021243408,16,208
277,154210030,2017-10-02,1.28,0.8241754429663495,16,213
278,150160150,2017-05-11,1.02,0.7030975114131134,4,249
279,150160170,2017-05-11,3.65,1.536867219599265,4,216
280,150160150,2017-05-18,1.13,0.7561219797213337,5,0
281,150160170,2017-05-18,6.22,1.9768549529047348,4,217
282,150160150,2017-05-28,0.87,0.6259384308664953,4,246
283,150160170,2017-05-28,2.54,1.264126727145683,4,213
284,150160150,2017-06-20,0.66,0.5068176023684519,4,248
285,150160170,2017-06-20,2.46,1.2412685890696329,4,215
286,150160150,2017-08-01,0.58,0.4574248470388754,4,247
287,150160170,2017-08-01,1.47,0.9042181506398859,4,214
288,151200100,2017-08-01,0.74,0.5538851132264376,12,239
289,154170110,2017-05-01,18.4,2.9652730660692823,9,2
290,154170110,2017-05-19,13.7,2.6878474937846906,9,3
291,154170110,2017-08-29,7.81,2.175887439948088,9,0
292,154170110,2017-09-11,10.6,2.451005098112319,9,1
293,154170110,2017-09-28,13.4,2.667228206581955,9,4
294,154170110,2017-10-01,11.3,2.509599262378372,8,248
295,154170110,2017-10-16,9.58,2.3589654264301534,8,249
296,154170110,2017-11-07,18.0,2.9444389791664403,9,5
297,149180020,2017-05-28,48.9,3.910021002757473,4,0
298,149180020,2017-08-01,30.9,3.462606009790799,4,1
299,154160140,2017-05-01,26.8,3.3250360206965914,8,181
300,154160140,2017-05-19,18.9,2.990719731730447,8,179
301,154160140,2017-08-29,12.4,2.5952547069568657,8,180
302,154160140,2017-09-11,16.8,2.8791984572980396,8,182
303,154160140,2017-09-28,21.3,3.104586678466073,8,183
304,154160140,2017-10-01,23.0,3.1780538303479458,8,177
305,154160140,2017-10-16,14.3,2.72785282839839,8,178
306,150220140,2017-05-20,6.83,2.057962510002712,12,129
307,150220140,2017-06-01,4.26,1.6601310267496183,12,130
308,150220140,2017-07-31,2.68,1.3029127521808397,12,133
309,150220140,2017-08-30,1.15,0.7654678421395714,12,126
310,150220140,2017-09-09,1.14,0.76080582903376,12,127
311,150220140,2017-09-29,1.1,0.7419373447293773,12,132
312,150220140,2017-10-02,1.01,0.6981347220709844,12,131
313,150220140,2017-10-17,0.91,0.6471032420585385,12,128
314,150220140,2017-10-19,0.89,0.636576829071551,12,134
315,153220110,2017-05-20,5.53,1.8764069432883397,14,108
316,153220110,2017-05-25,5.75,1.9095425048844383,14,109
317,153220110,2017-05-28,5.16,1.8180767775454285,14,107
318,153220110,2017-08-16,0.73,0.5481214085096876,14,106
319,153220110,2017-10-02,0.93,0.6575200029167942,14,105
320,153180080,2017-05-18,1800.0,7.496097345175956,9,208
321,153180080,2017-05-28,1760.0,7.473637108496206,9,206
322,153180080,2017-07-30,979.0,6.887552571664617,9,205
323,153180080,2017-09-28,504.0,6.22455842927536,9,207
324,152150230,2017-05-19,1.18,0.7793248768009976,8,24
325,152150230,2017-07-30,0.95,0.6678293725756554,8,26
326,152150230,2017-08-29,1.26,0.8153648132841945,8,27
327,152150230,2017-09-11,1.39,0.8712933659434192,8,25
328,152150230,2017-10-01,1.81,1.0331844833456545,8,22
329,152150230,2017-10-16,1.72,1.000631880307906,8,23
330,151150180,2017-05-19,1.7,0.9932517730102834,5,172
331,151150180,2017-10-16,0.56,0.44468582126144574,5,171
332,152230030,2017-05-12,3.92,1.5933085305042167,14,51
333,152230030,2017-05-25,3.94,1.597365331199831,14,50
334,152230030,2017-08-30,0.71,0.5364933705145685,14,54
335,152230030,2017-09-19,0.44,0.36464311358790924,14,55
336,152230030,2017-09-29,0.84,0.6097655716208943,14,52
337,152230030,2017-10-02,0.56,0.44468582126144574,14,53
338,150160030,2017-05-21,0.85,0.6151856390902335,5,100
339,150160030,2017-07-30,0.19,0.173953307123438,5,98
340,150160030,2017-08-29,0.12,0.11332868530700317,5,99
341,153170050,2017-05-01,8.2,2.2192034840549946,16,18
342,153170050,2017-05-19,6.68,2.038619547159581,16,16
343,153170050,2017-09-28,6.42,2.004179057179289,16,17
344,153170050,2017-10-01,6.27,1.9837562915454279,16,14
345,153170050,2017-10-16,6.48,2.012232791986386,16,15
346,154160130,2017-05-01,4.92,1.7783364488959144,8,137
347,154160130,2017-05-19,4.07,1.623340817603092,8,135
348,154160130,2017-08-29,2.84,1.3454723665996355,8,134
349,154160130,2017-09-11,3.46,1.4951487660319727,8,138
350,154160130,2017-09-28,4.96,1.7850704810772584,8,136
351,154160130,2017-10-01,3.49,1.501852701754163,8,132
352,154160130,2017-10-16,2.76,1.324418957401803,8,133
353,154160130,2017-11-07,6.97,2.075684492802124,8,139
354,149180060,2017-05-28,8.14,2.2126603854660587,4,71
355,149180070,2017-05-28,0.27,0.23901690047049992,4,74
356,149180060,2017-08-01,3.38,1.4770487243883548,4,72
357,149180070,2017-08-01,0.18,0.16551443847757338,4,75
358,149190080,2017-05-28,9.56,2.3570732782781154,10,99
359,149190080,2017-08-01,2.28,1.1878434223960523,10,97
360,149190080,2017-08-08,2.34,1.205970806988609,10,98
361,149190080,2017-10-02,1.11,0.7466879474879752,10,95
362,149200330,2017-10-02,5.48,1.8687205103641835,11,125
363,152150130,2017-05-19,191.0,5.2574953720277815,4,33
364,152150130,2017-07-30,152.0,5.030437921392435,4,32
365,152150130,2017-10-16,125.0,4.836281906951478,4,31
366,149220080,2017-06-21,1.54,0.9321640810304452,12,64
367,149220080,2017-07-31,1.24,0.8064758658669485,12,60
368,149220080,2017-08-30,2.94,1.3711807233098425,12,61
369,149220080,2017-09-29,0.54,0.43178241642553783,12,62
370,149220080,2017-10-02,0.35,0.30010459245033805,12,59
371,149220080,2017-10-19,0.42,0.35065687161316933,12,63
372,154160080,2017-05-01,1.72,1.000631880307906,8,92
373,154160080,2017-05-19,1.35,0.8544153281560676,8,90
374,154160080,2017-08-29,0.9,0.6418538861723948,8,89
375,154160080,2017-09-11,0.9,0.6418538861723948,8,91
376,154160080,2017-09-28,1.9,1.0647107369924282,8,93
377,154160080,2017-10-01,1.74,1.007957920399979,8,87
378,154160080,2017-10-16,2.01,1.1019400787607843,8,88
379,154160080,2017-11-07,2.16,1.1505720275988207,8,94
380,151210070,2017-05-18,5.4,1.8562979903656263,13,142
381,151210070,2017-05-28,3.28,1.4539530095937054,13,143
382,151210070,2017-08-01,1.43,0.8878912573524571,13,139
383,151210070,2017-08-16,1.01,0.6981347220709844,13,140
384,151210070,2017-09-30,2.7,1.308332819650179,13,136
385,151210070,2017-10-02,1.45,0.8960880245566356,13,137
386,151210070,2017-10-17,0.71,0.5364933705145685,13,138
387,153220090,2017-05-20,5.41,1.8578592709325787,14,153
388,153220090,2017-05-28,3.44,1.4906543764441333,14,154
389,153220090,2017-08-16,0.67,0.5128236264286637,14,151
390,153220090,2017-10-02,1.11,0.7466879474879752,14,152
391,149190120,2017-05-28,27.7,3.3568971227655755,10,107
392,149190120,2017-08-01,3.31,1.4609379041156565,10,109
393,149190120,2017-08-08,4.7,1.7404661748405044,10,106
394,149190120,2017-10-02,2.73,1.3164082336557241,10,105
395,153220310,2017-05-25,3.76,1.5602476682433286,14,148
396,153220310,2017-05-28,3.15,1.423108334242607,14,149
397,153220310,2017-07-27,0.59,0.46373401623214017,14,150
398,153220310,2017-08-16,1.57,0.9439058989071285,14,146
399,153220310,2017-10-02,1.66,0.9783261227936076,14,147
400,153180010,2017-05-01,7.94,2.190535589185423,16,49
401,153180010,2017-05-18,6.87,2.063058062429312,16,47
402,153180010,2017-07-30,5.25,1.8325814637483102,16,48
403,153160260,2017-05-01,5.25,1.8325814637483102,7,201
404,153160260,2017-05-19,3.58,1.5216989981260935,7,200
405,153160260,2017-09-28,3.65,1.536867219599265,7,202
406,153160260,2017-10-01,3.31,1.4609379041156565,7,198
407,153160260,2017-10-16,2.04,1.1118575154181303,7,199
408,152210100,2017-05-18,3.19,1.4327007339340463,14,222
409,152210100,2017-05-20,4.36,1.6789639750827106,14,224
410,152210100,2017-05-28,2.48,1.247032293786383,14,223
411,152210100,2017-07-27,0.62,0.4824261492442927,14,225
412,152210100,2017-08-16,0.38,0.32208349916911333,14,226
413,152210100,2017-10-02,0.81,0.5933268452777344,14,221
414,149200230,2017-10-02,21.0,3.091042453358316,11,68
415,149190010,2017-05-28,1.81,1.0331844833456545,9,233
416,149190010,2017-08-01,1.09,0.7371640659767197,9,235
417,149190010,2017-08-08,0.66,0.5068176023684519,9,234
418,149190010,2017-10-02,0.67,0.5128236264286637,9,232
419,149180250,2017-05-28,2.24,1.1755733298042381,9,219
420,149180250,2017-08-01,0.9,0.6418538861723948,9,220
421,149180250,2017-08-08,0.69,0.5247285289349821,9,221
422,151210090,2017-05-20,9.76,2.3758355547336385,13,11
423,151210090,2017-10-02,4.91,1.776645831418007,13,12
424,149190230,2017-05-28,74.6,4.3254562831854875,9,105
425,149190230,2017-08-01,30.3,3.4436180975461075,9,106
426,149190230,2017-08-11,13.2,2.653241964607215,9,108
427,149190230,2017-10-02,11.0,2.4849066497880004,9,103
428,149190230,2017-11-04,26.8,3.3250360206965914,9,104
429,154230030,2017-05-25,6.2,1.9740810260220096,17,4
430,154230030,2017-10-02,2.96,1.3762440252663892,17,3
431,150200160,2017-05-18,0.84,0.6097655716208943,11,147
432,150200160,2017-05-28,0.79,0.5822156198526637,11,148
433,150200160,2017-08-01,0.45,0.37156355643248307,11,145
434,150200160,2017-08-16,0.4,0.33647223662121295,11,146
435,152180150,2017-05-18,13.4,2.667228206581955,7,5
436,152180150,2017-05-28,11.8,2.5494451709255714,7,4
437,152180150,2017-07-30,4.79,1.7561322915849038,7,3
438,152180150,2017-09-28,5.12,1.8115620965242347,7,6
439,151190120,2017-05-18,4.63,1.728109442151599,13,182
440,151190120,2017-05-28,4.77,1.752672080520008,13,181
441,151190120,2017-08-01,4.26,1.6601310267496183,13,185
442,151190120,2017-08-16,2.0,1.0986122886681096,13,183
443,151190120,2017-10-02,1.5,0.9162907318741551,13,184
444,151150140,2017-05-19,23.6,3.202746442938317,6,7
445,151150140,2017-07-30,10.7,2.4595888418037104,6,8
446,151150140,2017-08-29,6.31,1.9892432737616872,6,9
447,151150140,2017-10-01,7.72,2.1656192379208883,6,10
448,151150140,2017-10-16,5.95,1.9387416595767009,6,6
449,151210120,2017-10-02,224.0,5.41610040220442,9,147
450,151210120,2017-10-17,188.0,5.241747015059643,9,148
451,153220260,2017-05-25,30.7,3.456316680883235,14,84
452,153220260,2017-10-02,10.1,2.4069451083182885,14,85
453,149200090,2017-05-28,7.76,2.1701959049483,11,1
454,149200090,2017-08-01,10.5,2.4423470353692043,10,248
455,149200090,2017-08-11,6.45,2.0082140323914683,11,0
456,149200090,2017-11-04,3.59,1.5238800240724537,10,247
457,150200110,2017-05-28,2.37,1.2149127443642704,11,45
458,150200110,2017-08-01,2.3,1.1939224684724346,11,41
459,150200110,2017-08-11,1.88,1.0577902941478545,11,42
460,150200110,2017-10-02,1.29,0.8285518175661483,11,46
461,150200110,2017-11-04,1.71,0.9969486348916095,11,44
462,150170220,2017-05-01,1.9,1.0647107369924282,4,182
463,150170220,2017-05-11,1.34,0.8501509293696101,4,181
464,150170220,2017-05-28,1.11,0.7466879474879752,4,175
465,150170220,2017-06-20,1.52,0.924258901523332,4,180
466,150170220,2017-07-30,0.6,0.4700036292457356,4,176
467,150170220,2017-08-01,1.23,0.8020015854720274,4,177
468,150170220,2017-08-16,0.43,0.3576744442718159,4,179
469,150170220,2017-08-29,0.4,0.33647223662121295,4,183
470,151150050,2017-05-11,63.5,4.1666652238017265,6,19
471,151150050,2017-05-19,58.3,4.08260930600368,6,22
472,151150050,2017-07-30,16.3,2.8507065015037334,6,21
473,151150050,2017-08-29,14.4,2.7343675094195836,6,18
474,151150050,2017-10-01,16.8,2.8791984572980396,6,20
475,151150050,2017-10-16,23.7,3.2068032436339315,6,17
476,153210220,2017-05-20,37.0,3.6375861597263857,14,165
477,153210220,2017-05-25,37.4,3.648057459593681,14,166
478,153210220,2017-05-28,35.1,3.586292865338835,14,163
479,153210220,2017-08-16,24.9,3.254242968705492,14,164
480,153210220,2017-10-02,18.0,2.9444389791664403,14,162
481,152140100,2017-10-16,1.57,0.9439058989071285,8,29
482,151230060,2017-08-30,14.5,2.740840023925201,14,248
483,151230060,2017-10-02,12.0,2.5649493574615367,14,247
484,152150240,2017-05-19,23.2,3.186352633162641,7,246
485,152150240,2017-07-30,20.8,3.0819099697950434,7,245
486,152150240,2017-09-11,21.2,3.100092288878234,7,247
487,152150240,2017-10-01,28.9,3.3978584803966405,7,243
488,152150240,2017-10-16,26.8,3.3250360206965914,7,244
489,153150100,2017-05-19,10.7,2.4595888418037104,7,241
490,153150100,2017-07-30,8.24,2.2235418856535927,7,240
491,153150100,2017-08-29,6.68,2.038619547159581,7,242
492,153150100,2017-10-01,15.7,2.8154087194227095,7,238
493,153150100,2017-10-16,14.3,2.72785282839839,7,239
494,153150120,2017-05-19,5.34,1.8468787684491346,7,237
495,153150120,2017-10-01,6.31,1.9892432737616872,7,235
496,153150120,2017-10-16,4.64,1.7298840655099674,7,236
497,153150070,2017-05-19,0.4,0.33647223662121295,8,73
498,153150070,2017-10-01,0.28,0.2468600779315258,8,71
499,153150070,2017-10-16,0.19,0.173953307123438,8,72
500,151160050,2017-05-11,5.74,1.9080599249242156,5,129
501,151160050,2017-05-19,5.01,1.7934247485471162,5,127
502,151160050,2017-05-21,5.86,1.925707441737794,5,130
503,151160050,2017-07-30,2.82,1.3402504226184837,5,132
504,151160050,2017-08-29,2.42,1.2296405510745139,5,131
505,151160050,2017-10-01,1.87,1.0543120297715298,5,133
506,151160050,2017-10-16,1.72,1.000631880307906,5,128
507,149220150,2017-07-04,13.4,2.667228206581955,11,236
508,149220150,2017-07-31,3.92,1.5933085305042167,11,238
509,149220150,2017-08-30,6.23,1.9782390361706734,11,237
510,149220150,2017-10-02,2.09,1.128171090909654,11,234
511,149220150,2017-11-06,4.13,1.635105659182678,11,235
512,149220040,2017-06-01,68.3,4.238444906195857,12,6
513,149220040,2017-07-31,52.3,3.975936331171799,12,2
514,149220040,2017-08-03,35.9,3.6082115510464816,12,3
515,149220040,2017-08-30,38.7,3.681351187693145,12,1
516,149220040,2017-09-09,66.3,4.209160236650682,11,249
517,149220040,2017-09-29,20.3,3.0587070727153796,12,5
518,149220040,2017-10-02,16.9,2.884800712846709,12,4
519,149220040,2017-10-17,19.1,3.0007198150650303,12,0
520,151180130,2017-05-28,26.8,3.3250360206965914,6,181
521,151180130,2017-08-01,16.2,2.8449093838194073,6,182
522,153190100,2017-05-01,3.88,1.5851452198650557,15,236
523,153190100,2017-05-18,5.5,1.8718021769015913,15,233
524,153190100,2017-05-28,4.85,1.766441661243765,15,232
525,153190100,2017-07-30,1.46,0.9001613499442714,15,230
526,153190100,2017-08-09,1.23,0.8020015854720274,15,231
527,153190100,2017-08-16,1.14,0.76080582903376,15,237
528,153190100,2017-08-29,1.07,0.7275486072772778,15,234
529,153190100,2017-09-28,0.87,0.6259384308664953,15,235
530,153190100,2017-09-30,0.87,0.6259384308664953,15,229
531,153180140,2017-05-18,38.1,3.66612246699132,15,227
532,153180140,2017-05-28,37.0,3.6375861597263857,15,225
533,153180140,2017-07-30,20.7,3.077312260546414,15,226
534,153180140,2017-09-28,16.5,2.8622008809294686,15,228
535,153220060,2017-05-20,19.1,3.0007198150650303,14,132
536,153220060,2017-08-16,3.25,1.4469189829363254,14,131
537,153220060,2017-10-02,2.15,1.1474024528375417,14,130
538,153230010,2017-05-12,16.8,2.8791984572980396,14,67
539,153230010,2017-05-25,20.4,3.0633909220278057,14,64
540,153230010,2017-08-30,7.04,2.084429083190875,14,63
541,153230010,2017-09-29,5.59,1.8855533485144158,14,65
542,153230010,2017-10-02,5.02,1.7950872593207297,14,66
543,153180020,2017-05-18,1700.0,7.438971592395862,9,204
544,153180020,2017-05-28,1700.0,7.438971592395862,9,203
545,153180020,2017-07-30,953.0,6.860663671448287,9,202
546,152220050,2017-05-20,241.0,5.488937726156687,15,9
547,152220050,2017-05-25,243.0,5.497168225293202,15,8
548,152220050,2017-08-30,61.5,4.135166556742356,15,10
549,152220050,2017-09-19,53.7,4.001863709427935,15,7
550,152220050,2017-09-29,55.8,4.039536325727106,15,6
551,152220050,2017-10-02,48.5,3.9019726695746444,15,5
552,154170070,2017-05-01,11.9,2.5572273113676265,8,172
553,154170070,2017-05-19,9.43,2.344686269012681,8,173
554,154170070,2017-09-11,9.28,2.330200260027019,8,171
555,154170070,2017-09-28,12.6,2.6100697927420065,8,170
556,154170070,2017-10-01,8.6,2.2617630984737906,8,168
557,154170070,2017-10-16,7.61,2.1529243184396396,8,169
558,152180010,2017-05-18,0.52,0.41871033485818504,7,168
559,152180010,2017-05-28,0.49,0.3987761199573678,7,167
560,152180010,2017-07-30,0.3,0.26236426446749106,7,166
561,152180010,2017-09-28,0.23,0.20701416938432615,7,169
562,151190070,2017-05-18,1.08,0.7323678937132266,15,137
563,151190070,2017-05-28,0.93,0.6575200029167942,15,136
564,150180220,2017-05-28,3.94,1.597365331199831,4,134
565,150180220,2017-08-01,2.87,1.3532545070416904,4,135
566,150180180,2017-05-28,4.04,1.6174060820832772,4,137
567,150180180,2017-08-01,3.15,1.423108334242607,4,138
568,150210110,2017-08-03,0.63,0.48858001481867097,11,221
569,150210110,2017-10-02,0.26,0.23111172096338664,11,222
570,150210110,2017-10-17,0.26,0.23111172096338664,11,220
571,150170070,2017-05-28,4.32,1.6714733033535532,5,38
572,150170070,2017-08-01,6.3,1.9878743481543455,5,39
573,152160150,2017-07-30,0.45,0.37156355643248307,7,70
574,152160150,2017-08-29,0.27,0.23901690047049992,7,71
575,149180240,2017-05-28,12.5,2.6026896854443837,9,77
576,149180240,2017-08-01,1.76,1.0152306797290587,9,78
577,149210120,2017-06-01,2.4,1.2237754316221157,12,195
578,149210120,2017-07-31,3.8,1.5686159179138452,12,193
579,149210120,2017-08-03,1.25,0.8109302162163288,12,194
580,149210120,2017-08-30,1.24,0.8064758658669485,12,192
581,149210120,2017-09-09,1.47,0.9042181506398859,12,190
582,149210120,2017-09-29,1.47,0.9042181506398859,12,197
583,149210120,2017-10-02,0.5,0.4054651081081644,12,196
584,149210120,2017-10-17,0.46,0.3784364357202451,12,191
585,153150090,2017-05-19,2.24,1.1755733298042381,8,53
586,153150090,2017-08-29,1.63,0.9669838461896731,8,54
587,153150090,2017-10-01,2.7,1.308332819650179,8,51
588,153150090,2017-10-16,1.6,0.9555114450274365,8,52
589,150190270,2017-05-28,0.6,0.4700036292457356,10,68
590,150190270,2017-08-01,0.86,0.6205764877251099,10,69
591,150190270,2017-08-16,0.86,0.6205764877251099,10,72
592,150190270,2017-10-02,0.47,0.3852624007906449,10,67
593,150190270,2017-11-04,0.48,0.3920420877760237,10,71
594,153140090,2017-05-19,12.2,2.580216829592325,8,42
595,153140090,2017-05-27,13.9,2.7013612129514133,8,41
596,153140090,2017-08-30,14.2,2.7212954278522306,8,39
597,153140090,2017-10-16,20.3,3.0587070727153796,8,40
598,154220110,2017-05-28,4.7,1.7404661748405044,16,235
599,154220110,2017-08-16,0.93,0.6575200029167942,16,234
600,154220110,2017-09-30,1.23,0.8020015854720274,16,233
601,149180040,2017-05-28,0.78,0.5766133643039938,4,85
602,149180040,2017-08-01,0.53,0.4252677354043441,4,87
603,149200190,2017-08-03,39.1,3.6913763343125234,11,66
604,149180040,2017-08-16,0.41,0.3435897043900769,4,88
605,149200190,2017-10-02,20.0,3.044522437723423,11,65
606,154180060,2017-05-01,3.38,1.4770487243883548,16,119
607,154180060,2017-07-30,1.37,0.8628899551470399,16,123
608,154180060,2017-08-09,1.48,0.9082585601768908,16,120
609,154180060,2017-08-29,1.94,1.0784095813505903,16,122
610,154180060,2017-09-28,4.7,1.7404661748405044,16,121
611,149210020,2017-10-17,0.36,0.3074846997479606,11,210
612,150220060,2017-05-20,4.13,1.635105659182678,12,200
613,150220060,2017-06-01,3.22,1.4398351280479205,12,205
614,150220060,2017-07-31,1.22,0.7975071958841881,12,203
615,150220060,2017-08-03,0.95,0.6678293725756554,12,204
616,150220060,2017-08-30,0.8,0.5877866649021191,12,201
617,150220060,2017-09-09,4.02,1.6134299337036377,12,198
618,150220060,2017-10-02,0.5,0.4054651081081644,12,202
619,150220060,2017-10-17,0.26,0.23111172096338664,12,199
620,152180020,2017-05-18,0.67,0.5128236264286637,7,172
621,152180020,2017-05-28,0.82,0.598836501088704,7,171
622,152180020,2017-07-30,0.71,0.5364933705145685,7,170
623,152180020,2017-09-28,0.46,0.3784364357202451,7,173
624,151180070,2017-05-28,0.59,0.46373401623214017,7,26
625,151180070,2017-06-20,0.9,0.6418538861723948,7,27
626,151180070,2017-07-30,0.42,0.35065687161316933,7,25
627,151180070,2017-08-01,0.41,0.3435897043900769,7,24
628,151180070,2017-08-16,0.39,0.3293037471426004,7,28
629,151180070,2017-09-28,0.33,0.2851789422336624,7,23
630,152150040,2017-05-19,288.0,5.666426688112432,6,224
631,152150040,2017-07-30,165.0,5.111987788356544,6,223
632,152150040,2017-10-01,225.0,5.420534999272286,6,221
633,152150040,2017-10-16,219.0,5.393627546352361,6,222
634,150160100,2017-05-01,8.79,2.281361456542419,5,31
635,150160100,2017-05-11,5.65,1.8946168546677629,5,30
636,150160100,2017-06-20,3.9,1.589235205116581,5,28
637,150160100,2017-07-30,2.89,1.358409157630355,5,29
638,150160100,2017-08-29,2.86,1.3506671834767394,5,32
639,152150140,2017-05-19,88.4,4.493120682179469,7,164
640,152150140,2017-07-30,57.4,4.067315889834181,7,165
641,152150140,2017-08-29,46.2,3.85439389259151,7,162
642,152150140,2017-09-11,54.6,4.018183201256536,7,163
643,152150140,2017-10-01,98.4,4.599152113662528,7,160
644,152150140,2017-10-16,80.6,4.401829261970061,7,161
645,152140020,2017-05-27,636.0,6.456769655572163,4,46
646,152140020,2017-10-16,362.0,5.8944028342648505,4,45
647,150230070,2017-08-30,0.86,0.6205764877251099,15,20
648,150230070,2017-09-09,0.84,0.6097655716208943,15,21
649,150230070,2017-09-29,0.76,0.5653138090500605,15,22
650,149180120,2017-05-28,1.78,1.0224509277025458,9,216
651,149180120,2017-08-01,0.64,0.49469624183610705,9,215
652,149180120,2017-08-16,0.56,0.44468582126144574,9,218
653,151180180,2017-05-18,7.31,2.1174596088673567,6,248
654,151180180,2017-05-28,6.75,2.0476928433652555,6,247
655,154160060,2017-05-01,8.22,2.2213750375685026,8,155
656,154160060,2017-05-19,7.01,2.080690761080268,8,159
657,154160060,2017-05-26,5.99,1.9444805562457188,8,157
658,154160060,2017-08-29,4.72,1.7439688053917064,8,158
659,154160060,2017-09-28,11.3,2.509599262378372,8,156
660,154160060,2017-10-01,6.01,1.9473377010464987,8,153
661,154160060,2017-10-16,4.8,1.7578579175523736,8,154
662,150180080,2017-05-11,2.51,1.2556160374777745,4,130
663,150180080,2017-05-28,2.08,1.1249295969854831,4,125
664,150180080,2017-06-20,2.94,1.3711807233098425,4,129
665,150180080,2017-07-30,1.61,0.9593502213346021,4,124
666,150180080,2017-08-01,1.57,0.9439058989071285,4,126
667,150180080,2017-08-16,1.51,0.9202827531436926,4,128
668,150210200,2017-05-20,3.98,1.6054298910365616,11,230
669,150210200,2017-06-01,3.3,1.4586150226995167,11,228
670,150210200,2017-06-21,8.57,2.258633205464863,11,227
671,150210200,2017-08-30,0.93,0.6575200029167942,11,229
672,150210200,2017-09-09,0.75,0.5596157879354227,11,231
673,150210200,2017-09-29,0.98,0.6830968447064438,11,232
674,150210200,2017-10-02,0.56,0.44468582126144574,11,233
675,153230160,2017-05-25,2.05,1.11514159061932,14,56
676,153230160,2017-09-29,0.27,0.23901690047049992,14,57
677,153230160,2017-10-02,0.25,0.22314355131420976,14,58
678,153180100,2017-05-18,1890.0,7.544861068658458,9,211
679,153180100,2017-05-28,1810.0,7.501634457883413,9,210
680,153180100,2017-07-30,992.0,6.900730664045173,9,209
681,149200310,2017-10-02,8.18,2.217027204632399,11,124
682,152180140,2017-05-18,1.36,0.8586616190375187,7,9
683,152180140,2017-05-28,1.02,0.7030975114131134,7,7
684,152180140,2017-07-30,0.32,0.2776317365982795,7,8
685,152180140,2017-09-28,0.21,0.1906203596086497,7,10
686,151140010,2017-05-19,35.1,3.586292865338835,6,131
687,151140010,2017-10-16,14.7,2.7536607123542622,6,130
688,151210050,2017-05-18,625.0,6.439350371100098,9,156
689,151210050,2017-05-28,806.0,6.693323668269949,9,153
690,151210050,2017-08-01,465.0,6.144185634125646,9,155
691,151210050,2017-08-16,327.0,5.793013608384144,9,152
692,151210050,2017-08-26,327.0,5.793013608384144,9,157
693,151210050,2017-09-30,267.0,5.5909869805108565,9,151
694,151210050,2017-10-02,242.0,5.493061443340548,9,149
695,151210050,2017-10-17,198.0,5.293304824724492,9,150
696,153160200,2017-05-01,5.0,1.791759469228055,7,185
697,153160200,2017-05-19,5.51,1.873339456220478,7,182
698,153160200,2017-08-29,2.78,1.3297240096314962,7,184
699,153160200,2017-09-28,3.1,1.410986973710262,7,183
700,153160200,2017-10-01,3.22,1.4398351280479205,7,180
701,153160200,2017-10-16,3.4,1.4816045409242156,7,181
702,153230130,2017-05-25,1.89,1.0612565021243408,14,94
703,153230130,2017-08-30,0.55,0.4382549309311553,14,91
704,153230130,2017-09-29,1.2,0.7884573603642702,14,92
705,153230130,2017-10-02,0.58,0.4574248470388754,14,93
706,150220050,2017-05-20,16.3,2.8507065015037334,12,226
707,150220050,2017-06-01,12.0,2.5649493574615367,12,225
708,150220050,2017-06-21,7.85,2.180417459019838,12,222
709,150220050,2017-07-31,6.09,1.958685340544036,12,224
710,150220050,2017-08-30,4.48,1.7011051009599243,12,223
711,150220050,2017-09-09,4.58,1.7191887763932197,12,219
712,150220050,2017-09-29,4.15,1.6389967146756448,12,227
713,150220050,2017-10-02,3.92,1.5933085305042167,12,220
714,150220050,2017-10-17,3.37,1.4747630091074988,12,221
715,149220070,2017-06-21,1.31,0.8372475245337022,12,82
716,149220070,2017-07-31,2.0,1.0986122886681096,12,83
717,149220070,2017-08-30,2.01,1.1019400787607843,12,84
718,149220070,2017-10-02,0.46,0.3784364357202451,12,81
719,149220070,2017-10-19,0.42,0.35065687161316933,12,85
720,153200010,2017-05-01,3.95,1.599387576580599,15,203
721,153200010,2017-05-18,1.9,1.0647107369924282,15,202
722,153200010,2017-05-28,2.28,1.1878434223960523,15,199
723,153200010,2017-07-30,1.25,0.8109302162163288,15,198
724,153200010,2017-08-09,1.19,0.7839015438284094,15,201
725,153200010,2017-08-16,1.25,0.8109302162163288,15,200
726,153200010,2017-08-29,1.34,0.8501509293696101,15,204
727,153200010,2017-09-30,0.99,0.688134638736401,15,197
728,151150030,2017-05-11,1.57,0.9439058989071285,6,115
729,151150030,2017-05-19,1.38,0.8671004876833832,6,113
730,151150030,2017-07-30,0.37,0.31481073984003355,6,114
731,151150030,2017-08-29,0.29,0.2546422183735807,6,116
732,151150030,2017-10-16,0.62,0.4824261492442927,6,112
733,149210140,2017-07-31,2.38,1.2178757094949273,12,187
734,149210140,2017-08-03,0.33,0.2851789422336624,12,186
735,149210140,2017-08-30,0.28,0.2468600779315258,12,185
736,149210140,2017-09-09,0.19,0.173953307123438,12,183
737,149210140,2017-09-29,0.16,0.14842000511827327,12,189
738,149210140,2017-10-02,0.11,0.10436001532424277,12,188
739,149210140,2017-10-17,0.13,0.12221763272424921,12,184
740,149180130,2017-05-28,0.87,0.6259384308664953,4,66
741,149180130,2017-08-01,0.34,0.29266961396282,4,65
742,149180130,2017-08-03,0.3,0.26236426446749106,4,68
743,149180130,2017-08-08,0.32,0.2776317365982795,4,64
744,149180130,2017-08-16,0.51,0.412109650826833,4,69
745,149180130,2017-10-02,0.29,0.2546422183735807,4,63
746,149180130,2017-11-04,1.17,0.7747271675523681,4,70
747,149190240,2017-05-28,1.9,1.0647107369924282,17,18
748,149190250,2017-05-28,0.44,0.36464311358790924,17,22
749,149190240,2017-08-03,0.5,0.4054651081081644,17,21
750,149190250,2017-08-03,0.31,0.27002713721306015,17,25
751,149190240,2017-10-02,0.24,0.2151113796169455,17,20
752,149190250,2017-10-02,0.26,0.23111172096338664,17,24
753,152210140,2017-10-02,0.98,0.6830968447064438,15,73
754,152210140,2017-10-17,0.65,0.5007752879124893,15,74
755,150200130,2017-05-28,150.0,5.017279836814924,9,121
756,150200130,2017-08-01,85.3,4.457829598089382,9,123
757,150200130,2017-08-11,59.3,4.09933210373314,9,124
758,150200130,2017-10-02,45.8,3.845883202923601,9,125
759,150200130,2017-11-04,61.0,4.127134385045092,9,120
760,149200200,2017-10-02,0.59,0.46373401623214017,11,123
761,150150030,2017-05-19,0.44,0.36464311358790924,6,41
762,150150030,2017-07-30,0.11,0.10436001532424277,6,42
763,150150030,2017-08-29,0.1,0.09531017980432487,6,44
764,150150030,2017-09-28,0.24,0.2151113796169455,6,43
765,150150030,2017-10-16,0.08,0.07696104113612832,6,40
766,153230120,2017-05-25,8.84,2.286455711064162,17,8
767,153230120,2017-08-30,5.28,1.8373699804801074,17,5
768,153230120,2017-09-29,4.51,1.706564623164823,17,6
769,153230120,2017-10-02,4.28,1.66392609771817,17,7
770,150190350,2017-05-18,3.57,1.5195132049061133,13,178
771,150190350,2017-05-28,4.14,1.6370530794670737,13,179
772,150190350,2017-08-01,1.78,1.0224509277025458,13,176
773,150190350,2017-08-16,0.9,0.6418538861723948,13,177
774,150190350,2017-10-02,0.41,0.3435897043900769,13,180
775,151160190,2017-05-11,7.62,2.154085084675602,5,92
776,151160190,2017-07-30,3.79,1.5665304114228238,5,91
777,151160190,2017-08-29,4.48,1.7011051009599243,5,93
778,151160190,2017-09-28,5.35,1.8484548129046003,5,94
779,150170080,2017-05-11,0.65,0.5007752879124893,4,174
780,150170080,2017-05-18,0.56,0.44468582126144574,4,173
781,150170080,2017-05-28,0.55,0.4382549309311553,4,168
782,150170080,2017-06-20,0.71,0.5364933705145685,4,172
783,150170080,2017-07-30,0.81,0.5933268452777344,4,170
784,150170080,2017-08-01,0.48,0.3920420877760237,4,169
785,150170080,2017-08-29,0.42,0.35065687161316933,4,171
786,150220100,2017-05-20,112.0,4.727387818712341,12,15
787,150220100,2017-08-30,43.1,3.7864597824528,12,16
788,150220100,2017-09-09,72.6,4.298645025734831,12,12
789,150220100,2017-10-02,22.5,3.157000421150113,12,13
790,150220100,2017-10-17,25.5,3.2771447329921766,12,14
791,149210080,2017-08-30,1.36,0.8586616190375187,11,219
792,149210080,2017-09-09,1.58,0.9477893989335261,11,217
793,149210080,2017-10-17,0.71,0.5364933705145685,11,218
794,149190060,2017-05-28,18.1,2.9496883350525844,9,81
795,149190060,2017-08-01,3.29,1.4562867329399256,9,84
796,149190060,2017-08-08,2.74,1.3190856114264407,9,82
797,149190060,2017-08-16,2.59,1.2781522025001875,9,85
798,149190060,2017-10-02,6.21,1.9754689512968577,9,80
799,150150070,2017-05-19,6.6,2.028148247292285,6,52
800,150150080,2017-05-19,17.9,2.9391619220655967,5,247
801,150150070,2017-10-16,1.82,1.0367368849500223,6,51
802,150150080,2017-10-16,6.62,2.030776369698555,5,246
803,150190180,2017-05-28,18.0,2.9444389791664403,10,33
804,150190180,2017-08-01,14.6,2.747270914255491,10,35
805,150190180,2017-08-08,12.6,2.6100697927420065,10,36
806,150190180,2017-08-16,13.8,2.6946271807700692,10,37
807,150190180,2017-10-02,9.8,2.379546134130174,10,32
808,149190290,2017-05-28,0.89,0.636576829071551,10,164
809,149190290,2017-08-01,0.33,0.2851789422336624,10,162
810,149190290,2017-08-11,0.32,0.2776317365982795,10,161
811,149190290,2017-10-02,0.19,0.173953307123438,10,165
812,149190290,2017-11-04,1.0,0.6931471805599453,10,160
813,150160060,2017-05-11,2.59,1.2781522025001875,5,81
814,150160060,2017-05-21,2.56,1.269760544863939,5,77
815,150160060,2017-07-30,1.2,0.7884573603642702,5,78
816,150160060,2017-08-29,0.73,0.5481214085096876,5,79
817,150160060,2017-09-28,0.56,0.44468582126144574,5,80
818,154220050,2017-05-25,3.92,1.5933085305042167,16,231
819,154220050,2017-05-28,3.25,1.4469189829363254,16,230
820,154220050,2017-08-16,0.58,0.4574248470388754,16,229
821,154220050,2017-09-30,0.84,0.6097655716208943,16,228
822,154220050,2017-10-02,0.69,0.5247285289349821,16,232
823,153200030,2017-05-01,8.28,2.2278615467981093,16,160
824,153200030,2017-05-18,6.33,1.9919755158985601,16,158
825,153200030,2017-05-28,6.04,1.951608170169951,16,161
826,153200030,2017-07-30,2.98,1.3812818192963463,16,162
827,153200030,2017-08-09,3.07,1.4036429994545037,16,156
828,153200030,2017-08-16,3.0,1.3862943611198906,16,157
829,153200030,2017-08-29,2.74,1.3190856114264407,16,159
830,153200030,2017-09-30,2.8,1.33500106673234,16,155
831,149220110,2017-06-21,3.01,1.3887912413184778,12,77
832,149220110,2017-07-04,7.22,2.1065702090680887,12,78
833,149220110,2017-07-31,1.54,0.9321640810304452,12,74
834,149220110,2017-08-03,0.88,0.6312717768418579,12,79
835,149220110,2017-08-30,2.15,1.1474024528375417,12,75
836,149220110,2017-09-29,1.54,0.9321640810304452,12,76
837,149220110,2017-10-02,0.72,0.5423242908253616,12,72
838,149220110,2017-10-19,0.58,0.4574248470388754,12,80
839,149220110,2017-11-06,1.6,0.9555114450274365,12,73
840,149190020,2017-05-28,1.85,1.0473189942805592,10,123
841,149190020,2017-08-01,0.21,0.1906203596086497,10,122
842,149190020,2017-08-08,0.19,0.173953307123438,10,121
843,149190020,2017-08-16,0.36,0.3074846997479606,10,125
844,149190020,2017-10-02,0.16,0.14842000511827327,10,120
845,149190020,2017-11-04,0.83,0.6043159668533296,10,126
846,150160010,2017-05-19,3.49,1.501852701754163,5,237
847,150160010,2017-10-16,0.79,0.5822156198526637,5,236
848,150180010,2017-05-01,0.95,0.6678293725756554,4,158
849,150180010,2017-05-11,0.76,0.5653138090500605,4,157
850,150180010,2017-05-28,0.63,0.48858001481867097,4,151
851,150180010,2017-06-20,0.89,0.636576829071551,4,156
852,150180010,2017-07-30,0.36,0.3074846997479606,4,154
853,150180010,2017-08-01,0.35,0.30010459245033805,4,152
854,150180010,2017-08-16,0.24,0.2151113796169455,4,155
855,150170150,2017-05-28,3.41,1.4838746894587547,5,50
856,150170150,2017-07-30,1.07,0.7275486072772778,5,52
857,150170150,2017-08-01,1.14,0.76080582903376,5,51
858,150170150,2017-09-28,0.96,0.6729444732424258,5,53
859,153230020,2017-05-25,5.71,1.9035989509835904,14,103
860,153230020,2017-08-30,1.32,0.8415671856782186,14,102
861,153230020,2017-10-02,1.22,0.7975071958841881,14,104
862,150200150,2017-05-28,274.0,5.616771097666572,9,127
863,150200150,2017-08-01,166.0,5.117993812416755,9,129
864,150200150,2017-10-02,78.7,4.378269585796169,9,130
865,150200150,2017-11-04,103.0,4.6443908991413725,9,126
866,149200040,2017-05-28,4.16,1.6409365794934714,10,239
867,149200040,2017-08-01,2.09,1.128171090909654,10,237
868,149200040,2017-08-11,2.33,1.2029723039923526,10,236
869,149200040,2017-10-02,1.88,1.0577902941478545,10,240
870,149200040,2017-11-04,12.9,2.631888840136646,10,235
871,151210080,2017-05-20,3.58,1.5216989981260935,13,29
872,151210080,2017-10-02,0.7,0.5306282510621704,13,30
873,152190120,2017-05-18,1550.0,7.346655163176539,9,194
874,152190120,2017-05-28,1700.0,7.438971592395862,9,195
875,152190120,2017-08-16,548.0,6.3080984415095305,9,193
876,152190120,2017-09-30,468.0,6.150602768446279,9,192
877,152200010,2017-05-18,6.17,1.969905654611529,15,148
878,152200010,2017-05-20,6.73,2.0451088625993306,15,145
879,152200010,2017-05-25,6.51,2.0162354657760435,15,149
880,152200010,2017-05-28,5.64,1.8931119634883424,15,146
881,152200010,2017-08-16,2.88,1.355835153635182,15,147
882,152200010,2017-09-30,2.96,1.3762440252663892,15,142
883,152200010,2017-10-02,2.91,1.3635373739972745,15,143
884,152200010,2017-10-17,2.28,1.1878434223960523,15,144
885,154220100,2017-05-25,0.69,0.5247285289349821,16,243
886,154220100,2017-05-28,0.63,0.48858001481867097,16,242
887,154220100,2017-09-30,0.47,0.3852624007906449,16,240
888,154220100,2017-10-02,0.38,0.32208349916911333,16,241
889,149210030,2017-08-03,2.92,1.366091653802371,11,205
890,149210030,2017-10-02,3.64,1.534714366238164,11,206
891,149210030,2017-10-17,2.78,1.3297240096314962,11,204
892,152190060,2017-05-18,1.08,0.7323678937132266,15,168
893,152190060,2017-05-28,1.19,0.7839015438284094,15,166
894,152190060,2017-07-10,1.12,0.7514160886839212,15,169
895,152190060,2017-07-30,0.45,0.37156355643248307,15,165
896,152190060,2017-09-28,0.49,0.3987761199573678,15,167
897,150180250,2017-05-28,0.31,0.27002713721306015,4,133
898,150180250,2017-08-01,0.31,0.27002713721306015,4,131
899,150160180,2017-05-28,11.8,2.5494451709255714,4,219
900,150160180,2017-08-01,10.7,2.4595888418037104,4,218
901,151190080,2017-05-18,3.63,1.5325568680981427,13,195
902,151190080,2017-05-28,3.34,1.4678743481123135,13,194
903,151190080,2017-08-01,1.8,1.0296194171811583,13,192
904,151190080,2017-08-16,1.47,0.9042181506398859,13,193
905,151190080,2017-10-02,0.72,0.5423242908253616,13,196
906,150210150,2017-05-20,237.0,5.472270673671475,9,136
907,150210150,2017-08-03,230.0,5.442417710521793,9,135
908,149190280,2017-05-28,3.05,1.3987168811184478,11,48
909,149190280,2017-08-03,4.8,1.7578579175523736,11,50
910,149190280,2017-10-02,2.18,1.1568811967920856,11,47
911,152160060,2017-05-19,3.14,1.420695787837223,7,66
912,152160060,2017-07-30,0.52,0.41871033485818504,7,67
913,152160060,2017-08-29,0.61,0.4762341789963716,7,68
914,152160060,2017-09-28,1.29,0.8285518175661483,7,69
915,152160060,2017-10-01,2.03,1.1085626195212777,7,64
916,152160060,2017-10-16,6.63,2.0320878452963655,7,65
917,150210160,2017-05-20,1.83,1.0402767116551463,11,226
918,151160200,2017-05-11,8.01,2.1983350716202463,5,194
919,151160200,2017-07-30,0.49,0.3987761199573678,5,193
920,151160200,2017-09-28,0.84,0.6097655716208943,5,195
921,154160120,2017-05-01,14.0,2.70805020110221,8,120
922,154160120,2017-05-19,10.4,2.4336133554004498,8,118
923,154160120,2017-09-11,8.23,2.222459048514761,8,122
924,154160120,2017-09-28,12.8,2.624668592163159,8,119
925,154160120,2017-10-01,8.67,2.269028309465203,8,116
926,154160120,2017-10-16,6.7,2.0412203288596382,8,117
927,154160120,2017-11-07,14.0,2.70805020110221,8,121
928,154160030,2017-05-19,1.22,0.7975071958841881,8,98
929,154160030,2017-05-26,1.26,0.8153648132841945,8,99
930,154160030,2017-10-01,0.91,0.6471032420585385,8,100
931,154160030,2017-10-16,0.76,0.5653138090500605,8,101
932,152160090,2017-05-19,7.24,2.1090003439213802,7,60
933,152160090,2017-07-30,1.09,0.7371640659767197,7,61
934,152160090,2017-10-01,0.71,0.5364933705145685,7,58
935,152160090,2017-10-16,1.12,0.7514160886839212,7,59
936,152180110,2017-05-18,3.78,1.5644405465033646,7,13
937,152180110,2017-05-28,3.47,1.4973884086254774,7,12
938,152180110,2017-07-30,1.81,1.0331844833456545,7,11
939,152180110,2017-09-28,1.63,0.9669838461896731,7,14
940,149190300,2017-05-28,1.22,0.7975071958841881,11,72
941,149190300,2017-08-03,2.95,1.3737155789130306,11,74
942,149190300,2017-10-02,1.22,0.7975071958841881,11,71
943,151220010,2017-10-02,22.8,3.169685580677429,13,58
944,151220010,2017-10-17,17.5,2.917770732084279,13,59
945,152160110,2017-05-19,15.1,2.7788192719904172,7,85
946,152160110,2017-07-30,5.92,1.9344157696295783,7,86
947,152160110,2017-10-01,11.7,2.5416019934645457,7,83
948,152160110,2017-10-16,15.1,2.7788192719904172,7,84
949,150150110,2017-05-11,0.28,0.2468600779315258,6,38
950,150150110,2017-05-19,0.23,0.20701416938432615,6,36
951,150150110,2017-05-21,0.33,0.2851789422336624,6,39
952,150150110,2017-08-29,0.18,0.16551443847757338,6,37
953,150150110,2017-10-16,0.24,0.2151113796169455,6,35
954,149210050,2017-08-03,9.14,2.316487998163037,11,193
955,149210050,2017-10-02,5.03,1.7967470107390942,11,194
956,149210050,2017-10-17,4.94,1.7817091333745536,11,192
957,150160120,2017-05-11,4.29,1.665818245870208,5,86
958,150160120,2017-07-30,2.9,1.3609765531356006,5,87
959,150160120,2017-08-29,2.29,1.1908875647772805,5,88
960,153210020,2017-05-18,9.67,2.367436065313662,14,231
961,153210020,2017-05-20,10.8,2.468099531471619,14,228
962,153210020,2017-05-25,11.4,2.517696472610991,14,232
963,153210020,2017-05-28,8.72,2.2741856184723477,14,230
964,153210020,2017-08-16,1.63,0.9669838461896731,14,229
965,153210020,2017-10-02,3.46,1.4951487660319727,14,227
966,150230040,2017-08-30,7.45,2.1341664413690826,13,49
967,150230040,2017-10-02,7.09,2.0906287310704004,13,48
968,151180060,2017-05-18,1.67,0.9820784724121581,7,49
969,151180060,2017-05-28,1.38,0.8671004876833832,7,47
970,151180060,2017-07-30,0.31,0.27002713721306015,7,48
971,151180060,2017-09-28,0.61,0.4762341789963716,7,50
972,154160090,2017-05-01,3.34,1.4678743481123135,8,148
973,154160090,2017-05-19,3.1,1.410986973710262,8,149
974,154160090,2017-09-11,3.86,1.5810384379124023,8,151
975,154160090,2017-09-28,4.39,1.6845453849209058,8,150
976,154160090,2017-10-01,2.63,1.2892326482767593,8,146
977,154160090,2017-10-16,2.37,1.2149127443642704,8,147
978,154160090,2017-11-07,7.23,2.1077860146889784,8,152
979,153180060,2017-05-01,16.3,2.8507065015037334,16,59
980,153180060,2017-05-18,8.99,2.301584592660462,16,57
981,153180060,2017-05-28,13.1,2.6461747973841225,16,56
982,153180060,2017-07-30,9.78,2.377692565480851,16,55
983,153180060,2017-09-28,13.7,2.6878474937846906,16,58
984,149210090,2017-07-31,0.71,0.5364933705145685,11,186
985,149210090,2017-08-03,0.48,0.3920420877760237,11,187
986,149210090,2017-08-30,0.34,0.29266961396282,11,184
987,149210090,2017-09-29,0.5,0.4054651081081644,11,185
988,149210090,2017-10-02,0.28,0.2468600779315258,11,183
989,149210090,2017-10-19,1.32,0.8415671856782186,11,188
990,150190240,2017-05-28,0.78,0.5766133643039938,6,167
991,150190240,2017-08-01,0.81,0.5933268452777344,6,166
992,150190240,2017-08-16,0.63,0.48858001481867097,6,168
993,150190240,2017-10-02,0.4,0.33647223662121295,6,165
994,154170020,2017-05-01,0.81,0.5933268452777344,8,195
995,154170020,2017-05-19,0.63,0.48858001481867097,8,194
996,154170020,2017-08-29,0.3,0.26236426446749106,8,196
997,154170020,2017-09-11,0.94,0.6626879730752367,8,197
998,154170020,2017-09-28,0.63,0.48858001481867097,8,198
999,154170020,2017-10-01,0.41,0.3435897043900769,8,192
1000,154170020,2017-10-16,0.32,0.2776317365982795,8,193
1001,154200020,2017-05-01,6.71,2.0425181875752383,16,175
1002,154200020,2017-05-18,2.76,1.324418957401803,16,173
1003,154200020,2017-05-28,2.7,1.308332819650179,16,171
1004,154200020,2017-07-30,0.81,0.5933268452777344,16,177
1005,154200020,2017-08-09,0.95,0.6678293725756554,16,174
1006,154200020,2017-08-16,0.74,0.5538851132264376,16,172
1007,154200020,2017-08-29,0.5,0.4054651081081644,16,176
1008,149210110,2017-08-30,1.1,0.7419373447293773,12,156
1009,149210110,2017-09-09,1.42,0.8837675401685949,12,154
1010,154200020,2017-09-30,2.78,1.3297240096314962,16,170
1011,149210110,2017-10-17,0.99,0.688134638736401,12,155
1012,149200160,2017-05-28,32.4,3.5085558999826545,11,62
1013,149220170,2017-07-04,1.08,0.7323678937132266,17,17
1014,149220170,2017-07-31,2.07,1.1216775615991057,17,13
1015,149200160,2017-08-03,32.9,3.5234150143864045,11,64
1016,149220170,2017-08-30,1.28,0.8241754429663495,17,16
1017,149200160,2017-10-02,19.1,3.0007198150650303,11,61
1018,149220170,2017-10-02,0.53,0.4252677354043441,17,14
1019,149220170,2017-11-06,1.67,0.9820784724121581,17,15
1020,149220200,2017-05-20,6.17,1.969905654611529,12,109
1021,149220200,2017-07-31,2.89,1.358409157630355,12,110
1022,149220200,2017-08-30,1.53,0.9282193027394289,12,108
1023,149220200,2017-09-09,2.74,1.3190856114264407,12,105
1024,149220200,2017-10-02,0.74,0.5538851132264376,12,106
1025,149220200,2017-10-17,0.63,0.48858001481867097,12,107
1026,152200090,2017-05-18,6.24,1.979621206397625,15,156
1027,152200090,2017-05-20,9.03,2.305580601973844,15,154
1028,152200090,2017-05-25,7.1,2.0918640616783932,15,157
1029,152200090,2017-05-28,4.98,1.7884205679625405,15,153
1030,152200090,2017-08-16,1.42,0.8837675401685949,15,155
1031,152200090,2017-09-30,1.9,1.0647107369924282,15,150
1032,152200090,2017-10-02,1.99,1.095273387402595,15,151
1033,152200090,2017-10-17,1.48,0.9082585601768908,15,152
1034,153210010,2017-05-18,10.8,2.468099531471619,14,208
1035,153210010,2017-05-20,11.9,2.5572273113676265,14,207
1036,153210010,2017-05-28,11.1,2.4932054526026954,14,206
1037,153210010,2017-08-16,3.32,1.463255402256019,14,205
1038,153210010,2017-09-30,3.47,1.4973884086254774,14,203
1039,153210010,2017-10-02,3.33,1.4655675420143985,14,204
1040,150180190,2017-05-28,3.51,1.5062971535145868,4,184
1041,150180190,2017-08-01,2.97,1.3787660946990992,4,185
1042,150180190,2017-08-16,1.65,0.9745596399981308,4,186
1043,150180190,2017-11-04,1.39,0.8712933659434192,4,187
1044,150240020,2017-07-21,23.3,3.190476350346503,14,241
1045,150240020,2017-07-31,30.4,3.4468078929142076,14,239
1046,150240020,2017-08-30,10.6,2.451005098112319,14,238
1047,150240020,2017-09-09,11.4,2.517696472610991,14,237
1048,150240020,2017-09-29,9.32,2.334083760053417,14,240
1049,150230030,2017-08-30,0.78,0.5766133643039938,13,64
1050,150230030,2017-09-09,0.88,0.6312717768418579,13,65
1051,150230030,2017-09-29,0.66,0.5068176023684519,13,66
1052,150230030,2017-10-02,0.61,0.4762341789963716,13,63
1053,149190350,2017-05-28,0.43,0.3576744442718159,11,21
1054,149190350,2017-08-01,0.43,0.3576744442718159,11,17
1055,149190350,2017-08-11,0.37,0.31481073984003355,11,18
1056,149190350,2017-10-02,0.41,0.3435897043900769,11,22
1057,149190350,2017-11-04,3.34,1.4678743481123135,11,19
1058,152230080,2017-08-30,43.5,3.7954891891721947,15,1
1059,152230080,2017-09-29,36.8,3.632309102625542,15,2
1060,152230080,2017-10-02,35.4,3.594568774642695,15,0
1061,150170210,2017-05-28,0.86,0.6205764877251099,5,55
1062,150170210,2017-06-20,1.17,0.7747271675523681,5,59
1063,150170210,2017-07-30,0.33,0.2851789422336624,5,54
1064,150170210,2017-08-01,0.42,0.35065687161316933,5,56
1065,150170210,2017-08-16,0.42,0.35065687161316933,5,57
1066,150170210,2017-09-28,0.41,0.3435897043900769,5,58
1067,152160010,2017-05-19,63.3,4.163559631243574,7,153
1068,152160010,2017-07-30,38.7,3.681351187693145,7,152
1069,152160010,2017-09-11,35.3,3.591817741270805,7,154
1070,152160010,2017-10-01,67.6,4.22829253473184,7,150
1071,152160010,2017-10-16,56.5,4.051784947803305,7,151
1072,149180010,2017-05-28,64.9,4.188138441508461,4,7
1073,151170010,2017-05-28,7.4,2.128231705849268,5,111
1074,149180010,2017-08-01,42.4,3.770459441106359,4,9
1075,151170010,2017-08-01,2.19,1.1600209167967532,5,112
1076,149180010,2017-08-16,21.8,3.126760535960395,4,10
1077,153220150,2017-05-20,9.93,2.391511302188447,14,113
1078,153220150,2017-05-28,9.67,2.367436065313662,14,114
1079,153220150,2017-07-27,1.76,1.0152306797290587,14,115
1080,153220150,2017-08-16,1.56,0.9400072584914712,14,112
1081,153220150,2017-10-02,1.82,1.0367368849500223,14,111
1082,150160040,2017-05-11,0.91,0.6471032420585385,9,39
1083,150160040,2017-06-20,0.35,0.30010459245033805,9,38
1084,151190010,2017-05-28,7.77,2.1713368063840917,6,230
1085,151190010,2017-08-01,4.61,1.724550719534605,6,229
1086,151190010,2017-08-16,3.47,1.4973884086254774,6,228
1087,153220230,2017-05-25,2.22,1.169381359556317,14,77
1088,153220230,2017-10-02,0.55,0.4382549309311553,14,76
1089,153150030,2017-05-19,0.8,0.5877866649021191,8,70
1090,153150030,2017-10-01,1.66,0.9783261227936076,8,68
1091,153150030,2017-10-16,0.58,0.4574248470388754,8,69
1092,153190130,2017-05-01,6.71,2.0425181875752383,15,249
1093,153190130,2017-05-18,5.83,1.9213246735826988,15,248
1094,153190130,2017-05-28,6.01,1.9473377010464987,15,246
1095,153190130,2017-07-30,3.68,1.5432981099295553,15,245
1096,153190130,2017-08-09,3.27,1.4516138272405332,15,244
1097,153190130,2017-08-29,2.92,1.366091653802371,15,247
1098,153190130,2017-09-30,2.92,1.366091653802371,15,243
1099,150210090,2017-05-20,5.55,1.8794650496471605,13,9
1100,150210090,2017-10-02,2.05,1.11514159061932,13,10
1101,151180030,2017-05-28,1.27,0.8197798314933114,7,42
1102,151180030,2017-06-20,1.18,0.7793248768009976,7,45
1103,151180030,2017-07-30,0.52,0.41871033485818504,7,44
1104,151180030,2017-08-01,0.55,0.4382549309311553,7,43
1105,151180030,2017-08-16,0.37,0.31481073984003355,7,46
1106,151180030,2017-09-28,0.54,0.43178241642553783,7,41
1107,150190210,2017-05-28,0.47,0.3852624007906449,10,40
1108,150190210,2017-06-09,0.64,0.49469624183610705,10,39
1109,150190210,2017-08-01,0.2,0.18232155679395462,10,41
1110,150190210,2017-08-08,0.1,0.09531017980432487,10,44
1111,150190210,2017-08-16,0.17,0.15700374880966475,10,43
1112,150190210,2017-10-02,0.07,0.06765864847381481,10,38
1113,150190210,2017-10-12,0.034,0.03343477608623739,10,45
1114,150190210,2017-11-04,0.18,0.16551443847757338,10,46
1115,152190050,2017-05-18,2.79,1.332366019094335,15,124
1116,152190050,2017-05-28,2.06,1.1184149159642893,15,122
1117,152190050,2017-07-30,0.87,0.6259384308664953,15,123
1118,153180130,2017-05-18,2.25,1.1786549963416462,16,130
1119,153180130,2017-05-28,2.49,1.2499017362143359,16,131
1120,153180130,2017-07-30,1.76,1.0152306797290587,16,132
1121,154170040,2017-05-01,1.35,0.8544153281560676,8,110
1122,154170040,2017-05-19,0.8,0.5877866649021191,8,111
1123,154170040,2017-08-29,0.37,0.31481073984003355,8,114
1124,154170040,2017-09-11,0.49,0.3987761199573678,8,113
1125,154170040,2017-09-28,0.96,0.6729444732424258,8,112
1126,154170040,2017-10-01,0.82,0.598836501088704,8,108
1127,154170040,2017-10-16,0.41,0.3435897043900769,8,109
1128,154170040,2017-11-07,1.8,1.0296194171811583,8,115
1129,150160230,2017-05-01,2.94,1.3711807233098425,5,8
1130,150160230,2017-05-11,2.83,1.3428648031925547,5,9
1131,150160230,2017-05-18,2.87,1.3532545070416904,5,7
1132,150160230,2017-05-28,2.82,1.3402504226184837,5,1
1133,150160230,2017-06-20,3.36,1.4724720573609429,5,5
1134,150160230,2017-07-30,7.68,2.1610215286722587,5,3
1135,150160230,2017-08-01,4.0,1.6094379124341003,5,2
1136,150160230,2017-08-29,1.6,0.9555114450274365,5,4
1137,150160230,2017-09-28,1.97,1.0885619528146082,5,6
1138,150180070,2017-05-28,8.04,2.201659174404085,4,140
1139,150180070,2017-07-30,6.16,1.9685099809725544,4,141
1140,150180070,2017-08-01,5.45,1.864080130807681,4,142
1141,151210030,2017-05-18,2.62,1.2864740258376797,13,124
1142,151210030,2017-05-28,2.08,1.1249295969854831,13,131
1143,151210030,2017-10-02,0.78,0.5766133643039938,13,126
1144,151210030,2017-10-17,0.75,0.5596157879354227,13,127
1145,149220060,2017-06-21,26.2,3.3032169733019514,11,247
1146,149220060,2017-07-31,34.2,3.5610460826040513,11,245
1147,149220060,2017-08-30,28.2,3.374168709274236,11,246
1148,149220060,2017-10-02,15.0,2.772588722239781,11,244
1149,151150060,2017-05-11,8.5,2.2512917986064953,6,87
1150,151150060,2017-05-19,8.3,2.2300144001592104,6,84
1151,151150060,2017-05-21,7.8,2.174751721484161,6,86
1152,151150060,2017-07-30,3.3,1.4586150226995167,6,85
1153,151150060,2017-08-29,0.9,0.6418538861723948,6,88
1154,151150060,2017-09-28,5.4,1.8562979903656263,6,89
1155,151150060,2017-10-16,2.3,1.1939224684724346,6,83
1156,150220090,2017-05-20,123.0,4.820281565605037,12,23
1157,150220090,2017-06-01,104.0,4.653960350157523,12,21
1158,150220090,2017-07-31,61.8,4.139955073474153,12,20
1159,150220090,2017-08-30,50.3,3.937690752176724,12,22
1160,150220090,2017-09-09,78.1,4.370712874773608,12,17
1161,150220090,2017-09-29,34.3,3.563882963939251,12,24
1162,150220090,2017-10-02,25.6,3.280911215787653,12,18
1163,150220090,2017-10-17,28.5,3.3843902633457743,12,19
1164,154170160,2017-05-19,7.11,2.093097868127322,8,247
1165,154170160,2017-10-01,6.19,1.9726911717329554,8,245
1166,154170160,2017-10-16,5.08,1.8050046959780757,8,246
1167,150190200,2017-05-28,1.82,1.0367368849500223,6,170
1168,150190200,2017-08-01,1.57,0.9439058989071285,6,169
1169,150190200,2017-08-16,0.98,0.6830968447064438,6,171
1170,153190150,2017-05-18,3.87,1.5830939370944985,15,241
1171,153190150,2017-05-28,3.83,1.5748464676644813,15,240
1172,153190150,2017-07-30,2.61,1.2837077723447896,15,239
1173,153190150,2017-08-16,2.01,1.1019400787607843,15,242
1174,153190150,2017-09-30,1.78,1.0224509277025458,15,238
1175,152190040,2017-05-18,1.03,0.708035793053696,15,189
1176,152190040,2017-05-28,1.1,0.7419373447293773,15,190
1177,152190040,2017-07-30,0.61,0.4762341789963716,15,191
1178,153190020,2017-05-01,2.96,1.3762440252663892,16,67
1179,153190020,2017-05-18,3.8,1.5686159179138452,16,65
1180,153190020,2017-05-28,3.61,1.5282278570085572,16,66
1181,153190020,2017-07-30,1.82,1.0367368849500223,16,64
1182,153190020,2017-09-28,1.01,0.6981347220709844,16,68
1183,150160070,2017-05-11,0.16,0.14842000511827327,5,83
1184,150160070,2017-05-21,2.36,1.2119409739751128,5,82
1185,150160070,2017-08-29,0.32,0.2776317365982795,5,85
1186,150160070,2017-09-28,0.88,0.6312717768418579,5,84
1187,151220090,2017-06-21,21.6,3.1179499062782403,13,55
1188,151220090,2017-07-31,22.2,3.144152278672264,13,54
1189,151220090,2017-08-30,15.4,2.797281334830153,13,57
1190,151220090,2017-09-29,14.3,2.72785282839839,13,56
1191,151220090,2017-10-02,14.1,2.714694743820879,13,53
1192,152200100,2017-05-18,5.07,1.803358605071407,15,108
1193,152200100,2017-05-20,5.18,1.8213182714695995,15,105
1194,152200100,2017-05-28,3.97,1.6034198401085373,15,106
1195,152200100,2017-08-16,0.8,0.5877866649021191,15,107
1196,152200100,2017-09-30,0.75,0.5596157879354227,15,103
1197,152200100,2017-10-02,0.63,0.48858001481867097,15,104
1198,151150190,2017-05-11,0.87,0.6259384308664953,5,203
1199,151150190,2017-05-19,0.36,0.3074846997479606,5,204
1200,151150190,2017-10-01,0.19,0.173953307123438,5,202
1201,151150190,2017-10-16,0.36,0.3074846997479606,5,200
1202,149190370,2017-05-28,0.65,0.5007752879124893,11,15
1203,149190370,2017-08-01,0.37,0.31481073984003355,11,13
1204,149190370,2017-08-11,0.33,0.2851789422336624,11,12
1205,149190370,2017-10-02,0.27,0.23901690047049992,11,16
1206,149190370,2017-11-04,0.74,0.5538851132264376,11,11
1207,151220070,2017-05-20,3.61,1.5282278570085572,13,83
1208,151220070,2017-08-30,2.77,1.3270750014599193,13,84
1209,151220070,2017-10-02,2.4,1.2237754316221157,13,82
1210,149190360,2017-05-28,1.13,0.7561219797213337,11,76
1211,149190390,2017-05-28,1.45,0.8960880245566356,11,80
1212,149190360,2017-08-03,0.4,0.33647223662121295,11,78
1213,149190390,2017-08-03,1.23,0.8020015854720274,11,82
1214,149190360,2017-10-02,1.35,0.8544153281560676,11,75
1215,149190390,2017-10-02,0.43,0.3576744442718159,11,79
1216,149200270,2017-08-03,0.43,0.3576744442718159,11,120
1217,149200270,2017-10-02,2.92,1.366091653802371,11,119
1218,149210040,2017-08-03,11.8,2.5494451709255714,11,196
1219,149210040,2017-10-17,6.82,2.05668455455722,11,195
1220,150190130,2017-05-28,5.87,1.927164106234258,10,22
1221,150190130,2017-08-01,1.8,1.0296194171811583,10,25
1222,150190130,2017-08-08,2.01,1.1019400787607843,10,23
1223,150190130,2017-08-16,1.54,0.9321640810304452,10,26
1224,150190130,2017-10-02,1.26,0.8153648132841945,10,21
1225,151190030,2017-05-28,3.54,1.5129270120532565,6,246
1226,149180030,2017-05-28,12.2,2.580216829592325,4,77
1227,149180030,2017-08-01,8.23,2.222459048514761,4,80
1228,149180030,2017-08-16,7.12,2.0943301541735866,4,79
1229,151170040,2017-05-11,7.62,2.154085084675602,5,177
1230,151170040,2017-05-28,5.29,1.8389610707123492,5,176
1231,151170040,2017-07-30,1.47,0.9042181506398859,5,175
1232,151170040,2017-09-28,0.95,0.6678293725756554,5,178
1233,149190140,2017-05-28,1.84,1.0438040521731147,10,150
1234,149190140,2017-08-01,0.53,0.4252677354043441,10,148
1235,149190140,2017-08-08,0.43,0.3576744442718159,10,147
1236,149190140,2017-08-16,0.46,0.3784364357202451,10,151
1237,149190140,2017-10-02,0.39,0.3293037471426004,10,146
1238,149190140,2017-11-04,1.71,0.9969486348916095,10,152
1239,153150080,2017-05-19,5.48,1.8687205103641835,8,57
1240,153150080,2017-10-01,8.09,2.2071749081893874,8,55
1241,153150080,2017-10-16,4.2,1.6486586255873816,8,56
1242,152210120,2017-05-18,17.2,2.9014215940827497,15,71
1243,152210120,2017-05-20,18.1,2.9496883350525844,15,72
1244,152210120,2017-05-25,23.5,3.1986731175506815,15,70
1245,152210120,2017-05-28,18.3,2.9601050959108397,15,69
1246,152210120,2017-08-16,3.25,1.4469189829363254,15,68
1247,152210120,2017-10-02,4.04,1.6174060820832772,15,67
1248,149190070,2017-05-28,1.78,1.0224509277025458,10,141
1249,149190070,2017-08-01,0.47,0.3852624007906449,10,143
1250,149190070,2017-08-08,0.65,0.5007752879124893,10,144
1251,149190070,2017-08-16,0.4,0.33647223662121295,10,145
1252,149190070,2017-10-02,0.35,0.30010459245033805,10,140
1253,150150090,2017-05-11,2.1,1.1314021114911006,6,32
1254,150150090,2017-05-19,1.9,1.0647107369924282,6,29
1255,150150090,2017-07-30,1.68,0.9858167945227653,6,34
1256,150150090,2017-08-29,1.15,0.7654678421395714,6,30
1257,150150090,2017-09-28,2.12,1.1378330018213911,6,33
1258,150150090,2017-10-01,1.06,0.7227059828014898,6,31
1259,150150090,2017-10-16,1.13,0.7561219797213337,6,28
1260,152199992,2017-05-20,27.5,3.349904087274605,15,129
1261,152199992,2017-05-28,19.5,3.0204248861443626,15,128
1262,152199992,2017-09-30,4.28,1.66392609771817,15,125
1263,152199992,2017-10-02,2.98,1.3812818192963463,15,126
1264,152199992,2017-10-17,3.2,1.4350845252893227,15,127
1265,154190170,2017-05-01,43.3,3.7909846770510898,16,168
1266,151150090,2017-05-11,15.6,2.8094026953624973,6,99
1267,151150090,2017-05-19,16.4,2.856470206220483,6,101
1268,154190170,2017-05-28,19.1,3.0007198150650303,16,164
1269,154190170,2017-07-07,16.3,2.8507065015037334,16,169
1270,151150090,2017-07-30,4.68,1.7369512327330598,6,97
1271,154190170,2017-07-30,8.29,2.2289385528257473,16,166
1272,154190170,2017-08-16,7.41,2.1294214739848565,16,165
1273,151150090,2017-08-29,3.96,1.601405740736836,6,96
1274,154190170,2017-08-29,5.92,1.9344157696295783,16,167
1275,151150090,2017-09-28,13.5,2.6741486494265287,6,100
1276,154190170,2017-09-30,12.8,2.624668592163159,16,163
1277,151150090,2017-10-01,6.62,2.030776369698555,6,98
1278,151150090,2017-10-16,5.95,1.9387416595767009,6,95
1279,154170080,2017-05-01,5.47,1.8671761085128091,8,218
1280,154170080,2017-05-19,4.55,1.713797927758343,8,217
1281,154170080,2017-08-29,2.85,1.3480731482996928,8,219
1282,154170080,2017-09-11,3.86,1.5810384379124023,8,220
1283,154170080,2017-09-28,4.81,1.75958057086382,8,221
1284,154170080,2017-10-01,4.24,1.6563214983329508,8,215
1285,154170080,2017-10-16,4.39,1.6845453849209058,8,216
1286,149200100,2017-05-28,1.89,1.0612565021243408,11,98
1287,149200100,2017-10-02,2.6,1.2809338454620645,11,96
1288,152180100,2017-05-18,0.05,0.04879016416943201,7,115
1289,152180100,2017-05-28,0.04,0.039220713153281295,7,116
1290,152180100,2017-07-10,0.16,0.14842000511827327,7,119
1291,152180100,2017-07-30,0.09,0.08617769624105233,7,117
1292,152180100,2017-09-28,0.09,0.08617769624105233,7,118
1293,152140080,2017-05-19,1.44,0.8919980393051105,6,164
1294,152140080,2017-10-16,1.3,0.832909122935104,6,163
1295,152210030,2017-05-20,14.4,2.7343675094195836,14,235
1296,152210030,2017-08-16,2.73,1.3164082336557241,14,236
1297,152210030,2017-09-30,4.68,1.7369512327330598,14,233
1298,152210030,2017-10-02,4.91,1.776645831418007,14,234
1299,151160150,2017-05-11,138.0,4.9344739331306915,4,20
1300,151160150,2017-07-30,86.6,4.472780997942346,4,19
1301,152230070,2017-08-30,7.17,2.1004689088719113,15,36
1302,152230070,2017-09-29,5.03,1.7967470107390942,15,35
1303,152230070,2017-10-02,4.65,1.7316555451583495,15,34
1304,154220030,2017-05-20,4.33,1.6733512381777533,14,129
1305,154220030,2017-05-28,4.42,1.6900958154515549,14,127
1306,154220030,2017-08-16,1.41,0.8796267475025636,14,128
1307,154220030,2017-10-02,0.84,0.6097655716208943,14,126
1308,152229999,2017-05-18,280.0,5.638354669333745,15,13
1309,152229999,2017-05-20,277.0,5.627621113690637,15,15
1310,152229999,2017-05-25,275.0,5.62040086571715,15,16
1311,152229999,2017-05-28,273.0,5.6131281063880705,15,12
1312,152229999,2017-08-16,66.3,4.209160236650682,15,14
1313,152229999,2017-10-02,53.4,3.996364153861897,15,11
1314,150230080,2017-08-30,1.71,0.9969486348916095,13,37
1315,150230080,2017-09-09,1.84,1.0438040521731147,13,39
1316,150230080,2017-10-02,1.63,0.9669838461896731,13,38
1317,150200050,2017-05-18,2.45,1.2383742310432684,11,165
1318,151210020,2017-05-18,2.13,1.1410330045520618,13,0
1319,151210020,2017-05-20,4.09,1.6272778305624314,12,248
1320,150200050,2017-05-28,2.72,1.3137236682850553,11,164
1321,151210020,2017-05-28,1.83,1.0402767116551463,12,249
1322,150200050,2017-08-01,4.04,1.6174060820832772,11,159
1323,151210020,2017-08-01,1.76,1.0152306797290587,12,245
1324,150200050,2017-08-11,3.54,1.5129270120532565,11,160
1325,150200050,2017-08-16,3.32,1.463255402256019,11,163
1326,151210020,2017-08-16,1.41,0.8796267475025636,12,246
1327,151210020,2017-10-02,1.22,0.7975071958841881,13,1
1328,150200050,2017-11-04,2.12,1.1378330018213911,11,162
1329,154210100,2017-05-25,22.2,3.144152278672264,16,227
1330,154210100,2017-05-28,18.7,2.9806186357439426,16,224
1331,154210100,2017-08-16,7.46,2.135349173618132,16,225
1332,154210100,2017-09-30,5.2,1.8245492920510458,16,223
1333,154210100,2017-10-02,5.1,1.8082887711792655,16,226
1334,150210120,2017-10-17,10.1,2.4069451083182885,11,200
1335,152150180,2017-05-19,3.25,1.4469189829363254,8,20
1336,152150180,2017-07-30,1.45,0.8960880245566356,8,18
1337,152150180,2017-08-29,1.86,1.0508216248317612,8,21
1338,152150180,2017-09-11,2.33,1.2029723039923526,8,19
1339,152150180,2017-10-01,4.19,1.6467336971777973,8,16
1340,152150180,2017-10-16,4.15,1.6389967146756448,8,17
1341,150160190,2017-05-01,2.33,1.2029723039923526,4,210
1342,150160190,2017-05-11,1.01,0.6981347220709844,4,212
1343,150160190,2017-05-18,1.92,1.0715836162801904,4,209
1344,150160190,2017-05-28,0.6,0.4700036292457356,4,205
1345,150160190,2017-06-20,0.72,0.5423242908253616,4,207
1346,150160190,2017-07-30,0.28,0.2468600779315258,4,208
1347,150160190,2017-08-01,0.25,0.22314355131420976,4,206
1348,150160190,2017-09-28,0.53,0.4252677354043441,4,211
1349,152150120,2017-05-19,1.16,0.7701082216960736,7,114
1350,152150120,2017-07-30,0.56,0.44468582126144574,7,113
1351,152150120,2017-10-01,0.86,0.6205764877251099,7,111
1352,152150120,2017-10-16,0.8,0.5877866649021191,7,112
1353,151210110,2017-10-02,0.58,0.4574248470388754,13,132
1354,151210110,2017-10-17,0.31,0.27002713721306015,13,133
1355,153210230,2017-05-20,4.92,1.7783364488959144,14,177
1356,153210230,2017-05-25,4.99,1.790091412127358,14,179
1357,153210230,2017-05-28,4.92,1.7783364488959144,14,178
1358,153210230,2017-08-16,1.56,0.9400072584914712,14,175
1359,153210230,2017-10-02,1.13,0.7561219797213337,14,176
1360,149190030,2017-05-28,0.7,0.5306282510621704,9,228
1361,149190030,2017-08-01,0.26,0.23111172096338664,9,229
1362,149190030,2017-08-08,0.23,0.20701416938432615,9,230
1363,149190030,2017-10-02,0.07,0.06765864847381481,9,227
1364,154180020,2017-05-01,4.19,1.6467336971777973,8,238
1365,154180020,2017-05-19,2.02,1.1052568313867783,8,239
1366,154180020,2017-07-13,1.29,0.8285518175661483,8,243
1367,154180020,2017-07-30,0.6,0.4700036292457356,8,242
1368,154180020,2017-08-09,0.7,0.5306282510621704,8,241
1369,154180020,2017-08-29,0.61,0.4762341789963716,8,244
1370,154180020,2017-09-28,2.5,1.252762968495368,8,240
1371,154180020,2017-10-01,2.19,1.1600209167967532,8,236
1372,154180020,2017-10-16,1.18,0.7793248768009976,8,237
1373,151180040,2017-05-28,5.0,1.791759469228055,7,31
1374,151180040,2017-06-20,5.84,1.922787731634459,7,33
1375,151180040,2017-07-30,2.07,1.1216775615991057,7,30
1376,151180040,2017-08-01,2.48,1.247032293786383,7,32
1377,151180040,2017-08-16,2.0,1.0986122886681096,7,34
1378,151180040,2017-09-28,3.36,1.4724720573609429,7,29
1379,150150010,2017-05-11,5.44,1.8625285401162623,6,73
1380,150150020,2017-05-11,1.61,0.9593502213346021,6,105
1381,150150010,2017-05-19,6.67,2.0373166153791646,6,72
1382,150150020,2017-05-19,1.84,1.0438040521731147,6,103
1383,150150010,2017-05-21,7.99,2.196112848483529,6,76
1384,150150020,2017-05-21,2.01,1.1019400787607843,6,107
1385,150150010,2017-07-30,0.89,0.636576829071551,6,74
1386,150150020,2017-07-30,0.22,0.1988508587451652,6,104
1387,150150010,2017-08-29,0.77,0.5709795465857378,6,75
1388,150150020,2017-08-29,0.29,0.2546422183735807,6,106
1389,150150010,2017-10-01,0.87,0.6259384308664953,6,77
1390,150150020,2017-10-01,0.32,0.2776317365982795,6,108
1391,150150010,2017-10-16,0.73,0.5481214085096876,6,71
1392,150150020,2017-10-16,0.27,0.23901690047049992,6,102
1393,149180090,2017-05-28,0.43,0.3576744442718159,9,238
1394,149180090,2017-08-01,0.26,0.23111172096338664,9,239
1395,149180090,2017-08-16,0.29,0.2546422183735807,9,237
1396,151220050,2017-06-21,0.95,0.6678293725756554,13,105
1397,151220050,2017-07-31,0.55,0.4382549309311553,13,104
1398,151220050,2017-08-30,0.31,0.27002713721306015,13,107
1399,151220050,2017-09-09,0.27,0.23901690047049992,13,106
1400,151220050,2017-10-02,0.27,0.23901690047049992,13,102
1401,151220050,2017-10-17,0.26,0.23111172096338664,13,103
1402,150200010,2017-05-18,1.93,1.0750024230289759,11,128
1403,150200010,2017-05-28,2.47,1.244154593958768,11,127
1404,150200010,2017-08-01,2.21,1.1662709371419244,11,126
1405,150200010,2017-08-16,1.37,0.8628899551470399,11,129
1406,150200010,2017-10-02,0.52,0.41871033485818504,11,130
1407,150210030,2017-05-20,0.95,0.6678293725756554,11,178
1408,150210030,2017-10-02,0.3,0.26236426446749106,11,179
1409,152200110,2017-05-20,1310.0,7.1785454837637,9,174
1410,152200110,2017-05-25,1400.0,7.244941546337007,9,177
1411,152200110,2017-05-28,1570.0,7.359467638255621,9,176
1412,152200110,2017-08-16,475.0,6.16541785423142,9,175
1413,152200110,2017-09-30,437.0,6.082218910376446,9,172
1414,152200110,2017-10-02,384.0,5.953243334287785,9,173
1415,150200120,2017-08-01,1.16,0.7701082216960736,11,149
1416,153150020,2017-05-19,1.48,0.9082585601768908,8,45
1417,153150020,2017-09-11,1.79,1.0260415958332743,8,46
1418,153150020,2017-10-01,6.38,1.998773638612381,8,43
1419,153150020,2017-10-16,2.63,1.2892326482767593,8,44
1420,152160130,2017-07-30,2.4,1.2237754316221157,7,63
1421,152160130,2017-10-16,4.85,1.766441661243765,7,62
1422,150160130,2017-07-30,0.98,0.6830968447064438,5,95
1423,153170110,2017-09-28,1.87,1.0543120297715298,16,43
1424,150190220,2017-05-28,7.76,2.1701959049483,6,174
1425,150190220,2017-08-01,4.44,1.6937790608678513,6,175
1426,150190220,2017-08-16,4.23,1.6544112780768316,6,176
1427,149200060,2017-05-28,1.88,1.0577902941478545,10,233
1428,149200080,2017-05-28,2.68,1.3029127521808397,11,10
1429,149200060,2017-08-01,0.85,0.6151856390902335,10,230
1430,149200080,2017-08-01,0.85,0.6151856390902335,11,7
1431,149200060,2017-08-11,0.86,0.6205764877251099,10,231
1432,149200080,2017-08-11,1.05,0.7178397931503169,11,8
1433,149200060,2017-10-02,0.88,0.6312717768418579,10,234
1434,149200060,2017-11-04,2.92,1.366091653802371,10,229
1435,149200080,2017-11-04,8.27,2.2267833795777636,11,6
1436,149200300,2017-08-03,20.2,3.054001181677967,11,114
1437,149200300,2017-10-02,8.91,2.2935443483418965,11,113
1438,149200290,2017-08-03,22.3,3.148453360571655,11,116
1439,149200290,2017-10-02,10.3,2.424802725718295,11,115
1440,153210040,2017-05-20,3.31,1.4609379041156565,14,192
1441,153210040,2017-05-28,2.25,1.1786549963416462,14,195
1442,153210040,2017-08-16,0.42,0.35065687161316933,14,193
1443,153210040,2017-10-02,0.33,0.2851789422336624,14,194
1444,152140120,2017-10-16,1.29,0.8285518175661483,8,28
1445,153160070,2017-05-19,3.07,1.4036429994545037,7,215
1446,153160070,2017-08-29,1.74,1.007957920399979,7,214
1447,153160070,2017-10-01,2.08,1.1249295969854831,7,212
1448,153160070,2017-10-16,2.29,1.1908875647772805,7,213
1449,153160070,2017-11-07,2.41,1.2267122912954256,7,216
1450,150180260,2017-05-28,1.05,0.7178397931503169,10,56
1451,150180260,2017-08-01,1.14,0.76080582903376,10,57
1452,152230090,2017-05-12,22.9,3.173878458937465,13,240
1453,152230090,2017-08-30,5.14,1.814824742159051,13,241
1454,152230090,2017-09-29,4.56,1.715598108262491,13,242
1455,152230090,2017-10-02,4.49,1.7029282555214393,13,243
1456,152230100,2017-05-12,9.19,2.321406847234633,14,42
1457,152230100,2017-05-25,6.52,2.017566137961748,14,45
1458,152230100,2017-08-30,1.17,0.7747271675523681,14,41
1459,152230100,2017-09-29,1.41,0.8796267475025636,14,44
1460,152230100,2017-10-02,1.59,0.9516578757114464,14,43
1461,150180090,2017-05-28,0.92,0.6523251860396903,4,97
1462,150180090,2017-06-20,0.7,0.5306282510621704,4,100
1463,150180090,2017-08-01,0.3,0.26236426446749106,4,98
1464,150180090,2017-08-16,0.18,0.16551443847757338,4,101
1465,151180090,2017-05-28,2.94,1.3711807233098425,6,234
1466,151180090,2017-06-20,2.96,1.3762440252663892,6,232
1467,151180090,2017-07-30,1.17,0.7747271675523681,6,235
1468,151180090,2017-08-01,1.22,0.7975071958841881,6,236
1469,151180090,2017-08-16,1.35,0.8544153281560676,6,233
1470,151180090,2017-09-28,1.46,0.9001613499442714,6,231
1471,149200120,2017-05-28,2.37,1.2149127443642704,11,105
1472,149200120,2017-08-03,0.89,0.636576829071551,11,106
1473,149200120,2017-10-02,0.74,0.5538851132264376,11,103
1474,150230010,2017-08-30,3.54,1.5129270120532565,13,41
1475,150230010,2017-09-09,3.69,1.545432582458188,13,42
1476,150230010,2017-09-29,3.57,1.5195132049061133,13,43
1477,150230010,2017-10-02,3.44,1.4906543764441333,13,40
1478,150170120,2017-05-28,0.65,0.5007752879124893,5,47
1479,150170120,2017-07-30,0.37,0.31481073984003355,5,49
1480,150170120,2017-08-01,0.37,0.31481073984003355,5,48
1481,149220210,2017-05-20,7.68,2.1610215286722587,12,115
1482,149220210,2017-06-01,5.6,1.8870696490323797,12,117
1483,149220210,2017-07-31,3.51,1.5062971535145868,12,116
1484,149220210,2017-08-30,0.98,0.6830968447064438,12,114
1485,149220210,2017-09-09,1.1,0.7419373447293773,12,111
1486,149220210,2017-09-29,1.07,0.7275486072772778,12,118
1487,149220210,2017-10-02,0.99,0.688134638736401,12,112
1488,149220210,2017-10-17,0.98,0.6830968447064438,12,113
1489,150210080,2017-05-20,1.68,0.9858167945227653,13,20
1490,150210080,2017-10-02,0.43,0.3576744442718159,13,21
1491,150220030,2017-05-20,174.0,5.1647859739235145,12,37
1492,150220030,2017-06-01,144.0,4.976733742420574,12,39
1493,150220030,2017-06-21,120.0,4.795790545596741,12,38
1494,150220030,2017-08-03,93.1,4.544358046591334,12,40
1495,150220030,2017-08-30,72.8,4.301358731606427,12,36
1496,150220030,2017-09-09,90.9,4.520701029361641,12,34
1497,150220030,2017-10-02,40.8,3.7328963395307104,12,41
1498,150220030,2017-10-17,44.6,3.8199077165203406,12,35
1499,150190100,2017-05-28,6.06,1.9544450515051506,10,80
1500,150190100,2017-08-01,5.86,1.925707441737794,10,79
1501,150190100,2017-08-08,4.8,1.7578579175523736,10,78
1502,150190100,2017-10-02,4.15,1.6389967146756448,10,77
1503,150180210,2017-05-28,1.31,0.8372475245337022,6,225
1504,150180210,2017-08-01,0.8,0.5877866649021191,6,226
1505,150180210,2017-08-16,0.55,0.4382549309311553,6,227
1506,152180090,2017-05-18,2.1,1.1314021114911006,7,124
1507,152180090,2017-05-28,1.41,0.8796267475025636,7,123
1508,152180090,2017-07-10,3.09,1.4085449700547104,7,122
1509,152180090,2017-07-30,1.17,0.7747271675523681,7,121
1510,152180090,2017-09-28,1.15,0.7654678421395714,7,120
1511,151150150,2017-05-19,169.0,5.135798437050262,4,30
1512,151150150,2017-10-16,94.0,4.553876891600541,4,29
1513,152170060,2017-05-28,93.9,4.552823705615882,6,200
1514,152170060,2017-07-30,55.5,4.034240638152395,6,199
1515,152170060,2017-09-28,49.2,3.9160150266976834,6,201
1516,152150190,2017-05-19,86.3,4.469350462845556,7,158
1517,152150190,2017-07-30,58.0,4.07753744390572,7,157
1518,152150190,2017-09-11,58.6,4.087655574071304,7,159
1519,152150190,2017-10-01,99.8,4.613138355637268,7,155
1520,152150190,2017-10-16,83.0,4.430816798843313,7,156
1521,152210130,2017-05-18,5.78,1.9139771019523042,15,64
1522,152210130,2017-05-20,5.72,1.9050881545350582,15,60
1523,152210130,2017-05-25,7.04,2.084429083190875,15,62
1524,152210130,2017-05-28,5.23,1.8293763327993617,15,63
1525,152210130,2017-08-16,0.63,0.48858001481867097,15,61
1526,152210130,2017-10-02,0.47,0.3852624007906449,15,59
1527,151200090,2017-05-18,59.5,4.102643365036796,13,170
1528,151200090,2017-05-20,63.0,4.1588830833596715,13,168
1529,151200090,2017-05-28,61.4,4.133565275375382,13,167
1530,151200090,2017-08-16,20.8,3.0819099697950434,13,169
1531,151200090,2017-09-30,15.3,2.791165107812717,13,164
1532,151200090,2017-10-02,14.0,2.70805020110221,13,165
1533,151200090,2017-10-17,13.2,2.653241964607215,13,166
1534,153190090,2017-05-18,26.0,3.295836866004329,15,221
1535,153190090,2017-05-28,24.8,3.250374491927572,15,220
1536,153190090,2017-07-30,12.3,2.5877640352277083,15,218
1537,153190090,2017-09-30,8.49,2.2502386126218363,15,219
1538,154190110,2017-05-01,8.29,2.2289385528257473,16,149
1539,154190110,2017-05-28,2.48,1.247032293786383,16,147
1540,154190110,2017-07-30,0.22,0.1988508587451652,16,150
1541,154190110,2017-08-16,0.17,0.15700374880966475,16,148
1542,154190110,2017-09-30,3.24,1.4445632692438664,16,146
1543,151150100,2017-05-11,13.2,2.653241964607215,6,93
1544,151150100,2017-05-19,13.5,2.6741486494265287,6,91
1545,151150100,2017-07-30,3.9,1.589235205116581,6,92
1546,151150100,2017-08-29,2.15,1.1474024528375417,6,94
1547,151150100,2017-10-16,3.71,1.5496879080283263,6,90
1548,153210210,2017-05-18,245.0,5.5053315359323625,14,28
1549,153210210,2017-05-20,237.0,5.472270673671475,14,25
1550,153210210,2017-05-25,229.0,5.438079308923196,14,24
1551,153210210,2017-05-28,217.0,5.384495062789089,14,23
1552,153210210,2017-07-27,126.0,4.844187086458591,14,27
1553,153210210,2017-08-16,65.9,4.203198967134183,14,26
1554,153210210,2017-10-02,64.3,4.178992036282385,14,22
1555,149220010,2017-06-21,0.29,0.2546422183735807,12,178
1556,149220010,2017-07-31,0.64,0.49469624183610705,12,179
1557,149220010,2017-08-03,0.16,0.14842000511827327,12,182
1558,149220010,2017-08-30,0.06,0.058268908123975775,12,177
1559,149220010,2017-09-29,0.044,0.04305948946044697,12,180
1560,149220010,2017-10-02,0.037,0.036331929247390274,12,176
1561,149220010,2017-10-19,0.042,0.04114194333117518,12,181
1562,153230170,2017-08-30,1.08,0.7323678937132266,14,59
1563,153230170,2017-10-02,0.76,0.5653138090500605,14,60
1564,149200240,2017-10-02,34.2,3.5610460826040513,11,67
1565,149200250,2017-10-02,4.93,1.780024213009634,11,121
1566,149200260,2017-10-02,0.35,0.30010459245033805,11,122
1567,149200030,2017-05-28,6.5,2.0149030205422647,11,52
1568,149200030,2017-10-02,3.81,1.5706970841176697,11,51
1569,149200050,2017-05-28,11.4,2.517696472610991,11,55
1570,149200050,2017-10-02,8.77,2.2793164660546914,11,54
1571,150170060,2017-05-28,14.2,2.7212954278522306,4,229
1572,150170060,2017-08-01,24.9,3.254242968705492,4,230
1573,152160100,2017-05-19,148.0,5.003946305945459,6,208
1574,152160100,2017-07-30,70.3,4.26689632742025,6,207
1575,152160100,2017-10-01,70.9,4.275276264727001,6,205
1576,152160100,2017-10-16,82.9,4.429625613473161,6,206
1577,152160030,2017-05-11,0.2,0.18232155679395462,7,109
1578,152160030,2017-05-19,0.34,0.29266961396282,7,108
1579,152160030,2017-07-30,0.37,0.31481073984003355,7,106
1580,152160030,2017-08-29,0.43,0.3576744442718159,7,110
1581,152160030,2017-10-01,2.81,1.3376291891386096,7,107
1582,152160030,2017-10-16,2.04,1.1118575154181303,7,105
1583,154170230,2017-05-01,0.37,0.31481073984003355,8,202
1584,154170230,2017-05-19,0.28,0.2468600779315258,8,201
1585,154170230,2017-08-29,0.18,0.16551443847757338,8,206
1586,154170230,2017-09-11,0.29,0.2546422183735807,8,205
1587,154170230,2017-09-28,0.41,0.3435897043900769,8,203
1588,154170230,2017-10-01,0.32,0.2776317365982795,8,200
1589,154170230,2017-10-16,0.31,0.27002713721306015,8,199
1590,154170230,2017-11-07,0.36,0.3074846997479606,8,204
1591,151170070,2017-05-28,0.65,0.5007752879124893,5,174
1592,151170070,2017-07-30,0.21,0.1906203596086497,5,173
1593,151200080,2017-05-18,5.81,1.918392120161421,13,217
1594,151200080,2017-05-20,7.58,2.149433913499871,13,215
1595,151200080,2017-05-25,6.99,2.0781907597781832,13,218
1596,151200080,2017-05-28,5.87,1.927164106234258,13,214
1597,151200080,2017-08-16,2.58,1.275362800412609,13,216
1598,151200080,2017-09-30,1.54,0.9321640810304452,13,211
1599,151200080,2017-10-02,2.16,1.1505720275988207,13,212
1600,151200080,2017-10-17,1.97,1.0885619528146082,13,213
1601,150190330,2017-05-28,0.35,0.30010459245033805,10,221
1602,150190330,2017-08-01,0.35,0.30010459245033805,10,219
1603,150190330,2017-08-11,0.35,0.30010459245033805,10,217
1604,150190330,2017-10-02,0.36,0.3074846997479606,10,222
1605,150190330,2017-11-04,0.4,0.33647223662121295,10,218
1606,153160250,2017-05-19,0.43,0.3576744442718159,7,205
1607,153160250,2017-09-28,0.22,0.1988508587451652,7,206
1608,153160250,2017-10-01,0.34,0.29266961396282,7,203
1609,153160250,2017-10-16,0.2,0.18232155679395462,7,204
1610,153140110,2017-05-19,2.0,1.0986122886681096,8,31
1611,153140110,2017-10-16,3.24,1.4445632692438664,8,30
1612,151230030,2017-07-31,0.51,0.412109650826833,15,28
1613,151230030,2017-08-30,0.28,0.2468600779315258,15,29
1614,151230030,2017-09-29,0.49,0.3987761199573678,15,30
1615,151230030,2017-10-02,0.35,0.30010459245033805,15,27
1616,149220030,2017-10-02,16.1,2.8390784635086144,11,248
1617,153200070,2017-05-28,4.45,1.6956156086751528,16,185
1618,153200070,2017-09-30,2.63,1.2892326482767593,16,184
1619,149180300,2017-05-28,64.7,4.185098925490565,4,3
1620,149180300,2017-08-01,36.2,3.616308761279101,4,6
1621,149180300,2017-08-16,20.0,3.044522437723423,4,5
1622,150170030,2017-05-28,2.56,1.269760544863939,5,65
1623,150170030,2017-08-01,2.35,1.208960345836975,5,66
1624,151180010,2017-05-28,1.33,0.8458682675776092,7,51
1625,151180010,2017-07-30,0.35,0.30010459245033805,7,52
1626,151180010,2017-09-28,0.82,0.598836501088704,7,53
1627,151200040,2017-05-20,5.02,1.7950872593207297,13,205
1628,151200040,2017-05-28,3.72,1.551808799597464,13,206
1629,151200040,2017-08-01,2.15,1.1474024528375417,13,207
1630,151200040,2017-09-30,1.73,1.0043016091968684,13,208
1631,151200040,2017-10-02,1.76,1.0152306797290587,13,209
1632,151200040,2017-10-17,1.74,1.007957920399979,13,210
1633,150230050,2017-08-30,0.55,0.4382549309311553,13,67
1634,150230050,2017-09-09,0.58,0.4574248470388754,13,69
1635,150230050,2017-09-29,0.47,0.3852624007906449,13,70
1636,150230050,2017-10-02,0.51,0.412109650826833,13,68
1637,151160140,2017-05-11,30.3,3.4436180975461075,5,182
1638,151160140,2017-05-19,19.7,3.0301337002713233,5,181
1639,151160140,2017-07-30,2.44,1.235471471385307,5,180
1640,151160140,2017-10-01,2.5,1.252762968495368,5,183
1641,151160140,2017-10-16,5.09,1.8066480817218056,5,179
1642,149190260,2017-05-28,4.12,1.6331544390514163,10,170
1643,149190260,2017-08-01,1.06,0.7227059828014898,10,166
1644,149190260,2017-08-11,0.86,0.6205764877251099,10,167
1645,149190260,2017-10-02,0.65,0.5007752879124893,10,171
1646,149190260,2017-11-04,3.24,1.4445632692438664,10,169
1647,153220160,2017-10-02,7.36,2.1234584270966104,14,144
1648,153220170,2017-10-02,12.2,2.580216829592325,14,88
1649,153210090,2017-05-20,256.0,5.54907608489522,14,31
1650,153210090,2017-08-16,71.2,4.279440045898781,14,30
1651,153210090,2017-10-02,68.8,4.2456340097683265,14,29
1652,151150020,2017-05-11,6.53,2.018895041811802,6,142
1653,151150020,2017-05-19,6.45,2.0082140323914683,6,141
1654,151150020,2017-05-21,10.1,2.4069451083182885,6,145
1655,151150020,2017-07-30,2.09,1.128171090909654,6,143
1656,151150020,2017-08-29,1.67,0.9820784724121581,6,140
1657,151150020,2017-10-01,3.18,1.430311246536665,6,144
1658,151150020,2017-10-16,2.01,1.1019400787607843,6,139
1659,150220160,2017-05-20,8.42,2.2428350885882717,12,217
1660,150220160,2017-06-01,5.84,1.922787731634459,12,215
1661,150220160,2017-07-31,2.98,1.3812818192963463,12,218
1662,150220160,2017-08-30,2.15,1.1474024528375417,12,216
1663,150220160,2017-09-09,2.19,1.1600209167967532,12,212
1664,150220160,2017-10-02,1.77,1.0188473201992472,12,213
1665,150220160,2017-10-17,1.63,0.9669838461896731,12,214
1666,150190160,2017-05-28,33.1,3.529297384289471,10,112
1667,150190160,2017-08-01,5.67,1.8976198599275325,10,114
1668,150190160,2017-08-08,10.9,2.4765384001174837,10,111
1669,150190160,2017-10-02,3.91,1.5912739418064292,10,110
1670,152180130,2017-05-18,0.66,0.5068176023684519,15,194
1671,152180130,2017-05-28,0.49,0.3987761199573678,15,192
1672,152180130,2017-07-10,0.66,0.5068176023684519,15,196
1673,152180130,2017-07-30,0.18,0.16551443847757338,15,193
1674,152180130,2017-09-28,0.09,0.08617769624105233,15,195
1675,151210100,2017-10-02,0.59,0.46373401623214017,13,134
1676,151210100,2017-10-17,0.28,0.2468600779315258,13,135
1677,152180030,2017-05-18,3.15,1.423108334242607,7,127
1678,152180030,2017-05-28,3.11,1.4134230285081433,7,126
1679,152180030,2017-07-30,5.5,1.8718021769015913,7,125
1680,151220120,2017-10-02,0.32,0.2776317365982795,13,97
1681,152190080,2017-05-18,6.42,2.004179057179289,15,181
1682,152190080,2017-05-28,8.39,2.2396452932201716,15,179
1683,152190080,2017-07-30,2.18,1.1568811967920856,15,180
1684,152190080,2017-09-28,4.27,1.6620303625532709,15,182
1685,154190100,2017-05-01,7.38,2.1258479144939915,16,140
1686,154190100,2017-05-18,2.99,1.3837912309017721,16,142
1687,154190100,2017-05-28,3.34,1.4678743481123135,16,141
1688,154190100,2017-07-30,0.49,0.3987761199573678,16,145
1689,154190100,2017-08-09,0.55,0.4382549309311553,16,144
1690,154190100,2017-08-16,0.48,0.3920420877760237,16,143
1691,154190100,2017-09-30,2.09,1.128171090909654,16,139
1692,152230050,2017-08-30,1.4,0.8754687373538999,15,38
1693,152230050,2017-09-29,0.88,0.6312717768418579,15,39
1694,152230050,2017-10-02,0.77,0.5709795465857378,15,37
1695,149190150,2017-05-28,4.31,1.6695918352538475,10,137
1696,149190150,2017-08-01,2.11,1.1346227261911428,10,136
1697,149190150,2017-08-16,1.96,1.085189268335969,10,138
1698,149190150,2017-10-02,1.33,0.8458682675776092,10,134
1699,149190150,2017-11-04,15.0,2.772588722239781,10,139
1700,154200040,2017-05-28,2.53,1.2612978709452054,16,200
1701,154200040,2017-08-16,0.42,0.35065687161316933,16,199
1702,154200040,2017-09-30,1.01,0.6981347220709844,16,198
1703,152210020,2017-05-18,4.32,1.6714733033535532,13,233
1704,152210020,2017-05-20,5.68,1.8991179875485544,13,234
1705,152210020,2017-05-28,4.3,1.667706820558076,13,230
1706,152210020,2017-08-01,1.44,0.8919980393051105,13,235
1707,152210020,2017-08-16,1.0,0.6931471805599453,13,231
1708,152210020,2017-09-30,4.47,1.6992786164338898,13,227
1709,152210020,2017-10-02,1.81,1.0331844833456545,13,228
1710,152210020,2017-10-17,0.94,0.6626879730752367,13,229
1711,151160100,2017-05-11,11.6,2.533696813957432,5,137
1712,151160100,2017-05-19,10.7,2.4595888418037104,5,135
1713,151160100,2017-05-21,15.1,2.7788192719904172,5,138
1714,151160100,2017-07-30,3.84,1.5769147207285403,5,136
1715,151160100,2017-08-29,3.44,1.4906543764441333,5,139
1716,151160100,2017-10-16,2.74,1.3190856114264407,5,134
1717,153220010,2017-05-18,211.0,5.356586274672012,14,21
1718,153220010,2017-05-20,204.0,5.3230099791384085,14,19
1719,153220010,2017-05-28,188.0,5.241747015059643,14,20
1720,153220010,2017-08-16,37.2,3.6428355156125294,14,18
1721,153220010,2017-10-02,41.9,3.758871825933971,14,17
1722,150150050,2017-05-19,4.9,1.7749523509116738,6,46
1723,150150050,2017-07-30,1.3,0.832909122935104,6,47
1724,150150050,2017-08-29,0.98,0.6830968447064438,6,48
1725,150150050,2017-09-28,2.11,1.1346227261911428,6,50
1726,150150050,2017-10-01,0.71,0.5364933705145685,6,49
1727,150150050,2017-10-16,0.79,0.5822156198526637,6,45
1728,154160100,2017-05-01,1.56,0.9400072584914712,8,143
1729,154160100,2017-05-19,0.86,0.6205764877251099,8,142
1730,154160100,2017-09-11,0.29,0.2546422183735807,8,144
1731,154160100,2017-09-28,1.34,0.8501509293696101,8,145
1732,154160100,2017-10-01,0.84,0.6097655716208943,8,140
1733,154160100,2017-10-16,0.32,0.2776317365982795,8,141
1734,150150060,2017-05-11,14.2,2.7212954278522306,6,5
1735,150150060,2017-05-19,9.4,2.341805806147327,6,0
1736,150150060,2017-05-21,23.7,3.2068032436339315,6,1
1737,150150060,2017-07-30,7.4,2.128231705849268,6,4
1738,150150060,2017-08-29,3.2,1.4350845252893227,5,249
1739,150150060,2017-09-28,12.2,2.580216829592325,6,3
1740,150150060,2017-10-01,6.0,1.9459101490553132,6,2
1741,150150060,2017-10-16,9.3,2.33214389523559,5,248
1742,153160180,2017-05-19,32.9,3.5234150143864045,7,194
1743,153160180,2017-07-30,21.5,3.1135153092103742,7,191
1744,153160180,2017-10-01,28.6,3.3877743613300146,7,192
1745,153160180,2017-10-16,24.5,3.2386784521643803,7,193
1746,150200080,2017-08-01,16.6,2.8678989020441064,11,138
1747,150200080,2017-08-11,13.5,2.6741486494265287,11,137
1748,150200080,2017-11-04,8.23,2.222459048514761,11,136
1749,153210190,2017-05-20,26.9,3.32862668882732,14,157
1750,153210190,2017-08-16,21.1,3.0955776085237074,14,156
1751,153210190,2017-10-02,13.7,2.6878474937846906,14,155
1752,151180020,2017-05-28,12.8,2.624668592163159,7,35
1753,151180020,2017-07-30,5.47,1.8671761085128091,7,36
1754,150190190,2017-05-28,0.83,0.6043159668533296,10,15
1755,150190190,2017-06-09,1.07,0.7275486072772778,10,12
1756,150190190,2017-08-01,0.47,0.3852624007906449,10,13
1757,150190190,2017-08-16,0.28,0.2468600779315258,10,16
1758,150190190,2017-10-02,0.18,0.16551443847757338,10,11
1759,152230040,2017-09-19,5.67,1.8976198599275325,13,249
1760,152230040,2017-09-29,5.63,1.891604804197771,13,247
1761,152230040,2017-10-02,5.1,1.8082887711792655,13,245
1762,151180140,2017-05-18,16.1,2.8390784635086144,6,242
1763,151180140,2017-05-28,15.4,2.797281334830153,6,244
1764,151180140,2017-07-30,8.95,2.2975725511705014,6,243
1765,151180140,2017-09-28,7.06,2.086913556518537,6,245
1766,149180230,2017-05-28,0.82,0.598836501088704,9,224
1767,149180230,2017-08-01,0.34,0.29266961396282,9,225
1768,149180230,2017-08-16,0.24,0.2151113796169455,9,223
1769,154170130,2017-05-01,0.88,0.6312717768418579,9,10
1770,154170130,2017-05-19,1.3,0.832909122935104,9,8
1771,154170130,2017-08-29,0.68,0.5187937934151676,9,9
1772,154170130,2017-09-11,0.83,0.6043159668533296,9,11
1773,154170130,2017-09-28,0.92,0.6523251860396903,9,12
1774,154170130,2017-10-01,0.8,0.5877866649021191,9,6
1775,154170130,2017-10-16,0.74,0.5538851132264376,9,7
1776,149220140,2017-07-04,0.71,0.5364933705145685,12,58
1777,149220140,2017-07-31,0.97,0.6780335427498971,12,54
1778,149220140,2017-08-30,0.7,0.5306282510621704,12,55
1779,149220140,2017-10-02,0.31,0.27002713721306015,12,56
1780,149220140,2017-11-06,0.75,0.5596157879354227,12,57
1781,150210100,2017-08-03,4.17,1.6428726885203377,11,177
1782,150210100,2017-10-17,1.7,0.9932517730102834,11,176
1783,152140130,2017-05-11,331.0,5.805134968916488,4,41
1784,152140130,2017-05-19,244.0,5.501258210544727,4,43
1785,152140130,2017-07-30,164.0,5.10594547390058,4,42
1786,152140130,2017-08-29,104.0,4.653960350157523,4,40
1787,152140130,2017-10-16,139.0,4.941642422609304,4,39
1788,150200100,2017-05-28,156.0,5.056245805348308,9,115
1789,150200100,2017-08-01,88.8,4.497584975308154,9,118
1790,150200100,2017-08-11,55.0,4.02535169073515,9,119
1791,150200100,2017-10-02,39.1,3.6913763343125234,9,116
1792,150200100,2017-11-04,58.7,4.089332020398556,9,114
1793,150190150,2017-05-28,3.08,1.4060969884160703,6,173
1794,150190150,2017-08-01,1.69,0.9895411936137477,6,172
1795,150140010,2017-05-19,9.8,2.379546134130174,6,117
1796,150140010,2017-08-29,6.19,1.9726911717329554,6,118
1797,149200010,2017-05-28,0.72,0.5423242908253616,11,94
1798,149200010,2017-10-02,1.07,0.7275486072772778,11,93
1799,152230020,2017-08-30,3.2,1.4350845252893227,15,32
1800,152230020,2017-09-29,2.0,1.0986122886681096,15,33
1801,152230020,2017-10-02,1.81,1.0331844833456545,15,31
1802,152180060,2017-05-28,1.01,0.6981347220709844,7,16
1803,152180060,2017-07-30,0.31,0.27002713721306015,7,15
1804,154230010,2017-05-25,2.45,1.2383742310432684,16,246
1805,154230010,2017-05-28,2.28,1.1878434223960523,16,245
1806,154230010,2017-09-30,0.85,0.6151856390902335,16,244
1807,154230010,2017-10-02,0.85,0.6151856390902335,16,247
1808,152160140,2017-07-30,69.9,4.2612704335380815,6,204
1809,152160140,2017-10-16,75.3,4.334672938290411,6,203
1810,154210020,2017-05-20,23.7,3.2068032436339315,16,204
1811,154210020,2017-05-25,28.2,3.374168709274236,16,206
1812,154210020,2017-05-28,20.7,3.077312260546414,16,203
1813,154210020,2017-06-14,14.0,2.70805020110221,16,202
1814,154210020,2017-08-16,2.02,1.1052568313867783,16,205
1815,154210020,2017-09-30,2.85,1.3480731482996928,16,201
1816,154210020,2017-10-02,2.64,1.2919836816486494,16,207
1817,153220080,2017-05-20,23.4,3.1945831322991562,14,135
1818,153220080,2017-05-25,22.9,3.173878458937465,14,137
1819,153220080,2017-05-28,21.9,3.131136910560194,14,136
1820,153220080,2017-08-16,3.91,1.5912739418064292,14,134
1821,153220080,2017-10-02,4.56,1.715598108262491,14,133
1822,149200170,2017-08-01,15.3,2.791165107812717,11,4
1823,149200170,2017-08-11,7.94,2.190535589185423,11,3
1824,149200170,2017-11-04,10.1,2.4069451083182885,11,2
1825,150170110,2017-05-28,0.96,0.6729444732424258,4,166
1826,150170110,2017-08-01,0.72,0.5423242908253616,4,167
1827,154180260,2017-05-01,2.28,1.1878434223960523,16,129
1828,154180270,2017-05-01,7.7,2.1633230256605382,16,127
1829,154180260,2017-05-28,0.07,0.06765864847381481,16,128
1830,154180270,2017-05-28,6.59,2.0268315914075385,16,126
1831,152170040,2017-05-19,5.2,1.8245492920510458,7,79
1832,152170040,2017-07-30,2.39,1.220829921392359,7,78
1833,152170040,2017-08-29,1.48,0.9082585601768908,7,82
1834,152170040,2017-09-11,1.82,1.0367368849500223,7,81
1835,152170040,2017-09-28,2.32,1.199964782928397,7,80
1836,152170040,2017-10-01,2.11,1.1346227261911428,7,76
1837,152170040,2017-10-16,3.92,1.5933085305042167,7,77
1838,154210080,2017-05-25,6.49,2.0135687975291283,16,222
1839,154210080,2017-05-28,6.22,1.9768549529047348,16,220
1840,154210080,2017-08-16,4.91,1.776645831418007,16,218
1841,154210080,2017-09-30,2.51,1.2556160374777745,16,219
1842,154210080,2017-10-02,2.65,1.2947271675944,16,221
1843,153220140,2017-05-20,26.1,3.299533727885655,14,142
1844,153220140,2017-05-25,27.4,3.3463891451671604,14,143
1845,153220140,2017-05-28,25.5,3.2771447329921766,14,140
1846,153220140,2017-08-16,4.99,1.790091412127358,14,141
1847,153220140,2017-10-02,5.87,1.927164106234258,14,139
1848,150190120,2017-05-28,5.67,1.8976198599275325,10,17
1849,150190120,2017-08-01,1.23,0.8020015854720274,10,18
1850,150190120,2017-08-16,1.1,0.7419373447293773,10,20
1851,151190090,2017-05-18,12.3,2.5877640352277083,13,151
1852,151190090,2017-05-28,15.3,2.791165107812717,13,149
1853,151190090,2017-08-01,11.7,2.5416019934645457,13,148
1854,151190090,2017-08-16,7.81,2.175887439948088,13,150
1855,149220190,2017-05-20,95.4,4.5685062016165,12,10
1856,149220190,2017-08-30,40.2,3.7184382563554808,12,11
1857,149220190,2017-09-09,68.6,4.242764567340374,12,7
1858,149220190,2017-10-02,19.3,3.0106208860477417,12,8
1859,149220190,2017-10-17,21.9,3.131136910560194,12,9
1860,151140030,2017-05-01,1.89,1.0612565021243408,6,158
1861,151140030,2017-05-11,1.92,1.0715836162801904,6,155
1862,151140030,2017-05-19,1.69,0.9895411936137477,6,156
1863,151140030,2017-07-30,0.17,0.15700374880966475,6,157
1864,151140030,2017-09-28,0.38,0.32208349916911333,6,159
1865,151140030,2017-10-16,0.19,0.173953307123438,6,153
1866,151140030,2017-11-27,0.61,0.4762341789963716,6,160
1867,151140040,2017-05-01,37.9,3.6609942506244004,6,127
1868,151140040,2017-05-11,41.3,3.744787086052232,6,128
1869,151140040,2017-05-19,30.5,3.449987545831587,6,125
1870,151140040,2017-07-30,10.3,2.424802725718295,6,124
1871,151140040,2017-08-29,8.65,2.2669579153508947,6,126
1872,151140040,2017-09-28,43.8,3.8022081394209395,6,129
1873,151140040,2017-10-16,10.8,2.468099531471619,6,123
1874,149180220,2017-05-28,1.65,0.9745596399981308,9,243
1875,149180220,2017-08-01,0.37,0.31481073984003355,9,242
1876,153210170,2017-05-20,32.2,3.502549875922443,14,161
1877,153210170,2017-05-28,31.2,3.4719664525503626,14,159
1878,153210170,2017-08-16,23.2,3.186352633162641,14,160
1879,153210170,2017-10-02,16.9,2.884800712846709,14,158
1880,151220140,2017-08-30,0.24,0.2151113796169455,13,78
1881,151220140,2017-09-09,0.23,0.20701416938432615,13,80
1882,151220140,2017-09-29,0.41,0.3435897043900769,13,81
1883,151220140,2017-10-02,0.23,0.20701416938432615,13,79
1884,149210150,2017-07-31,5.97,1.9416152247724325,12,144
1885,149210150,2017-08-03,0.9,0.6418538861723948,12,148
1886,149210150,2017-08-30,0.89,0.636576829071551,12,145
1887,149210150,2017-09-29,0.69,0.5247285289349821,12,146
1888,149210150,2017-10-02,0.44,0.36464311358790924,12,143
1889,149210150,2017-10-19,0.59,0.46373401623214017,12,147
1890,151210190,2017-10-02,186.0,5.231108616854587,9,145
1891,151210190,2017-10-17,163.0,5.099866427824199,9,146
1892,150210130,2017-08-03,15.8,2.8213788864092133,11,199
1893,150210130,2017-10-02,10.5,2.4423470353692043,11,198
1894,150210130,2017-10-17,7.96,2.192770226986839,11,197
1895,150190170,2017-05-28,46.8,3.86702563949741,9,93
1896,150190170,2017-08-01,21.5,3.1135153092103742,9,97
1897,150190170,2017-08-08,21.5,3.1135153092103742,9,94
1898,150190170,2017-08-16,19.9,3.039749158970765,9,96
1899,150190170,2017-10-02,17.4,2.91235066461494,9,92
1900,150180170,2017-05-28,0.64,0.49469624183610705,4,147
1901,150180170,2017-08-01,0.4,0.33647223662121295,4,149
1902,150180170,2017-08-16,0.42,0.35065687161316933,4,148
1903,152170080,2017-05-28,64.8,4.186619838331271,6,198
1904,152170080,2017-07-30,47.3,3.877431560658527,6,197
1905,149190340,2017-05-28,0.89,0.636576829071551,10,223
1906,149190340,2017-08-01,0.43,0.3576744442718159,10,224
1907,149190340,2017-08-11,0.55,0.4382549309311553,10,225
1908,149190340,2017-10-02,0.89,0.636576829071551,10,227
1909,149190340,2017-11-04,1.95,1.0818051703517284,10,228
1910,150180060,2017-05-01,70.9,4.275276264727001,4,18
1911,150180060,2017-05-11,69.4,4.254193263163997,4,17
1912,150180060,2017-05-28,70.4,4.268297869345539,4,13
1913,150180060,2017-06-20,69.4,4.254193263163997,4,11
1914,150180060,2017-07-30,33.6,3.543853682063679,4,14
1915,150180060,2017-08-01,49.2,3.9160150266976834,4,15
1916,150180060,2017-08-16,25.0,3.258096538021482,4,12
1917,150170180,2017-05-11,2.33,1.2029723039923526,4,165
1918,150170180,2017-05-18,1.67,0.9820784724121581,4,164
1919,150170180,2017-05-28,2.96,1.3762440252663892,4,159
1920,150170180,2017-06-20,3.49,1.501852701754163,4,162
1921,150170180,2017-07-30,2.9,1.3609765531356006,4,161
1922,150170180,2017-08-01,1.61,0.9593502213346021,4,160
1923,150170180,2017-08-29,0.94,0.6626879730752367,4,163
1924,153220240,2017-05-28,4.9,1.7749523509116738,14,97
1925,153220240,2017-08-16,2.44,1.235471471385307,14,96
1926,153220240,2017-10-02,1.94,1.0784095813505903,14,98
1927,150190080,2017-05-28,7.19,2.102913897864978,10,28
1928,150190080,2017-08-01,2.85,1.3480731482996928,10,31
1929,150190080,2017-08-08,2.75,1.3217558399823195,10,29
1930,150190080,2017-10-02,1.51,0.9202827531436926,10,27
1931,150210210,2017-05-20,181.0,5.204006687076795,12,46
1932,150210210,2017-06-01,148.0,5.003946305945459,12,43
1933,150210210,2017-06-21,131.0,4.882801922586371,12,42
1934,150210210,2017-08-30,82.1,4.420044701861403,12,45
1935,150210210,2017-09-09,93.8,4.551769409260976,12,44
1936,150210210,2017-09-29,52.3,3.975936331171799,12,48
1937,150210210,2017-10-02,42.7,3.7773481021015445,12,47
1938,149190270,2017-05-28,2.85,1.3480731482996928,10,209
1939,149190270,2017-08-01,1.47,0.9042181506398859,10,205
1940,149190270,2017-08-11,1.07,0.7275486072772778,10,206
1941,149190270,2017-10-02,0.32,0.2776317365982795,10,210
1942,149190270,2017-11-04,2.4,1.2237754316221157,10,207
1943,149190050,2017-05-28,2.22,1.169381359556317,10,91
1944,149190050,2017-08-01,1.38,0.8671004876833832,10,90
1945,149190050,2017-08-03,1.16,0.7701082216960736,10,92
1946,149190050,2017-08-08,1.4,0.8754687373538999,10,88
1947,149190050,2017-08-16,1.65,0.9745596399981308,10,94
1948,149190050,2017-10-02,0.98,0.6830968447064438,10,87
1949,149190050,2017-11-04,2.44,1.235471471385307,10,93
1950,153220200,2017-05-25,7.84,2.179286876649552,14,122
1951,153220200,2017-10-02,0.87,0.6259384308664953,14,123
1952,150210010,2017-05-18,0.96,0.6729444732424258,11,173
1953,150210010,2017-05-20,1.14,0.76080582903376,11,172
1954,150210010,2017-05-28,1.04,0.712949807856125,11,174
1955,150210010,2017-08-01,0.59,0.46373401623214017,11,169
1956,150210010,2017-08-16,0.51,0.412109650826833,11,171
1957,153150050,2017-05-19,9.0,2.302585092994046,8,60
1958,153150050,2017-10-01,12.5,2.6026896854443837,8,59
1959,153150050,2017-10-16,7.98,2.194999882314108,8,58
1960,151140050,2017-05-11,6.38,1.998773638612381,6,149
1961,151140050,2017-05-19,6.69,2.0399207835175526,6,147
1962,151140050,2017-06-20,4.95,1.7833912195575383,6,148
1963,151140050,2017-07-30,1.22,0.7975071958841881,6,150
1964,151140050,2017-08-29,0.88,0.6312717768418579,6,146
1965,153190120,2017-05-01,19.1,3.0007198150650303,15,215
1966,153190120,2017-05-18,16.0,2.833213344056216,15,216
1967,153190120,2017-05-28,15.8,2.8213788864092133,15,213
1968,153190120,2017-07-30,6.71,2.0425181875752383,15,212
1969,153190120,2017-08-09,6.16,1.9685099809725544,15,214
1970,153190120,2017-08-29,4.14,1.6370530794670737,15,217
1971,153190120,2017-09-30,5.12,1.8115620965242347,15,211
1972,151210060,2017-05-18,12.2,2.580216829592325,13,122
1973,151210060,2017-05-28,9.62,2.362739015813793,13,121
1974,151210060,2017-07-27,5.43,1.860974538249528,13,123
1975,151210060,2017-08-01,4.44,1.6937790608678513,13,119
1976,151210060,2017-08-16,3.22,1.4398351280479205,13,118
1977,151210060,2017-09-30,3.43,1.4883995840570443,13,115
1978,151210060,2017-10-02,3.11,1.4134230285081433,13,116
1979,151210060,2017-10-17,2.31,1.1969481893889715,13,117
1980,151180170,2017-05-18,8.65,2.2669579153508947,6,241
1981,151180170,2017-05-28,8.32,2.2321626286975,6,240
1982,153180150,2017-05-01,6.1,1.9600947840472698,16,72
1983,153180150,2017-05-18,7.57,2.1482677326096886,16,70
1984,153180150,2017-05-28,6.84,2.0592388343623163,16,69
1985,153180150,2017-07-30,3.18,1.430311246536665,16,71
1986,153180150,2017-09-28,2.14,1.144222799920162,16,73
1987,149210010,2017-08-03,2.33,1.2029723039923526,11,203
1988,149210010,2017-10-02,2.71,1.3110318766193438,11,201
1989,149210010,2017-10-17,2.13,1.1410330045520618,11,202
1990,151230020,2017-08-30,0.19,0.173953307123438,15,41
1991,151230020,2017-09-29,0.05,0.04879016416943201,15,42
1992,151230020,2017-10-02,0.05,0.04879016416943201,15,40
1993,151230050,2017-08-30,0.36,0.3074846997479606,15,24
1994,151230050,2017-09-09,0.35,0.30010459245033805,15,25
1995,151230050,2017-09-29,0.55,0.4382549309311553,15,26
1996,151230050,2017-10-02,0.43,0.3576744442718159,15,23
1997,150220020,2017-05-20,5.84,1.922787731634459,12,231
1998,150220020,2017-06-01,3.43,1.4883995840570443,12,233
1999,150220020,2017-06-21,2.11,1.1346227261911428,12,232
2000,150220020,2017-08-30,0.95,0.6678293725756554,12,230
2001,150220020,2017-09-09,1.06,0.7227059828014898,12,234
2002,150220020,2017-09-29,1.07,0.7275486072772778,12,236
2003,150220020,2017-10-02,0.92,0.6523251860396903,12,235
2004,150180110,2017-05-28,2.54,1.264126727145683,4,112
2005,150180110,2017-08-01,0.96,0.6729444732424258,4,111
2006,150180110,2017-08-16,1.07,0.7275486072772778,4,114
2007,150180110,2017-11-04,1.27,0.8197798314933114,4,115
2008,149190160,2017-05-28,1.22,0.7975071958841881,10,202
2009,149190160,2017-08-01,0.76,0.5653138090500605,10,204
2010,149190160,2017-08-16,0.07,0.06765864847381481,10,201
2011,149190160,2017-10-02,0.06,0.058268908123975775,10,200
2012,150180140,2017-05-28,0.5,0.4054651081081644,4,116
2013,150180140,2017-08-01,0.35,0.30010459245033805,4,117
2014,150180280,2017-05-28,0.45,0.37156355643248307,4,102
2015,150180280,2017-08-01,0.26,0.23111172096338664,4,104
2016,150180280,2017-08-16,0.35,0.30010459245033805,4,105
2017,150180280,2017-11-04,0.32,0.2776317365982795,4,106
2018,150180130,2017-05-28,0.99,0.688134638736401,4,107
2019,150180130,2017-08-01,1.09,0.7371640659767197,4,109
2020,150180130,2017-08-16,1.09,0.7371640659767197,4,110
2021,149220160,2017-05-20,2.37,1.2149127443642704,12,102
2022,149220160,2017-07-31,0.79,0.5822156198526637,12,100
2023,149220160,2017-08-30,0.62,0.4824261492442927,12,101
2024,149220160,2017-09-09,0.6,0.4700036292457356,12,97
2025,149220160,2017-09-29,0.27,0.23901690047049992,12,103
2026,149220160,2017-10-02,0.25,0.22314355131420976,12,98
2027,149220160,2017-10-17,0.13,0.12221763272424921,12,99
2028,149220160,2017-10-19,0.14,0.1310282624064041,12,104
2029,152160120,2017-05-19,1.25,0.8109302162163288,7,89
2030,152160120,2017-07-30,0.34,0.29266961396282,7,90
2031,152160120,2017-08-29,0.2,0.18232155679395462,7,91
2032,152160120,2017-09-11,0.52,0.41871033485818504,7,92
2033,152160120,2017-10-01,2.06,1.1184149159642893,7,87
2034,152160120,2017-10-16,1.85,1.0473189942805592,7,88
2035,153190060,2017-05-18,0.54,0.43178241642553783,16,13
2036,153190060,2017-05-28,0.62,0.4824261492442927,16,12
2037,153190060,2017-07-30,0.24,0.2151113796169455,16,11
2038,150210040,2017-05-18,0.63,0.48858001481867097,13,18
2039,150210040,2017-05-20,0.71,0.5364933705145685,13,16
2040,150210040,2017-05-28,0.45,0.37156355643248307,13,17
2041,150210040,2017-08-01,0.17,0.15700374880966475,13,13
2042,150210040,2017-08-16,0.12,0.11332868530700317,13,14
2043,150210040,2017-10-02,0.09,0.08617769624105233,13,19
2044,150220010,2017-08-30,5.17,1.8196988379172965,12,166
2045,150220010,2017-09-09,7.78,2.172476407647025,12,165
2046,150220010,2017-10-17,2.86,1.3506671834767394,12,167
2047,150220070,2017-05-20,161.0,5.087596335232384,12,31
2048,150220070,2017-06-01,133.0,4.897839799950911,12,29
2049,150220070,2017-07-31,82.0,4.418840607796598,12,28
2050,150220070,2017-08-03,84.3,4.446174454497633,12,33
2051,150220070,2017-08-30,62.4,4.14946386144318,12,30
2052,150220070,2017-09-09,87.3,4.480740107609915,12,25
2053,150220070,2017-09-29,45.1,3.8308129500026027,12,32
2054,150220070,2017-10-02,31.3,3.475067230228611,12,26
2055,150220070,2017-10-17,35.7,3.6027767550605247,12,27
2056,151160020,2017-05-11,3.62,1.5303947050936475,5,122
2057,151160020,2017-05-19,2.95,1.3737155789130306,5,120
2058,151160020,2017-05-21,3.67,1.541159071680806,5,125
2059,151160020,2017-07-30,1.09,0.7371640659767197,5,123
2060,151160020,2017-08-29,1.24,0.8064758658669485,5,124
2061,151160020,2017-10-01,0.8,0.5877866649021191,5,126
2062,151160020,2017-10-16,0.88,0.6312717768418579,5,121
2063,152170120,2017-05-28,1.86,1.0508216248317612,7,21
2064,152170120,2017-07-30,0.26,0.23111172096338664,7,20
2065,152170120,2017-09-28,0.98,0.6830968447064438,7,22
2066,153190140,2017-05-01,11.1,2.4932054526026954,15,209
2067,153190140,2017-05-18,11.2,2.501435951739211,15,208
2068,153190140,2017-05-28,10.2,2.4159137783010487,15,207
2069,153190140,2017-07-30,4.54,1.7119945007591926,15,206
2070,153190140,2017-08-29,3.33,1.4655675420143985,15,210
2071,153190140,2017-09-30,2.35,1.208960345836975,15,205
2072,150210170,2017-05-20,273.0,5.6131281063880705,9,137
2073,152200060,2017-05-18,4.83,1.763017000362401,15,114
2074,152200060,2017-05-20,4.83,1.763017000362401,15,111
2075,152200060,2017-05-28,4.2,1.6486586255873816,15,112
2076,152200060,2017-08-16,0.29,0.2546422183735807,15,113
2077,152200060,2017-09-30,0.43,0.3576744442718159,15,109
2078,152200060,2017-10-02,0.38,0.32208349916911333,15,110
2079,153200050,2017-05-18,1.27,0.8197798314933114,15,97
2080,153200050,2017-05-28,1.15,0.7654678421395714,15,95
2081,153200050,2017-08-16,0.5,0.4054651081081644,15,98
2082,153200050,2017-09-30,0.57,0.4510756193602167,15,96
2083,154180010,2017-05-01,1.41,0.8796267475025636,16,80
2084,154180010,2017-07-30,0.67,0.5128236264286637,16,81
2085,154180010,2017-08-09,0.61,0.4762341789963716,16,82
2086,154180010,2017-08-29,0.6,0.4700036292457356,16,83
2087,154180010,2017-09-28,1.11,0.7466879474879752,16,79
2088,154180010,2017-11-07,1.34,0.8501509293696101,16,84
2089,150220040,2017-06-01,1.1,0.7419373447293773,12,209
2090,150220040,2017-07-31,0.85,0.6151856390902335,12,210
2091,150220040,2017-08-03,0.7,0.5306282510621704,12,211
2092,150220040,2017-08-30,0.34,0.29266961396282,12,208
2093,150220040,2017-09-09,0.31,0.27002713721306015,12,206
2094,150220040,2017-10-17,0.21,0.1906203596086497,12,207
2095,152140110,2017-05-19,1.78,1.0224509277025458,6,162
2096,152140110,2017-10-16,1.62,0.9631743177730056,6,161
2097,154210010,2017-05-20,41.4,3.747148362237912,16,192
2098,154210010,2017-05-25,44.6,3.8199077165203406,16,193
2099,154210010,2017-05-28,39.0,3.6888794541139363,16,191
2100,154210010,2017-06-14,33.4,3.5380565643793527,16,195
2101,154210010,2017-07-07,29.0,3.4011973816621555,16,196
2102,154210010,2017-08-16,12.4,2.5952547069568657,16,194
2103,154210010,2017-09-30,15.1,2.7788192719904172,16,190
2104,154210010,2017-10-02,14.2,2.7212954278522306,16,197
2105,154160040,2017-05-01,1.18,0.7793248768009976,8,107
2106,154160040,2017-05-19,1.25,0.8109302162163288,8,105
2107,154160040,2017-05-26,1.08,0.7323678937132266,8,104
2108,154160040,2017-08-29,0.93,0.6575200029167942,8,106
2109,154160040,2017-10-01,0.9,0.6418538861723948,8,102
2110,154160040,2017-10-16,0.78,0.5766133643039938,8,103
2111,151220110,2017-06-21,4.85,1.766441661243765,13,90
2112,151220110,2017-07-31,1.91,1.068153081183401,13,89
2113,151220110,2017-08-30,1.18,0.7793248768009976,13,91
2114,151220110,2017-10-02,1.46,0.9001613499442714,13,88
2115,149210160,2017-06-21,4.2,1.6486586255873816,12,153
2116,149210160,2017-07-31,9.25,2.327277705584417,12,150
2117,149210160,2017-08-30,0.45,0.37156355643248307,12,151
2118,149210160,2017-09-29,0.54,0.43178241642553783,12,152
2119,149210160,2017-10-02,0.45,0.37156355643248307,12,149
2120,150140020,2017-05-19,18.7,2.9806186357439426,6,119
2121,150140020,2017-08-29,13.7,2.6878474937846906,6,120
2122,151180080,2017-05-28,54.6,4.018183201256536,6,187
2123,151180080,2017-07-30,34.1,3.55820113047182,6,186
2124,150200060,2017-05-28,128.0,4.859812404361672,9,110
2125,150200060,2017-08-01,68.5,4.241326752570746,9,112
2126,150200060,2017-08-11,43.2,3.7887247890836524,9,113
2127,150200060,2017-11-04,49.4,3.919991175077323,9,109
2128,152190110,2017-07-30,0.31,0.27002713721306015,15,184
2129,152190110,2017-09-30,0.89,0.636576829071551,15,183
2130,154170030,2017-05-01,3.2,1.4350845252893227,8,187
2131,154170030,2017-05-19,2.97,1.3787660946990992,8,186
2132,154170030,2017-08-29,1.98,1.091923300517313,8,191
2133,154170030,2017-09-11,2.96,1.3762440252663892,8,189
2134,154170030,2017-09-28,4.03,1.6154199841116479,8,188
2135,154170030,2017-10-01,2.51,1.2556160374777745,8,184
2136,154170030,2017-10-16,2.24,1.1755733298042381,8,185
2137,154170030,2017-11-07,4.21,1.6505798557652755,8,190
2138,149190220,2017-05-28,2.6,1.2809338454620645,10,195
2139,149190220,2017-08-01,1.83,1.0402767116551463,10,190
2140,149190220,2017-08-11,1.62,0.9631743177730056,10,191
2141,149190220,2017-10-02,1.16,0.7701082216960736,10,193
2142,149190220,2017-11-04,8.48,2.2491843162669305,10,194
2143,149180100,2017-05-28,7.19,2.102913897864978,9,74
2144,149180100,2017-08-01,1.47,0.9042181506398859,9,75
2145,150170140,2017-05-28,17.6,2.9231615807191558,4,235
2146,150170140,2017-07-30,24.6,3.242592351485517,4,237
2147,150170140,2017-08-01,24.8,3.250374491927572,4,236
2148,152150110,2017-05-19,191.0,5.2574953720277815,6,220
2149,152150110,2017-07-30,89.0,4.499809670330265,6,219
2150,152150110,2017-10-01,105.0,4.663439094112067,6,217
2151,152150110,2017-10-16,111.0,4.718498871295094,6,218
2152,150190250,2017-05-28,3.4,1.4816045409242156,10,75
2153,150190250,2017-08-01,3.24,1.4445632692438664,10,74
2154,150190250,2017-10-02,3.1,1.410986973710262,10,73
2155,152180050,2017-05-18,79.9,4.393213824064446,6,195
2156,152180050,2017-05-28,58.5,4.085976312551584,6,194
2157,152180050,2017-07-30,45.3,3.835141961092188,6,193
2158,152180050,2017-09-28,32.6,3.5145260669691587,6,196
2159,150200090,2017-05-18,1.74,1.007957920399979,11,158
2160,150200090,2017-05-28,1.34,0.8501509293696101,11,157
2161,150200090,2017-08-01,0.92,0.6523251860396903,11,155
2162,150200090,2017-08-16,0.87,0.6259384308664953,11,156
2163,151200110,2017-05-18,6.19,1.9726911717329554,13,114
2164,151200110,2017-05-20,6.63,2.0320878452963655,13,112
2165,151200110,2017-05-28,4.08,1.6253112615903906,13,111
2166,151200110,2017-08-16,2.08,1.1249295969854831,13,113
2167,151200110,2017-09-30,0.57,0.4510756193602167,13,108
2168,151200110,2017-10-02,0.55,0.4382549309311553,13,109
2169,151200110,2017-10-17,0.53,0.4252677354043441,13,110
2170,152140050,2017-10-16,155.0,5.049856007249537,4,44
2171,154170010,2017-05-19,16.8,2.8791984572980396,8,174
2172,154170010,2017-10-01,17.7,2.928523523860541,8,175
2173,154170010,2017-10-16,11.2,2.501435951739211,8,176
2174,154200030,2017-05-18,21.9,3.131136910560194,16,188
2175,154200030,2017-05-28,22.9,3.173878458937465,16,189
2176,154200030,2017-08-16,6.9,2.066862759472976,16,187
2177,154200030,2017-09-30,8.49,2.2502386126218363,16,186
2178,150190260,2017-05-28,81.7,4.415219602029645,9,100
2179,150190260,2017-08-01,50.6,3.9435216724875173,9,101
2180,150190260,2017-08-16,27.7,3.3568971227655755,9,99
2181,150190260,2017-10-02,31.2,3.4719664525503626,9,98
2182,152150170,2017-05-11,6.39,2.0001277349601105,5,209
2183,152150170,2017-05-19,6.32,1.9906103279732201,5,206
2184,152150170,2017-07-30,2.49,1.2499017362143359,5,207
2185,152150170,2017-10-01,8.38,2.238579763018133,5,208
2186,152150170,2017-10-16,6.59,2.0268315914075385,5,205
2187,154170060,2017-05-01,10.0,2.3978952727983707,8,232
2188,154170060,2017-05-19,8.7,2.272125885509337,8,229
2189,154170060,2017-08-29,6.9,2.066862759472976,8,233
2190,154170060,2017-09-11,7.97,2.1938856760707046,8,234
2191,154170060,2017-09-28,9.44,2.3456445824544927,8,235
2192,154170060,2017-10-01,8.01,2.1983350716202463,8,230
2193,154170060,2017-10-16,7.64,2.1564025828159643,8,231
2194,153170140,2017-05-18,19.5,3.0204248861443626,16,29
2195,153170140,2017-05-28,32.4,3.5085558999826545,16,28
2196,153170140,2017-07-30,23.5,3.1986731175506815,16,27
2197,153170140,2017-09-28,26.5,3.3141860046725258,16,30
2198,151220100,2017-08-30,5.75,1.9095425048844383,13,86
2199,151220100,2017-09-09,4.37,1.6808279085207734,13,87
2200,151220100,2017-10-02,4.15,1.6389967146756448,13,85
2201,153230080,2017-05-25,1.6,0.9555114450274365,14,73
2202,153230080,2017-08-30,0.54,0.43178241642553783,14,72
2203,153230080,2017-10-02,0.43,0.3576744442718159,14,74
2204,153230140,2017-05-25,4.2,1.6486586255873816,14,70
2205,153230140,2017-08-30,1.27,0.8197798314933114,14,68
2206,153230140,2017-09-19,1.66,0.9783261227936076,14,71
2207,153230140,2017-10-02,1.38,0.8671004876833832,14,69
2208,154170120,2017-05-01,4.0,1.6094379124341003,8,163
2209,154170120,2017-05-19,3.34,1.4678743481123135,8,162
2210,154170120,2017-08-29,2.18,1.1568811967920856,8,166
2211,154170120,2017-09-11,2.91,1.3635373739972745,8,165
2212,154170120,2017-09-28,4.11,1.631199404215613,8,164
2213,154170120,2017-10-01,3.61,1.5282278570085572,8,160
2214,154170120,2017-10-16,2.85,1.3480731482996928,8,161
2215,154170120,2017-11-07,4.49,1.7029282555214393,8,167
2216,151200020,2017-05-18,49.0,3.912023005428146,13,162
2217,151200020,2017-05-20,51.8,3.966511190712216,13,161
2218,151200020,2017-05-25,51.9,3.9684033388642534,13,163
2219,151200020,2017-05-28,51.0,3.9512437185814275,13,159
2220,151200020,2017-08-16,14.2,2.7212954278522306,13,160
2221,151200020,2017-09-30,13.3,2.6602595372658615,13,156
2222,151200020,2017-10-02,13.0,2.639057329615259,13,157
2223,151200020,2017-10-17,13.1,2.6461747973841225,13,158
2224,153210050,2017-05-20,4.9,1.7749523509116738,14,170
2225,153210050,2017-05-28,5.1,1.8082887711792655,14,168
2226,153210050,2017-08-16,2.27,1.184789984909162,14,169
2227,153210050,2017-10-02,2.34,1.205970806988609,14,167
2228,149200140,2017-05-28,27.4,3.3463891451671604,11,59
2229,149200140,2017-08-03,27.8,3.3603753871419,11,60
2230,149200140,2017-10-02,14.8,2.760009940032921,11,57
2231,150180100,2017-05-28,7.09,2.0906287310704004,4,190
2232,150180100,2017-06-20,6.74,2.046401687601636,4,192
2233,150180100,2017-07-30,4.4,1.6863989535702286,4,188
2234,150180100,2017-08-01,5.75,1.9095425048844383,4,189
2235,150180100,2017-08-16,3.59,1.5238800240724537,4,191
2236,153160030,2017-05-19,0.65,0.5007752879124893,7,233
2237,153160030,2017-10-01,0.43,0.3576744442718159,7,231
2238,153160030,2017-10-16,0.72,0.5423242908253616,7,232
2239,153160030,2017-11-07,0.94,0.6626879730752367,7,234
2240,153150010,2017-05-19,11.6,2.533696813957432,8,38
2241,153150010,2017-10-01,25.9,3.292126286607793,8,36
2242,153150010,2017-10-16,16.1,2.8390784635086144,8,37
2243,154160070,2017-05-01,33.8,3.5496173867804286,8,127
2244,154160070,2017-05-19,19.2,3.005682604407159,8,126
2245,154160070,2017-05-26,19.2,3.005682604407159,8,123
2246,154160070,2017-05-31,17.8,2.9338568698359033,8,130
2247,154160070,2017-08-29,10.4,2.4336133554004498,8,131
2248,154160070,2017-09-11,11.5,2.5257286443082556,8,128
2249,154160070,2017-09-28,18.0,2.9444389791664403,8,129
2250,154160070,2017-10-01,17.0,2.8903717578961645,8,124
2251,154160070,2017-10-16,10.7,2.4595888418037104,8,125
2252,149200220,2017-08-03,28.7,3.391147045808654,11,118
2253,149200220,2017-10-02,14.0,2.70805020110221,11,117
2254,150210060,2017-05-20,2.18,1.1568811967920856,11,175
2255,154179991,2017-05-01,0.22,0.1988508587451652,16,103
2256,154179991,2017-08-29,0.18,0.16551443847757338,16,104
2257,154179991,2017-09-28,0.2,0.18232155679395462,16,105
2258,154179991,2017-10-16,0.23,0.20701416938432615,16,102
2259,153160080,2017-05-19,0.88,0.6312717768418579,8,74
2260,153160080,2017-08-29,0.33,0.2851789422336624,8,77
2261,153160080,2017-10-01,0.7,0.5306282510621704,8,75
2262,153160080,2017-10-16,0.42,0.35065687161316933,8,76
2263,152200080,2017-05-18,1.8,1.0296194171811583,15,119
2264,152200080,2017-05-20,3.3,1.4586150226995167,15,117
2265,152200080,2017-05-25,2.15,1.1474024528375417,15,121
2266,152200080,2017-05-28,1.5,0.9162907318741551,15,118
2267,152200080,2017-08-16,0.24,0.2151113796169455,15,120
2268,152200080,2017-09-30,0.37,0.31481073984003355,15,115
2269,152200080,2017-10-02,0.23,0.20701416938432615,15,116
2270,149200130,2017-05-28,2.65,1.2947271675944,11,24
2271,149200130,2017-08-01,1.31,0.8372475245337022,11,26
2272,149200130,2017-08-11,1.03,0.708035793053696,11,27
2273,149200130,2017-10-02,0.35,0.30010459245033805,11,28
2274,149200130,2017-11-04,5.05,1.80005827204275,11,23
2275,153220130,2017-05-20,78.3,4.373238128640803,14,12
2276,153220130,2017-05-25,79.6,4.389498649512583,14,13
2277,153220130,2017-10-02,16.4,2.856470206220483,14,11
2278,149190310,2017-05-28,8.36,2.2364452904895007,10,245
2279,149190310,2017-08-01,4.78,1.7544036826842861,10,244
2280,149190310,2017-08-11,5.29,1.8389610707123492,10,242
2281,149190310,2017-10-02,2.58,1.275362800412609,10,246
2282,149190310,2017-11-04,20.0,3.044522437723423,10,241
2283,152210050,2017-05-18,1.39,0.8712933659434192,15,79
2284,152210050,2017-05-20,2.46,1.2412685890696329,15,77
2285,152210050,2017-05-25,1.98,1.091923300517313,15,80
2286,152210050,2017-05-28,1.14,0.76080582903376,15,78
2287,152210050,2017-08-16,0.14,0.1310282624064041,15,76
2288,152210050,2017-10-02,0.44,0.36464311358790924,15,75
2289,150240010,2017-07-21,26.4,3.3105430133940246,14,246
2290,150240010,2017-07-31,33.6,3.543853682063679,14,244
2291,150240010,2017-08-30,12.2,2.580216829592325,14,243
2292,150240010,2017-09-09,13.2,2.653241964607215,14,242
2293,150240010,2017-09-29,10.5,2.4423470353692043,14,245
2294,149220180,2017-07-04,6.96,2.0744289998562917,12,53
2295,149220180,2017-07-31,2.78,1.3297240096314962,12,52
2296,149220180,2017-08-30,1.97,1.0885619528146082,12,51
2297,149220180,2017-10-02,0.75,0.5596157879354227,12,49
2298,149220180,2017-11-06,1.73,1.0043016091968684,12,50
2299,149190200,2017-05-28,2.45,1.2383742310432684,10,198
2300,149190210,2017-05-28,8.29,2.2289385528257473,10,175
2301,149190200,2017-08-01,0.97,0.6780335427498971,10,197
2302,149190210,2017-08-01,4.14,1.6370530794670737,10,173
2303,149190200,2017-10-02,0.27,0.23901690047049992,10,196
2304,149190210,2017-10-02,1.47,0.9042181506398859,10,172
2305,151190100,2017-05-18,21.8,3.126760535960395,13,155
2306,151190100,2017-05-28,27.5,3.349904087274605,13,153
2307,151190100,2017-08-01,19.2,3.005682604407159,13,152
2308,151190100,2017-08-16,13.0,2.639057329615259,13,154
2309,153230110,2017-05-25,13.8,2.6946271807700692,14,62
2310,153230110,2017-08-30,3.72,1.551808799597464,14,61
2311,152220080,2017-05-12,38.3,3.6712245188752153,14,1
2312,152220080,2017-05-25,34.3,3.563882963939251,14,0
2313,152220080,2017-08-30,7.3,2.1162555148025524,14,2
2314,152220080,2017-09-19,6.65,2.0347056478384444,14,4
2315,152220080,2017-09-29,7.21,2.105352923464337,14,3
2316,152220080,2017-10-02,6.16,1.9685099809725544,14,5
2317,150230060,2017-08-30,0.56,0.44468582126144574,13,72
2318,150230060,2017-09-09,0.47,0.3852624007906449,13,73
2319,150230060,2017-09-29,0.43,0.3576744442718159,13,74
2320,150230060,2017-10-02,0.46,0.3784364357202451,13,71
2321,153170060,2017-05-01,10.9,2.4765384001174837,16,21
2322,153170070,2017-05-01,4.97,1.7867469274045107,16,39
2323,153170060,2017-05-19,10.9,2.4765384001174837,16,22
2324,153170070,2017-05-19,4.81,1.75958057086382,16,41
2325,153170060,2017-08-29,8.04,2.201659174404085,16,23
2326,153170070,2017-08-29,3.79,1.5665304114228238,16,38
2327,153170070,2017-09-11,3.88,1.5851452198650557,16,42
2328,153170060,2017-09-28,9.74,2.3739750890807185,16,24
2329,153170070,2017-09-28,5.01,1.7934247485471162,16,40
2330,153170060,2017-10-01,10.2,2.4159137783010487,16,19
2331,153170070,2017-10-01,5.06,1.801709800081223,16,36
2332,153170060,2017-10-16,11.0,2.4849066497880004,16,20
2333,153170070,2017-10-16,4.64,1.7298840655099674,16,37
2334,150190070,2017-05-28,3.38,1.4770487243883548,10,63
2335,150190070,2017-08-01,2.39,1.220829921392359,10,65
2336,150190070,2017-08-08,2.3,1.1939224684724346,10,64
2337,150190070,2017-10-02,1.81,1.0331844833456545,10,62
2338,149200020,2017-05-28,3.05,1.3987168811184478,11,87
2339,149200020,2017-08-03,6.21,1.9754689512968577,11,89
2340,149200020,2017-10-02,3.26,1.449269160281279,11,86
2341,150160110,2017-05-01,4.2,1.6486586255873816,5,22
2342,150160110,2017-05-11,2.38,1.2178757094949273,5,20
2343,150160110,2017-06-20,1.36,0.8586616190375187,5,19
2344,150160110,2017-07-30,1.01,0.6981347220709844,5,21
2345,150160110,2017-08-29,1.98,1.091923300517313,5,23
2346,150160110,2017-09-28,1.89,1.0612565021243408,5,24
2347,152160080,2017-05-19,1.72,1.000631880307906,7,96
2348,152160080,2017-07-30,0.27,0.23901690047049992,7,95
2349,152160080,2017-10-01,2.15,1.1474024528375417,7,93
2350,152160080,2017-10-16,2.86,1.3506671834767394,7,94
2351,149220020,2017-06-21,2.16,1.1505720275988207,12,88
2352,149220020,2017-07-31,7.52,2.1424163408412245,12,87
2353,149220020,2017-08-30,1.68,0.9858167945227653,12,89
2354,149220020,2017-09-29,1.31,0.8372475245337022,12,91
2355,149220020,2017-10-02,0.88,0.6312717768418579,12,86
2356,149220020,2017-10-19,1.02,0.7030975114131134,12,90
2357,149200180,2017-08-03,1.05,0.7178397931503169,11,108
2358,149200180,2017-10-02,1.11,0.7466879474879752,11,107
2359,153220290,2017-10-02,0.67,0.5128236264286637,14,101
2360,153160150,2017-05-19,1.34,0.8501509293696101,7,197
2361,153160150,2017-10-01,1.12,0.7514160886839212,7,195
2362,153160150,2017-10-16,0.86,0.6205764877251099,7,196
2363,151190020,2017-05-28,4.78,1.7544036826842861,6,237
2364,151190020,2017-08-01,3.47,1.4973884086254774,6,238
2365,151190020,2017-08-16,2.77,1.3270750014599193,6,239
2366,150210020,2017-08-03,221.0,5.402677381872279,9,133
2367,150210020,2017-10-02,96.1,4.575741375297279,9,132
2368,150210020,2017-10-17,84.4,4.447346100794524,9,131
2369,153210140,2017-05-18,4.0,1.6094379124341003,14,187
2370,153210140,2017-05-20,5.46,1.8656293177945105,14,191
2371,153210140,2017-05-28,3.75,1.55814461804655,14,188
2372,153210140,2017-07-27,1.21,0.7929925155296614,14,189
2373,153210140,2017-08-16,0.64,0.49469624183610705,14,190
2374,153210140,2017-10-02,0.67,0.5128236264286637,14,186
2375,151150130,2017-05-19,5.49,1.8702625307159986,6,70
2376,151150130,2017-07-30,0.97,0.6780335427498971,6,69
2377,151150130,2017-10-16,1.45,0.8960880245566356,6,68
2378,153200020,2017-05-18,3.45,1.4929040961781488,15,101
2379,153200020,2017-05-28,3.36,1.4724720573609429,15,100
2380,153200020,2017-08-16,0.84,0.6097655716208943,15,102
2381,153200020,2017-09-30,1.63,0.9669838461896731,15,99
2382,153230070,2017-05-25,10.3,2.424802725718295,14,81
2383,153230070,2017-08-30,1.38,0.8671004876833832,14,80
2384,153230070,2017-09-29,2.35,1.208960345836975,14,82
2385,153230070,2017-10-02,2.38,1.2178757094949273,14,83
2386,151160130,2017-05-11,155.0,5.049856007249537,4,24
2387,151160130,2017-05-21,152.0,5.030437921392435,4,23
2388,151160130,2017-07-30,98.5,4.600157644164547,4,22
2389,151160130,2017-08-29,65.2,4.192680462942962,4,25
2390,151160130,2017-10-16,98.9,4.604169685654508,4,21
2391,151160230,2017-05-28,1.43,0.8878912573524571,5,76
2392,151160230,2017-08-01,0.63,0.48858001481867097,5,75
2393,152170010,2017-07-30,59.5,4.102643365036796,6,202
2394,153190010,2017-05-01,1.97,1.0885619528146082,16,78
2395,153190010,2017-05-18,1.78,1.0224509277025458,16,76
2396,153190010,2017-05-28,1.48,0.9082585601768908,16,75
2397,153190010,2017-07-30,1.0,0.6931471805599453,16,74
2398,153190010,2017-09-28,0.77,0.5709795465857378,16,77
2399,151150170,2017-05-11,2.17,1.1537315878891892,5,117
2400,151150170,2017-05-19,1.91,1.068153081183401,5,114
2401,151150170,2017-05-21,2.18,1.1568811967920856,5,116
2402,151150170,2017-07-30,0.53,0.4252677354043441,5,115
2403,151150170,2017-08-29,0.66,0.5068176023684519,5,119
2404,151150170,2017-10-01,0.33,0.2851789422336624,5,118
2405,151150170,2017-10-16,0.42,0.35065687161316933,5,113
2406,153190190,2017-05-01,1.34,0.8501509293696101,16,10
2407,153190190,2017-05-18,1.36,0.8586616190375187,16,9
2408,153190190,2017-05-28,1.34,0.8501509293696101,16,7
2409,153190190,2017-07-30,0.63,0.48858001481867097,16,5
2410,153190190,2017-08-29,0.38,0.32208349916911333,16,8
2411,153190190,2017-09-28,0.37,0.31481073984003355,16,6
2412,151220080,2017-06-21,8.33,2.2332350148592526,13,95
2413,151220080,2017-07-31,5.83,1.9213246735826988,13,92
2414,151220080,2017-09-29,3.88,1.5851452198650557,13,96
2415,151220080,2017-10-02,3.73,1.5539252025038417,13,93
2416,151220080,2017-10-17,2.79,1.332366019094335,13,94
2417,154180150,2017-05-01,2240.0,7.714677473800927,9,214
2418,154180150,2017-05-18,1800.0,7.496097345175956,9,213
2419,154180150,2017-05-28,1670.0,7.421177528595393,9,212
2420,149220100,2017-07-04,15.5,2.803360380906535,12,68
2421,149220100,2017-07-31,3.87,1.5830939370944985,12,67
2422,149220100,2017-08-30,7.84,2.179286876649552,12,69
2423,149220100,2017-09-29,2.84,1.3454723665996355,12,70
2424,149220100,2017-10-02,1.85,1.0473189942805592,12,65
2425,149220100,2017-10-19,1.38,0.8671004876833832,12,71
2426,149220100,2017-11-06,2.56,1.269760544863939,12,66
2427,153180040,2017-05-18,1.09,0.7371640659767197,16,62
2428,153180040,2017-05-28,1.09,0.7371640659767197,16,61
2429,153180040,2017-07-30,0.94,0.6626879730752367,16,60
2430,153180040,2017-09-28,2.29,1.1908875647772805,16,63
2431,150160080,2017-05-11,2.87,1.3532545070416904,5,25
2432,150160080,2017-05-21,2.93,1.3686394258811698,5,26
2433,150160080,2017-07-30,1.44,0.8919980393051105,5,27
2434,150200040,2017-05-18,5.5,1.8718021769015913,11,153
2435,150200040,2017-05-28,6.53,2.018895041811802,11,152
2436,150200040,2017-08-01,4.98,1.7884205679625405,11,150
2437,150200040,2017-08-16,3.37,1.4747630091074988,11,151
2438,150200040,2017-10-02,2.38,1.2178757094949273,11,154
2439,153200040,2017-05-18,1.25,0.8109302162163288,16,154
2440,153200040,2017-05-28,1.16,0.7701082216960736,16,152
2441,153200040,2017-08-16,0.54,0.43178241642553783,16,153
2442,153200040,2017-09-30,0.64,0.49469624183610705,16,151
2443,149210060,2017-08-30,5.03,1.7967470107390942,11,209
2444,149210060,2017-09-09,7.24,2.1090003439213802,11,207
2445,149210060,2017-10-17,3.54,1.5129270120532565,11,208
2446,153180090,2017-05-18,1600.0,7.3783837129967145,9,201
2447,153180090,2017-05-28,1650.0,7.409136443920128,9,199
2448,153180090,2017-07-30,845.0,6.740519359606223,9,200
2449,151230010,2017-08-30,6.33,1.9919755158985601,13,51
2450,151230010,2017-09-09,6.68,2.038619547159581,13,52
2451,151230010,2017-10-02,6.34,1.9933388426264242,13,50
2452,152170150,2017-05-28,2.0,1.0986122886681096,7,17
2453,152170150,2017-07-30,0.37,0.31481073984003355,7,18
2454,152170150,2017-09-28,1.6,0.9555114450274365,7,19
2455,149200110,2017-05-28,4.44,1.6937790608678513,11,101
2456,149200110,2017-08-03,11.1,2.4932054526026954,11,102
2457,149200110,2017-10-02,4.05,1.6193882432872684,11,99
2458,150220080,2017-05-20,38.7,3.681351187693145,12,174
2459,150220080,2017-06-01,26.3,3.306886702190914,12,172
2460,150220080,2017-07-31,17.7,2.928523523860541,12,171
2461,150220080,2017-08-30,10.3,2.424802725718295,12,173
2462,150220080,2017-09-09,14.6,2.747270914255491,12,168
2463,150220080,2017-09-29,9.3,2.33214389523559,12,175
2464,150220080,2017-10-02,6.15,1.9671123567059163,12,169
2465,150220080,2017-10-17,6.68,2.038619547159581,12,170
2466,152200020,2017-05-18,13.4,2.667228206581955,15,88
2467,152200020,2017-05-28,14.0,2.70805020110221,15,87
2468,152200020,2017-08-16,3.09,1.4085449700547104,15,86
2469,152200020,2017-09-30,3.86,1.5810384379124023,15,85
2470,154150010,2017-05-19,22.1,3.139832617527748,8,66
2471,154150010,2017-05-27,22.7,3.1654750481410856,8,61
2472,154150010,2017-08-10,17.0,2.8903717578961645,8,65
2473,154150010,2017-08-15,14.9,2.766319109226186,8,67
2474,154150010,2017-08-30,20.7,3.077312260546414,8,62
2475,154150010,2017-10-01,36.2,3.616308761279101,8,63
2476,154150010,2017-10-16,18.6,2.975529566236472,8,64
2477,152230060,2017-08-30,0.22,0.1988508587451652,14,49
2478,152230060,2017-09-29,0.1,0.09531017980432487,14,48
2479,152230060,2017-10-02,0.043,0.04210117601863539,14,47
2480,153170120,2017-05-01,21.5,3.1135153092103742,16,26
2481,153170120,2017-09-28,21.2,3.100092288878234,16,25
2482,150180020,2017-05-28,3.88,1.5851452198650557,4,196
2483,150180020,2017-06-20,3.16,1.425515074273172,4,199
2484,150180020,2017-07-30,4.65,1.7316555451583495,4,197
2485,150180020,2017-08-01,4.8,1.7578579175523736,4,198
2486,150180020,2017-08-16,4.68,1.7369512327330598,4,200
2487,150140030,2017-05-19,1.43,0.8878912573524571,6,137
2488,150140030,2017-08-29,2.21,1.1662709371419244,6,138
2489,150180120,2017-05-28,1.36,0.8586616190375187,4,120
2490,150180120,2017-08-01,0.91,0.6471032420585385,4,121
2491,150180120,2017-08-16,0.8,0.5877866649021191,4,122
2492,150180120,2017-11-04,0.74,0.5538851132264376,4,123
2493,153160020,2017-05-19,9.2,2.322387720290225,8,78
2494,153160020,2017-10-01,16.0,2.833213344056216,8,79
2495,153160020,2017-10-16,5.5,1.8718021769015913,8,80
2496,149200150,2017-05-28,2.16,1.1505720275988207,11,112
2497,149200150,2017-08-03,0.87,0.6259384308664953,11,110
2498,149200150,2017-10-02,0.52,0.41871033485818504,11,109
2499,149190040,2017-05-28,2.81,1.3376291891386096,10,116
2500,149190040,2017-08-03,0.73,0.5481214085096876,10,117
2501,149190040,2017-10-02,0.39,0.3293037471426004,10,118
2502,149190040,2017-11-04,3.22,1.4398351280479205,10,119
2503,153160170,2017-05-19,18.6,2.975529566236472,7,137
2504,153160170,2017-07-30,12.5,2.6026896854443837,7,136
2505,153160170,2017-08-29,9.23,2.325324579963535,7,138
2506,153160170,2017-09-28,18.4,2.9652730660692823,7,139
2507,153160170,2017-10-01,19.8,3.0349529867072724,7,134
2508,153160170,2017-10-16,19.1,3.0007198150650303,7,135
2509,153160160,2017-05-19,61.6,4.136765278106052,7,143
2510,153160160,2017-07-30,34.9,3.580737295494233,7,142
2511,153160160,2017-08-29,27.1,3.3357695763397,7,144
2512,153160160,2017-09-28,62.4,4.14946386144318,7,145
2513,153160160,2017-10-01,62.6,4.152613470346076,7,140
2514,153160160,2017-10-16,48.0,3.8918202981106265,7,141
2515,153210080,2017-05-20,6.39,2.0001277349601105,14,174
2516,153210080,2017-05-28,6.49,2.0135687975291283,14,173
2517,153210080,2017-08-16,3.28,1.4539530095937054,14,172
2518,153210080,2017-10-02,2.31,1.1969481893889715,14,171
2519,151180110,2017-05-18,51.5,3.960813169597578,6,190
2520,151180110,2017-05-28,39.6,3.703768066607687,6,188
2521,151180110,2017-07-30,37.2,3.6428355156125294,6,189
2522,149180110,2017-05-28,3.14,1.420695787837223,9,72
2523,149180110,2017-08-01,0.69,0.5247285289349821,9,73
2524,149190180,2017-05-28,3.47,1.4973884086254774,10,179
2525,149190180,2017-08-01,4.83,1.763017000362401,10,177
2526,149190180,2017-10-02,2.8,1.33500106673234,10,176
2527,153210120,2017-05-18,4.68,1.7369512327330598,14,199
2528,153210120,2017-05-20,5.45,1.864080130807681,14,198
2529,153210120,2017-05-25,5.32,1.843719208158766,14,201
2530,153210120,2017-05-28,4.25,1.6582280766035324,14,200
2531,153210120,2017-07-27,0.98,0.6830968447064438,14,202
2532,153210120,2017-08-16,0.64,0.49469624183610705,14,197
2533,153210120,2017-10-02,0.77,0.5709795465857378,14,196
2534,150210070,2017-08-03,1.75,1.0116009116784799,11,167
2535,150210070,2017-10-02,0.34,0.29266961396282,11,168
2536,152210040,2017-05-18,688.0,6.535241271013659,9,165
2537,152210040,2017-05-20,648.0,6.47543271670409,9,166
2538,152210040,2017-05-28,911.0,6.815639990074331,9,162
2539,152210040,2017-08-01,480.0,6.175867270105761,9,164
2540,152210040,2017-08-16,329.0,5.799092654460526,9,161
2541,152210040,2017-09-30,277.0,5.627621113690637,9,158
2542,152210040,2017-10-02,263.0,5.575949103146316,9,160
2543,152210040,2017-10-17,214.0,5.3706380281276624,9,159
2544,154180050,2017-05-01,0.27,0.23901690047049992,9,17
2545,154180050,2017-05-19,0.2,0.18232155679395462,9,15
2546,154180050,2017-07-13,0.11,0.10436001532424277,9,16
2547,154180050,2017-07-30,0.09,0.08617769624105233,9,21
2548,154180050,2017-08-29,0.07,0.06765864847381481,9,19
2549,154180050,2017-09-11,0.09,0.08617769624105233,9,18
2550,154180050,2017-09-28,0.13,0.12221763272424921,9,20
2551,154180050,2017-10-01,0.08,0.07696104113612832,9,13
2552,154180050,2017-10-16,0.08,0.07696104113612832,9,14
2553,154180050,2017-11-07,0.28,0.2468600779315258,9,22
2554,154170180,2017-05-01,3.57,1.5195132049061133,16,44
2555,154170180,2017-08-29,1.97,1.0885619528146082,16,46
2556,154170180,2017-09-28,3.45,1.4929040961781488,16,45
2557,151210010,2017-05-18,2.08,1.1249295969854831,12,241
2558,151210010,2017-05-28,2.53,1.2612978709452054,12,242
2559,151210010,2017-08-01,1.49,0.9122827104766162,12,243
2560,151210010,2017-08-16,0.84,0.6097655716208943,12,240
2561,151210010,2017-10-02,0.62,0.4824261492442927,12,244
2562,150190280,2017-05-28,5.27,1.8357763546448291,13,146
2563,150190280,2017-08-01,5.39,1.8547342683894434,13,147
2564,150190280,2017-08-16,3.5,1.5040773967762742,13,145
2565,150190280,2017-10-02,2.64,1.2919836816486494,13,144
2566,151200070,2017-05-18,0.58,0.4574248470388754,13,188
2567,151200070,2017-05-28,0.98,0.6830968447064438,13,189
2568,151200070,2017-08-01,0.26,0.23111172096338664,13,187
2569,151200070,2017-08-16,0.16,0.14842000511827327,13,186
2570,151200070,2017-10-02,0.13,0.12221763272424921,13,190
2571,151200070,2017-11-04,0.17,0.15700374880966475,13,191
2572,154180080,2017-05-01,7.52,2.1424163408412245,9,33
2573,150180230,2017-05-28,0.92,0.6523251860396903,4,201
2574,150180230,2017-08-01,0.52,0.41871033485818504,4,202
2575,150180230,2017-08-16,0.4,0.33647223662121295,4,203
2576,150180230,2017-11-04,1.03,0.708035793053696,4,204
2577,154210070,2017-05-28,6.53,2.018895041811802,16,217
2578,154210070,2017-08-16,4.46,1.6974487897568138,16,216
2579,154210070,2017-09-30,2.3,1.1939224684724346,16,215
2580,151180150,2017-05-18,0.56,0.44468582126144574,7,0
2581,151180150,2017-05-28,0.48,0.3920420877760237,6,249
2582,153140080,2017-05-19,2.64,1.2919836816486494,8,49
2583,153140080,2017-05-27,2.12,1.1378330018213911,8,50
2584,153140080,2017-08-30,3.06,1.4011829736136412,8,47
2585,153140080,2017-10-16,1.72,1.000631880307906,8,48
2586,153200160,2017-05-18,3.45,1.4929040961781488,14,219
2587,153200160,2017-05-20,3.55,1.515127232962859,14,215
2588,153200160,2017-05-28,3.55,1.515127232962859,14,216
2589,153200160,2017-08-16,1.13,0.7561219797213337,14,220
2590,153200160,2017-09-30,1.18,0.7793248768009976,14,217
2591,153200160,2017-10-02,1.14,0.76080582903376,14,218
2592,152170030,2017-07-30,0.28,0.2468600779315258,7,73
2593,152170030,2017-08-29,0.17,0.15700374880966475,7,74
2594,152170030,2017-09-28,0.66,0.5068176023684519,7,75
2595,153160110,2017-05-19,4.86,1.7681496035889213,7,224
2596,153160110,2017-08-29,3.12,1.415853163361435,7,225
2597,153160110,2017-09-28,5.51,1.873339456220478,7,226
2598,153160110,2017-10-01,4.1,1.62924053973028,7,222
2599,153160110,2017-10-16,3.77,1.5623463049002497,7,223
2600,150160210,2017-05-01,0.8,0.5877866649021191,4,243
2601,150160210,2017-05-11,0.59,0.46373401623214017,4,242
2602,150160210,2017-05-18,0.56,0.44468582126144574,4,241
2603,150160210,2017-05-28,0.5,0.4054651081081644,4,238
2604,150160210,2017-06-20,0.5,0.4054651081081644,4,239
2605,150160210,2017-08-01,0.51,0.412109650826833,4,240
2606,150160210,2017-08-29,0.39,0.3293037471426004,4,244
2607,150160210,2017-09-28,0.99,0.688134638736401,4,245
2608,151160070,2017-05-11,1.55,0.9360933591703348,5,148
2609,151160070,2017-05-19,1.57,0.9439058989071285,5,145
2610,151160070,2017-05-21,1.55,0.9360933591703348,5,144
2611,151160070,2017-07-30,1.77,1.0188473201992472,5,146
2612,151160070,2017-08-29,1.09,0.7371640659767197,5,143
2613,151160070,2017-10-01,0.93,0.6575200029167942,5,147
2614,151160070,2017-10-16,0.87,0.6259384308664953,5,142
2615,150230020,2017-08-30,5.41,1.8578592709325787,13,44
2616,150230020,2017-09-09,6.28,1.9851308622085946,13,46
2617,150230020,2017-09-29,5.41,1.8578592709325787,13,47
2618,150230020,2017-10-02,5.06,1.801709800081223,13,45
2619,149180140,2017-05-28,1.64,0.9707789171582247,9,68
2620,149180140,2017-08-01,0.27,0.23901690047049992,9,66
2621,149180140,2017-08-08,0.29,0.2546422183735807,9,65
2622,149180140,2017-08-16,0.31,0.27002713721306015,9,69
2623,149180140,2017-10-02,0.57,0.4510756193602167,9,64
2624,149180140,2017-11-04,2.82,1.3402504226184837,9,70
2625,149180160,2017-05-28,1.04,0.712949807856125,9,58
2626,149180180,2017-05-28,0.95,0.6678293725756554,9,50
2627,149180200,2017-05-28,0.48,0.3920420877760237,9,42
2628,149180160,2017-08-01,0.17,0.15700374880966475,9,60
2629,149180180,2017-08-01,0.16,0.14842000511827327,9,52
2630,149180200,2017-08-01,0.13,0.12221763272424921,9,45
2631,149180160,2017-08-03,0.17,0.15700374880966475,9,61
2632,149180180,2017-08-03,0.15,0.13976194237515868,9,53
2633,149180200,2017-08-03,0.11,0.10436001532424277,9,43
2634,149180160,2017-08-08,0.17,0.15700374880966475,9,57
2635,149180180,2017-08-08,0.16,0.14842000511827327,9,49
2636,149180200,2017-08-08,0.12,0.11332868530700317,9,41
2637,149180160,2017-08-16,0.18,0.16551443847757338,9,62
2638,149180180,2017-08-16,0.22,0.1988508587451652,9,54
2639,149180200,2017-08-16,0.37,0.31481073984003355,9,46
2640,149180160,2017-10-02,0.45,0.37156355643248307,9,56
2641,149180180,2017-10-02,0.23,0.20701416938432615,9,48
2642,149180200,2017-10-02,0.18,0.16551443847757338,9,40
2643,149180160,2017-11-04,1.52,0.924258901523332,9,63
2644,149180180,2017-11-04,0.88,0.6312717768418579,9,55
2645,149180200,2017-11-04,1.96,1.085189268335969,9,47
2646,151220040,2017-05-20,2.21,1.1662709371419244,13,33
2647,151220040,2017-10-02,0.39,0.3293037471426004,13,31
2648,151220040,2017-10-17,0.37,0.31481073984003355,13,32
2649,153220070,2017-05-25,169.0,5.135798437050262,14,16
2650,153220070,2017-08-16,35.0,3.58351893845611,14,15
2651,153220070,2017-10-02,39.3,3.696351468952637,14,14
2652,152200070,2017-05-18,2.43,1.2325602611778486,15,164
2653,152200070,2017-05-20,2.43,1.2325602611778486,15,162
2654,152200070,2017-05-28,1.88,1.0577902941478545,15,161
2655,152200070,2017-08-16,0.36,0.3074846997479606,15,163
2656,152200070,2017-09-30,0.29,0.2546422183735807,15,158
2657,152200070,2017-10-02,0.23,0.20701416938432615,15,159
2658,152200070,2017-10-17,0.15,0.13976194237515868,15,160
2659,150210220,2017-05-18,0.63,0.48858001481867097,13,23
2660,150210220,2017-05-20,0.96,0.6729444732424258,13,27
2661,150210220,2017-05-28,0.67,0.5128236264286637,13,22
2662,150210220,2017-08-01,0.21,0.1906203596086497,13,25
2663,150210220,2017-08-16,0.11,0.10436001532424277,13,26
2664,150210220,2017-10-02,0.06,0.058268908123975775,13,28
2665,152190030,2017-05-18,1560.0,7.353081920515432,9,198
2666,152190030,2017-05-28,1640.0,7.403061091090091,9,197
2667,152190030,2017-07-30,879.0,6.779921907472252,9,196
2668,152190020,2017-05-18,2.82,1.3402504226184837,15,187
2669,152190020,2017-05-28,2.9,1.3609765531356006,15,186
2670,152190020,2017-07-30,2.04,1.1118575154181303,15,185
2671,152190020,2017-09-28,0.67,0.5128236264286637,15,188
2672,151230040,2017-10-02,14.2,2.7212954278522306,14,249
2673,150150100,2017-05-11,9.02,2.3045830956567186,5,241
2674,150150100,2017-05-19,6.79,2.052840859882657,5,239
2675,150150100,2017-05-21,8.53,2.254444717666111,5,245
2676,150150100,2017-07-30,2.59,1.2781522025001875,5,244
2677,150150100,2017-08-29,2.0,1.0986122886681096,5,240
2678,150150100,2017-09-28,2.38,1.2178757094949273,5,243
2679,150150100,2017-10-01,1.42,0.8837675401685949,5,242
2680,150150100,2017-10-16,1.84,1.0438040521731147,5,238
2681,153220220,2017-05-25,9.14,2.316487998163037,14,124
2682,153220220,2017-10-02,2.13,1.1410330045520618,14,125
2683,152210070,2017-05-18,6.9,2.066862759472976,13,225
2684,152210070,2017-05-28,6.28,1.9851308622085946,13,226
2685,152210070,2017-08-01,2.15,1.1474024528375417,13,222
2686,152210070,2017-08-16,1.37,0.8628899551470399,13,223
2687,152210070,2017-09-30,3.09,1.4085449700547104,13,219
2688,152210070,2017-10-02,2.55,1.2669476034873244,13,220
2689,152210070,2017-10-17,0.86,0.6205764877251099,13,221
2690,152160050,2017-05-19,167.0,5.123963979403259,6,212
2691,152160050,2017-07-30,82.4,4.423648309364701,6,211
2692,152160050,2017-10-01,93.7,4.550714000192032,6,209
2693,152160050,2017-10-16,109.0,4.700480365792417,6,210
2694,152200150,2017-05-18,1460.0,7.2868764117507,9,180
2695,152200150,2017-05-20,1400.0,7.244941546337007,9,184
2696,152200150,2017-05-25,1470.0,7.293697720601438,9,183
2697,152200150,2017-05-28,1640.0,7.403061091090091,9,182
2698,152200150,2017-08-16,517.0,6.249975242259483,9,181
2699,152200150,2017-09-30,472.0,6.159095388491933,9,179
2700,152200150,2017-10-02,420.0,6.042632833682381,9,178
2701,153170040,2017-05-19,3.94,1.597365331199831,7,179
2702,153170040,2017-07-30,1.99,1.095273387402595,7,178
2703,153170040,2017-10-01,3.47,1.4973884086254774,7,176
2704,153170040,2017-10-16,3.6,1.5260563034950494,7,177
2705,152210090,2017-05-20,317.0,5.762051382780177,15,19
2706,152210090,2017-08-16,80.9,4.405498990859024,15,18
2707,152210090,2017-10-02,62.8,4.155753190350744,15,17
2708,152200030,2017-05-18,1480.0,7.300472814267799,9,188
2709,152200030,2017-05-20,1420.0,7.259116128097101,9,187
2710,152200030,2017-05-25,1470.0,7.293697720601438,9,190
2711,152200030,2017-05-28,1630.0,7.396948602621014,9,191
2712,152200030,2017-08-16,512.0,6.240275845170769,9,189
2713,152200030,2017-09-30,477.0,6.169610732491456,9,185
2714,152200030,2017-10-02,437.0,6.082218910376446,9,186
2715,153160190,2017-05-19,8.19,2.2181159363675955,7,217
2716,153160190,2017-08-29,5.61,1.888583653863595,7,220
2717,153160190,2017-09-28,9.37,2.3389170222414357,7,221
2718,153160190,2017-10-01,8.88,2.2905125117597764,7,218
2719,153160190,2017-10-16,6.58,2.0255131996542803,7,219
2720,152230200,2017-09-29,47.9,3.8897773964808264,15,3
2721,152230200,2017-10-02,45.0,3.828641396489095,15,4
2722,149220050,2017-06-21,3.19,1.4327007339340463,12,95
2723,149220050,2017-07-31,11.0,2.4849066497880004,12,93
2724,149220050,2017-08-30,3.19,1.4327007339340463,12,94
2725,149220050,2017-09-29,2.32,1.199964782928397,12,96
2726,149220050,2017-10-02,1.39,0.8712933659434192,12,92
2727,151150160,2017-05-11,1.25,0.8109302162163288,5,167
2728,151150160,2017-05-19,1.13,0.7561219797213337,5,165
2729,151150160,2017-05-21,1.59,0.9516578757114464,5,168
2730,151150160,2017-07-30,0.37,0.31481073984003355,5,166
2731,151150160,2017-08-29,0.4,0.33647223662121295,5,169
2732,151150160,2017-10-01,0.37,0.31481073984003355,5,170
2733,151150160,2017-10-16,0.42,0.35065687161316933,5,164
2734,150220120,2017-08-30,1.86,1.0508216248317612,13,60
2735,150220120,2017-09-09,1.82,1.0367368849500223,13,62
2736,150220120,2017-10-02,1.46,0.9001613499442714,13,61
2737,149190320,2017-05-28,0.05,0.04879016416943201,11,90
2738,149190320,2017-10-02,0.05,0.04879016416943201,11,91
2739,149190380,2017-05-28,1.05,0.7178397931503169,11,83
2740,149190380,2017-10-02,1.53,0.9282193027394289,11,85
2741,152220010,2017-10-02,0.98,0.6830968447064438,15,65
2742,152220010,2017-10-17,0.92,0.6523251860396903,15,66
2743,152210060,2017-05-18,336.0,5.820082930352362,14,35
2744,152210060,2017-05-20,320.0,5.771441123130016,14,33
2745,152210060,2017-05-25,308.0,5.733341276897746,14,37
2746,152210060,2017-05-28,295.0,5.69035945432406,14,36
2747,152210060,2017-08-16,88.6,4.4953553199808844,14,34
2748,152210060,2017-10-02,88.8,4.497584975308154,14,32
2749,154180030,2017-05-01,2.11,1.1346227261911428,9,26
2750,154180030,2017-05-19,1.65,0.9745596399981308,9,23
2751,154180030,2017-07-13,1.26,0.8153648132841945,9,27
2752,154180030,2017-07-30,1.09,0.7371640659767197,9,28
2753,154180030,2017-08-09,1.15,0.7654678421395714,9,32
2754,154180030,2017-08-29,1.13,0.7561219797213337,9,31
2755,154180030,2017-09-11,1.5,0.9162907318741551,9,29
2756,154180030,2017-09-28,2.18,1.1568811967920856,9,30
2757,154180030,2017-10-01,1.39,0.8712933659434192,9,24
2758,154180030,2017-10-16,1.28,0.8241754429663495,9,25
2759,150220130,2017-05-20,7.51,2.1412419425852827,12,141
2760,150220130,2017-06-01,6.63,2.0320878452963655,12,138
2761,150220130,2017-07-31,2.52,1.2584609896100059,12,139
2762,150220130,2017-08-30,1.71,0.9969486348916095,12,140
2763,150220130,2017-09-09,1.49,0.9122827104766162,12,135
2764,150220130,2017-09-29,1.26,0.8153648132841945,12,142
2765,150220130,2017-10-02,1.18,0.7793248768009976,12,136
2766,150220130,2017-10-17,0.99,0.688134638736401,12,137
2767,154180110,2017-05-01,8.5,2.2512917986064953,16,93
2768,154180110,2017-05-18,5.71,1.9035989509835904,16,90
2769,154180110,2017-05-28,5.27,1.8357763546448291,16,91
2770,154180110,2017-07-30,4.42,1.6900958154515549,16,92
2771,154180110,2017-08-29,3.6,1.5260563034950494,16,95
2772,154180110,2017-09-28,6.53,2.018895041811802,16,94
2773,153210180,2017-05-18,2.04,1.1118575154181303,14,184
2774,153210180,2017-05-20,2.75,1.3217558399823195,14,182
2775,153210180,2017-05-25,2.32,1.199964782928397,14,185
2776,153210180,2017-05-28,1.87,1.0543120297715298,14,183
2777,153210180,2017-08-16,0.33,0.2851789422336624,14,181
2778,153210180,2017-10-02,0.51,0.412109650826833,14,180
2779,149190170,2017-05-28,6.73,2.0451088625993306,10,181
2780,149190170,2017-08-01,7.0,2.0794415416798357,10,182
2781,149190170,2017-08-16,3.3,1.4586150226995167,10,184
2782,149190170,2017-10-02,2.87,1.3532545070416904,10,180
2783,149220130,2017-07-04,15.9,2.827313621929028,11,241
2784,149220130,2017-07-31,4.95,1.7833912195575383,11,242
2785,149220130,2017-08-30,7.02,2.081938421878423,11,243
2786,149220130,2017-10-02,3.22,1.4398351280479205,11,239
2787,149220130,2017-11-06,4.97,1.7867469274045107,11,240
2788,151190110,2017-05-18,4.39,1.6845453849209058,13,203
2789,151190110,2017-05-20,5.94,1.937301774518713,13,200
2790,151190110,2017-05-25,3.76,1.5602476682433286,13,204
2791,151190110,2017-05-28,3.14,1.420695787837223,13,201
2792,151190110,2017-08-16,1.16,0.7701082216960736,13,202
2793,151190110,2017-09-30,0.86,0.6205764877251099,13,197
2794,151190110,2017-10-02,0.75,0.5596157879354227,13,198
2795,151190110,2017-10-17,1.06,0.7227059828014898,13,199
2796,153220180,2017-05-25,2.8,1.33500106673234,14,78
2797,153230060,2017-08-30,0.92,0.6523251860396903,14,75
2798,153220180,2017-10-02,0.13,0.12221763272424921,14,79
2799,154170150,2017-05-01,0.9,0.6418538861723948,8,211
2800,154170150,2017-05-19,0.83,0.6043159668533296,8,212
2801,154170150,2017-08-29,0.73,0.5481214085096876,8,210
2802,154170150,2017-09-11,0.78,0.5766133643039938,8,213
2803,154170150,2017-09-28,0.91,0.6471032420585385,8,209
2804,154170150,2017-10-01,0.88,0.6312717768418579,8,207
2805,154170150,2017-10-16,0.92,0.6523251860396903,8,208
2806,154170150,2017-11-07,1.06,0.7227059828014898,8,214
2807,150210190,2017-05-20,433.0,6.073044534100405,9,139
2808,150210190,2017-06-01,412.0,6.023447592961033,9,140
2809,150210190,2017-08-30,238.0,5.476463551931511,9,138
2810,150210190,2017-09-09,225.0,5.420534999272286,9,141
2811,150210190,2017-10-02,163.0,5.099866427824199,9,142
2812,149190190,2017-05-28,1.13,0.7561219797213337,10,187
2813,149190190,2017-08-01,0.66,0.5068176023684519,10,186
2814,149190190,2017-10-02,0.23,0.20701416938432615,10,185
2815,149190190,2017-11-04,3.15,1.423108334242607,10,189
2816,152150220,2017-05-19,5.77,1.9125010869241836,7,99
2817,152150220,2017-07-30,1.32,0.8415671856782186,7,98
2818,152150220,2017-10-16,6.27,1.9837562915454279,7,97
2819,149210100,2017-06-21,3.17,1.4279160358107101,11,215
2820,149210100,2017-07-31,1.9,1.0647107369924282,11,212
2821,149210100,2017-08-30,0.84,0.6097655716208943,11,213
2822,149210100,2017-09-29,0.67,0.5128236264286637,11,214
2823,149210100,2017-10-02,0.36,0.3074846997479606,11,211
2824,149210100,2017-10-19,1.3,0.832909122935104,11,216
2825,150170010,2017-05-28,1.35,0.8544153281560676,5,60
2826,150170010,2017-07-30,0.51,0.412109650826833,5,62
2827,150170010,2017-08-01,0.41,0.3435897043900769,5,61
2828,150170010,2017-08-29,0.88,0.6312717768418579,5,64
2829,150170010,2017-10-15,0.79,0.5822156198526637,5,63
2830,151170050,2017-05-11,3.7,1.547562508716013,5,107
2831,151170050,2017-05-28,3.26,1.449269160281279,5,108
2832,151170050,2017-07-30,0.59,0.46373401623214017,5,106
2833,151170050,2017-08-01,0.53,0.4252677354043441,5,109
2834,151170050,2017-08-29,0.8,0.5877866649021191,5,110
2835,149180050,2017-05-28,0.56,0.44468582126144574,4,81
2836,149180050,2017-08-01,0.22,0.1988508587451652,4,83
2837,149180050,2017-08-16,0.32,0.2776317365982795,4,84
2838,154230040,2017-08-30,1.08,0.7323678937132266,17,9
2839,154230040,2017-09-19,1.5,0.9162907318741551,17,12
2840,154230040,2017-09-29,1.36,0.8586616190375187,17,10
2841,154230040,2017-10-02,1.32,0.8415671856782186,17,11
2842,152220030,2017-05-20,0.89,0.636576829071551,15,57
2843,152220030,2017-05-25,1.05,0.7178397931503169,15,58
2844,152220030,2017-10-02,0.12,0.11332868530700317,15,56
2845,149200280,2017-10-02,25.8,3.288401887516811,11,69
2846,151140060,2017-05-19,29.7,3.4242626545931514,6,122
2847,151150010,2017-05-19,0.95,0.6678293725756554,6,152
2848,151140060,2017-08-29,9.96,2.3942522815198695,6,121
2849,151150010,2017-08-29,0.25,0.22314355131420976,6,151
2850,150220170,2017-08-30,1.16,0.7701082216960736,13,35
2851,150220170,2017-09-09,1.19,0.7839015438284094,13,36
2852,150220170,2017-10-02,0.97,0.6780335427498971,13,34
2853,149190090,2017-05-28,0.62,0.4824261492442927,10,132
2854,149190090,2017-08-01,0.3,0.26236426446749106,10,127
2855,149190090,2017-08-03,0.27,0.23901690047049992,10,131
2856,149190090,2017-08-08,0.29,0.2546422183735807,10,128
2857,149190090,2017-10-02,0.17,0.15700374880966475,10,130
2858,149190090,2017-11-04,3.32,1.463255402256019,10,133
2859,150200170,2017-10-02,32.1,3.4995332823830174,11,70
2860,151150070,2017-05-19,4.39,1.6845453849209058,6,111
2861,151150080,2017-05-19,50.8,3.9473901492654373,6,16
2862,151150070,2017-07-30,1.68,0.9858167945227653,6,110
2863,151150080,2017-07-30,18.3,2.9601050959108397,6,15
2864,151150070,2017-10-16,2.75,1.3217558399823195,6,109
2865,151150080,2017-10-16,16.1,2.8390784635086144,6,14
2866,149210130,2017-06-01,12.2,2.580216829592325,12,164
2867,149210130,2017-07-31,17.0,2.8903717578961645,12,160
2868,149210130,2017-08-03,6.86,2.061786606441115,12,161
2869,149210130,2017-08-30,4.1,1.62924053973028,12,159
2870,149210130,2017-09-09,4.5,1.7047480922384253,12,157
2871,149210130,2017-09-29,7.24,2.1090003439213802,12,163
2872,149210130,2017-10-02,2.63,1.2892326482767593,12,162
2873,149210130,2017-10-17,2.41,1.2267122912954256,12,158
2874,150160200,2017-05-01,4.3,1.667706820558076,5,17
2875,150160200,2017-05-11,4.34,1.6752256529721035,5,16
2876,150160200,2017-05-18,3.88,1.5851452198650557,5,14
2877,150160200,2017-05-28,3.74,1.556037135706985,5,10
2878,150160200,2017-06-20,5.28,1.8373699804801074,5,12
2879,150160200,2017-07-30,6.56,2.0228711901914416,5,13
2880,150160200,2017-08-01,5.5,1.8718021769015913,5,11
2881,150160200,2017-08-29,2.88,1.355835153635182,5,15
2882,150160200,2017-09-28,3.29,1.4562867329399256,5,18
2883,153140100,2017-05-19,3.39,1.47932922708708,8,35
2884,153140100,2017-05-27,3.45,1.4929040961781488,8,34
2885,153140100,2017-08-30,0.63,0.48858001481867097,8,32
2886,153140100,2017-10-16,4.26,1.6601310267496183,8,33
2887,152170090,2017-05-28,0.54,0.43178241642553783,7,175
2888,152170090,2017-07-30,0.2,0.18232155679395462,7,174
2889,149210070,2017-08-30,0.87,0.6259384308664953,11,191
2890,149210070,2017-09-09,3.24,1.4445632692438664,11,189
2891,149210070,2017-10-17,0.71,0.5364933705145685,11,190
2892,152200050,2017-05-20,55.9,4.041295341132285,15,134
2893,152200050,2017-05-28,37.9,3.6609942506244004,15,133
2894,152200050,2017-08-16,16.4,2.856470206220483,15,135
2895,152200050,2017-09-30,10.4,2.4336133554004498,15,130
2896,152200050,2017-10-02,8.85,2.2874714551839976,15,131
2897,152200050,2017-10-17,7.11,2.093097868127322,15,132
2898,149190100,2017-05-28,18.1,2.9496883350525844,10,103
2899,149190100,2017-08-01,10.0,2.3978952727983707,10,101
2900,149190100,2017-08-08,9.55,2.3561258599220753,10,104
2901,149190100,2017-10-02,7.6,2.151762203259462,10,100
