,station_id,date,flow,flow_log,chunk_id,id_in_chunk
0,150210180,2024-05-13,585.0,6.373319789577012,200,219
1,150210180,2024-08-16,336.0,5.820082930352362,200,220
2,150210180,2024-09-20,268.0,5.594711379601839,200,218
3,150210180,2024-10-10,229.0,5.438079308923196,200,221
4,150210180,2024-10-20,178.0,5.187385805840755,200,216
5,150210180,2024-10-25,219.0,5.393627546352361,200,217
6,152170020,2024-05-14,0.97,0.6780335427498971,196,213
7,152170020,2024-09-01,0.036,0.035367143837291316,196,210
8,152170020,2024-09-21,0.04,0.039220713153281295,196,211
9,152170020,2024-10-16,0.05,0.04879016416943201,196,212
10,153190180,2024-05-01,1.86,1.0508216248317612,217,203
11,153190180,2024-06-30,1.13,0.7561219797213337,217,202
12,153190180,2024-07-20,0.61,0.4762341789963716,217,200
13,153190180,2024-08-14,0.53,0.4252677354043441,217,199
14,153190180,2024-08-27,0.56,0.44468582126144574,217,201
15,153190180,2024-09-03,0.55,0.4382549309311553,217,191
16,153190180,2024-09-06,0.53,0.4252677354043441,217,192
17,153190180,2024-09-08,0.5,0.4054651081081644,217,193
18,153190180,2024-09-18,0.57,0.4510756193602167,217,194
19,153190180,2024-09-21,0.53,0.4252677354043441,217,195
20,153190180,2024-10-01,0.49,0.3987761199573678,217,196
21,153190180,2024-10-18,0.45,0.37156355643248307,217,198
22,153190180,2024-11-02,0.41,0.3435897043900769,217,197
23,150190310,2024-05-28,3.85,1.578978704949392,203,104
24,150190310,2024-06-15,3.58,1.5216989981260935,203,106
25,150190310,2024-06-17,3.18,1.430311246536665,203,105
26,150190310,2024-07-30,2.42,1.2296405510745139,203,109
27,150190310,2024-08-14,2.53,1.2612978709452054,203,108
28,150190310,2024-08-29,2.03,1.1085626195212777,203,107
29,150190310,2024-09-18,2.11,1.1346227261911428,203,100
30,150190310,2024-10-10,1.99,1.095273387402595,203,101
31,150190310,2024-10-18,1.95,1.0818051703517284,203,102
32,150190310,2024-10-25,1.93,1.0750024230289759,203,103
33,154220010,2024-05-08,8.79,2.281361456542419,220,22
34,154220010,2024-05-16,6.83,2.057962510002712,220,20
35,154220010,2024-05-18,6.8,2.0541237336955462,220,21
36,154220010,2024-06-27,6.32,1.9906103279732201,220,25
37,154220010,2024-06-30,5.46,1.8656293177945105,220,17
38,154220010,2024-07-10,2.95,1.3737155789130306,220,18
39,154220010,2024-08-24,1.55,0.9360933591703348,220,19
40,154220010,2024-08-29,1.37,0.8628899551470399,220,23
41,154220010,2024-09-08,1.11,0.7466879474879752,220,14
42,154220010,2024-09-20,0.99,0.688134638736401,220,15
43,154220010,2024-09-30,0.8,0.5877866649021191,220,24
44,154220010,2024-10-18,0.92,0.6523251860396903,220,16
45,150150040,2024-05-14,0.71,0.5364933705145685,193,231
46,150150040,2024-07-21,0.09,0.08617769624105233,193,233
47,150150040,2024-08-12,0.07,0.06765864847381481,193,232
48,150150040,2024-09-04,0.08,0.07696104113612832,193,234
49,150150040,2024-09-06,0.07,0.06765864847381481,193,227
50,150150040,2024-09-21,0.07,0.06765864847381481,193,228
51,150150040,2024-10-24,0.28,0.2468600779315258,193,229
52,150150040,2024-11-30,0.71,0.5364933705145685,193,230
53,150160220,2024-05-01,32.1,3.4995332823830174,191,145
54,150160220,2024-05-09,20.8,3.0819099697950434,191,147
55,150160220,2024-07-10,9.5,2.3513752571634776,191,149
56,150160220,2024-07-15,8.48,2.2491843162669305,191,146
57,150160220,2024-07-30,8.71,2.2731562823032334,191,142
58,150160220,2024-08-12,10.5,2.4423470353692043,191,148
59,150160220,2024-08-14,10.3,2.424802725718295,191,144
60,150160220,2024-08-24,7.84,2.179286876649552,191,143
61,150160220,2024-09-06,7.84,2.179286876649552,191,138
62,150160220,2024-09-18,10.5,2.4423470353692043,191,139
63,150160220,2024-09-21,8.5,2.2512917986064953,191,140
64,150160220,2024-11-05,5.7,1.9021075263969205,191,141
65,154150040,2024-05-17,29.4,3.414442608412176,198,228
66,154150040,2024-07-21,17.1,2.89591193827178,198,227
67,154150040,2024-08-20,16.2,2.8449093838194073,198,229
68,154150040,2024-09-04,21.1,3.0955776085237074,198,225
69,154150040,2024-09-19,23.1,3.1822118404966093,198,226
70,154150040,2024-10-26,14.5,2.740840023925201,198,230
71,153190040,2024-05-01,4.03,1.6154199841116479,219,48
72,153190040,2024-07-20,0.64,0.49469624183610705,219,43
73,153190040,2024-08-14,0.62,0.4824261492442927,219,44
74,153190040,2024-08-24,0.71,0.5364933705145685,219,45
75,153190040,2024-08-27,0.46,0.3784364357202451,219,47
76,153190040,2024-09-03,0.82,0.598836501088704,219,37
77,153190040,2024-09-06,0.53,0.4252677354043441,219,46
78,153190040,2024-09-08,0.5,0.4054651081081644,219,38
79,153190040,2024-09-18,0.63,0.48858001481867097,219,39
80,153190040,2024-09-21,0.45,0.37156355643248307,219,40
81,153190040,2024-10-01,0.43,0.3576744442718159,219,41
82,153190040,2024-10-18,0.29,0.2546422183735807,219,42
83,153190040,2024-11-02,0.32,0.2776317365982795,219,49
84,150170050,2024-05-01,7.27,2.1126345090356,192,8
85,150170050,2024-05-09,5.58,1.884034745337226,192,7
86,150170050,2024-07-30,2.95,1.3737155789130306,192,4
87,150170050,2024-08-12,2.76,1.324418957401803,192,3
88,150170050,2024-08-14,2.62,1.2864740258376797,192,5
89,150170050,2024-08-24,2.88,1.355835153635182,192,6
90,150170050,2024-09-18,2.5,1.252762968495368,192,1
91,150170050,2024-09-21,2.14,1.144222799920162,192,2
92,153210070,2024-05-01,19.3,3.0106208860477417,214,109
93,153210070,2024-05-13,14.4,2.7343675094195836,214,107
94,153210070,2024-05-18,13.6,2.681021528714291,214,104
95,153210070,2024-05-26,15.2,2.785011242238338,214,106
96,153210070,2024-06-30,8.63,2.2648832258100344,214,105
97,153210070,2024-08-29,2.74,1.3190856114264407,214,108
98,153210070,2024-09-08,2.59,1.2781522025001875,214,98
99,153210070,2024-09-18,3.16,1.425515074273172,214,99
100,153210070,2024-09-20,3.44,1.4906543764441333,214,100
101,153210070,2024-10-18,1.84,1.0438040521731147,214,101
102,153210070,2024-11-02,1.7,0.9932517730102834,214,102
103,153210070,2024-11-04,1.73,1.0043016091968684,214,103
104,151200120,2024-05-01,76.8,4.354141431184346,210,231
105,153220280,2024-05-08,18.9,2.990719731730447,213,58
106,151200120,2024-05-13,54.8,4.021773869387265,210,229
107,153220280,2024-05-13,12.3,2.5877640352277083,213,57
108,151200120,2024-05-26,54.3,4.012772908528289,210,228
109,151200120,2024-06-17,34.7,3.5751506887855933,210,226
110,153220280,2024-06-27,9.65,2.365559892155434,213,53
111,153220280,2024-07-22,2.55,1.2669476034873244,213,54
112,151200120,2024-08-14,20.2,3.054001181677967,210,227
113,151200120,2024-08-29,17.3,2.9069010598473755,210,230
114,153220280,2024-09-05,3.69,1.545432582458188,213,55
115,151200120,2024-09-18,17.0,2.8903717578961645,210,222
116,151200120,2024-09-20,16.4,2.856470206220483,210,223
117,153220280,2024-09-20,3.51,1.5062971535145868,213,56
118,151200120,2024-10-10,17.9,2.9391619220655967,210,224
119,151200120,2024-10-18,16.4,2.856470206220483,210,225
120,153220280,2024-10-20,2.63,1.2892326482767593,213,59
121,150160250,2024-05-16,0.73,0.5481214085096876,192,59
122,150160250,2024-07-15,0.16,0.14842000511827327,192,60
123,150160250,2024-07-30,0.14,0.1310282624064041,192,61
124,150160250,2024-08-12,0.06,0.058268908123975775,192,62
125,150160250,2024-08-14,0.06,0.058268908123975775,192,63
126,150160250,2024-08-24,0.039,0.03825871211709034,192,64
127,150160250,2024-09-06,0.035,0.0344014267173324,192,65
128,150160250,2024-09-18,0.08,0.07696104113612832,192,66
129,150160250,2024-09-21,0.06,0.058268908123975775,192,67
130,150160250,2024-11-27,0.8,0.5877866649021191,192,68
131,154150050,2024-05-14,12.1,2.5726122302071057,198,222
132,154150050,2024-05-17,11.9,2.5572273113676265,198,221
133,154150050,2024-07-21,7.01,2.080690761080268,198,223
134,154150050,2024-08-20,6.5,2.0149030205422647,198,224
135,154150050,2024-09-19,6.91,2.0681277817795625,198,217
136,154150050,2024-09-21,6.2,1.9740810260220096,198,218
137,154150050,2024-10-26,5.54,1.8779371654691073,198,219
138,154150050,2024-11-30,5.92,1.9344157696295783,198,220
139,154160020,2024-05-14,10.5,2.4423470353692043,198,244
140,154160020,2024-05-17,8.31,2.231089091288976,198,245
141,154160020,2024-07-21,6.56,2.0228711901914416,198,243
142,154160020,2024-08-20,6.65,2.0347056478384444,198,242
143,154160020,2024-09-19,7.5,2.1400661634962708,198,240
144,154160020,2024-09-21,6.9,2.066862759472976,198,246
145,154160020,2024-10-26,4.63,1.728109442151599,198,241
146,154160020,2024-11-30,5.57,1.8825138324965192,198,247
147,153170010,2024-05-14,32.5,3.5115454388310208,197,85
148,153170010,2024-05-17,31.7,3.4873750779032076,197,84
149,153170010,2024-06-01,29.5,3.417726683613366,197,86
150,153170010,2024-07-21,6.54,2.020222182019865,197,81
151,153170010,2024-09-01,4.16,1.6409365794934714,197,82
152,153170010,2024-09-21,4.43,1.691939133945844,197,83
153,152230190,2024-05-08,3.12,1.415853163361435,212,34
154,152230190,2024-05-15,2.59,1.2781522025001875,212,39
155,152230190,2024-05-18,2.28,1.1878434223960523,212,37
156,152230190,2024-06-29,0.97,0.6780335427498971,212,35
157,152230190,2024-07-09,0.57,0.4510756193602167,212,36
158,152230190,2024-07-19,0.41,0.3435897043900769,212,41
159,152230190,2024-08-01,0.34,0.29266961396282,212,38
160,152230190,2024-08-28,0.61,0.4762341789963716,212,40
161,152230190,2024-09-05,0.29,0.2546422183735807,212,25
162,152230190,2024-09-07,0.24,0.2151113796169455,212,26
163,152230190,2024-09-17,0.25,0.22314355131420976,212,27
164,152230190,2024-09-20,0.18,0.16551443847757338,212,28
165,152230190,2024-09-22,0.15,0.13976194237515868,212,29
166,152230190,2024-10-17,0.1,0.09531017980432487,212,30
167,152230190,2024-10-20,0.12,0.11332868530700317,212,31
168,152230190,2024-10-27,0.12,0.11332868530700317,212,32
169,152230190,2024-11-06,0.08,0.07696104113612832,212,33
170,152190100,2024-05-01,3.4,1.4816045409242156,216,171
171,152190100,2024-05-26,2.14,1.144222799920162,216,172
172,152190100,2024-07-30,1.56,0.9400072584914712,216,174
173,152190100,2024-08-14,1.39,0.8712933659434192,216,170
174,152190100,2024-08-24,1.31,0.8372475245337022,216,173
175,152190100,2024-08-29,1.25,0.8109302162163288,216,175
176,152190100,2024-09-18,1.63,0.9669838461896731,216,167
177,152190100,2024-10-18,1.37,0.8628899551470399,216,168
178,152190100,2024-11-02,1.43,0.8878912573524571,216,176
179,152190100,2024-11-22,1.77,1.0188473201992472,216,169
180,150190140,2024-05-01,19.7,3.0301337002713233,200,112
181,150190140,2024-07-10,8.6,2.2617630984737906,200,113
182,150190140,2024-08-14,12.7,2.617395832834079,200,110
183,150190140,2024-08-16,11.1,2.4932054526026954,200,111
184,150190140,2024-08-24,10.7,2.4595888418037104,200,114
185,150190140,2024-09-05,21.9,3.131136910560194,200,106
186,150190140,2024-09-18,8.78,2.280339484046726,200,107
187,150190140,2024-10-10,9.93,2.391511302188447,200,115
188,150190140,2024-10-18,21.8,3.126760535960395,200,108
189,150190140,2024-10-25,10.6,2.451005098112319,200,109
190,150190050,2024-05-01,1.34,0.8501509293696101,201,242
191,150190050,2024-07-10,0.87,0.6259384308664953,201,239
192,150190050,2024-08-14,1.15,0.7654678421395714,201,240
193,150190050,2024-08-24,1.24,0.8064758658669485,201,241
194,150190050,2024-09-05,1.14,0.76080582903376,201,235
195,150190050,2024-09-18,0.94,0.6626879730752367,201,236
196,150190050,2024-10-18,0.76,0.5653138090500605,201,237
197,150190050,2024-10-25,0.85,0.6151856390902335,201,238
198,150220110,2024-05-13,2.54,1.264126727145683,208,139
199,150220110,2024-08-13,1.08,0.7323678937132266,208,142
200,150220110,2024-08-16,0.92,0.6523251860396903,208,143
201,150220110,2024-08-26,0.82,0.598836501088704,208,141
202,150220110,2024-08-28,0.84,0.6097655716208943,208,140
203,150220110,2024-09-07,0.82,0.598836501088704,208,131
204,150220110,2024-09-17,0.84,0.6097655716208943,208,132
205,150220110,2024-09-20,0.92,0.6523251860396903,208,133
206,150220110,2024-09-22,0.86,0.6205764877251099,208,134
207,150220110,2024-10-17,1.03,0.708035793053696,208,135
208,150220110,2024-10-20,0.87,0.6259384308664953,208,136
209,150220110,2024-11-06,0.87,0.6259384308664953,208,137
210,150220110,2024-11-26,0.84,0.6097655716208943,208,138
211,151220130,2024-05-13,3.38,1.4770487243883548,209,219
212,150200070,2024-05-28,6.02,1.9487632180377197,203,232
213,150200070,2024-06-15,5.5,1.8718021769015913,203,233
214,150200070,2024-06-17,5.45,1.864080130807681,203,234
215,151220130,2024-07-09,2.31,1.1969481893889715,209,216
216,150200070,2024-07-22,3.72,1.551808799597464,203,237
217,150200070,2024-07-30,3.58,1.5216989981260935,203,235
218,151220130,2024-08-13,1.93,1.0750024230289759,209,205
219,150200070,2024-08-14,4.41,1.6882490928583902,203,236
220,151220130,2024-08-16,1.82,1.0367368849500223,209,206
221,151220130,2024-08-26,1.69,0.9895411936137477,209,217
222,151220130,2024-08-28,1.66,0.9783261227936076,209,218
223,150200070,2024-08-29,3.31,1.4609379041156565,203,238
224,151220130,2024-09-07,1.52,0.924258901523332,209,208
225,151220130,2024-09-17,2.16,1.1505720275988207,209,209
226,151220130,2024-09-20,1.64,0.9707789171582247,209,210
227,151220130,2024-09-22,1.54,0.9321640810304452,209,211
228,151220130,2024-10-12,1.32,0.8415671856782186,209,220
229,151220130,2024-10-17,1.26,0.8153648132841945,209,212
230,150200070,2024-10-18,3.08,1.4060969884160703,203,231
231,151220130,2024-10-20,1.27,0.8197798314933114,209,213
232,150200070,2024-10-25,2.62,1.2864740258376797,203,239
233,151220130,2024-11-06,1.23,0.8020015854720274,209,214
234,151220130,2024-11-26,1.28,0.8241754429663495,209,215
235,152150100,2024-05-14,22.8,3.169685580677429,197,15
236,152150100,2024-05-17,21.5,3.1135153092103742,197,18
237,152150100,2024-08-12,3.51,1.5062971535145868,197,16
238,152150100,2024-08-20,3.12,1.415853163361435,197,19
239,152150100,2024-08-27,2.91,1.3635373739972745,197,17
240,152150100,2024-09-04,2.54,1.264126727145683,197,10
241,152150100,2024-09-06,2.49,1.2499017362143359,197,11
242,152150100,2024-09-21,2.97,1.3787660946990992,197,12
243,152150100,2024-10-26,2.03,1.1085626195212777,197,13
244,152150100,2024-11-30,3.41,1.4838746894587547,197,14
245,150150130,2024-05-14,0.81,0.5933268452777344,193,103
246,150150130,2024-07-21,0.36,0.3074846997479606,193,105
247,150150130,2024-08-12,0.47,0.3852624007906449,193,104
248,150150130,2024-09-04,0.54,0.43178241642553783,193,106
249,150150130,2024-09-06,0.54,0.43178241642553783,193,100
250,150150130,2024-09-21,0.51,0.412109650826833,193,101
251,150150130,2024-10-24,0.53,0.4252677354043441,193,102
252,150150130,2024-11-30,1.97,1.0885619528146082,193,107
253,153180050,2024-05-01,16.0,2.833213344056216,218,59
254,153180050,2024-05-14,13.2,2.653241964607215,218,48
255,153180050,2024-05-21,12.6,2.6100697927420065,218,61
256,153180050,2024-06-30,9.7,2.3702437414678603,218,49
257,153180050,2024-07-20,8.15,2.21375387928743,218,50
258,153180050,2024-08-14,7.18,2.1016921506146558,218,51
259,153180050,2024-08-24,6.88,2.064327903869788,218,60
260,153180050,2024-09-03,7.32,2.1186622548331173,218,62
261,153180050,2024-09-06,7.24,2.1090003439213802,218,52
262,153180050,2024-09-08,7.0,2.0794415416798357,218,53
263,153180050,2024-09-18,7.81,2.175887439948088,218,54
264,153180050,2024-09-21,7.81,2.175887439948088,218,55
265,153180050,2024-10-01,8.23,2.222459048514761,218,56
266,153180050,2024-10-18,7.32,2.1186622548331173,218,57
267,153180050,2024-11-02,7.0,2.0794415416798357,218,58
268,151190060,2024-05-16,13.3,2.6602595372658615,194,232
269,151190060,2024-07-10,5.64,1.8931119634883424,194,228
270,151190060,2024-07-30,3.9,1.589235205116581,194,229
271,151190060,2024-08-14,5.1,1.8082887711792655,194,230
272,151190060,2024-08-24,3.9,1.589235205116581,194,231
273,151190060,2024-09-18,5.14,1.814824742159051,194,226
274,151190060,2024-10-18,3.33,1.4655675420143985,194,227
275,150200020,2024-05-01,2.47,1.244154593958768,205,82
276,150200020,2024-05-13,2.46,1.2412685890696329,205,84
277,150200020,2024-05-16,3.37,1.4747630091074988,205,87
278,150200020,2024-05-26,2.84,1.3454723665996355,205,85
279,150200020,2024-06-17,1.2,0.7884573603642702,205,83
280,150200020,2024-07-10,0.77,0.5709795465857378,205,86
281,150200020,2024-08-14,1.71,0.9969486348916095,205,81
282,150200020,2024-08-29,0.74,0.5538851132264376,205,88
283,150200020,2024-09-18,2.43,1.2325602611778486,205,76
284,150200020,2024-09-20,1.41,0.8796267475025636,205,77
285,150200020,2024-10-08,0.69,0.5247285289349821,205,78
286,150200020,2024-10-10,0.97,0.6780335427498971,205,79
287,150200020,2024-10-18,0.71,0.5364933705145685,205,80
288,152230010,2024-05-08,2.36,1.2119409739751128,215,189
289,152230010,2024-05-15,2.01,1.1019400787607843,215,184
290,152230010,2024-05-18,1.79,1.0260415958332743,215,185
291,152230010,2024-06-27,1.6,0.9555114450274365,215,192
292,152230010,2024-06-29,1.35,0.8544153281560676,215,186
293,152230010,2024-07-09,0.9,0.6418538861723948,215,187
294,152230010,2024-07-19,0.67,0.5128236264286637,215,191
295,152230010,2024-08-01,0.5,0.4054651081081644,215,193
296,152230010,2024-08-28,0.43,0.3576744442718159,215,188
297,152230010,2024-09-05,0.32,0.2776317365982795,215,175
298,152230010,2024-09-07,0.29,0.2546422183735807,215,176
299,152230010,2024-09-17,0.59,0.46373401623214017,215,177
300,152230010,2024-09-20,0.59,0.46373401623214017,215,178
301,152230010,2024-10-12,0.28,0.2468600779315258,215,179
302,152230010,2024-10-17,0.23,0.20701416938432615,215,180
303,152230010,2024-10-20,0.29,0.2546422183735807,215,181
304,152230010,2024-10-27,0.31,0.27002713721306015,215,182
305,152230010,2024-11-04,0.21,0.1906203596086497,215,190
306,152230010,2024-11-06,0.19,0.173953307123438,215,183
307,150140100,2024-07-06,0.08,0.07696104113612832,194,116
308,150140100,2024-07-21,0.04,0.039220713153281295,194,118
309,150140100,2024-07-23,0.041,0.04018178963283183,194,115
310,150140100,2024-08-07,0.04,0.039220713153281295,194,114
311,150140100,2024-08-12,0.032,0.03149866705937099,194,117
312,150140100,2024-09-01,0.037,0.036331929247390274,194,121
313,150140100,2024-09-04,0.034,0.03343477608623739,194,109
314,150140100,2024-09-19,0.03,0.0295588022415444,194,110
315,150140100,2024-09-21,0.029,0.028587456851912555,194,111
316,150140100,2024-10-16,0.03,0.0295588022415444,194,120
317,150140100,2024-10-24,0.05,0.04879016416943201,194,112
318,150140100,2024-11-23,0.2,0.18232155679395462,194,113
319,150140100,2024-11-30,0.12,0.11332868530700317,194,119
320,151170060,2024-07-10,0.09,0.08617769624105233,193,32
321,151170060,2024-07-15,0.08,0.07696104113612832,193,31
322,151170060,2024-07-30,0.14,0.1310282624064041,193,23
323,151170060,2024-08-12,0.13,0.12221763272424921,193,24
324,151170060,2024-08-14,0.12,0.11332868530700317,193,30
325,151170060,2024-08-24,0.1,0.09531017980432487,193,25
326,151170060,2024-09-06,0.06,0.058268908123975775,193,26
327,151170060,2024-09-18,0.07,0.06765864847381481,193,27
328,151170060,2024-09-21,0.05,0.04879016416943201,193,28
329,151170060,2024-10-26,0.42,0.35065687161316933,193,29
330,151160180,2024-08-12,1.24,0.8064758658669485,192,128
331,151160180,2024-09-06,1.17,0.7747271675523681,192,126
332,151160180,2024-09-21,1.22,0.7975071958841881,192,127
333,151170110,2024-05-01,37.7,3.655839600035736,196,123
334,151170110,2024-05-04,34.5,3.56953269648137,196,124
335,151170110,2024-05-14,21.0,3.091042453358316,196,121
336,151170110,2024-07-10,5.1,1.8082887711792655,196,119
337,151170110,2024-07-30,6.51,2.0162354657760435,196,122
338,151170110,2024-08-12,5.01,1.7934247485471162,196,127
339,151170110,2024-08-14,5.13,1.81319474994812,196,120
340,151170110,2024-08-24,4.23,1.6544112780768316,196,126
341,151170110,2024-09-06,6.51,2.0162354657760435,196,111
342,151170110,2024-09-18,22.2,3.144152278672264,196,112
343,151170110,2024-09-21,14.5,2.740840023925201,196,113
344,151170110,2024-10-01,5.91,1.9329696377795786,196,114
345,151170110,2024-10-16,6.68,2.038619547159581,196,115
346,151170110,2024-10-18,6.32,1.9906103279732201,196,116
347,151170110,2024-10-26,19.9,3.039749158970765,196,117
348,151170110,2024-11-02,7.76,2.1701959049483,196,118
349,151170110,2024-11-22,19.1,3.0007198150650303,196,125
350,150180040,2024-05-04,1.18,0.7793248768009976,190,163
351,150180040,2024-05-09,1.0,0.6931471805599453,190,171
352,150180040,2024-05-14,1.32,0.8415671856782186,190,164
353,150180040,2024-08-12,0.8,0.5877866649021191,190,165
354,150180040,2024-08-14,0.6,0.4700036292457356,190,166
355,150180040,2024-08-24,0.89,0.636576829071551,190,167
356,150180040,2024-09-18,0.7,0.5306282510621704,190,168
357,150180040,2024-09-21,0.53,0.4252677354043441,190,169
358,150180040,2024-10-16,0.4,0.33647223662121295,190,172
359,150180040,2024-10-18,4.17,1.6428726885203377,190,170
360,150190060,2024-05-01,3.5,1.5040773967762742,201,232
361,150190060,2024-07-10,2.49,1.2499017362143359,201,229
362,150190060,2024-08-14,2.1,1.1314021114911006,201,230
363,150190060,2024-08-16,2.17,1.1537315878891892,201,234
364,150190060,2024-08-24,2.3,1.1939224684724346,201,231
365,150190060,2024-09-05,2.34,1.205970806988609,201,225
366,150190060,2024-09-18,2.63,1.2892326482767593,201,226
367,150190060,2024-09-20,2.47,1.244154593958768,201,233
368,150190060,2024-10-18,2.58,1.275362800412609,201,227
369,150190060,2024-10-25,2.28,1.1878434223960523,201,228
370,154180070,2024-05-09,2.37,1.2149127443642704,200,15
371,154180070,2024-05-14,2.26,1.1817271953786161,200,16
372,154180070,2024-05-17,2.34,1.205970806988609,200,17
373,154180070,2024-05-22,2.19,1.1600209167967532,200,18
374,154180070,2024-05-27,1.85,1.0473189942805592,200,19
375,154180070,2024-07-21,1.1,0.7419373447293773,200,20
376,154180070,2024-08-07,0.99,0.688134638736401,200,25
377,154180070,2024-09-06,1.05,0.7178397931503169,200,21
378,154180070,2024-09-19,1.15,0.7654678421395714,200,22
379,154180070,2024-09-21,1.04,0.712949807856125,200,23
380,154180070,2024-10-01,1.06,0.7227059828014898,200,26
381,154180070,2024-10-16,0.98,0.6830968447064438,200,24
382,152230110,2024-05-08,9.13,2.315501318260592,211,118
383,152230110,2024-05-15,8.93,2.295560478057081,211,117
384,152230110,2024-05-18,9.1,2.312535423847214,211,116
385,152230110,2024-06-29,6.93,2.0706530356467567,211,111
386,152230110,2024-07-09,3.1,1.410986973710262,211,114
387,152230110,2024-07-19,2.94,1.3711807233098425,211,110
388,152230110,2024-08-01,4.45,1.6956156086751528,211,112
389,152230110,2024-08-28,2.64,1.2919836816486494,211,113
390,152230110,2024-09-05,2.63,1.2892326482767593,211,100
391,152230110,2024-09-07,2.61,1.2837077723447896,211,109
392,152230110,2024-09-17,2.52,1.2584609896100059,211,101
393,152230110,2024-09-20,2.45,1.2383742310432684,211,102
394,152230110,2024-09-22,2.45,1.2383742310432684,211,103
395,152230110,2024-10-12,2.48,1.247032293786383,211,107
396,152230110,2024-10-17,2.44,1.235471471385307,211,104
397,152230110,2024-10-20,2.44,1.235471471385307,211,105
398,152230110,2024-10-27,2.44,1.235471471385307,211,108
399,152230110,2024-11-04,2.37,1.2149127443642704,211,115
400,152230110,2024-11-06,2.39,1.220829921392359,211,106
401,151220060,2024-05-13,2.85,1.3480731482996928,210,73
402,151220060,2024-05-18,3.3,1.4586150226995167,210,75
403,151220060,2024-06-29,2.34,1.205970806988609,210,72
404,151220060,2024-07-09,1.81,1.0331844833456545,210,71
405,151220060,2024-08-13,1.3,0.832909122935104,210,70
406,151220060,2024-08-16,1.24,0.8064758658669485,210,76
407,151220060,2024-08-28,1.37,0.8628899551470399,210,74
408,151220060,2024-09-17,1.01,0.6981347220709844,210,62
409,151220060,2024-09-20,1.08,0.7323678937132266,210,63
410,151220060,2024-09-25,1.01,0.6981347220709844,210,77
411,151220060,2024-09-30,1.0,0.6931471805599453,210,64
412,151220060,2024-10-12,0.95,0.6678293725756554,210,65
413,151220060,2024-10-17,0.49,0.3987761199573678,210,66
414,151220060,2024-10-20,0.57,0.4510756193602167,210,67
415,151220060,2024-11-06,0.9,0.6418538861723948,210,68
416,151220060,2024-11-26,1.02,0.7030975114131134,210,69
417,152200120,2024-05-01,57.5,4.069026754237811,216,60
418,152200120,2024-05-13,34.3,3.563882963939251,216,56
419,152200120,2024-05-18,29.8,3.427514689979529,216,58
420,152200120,2024-06-17,17.8,2.9338568698359033,216,53
421,152200120,2024-06-30,12.6,2.6100697927420065,216,55
422,152200120,2024-07-10,7.86,2.1815467646169897,216,57
423,152200120,2024-08-14,6.51,2.0162354657760435,216,51
424,152200120,2024-08-24,5.47,1.8671761085128091,216,52
425,152200120,2024-08-29,4.9,1.7749523509116738,216,54
426,152200120,2024-09-03,4.54,1.7119945007591926,216,46
427,152200120,2024-09-08,4.05,1.6193882432872684,216,47
428,152200120,2024-09-20,5.3,1.840549633397487,216,48
429,152200120,2024-09-30,4.83,1.763017000362401,216,49
430,152200120,2024-10-18,4.18,1.6448050562713916,216,50
431,152200120,2024-11-02,4.09,1.6272778305624314,216,59
432,154200010,2024-05-16,4.87,1.769854633840005,219,139
433,154200010,2024-05-21,4.99,1.790091412127358,219,141
434,154200010,2024-06-30,2.67,1.3001916620664788,219,137
435,154200010,2024-07-10,1.78,1.0224509277025458,219,140
436,154200010,2024-08-24,0.79,0.5822156198526637,219,138
437,154200010,2024-08-29,0.55,0.4382549309311553,219,130
438,154200010,2024-09-06,0.62,0.4824261492442927,219,131
439,154200010,2024-09-08,0.57,0.4510756193602167,219,132
440,154200010,2024-09-18,0.95,0.6678293725756554,219,133
441,154200010,2024-09-21,0.71,0.5364933705145685,219,134
442,154200010,2024-10-16,0.51,0.412109650826833,219,135
443,154200010,2024-10-18,0.49,0.3987761199573678,219,136
444,150160280,2024-05-16,2.36,1.2119409739751128,192,69
445,150160280,2024-07-15,0.57,0.4510756193602167,192,70
446,150160280,2024-07-30,0.72,0.5423242908253616,192,71
447,150160280,2024-08-12,0.36,0.3074846997479606,192,72
448,150160280,2024-08-14,0.31,0.27002713721306015,192,73
449,150160280,2024-08-24,0.21,0.1906203596086497,192,74
450,150160280,2024-09-06,0.16,0.14842000511827327,192,75
451,150160280,2024-09-18,0.45,0.37156355643248307,192,76
452,150160280,2024-09-21,0.24,0.2151113796169455,192,77
453,150160280,2024-11-27,4.22,1.6524974018945473,192,78
454,154170240,2024-05-09,0.16,0.14842000511827327,218,213
455,154180230,2024-05-09,0.95,0.6678293725756554,218,204
456,154170240,2024-05-14,0.15,0.13976194237515868,218,212
457,154180230,2024-05-14,0.9,0.6418538861723948,218,203
458,154170240,2024-07-31,0.06,0.058268908123975775,218,211
459,154170240,2024-09-01,0.06,0.058268908123975775,218,210
460,154180230,2024-09-01,0.65,0.5007752879124893,218,205
461,154170240,2024-09-06,0.07,0.06765864847381481,218,206
462,154180230,2024-09-06,0.6,0.4700036292457356,218,199
463,154170240,2024-09-21,0.04,0.039220713153281295,218,207
464,154180230,2024-09-21,0.58,0.4574248470388754,218,200
465,154170240,2024-10-01,0.06,0.058268908123975775,218,208
466,154180230,2024-10-01,0.52,0.41871033485818504,218,201
467,154170240,2024-10-16,0.02,0.019802627296179712,218,209
468,154180230,2024-10-16,0.49,0.3987761199573678,218,202
469,150200140,2024-05-28,2.22,1.169381359556317,203,247
470,150200140,2024-06-15,2.14,1.144222799920162,203,246
471,150200140,2024-06-17,1.94,1.0784095813505903,203,244
472,150200140,2024-07-22,0.8,0.5877866649021191,203,249
473,150200140,2024-07-30,0.74,0.5538851132264376,204,0
474,150200140,2024-08-14,1.53,0.9282193027394289,203,245
475,150200140,2024-08-29,0.67,0.5128236264286637,203,248
476,150200140,2024-09-18,0.83,0.6043159668533296,203,240
477,150200140,2024-10-10,1.73,1.0043016091968684,203,241
478,150200140,2024-10-18,0.48,0.3920420877760237,203,242
479,150200140,2024-10-25,0.44,0.36464311358790924,203,243
480,153220320,2024-05-01,0.48,0.3920420877760237,213,113
481,153220320,2024-05-08,0.27,0.23901690047049992,213,112
482,153220320,2024-05-13,0.26,0.23111172096338664,213,116
483,153220320,2024-05-16,0.28,0.2468600779315258,213,102
484,153220320,2024-05-21,0.19,0.173953307123438,213,114
485,153220320,2024-06-27,0.2,0.18232155679395462,213,115
486,153220320,2024-06-30,0.14,0.1310282624064041,213,103
487,153220320,2024-07-10,0.09,0.08617769624105233,213,108
488,153220320,2024-07-22,0.1,0.09531017980432487,213,109
489,153220320,2024-08-29,0.06,0.058268908123975775,213,110
490,153220320,2024-09-05,0.06,0.058268908123975775,213,104
491,153220320,2024-09-08,0.05,0.04879016416943201,213,105
492,153220320,2024-09-20,0.046,0.044973365642731154,213,106
493,153220320,2024-10-18,0.046,0.044973365642731154,213,107
494,153220320,2024-10-20,0.049,0.04783732941416013,213,111
495,153180030,2024-05-01,6.16,1.9685099809725544,218,159
496,153180030,2024-05-14,4.24,1.6563214983329508,218,158
497,153180030,2024-05-21,3.71,1.5496879080283263,218,156
498,153180030,2024-06-30,2.65,1.2947271675944,218,147
499,153180030,2024-07-20,2.5,1.252762968495368,218,161
500,153180030,2024-08-14,1.79,1.0260415958332743,218,157
501,153180030,2024-08-24,1.75,1.0116009116784799,218,160
502,153180030,2024-08-27,1.68,0.9858167945227653,218,162
503,153180030,2024-09-03,1.8,1.0296194171811583,218,148
504,153180030,2024-09-06,1.77,1.0188473201992472,218,149
505,153180030,2024-09-08,1.73,1.0043016091968684,218,150
506,153180030,2024-09-18,2.1,1.1314021114911006,218,151
507,153180030,2024-09-21,1.96,1.085189268335969,218,152
508,153180030,2024-10-01,1.93,1.0750024230289759,218,153
509,153180030,2024-10-18,1.8,1.0296194171811583,218,154
510,153180030,2024-11-02,1.6,0.9555114450274365,218,155
511,151210130,2024-05-13,2.56,1.269760544863939,208,159
512,151210130,2024-08-16,1.98,1.091923300517313,208,160
513,151210130,2024-09-20,1.68,0.9858167945227653,208,161
514,151210130,2024-10-10,1.55,0.9360933591703348,208,164
515,151210130,2024-10-20,1.49,0.9122827104766162,208,162
516,151210130,2024-10-25,1.45,0.8960880245566356,208,163
517,150170160,2024-05-01,11.0,2.4849066497880004,190,111
518,150170170,2024-05-01,2.98,1.3812818192963463,190,120
519,150170160,2024-05-09,6.44,2.0068708488450007,190,104
520,150170170,2024-05-09,2.98,1.3812818192963463,190,113
521,150170160,2024-07-30,1.69,0.9895411936137477,190,112
522,150170170,2024-07-30,1.28,0.8241754429663495,190,121
523,150170160,2024-08-12,2.64,1.2919836816486494,190,110
524,150170170,2024-08-12,1.96,1.085189268335969,190,119
525,150170160,2024-08-14,2.35,1.208960345836975,190,109
526,150170170,2024-08-14,1.92,1.0715836162801904,190,118
527,150170160,2024-08-24,5.48,1.8687205103641835,190,105
528,150170170,2024-08-24,2.61,1.2837077723447896,190,114
529,150170160,2024-09-18,3.8,1.5686159179138452,190,106
530,150170170,2024-09-18,1.92,1.0715836162801904,190,115
531,150170160,2024-09-21,2.5,1.252762968495368,190,107
532,150170170,2024-09-21,1.64,0.9707789171582247,190,116
533,150170160,2024-11-05,1.35,0.8544153281560676,190,108
534,150170170,2024-11-05,0.25,0.22314355131420976,190,117
535,152220070,2024-05-08,4.5,1.7047480922384253,215,206
536,152220070,2024-05-15,3.56,1.5173226235262947,215,194
537,152220070,2024-05-18,3.49,1.501852701754163,215,209
538,152220070,2024-06-27,3.24,1.4445632692438664,215,214
539,152220070,2024-06-29,2.67,1.3001916620664788,215,207
540,152220070,2024-07-09,1.57,0.9439058989071285,215,205
541,152220070,2024-07-19,1.13,0.7561219797213337,215,208
542,152220070,2024-08-01,0.93,0.6575200029167942,215,211
543,152220070,2024-08-28,0.88,0.6312717768418579,215,210
544,152220070,2024-09-05,0.71,0.5364933705145685,215,195
545,152220070,2024-09-07,0.63,0.48858001481867097,215,196
546,152220070,2024-09-17,1.07,0.7275486072772778,215,197
547,152220070,2024-09-20,0.97,0.6780335427498971,215,198
548,152220070,2024-09-22,0.95,0.6678293725756554,215,212
549,152220070,2024-09-25,1.36,0.8586616190375187,215,213
550,152220070,2024-10-12,0.55,0.4382549309311553,215,199
551,152220070,2024-10-17,0.35,0.30010459245033805,215,200
552,152220070,2024-10-20,0.65,0.5007752879124893,215,201
553,152220070,2024-10-27,0.7,0.5306282510621704,215,202
554,152220070,2024-11-04,0.41,0.3435897043900769,215,203
555,152220070,2024-11-06,0.38,0.32208349916911333,215,204
556,153190050,2024-05-01,36.8,3.632309102625542,217,134
557,153190050,2024-05-14,35.0,3.58351893845611,217,135
558,153190050,2024-06-30,22.3,3.148453360571655,217,121
559,153190050,2024-07-20,14.1,2.714694743820879,217,129
560,153190050,2024-08-14,9.35,2.336986519711378,217,130
561,153190050,2024-08-24,10.8,2.468099531471619,217,131
562,153190050,2024-08-27,9.84,2.3832429960115,217,132
563,153190050,2024-09-03,10.0,2.3978952727983707,217,122
564,153190050,2024-09-06,9.98,2.3960754360813845,217,123
565,153190050,2024-09-08,9.6,2.3608540011180215,217,124
566,153190050,2024-09-18,16.8,2.8791984572980396,217,133
567,153190050,2024-09-21,17.4,2.91235066461494,217,125
568,153190050,2024-10-01,13.5,2.6741486494265287,217,126
569,153190050,2024-10-18,10.8,2.468099531471619,217,127
570,153190050,2024-11-02,8.88,2.2905125117597764,217,128
571,151210040,2024-05-01,3.3,1.4586150226995167,208,217
572,151210040,2024-05-13,5.19,1.8229350866965048,208,213
573,151210040,2024-05-16,5.19,1.8229350866965048,208,216
574,151210040,2024-05-26,3.83,1.5748464676644813,208,215
575,151210040,2024-07-10,1.17,0.7747271675523681,208,218
576,151210040,2024-08-14,1.5,0.9162907318741551,208,214
577,151210040,2024-09-18,2.9,1.3609765531356006,208,207
578,151210040,2024-09-20,2.81,1.3376291891386096,208,208
579,151210040,2024-10-10,3.57,1.5195132049061133,208,209
580,151210040,2024-10-18,1.37,0.8628899551470399,208,210
581,151210040,2024-10-20,1.28,0.8241754429663495,208,211
582,151210040,2024-10-25,1.43,0.8878912573524571,208,212
583,153180110,2024-05-01,26.9,3.32862668882732,218,189
584,153180110,2024-05-14,15.8,2.8213788864092133,218,193
585,153180110,2024-05-21,13.1,2.6461747973841225,218,188
586,153180110,2024-06-30,8.34,2.234306252240751,218,178
587,153180110,2024-07-20,5.92,1.9344157696295783,218,179
588,153180110,2024-08-14,4.94,1.7817091333745536,218,190
589,153180110,2024-08-24,5.66,1.8961194845522977,218,191
590,153180110,2024-08-27,4.94,1.7817091333745536,218,192
591,153180110,2024-09-03,5.01,1.7934247485471162,218,180
592,153180110,2024-09-06,5.03,1.7967470107390942,218,181
593,153180110,2024-09-08,4.97,1.7867469274045107,218,182
594,153180110,2024-09-18,6.28,1.9851308622085946,218,183
595,153180110,2024-09-21,5.08,1.8050046959780757,218,184
596,153180110,2024-10-01,5.38,1.8531680973566984,218,185
597,153180110,2024-10-18,3.97,1.6034198401085373,218,186
598,153180110,2024-11-02,3.75,1.55814461804655,218,187
599,154220090,2024-05-08,1.37,0.8628899551470399,220,59
600,154220090,2024-05-16,1.11,0.7466879474879752,220,58
601,154220090,2024-06-27,1.24,0.8064758658669485,220,56
602,154220090,2024-06-30,1.18,0.7793248768009976,220,57
603,154220090,2024-07-10,0.77,0.5709795465857378,220,53
604,154220090,2024-07-15,0.68,0.5187937934151676,220,54
605,154220090,2024-08-24,0.39,0.3293037471426004,220,55
606,154220090,2024-08-29,0.33,0.2851789422336624,220,48
607,154220090,2024-09-05,0.31,0.27002713721306015,220,49
608,154220090,2024-09-08,0.31,0.27002713721306015,220,50
609,154220090,2024-09-20,0.34,0.29266961396282,220,51
610,154220090,2024-10-18,0.34,0.29266961396282,220,52
611,153190160,2024-05-01,10.2,2.4159137783010487,216,35
612,153190160,2024-06-30,2.73,1.3164082336557241,216,30
613,153190160,2024-07-10,2.06,1.1184149159642893,216,33
614,153190160,2024-08-14,1.44,0.8919980393051105,216,31
615,153190160,2024-08-24,0.86,0.6205764877251099,216,32
616,153190160,2024-08-29,1.4,0.8754687373538999,216,34
617,153190160,2024-09-03,1.54,0.9321640810304452,216,26
618,153190160,2024-09-08,1.5,0.9162907318741551,216,27
619,153190160,2024-10-18,1.12,0.7514160886839212,216,28
620,153190160,2024-11-02,1.03,0.708035793053696,216,29
621,150190010,2024-07-10,0.17,0.15700374880966475,202,57
622,150190010,2024-07-30,0.12,0.11332868530700317,202,60
623,150190010,2024-08-14,0.12,0.11332868530700317,202,58
624,150190010,2024-08-24,0.1,0.09531017980432487,202,59
625,150190010,2024-09-18,0.12,0.11332868530700317,202,55
626,150190010,2024-10-18,0.07,0.06765864847381481,202,56
627,150200030,2024-05-01,22.8,3.169685580677429,205,60
628,150200030,2024-05-13,22.7,3.1654750481410856,205,57
629,150200030,2024-05-16,23.5,3.1986731175506815,205,56
630,150200030,2024-05-26,21.2,3.100092288878234,205,58
631,150200030,2024-06-17,10.9,2.4765384001174837,205,54
632,150200030,2024-07-10,7.69,2.162172939277301,205,61
633,150200030,2024-08-14,10.7,2.4595888418037104,205,55
634,150200030,2024-08-29,7.06,2.086913556518537,205,59
635,150200030,2024-09-18,13.4,2.667228206581955,205,49
636,150200030,2024-09-20,9.81,2.380471631651117,205,50
637,150200030,2024-10-08,6.29,1.986503546020567,205,51
638,150200030,2024-10-10,7.83,2.178155014615869,205,52
639,150200030,2024-10-18,5.86,1.925707441737794,205,53
640,150210140,2024-08-16,1.23,0.8020015854720274,206,56
641,150210140,2024-10-20,0.63,0.48858001481867097,206,54
642,150210140,2024-10-25,0.65,0.5007752879124893,206,55
643,151160040,2024-05-14,1.9,1.0647107369924282,192,214
644,151160040,2024-07-21,0.27,0.23901690047049992,192,212
645,151160040,2024-08-12,0.37,0.31481073984003355,192,215
646,151160040,2024-09-04,0.21,0.1906203596086497,192,213
647,151160040,2024-09-06,0.17,0.15700374880966475,192,209
648,151160040,2024-09-21,0.24,0.2151113796169455,192,210
649,151160040,2024-10-24,0.37,0.31481073984003355,192,211
650,150150120,2024-05-14,0.24,0.2151113796169455,193,98
651,150150120,2024-07-21,0.16,0.14842000511827327,193,97
652,150150120,2024-08-12,0.26,0.23111172096338664,193,96
653,150150120,2024-09-04,0.27,0.23901690047049992,193,99
654,150150120,2024-09-06,0.27,0.23901690047049992,193,95
655,150150120,2024-09-21,0.27,0.23901690047049992,193,92
656,150150120,2024-10-24,0.2,0.18232155679395462,193,93
657,150150120,2024-11-30,1.12,0.7514160886839212,193,94
658,151180120,2024-05-14,35.8,3.6054978451748854,195,1
659,151180120,2024-07-10,15.9,2.827313621929028,194,249
660,151180120,2024-07-30,13.0,2.639057329615259,194,246
661,151180120,2024-08-12,14.0,2.70805020110221,195,0
662,151180120,2024-08-14,13.7,2.6878474937846906,194,247
663,151180120,2024-08-24,13.2,2.653241964607215,194,248
664,151180120,2024-09-18,14.0,2.70805020110221,194,240
665,151180120,2024-09-21,12.2,2.580216829592325,194,241
666,151180120,2024-10-01,10.0,2.3978952727983707,194,242
667,151180120,2024-10-16,11.3,2.509599262378372,195,2
668,151180120,2024-10-18,10.3,2.424802725718295,194,243
669,151180120,2024-10-26,10.9,2.4765384001174837,194,244
670,151180120,2024-11-02,9.24,2.3263016196113617,194,245
671,153220100,2024-05-08,91.0,4.5217885770490405,213,24
672,153220100,2024-05-16,70.6,4.2710950739666,213,23
673,153220100,2024-05-18,66.5,4.212127597878484,213,22
674,153220100,2024-05-21,61.8,4.139955073474153,213,21
675,153220100,2024-05-26,60.8,4.123903364463645,213,20
676,153220100,2024-06-30,41.3,3.744787086052232,213,19
677,153220100,2024-08-29,8.65,2.2669579153508947,213,16
678,153220100,2024-09-20,7.15,2.0980179272527715,213,17
679,153220100,2024-10-18,5.87,1.927164106234258,213,18
680,150160150,2024-05-01,2.0,1.0986122886681096,191,197
681,150160170,2024-05-01,6.06,1.9544450515051506,191,128
682,150160150,2024-05-09,1.37,0.8628899551470399,191,193
683,150160170,2024-05-09,3.56,1.5173226235262947,191,124
684,150160150,2024-07-10,0.78,0.5766133643039938,191,195
685,150160170,2024-07-10,1.54,0.9321640810304452,191,126
686,150160150,2024-07-30,0.84,0.6097655716208943,191,192
687,150160170,2024-07-30,1.76,1.0152306797290587,191,123
688,150160150,2024-08-12,0.89,0.636576829071551,191,198
689,150160170,2024-08-12,1.82,1.0367368849500223,191,129
690,150160150,2024-08-14,0.82,0.598836501088704,191,194
691,150160170,2024-08-14,1.72,1.000631880307906,191,125
692,150160150,2024-08-24,0.61,0.4762341789963716,191,196
693,150160170,2024-08-24,1.23,0.8020015854720274,191,127
694,150160150,2024-09-18,1.05,0.7178397931503169,191,189
695,150160170,2024-09-18,1.25,0.8109302162163288,191,120
696,150160150,2024-09-21,0.81,0.5933268452777344,191,190
697,150160170,2024-09-21,0.98,0.6830968447064438,191,121
698,150160150,2024-11-05,0.57,0.4510756193602167,191,191
699,150160170,2024-11-05,0.54,0.43178241642553783,191,122
700,151200100,2024-05-01,2.23,1.172482137234565,208,175
701,151200100,2024-05-13,2.54,1.264126727145683,208,177
702,151200100,2024-05-16,1.9,1.0647107369924282,208,173
703,151200100,2024-06-17,0.8,0.5877866649021191,208,171
704,151200100,2024-07-10,0.48,0.3920420877760237,208,174
705,151200100,2024-08-14,0.67,0.5128236264286637,208,172
706,151200100,2024-08-29,0.5,0.4054651081081644,208,176
707,151200100,2024-09-18,0.83,0.6043159668533296,208,165
708,151200100,2024-09-20,0.63,0.48858001481867097,208,166
709,151200100,2024-10-08,0.63,0.48858001481867097,208,167
710,151200100,2024-10-10,2.17,1.1537315878891892,208,168
711,151200100,2024-10-18,0.52,0.41871033485818504,208,169
712,151200100,2024-10-25,0.61,0.4762341789963716,208,170
713,154170110,2024-05-09,14.1,2.714694743820879,199,224
714,154170110,2024-05-14,14.2,2.7212954278522306,199,225
715,154170110,2024-05-17,14.3,2.72785282839839,199,223
716,154170110,2024-05-22,13.8,2.6946271807700692,199,222
717,154170110,2024-07-21,9.56,2.3570732782781154,199,226
718,154170110,2024-07-31,9.4,2.341805806147327,199,221
719,154170110,2024-09-06,9.35,2.336986519711378,199,218
720,154170110,2024-09-19,9.66,2.3664984187376987,199,219
721,154170110,2024-10-01,9.46,2.347558458636777,199,220
722,149180020,2024-05-01,54.7,4.019980146933238,190,2
723,149180020,2024-07-10,14.1,2.714694743820879,190,5
724,149180020,2024-08-14,20.0,3.044522437723423,190,3
725,149180020,2024-08-24,27.7,3.3568971227655755,190,4
726,149180020,2024-09-18,21.7,3.122364924487357,190,0
727,149180020,2024-10-18,40.9,3.735285826928092,190,1
728,154160140,2024-05-09,21.4,3.109060958860994,199,118
729,154160140,2024-05-14,21.1,3.0955776085237074,199,119
730,154160140,2024-05-17,20.0,3.044522437723423,199,117
731,154160140,2024-05-22,19.9,3.039749158970765,199,116
732,154160140,2024-07-21,14.9,2.766319109226186,199,120
733,154160140,2024-07-31,13.3,2.6602595372658615,199,115
734,154160140,2024-09-01,13.6,2.681021528714291,199,122
735,154160140,2024-09-04,15.7,2.8154087194227095,199,121
736,154160140,2024-09-19,17.1,2.89591193827178,199,113
737,154160140,2024-10-01,18.7,2.9806186357439426,199,114
738,150220140,2024-05-13,7.99,2.196112848483529,207,161
739,150220140,2024-05-15,8.3,2.2300144001592104,207,162
740,150220140,2024-07-07,2.87,1.3532545070416904,207,163
741,150220140,2024-08-13,1.47,0.9042181506398859,207,164
742,150220140,2024-08-16,1.52,0.924258901523332,207,165
743,150220140,2024-08-26,1.39,0.8712933659434192,207,166
744,150220140,2024-08-28,1.3,0.832909122935104,207,175
745,150220140,2024-09-07,1.41,0.8796267475025636,207,168
746,150220140,2024-09-20,1.15,0.7654678421395714,207,169
747,150220140,2024-10-17,1.01,0.6981347220709844,207,170
748,150220140,2024-10-20,0.93,0.6575200029167942,207,171
749,150220140,2024-10-25,1.01,0.6981347220709844,207,172
750,150220140,2024-11-06,0.78,0.5766133643039938,207,173
751,150220140,2024-11-26,1.16,0.7701082216960736,207,174
752,153220110,2024-05-01,8.01,2.1983350716202463,213,82
753,153220110,2024-05-08,5.29,1.8389610707123492,213,84
754,153220110,2024-05-16,3.42,1.4861396960896067,213,81
755,153220110,2024-05-18,3.37,1.4747630091074988,213,80
756,153220110,2024-05-21,3.16,1.425515074273172,213,83
757,153220110,2024-05-26,3.5,1.5040773967762742,213,79
758,153220110,2024-06-27,2.71,1.3110318766193438,213,77
759,153220110,2024-06-30,2.48,1.247032293786383,213,78
760,153220110,2024-08-29,0.48,0.3920420877760237,213,73
761,153220110,2024-09-08,0.79,0.5822156198526637,213,74
762,153220110,2024-09-20,1.04,0.712949807856125,213,75
763,153220110,2024-10-18,0.34,0.29266961396282,213,76
764,153180080,2024-05-01,2160.0,7.6783263565068856,201,132
765,153180080,2024-05-14,1740.0,7.462214939768189,201,131
766,153180080,2024-05-21,1630.0,7.396948602621014,201,130
767,153180080,2024-07-20,695.0,6.54534966033442,201,125
768,153180080,2024-08-14,766.0,6.642486801367256,201,126
769,153180080,2024-08-24,632.0,6.450470422144176,201,128
770,153180080,2024-08-27,545.0,6.302618975744905,201,129
771,153180080,2024-09-03,490.0,6.19644412779452,201,118
772,153180080,2024-09-06,479.0,6.173786103901937,201,127
773,153180080,2024-09-08,473.0,6.161207321695077,201,123
774,153180080,2024-09-18,500.0,6.2166061010848646,201,119
775,153180080,2024-09-21,546.0,6.304448802421981,201,120
776,153180080,2024-10-01,439.0,6.0867747269123065,201,121
777,153180080,2024-10-18,497.0,6.210600077024653,201,122
778,153180080,2024-11-02,420.0,6.042632833682381,201,124
779,152150230,2024-05-14,1.59,0.9516578757114464,198,105
780,152150230,2024-05-17,1.58,0.9477893989335261,198,106
781,152150230,2024-07-21,1.15,0.7654678421395714,198,109
782,152150230,2024-07-23,1.38,0.8671004876833832,198,107
783,152150230,2024-08-12,1.2,0.7884573603642702,198,108
784,152150230,2024-08-20,0.95,0.6678293725756554,198,110
785,152150230,2024-09-04,1.03,0.708035793053696,198,100
786,152150230,2024-09-06,0.98,0.6830968447064438,198,101
787,152150230,2024-09-21,1.63,0.9669838461896731,198,102
788,152150230,2024-10-26,1.15,0.7654678421395714,198,103
789,152150230,2024-11-30,1.12,0.7514160886839212,198,104
790,153179996,2024-05-14,2.06,1.1184149159642893,218,18
791,153179996,2024-05-17,2.07,1.1216775615991057,218,19
792,153179996,2024-07-21,1.46,0.9001613499442714,218,17
793,153179996,2024-07-31,1.33,0.8458682675776092,218,16
794,153179996,2024-08-20,1.0,0.6931471805599453,218,20
795,153179996,2024-09-01,1.2,0.7884573603642702,218,15
796,153179996,2024-09-19,1.63,0.9669838461896731,218,14
797,151150180,2024-05-14,1.08,0.7323678937132266,192,232
798,151150180,2024-07-21,0.47,0.3852624007906449,192,238
799,151150180,2024-09-04,0.4,0.33647223662121295,192,236
800,151150180,2024-09-06,0.38,0.32208349916911333,192,233
801,151150180,2024-09-21,0.33,0.2851789422336624,192,234
802,151150180,2024-10-24,0.44,0.36464311358790924,192,235
803,151150180,2024-11-30,0.83,0.6043159668533296,192,237
804,152230030,2024-05-08,2.86,1.3506671834767394,212,95
805,152230030,2024-05-15,2.04,1.1118575154181303,212,94
806,152230030,2024-05-18,1.99,1.095273387402595,212,96
807,152230030,2024-06-29,0.95,0.6678293725756554,212,93
808,152230030,2024-07-09,0.66,0.5068176023684519,212,91
809,152230030,2024-07-19,0.43,0.3576744442718159,212,92
810,152230030,2024-08-01,0.42,0.35065687161316933,212,98
811,152230030,2024-08-28,0.25,0.22314355131420976,212,97
812,152230030,2024-09-05,0.34,0.29266961396282,212,81
813,152230030,2024-09-07,0.32,0.2776317365982795,212,82
814,152230030,2024-09-17,0.49,0.3987761199573678,212,83
815,152230030,2024-09-20,0.49,0.3987761199573678,212,84
816,152230030,2024-10-12,0.27,0.23901690047049992,212,85
817,152230030,2024-10-17,0.13,0.12221763272424921,212,86
818,152230030,2024-10-20,0.31,0.27002713721306015,212,87
819,152230030,2024-10-27,0.27,0.23901690047049992,212,88
820,152230030,2024-11-04,0.19,0.173953307123438,212,90
821,152230030,2024-11-06,0.19,0.173953307123438,212,89
822,150160030,2024-05-14,0.35,0.30010459245033805,192,119
823,150160030,2024-08-12,0.047,0.045928931888399804,192,116
824,150160030,2024-09-06,0.031,0.030529205034822874,192,117
825,150160030,2024-09-21,0.043,0.04210117601863539,192,118
826,150160030,2024-11-30,0.33,0.2851789422336624,192,120
827,153170050,2024-05-14,7.68,2.1610215286722587,217,235
828,153170050,2024-05-17,7.62,2.154085084675602,217,233
829,153170050,2024-07-21,4.35,1.6770965609079151,217,237
830,153170050,2024-07-31,4.07,1.623340817603092,217,232
831,153170050,2024-08-20,4.09,1.6272778305624314,217,234
832,153170050,2024-09-01,4.09,1.6272778305624314,217,236
833,153170050,2024-09-19,5.08,1.8050046959780757,217,230
834,153170050,2024-09-21,5.39,1.8547342683894434,217,231
835,154160130,2024-05-09,3.85,1.578978704949392,199,53
836,154160130,2024-05-14,3.62,1.5303947050936475,199,52
837,154160130,2024-05-17,3.7,1.547562508716013,199,51
838,154160130,2024-05-22,3.57,1.5195132049061133,199,50
839,154160130,2024-07-21,2.93,1.3686394258811698,199,48
840,154160130,2024-07-31,2.78,1.3297240096314962,199,49
841,154160130,2024-09-01,2.97,1.3787660946990992,199,54
842,154160130,2024-09-04,2.87,1.3532545070416904,199,45
843,154160130,2024-09-19,2.76,1.324418957401803,199,46
844,154160130,2024-10-01,2.77,1.3270750014599193,199,47
845,149180060,2024-05-01,5.66,1.8961194845522977,190,135
846,149180070,2024-05-01,0.16,0.14842000511827327,190,141
847,149180060,2024-07-10,1.62,0.9631743177730056,190,136
848,149180070,2024-07-10,0.22,0.1988508587451652,190,142
849,149180060,2024-08-14,2.79,1.332366019094335,190,137
850,149180070,2024-08-14,0.17,0.15700374880966475,190,143
851,149180060,2024-08-24,2.11,1.1346227261911428,190,138
852,149180070,2024-08-24,0.12,0.11332868530700317,190,144
853,149180060,2024-09-18,1.49,0.9122827104766162,190,139
854,149180070,2024-09-18,0.16,0.14842000511827327,190,145
855,149180060,2024-10-18,9.08,2.3105532626432224,190,140
856,149180070,2024-10-18,0.16,0.14842000511827327,190,146
857,149190080,2024-05-01,10.7,2.4595888418037104,202,140
858,149190080,2024-07-10,2.85,1.3480731482996928,202,137
859,149190080,2024-08-14,3.46,1.4951487660319727,202,139
860,149190080,2024-08-16,4.18,1.6448050562713916,202,138
861,149190080,2024-08-24,1.96,1.085189268335969,202,136
862,149190080,2024-09-05,3.07,1.4036429994545037,202,130
863,149190080,2024-09-18,3.24,1.4445632692438664,202,131
864,149190080,2024-09-20,2.44,1.235471471385307,202,132
865,149190080,2024-10-10,1.74,1.007957920399979,202,133
866,149190080,2024-10-18,6.07,1.9558604799084813,202,134
867,149190080,2024-10-25,1.35,0.8544153281560676,202,135
868,149200330,2024-05-28,3.9,1.589235205116581,205,28
869,149200330,2024-06-17,2.92,1.366091653802371,205,29
870,149200330,2024-07-22,1.34,0.8501509293696101,205,30
871,149200330,2024-10-10,0.85,0.6151856390902335,205,26
872,149200330,2024-10-25,0.44,0.36464311358790924,205,27
873,152150130,2024-05-14,295.0,5.69035945432406,190,62
874,152150130,2024-07-06,133.0,4.897839799950911,190,61
875,152150130,2024-07-21,100.0,4.61512051684126,190,60
876,152150130,2024-08-12,120.0,4.795790545596741,190,59
877,152150130,2024-09-04,108.0,4.6913478822291435,190,56
878,152150130,2024-09-06,136.0,4.919980925828125,190,57
879,152150130,2024-09-21,112.0,4.727387818712341,190,58
880,149220080,2024-05-05,2.06,1.1184149159642893,207,18
881,149220080,2024-07-07,1.48,0.9082585601768908,207,17
882,149220080,2024-07-27,0.27,0.23901690047049992,207,19
883,149220080,2024-08-13,1.72,1.000631880307906,207,20
884,149220080,2024-08-28,0.44,0.36464311358790924,207,21
885,149220080,2024-09-02,2.5,1.252762968495368,207,24
886,149220080,2024-09-07,0.31,0.27002713721306015,207,23
887,149220080,2024-09-22,0.45,0.37156355643248307,207,22
888,149220080,2024-10-17,0.25,0.22314355131420976,207,11
889,149220080,2024-10-20,0.2,0.18232155679395462,207,12
890,149220080,2024-10-22,0.21,0.1906203596086497,207,13
891,149220080,2024-10-25,0.17,0.15700374880966475,207,14
892,149220080,2024-11-06,0.12,0.11332868530700317,207,15
893,149220080,2024-11-11,0.22,0.1988508587451652,207,16
894,154160080,2024-05-14,1.52,0.924258901523332,198,237
895,154160080,2024-05-17,1.59,0.9516578757114464,198,238
896,154160080,2024-07-21,1.18,0.7793248768009976,198,235
897,154160080,2024-07-31,1.2,0.7884573603642702,198,239
898,154160080,2024-08-20,1.23,0.8020015854720274,198,236
899,154160080,2024-09-01,1.15,0.7654678421395714,198,231
900,154160080,2024-09-19,0.86,0.6205764877251099,198,232
901,154160080,2024-09-21,0.85,0.6151856390902335,198,233
902,154160080,2024-10-26,0.99,0.688134638736401,198,234
903,151210070,2024-05-01,4.69,1.7387102481382395,210,145
904,151210070,2024-05-13,2.34,1.205970806988609,210,146
905,151210070,2024-05-26,4.16,1.6409365794934714,210,147
906,151210070,2024-06-17,1.55,0.9360933591703348,210,148
907,151210070,2024-06-30,1.05,0.7178397931503169,210,149
908,151210070,2024-08-14,0.73,0.5481214085096876,210,150
909,151210070,2024-08-29,0.86,0.6205764877251099,210,151
910,151210070,2024-09-03,0.61,0.4762341789963716,210,152
911,151210070,2024-09-08,0.57,0.4510756193602167,210,153
912,151210070,2024-09-18,1.03,0.708035793053696,210,154
913,151210070,2024-09-20,0.73,0.5481214085096876,210,155
914,151210070,2024-10-10,0.64,0.49469624183610705,210,156
915,151210070,2024-10-18,0.46,0.3784364357202451,210,157
916,151210070,2024-11-02,0.44,0.36464311358790924,210,158
917,151210070,2024-11-04,0.41,0.3435897043900769,210,159
918,153220090,2024-06-27,2.14,1.144222799920162,213,216
919,153220090,2024-06-30,1.51,0.9202827531436926,213,211
920,153220090,2024-08-29,0.49,0.3987761199573678,213,212
921,153220090,2024-09-08,0.44,0.36464311358790924,213,213
922,153220090,2024-09-20,0.41,0.3435897043900769,213,214
923,153220090,2024-10-18,0.26,0.23111172096338664,213,215
924,149190120,2024-05-01,18.3,2.9601050959108397,202,157
925,149190120,2024-07-10,9.45,2.34660197841082,202,159
926,149190120,2024-08-14,9.06,2.3085671646715933,202,158
927,149190120,2024-08-16,3.41,1.4838746894587547,202,162
928,149190120,2024-08-24,4.18,1.6448050562713916,202,160
929,149190120,2024-09-05,5.73,1.9065751436566365,202,152
930,149190120,2024-09-18,8.07,2.2049722641270453,202,153
931,149190120,2024-09-20,4.87,1.769854633840005,202,154
932,149190120,2024-10-10,3.38,1.4770487243883548,202,161
933,149190120,2024-10-18,7.98,2.194999882314108,202,155
934,149190120,2024-10-25,1.84,1.0438040521731147,202,156
935,153220310,2024-05-01,3.0,1.3862943611198906,213,202
936,153220310,2024-05-08,2.55,1.2669476034873244,213,201
937,153220310,2024-05-13,2.1,1.1314021114911006,213,200
938,153220310,2024-05-16,1.89,1.0612565021243408,213,203
939,153220310,2024-06-27,0.86,0.6205764877251099,213,204
940,153220310,2024-06-30,0.91,0.6471032420585385,213,199
941,153220310,2024-07-10,0.79,0.5822156198526637,213,198
942,153220310,2024-08-24,0.33,0.2851789422336624,213,196
943,153220310,2024-08-29,0.34,0.29266961396282,213,197
944,153220310,2024-09-05,0.34,0.29266961396282,213,194
945,153220310,2024-09-08,0.33,0.2851789422336624,213,191
946,153220310,2024-09-20,0.32,0.2776317365982795,213,192
947,153220310,2024-10-18,0.19,0.173953307123438,213,193
948,153220310,2024-10-20,0.19,0.173953307123438,213,195
949,153180010,2024-05-01,9.05,2.307572634505085,218,45
950,153180010,2024-05-14,8.6,2.2617630984737906,218,44
951,153180010,2024-08-14,4.87,1.769854633840005,218,42
952,153180010,2024-08-27,5.34,1.8468787684491346,218,47
953,153180010,2024-09-01,5.46,1.8656293177945105,218,38
954,153180010,2024-09-03,5.46,1.8656293177945105,218,46
955,153180010,2024-09-06,5.19,1.8229350866965048,218,39
956,153180010,2024-09-21,5.19,1.8229350866965048,218,40
957,153180010,2024-10-01,5.01,1.7934247485471162,218,41
958,153180010,2024-10-18,5.72,1.9050881545350582,218,43
959,153160260,2024-05-14,3.6,1.5260563034950494,197,233
960,153160260,2024-05-17,3.52,1.5085119938441398,197,229
961,153160260,2024-07-21,1.76,1.0152306797290587,197,230
962,153160260,2024-07-31,1.66,0.9783261227936076,197,231
963,153160260,2024-08-20,1.48,0.9082585601768908,197,232
964,153160260,2024-09-01,1.51,0.9202827531436926,197,227
965,153160260,2024-09-19,1.61,0.9593502213346021,197,234
966,153160260,2024-09-21,1.62,0.9631743177730056,197,228
967,152160070,2024-05-14,71.4,4.282206299391671,197,110
968,152160070,2024-05-17,67.7,4.229749199228304,197,109
969,152160070,2024-06-01,55.5,4.034240638152395,197,108
970,152160070,2024-07-21,37.5,3.6506582412937387,197,106
971,152160070,2024-07-23,37.6,3.653252276470785,197,105
972,152160070,2024-08-20,30.2,3.4404180948154366,197,112
973,152160070,2024-08-27,28.6,3.3877743613300146,197,104
974,152160070,2024-09-01,30.8,3.459466289786131,197,111
975,152160070,2024-09-04,27.7,3.3568971227655755,197,99
976,152160070,2024-09-06,30.0,3.4339872044851463,197,100
977,152160070,2024-09-21,27.7,3.3568971227655755,197,101
978,152160070,2024-10-16,24.2,3.2268439945173775,197,102
979,152160070,2024-10-26,23.4,3.1945831322991562,197,103
980,152160070,2024-11-30,24.2,3.2268439945173775,197,107
981,152210100,2024-05-01,6.72,2.0438143640366846,214,132
982,152210100,2024-05-13,2.67,1.3001916620664788,214,129
983,152210100,2024-05-18,3.01,1.3887912413184778,214,130
984,152210100,2024-05-26,5.18,1.8213182714695995,214,131
985,152210100,2024-06-30,1.04,0.712949807856125,214,133
986,152210100,2024-08-16,0.48,0.3920420877760237,214,128
987,152210100,2024-08-29,0.34,0.29266961396282,214,134
988,152210100,2024-09-08,0.48,0.3920420877760237,214,122
989,152210100,2024-09-18,0.35,0.30010459245033805,214,123
990,152210100,2024-09-20,0.26,0.23111172096338664,214,124
991,152210100,2024-10-18,0.27,0.23901690047049992,214,125
992,152210100,2024-11-02,0.28,0.2468600779315258,214,126
993,152210100,2024-11-04,0.26,0.23111172096338664,214,127
994,149200230,2024-05-28,86.4,4.470495282661489,204,87
995,149200230,2024-06-17,98.1,4.596129441335942,204,86
996,149200230,2024-07-22,49.4,3.919991175077323,204,88
997,149200230,2024-10-10,40.3,3.720862499966987,204,84
998,149200230,2024-10-25,26.6,3.3178157727231046,204,85
999,149190010,2024-07-10,0.76,0.5653138090500605,201,203
1000,149190010,2024-08-14,0.63,0.48858001481867097,201,201
1001,149190010,2024-08-16,1.11,0.7466879474879752,201,202
1002,149190010,2024-08-24,0.38,0.32208349916911333,201,204
1003,149190010,2024-09-05,1.14,0.76080582903376,201,195
1004,149190010,2024-09-18,0.95,0.6678293725756554,201,196
1005,149190010,2024-09-20,0.83,0.6043159668533296,201,197
1006,149190010,2024-10-10,0.93,0.6575200029167942,201,198
1007,149190010,2024-10-18,6.55,2.0215475632609334,201,199
1008,149190010,2024-10-25,0.74,0.5538851132264376,201,200
1009,149180250,2024-05-01,1.22,0.7975071958841881,201,178
1010,149180250,2024-07-10,0.92,0.6523251860396903,201,176
1011,149180250,2024-08-14,1.82,1.0367368849500223,201,175
1012,149180250,2024-08-24,1.18,0.7793248768009976,201,177
1013,149180250,2024-09-05,0.97,0.6780335427498971,201,171
1014,149180250,2024-09-18,0.64,0.49469624183610705,201,172
1015,149180250,2024-10-18,2.24,1.1755733298042381,201,173
1016,149180250,2024-10-25,0.63,0.48858001481867097,201,174
1017,151210090,2024-08-16,5.32,1.843719208158766,208,223
1018,151210090,2024-09-20,8.43,2.2438960966453663,208,224
1019,151210090,2024-10-10,8.62,2.263844264677615,208,225
1020,151210090,2024-10-20,5.74,1.9080599249242156,208,226
1021,151210090,2024-10-25,7.5,2.1400661634962708,208,227
1022,149190230,2024-05-01,74.2,4.320151230955794,200,145
1023,149190230,2024-05-28,56.4,4.050044303325521,200,141
1024,149190230,2024-06-15,51.5,3.960813169597578,200,140
1025,149190230,2024-07-10,38.2,3.6686767467964168,200,146
1026,149190230,2024-07-22,22.0,3.1354942159291497,200,143
1027,149190230,2024-08-14,39.9,3.7111300630487563,200,142
1028,149190230,2024-08-29,15.2,2.785011242238338,200,144
1029,149190230,2024-09-05,30.3,3.4436180975461075,200,134
1030,149190230,2024-09-18,38.4,3.673765816303888,200,139
1031,149190230,2024-09-20,25.1,3.261935314328648,200,135
1032,149190230,2024-10-10,21.7,3.122364924487357,200,136
1033,149190230,2024-10-18,25.4,3.2733640101522705,200,137
1034,149190230,2024-10-25,18.3,2.9601050959108397,200,138
1035,154230030,2024-05-08,6.8,2.0541237336955462,220,64
1036,154230030,2024-07-22,3.25,1.4469189829363254,220,63
1037,154230030,2024-09-05,2.21,1.1662709371419244,220,60
1038,154230030,2024-09-20,2.13,1.1410330045520618,220,61
1039,154230030,2024-10-20,1.99,1.095273387402595,220,62
1040,150200160,2024-05-01,1.19,0.7839015438284094,205,101
1041,150200160,2024-05-13,1.36,0.8586616190375187,205,97
1042,150200160,2024-05-16,1.21,0.7929925155296614,205,98
1043,150200160,2024-05-26,1.17,0.7747271675523681,205,100
1044,150200160,2024-06-17,0.7,0.5306282510621704,205,95
1045,150200160,2024-07-10,0.52,0.41871033485818504,205,99
1046,150200160,2024-08-14,0.54,0.43178241642553783,205,96
1047,150200160,2024-08-29,0.37,0.31481073984003355,205,102
1048,150200160,2024-09-18,0.46,0.3784364357202451,205,89
1049,150200160,2024-09-20,0.41,0.3435897043900769,205,90
1050,150200160,2024-10-08,0.4,0.33647223662121295,205,91
1051,150200160,2024-10-10,0.55,0.4382549309311553,205,92
1052,150200160,2024-10-18,0.34,0.29266961396282,205,93
1053,150200160,2024-10-25,0.38,0.32208349916911333,205,94
1054,154179998,2024-05-09,9.14,2.316487998163037,199,182
1055,154179998,2024-05-14,9.49,2.3504224224082058,199,180
1056,154179998,2024-05-17,9.09,2.3115448343655176,199,183
1057,154179998,2024-05-22,8.62,2.263844264677615,199,179
1058,154179998,2024-07-21,6.46,2.0095554142156695,199,184
1059,154179998,2024-07-31,6.42,2.004179057179289,199,181
1060,154179998,2024-09-04,7.17,2.1004689088719113,199,178
1061,154179998,2024-09-06,6.27,1.9837562915454279,199,175
1062,154179998,2024-09-19,6.64,2.033397603178429,199,176
1063,154179998,2024-10-01,6.38,1.998773638612381,199,177
1064,152180150,2024-05-04,19.6,3.0252910757955354,196,0
1065,152180150,2024-05-14,14.7,2.7536607123542622,195,249
1066,152180150,2024-07-10,3.34,1.4678743481123135,196,1
1067,152180150,2024-07-30,3.22,1.4398351280479205,195,246
1068,152180150,2024-08-14,3.54,1.5129270120532565,195,248
1069,152180150,2024-08-24,4.49,1.7029282555214393,195,247
1070,152180150,2024-09-18,5.55,1.8794650496471605,195,238
1071,152180150,2024-09-21,3.65,1.536867219599265,195,239
1072,152180150,2024-10-01,2.87,1.3532545070416904,195,240
1073,152180150,2024-10-16,2.93,1.3686394258811698,195,241
1074,152180150,2024-10-18,1.52,0.924258901523332,195,242
1075,152180150,2024-10-26,4.04,1.6174060820832772,195,243
1076,152180150,2024-11-02,3.24,1.4445632692438664,195,244
1077,152180150,2024-11-22,3.77,1.5623463049002497,195,245
1078,151190120,2024-05-01,7.32,2.1186622548331173,211,4
1079,151190120,2024-05-13,7.64,2.1564025828159643,211,2
1080,151190120,2024-05-26,5.81,1.918392120161421,211,1
1081,151190120,2024-06-17,4.01,1.6114359150967734,211,7
1082,151190120,2024-07-10,2.59,1.2781522025001875,210,249
1083,151190120,2024-08-14,2.01,1.1019400787607843,211,0
1084,151190120,2024-08-29,2.41,1.2267122912954256,211,3
1085,151190120,2024-09-18,1.99,1.095273387402595,210,245
1086,151190120,2024-09-20,1.97,1.0885619528146082,210,246
1087,151190120,2024-10-08,1.68,0.9858167945227653,211,6
1088,151190120,2024-10-10,2.09,1.128171090909654,210,247
1089,151190120,2024-10-18,1.66,0.9783261227936076,211,5
1090,151190120,2024-10-25,1.29,0.8285518175661483,210,248
1091,151150140,2024-05-14,19.0,2.995732273553991,193,143
1092,151150140,2024-07-21,6.18,1.9712993830601329,193,144
1093,151150140,2024-08-12,6.02,1.9487632180377197,193,145
1094,151150140,2024-09-04,4.97,1.7867469274045107,193,146
1095,151150140,2024-09-06,4.97,1.7867469274045107,193,140
1096,151150140,2024-09-21,5.52,1.8748743759385615,193,141
1097,151150140,2024-10-24,14.1,2.714694743820879,193,142
1098,151150140,2024-11-30,44.7,3.822098297900159,193,147
1099,151180050,2024-05-04,3.97,1.6034198401085373,196,174
1100,151180050,2024-05-14,2.83,1.3428648031925547,196,175
1101,151180050,2024-07-10,0.2,0.18232155679395462,196,165
1102,151180050,2024-07-30,0.21,0.1906203596086497,196,179
1103,151180050,2024-08-12,0.27,0.23901690047049992,196,177
1104,151180050,2024-08-14,0.24,0.2151113796169455,196,176
1105,151180050,2024-08-24,0.21,0.1906203596086497,196,178
1106,151180050,2024-09-18,5.87,1.927164106234258,196,166
1107,151180050,2024-09-21,3.84,1.5769147207285403,196,167
1108,151180050,2024-10-01,0.34,0.29266961396282,196,168
1109,151180050,2024-10-16,0.26,0.23111172096338664,196,169
1110,151180050,2024-10-18,0.23,0.20701416938432615,196,170
1111,151180050,2024-10-26,1.52,0.924258901523332,196,171
1112,151180050,2024-11-02,0.44,0.36464311358790924,196,172
1113,151180050,2024-11-22,0.92,0.6523251860396903,196,173
1114,151210120,2024-05-13,718.0,6.577861357721047,200,234
1115,151210120,2024-06-17,507.0,6.230481447578482,200,233
1116,151210120,2024-09-20,323.0,5.780743515792329,200,229
1117,151210120,2024-09-25,259.0,5.560681631015528,200,232
1118,151210120,2024-09-30,223.0,5.4116460518550396,200,235
1119,151210120,2024-10-10,252.0,5.53338948872752,200,231
1120,151210120,2024-11-04,181.0,5.204006687076795,200,230
1121,153220260,2024-05-08,34.0,3.5553480614894135,213,3
1122,153220260,2024-05-13,27.0,3.332204510175204,213,2
1123,153220260,2024-06-27,18.1,2.9496883350525844,213,1
1124,153220260,2024-07-22,3.88,1.5851452198650557,213,0
1125,153220260,2024-09-05,2.59,1.2781522025001875,212,247
1126,153220260,2024-09-20,2.03,1.1085626195212777,212,248
1127,153220260,2024-10-20,1.73,1.0043016091968684,212,249
1128,149200090,2024-05-28,9.93,2.391511302188447,203,175
1129,149200090,2024-06-15,11.5,2.5257286443082556,203,173
1130,149200090,2024-06-17,11.6,2.533696813957432,203,171
1131,149200090,2024-07-22,4.11,1.631199404215613,203,177
1132,149200090,2024-07-30,3.93,1.5953389880545987,203,176
1133,149200090,2024-08-14,9.39,2.340843805111136,203,172
1134,149200090,2024-08-29,3.5,1.5040773967762742,203,174
1135,149200090,2024-09-18,3.32,1.463255402256019,203,167
1136,149200090,2024-10-10,5.58,1.884034745337226,203,168
1137,149200090,2024-10-18,6.51,2.0162354657760435,203,169
1138,149200090,2024-10-25,6.4,2.0014800002101243,203,170
1139,150200110,2024-06-15,4.3,1.667706820558076,204,2
1140,150200110,2024-06-17,3.62,1.5303947050936475,204,3
1141,150200110,2024-07-22,3.99,1.6074359097634274,204,10
1142,150200110,2024-07-30,4.07,1.623340817603092,204,11
1143,150200110,2024-08-14,3.94,1.597365331199831,204,4
1144,150200110,2024-08-29,3.61,1.5282278570085572,204,5
1145,150200110,2024-09-18,3.44,1.4906543764441333,204,6
1146,150200110,2024-10-10,6.94,2.0719132752590443,204,7
1147,150200110,2024-10-18,3.66,1.5390154481375546,204,8
1148,150200110,2024-10-25,1.89,1.0612565021243408,204,9
1149,150170220,2024-05-09,1.35,0.8544153281560676,191,59
1150,150170220,2024-05-14,1.43,0.8878912573524571,191,58
1151,150170220,2024-07-10,0.49,0.3987761199573678,191,64
1152,150170220,2024-07-30,0.36,0.3074846997479606,191,62
1153,150170220,2024-08-12,0.41,0.3435897043900769,191,57
1154,150170220,2024-08-14,0.4,0.33647223662121295,191,60
1155,150170220,2024-08-24,0.48,0.3920420877760237,191,61
1156,150170220,2024-09-06,0.41,0.3435897043900769,191,53
1157,150170220,2024-09-18,0.97,0.6780335427498971,191,54
1158,150170220,2024-09-21,0.92,0.6523251860396903,191,55
1159,150170220,2024-10-16,0.46,0.3784364357202451,191,56
1160,150170220,2024-11-05,0.32,0.2776317365982795,191,63
1161,153210220,2024-05-01,32.9,3.5234150143864045,213,248
1162,153210220,2024-05-16,29.1,3.40452517175483,213,247
1163,153210220,2024-05-18,28.7,3.391147045808654,213,246
1164,153210220,2024-05-21,27.4,3.3463891451671604,213,242
1165,153210220,2024-05-26,30.6,3.4531571205928664,213,249
1166,153210220,2024-06-17,28.9,3.3978584803966405,213,244
1167,153210220,2024-06-27,29.4,3.414442608412176,213,245
1168,153210220,2024-06-30,28.5,3.3843902633457743,213,243
1169,153210220,2024-08-29,9.28,2.330200260027019,214,0
1170,153210220,2024-09-08,8.56,2.25758772706331,213,239
1171,153210220,2024-09-20,8.26,2.225704048658088,213,240
1172,153210220,2024-10-18,8.67,2.269028309465203,213,241
1173,152140100,2024-05-17,3.56,1.5173226235262947,198,121
1174,152140100,2024-06-26,2.98,1.3812818192963463,198,123
1175,152140100,2024-07-21,1.85,1.0473189942805592,198,122
1176,152140100,2024-08-20,0.72,0.5423242908253616,198,120
1177,152140100,2024-09-04,0.61,0.4762341789963716,198,117
1178,152140100,2024-09-19,0.47,0.3852624007906449,198,118
1179,152140100,2024-10-24,0.47,0.3852624007906449,198,119
1180,151230060,2024-05-13,117.0,4.770684624465665,214,198
1181,151230060,2024-07-09,40.4,3.7232808808312687,214,193
1182,151230060,2024-08-13,20.6,3.0726933146901194,214,199
1183,151230060,2024-08-16,20.3,3.0587070727153796,214,195
1184,151230060,2024-08-26,17.1,2.89591193827178,214,194
1185,151230060,2024-08-28,16.9,2.884800712846709,214,196
1186,151230060,2024-09-07,16.2,2.8449093838194073,214,184
1187,151230060,2024-09-17,15.4,2.797281334830153,214,185
1188,151230060,2024-09-20,14.6,2.747270914255491,214,186
1189,151230060,2024-09-22,14.9,2.766319109226186,214,187
1190,151230060,2024-10-12,13.5,2.6741486494265287,214,188
1191,151230060,2024-10-17,17.0,2.8903717578961645,214,189
1192,151230060,2024-10-20,13.8,2.6946271807700692,214,190
1193,151230060,2024-11-06,9.71,2.3711778844596574,214,191
1194,151230060,2024-11-26,11.7,2.5416019934645457,214,192
1195,152150240,2024-05-14,31.2,3.4719664525503626,198,60
1196,152150240,2024-05-17,30.7,3.456316680883235,198,61
1197,152150240,2024-07-21,17.2,2.9014215940827497,198,58
1198,152150240,2024-07-23,18.7,2.9806186357439426,198,62
1199,152150240,2024-08-12,15.7,2.8154087194227095,198,64
1200,152150240,2024-08-20,14.5,2.740840023925201,198,63
1201,152150240,2024-08-27,14.6,2.747270914255491,198,59
1202,152150240,2024-09-04,14.4,2.7343675094195836,198,55
1203,152150240,2024-09-06,14.3,2.72785282839839,198,65
1204,152150240,2024-09-21,18.7,2.9806186357439426,198,56
1205,152150240,2024-11-30,12.7,2.617395832834079,198,57
1206,153150100,2024-05-14,15.4,2.797281334830153,198,49
1207,153150100,2024-05-17,14.9,2.766319109226186,198,50
1208,153150100,2024-07-21,7.19,2.102913897864978,198,51
1209,153150100,2024-07-23,7.37,2.124653884501384,198,47
1210,153150100,2024-08-12,6.64,2.033397603178429,198,52
1211,153150100,2024-08-27,5.97,1.9416152247724325,198,48
1212,153150100,2024-09-06,5.82,1.9198594718553708,198,54
1213,153150100,2024-09-19,6.97,2.075684492802124,198,44
1214,153150100,2024-09-21,6.87,2.063058062429312,198,45
1215,153150100,2024-10-26,5.77,1.9125010869241836,198,53
1216,153150100,2024-11-30,5.28,1.8373699804801074,198,46
1217,153150120,2024-05-14,8.45,2.2460147415056513,198,42
1218,153150120,2024-05-17,8.27,2.2267833795777636,198,43
1219,153150120,2024-07-21,3.22,1.4398351280479205,198,41
1220,153150120,2024-09-19,2.12,1.1378330018213911,198,40
1221,153150120,2024-09-21,1.91,1.068153081183401,198,38
1222,153150120,2024-11-30,1.4,0.8754687373538999,198,39
1223,153150170,2024-05-14,2.33,1.2029723039923526,198,87
1224,153150170,2024-05-17,2.26,1.1817271953786161,198,89
1225,153150170,2024-07-21,1.36,0.8586616190375187,198,88
1226,153150170,2024-07-23,1.58,0.9477893989335261,198,86
1227,153150170,2024-09-04,1.76,1.0152306797290587,198,82
1228,153150170,2024-09-21,2.51,1.2556160374777745,198,83
1229,153150170,2024-10-26,1.31,0.8372475245337022,198,84
1230,153150170,2024-11-30,1.17,0.7747271675523681,198,85
1231,153150070,2024-05-17,0.25,0.22314355131420976,198,198
1232,153150070,2024-07-21,0.14,0.1310282624064041,198,199
1233,153150070,2024-08-20,0.16,0.14842000511827327,198,200
1234,153150070,2024-09-19,0.23,0.20701416938432615,198,197
1235,151160050,2024-05-14,4.42,1.6900958154515549,192,178
1236,151160050,2024-07-21,1.88,1.0577902941478545,192,184
1237,151160050,2024-08-12,1.27,0.8197798314933114,192,179
1238,151160050,2024-09-04,1.24,0.8064758658669485,192,180
1239,151160050,2024-09-06,1.2,0.7884573603642702,192,181
1240,151160050,2024-09-21,1.26,0.8153648132841945,192,182
1241,151160050,2024-10-24,1.8,1.0296194171811583,192,183
1242,149220150,2024-05-13,20.5,3.068052935133617,206,83
1243,149220150,2024-05-15,13.9,2.7013612129514133,206,85
1244,149220150,2024-07-27,1.25,0.8109302162163288,206,90
1245,149220150,2024-08-13,14.8,2.760009940032921,206,88
1246,149220150,2024-08-21,1.39,0.8712933659434192,206,87
1247,149220150,2024-08-28,15.9,2.827313621929028,206,84
1248,149220150,2024-09-02,101.0,4.624972813284271,206,91
1249,149220150,2024-09-07,5.73,1.9065751436566365,206,86
1250,149220150,2024-10-17,1.4,0.8754687373538999,206,78
1251,149220150,2024-10-20,1.08,0.7323678937132266,206,79
1252,149220150,2024-10-22,1.29,0.8285518175661483,206,80
1253,149220150,2024-10-25,0.79,0.5822156198526637,206,81
1254,149220150,2024-11-06,0.5,0.4054651081081644,206,82
1255,149220150,2024-11-26,0.58,0.4574248470388754,206,89
1256,149220040,2024-05-05,64.2,4.177459468932607,206,145
1257,149220040,2024-05-15,73.5,4.310799125385514,206,142
1258,149220040,2024-08-28,23.7,3.2068032436339315,206,143
1259,149220040,2024-09-07,61.1,4.128745988939433,206,135
1260,149220040,2024-10-17,18.3,2.9601050959108397,206,136
1261,149220040,2024-10-20,56.1,4.044804116661965,206,137
1262,149220040,2024-10-25,16.7,2.8735646395797834,206,138
1263,149220040,2024-11-01,14.7,2.7536607123542622,206,141
1264,149220040,2024-11-06,14.8,2.760009940032921,206,139
1265,149220040,2024-11-26,11.3,2.509599262378372,206,140
1266,151180130,2024-05-16,27.3,3.342861804649192,194,236
1267,151180130,2024-07-10,12.7,2.617395832834079,194,237
1268,151180130,2024-07-30,11.4,2.517696472610991,194,239
1269,151180130,2024-08-14,11.4,2.517696472610991,194,235
1270,151180130,2024-08-24,10.8,2.468099531471619,194,238
1271,151180130,2024-09-18,10.9,2.4765384001174837,194,233
1272,151180130,2024-10-18,8.9,2.2925347571405443,194,234
1273,153190100,2024-05-01,2.91,1.3635373739972745,217,164
1274,153190100,2024-05-21,3.52,1.5085119938441398,217,166
1275,153190100,2024-05-26,3.95,1.599387576580599,217,165
1276,153190100,2024-06-30,2.14,1.144222799920162,217,158
1277,153190100,2024-07-10,1.46,0.9001613499442714,217,163
1278,153190100,2024-07-20,1.23,0.8020015854720274,217,160
1279,153190100,2024-08-07,1.12,0.7514160886839212,217,161
1280,153190100,2024-08-14,0.99,0.688134638736401,217,159
1281,153190100,2024-08-24,0.82,0.598836501088704,217,157
1282,153190100,2024-08-27,0.75,0.5596157879354227,217,162
1283,153190100,2024-09-03,0.67,0.5128236264286637,217,149
1284,153190100,2024-09-06,0.66,0.5068176023684519,217,150
1285,153190100,2024-09-08,0.58,0.4574248470388754,217,151
1286,153190100,2024-09-18,0.64,0.49469624183610705,217,152
1287,153190100,2024-09-21,0.66,0.5068176023684519,217,153
1288,153190100,2024-10-16,0.78,0.5766133643039938,217,154
1289,153190100,2024-10-18,0.83,0.6043159668533296,217,155
1290,153190100,2024-10-26,0.99,0.688134638736401,217,156
1291,150160140,2024-08-12,0.09,0.08617769624105233,192,109
1292,150160140,2024-09-06,0.09,0.08617769624105233,192,107
1293,150160140,2024-09-21,0.14,0.1310282624064041,192,108
1294,153180140,2024-05-14,43.4,3.793239469438179,217,146
1295,153180140,2024-06-08,39.3,3.696351468952637,217,148
1296,153180140,2024-07-30,16.4,2.856470206220483,217,143
1297,153180140,2024-08-14,11.8,2.5494451709255714,217,144
1298,153180140,2024-08-24,11.8,2.5494451709255714,217,145
1299,153180140,2024-08-27,11.6,2.533696813957432,217,147
1300,153180140,2024-09-08,11.5,2.5257286443082556,217,136
1301,153180140,2024-09-18,18.2,2.9549102790337356,217,137
1302,153180140,2024-09-21,18.7,2.9806186357439426,217,138
1303,153180140,2024-10-01,15.9,2.827313621929028,217,139
1304,153180140,2024-10-18,13.5,2.6741486494265287,217,140
1305,153180140,2024-11-02,10.8,2.468099531471619,217,142
1306,153180140,2024-11-22,10.6,2.451005098112319,217,141
1307,153220060,2024-05-01,16.7,2.8735646395797834,213,155
1308,153220060,2024-05-08,16.5,2.8622008809294686,213,154
1309,153220060,2024-05-16,14.7,2.7536607123542622,213,151
1310,153220060,2024-05-18,13.7,2.6878474937846906,213,153
1311,153220060,2024-05-21,12.3,2.5877640352277083,213,150
1312,153220060,2024-05-26,12.1,2.5726122302071057,213,149
1313,153220060,2024-06-17,9.76,2.3758355547336385,213,156
1314,153220060,2024-06-27,8.37,2.2375130962503307,213,152
1315,153220060,2024-06-30,8.16,2.214846178686039,213,148
1316,153220060,2024-08-29,1.74,1.007957920399979,213,144
1317,153220060,2024-09-08,1.39,0.8712933659434192,213,145
1318,153220060,2024-09-20,1.41,0.8796267475025636,213,146
1319,153220060,2024-10-18,1.24,0.8064758658669485,213,147
1320,153230010,2024-05-08,14.0,2.70805020110221,212,166
1321,153230010,2024-05-13,11.8,2.5494451709255714,212,171
1322,153230010,2024-05-15,11.2,2.501435951739211,212,167
1323,153230010,2024-05-18,11.5,2.5257286443082556,212,168
1324,153230010,2024-06-27,11.0,2.4849066497880004,212,176
1325,153230010,2024-06-29,10.0,2.3978952727983707,212,169
1326,153230010,2024-07-09,6.78,2.0515563381903004,212,170
1327,153230010,2024-07-19,5.65,1.8946168546677629,212,175
1328,153230010,2024-07-22,8.08,2.206074192613202,212,172
1329,153230010,2024-08-28,6.3,1.9878743481543455,212,156
1330,153230010,2024-09-05,6.53,2.018895041811802,212,157
1331,153230010,2024-09-07,5.8,1.916922612182061,212,158
1332,153230010,2024-09-17,5.84,1.922787731634459,212,159
1333,153230010,2024-09-20,4.97,1.7867469274045107,212,160
1334,153230010,2024-09-22,4.6,1.7227665977411035,212,161
1335,153230010,2024-09-25,4.21,1.6505798557652755,212,177
1336,153230010,2024-10-12,3.24,1.4445632692438664,212,162
1337,153230010,2024-10-17,3.14,1.420695787837223,212,163
1338,153230010,2024-10-20,3.25,1.4469189829363254,212,164
1339,153230010,2024-10-27,3.22,1.4398351280479205,212,173
1340,153230010,2024-11-04,3.45,1.4929040961781488,212,174
1341,153230010,2024-11-06,3.38,1.4770487243883548,212,165
1342,153180020,2024-05-01,2040.0,7.621195162809845,201,116
1343,153180020,2024-05-14,1630.0,7.396948602621014,201,114
1344,153180020,2024-06-30,1030.0,6.93828448401696,201,117
1345,153180020,2024-07-20,653.0,6.483107351457199,201,110
1346,153180020,2024-07-30,593.0,6.386879319362645,201,112
1347,153180020,2024-08-14,706.0,6.561030665896573,201,111
1348,153180020,2024-08-24,602.0,6.401917196727186,201,113
1349,153180020,2024-08-27,525.0,6.26530121273771,201,115
1350,153180020,2024-09-03,460.0,6.133398042996649,201,104
1351,153180020,2024-09-08,439.0,6.0867747269123065,201,105
1352,153180020,2024-09-18,455.0,6.1224928095143865,201,106
1353,153180020,2024-09-21,521.0,6.257667587882639,201,107
1354,153180020,2024-10-18,471.0,6.156978985585555,201,109
1355,153180020,2024-11-02,386.0,5.958424693029782,201,108
1356,152220050,2024-05-13,342.0,5.83773044716594,215,18
1357,152220050,2024-05-15,338.0,5.82600010738045,215,21
1358,152220050,2024-05-18,317.0,5.762051382780177,215,20
1359,152220050,2024-06-27,159.0,5.075173815233827,215,16
1360,152220050,2024-06-29,150.0,5.017279836814924,215,17
1361,152220050,2024-07-09,108.0,4.6913478822291435,215,14
1362,152220050,2024-07-19,71.3,4.280824129164719,215,15
1363,152220050,2024-08-16,55.2,4.028916756899646,215,22
1364,152220050,2024-08-28,53.8,4.00369019395397,215,19
1365,152220050,2024-09-07,44.2,3.8110970868381857,215,3
1366,152220050,2024-09-17,41.3,3.744787086052232,215,4
1367,152220050,2024-09-20,41.0,3.7376696182833684,215,5
1368,152220050,2024-09-22,39.4,3.6988297849671046,215,6
1369,152220050,2024-09-30,43.6,3.7977338590260183,215,7
1370,152220050,2024-10-02,40.9,3.735285826928092,215,8
1371,152220050,2024-10-12,36.7,3.629660094453965,215,9
1372,152220050,2024-10-17,34.0,3.5553480614894135,215,10
1373,152220050,2024-10-20,36.7,3.629660094453965,215,11
1374,152220050,2024-11-04,29.0,3.4011973816621555,215,13
1375,152220050,2024-11-06,27.0,3.332204510175204,215,12
1376,154170070,2024-05-09,12.1,2.5726122302071057,199,101
1377,154170070,2024-05-14,11.2,2.501435951739211,199,100
1378,154170070,2024-05-17,11.3,2.509599262378372,199,99
1379,154170070,2024-05-22,11.1,2.4932054526026954,199,98
1380,154170070,2024-07-21,6.78,2.0515563381903004,199,96
1381,154170070,2024-07-31,7.25,2.1102132003465894,199,97
1382,154170070,2024-09-04,8.28,2.2278615467981093,199,92
1383,154170070,2024-09-06,6.38,1.998773638612381,199,93
1384,154170070,2024-09-19,8.03,2.200552367428894,199,94
1385,154170070,2024-10-01,7.18,2.1016921506146558,199,95
1386,152180010,2024-05-14,0.62,0.4824261492442927,197,163
1387,152180010,2024-06-08,0.34,0.29266961396282,197,148
1388,152180010,2024-07-10,0.15,0.13976194237515868,197,149
1389,152180010,2024-07-15,0.1,0.09531017980432487,197,160
1390,152180010,2024-07-20,0.09,0.08617769624105233,197,162
1391,152180010,2024-07-30,0.05,0.04879016416943201,197,159
1392,152180010,2024-08-14,0.07,0.06765864847381481,197,150
1393,152180010,2024-08-24,0.09,0.08617769624105233,197,157
1394,152180010,2024-09-01,0.1,0.09531017980432487,197,151
1395,152180010,2024-09-08,0.1,0.09531017980432487,197,152
1396,152180010,2024-09-18,0.049,0.04783732941416013,197,153
1397,152180010,2024-09-21,0.037,0.036331929247390274,197,161
1398,152180010,2024-10-01,0.042,0.04114194333117518,197,154
1399,152180010,2024-10-18,0.041,0.04018178963283183,197,155
1400,152180010,2024-11-02,0.035,0.0344014267173324,197,158
1401,152180010,2024-11-22,0.06,0.058268908123975775,197,156
1402,150180220,2024-07-10,3.22,1.4398351280479205,190,227
1403,150180220,2024-08-14,2.61,1.2837077723447896,190,228
1404,150180220,2024-08-24,2.36,1.2119409739751128,190,229
1405,150180220,2024-09-18,2.92,1.366091653802371,190,231
1406,150180220,2024-10-18,2.47,1.244154593958768,190,230
1407,151160060,2024-05-14,266.0,5.58724865840025,190,47
1408,151160060,2024-07-06,119.0,4.787491742782046,190,44
1409,151160060,2024-07-21,112.0,4.727387818712341,190,46
1410,151160060,2024-07-23,82.7,4.4272389774954295,190,45
1411,151160060,2024-08-12,104.0,4.653960350157523,190,43
1412,151160060,2024-09-04,157.0,5.062595033026967,190,39
1413,151160060,2024-09-06,108.0,4.6913478822291435,190,40
1414,151160060,2024-09-21,88.4,4.493120682179469,190,41
1415,151160060,2024-10-24,100.0,4.61512051684126,190,42
1416,150210110,2024-08-16,0.42,0.35065687161316933,206,52
1417,150210110,2024-10-20,0.2,0.18232155679395462,206,50
1418,150210110,2024-10-25,0.19,0.173953307123438,206,51
1419,150170070,2024-05-01,6.26,1.9823798288367047,191,249
1420,150170070,2024-05-09,4.71,1.7422190236679187,192,0
1421,150170070,2024-07-10,2.55,1.2669476034873244,191,244
1422,150170070,2024-07-30,2.92,1.366091653802371,191,245
1423,150170070,2024-08-12,2.22,1.169381359556317,191,248
1424,150170070,2024-08-14,2.11,1.1346227261911428,191,246
1425,150170070,2024-08-24,2.42,1.2296405510745139,191,247
1426,150170070,2024-09-18,1.91,1.068153081183401,191,241
1427,150170070,2024-09-21,1.72,1.000631880307906,191,242
1428,150170070,2024-11-05,1.38,0.8671004876833832,191,243
1429,153150150,2024-05-14,0.23,0.20701416938432615,198,78
1430,153150150,2024-05-17,0.21,0.1906203596086497,198,79
1431,152160150,2024-05-14,2.58,1.275362800412609,196,209
1432,152160150,2024-08-12,0.36,0.3074846997479606,196,208
1433,152160150,2024-09-01,0.25,0.22314355131420976,196,203
1434,152160150,2024-09-06,0.27,0.23901690047049992,196,204
1435,152160150,2024-09-21,0.51,0.412109650826833,196,205
1436,152160150,2024-10-16,0.17,0.15700374880966475,196,206
1437,152160150,2024-10-26,0.31,0.27002713721306015,196,207
1438,150160290,2024-08-12,0.21,0.1906203596086497,192,113
1439,150160290,2024-09-06,0.08,0.07696104113612832,192,114
1440,150160290,2024-09-21,0.4,0.33647223662121295,192,115
1441,149180240,2024-05-01,3.68,1.5432981099295553,200,93
1442,149180240,2024-07-10,2.4,1.2237754316221157,200,95
1443,149180240,2024-08-14,3.78,1.5644405465033646,200,92
1444,149180240,2024-08-24,3.06,1.4011829736136412,200,94
1445,149180240,2024-09-18,3.04,1.3962446919730587,200,90
1446,149180240,2024-10-18,4.43,1.691939133945844,200,91
1447,149210120,2024-05-05,2.9,1.3609765531356006,208,58
1448,149210120,2024-05-15,4.62,1.7263316639055997,208,59
1449,149210120,2024-08-13,0.71,0.5364933705145685,208,70
1450,149210120,2024-08-16,0.61,0.4762341789963716,208,60
1451,149210120,2024-08-28,0.52,0.41871033485818504,208,61
1452,149210120,2024-09-07,2.52,1.2584609896100059,208,63
1453,149210120,2024-10-17,0.37,0.31481073984003355,208,64
1454,149210120,2024-10-20,1.39,0.8712933659434192,208,65
1455,149210120,2024-10-25,0.32,0.2776317365982795,208,66
1456,149210120,2024-11-01,0.26,0.23111172096338664,208,67
1457,149210120,2024-11-06,0.24,0.2151113796169455,208,68
1458,149210120,2024-11-26,0.41,0.3435897043900769,208,69
1459,153150090,2024-05-14,2.18,1.1568811967920856,198,169
1460,153150090,2024-05-17,2.2,1.1631508098056809,198,170
1461,153150090,2024-07-21,1.21,0.7929925155296614,198,168
1462,153150090,2024-08-20,1.06,0.7227059828014898,198,171
1463,153150090,2024-09-19,1.16,0.7701082216960736,198,164
1464,153150090,2024-09-21,1.03,0.708035793053696,198,165
1465,153150090,2024-10-26,0.91,0.6471032420585385,198,166
1466,153150090,2024-11-30,0.72,0.5423242908253616,198,167
1467,153140090,2024-05-15,18.1,2.9496883350525844,198,148
1468,153140090,2024-05-17,17.5,2.917770732084279,198,146
1469,153140090,2024-07-21,5.31,1.8421356765531218,198,147
1470,153140090,2024-08-13,6.74,2.046401687601636,198,145
1471,153140090,2024-08-20,5.81,1.918392120161421,198,150
1472,153140090,2024-08-28,5.5,1.8718021769015913,198,149
1473,153140090,2024-09-04,7.06,2.086913556518537,198,141
1474,153140090,2024-09-07,7.11,2.093097868127322,198,142
1475,153140090,2024-09-22,6.9,2.066862759472976,198,144
1476,153140090,2024-10-17,4.65,1.7316555451583495,198,143
1477,154220110,2024-05-08,4.79,1.7561322915849038,220,12
1478,154220110,2024-05-16,3.3,1.4586150226995167,220,10
1479,154220110,2024-05-18,3.25,1.4469189829363254,220,9
1480,154220110,2024-06-27,3.87,1.5830939370944985,220,13
1481,154220110,2024-06-30,3.19,1.4327007339340463,220,11
1482,154220110,2024-07-10,1.63,0.9669838461896731,220,8
1483,154220110,2024-08-24,0.51,0.412109650826833,220,7
1484,154220110,2024-08-29,0.45,0.37156355643248307,220,3
1485,154220110,2024-09-08,0.34,0.29266961396282,220,4
1486,154220110,2024-09-20,0.42,0.35065687161316933,220,5
1487,154220110,2024-10-18,0.28,0.2468600779315258,220,6
1488,149200190,2024-06-17,40.1,3.716008121502189,204,77
1489,149180040,2024-07-10,0.58,0.4574248470388754,190,162
1490,149200190,2024-07-27,30.1,3.4372078191851885,204,78
1491,149180040,2024-08-14,0.76,0.5653138090500605,190,160
1492,149180040,2024-08-24,0.64,0.49469624183610705,190,161
1493,149180040,2024-09-18,0.99,0.688134638736401,190,158
1494,149180040,2024-10-18,0.54,0.43178241642553783,190,159
1495,149200190,2024-10-20,21.2,3.100092288878234,204,75
1496,149200190,2024-10-25,24.6,3.242592351485517,204,76
1497,154180060,2024-05-09,4.48,1.7011051009599243,218,219
1498,154180060,2024-05-14,3.6,1.5260563034950494,218,218
1499,154180060,2024-08-07,1.78,1.0224509277025458,218,221
1500,154180060,2024-08-27,1.89,1.0612565021243408,218,214
1501,154180060,2024-09-06,2.0,1.0986122886681096,218,215
1502,154180060,2024-09-21,2.12,1.1378330018213911,218,216
1503,154180060,2024-10-01,2.07,1.1216775615991057,218,217
1504,154180060,2024-10-16,2.76,1.324418957401803,218,220
1505,149210020,2024-08-16,0.29,0.2546422183735807,206,15
1506,149210020,2024-10-20,0.28,0.2468600779315258,206,17
1507,149210020,2024-10-25,0.24,0.2151113796169455,206,18
1508,150220060,2024-05-13,5.56,1.8809906029559977,208,79
1509,150220060,2024-05-15,5.36,1.8500283773520307,208,86
1510,150220060,2024-07-07,1.37,0.8628899551470399,208,80
1511,150220060,2024-08-13,1.04,0.712949807856125,208,81
1512,150220060,2024-08-16,0.89,0.636576829071551,208,84
1513,150220060,2024-08-26,0.56,0.44468582126144574,208,85
1514,150220060,2024-08-28,0.49,0.3987761199573678,208,82
1515,150220060,2024-09-07,0.6,0.4700036292457356,208,71
1516,150220060,2024-09-20,0.87,0.6259384308664953,208,72
1517,150220060,2024-10-17,0.37,0.31481073984003355,208,73
1518,150220060,2024-10-20,0.33,0.2851789422336624,208,74
1519,150220060,2024-10-25,0.3,0.26236426446749106,208,75
1520,150220060,2024-11-01,0.22,0.1988508587451652,208,76
1521,150220060,2024-11-06,0.18,0.16551443847757338,208,77
1522,150220060,2024-11-26,0.39,0.3293037471426004,208,78
1523,152180020,2024-05-14,1.93,1.0750024230289759,197,176
1524,152180020,2024-06-08,1.3,0.832909122935104,197,178
1525,152180020,2024-07-10,1.1,0.7419373447293773,197,172
1526,152180020,2024-07-15,0.87,0.6259384308664953,197,177
1527,152180020,2024-07-30,0.34,0.29266961396282,197,164
1528,152180020,2024-08-14,0.24,0.2151113796169455,197,173
1529,152180020,2024-08-24,0.2,0.18232155679395462,197,175
1530,152180020,2024-09-01,0.13,0.12221763272424921,197,165
1531,152180020,2024-09-08,0.13,0.12221763272424921,197,166
1532,152180020,2024-09-18,0.11,0.10436001532424277,197,167
1533,152180020,2024-09-21,0.11,0.10436001532424277,197,168
1534,152180020,2024-10-01,0.06,0.058268908123975775,197,169
1535,152180020,2024-10-18,0.021,0.020782539182528505,197,170
1536,152180020,2024-11-02,0.04,0.039220713153281295,197,174
1537,152180020,2024-11-22,0.08,0.07696104113612832,197,171
1538,151180070,2024-05-04,0.96,0.6729444732424258,196,80
1539,151180070,2024-05-16,0.79,0.5822156198526637,196,79
1540,151180070,2024-07-10,0.31,0.27002713721306015,196,82
1541,151180070,2024-07-30,0.29,0.2546422183735807,196,83
1542,151180070,2024-08-12,0.29,0.2546422183735807,196,76
1543,151180070,2024-08-14,0.3,0.26236426446749106,196,77
1544,151180070,2024-08-24,0.32,0.2776317365982795,196,78
1545,151180070,2024-09-06,0.22,0.1988508587451652,196,71
1546,151180070,2024-09-18,0.32,0.2776317365982795,196,72
1547,151180070,2024-09-21,0.26,0.23111172096338664,196,73
1548,151180070,2024-10-01,0.26,0.23111172096338664,196,81
1549,151180070,2024-10-16,0.35,0.30010459245033805,196,74
1550,151180070,2024-10-18,0.33,0.2851789422336624,196,75
1551,152150040,2024-05-14,378.0,5.937536205082426,195,139
1552,152150040,2024-05-17,354.0,5.872117789475416,195,141
1553,152150040,2024-07-21,123.0,4.820281565605037,195,137
1554,152150040,2024-07-23,122.0,4.812184355372417,195,142
1555,152150040,2024-08-12,123.0,4.820281565605037,195,136
1556,152150040,2024-08-20,110.0,4.709530201312334,195,138
1557,152150040,2024-08-27,105.0,4.663439094112067,195,140
1558,152150040,2024-09-04,101.0,4.624972813284271,195,143
1559,152150040,2024-09-06,96.0,4.574710978503383,195,132
1560,152150040,2024-09-21,125.0,4.836281906951478,195,133
1561,152150040,2024-10-26,109.0,4.700480365792417,195,134
1562,152150040,2024-11-30,131.0,4.882801922586371,195,135
1563,150160100,2024-05-09,5.33,1.8453002361560848,191,232
1564,150160100,2024-08-12,1.8,1.0296194171811583,191,231
1565,150160100,2024-09-06,1.36,0.8586616190375187,191,228
1566,150160100,2024-09-21,1.48,0.9082585601768908,191,229
1567,150160100,2024-11-05,1.14,0.76080582903376,191,230
1568,152150140,2024-05-14,126.0,4.844187086458591,197,147
1569,152150140,2024-05-17,123.0,4.820281565605037,197,146
1570,152150140,2024-07-21,48.7,3.906004933102583,197,144
1571,152150140,2024-07-23,49.0,3.912023005428146,197,142
1572,152150140,2024-08-12,44.1,3.8088822465086327,197,141
1573,152150140,2024-08-20,42.8,3.7796338173824005,197,143
1574,152150140,2024-08-27,42.5,3.7727609380946383,197,145
1575,152150140,2024-09-04,41.5,3.7495040759303713,197,136
1576,152150140,2024-09-06,39.2,3.6938669956249752,197,137
1577,152150140,2024-09-21,52.7,3.983413001514819,197,138
1578,152150140,2024-10-26,41.8,3.756538102587751,197,139
1579,152150140,2024-11-30,39.3,3.696351468952637,197,140
1580,152140020,2024-05-15,877.0,6.777646593635117,190,103
1581,152140020,2024-05-17,841.0,6.7357800142423265,190,101
1582,152140020,2024-06-26,452.0,6.115892125483034,190,99
1583,152140020,2024-06-29,451.0,6.113682179832232,190,102
1584,152140020,2024-07-21,272.0,5.60947179518496,190,98
1585,152140020,2024-08-13,308.0,5.733341276897746,190,97
1586,152140020,2024-08-20,257.0,5.552959584921617,190,100
1587,152140020,2024-09-04,234.0,5.459585514144159,190,91
1588,152140020,2024-09-07,246.0,5.5093883366279774,190,92
1589,152140020,2024-09-17,273.0,5.6131281063880705,190,93
1590,152140020,2024-09-19,275.0,5.62040086571715,190,94
1591,152140020,2024-09-22,270.0,5.602118820879701,190,95
1592,152140020,2024-10-24,222.0,5.407171771460119,190,96
1593,150230070,2024-07-09,1.9,1.0647107369924282,215,60
1594,150230070,2024-08-13,1.68,0.9858167945227653,215,58
1595,150230070,2024-08-28,1.01,0.6981347220709844,215,59
1596,150230070,2024-09-07,0.95,0.6678293725756554,215,52
1597,150230070,2024-09-22,1.3,0.832909122935104,215,53
1598,150230070,2024-10-12,0.86,0.6205764877251099,215,54
1599,150230070,2024-10-17,0.56,0.44468582126144574,215,55
1600,150230070,2024-11-06,0.59,0.46373401623214017,215,56
1601,150230070,2024-11-26,1.08,0.7323678937132266,215,57
1602,149180120,2024-05-01,1.63,0.9669838461896731,201,168
1603,149180120,2024-08-14,1.15,0.7654678421395714,201,169
1604,149180120,2024-08-24,0.65,0.5007752879124893,201,170
1605,149180120,2024-09-18,0.26,0.23111172096338664,201,167
1606,151180180,2024-07-10,1.26,0.8153648132841945,195,213
1607,151180180,2024-07-30,1.37,0.8628899551470399,195,212
1608,151180180,2024-08-14,1.18,0.7793248768009976,195,211
1609,151180180,2024-08-24,0.93,0.6575200029167942,195,214
1610,151180180,2024-09-18,0.96,0.6729444732424258,195,208
1611,151180180,2024-10-18,0.62,0.4824261492442927,195,209
1612,151180180,2024-11-02,0.68,0.5187937934151676,195,210
1613,151180180,2024-11-22,1.1,0.7419373447293773,195,215
1614,154160060,2024-05-09,5.67,1.8976198599275325,199,81
1615,154160060,2024-05-14,5.5,1.8718021769015913,199,80
1616,154160060,2024-05-17,5.84,1.922787731634459,199,79
1617,154160060,2024-07-21,4.98,1.7884205679625405,199,77
1618,154160060,2024-08-20,4.55,1.713797927758343,199,78
1619,154160060,2024-09-04,5.37,1.851599469584072,199,76
1620,150180080,2024-05-01,3.18,1.430311246536665,190,217
1621,150180080,2024-05-04,3.0,1.3862943611198906,190,218
1622,150180080,2024-05-09,2.5,1.252762968495368,190,220
1623,150180080,2024-07-10,1.71,0.9969486348916095,190,219
1624,150180080,2024-08-12,1.62,0.9631743177730056,190,214
1625,150180080,2024-08-14,1.45,0.8960880245566356,190,213
1626,150180080,2024-08-24,1.26,0.8153648132841945,190,215
1627,150180080,2024-09-06,1.3,0.832909122935104,190,216
1628,150180080,2024-09-18,1.69,0.9895411936137477,190,207
1629,150180080,2024-09-21,1.24,0.8064758658669485,190,208
1630,150180080,2024-10-01,1.18,0.7793248768009976,190,212
1631,150180080,2024-10-16,0.94,0.6626879730752367,190,209
1632,150180080,2024-10-18,1.14,0.76080582903376,190,210
1633,150180080,2024-11-05,0.88,0.6312717768418579,190,211
1634,150210200,2024-05-13,12.8,2.624668592163159,206,73
1635,150210200,2024-05-15,10.0,2.3978952727983707,206,74
1636,150210200,2024-08-13,1.35,0.8544153281560676,206,75
1637,150210200,2024-08-16,1.1,0.7419373447293773,206,77
1638,150210200,2024-08-28,1.01,0.6981347220709844,206,76
1639,150210200,2024-09-07,0.75,0.5596157879354227,206,64
1640,150210200,2024-09-17,0.87,0.6259384308664953,206,65
1641,150210200,2024-09-20,0.97,0.6780335427498971,206,66
1642,150210200,2024-10-12,0.69,0.5247285289349821,206,67
1643,150210200,2024-10-17,0.52,0.41871033485818504,206,68
1644,150210200,2024-10-20,0.55,0.4382549309311553,206,69
1645,150210200,2024-10-25,0.48,0.3920420877760237,206,70
1646,150210200,2024-11-06,0.43,0.3576744442718159,206,71
1647,150210200,2024-11-26,0.89,0.636576829071551,206,72
1648,153230160,2024-05-08,1.34,0.8501509293696101,212,113
1649,153230160,2024-05-15,0.79,0.5822156198526637,212,114
1650,153230160,2024-05-18,0.81,0.5933268452777344,212,112
1651,153230160,2024-06-27,0.69,0.5247285289349821,212,117
1652,153230160,2024-06-29,0.56,0.44468582126144574,212,110
1653,153230160,2024-07-09,0.3,0.26236426446749106,212,109
1654,153230160,2024-08-01,0.11,0.10436001532424277,212,115
1655,153230160,2024-08-28,0.11,0.10436001532424277,212,111
1656,153230160,2024-09-05,0.09,0.08617769624105233,212,99
1657,153230160,2024-09-07,0.08,0.07696104113612832,212,100
1658,153230160,2024-09-17,0.08,0.07696104113612832,212,101
1659,153230160,2024-09-20,0.07,0.06765864847381481,212,102
1660,153230160,2024-09-22,0.05,0.04879016416943201,212,103
1661,153230160,2024-10-12,0.04,0.039220713153281295,212,104
1662,153230160,2024-10-17,0.03,0.0295588022415444,212,105
1663,153230160,2024-10-20,0.04,0.039220713153281295,212,116
1664,153230160,2024-10-27,0.04,0.039220713153281295,212,106
1665,153230160,2024-11-04,0.03,0.0295588022415444,212,108
1666,153230160,2024-11-06,0.03,0.0295588022415444,212,107
1667,153180100,2024-05-01,2150.0,7.67368812926773,201,146
1668,153180100,2024-05-21,1670.0,7.421177528595393,201,145
1669,153180100,2024-06-30,1070.0,6.976348070447749,201,140
1670,153180100,2024-07-20,662.0,6.4967749901858625,201,141
1671,153180100,2024-08-14,776.0,6.655440350367647,201,143
1672,153180100,2024-08-24,608.0,6.411818267709897,201,142
1673,153180100,2024-08-27,512.0,6.240275845170769,201,144
1674,153180100,2024-09-06,455.0,6.1224928095143865,201,133
1675,153180100,2024-09-08,447.0,6.104793232414985,201,134
1676,153180100,2024-09-18,496.0,6.208590026096629,201,138
1677,153180100,2024-09-21,528.0,6.270988431858299,201,135
1678,153180100,2024-10-01,425.0,6.054439346269371,201,137
1679,153180100,2024-10-18,486.0,6.18826412308259,201,136
1680,153180100,2024-11-02,408.0,6.013715156042802,201,139
1681,149200310,2024-05-28,2.68,1.3029127521808397,205,25
1682,149200310,2024-06-17,0.87,0.6259384308664953,205,24
1683,149200310,2024-07-22,0.4,0.33647223662121295,205,20
1684,149200310,2024-07-27,0.4,0.33647223662121295,205,21
1685,149200310,2024-10-20,0.08,0.07696104113612832,205,22
1686,149200310,2024-10-25,0.12,0.11332868530700317,205,23
1687,151150110,2024-05-14,2.98,1.3812818192963463,194,6
1688,151150110,2024-07-21,0.71,0.5364933705145685,194,8
1689,151150110,2024-08-12,0.6,0.4700036292457356,194,5
1690,151150110,2024-09-04,0.51,0.412109650826833,194,7
1691,151150110,2024-09-06,0.52,0.41871033485818504,194,1
1692,151150110,2024-09-21,0.32,0.2776317365982795,194,2
1693,151150110,2024-10-24,0.87,0.6259384308664953,194,3
1694,151150110,2024-11-30,2.3,1.1939224684724346,194,4
1695,152180140,2024-05-04,2.95,1.3737155789130306,196,14
1696,152180140,2024-05-14,1.4,0.8754687373538999,196,2
1697,152180140,2024-07-10,0.17,0.15700374880966475,196,3
1698,152180140,2024-07-30,0.13,0.12221763272424921,196,15
1699,152180140,2024-08-14,0.16,0.14842000511827327,196,4
1700,152180140,2024-08-24,0.15,0.13976194237515868,196,5
1701,152180140,2024-09-18,0.44,0.36464311358790924,196,6
1702,152180140,2024-09-21,0.28,0.2468600779315258,196,7
1703,152180140,2024-10-01,0.17,0.15700374880966475,196,8
1704,152180140,2024-10-16,0.11,0.10436001532424277,196,9
1705,152180140,2024-10-18,0.1,0.09531017980432487,196,10
1706,152180140,2024-10-26,0.11,0.10436001532424277,196,11
1707,152180140,2024-11-02,0.11,0.10436001532424277,196,12
1708,152180140,2024-11-22,0.13,0.12221763272424921,196,13
1709,151140010,2024-06-26,16.1,2.8390784635086144,194,106
1710,151140010,2024-07-21,9.5,2.3513752571634776,194,105
1711,151140010,2024-08-20,9.61,2.361796952625892,194,107
1712,151140010,2024-09-04,9.38,2.339880877737743,194,104
1713,151140010,2024-10-24,16.1,2.8390784635086144,194,108
1714,151210050,2024-05-01,935.0,6.8416154764775925,201,0
1715,151210050,2024-05-13,776.0,6.655440350367647,200,246
1716,151210050,2024-05-26,725.0,6.587550014824796,200,247
1717,151210050,2024-06-17,569.0,6.345636360828596,200,244
1718,151210050,2024-06-30,615.0,6.423246963533519,201,1
1719,151210050,2024-07-10,426.0,6.056784013228625,200,248
1720,151210050,2024-08-14,504.0,6.22455842927536,200,245
1721,151210050,2024-08-29,284.0,5.652489180268651,200,249
1722,151210050,2024-09-03,247.0,5.5134287461649825,200,236
1723,151210050,2024-09-08,351.0,5.863631175598097,200,237
1724,151210050,2024-09-18,329.0,5.799092654460526,200,238
1725,151210050,2024-09-20,330.0,5.802118375377063,200,239
1726,151210050,2024-09-25,281.0,5.641907070938114,200,240
1727,151210050,2024-10-10,269.0,5.598421958998375,200,242
1728,151210050,2024-10-18,270.0,5.602118820879701,200,243
1729,151210050,2024-11-04,207.0,5.337538079701318,200,241
1730,153160200,2024-05-14,6.84,2.0592388343623163,197,204
1731,153160200,2024-05-17,6.8,2.0541237336955462,197,203
1732,153160200,2024-07-21,3.03,1.3937663759585917,197,201
1733,153160200,2024-07-31,2.68,1.3029127521808397,197,205
1734,153160200,2024-08-20,1.88,1.0577902941478545,197,202
1735,153160200,2024-09-01,1.82,1.0367368849500223,197,198
1736,153160200,2024-09-19,1.85,1.0473189942805592,197,199
1737,153160200,2024-09-21,1.83,1.0402767116551463,197,200
1738,153230130,2024-05-08,2.06,1.1184149159642893,213,34
1739,153230130,2024-05-13,1.43,0.8878912573524571,213,32
1740,153230130,2024-05-15,1.57,0.9439058989071285,213,33
1741,153230130,2024-06-27,1.83,1.0402767116551463,213,36
1742,153230130,2024-06-29,1.43,0.8878912573524571,213,37
1743,153230130,2024-07-22,0.44,0.36464311358790924,213,25
1744,153230130,2024-08-28,0.35,0.30010459245033805,213,26
1745,153230130,2024-09-05,0.41,0.3435897043900769,213,38
1746,153230130,2024-09-07,0.37,0.31481073984003355,213,27
1747,153230130,2024-09-17,0.38,0.32208349916911333,213,28
1748,153230130,2024-09-20,0.32,0.2776317365982795,213,29
1749,153230130,2024-10-12,0.28,0.2468600779315258,213,30
1750,153230130,2024-10-17,0.25,0.22314355131420976,213,31
1751,153230130,2024-10-20,0.24,0.2151113796169455,213,35
1752,150220050,2024-05-13,21.6,3.1179499062782403,208,124
1753,150220050,2024-05-15,20.8,3.0819099697950434,208,126
1754,150220050,2024-08-13,7.66,2.1587147225743437,208,125
1755,150220050,2024-08-16,7.74,2.167910189667444,208,129
1756,150220050,2024-08-26,5.67,1.8976198599275325,208,127
1757,150220050,2024-08-28,5.38,1.8531680973566984,208,128
1758,150220050,2024-09-07,5.16,1.8180767775454285,208,113
1759,150220050,2024-09-17,4.82,1.7613002617433464,208,114
1760,150220050,2024-09-20,4.7,1.7404661748405044,208,115
1761,150220050,2024-09-22,4.5,1.7047480922384253,208,116
1762,150220050,2024-10-12,4.47,1.6992786164338898,208,117
1763,150220050,2024-10-17,4.18,1.6448050562713916,208,118
1764,150220050,2024-10-20,4.58,1.7191887763932197,208,119
1765,150220050,2024-10-25,4.73,1.7457155307266483,208,120
1766,150220050,2024-11-01,3.77,1.5623463049002497,208,121
1767,150220050,2024-11-06,3.66,1.5390154481375546,208,122
1768,150220050,2024-11-26,4.3,1.667706820558076,208,123
1769,149220070,2024-05-05,1.25,0.8109302162163288,207,68
1770,149220070,2024-05-15,2.58,1.275362800412609,207,66
1771,149220070,2024-07-07,1.12,0.7514160886839212,207,71
1772,149220070,2024-07-22,0.29,0.2546422183735807,207,72
1773,149220070,2024-07-27,0.32,0.2776317365982795,207,64
1774,149220070,2024-08-13,1.0,0.6931471805599453,207,63
1775,149220070,2024-08-28,2.58,1.275362800412609,207,70
1776,149220070,2024-09-02,13.2,2.653241964607215,207,69
1777,149220070,2024-09-07,0.85,0.6151856390902335,207,65
1778,149220070,2024-10-17,0.6,0.4700036292457356,207,58
1779,149220070,2024-10-20,0.42,0.35065687161316933,207,59
1780,149220070,2024-10-25,0.58,0.4574248470388754,207,60
1781,149220070,2024-11-06,0.24,0.2151113796169455,207,61
1782,149220070,2024-11-11,0.5,0.4054651081081644,207,62
1783,152220060,2024-05-15,1.03,0.708035793053696,215,172
1784,152220060,2024-05-18,1.04,0.712949807856125,215,156
1785,152220060,2024-06-27,0.76,0.5653138090500605,215,174
1786,152220060,2024-06-29,0.61,0.4762341789963716,215,157
1787,152220060,2024-07-09,0.56,0.44468582126144574,215,158
1788,152220060,2024-07-19,0.53,0.4252677354043441,215,159
1789,152220060,2024-08-13,0.98,0.6830968447064438,215,160
1790,152220060,2024-08-16,0.85,0.6151856390902335,215,171
1791,152220060,2024-08-28,0.76,0.5653138090500605,215,170
1792,152220060,2024-09-07,0.57,0.4510756193602167,215,161
1793,152220060,2024-09-17,0.45,0.37156355643248307,215,162
1794,152220060,2024-09-20,0.42,0.35065687161316933,215,163
1795,152220060,2024-09-22,0.39,0.3293037471426004,215,164
1796,152220060,2024-10-12,0.56,0.44468582126144574,215,165
1797,152220060,2024-10-17,0.52,0.41871033485818504,215,166
1798,152220060,2024-10-20,0.65,0.5007752879124893,215,167
1799,152220060,2024-11-04,0.48,0.3920420877760237,215,173
1800,152220060,2024-11-06,0.46,0.3784364357202451,215,168
1801,152220060,2024-11-26,0.52,0.41871033485818504,215,169
1802,153200010,2024-05-01,2.49,1.2499017362143359,217,74
1803,153200010,2024-05-16,1.93,1.0750024230289759,217,73
1804,153200010,2024-05-26,2.1,1.1314021114911006,217,72
1805,153200010,2024-06-30,1.77,1.0188473201992472,217,69
1806,153200010,2024-07-10,1.01,0.6981347220709844,217,70
1807,153200010,2024-08-07,0.52,0.41871033485818504,217,77
1808,153200010,2024-08-27,0.36,0.3074846997479606,217,71
1809,153200010,2024-08-29,0.33,0.2851789422336624,217,76
1810,153200010,2024-09-03,0.47,0.3852624007906449,217,64
1811,153200010,2024-09-08,0.39,0.3293037471426004,217,65
1812,153200010,2024-09-21,1.9,1.0647107369924282,217,66
1813,153200010,2024-10-16,0.95,0.6678293725756554,217,75
1814,153200010,2024-10-18,0.99,0.688134638736401,217,67
1815,153200010,2024-10-26,1.04,0.712949807856125,217,68
1816,151150030,2024-05-14,0.94,0.6626879730752367,194,53
1817,151150030,2024-07-06,0.47,0.3852624007906449,194,51
1818,151150030,2024-07-21,0.22,0.1988508587451652,194,52
1819,151150030,2024-08-12,0.26,0.23111172096338664,194,54
1820,151150030,2024-09-04,0.23,0.20701416938432615,194,47
1821,151150030,2024-09-06,0.23,0.20701416938432615,194,48
1822,151150030,2024-09-21,0.23,0.20701416938432615,194,49
1823,151150030,2024-10-24,0.75,0.5596157879354227,194,50
1824,149210140,2024-05-05,0.78,0.5766133643039938,208,54
1825,149210140,2024-05-15,1.46,0.9001613499442714,208,52
1826,149210140,2024-08-13,0.22,0.1988508587451652,208,53
1827,149210140,2024-08-16,0.19,0.173953307123438,208,55
1828,149210140,2024-08-28,0.17,0.15700374880966475,208,56
1829,149210140,2024-09-07,0.14,0.1310282624064041,208,46
1830,149210140,2024-10-17,0.09,0.08617769624105233,208,47
1831,149210140,2024-10-20,0.08,0.07696104113612832,208,48
1832,149210140,2024-10-25,0.09,0.08617769624105233,208,49
1833,149210140,2024-11-06,0.07,0.06765864847381481,208,50
1834,149210140,2024-11-26,0.09,0.08617769624105233,208,51
1835,149180130,2024-05-01,0.66,0.5068176023684519,190,133
1836,149180130,2024-06-15,0.43,0.3576744442718159,190,129
1837,149180130,2024-07-10,0.18,0.16551443847757338,190,128
1838,149180130,2024-07-27,0.17,0.15700374880966475,190,132
1839,149180130,2024-07-30,0.16,0.14842000511827327,190,134
1840,149180130,2024-08-14,0.23,0.20701416938432615,190,130
1841,149180130,2024-08-24,0.17,0.15700374880966475,190,131
1842,149180130,2024-09-05,0.33,0.2851789422336624,190,122
1843,149180130,2024-09-18,0.22,0.1988508587451652,190,123
1844,149180130,2024-09-20,0.21,0.1906203596086497,190,124
1845,149180130,2024-10-18,0.63,0.48858001481867097,190,125
1846,149180130,2024-10-25,0.16,0.14842000511827327,190,126
1847,149180130,2024-11-09,0.11,0.10436001532424277,190,127
1848,149190240,2024-05-01,1.47,0.9042181506398859,220,107
1849,149190250,2024-05-01,0.51,0.412109650826833,220,122
1850,149190240,2024-06-15,0.76,0.5653138090500605,220,108
1851,149190250,2024-06-15,0.38,0.32208349916911333,220,123
1852,149190240,2024-06-17,0.76,0.5653138090500605,220,113
1853,149190250,2024-06-17,0.51,0.412109650826833,220,128
1854,149190240,2024-07-27,0.38,0.32208349916911333,220,100
1855,149190250,2024-07-27,1.78,1.0224509277025458,220,115
1856,149190240,2024-07-30,0.31,0.27002713721306015,220,109
1857,149190250,2024-07-30,0.58,0.4574248470388754,220,124
1858,149190240,2024-08-04,10.7,2.4595888418037104,220,114
1859,149190250,2024-08-04,1.35,0.8544153281560676,220,129
1860,149190240,2024-08-14,1.07,0.7275486072772778,220,110
1861,149190250,2024-08-14,1.85,1.0473189942805592,220,125
1862,149190240,2024-08-24,0.59,0.46373401623214017,220,101
1863,149190250,2024-08-24,0.23,0.20701416938432615,220,116
1864,149190240,2024-08-29,1.06,0.7227059828014898,220,112
1865,149190250,2024-08-29,0.62,0.4824261492442927,220,127
1866,149190240,2024-09-05,0.5,0.4054651081081644,220,111
1867,149190250,2024-09-05,0.22,0.1988508587451652,220,126
1868,149190240,2024-09-20,0.49,0.3987761199573678,220,102
1869,149190250,2024-09-20,0.25,0.22314355131420976,220,117
1870,149190240,2024-10-18,0.72,0.5423242908253616,220,103
1871,149190250,2024-10-18,0.33,0.2851789422336624,220,118
1872,149190240,2024-10-25,0.29,0.2546422183735807,220,104
1873,149190250,2024-10-25,0.67,0.5128236264286637,220,119
1874,149190240,2024-11-09,0.24,0.2151113796169455,220,105
1875,149190250,2024-11-09,0.23,0.20701416938432615,220,120
1876,149190240,2024-11-17,2.35,1.208960345836975,220,106
1877,149190250,2024-11-17,3.07,1.4036429994545037,220,121
1878,152210140,2024-05-13,2.59,1.2781522025001875,216,9
1879,152210140,2024-06-17,1.64,0.9707789171582247,216,10
1880,152210140,2024-09-20,0.51,0.412109650826833,216,6
1881,152210140,2024-09-25,0.47,0.3852624007906449,216,7
1882,152210140,2024-11-04,0.4,0.33647223662121295,216,8
1883,150200130,2024-05-28,122.0,4.812184355372417,200,176
1884,150200130,2024-06-15,122.0,4.812184355372417,200,171
1885,150200130,2024-06-17,94.2,4.55597994179732,200,173
1886,150200130,2024-07-22,55.3,4.030694535145645,200,175
1887,150200130,2024-08-14,112.0,4.727387818712341,200,174
1888,150200130,2024-08-29,58.4,4.084294226368599,200,177
1889,150200130,2024-09-18,94.2,4.55597994179732,200,170
1890,150200130,2024-10-10,127.0,4.852030263919617,200,168
1891,150200130,2024-10-18,47.9,3.8897773964808264,200,169
1892,150200130,2024-10-25,52.2,3.9740583963475986,200,172
1893,149200200,2024-05-28,2.49,1.2499017362143359,205,17
1894,149200200,2024-06-17,3.2,1.4350845252893227,205,19
1895,149200200,2024-07-22,1.36,0.8586616190375187,205,18
1896,149200200,2024-10-10,6.17,1.969905654611529,205,15
1897,149200200,2024-10-25,0.64,0.49469624183610705,205,16
1898,150150030,2024-08-12,0.044,0.04305948946044697,193,200
1899,150150030,2024-09-04,0.042,0.04114194333117518,193,201
1900,150150030,2024-09-06,0.047,0.045928931888399804,193,197
1901,150150030,2024-09-21,0.037,0.036331929247390274,193,202
1902,150150030,2024-10-24,0.045,0.04401688541677432,193,198
1903,150150030,2024-11-30,0.19,0.173953307123438,193,199
1904,153230120,2024-05-08,10.6,2.451005098112319,220,71
1905,153230120,2024-05-15,9.82,2.3813962734183356,220,72
1906,153230120,2024-06-27,8.9,2.2925347571405443,220,70
1907,153230120,2024-08-28,3.6,1.5260563034950494,220,65
1908,153230120,2024-09-07,3.3,1.4586150226995167,220,66
1909,153230120,2024-09-17,3.14,1.420695787837223,220,67
1910,153230120,2024-09-20,3.14,1.420695787837223,220,73
1911,153230120,2024-10-12,3.15,1.423108334242607,220,74
1912,153230120,2024-10-17,3.06,1.4011829736136412,220,68
1913,153230120,2024-10-20,3.17,1.4279160358107101,220,69
1914,150190350,2024-05-01,6.44,2.0068708488450007,210,232
1915,150190350,2024-05-13,6.05,1.9530276168241771,210,243
1916,150190350,2024-05-16,6.51,2.0162354657760435,210,244
1917,150190350,2024-05-26,5.73,1.9065751436566365,210,233
1918,150190350,2024-06-17,2.51,1.2556160374777745,210,234
1919,150190350,2024-07-10,1.06,0.7227059828014898,210,235
1920,150190350,2024-08-14,2.49,1.2499017362143359,210,236
1921,150190350,2024-09-18,1.7,0.9932517730102834,210,237
1922,150190350,2024-09-20,1.39,0.8712933659434192,210,238
1923,150190350,2024-10-08,1.01,0.6981347220709844,210,239
1924,150190350,2024-10-10,1.15,0.7654678421395714,210,240
1925,150190350,2024-10-18,0.78,0.5766133643039938,210,241
1926,150190350,2024-10-25,0.76,0.5653138090500605,210,242
1927,151160190,2024-08-12,3.58,1.5216989981260935,192,106
1928,151160190,2024-09-06,3.23,1.4422019930581866,192,104
1929,151160190,2024-09-21,3.57,1.5195132049061133,192,105
1930,150170080,2024-05-01,0.57,0.4510756193602167,191,47
1931,150170080,2024-05-09,0.48,0.3920420877760237,191,52
1932,150170080,2024-07-10,0.35,0.30010459245033805,191,43
1933,150170080,2024-07-30,0.33,0.2851789422336624,191,48
1934,150170080,2024-08-12,0.28,0.2468600779315258,191,51
1935,150170080,2024-08-14,0.28,0.2468600779315258,191,50
1936,150170080,2024-08-24,0.34,0.29266961396282,191,49
1937,150170080,2024-09-18,0.28,0.2468600779315258,191,44
1938,150170080,2024-09-21,0.25,0.22314355131420976,191,45
1939,150170080,2024-11-05,0.22,0.1988508587451652,191,46
1940,150220100,2024-05-13,106.0,4.672828834461906,206,167
1941,150220100,2024-08-13,36.9,3.6349511120883804,206,166
1942,150220100,2024-08-16,32.5,3.5115454388310208,206,170
1943,150220100,2024-08-26,24.0,3.2188758248682006,206,168
1944,150220100,2024-08-28,22.7,3.1654750481410856,206,171
1945,150220100,2024-09-07,70.0,4.2626798770413155,206,159
1946,150220100,2024-09-20,37.9,3.6609942506244004,206,160
1947,150220100,2024-10-17,26.1,3.299533727885655,206,161
1948,150220100,2024-10-20,23.6,3.202746442938317,206,165
1949,150220100,2024-10-25,39.6,3.703768066607687,206,162
1950,150220100,2024-11-06,18.8,2.9856819377004897,206,163
1951,150220100,2024-11-26,16.6,2.8678989020441064,206,164
1952,149210080,2024-05-05,4.17,1.6428726885203377,206,44
1953,149210080,2024-05-15,5.73,1.9065751436566365,206,46
1954,149210080,2024-08-13,1.35,0.8544153281560676,206,45
1955,149210080,2024-08-16,0.77,0.5709795465857378,206,48
1956,149210080,2024-08-28,1.24,0.8064758658669485,206,47
1957,149210080,2024-09-07,0.84,0.6097655716208943,206,37
1958,149210080,2024-10-17,0.55,0.4382549309311553,206,38
1959,149210080,2024-10-20,0.32,0.2776317365982795,206,39
1960,149210080,2024-10-25,0.44,0.36464311358790924,206,40
1961,149210080,2024-11-01,0.2,0.18232155679395462,206,41
1962,149210080,2024-11-06,0.15,0.13976194237515868,206,42
1963,149210080,2024-11-26,0.39,0.3293037471426004,206,43
1964,149190060,2024-05-01,7.12,2.0943301541735866,200,102
1965,149190060,2024-07-10,3.6,1.5260563034950494,200,103
1966,149190060,2024-08-14,5.84,1.922787731634459,200,101
1967,149190060,2024-08-16,5.54,1.8779371654691073,200,105
1968,149190060,2024-08-24,4.59,1.7209792871670078,200,104
1969,149190060,2024-09-05,11.9,2.5572273113676265,200,96
1970,149190060,2024-09-18,3.7,1.547562508716013,200,97
1971,149190060,2024-09-20,3.51,1.5062971535145868,200,98
1972,149190060,2024-10-18,13.8,2.6946271807700692,200,99
1973,149190060,2024-10-25,4.71,1.7422190236679187,200,100
1974,151160090,2024-05-14,1.0,0.6931471805599453,192,197
1975,151160090,2024-07-21,0.17,0.15700374880966475,192,200
1976,151160090,2024-08-12,0.18,0.16551443847757338,192,198
1977,151160090,2024-09-04,0.12,0.11332868530700317,192,196
1978,151160090,2024-09-06,0.11,0.10436001532424277,192,193
1979,151160090,2024-09-21,0.11,0.10436001532424277,192,194
1980,151160090,2024-10-24,0.37,0.31481073984003355,192,195
1981,151160090,2024-11-30,1.34,0.8501509293696101,192,199
1982,150150070,2024-05-14,4.78,1.7544036826842861,193,215
1983,150150080,2024-05-14,12.8,2.624668592163159,193,129
1984,150150070,2024-07-21,1.36,0.8586616190375187,193,216
1985,150150080,2024-07-21,2.95,1.3737155789130306,193,130
1986,150150070,2024-08-12,0.94,0.6626879730752367,193,218
1987,150150080,2024-08-12,3.1,1.410986973710262,193,128
1988,150150070,2024-09-04,0.78,0.5766133643039938,193,217
1989,150150080,2024-09-04,2.67,1.3001916620664788,193,131
1990,150150070,2024-09-06,0.88,0.6312717768418579,193,211
1991,150150080,2024-09-06,2.94,1.3711807233098425,193,124
1992,150150070,2024-09-21,0.63,0.48858001481867097,193,212
1993,150150080,2024-09-21,2.24,1.1755733298042381,193,125
1994,150150070,2024-10-24,1.64,0.9707789171582247,193,213
1995,150150080,2024-10-24,4.36,1.6789639750827106,193,126
1996,150150070,2024-11-30,5.46,1.8656293177945105,193,214
1997,150150080,2024-11-30,16.5,2.8622008809294686,193,127
1998,150190180,2024-05-01,18.2,2.9549102790337356,202,35
1999,150190180,2024-07-10,11.2,2.501435951739211,202,37
2000,150190180,2024-08-14,11.3,2.509599262378372,202,34
2001,150190180,2024-08-16,11.6,2.533696813957432,202,36
2002,150190180,2024-09-05,9.33,2.3350522831315472,202,28
2003,150190180,2024-09-18,11.0,2.4849066497880004,202,29
2004,150190180,2024-09-20,9.97,2.395164274287139,202,30
2005,150190180,2024-10-10,13.2,2.653241964607215,202,31
2006,150190180,2024-10-18,11.5,2.5257286443082556,202,32
2007,150190180,2024-10-25,9.68,2.3683728335320486,202,33
2008,149190290,2024-05-28,0.54,0.43178241642553783,203,7
2009,149190290,2024-06-15,0.41,0.3435897043900769,203,9
2010,149190290,2024-06-17,0.42,0.35065687161316933,203,10
2011,149190290,2024-07-22,0.51,0.412109650826833,203,11
2012,149190290,2024-07-30,0.21,0.1906203596086497,203,8
2013,149190290,2024-08-14,0.57,0.4510756193602167,203,12
2014,149190290,2024-08-29,0.44,0.36464311358790924,203,13
2015,149190290,2024-09-18,0.26,0.23111172096338664,203,3
2016,149190290,2024-10-10,0.28,0.2468600779315258,203,4
2017,149190290,2024-10-18,0.19,0.173953307123438,203,5
2018,149190290,2024-10-25,0.12,0.11332868530700317,203,6
2019,150160060,2024-05-14,1.42,0.8837675401685949,192,89
2020,150160060,2024-08-12,0.31,0.27002713721306015,192,91
2021,150160060,2024-09-06,0.21,0.1906203596086497,192,90
2022,150160060,2024-09-21,0.23,0.20701416938432615,192,93
2023,150160060,2024-11-30,1.65,0.9745596399981308,192,92
2024,154220050,2024-05-08,3.56,1.5173226235262947,220,1
2025,154220050,2024-05-16,2.49,1.2499017362143359,220,0
2026,154220050,2024-05-18,2.85,1.3480731482996928,219,249
2027,154220050,2024-06-25,3.92,1.5933085305042167,220,2
2028,154220050,2024-06-30,2.39,1.220829921392359,219,243
2029,154220050,2024-07-10,1.34,0.8501509293696101,219,247
2030,154220050,2024-08-24,0.33,0.2851789422336624,219,248
2031,154220050,2024-09-08,0.24,0.2151113796169455,219,244
2032,154220050,2024-09-20,0.29,0.2546422183735807,219,245
2033,154220050,2024-10-18,0.14,0.1310282624064041,219,246
2034,153200030,2024-05-01,7.37,2.124653884501384,219,99
2035,153200030,2024-05-16,5.66,1.8961194845522977,219,98
2036,153200030,2024-05-26,6.04,1.951608170169951,219,97
2037,153200030,2024-06-30,4.16,1.6409365794934714,219,94
2038,153200030,2024-07-10,3.04,1.3962446919730587,219,96
2039,153200030,2024-08-27,2.17,1.1537315878891892,219,95
2040,153200030,2024-08-29,2.1,1.1314021114911006,219,88
2041,153200030,2024-09-08,2.37,1.2149127443642704,219,89
2042,153200030,2024-09-21,2.71,1.3110318766193438,219,90
2043,153200030,2024-10-16,2.03,1.1085626195212777,219,91
2044,153200030,2024-10-18,2.03,1.1085626195212777,219,92
2045,153200030,2024-10-26,2.12,1.1378330018213911,219,93
2046,149220110,2024-05-13,6.97,2.075684492802124,207,49
2047,149220110,2024-07-07,2.76,1.324418957401803,207,56
2048,149220110,2024-07-27,0.59,0.46373401623214017,207,53
2049,149220110,2024-08-13,5.85,1.9242486522741338,207,54
2050,149220110,2024-08-21,0.98,0.6830968447064438,207,55
2051,149220110,2024-08-28,1.06,0.7227059828014898,207,57
2052,149220110,2024-09-02,22.1,3.139832617527748,207,52
2053,149220110,2024-09-07,1.71,0.9969486348916095,207,51
2054,149220110,2024-09-22,1.66,0.9783261227936076,207,42
2055,149220110,2024-10-17,0.76,0.5653138090500605,207,43
2056,149220110,2024-10-20,0.55,0.4382549309311553,207,44
2057,149220110,2024-10-22,0.6,0.4700036292457356,207,45
2058,149220110,2024-10-25,0.4,0.33647223662121295,207,46
2059,149220110,2024-11-06,0.25,0.22314355131420976,207,47
2060,149220110,2024-11-11,0.49,0.3987761199573678,207,48
2061,149190020,2024-05-01,1.3,0.832909122935104,202,196
2062,149190020,2024-06-15,0.63,0.48858001481867097,202,194
2063,149190020,2024-07-10,0.3,0.26236426446749106,202,191
2064,149190020,2024-07-27,0.25,0.22314355131420976,202,190
2065,149190020,2024-08-14,0.32,0.2776317365982795,202,195
2066,149190020,2024-08-16,0.42,0.35065687161316933,202,192
2067,149190020,2024-08-24,0.29,0.2546422183735807,202,193
2068,149190020,2024-09-05,0.38,0.32208349916911333,202,184
2069,149190020,2024-09-18,0.42,0.35065687161316933,202,185
2070,149190020,2024-09-20,0.36,0.3074846997479606,202,186
2071,149190020,2024-10-10,0.16,0.14842000511827327,202,197
2072,149190020,2024-10-18,0.63,0.48858001481867097,202,187
2073,149190020,2024-10-25,0.13,0.12221763272424921,202,188
2074,149190020,2024-11-09,0.12,0.11332868530700317,202,189
2075,150160270,2024-07-15,0.23,0.20701416938432615,191,240
2076,150160270,2024-07-30,0.25,0.22314355131420976,191,236
2077,150160270,2024-08-12,0.26,0.23111172096338664,191,237
2078,150160270,2024-08-14,0.18,0.16551443847757338,191,238
2079,150160270,2024-08-24,0.16,0.14842000511827327,191,239
2080,150160270,2024-09-06,0.17,0.15700374880966475,191,233
2081,150160270,2024-09-18,0.25,0.22314355131420976,191,234
2082,150160270,2024-09-21,0.21,0.1906203596086497,191,235
2083,150160010,2024-05-14,1.42,0.8837675401685949,193,111
2084,150160010,2024-07-21,0.44,0.36464311358790924,193,112
2085,150160010,2024-08-12,0.61,0.4762341789963716,193,115
2086,150160010,2024-09-04,0.68,0.5187937934151676,193,113
2087,150160010,2024-09-06,0.67,0.5128236264286637,193,108
2088,150160010,2024-09-21,0.63,0.48858001481867097,193,109
2089,150160010,2024-10-24,0.7,0.5306282510621704,193,110
2090,150160010,2024-11-30,2.72,1.3137236682850553,193,114
2091,150180010,2024-05-04,0.6,0.4700036292457356,191,18
2092,150180010,2024-05-09,0.5,0.4054651081081644,191,19
2093,150180010,2024-05-14,0.51,0.412109650826833,191,20
2094,150180010,2024-08-12,0.3,0.26236426446749106,191,13
2095,150180010,2024-08-14,0.25,0.22314355131420976,191,14
2096,150180010,2024-08-24,0.36,0.3074846997479606,191,21
2097,150180010,2024-09-18,0.87,0.6259384308664953,191,15
2098,150180010,2024-09-21,0.37,0.31481073984003355,191,16
2099,150180010,2024-10-18,0.2,0.18232155679395462,191,17
2100,150180010,2024-11-05,0.12,0.11332868530700317,191,22
2101,151160220,2024-09-06,0.044,0.04305948946044697,193,33
2102,151160220,2024-09-21,0.07,0.06765864847381481,193,35
2103,151160220,2024-10-26,1.11,0.7466879474879752,193,34
2104,150170150,2024-05-16,4.26,1.6601310267496183,192,26
2105,150170150,2024-07-15,0.81,0.5933268452777344,192,25
2106,150170150,2024-07-30,0.72,0.5423242908253616,192,22
2107,150170150,2024-08-12,0.64,0.49469624183610705,192,21
2108,150170150,2024-08-14,0.59,0.46373401623214017,192,23
2109,150170150,2024-08-24,0.55,0.4382549309311553,192,24
2110,150170150,2024-09-06,0.4,0.33647223662121295,192,17
2111,150170150,2024-09-18,0.28,0.2468600779315258,192,18
2112,150170150,2024-09-21,0.33,0.2851789422336624,192,19
2113,150170150,2024-11-27,2.71,1.3110318766193438,192,20
2114,153230020,2024-05-13,3.54,1.5129270120532565,213,72
2115,153230020,2024-07-22,1.31,0.8372475245337022,213,70
2116,153230020,2024-09-05,0.31,0.27002713721306015,213,71
2117,153230020,2024-09-07,0.33,0.2851789422336624,213,67
2118,153230020,2024-09-20,0.32,0.2776317365982795,213,68
2119,153230020,2024-10-20,0.15,0.13976194237515868,213,69
2120,150200150,2024-05-28,219.0,5.393627546352361,200,184
2121,150200150,2024-06-15,181.0,5.204006687076795,200,181
2122,150200150,2024-06-17,199.0,5.298317366548036,200,182
2123,150200150,2024-07-30,108.0,4.6913478822291435,200,186
2124,150200150,2024-08-14,214.0,5.3706380281276624,200,183
2125,150200150,2024-08-29,93.0,4.543294782270004,200,185
2126,150200150,2024-09-18,139.0,4.941642422609304,200,178
2127,150200150,2024-10-10,176.0,5.176149732573829,200,179
2128,150200150,2024-10-18,79.6,4.389498649512583,200,180
2129,149200040,2024-05-28,3.36,1.4724720573609429,203,156
2130,149200040,2024-06-15,3.16,1.425515074273172,203,153
2131,149200040,2024-06-17,3.09,1.4085449700547104,203,154
2132,149200040,2024-07-30,1.56,0.9400072584914712,203,151
2133,149200040,2024-08-14,3.99,1.6074359097634274,203,152
2134,149200040,2024-08-29,2.75,1.3217558399823195,203,155
2135,149200040,2024-09-18,1.44,0.8919980393051105,203,147
2136,149200040,2024-10-10,2.88,1.355835153635182,203,148
2137,149200040,2024-10-18,1.27,0.8197798314933114,203,149
2138,149200040,2024-10-25,1.41,0.8796267475025636,203,150
2139,151210080,2024-05-13,3.48,1.4996230464268938,209,12
2140,151210080,2024-08-16,0.96,0.6729444732424258,209,17
2141,151210080,2024-09-20,0.84,0.6097655716208943,209,13
2142,151210080,2024-10-10,0.72,0.5423242908253616,209,14
2143,151210080,2024-10-20,0.6,0.4700036292457356,209,15
2144,151210080,2024-10-25,0.5,0.4054651081081644,209,16
2145,152190120,2024-05-01,1960.0,7.581209826196346,201,78
2146,152190120,2024-06-30,1080.0,6.985641817639208,201,79
2147,152190120,2024-07-10,729.0,6.593044534142437,201,76
2148,152190120,2024-08-14,622.0,6.434546518787453,201,75
2149,152190120,2024-08-29,473.0,6.161207321695077,201,77
2150,152190120,2024-09-03,415.0,6.030685260261263,201,71
2151,152190120,2024-09-08,448.0,6.1070228877422545,201,72
2152,152190120,2024-10-18,385.0,5.955837369464831,201,74
2153,152190120,2024-11-02,320.0,5.771441123130016,201,73
2154,152200010,2024-05-01,7.17,2.1004689088719113,216,187
2155,152200010,2024-05-13,5.54,1.8779371654691073,216,184
2156,152200010,2024-05-26,6.35,1.9947003132247452,216,186
2157,152200010,2024-06-17,4.02,1.6134299337036377,216,182
2158,152200010,2024-11-02,1.62,0.9631743177730056,216,181
2159,154220100,2024-05-08,0.54,0.43178241642553783,220,33
2160,154220100,2024-05-16,0.47,0.3852624007906449,220,35
2161,154220100,2024-06-27,0.62,0.4824261492442927,220,37
2162,154220100,2024-06-30,0.5,0.4054651081081644,220,36
2163,154220100,2024-07-10,0.43,0.3576744442718159,220,32
2164,154220100,2024-07-15,0.38,0.32208349916911333,220,31
2165,154220100,2024-08-24,0.25,0.22314355131420976,220,34
2166,154220100,2024-08-29,0.19,0.173953307123438,220,26
2167,154220100,2024-09-05,0.18,0.16551443847757338,220,27
2168,154220100,2024-09-08,0.17,0.15700374880966475,220,28
2169,154220100,2024-09-20,0.2,0.18232155679395462,220,29
2170,154220100,2024-10-18,0.19,0.173953307123438,220,30
2171,149210030,2024-08-16,3.25,1.4469189829363254,206,1
2172,149210030,2024-10-20,2.42,1.2296405510745139,205,249
2173,149210030,2024-10-25,2.34,1.205970806988609,206,0
2174,152190060,2024-06-08,1.35,0.8544153281560676,216,229
2175,152190060,2024-07-10,0.49,0.3987761199573678,216,228
2176,152190060,2024-07-30,0.22,0.1988508587451652,216,224
2177,152190060,2024-08-14,0.14,0.1310282624064041,216,225
2178,152190060,2024-08-24,0.14,0.1310282624064041,216,226
2179,152190060,2024-08-27,0.12,0.11332868530700317,216,227
2180,152190060,2024-09-08,0.09,0.08617769624105233,216,217
2181,152190060,2024-09-18,0.3,0.26236426446749106,216,218
2182,152190060,2024-09-21,0.22,0.1988508587451652,216,219
2183,152190060,2024-10-01,0.14,0.1310282624064041,216,222
2184,152190060,2024-10-18,0.09,0.08617769624105233,216,223
2185,152190060,2024-11-02,0.015,0.014888612493750654,216,221
2186,152190060,2024-11-22,0.021,0.020782539182528505,216,220
2187,150180250,2024-05-01,1.08,0.7323678937132266,190,226
2188,150180250,2024-07-10,0.58,0.4574248470388754,190,221
2189,150180250,2024-08-14,0.4,0.33647223662121295,190,222
2190,150180250,2024-08-24,0.38,0.32208349916911333,190,225
2191,150180250,2024-09-18,0.37,0.31481073984003355,190,223
2192,150180250,2024-10-18,0.37,0.31481073984003355,190,224
2193,150160180,2024-05-01,22.5,3.157000421150113,191,137
2194,150160180,2024-05-09,12.9,2.631888840136646,191,133
2195,150160180,2024-07-10,7.0,2.0794415416798357,191,136
2196,150160180,2024-07-30,6.57,2.0241930674493576,191,134
2197,150160180,2024-08-12,7.75,2.169053700369523,191,135
2198,150160180,2024-08-14,7.44,2.1329823086078656,191,132
2199,150160180,2024-09-21,6.46,2.0095554142156695,191,130
2200,150160180,2024-11-05,3.9,1.589235205116581,191,131
2201,151190080,2024-05-01,4.36,1.6789639750827106,211,32
2202,151190080,2024-05-13,3.81,1.5706970841176697,211,22
2203,151190080,2024-05-26,3.17,1.4279160358107101,211,23
2204,151190080,2024-06-17,1.97,1.0885619528146082,211,24
2205,151190080,2024-07-10,1.16,0.7701082216960736,211,25
2206,151190080,2024-08-14,1.17,0.7747271675523681,211,26
2207,151190080,2024-08-29,1.61,0.9593502213346021,211,33
2208,151190080,2024-09-18,1.06,0.7227059828014898,211,27
2209,151190080,2024-09-20,0.97,0.6780335427498971,211,28
2210,151190080,2024-10-10,1.07,0.7275486072772778,211,29
2211,151190080,2024-10-18,1.08,0.7323678937132266,211,30
2212,151190080,2024-10-25,1.28,0.8241754429663495,211,31
2213,152180120,2024-05-04,87.9,4.487512142519859,195,45
2214,150210150,2024-05-13,339.0,5.8289456176102075,200,197
2215,152180120,2024-05-14,56.6,4.053522567701846,195,43
2216,152180120,2024-07-30,25.6,3.280911215787653,195,40
2217,152180120,2024-08-12,30.0,3.4339872044851463,195,41
2218,152180120,2024-08-14,25.3,3.269568939183719,195,42
2219,150210150,2024-08-16,216.0,5.37989735354046,200,198
2220,152180120,2024-08-24,23.2,3.186352633162641,195,44
2221,152180120,2024-09-18,28.0,3.367295829986474,195,32
2222,150210150,2024-09-20,153.0,5.0369526024136295,200,193
2223,152180120,2024-09-21,25.8,3.288401887516811,195,39
2224,152180120,2024-10-01,21.1,3.0955776085237074,195,33
2225,150210150,2024-10-10,164.0,5.10594547390058,200,194
2226,152180120,2024-10-16,20.6,3.0726933146901194,195,34
2227,152180120,2024-10-18,19.4,3.0155349008501706,195,35
2228,150210150,2024-10-20,108.0,4.6913478822291435,200,195
2229,150210150,2024-10-25,108.0,4.6913478822291435,200,196
2230,152180120,2024-10-26,22.4,3.152736022363656,195,36
2231,152180120,2024-11-02,24.5,3.2386784521643803,195,38
2232,152180120,2024-11-22,56.9,4.05871738457895,195,37
2233,149190280,2024-05-01,5.66,1.8961194845522977,204,25
2234,149190280,2024-06-15,7.25,2.1102132003465894,204,20
2235,149190280,2024-06-17,6.85,2.060513531794317,204,19
2236,149190280,2024-07-27,4.41,1.6882490928583902,204,22
2237,149190280,2024-07-30,6.13,1.9643112344262046,204,24
2238,149190280,2024-08-04,12.5,2.6026896854443837,204,17
2239,149190280,2024-08-14,6.35,1.9947003132247452,204,21
2240,149190280,2024-08-24,3.86,1.5810384379124023,204,18
2241,149190280,2024-08-29,3.79,1.5665304114228238,204,23
2242,149190280,2024-10-18,2.75,1.3217558399823195,204,12
2243,149190280,2024-10-20,3.01,1.3887912413184778,204,13
2244,149190280,2024-10-25,5.14,1.814824742159051,204,14
2245,149190280,2024-11-09,1.97,1.0885619528146082,204,15
2246,149190280,2024-11-17,12.5,2.6026896854443837,204,16
2247,152160060,2024-05-14,3.81,1.5706970841176697,196,197
2248,152160060,2024-05-17,3.31,1.4609379041156565,196,198
2249,152160060,2024-07-06,0.7,0.5306282510621704,196,202
2250,152160060,2024-07-21,0.4,0.33647223662121295,196,200
2251,152160060,2024-07-23,0.56,0.44468582126144574,196,199
2252,152160060,2024-08-12,0.54,0.43178241642553783,196,201
2253,152160060,2024-09-06,0.33,0.2851789422336624,196,193
2254,152160060,2024-09-21,0.41,0.3435897043900769,196,194
2255,152160060,2024-10-24,0.19,0.173953307123438,196,195
2256,152160060,2024-10-26,0.17,0.15700374880966475,196,196
2257,150170100,2024-07-15,20.7,3.077312260546414,191,168
2258,150170100,2024-07-30,18.2,2.9549102790337356,191,167
2259,150170100,2024-08-12,13.4,2.667228206581955,191,165
2260,150170100,2024-08-14,13.2,2.653241964607215,191,166
2261,150170100,2024-08-24,11.9,2.5572273113676265,191,169
2262,150170100,2024-09-06,9.73,2.373043556642607,191,162
2263,150170100,2024-09-18,13.6,2.681021528714291,191,163
2264,150170100,2024-09-21,10.2,2.4159137783010487,191,164
2265,150210160,2024-05-13,3.72,1.551808799597464,206,62
2266,150210160,2024-08-16,1.5,0.9162907318741551,206,63
2267,150210160,2024-09-20,1.27,0.8197798314933114,206,58
2268,150210160,2024-10-10,1.96,1.085189268335969,206,61
2269,150210160,2024-10-20,0.65,0.5007752879124893,206,59
2270,150210160,2024-10-25,0.89,0.636576829071551,206,60
2271,151160200,2024-05-14,7.8,2.174751721484161,193,38
2272,151160200,2024-08-12,0.83,0.6043159668533296,193,39
2273,151160200,2024-09-06,0.4,0.33647223662121295,193,36
2274,151160200,2024-09-21,0.72,0.5423242908253616,193,40
2275,151160200,2024-10-26,5.2,1.8245492920510458,193,37
2276,154160120,2024-05-09,10.3,2.424802725718295,199,30
2277,154160120,2024-05-14,9.7,2.3702437414678603,199,29
2278,154160120,2024-05-17,9.76,2.3758355547336385,199,28
2279,154160120,2024-05-22,9.45,2.34660197841082,199,27
2280,154160120,2024-07-21,7.23,2.1077860146889784,199,26
2281,154160120,2024-07-31,7.04,2.084429083190875,199,32
2282,154160120,2024-09-01,6.97,2.075684492802124,199,31
2283,154160120,2024-09-04,7.73,2.166765369851511,199,23
2284,154160120,2024-09-19,6.62,2.030776369698555,199,24
2285,154160120,2024-10-01,5.92,1.9344157696295783,199,25
2286,154160030,2024-05-09,1.46,0.9001613499442714,199,2
2287,154160030,2024-05-14,1.3,0.832909122935104,198,248
2288,154160030,2024-05-17,1.26,0.8153648132841945,199,0
2289,154160030,2024-07-21,0.6,0.4700036292457356,199,3
2290,154160030,2024-08-20,0.52,0.41871033485818504,199,1
2291,154160030,2024-09-04,0.69,0.5247285289349821,198,249
2292,149200320,2024-05-28,7.26,2.1114245875328868,205,33
2293,149200320,2024-06-17,5.98,1.943048916774281,205,34
2294,149200320,2024-07-22,3.27,1.4516138272405332,205,35
2295,149200320,2024-10-10,1.67,0.9820784724121581,205,31
2296,149200320,2024-10-25,1.21,0.7929925155296614,205,32
2297,152160090,2024-05-14,9.6,2.3608540011180215,196,187
2298,152160090,2024-05-17,8.95,2.2975725511705014,196,186
2299,152160090,2024-07-21,2.37,1.2149127443642704,196,184
2300,152160090,2024-08-12,1.26,0.8153648132841945,196,185
2301,152160090,2024-09-06,1.35,0.8544153281560676,196,180
2302,152160090,2024-09-21,1.41,0.8796267475025636,196,181
2303,152160090,2024-10-24,1.27,0.8197798314933114,196,182
2304,152160090,2024-10-26,1.28,0.8241754429663495,196,183
2305,152180110,2024-05-04,2.62,1.2864740258376797,196,29
2306,152180110,2024-05-14,2.07,1.1216775615991057,196,27
2307,152180110,2024-07-10,0.33,0.2851789422336624,196,30
2308,152180110,2024-07-30,0.32,0.2776317365982795,196,28
2309,152180110,2024-08-12,0.43,0.3576744442718159,196,26
2310,152180110,2024-08-14,0.41,0.3435897043900769,196,24
2311,152180110,2024-08-24,0.39,0.3293037471426004,196,25
2312,152180110,2024-09-18,1.85,1.0473189942805592,196,16
2313,152180110,2024-09-21,1.89,1.0612565021243408,196,17
2314,152180110,2024-10-01,0.91,0.6471032420585385,196,18
2315,152180110,2024-10-16,0.56,0.44468582126144574,196,19
2316,152180110,2024-10-18,0.64,0.49469624183610705,196,20
2317,152180110,2024-10-26,1.26,0.8153648132841945,196,21
2318,152180110,2024-11-02,0.76,0.5653138090500605,196,22
2319,152180110,2024-11-22,0.97,0.6780335427498971,196,23
2320,149190300,2024-05-01,1.73,1.0043016091968684,204,107
2321,149190300,2024-06-15,3.35,1.4701758451005928,204,103
2322,149190300,2024-06-17,2.97,1.3787660946990992,204,108
2323,149190300,2024-07-30,2.06,1.1184149159642893,204,105
2324,149190300,2024-08-04,3.46,1.4951487660319727,204,109
2325,149190300,2024-08-14,2.21,1.1662709371419244,204,102
2326,149190300,2024-08-24,1.37,0.8628899551470399,204,104
2327,149190300,2024-08-29,1.55,0.9360933591703348,204,106
2328,149190300,2024-10-18,0.62,0.4824261492442927,204,97
2329,149190300,2024-10-20,0.57,0.4510756193602167,204,98
2330,149190300,2024-10-25,2.08,1.1249295969854831,204,99
2331,149190300,2024-11-09,0.64,0.49469624183610705,204,100
2332,149190300,2024-11-17,4.42,1.6900958154515549,204,101
2333,151220010,2024-05-13,82.5,4.42484663185681,209,138
2334,151220010,2024-06-17,56.3,4.048300623720694,209,139
2335,151220010,2024-09-20,23.3,3.190476350346503,209,134
2336,151220010,2024-09-25,20.1,3.0492730404820207,209,135
2337,151220010,2024-09-30,20.2,3.054001181677967,209,140
2338,151220010,2024-10-10,18.6,2.975529566236472,209,136
2339,151220010,2024-11-04,17.4,2.91235066461494,209,137
2340,152160110,2024-05-14,18.9,2.990719731730447,196,226
2341,152160110,2024-05-17,16.7,2.8735646395797834,196,227
2342,152160110,2024-06-01,9.8,2.379546134130174,196,228
2343,152160110,2024-07-21,4.36,1.6789639750827106,196,229
2344,152160110,2024-09-01,1.17,0.7747271675523681,196,224
2345,152160110,2024-09-21,1.49,0.9122827104766162,196,225
2346,152160110,2024-10-16,0.79,0.5822156198526637,196,230
2347,150150110,2024-05-14,0.16,0.14842000511827327,193,194
2348,150150110,2024-07-21,0.07,0.06765864847381481,193,195
2349,150150110,2024-09-04,0.06,0.058268908123975775,193,196
2350,150150110,2024-09-06,0.06,0.058268908123975775,193,190
2351,150150110,2024-09-21,0.07,0.06765864847381481,193,191
2352,150150110,2024-10-24,0.038,0.037295784743696894,193,192
2353,150150110,2024-11-30,0.14,0.1310282624064041,193,193
2354,149210050,2024-08-16,6.03,1.9501867058225737,205,230
2355,149210050,2024-10-20,3.6,1.5260563034950494,205,227
2356,149210050,2024-10-25,3.67,1.541159071680806,205,228
2357,150160120,2024-08-12,0.87,0.6259384308664953,192,98
2358,150160120,2024-09-06,1.19,0.7839015438284094,192,99
2359,150160120,2024-09-21,0.85,0.6151856390902335,192,100
2360,153210020,2024-05-01,14.0,2.70805020110221,214,143
2361,153210020,2024-05-13,8.04,2.201659174404085,214,141
2362,153210020,2024-05-18,7.71,2.1644717908644115,214,140
2363,153210020,2024-05-26,10.0,2.3978952727983707,214,142
2364,153210020,2024-06-30,3.91,1.5912739418064292,214,135
2365,153210020,2024-08-29,0.71,0.5364933705145685,214,146
2366,153210020,2024-09-08,1.03,0.708035793053696,214,136
2367,153210020,2024-09-18,2.28,1.1878434223960523,214,137
2368,153210020,2024-09-20,1.9,1.0647107369924282,214,138
2369,153210020,2024-09-30,1.23,0.8020015854720274,214,144
2370,153210020,2024-10-18,0.76,0.5653138090500605,214,139
2371,153210020,2024-11-02,0.57,0.4510756193602167,214,145
2372,150230040,2024-05-13,25.1,3.261935314328648,209,102
2373,150230040,2024-07-09,12.0,2.5649493574615367,209,99
2374,150230040,2024-08-13,12.9,2.631888840136646,209,98
2375,150230040,2024-08-16,12.6,2.6100697927420065,209,100
2376,150230040,2024-08-26,9.74,2.3739750890807185,209,97
2377,150230040,2024-08-28,8.74,2.2762411176544437,209,96
2378,150230040,2024-09-07,8.82,2.2844211223663744,209,87
2379,150230040,2024-09-17,9.56,2.3570732782781154,209,88
2380,150230040,2024-09-20,9.55,2.3561258599220753,209,89
2381,150230040,2024-09-22,8.3,2.2300144001592104,209,90
2382,150230040,2024-10-12,7.71,2.1644717908644115,209,91
2383,150230040,2024-10-17,7.7,2.1633230256605382,209,92
2384,150230040,2024-10-20,8.2,2.2192034840549946,209,93
2385,150230040,2024-11-06,7.73,2.166765369851511,209,94
2386,150230040,2024-11-26,9.61,2.361796952625892,209,95
2387,151180060,2024-05-04,1.89,1.0612565021243408,196,146
2388,151180060,2024-07-10,0.22,0.1988508587451652,196,151
2389,151180060,2024-07-30,0.27,0.23901690047049992,196,144
2390,151180060,2024-08-12,0.16,0.14842000511827327,196,147
2391,151180060,2024-08-14,0.16,0.14842000511827327,196,148
2392,151180060,2024-08-24,0.17,0.15700374880966475,196,145
2393,151180060,2024-09-18,0.59,0.46373401623214017,196,139
2394,151180060,2024-09-21,0.39,0.3293037471426004,196,140
2395,151180060,2024-10-01,0.25,0.22314355131420976,196,149
2396,151180060,2024-10-16,0.26,0.23111172096338664,196,141
2397,151180060,2024-10-18,0.22,0.1988508587451652,196,142
2398,151180060,2024-10-26,0.39,0.3293037471426004,196,143
2399,151180060,2024-11-22,0.59,0.46373401623214017,196,150
2400,154160090,2024-05-09,2.81,1.3376291891386096,199,74
2401,154160090,2024-05-14,2.82,1.3402504226184837,199,72
2402,154160090,2024-05-17,3.05,1.3987168811184478,199,73
2403,154160090,2024-05-22,2.92,1.366091653802371,199,71
2404,154160090,2024-07-21,2.45,1.2383742310432684,199,70
2405,154160090,2024-07-31,2.4,1.2237754316221157,199,75
2406,154160090,2024-09-01,2.49,1.2499017362143359,199,66
2407,154160090,2024-09-04,2.56,1.269760544863939,199,67
2408,154160090,2024-09-19,2.45,1.2383742310432684,199,68
2409,154160090,2024-10-01,2.08,1.1249295969854831,199,69
2410,153180060,2024-05-01,17.8,2.9338568698359033,218,76
2411,153180060,2024-05-14,15.9,2.827313621929028,218,75
2412,153180060,2024-05-21,14.9,2.766319109226186,218,73
2413,153180060,2024-06-30,12.0,2.5649493574615367,218,63
2414,153180060,2024-07-20,9.83,2.382320061012899,218,70
2415,153180060,2024-08-14,8.21,2.2202898502672155,218,71
2416,153180060,2024-08-24,9.32,2.334083760053417,218,72
2417,153180060,2024-08-27,10.4,2.4336133554004498,218,74
2418,153180060,2024-09-03,10.5,2.4423470353692043,218,77
2419,153180060,2024-09-06,6.83,2.057962510002712,218,78
2420,153180060,2024-09-08,9.98,2.3960754360813845,218,64
2421,153180060,2024-09-18,9.23,2.325324579963535,218,65
2422,153180060,2024-09-21,8.34,2.234306252240751,218,66
2423,153180060,2024-10-01,10.7,2.4595888418037104,218,67
2424,153180060,2024-10-18,9.71,2.3711778844596574,218,68
2425,153180060,2024-11-02,10.1,2.4069451083182885,218,69
2426,149210090,2024-05-05,0.93,0.6575200029167942,205,211
2427,149210090,2024-05-15,2.04,1.1118575154181303,205,213
2428,149210090,2024-06-17,0.86,0.6205764877251099,205,207
2429,149210090,2024-07-07,0.97,0.6780335427498971,205,210
2430,149210090,2024-07-22,0.31,0.27002713721306015,205,212
2431,149210090,2024-07-27,0.23,0.20701416938432615,205,208
2432,149210090,2024-08-13,0.7,0.5306282510621704,205,209
2433,149210090,2024-08-28,0.36,0.3074846997479606,205,203
2434,149210090,2024-09-02,0.31,0.27002713721306015,205,205
2435,149210090,2024-09-07,0.17,0.15700374880966475,205,206
2436,149210090,2024-09-22,0.13,0.12221763272424921,205,196
2437,149210090,2024-10-17,0.05,0.04879016416943201,205,197
2438,149210090,2024-10-20,0.07,0.06765864847381481,205,198
2439,149210090,2024-10-22,0.41,0.3435897043900769,205,199
2440,149210090,2024-10-25,0.14,0.1310282624064041,205,200
2441,149210090,2024-11-06,0.038,0.037295784743696894,205,201
2442,149210090,2024-11-11,0.07,0.06765864847381481,205,202
2443,150190240,2024-05-16,0.83,0.6043159668533296,194,204
2444,150190240,2024-06-17,0.72,0.5423242908253616,194,200
2445,150190240,2024-07-10,0.54,0.43178241642553783,194,202
2446,150190240,2024-07-30,0.52,0.41871033485818504,194,203
2447,150190240,2024-08-14,0.54,0.43178241642553783,194,201
2448,150190240,2024-09-15,0.74,0.5538851132264376,194,193
2449,150190240,2024-09-18,0.46,0.3784364357202451,194,194
2450,150190240,2024-09-20,0.4,0.33647223662121295,194,195
2451,150190240,2024-09-25,0.4,0.33647223662121295,194,196
2452,150190240,2024-10-10,0.38,0.32208349916911333,194,197
2453,150190240,2024-10-18,0.34,0.29266961396282,194,198
2454,150190240,2024-10-25,0.24,0.2151113796169455,194,199
2455,154170020,2024-05-09,0.55,0.4382549309311553,199,143
2456,154170020,2024-05-14,0.55,0.4382549309311553,199,142
2457,154170020,2024-05-17,0.64,0.49469624183610705,199,141
2458,154170020,2024-05-22,0.59,0.46373401623214017,199,140
2459,154170020,2024-07-21,0.41,0.3435897043900769,199,139
2460,154170020,2024-07-31,0.25,0.22314355131420976,199,137
2461,154170020,2024-09-01,0.34,0.29266961396282,199,144
2462,154170020,2024-09-04,0.4,0.33647223662121295,199,138
2463,154170020,2024-09-06,0.3,0.26236426446749106,199,134
2464,154170020,2024-09-19,0.33,0.2851789422336624,199,135
2465,154170020,2024-10-01,0.27,0.23901690047049992,199,136
2466,154200020,2024-05-01,3.97,1.6034198401085373,219,126
2467,149210110,2024-05-05,3.94,1.597365331199831,207,227
2468,149210110,2024-05-15,8.82,2.2844211223663744,207,234
2469,154200020,2024-05-16,2.51,1.2556160374777745,219,125
2470,154200020,2024-05-21,2.48,1.247032293786383,219,128
2471,154200020,2024-05-26,5.23,1.8293763327993617,219,124
2472,154200020,2024-06-30,1.35,0.8544153281560676,219,113
2473,154200020,2024-07-10,1.05,0.7178397931503169,219,114
2474,154200020,2024-08-07,0.35,0.30010459245033805,219,129
2475,149210110,2024-08-13,2.08,1.1249295969854831,207,235
2476,149210110,2024-08-16,1.37,0.8628899551470399,207,236
2477,154200020,2024-08-24,0.48,0.3920420877760237,219,123
2478,154200020,2024-08-27,0.38,0.32208349916911333,219,115
2479,149210110,2024-08-28,1.11,0.7466879474879752,207,237
2480,154200020,2024-08-29,0.47,0.3852624007906449,219,116
2481,154200020,2024-09-03,0.74,0.5538851132264376,219,117
2482,149210110,2024-09-07,1.03,0.708035793053696,207,228
2483,154200020,2024-09-08,0.48,0.3920420877760237,219,118
2484,154200020,2024-09-18,1.2,0.7884573603642702,219,119
2485,154200020,2024-09-21,0.7,0.5306282510621704,219,127
2486,154200020,2024-10-16,0.45,0.37156355643248307,219,120
2487,149210110,2024-10-17,0.78,0.5766133643039938,207,229
2488,154200020,2024-10-18,0.45,0.37156355643248307,219,121
2489,149210110,2024-10-20,1.44,0.8919980393051105,207,230
2490,149210110,2024-10-25,0.81,0.5933268452777344,207,231
2491,154200020,2024-10-26,0.4,0.33647223662121295,219,122
2492,149210110,2024-11-01,0.72,0.5423242908253616,207,239
2493,149210110,2024-11-06,0.7,0.5306282510621704,207,232
2494,149210110,2024-11-26,0.68,0.5187937934151676,207,233
2495,149200160,2024-05-01,29.4,3.414442608412176,204,71
2496,149220170,2024-05-15,4.01,1.6114359150967734,220,86
2497,149200160,2024-06-15,31.6,3.484312288372662,204,68
2498,149200160,2024-06-17,34.5,3.56953269648137,204,67
2499,149220170,2024-07-07,0.77,0.5709795465857378,220,97
2500,149200160,2024-07-27,23.9,3.214867803470662,204,72
2501,149220170,2024-07-27,0.45,0.37156355643248307,220,87
2502,149200160,2024-08-04,26.7,3.3214324131932926,204,69
2503,149220170,2024-08-13,1.17,0.7747271675523681,220,88
2504,149200160,2024-08-14,36.1,3.6136169696133895,204,70
2505,149220170,2024-08-21,0.45,0.37156355643248307,220,89
2506,149220170,2024-08-28,2.7,1.308332819650179,220,90
2507,149200160,2024-08-29,25.6,3.280911215787653,204,73
2508,149220170,2024-09-07,1.26,0.8153648132841945,220,99
2509,149220170,2024-10-17,1.1,0.7419373447293773,220,91
2510,149200160,2024-10-18,17.9,2.9391619220655967,204,63
2511,149200160,2024-10-20,17.6,2.9231615807191558,204,64
2512,149220170,2024-10-20,1.77,1.0188473201992472,220,92
2513,149220170,2024-10-22,7.21,2.105352923464337,220,93
2514,149200160,2024-10-25,20.8,3.0819099697950434,204,65
2515,149220170,2024-10-25,1.12,0.7514160886839212,220,94
2516,149220170,2024-11-06,0.46,0.3784364357202451,220,95
2517,149200160,2024-11-09,15.5,2.803360380906535,204,74
2518,149200160,2024-11-17,21.8,3.126760535960395,204,66
2519,149220170,2024-11-26,0.38,0.32208349916911333,220,96
2520,149220200,2024-05-13,12.1,2.5726122302071057,207,125
2521,149220200,2024-05-15,12.6,2.6100697927420065,207,123
2522,149220200,2024-07-07,2.07,1.1216775615991057,207,129
2523,149220200,2024-08-13,2.22,1.169381359556317,207,128
2524,149220200,2024-08-26,1.27,0.8197798314933114,207,127
2525,149220200,2024-08-28,1.16,0.7701082216960736,207,124
2526,149220200,2024-09-07,1.77,1.0188473201992472,207,116
2527,149220200,2024-09-20,2.04,1.1118575154181303,207,117
2528,149220200,2024-10-17,1.15,0.7654678421395714,207,118
2529,149220200,2024-10-20,1.15,0.7654678421395714,207,119
2530,149220200,2024-10-25,1.1,0.7419373447293773,207,120
2531,149220200,2024-11-06,0.7,0.5306282510621704,207,121
2532,149220200,2024-11-26,0.89,0.636576829071551,207,122
2533,152200090,2024-05-01,6.94,2.0719132752590443,216,196
2534,152200090,2024-05-13,4.02,1.6134299337036377,216,194
2535,152200090,2024-06-17,3.07,1.4036429994545037,216,188
2536,152200090,2024-07-10,1.19,0.7839015438284094,216,198
2537,152200090,2024-08-14,1.69,0.9895411936137477,216,195
2538,152200090,2024-08-29,0.97,0.6780335427498971,216,197
2539,152200090,2024-09-18,1.36,0.8586616190375187,216,189
2540,152200090,2024-09-20,1.11,0.7466879474879752,216,190
2541,152200090,2024-10-10,1.22,0.7975071958841881,216,191
2542,152200090,2024-10-18,0.9,0.6418538861723948,216,192
2543,152200090,2024-11-02,1.17,0.7747271675523681,216,193
2544,153210010,2024-05-01,11.8,2.5494451709255714,214,93
2545,153210010,2024-05-08,10.2,2.4159137783010487,214,92
2546,153210010,2024-05-16,9.35,2.336986519711378,214,91
2547,153210010,2024-05-18,9.35,2.336986519711378,214,86
2548,153210010,2024-05-21,8.76,2.278292400425001,214,96
2549,153210010,2024-05-26,11.0,2.4849066497880004,214,87
2550,153210010,2024-06-30,5.93,1.9358598132018119,214,88
2551,153210010,2024-09-03,1.96,1.085189268335969,214,97
2552,153210010,2024-09-08,1.68,0.9858167945227653,214,89
2553,153210010,2024-09-20,2.13,1.1410330045520618,214,95
2554,153210010,2024-09-30,2.19,1.1600209167967532,214,94
2555,153210010,2024-10-18,1.52,0.924258901523332,214,90
2556,150180190,2024-05-16,4.78,1.7544036826842861,191,70
2557,150180190,2024-07-10,1.84,1.0438040521731147,191,69
2558,150180190,2024-08-14,1.84,1.0438040521731147,191,67
2559,150180190,2024-08-24,1.58,0.9477893989335261,191,68
2560,150180190,2024-09-18,1.48,0.9082585601768908,191,65
2561,150180190,2024-10-18,1.02,0.7030975114131134,191,66
2562,150240020,2024-07-09,19.2,3.005682604407159,214,172
2563,150240020,2024-08-13,15.1,2.7788192719904172,214,173
2564,150240020,2024-08-28,12.3,2.5877640352277083,214,174
2565,150240020,2024-09-07,11.4,2.517696472610991,214,165
2566,150240020,2024-09-17,9.59,2.359910159613315,214,166
2567,150240020,2024-09-22,10.0,2.3978952727983707,214,167
2568,150240020,2024-10-12,11.3,2.509599262378372,214,168
2569,150240020,2024-10-17,11.0,2.4849066497880004,214,169
2570,150240020,2024-11-06,5.37,1.851599469584072,214,170
2571,150240020,2024-11-26,7.21,2.105352923464337,214,171
2572,150230030,2024-05-13,4.3,1.667706820558076,209,166
2573,150230030,2024-07-09,1.37,0.8628899551470399,209,171
2574,150230030,2024-08-13,1.9,1.0647107369924282,209,167
2575,150230030,2024-08-16,1.75,1.0116009116784799,209,172
2576,150230030,2024-08-26,1.31,0.8372475245337022,209,168
2577,150230030,2024-08-28,1.21,0.7929925155296614,209,169
2578,150230030,2024-09-07,1.02,0.7030975114131134,209,157
2579,150230030,2024-09-17,1.1,0.7419373447293773,209,158
2580,150230030,2024-09-20,0.86,0.6205764877251099,209,159
2581,150230030,2024-09-22,0.79,0.5822156198526637,209,160
2582,150230030,2024-10-12,0.69,0.5247285289349821,209,161
2583,150230030,2024-10-17,0.79,0.5822156198526637,209,162
2584,150230030,2024-10-20,0.68,0.5187937934151676,209,163
2585,150230030,2024-11-06,0.78,0.5766133643039938,209,164
2586,150230030,2024-11-26,1.51,0.9202827531436926,209,165
2587,149190350,2024-05-28,0.77,0.5709795465857378,203,209
2588,149190350,2024-06-15,0.78,0.5766133643039938,203,217
2589,149190350,2024-06-17,0.61,0.4762341789963716,203,218
2590,149190350,2024-07-22,0.51,0.412109650826833,203,210
2591,149190350,2024-07-30,0.22,0.1988508587451652,203,211
2592,149190350,2024-08-14,0.5,0.4054651081081644,203,212
2593,149190350,2024-08-29,0.77,0.5709795465857378,203,219
2594,149190350,2024-09-18,0.35,0.30010459245033805,203,213
2595,149190350,2024-10-10,2.02,1.1052568313867783,203,214
2596,149190350,2024-10-18,0.95,0.6678293725756554,203,215
2597,149190350,2024-10-25,0.37,0.31481073984003355,203,216
2598,152230080,2024-05-13,275.0,5.62040086571715,214,232
2599,152230080,2024-05-18,250.0,5.5254529391317835,214,233
2600,152230080,2024-06-29,131.0,4.882801922586371,214,230
2601,152230080,2024-07-09,86.5,4.471638793363569,214,227
2602,152230080,2024-08-13,46.4,3.858622228701031,214,226
2603,152230080,2024-08-16,46.6,3.8628327612373745,214,231
2604,152230080,2024-08-26,46.1,3.8522730010223722,214,229
2605,152230080,2024-08-28,42.3,3.768152635008444,214,228
2606,152230080,2024-09-17,31.8,3.4904285153900982,214,217
2607,152230080,2024-09-20,30.7,3.456316680883235,214,218
2608,152230080,2024-09-22,29.8,3.427514689979529,214,219
2609,152230080,2024-10-12,25.5,3.2771447329921766,214,225
2610,152230080,2024-10-17,26.6,3.3178157727231046,214,220
2611,152230080,2024-10-20,28.3,3.3775875160230218,214,221
2612,152230080,2024-11-04,18.4,2.9652730660692823,214,222
2613,152230080,2024-11-06,17.1,2.89591193827178,214,223
2614,152230080,2024-11-26,17.8,2.9338568698359033,214,224
2615,150170210,2024-05-16,1.34,0.8501509293696101,192,33
2616,150170210,2024-07-10,0.37,0.31481073984003355,192,37
2617,150170210,2024-07-30,0.36,0.3074846997479606,192,34
2618,150170210,2024-08-12,0.4,0.33647223662121295,192,35
2619,150170210,2024-08-14,0.39,0.3293037471426004,192,38
2620,150170210,2024-08-24,0.36,0.3074846997479606,192,36
2621,150170210,2024-09-06,0.15,0.13976194237515868,192,27
2622,150170210,2024-09-18,0.33,0.2851789422336624,192,28
2623,150170210,2024-09-21,0.23,0.20701416938432615,192,29
2624,150170210,2024-10-01,0.18,0.16551443847757338,192,30
2625,150170210,2024-10-16,0.47,0.3852624007906449,192,31
2626,150170210,2024-11-27,0.63,0.48858001481867097,192,32
2627,152160010,2024-05-14,87.2,4.4796069630127455,197,121
2628,152160010,2024-05-17,84.2,4.44500143383527,197,123
2629,152160010,2024-07-21,30.1,3.4372078191851885,197,120
2630,152160010,2024-07-23,31.6,3.484312288372662,197,118
2631,152160010,2024-08-12,27.0,3.332204510175204,197,117
2632,152160010,2024-08-20,26.8,3.3250360206965914,197,122
2633,152160010,2024-08-27,26.4,3.3105430133940246,197,119
2634,152160010,2024-09-04,25.7,3.2846635654062037,197,113
2635,152160010,2024-09-06,25.2,3.265759410767051,197,114
2636,152160010,2024-09-21,33.4,3.5380565643793527,197,115
2637,152160010,2024-11-30,25.6,3.280911215787653,197,116
2638,149180010,2024-05-01,71.5,4.283586561860629,190,15
2639,151170010,2024-05-16,8.61,2.262804222982201,192,157
2640,149180010,2024-07-10,23.3,3.190476350346503,190,17
2641,151170010,2024-07-15,1.65,0.9745596399981308,192,156
2642,151170010,2024-07-30,1.3,0.832909122935104,192,158
2643,151170010,2024-08-12,1.79,1.0260415958332743,192,161
2644,149180010,2024-08-14,32.3,3.505557396986398,190,14
2645,151170010,2024-08-14,1.33,0.8458682675776092,192,159
2646,149180010,2024-08-24,39.9,3.7111300630487563,190,16
2647,151170010,2024-08-24,0.85,0.6151856390902335,192,160
2648,151170010,2024-09-06,0.74,0.5538851132264376,192,152
2649,149180010,2024-09-18,30.9,3.462606009790799,190,12
2650,151170010,2024-09-18,1.3,0.832909122935104,192,153
2651,151170010,2024-09-21,0.84,0.6097655716208943,192,154
2652,149180010,2024-10-18,60.9,4.12552017969055,190,13
2653,151170010,2024-11-27,4.46,1.6974487897568138,192,155
2654,153220150,2024-05-01,15.3,2.791165107812717,213,94
2655,153220150,2024-05-08,12.8,2.624668592163159,213,93
2656,153220150,2024-05-13,10.1,2.4069451083182885,213,92
2657,153220150,2024-05-16,9.16,2.318458442150336,213,98
2658,153220150,2024-05-18,8.6,2.2617630984737906,213,97
2659,153220150,2024-05-21,7.41,2.1294214739848565,213,100
2660,153220150,2024-05-26,6.69,2.0399207835175526,213,99
2661,153220150,2024-06-27,4.9,1.7749523509116738,213,91
2662,153220150,2024-06-30,4.09,1.6272778305624314,213,96
2663,153220150,2024-07-10,3.2,1.4350845252893227,213,95
2664,153220150,2024-07-22,1.88,1.0577902941478545,213,101
2665,153220150,2024-08-29,0.8,0.5877866649021191,213,85
2666,153220150,2024-09-05,0.75,0.5596157879354227,213,86
2667,153220150,2024-09-08,0.72,0.5423242908253616,213,87
2668,153220150,2024-09-20,0.62,0.4824261492442927,213,88
2669,153220150,2024-10-18,0.51,0.412109650826833,213,89
2670,153220150,2024-10-20,0.49,0.3987761199573678,213,90
2671,150160040,2024-05-09,0.68,0.5187937934151676,200,31
2672,150160040,2024-08-12,0.24,0.2151113796169455,200,30
2673,150160040,2024-09-21,0.18,0.16551443847757338,200,27
2674,150160040,2024-11-05,0.15,0.13976194237515868,200,28
2675,150160040,2024-11-10,0.43,0.3576744442718159,200,29
2676,151190010,2024-05-16,9.37,2.3389170222414357,195,156
2677,151190010,2024-07-10,3.52,1.5085119938441398,195,155
2678,151190010,2024-07-30,3.44,1.4906543764441333,195,153
2679,151190010,2024-08-14,3.61,1.5282278570085572,195,152
2680,151190010,2024-08-24,3.98,1.6054298910365616,195,154
2681,151190010,2024-09-18,4.19,1.6467336971777973,195,150
2682,151190010,2024-10-18,2.87,1.3532545070416904,195,151
2683,153220230,2024-05-08,0.94,0.6626879730752367,212,223
2684,153220230,2024-05-13,1.17,0.7747271675523681,212,224
2685,153220230,2024-06-27,1.2,0.7884573603642702,212,227
2686,153220230,2024-09-05,0.15,0.13976194237515868,212,225
2687,153220230,2024-10-20,0.046,0.044973365642731154,212,226
2688,153150030,2024-05-17,0.52,0.41871033485818504,198,194
2689,153150030,2024-07-21,0.14,0.1310282624064041,198,195
2690,153150030,2024-08-20,0.1,0.09531017980432487,198,196
2691,153150030,2024-09-19,0.14,0.1310282624064041,198,193
2692,153190130,2024-05-01,7.52,2.1424163408412245,217,188
2693,153190130,2024-05-16,6.68,2.038619547159581,217,187
2694,153190130,2024-06-30,4.57,1.7173950539391927,217,185
2695,153190130,2024-07-10,3.81,1.5706970841176697,217,186
2696,153190130,2024-08-07,2.5,1.252762968495368,217,190
2697,153190130,2024-08-27,2.49,1.2499017362143359,217,189
2698,153190130,2024-09-03,2.69,1.3056264580524357,217,179
2699,153190130,2024-09-08,2.55,1.2669476034873244,217,180
2700,153190130,2024-09-21,3.87,1.5830939370944985,217,181
2701,153190130,2024-10-16,3.33,1.4655675420143985,217,182
2702,153190130,2024-10-18,3.23,1.4422019930581866,217,183
2703,153190130,2024-10-26,2.93,1.3686394258811698,217,184
2704,150210090,2024-09-20,4.11,1.631199404215613,208,219
2705,150210090,2024-10-10,5.04,1.7984040119467237,208,220
2706,150210090,2024-10-20,2.51,1.2556160374777745,208,221
2707,150210090,2024-10-25,3.34,1.4678743481123135,208,222
2708,151160010,2024-05-14,0.18,0.16551443847757338,193,89
2709,151160010,2024-07-06,0.11,0.10436001532424277,193,87
2710,151160010,2024-07-21,0.024,0.023716526617316044,193,91
2711,151160010,2024-07-23,0.02,0.019802627296179712,193,90
2712,151160010,2024-08-12,0.008,0.007968169649176874,193,88
2713,151160010,2024-09-04,0.025,0.0246926125903715,193,83
2714,151160010,2024-09-06,0.028,0.027615167032973367,193,84
2715,151160010,2024-09-21,0.026,0.02566774674857779,193,85
2716,151160010,2024-10-24,0.06,0.058268908123975775,193,86
2717,151180030,2024-05-16,1.26,0.8153648132841945,196,135
2718,151180030,2024-07-30,0.32,0.2776317365982795,196,138
2719,151180030,2024-08-12,0.31,0.27002713721306015,196,134
2720,151180030,2024-08-14,0.3,0.26236426446749106,196,136
2721,151180030,2024-08-24,0.23,0.20701416938432615,196,137
2722,151180030,2024-09-06,0.23,0.20701416938432615,196,128
2723,151180030,2024-09-18,0.55,0.4382549309311553,196,129
2724,151180030,2024-09-21,0.43,0.3576744442718159,196,130
2725,151180030,2024-10-01,0.43,0.3576744442718159,196,131
2726,151180030,2024-10-16,0.42,0.35065687161316933,196,132
2727,151180030,2024-10-18,0.4,0.33647223662121295,196,133
2728,150190210,2024-05-01,0.39,0.3293037471426004,202,46
2729,150190210,2024-07-30,0.06,0.058268908123975775,202,47
2730,150190210,2024-08-14,0.06,0.058268908123975775,202,45
2731,150190210,2024-09-15,0.07,0.06765864847381481,202,38
2732,150190210,2024-09-18,0.03,0.0295588022415444,202,39
2733,150190210,2024-09-20,0.009,0.008959741371471904,202,40
2734,150190210,2024-09-25,0.016,0.01587334915629015,202,41
2735,150190210,2024-10-10,0.046,0.044973365642731154,202,42
2736,150190210,2024-10-18,0.006,0.005982071677547464,202,43
2737,150190210,2024-10-25,0.007,0.006975613736425242,202,44
2738,152190050,2024-05-04,2.61,1.2837077723447896,216,134
2739,152190050,2024-05-14,2.31,1.1969481893889715,216,131
2740,152190050,2024-07-10,0.48,0.3920420877760237,216,129
2741,152190050,2024-07-30,0.69,0.5247285289349821,216,133
2742,152190050,2024-08-12,0.75,0.5596157879354227,216,122
2743,152190050,2024-08-14,0.64,0.49469624183610705,216,132
2744,152190050,2024-08-24,0.52,0.41871033485818504,216,136
2745,152190050,2024-09-18,0.85,0.6151856390902335,216,123
2746,152190050,2024-09-21,0.48,0.3920420877760237,216,124
2747,152190050,2024-10-01,0.29,0.2546422183735807,216,125
2748,152190050,2024-10-16,0.3,0.26236426446749106,216,126
2749,152190050,2024-10-18,0.34,0.29266961396282,216,127
2750,152190050,2024-10-26,2.42,1.2296405510745139,216,128
2751,152190050,2024-11-02,0.73,0.5481214085096876,216,135
2752,152190050,2024-11-22,0.76,0.5653138090500605,216,130
2753,153180130,2024-05-01,3.72,1.551808799597464,219,34
2754,153180130,2024-05-14,3.49,1.501852701754163,219,36
2755,153180130,2024-05-21,3.36,1.4724720573609429,219,33
2756,153180130,2024-06-30,2.47,1.244154593958768,219,22
2757,153180130,2024-07-20,1.89,1.0612565021243408,219,30
2758,153180130,2024-08-14,1.18,0.7793248768009976,219,31
2759,153180130,2024-08-24,1.07,0.7275486072772778,219,35
2760,153180130,2024-08-27,0.97,0.6780335427498971,219,32
2761,153180130,2024-09-06,0.84,0.6097655716208943,219,23
2762,153180130,2024-09-08,0.79,0.5822156198526637,219,24
2763,153180130,2024-09-18,0.88,0.6312717768418579,219,25
2764,153180130,2024-09-21,0.77,0.5709795465857378,219,26
2765,153180130,2024-10-01,0.65,0.5007752879124893,219,27
2766,153180130,2024-10-18,0.46,0.3784364357202451,219,28
2767,153180130,2024-11-02,0.43,0.3576744442718159,219,29
2768,154170040,2024-05-14,0.61,0.4762341789963716,199,17
2769,154170040,2024-05-17,0.56,0.44468582126144574,199,20
2770,154170040,2024-05-22,0.5,0.4054651081081644,199,19
2771,154170040,2024-07-21,0.26,0.23111172096338664,199,18
2772,154170040,2024-07-31,0.26,0.23111172096338664,199,22
2773,154170040,2024-08-20,0.24,0.2151113796169455,199,21
2774,154170040,2024-09-01,0.23,0.20701416938432615,199,11
2775,154170040,2024-09-04,0.23,0.20701416938432615,199,12
2776,154170040,2024-09-06,0.22,0.1988508587451652,199,13
2777,154170040,2024-09-19,0.22,0.1988508587451652,199,14
2778,154170040,2024-09-21,0.21,0.1906203596086497,199,15
2779,154170040,2024-10-01,0.19,0.173953307123438,199,16
2780,150160230,2024-05-01,5.38,1.8531680973566984,191,199
2781,150160230,2024-05-09,3.75,1.55814461804655,191,207
2782,150160230,2024-07-10,1.71,0.9969486348916095,191,200
2783,150160230,2024-07-30,1.81,1.0331844833456545,191,201
2784,150160230,2024-08-12,1.85,1.0473189942805592,191,202
2785,150160230,2024-08-14,1.79,1.0260415958332743,191,203
2786,150160230,2024-08-24,1.69,0.9895411936137477,191,208
2787,150160230,2024-09-18,1.65,0.9745596399981308,191,204
2788,150160230,2024-09-21,1.58,0.9477893989335261,191,205
2789,150160230,2024-11-05,1.26,0.8153648132841945,191,206
2790,150180070,2024-05-01,7.55,2.145931282948669,190,242
2791,150180070,2024-05-04,7.32,2.1186622548331173,190,243
2792,150180070,2024-05-09,5.42,1.8594181177018698,190,241
2793,150180070,2024-07-10,4.11,1.631199404215613,190,248
2794,150180070,2024-08-12,3.77,1.5623463049002497,190,244
2795,150180070,2024-08-14,3.82,1.5727739280625088,190,245
2796,150180070,2024-08-24,3.4,1.4816045409242156,190,246
2797,150180070,2024-09-06,2.81,1.3376291891386096,190,247
2798,150180070,2024-09-18,2.34,1.205970806988609,190,237
2799,150180070,2024-09-21,3.36,1.4724720573609429,190,238
2800,150180070,2024-10-01,3.53,1.5107219394949427,191,0
2801,150180070,2024-10-16,3.32,1.463255402256019,190,249
2802,150180070,2024-10-18,3.38,1.4770487243883548,190,239
2803,150180070,2024-11-05,4.39,1.6845453849209058,190,240
2804,151210030,2024-05-01,2.36,1.2119409739751128,210,127
2805,151210030,2024-05-26,2.2,1.1631508098056809,210,128
2806,151210030,2024-06-17,1.47,0.9042181506398859,210,125
2807,151210030,2024-06-30,1.29,0.8285518175661483,210,129
2808,151210030,2024-08-14,0.92,0.6523251860396903,210,126
2809,151210030,2024-08-29,0.75,0.5596157879354227,210,130
2810,151210030,2024-09-03,0.75,0.5596157879354227,210,117
2811,151210030,2024-09-08,1.12,0.7514160886839212,210,118
2812,151210030,2024-09-18,1.59,0.9516578757114464,210,119
2813,151210030,2024-09-20,0.93,0.6575200029167942,210,120
2814,151210030,2024-09-25,1.72,1.000631880307906,210,131
2815,151210030,2024-10-10,0.77,0.5709795465857378,210,121
2816,151210030,2024-10-18,0.65,0.5007752879124893,210,122
2817,151210030,2024-11-02,0.62,0.4824261492442927,210,123
2818,151210030,2024-11-04,0.62,0.4824261492442927,210,124
2819,149220060,2024-05-05,51.3,3.9569963710708773,206,117
2820,149220060,2024-05-15,55.3,4.030694535145645,206,113
2821,149220060,2024-07-07,28.3,3.3775875160230218,206,116
2822,149220060,2024-07-27,15.0,2.772588722239781,206,112
2823,149220060,2024-08-13,14.3,2.72785282839839,206,111
2824,149220060,2024-08-28,17.0,2.8903717578961645,206,118
2825,149220060,2024-09-02,91.0,4.5217885770490405,206,119
2826,149220060,2024-09-07,54.8,4.021773869387265,206,114
2827,149220060,2024-10-17,14.0,2.70805020110221,206,105
2828,149220060,2024-10-20,52.9,3.9871304779149517,206,110
2829,149220060,2024-10-22,55.8,4.039536325727106,206,106
2830,149220060,2024-10-25,14.0,2.70805020110221,206,107
2831,149220060,2024-11-06,12.9,2.631888840136646,206,108
2832,149220060,2024-11-11,11.0,2.4849066497880004,206,109
2833,151150060,2024-05-14,4.85,1.766441661243765,194,13
2834,151150060,2024-07-21,0.56,0.44468582126144574,194,15
2835,151150060,2024-09-04,0.49,0.3987761199573678,194,14
2836,151150060,2024-09-06,0.54,0.43178241642553783,194,9
2837,151150060,2024-09-21,0.63,0.48858001481867097,194,10
2838,151150060,2024-10-24,0.68,0.5187937934151676,194,11
2839,151150060,2024-11-30,1.26,0.8153648132841945,194,12
2840,150220090,2024-05-13,120.0,4.795790545596741,206,180
2841,150220090,2024-05-15,140.0,4.948759890378168,206,182
2842,150220090,2024-08-13,40.9,3.735285826928092,206,179
2843,150220090,2024-08-16,36.1,3.6136169696133895,206,183
2844,150220090,2024-08-26,25.4,3.2733640101522705,206,181
2845,150220090,2024-08-28,24.5,3.2386784521643803,206,184
2846,150220090,2024-09-07,71.7,4.286341384539473,206,172
2847,150220090,2024-09-20,43.7,3.7999735016195233,206,173
2848,150220090,2024-10-17,30.8,3.459466289786131,206,174
2849,150220090,2024-10-20,26.5,3.3141860046725258,206,175
2850,150220090,2024-10-25,52.0,3.970291913552122,206,176
2851,150220090,2024-11-06,21.6,3.1179499062782403,206,177
2852,150220090,2024-11-26,20.4,3.0633909220278057,206,178
2853,154170160,2024-05-09,8.56,2.25758772706331,199,214
2854,154170160,2024-05-14,8.6,2.2617630984737906,199,212
2855,154170160,2024-05-17,8.64,2.265921108622454,199,215
2856,154170160,2024-05-22,8.16,2.214846178686039,199,213
2857,154170160,2024-07-21,4.9,1.7749523509116738,199,217
2858,154170160,2024-07-31,5.37,1.851599469584072,199,216
2859,154170160,2024-09-06,5.47,1.8671761085128091,199,209
2860,154170160,2024-09-19,5.8,1.916922612182061,199,210
2861,154170160,2024-10-01,5.19,1.8229350866965048,199,211
2862,150190200,2024-05-16,2.39,1.220829921392359,194,211
2863,150190200,2024-07-10,0.95,0.6678293725756554,194,207
2864,150190200,2024-07-30,0.83,0.6043159668533296,194,208
2865,150190200,2024-08-14,0.83,0.6043159668533296,194,209
2866,150190200,2024-08-24,0.51,0.412109650826833,194,210
2867,150190200,2024-09-18,1.25,0.8109302162163288,194,205
2868,150190200,2024-10-18,0.66,0.5068176023684519,194,206
2869,153190150,2024-05-01,4.97,1.7867469274045107,217,176
2870,153190150,2024-05-16,4.32,1.6714733033535532,217,175
2871,153190150,2024-06-30,2.82,1.3402504226184837,217,174
2872,153190150,2024-07-10,2.24,1.1755733298042381,217,177
2873,153190150,2024-08-27,1.24,0.8064758658669485,217,173
2874,153190150,2024-08-29,1.23,0.8020015854720274,217,167
2875,153190150,2024-09-03,1.21,0.7929925155296614,217,168
2876,153190150,2024-09-08,1.2,0.7884573603642702,217,169
2877,153190150,2024-09-21,1.88,1.0577902941478545,217,170
2878,153190150,2024-10-16,1.81,1.0331844833456545,217,178
2879,153190150,2024-10-18,1.76,1.0152306797290587,217,171
2880,153190150,2024-10-26,1.58,0.9477893989335261,217,172
2881,152190040,2024-07-30,0.14,0.1310282624064041,217,50
2882,152190040,2024-08-14,0.31,0.27002713721306015,217,51
2883,152190040,2024-08-24,0.47,0.3852624007906449,217,52
2884,152190040,2024-09-08,0.28,0.2468600779315258,217,43
2885,152190040,2024-09-18,0.29,0.2546422183735807,217,44
2886,152190040,2024-09-21,0.22,0.1988508587451652,217,49
2887,152190040,2024-10-01,0.2,0.18232155679395462,217,45
2888,152190040,2024-10-18,0.19,0.173953307123438,217,46
2889,152190040,2024-11-02,0.17,0.15700374880966475,217,47
2890,152190040,2024-11-22,0.17,0.15700374880966475,217,48
2891,153190020,2024-05-01,6.63,2.0320878452963655,218,108
2892,153190020,2024-06-30,2.29,1.1908875647772805,218,103
2893,153190020,2024-07-20,1.23,0.8020015854720274,218,104
2894,153190020,2024-08-14,0.63,0.48858001481867097,218,105
2895,153190020,2024-08-24,0.73,0.5481214085096876,218,106
2896,153190020,2024-08-27,0.74,0.5538851132264376,218,107
2897,153190020,2024-09-03,0.73,0.5481214085096876,218,95
2898,153190020,2024-09-06,0.7,0.5306282510621704,218,96
2899,153190020,2024-09-08,0.68,0.5187937934151676,218,97
2900,153190020,2024-09-18,0.69,0.5247285289349821,218,98
2901,153190020,2024-09-21,0.69,0.5247285289349821,218,99
2902,153190020,2024-10-01,0.71,0.5364933705145685,218,100
2903,153190020,2024-10-18,0.58,0.4574248470388754,218,101
2904,153190020,2024-11-02,0.41,0.3435897043900769,218,102
2905,150160070,2024-08-12,0.22,0.1988508587451652,192,97
2906,150160070,2024-09-06,0.24,0.2151113796169455,192,94
2907,150160070,2024-09-21,0.25,0.22314355131420976,192,95
2908,150160070,2024-11-30,2.56,1.269760544863939,192,96
2909,151220090,2024-05-13,52.9,3.9871304779149517,209,132
2910,151220090,2024-05-18,50.9,3.949318790171843,209,130
2911,151220090,2024-07-09,26.9,3.32862668882732,209,126
2912,151220090,2024-08-13,28.1,3.370738174177447,209,131
2913,151220090,2024-08-16,23.9,3.214867803470662,209,129
2914,151220090,2024-08-26,19.8,3.0349529867072724,209,128
2915,151220090,2024-08-28,17.8,2.9338568698359033,209,127
2916,151220090,2024-09-17,16.3,2.8507065015037334,209,119
2917,151220090,2024-09-20,15.0,2.772588722239781,209,120
2918,151220090,2024-09-22,14.4,2.7343675094195836,209,121
2919,151220090,2024-10-12,13.1,2.6461747973841225,209,133
2920,151220090,2024-10-17,11.7,2.5416019934645457,209,122
2921,151220090,2024-10-20,14.6,2.747270914255491,209,123
2922,151220090,2024-11-06,13.3,2.6602595372658615,209,124
2923,151220090,2024-11-26,13.8,2.6946271807700692,209,125
2924,152200100,2024-05-01,6.12,1.9629077254238845,216,92
2925,152200100,2024-05-13,3.87,1.5830939370944985,216,78
2926,152200100,2024-05-18,2.97,1.3787660946990992,216,79
2927,152200100,2024-06-17,1.83,1.0402767116551463,216,80
2928,152200100,2024-06-30,1.24,0.8064758658669485,216,81
2929,152200100,2024-07-10,0.91,0.6471032420585385,216,82
2930,152200100,2024-08-14,0.65,0.5007752879124893,216,91
2931,152200100,2024-08-24,0.77,0.5709795465857378,216,83
2932,152200100,2024-08-29,0.68,0.5187937934151676,216,84
2933,152200100,2024-09-03,0.71,0.5364933705145685,216,85
2934,152200100,2024-09-08,0.6,0.4700036292457356,216,86
2935,152200100,2024-09-20,1.88,1.0577902941478545,216,87
2936,152200100,2024-09-30,0.83,0.6043159668533296,216,88
2937,152200100,2024-10-18,0.65,0.5007752879124893,216,89
2938,152200100,2024-11-02,0.58,0.4574248470388754,216,90
2939,151150190,2024-05-14,0.89,0.636576829071551,193,62
2940,151150190,2024-07-06,0.3,0.26236426446749106,193,59
2941,151150190,2024-07-21,0.15,0.13976194237515868,193,63
2942,151150190,2024-07-23,0.14,0.1310282624064041,193,61
2943,151150190,2024-08-12,0.034,0.03343477608623739,193,60
2944,151150190,2024-09-04,0.035,0.0344014267173324,193,57
2945,151150190,2024-09-06,0.035,0.0344014267173324,193,55
2946,151150190,2024-09-21,0.06,0.058268908123975775,193,58
2947,151150190,2024-10-24,0.44,0.36464311358790924,193,56
2948,149190370,2024-05-28,0.4,0.33647223662121295,203,205
2949,149190370,2024-06-15,0.39,0.3293037471426004,203,208
2950,149190370,2024-06-17,0.34,0.29266961396282,203,206
2951,149190370,2024-07-22,0.55,0.4382549309311553,203,204
2952,149190370,2024-07-30,0.13,0.12221763272424921,203,202
2953,149190370,2024-08-14,0.35,0.30010459245033805,203,203
2954,149190370,2024-08-29,0.15,0.13976194237515868,203,207
2955,149190370,2024-09-18,0.16,0.14842000511827327,203,198
2956,149190370,2024-10-10,0.32,0.2776317365982795,203,199
2957,149190370,2024-10-18,0.13,0.12221763272424921,203,200
2958,149190370,2024-10-25,0.11,0.10436001532424277,203,201
2959,151220070,2024-05-13,6.07,1.9558604799084813,209,248
2960,151220070,2024-07-09,4.45,1.6956156086751528,209,236
2961,151220070,2024-08-13,5.87,1.927164106234258,209,237
2962,151220070,2024-08-16,4.69,1.7387102481382395,209,238
2963,151220070,2024-08-26,3.68,1.5432981099295553,209,239
2964,151220070,2024-08-28,3.44,1.4906543764441333,209,240
2965,151220070,2024-09-07,3.14,1.420695787837223,209,242
2966,151220070,2024-09-20,3.33,1.4655675420143985,209,243
2967,151220070,2024-09-22,3.09,1.4085449700547104,209,249
2968,151220070,2024-10-17,2.75,1.3217558399823195,209,244
2969,151220070,2024-10-20,2.89,1.358409157630355,209,245
2970,151220070,2024-10-25,3.25,1.4469189829363254,209,246
2971,151220070,2024-11-06,2.51,1.2556160374777745,209,247
2972,151220070,2024-11-26,2.54,1.264126727145683,210,0
2973,149190360,2024-05-01,1.33,0.8458682675776092,204,120
2974,149190390,2024-05-01,1.63,0.9669838461896731,204,130
2975,149190360,2024-06-15,0.58,0.4574248470388754,204,114
2976,149190390,2024-06-15,1.72,1.000631880307906,204,127
2977,149190360,2024-06-17,0.52,0.41871033485818504,204,115
2978,149190390,2024-06-17,1.59,0.9516578757114464,204,128
2979,149190360,2024-07-27,0.3,0.26236426446749106,204,118
2980,149190390,2024-07-27,1.32,0.8415671856782186,204,131
2981,149190360,2024-07-30,0.29,0.2546422183735807,204,119
2982,149190390,2024-07-30,1.3,0.832909122935104,204,134
2983,149190360,2024-08-04,1.72,1.000631880307906,204,122
2984,149190390,2024-08-04,13.7,2.6878474937846906,204,135
2985,149190360,2024-08-14,0.43,0.3576744442718159,204,116
2986,149190390,2024-08-14,2.93,1.3686394258811698,204,129
2987,149190360,2024-08-24,0.76,0.5653138090500605,204,121
2988,149190390,2024-08-24,0.99,0.688134638736401,204,132
2989,149190360,2024-08-29,0.6,0.4700036292457356,204,117
2990,149190390,2024-08-29,1.01,0.6981347220709844,204,133
2991,149190360,2024-10-18,0.65,0.5007752879124893,204,110
2992,149190390,2024-10-18,0.75,0.5596157879354227,204,123
2993,149190360,2024-10-20,0.49,0.3987761199573678,204,111
2994,149190390,2024-10-20,1.0,0.6931471805599453,204,124
2995,149190360,2024-10-25,0.65,0.5007752879124893,204,112
2996,149190390,2024-10-25,1.22,0.7975071958841881,204,125
2997,149190360,2024-11-09,0.3,0.26236426446749106,204,113
2998,149190390,2024-11-09,0.49,0.3987761199573678,204,126
2999,149200270,2024-06-17,0.4,0.33647223662121295,205,3
3000,149200270,2024-07-27,0.24,0.2151113796169455,205,4
3001,149200270,2024-10-20,0.1,0.09531017980432487,205,1
3002,149200270,2024-10-25,0.09,0.08617769624105233,205,2
3003,149210040,2024-08-16,7.2,2.1041341542702074,205,233
3004,149210040,2024-10-20,4.81,1.75958057086382,205,231
3005,149210040,2024-10-25,5.07,1.803358605071407,205,232
3006,150190130,2024-07-10,1.5,0.9162907318741551,202,17
3007,150190130,2024-08-14,1.58,0.9477893989335261,202,16
3008,150190130,2024-09-05,1.23,0.8020015854720274,202,13
3009,150190130,2024-09-18,1.42,0.8837675401685949,202,14
3010,150190130,2024-09-20,1.38,0.8671004876833832,202,10
3011,150190130,2024-10-10,1.85,1.0473189942805592,202,15
3012,150190130,2024-10-18,1.8,1.0296194171811583,202,12
3013,150190130,2024-10-25,1.68,0.9858167945227653,202,11
3014,151190030,2024-07-10,0.82,0.598836501088704,195,205
3015,151190030,2024-07-30,0.91,0.6471032420585385,195,207
3016,151190030,2024-08-14,0.73,0.5481214085096876,195,206
3017,151190030,2024-08-24,0.54,0.43178241642553783,195,204
3018,151190030,2024-09-18,0.6,0.4700036292457356,195,201
3019,151190030,2024-10-18,0.55,0.4382549309311553,195,202
3020,151190030,2024-11-02,0.32,0.2776317365982795,195,203
3021,149180030,2024-05-01,12.5,2.6026896854443837,190,149
3022,149180030,2024-08-14,10.5,2.4423470353692043,190,150
3023,149180030,2024-08-24,9.15,2.3174737054877963,190,151
3024,149180030,2024-09-18,6.52,2.017566137961748,190,148
3025,149180030,2024-10-18,17.9,2.9391619220655967,190,147
3026,150160090,2024-05-14,2.07,1.1216775615991057,192,124
3027,150160090,2024-08-12,0.92,0.6523251860396903,192,125
3028,150160090,2024-09-06,0.78,0.5766133643039938,192,121
3029,150160090,2024-09-21,0.91,0.6471032420585385,192,122
3030,150160090,2024-11-30,5.22,1.827769906751088,192,123
3031,151170040,2024-05-01,16.1,2.8390784635086144,193,7
3032,151170040,2024-05-14,8.26,2.225704048658088,193,2
3033,151170040,2024-07-15,1.14,0.76080582903376,193,3
3034,151170040,2024-07-30,1.62,0.9631743177730056,193,1
3035,151170040,2024-08-12,1.54,0.9321640810304452,193,6
3036,151170040,2024-08-14,1.11,0.7466879474879752,193,5
3037,151170040,2024-08-24,1.24,0.8064758658669485,193,4
3038,151170040,2024-09-06,0.67,0.5128236264286637,192,247
3039,151170040,2024-09-18,0.85,0.6151856390902335,192,248
3040,151170040,2024-09-21,0.69,0.5247285289349821,192,249
3041,151170040,2024-10-26,3.56,1.5173226235262947,193,0
3042,153150080,2024-05-14,6.13,1.9643112344262046,198,176
3043,153150080,2024-05-17,5.88,1.9286186519452522,198,177
3044,153150080,2024-07-21,2.8,1.33500106673234,198,178
3045,153150080,2024-09-19,3.1,1.410986973710262,198,172
3046,153150080,2024-09-21,2.78,1.3297240096314962,198,173
3047,153150080,2024-10-26,1.93,1.0750024230289759,198,174
3048,153150080,2024-11-30,1.87,1.0543120297715298,198,175
3049,152210120,2024-05-01,23.6,3.202746442938317,216,5
3050,152210120,2024-05-13,11.7,2.5416019934645457,216,4
3051,152210120,2024-05-18,10.8,2.468099531471619,216,2
3052,152210120,2024-05-26,14.8,2.760009940032921,216,0
3053,152210120,2024-06-17,7.41,2.1294214739848565,215,249
3054,152210120,2024-06-27,7.37,2.124653884501384,216,1
3055,152210120,2024-06-30,6.49,2.0135687975291283,215,248
3056,152210120,2024-08-29,2.93,1.3686394258811698,216,3
3057,152210120,2024-09-08,2.45,1.2383742310432684,215,241
3058,152210120,2024-09-18,2.42,1.2296405510745139,215,242
3059,152210120,2024-09-20,2.42,1.2296405510745139,215,243
3060,152210120,2024-09-30,2.26,1.1817271953786161,215,246
3061,152210120,2024-10-18,2.19,1.1600209167967532,215,244
3062,152210120,2024-11-02,2.82,1.3402504226184837,215,247
3063,152210120,2024-11-04,2.58,1.275362800412609,215,245
3064,149190070,2024-05-01,1.46,0.9001613499442714,202,230
3065,149190070,2024-07-10,0.24,0.2151113796169455,202,228
3066,149190070,2024-08-14,0.38,0.32208349916911333,202,226
3067,149190070,2024-08-16,0.47,0.3852624007906449,202,227
3068,149190070,2024-08-24,0.3,0.26236426446749106,202,229
3069,149190070,2024-09-05,0.92,0.6523251860396903,202,220
3070,149190070,2024-09-18,0.33,0.2851789422336624,202,221
3071,149190070,2024-09-20,0.25,0.22314355131420976,202,222
3072,149190070,2024-10-10,0.33,0.2851789422336624,202,223
3073,149190070,2024-10-18,3.65,1.536867219599265,202,224
3074,149190070,2024-10-25,0.39,0.3293037471426004,202,225
3075,150150090,2024-05-14,1.83,1.0402767116551463,193,186
3076,150150090,2024-07-21,0.65,0.5007752879124893,193,188
3077,150150090,2024-08-12,0.53,0.4252677354043441,193,187
3078,150150090,2024-09-04,0.5,0.4054651081081644,193,189
3079,150150090,2024-09-06,0.49,0.3987761199573678,193,182
3080,150150090,2024-09-21,0.36,0.3074846997479606,193,183
3081,150150090,2024-10-24,0.66,0.5068176023684519,193,185
3082,150150090,2024-11-30,2.46,1.2412685890696329,193,184
3083,152199992,2024-05-01,35.0,3.58351893845611,216,148
3084,152199992,2024-05-13,24.6,3.242592351485517,216,145
3085,152199992,2024-05-26,16.9,2.884800712846709,216,143
3086,152199992,2024-06-17,7.4,2.128231705849268,216,141
3087,152199992,2024-07-10,2.65,1.2947271675944,216,144
3088,152199992,2024-08-14,2.8,1.33500106673234,216,142
3089,152199992,2024-08-29,2.15,1.1474024528375417,216,146
3090,152199992,2024-09-18,6.8,2.0541237336955462,216,147
3091,152199992,2024-09-20,5.04,1.7984040119467237,216,137
3092,152199992,2024-10-10,2.94,1.3711807233098425,216,138
3093,152199992,2024-10-18,2.57,1.2725655957915476,216,139
3094,152199992,2024-11-02,3.73,1.5539252025038417,216,140
3095,151150090,2024-05-14,11.1,2.4932054526026954,194,29
3096,154190170,2024-05-16,19.6,3.0252910757955354,219,110
3097,154190170,2024-05-21,19.2,3.005682604407159,219,111
3098,154190170,2024-06-30,12.6,2.6100697927420065,219,100
3099,151150090,2024-07-06,4.43,1.691939133945844,194,26
3100,154190170,2024-07-10,9.58,2.3589654264301534,219,109
3101,151150090,2024-07-21,4.15,1.6389967146756448,194,28
3102,151150090,2024-08-12,3.71,1.5496879080283263,194,27
3103,154190170,2024-08-24,5.75,1.9095425048844383,219,108
3104,154190170,2024-08-27,4.66,1.7334238922150915,219,112
3105,154190170,2024-08-29,4.68,1.7369512327330598,219,101
3106,151150090,2024-09-04,3.35,1.4701758451005928,194,23
3107,151150090,2024-09-06,3.78,1.5644405465033646,194,24
3108,154190170,2024-09-06,5.49,1.8702625307159986,219,102
3109,154190170,2024-09-08,5.14,1.814824742159051,219,103
3110,154190170,2024-09-18,10.2,2.4159137783010487,219,104
3111,151150090,2024-09-21,3.32,1.463255402256019,194,25
3112,154190170,2024-09-21,7.18,2.1016921506146558,219,105
3113,154190170,2024-10-16,4.7,1.7404661748405044,219,106
3114,154190170,2024-10-18,4.68,1.7369512327330598,219,107
3115,154170080,2024-05-09,6.54,2.020222182019865,199,172
3116,154170080,2024-05-14,7.18,2.1016921506146558,199,170
3117,154170080,2024-05-17,6.4,2.0014800002101243,199,169
3118,154170080,2024-05-22,6.06,1.9544450515051506,199,171
3119,154170080,2024-07-21,3.81,1.5706970841176697,199,173
3120,154170080,2024-07-31,4.31,1.6695918352538475,199,168
3121,154170080,2024-09-01,3.66,1.5390154481375546,199,174
3122,154170080,2024-09-06,3.48,1.4996230464268938,199,165
3123,154170080,2024-09-19,4.27,1.6620303625532709,199,166
3124,154170080,2024-10-01,3.73,1.5539252025038417,199,167
3125,149200100,2024-06-17,5.67,1.8976198599275325,204,199
3126,149200100,2024-07-30,5.16,1.8180767775454285,204,195
3127,149200100,2024-08-04,8.56,2.25758772706331,204,194
3128,149200100,2024-08-14,5.85,1.9242486522741338,204,198
3129,149200100,2024-08-24,3.15,1.423108334242607,204,197
3130,149200100,2024-08-29,3.32,1.463255402256019,204,196
3131,149200100,2024-10-18,1.54,0.9321640810304452,204,189
3132,149200100,2024-10-20,1.42,0.8837675401685949,204,190
3133,149200100,2024-10-25,1.56,0.9400072584914712,204,191
3134,149200100,2024-11-09,1.04,0.712949807856125,204,192
3135,149200100,2024-11-17,11.4,2.517696472610991,204,193
3136,152180100,2024-05-14,1.5,0.9162907318741551,197,52
3137,152180100,2024-06-08,1.0,0.6931471805599453,197,53
3138,152180100,2024-07-30,0.16,0.14842000511827327,197,42
3139,152180100,2024-08-14,0.19,0.173953307123438,197,51
3140,152180100,2024-08-24,0.19,0.173953307123438,197,43
3141,152180100,2024-08-27,0.17,0.15700374880966475,197,44
3142,152180100,2024-09-08,0.16,0.14842000511827327,197,45
3143,152180100,2024-09-18,0.14,0.1310282624064041,197,54
3144,152180100,2024-09-21,0.11,0.10436001532424277,197,46
3145,152180100,2024-10-01,0.11,0.10436001532424277,197,47
3146,152180100,2024-10-18,0.13,0.12221763272424921,197,48
3147,152180100,2024-11-02,0.05,0.04879016416943201,197,49
3148,152180100,2024-11-22,0.17,0.15700374880966475,197,50
3149,152140080,2024-06-26,1.26,0.8153648132841945,194,190
3150,152140080,2024-07-21,0.86,0.6205764877251099,194,191
3151,152140080,2024-08-20,1.09,0.7371640659767197,194,192
3152,152140080,2024-09-04,1.13,0.7561219797213337,194,187
3153,152140080,2024-09-19,1.13,0.7561219797213337,194,188
3154,152140080,2024-10-24,0.83,0.6043159668533296,194,189
3155,152210030,2024-05-01,21.4,3.109060958860994,214,157
3156,152210030,2024-05-13,12.9,2.631888840136646,214,156
3157,152210030,2024-05-18,11.9,2.5572273113676265,214,147
3158,152210030,2024-06-17,8.22,2.2213750375685026,214,148
3159,152210030,2024-06-27,7.73,2.166765369851511,214,164
3160,152210030,2024-06-30,6.49,2.0135687975291283,214,149
3161,152210030,2024-07-10,3.28,1.4539530095937054,214,162
3162,152210030,2024-08-14,1.67,0.9820784724121581,214,158
3163,152210030,2024-08-24,1.66,0.9783261227936076,214,159
3164,152210030,2024-08-29,1.81,1.0331844833456545,214,160
3165,152210030,2024-09-03,1.7,0.9932517730102834,214,150
3166,152210030,2024-09-08,1.68,0.9858167945227653,214,151
3167,152210030,2024-09-18,2.49,1.2499017362143359,214,152
3168,152210030,2024-09-20,2.56,1.269760544863939,214,153
3169,152210030,2024-09-30,1.84,1.0438040521731147,214,163
3170,152210030,2024-10-18,1.2,0.7884573603642702,214,154
3171,152210030,2024-11-02,0.85,0.6151856390902335,214,155
3172,152210030,2024-11-04,0.88,0.6312717768418579,214,161
3173,151160150,2024-05-14,194.0,5.272999558563747,190,34
3174,151160150,2024-08-12,115.0,4.7535901911063645,190,33
3175,151160150,2024-09-06,89.6,4.506454213048934,190,31
3176,151160150,2024-09-21,61.8,4.139955073474153,190,32
3177,152230070,2024-05-13,20.0,3.044522437723423,215,117
3178,152230070,2024-05-18,16.4,2.856470206220483,215,118
3179,152230070,2024-06-29,8.43,2.2438960966453663,215,121
3180,152230070,2024-07-09,5.62,1.890095369948917,215,120
3181,152230070,2024-08-13,4.45,1.6956156086751528,215,119
3182,152230070,2024-08-26,3.39,1.47932922708708,215,123
3183,152230070,2024-08-28,3.14,1.420695787837223,215,122
3184,152230070,2024-09-17,2.19,1.1600209167967532,215,108
3185,152230070,2024-09-20,2.19,1.1600209167967532,215,109
3186,152230070,2024-09-22,2.02,1.1052568313867783,215,110
3187,152230070,2024-10-12,2.08,1.1249295969854831,215,111
3188,152230070,2024-10-17,2.05,1.11514159061932,215,112
3189,152230070,2024-10-20,1.89,1.0612565021243408,215,113
3190,152230070,2024-11-04,2.14,1.144222799920162,215,114
3191,152230070,2024-11-06,2.14,1.144222799920162,215,115
3192,152230070,2024-11-26,2.47,1.244154593958768,215,116
3193,154220030,2024-05-01,6.5,2.0149030205422647,213,141
3194,154220030,2024-05-08,5.64,1.8931119634883424,213,137
3195,154220030,2024-05-16,4.53,1.7101878155342436,213,140
3196,154220030,2024-05-18,4.44,1.6937790608678513,213,139
3197,154220030,2024-05-21,4.16,1.6409365794934714,213,143
3198,154220030,2024-05-26,4.11,1.631199404215613,213,138
3199,154220030,2024-06-17,3.28,1.4539530095937054,213,142
3200,154220030,2024-06-27,3.18,1.430311246536665,213,135
3201,154220030,2024-06-30,2.98,1.3812818192963463,213,136
3202,154220030,2024-08-29,0.7,0.5306282510621704,213,132
3203,154220030,2024-09-20,0.57,0.4510756193602167,213,133
3204,154220030,2024-10-18,0.49,0.3987761199573678,213,134
3205,152229999,2024-05-01,349.0,5.857933154483459,215,36
3206,152229999,2024-05-13,331.0,5.805134968916488,215,30
3207,152229999,2024-05-18,321.0,5.7745515455444085,215,31
3208,152229999,2024-05-26,279.0,5.634789603169249,215,33
3209,152229999,2024-06-17,208.0,5.342334251964811,215,29
3210,152229999,2024-06-30,164.0,5.10594547390058,215,34
3211,152229999,2024-08-16,61.2,4.130354999745133,215,28
3212,152229999,2024-08-29,60.2,4.11414718951828,215,32
3213,152229999,2024-09-08,49.1,3.914021008090819,215,23
3214,152229999,2024-09-18,45.6,3.8416005411316,215,24
3215,152229999,2024-09-20,44.2,3.8110970868381857,215,25
3216,152229999,2024-09-30,50.6,3.9435216724875173,215,35
3217,152229999,2024-10-18,37.5,3.6506582412937387,215,26
3218,152229999,2024-11-04,33.6,3.543853682063679,215,27
3219,150230080,2024-05-13,4.45,1.6956156086751528,209,49
3220,150230080,2024-07-09,2.98,1.3812818192963463,209,54
3221,150230080,2024-08-13,3.03,1.3937663759585917,209,48
3222,150230080,2024-08-16,2.99,1.3837912309017721,209,53
3223,150230080,2024-08-26,2.82,1.3402504226184837,209,51
3224,150230080,2024-08-28,2.74,1.3190856114264407,209,50
3225,150230080,2024-09-07,2.86,1.3506671834767394,209,40
3226,150230080,2024-09-17,3.2,1.4350845252893227,209,41
3227,150230080,2024-09-20,2.82,1.3402504226184837,209,42
3228,150230080,2024-09-22,2.74,1.3190856114264407,209,43
3229,150230080,2024-10-12,2.13,1.1410330045520618,209,47
3230,150230080,2024-10-20,2.57,1.2725655957915476,209,44
3231,150230080,2024-11-06,2.21,1.1662709371419244,209,45
3232,150230080,2024-11-26,2.04,1.1118575154181303,209,46
3233,150200050,2024-05-01,7.8,2.174751721484161,205,141
3234,151210020,2024-05-01,3.75,1.55814461804655,208,204
3235,151210020,2024-05-13,4.27,1.6620303625532709,208,205
3236,150200050,2024-05-16,7.42,2.130609828254235,205,150
3237,151210020,2024-05-16,4.54,1.7119945007591926,208,206
3238,150200050,2024-05-26,6.67,2.0373166153791646,205,142
3239,151210020,2024-05-26,3.15,1.423108334242607,208,201
3240,150200050,2024-06-17,5.05,1.80005827204275,205,143
3241,151210020,2024-06-17,2.5,1.252762968495368,208,199
3242,150200050,2024-07-10,3.44,1.4906543764441333,205,152
3243,151210020,2024-07-10,1.21,0.7929925155296614,208,202
3244,150200050,2024-07-30,2.73,1.3164082336557241,205,151
3245,150200050,2024-08-14,2.86,1.3506671834767394,205,148
3246,151210020,2024-08-14,1.83,1.0402767116551463,208,200
3247,150200050,2024-08-29,2.7,1.308332819650179,205,149
3248,151210020,2024-08-29,1.18,0.7793248768009976,208,203
3249,150200050,2024-09-18,2.24,1.1755733298042381,205,144
3250,151210020,2024-09-18,2.33,1.2029723039923526,208,192
3251,150200050,2024-09-20,1.96,1.085189268335969,205,145
3252,151210020,2024-09-20,1.57,0.9439058989071285,208,193
3253,150200050,2024-10-08,1.99,1.095273387402595,205,153
3254,151210020,2024-10-08,1.32,0.8415671856782186,208,194
3255,150200050,2024-10-10,2.12,1.1378330018213911,205,146
3256,151210020,2024-10-10,4.06,1.6213664832993742,208,195
3257,150200050,2024-10-18,1.78,1.0224509277025458,205,147
3258,151210020,2024-10-18,1.37,0.8628899551470399,208,196
3259,151210020,2024-10-20,1.17,0.7747271675523681,208,197
3260,151210020,2024-10-25,1.39,0.8712933659434192,208,198
3261,154210100,2024-05-08,19.4,3.0155349008501706,219,241
3262,154210100,2024-05-16,13.8,2.6946271807700692,219,240
3263,154210100,2024-05-18,14.1,2.714694743820879,219,239
3264,154210100,2024-06-25,21.1,3.0955776085237074,219,237
3265,154210100,2024-06-27,19.9,3.039749158970765,219,242
3266,154210100,2024-06-30,17.1,2.89591193827178,219,234
3267,154210100,2024-07-10,7.84,2.179286876649552,219,236
3268,154210100,2024-08-24,2.61,1.2837077723447896,219,238
3269,154210100,2024-08-29,2.54,1.264126727145683,219,235
3270,154210100,2024-09-08,2.42,1.2296405510745139,219,231
3271,154210100,2024-09-20,2.77,1.3270750014599193,219,232
3272,154210100,2024-10-18,2.0,1.0986122886681096,219,233
3273,150210120,2024-08-16,12.8,2.624668592163159,205,240
3274,150210120,2024-10-20,7.34,2.1210632163706555,205,238
3275,150210120,2024-10-25,8.2,2.2192034840549946,205,239
3276,152150180,2024-05-14,2.93,1.3686394258811698,198,97
3277,152150180,2024-05-17,2.86,1.3506671834767394,198,98
3278,152150180,2024-07-21,0.78,0.5766133643039938,198,94
3279,152150180,2024-07-23,0.76,0.5653138090500605,198,95
3280,152150180,2024-08-12,0.64,0.49469624183610705,198,99
3281,152150180,2024-08-20,0.54,0.43178241642553783,198,96
3282,152150180,2024-09-04,0.5,0.4054651081081644,198,90
3283,152150180,2024-09-06,0.5,0.4054651081081644,198,93
3284,152150180,2024-09-21,0.55,0.4382549309311553,198,91
3285,152150180,2024-11-30,0.54,0.43178241642553783,198,92
3286,150160160,2024-08-12,2.26,1.1817271953786161,192,103
3287,150160160,2024-09-06,2.01,1.1019400787607843,192,102
3288,150160160,2024-09-21,1.89,1.0612565021243408,192,101
3289,152150200,2024-05-14,227.0,5.429345628954441,195,118
3290,152150200,2024-05-17,199.0,5.298317366548036,195,119
3291,152150200,2024-07-21,54.5,4.0163830207523885,195,117
3292,152150200,2024-07-23,55.8,4.039536325727106,195,115
3293,152150200,2024-08-12,63.5,4.1666652238017265,195,114
3294,152150200,2024-08-20,52.6,3.9815490680767565,195,120
3295,152150200,2024-08-27,47.8,3.8877303128591016,195,116
3296,152150200,2024-09-04,44.4,3.8155121050473024,195,109
3297,152150200,2024-09-06,46.1,3.8522730010223722,195,110
3298,152150200,2024-09-21,61.7,4.138361447638875,195,111
3299,152150200,2024-10-26,60.5,4.119037174812473,195,112
3300,152150200,2024-11-30,79.9,4.393213824064446,195,113
3301,150160190,2024-05-01,1.35,0.8544153281560676,191,114
3302,150160190,2024-05-09,0.78,0.5766133643039938,191,115
3303,150160190,2024-07-30,0.58,0.4574248470388754,191,117
3304,150160190,2024-08-12,0.41,0.3435897043900769,191,116
3305,150160190,2024-08-14,0.38,0.32208349916911333,191,118
3306,150160190,2024-08-24,0.29,0.2546422183735807,191,119
3307,150160190,2024-09-18,0.22,0.1988508587451652,191,111
3308,150160190,2024-09-21,0.19,0.173953307123438,191,112
3309,150160190,2024-11-05,0.12,0.11332868530700317,191,113
3310,152150120,2024-05-14,1.48,0.9082585601768908,197,39
3311,152150120,2024-05-17,1.43,0.8878912573524571,197,38
3312,152150120,2024-07-21,0.14,0.1310282624064041,197,37
3313,152150120,2024-07-23,0.09,0.08617769624105233,197,35
3314,152150120,2024-08-12,0.34,0.29266961396282,197,36
3315,152150120,2024-08-20,0.3,0.26236426446749106,197,40
3316,152150120,2024-08-27,0.26,0.23111172096338664,197,41
3317,152150120,2024-09-04,0.21,0.1906203596086497,197,30
3318,152150120,2024-09-06,0.2,0.18232155679395462,197,31
3319,152150120,2024-09-21,0.45,0.37156355643248307,197,32
3320,152150120,2024-10-26,0.25,0.22314355131420976,197,33
3321,152150120,2024-11-30,0.66,0.5068176023684519,197,34
3322,151210110,2024-05-13,1.21,0.7929925155296614,210,132
3323,151210110,2024-06-17,0.81,0.5933268452777344,210,137
3324,151210110,2024-09-20,0.37,0.31481073984003355,210,133
3325,151210110,2024-09-25,0.36,0.3074846997479606,210,134
3326,151210110,2024-09-30,0.28,0.2468600779315258,210,138
3327,151210110,2024-10-10,0.34,0.29266961396282,210,135
3328,151210110,2024-11-04,0.33,0.2851789422336624,210,136
3329,153210230,2024-05-01,4.76,1.7509374747077997,214,32
3330,153210230,2024-05-08,4.39,1.6845453849209058,214,31
3331,153210230,2024-05-16,4.0,1.6094379124341003,214,30
3332,153210230,2024-05-18,3.95,1.599387576580599,214,29
3333,153210230,2024-05-26,4.01,1.6114359150967734,214,28
3334,153210230,2024-06-17,3.53,1.5107219394949427,214,34
3335,153210230,2024-06-27,3.32,1.463255402256019,214,33
3336,153210230,2024-06-30,3.25,1.4469189829363254,214,27
3337,153210230,2024-08-29,1.03,0.708035793053696,214,23
3338,153210230,2024-09-08,0.77,0.5709795465857378,214,24
3339,153210230,2024-09-20,0.91,0.6471032420585385,214,25
3340,153210230,2024-10-18,0.3,0.26236426446749106,214,26
3341,149190030,2024-05-01,0.63,0.48858001481867097,201,193
3342,149190030,2024-07-10,0.27,0.23901690047049992,201,185
3343,149190030,2024-08-14,0.37,0.31481073984003355,201,194
3344,149190030,2024-08-24,0.27,0.23901690047049992,201,192
3345,149190030,2024-09-05,0.32,0.2776317365982795,201,186
3346,149190030,2024-09-18,0.25,0.22314355131420976,201,187
3347,149190030,2024-09-20,0.24,0.2151113796169455,201,188
3348,149190030,2024-10-10,0.26,0.23111172096338664,201,189
3349,149190030,2024-10-18,2.06,1.1184149159642893,201,190
3350,149190030,2024-10-25,0.25,0.22314355131420976,201,191
3351,154180020,2024-05-02,4.56,1.715598108262491,199,205
3352,154180020,2024-05-09,2.58,1.275362800412609,199,204
3353,154180020,2024-05-14,2.4,1.2237754316221157,199,201
3354,154180020,2024-05-17,2.19,1.1600209167967532,199,206
3355,154180020,2024-05-22,1.94,1.0784095813505903,199,203
3356,154180020,2024-05-27,1.7,0.9932517730102834,199,207
3357,154180020,2024-07-31,0.62,0.4824261492442927,199,202
3358,154180020,2024-08-07,0.49,0.3987761199573678,199,200
3359,154180020,2024-08-27,0.39,0.3293037471426004,199,208
3360,154180020,2024-09-04,0.7,0.5306282510621704,199,195
3361,154180020,2024-09-06,0.6,0.4700036292457356,199,196
3362,154180020,2024-09-19,0.95,0.6678293725756554,199,197
3363,154180020,2024-10-01,0.82,0.598836501088704,199,198
3364,154180020,2024-10-16,0.5,0.4054651081081644,199,199
3365,151180040,2024-05-04,8.95,2.2975725511705014,196,94
3366,151180040,2024-05-16,6.01,1.9473377010464987,196,95
3367,151180040,2024-07-30,2.07,1.1216775615991057,196,92
3368,151180040,2024-08-12,1.54,0.9321640810304452,196,90
3369,151180040,2024-08-14,1.46,0.9001613499442714,196,91
3370,151180040,2024-08-24,1.47,0.9042181506398859,196,93
3371,151180040,2024-09-06,1.09,0.7371640659767197,196,84
3372,151180040,2024-09-18,2.51,1.2556160374777745,196,85
3373,151180040,2024-09-21,1.84,1.0438040521731147,196,86
3374,151180040,2024-10-01,1.67,0.9820784724121581,196,87
3375,151180040,2024-10-16,2.29,1.1908875647772805,196,88
3376,151180040,2024-10-18,1.79,1.0260415958332743,196,89
3377,150150010,2024-05-14,2.24,1.1755733298042381,194,0
3378,150150020,2024-05-14,0.5,0.4054651081081644,194,37
3379,150150010,2024-07-21,0.46,0.3784364357202451,193,248
3380,150150020,2024-07-21,0.08,0.07696104113612832,194,35
3381,150150010,2024-08-12,0.38,0.32208349916911333,193,247
3382,150150020,2024-08-12,0.07,0.06765864847381481,194,30
3383,150150010,2024-09-04,0.35,0.30010459245033805,193,249
3384,150150020,2024-09-04,0.06,0.058268908123975775,194,36
3385,150150010,2024-09-06,0.34,0.29266961396282,193,243
3386,150150020,2024-09-06,0.05,0.04879016416943201,194,31
3387,150150010,2024-09-21,0.21,0.1906203596086497,193,244
3388,150150020,2024-09-21,0.038,0.037295784743696894,194,32
3389,150150010,2024-10-24,0.65,0.5007752879124893,193,245
3390,150150020,2024-10-24,0.16,0.14842000511827327,194,33
3391,150150010,2024-11-30,1.76,1.0152306797290587,193,246
3392,150150020,2024-11-30,0.42,0.35065687161316933,194,34
3393,151220050,2024-05-05,2.6,1.2809338454620645,210,88
3394,151220050,2024-05-13,1.39,0.8712933659434192,210,86
3395,151220050,2024-07-09,0.58,0.4574248470388754,210,89
3396,151220050,2024-08-13,0.36,0.3074846997479606,210,87
3397,151220050,2024-08-28,0.25,0.22314355131420976,210,85
3398,151220050,2024-09-17,0.28,0.2468600779315258,210,78
3399,151220050,2024-09-20,0.2,0.18232155679395462,210,79
3400,151220050,2024-09-30,0.2,0.18232155679395462,210,80
3401,151220050,2024-10-10,0.21,0.1906203596086497,210,81
3402,151220050,2024-10-12,0.18,0.16551443847757338,210,90
3403,151220050,2024-10-17,0.12,0.11332868530700317,210,82
3404,151220050,2024-11-06,0.17,0.15700374880966475,210,83
3405,151220050,2024-11-26,0.34,0.29266961396282,210,84
3406,150200010,2024-05-01,4.76,1.7509374747077997,205,36
3407,150200010,2024-05-13,5.95,1.9387416595767009,205,44
3408,150200010,2024-05-16,4.69,1.7387102481382395,205,45
3409,150200010,2024-05-26,4.24,1.6563214983329508,205,46
3410,150200010,2024-06-17,2.81,1.3376291891386096,205,37
3411,150200010,2024-08-14,1.14,0.76080582903376,205,43
3412,150200010,2024-08-29,1.21,0.7929925155296614,205,47
3413,150200010,2024-09-18,2.14,1.144222799920162,205,38
3414,150200010,2024-09-20,1.78,1.0224509277025458,205,39
3415,150200010,2024-10-08,1.29,0.8285518175661483,205,40
3416,150200010,2024-10-10,1.29,0.8285518175661483,205,41
3417,150200010,2024-10-18,1.21,0.7929925155296614,205,42
3418,150200010,2024-10-25,0.91,0.6471032420585385,205,48
3419,150210030,2024-05-13,1.62,0.9631743177730056,205,190
3420,150210030,2024-05-26,1.26,0.8153648132841945,205,193
3421,150210030,2024-06-17,0.72,0.5423242908253616,205,189
3422,150210030,2024-07-10,0.5,0.4054651081081644,205,191
3423,150210030,2024-08-14,0.79,0.5822156198526637,205,187
3424,150210030,2024-08-29,0.4,0.33647223662121295,205,192
3425,150210030,2024-09-18,1.33,0.8458682675776092,205,186
3426,150210030,2024-09-20,0.44,0.36464311358790924,205,181
3427,150210030,2024-10-08,0.44,0.36464311358790924,205,185
3428,150210030,2024-10-10,0.59,0.46373401623214017,205,182
3429,150210030,2024-10-18,0.36,0.3074846997479606,205,188
3430,150210030,2024-10-20,0.36,0.3074846997479606,205,183
3431,150210030,2024-10-25,0.42,0.35065687161316933,205,184
3432,152200110,2024-05-01,1860.0,7.528869256642251,201,41
3433,152200110,2024-05-13,1550.0,7.346655163176539,201,36
3434,152200110,2024-05-18,1620.0,7.390798521735676,201,37
3435,152200110,2024-06-17,1070.0,6.976348070447749,201,35
3436,152200110,2024-06-30,989.0,6.897704943128636,201,43
3437,152200110,2024-07-10,696.0,6.546785410760524,201,39
3438,152200110,2024-08-14,595.0,6.39024066706535,201,38
3439,152200110,2024-08-24,465.0,6.144185634125646,201,40
3440,152200110,2024-08-29,439.0,6.0867747269123065,201,42
3441,152200110,2024-09-03,386.0,5.958424693029782,201,34
3442,152200110,2024-09-08,436.0,6.07993319509559,201,29
3443,152200110,2024-09-20,435.0,6.077642243349034,201,31
3444,152200110,2024-09-30,359.0,5.886104031450156,201,30
3445,152200110,2024-10-18,350.0,5.860786223465865,201,33
3446,152200110,2024-11-02,299.0,5.703782474656201,201,32
3447,150200120,2024-05-01,6.5,2.0149030205422647,205,111
3448,150200120,2024-05-13,6.52,2.017566137961748,205,114
3449,150200120,2024-05-16,6.07,1.9558604799084813,205,115
3450,150200120,2024-05-26,5.86,1.925707441737794,205,112
3451,150200120,2024-06-17,3.1,1.410986973710262,205,109
3452,150200120,2024-08-14,2.8,1.33500106673234,205,110
3453,150200120,2024-08-29,1.85,1.0473189942805592,205,113
3454,150200120,2024-09-18,3.05,1.3987168811184478,205,108
3455,150200120,2024-09-20,2.5,1.252762968495368,205,103
3456,150200120,2024-10-08,1.64,0.9707789171582247,205,104
3457,150200120,2024-10-10,2.54,1.264126727145683,205,105
3458,150200120,2024-10-18,1.48,0.9082585601768908,205,106
3459,150200120,2024-10-25,1.55,0.9360933591703348,205,107
3460,153150020,2024-05-17,1.17,0.7747271675523681,198,151
3461,153150020,2024-07-21,0.23,0.20701416938432615,198,154
3462,153150020,2024-08-20,0.31,0.27002713721306015,198,153
3463,153150020,2024-09-19,0.63,0.48858001481867097,198,152
3464,152160130,2024-05-14,13.0,2.639057329615259,196,191
3465,152160130,2024-08-12,2.81,1.3376291891386096,196,192
3466,152160130,2024-09-06,1.59,0.9516578757114464,196,188
3467,152160130,2024-09-21,1.48,0.9082585601768908,196,189
3468,152160130,2024-10-26,1.75,1.0116009116784799,196,190
3469,150160130,2024-08-12,0.28,0.2468600779315258,192,112
3470,150160130,2024-09-06,0.29,0.2546422183735807,192,110
3471,150160130,2024-09-21,0.43,0.3576744442718159,192,111
3472,153170110,2024-05-14,2.13,1.1410330045520618,218,31
3473,153170110,2024-09-01,0.53,0.4252677354043441,218,29
3474,153170110,2024-09-21,0.78,0.5766133643039938,218,30
3475,150190220,2024-05-16,6.5,2.0149030205422647,194,221
3476,150190220,2024-07-10,3.59,1.5238800240724537,194,224
3477,150190220,2024-07-30,2.49,1.2499017362143359,194,222
3478,150190220,2024-08-14,2.37,1.2149127443642704,194,223
3479,150190220,2024-08-24,1.69,0.9895411936137477,194,225
3480,150190220,2024-09-18,3.14,1.420695787837223,194,219
3481,150190220,2024-10-18,4.64,1.7298840655099674,194,220
3482,149200060,2024-05-28,1.69,0.9895411936137477,203,146
3483,149200080,2024-05-28,1.71,0.9969486348916095,203,196
3484,149200060,2024-06-15,1.29,0.8285518175661483,203,142
3485,149200080,2024-06-15,1.76,1.0152306797290587,203,192
3486,149200060,2024-06-17,1.3,0.832909122935104,203,143
3487,149200080,2024-06-17,1.55,0.9360933591703348,203,193
3488,149200060,2024-07-22,1.91,1.068153081183401,203,140
3489,149200080,2024-07-22,6.39,2.0001277349601105,203,197
3490,149200060,2024-07-30,0.49,0.3987761199573678,203,141
3491,149200080,2024-07-30,0.91,0.6471032420585385,203,191
3492,149200060,2024-08-14,1.49,0.9122827104766162,203,144
3493,149200080,2024-08-14,2.11,1.1346227261911428,203,194
3494,149200060,2024-08-29,1.08,0.7323678937132266,203,145
3495,149200080,2024-08-29,1.06,0.7227059828014898,203,195
3496,149200060,2024-09-18,0.46,0.3784364357202451,203,136
3497,149200080,2024-09-18,0.93,0.6575200029167942,203,187
3498,149200060,2024-10-10,0.97,0.6780335427498971,203,137
3499,149200080,2024-10-10,1.7,0.9932517730102834,203,188
3500,149200060,2024-10-18,0.52,0.41871033485818504,203,138
3501,149200080,2024-10-18,0.78,0.5766133643039938,203,189
3502,149200060,2024-10-25,0.46,0.3784364357202451,203,139
3503,149200080,2024-10-25,0.85,0.6151856390902335,203,190
3504,149200300,2024-06-17,22.9,3.173878458937465,204,241
3505,149200300,2024-07-27,16.6,2.8678989020441064,204,242
3506,149200300,2024-10-20,10.0,2.3978952727983707,204,239
3507,149200300,2024-10-25,6.33,1.9919755158985601,204,240
3508,149200290,2024-06-17,24.2,3.2268439945173775,204,245
3509,149200290,2024-07-27,17.8,2.9338568698359033,204,246
3510,149200290,2024-10-20,11.3,2.509599262378372,204,243
3511,149200290,2024-10-25,7.52,2.1424163408412245,204,244
3512,153210040,2024-05-01,2.98,1.3812818192963463,214,61
3513,153210040,2024-05-08,1.86,1.0508216248317612,214,62
3514,153210040,2024-05-16,1.46,0.9001613499442714,214,63
3515,153210040,2024-05-18,1.46,0.9001613499442714,214,64
3516,153210040,2024-05-26,1.92,1.0715836162801904,214,65
3517,153210040,2024-06-17,1.28,0.8241754429663495,214,66
3518,153210040,2024-06-30,0.7,0.5306282510621704,214,67
3519,153210040,2024-08-29,0.09,0.08617769624105233,214,71
3520,153210040,2024-09-08,0.08,0.07696104113612832,214,68
3521,153210040,2024-09-20,0.07,0.06765864847381481,214,69
3522,153210040,2024-10-18,0.045,0.04401688541677432,214,70
3523,152140120,2024-05-17,3.11,1.4134230285081433,198,115
3524,152140120,2024-07-21,1.01,0.6981347220709844,198,114
3525,152140120,2024-08-20,0.016,0.01587334915629015,198,116
3526,152140120,2024-09-04,0.15,0.13976194237515868,198,111
3527,152140120,2024-09-19,0.29,0.2546422183735807,198,112
3528,152140120,2024-10-24,0.11,0.10436001532424277,198,113
3529,153160070,2024-05-14,2.8,1.33500106673234,198,7
3530,153160070,2024-05-17,2.81,1.3376291891386096,198,8
3531,153160070,2024-07-21,1.63,0.9669838461896731,198,5
3532,153160070,2024-08-20,1.26,0.8153648132841945,198,6
3533,153160070,2024-09-19,2.08,1.1249295969854831,198,1
3534,153160070,2024-09-21,1.72,1.000631880307906,198,2
3535,153160070,2024-10-26,1.33,0.8458682675776092,198,3
3536,153160070,2024-11-30,1.35,0.8544153281560676,198,4
3537,151170090,2024-07-15,0.4,0.33647223662121295,192,138
3538,151170090,2024-07-30,0.48,0.3920420877760237,192,139
3539,151170090,2024-08-12,0.43,0.3576744442718159,192,140
3540,151170090,2024-08-14,0.44,0.36464311358790924,192,141
3541,151170090,2024-08-24,0.38,0.32208349916911333,192,142
3542,151170090,2024-09-06,0.35,0.30010459245033805,192,134
3543,151170090,2024-09-18,0.35,0.30010459245033805,192,135
3544,151170090,2024-09-21,0.36,0.3074846997479606,192,136
3545,151170090,2024-11-27,1.9,1.0647107369924282,192,137
3546,152230090,2024-05-08,17.3,2.9069010598473755,211,133
3547,152230090,2024-05-15,16.1,2.8390784635086144,211,131
3548,152230090,2024-05-18,15.3,2.791165107812717,211,134
3549,152230090,2024-06-27,11.5,2.5257286443082556,211,136
3550,152230090,2024-06-29,11.3,2.509599262378372,211,128
3551,152230090,2024-07-09,7.14,2.096790180014449,211,129
3552,152230090,2024-07-19,5.2,1.8245492920510458,211,130
3553,152230090,2024-08-01,5.37,1.851599469584072,211,132
3554,152230090,2024-08-28,4.09,1.6272778305624314,211,135
3555,152230090,2024-09-05,3.81,1.5706970841176697,211,119
3556,152230090,2024-09-07,3.73,1.5539252025038417,211,120
3557,152230090,2024-09-17,3.72,1.551808799597464,211,121
3558,152230090,2024-09-20,3.45,1.4929040961781488,211,122
3559,152230090,2024-09-22,3.31,1.4609379041156565,211,123
3560,152230090,2024-10-12,3.34,1.4678743481123135,211,124
3561,152230090,2024-10-17,3.45,1.4929040961781488,211,125
3562,152230090,2024-10-27,3.44,1.4906543764441333,211,126
3563,152230090,2024-11-06,3.44,1.4906543764441333,211,127
3564,152230100,2024-05-08,7.01,2.080690761080268,212,58
3565,152230100,2024-05-15,5.31,1.8421356765531218,212,42
3566,152230100,2024-05-18,4.63,1.728109442151599,212,43
3567,152230100,2024-06-29,2.28,1.1878434223960523,212,44
3568,152230100,2024-07-09,1.2,0.7884573603642702,212,45
3569,152230100,2024-07-19,1.02,0.7030975114131134,212,46
3570,152230100,2024-08-01,1.09,0.7371640659767197,212,47
3571,152230100,2024-08-28,0.9,0.6418538861723948,212,48
3572,152230100,2024-09-05,0.7,0.5306282510621704,212,49
3573,152230100,2024-09-07,0.65,0.5007752879124893,212,59
3574,152230100,2024-09-17,0.7,0.5306282510621704,212,50
3575,152230100,2024-09-20,0.54,0.43178241642553783,212,51
3576,152230100,2024-09-22,0.47,0.3852624007906449,212,52
3577,152230100,2024-10-12,0.37,0.31481073984003355,212,53
3578,152230100,2024-10-17,0.36,0.3074846997479606,212,54
3579,152230100,2024-10-20,0.36,0.3074846997479606,212,55
3580,152230100,2024-10-27,0.37,0.31481073984003355,212,56
3581,152230100,2024-11-04,0.32,0.2776317365982795,212,60
3582,152230100,2024-11-06,0.32,0.2776317365982795,212,57
3583,150180090,2024-05-01,0.69,0.5247285289349821,190,176
3584,150180090,2024-08-14,0.22,0.1988508587451652,190,175
3585,150180090,2024-08-24,0.26,0.23111172096338664,190,177
3586,150180090,2024-09-18,0.25,0.22314355131420976,190,173
3587,150180090,2024-10-18,0.13,0.12221763272424921,190,174
3588,151180090,2024-05-04,4.71,1.7422190236679187,195,168
3589,151180090,2024-05-14,3.57,1.5195132049061133,195,167
3590,151180090,2024-05-16,3.33,1.4655675420143985,195,171
3591,151180090,2024-07-30,0.8,0.5877866649021191,195,170
3592,151180090,2024-08-12,0.54,0.43178241642553783,195,166
3593,151180090,2024-08-14,0.52,0.41871033485818504,195,165
3594,151180090,2024-08-24,0.57,0.4510756193602167,195,169
3595,151180090,2024-09-06,0.53,0.4252677354043441,195,157
3596,151180090,2024-09-18,0.77,0.5709795465857378,195,158
3597,151180090,2024-09-21,0.6,0.4700036292457356,195,159
3598,151180090,2024-10-01,0.51,0.412109650826833,195,160
3599,151180090,2024-10-16,0.56,0.44468582126144574,195,161
3600,151180090,2024-10-18,0.52,0.41871033485818504,195,162
3601,151180090,2024-10-26,0.92,0.6523251860396903,195,163
3602,151180090,2024-11-22,1.43,0.8878912573524571,195,164
3603,149200120,2024-05-01,1.42,0.8837675401685949,204,221
3604,149200120,2024-06-15,1.09,0.7371640659767197,204,220
3605,149200120,2024-06-17,1.07,0.7275486072772778,204,216
3606,149200120,2024-07-27,0.61,0.4762341789963716,204,218
3607,149200120,2024-08-04,1.64,0.9707789171582247,204,219
3608,149200120,2024-08-14,1.76,1.0152306797290587,204,217
3609,149200120,2024-08-29,0.59,0.46373401623214017,204,222
3610,149200120,2024-10-18,0.56,0.44468582126144574,204,212
3611,149200120,2024-10-20,1.56,0.9400072584914712,204,213
3612,149200120,2024-10-25,2.41,1.2267122912954256,204,214
3613,149200120,2024-11-09,0.5,0.4054651081081644,204,215
3614,149200120,2024-11-17,2.28,1.1878434223960523,204,223
3615,150230010,2024-05-13,11.9,2.5572273113676265,209,68
3616,150230010,2024-07-09,6.07,1.9558604799084813,209,70
3617,150230010,2024-08-13,6.58,2.0255131996542803,209,64
3618,150230010,2024-08-16,5.67,1.8976198599275325,209,67
3619,150230010,2024-08-26,5.07,1.803358605071407,209,66
3620,150230010,2024-08-28,4.27,1.6620303625532709,209,65
3621,150230010,2024-09-07,4.84,1.7647307968401358,209,55
3622,150230010,2024-09-17,5.52,1.8748743759385615,209,56
3623,150230010,2024-09-20,5.53,1.8764069432883397,209,57
3624,150230010,2024-09-22,4.66,1.7334238922150915,209,58
3625,150230010,2024-10-12,4.37,1.6808279085207734,209,59
3626,150230010,2024-10-17,4.46,1.6974487897568138,209,60
3627,150230010,2024-10-20,4.53,1.7101878155342436,209,62
3628,150230010,2024-11-06,4.36,1.6789639750827106,209,61
3629,150230010,2024-11-26,5.99,1.9444805562457188,209,63
3630,150170120,2024-05-16,0.89,0.636576829071551,192,16
3631,150170120,2024-07-30,0.19,0.173953307123438,192,13
3632,150170120,2024-08-12,0.31,0.27002713721306015,192,12
3633,150170120,2024-08-14,0.28,0.2468600779315258,192,14
3634,150170120,2024-08-24,0.45,0.37156355643248307,192,15
3635,150170120,2024-09-06,0.17,0.15700374880966475,192,9
3636,150170120,2024-09-18,0.46,0.3784364357202451,192,10
3637,150170120,2024-09-21,0.34,0.29266961396282,192,11
3638,149220210,2024-05-13,9.19,2.321406847234633,207,140
3639,149220210,2024-05-15,11.5,2.5257286443082556,207,143
3640,149220210,2024-07-07,3.04,1.3962446919730587,207,138
3641,149220210,2024-08-16,1.7,0.9932517730102834,207,137
3642,149220210,2024-08-26,1.46,0.9001613499442714,207,141
3643,149220210,2024-08-28,1.39,0.8712933659434192,207,139
3644,149220210,2024-09-07,1.99,1.095273387402595,207,130
3645,149220210,2024-09-17,2.57,1.2725655957915476,207,144
3646,149220210,2024-09-20,1.93,1.0750024230289759,207,131
3647,149220210,2024-10-17,1.5,0.9162907318741551,207,132
3648,149220210,2024-10-20,1.24,0.8064758658669485,207,133
3649,149220210,2024-10-25,2.65,1.2947271675944,207,134
3650,149220210,2024-11-06,0.76,0.5653138090500605,207,135
3651,149220210,2024-11-26,1.43,0.8878912573524571,207,136
3652,152150050,2024-05-14,300.0,5.707110264748875,190,70
3653,152150050,2024-07-21,99.2,4.607168188650764,190,69
3654,152150050,2024-07-23,116.0,4.762173934797756,190,68
3655,152150050,2024-08-12,127.0,4.852030263919617,190,67
3656,152150050,2024-09-04,107.0,4.68213122712422,190,63
3657,152150050,2024-09-06,144.0,4.976733742420574,190,64
3658,152150050,2024-09-21,114.0,4.74493212836325,190,65
3659,152150050,2024-10-24,109.0,4.700480365792417,190,66
3660,150210080,2024-05-13,3.04,1.3962446919730587,208,243
3661,150210080,2024-08-16,1.47,0.9042181506398859,208,248
3662,150210080,2024-09-20,1.53,0.9282193027394289,208,244
3663,150210080,2024-10-10,1.39,0.8712933659434192,208,245
3664,150210080,2024-10-20,1.61,0.9593502213346021,208,246
3665,150210080,2024-10-25,1.57,0.9439058989071285,208,247
3666,150220030,2024-05-05,174.0,5.1647859739235145,206,215
3667,150220030,2024-05-13,198.0,5.293304824724492,206,213
3668,150220030,2024-05-15,211.0,5.356586274672012,206,212
3669,150220030,2024-08-13,69.0,4.248495242049359,206,210
3670,150220030,2024-08-16,62.2,4.146304301152812,206,216
3671,150220030,2024-08-28,44.4,3.8155121050473024,206,214
3672,150220030,2024-09-07,86.2,4.468204330914934,206,201
3673,150220030,2024-09-20,70.3,4.26689632742025,206,202
3674,150220030,2024-10-12,92.2,4.534747721691546,206,203
3675,150220030,2024-10-17,58.1,4.079230924412053,206,204
3676,150220030,2024-10-20,39.4,3.6988297849671046,206,205
3677,150220030,2024-10-25,74.3,4.321480134805848,206,206
3678,150220030,2024-11-01,32.0,3.4965075614664802,206,207
3679,150220030,2024-11-06,30.4,3.4468078929142076,206,208
3680,150220030,2024-11-26,30.1,3.4372078191851885,206,209
3681,150190100,2024-05-01,4.97,1.7867469274045107,202,104
3682,150190100,2024-07-10,2.68,1.3029127521808397,202,106
3683,150190100,2024-08-14,3.37,1.4747630091074988,202,102
3684,150190100,2024-08-16,3.15,1.423108334242607,202,103
3685,150190100,2024-08-24,3.32,1.463255402256019,202,105
3686,150190100,2024-09-05,2.48,1.247032293786383,202,96
3687,150190100,2024-09-18,3.38,1.4770487243883548,202,97
3688,150190100,2024-09-20,2.77,1.3270750014599193,202,98
3689,150190100,2024-10-10,4.52,1.7083778602890038,202,99
3690,150190100,2024-10-18,2.78,1.3297240096314962,202,100
3691,150190100,2024-10-25,2.21,1.1662709371419244,202,101
3692,150180210,2024-05-16,1.53,0.9282193027394289,195,149
3693,150180210,2024-07-30,0.47,0.3852624007906449,195,148
3694,150180210,2024-08-14,0.49,0.3987761199573678,195,146
3695,150180210,2024-08-24,0.49,0.3987761199573678,195,147
3696,150180210,2024-09-18,0.47,0.3852624007906449,195,144
3697,150180210,2024-10-18,0.32,0.2776317365982795,195,145
3698,152180090,2024-05-14,1.53,0.9282193027394289,197,64
3699,152180090,2024-06-08,1.25,0.8109302162163288,197,66
3700,152180090,2024-07-10,0.7,0.5306282510621704,197,62
3701,152180090,2024-08-14,0.78,0.5766133643039938,197,63
3702,152180090,2024-08-24,0.75,0.5596157879354227,197,65
3703,152180090,2024-08-27,0.75,0.5596157879354227,197,67
3704,152180090,2024-09-08,0.67,0.5128236264286637,197,61
3705,152180090,2024-09-18,0.75,0.5596157879354227,197,55
3706,152180090,2024-09-21,0.64,0.49469624183610705,197,56
3707,152180090,2024-10-01,0.63,0.48858001481867097,197,57
3708,152180090,2024-10-18,0.6,0.4700036292457356,197,58
3709,152180090,2024-11-02,0.66,0.5068176023684519,197,59
3710,152180090,2024-11-22,0.7,0.5306282510621704,197,60
3711,151150150,2024-05-14,267.0,5.5909869805108565,190,53
3712,151150150,2024-07-06,121.0,4.804021044733257,190,52
3713,151150150,2024-07-21,102.0,4.634728988229636,190,54
3714,151150150,2024-08-12,108.0,4.6913478822291435,190,55
3715,151150150,2024-09-04,144.0,4.976733742420574,190,48
3716,151150150,2024-09-06,120.0,4.795790545596741,190,49
3717,151150150,2024-09-21,94.0,4.553876891600541,190,50
3718,151150150,2024-10-24,110.0,4.709530201312334,190,51
3719,152170060,2024-05-01,188.0,5.241747015059643,195,81
3720,152170060,2024-05-14,133.0,4.897839799950911,195,80
3721,152170060,2024-07-10,44.7,3.822098297900159,195,82
3722,152170060,2024-07-30,45.2,3.832979798087693,195,77
3723,152170060,2024-08-12,44.6,3.8199077165203406,195,76
3724,152170060,2024-08-14,41.5,3.7495040759303713,195,78
3725,152170060,2024-08-24,33.9,3.5524868292083815,195,79
3726,152170060,2024-09-06,35.8,3.6054978451748854,195,72
3727,152170060,2024-09-18,57.0,4.060443010546419,195,73
3728,152170060,2024-09-21,51.9,3.9684033388642534,195,74
3729,152170060,2024-10-26,54.5,4.0163830207523885,195,75
3730,152150190,2024-05-14,121.0,4.804021044733257,197,133
3731,152150190,2024-05-17,117.0,4.770684624465665,197,134
3732,152150190,2024-07-21,48.3,3.8979240810486444,197,131
3733,152150190,2024-07-23,50.5,3.9415818076696905,197,135
3734,152150190,2024-08-12,44.0,3.8066624897703196,197,129
3735,152150190,2024-08-20,42.8,3.7796338173824005,197,132
3736,152150190,2024-08-27,42.1,3.763522997109702,197,130
3737,152150190,2024-09-04,39.3,3.696351468952637,197,124
3738,152150190,2024-09-06,38.9,3.686376323895818,197,128
3739,152150190,2024-09-21,50.9,3.949318790171843,197,125
3740,152150190,2024-10-26,38.9,3.686376323895818,197,126
3741,152150190,2024-11-30,37.4,3.648057459593681,197,127
3742,152210130,2024-05-01,8.42,2.2428350885882717,215,232
3743,152210130,2024-05-13,2.82,1.3402504226184837,215,231
3744,152210130,2024-05-18,2.8,1.33500106673234,215,229
3745,152210130,2024-05-26,9.78,2.377692565480851,215,230
3746,152210130,2024-06-30,1.81,1.0331844833456545,215,222
3747,152210130,2024-08-16,0.82,0.598836501088704,215,223
3748,152210130,2024-09-18,0.4,0.33647223662121295,215,224
3749,152210130,2024-09-20,0.4,0.33647223662121295,215,225
3750,152210130,2024-09-30,0.37,0.31481073984003355,215,233
3751,152210130,2024-10-18,0.36,0.3074846997479606,215,226
3752,152210130,2024-11-02,0.47,0.3852624007906449,215,227
3753,152210130,2024-11-04,0.41,0.3435897043900769,215,228
3754,151200090,2024-05-01,61.0,4.127134385045092,210,221
3755,151200090,2024-05-13,47.0,3.8712010109078907,210,218
3756,151200090,2024-05-26,44.8,3.8242840911201395,210,219
3757,151200090,2024-06-17,28.4,3.380994674344636,210,216
3758,151200090,2024-08-14,17.4,2.91235066461494,210,217
3759,151200090,2024-08-29,14.5,2.740840023925201,210,220
3760,151200090,2024-09-18,15.1,2.7788192719904172,210,211
3761,151200090,2024-09-20,15.3,2.791165107812717,210,212
3762,151200090,2024-10-10,15.1,2.7788192719904172,210,213
3763,151200090,2024-10-18,14.4,2.7343675094195836,210,214
3764,151200090,2024-11-02,14.5,2.740840023925201,210,215
3765,153190090,2024-05-01,29.6,3.4210000089583352,217,114
3766,153190090,2024-05-14,27.3,3.342861804649192,217,117
3767,153190090,2024-05-16,26.2,3.3032169733019514,217,119
3768,153190090,2024-05-26,26.7,3.3214324131932926,217,112
3769,153190090,2024-06-30,15.2,2.785011242238338,217,103
3770,153190090,2024-08-14,6.86,2.061786606441115,217,115
3771,153190090,2024-08-24,7.13,2.0955609235597192,217,104
3772,153190090,2024-08-27,6.53,2.018895041811802,217,116
3773,153190090,2024-09-03,6.94,2.0719132752590443,217,105
3774,153190090,2024-09-06,6.7,2.0412203288596382,217,106
3775,153190090,2024-09-08,6.45,2.0082140323914683,217,107
3776,153190090,2024-09-18,10.9,2.4765384001174837,217,108
3777,153190090,2024-09-21,9.29,2.331172549845958,217,109
3778,153190090,2024-10-01,9.17,2.3194422100604686,217,118
3779,153190090,2024-10-16,7.77,2.1713368063840917,217,113
3780,153190090,2024-10-18,7.43,2.131796772013764,217,110
3781,153190090,2024-10-26,7.06,2.086913556518537,217,111
3782,153190090,2024-11-02,6.96,2.0744289998562917,217,120
3783,154190110,2024-05-16,2.2,1.1631508098056809,219,77
3784,154190110,2024-05-21,3.41,1.4838746894587547,219,75
3785,154190110,2024-06-30,1.19,0.7839015438284094,219,66
3786,154190110,2024-07-10,0.68,0.5187937934151676,219,74
3787,154190110,2024-08-24,0.52,0.41871033485818504,219,76
3788,154190110,2024-08-27,0.23,0.20701416938432615,219,78
3789,154190110,2024-08-29,0.71,0.5364933705145685,219,67
3790,154190110,2024-09-06,0.35,0.30010459245033805,219,68
3791,154190110,2024-09-08,0.26,0.23111172096338664,219,69
3792,154190110,2024-09-18,0.4,0.33647223662121295,219,70
3793,154190110,2024-09-21,0.22,0.1988508587451652,219,71
3794,154190110,2024-10-16,0.15,0.13976194237515868,219,72
3795,154190110,2024-10-18,0.14,0.1310282624064041,219,73
3796,151150100,2024-05-14,6.7,2.0412203288596382,194,20
3797,151150100,2024-07-21,2.5,1.252762968495368,194,21
3798,151150100,2024-09-04,1.62,0.9631743177730056,194,22
3799,151150100,2024-09-06,1.69,0.9895411936137477,194,16
3800,151150100,2024-09-21,1.52,0.924258901523332,194,17
3801,151150100,2024-10-24,3.78,1.5644405465033646,194,18
3802,151150100,2024-11-30,6.4,2.0014800002101243,194,19
3803,153210210,2024-05-01,264.0,5.579729825986222,211,244
3804,153210210,2024-05-13,215.0,5.375278407684165,211,240
3805,153210210,2024-05-16,201.0,5.308267697401205,211,242
3806,153210210,2024-05-18,192.0,5.262690188904886,211,241
3807,153210210,2024-05-21,183.0,5.214935757608986,211,247
3808,153210210,2024-06-17,135.0,4.912654885736052,211,239
3809,153210210,2024-06-27,124.0,4.8283137373023015,211,245
3810,153210210,2024-06-30,121.0,4.804021044733257,211,243
3811,153210210,2024-08-16,37.3,3.6454498961866,211,246
3812,153210210,2024-08-29,30.3,3.4436180975461075,211,235
3813,153210210,2024-09-20,28.7,3.391147045808654,211,236
3814,153210210,2024-10-18,23.8,3.2108436531709366,211,237
3815,153210210,2024-11-04,24.9,3.254242968705492,211,238
3816,151150040,2024-05-14,45.1,3.8308129500026027,193,178
3817,151150040,2024-07-06,20.7,3.077312260546414,193,177
3818,151150040,2024-07-21,18.1,2.9496883350525844,193,180
3819,151150040,2024-07-23,17.2,2.9014215940827497,193,181
3820,151150040,2024-08-12,17.8,2.9338568698359033,193,179
3821,151150040,2024-09-04,15.0,2.772588722239781,193,173
3822,151150040,2024-09-06,14.8,2.760009940032921,193,174
3823,151150040,2024-09-21,15.8,2.8213788864092133,193,175
3824,151150040,2024-10-24,33.1,3.529297384289471,193,176
3825,149220010,2024-05-05,0.25,0.22314355131420976,208,38
3826,149220010,2024-05-15,0.45,0.37156355643248307,208,39
3827,149220010,2024-06-17,0.24,0.2151113796169455,208,45
3828,149220010,2024-07-27,0.06,0.058268908123975775,208,37
3829,149220010,2024-08-13,0.13,0.12221763272424921,208,40
3830,149220010,2024-08-28,0.04,0.039220713153281295,208,41
3831,149220010,2024-09-02,0.034,0.03343477608623739,208,42
3832,149220010,2024-09-07,0.015,0.014888612493750654,208,44
3833,149220010,2024-09-22,0.014,0.013902905168991422,208,30
3834,149220010,2024-10-17,0.007,0.006975613736425242,208,31
3835,149220010,2024-10-20,0.012,0.011928570865273802,208,32
3836,149220010,2024-10-22,0.019,0.01882175424058776,208,33
3837,149220010,2024-10-25,0.007,0.006975613736425242,208,34
3838,149220010,2024-11-06,0.007,0.006975613736425242,208,35
3839,149220010,2024-11-11,0.013,0.012916225266546328,208,36
3840,153230170,2024-05-08,3.1,1.410986973710262,212,129
3841,153230170,2024-05-13,2.5,1.252762968495368,212,133
3842,153230170,2024-05-15,2.17,1.1537315878891892,212,130
3843,153230170,2024-05-18,2.28,1.1878434223960523,212,132
3844,153230170,2024-06-27,1.42,0.8837675401685949,212,134
3845,153230170,2024-06-29,1.11,0.7466879474879752,212,135
3846,153230170,2024-07-09,0.74,0.5538851132264376,212,131
3847,153230170,2024-07-19,0.6,0.4700036292457356,212,136
3848,153230170,2024-07-22,0.66,0.5068176023684519,212,138
3849,153230170,2024-08-28,0.55,0.4382549309311553,212,118
3850,153230170,2024-09-05,0.51,0.412109650826833,212,137
3851,153230170,2024-09-07,0.47,0.3852624007906449,212,119
3852,153230170,2024-09-17,0.51,0.412109650826833,212,120
3853,153230170,2024-09-20,0.44,0.36464311358790924,212,121
3854,153230170,2024-09-22,0.43,0.3576744442718159,212,122
3855,153230170,2024-10-12,0.35,0.30010459245033805,212,123
3856,153230170,2024-10-17,0.35,0.30010459245033805,212,124
3857,153230170,2024-10-20,0.36,0.3074846997479606,212,125
3858,153230170,2024-10-27,0.38,0.32208349916911333,212,126
3859,153230170,2024-11-04,0.36,0.3074846997479606,212,127
3860,153230170,2024-11-06,0.33,0.2851789422336624,212,128
3861,149200240,2024-06-17,69.6,4.257030144499196,204,82
3862,149200250,2024-06-17,1.32,0.8415671856782186,205,8
3863,149200260,2024-06-17,0.38,0.32208349916911333,205,13
3864,149200240,2024-07-22,49.3,3.9180050771056933,204,83
3865,149200250,2024-07-22,0.73,0.5481214085096876,205,9
3866,149200260,2024-07-22,0.2,0.18232155679395462,205,14
3867,149200240,2024-10-10,35.7,3.6027767550605247,204,79
3868,149200250,2024-10-10,0.73,0.5481214085096876,205,5
3869,149200260,2024-10-10,0.21,0.1906203596086497,205,10
3870,149200240,2024-10-20,33.1,3.529297384289471,204,80
3871,149200250,2024-10-20,0.35,0.30010459245033805,205,6
3872,149200260,2024-10-20,0.15,0.13976194237515868,205,11
3873,149200240,2024-10-25,33.6,3.543853682063679,204,81
3874,149200250,2024-10-25,0.36,0.3074846997479606,205,7
3875,149200260,2024-10-25,0.15,0.13976194237515868,205,12
3876,149200030,2024-05-01,8.55,2.256541154492639,204,32
3877,149200030,2024-06-15,8.56,2.25758772706331,204,34
3878,149200030,2024-06-17,8.71,2.2731562823032334,204,33
3879,149200030,2024-07-27,5.92,1.9344157696295783,204,35
3880,149200030,2024-07-30,6.97,2.075684492802124,204,30
3881,149200030,2024-08-04,21.1,3.0955776085237074,204,31
3882,149200030,2024-08-14,9.46,2.347558458636777,204,29
3883,149200030,2024-08-24,4.76,1.7509374747077997,204,36
3884,149200030,2024-08-29,5.32,1.843719208158766,204,37
3885,149200030,2024-10-18,3.59,1.5238800240724537,204,26
3886,149200030,2024-10-20,3.48,1.4996230464268938,204,27
3887,149200030,2024-10-25,4.24,1.6563214983329508,204,28
3888,149200030,2024-11-09,2.84,1.3454723665996355,204,38
3889,149200050,2024-05-01,14.6,2.747270914255491,204,47
3890,149200050,2024-06-15,10.3,2.424802725718295,204,46
3891,149200050,2024-06-17,15.7,2.8154087194227095,204,45
3892,149200050,2024-07-27,10.5,2.4423470353692043,204,48
3893,149200050,2024-07-30,9.27,2.329227023940467,204,44
3894,149200050,2024-08-04,38.0,3.6635616461296463,204,43
3895,149200050,2024-08-14,16.4,2.856470206220483,204,42
3896,149200050,2024-08-24,13.4,2.667228206581955,204,50
3897,149200050,2024-08-29,13.3,2.6602595372658615,204,49
3898,149200050,2024-10-18,4.49,1.7029282555214393,204,39
3899,149200050,2024-10-20,7.41,2.1294214739848565,204,40
3900,149200050,2024-10-25,8.33,2.2332350148592526,204,41
3901,149200050,2024-11-09,3.42,1.4861396960896067,204,51
3902,150170060,2024-05-01,72.4,4.29592393562047,191,150
3903,150170060,2024-05-09,34.7,3.5751506887855933,191,159
3904,150170060,2024-05-16,38.5,3.676300671907076,191,151
3905,150170060,2024-07-15,22.5,3.157000421150113,191,156
3906,150170060,2024-07-30,16.7,2.8735646395797834,191,160
3907,150170060,2024-08-12,11.8,2.5494451709255714,191,161
3908,150170060,2024-08-14,11.8,2.5494451709255714,191,157
3909,150170060,2024-08-24,11.3,2.509599262378372,191,158
3910,150170060,2024-09-06,10.7,2.4595888418037104,191,152
3911,150170060,2024-09-18,16.8,2.8791984572980396,191,153
3912,150170060,2024-09-21,11.3,2.509599262378372,191,154
3913,150170060,2024-11-27,110.0,4.709530201312334,191,155
3914,152160100,2024-05-14,187.0,5.236441962829949,195,95
3915,152160100,2024-05-17,166.0,5.117993812416755,195,97
3916,152160100,2024-06-01,121.0,4.804021044733257,195,96
3917,152160100,2024-07-21,46.2,3.85439389259151,195,98
3918,152160100,2024-09-01,40.1,3.716008121502189,195,92
3919,152160100,2024-09-21,54.0,4.007333185232471,195,93
3920,152160100,2024-10-16,34.8,3.5779478934066544,195,94
3921,152160030,2024-05-14,0.44,0.36464311358790924,197,29
3922,152160030,2024-07-06,0.79,0.5822156198526637,197,26
3923,152160030,2024-07-21,0.15,0.13976194237515868,197,27
3924,152160030,2024-07-23,0.14,0.1310282624064041,197,28
3925,152160030,2024-08-12,0.1,0.09531017980432487,197,25
3926,152160030,2024-09-04,0.14,0.1310282624064041,197,20
3927,152160030,2024-09-06,0.13,0.12221763272424921,197,21
3928,152160030,2024-09-21,0.31,0.27002713721306015,197,22
3929,152160030,2024-10-16,0.2,0.18232155679395462,197,23
3930,152160030,2024-10-24,0.27,0.23901690047049992,197,24
3931,154170230,2024-05-09,0.3,0.26236426446749106,199,152
3932,154170230,2024-05-14,0.31,0.27002713721306015,199,151
3933,154170230,2024-05-17,0.31,0.27002713721306015,199,153
3934,154170230,2024-05-22,0.31,0.27002713721306015,199,150
3935,154170230,2024-07-21,0.25,0.22314355131420976,199,154
3936,154170230,2024-07-31,0.27,0.23901690047049992,199,149
3937,154170230,2024-09-04,0.22,0.1988508587451652,199,148
3938,154170230,2024-09-06,0.23,0.20701416938432615,199,145
3939,154170230,2024-09-19,0.16,0.14842000511827327,199,146
3940,154170230,2024-10-01,0.06,0.058268908123975775,199,147
3941,151170070,2024-07-15,0.16,0.14842000511827327,192,245
3942,151170080,2024-07-15,0.06,0.058268908123975775,193,21
3943,151170070,2024-07-30,0.63,0.48858001481867097,192,243
3944,151170080,2024-07-30,0.28,0.2468600779315258,193,19
3945,151170070,2024-08-12,0.33,0.2851789422336624,192,246
3946,151170080,2024-08-12,0.1,0.09531017980432487,193,22
3947,151170070,2024-08-14,0.26,0.23111172096338664,192,244
3948,151170080,2024-08-14,0.09,0.08617769624105233,193,20
3949,151170070,2024-09-06,0.3,0.26236426446749106,192,239
3950,151170080,2024-09-06,0.08,0.07696104113612832,193,15
3951,151170070,2024-09-18,0.4,0.33647223662121295,192,240
3952,151170080,2024-09-18,0.12,0.11332868530700317,193,16
3953,151170070,2024-09-21,0.36,0.3074846997479606,192,241
3954,151170080,2024-09-21,0.07,0.06765864847381481,193,17
3955,151170070,2024-10-26,1.31,0.8372475245337022,192,242
3956,151170080,2024-10-26,1.62,0.9631743177730056,193,18
3957,151200080,2024-05-01,7.45,2.1341664413690826,211,65
3958,151200080,2024-05-13,6.26,1.9823798288367047,211,62
3959,151200080,2024-05-26,6.44,2.0068708488450007,211,66
3960,151200080,2024-06-17,3.92,1.5933085305042167,211,61
3961,151200080,2024-07-10,2.15,1.1474024528375417,211,64
3962,151200080,2024-08-14,1.85,1.0473189942805592,211,63
3963,151200080,2024-08-29,1.37,0.8628899551470399,211,67
3964,151200080,2024-09-18,1.09,0.7371640659767197,211,57
3965,151200080,2024-09-20,0.96,0.6729444732424258,211,58
3966,151200080,2024-10-10,1.79,1.0260415958332743,211,59
3967,151200080,2024-10-18,1.07,0.7275486072772778,211,60
3968,150190330,2024-05-28,0.72,0.5423242908253616,203,110
3969,150190330,2024-06-15,0.71,0.5364933705145685,203,111
3970,150190330,2024-07-22,0.76,0.5653138090500605,203,112
3971,150190330,2024-07-30,0.61,0.4762341789963716,203,119
3972,150190330,2024-08-14,0.5,0.4054651081081644,203,117
3973,150190330,2024-08-29,0.48,0.3920420877760237,203,118
3974,150190330,2024-09-18,0.54,0.43178241642553783,203,113
3975,150190330,2024-10-10,0.51,0.412109650826833,203,114
3976,150190330,2024-10-18,0.5,0.4054651081081644,203,115
3977,150190330,2024-10-25,0.48,0.3920420877760237,203,116
3978,153160250,2024-05-14,0.3,0.26236426446749106,197,238
3979,153160250,2024-05-17,0.29,0.2546422183735807,197,240
3980,153160250,2024-07-21,0.08,0.07696104113612832,197,239
3981,153160250,2024-07-31,0.08,0.07696104113612832,197,242
3982,153160250,2024-08-20,0.07,0.06765864847381481,197,241
3983,153160250,2024-09-01,0.09,0.08617769624105233,197,235
3984,153160250,2024-09-19,0.11,0.10436001532424277,197,237
3985,153160250,2024-09-21,0.09,0.08617769624105233,197,236
3986,153140110,2024-05-17,2.63,1.2892326482767593,198,129
3987,153140110,2024-07-21,1.38,0.8671004876833832,198,126
3988,153140110,2024-08-20,0.85,0.6151856390902335,198,127
3989,153140110,2024-09-04,0.89,0.636576829071551,198,124
3990,153140110,2024-09-19,1.17,0.7747271675523681,198,125
3991,153140110,2024-10-24,1.09,0.7371640659767197,198,128
3992,151230030,2024-05-13,7.33,2.1198634561787513,215,86
3993,151230030,2024-05-18,6.17,1.969905654611529,215,84
3994,151230030,2024-06-29,1.82,1.0367368849500223,215,91
3995,151230030,2024-07-09,0.95,0.6678293725756554,215,87
3996,151230030,2024-08-13,0.64,0.49469624183610705,215,85
3997,151230030,2024-08-16,0.64,0.49469624183610705,215,88
3998,151230030,2024-08-26,0.36,0.3074846997479606,215,89
3999,151230030,2024-08-28,0.3,0.26236426446749106,215,90
4000,151230030,2024-09-17,0.42,0.35065687161316933,215,76
4001,151230030,2024-09-20,0.34,0.29266961396282,215,77
4002,151230030,2024-09-22,0.32,0.2776317365982795,215,78
4003,151230030,2024-10-12,0.24,0.2151113796169455,215,79
4004,151230030,2024-10-17,0.24,0.2151113796169455,215,80
4005,151230030,2024-10-20,0.29,0.2546422183735807,215,81
4006,151230030,2024-11-04,0.31,0.27002713721306015,215,82
4007,151230030,2024-11-06,0.36,0.3074846997479606,215,83
4008,151230030,2024-11-26,0.25,0.22314355131420976,215,92
4009,149220030,2024-05-05,57.1,4.062165663857866,206,134
4010,149220030,2024-05-15,62.1,4.144720769547168,206,130
4011,149220030,2024-07-07,31.7,3.4873750779032076,206,131
4012,149220030,2024-07-27,16.6,2.8678989020441064,206,128
4013,149220030,2024-08-13,19.4,3.0155349008501706,206,127
4014,149220030,2024-08-28,24.3,3.2308043957334744,206,133
4015,149220030,2024-09-07,57.6,4.070734696582967,206,129
4016,149220030,2024-09-22,17.1,2.89591193827178,206,120
4017,149220030,2024-10-17,16.3,2.8507065015037334,206,121
4018,149220030,2024-10-20,57.4,4.067315889834181,206,122
4019,149220030,2024-10-22,63.9,4.1728476237100445,206,123
4020,149220030,2024-10-25,15.6,2.8094026953624973,206,124
4021,149220030,2024-11-06,13.8,2.6946271807700692,206,125
4022,149220030,2024-11-11,13.0,2.639057329615259,206,126
4023,153200070,2024-05-01,4.87,1.769854633840005,219,148
4024,153200070,2024-05-16,3.51,1.5062971535145868,219,147
4025,153200070,2024-05-26,4.77,1.752672080520008,219,146
4026,153200070,2024-06-30,3.04,1.3962446919730587,219,145
4027,153200070,2024-07-10,2.52,1.2584609896100059,219,144
4028,153200070,2024-08-29,1.69,0.9895411936137477,219,149
4029,153200070,2024-09-03,1.66,0.9783261227936076,219,150
4030,153200070,2024-09-08,1.55,0.9360933591703348,219,142
4031,153200070,2024-10-18,2.0,1.0986122886681096,219,143
4032,149180300,2024-05-01,66.0,4.204692619390966,190,9
4033,149180300,2024-07-10,18.8,2.9856819377004897,190,11
4034,149180300,2024-08-14,33.0,3.5263605246161616,190,8
4035,149180300,2024-08-24,38.7,3.681351187693145,190,10
4036,149180300,2024-09-18,31.7,3.4873750779032076,190,6
4037,149180300,2024-10-18,56.1,4.044804116661965,190,7
4038,150170030,2024-05-16,5.9,1.9315214116032138,192,57
4039,150170030,2024-07-15,3.28,1.4539530095937054,192,58
4040,150170030,2024-07-30,3.69,1.545432582458188,192,55
4041,150170030,2024-08-12,2.99,1.3837912309017721,192,56
4042,150170030,2024-08-14,2.95,1.3737155789130306,192,53
4043,150170030,2024-08-24,2.66,1.297463147413275,192,54
4044,150170030,2024-09-06,2.5,1.252762968495368,192,49
4045,150170030,2024-09-18,2.85,1.3480731482996928,192,50
4046,150170030,2024-09-21,2.55,1.2669476034873244,192,51
4047,150170030,2024-11-27,4.49,1.7029282555214393,192,52
4048,151180010,2024-05-04,2.82,1.3402504226184837,196,159
4049,151180010,2024-07-10,0.35,0.30010459245033805,196,162
4050,151180010,2024-07-30,1.21,0.7929925155296614,196,158
4051,151180010,2024-08-12,0.5,0.4054651081081644,196,161
4052,151180010,2024-08-14,0.54,0.43178241642553783,196,160
4053,151180010,2024-08-24,0.38,0.32208349916911333,196,164
4054,151180010,2024-09-18,1.25,0.8109302162163288,196,152
4055,151180010,2024-09-21,0.76,0.5653138090500605,196,153
4056,151180010,2024-10-01,0.37,0.31481073984003355,196,154
4057,151180010,2024-10-16,0.36,0.3074846997479606,196,163
4058,151180010,2024-10-18,0.33,0.2851789422336624,196,155
4059,151180010,2024-10-26,7.72,2.1656192379208883,196,156
4060,151180010,2024-11-22,3.37,1.4747630091074988,196,157
4061,151200040,2024-05-01,3.48,1.4996230464268938,211,55
4062,151200040,2024-05-13,3.34,1.4678743481123135,211,45
4063,151200040,2024-05-16,3.22,1.4398351280479205,211,46
4064,151200040,2024-06-17,2.05,1.11514159061932,211,47
4065,151200040,2024-08-14,1.15,0.7654678421395714,211,48
4066,151200040,2024-09-18,0.67,0.5128236264286637,211,49
4067,151200040,2024-09-20,0.6,0.4700036292457356,211,50
4068,151200040,2024-10-08,0.79,0.5822156198526637,211,51
4069,151200040,2024-10-10,0.78,0.5766133643039938,211,52
4070,151200040,2024-10-18,0.63,0.48858001481867097,211,53
4071,151200040,2024-10-25,0.76,0.5653138090500605,211,54
4072,151200040,2024-11-02,0.61,0.4762341789963716,211,56
4073,150230050,2024-05-13,1.8,1.0296194171811583,209,184
4074,150230050,2024-07-09,1.03,0.708035793053696,209,185
4075,150230050,2024-08-13,0.96,0.6729444732424258,209,186
4076,150230050,2024-08-16,0.96,0.6729444732424258,209,187
4077,150230050,2024-08-26,0.77,0.5709795465857378,209,181
4078,150230050,2024-08-28,0.65,0.5007752879124893,209,182
4079,150230050,2024-09-07,0.53,0.4252677354043441,209,173
4080,150230050,2024-09-17,0.51,0.412109650826833,209,174
4081,150230050,2024-09-20,0.51,0.412109650826833,209,175
4082,150230050,2024-09-22,0.5,0.4054651081081644,209,176
4083,150230050,2024-10-12,0.52,0.41871033485818504,209,177
4084,150230050,2024-10-17,0.52,0.41871033485818504,209,178
4085,150230050,2024-10-20,0.5,0.4054651081081644,209,188
4086,150230050,2024-11-06,0.44,0.36464311358790924,209,179
4087,150230050,2024-11-26,0.59,0.46373401623214017,209,180
4088,151160140,2024-05-14,35.7,3.6027767550605247,193,13
4089,151160140,2024-07-21,1.65,0.9745596399981308,193,14
4090,151160140,2024-08-12,3.16,1.425515074273172,193,12
4091,151160140,2024-09-04,1.24,0.8064758658669485,193,8
4092,151160140,2024-09-06,1.15,0.7654678421395714,193,9
4093,151160140,2024-09-21,1.89,1.0612565021243408,193,10
4094,151160140,2024-10-24,5.66,1.8961194845522977,193,11
4095,149190260,2024-06-15,1.43,0.8878912573524571,203,14
4096,149190260,2024-06-17,1.55,0.9360933591703348,203,15
4097,149190260,2024-07-22,1.03,0.708035793053696,203,16
4098,149190260,2024-07-30,0.79,0.5822156198526637,203,22
4099,149190260,2024-08-14,1.94,1.0784095813505903,203,17
4100,149190260,2024-08-29,3.07,1.4036429994545037,203,23
4101,149190260,2024-09-18,2.01,1.1019400787607843,203,18
4102,149190260,2024-10-10,3.59,1.5238800240724537,203,19
4103,149190260,2024-10-18,0.95,0.6678293725756554,203,20
4104,149190260,2024-10-25,0.61,0.4762341789963716,203,21
4105,153220160,2024-05-18,21.2,3.100092288878234,213,190
4106,153220160,2024-06-27,15.8,2.8213788864092133,213,189
4107,153220170,2024-06-27,28.4,3.380994674344636,213,15
4108,153220160,2024-07-22,4.98,1.7884205679625405,213,188
4109,153220170,2024-07-22,10.6,2.451005098112319,213,14
4110,153220160,2024-09-05,1.84,1.0438040521731147,213,185
4111,153220170,2024-09-05,4.29,1.665818245870208,213,11
4112,153220160,2024-09-20,1.14,0.76080582903376,213,186
4113,153220170,2024-09-20,3.86,1.5810384379124023,213,12
4114,153220160,2024-10-20,1.72,1.000631880307906,213,187
4115,153220170,2024-10-20,3.24,1.4445632692438664,213,13
4116,153210090,2024-05-01,280.0,5.638354669333745,212,9
4117,153210090,2024-05-13,226.0,5.424950017481403,212,3
4118,153210090,2024-05-18,205.0,5.327876168789581,212,4
4119,153210090,2024-05-26,196.0,5.2832037287379885,212,7
4120,153210090,2024-06-27,131.0,4.882801922586371,212,11
4121,153210090,2024-06-30,126.0,4.844187086458591,212,8
4122,153210090,2024-08-16,41.2,3.742420221041966,212,6
4123,153210090,2024-08-29,34.5,3.56953269648137,212,5
4124,153210090,2024-09-08,32.1,3.4995332823830174,211,248
4125,153210090,2024-09-18,32.9,3.5234150143864045,211,249
4126,153210090,2024-09-20,31.8,3.4904285153900982,212,0
4127,153210090,2024-10-18,26.1,3.299533727885655,212,1
4128,153210090,2024-11-02,27.6,3.353406717825807,212,10
4129,153210090,2024-11-04,26.8,3.3250360206965914,212,2
4130,151150020,2024-05-14,2.77,1.3270750014599193,194,143
4131,151150020,2024-07-06,1.35,0.8544153281560676,194,144
4132,151150020,2024-07-21,1.12,0.7514160886839212,194,146
4133,151150020,2024-08-07,1.06,0.7227059828014898,194,145
4134,151150020,2024-09-01,0.81,0.5933268452777344,194,147
4135,151150020,2024-09-04,0.88,0.6312717768418579,194,135
4136,151150020,2024-09-06,0.85,0.6151856390902335,194,136
4137,151150020,2024-09-19,0.89,0.636576829071551,194,137
4138,151150020,2024-09-21,0.64,0.49469624183610705,194,138
4139,151150020,2024-10-16,0.86,0.6205764877251099,194,139
4140,151150020,2024-10-24,1.51,0.9202827531436926,194,142
4141,151150020,2024-11-23,5.18,1.8213182714695995,194,140
4142,151150020,2024-11-30,3.14,1.420695787837223,194,141
4143,150220160,2024-05-13,10.0,2.3978952727983707,208,105
4144,150220160,2024-05-15,10.5,2.4423470353692043,208,112
4145,150220160,2024-07-07,3.96,1.601405740736836,208,110
4146,150220160,2024-08-13,3.8,1.5686159179138452,208,106
4147,150220160,2024-08-16,3.75,1.55814461804655,208,111
4148,150220160,2024-08-26,2.81,1.3376291891386096,208,107
4149,150220160,2024-08-28,2.52,1.2584609896100059,208,109
4150,150220160,2024-09-07,2.54,1.264126727145683,208,99
4151,150220160,2024-09-20,2.23,1.172482137234565,208,100
4152,150220160,2024-10-17,2.07,1.1216775615991057,208,101
4153,150220160,2024-10-20,2.35,1.208960345836975,208,102
4154,150220160,2024-10-25,2.3,1.1939224684724346,208,103
4155,150220160,2024-11-06,1.75,1.0116009116784799,208,104
4156,150220160,2024-11-26,1.96,1.085189268335969,208,108
4157,150190160,2024-05-01,22.8,3.169685580677429,202,168
4158,150190160,2024-07-10,12.8,2.624668592163159,202,169
4159,150190160,2024-08-14,10.7,2.4595888418037104,202,167
4160,150190160,2024-08-16,7.91,2.187174241482718,202,171
4161,150190160,2024-08-24,4.96,1.7850704810772584,202,170
4162,150190160,2024-09-05,7.75,2.169053700369523,202,163
4163,150190160,2024-09-18,12.8,2.624668592163159,202,164
4164,150190160,2024-10-18,5.61,1.888583653863595,202,165
4165,150190160,2024-10-25,4.53,1.7101878155342436,202,166
4166,152180130,2024-06-08,0.85,0.6151856390902335,217,53
4167,152180130,2024-07-30,0.27,0.23901690047049992,217,61
4168,152180130,2024-08-14,0.12,0.11332868530700317,217,62
4169,152180130,2024-08-24,0.06,0.058268908123975775,217,63
4170,152180130,2024-09-08,0.01,0.009950330853168083,217,54
4171,152180130,2024-09-18,0.1,0.09531017980432487,217,55
4172,152180130,2024-09-21,0.031,0.030529205034822874,217,56
4173,152180130,2024-10-01,0.006,0.005982071677547464,217,57
4174,152180130,2024-10-18,0.011,0.010939940038334364,217,58
4175,152180130,2024-11-02,0.013,0.012916225266546328,217,59
4176,152180130,2024-11-22,0.011,0.010939940038334364,217,60
4177,151210100,2024-05-13,0.75,0.5596157879354227,210,143
4178,151210100,2024-06-17,0.62,0.4824261492442927,210,144
4179,151210100,2024-09-20,0.27,0.23901690047049992,210,139
4180,151210100,2024-09-25,0.2,0.18232155679395462,210,142
4181,151210100,2024-10-10,0.26,0.23111172096338664,210,140
4182,151210100,2024-11-04,0.2,0.18232155679395462,210,141
4183,150180050,2024-05-04,11.9,2.5572273113676265,191,89
4184,150180050,2024-05-16,9.46,2.347558458636777,191,93
4185,150180050,2024-07-10,4.23,1.6544112780768316,191,94
4186,150180050,2024-07-30,3.71,1.5496879080283263,191,95
4187,150180050,2024-08-12,4.48,1.7011051009599243,191,90
4188,150180050,2024-08-14,4.2,1.6486586255873816,191,91
4189,150180050,2024-08-24,3.75,1.55814461804655,191,88
4190,150180050,2024-09-06,3.22,1.4398351280479205,191,83
4191,150180050,2024-09-18,3.73,1.5539252025038417,191,84
4192,150180050,2024-09-21,3.21,1.43746264769429,191,85
4193,150180050,2024-10-01,2.79,1.332366019094335,191,92
4194,150180050,2024-10-16,2.41,1.2267122912954256,191,86
4195,150180050,2024-10-18,2.49,1.2499017362143359,191,87
4196,152180030,2024-05-14,5.62,1.890095369948917,197,79
4197,152180030,2024-07-10,2.92,1.366091653802371,197,80
4198,152180030,2024-07-30,3.34,1.4678743481123135,197,76
4199,152180030,2024-08-14,3.12,1.415853163361435,197,75
4200,152180030,2024-08-24,2.99,1.3837912309017721,197,78
4201,152180030,2024-08-27,2.77,1.3270750014599193,197,77
4202,152180030,2024-09-08,2.42,1.2296405510745139,197,68
4203,152180030,2024-09-18,2.65,1.2947271675944,197,69
4204,152180030,2024-09-21,2.54,1.264126727145683,197,70
4205,152180030,2024-10-01,2.44,1.235471471385307,197,71
4206,152180030,2024-10-18,2.24,1.1755733298042381,197,72
4207,152180030,2024-11-02,2.84,1.3454723665996355,197,73
4208,152180030,2024-11-22,2.69,1.3056264580524357,197,74
4209,151220120,2024-05-13,3.39,1.47932922708708,210,58
4210,151220120,2024-05-18,2.89,1.358409157630355,210,56
4211,151220120,2024-06-29,1.16,0.7701082216960736,210,61
4212,151220120,2024-07-09,0.6,0.4700036292457356,210,59
4213,151220120,2024-08-13,0.47,0.3852624007906449,210,57
4214,151220120,2024-08-16,0.51,0.412109650826833,210,60
4215,151220120,2024-08-26,0.35,0.30010459245033805,210,54
4216,151220120,2024-08-28,0.32,0.2776317365982795,210,55
4217,151220120,2024-09-17,0.33,0.2851789422336624,210,46
4218,151220120,2024-09-20,0.28,0.2468600779315258,210,47
4219,151220120,2024-09-22,0.22,0.1988508587451652,210,48
4220,151220120,2024-10-12,0.11,0.10436001532424277,210,49
4221,151220120,2024-10-17,0.08,0.07696104113612832,210,50
4222,151220120,2024-10-20,0.08,0.07696104113612832,210,51
4223,151220120,2024-11-06,0.09,0.08617769624105233,210,52
4224,151220120,2024-11-26,0.18,0.16551443847757338,210,53
4225,152190080,2024-05-14,11.8,2.5494451709255714,217,8
4226,152190080,2024-07-10,2.24,1.1755733298042381,217,10
4227,152190080,2024-07-30,1.67,0.9820784724121581,217,11
4228,152190080,2024-08-14,1.58,0.9477893989335261,217,6
4229,152190080,2024-08-24,1.42,0.8837675401685949,217,7
4230,152190080,2024-08-27,1.42,0.8837675401685949,217,5
4231,152190080,2024-09-08,1.54,0.9321640810304452,216,249
4232,152190080,2024-09-18,2.7,1.308332819650179,217,9
4233,152190080,2024-09-21,2.34,1.205970806988609,217,0
4234,152190080,2024-10-01,1.74,1.007957920399979,217,1
4235,152190080,2024-10-18,1.09,0.7371640659767197,217,2
4236,152190080,2024-11-02,1.2,0.7884573603642702,217,3
4237,152190080,2024-11-22,1.17,0.7747271675523681,217,4
4238,154190100,2024-05-01,4.28,1.66392609771817,219,63
4239,154190100,2024-05-16,1.94,1.0784095813505903,219,65
4240,154190100,2024-05-21,2.46,1.2412685890696329,219,64
4241,154190100,2024-05-26,7.59,2.150598735996164,219,62
4242,154190100,2024-06-30,0.93,0.6575200029167942,219,58
4243,154190100,2024-07-10,0.64,0.49469624183610705,219,61
4244,154190100,2024-08-24,0.7,0.5306282510621704,219,60
4245,154190100,2024-08-27,0.48,0.3920420877760237,219,59
4246,154190100,2024-08-29,0.51,0.412109650826833,219,50
4247,154190100,2024-09-03,1.3,0.832909122935104,219,51
4248,154190100,2024-09-08,0.5,0.4054651081081644,219,52
4249,154190100,2024-09-18,1.13,0.7561219797213337,219,53
4250,154190100,2024-09-21,0.78,0.5766133643039938,219,54
4251,154190100,2024-10-16,0.38,0.32208349916911333,219,55
4252,154190100,2024-10-18,0.4,0.33647223662121295,219,56
4253,154190100,2024-10-26,0.36,0.3074846997479606,219,57
4254,152230050,2024-05-13,6.75,2.0476928433652555,215,139
4255,152230050,2024-05-18,5.78,1.9139771019523042,215,124
4256,152230050,2024-06-29,2.61,1.2837077723447896,215,138
4257,152230050,2024-07-09,1.65,0.9745596399981308,215,125
4258,152230050,2024-08-13,0.84,0.6097655716208943,215,126
4259,152230050,2024-08-16,0.72,0.5423242908253616,215,127
4260,152230050,2024-08-26,0.55,0.4382549309311553,215,137
4261,152230050,2024-08-28,0.51,0.412109650826833,215,128
4262,152230050,2024-09-17,0.45,0.37156355643248307,215,129
4263,152230050,2024-09-20,0.41,0.3435897043900769,215,130
4264,152230050,2024-09-22,0.38,0.32208349916911333,215,131
4265,152230050,2024-10-12,0.36,0.3074846997479606,215,132
4266,152230050,2024-10-17,0.36,0.3074846997479606,215,133
4267,152230050,2024-10-20,0.35,0.30010459245033805,215,134
4268,152230050,2024-11-04,0.35,0.30010459245033805,215,135
4269,152230050,2024-11-06,0.32,0.2776317365982795,215,136
4270,149190150,2024-05-01,3.89,1.5871923034867808,202,217
4271,149190150,2024-08-14,2.05,1.11514159061932,202,216
4272,149190150,2024-09-05,1.2,0.7884573603642702,202,218
4273,149190150,2024-09-18,1.29,0.8285518175661483,202,215
4274,149190150,2024-09-20,0.97,0.6780335427498971,202,212
4275,149190150,2024-10-10,1.45,0.8960880245566356,202,219
4276,149190150,2024-10-18,3.34,1.4678743481123135,202,213
4277,149190150,2024-10-25,0.8,0.5877866649021191,202,214
4278,154200040,2024-05-16,2.3,1.1939224684724346,219,178
4279,154200040,2024-05-21,2.15,1.1474024528375417,219,179
4280,154200040,2024-06-30,0.72,0.5423242908253616,219,173
4281,154200040,2024-07-10,0.48,0.3920420877760237,219,177
4282,154200040,2024-08-24,0.22,0.1988508587451652,219,176
4283,154200040,2024-09-08,0.2,0.18232155679395462,219,174
4284,154200040,2024-10-18,0.1,0.09531017980432487,219,175
4285,152210020,2024-05-01,4.07,1.623340817603092,211,94
4286,152210020,2024-05-13,2.86,1.3506671834767394,211,90
4287,152210020,2024-05-26,4.77,1.752672080520008,211,99
4288,152210020,2024-06-17,1.87,1.0543120297715298,211,96
4289,152210020,2024-07-10,0.99,0.688134638736401,211,97
4290,152210020,2024-08-14,0.77,0.5709795465857378,211,91
4291,152210020,2024-08-29,0.6,0.4700036292457356,211,95
4292,152210020,2024-09-03,0.72,0.5423242908253616,211,92
4293,152210020,2024-09-08,0.5,0.4054651081081644,211,83
4294,152210020,2024-09-18,0.59,0.46373401623214017,211,84
4295,152210020,2024-09-20,0.52,0.41871033485818504,211,85
4296,152210020,2024-09-25,0.37,0.31481073984003355,211,93
4297,152210020,2024-09-30,0.37,0.31481073984003355,211,86
4298,152210020,2024-10-10,0.55,0.4382549309311553,211,87
4299,152210020,2024-10-18,0.31,0.27002713721306015,211,88
4300,152210020,2024-11-02,0.36,0.3074846997479606,211,98
4301,152210020,2024-11-04,0.32,0.2776317365982795,211,89
4302,151160100,2024-05-14,8.64,2.265921108622454,192,190
4303,151160100,2024-07-21,2.27,1.184789984909162,192,192
4304,151160100,2024-08-12,1.83,1.0402767116551463,192,189
4305,151160100,2024-09-04,1.52,0.924258901523332,192,191
4306,151160100,2024-09-06,1.56,0.9400072584914712,192,185
4307,151160100,2024-09-21,1.44,0.8919980393051105,192,186
4308,151160100,2024-10-24,3.18,1.430311246536665,192,187
4309,151160100,2024-11-30,14.2,2.7212954278522306,192,188
4310,153220010,2024-05-01,237.0,5.472270673671475,211,233
4311,153220010,2024-05-08,212.0,5.3612921657094255,211,232
4312,153220010,2024-05-13,192.0,5.262690188904886,211,231
4313,153220010,2024-05-16,179.0,5.19295685089021,211,230
4314,153220010,2024-05-18,170.0,5.14166355650266,211,229
4315,153220010,2024-05-21,161.0,5.087596335232384,211,228
4316,153220010,2024-05-26,150.0,5.017279836814924,211,227
4317,153220010,2024-06-17,103.0,4.6443908991413725,211,234
4318,153220010,2024-06-27,91.6,4.528289141652134,211,224
4319,153220010,2024-06-30,88.2,4.490881039585964,211,225
4320,153220010,2024-08-16,26.0,3.295836866004329,211,226
4321,153220010,2024-08-29,21.4,3.109060958860994,211,218
4322,153220010,2024-09-08,19.9,3.039749158970765,211,219
4323,153220010,2024-09-18,21.4,3.109060958860994,211,220
4324,153220010,2024-09-20,19.7,3.0301337002713233,211,221
4325,153220010,2024-10-18,13.4,2.667228206581955,211,222
4326,153220010,2024-11-04,13.6,2.681021528714291,211,223
4327,150150050,2024-05-14,2.05,1.11514159061932,193,207
4328,150150050,2024-07-21,0.72,0.5423242908253616,193,208
4329,150150050,2024-08-12,0.52,0.41871033485818504,193,206
4330,150150050,2024-09-04,0.42,0.35065687161316933,193,210
4331,150150050,2024-09-06,0.52,0.41871033485818504,193,203
4332,150150050,2024-09-21,0.32,0.2776317365982795,193,204
4333,150150050,2024-10-24,0.69,0.5247285289349821,193,205
4334,150150050,2024-11-30,2.16,1.1505720275988207,193,209
4335,154160100,2024-05-09,0.64,0.49469624183610705,199,61
4336,154160100,2024-05-14,0.6,0.4700036292457356,199,60
4337,154160100,2024-05-17,0.71,0.5364933705145685,199,59
4338,154160100,2024-05-22,0.65,0.5007752879124893,199,62
4339,154160100,2024-07-21,0.31,0.27002713721306015,199,65
4340,154160100,2024-07-31,0.35,0.30010459245033805,199,64
4341,154160100,2024-09-01,0.56,0.44468582126144574,199,63
4342,154160100,2024-09-04,0.54,0.43178241642553783,199,55
4343,154160100,2024-09-06,0.48,0.3920420877760237,199,56
4344,154160100,2024-09-19,0.44,0.36464311358790924,199,57
4345,154160100,2024-10-01,0.46,0.3784364357202451,199,58
4346,150150060,2024-05-14,18.6,2.975529566236472,193,136
4347,150150060,2024-07-21,3.43,1.4883995840570443,193,137
4348,150150060,2024-08-12,3.13,1.4182774069729414,193,139
4349,150150060,2024-09-04,3.57,1.5195132049061133,193,138
4350,150150060,2024-09-06,3.57,1.5195132049061133,193,132
4351,150150060,2024-09-21,3.01,1.3887912413184778,193,133
4352,150150060,2024-10-24,6.13,1.9643112344262046,193,134
4353,150150060,2024-11-30,32.0,3.4965075614664802,193,135
4354,153160180,2024-05-14,39.7,3.7062280924485496,197,216
4355,153160180,2024-05-17,38.9,3.686376323895818,197,217
4356,153160180,2024-06-01,36.4,3.6216707044204863,197,219
4357,153160180,2024-07-21,21.9,3.131136910560194,197,218
4358,153160180,2024-09-01,21.2,3.100092288878234,197,213
4359,153160180,2024-09-21,20.2,3.054001181677967,197,214
4360,153160180,2024-10-16,17.3,2.9069010598473755,197,215
4361,150200080,2024-05-01,38.0,3.6635616461296463,205,74
4362,150200080,2024-05-13,34.5,3.56953269648137,205,73
4363,150200080,2024-05-16,36.1,3.6136169696133895,205,75
4364,150200080,2024-05-26,31.3,3.475067230228611,205,68
4365,150200080,2024-06-17,19.2,3.005682604407159,205,67
4366,150200080,2024-07-10,13.2,2.653241964607215,205,72
4367,150200080,2024-07-22,11.2,2.501435951739211,205,71
4368,150200080,2024-08-14,17.7,2.928523523860541,205,69
4369,150200080,2024-08-29,11.6,2.533696813957432,205,70
4370,150200080,2024-09-18,17.0,2.8903717578961645,205,62
4371,150200080,2024-09-20,14.4,2.7343675094195836,205,63
4372,150200080,2024-10-08,9.23,2.325324579963535,205,64
4373,150200080,2024-10-10,10.6,2.451005098112319,205,65
4374,150200080,2024-10-18,8.64,2.265921108622454,205,66
4375,153210190,2024-05-01,22.5,3.157000421150113,213,226
4376,153210190,2024-05-08,24.8,3.250374491927572,213,224
4377,153210190,2024-05-16,22.4,3.152736022363656,213,225
4378,153210190,2024-05-18,21.9,3.131136910560194,213,223
4379,153210190,2024-05-26,21.8,3.126760535960395,213,222
4380,153210190,2024-06-17,25.1,3.261935314328648,213,220
4381,153210190,2024-06-30,24.9,3.254242968705492,213,221
4382,153210190,2024-09-08,6.81,2.0554049638515943,213,217
4383,153210190,2024-09-20,6.67,2.0373166153791646,213,218
4384,153210190,2024-10-18,6.87,2.063058062429312,213,219
4385,151180020,2024-05-04,26.0,3.295836866004329,196,104
4386,151180020,2024-05-14,16.8,2.8791984572980396,196,107
4387,151180020,2024-07-10,4.05,1.6193882432872684,196,101
4388,151180020,2024-07-30,5.02,1.7950872593207297,196,102
4389,151180020,2024-08-12,3.76,1.5602476682433286,196,106
4390,151180020,2024-08-14,3.54,1.5129270120532565,196,103
4391,151180020,2024-08-24,3.14,1.420695787837223,196,105
4392,151180020,2024-09-18,10.1,2.4069451083182885,196,96
4393,151180020,2024-09-21,6.25,1.9810014688665833,196,97
4394,151180020,2024-10-01,3.72,1.551808799597464,196,98
4395,151180020,2024-10-16,5.36,1.8500283773520307,196,108
4396,151180020,2024-10-18,4.39,1.6845453849209058,196,99
4397,151180020,2024-10-26,12.1,2.5726122302071057,196,100
4398,151180020,2024-11-02,4.83,1.763017000362401,196,109
4399,151180020,2024-11-22,13.6,2.681021528714291,196,110
4400,150190190,2024-05-01,0.72,0.5423242908253616,202,3
4401,150190190,2024-05-16,0.66,0.5068176023684519,202,2
4402,150190190,2024-07-30,0.14,0.1310282624064041,202,1
4403,150190190,2024-08-14,0.15,0.13976194237515868,202,0
4404,150190190,2024-09-15,0.58,0.4574248470388754,201,243
4405,150190190,2024-09-18,0.36,0.3074846997479606,201,244
4406,150190190,2024-09-20,0.26,0.23111172096338664,201,245
4407,150190190,2024-09-25,0.27,0.23901690047049992,201,246
4408,150190190,2024-10-10,0.27,0.23901690047049992,201,247
4409,150190190,2024-10-18,0.22,0.1988508587451652,201,248
4410,150190190,2024-10-25,0.21,0.1906203596086497,201,249
4411,152230040,2024-05-08,23.4,3.1945831322991562,211,152
4412,152230040,2024-05-15,21.8,3.126760535960395,211,150
4413,152230040,2024-05-18,21.0,3.091042453358316,211,153
4414,152230040,2024-06-29,14.9,2.766319109226186,211,137
4415,152230040,2024-07-09,10.3,2.424802725718295,211,138
4416,152230040,2024-07-19,5.19,1.8229350866965048,211,154
4417,152230040,2024-08-01,4.28,1.66392609771817,211,149
4418,152230040,2024-08-28,4.06,1.6213664832993742,211,139
4419,152230040,2024-09-05,3.82,1.5727739280625088,211,140
4420,152230040,2024-09-07,3.67,1.541159071680806,211,141
4421,152230040,2024-09-17,4.31,1.6695918352538475,211,142
4422,152230040,2024-09-20,3.87,1.5830939370944985,211,143
4423,152230040,2024-10-12,3.45,1.4929040961781488,211,144
4424,152230040,2024-10-17,3.27,1.4516138272405332,211,145
4425,152230040,2024-10-20,3.32,1.463255402256019,211,146
4426,152230040,2024-10-27,3.28,1.4539530095937054,211,147
4427,152230040,2024-11-04,3.08,1.4060969884160703,211,151
4428,152230040,2024-11-06,3.02,1.3912819026309298,211,148
4429,151180160,2024-05-04,11.1,2.4932054526026954,195,232
4430,151180160,2024-05-14,9.41,2.3427668826268775,195,233
4431,151180160,2024-07-30,4.06,1.6213664832993742,195,235
4432,151180160,2024-08-14,3.04,1.3962446919730587,195,236
4433,151180160,2024-08-24,2.91,1.3635373739972745,195,237
4434,151180160,2024-09-18,3.99,1.6074359097634274,195,225
4435,151180160,2024-09-21,3.33,1.4655675420143985,195,226
4436,151180160,2024-10-01,2.52,1.2584609896100059,195,227
4437,151180160,2024-10-16,2.11,1.1346227261911428,195,228
4438,151180160,2024-10-18,1.74,1.007957920399979,195,229
4439,151180160,2024-10-26,3.21,1.43746264769429,195,230
4440,151180160,2024-11-02,2.57,1.2725655957915476,195,234
4441,151180160,2024-11-22,3.2,1.4350845252893227,195,231
4442,151180140,2024-05-14,12.5,2.6026896854443837,195,198
4443,151180140,2024-07-10,6.03,1.9501867058225737,195,197
4444,151180140,2024-07-30,5.42,1.8594181177018698,195,196
4445,151180140,2024-08-12,4.78,1.7544036826842861,195,199
4446,151180140,2024-08-14,4.79,1.7561322915849038,195,194
4447,151180140,2024-08-24,4.29,1.665818245870208,195,195
4448,151180140,2024-09-18,4.4,1.6863989535702286,195,188
4449,151180140,2024-09-21,4.09,1.6272778305624314,195,189
4450,151180140,2024-10-01,3.96,1.601405740736836,195,190
4451,151180140,2024-10-18,3.98,1.6054298910365616,195,191
4452,151180140,2024-10-26,4.3,1.667706820558076,195,192
4453,151180140,2024-11-02,3.62,1.5303947050936475,195,193
4454,151180140,2024-11-22,5.84,1.922787731634459,195,200
4455,150150190,2024-05-14,1.04,0.712949807856125,193,223
4456,150150190,2024-07-21,0.29,0.2546422183735807,193,224
4457,150150190,2024-08-12,0.19,0.173953307123438,193,222
4458,150150190,2024-09-04,0.18,0.16551443847757338,193,225
4459,150150190,2024-09-06,0.19,0.173953307123438,193,220
4460,150150190,2024-09-21,0.14,0.1310282624064041,193,221
4461,150150190,2024-10-24,0.24,0.2151113796169455,193,219
4462,150150190,2024-11-30,0.75,0.5596157879354227,193,226
4463,149180230,2024-05-01,0.65,0.5007752879124893,201,184
4464,149180230,2024-07-10,0.41,0.3435897043900769,201,182
4465,149180230,2024-08-14,0.44,0.36464311358790924,201,181
4466,149180230,2024-08-24,0.53,0.4252677354043441,201,183
4467,149180230,2024-09-18,0.47,0.3852624007906449,201,179
4468,149180230,2024-10-18,1.31,0.8372475245337022,201,180
4469,154170130,2024-05-09,1.28,0.8241754429663495,199,235
4470,154170130,2024-05-14,1.3,0.832909122935104,199,233
4471,154170130,2024-05-17,1.33,0.8458682675776092,199,231
4472,154170130,2024-05-22,1.25,0.8109302162163288,199,232
4473,154170130,2024-07-21,0.72,0.5423242908253616,199,234
4474,154170130,2024-07-31,0.72,0.5423242908253616,199,230
4475,154170130,2024-09-06,0.7,0.5306282510621704,199,227
4476,154170130,2024-09-19,0.7,0.5306282510621704,199,228
4477,154170130,2024-10-01,0.68,0.5187937934151676,199,229
4478,149220140,2024-05-13,1.39,0.8712933659434192,206,246
4479,149220140,2024-05-15,1.32,0.8415671856782186,206,247
4480,149220140,2024-07-07,0.88,0.6312717768418579,206,248
4481,149220140,2024-07-27,0.25,0.22314355131420976,207,8
4482,149220140,2024-08-13,0.66,0.5068176023684519,206,249
4483,149220140,2024-08-21,0.17,0.15700374880966475,207,0
4484,149220140,2024-09-02,15.7,2.8154087194227095,207,10
4485,149220140,2024-09-07,1.41,0.8796267475025636,207,2
4486,149220140,2024-10-17,0.79,0.5822156198526637,207,3
4487,149220140,2024-10-20,0.62,0.4824261492442927,207,4
4488,149220140,2024-10-22,1.14,0.76080582903376,207,5
4489,149220140,2024-10-25,0.47,0.3852624007906449,207,6
4490,149220140,2024-11-06,0.17,0.15700374880966475,207,7
4491,149220140,2024-11-26,0.25,0.22314355131420976,207,9
4492,150210100,2024-08-16,3.87,1.5830939370944985,205,179
4493,150210100,2024-10-20,2.12,1.1378330018213911,205,177
4494,150210100,2024-10-25,2.14,1.144222799920162,205,178
4495,152140130,2024-05-14,342.0,5.83773044716594,190,81
4496,152140130,2024-06-26,202.0,5.313205979041787,190,82
4497,152140130,2024-07-21,120.0,4.795790545596741,190,79
4498,152140130,2024-07-23,133.0,4.897839799950911,190,83
4499,152140130,2024-08-12,151.0,5.0238805208462765,190,78
4500,152140130,2024-08-27,126.0,4.844187086458591,190,80
4501,152140130,2024-09-04,124.0,4.8283137373023015,190,71
4502,152140130,2024-09-06,160.0,5.081404364984463,190,72
4503,152140130,2024-09-19,140.0,4.948759890378168,190,77
4504,152140130,2024-09-21,138.0,4.9344739331306915,190,76
4505,152140130,2024-10-16,101.0,4.624972813284271,190,73
4506,152140130,2024-10-24,124.0,4.8283137373023015,190,74
4507,152140130,2024-11-30,1020.0,6.928537818164665,190,75
4508,150200100,2024-05-28,107.0,4.68213122712422,200,167
4509,150200100,2024-06-15,98.5,4.600157644164547,200,163
4510,150200100,2024-06-17,88.3,4.492001487882454,200,161
4511,150200100,2024-07-22,48.1,3.893859034800475,200,165
4512,150200100,2024-07-30,47.6,3.883623530906448,200,164
4513,150200100,2024-08-14,90.3,4.514150787600923,200,162
4514,150200100,2024-08-29,48.1,3.893859034800475,200,166
4515,150200100,2024-09-18,71.2,4.279440045898781,200,157
4516,150200100,2024-10-10,85.3,4.457829598089382,200,158
4517,150200100,2024-10-18,51.8,3.966511190712216,200,159
4518,150200100,2024-10-25,50.3,3.937690752176724,200,160
4519,150190150,2024-05-16,3.34,1.4678743481123135,194,218
4520,150190150,2024-07-10,1.11,0.7466879474879752,194,216
4521,150190150,2024-07-30,0.73,0.5481214085096876,194,215
4522,150190150,2024-08-14,0.88,0.6312717768418579,194,214
4523,150190150,2024-08-24,0.93,0.6575200029167942,194,217
4524,150190150,2024-09-18,2.25,1.1786549963416462,194,212
4525,150190150,2024-10-18,1.3,0.832909122935104,194,213
4526,150140010,2024-05-14,5.27,1.8357763546448291,194,67
4527,150140010,2024-07-06,2.19,1.1600209167967532,194,65
4528,150140010,2024-07-21,1.73,1.0043016091968684,194,55
4529,150140010,2024-07-23,1.86,1.0508216248317612,194,56
4530,150140010,2024-08-07,2.75,1.3217558399823195,194,66
4531,150140010,2024-09-01,2.9,1.3609765531356006,194,57
4532,150140010,2024-09-04,1.72,1.000631880307906,194,58
4533,150140010,2024-09-19,1.7,0.9932517730102834,194,59
4534,150140010,2024-09-21,1.6,0.9555114450274365,194,60
4535,150140010,2024-10-16,1.49,0.9122827104766162,194,61
4536,150140010,2024-10-24,1.94,1.0784095813505903,194,62
4537,150140010,2024-11-23,5.08,1.8050046959780757,194,63
4538,150140010,2024-11-30,3.33,1.4655675420143985,194,64
4539,149200010,2024-05-01,1.48,0.9082585601768908,204,183
4540,149200010,2024-06-15,0.98,0.6830968447064438,204,184
4541,149200010,2024-06-17,0.81,0.5933268452777344,204,175
4542,149200010,2024-07-27,0.49,0.3987761199573678,204,176
4543,149200010,2024-07-30,0.49,0.3987761199573678,204,188
4544,149200010,2024-08-04,3.74,1.556037135706985,204,187
4545,149200010,2024-08-14,1.71,0.9969486348916095,204,185
4546,149200010,2024-08-24,0.66,0.5068176023684519,204,177
4547,149200010,2024-08-29,0.72,0.5423242908253616,204,186
4548,149200010,2024-10-18,0.84,0.6097655716208943,204,178
4549,149200010,2024-10-20,1.44,0.8919980393051105,204,179
4550,149200010,2024-10-25,2.16,1.1505720275988207,204,180
4551,149200010,2024-11-09,0.52,0.41871033485818504,204,181
4552,149200010,2024-11-17,3.43,1.4883995840570443,204,182
4553,152230020,2024-05-18,4.69,1.7387102481382395,215,101
4554,152230020,2024-06-29,3.89,1.5871923034867808,215,102
4555,152230020,2024-07-09,3.02,1.3912819026309298,215,103
4556,152230020,2024-08-13,2.22,1.169381359556317,215,100
4557,152230020,2024-08-16,2.01,1.1019400787607843,215,105
4558,152230020,2024-08-26,1.54,0.9321640810304452,215,106
4559,152230020,2024-08-28,1.5,0.9162907318741551,215,104
4560,152230020,2024-09-17,1.42,0.8837675401685949,215,93
4561,152230020,2024-09-20,1.46,0.9001613499442714,215,94
4562,152230020,2024-09-22,1.41,0.8796267475025636,215,95
4563,152230020,2024-10-12,1.53,0.9282193027394289,215,99
4564,152230020,2024-10-17,1.4,0.8754687373538999,215,96
4565,152230020,2024-10-20,1.3,0.832909122935104,215,97
4566,152230020,2024-11-06,1.28,0.8241754429663495,215,98
4567,152230020,2024-11-26,1.19,0.7839015438284094,215,107
4568,152180060,2024-05-04,1.55,0.9360933591703348,196,44
4569,152180060,2024-05-14,1.19,0.7839015438284094,196,38
4570,152180060,2024-07-10,0.12,0.11332868530700317,196,43
4571,152180060,2024-07-30,0.18,0.16551443847757338,196,39
4572,152180060,2024-08-12,0.11,0.10436001532424277,196,41
4573,152180060,2024-08-14,0.68,0.5187937934151676,196,40
4574,152180060,2024-08-24,0.22,0.1988508587451652,196,42
4575,152180060,2024-09-18,0.51,0.412109650826833,196,31
4576,152180060,2024-09-21,0.48,0.3920420877760237,196,32
4577,152180060,2024-10-01,0.14,0.1310282624064041,196,37
4578,152180060,2024-10-16,0.029,0.028587456851912555,196,33
4579,152180060,2024-10-18,0.05,0.04879016416943201,196,34
4580,152180060,2024-10-26,0.08,0.07696104113612832,196,35
4581,152180060,2024-11-02,0.041,0.04018178963283183,196,36
4582,154230010,2024-05-08,2.22,1.169381359556317,220,45
4583,154230010,2024-05-16,1.96,1.085189268335969,220,46
4584,154230010,2024-06-30,2.22,1.169381359556317,220,41
4585,154230010,2024-07-10,1.83,1.0402767116551463,220,42
4586,154230010,2024-07-15,1.67,0.9820784724121581,220,44
4587,154230010,2024-08-24,1.17,0.7747271675523681,220,43
4588,154230010,2024-08-29,0.97,0.6780335427498971,220,47
4589,154230010,2024-09-08,0.78,0.5766133643039938,220,38
4590,154230010,2024-09-20,0.82,0.598836501088704,220,39
4591,154230010,2024-10-18,0.76,0.5653138090500605,220,40
4592,152160140,2024-05-14,164.0,5.10594547390058,195,90
4593,152160140,2024-09-01,35.7,3.6027767550605247,195,88
4594,152160140,2024-09-21,52.7,3.983413001514819,195,89
4595,152160140,2024-10-16,33.9,3.5524868292083815,195,91
4596,154210020,2024-05-13,8.7,2.272125885509337,219,189
4597,154210020,2024-05-16,7.94,2.190535589185423,219,190
4598,154210020,2024-05-18,8.32,2.2321626286975,219,188
4599,154210020,2024-05-21,7.76,2.1701959049483,219,193
4600,154210020,2024-06-17,9.15,2.3174737054877963,219,185
4601,154210020,2024-06-27,7.83,2.178155014615869,219,194
4602,154210020,2024-06-30,6.28,1.9851308622085946,219,184
4603,154210020,2024-07-10,4.05,1.6193882432872684,219,186
4604,154210020,2024-08-24,1.21,0.7929925155296614,219,187
4605,154210020,2024-08-29,0.92,0.6523251860396903,219,192
4606,154210020,2024-09-08,1.32,0.8415671856782186,219,180
4607,154210020,2024-09-18,4.73,1.7457155307266483,219,181
4608,154210020,2024-09-20,3.63,1.5325568680981427,219,182
4609,154210020,2024-09-30,3.0,1.3862943611198906,219,191
4610,154210020,2024-10-18,1.66,0.9783261227936076,219,183
4611,153220080,2024-05-01,22.7,3.1654750481410856,213,166
4612,153220080,2024-05-08,21.2,3.100092288878234,213,168
4613,153220080,2024-05-16,19.4,3.0155349008501706,213,164
4614,153220080,2024-05-18,18.8,2.9856819377004897,213,162
4615,153220080,2024-05-21,17.6,2.9231615807191558,213,169
4616,153220080,2024-05-26,16.6,2.8678989020441064,213,165
4617,153220080,2024-06-17,13.3,2.6602595372658615,213,163
4618,153220080,2024-06-27,12.1,2.5726122302071057,213,167
4619,153220080,2024-06-30,11.5,2.5257286443082556,213,157
4620,153220080,2024-08-29,2.16,1.1505720275988207,213,158
4621,153220080,2024-09-08,1.75,1.0116009116784799,213,159
4622,153220080,2024-09-20,1.72,1.000631880307906,213,160
4623,153220080,2024-10-18,1.76,1.0152306797290587,213,161
4624,149200170,2024-06-15,15.9,2.827313621929028,203,182
4625,149200170,2024-06-17,16.4,2.856470206220483,203,185
4626,149200170,2024-07-22,7.09,2.0906287310704004,203,183
4627,149200170,2024-08-14,15.6,2.8094026953624973,203,184
4628,149200170,2024-08-29,7.45,2.1341664413690826,203,181
4629,149200170,2024-09-18,6.13,1.9643112344262046,203,178
4630,149200170,2024-10-10,15.7,2.8154087194227095,203,186
4631,149200170,2024-10-18,8.58,2.2596775919827694,203,179
4632,149200170,2024-10-25,7.95,2.191653532286764,203,180
4633,150170110,2024-05-01,1.36,0.8586616190375187,191,39
4634,150170110,2024-05-09,0.94,0.6626879730752367,191,40
4635,150170110,2024-07-10,0.5,0.4054651081081644,191,42
4636,150170110,2024-07-30,0.41,0.3435897043900769,191,41
4637,150170110,2024-08-12,0.44,0.36464311358790924,191,36
4638,150170110,2024-08-14,0.42,0.35065687161316933,191,37
4639,150170110,2024-08-24,0.51,0.412109650826833,191,38
4640,150170110,2024-09-18,0.55,0.4382549309311553,191,33
4641,150170110,2024-09-21,0.42,0.35065687161316933,191,34
4642,150170110,2024-11-05,0.27,0.23901690047049992,191,35
4643,154180260,2024-05-09,2.4,1.2237754316221157,219,19
4644,154180270,2024-05-09,5.93,1.9358598132018119,219,2
4645,154180260,2024-05-14,2.14,1.144222799920162,219,20
4646,154180270,2024-05-14,6.17,1.969905654611529,219,3
4647,154180260,2024-05-16,2.31,1.1969481893889715,219,17
4648,154180270,2024-05-16,5.33,1.8453002361560848,219,0
4649,154180260,2024-05-21,2.62,1.2864740258376797,219,16
4650,154180270,2024-05-21,5.66,1.8961194845522977,218,249
4651,154180260,2024-06-25,2.9,1.3609765531356006,219,13
4652,154180270,2024-06-25,5.02,1.7950872593207297,218,246
4653,154180260,2024-08-07,2.06,1.1184149159642893,219,15
4654,154180270,2024-08-07,2.82,1.3402504226184837,218,247
4655,154180260,2024-08-14,1.27,0.8197798314933114,219,14
4656,154180270,2024-08-14,1.95,1.0818051703517284,218,248
4657,154180260,2024-08-24,0.55,0.4382549309311553,219,18
4658,154180270,2024-08-24,3.1,1.410986973710262,219,1
4659,154180260,2024-08-27,0.55,0.4382549309311553,219,21
4660,154180270,2024-08-27,2.75,1.3217558399823195,219,4
4661,154180260,2024-08-29,0.53,0.4252677354043441,219,5
4662,154180270,2024-08-29,2.96,1.3762440252663892,218,238
4663,154180260,2024-09-03,0.54,0.43178241642553783,219,6
4664,154180270,2024-09-03,3.02,1.3912819026309298,218,239
4665,154180260,2024-09-06,0.59,0.46373401623214017,219,7
4666,154180270,2024-09-06,3.7,1.547562508716013,218,240
4667,154180260,2024-09-08,0.6,0.4700036292457356,219,8
4668,154180270,2024-09-08,3.03,1.3937663759585917,218,241
4669,154180260,2024-09-21,0.66,0.5068176023684519,219,9
4670,154180270,2024-09-21,2.69,1.3056264580524357,218,242
4671,154180260,2024-10-16,0.78,0.5766133643039938,219,10
4672,154180270,2024-10-16,4.58,1.7191887763932197,218,243
4673,154180260,2024-10-18,0.72,0.5423242908253616,219,11
4674,154180270,2024-10-18,3.51,1.5062971535145868,218,244
4675,154180260,2024-11-02,0.69,0.5247285289349821,219,12
4676,154180270,2024-11-02,3.97,1.6034198401085373,218,245
4677,152170040,2024-05-14,9.07,2.309560706730471,196,222
4678,152170040,2024-05-17,8.45,2.2460147415056513,196,223
4679,152170040,2024-06-01,7.17,2.1004689088719113,196,221
4680,152170040,2024-09-01,0.72,0.5423242908253616,196,218
4681,152170040,2024-09-21,0.64,0.49469624183610705,196,219
4682,152170040,2024-10-16,0.52,0.41871033485818504,196,220
4683,154210080,2024-05-08,6.53,2.018895041811802,219,229
4684,154210080,2024-05-16,4.1,1.62924053973028,219,230
4685,154210080,2024-05-18,4.1,1.62924053973028,219,228
4686,154210080,2024-06-27,8.88,2.2905125117597764,219,226
4687,154210080,2024-06-30,8.7,2.272125885509337,219,220
4688,154210080,2024-07-10,3.41,1.4838746894587547,219,227
4689,154210080,2024-08-24,2.03,1.1085626195212777,219,221
4690,154210080,2024-08-29,1.97,1.0885619528146082,219,222
4691,154210080,2024-09-08,1.89,1.0612565021243408,219,223
4692,154210080,2024-09-20,1.78,1.0224509277025458,219,224
4693,154210080,2024-10-18,1.5,0.9162907318741551,219,225
4694,153220140,2024-05-01,29.1,3.40452517175483,213,181
4695,153220140,2024-05-08,25.8,3.288401887516811,213,182
4696,153220140,2024-05-16,23.2,3.186352633162641,213,180
4697,153220140,2024-05-21,21.4,3.109060958860994,213,178
4698,153220140,2024-05-26,20.9,3.086486636822455,213,177
4699,153220140,2024-06-27,13.6,2.681021528714291,213,183
4700,153220140,2024-06-30,12.7,2.617395832834079,213,175
4701,153220140,2024-07-10,10.1,2.4069451083182885,213,176
4702,153220140,2024-07-22,6.95,2.0731719286662407,213,179
4703,153220140,2024-08-29,2.69,1.3056264580524357,213,170
4704,153220140,2024-09-05,2.53,1.2612978709452054,213,171
4705,153220140,2024-09-08,2.43,1.2325602611778486,213,172
4706,153220140,2024-09-20,2.29,1.1908875647772805,213,173
4707,153220140,2024-10-18,2.22,1.169381359556317,213,174
4708,153220140,2024-10-20,2.29,1.1908875647772805,213,184
4709,150190120,2024-07-10,1.08,0.7323678937132266,202,6
4710,150190120,2024-07-30,1.16,0.7701082216960736,202,8
4711,150190120,2024-08-14,1.2,0.7884573603642702,202,7
4712,150190120,2024-08-24,1.2,0.7884573603642702,202,9
4713,150190120,2024-09-18,1.03,0.708035793053696,202,5
4714,150190120,2024-10-18,0.72,0.5423242908253616,202,4
4715,151190090,2024-05-01,28.8,3.3945083935113587,210,187
4716,151190090,2024-05-13,24.9,3.254242968705492,210,184
4717,151190090,2024-05-26,23.1,3.1822118404966093,210,183
4718,151190090,2024-06-17,14.5,2.740840023925201,210,181
4719,151190090,2024-07-10,9.82,2.3813962734183356,210,185
4720,151190090,2024-08-14,10.9,2.4765384001174837,210,182
4721,151190090,2024-08-29,6.68,2.038619547159581,210,186
4722,151190090,2024-09-18,9.49,2.3504224224082058,210,175
4723,151190090,2024-09-20,8.89,2.2915241456346207,210,176
4724,151190090,2024-10-08,6.87,2.063058062429312,210,177
4725,151190090,2024-10-10,6.94,2.0719132752590443,210,178
4726,151190090,2024-10-18,5.54,1.8779371654691073,210,179
4727,151190090,2024-10-25,4.53,1.7101878155342436,210,180
4728,149220190,2024-05-13,82.2,4.421247347827163,206,153
4729,149220190,2024-05-15,89.6,4.506454213048934,206,154
4730,149220190,2024-08-13,28.6,3.3877743613300146,206,158
4731,149220190,2024-08-26,20.3,3.0587070727153796,206,155
4732,149220190,2024-08-28,19.2,3.005682604407159,206,157
4733,149220190,2024-09-07,64.3,4.178992036282385,206,146
4734,149220190,2024-09-20,26.1,3.299533727885655,206,147
4735,149220190,2024-10-17,20.1,3.0492730404820207,206,152
4736,149220190,2024-10-20,22.7,3.1654750481410856,206,148
4737,149220190,2024-10-25,23.8,3.2108436531709366,206,149
4738,149220190,2024-11-06,16.1,2.8390784635086144,206,150
4739,149220190,2024-11-26,11.9,2.5572273113676265,206,151
4740,151140030,2024-05-14,0.79,0.5822156198526637,194,179
4741,151140030,2024-06-26,0.45,0.37156355643248307,194,178
4742,151140030,2024-07-21,0.22,0.1988508587451652,194,180
4743,151140030,2024-08-12,0.17,0.15700374880966475,194,171
4744,151140030,2024-09-04,0.19,0.173953307123438,194,172
4745,151140030,2024-09-06,0.17,0.15700374880966475,194,173
4746,151140030,2024-09-19,0.13,0.12221763272424921,194,174
4747,151140030,2024-09-21,0.12,0.11332868530700317,194,175
4748,151140030,2024-10-24,0.11,0.10436001532424277,194,176
4749,151140030,2024-11-30,0.31,0.27002713721306015,194,177
4750,151140040,2024-05-14,18.2,2.9549102790337356,194,100
4751,151140040,2024-06-26,12.2,2.580216829592325,194,102
4752,151140040,2024-07-21,6.99,2.0781907597781832,194,101
4753,151140040,2024-08-12,6.36,1.9960599327407849,194,99
4754,151140040,2024-08-27,6.87,2.063058062429312,194,103
4755,151140040,2024-09-04,6.12,1.9629077254238845,194,92
4756,151140040,2024-09-06,6.79,2.052840859882657,194,93
4757,151140040,2024-09-19,7.63,2.1552445050953364,194,94
4758,151140040,2024-09-21,6.66,2.0360119837525,194,95
4759,151140040,2024-10-16,5.28,1.8373699804801074,194,96
4760,151140040,2024-10-24,10.7,2.4595888418037104,194,97
4761,151140040,2024-11-30,14.0,2.70805020110221,194,98
4762,149180220,2024-05-01,1.23,0.8020015854720274,201,214
4763,149180220,2024-07-10,0.44,0.36464311358790924,201,213
4764,149180220,2024-08-14,0.26,0.23111172096338664,201,212
4765,149180220,2024-08-24,0.31,0.27002713721306015,201,215
4766,149180220,2024-09-18,0.73,0.5481214085096876,201,210
4767,149180220,2024-10-18,0.38,0.32208349916911333,201,211
4768,153210170,2024-05-01,28.0,3.367295829986474,213,237
4769,153210170,2024-05-08,28.5,3.3843902633457743,213,236
4770,153210170,2024-05-16,27.1,3.3357695763397,213,235
4771,153210170,2024-05-18,26.7,3.3214324131932926,213,234
4772,153210170,2024-05-26,26.9,3.32862668882732,213,238
4773,153210170,2024-06-17,27.8,3.3603753871419,213,232
4774,153210170,2024-06-27,28.3,3.3775875160230218,213,233
4775,153210170,2024-06-30,27.6,3.353406717825807,213,231
4776,153210170,2024-08-29,8.4,2.2407096892759584,213,227
4777,153210170,2024-09-08,7.94,2.190535589185423,213,228
4778,153210170,2024-09-20,7.8,2.174751721484161,213,229
4779,153210170,2024-10-18,8.24,2.2235418856535927,213,230
4780,153160210,2024-05-14,23.6,3.202746442938317,197,209
4781,153160210,2024-05-17,22.7,3.1654750481410856,197,210
4782,153160210,2024-07-21,11.5,2.5257286443082556,197,212
4783,153160210,2024-08-20,7.17,2.1004689088719113,197,211
4784,153160210,2024-09-01,11.2,2.501435951739211,197,206
4785,153160210,2024-09-19,9.82,2.3813962734183356,197,207
4786,153160210,2024-09-21,9.49,2.3504224224082058,197,208
4787,151220140,2024-05-13,2.93,1.3686394258811698,209,221
4788,151220140,2024-07-09,0.7,0.5306282510621704,209,222
4789,151220140,2024-08-13,0.47,0.3852624007906449,209,223
4790,151220140,2024-08-16,0.45,0.37156355643248307,209,224
4791,151220140,2024-08-26,0.34,0.29266961396282,209,225
4792,151220140,2024-08-28,0.31,0.27002713721306015,209,226
4793,151220140,2024-09-07,0.26,0.23111172096338664,209,228
4794,151220140,2024-09-20,0.25,0.22314355131420976,209,229
4795,151220140,2024-09-22,0.2,0.18232155679395462,209,230
4796,151220140,2024-10-12,0.18,0.16551443847757338,209,231
4797,151220140,2024-10-17,0.17,0.15700374880966475,209,232
4798,151220140,2024-10-20,0.17,0.15700374880966475,209,235
4799,151220140,2024-11-06,0.2,0.18232155679395462,209,233
4800,151220140,2024-11-26,0.25,0.22314355131420976,209,234
4801,149210150,2024-05-05,1.1,0.7419373447293773,207,191
4802,149210150,2024-05-15,1.61,0.9593502213346021,207,192
4803,149210150,2024-06-17,0.84,0.6097655716208943,207,205
4804,149210150,2024-07-07,0.41,0.3435897043900769,207,208
4805,149210150,2024-07-22,0.32,0.2776317365982795,207,206
4806,149210150,2024-07-27,0.26,0.23111172096338664,207,207
4807,149210150,2024-08-13,0.58,0.4574248470388754,207,203
4808,149210150,2024-08-28,0.4,0.33647223662121295,207,193
4809,149210150,2024-09-02,0.56,0.44468582126144574,207,194
4810,149210150,2024-09-07,0.2,0.18232155679395462,207,195
4811,149210150,2024-09-22,0.13,0.12221763272424921,207,196
4812,149210150,2024-10-17,0.1,0.09531017980432487,207,197
4813,149210150,2024-10-20,0.1,0.09531017980432487,207,198
4814,149210150,2024-10-22,0.26,0.23111172096338664,207,199
4815,149210150,2024-10-25,0.1,0.09531017980432487,207,200
4816,149210150,2024-11-06,0.08,0.07696104113612832,207,201
4817,149210150,2024-11-11,0.13,0.12221763272424921,207,202
4818,151210190,2024-05-13,603.0,6.403574197934815,200,228
4819,151210190,2024-06-17,431.0,6.068425588244111,200,227
4820,151210190,2024-09-20,319.0,5.768320995793772,200,222
4821,151210190,2024-09-25,234.0,5.459585514144159,200,224
4822,151210190,2024-09-30,196.0,5.2832037287379885,200,226
4823,151210190,2024-10-10,236.0,5.4680601411351315,200,225
4824,151210190,2024-11-04,158.0,5.0689042022202315,200,223
4825,153150180,2024-05-14,2.38,1.2178757094949273,198,70
4826,153150180,2024-05-17,2.31,1.1969481893889715,198,72
4827,153150180,2024-07-21,1.39,0.8712933659434192,198,71
4828,153150180,2024-07-23,1.71,0.9969486348916095,198,69
4829,153150180,2024-09-04,1.56,0.9400072584914712,198,66
4830,153150180,2024-09-21,2.75,1.3217558399823195,198,67
4831,153150180,2024-10-26,1.61,0.9593502213346021,198,73
4832,153150180,2024-11-30,1.76,1.0152306797290587,198,68
4833,150210130,2024-10-20,6.8,2.0541237336955462,205,235
4834,150210130,2024-10-25,6.8,2.0541237336955462,205,236
4835,150180170,2024-05-01,1.28,0.8241754429663495,191,11
4836,150180170,2024-07-10,0.67,0.5128236264286637,191,12
4837,150180170,2024-08-14,0.5,0.4054651081081644,191,9
4838,150180170,2024-08-24,0.48,0.3920420877760237,191,10
4839,150180170,2024-09-18,0.45,0.37156355643248307,191,7
4840,150180170,2024-10-18,0.78,0.5766133643039938,191,8
4841,152170080,2024-05-01,142.0,4.962844630259907,195,69
4842,152170080,2024-05-14,102.0,4.634728988229636,195,68
4843,152170080,2024-07-10,35.5,3.597312260588446,195,70
4844,152170080,2024-07-15,31.4,3.4781584227982836,195,71
4845,152170080,2024-07-30,35.8,3.6054978451748854,195,64
4846,152170080,2024-08-12,36.3,3.6189933266497696,195,66
4847,152170080,2024-08-14,32.9,3.5234150143864045,195,65
4848,152170080,2024-08-24,27.4,3.3463891451671604,195,67
4849,152170080,2024-09-06,27.0,3.332204510175204,195,60
4850,152170080,2024-09-18,35.0,3.58351893845611,195,61
4851,152170080,2024-09-21,32.1,3.4995332823830174,195,62
4852,152170080,2024-10-26,31.8,3.4904285153900982,195,63
4853,149190340,2024-05-01,0.84,0.6097655716208943,203,130
4854,149190340,2024-05-28,0.83,0.6043159668533296,203,120
4855,149190340,2024-06-15,0.66,0.5068176023684519,203,121
4856,149190340,2024-06-17,0.6,0.4700036292457356,203,131
4857,149190340,2024-07-27,0.48,0.3920420877760237,203,122
4858,149190340,2024-07-30,0.4,0.33647223662121295,203,134
4859,149190340,2024-08-04,3.66,1.5390154481375546,203,132
4860,149190340,2024-08-14,0.76,0.5653138090500605,203,123
4861,149190340,2024-08-24,0.44,0.36464311358790924,203,133
4862,149190340,2024-08-29,0.65,0.5007752879124893,203,124
4863,149190340,2024-09-18,0.39,0.3293037471426004,203,125
4864,149190340,2024-10-10,0.28,0.2468600779315258,203,126
4865,149190340,2024-10-18,0.28,0.2468600779315258,203,127
4866,149190340,2024-10-20,0.18,0.16551443847757338,203,128
4867,149190340,2024-10-25,0.23,0.20701416938432615,203,129
4868,149190340,2024-11-09,0.16,0.14842000511827327,203,135
4869,150180060,2024-05-01,72.7,4.300002799195291,190,25
4870,150180060,2024-05-04,68.5,4.241326752570746,190,27
4871,150180060,2024-05-09,53.5,3.9982007016691985,190,26
4872,150180060,2024-05-14,84.3,4.446174454497633,190,23
4873,150180060,2024-07-10,21.8,3.126760535960395,190,28
4874,150180060,2024-08-12,47.1,3.8732821771117156,190,22
4875,150180060,2024-08-14,33.2,3.5322256440685598,190,24
4876,150180060,2024-08-24,42.0,3.7612001156935624,190,30
4877,150180060,2024-09-06,41.9,3.758871825933971,190,29
4878,150180060,2024-09-18,32.9,3.5234150143864045,190,18
4879,150180060,2024-09-21,24.0,3.2188758248682006,190,19
4880,150180060,2024-10-16,15.4,2.797281334830153,190,21
4881,150180060,2024-10-18,59.5,4.102643365036796,190,20
4882,150170180,2024-05-01,4.78,1.7544036826842861,191,26
4883,150170180,2024-05-09,3.36,1.4724720573609429,191,30
4884,150170180,2024-07-10,1.19,0.7839015438284094,191,32
4885,150170180,2024-07-30,0.85,0.6151856390902335,191,27
4886,150170180,2024-08-12,0.89,0.636576829071551,191,28
4887,150170180,2024-08-14,0.82,0.598836501088704,191,31
4888,150170180,2024-08-24,1.52,0.924258901523332,191,29
4889,150170180,2024-09-18,2.33,1.2029723039923526,191,23
4890,150170180,2024-09-21,1.76,1.0152306797290587,191,24
4891,150170180,2024-11-05,0.39,0.3293037471426004,191,25
4892,153220240,2024-05-01,6.92,2.0693912058263346,213,48
4893,153220240,2024-05-08,6.2,1.9740810260220096,213,47
4894,153220240,2024-05-16,4.84,1.7647307968401358,213,50
4895,153220240,2024-05-21,5.52,1.8748743759385615,213,51
4896,153220240,2024-06-27,3.84,1.5769147207285403,213,46
4897,153220240,2024-06-30,3.59,1.5238800240724537,213,42
4898,153220240,2024-07-10,2.69,1.3056264580524357,213,44
4899,153220240,2024-07-22,2.06,1.1184149159642893,213,45
4900,153220240,2024-08-24,1.45,0.8960880245566356,213,43
4901,153220240,2024-08-29,1.4,0.8754687373538999,213,49
4902,153220240,2024-09-08,1.29,0.8285518175661483,213,39
4903,153220240,2024-09-20,1.75,1.0116009116784799,213,40
4904,153220240,2024-10-18,1.15,0.7654678421395714,213,41
4905,153220240,2024-10-20,1.21,0.7929925155296614,213,52
4906,150190080,2024-05-01,5.5,1.8718021769015913,202,23
4907,150190080,2024-07-10,2.52,1.2584609896100059,202,27
4908,150190080,2024-08-14,2.09,1.128171090909654,202,24
4909,150190080,2024-08-16,2.26,1.1817271953786161,202,25
4910,150190080,2024-08-24,2.09,1.128171090909654,202,26
4911,150190080,2024-09-05,1.59,0.9516578757114464,202,18
4912,150190080,2024-09-18,2.07,1.1216775615991057,202,19
4913,150190080,2024-10-10,2.28,1.1878434223960523,202,20
4914,150190080,2024-10-18,2.4,1.2237754316221157,202,21
4915,150190080,2024-10-25,1.49,0.9122827104766162,202,22
4916,150210210,2024-05-13,219.0,5.393627546352361,206,227
4917,150210210,2024-05-15,224.0,5.41610040220442,206,228
4918,150210210,2024-08-13,73.3,4.308110951723713,206,226
4919,150210210,2024-08-16,68.2,4.237000862623624,206,230
4920,150210210,2024-08-28,47.6,3.883623530906448,206,229
4921,150210210,2024-09-07,91.8,4.530446639792155,206,217
4922,150210210,2024-09-17,66.3,4.209160236650682,206,218
4923,150210210,2024-09-20,78.1,4.370712874773608,206,219
4924,150210210,2024-10-12,102.0,4.634728988229636,206,220
4925,150210210,2024-10-17,70.0,4.2626798770413155,206,221
4926,150210210,2024-10-20,44.1,3.8088822465086327,206,222
4927,150210210,2024-10-25,82.1,4.420044701861403,206,223
4928,150210210,2024-11-06,34.1,3.55820113047182,206,224
4929,150210210,2024-11-26,34.1,3.55820113047182,206,225
4930,149190270,2024-05-28,2.9,1.3609765531356006,203,91
4931,149190270,2024-06-15,2.29,1.1908875647772805,203,98
4932,149190270,2024-06-17,2.4,1.2237754316221157,203,99
4933,149190270,2024-08-14,2.18,1.1568811967920856,203,92
4934,149190270,2024-08-29,0.94,0.6626879730752367,203,93
4935,149190270,2024-09-18,1.18,0.7793248768009976,203,94
4936,149190270,2024-10-10,2.04,1.1118575154181303,203,95
4937,149190270,2024-10-18,0.74,0.5538851132264376,203,96
4938,149190270,2024-10-25,0.45,0.37156355643248307,203,97
4939,151160250,2024-05-14,0.044,0.04305948946044697,193,81
4940,151160250,2024-07-06,0.035,0.0344014267173324,193,78
4941,151160250,2024-07-21,0.028,0.027615167032973367,193,82
4942,151160250,2024-07-23,0.026,0.02566774674857779,193,79
4943,151160250,2024-08-12,0.018,0.017839918128331,193,80
4944,151160250,2024-09-04,0.02,0.019802627296179712,193,74
4945,151160250,2024-09-06,0.02,0.019802627296179712,193,75
4946,151160250,2024-09-21,0.021,0.020782539182528505,193,76
4947,151160250,2024-10-24,0.03,0.0295588022415444,193,77
4948,149190050,2024-05-01,6.11,1.9615022438151495,202,129
4949,149190050,2024-06-15,4.26,1.6601310267496183,202,127
4950,149190050,2024-07-27,1.15,0.7654678421395714,202,123
4951,149190050,2024-07-30,1.4,0.8754687373538999,202,128
4952,149190050,2024-08-14,2.95,1.3737155789130306,202,124
4953,149190050,2024-08-16,3.3,1.4586150226995167,202,126
4954,149190050,2024-08-24,1.28,0.8241754429663495,202,125
4955,149190050,2024-09-05,0.96,0.6729444732424258,202,118
4956,149190050,2024-09-20,0.82,0.598836501088704,202,119
4957,149190050,2024-10-18,2.48,1.247032293786383,202,120
4958,149190050,2024-10-25,0.73,0.5481214085096876,202,121
4959,149190050,2024-11-09,0.68,0.5187937934151676,202,122
4960,153220200,2024-05-08,13.8,2.6946271807700692,213,122
4961,153220200,2024-05-13,11.3,2.509599262378372,213,123
4962,153220200,2024-05-16,9.77,2.3767644911682972,213,124
4963,153220200,2024-06-27,5.22,1.827769906751088,213,121
4964,153220200,2024-08-29,1.09,0.7371640659767197,213,120
4965,153220200,2024-09-05,1.02,0.7030975114131134,213,117
4966,153220200,2024-09-20,0.96,0.6729444732424258,213,118
4967,153220200,2024-10-20,0.54,0.43178241642553783,213,119
4968,153160270,2024-05-14,0.39,0.3293037471426004,198,0
4969,153160270,2024-05-17,0.4,0.33647223662121295,197,248
4970,153160270,2024-07-21,0.2,0.18232155679395462,197,246
4971,153160270,2024-08-20,0.16,0.14842000511827327,197,247
4972,153160270,2024-09-19,0.25,0.22314355131420976,197,243
4973,153160270,2024-09-21,0.26,0.23111172096338664,197,244
4974,153160270,2024-10-26,0.13,0.12221763272424921,197,249
4975,153160270,2024-11-30,0.08,0.07696104113612832,197,245
4976,150210010,2024-05-01,1.72,1.000631880307906,205,168
4977,150210010,2024-05-13,1.69,0.9895411936137477,205,165
4978,150210010,2024-05-16,1.5,0.9162907318741551,205,170
4979,150210010,2024-05-26,1.75,1.0116009116784799,205,166
4980,150210010,2024-06-17,0.91,0.6471032420585385,205,167
4981,150210010,2024-07-10,0.68,0.5187937934151676,205,171
4982,150210010,2024-08-14,0.88,0.6312717768418579,205,158
4983,150210010,2024-08-29,0.55,0.4382549309311553,205,159
4984,150210010,2024-09-18,0.54,0.43178241642553783,205,160
4985,150210010,2024-09-20,0.51,0.412109650826833,205,161
4986,150210010,2024-10-08,0.55,0.4382549309311553,205,162
4987,150210010,2024-10-10,0.62,0.4824261492442927,205,169
4988,150210010,2024-10-18,0.53,0.4252677354043441,205,163
4989,150210010,2024-10-25,0.52,0.41871033485818504,205,164
4990,153150050,2024-05-17,11.5,2.5257286443082556,198,180
4991,153150050,2024-07-21,6.33,1.9919755158985601,198,182
4992,153150050,2024-08-20,5.59,1.8855533485144158,198,181
4993,153150050,2024-09-19,7.34,2.1210632163706555,198,179
4994,151140050,2024-05-14,2.08,1.1249295969854831,194,155
4995,151140050,2024-08-07,0.39,0.3293037471426004,194,154
4996,151140050,2024-09-04,0.3,0.26236426446749106,194,148
4997,151140050,2024-09-19,0.4,0.33647223662121295,194,157
4998,151140050,2024-09-21,0.4,0.33647223662121295,194,149
4999,151140050,2024-11-30,2.78,1.3297240096314962,194,152
5000,153190120,2024-05-01,19.0,2.995732273553991,217,100
5001,153190120,2024-05-16,17.1,2.89591193827178,217,98
5002,153190120,2024-05-26,17.7,2.928523523860541,217,99
5003,153190120,2024-07-10,7.58,2.149433913499871,217,97
5004,153190120,2024-08-27,3.13,1.4182774069729414,217,102
5005,153190120,2024-08-29,3.12,1.415853163361435,217,101
5006,153190120,2024-09-03,3.27,1.4516138272405332,217,91
5007,153190120,2024-09-08,2.88,1.355835153635182,217,92
5008,153190120,2024-09-21,4.06,1.6213664832993742,217,93
5009,153190120,2024-10-16,3.14,1.420695787837223,217,94
5010,153190120,2024-10-18,3.05,1.3987168811184478,217,95
5011,153190120,2024-10-26,3.03,1.3937663759585917,217,96
5012,151210060,2024-05-01,14.4,2.7343675094195836,210,114
5013,151210060,2024-05-13,11.9,2.5572273113676265,210,112
5014,151210060,2024-05-26,9.2,2.322387720290225,210,116
5015,151210060,2024-06-17,6.68,2.038619547159581,210,110
5016,151210060,2024-06-30,5.24,1.8309801823813363,210,102
5017,151210060,2024-08-14,2.5,1.252762968495368,210,111
5018,151210060,2024-08-29,2.92,1.366091653802371,210,113
5019,151210060,2024-09-03,2.9,1.3609765531356006,210,103
5020,151210060,2024-09-18,3.24,1.4445632692438664,210,104
5021,151210060,2024-09-20,2.56,1.269760544863939,210,105
5022,151210060,2024-09-25,2.54,1.264126727145683,210,115
5023,151210060,2024-10-10,2.42,1.2296405510745139,210,106
5024,151210060,2024-10-18,1.76,1.0152306797290587,210,107
5025,151210060,2024-11-02,1.61,0.9593502213346021,210,108
5026,151210060,2024-11-04,1.6,0.9555114450274365,210,109
5027,151180170,2024-07-10,4.38,1.682688374173693,195,187
5028,151180170,2024-07-30,3.92,1.5933085305042167,195,184
5029,151180170,2024-08-14,3.6,1.5260563034950494,195,185
5030,151180170,2024-08-24,3.35,1.4701758451005928,195,186
5031,151180170,2024-09-18,3.48,1.4996230464268938,195,180
5032,151180170,2024-10-18,3.55,1.515127232962859,195,181
5033,151180170,2024-11-02,3.07,1.4036429994545037,195,182
5034,151180170,2024-11-22,4.72,1.7439688053917064,195,183
5035,153180150,2024-05-01,15.7,2.8154087194227095,218,120
5036,153180150,2024-05-14,11.8,2.5494451709255714,218,122
5037,153180150,2024-05-21,10.0,2.3978952727983707,218,119
5038,153180150,2024-06-30,5.0,1.791759469228055,218,109
5039,153180150,2024-07-20,2.35,1.208960345836975,218,117
5040,153180150,2024-08-14,1.31,0.8372475245337022,218,121
5041,153180150,2024-08-24,1.63,0.9669838461896731,218,118
5042,153180150,2024-08-27,1.49,0.9122827104766162,218,123
5043,153180150,2024-09-03,1.53,0.9282193027394289,218,124
5044,153180150,2024-09-06,1.5,0.9162907318741551,218,110
5045,153180150,2024-09-08,1.4,0.8754687373538999,218,111
5046,153180150,2024-09-18,1.68,0.9858167945227653,218,112
5047,153180150,2024-09-21,1.54,0.9321640810304452,218,113
5048,153180150,2024-10-01,1.51,0.9202827531436926,218,114
5049,153180150,2024-10-18,1.14,0.76080582903376,218,115
5050,153180150,2024-11-02,0.92,0.6523251860396903,218,116
5051,149210010,2024-06-17,2.02,1.1052568313867783,205,246
5052,149210010,2024-07-22,1.99,1.095273387402595,205,245
5053,149210010,2024-07-27,2.02,1.1052568313867783,205,247
5054,149210010,2024-08-16,2.03,1.1085626195212777,205,244
5055,149210010,2024-10-20,1.96,1.085189268335969,205,242
5056,149210010,2024-10-25,2.02,1.1052568313867783,205,243
5057,151230020,2024-05-13,1.02,0.7030975114131134,215,151
5058,151230020,2024-05-18,0.92,0.6523251860396903,215,152
5059,151230020,2024-06-29,0.2,0.18232155679395462,215,150
5060,151230020,2024-07-09,0.1,0.09531017980432487,215,148
5061,151230020,2024-08-13,0.046,0.044973365642731154,215,149
5062,151230020,2024-08-16,0.041,0.04018178963283183,215,153
5063,151230020,2024-08-26,0.036,0.035367143837291316,215,154
5064,151230020,2024-08-28,0.03,0.0295588022415444,215,155
5065,151230020,2024-09-17,0.029,0.028587456851912555,215,140
5066,151230020,2024-09-20,0.023,0.02273948696948943,215,141
5067,151230020,2024-09-22,0.02,0.019802627296179712,215,142
5068,151230020,2024-10-12,0.006,0.005982071677547464,215,143
5069,151230020,2024-10-17,0.006,0.005982071677547464,215,144
5070,151230020,2024-10-20,0.006,0.005982071677547464,215,145
5071,151230020,2024-11-04,0.006,0.005982071677547464,215,147
5072,151230020,2024-11-06,0.006,0.005982071677547464,215,146
5073,151230050,2024-05-13,4.34,1.6752256529721035,215,73
5074,151230050,2024-07-09,0.8,0.5877866649021191,215,68
5075,151230050,2024-08-16,0.66,0.5068176023684519,215,69
5076,151230050,2024-08-26,0.49,0.3987761199573678,215,70
5077,151230050,2024-08-28,0.41,0.3435897043900769,215,71
5078,151230050,2024-09-07,0.41,0.3435897043900769,215,75
5079,151230050,2024-09-17,0.53,0.4252677354043441,215,61
5080,151230050,2024-09-20,0.55,0.4382549309311553,215,74
5081,151230050,2024-09-22,0.42,0.35065687161316933,215,62
5082,151230050,2024-10-12,0.31,0.27002713721306015,215,63
5083,151230050,2024-10-17,0.24,0.2151113796169455,215,64
5084,151230050,2024-10-20,0.32,0.2776317365982795,215,65
5085,151230050,2024-11-06,0.17,0.15700374880966475,215,66
5086,151230050,2024-11-26,0.2,0.18232155679395462,215,67
5087,150220020,2024-05-13,8.78,2.280339484046726,208,153
5088,150220020,2024-05-15,7.25,2.1102132003465894,208,152
5089,150220020,2024-08-13,1.52,0.924258901523332,208,154
5090,150220020,2024-08-16,1.52,0.924258901523332,208,155
5091,150220020,2024-08-28,1.28,0.8241754429663495,208,156
5092,150220020,2024-09-07,1.08,0.7323678937132266,208,144
5093,150220020,2024-09-17,1.48,0.9082585601768908,208,158
5094,150220020,2024-09-20,1.18,0.7793248768009976,208,145
5095,150220020,2024-10-10,1.1,0.7419373447293773,208,157
5096,150220020,2024-10-12,0.93,0.6575200029167942,208,146
5097,150220020,2024-10-17,0.82,0.598836501088704,208,147
5098,150220020,2024-10-20,0.82,0.598836501088704,208,148
5099,150220020,2024-10-25,0.86,0.6205764877251099,208,149
5100,150220020,2024-11-06,0.81,0.5933268452777344,208,150
5101,150220020,2024-11-26,0.83,0.6043159668533296,208,151
5102,150180110,2024-05-01,3.26,1.449269160281279,190,189
5103,150180110,2024-07-10,1.72,1.000631880307906,190,194
5104,150180110,2024-08-14,2.71,1.3110318766193438,190,190
5105,150180110,2024-08-24,2.63,1.2892326482767593,190,191
5106,150180110,2024-09-18,2.61,1.2837077723447896,190,192
5107,150180110,2024-10-18,1.12,0.7514160886839212,190,193
5108,149190160,2024-05-01,0.82,0.598836501088704,203,89
5109,149190160,2024-07-10,0.31,0.27002713721306015,203,90
5110,149190160,2024-08-14,0.87,0.6259384308664953,203,88
5111,149190160,2024-09-05,0.58,0.4574248470388754,203,82
5112,149190160,2024-09-18,0.81,0.5933268452777344,203,83
5113,149190160,2024-09-20,0.52,0.41871033485818504,203,84
5114,149190160,2024-10-10,0.26,0.23111172096338664,203,85
5115,149190160,2024-10-18,0.18,0.16551443847757338,203,86
5116,149190160,2024-10-25,0.06,0.058268908123975775,203,87
5117,150180140,2024-05-01,0.67,0.5128236264286637,190,195
5118,150180140,2024-07-10,0.53,0.4252677354043441,190,200
5119,150180140,2024-08-14,0.54,0.43178241642553783,190,196
5120,150180140,2024-08-24,0.45,0.37156355643248307,190,197
5121,150180140,2024-09-18,0.57,0.4510756193602167,190,198
5122,150180140,2024-10-18,0.41,0.3435897043900769,190,199
5123,150180280,2024-05-01,0.9,0.6418538861723948,190,180
5124,150180280,2024-07-10,0.39,0.3293037471426004,190,183
5125,150180280,2024-08-14,0.49,0.3987761199573678,190,181
5126,150180280,2024-08-24,0.41,0.3435897043900769,190,182
5127,150180280,2024-09-18,1.54,0.9321640810304452,190,178
5128,150180280,2024-10-18,0.28,0.2468600779315258,190,179
5129,150180130,2024-05-01,2.3,1.1939224684724346,190,187
5130,150180130,2024-08-14,1.95,1.0818051703517284,190,186
5131,150180130,2024-08-24,2.0,1.0986122886681096,190,188
5132,150180130,2024-09-18,1.98,1.091923300517313,190,184
5133,150180130,2024-10-18,0.68,0.5187937934151676,190,185
5134,149220160,2024-05-15,3.12,1.415853163361435,207,114
5135,149220160,2024-07-07,0.63,0.48858001481867097,207,113
5136,149220160,2024-08-13,0.59,0.46373401623214017,207,104
5137,149220160,2024-08-28,0.3,0.26236426446749106,207,105
5138,149220160,2024-09-07,0.48,0.3920420877760237,207,106
5139,149220160,2024-09-20,0.62,0.4824261492442927,207,107
5140,149220160,2024-10-17,0.13,0.12221763272424921,207,108
5141,149220160,2024-10-20,0.12,0.11332868530700317,207,109
5142,149220160,2024-10-25,0.12,0.11332868530700317,207,110
5143,149220160,2024-11-06,0.12,0.11332868530700317,207,111
5144,149220160,2024-11-26,0.15,0.13976194237515868,207,112
5145,152160120,2024-05-14,1.33,0.8458682675776092,196,236
5146,152160120,2024-05-17,1.23,0.8020015854720274,196,234
5147,152160120,2024-06-01,1.0,0.6931471805599453,196,235
5148,152160120,2024-09-01,0.1,0.09531017980432487,196,231
5149,152160120,2024-09-21,0.13,0.12221763272424921,196,232
5150,152160120,2024-10-16,0.041,0.04018178963283183,196,233
5151,151160160,2024-05-14,1.94,1.0784095813505903,193,44
5152,151160160,2024-08-12,0.14,0.1310282624064041,193,45
5153,151160160,2024-09-06,0.09,0.08617769624105233,193,41
5154,151160160,2024-09-21,0.05,0.04879016416943201,193,42
5155,151160160,2024-10-26,0.54,0.43178241642553783,193,43
5156,153190060,2024-05-14,0.71,0.5364933705145685,217,229
5157,153190060,2024-06-08,0.95,0.6678293725756554,217,227
5158,153190060,2024-07-10,0.14,0.1310282624064041,217,224
5159,153190060,2024-08-14,0.1,0.09531017980432487,217,223
5160,153190060,2024-08-24,0.1,0.09531017980432487,217,225
5161,153190060,2024-09-08,0.11,0.10436001532424277,217,219
5162,153190060,2024-09-21,0.2,0.18232155679395462,217,228
5163,153190060,2024-10-01,0.22,0.1988508587451652,217,220
5164,153190060,2024-10-18,0.11,0.10436001532424277,217,221
5165,153190060,2024-11-02,0.08,0.07696104113612832,217,226
5166,153190060,2024-11-22,0.08,0.07696104113612832,217,222
5167,150210040,2024-05-01,0.7,0.5306282510621704,208,238
5168,150210040,2024-05-13,0.84,0.6097655716208943,208,228
5169,150210040,2024-05-16,0.72,0.5423242908253616,208,229
5170,150210040,2024-05-26,0.76,0.5653138090500605,208,239
5171,150210040,2024-06-17,0.31,0.27002713721306015,208,230
5172,150210040,2024-07-10,0.19,0.173953307123438,208,231
5173,150210040,2024-08-14,0.19,0.173953307123438,208,240
5174,150210040,2024-08-29,0.12,0.11332868530700317,208,241
5175,150210040,2024-09-18,0.16,0.14842000511827327,208,232
5176,150210040,2024-09-20,0.09,0.08617769624105233,208,233
5177,150210040,2024-10-08,0.11,0.10436001532424277,208,234
5178,150210040,2024-10-10,0.61,0.4762341789963716,208,235
5179,150210040,2024-10-18,0.11,0.10436001532424277,208,236
5180,150210040,2024-10-20,0.1,0.09531017980432487,208,242
5181,150210040,2024-10-25,0.14,0.1310282624064041,208,237
5182,151160080,2024-05-14,3.69,1.545432582458188,192,221
5183,151160080,2024-07-21,0.71,0.5364933705145685,192,222
5184,151160080,2024-08-12,0.77,0.5709795465857378,192,219
5185,151160080,2024-09-04,0.58,0.4574248470388754,192,220
5186,151160080,2024-09-06,0.57,0.4510756193602167,192,216
5187,151160080,2024-09-21,0.53,0.4252677354043441,192,217
5188,151160080,2024-10-24,1.09,0.7371640659767197,192,218
5189,151160080,2024-11-30,4.08,1.6253112615903906,192,223
5190,150220010,2024-05-15,25.5,3.2771447329921766,208,10
5191,150220010,2024-08-13,7.96,2.192770226986839,208,11
5192,150220010,2024-08-16,4.92,1.7783364488959144,208,9
5193,150220010,2024-08-28,3.48,1.4996230464268938,208,12
5194,150220010,2024-09-07,14.9,2.766319109226186,208,3
5195,150220010,2024-10-17,3.08,1.4060969884160703,208,4
5196,150220010,2024-10-20,3.04,1.3962446919730587,208,14
5197,150220010,2024-10-25,2.61,1.2837077723447896,208,5
5198,150220010,2024-11-01,2.38,1.2178757094949273,208,6
5199,150220010,2024-11-06,2.05,1.11514159061932,208,7
5200,150220010,2024-11-26,3.1,1.410986973710262,208,8
5201,150220070,2024-05-13,164.0,5.10594547390058,206,195
5202,150220070,2024-05-15,186.0,5.231108616854587,206,197
5203,150220070,2024-08-13,53.7,4.001863709427935,206,194
5204,150220070,2024-08-16,47.1,3.8732821771117156,206,199
5205,150220070,2024-08-26,33.2,3.5322256440685598,206,196
5206,150220070,2024-08-28,31.6,3.484312288372662,206,198
5207,150220070,2024-09-07,77.0,4.356708826689592,206,185
5208,150220070,2024-09-17,54.1,4.009149716158869,206,186
5209,150220070,2024-09-20,57.7,4.072439726834051,206,187
5210,150220070,2024-10-17,39.8,3.708682081410116,206,188
5211,150220070,2024-10-20,31.8,3.4904285153900982,206,189
5212,150220070,2024-10-25,62.7,4.154184562578117,206,190
5213,150220070,2024-11-01,26.3,3.306886702190914,206,191
5214,150220070,2024-11-06,25.2,3.265759410767051,206,192
5215,150220070,2024-11-26,25.1,3.261935314328648,206,193
5216,151160020,2024-05-14,2.15,1.1474024528375417,192,170
5217,151160020,2024-07-21,0.86,0.6205764877251099,192,176
5218,151160020,2024-08-12,0.68,0.5187937934151676,192,175
5219,151160020,2024-09-04,0.6,0.4700036292457356,192,174
5220,151160020,2024-09-06,0.56,0.44468582126144574,192,171
5221,151160020,2024-09-21,0.5,0.4054651081081644,192,172
5222,151160020,2024-10-24,1.03,0.708035793053696,192,173
5223,151160020,2024-11-30,2.53,1.2612978709452054,192,177
5224,152170120,2024-05-14,1.7,0.9932517730102834,196,64
5225,152170120,2024-07-10,0.4,0.33647223662121295,196,68
5226,152170120,2024-07-15,0.32,0.2776317365982795,196,69
5227,152170120,2024-07-30,0.35,0.30010459245033805,196,66
5228,152170120,2024-08-12,0.31,0.27002713721306015,196,70
5229,152170120,2024-08-14,0.24,0.2151113796169455,196,65
5230,152170120,2024-08-24,0.27,0.23901690047049992,196,67
5231,152170120,2024-09-06,0.24,0.2151113796169455,196,60
5232,152170120,2024-09-18,0.25,0.22314355131420976,196,61
5233,152170120,2024-09-21,0.2,0.18232155679395462,196,62
5234,152170120,2024-10-26,0.21,0.1906203596086497,196,63
5235,153190140,2024-05-01,13.6,2.681021528714291,217,87
5236,153190140,2024-05-16,10.4,2.4336133554004498,217,86
5237,153190140,2024-05-26,10.4,2.4336133554004498,217,89
5238,153190140,2024-07-10,4.3,1.667706820558076,217,83
5239,153190140,2024-08-07,2.17,1.1537315878891892,217,85
5240,153190140,2024-08-27,2.08,1.1249295969854831,217,84
5241,153190140,2024-08-29,2.03,1.1085626195212777,217,88
5242,153190140,2024-09-03,2.13,1.1410330045520618,217,78
5243,153190140,2024-09-08,2.03,1.1085626195212777,217,90
5244,153190140,2024-09-21,3.15,1.423108334242607,217,79
5245,153190140,2024-10-16,1.73,1.0043016091968684,217,80
5246,153190140,2024-10-18,1.73,1.0043016091968684,217,81
5247,153190140,2024-10-26,1.64,0.9707789171582247,217,82
5248,150210170,2024-05-13,352.0,5.8664680569332965,200,202
5249,150210170,2024-08-16,256.0,5.54907608489522,200,203
5250,150210170,2024-09-20,177.0,5.181783550292085,200,199
5251,150210170,2024-10-20,120.0,4.795790545596741,200,200
5252,150210170,2024-10-25,126.0,4.844187086458591,200,201
5253,152200060,2024-05-01,7.21,2.105352923464337,216,106
5254,152200060,2024-05-13,4.71,1.7422190236679187,216,101
5255,152200060,2024-05-18,4.71,1.7422190236679187,216,102
5256,152200060,2024-06-17,1.77,1.0188473201992472,216,98
5257,152200060,2024-06-30,1.18,0.7793248768009976,216,99
5258,152200060,2024-07-10,0.59,0.46373401623214017,216,103
5259,152200060,2024-08-14,0.21,0.1906203596086497,216,104
5260,152200060,2024-08-24,0.19,0.173953307123438,216,100
5261,152200060,2024-08-29,0.18,0.16551443847757338,216,105
5262,152200060,2024-09-03,0.17,0.15700374880966475,216,93
5263,152200060,2024-09-08,0.12,0.11332868530700317,216,94
5264,152200060,2024-09-20,0.2,0.18232155679395462,216,95
5265,152200060,2024-09-30,0.16,0.14842000511827327,216,107
5266,152200060,2024-10-18,0.1,0.09531017980432487,216,96
5267,152200060,2024-11-02,0.11,0.10436001532424277,216,97
5268,153200050,2024-05-01,1.79,1.0260415958332743,216,61
5269,153200050,2024-05-26,1.61,0.9593502213346021,216,62
5270,153200050,2024-06-30,0.72,0.5423242908253616,216,63
5271,153200050,2024-07-10,0.53,0.4252677354043441,216,68
5272,153200050,2024-08-29,0.36,0.3074846997479606,216,64
5273,153200050,2024-09-03,0.39,0.3293037471426004,216,65
5274,153200050,2024-09-08,0.34,0.29266961396282,216,66
5275,153200050,2024-10-18,0.21,0.1906203596086497,216,67
5276,154180010,2024-05-09,1.25,0.8109302162163288,218,146
5277,154180010,2024-05-14,1.18,0.7793248768009976,218,145
5278,154180010,2024-08-07,0.51,0.412109650826833,218,144
5279,154180010,2024-09-01,0.56,0.44468582126144574,218,140
5280,154180010,2024-09-06,0.53,0.4252677354043441,218,141
5281,154180010,2024-09-21,0.55,0.4382549309311553,218,142
5282,154180010,2024-10-01,0.58,0.4574248470388754,218,143
5283,150220040,2024-05-15,1.76,1.0152306797290587,208,87
5284,150220040,2024-08-13,0.46,0.3784364357202451,208,96
5285,150220040,2024-08-16,0.42,0.35065687161316933,208,95
5286,150220040,2024-08-28,0.26,0.23111172096338664,208,97
5287,150220040,2024-09-07,0.25,0.22314355131420976,208,88
5288,150220040,2024-10-17,0.16,0.14842000511827327,208,89
5289,150220040,2024-10-20,0.14,0.1310282624064041,208,90
5290,150220040,2024-10-25,0.22,0.1988508587451652,208,91
5291,150220040,2024-11-01,0.12,0.11332868530700317,208,92
5292,150220040,2024-11-06,0.12,0.11332868530700317,208,93
5293,150220040,2024-11-26,0.18,0.16551443847757338,208,94
5294,152140110,2024-06-26,1.49,0.9122827104766162,194,185
5295,152140110,2024-07-21,1.12,0.7514160886839212,194,184
5296,152140110,2024-08-20,0.92,0.6523251860396903,194,186
5297,152140110,2024-09-04,1.1,0.7419373447293773,194,181
5298,152140110,2024-09-19,1.05,0.7178397931503169,194,182
5299,152140110,2024-10-24,0.93,0.6575200029167942,194,183
5300,154210010,2024-05-13,35.4,3.594568774642695,219,169
5301,154210010,2024-05-16,34.0,3.5553480614894135,219,168
5302,154210010,2024-05-18,32.6,3.5145260669691587,219,165
5303,154210010,2024-06-17,29.6,3.4210000089583352,219,164
5304,154210010,2024-06-30,21.4,3.109060958860994,219,163
5305,154210010,2024-07-10,16.1,2.8390784635086144,219,166
5306,154210010,2024-08-24,8.32,2.2321626286975,219,167
5307,154210010,2024-08-29,8.11,2.209372711271867,219,172
5308,154210010,2024-09-08,9.1,2.312535423847214,219,160
5309,154210010,2024-09-18,15.0,2.772588722239781,219,161
5310,154210010,2024-09-20,14.0,2.70805020110221,219,171
5311,154210010,2024-09-30,11.7,2.5416019934645457,219,170
5312,154210010,2024-10-18,9.81,2.380471631651117,219,162
5313,154160040,2024-05-09,1.28,0.8241754429663495,199,8
5314,154160040,2024-05-14,1.2,0.7884573603642702,199,7
5315,154160040,2024-05-17,1.28,0.8241754429663495,199,10
5316,154160040,2024-07-21,0.92,0.6523251860396903,199,6
5317,154160040,2024-07-23,0.86,0.6205764877251099,199,5
5318,154160040,2024-08-20,0.85,0.6151856390902335,199,9
5319,154160040,2024-09-04,0.94,0.6626879730752367,199,4
5320,151220110,2024-05-13,5.91,1.9329696377795786,210,23
5321,151220110,2024-05-18,5.14,1.814824742159051,210,29
5322,151220110,2024-07-09,1.96,1.085189268335969,210,25
5323,151220110,2024-08-13,1.1,0.7419373447293773,210,24
5324,151220110,2024-08-16,1.1,0.7419373447293773,210,28
5325,151220110,2024-08-26,0.92,0.6523251860396903,210,27
5326,151220110,2024-08-28,0.91,0.6471032420585385,210,26
5327,151220110,2024-09-17,0.73,0.5481214085096876,210,15
5328,151220110,2024-09-20,0.69,0.5247285289349821,210,16
5329,151220110,2024-09-22,0.62,0.4824261492442927,210,17
5330,151220110,2024-10-12,0.58,0.4574248470388754,210,18
5331,151220110,2024-10-17,0.47,0.3852624007906449,210,19
5332,151220110,2024-10-20,0.61,0.4762341789963716,210,20
5333,151220110,2024-11-06,0.74,0.5538851132264376,210,21
5334,151220110,2024-11-26,1.17,0.7747271675523681,210,22
5335,149210160,2024-05-05,1.22,0.7975071958841881,207,223
5336,149210160,2024-05-15,4.56,1.715598108262491,207,217
5337,149210160,2024-06-17,1.38,0.8671004876833832,207,218
5338,149210160,2024-07-07,0.5,0.4054651081081644,207,224
5339,149210160,2024-07-22,0.52,0.41871033485818504,207,226
5340,149210160,2024-07-27,0.53,0.4252677354043441,207,221
5341,149210160,2024-08-13,0.63,0.48858001481867097,207,216
5342,149210160,2024-08-28,0.46,0.3784364357202451,207,222
5343,149210160,2024-09-02,0.46,0.3784364357202451,207,220
5344,149210160,2024-09-07,0.49,0.3987761199573678,207,215
5345,149210160,2024-09-22,0.48,0.3920420877760237,207,209
5346,149210160,2024-10-17,0.48,0.3920420877760237,207,210
5347,149210160,2024-10-20,0.45,0.37156355643248307,207,211
5348,149210160,2024-10-22,0.48,0.3920420877760237,207,225
5349,149210160,2024-10-25,0.48,0.3920420877760237,207,212
5350,149210160,2024-11-06,0.5,0.4054651081081644,207,213
5351,149210160,2024-11-11,0.51,0.412109650826833,207,214
5352,150140020,2024-07-06,3.21,1.43746264769429,194,78
5353,150140020,2024-07-21,2.6,1.2809338454620645,194,76
5354,150140020,2024-07-23,2.72,1.3137236682850553,194,75
5355,150140020,2024-08-07,3.75,1.55814461804655,194,77
5356,150140020,2024-09-01,3.54,1.5129270120532565,194,79
5357,150140020,2024-09-04,2.66,1.297463147413275,194,68
5358,150140020,2024-09-19,2.72,1.3137236682850553,194,69
5359,150140020,2024-09-21,2.56,1.269760544863939,194,70
5360,150140020,2024-10-16,2.15,1.1474024528375417,194,71
5361,150140020,2024-10-24,2.43,1.2325602611778486,194,72
5362,150140020,2024-11-23,6.7,2.0412203288596382,194,73
5363,150140020,2024-11-30,4.68,1.7369512327330598,194,74
5364,151180080,2024-05-04,69.5,4.255612709818223,195,17
5365,151180080,2024-05-14,55.6,4.036008985209137,195,12
5366,151180080,2024-07-10,25.2,3.265759410767051,195,14
5367,151180080,2024-07-30,22.2,3.144152278672264,195,10
5368,151180080,2024-08-12,21.0,3.091042453358316,195,15
5369,151180080,2024-08-14,21.3,3.104586678466073,195,11
5370,151180080,2024-08-24,18.5,2.970414465569701,195,13
5371,151180080,2024-09-18,20.1,3.0492730404820207,195,3
5372,151180080,2024-09-21,18.7,2.9806186357439426,195,4
5373,151180080,2024-10-01,16.2,2.8449093838194073,195,5
5374,151180080,2024-10-16,16.9,2.884800712846709,195,16
5375,151180080,2024-10-18,16.3,2.8507065015037334,195,6
5376,151180080,2024-10-26,17.3,2.9069010598473755,195,7
5377,151180080,2024-11-02,15.2,2.785011242238338,195,8
5378,151180080,2024-11-22,38.2,3.6686767467964168,195,9
5379,150200060,2024-07-30,37.2,3.6428355156125294,200,151
5380,150200060,2024-08-14,72.4,4.29592393562047,200,154
5381,150200060,2024-08-29,36.7,3.629660094453965,200,156
5382,150200060,2024-09-18,64.5,4.182050142641207,200,147
5383,150200060,2024-10-10,60.6,4.120661870539474,200,148
5384,150200060,2024-10-18,38.5,3.676300671907076,200,149
5385,150200060,2024-10-25,36.5,3.624340932976365,200,150
5386,152190110,2024-05-01,4.58,1.7191887763932197,217,25
5387,152190110,2024-05-14,2.3,1.1939224684724346,217,28
5388,152190110,2024-06-30,0.65,0.5007752879124893,217,21
5389,152190110,2024-07-10,0.59,0.46373401623214017,217,23
5390,152190110,2024-08-14,0.25,0.22314355131420976,217,20
5391,152190110,2024-08-24,0.29,0.2546422183735807,217,22
5392,152190110,2024-08-27,0.29,0.2546422183735807,217,26
5393,152190110,2024-08-29,0.29,0.2546422183735807,217,24
5394,152190110,2024-09-03,0.32,0.2776317365982795,217,12
5395,152190110,2024-09-06,0.32,0.2776317365982795,217,29
5396,152190110,2024-09-08,0.32,0.2776317365982795,217,13
5397,152190110,2024-09-16,0.61,0.4762341789963716,217,14
5398,152190110,2024-10-01,0.37,0.31481073984003355,217,15
5399,152190110,2024-10-11,0.36,0.3074846997479606,217,27
5400,152190110,2024-10-18,0.14,0.1310282624064041,217,16
5401,152190110,2024-10-26,0.15,0.13976194237515868,217,17
5402,152190110,2024-11-02,0.11,0.10436001532424277,217,19
5403,152190110,2024-11-05,0.1,0.09531017980432487,217,18
5404,154170030,2024-05-09,2.73,1.3164082336557241,199,131
5405,154170030,2024-05-14,2.86,1.3506671834767394,199,130
5406,154170030,2024-05-17,2.74,1.3190856114264407,199,128
5407,154170030,2024-05-22,2.68,1.3029127521808397,199,127
5408,154170030,2024-07-21,2.59,1.2781522025001875,199,123
5409,154170030,2024-07-31,2.04,1.1118575154181303,199,129
5410,154170030,2024-09-01,2.23,1.172482137234565,199,133
5411,154170030,2024-09-04,2.57,1.2725655957915476,199,132
5412,154170030,2024-09-06,2.29,1.1908875647772805,199,124
5413,154170030,2024-09-19,2.63,1.2892326482767593,199,125
5414,154170030,2024-10-01,2.88,1.355835153635182,199,126
5415,149190220,2024-05-01,3.83,1.5748464676644813,203,60
5416,149190220,2024-06-15,2.08,1.1249295969854831,203,70
5417,149190220,2024-06-17,2.35,1.208960345836975,203,61
5418,149190220,2024-07-10,1.37,0.8628899551470399,203,62
5419,149190220,2024-07-22,2.94,1.3711807233098425,203,71
5420,149190220,2024-07-30,1.05,0.7178397931503169,203,63
5421,149190220,2024-08-14,1.84,1.0438040521731147,203,64
5422,149190220,2024-08-29,2.71,1.3110318766193438,203,72
5423,149190220,2024-09-18,1.3,0.832909122935104,203,65
5424,149190220,2024-09-20,1.08,0.7323678937132266,203,66
5425,149190220,2024-10-10,2.58,1.275362800412609,203,67
5426,149190220,2024-10-18,2.17,1.1537315878891892,203,68
5427,149190220,2024-10-25,1.12,0.7514160886839212,203,69
5428,149180100,2024-05-01,4.81,1.75958057086382,200,87
5429,149180100,2024-08-14,1.87,1.0543120297715298,200,88
5430,149180100,2024-08-24,1.49,0.9122827104766162,200,89
5431,149180100,2024-09-18,0.76,0.5653138090500605,200,86
5432,149180100,2024-10-18,5.23,1.8293763327993617,200,85
5433,150170140,2024-07-15,16.0,2.833213344056216,191,178
5434,150170140,2024-07-30,15.3,2.791165107812717,191,176
5435,150170140,2024-08-12,10.6,2.451005098112319,191,173
5436,150170140,2024-08-14,10.3,2.424802725718295,191,174
5437,150170140,2024-08-24,9.11,2.3135250330323798,191,175
5438,150170140,2024-09-06,7.9,2.186051276738094,191,170
5439,150170140,2024-09-18,10.4,2.4336133554004498,191,177
5440,150170140,2024-09-21,7.96,2.192770226986839,191,172
5441,150170140,2024-11-27,123.0,4.820281565605037,191,171
5442,152150110,2024-05-14,240.0,5.484796933490655,195,129
5443,152150110,2024-05-17,217.0,5.384495062789089,195,130
5444,152150110,2024-07-21,62.0,4.143134726391533,195,128
5445,152150110,2024-07-23,62.8,4.155753190350744,195,127
5446,152150110,2024-08-12,67.8,4.231203744939298,195,126
5447,152150110,2024-08-20,57.1,4.062165663857866,195,131
5448,152150110,2024-09-04,49.8,3.927896354584436,195,121
5449,152150110,2024-09-06,50.3,3.937690752176724,195,122
5450,152150110,2024-09-21,64.0,4.174387269895637,195,123
5451,152150110,2024-10-26,60.1,4.11251186617755,195,124
5452,152150110,2024-11-30,86.6,4.472780997942346,195,125
5453,151160260,2024-05-14,0.37,0.31481073984003355,193,54
5454,151160260,2024-07-06,0.09,0.08617769624105233,193,53
5455,151160260,2024-07-21,0.044,0.04305948946044697,193,50
5456,151160260,2024-07-23,0.045,0.04401688541677432,193,52
5457,151160260,2024-08-12,0.034,0.03343477608623739,193,51
5458,151160260,2024-09-04,0.049,0.04783732941416013,193,46
5459,151160260,2024-09-06,0.046,0.044973365642731154,193,47
5460,151160260,2024-09-21,0.048,0.04688358589885042,193,48
5461,151160260,2024-10-24,0.08,0.07696104113612832,193,49
5462,150190250,2024-07-10,1.07,0.7275486072772778,202,94
5463,150190250,2024-08-14,1.16,0.7701082216960736,202,95
5464,150190250,2024-09-05,0.99,0.688134638736401,202,88
5465,150190250,2024-09-18,1.06,0.7227059828014898,202,89
5466,150190250,2024-09-20,0.98,0.6830968447064438,202,90
5467,150190250,2024-10-10,1.14,0.76080582903376,202,91
5468,150190250,2024-10-18,0.95,0.6678293725756554,202,92
5469,150190250,2024-10-25,1.09,0.7371640659767197,202,93
5470,152180050,2024-05-04,105.0,4.663439094112067,195,58
5471,152180050,2024-05-14,74.8,4.328098292648326,195,56
5472,152180050,2024-07-10,29.4,3.414442608412176,195,57
5473,152180050,2024-07-30,31.8,3.4904285153900982,195,53
5474,152180050,2024-08-12,32.7,3.517497837358316,195,59
5475,152180050,2024-08-14,29.7,3.4242626545931514,195,54
5476,152180050,2024-08-24,24.8,3.250374491927572,195,55
5477,152180050,2024-09-18,31.7,3.4873750779032076,195,46
5478,152180050,2024-09-21,30.2,3.4404180948154366,195,47
5479,152180050,2024-10-01,24.6,3.242592351485517,195,48
5480,152180050,2024-10-18,21.9,3.131136910560194,195,49
5481,152180050,2024-10-26,25.3,3.269568939183719,195,50
5482,152180050,2024-11-02,25.7,3.2846635654062037,195,51
5483,152180050,2024-11-22,51.6,3.9627161197436642,195,52
5484,150200090,2024-05-01,2.24,1.1755733298042381,205,137
5485,150200090,2024-05-13,2.41,1.2267122912954256,205,134
5486,150200090,2024-05-16,2.19,1.1600209167967532,205,140
5487,150200090,2024-05-26,2.38,1.2178757094949273,205,136
5488,150200090,2024-06-17,1.18,0.7793248768009976,205,138
5489,150200090,2024-07-10,0.9,0.6418538861723948,205,139
5490,150200090,2024-08-14,1.12,0.7514160886839212,205,135
5491,150200090,2024-09-18,1.08,0.7323678937132266,205,128
5492,150200090,2024-09-20,0.77,0.5709795465857378,205,129
5493,150200090,2024-10-08,0.71,0.5364933705145685,205,130
5494,150200090,2024-10-10,1.43,0.8878912573524571,205,131
5495,150200090,2024-10-18,0.72,0.5423242908253616,205,132
5496,150200090,2024-10-25,0.61,0.4762341789963716,205,133
5497,151200110,2024-05-01,6.88,2.064327903869788,210,100
5498,151200110,2024-05-13,6.13,1.9643112344262046,210,96
5499,151200110,2024-05-26,4.19,1.6467336971777973,210,95
5500,151200110,2024-06-17,3.01,1.3887912413184778,210,97
5501,151200110,2024-08-14,0.91,0.6471032420585385,210,98
5502,151200110,2024-08-29,1.02,0.7030975114131134,210,99
5503,151200110,2024-09-18,1.06,0.7227059828014898,210,91
5504,151200110,2024-09-20,1.06,0.7227059828014898,210,92
5505,151200110,2024-10-10,1.05,0.7178397931503169,210,93
5506,151200110,2024-10-18,0.35,0.30010459245033805,210,94
5507,151200110,2024-11-02,0.37,0.31481073984003355,210,101
5508,152140050,2024-05-17,380.0,5.942799375126701,190,89
5509,152140050,2024-06-26,216.0,5.37989735354046,190,88
5510,152140050,2024-07-21,136.0,4.919980925828125,190,87
5511,152140050,2024-08-20,134.0,4.90527477843843,190,86
5512,152140050,2024-09-04,140.0,4.948759890378168,190,84
5513,152140050,2024-09-19,162.0,5.093750200806762,190,90
5514,152140050,2024-10-24,160.0,5.081404364984463,190,85
5515,154170010,2024-05-09,21.6,3.1179499062782403,199,102
5516,154170010,2024-05-14,21.8,3.126760535960395,199,103
5517,154170010,2024-05-17,19.8,3.0349529867072724,199,104
5518,154170010,2024-05-22,19.9,3.039749158970765,199,105
5519,154170010,2024-07-21,13.3,2.6602595372658615,199,106
5520,154170010,2024-07-31,11.5,2.5257286443082556,199,107
5521,154170010,2024-09-01,11.0,2.4849066497880004,199,108
5522,154170010,2024-09-04,13.6,2.681021528714291,199,109
5523,154170010,2024-09-06,14.4,2.7343675094195836,199,110
5524,154170010,2024-09-19,15.4,2.797281334830153,199,111
5525,154170010,2024-10-01,17.5,2.917770732084279,199,112
5526,154200030,2024-05-01,25.2,3.265759410767051,219,159
5527,154200030,2024-05-16,19.2,3.005682604407159,219,158
5528,154200030,2024-05-26,21.7,3.122364924487357,219,156
5529,154200030,2024-06-30,13.8,2.6946271807700692,219,155
5530,154200030,2024-07-10,10.3,2.424802725718295,219,157
5531,154200030,2024-08-29,5.11,1.809926773183504,219,151
5532,154200030,2024-09-03,6.27,1.9837562915454279,219,152
5533,154200030,2024-09-08,5.93,1.9358598132018119,219,153
5534,154200030,2024-10-18,6.17,1.969905654611529,219,154
5535,150190260,2024-05-01,69.2,4.251348311031766,200,132
5536,150190260,2024-07-10,33.7,3.5467396869528134,200,133
5537,150190260,2024-08-14,35.6,3.6000482404073204,200,131
5538,150190260,2024-09-05,31.9,3.493472657771326,200,125
5539,150190260,2024-09-18,36.5,3.624340932976365,200,126
5540,150190260,2024-09-20,32.6,3.5145260669691587,200,130
5541,150190260,2024-10-10,30.1,3.4372078191851885,200,127
5542,150190260,2024-10-18,33.0,3.5263605246161616,200,128
5543,150190260,2024-10-25,29.7,3.4242626545931514,200,129
5544,152150170,2024-05-14,10.9,2.4765384001174837,193,73
5545,152150170,2024-07-06,4.58,1.7191887763932197,193,64
5546,152150170,2024-07-21,2.36,1.2119409739751128,193,71
5547,152150170,2024-07-23,2.32,1.199964782928397,193,72
5548,152150170,2024-08-12,1.5,0.9162907318741551,193,65
5549,152150170,2024-09-04,2.0,1.0986122886681096,193,66
5550,152150170,2024-09-06,1.82,1.0367368849500223,193,67
5551,152150170,2024-09-21,2.85,1.3480731482996928,193,68
5552,152150170,2024-10-16,1.55,0.9360933591703348,193,69
5553,152150170,2024-10-24,2.39,1.220829921392359,193,70
5554,154170060,2024-05-09,10.3,2.424802725718295,199,194
5555,154170060,2024-05-14,10.8,2.468099531471619,199,185
5556,154170060,2024-05-17,10.6,2.451005098112319,199,186
5557,154170060,2024-05-22,9.93,2.391511302188447,199,187
5558,154170060,2024-07-21,7.74,2.167910189667444,199,188
5559,154170060,2024-07-31,7.38,2.1258479144939915,199,189
5560,154170060,2024-09-04,8.29,2.2289385528257473,199,190
5561,154170060,2024-09-06,7.32,2.1186622548331173,199,191
5562,154170060,2024-09-19,8.24,2.2235418856535927,199,192
5563,154170060,2024-10-01,7.41,2.1294214739848565,199,193
5564,153170140,2024-05-01,53.7,4.001863709427935,218,12
5565,153170140,2024-05-14,38.5,3.676300671907076,218,9
5566,153170140,2024-05-21,38.0,3.6635616461296463,218,11
5567,153170140,2024-07-10,25.8,3.288401887516811,218,13
5568,153170140,2024-07-20,19.4,3.0155349008501706,218,6
5569,153170140,2024-07-30,20.1,3.0492730404820207,218,7
5570,153170140,2024-08-14,17.0,2.8903717578961645,218,8
5571,153170140,2024-08-24,18.2,2.9549102790337356,218,10
5572,153170140,2024-09-01,16.7,2.8735646395797834,217,249
5573,153170140,2024-09-03,23.0,3.1780538303479458,218,0
5574,153170140,2024-09-08,17.5,2.917770732084279,218,1
5575,153170140,2024-09-18,19.9,3.039749158970765,218,2
5576,153170140,2024-09-21,20.3,3.0587070727153796,218,3
5577,153170140,2024-10-18,18.4,2.9652730660692823,218,4
5578,153170140,2024-11-02,16.7,2.8735646395797834,218,5
5579,151220100,2024-05-13,9.18,2.3204250111223765,210,8
5580,151220100,2024-07-09,7.01,2.080690761080268,210,11
5581,151220100,2024-08-16,7.33,2.1198634561787513,210,12
5582,151220100,2024-08-26,5.9,1.9315214116032138,210,10
5583,151220100,2024-08-28,5.74,1.9080599249242156,210,9
5584,151220100,2024-09-07,4.94,1.7817091333745536,210,1
5585,151220100,2024-09-20,5.29,1.8389610707123492,210,2
5586,151220100,2024-09-22,4.99,1.790091412127358,210,3
5587,151220100,2024-10-12,4.76,1.7509374747077997,210,14
5588,151220100,2024-10-17,4.42,1.6900958154515549,210,4
5589,151220100,2024-10-20,7.89,2.1849270495258133,210,5
5590,151220100,2024-11-06,4.14,1.6370530794670737,210,6
5591,151220100,2024-11-26,4.2,1.6486586255873816,210,7
5592,153230080,2024-05-08,1.15,0.7654678421395714,212,200
5593,153230080,2024-05-13,1.07,0.7275486072772778,212,199
5594,153230080,2024-05-15,1.07,0.7275486072772778,212,198
5595,153230080,2024-06-27,1.02,0.7030975114131134,212,201
5596,153230080,2024-06-29,0.92,0.6523251860396903,212,197
5597,153230080,2024-08-28,0.37,0.31481073984003355,212,190
5598,153230080,2024-09-05,0.37,0.31481073984003355,212,191
5599,153230080,2024-09-07,0.35,0.30010459245033805,212,192
5600,153230080,2024-09-17,0.43,0.3576744442718159,212,193
5601,153230080,2024-09-20,0.38,0.32208349916911333,212,194
5602,153230080,2024-10-17,0.29,0.2546422183735807,212,195
5603,153230080,2024-10-20,0.29,0.2546422183735807,212,196
5604,153230140,2024-05-08,3.55,1.515127232962859,212,188
5605,153230140,2024-05-13,2.66,1.297463147413275,212,187
5606,153230140,2024-05-15,2.62,1.2864740258376797,212,186
5607,153230140,2024-06-29,2.36,1.2119409739751128,212,185
5608,153230140,2024-08-28,1.42,0.8837675401685949,212,178
5609,153230140,2024-09-05,1.38,0.8671004876833832,212,189
5610,153230140,2024-09-07,1.32,0.8415671856782186,212,179
5611,153230140,2024-09-17,1.29,0.8285518175661483,212,180
5612,153230140,2024-09-20,1.18,0.7793248768009976,212,181
5613,153230140,2024-10-12,0.83,0.6043159668533296,212,182
5614,153230140,2024-10-17,0.83,0.6043159668533296,212,183
5615,153230140,2024-10-20,0.86,0.6205764877251099,212,184
5616,154170120,2024-05-09,4.45,1.6956156086751528,199,89
5617,154170120,2024-05-14,4.25,1.6582280766035324,199,88
5618,154170120,2024-05-17,4.01,1.6114359150967734,199,90
5619,154170120,2024-05-22,3.81,1.5706970841176697,199,87
5620,154170120,2024-07-21,2.26,1.1817271953786161,199,91
5621,154170120,2024-07-31,2.16,1.1505720275988207,199,86
5622,154170120,2024-09-04,2.49,1.2499017362143359,199,82
5623,154170120,2024-09-06,2.39,1.220829921392359,199,83
5624,154170120,2024-09-19,2.79,1.332366019094335,199,84
5625,154170120,2024-10-01,2.59,1.2781522025001875,199,85
5626,151200020,2024-05-01,54.7,4.019980146933238,210,210
5627,151200020,2024-05-13,41.7,3.754198920234579,210,208
5628,151200020,2024-06-17,26.2,3.3032169733019514,210,206
5629,151200020,2024-07-10,15.6,2.8094026953624973,210,205
5630,151200020,2024-08-14,13.3,2.6602595372658615,210,207
5631,151200020,2024-08-29,11.8,2.5494451709255714,210,209
5632,151200020,2024-09-18,13.4,2.667228206581955,210,200
5633,151200020,2024-09-20,13.1,2.6461747973841225,210,201
5634,151200020,2024-10-10,13.9,2.7013612129514133,210,202
5635,151200020,2024-10-18,13.3,2.6602595372658615,210,203
5636,151200020,2024-11-02,13.4,2.667228206581955,210,204
5637,153210050,2024-05-01,4.18,1.6448050562713916,214,10
5638,153210050,2024-05-08,4.26,1.6601310267496183,214,9
5639,153210050,2024-05-16,4.35,1.6770965609079151,214,8
5640,153210050,2024-05-18,4.26,1.6601310267496183,214,5
5641,153210050,2024-05-26,4.26,1.6601310267496183,214,4
5642,153210050,2024-06-17,3.58,1.5216989981260935,214,6
5643,153210050,2024-06-27,3.51,1.5062971535145868,214,3
5644,153210050,2024-06-30,3.44,1.4906543764441333,214,7
5645,153210050,2024-09-20,1.16,0.7701082216960736,214,1
5646,153210050,2024-10-18,1.08,0.7323678937132266,214,2
5647,149200140,2024-05-01,26.2,3.3032169733019514,204,60
5648,149200140,2024-06-15,30.1,3.4372078191851885,204,59
5649,149200140,2024-06-17,32.8,3.520460802488973,204,55
5650,149200140,2024-07-27,23.3,3.190476350346503,204,57
5651,149200140,2024-08-04,23.6,3.202746442938317,204,58
5652,149200140,2024-08-14,33.9,3.5524868292083815,204,56
5653,149200140,2024-08-29,24.8,3.250374491927572,204,61
5654,149200140,2024-10-18,16.5,2.8622008809294686,204,52
5655,149200140,2024-10-20,16.5,2.8622008809294686,204,53
5656,149200140,2024-10-25,18.9,2.990719731730447,204,54
5657,149200140,2024-11-17,18.3,2.9601050959108397,204,62
5658,150180100,2024-05-04,9.73,2.373043556642607,191,71
5659,150180100,2024-07-10,3.1,1.410986973710262,191,82
5660,150180100,2024-07-30,2.74,1.3190856114264407,191,81
5661,150180100,2024-08-12,3.59,1.5238800240724537,191,78
5662,150180100,2024-08-14,3.27,1.4516138272405332,191,77
5663,150180100,2024-08-24,2.77,1.3270750014599193,191,79
5664,150180100,2024-09-06,2.36,1.2119409739751128,191,72
5665,150180100,2024-09-18,3.08,1.4060969884160703,191,73
5666,150180100,2024-09-21,2.6,1.2809338454620645,191,74
5667,150180100,2024-10-01,2.12,1.1378330018213911,191,80
5668,150180100,2024-10-16,1.67,0.9820784724121581,191,75
5669,150180100,2024-10-18,1.77,1.0188473201992472,191,76
5670,153220250,2024-05-08,44.9,3.8264651170664994,213,10
5671,153220250,2024-05-13,36.3,3.6189933266497696,213,8
5672,153220250,2024-06-27,23.7,3.2068032436339315,213,9
5673,153220250,2024-07-22,5.96,1.9401794743463283,213,4
5674,153220250,2024-09-05,3.53,1.5107219394949427,213,5
5675,153220250,2024-09-20,2.99,1.3837912309017721,213,6
5676,153220250,2024-10-20,2.29,1.1908875647772805,213,7
5677,153160030,2024-05-14,0.96,0.6729444732424258,198,36
5678,153160030,2024-05-17,0.96,0.6729444732424258,198,37
5679,153160030,2024-07-21,0.24,0.2151113796169455,198,34
5680,153160030,2024-08-20,0.14,0.1310282624064041,198,35
5681,153160030,2024-09-19,0.09,0.08617769624105233,198,31
5682,153160030,2024-09-21,0.09,0.08617769624105233,198,32
5683,153160030,2024-11-30,0.11,0.10436001532424277,198,33
5684,153150010,2024-05-17,14.0,2.70805020110221,198,138
5685,153150010,2024-07-21,4.15,1.6389967146756448,198,139
5686,153150010,2024-08-20,3.29,1.4562867329399256,198,140
5687,153150010,2024-09-19,5.38,1.8531680973566984,198,137
5688,154160070,2024-05-09,17.7,2.928523523860541,199,33
5689,154160070,2024-05-14,17.2,2.9014215940827497,199,34
5690,154160070,2024-05-17,17.3,2.9069010598473755,199,35
5691,154160070,2024-05-22,16.6,2.8678989020441064,199,36
5692,154160070,2024-07-21,11.7,2.5416019934645457,199,37
5693,154160070,2024-07-31,11.6,2.533696813957432,199,38
5694,154160070,2024-08-20,10.7,2.4595888418037104,199,44
5695,154160070,2024-09-01,10.9,2.4765384001174837,199,39
5696,154160070,2024-09-04,12.3,2.5877640352277083,199,40
5697,154160070,2024-09-06,11.3,2.509599262378372,199,41
5698,154160070,2024-09-19,11.4,2.517696472610991,199,42
5699,154160070,2024-10-01,10.2,2.4159137783010487,199,43
5700,149200220,2024-06-17,29.2,3.407841924380824,204,249
5701,149200220,2024-07-27,19.6,3.0252910757955354,205,0
5702,149200220,2024-10-20,11.7,2.5416019934645457,204,247
5703,149200220,2024-10-25,9.14,2.316487998163037,204,248
5704,150210060,2024-05-13,4.62,1.7263316639055997,205,176
5705,150210060,2024-09-20,1.6,0.9555114450274365,205,172
5706,150210060,2024-10-10,1.62,0.9631743177730056,205,173
5707,150210060,2024-10-20,1.55,0.9360933591703348,205,174
5708,150210060,2024-10-25,1.6,0.9555114450274365,205,175
5709,154179991,2024-05-09,0.18,0.16551443847757338,218,197
5710,154179991,2024-05-14,0.19,0.173953307123438,218,196
5711,154179991,2024-09-01,0.17,0.15700374880966475,218,198
5712,154179991,2024-09-06,0.18,0.16551443847757338,218,194
5713,154179991,2024-10-01,0.15,0.13976194237515868,218,195
5714,153160080,2024-05-14,0.67,0.5128236264286637,198,201
5715,153160080,2024-05-17,0.64,0.49469624183610705,198,202
5716,153160080,2024-07-21,0.31,0.27002713721306015,198,203
5717,153160080,2024-08-20,0.28,0.2468600779315258,198,207
5718,153160080,2024-09-19,0.38,0.32208349916911333,198,204
5719,153160080,2024-09-21,0.31,0.27002713721306015,198,205
5720,153160080,2024-10-26,0.19,0.173953307123438,198,208
5721,153160080,2024-11-30,0.21,0.1906203596086497,198,206
5722,152200080,2024-05-01,4.18,1.6448050562713916,216,121
5723,152200080,2024-05-13,2.47,1.244154593958768,216,119
5724,152200080,2024-05-18,1.91,1.068153081183401,216,120
5725,152200080,2024-06-17,1.57,0.9439058989071285,216,116
5726,152200080,2024-06-30,0.61,0.4762341789963716,216,114
5727,152200080,2024-07-10,0.27,0.23901690047049992,216,117
5728,152200080,2024-08-14,0.23,0.20701416938432615,216,115
5729,152200080,2024-08-29,0.27,0.23901690047049992,216,118
5730,152200080,2024-09-03,0.27,0.23901690047049992,216,108
5731,152200080,2024-09-08,0.2,0.18232155679395462,216,109
5732,152200080,2024-09-20,0.6,0.4700036292457356,216,110
5733,152200080,2024-09-30,0.23,0.20701416938432615,216,111
5734,152200080,2024-10-18,0.33,0.2851789422336624,216,112
5735,152200080,2024-11-02,0.22,0.1988508587451652,216,113
5736,149200130,2024-06-15,1.73,1.0043016091968684,203,225
5737,149200130,2024-06-17,2.03,1.1085626195212777,203,224
5738,149200130,2024-07-22,1.07,0.7275486072772778,203,227
5739,149200130,2024-08-14,2.36,1.2119409739751128,203,226
5740,149200130,2024-08-29,0.88,0.6312717768418579,203,228
5741,149200130,2024-09-18,0.89,0.636576829071551,203,220
5742,149200130,2024-10-10,4.35,1.6770965609079151,203,221
5743,149200130,2024-10-18,0.92,0.6523251860396903,203,222
5744,149200130,2024-10-25,0.74,0.5538851132264376,203,223
5745,153220130,2024-05-08,81.8,4.416428061391214,211,202
5746,153220130,2024-05-13,69.2,4.251348311031766,211,201
5747,153220130,2024-05-18,59.0,4.0943445622221,211,200
5748,153220130,2024-06-17,39.2,3.6938669956249752,211,206
5749,153220130,2024-07-22,16.6,2.8678989020441064,211,198
5750,153220130,2024-08-01,10.7,2.4595888418037104,211,205
5751,153220130,2024-08-16,10.1,2.4069451083182885,211,199
5752,153220130,2024-09-05,8.88,2.2905125117597764,211,194
5753,153220130,2024-09-20,9.01,2.303584593327129,211,195
5754,153220130,2024-09-25,6.77,2.050270164379556,211,196
5755,153220130,2024-09-30,7.73,2.166765369851511,211,203
5756,153220130,2024-10-20,6.58,2.0255131996542803,211,204
5757,153220130,2024-11-04,7.18,2.1016921506146558,211,197
5758,149190310,2024-05-28,5.53,1.8764069432883397,203,161
5759,149190310,2024-06-15,5.25,1.8325814637483102,203,166
5760,149190310,2024-06-17,5.67,1.8976198599275325,203,164
5761,149190310,2024-07-30,2.84,1.3454723665996355,203,163
5762,149190310,2024-08-14,6.24,1.979621206397625,203,162
5763,149190310,2024-08-29,5.41,1.8578592709325787,203,165
5764,149190310,2024-09-18,3.08,1.4060969884160703,203,157
5765,149190310,2024-10-10,7.39,2.127040520479115,203,158
5766,149190310,2024-10-18,3.38,1.4770487243883548,203,159
5767,149190310,2024-10-25,2.54,1.264126727145683,203,160
5768,152210050,2024-05-01,1.51,0.9202827531436926,216,23
5769,152210050,2024-05-13,0.72,0.5423242908253616,216,21
5770,152210050,2024-05-18,0.78,0.5766133643039938,216,17
5771,152210050,2024-05-26,1.4,0.8754687373538999,216,20
5772,152210050,2024-06-17,0.4,0.33647223662121295,216,19
5773,152210050,2024-06-27,0.45,0.37156355643248307,216,18
5774,152210050,2024-06-30,0.3,0.26236426446749106,216,25
5775,152210050,2024-08-29,0.26,0.23111172096338664,216,22
5776,152210050,2024-09-08,0.11,0.10436001532424277,216,11
5777,152210050,2024-09-18,0.2,0.18232155679395462,216,12
5778,152210050,2024-09-20,0.31,0.27002713721306015,216,13
5779,152210050,2024-09-30,0.29,0.2546422183735807,216,24
5780,152210050,2024-11-02,0.15,0.13976194237515868,216,15
5781,152210050,2024-11-04,0.14,0.1310282624064041,216,16
5782,150240010,2024-07-09,28.4,3.380994674344636,214,181
5783,150240010,2024-08-13,17.4,2.91235066461494,214,182
5784,150240010,2024-08-28,14.3,2.72785282839839,214,183
5785,150240010,2024-09-07,13.2,2.653241964607215,214,175
5786,150240010,2024-09-22,12.7,2.617395832834079,214,176
5787,150240010,2024-10-12,12.2,2.580216829592325,214,177
5788,150240010,2024-10-17,15.2,2.785011242238338,214,178
5789,150240010,2024-11-06,7.07,2.0881534822818573,214,179
5790,150240010,2024-11-26,9.26,2.3282528397426234,214,180
5791,149220180,2024-05-13,7.71,2.1644717908644115,206,237
5792,149220180,2024-05-15,4.75,1.749199854809259,206,239
5793,149220180,2024-07-07,1.48,0.9082585601768908,206,245
5794,149220180,2024-07-27,0.53,0.4252677354043441,206,240
5795,149220180,2024-08-13,5.37,1.851599469584072,206,242
5796,149220180,2024-08-21,0.9,0.6418538861723948,206,241
5797,149220180,2024-08-28,2.94,1.3711807233098425,206,238
5798,149220180,2024-09-07,1.77,1.0188473201992472,206,243
5799,149220180,2024-10-17,0.46,0.3784364357202451,206,231
5800,149220180,2024-10-20,0.36,0.3074846997479606,206,232
5801,149220180,2024-10-22,0.39,0.3293037471426004,206,233
5802,149220180,2024-10-25,0.25,0.22314355131420976,206,234
5803,149220180,2024-11-06,0.19,0.173953307123438,206,235
5804,149220180,2024-11-26,0.22,0.1988508587451652,206,236
5805,149190200,2024-05-01,0.31,0.27002713721306015,203,79
5806,149190210,2024-05-01,6.24,1.979621206397625,203,31
5807,149190200,2024-07-10,0.57,0.4510756193602167,203,80
5808,149190210,2024-07-10,2.59,1.2781522025001875,203,32
5809,149190200,2024-08-14,0.94,0.6626879730752367,203,78
5810,149190210,2024-08-14,4.67,1.7351891177396608,203,30
5811,149190200,2024-09-05,0.29,0.2546422183735807,203,81
5812,149190210,2024-09-05,3.11,1.4134230285081433,203,29
5813,149190200,2024-09-18,0.29,0.2546422183735807,203,73
5814,149190210,2024-09-18,4.45,1.6956156086751528,203,24
5815,149190200,2024-09-20,0.26,0.23111172096338664,203,74
5816,149190210,2024-09-20,3.04,1.3962446919730587,203,25
5817,149190200,2024-10-10,0.42,0.35065687161316933,203,75
5818,149190210,2024-10-10,6.96,2.0744289998562917,203,26
5819,149190200,2024-10-18,2.55,1.2669476034873244,203,76
5820,149190210,2024-10-18,3.95,1.599387576580599,203,27
5821,149190200,2024-10-25,0.23,0.20701416938432615,203,77
5822,149190210,2024-10-25,1.94,1.0784095813505903,203,28
5823,151190100,2024-05-01,39.1,3.6913763343125234,210,196
5824,151190100,2024-05-13,30.8,3.459466289786131,210,194
5825,151190100,2024-05-26,27.9,3.3638415951183864,210,198
5826,151190100,2024-07-10,12.5,2.6026896854443837,210,195
5827,151190100,2024-08-14,14.0,2.70805020110221,210,193
5828,151190100,2024-08-29,10.6,2.451005098112319,210,197
5829,151190100,2024-09-18,11.9,2.5572273113676265,210,188
5830,151190100,2024-09-20,11.1,2.4932054526026954,210,189
5831,151190100,2024-10-08,9.96,2.3942522815198695,210,199
5832,151190100,2024-10-10,10.8,2.468099531471619,210,190
5833,151190100,2024-10-18,8.69,2.2710944259026746,210,191
5834,151190100,2024-10-25,8.29,2.2289385528257473,210,192
5835,153230110,2024-05-08,11.4,2.517696472610991,212,152
5836,153230110,2024-05-13,9.01,2.303584593327129,212,150
5837,153230110,2024-05-15,8.76,2.278292400425001,212,151
5838,153230110,2024-05-18,8.84,2.286455711064162,212,153
5839,153230110,2024-06-27,8.57,2.258633205464863,212,155
5840,153230110,2024-06-29,7.33,2.1198634561787513,212,149
5841,153230110,2024-07-09,5.45,1.864080130807681,212,148
5842,153230110,2024-07-22,5.07,1.803358605071407,212,154
5843,153230110,2024-08-28,3.89,1.5871923034867808,212,139
5844,153230110,2024-09-05,3.72,1.551808799597464,212,140
5845,153230110,2024-09-07,3.57,1.5195132049061133,212,141
5846,153230110,2024-09-17,3.47,1.4973884086254774,212,142
5847,153230110,2024-09-20,3.16,1.425515074273172,212,143
5848,153230110,2024-10-12,2.44,1.235471471385307,212,144
5849,153230110,2024-10-17,2.27,1.184789984909162,212,145
5850,153230110,2024-10-20,2.34,1.205970806988609,212,146
5851,153230110,2024-11-06,2.36,1.2119409739751128,212,147
5852,152220080,2024-05-08,29.7,3.4242626545931514,211,171
5853,152220080,2024-05-15,26.4,3.3105430133940246,211,170
5854,152220080,2024-05-18,25.7,3.2846635654062037,211,168
5855,152220080,2024-06-29,19.0,2.995732273553991,211,164
5856,152220080,2024-07-09,13.6,2.681021528714291,211,165
5857,152220080,2024-07-19,7.89,2.1849270495258133,211,163
5858,152220080,2024-08-01,5.49,1.8702625307159986,211,166
5859,152220080,2024-08-28,4.67,1.7351891177396608,211,167
5860,152220080,2024-09-05,4.25,1.6582280766035324,211,173
5861,152220080,2024-09-17,4.35,1.6770965609079151,211,155
5862,152220080,2024-09-20,4.21,1.6505798557652755,211,156
5863,152220080,2024-09-22,3.89,1.5871923034867808,211,157
5864,152220080,2024-09-25,3.6,1.5260563034950494,211,172
5865,152220080,2024-10-12,3.56,1.5173226235262947,211,158
5866,152220080,2024-10-17,3.36,1.4724720573609429,211,159
5867,152220080,2024-10-20,3.5,1.5040773967762742,211,160
5868,152220080,2024-10-27,3.26,1.449269160281279,211,161
5869,152220080,2024-11-04,3.12,1.415853163361435,211,169
5870,152220080,2024-11-06,3.06,1.4011829736136412,211,162
5871,150230060,2024-05-13,1.55,0.9360933591703348,209,202
5872,150230060,2024-07-09,1.02,0.7030975114131134,209,196
5873,150230060,2024-08-13,0.8,0.5877866649021191,209,197
5874,150230060,2024-08-16,0.8,0.5877866649021191,209,198
5875,150230060,2024-08-26,0.8,0.5877866649021191,209,199
5876,150230060,2024-08-28,0.75,0.5596157879354227,209,200
5877,150230060,2024-09-07,0.74,0.5538851132264376,209,189
5878,150230060,2024-09-17,0.78,0.5766133643039938,209,190
5879,150230060,2024-09-20,0.74,0.5538851132264376,209,191
5880,150230060,2024-09-22,0.73,0.5481214085096876,209,192
5881,150230060,2024-10-12,0.69,0.5247285289349821,209,203
5882,150230060,2024-10-17,0.75,0.5596157879354227,209,204
5883,150230060,2024-10-20,0.84,0.6097655716208943,209,193
5884,150230060,2024-11-06,0.65,0.5007752879124893,209,194
5885,150230060,2024-11-26,0.64,0.49469624183610705,209,195
5886,153170060,2024-05-14,12.8,2.624668592163159,217,244
5887,153170070,2024-05-14,6.34,1.9933388426264242,218,27
5888,153170060,2024-05-17,12.7,2.617395832834079,217,243
5889,153170070,2024-05-17,6.16,1.9685099809725544,218,28
5890,153170060,2024-07-21,8.22,2.2213750375685026,217,242
5891,153170070,2024-07-21,3.46,1.4951487660319727,218,25
5892,153170060,2024-07-31,7.46,2.135349173618132,217,241
5893,153170070,2024-07-31,3.22,1.4398351280479205,218,24
5894,153170060,2024-08-20,5.49,1.8702625307159986,217,245
5895,153170070,2024-08-20,3.21,1.43746264769429,218,26
5896,153170060,2024-09-01,6.26,1.9823798288367047,217,238
5897,153170070,2024-09-01,3.38,1.4770487243883548,218,21
5898,153170060,2024-09-19,8.18,2.217027204632399,217,239
5899,153170070,2024-09-19,4.02,1.6134299337036377,218,22
5900,153170060,2024-09-21,8.12,2.21046980408624,217,240
5901,153170070,2024-09-21,3.95,1.599387576580599,218,23
5902,150190070,2024-05-01,4.93,1.780024213009634,202,78
5903,150190070,2024-07-10,2.99,1.3837912309017721,202,81
5904,150190070,2024-08-14,3.26,1.449269160281279,202,77
5905,150190070,2024-08-16,3.72,1.551808799597464,202,79
5906,150190070,2024-08-24,3.75,1.55814461804655,202,80
5907,150190070,2024-09-05,5.38,1.8531680973566984,202,72
5908,150190070,2024-09-18,3.24,1.4445632692438664,202,73
5909,150190070,2024-10-10,2.93,1.3686394258811698,202,74
5910,150190070,2024-10-18,2.9,1.3609765531356006,202,75
5911,150190070,2024-10-25,2.79,1.332366019094335,202,76
5912,149200020,2024-05-01,4.89,1.7732559976634952,204,155
5913,149200020,2024-06-15,7.48,2.1377104498038118,204,156
5914,149200020,2024-06-17,7.14,2.096790180014449,204,154
5915,149200020,2024-07-27,3.65,1.536867219599265,204,157
5916,149200020,2024-07-30,3.97,1.6034198401085373,204,158
5917,149200020,2024-08-04,13.7,2.6878474937846906,204,159
5918,149200020,2024-08-14,7.06,2.086913556518537,204,160
5919,149200020,2024-08-24,5.73,1.9065751436566365,204,161
5920,149200020,2024-08-29,6.18,1.9712993830601329,204,162
5921,149200020,2024-10-18,4.17,1.6428726885203377,204,150
5922,149200020,2024-10-20,5.24,1.8309801823813363,204,153
5923,149200020,2024-10-25,8.76,2.278292400425001,204,163
5924,149200020,2024-11-09,2.78,1.3297240096314962,204,151
5925,149200020,2024-11-17,11.9,2.5572273113676265,204,152
5926,150160110,2024-05-09,2.15,1.1474024528375417,191,221
5927,150160110,2024-08-12,1.22,0.7975071958841881,191,222
5928,150160110,2024-09-21,1.25,0.8109302162163288,191,219
5929,150160110,2024-11-05,1.04,0.712949807856125,191,220
5930,152160080,2024-05-14,2.5,1.252762968495368,196,237
5931,152160080,2024-05-17,2.26,1.1817271953786161,196,244
5932,152160080,2024-06-01,1.95,1.0818051703517284,196,249
5933,152160080,2024-07-21,0.34,0.29266961396282,196,248
5934,152160080,2024-07-23,0.38,0.32208349916911333,196,238
5935,152160080,2024-08-12,0.36,0.3074846997479606,196,245
5936,152160080,2024-08-27,0.12,0.11332868530700317,196,246
5937,152160080,2024-09-04,0.1,0.09531017980432487,196,239
5938,152160080,2024-09-06,0.08,0.07696104113612832,196,240
5939,152160080,2024-09-21,0.08,0.07696104113612832,196,241
5940,152160080,2024-10-16,0.043,0.04210117601863539,196,247
5941,152160080,2024-10-26,0.045,0.04401688541677432,196,242
5942,152160080,2024-11-30,0.09,0.08617769624105233,196,243
5943,149220020,2024-05-05,2.63,1.2892326482767593,207,86
5944,149220020,2024-05-15,3.26,1.449269160281279,207,80
5945,149220020,2024-06-17,2.66,1.297463147413275,207,79
5946,149220020,2024-07-07,2.33,1.2029723039923526,207,87
5947,149220020,2024-07-27,0.51,0.412109650826833,207,84
5948,149220020,2024-08-13,2.73,1.3164082336557241,207,81
5949,149220020,2024-08-28,3.54,1.5129270120532565,207,88
5950,149220020,2024-09-02,9.73,2.373043556642607,207,83
5951,149220020,2024-09-07,0.94,0.6626879730752367,207,82
5952,149220020,2024-10-17,0.48,0.3920420877760237,207,73
5953,149220020,2024-10-20,0.3,0.26236426446749106,207,74
5954,149220020,2024-10-22,3.38,1.4770487243883548,207,75
5955,149220020,2024-10-25,0.33,0.2851789422336624,207,76
5956,149220020,2024-11-06,0.25,0.22314355131420976,207,77
5957,149220020,2024-11-11,0.65,0.5007752879124893,207,78
5958,149200180,2024-06-17,0.74,0.5538851132264376,204,227
5959,149200180,2024-07-27,0.71,0.5364933705145685,204,224
5960,149200180,2024-10-20,0.15,0.13976194237515868,204,225
5961,149200180,2024-10-25,0.15,0.13976194237515868,204,226
5962,153220290,2024-05-08,3.45,1.4929040961781488,213,65
5963,153220290,2024-05-13,2.27,1.184789984909162,213,66
5964,153220290,2024-06-27,2.57,1.2725655957915476,213,64
5965,153220290,2024-07-22,0.72,0.5423242908253616,213,63
5966,153220290,2024-09-05,0.28,0.2468600779315258,213,60
5967,153220290,2024-09-20,0.3,0.26236426446749106,213,61
5968,153220290,2024-10-20,0.15,0.13976194237515868,213,62
5969,153160150,2024-05-14,2.0,1.0986122886681096,197,224
5970,153160150,2024-05-17,1.98,1.091923300517313,197,225
5971,153160150,2024-07-21,0.26,0.23111172096338664,197,226
5972,153160150,2024-07-31,0.28,0.2468600779315258,197,222
5973,153160150,2024-08-20,0.19,0.173953307123438,197,223
5974,153160150,2024-09-01,0.26,0.23111172096338664,197,220
5975,153160150,2024-09-19,0.4,0.33647223662121295,197,221
5976,151190020,2024-07-10,2.6,1.2809338454620645,195,177
5977,151190020,2024-07-30,2.4,1.2237754316221157,195,172
5978,151190020,2024-08-14,2.35,1.208960345836975,195,178
5979,151190020,2024-08-24,2.23,1.172482137234565,195,179
5980,151190020,2024-09-18,2.12,1.1378330018213911,195,173
5981,151190020,2024-10-18,2.01,1.1019400787607843,195,174
5982,151190020,2024-11-02,1.78,1.0224509277025458,195,175
5983,151190020,2024-11-22,3.11,1.4134230285081433,195,176
5984,150210020,2024-05-28,250.0,5.5254529391317835,200,191
5985,150210020,2024-06-17,223.0,5.4116460518550396,200,190
5986,150210020,2024-07-22,125.0,4.836281906951478,200,192
5987,150210020,2024-10-10,195.0,5.278114659230518,200,187
5988,150210020,2024-10-20,100.0,4.61512051684126,200,188
5989,150210020,2024-10-25,92.2,4.534747721691546,200,189
5990,153210140,2024-05-01,5.79,1.9154509415706047,214,59
5991,153210140,2024-05-13,2.77,1.3270750014599193,214,53
5992,153210140,2024-05-16,2.96,1.3762440252663892,214,57
5993,153210140,2024-05-18,3.02,1.3912819026309298,214,54
5994,153210140,2024-05-26,5.06,1.801709800081223,214,60
5995,153210140,2024-06-17,2.06,1.1184149159642893,214,52
5996,153210140,2024-06-27,1.95,1.0818051703517284,214,58
5997,153210140,2024-06-30,1.45,0.8960880245566356,214,56
5998,153210140,2024-08-29,0.09,0.08617769624105233,214,47
5999,153210140,2024-09-08,0.09,0.08617769624105233,214,48
6000,153210140,2024-09-18,0.08,0.07696104113612832,214,49
6001,153210140,2024-09-20,0.08,0.07696104113612832,214,50
6002,153210140,2024-10-18,0.07,0.06765864847381481,214,51
6003,153210140,2024-11-04,0.06,0.058268908123975775,214,55
6004,151150130,2024-05-14,5.34,1.8468787684491346,193,242
6005,151150130,2024-07-06,1.41,0.8796267475025636,193,239
6006,151150130,2024-07-21,0.91,0.6471032420585385,193,240
6007,151150130,2024-07-23,0.9,0.6418538861723948,193,241
6008,151150130,2024-09-04,0.43,0.3576744442718159,193,235
6009,151150130,2024-09-06,0.4,0.33647223662121295,193,236
6010,151150130,2024-09-21,0.37,0.31481073984003355,193,237
6011,151150130,2024-10-24,1.29,0.8285518175661483,193,238
6012,153200020,2024-05-01,7.14,2.096790180014449,216,77
6013,153200020,2024-06-30,1.66,0.9783261227936076,216,69
6014,153200020,2024-07-10,1.08,0.7323678937132266,216,70
6015,153200020,2024-08-14,0.63,0.48858001481867097,216,76
6016,153200020,2024-08-29,0.69,0.5247285289349821,216,71
6017,153200020,2024-09-03,0.55,0.4382549309311553,216,72
6018,153200020,2024-09-08,0.5,0.4054651081081644,216,73
6019,153200020,2024-10-18,0.44,0.36464311358790924,216,74
6020,153200020,2024-11-02,0.3,0.26236426446749106,216,75
6021,153230070,2024-05-08,10.2,2.4159137783010487,212,246
6022,153230070,2024-05-15,8.35,2.2353763433005955,212,244
6023,153230070,2024-06-27,5.99,1.9444805562457188,212,243
6024,153230070,2024-07-22,1.43,0.8878912573524571,212,245
6025,153230070,2024-08-28,1.16,0.7701082216960736,212,236
6026,153230070,2024-09-05,1.24,0.8064758658669485,212,237
6027,153230070,2024-09-07,1.26,0.8153648132841945,212,238
6028,153230070,2024-09-17,1.03,0.708035793053696,212,239
6029,153230070,2024-09-20,0.94,0.6626879730752367,212,240
6030,153230070,2024-10-12,0.73,0.5481214085096876,212,241
6031,153230070,2024-10-17,0.66,0.5068176023684519,212,242
6032,151160130,2024-05-14,201.0,5.308267697401205,190,38
6033,151160130,2024-08-12,104.0,4.653960350157523,190,37
6034,151160130,2024-09-06,93.1,4.544358046591334,190,35
6035,151160130,2024-09-21,67.2,4.222444564849416,190,36
6036,151160230,2024-05-16,3.81,1.5706970841176697,192,86
6037,151160230,2024-07-15,0.82,0.598836501088704,192,83
6038,151160230,2024-07-30,1.26,0.8153648132841945,192,84
6039,151160230,2024-08-12,0.55,0.4382549309311553,192,88
6040,151160230,2024-08-14,0.53,0.4252677354043441,192,87
6041,151160230,2024-08-24,0.41,0.3435897043900769,192,85
6042,151160230,2024-09-06,0.3,0.26236426446749106,192,79
6043,151160230,2024-09-18,0.86,0.6205764877251099,192,80
6044,151160230,2024-09-21,0.48,0.3920420877760237,192,81
6045,151160230,2024-11-27,6.9,2.066862759472976,192,82
6046,152170010,2024-05-14,138.0,4.9344739331306915,195,87
6047,152170010,2024-08-12,46.2,3.85439389259151,195,86
6048,152170010,2024-09-06,36.1,3.6136169696133895,195,83
6049,152170010,2024-09-21,51.6,3.9627161197436642,195,84
6050,152170010,2024-10-26,57.6,4.070734696582967,195,85
6051,150160020,2024-05-14,0.92,0.6523251860396903,192,132
6052,150160020,2024-08-12,0.24,0.2151113796169455,192,133
6053,150160020,2024-09-06,0.22,0.1988508587451652,192,129
6054,150160020,2024-09-21,0.28,0.2468600779315258,192,130
6055,150160020,2024-11-30,0.5,0.4054651081081644,192,131
6056,153190010,2024-05-01,4.51,1.706564623164823,218,138
6057,153190010,2024-05-14,3.46,1.4951487660319727,218,135
6058,153190010,2024-06-30,1.37,0.8628899551470399,218,125
6059,153190010,2024-07-20,0.5,0.4054651081081644,218,139
6060,153190010,2024-08-14,0.34,0.29266961396282,218,134
6061,153190010,2024-08-24,0.39,0.3293037471426004,218,136
6062,153190010,2024-08-27,0.36,0.3074846997479606,218,137
6063,153190010,2024-09-03,0.37,0.31481073984003355,218,126
6064,153190010,2024-09-06,0.34,0.29266961396282,218,127
6065,153190010,2024-09-08,0.36,0.3074846997479606,218,128
6066,153190010,2024-09-18,0.4,0.33647223662121295,218,129
6067,153190010,2024-09-21,0.4,0.33647223662121295,218,130
6068,153190010,2024-10-01,0.45,0.37156355643248307,218,131
6069,153190010,2024-10-18,0.29,0.2546422183735807,218,132
6070,153190010,2024-11-02,0.29,0.2546422183735807,218,133
6071,151150170,2024-05-14,0.97,0.6780335427498971,192,166
6072,151150170,2024-07-21,0.43,0.3576744442718159,192,167
6073,151150170,2024-08-12,0.33,0.2851789422336624,192,165
6074,151150170,2024-09-04,0.25,0.22314355131420976,192,168
6075,151150170,2024-09-06,0.25,0.22314355131420976,192,162
6076,151150170,2024-09-21,0.21,0.1906203596086497,192,163
6077,151150170,2024-10-24,0.46,0.3784364357202451,192,164
6078,151150170,2024-11-30,1.03,0.708035793053696,192,169
6079,153190190,2024-05-01,1.88,1.0577902941478545,217,217
6080,153190190,2024-05-14,1.8,1.0296194171811583,217,216
6081,153190190,2024-06-30,1.02,0.7030975114131134,217,211
6082,153190190,2024-07-20,0.74,0.5538851132264376,217,214
6083,153190190,2024-08-14,0.66,0.5068176023684519,217,213
6084,153190190,2024-08-24,0.64,0.49469624183610705,217,218
6085,153190190,2024-08-27,0.58,0.4574248470388754,217,212
6086,153190190,2024-09-03,0.55,0.4382549309311553,217,204
6087,153190190,2024-09-06,0.52,0.41871033485818504,217,205
6088,153190190,2024-09-08,0.5,0.4054651081081644,217,206
6089,153190190,2024-09-18,0.66,0.5068176023684519,217,207
6090,153190190,2024-09-21,0.6,0.4700036292457356,217,208
6091,153190190,2024-10-01,0.44,0.36464311358790924,217,215
6092,153190190,2024-10-18,0.35,0.30010459245033805,217,209
6093,153190190,2024-11-02,0.29,0.2546422183735807,217,210
6094,151220080,2024-05-13,14.6,2.747270914255491,210,30
6095,151220080,2024-05-18,11.7,2.5416019934645457,210,45
6096,151220080,2024-06-29,10.8,2.468099531471619,210,31
6097,151220080,2024-07-09,6.74,2.046401687601636,210,32
6098,151220080,2024-08-13,2.02,1.1052568313867783,210,33
6099,151220080,2024-08-16,1.71,0.9969486348916095,210,34
6100,151220080,2024-08-28,1.37,0.8628899551470399,210,35
6101,151220080,2024-09-07,1.29,0.8285518175661483,210,36
6102,151220080,2024-09-17,0.95,0.6678293725756554,210,37
6103,151220080,2024-09-20,0.98,0.6830968447064438,210,38
6104,151220080,2024-09-30,1.15,0.7654678421395714,210,39
6105,151220080,2024-10-12,1.12,0.7514160886839212,210,40
6106,151220080,2024-10-17,0.97,0.6780335427498971,210,41
6107,151220080,2024-10-20,0.94,0.6626879730752367,210,42
6108,151220080,2024-11-06,1.43,0.8878912573524571,210,43
6109,151220080,2024-11-26,2.04,1.1118575154181303,210,44
6110,154180150,2024-05-01,2190.0,7.692113339595466,201,164
6111,154180150,2024-05-09,1830.0,7.5126175446745105,201,162
6112,154180150,2024-05-14,1840.0,7.518064181233078,201,158
6113,154180150,2024-05-16,1670.0,7.421177528595393,201,161
6114,154180150,2024-05-21,1730.0,7.456454555176209,201,166
6115,154180150,2024-06-25,1110.0,7.01301578963963,201,165
6116,154180150,2024-08-07,548.0,6.3080984415095305,201,159
6117,154180150,2024-08-14,823.0,6.714170529909472,201,160
6118,154180150,2024-08-24,618.0,6.428105272684596,201,163
6119,154180150,2024-08-27,515.0,6.246106765481563,201,157
6120,154180150,2024-08-29,526.0,6.267200548541362,201,147
6121,154180150,2024-09-03,489.0,6.194405391104672,201,148
6122,154180150,2024-09-06,455.0,6.1224928095143865,201,149
6123,154180150,2024-09-08,440.0,6.089044875446846,201,150
6124,154180150,2024-09-18,492.0,6.20050917404269,201,151
6125,154180150,2024-09-21,513.0,6.2422232654551655,201,152
6126,154180150,2024-10-01,439.0,6.0867747269123065,201,153
6127,154180150,2024-10-16,412.0,6.023447592961033,201,154
6128,154180150,2024-10-18,460.0,6.133398042996649,201,155
6129,154180150,2024-11-02,397.0,5.986452005284438,201,156
6130,149220100,2024-05-13,11.6,2.533696813957432,207,34
6131,149220100,2024-05-15,8.39,2.2396452932201716,207,33
6132,149220100,2024-07-07,5.45,1.864080130807681,207,40
6133,149220100,2024-08-13,9.52,2.3532782073095637,207,35
6134,149220100,2024-08-21,1.8,1.0296194171811583,207,36
6135,149220100,2024-08-28,2.88,1.355835153635182,207,41
6136,149220100,2024-09-02,34.5,3.56953269648137,207,38
6137,149220100,2024-09-07,2.74,1.3190856114264407,207,37
6138,149220100,2024-09-22,3.5,1.5040773967762742,207,26
6139,149220100,2024-10-17,1.47,0.9042181506398859,207,27
6140,149220100,2024-10-20,1.16,0.7701082216960736,207,28
6141,149220100,2024-10-22,1.26,0.8153648132841945,207,29
6142,149220100,2024-10-25,0.89,0.636576829071551,207,30
6143,149220100,2024-11-06,0.53,0.4252677354043441,207,31
6144,149220100,2024-11-11,1.29,0.8285518175661483,207,32
6145,153180040,2024-05-01,1.61,0.9593502213346021,218,91
6146,153180040,2024-05-14,1.9,1.0647107369924282,218,90
6147,153180040,2024-05-21,1.7,0.9932517730102834,218,92
6148,153180040,2024-06-30,0.98,0.6830968447064438,218,87
6149,153180040,2024-07-20,0.76,0.5653138090500605,218,88
6150,153180040,2024-08-14,0.79,0.5822156198526637,218,86
6151,153180040,2024-08-24,0.84,0.6097655716208943,218,89
6152,153180040,2024-08-27,0.67,0.5128236264286637,218,93
6153,153180040,2024-09-03,0.82,0.598836501088704,218,94
6154,153180040,2024-09-06,0.73,0.5481214085096876,218,79
6155,153180040,2024-09-08,0.63,0.48858001481867097,218,80
6156,153180040,2024-09-18,1.01,0.6981347220709844,218,81
6157,153180040,2024-09-21,0.76,0.5653138090500605,218,82
6158,153180040,2024-10-01,0.65,0.5007752879124893,218,83
6159,153180040,2024-10-18,0.62,0.4824261492442927,218,84
6160,153180040,2024-11-02,0.63,0.48858001481867097,218,85
6161,150160080,2024-05-14,2.15,1.1474024528375417,191,226
6162,150160080,2024-08-12,0.92,0.6523251860396903,191,227
6163,150160080,2024-09-06,0.55,0.4382549309311553,191,223
6164,150160080,2024-09-21,0.6,0.4700036292457356,191,224
6165,150160080,2024-11-30,2.1,1.1314021114911006,191,225
6166,150200040,2024-05-01,10.8,2.468099531471619,205,125
6167,150200040,2024-05-16,9.78,2.377692565480851,205,127
6168,150200040,2024-05-26,10.1,2.4069451083182885,205,123
6169,150200040,2024-06-17,5.58,1.884034745337226,205,121
6170,150200040,2024-07-10,4.12,1.6331544390514163,205,126
6171,150200040,2024-08-14,5.4,1.8562979903656263,205,122
6172,150200040,2024-08-29,3.8,1.5686159179138452,205,124
6173,150200040,2024-09-18,5.09,1.8066480817218056,205,116
6174,150200040,2024-09-20,4.01,1.6114359150967734,205,117
6175,150200040,2024-10-08,2.84,1.3454723665996355,205,118
6176,150200040,2024-10-10,3.3,1.4586150226995167,205,119
6177,150200040,2024-10-18,2.68,1.3029127521808397,205,120
6178,153200040,2024-05-01,1.42,0.8837675401685949,219,86
6179,153200040,2024-05-16,1.1,0.7419373447293773,219,85
6180,153200040,2024-05-26,1.16,0.7701082216960736,219,84
6181,153200040,2024-06-30,0.76,0.5653138090500605,219,79
6182,153200040,2024-07-10,0.66,0.5068176023684519,219,83
6183,153200040,2024-08-29,0.44,0.36464311358790924,219,80
6184,153200040,2024-09-03,0.47,0.3852624007906449,219,87
6185,153200040,2024-09-08,0.43,0.3576744442718159,219,81
6186,153200040,2024-10-18,0.48,0.3920420877760237,219,82
6187,149210060,2024-05-05,7.67,2.1598687907924505,206,3
6188,149210060,2024-05-15,15.5,2.803360380906535,206,4
6189,149210060,2024-08-13,5.32,1.843719208158766,206,5
6190,149210060,2024-08-16,4.33,1.6733512381777533,206,13
6191,149210060,2024-08-28,6.83,2.057962510002712,206,11
6192,149210060,2024-09-07,4.17,1.6428726885203377,206,6
6193,149210060,2024-10-17,3.18,1.430311246536665,206,7
6194,149210060,2024-10-20,3.23,1.4422019930581866,206,8
6195,149210060,2024-10-25,3.13,1.4182774069729414,206,12
6196,149210060,2024-11-01,2.65,1.2947271675944,206,9
6197,149210060,2024-11-26,5.3,1.840549633397487,206,10
6198,153180090,2024-05-14,1600.0,7.3783837129967145,201,101
6199,153180090,2024-07-30,552.0,6.315358001522335,201,98
6200,153180090,2024-08-14,663.0,6.498282149476434,201,99
6201,153180090,2024-08-24,557.0,6.324358962381311,201,102
6202,153180090,2024-08-27,506.0,6.2285110035911835,201,103
6203,153180090,2024-09-08,410.0,6.018593214496234,201,93
6204,153180090,2024-09-18,438.0,6.0844994130751715,201,94
6205,153180090,2024-09-21,495.0,6.206575926724928,201,95
6206,153180090,2024-10-01,372.0,5.921578419643816,201,96
6207,153180090,2024-10-18,416.0,6.0330862217988015,201,97
6208,153180090,2024-11-02,340.0,5.831882477283517,201,100
6209,151230010,2024-05-13,30.1,3.4372078191851885,209,116
6210,151230010,2024-07-09,12.6,2.6100697927420065,209,110
6211,151230010,2024-08-13,11.5,2.5257286443082556,209,111
6212,151230010,2024-08-16,13.0,2.639057329615259,209,113
6213,151230010,2024-08-26,9.48,2.349468678892896,209,114
6214,151230010,2024-08-28,8.51,2.252343876557299,209,112
6215,151230010,2024-09-07,8.39,2.2396452932201716,209,103
6216,151230010,2024-09-17,15.6,2.8094026953624973,209,104
6217,151230010,2024-09-20,12.1,2.5726122302071057,209,105
6218,151230010,2024-09-22,9.25,2.327277705584417,209,106
6219,151230010,2024-10-12,7.48,2.1377104498038118,209,118
6220,151230010,2024-10-17,6.95,2.0731719286662407,209,107
6221,151230010,2024-10-20,8.29,2.2289385528257473,209,108
6222,151230010,2024-11-06,6.56,2.0228711901914416,209,109
6223,151230010,2024-11-26,9.73,2.373043556642607,209,117
6224,152170150,2024-05-04,2.67,1.3001916620664788,196,55
6225,152170150,2024-05-14,1.61,0.9593502213346021,196,56
6226,152170150,2024-07-10,0.26,0.23111172096338664,196,45
6227,152170150,2024-07-30,0.29,0.2546422183735807,196,46
6228,152170150,2024-08-12,0.48,0.3920420877760237,196,57
6229,152170150,2024-08-14,0.41,0.3435897043900769,196,58
6230,152170150,2024-08-24,0.26,0.23111172096338664,196,59
6231,152170150,2024-09-06,0.22,0.1988508587451652,196,47
6232,152170150,2024-09-18,0.37,0.31481073984003355,196,48
6233,152170150,2024-09-21,0.28,0.2468600779315258,196,49
6234,152170150,2024-10-01,0.17,0.15700374880966475,196,50
6235,152170150,2024-10-18,0.05,0.04879016416943201,196,51
6236,152170150,2024-10-26,0.5,0.4054651081081644,196,52
6237,152170150,2024-11-02,0.24,0.2151113796169455,196,53
6238,152170150,2024-11-22,0.69,0.5247285289349821,196,54
6239,149200110,2024-05-01,6.21,1.9754689512968577,204,211
6240,149200110,2024-06-15,11.9,2.5572273113676265,204,207
6241,149200110,2024-06-17,10.4,2.4336133554004498,204,208
6242,149200110,2024-07-27,8.52,2.253394848803274,204,205
6243,149200110,2024-07-30,7.39,2.127040520479115,204,206
6244,149200110,2024-08-04,12.6,2.6100697927420065,204,204
6245,149200110,2024-08-14,10.7,2.4595888418037104,204,209
6246,149200110,2024-08-29,6.74,2.046401687601636,204,210
6247,149200110,2024-10-18,4.08,1.6253112615903906,204,200
6248,149200110,2024-10-20,4.56,1.715598108262491,204,201
6249,149200110,2024-10-25,5.35,1.8484548129046003,204,202
6250,149200110,2024-11-09,2.95,1.3737155789130306,204,203
6251,150220080,2024-05-13,39.8,3.708682081410116,208,23
6252,150220080,2024-05-15,41.7,3.754198920234579,208,29
6253,150220080,2024-07-07,14.1,2.714694743820879,208,27
6254,150220080,2024-08-13,11.8,2.5494451709255714,208,22
6255,150220080,2024-08-16,9.47,2.3485140248824456,208,28
6256,150220080,2024-08-26,6.75,2.0476928433652555,208,25
6257,150220080,2024-08-28,6.26,1.9823798288367047,208,24
6258,150220080,2024-09-07,5.93,1.9358598132018119,208,15
6259,150220080,2024-09-20,10.3,2.424802725718295,208,16
6260,150220080,2024-10-17,5.26,1.8341801851120072,208,17
6261,150220080,2024-10-20,5.35,1.8484548129046003,208,18
6262,150220080,2024-10-25,5.75,1.9095425048844383,208,19
6263,150220080,2024-11-06,4.06,1.6213664832993742,208,20
6264,150220080,2024-11-26,5.65,1.8946168546677629,208,21
6265,152200020,2024-05-01,22.4,3.152736022363656,216,45
6266,152200020,2024-06-30,5.51,1.873339456220478,216,36
6267,152200020,2024-07-10,3.84,1.5769147207285403,216,37
6268,152200020,2024-08-14,2.59,1.2781522025001875,216,38
6269,152200020,2024-08-24,2.51,1.2556160374777745,216,44
6270,152200020,2024-08-29,2.19,1.1600209167967532,216,39
6271,152200020,2024-09-03,2.61,1.2837077723447896,216,40
6272,152200020,2024-09-08,2.37,1.2149127443642704,216,41
6273,152200020,2024-10-18,2.02,1.1052568313867783,216,42
6274,152200020,2024-11-02,1.58,0.9477893989335261,216,43
6275,154150010,2024-05-17,24.0,3.2188758248682006,198,190
6276,154150010,2024-07-14,15.0,2.772588722239781,198,183
6277,154150010,2024-07-21,13.5,2.6741486494265287,198,184
6278,154150010,2024-08-13,11.6,2.533696813957432,198,185
6279,154150010,2024-08-20,11.3,2.509599262378372,198,192
6280,154150010,2024-08-28,10.8,2.468099531471619,198,186
6281,154150010,2024-09-02,14.5,2.740840023925201,198,187
6282,154150010,2024-09-07,13.7,2.6878474937846906,198,188
6283,154150010,2024-09-19,13.5,2.6741486494265287,198,189
6284,154150010,2024-10-07,12.6,2.6100697927420065,198,191
6285,152230060,2024-05-08,0.49,0.3987761199573678,212,70
6286,152230060,2024-05-15,0.4,0.33647223662121295,212,72
6287,152230060,2024-05-18,0.4,0.33647223662121295,212,71
6288,152230060,2024-06-29,0.27,0.23901690047049992,212,73
6289,152230060,2024-07-09,0.12,0.11332868530700317,212,74
6290,152230060,2024-07-19,0.08,0.07696104113612832,212,80
6291,152230060,2024-08-01,0.07,0.06765864847381481,212,75
6292,152230060,2024-08-28,0.05,0.04879016416943201,212,76
6293,152230060,2024-09-05,0.06,0.058268908123975775,212,61
6294,152230060,2024-09-07,0.05,0.04879016416943201,212,62
6295,152230060,2024-09-17,0.07,0.06765864847381481,212,63
6296,152230060,2024-09-20,0.06,0.058268908123975775,212,64
6297,152230060,2024-09-22,0.05,0.04879016416943201,212,65
6298,152230060,2024-09-25,0.048,0.04688358589885042,212,79
6299,152230060,2024-10-12,0.035,0.0344014267173324,212,66
6300,152230060,2024-10-17,0.033,0.032467190137501496,212,67
6301,152230060,2024-10-20,0.036,0.035367143837291316,212,77
6302,152230060,2024-10-27,0.03,0.0295588022415444,212,68
6303,152230060,2024-11-04,0.028,0.027615167032973367,212,78
6304,152230060,2024-11-06,0.027,0.02664193094642118,212,69
6305,153170120,2024-05-14,28.9,3.3978584803966405,217,248
6306,153170120,2024-09-01,14.9,2.766319109226186,217,246
6307,153170120,2024-09-21,16.5,2.8622008809294686,217,247
6308,150180020,2024-05-16,3.2,1.4350845252893227,191,101
6309,150180020,2024-07-10,3.46,1.4951487660319727,191,105
6310,150180020,2024-08-12,3.82,1.5727739280625088,191,104
6311,150180020,2024-08-14,3.0,1.3862943611198906,191,102
6312,150180020,2024-08-24,3.1,1.410986973710262,191,103
6313,150180020,2024-09-06,3.0,1.3862943611198906,191,97
6314,150180020,2024-09-18,2.85,1.3480731482996928,191,96
6315,150180020,2024-09-21,3.2,1.4350845252893227,191,99
6316,150180020,2024-10-01,3.2,1.4350845252893227,191,98
6317,150180020,2024-10-18,3.46,1.4951487660319727,191,100
6318,150140030,2024-07-06,0.21,0.1906203596086497,194,127
6319,150140030,2024-07-21,0.17,0.15700374880966475,194,130
6320,150140030,2024-07-23,0.19,0.173953307123438,194,132
6321,150140030,2024-08-07,0.15,0.13976194237515868,194,129
6322,150140030,2024-08-12,0.16,0.14842000511827327,194,128
6323,150140030,2024-09-01,0.15,0.13976194237515868,194,131
6324,150140030,2024-09-04,0.2,0.18232155679395462,194,122
6325,150140030,2024-09-19,0.16,0.14842000511827327,194,123
6326,150140030,2024-09-21,0.14,0.1310282624064041,194,124
6327,150140030,2024-10-16,0.15,0.13976194237515868,194,125
6328,150140030,2024-10-24,0.32,0.2776317365982795,194,126
6329,150140030,2024-11-23,0.86,0.6205764877251099,194,134
6330,150140030,2024-11-30,0.36,0.3074846997479606,194,133
6331,150180120,2024-05-01,2.22,1.169381359556317,190,203
6332,150180120,2024-07-10,1.08,0.7323678937132266,190,206
6333,150180120,2024-08-14,0.9,0.6418538861723948,190,205
6334,150180120,2024-08-24,0.81,0.5933268452777344,190,204
6335,150180120,2024-09-18,1.04,0.712949807856125,190,201
6336,150180120,2024-10-18,0.72,0.5423242908253616,190,202
6337,153160020,2024-05-14,9.28,2.330200260027019,198,209
6338,153160020,2024-05-17,9.2,2.322387720290225,198,210
6339,153160020,2024-07-21,5.27,1.8357763546448291,198,211
6340,153160020,2024-08-20,4.83,1.763017000362401,198,216
6341,153160020,2024-09-19,5.68,1.8991179875485544,198,212
6342,153160020,2024-09-21,5.03,1.7967470107390942,198,213
6343,153160020,2024-10-26,3.91,1.5912739418064292,198,214
6344,153160020,2024-11-30,4.3,1.667706820558076,198,215
6345,149200150,2024-05-01,2.75,1.3217558399823195,204,237
6346,149200150,2024-06-15,1.26,0.8153648132841945,204,233
6347,149200150,2024-06-17,1.06,0.7227059828014898,204,232
6348,149200150,2024-07-27,0.67,0.5128236264286637,204,235
6349,149200150,2024-07-30,0.59,0.46373401623214017,204,238
6350,149200150,2024-08-04,3.3,1.4586150226995167,204,234
6351,149200150,2024-08-14,1.05,0.7178397931503169,204,236
6352,149200150,2024-10-18,0.35,0.30010459245033805,204,228
6353,149200150,2024-10-20,0.67,0.5128236264286637,204,229
6354,149200150,2024-10-25,0.33,0.2851789422336624,204,230
6355,149200150,2024-11-17,1.12,0.7514160886839212,204,231
6356,149190040,2024-05-01,2.66,1.297463147413275,202,182
6357,149190040,2024-06-15,1.13,0.7561219797213337,202,178
6358,149190040,2024-07-27,0.64,0.49469624183610705,202,181
6359,149190040,2024-07-30,0.85,0.6151856390902335,202,172
6360,149190040,2024-08-14,1.04,0.712949807856125,202,179
6361,149190040,2024-08-24,0.69,0.5247285289349821,202,180
6362,149190040,2024-09-05,1.39,0.8712933659434192,202,173
6363,149190040,2024-09-18,0.66,0.5068176023684519,202,183
6364,149190040,2024-09-20,0.5,0.4054651081081644,202,174
6365,149190040,2024-10-18,1.08,0.7323678937132266,202,175
6366,149190040,2024-10-25,0.31,0.27002713721306015,202,176
6367,149190040,2024-11-09,0.32,0.2776317365982795,202,177
6368,153160170,2024-05-14,39.3,3.696351468952637,197,91
6369,153160170,2024-05-17,36.6,3.6270040503958487,197,90
6370,153160170,2024-06-01,30.3,3.4436180975461075,197,92
6371,153160170,2024-09-01,3.4,1.4816045409242156,197,88
6372,153160170,2024-09-21,3.22,1.4398351280479205,197,87
6373,153160170,2024-10-16,2.65,1.2947271675944,197,89
6374,153160160,2024-05-14,82.6,4.426043520090656,197,96
6375,153160160,2024-05-17,79.7,4.390738575275903,197,95
6376,153160160,2024-06-01,72.1,4.291828366755733,197,98
6377,153160160,2024-09-01,26.0,3.295836866004329,197,94
6378,153160160,2024-09-21,32.7,3.517497837358316,197,93
6379,153160160,2024-10-16,26.8,3.3250360206965914,197,97
6380,153210080,2024-05-01,5.67,1.8976198599275325,214,20
6381,153210080,2024-05-08,5.88,1.9286186519452522,214,18
6382,153210080,2024-05-16,5.46,1.8656293177945105,214,17
6383,153210080,2024-05-18,5.46,1.8656293177945105,214,16
6384,153210080,2024-05-21,5.36,1.8500283773520307,214,19
6385,153210080,2024-05-26,5.46,1.8656293177945105,214,15
6386,153210080,2024-06-17,4.76,1.7509374747077997,214,13
6387,153210080,2024-06-27,4.54,1.7119945007591926,214,22
6388,153210080,2024-06-30,3.92,1.5933085305042167,214,14
6389,153210080,2024-09-08,1.93,1.0750024230289759,214,11
6390,153210080,2024-09-20,2.17,1.1537315878891892,214,21
6391,153210080,2024-10-18,1.8,1.0296194171811583,214,12
6392,151180110,2024-05-04,71.6,4.28496492183075,195,31
6393,151180110,2024-05-14,44.3,3.8133070324889884,195,27
6394,151180110,2024-07-10,21.1,3.0955776085237074,195,28
6395,151180110,2024-07-30,21.4,3.109060958860994,195,25
6396,151180110,2024-08-14,20.4,3.0633909220278057,195,26
6397,151180110,2024-08-24,18.7,2.9806186357439426,195,29
6398,151180110,2024-09-18,20.6,3.0726933146901194,195,18
6399,151180110,2024-09-21,20.6,3.0726933146901194,195,19
6400,151180110,2024-10-01,17.7,2.928523523860541,195,20
6401,151180110,2024-10-16,17.2,2.9014215940827497,195,30
6402,151180110,2024-10-18,17.3,2.9069010598473755,195,21
6403,151180110,2024-10-26,17.7,2.928523523860541,195,22
6404,151180110,2024-11-02,20.6,3.0726933146901194,195,23
6405,151180110,2024-11-22,58.4,4.084294226368599,195,24
6406,149180110,2024-05-01,3.01,1.3887912413184778,200,84
6407,149180110,2024-07-10,0.79,0.5822156198526637,200,81
6408,149180110,2024-08-14,0.42,0.35065687161316933,200,82
6409,149180110,2024-08-24,0.45,0.37156355643248307,200,83
6410,149180110,2024-09-18,0.41,0.3435897043900769,200,79
6411,149180110,2024-10-18,2.24,1.1755733298042381,200,80
6412,149190180,2024-05-01,13.8,2.6946271807700692,203,41
6413,149190180,2024-07-10,6.5,2.0149030205422647,203,39
6414,149190180,2024-08-14,10.6,2.451005098112319,203,40
6415,149190180,2024-09-05,6.24,1.979621206397625,203,33
6416,149190180,2024-09-18,13.0,2.639057329615259,203,34
6417,149190180,2024-09-20,12.1,2.5726122302071057,203,35
6418,149190180,2024-10-10,6.24,1.979621206397625,203,36
6419,149190180,2024-10-18,6.35,1.9947003132247452,203,37
6420,149190180,2024-10-25,6.39,2.0001277349601105,203,38
6421,153210120,2024-05-01,6.74,2.046401687601636,214,79
6422,153210120,2024-05-13,3.68,1.5432981099295553,214,77
6423,153210120,2024-05-18,3.6,1.5260563034950494,214,80
6424,153210120,2024-05-26,5.1,1.8082887711792655,214,81
6425,153210120,2024-06-17,2.59,1.2781522025001875,214,83
6426,153210120,2024-06-27,2.27,1.184789984909162,214,84
6427,153210120,2024-06-30,1.91,1.068153081183401,214,76
6428,153210120,2024-08-16,0.18,0.16551443847757338,214,78
6429,153210120,2024-08-29,0.18,0.16551443847757338,214,82
6430,153210120,2024-09-08,0.15,0.13976194237515868,214,72
6431,153210120,2024-09-18,0.15,0.13976194237515868,214,73
6432,153210120,2024-09-20,0.12,0.11332868530700317,214,74
6433,153210120,2024-10-18,0.1,0.09531017980432487,214,75
6434,153210120,2024-11-02,0.08,0.07696104113612832,214,85
6435,150210070,2024-08-16,2.52,1.2584609896100059,205,156
6436,150210070,2024-10-20,0.33,0.2851789422336624,205,154
6437,150210070,2024-10-25,0.32,0.2776317365982795,205,155
6438,152210170,2024-05-01,977.0,6.885509670034818,201,25
6439,152210170,2024-05-13,811.0,6.699500340161678,201,21
6440,152210170,2024-05-26,768.0,6.645090969505644,201,24
6441,152210170,2024-06-17,604.0,6.405228458030842,201,23
6442,152210170,2024-07-10,437.0,6.082218910376446,201,28
6443,152210170,2024-08-14,518.0,6.251903883165888,201,22
6444,152210170,2024-08-29,304.0,5.720311776607412,201,26
6445,152210170,2024-09-18,335.0,5.817111159963204,201,17
6446,152210170,2024-09-20,341.0,5.834810737062605,201,18
6447,152210170,2024-10-10,259.0,5.560681631015528,201,27
6448,152210170,2024-10-18,270.0,5.602118820879701,201,19
6449,152210170,2024-11-02,220.0,5.3981627015177525,201,20
6450,152210040,2024-05-01,970.0,6.878326468291325,201,14
6451,152210040,2024-05-13,805.0,6.692083742506628,201,13
6452,152210040,2024-06-17,600.0,6.398594934535208,201,10
6453,152210040,2024-06-30,646.0,6.472346294500901,201,12
6454,152210040,2024-08-14,514.0,6.244166900663736,201,11
6455,152210040,2024-08-29,302.0,5.713732805509369,201,15
6456,152210040,2024-09-03,256.0,5.54907608489522,201,2
6457,152210040,2024-09-08,370.0,5.916202062607435,201,3
6458,152210040,2024-09-18,332.0,5.808142489980444,201,4
6459,152210040,2024-09-20,339.0,5.8289456176102075,201,8
6460,152210040,2024-09-25,284.0,5.652489180268651,201,9
6461,152210040,2024-09-30,262.0,5.572154032177765,201,5
6462,152210040,2024-10-18,268.0,5.594711379601839,201,6
6463,152210040,2024-11-02,219.0,5.393627546352361,201,16
6464,152210040,2024-11-04,208.0,5.342334251964811,201,7
6465,154180050,2024-05-02,0.18,0.16551443847757338,199,241
6466,154180050,2024-05-09,0.13,0.12221763272424921,199,244
6467,154180050,2024-05-14,0.14,0.1310282624064041,199,240
6468,154180050,2024-05-17,0.15,0.13976194237515868,199,242
6469,154180050,2024-05-22,0.15,0.13976194237515868,199,243
6470,154180050,2024-05-27,0.14,0.1310282624064041,199,245
6471,154180050,2024-07-21,0.08,0.07696104113612832,199,246
6472,154180050,2024-07-31,0.08,0.07696104113612832,199,239
6473,154180050,2024-09-06,0.08,0.07696104113612832,199,236
6474,154180050,2024-09-19,0.09,0.08617769624105233,199,237
6475,154180050,2024-10-01,0.07,0.06765864847381481,199,238
6476,154170180,2024-05-09,3.75,1.55814461804655,218,37
6477,154170180,2024-05-14,3.67,1.541159071680806,218,36
6478,154170180,2024-09-01,2.54,1.264126727145683,218,35
6479,154170180,2024-09-06,2.45,1.2383742310432684,218,32
6480,154170180,2024-09-21,3.2,1.4350845252893227,218,33
6481,154170180,2024-10-01,3.06,1.4011829736136412,218,34
6482,151210010,2024-05-01,3.46,1.4951487660319727,208,190
6483,151210010,2024-05-13,3.16,1.425515074273172,208,185
6484,151210010,2024-05-16,3.96,1.601405740736836,208,188
6485,151210010,2024-05-26,2.65,1.2947271675944,208,186
6486,151210010,2024-06-17,1.9,1.0647107369924282,208,191
6487,151210010,2024-07-10,0.62,0.4824261492442927,208,189
6488,151210010,2024-08-14,1.23,0.8020015854720274,208,184
6489,151210010,2024-08-29,0.86,0.6205764877251099,208,187
6490,151210010,2024-09-18,1.33,0.8458682675776092,208,178
6491,151210010,2024-09-20,1.05,0.7178397931503169,208,179
6492,151210010,2024-10-08,0.76,0.5653138090500605,208,180
6493,151210010,2024-10-10,3.23,1.4422019930581866,208,181
6494,151210010,2024-10-18,0.66,0.5068176023684519,208,182
6495,151210010,2024-10-25,0.94,0.6626879730752367,208,183
6496,150190280,2024-05-01,7.41,2.1294214739848565,210,169
6497,150190280,2024-05-13,8.56,2.25758772706331,210,170
6498,150190280,2024-05-16,8.38,2.238579763018133,210,171
6499,150190280,2024-06-17,4.85,1.766441661243765,210,174
6500,150190280,2024-07-30,2.87,1.3532545070416904,210,173
6501,150190280,2024-08-14,2.93,1.3686394258811698,210,168
6502,150190280,2024-08-24,2.64,1.2919836816486494,210,172
6503,150190280,2024-09-15,5.92,1.9344157696295783,210,165
6504,150190280,2024-09-18,4.54,1.7119945007591926,210,160
6505,150190280,2024-09-20,3.35,1.4701758451005928,210,166
6506,150190280,2024-09-25,2.58,1.275362800412609,210,161
6507,150190280,2024-10-08,2.81,1.3376291891386096,210,167
6508,150190280,2024-10-10,3.18,1.430311246536665,210,162
6509,150190280,2024-10-18,2.26,1.1817271953786161,210,163
6510,150190280,2024-10-25,2.06,1.1184149159642893,210,164
6511,151200070,2024-05-01,0.95,0.6678293725756554,211,16
6512,151200070,2024-05-13,0.9,0.6418538861723948,211,14
6513,151200070,2024-05-16,0.88,0.6312717768418579,211,15
6514,151200070,2024-05-26,0.92,0.6523251860396903,211,18
6515,151200070,2024-06-17,0.33,0.2851789422336624,211,20
6516,151200070,2024-07-10,0.19,0.173953307123438,211,21
6517,151200070,2024-08-14,0.27,0.23901690047049992,211,17
6518,151200070,2024-08-29,0.14,0.1310282624064041,211,19
6519,151200070,2024-09-18,0.22,0.1988508587451652,211,8
6520,151200070,2024-09-20,0.2,0.18232155679395462,211,9
6521,151200070,2024-10-08,0.17,0.15700374880966475,211,10
6522,151200070,2024-10-10,0.21,0.1906203596086497,211,11
6523,151200070,2024-10-18,0.2,0.18232155679395462,211,12
6524,151200070,2024-10-25,0.19,0.173953307123438,211,13
6525,154180080,2024-05-09,5.27,1.8357763546448291,200,10
6526,154180080,2024-05-14,5.98,1.943048916774281,200,11
6527,154180080,2024-09-06,3.31,1.4609379041156565,200,12
6528,154180080,2024-09-21,3.28,1.4539530095937054,200,13
6529,154180080,2024-10-16,2.99,1.3837912309017721,200,14
6530,150180230,2024-07-10,0.55,0.4382549309311553,191,110
6531,150180230,2024-08-14,0.6,0.4700036292457356,191,108
6532,150180230,2024-08-24,0.58,0.4574248470388754,191,109
6533,150180230,2024-09-18,0.43,0.3576744442718159,191,106
6534,150180230,2024-10-18,0.45,0.37156355643248307,191,107
6535,154210070,2024-05-08,6.53,2.018895041811802,219,217
6536,154210070,2024-05-16,4.1,1.62924053973028,219,219
6537,154210070,2024-05-18,4.06,1.6213664832993742,219,218
6538,154210070,2024-06-27,8.83,2.285438934159075,219,215
6539,154210070,2024-06-30,8.72,2.2741856184723477,219,214
6540,154210070,2024-07-10,3.64,1.534714366238164,219,216
6541,154210070,2024-08-24,1.8,1.0296194171811583,219,213
6542,154210070,2024-08-29,1.68,0.9858167945227653,219,209
6543,154210070,2024-09-08,1.67,0.9820784724121581,219,210
6544,154210070,2024-09-20,1.84,1.0438040521731147,219,211
6545,154210070,2024-10-18,1.37,0.8628899551470399,219,212
6546,151180150,2024-07-10,0.027,0.02664193094642118,195,221
6547,151180150,2024-07-30,0.012,0.011928570865273802,195,220
6548,151180150,2024-08-12,0.005,0.004987541511039074,195,224
6549,151180150,2024-08-14,0.006,0.005982071677547464,195,222
6550,151180150,2024-08-24,0.014,0.013902905168991422,195,223
6551,151180150,2024-09-18,0.006,0.005982071677547464,195,216
6552,151180150,2024-10-18,0.004,0.003992021269537453,195,217
6553,151180150,2024-11-02,0.0,0.0,195,218
6554,151180150,2024-11-22,0.003,0.002995508979798479,195,219
6555,153140080,2024-05-15,2.58,1.275362800412609,198,155
6556,153140080,2024-05-17,2.47,1.244154593958768,198,156
6557,153140080,2024-07-21,0.69,0.5247285289349821,198,163
6558,153140080,2024-08-13,0.6,0.4700036292457356,198,157
6559,153140080,2024-08-28,0.4,0.33647223662121295,198,158
6560,153140080,2024-09-04,0.81,0.5933268452777344,198,159
6561,153140080,2024-09-07,1.0,0.6931471805599453,198,160
6562,153140080,2024-09-22,0.86,0.6205764877251099,198,161
6563,153140080,2024-10-17,0.58,0.4574248470388754,198,162
6564,153200160,2024-05-01,2.78,1.3297240096314962,214,110
6565,153200160,2024-05-08,2.78,1.3297240096314962,214,111
6566,153200160,2024-05-16,2.78,1.3297240096314962,214,112
6567,153200160,2024-05-18,2.78,1.3297240096314962,214,113
6568,153200160,2024-05-26,2.87,1.3532545070416904,214,114
6569,153200160,2024-06-30,2.31,1.1969481893889715,214,115
6570,153200160,2024-08-29,1.38,0.8671004876833832,214,121
6571,153200160,2024-09-03,1.46,0.9001613499442714,214,116
6572,153200160,2024-09-08,1.24,0.8064758658669485,214,117
6573,153200160,2024-09-20,1.5,0.9162907318741551,214,119
6574,153200160,2024-09-30,1.19,0.7839015438284094,214,120
6575,153200160,2024-10-18,0.82,0.598836501088704,214,118
6576,152170030,2024-05-14,1.19,0.7839015438284094,196,217
6577,152170030,2024-09-01,0.13,0.12221763272424921,196,214
6578,152170030,2024-09-21,0.12,0.11332868530700317,196,215
6579,152170030,2024-10-16,0.12,0.11332868530700317,196,216
6580,153160110,2024-05-14,5.46,1.8656293177945105,198,19
6581,153160110,2024-05-17,5.5,1.8718021769015913,198,21
6582,153160110,2024-08-20,3.22,1.4398351280479205,198,22
6583,153160110,2024-09-01,3.23,1.4422019930581866,198,20
6584,153160110,2024-09-19,4.74,1.747459210331475,198,15
6585,153160110,2024-09-21,4.33,1.6733512381777533,198,16
6586,153160110,2024-10-26,2.9,1.3609765531356006,198,17
6587,153160110,2024-11-30,2.41,1.2267122912954256,198,18
6588,153170160,2024-05-14,0.53,0.4252677354043441,198,28
6589,153170160,2024-05-17,0.56,0.44468582126144574,198,27
6590,153170160,2024-07-21,0.24,0.2151113796169455,198,29
6591,153170160,2024-07-31,0.21,0.1906203596086497,198,25
6592,153170160,2024-08-20,0.14,0.1310282624064041,198,26
6593,153170160,2024-09-01,0.1,0.09531017980432487,198,23
6594,153170160,2024-09-19,0.1,0.09531017980432487,198,24
6595,153170160,2024-09-21,0.1,0.09531017980432487,198,30
6596,150160210,2024-05-01,1.34,0.8501509293696101,191,187
6597,150160210,2024-05-09,0.71,0.5364933705145685,191,184
6598,150160210,2024-07-10,0.31,0.27002713721306015,191,188
6599,150160210,2024-07-30,0.34,0.29266961396282,191,183
6600,150160210,2024-08-12,0.43,0.3576744442718159,191,182
6601,150160210,2024-08-14,0.39,0.3293037471426004,191,186
6602,150160210,2024-08-24,0.26,0.23111172096338664,191,185
6603,150160210,2024-09-18,0.3,0.26236426446749106,191,179
6604,150160210,2024-09-21,0.27,0.23901690047049992,191,180
6605,150160210,2024-11-05,0.17,0.15700374880966475,191,181
6606,150210050,2024-10-20,0.49,0.3987761199573678,205,194
6607,151160070,2024-05-14,2.15,1.1474024528375417,192,206
6608,151160070,2024-07-21,1.03,0.708035793053696,192,207
6609,151160070,2024-08-12,0.66,0.5068176023684519,192,204
6610,151160070,2024-09-04,0.71,0.5364933705145685,192,205
6611,151160070,2024-09-06,0.71,0.5364933705145685,192,201
6612,151160070,2024-09-21,0.73,0.5481214085096876,192,202
6613,151160070,2024-10-24,0.75,0.5596157879354227,192,203
6614,151160070,2024-11-30,6.03,1.9501867058225737,192,208
6615,150230020,2024-05-13,16.8,2.8791984572980396,209,71
6616,150230020,2024-07-09,8.17,2.2159372862683733,209,72
6617,150230020,2024-08-13,9.03,2.305580601973844,209,73
6618,150230020,2024-08-16,8.26,2.225704048658088,209,74
6619,150230020,2024-08-26,6.68,2.038619547159581,209,75
6620,150230020,2024-08-28,5.65,1.8946168546677629,209,76
6621,150230020,2024-09-07,6.02,1.9487632180377197,209,78
6622,150230020,2024-09-17,6.88,2.064327903869788,209,79
6623,150230020,2024-09-20,6.68,2.038619547159581,209,80
6624,150230020,2024-09-22,5.41,1.8578592709325787,209,81
6625,150230020,2024-10-12,5.06,1.801709800081223,209,82
6626,150230020,2024-10-17,5.18,1.8213182714695995,209,83
6627,150230020,2024-10-20,5.28,1.8373699804801074,209,84
6628,150230020,2024-11-06,5.11,1.809926773183504,209,85
6629,150230020,2024-11-26,7.07,2.0881534822818573,209,86
6630,149180140,2024-05-01,2.76,1.324418957401803,200,78
6631,149180140,2024-07-10,0.32,0.2776317365982795,200,75
6632,149180140,2024-08-14,0.3,0.26236426446749106,200,76
6633,149180140,2024-08-16,0.32,0.2776317365982795,200,74
6634,149180140,2024-08-24,0.32,0.2776317365982795,200,77
6635,149180140,2024-09-05,0.55,0.4382549309311553,200,70
6636,149180140,2024-09-18,0.3,0.26236426446749106,200,71
6637,149180140,2024-10-18,0.7,0.5306282510621704,200,72
6638,149180140,2024-10-25,0.29,0.2546422183735807,200,73
6639,149180160,2024-05-01,2.29,1.1908875647772805,200,68
6640,149180180,2024-05-01,0.86,0.6205764877251099,200,53
6641,149180200,2024-05-01,0.9,0.6418538861723948,200,42
6642,149180160,2024-06-15,0.37,0.31481073984003355,200,64
6643,149180180,2024-06-15,0.27,0.23901690047049992,200,51
6644,149180200,2024-06-15,0.4,0.33647223662121295,200,38
6645,149180160,2024-07-10,0.21,0.1906203596086497,200,63
6646,149180200,2024-07-10,0.2,0.18232155679395462,200,43
6647,149180160,2024-07-27,0.17,0.15700374880966475,200,69
6648,149180180,2024-07-27,0.2,0.18232155679395462,200,56
6649,149180200,2024-07-27,0.24,0.2151113796169455,200,40
6650,149180160,2024-08-14,0.15,0.13976194237515868,200,65
6651,149180180,2024-08-14,0.23,0.20701416938432615,200,52
6652,149180200,2024-08-14,0.42,0.35065687161316933,200,39
6653,149180160,2024-08-16,0.15,0.13976194237515868,200,66
6654,149180180,2024-08-16,0.28,0.2468600779315258,200,50
6655,149180160,2024-08-24,0.16,0.14842000511827327,200,67
6656,149180180,2024-08-24,0.21,0.1906203596086497,200,54
6657,149180200,2024-08-24,0.2,0.18232155679395462,200,41
6658,149180160,2024-09-05,0.35,0.30010459245033805,200,57
6659,149180180,2024-09-05,0.35,0.30010459245033805,200,44
6660,149180200,2024-09-05,0.23,0.20701416938432615,200,32
6661,149180160,2024-09-18,0.22,0.1988508587451652,200,58
6662,149180180,2024-09-18,0.28,0.2468600779315258,200,45
6663,149180200,2024-09-18,0.15,0.13976194237515868,200,33
6664,149180160,2024-09-20,0.22,0.1988508587451652,200,59
6665,149180180,2024-09-20,0.26,0.23111172096338664,200,49
6666,149180200,2024-09-20,0.14,0.1310282624064041,200,34
6667,149180180,2024-10-10,0.22,0.1988508587451652,200,55
6668,149180160,2024-10-18,0.22,0.1988508587451652,200,60
6669,149180180,2024-10-18,0.64,0.49469624183610705,200,46
6670,149180200,2024-10-18,0.08,0.07696104113612832,200,35
6671,149180160,2024-10-25,0.17,0.15700374880966475,200,61
6672,149180180,2024-10-25,0.16,0.14842000511827327,200,47
6673,149180200,2024-10-25,0.05,0.04879016416943201,200,36
6674,149180160,2024-11-09,0.15,0.13976194237515868,200,62
6675,149180180,2024-11-09,0.14,0.1310282624064041,200,48
6676,149180200,2024-11-09,0.049,0.04783732941416013,200,37
6677,151220040,2024-05-13,1.68,0.9858167945227653,209,24
6678,151220040,2024-08-16,0.33,0.2851789422336624,209,25
6679,151220040,2024-09-20,0.3,0.26236426446749106,209,18
6680,151220040,2024-09-30,0.27,0.23901690047049992,209,19
6681,151220040,2024-10-10,0.26,0.23111172096338664,209,20
6682,151220040,2024-10-20,0.24,0.2151113796169455,209,21
6683,151220040,2024-10-25,0.26,0.23111172096338664,209,22
6684,151220040,2024-11-04,0.18,0.16551443847757338,209,23
6685,153220070,2024-05-08,182.0,5.209486152841421,211,217
6686,153220070,2024-05-16,150.0,5.017279836814924,211,216
6687,153220070,2024-05-18,146.0,4.990432586778736,211,215
6688,153220070,2024-05-21,138.0,4.9344739331306915,211,214
6689,153220070,2024-05-26,136.0,4.919980925828125,211,213
6690,153220070,2024-06-30,82.3,4.422448549172797,211,212
6691,153220070,2024-08-16,25.9,3.292126286607793,211,211
6692,153220070,2024-09-08,18.3,2.9601050959108397,211,207
6693,153220070,2024-09-20,18.2,2.9549102790337356,211,208
6694,153220070,2024-10-18,12.5,2.6026896854443837,211,209
6695,153220070,2024-11-04,12.8,2.624668592163159,211,210
6696,152200070,2024-05-01,1.91,1.068153081183401,216,216
6697,152200070,2024-05-13,1.6,0.9555114450274365,216,214
6698,152200070,2024-05-18,1.52,0.924258901523332,216,213
6699,152200070,2024-05-26,1.34,0.8501509293696101,216,199
6700,152200070,2024-06-17,1.15,0.7654678421395714,216,200
6701,152200070,2024-06-30,0.9,0.6418538861723948,216,215
6702,152200070,2024-07-10,0.35,0.30010459245033805,216,201
6703,152200070,2024-08-14,0.13,0.12221763272424921,216,202
6704,152200070,2024-08-24,0.09,0.08617769624105233,216,203
6705,152200070,2024-08-29,0.09,0.08617769624105233,216,204
6706,152200070,2024-09-03,0.1,0.09531017980432487,216,205
6707,152200070,2024-09-08,0.1,0.09531017980432487,216,206
6708,152200070,2024-09-18,0.09,0.08617769624105233,216,207
6709,152200070,2024-09-20,0.09,0.08617769624105233,216,208
6710,152200070,2024-09-30,0.06,0.058268908123975775,216,209
6711,152200070,2024-10-10,0.08,0.07696104113612832,216,210
6712,152200070,2024-10-18,0.3,0.26236426446749106,216,211
6713,152200070,2024-11-02,0.14,0.1310282624064041,216,212
6714,150210220,2024-05-01,1.16,0.7701082216960736,209,11
6715,150210220,2024-05-13,1.53,0.9282193027394289,209,9
6716,150210220,2024-05-16,1.31,0.8372475245337022,209,10
6717,150210220,2024-05-26,1.2,0.7884573603642702,209,8
6718,150210220,2024-07-10,0.16,0.14842000511827327,209,7
6719,150210220,2024-08-14,0.18,0.16551443847757338,209,5
6720,150210220,2024-08-29,0.11,0.10436001532424277,209,6
6721,150210220,2024-09-18,0.14,0.1310282624064041,208,249
6722,150210220,2024-09-20,0.11,0.10436001532424277,209,0
6723,150210220,2024-10-10,0.48,0.3920420877760237,209,1
6724,150210220,2024-10-18,0.06,0.058268908123975775,209,2
6725,150210220,2024-10-20,0.07,0.06765864847381481,209,3
6726,150210220,2024-10-25,0.08,0.07696104113612832,209,4
6727,152190030,2024-05-14,1570.0,7.359467638255621,201,88
6728,152190030,2024-06-08,1510.0,7.32052696227274,201,90
6729,152190030,2024-07-10,760.0,6.634633357861686,201,91
6730,152190030,2024-07-30,517.0,6.249975242259483,201,89
6731,152190030,2024-08-14,627.0,6.4425401664681985,201,87
6732,152190030,2024-08-24,468.0,6.150602768446279,201,86
6733,152190030,2024-08-27,490.0,6.19644412779452,201,92
6734,152190030,2024-09-08,406.0,6.008813185442595,201,80
6735,152190030,2024-09-21,489.0,6.194405391104672,201,85
6736,152190030,2024-10-01,383.0,5.950642552587727,201,83
6737,152190030,2024-10-18,389.0,5.966146739123692,201,84
6738,152190030,2024-11-02,323.0,5.780743515792329,201,81
6739,152190030,2024-11-22,807.0,6.694562058521095,201,82
6740,152190020,2024-05-14,7.33,2.1198634561787513,217,39
6741,152190020,2024-06-08,5.18,1.8213182714695995,217,40
6742,152190020,2024-07-10,1.86,1.0508216248317612,217,42
6743,152190020,2024-07-30,1.09,0.7371640659767197,217,36
6744,152190020,2024-08-14,1.24,0.8064758658669485,217,38
6745,152190020,2024-08-24,0.96,0.6729444732424258,217,41
6746,152190020,2024-09-08,0.69,0.5247285289349821,217,30
6747,152190020,2024-09-18,2.04,1.1118575154181303,217,37
6748,152190020,2024-09-21,1.54,0.9321640810304452,217,31
6749,152190020,2024-10-01,0.82,0.598836501088704,217,32
6750,152190020,2024-10-18,0.6,0.4700036292457356,217,33
6751,152190020,2024-11-02,0.48,0.3920420877760237,217,34
6752,152190020,2024-11-22,0.51,0.412109650826833,217,35
6753,151230040,2024-05-13,154.0,5.043425116919247,214,211
6754,151230040,2024-05-18,139.0,4.941642422609304,214,210
6755,151230040,2024-06-29,71.5,4.283586561860629,214,212
6756,151230040,2024-07-09,54.0,4.007333185232471,214,209
6757,151230040,2024-08-13,27.6,3.353406717825807,214,208
6758,151230040,2024-08-16,27.4,3.3463891451671604,214,214
6759,151230040,2024-08-26,27.1,3.3357695763397,214,213
6760,151230040,2024-08-28,22.8,3.169685580677429,214,215
6761,151230040,2024-09-17,20.3,3.0587070727153796,214,200
6762,151230040,2024-09-20,19.0,2.995732273553991,214,201
6763,151230040,2024-09-22,18.4,2.9652730660692823,214,202
6764,151230040,2024-10-12,15.1,2.7788192719904172,214,207
6765,151230040,2024-10-17,16.9,2.884800712846709,214,203
6766,151230040,2024-10-20,18.6,2.975529566236472,214,204
6767,151230040,2024-11-04,10.5,2.4423470353692043,214,205
6768,151230040,2024-11-06,10.4,2.4336133554004498,214,206
6769,151230040,2024-11-26,11.8,2.5494451709255714,214,216
6770,150150100,2024-05-14,4.01,1.6114359150967734,193,122
6771,150150100,2024-07-21,1.28,0.8241754429663495,193,120
6772,150150100,2024-08-12,1.31,0.8372475245337022,193,121
6773,150150100,2024-09-04,1.5,0.9162907318741551,193,123
6774,150150100,2024-09-06,1.48,0.9082585601768908,193,116
6775,150150100,2024-09-21,1.13,0.7561219797213337,193,117
6776,150150100,2024-10-24,1.83,1.0402767116551463,193,118
6777,150150100,2024-11-30,6.58,2.0255131996542803,193,119
6778,153220220,2024-05-08,17.3,2.9069010598473755,213,131
6779,153220220,2024-05-13,13.8,2.6946271807700692,213,130
6780,153220220,2024-06-27,6.97,2.075684492802124,213,128
6781,153220220,2024-07-22,2.61,1.2837077723447896,213,129
6782,153220220,2024-09-05,1.26,0.8153648132841945,213,125
6783,153220220,2024-09-20,1.12,0.7514160886839212,213,126
6784,153220220,2024-10-20,0.92,0.6523251860396903,213,127
6785,152210070,2024-05-01,6.94,2.0719132752590443,211,76
6786,152210070,2024-05-13,4.01,1.6114359150967734,211,77
6787,152210070,2024-05-26,9.59,2.359910159613315,211,75
6788,152210070,2024-06-17,2.99,1.3837912309017721,211,82
6789,152210070,2024-08-14,1.17,0.7747271675523681,211,79
6790,152210070,2024-08-29,1.74,1.007957920399979,211,78
6791,152210070,2024-09-03,1.26,0.8153648132841945,211,68
6792,152210070,2024-09-08,1.09,0.7371640659767197,211,69
6793,152210070,2024-09-18,1.35,0.8544153281560676,211,70
6794,152210070,2024-09-20,1.33,0.8458682675776092,211,71
6795,152210070,2024-09-25,0.86,0.6205764877251099,211,80
6796,152210070,2024-10-10,0.94,0.6626879730752367,211,72
6797,152210070,2024-10-18,0.78,0.5766133643039938,211,73
6798,152210070,2024-11-02,0.97,0.6780335427498971,211,81
6799,152210070,2024-11-04,0.91,0.6471032420585385,211,74
6800,152160050,2024-05-14,213.0,5.365976015021851,195,104
6801,152160050,2024-05-17,189.0,5.247024072160486,195,106
6802,152160050,2024-07-23,51.9,3.9684033388642534,195,103
6803,152160050,2024-08-12,59.3,4.09933210373314,195,108
6804,152160050,2024-08-20,50.8,3.9473901492654373,195,107
6805,152160050,2024-09-04,43.4,3.793239469438179,195,99
6806,152160050,2024-09-06,45.5,3.839452312593311,195,100
6807,152160050,2024-09-21,58.8,4.091005660956586,195,101
6808,152160050,2024-10-26,60.0,4.110873864173311,195,102
6809,152160050,2024-11-30,77.2,4.359269647551265,195,105
6810,152200150,2024-05-01,1880.0,7.53955882930103,201,53
6811,152200150,2024-05-13,1570.0,7.359467638255621,201,50
6812,152200150,2024-05-18,1630.0,7.396948602621014,201,51
6813,152200150,2024-06-17,1070.0,6.976348070447749,201,48
6814,152200150,2024-06-30,1020.0,6.928537818164665,201,55
6815,152200150,2024-07-10,700.0,6.55250788703459,201,56
6816,152200150,2024-08-14,587.0,6.376726947898627,201,49
6817,152200150,2024-08-29,450.0,6.111467339502679,201,52
6818,152200150,2024-09-03,394.0,5.978885764901122,201,54
6819,152200150,2024-09-20,450.0,6.111467339502679,201,44
6820,152200150,2024-09-30,366.0,5.905361848054571,201,45
6821,152200150,2024-10-18,352.0,5.8664680569332965,201,47
6822,152200150,2024-11-02,295.0,5.69035945432406,201,46
6823,153170040,2024-05-14,5.31,1.8421356765531218,197,194
6824,153170040,2024-05-17,4.99,1.790091412127358,197,193
6825,153170040,2024-06-01,5.37,1.851599469584072,197,197
6826,153170040,2024-07-21,1.49,0.9122827104766162,197,195
6827,153170040,2024-09-01,0.8,0.5877866649021191,197,191
6828,153170040,2024-09-21,0.96,0.6729444732424258,197,192
6829,153170040,2024-10-16,0.72,0.5423242908253616,197,196
6830,152210090,2024-05-01,428.0,6.061456918928017,215,49
6831,152210090,2024-05-13,377.0,5.934894195619588,215,44
6832,152210090,2024-05-18,373.0,5.924255797414532,215,48
6833,152210090,2024-05-26,336.0,5.820082930352362,215,45
6834,152210090,2024-06-17,230.0,5.442417710521793,215,43
6835,152210090,2024-06-27,196.0,5.2832037287379885,215,46
6836,152210090,2024-06-30,183.0,5.214935757608986,215,50
6837,152210090,2024-08-16,66.4,4.210645017918261,215,42
6838,152210090,2024-08-29,66.9,4.21803603456465,215,51
6839,152210090,2024-09-08,56.2,4.046553898385752,215,37
6840,152210090,2024-09-18,53.7,4.001863709427935,215,38
6841,152210090,2024-09-20,50.8,3.9473901492654373,215,39
6842,152210090,2024-10-18,43.3,3.7909846770510898,215,40
6843,152210090,2024-11-02,39.9,3.7111300630487563,215,47
6844,152210090,2024-11-04,40.3,3.720862499966987,215,41
6845,152200030,2024-05-01,1920.0,7.560601162768557,201,70
6846,152200030,2024-05-13,1590.0,7.372118028337787,201,65
6847,152200030,2024-05-18,1630.0,7.396948602621014,201,68
6848,152200030,2024-06-17,1090.0,6.994849985833071,201,64
6849,152200030,2024-06-30,1050.0,6.957497370876951,201,69
6850,152200030,2024-07-10,719.0,6.579251212010101,201,66
6851,152200030,2024-08-14,585.0,6.373319789577012,201,63
6852,152200030,2024-08-29,451.0,6.113682179832232,201,67
6853,152200030,2024-09-03,394.0,5.978885764901122,201,57
6854,152200030,2024-09-08,435.0,6.077642243349034,201,58
6855,152200030,2024-09-20,452.0,6.115892125483034,201,59
6856,152200030,2024-09-30,367.0,5.908082938168931,201,61
6857,152200030,2024-10-18,367.0,5.908082938168931,201,60
6858,152200030,2024-11-02,301.0,5.71042701737487,201,62
6859,153160190,2024-05-14,10.1,2.4069451083182885,198,14
6860,153160190,2024-05-17,9.71,2.3711778844596574,198,9
6861,153160190,2024-08-20,5.29,1.8389610707123492,198,13
6862,153160190,2024-09-01,5.42,1.8594181177018698,198,10
6863,153160190,2024-09-19,7.71,2.1644717908644115,198,11
6864,153160190,2024-09-21,7.02,2.081938421878423,198,12
6865,152230200,2024-05-08,315.0,5.755742213586912,215,2
6866,152230200,2024-05-15,313.0,5.749392985908253,215,1
6867,152230200,2024-05-18,293.0,5.683579767338681,215,0
6868,152230200,2024-06-27,146.0,4.990432586778736,214,244
6869,152230200,2024-06-29,136.0,4.919980925828125,214,248
6870,152230200,2024-07-09,96.0,4.574710978503383,214,243
6871,152230200,2024-07-19,65.8,4.2017030805426,214,246
6872,152230200,2024-08-28,49.6,3.92395157629342,214,249
6873,152230200,2024-09-05,43.1,3.7864597824528,214,247
6874,152230200,2024-09-07,42.7,3.7773481021015445,214,234
6875,152230200,2024-09-17,37.1,3.6402142821326553,214,235
6876,152230200,2024-09-20,38.7,3.681351187693145,214,236
6877,152230200,2024-09-22,37.5,3.6506582412937387,214,237
6878,152230200,2024-09-25,38.2,3.6686767467964168,214,245
6879,152230200,2024-10-12,32.4,3.5085558999826545,214,238
6880,152230200,2024-10-17,31.0,3.4657359027997265,214,239
6881,152230200,2024-10-20,33.0,3.5263605246161616,214,240
6882,152230200,2024-10-27,28.0,3.367295829986474,214,241
6883,152230200,2024-11-06,22.6,3.1612467120315646,214,242
6884,149220050,2024-05-05,3.42,1.4861396960896067,207,100
6885,149220050,2024-05-15,5.34,1.8468787684491346,207,98
6886,149220050,2024-07-27,1.0,0.6931471805599453,207,96
6887,149220050,2024-08-13,3.59,1.5238800240724537,207,97
6888,149220050,2024-08-28,5.93,1.9358598132018119,207,101
6889,149220050,2024-09-02,16.9,2.884800712846709,207,102
6890,149220050,2024-09-07,1.73,1.0043016091968684,207,95
6891,149220050,2024-09-22,1.74,1.007957920399979,207,103
6892,149220050,2024-10-17,1.37,0.8628899551470399,207,89
6893,149220050,2024-10-20,0.69,0.5247285289349821,207,90
6894,149220050,2024-10-22,4.44,1.6937790608678513,207,91
6895,149220050,2024-10-25,0.92,0.6523251860396903,207,92
6896,149220050,2024-11-06,0.32,0.2776317365982795,207,93
6897,149220050,2024-11-11,0.38,0.32208349916911333,207,94
6898,151150160,2024-05-14,0.66,0.5068176023684519,192,228
6899,151150160,2024-07-21,0.33,0.2851789422336624,192,231
6900,151150160,2024-08-12,0.29,0.2546422183735807,192,230
6901,151150160,2024-09-04,0.27,0.23901690047049992,192,227
6902,151150160,2024-09-06,0.27,0.23901690047049992,192,224
6903,151150160,2024-09-21,0.24,0.2151113796169455,192,225
6904,151150160,2024-10-24,0.28,0.2468600779315258,192,226
6905,151150160,2024-11-30,0.6,0.4700036292457356,192,229
6906,150220120,2024-05-13,4.41,1.6882490928583902,209,141
6907,150220120,2024-07-09,2.77,1.3270750014599193,209,142
6908,150220120,2024-08-13,2.66,1.297463147413275,209,143
6909,150220120,2024-08-16,2.65,1.2947271675944,209,144
6910,150220120,2024-08-26,2.46,1.2412685890696329,209,145
6911,150220120,2024-08-28,2.39,1.220829921392359,209,146
6912,150220120,2024-09-07,2.21,1.1662709371419244,209,148
6913,150220120,2024-09-17,2.15,1.1474024528375417,209,149
6914,150220120,2024-09-20,2.19,1.1600209167967532,209,150
6915,150220120,2024-09-22,2.14,1.144222799920162,209,151
6916,150220120,2024-10-12,1.86,1.0508216248317612,209,152
6917,150220120,2024-10-17,1.91,1.068153081183401,209,153
6918,150220120,2024-10-20,2.17,1.1537315878891892,209,154
6919,150220120,2024-11-06,1.78,1.0224509277025458,209,155
6920,150220120,2024-11-26,1.97,1.0885619528146082,209,156
6921,149190320,2024-05-01,0.13,0.12221763272424921,204,173
6922,149190320,2024-06-17,0.035,0.0344014267173324,204,174
6923,149190320,2024-07-30,0.16,0.14842000511827327,204,164
6924,149190320,2024-08-14,0.13,0.12221763272424921,204,165
6925,149190320,2024-08-24,0.035,0.0344014267173324,204,171
6926,149190320,2024-08-29,0.029,0.028587456851912555,204,172
6927,149190320,2024-10-18,0.029,0.028587456851912555,204,166
6928,149190320,2024-10-20,0.029,0.028587456851912555,204,167
6929,149190320,2024-10-25,0.04,0.039220713153281295,204,168
6930,149190320,2024-11-09,0.024,0.023716526617316044,204,169
6931,149190320,2024-11-17,0.45,0.37156355643248307,204,170
6932,149190380,2024-05-01,1.43,0.8878912573524571,204,136
6933,149190380,2024-06-15,2.68,1.3029127521808397,204,137
6934,149190380,2024-06-17,2.5,1.252762968495368,204,138
6935,149190380,2024-07-27,2.47,1.244154593958768,204,139
6936,149190380,2024-07-30,2.85,1.3480731482996928,204,140
6937,149190380,2024-08-04,7.27,2.1126345090356,204,141
6938,149190380,2024-08-14,3.2,1.4350845252893227,204,142
6939,149190380,2024-08-24,1.6,0.9555114450274365,204,143
6940,149190380,2024-08-29,2.16,1.1505720275988207,204,144
6941,149190380,2024-10-18,0.93,0.6575200029167942,204,145
6942,149190380,2024-10-20,0.99,0.688134638736401,204,146
6943,149190380,2024-10-25,3.72,1.551808799597464,204,147
6944,149190380,2024-11-09,0.88,0.6312717768418579,204,148
6945,149190380,2024-11-17,5.23,1.8293763327993617,204,149
6946,152220010,2024-05-13,3.59,1.5238800240724537,215,234
6947,152220010,2024-06-17,2.51,1.2556160374777745,215,235
6948,152220010,2024-09-20,1.12,0.7514160886839212,215,236
6949,152220010,2024-09-25,0.95,0.6678293725756554,215,238
6950,152220010,2024-09-30,0.93,0.6575200029167942,215,240
6951,152220010,2024-10-10,0.85,0.6151856390902335,215,239
6952,152220010,2024-11-04,1.11,0.7466879474879752,215,237
6953,152210060,2024-05-01,357.0,5.8805329864007,212,24
6954,152210060,2024-05-13,286.0,5.659482215759621,212,18
6955,152210060,2024-05-18,261.0,5.568344503761097,212,19
6956,152210060,2024-05-26,247.0,5.5134287461649825,212,22
6957,152210060,2024-06-17,188.0,5.241747015059643,212,20
6958,152210060,2024-06-30,159.0,5.075173815233827,212,23
6959,152210060,2024-08-29,46.1,3.8522730010223722,212,21
6960,152210060,2024-09-08,42.0,3.7612001156935624,212,12
6961,152210060,2024-09-18,44.8,3.8242840911201395,212,13
6962,152210060,2024-09-20,43.8,3.8022081394209395,212,14
6963,152210060,2024-10-18,33.6,3.543853682063679,212,15
6964,152210060,2024-11-02,34.1,3.55820113047182,212,17
6965,152210060,2024-11-04,34.1,3.55820113047182,212,16
6966,154180030,2024-05-02,1.75,1.0116009116784799,200,7
6967,154180030,2024-05-09,1.58,0.9477893989335261,199,247
6968,154180030,2024-05-14,1.79,1.0260415958332743,199,248
6969,154180030,2024-05-17,2.14,1.144222799920162,200,8
6970,154180030,2024-05-22,2.01,1.1019400787607843,199,249
6971,154180030,2024-05-27,1.76,1.0152306797290587,200,0
6972,154180030,2024-07-21,1.21,0.7929925155296614,200,1
6973,154180030,2024-08-07,1.15,0.7654678421395714,200,2
6974,154180030,2024-08-27,1.12,0.7514160886839212,200,9
6975,154180030,2024-09-06,1.27,0.8197798314933114,200,3
6976,154180030,2024-09-19,1.37,0.8628899551470399,200,4
6977,154180030,2024-10-01,1.21,0.7929925155296614,200,5
6978,154180030,2024-10-16,1.04,0.712949807856125,200,6
6979,150220130,2024-05-13,6.76,2.048982334195127,207,184
6980,150220130,2024-05-15,7.83,2.178155014615869,207,187
6981,150220130,2024-07-07,2.33,1.2029723039923526,207,186
6982,150220130,2024-08-13,2.27,1.184789984909162,207,183
6983,150220130,2024-08-16,2.37,1.2149127443642704,207,189
6984,150220130,2024-08-26,1.76,1.0152306797290587,207,185
6985,150220130,2024-08-28,1.66,0.9783261227936076,207,190
6986,150220130,2024-09-07,1.45,0.8960880245566356,207,176
6987,150220130,2024-09-20,1.29,0.8285518175661483,207,177
6988,150220130,2024-10-17,1.18,0.7793248768009976,207,178
6989,150220130,2024-10-20,1.11,0.7466879474879752,207,179
6990,150220130,2024-10-25,1.12,0.7514160886839212,207,180
6991,150220130,2024-11-06,1.01,0.6981347220709844,207,181
6992,150220130,2024-11-26,1.0,0.6931471805599453,207,182
6993,154180110,2024-05-01,12.2,2.580216829592325,218,174
6994,154180110,2024-05-14,8.1,2.2082744135228043,218,176
6995,154180110,2024-05-21,7.1,2.0918640616783932,218,177
6996,154180110,2024-06-30,4.74,1.747459210331475,218,163
6997,154180110,2024-08-14,3.18,1.430311246536665,218,164
6998,154180110,2024-08-24,3.32,1.463255402256019,218,173
6999,154180110,2024-08-27,3.03,1.3937663759585917,218,175
7000,154180110,2024-09-03,3.23,1.4422019930581866,218,165
7001,154180110,2024-09-06,3.38,1.4770487243883548,218,166
7002,154180110,2024-09-08,3.23,1.4422019930581866,218,167
7003,154180110,2024-09-18,3.91,1.5912739418064292,218,168
7004,154180110,2024-09-21,3.43,1.4883995840570443,218,169
7005,154180110,2024-10-01,3.59,1.5238800240724537,218,170
7006,154180110,2024-10-18,2.93,1.3686394258811698,218,171
7007,154180110,2024-11-02,2.72,1.3137236682850553,218,172
7008,153210180,2024-05-01,3.24,1.4445632692438664,214,44
7009,153210180,2024-05-13,1.66,0.9783261227936076,214,43
7010,153210180,2024-05-18,1.69,0.9895411936137477,214,41
7011,153210180,2024-06-17,1.19,0.7839015438284094,214,39
7012,153210180,2024-06-30,0.93,0.6575200029167942,214,38
7013,153210180,2024-08-16,0.22,0.1988508587451652,214,40
7014,153210180,2024-08-29,0.19,0.173953307123438,214,42
7015,153210180,2024-09-08,0.19,0.173953307123438,214,45
7016,153210180,2024-09-18,0.19,0.173953307123438,214,35
7017,153210180,2024-10-18,0.13,0.12221763272424921,214,36
7018,153210180,2024-11-02,0.27,0.23901690047049992,214,46
7019,153210180,2024-11-04,0.22,0.1988508587451652,214,37
7020,149190170,2024-05-01,16.2,2.8449093838194073,203,49
7021,149190170,2024-07-10,6.97,2.075684492802124,203,50
7022,149190170,2024-08-14,14.6,2.747270914255491,203,48
7023,149190170,2024-09-05,7.61,2.1529243184396396,203,42
7024,149190170,2024-09-18,17.2,2.9014215940827497,203,43
7025,149190170,2024-09-20,14.5,2.740840023925201,203,47
7026,149190170,2024-10-10,6.85,2.060513531794317,203,44
7027,149190170,2024-10-18,6.81,2.0554049638515943,203,45
7028,149190170,2024-10-25,6.51,2.0162354657760435,203,46
7029,149220130,2024-05-13,27.0,3.332204510175204,206,99
7030,149220130,2024-05-15,21.4,3.109060958860994,206,98
7031,149220130,2024-07-27,1.49,0.9122827104766162,206,103
7032,149220130,2024-08-13,17.8,2.9338568698359033,206,100
7033,149220130,2024-08-21,2.1,1.1314021114911006,206,101
7034,149220130,2024-09-02,116.0,4.762173934797756,206,104
7035,149220130,2024-09-07,8.97,2.299580583973747,206,102
7036,149220130,2024-10-17,1.77,1.0188473201992472,206,92
7037,149220130,2024-10-20,1.41,0.8796267475025636,206,93
7038,149220130,2024-10-22,1.6,0.9555114450274365,206,94
7039,149220130,2024-10-25,1.13,0.7561219797213337,206,95
7040,149220130,2024-11-06,0.65,0.5007752879124893,206,96
7041,149220130,2024-11-26,0.81,0.5933268452777344,206,97
7042,151190110,2024-07-10,1.5,0.9162907318741551,211,41
7043,151190110,2024-08-14,1.15,0.7654678421395714,211,42
7044,151190110,2024-08-29,1.05,0.7178397931503169,211,43
7045,151190110,2024-09-18,1.28,0.8241754429663495,211,34
7046,151190110,2024-09-20,1.18,0.7793248768009976,211,35
7047,151190110,2024-10-10,1.36,0.8586616190375187,211,36
7048,151190110,2024-10-18,0.98,0.6830968447064438,211,37
7049,151190110,2024-11-02,1.04,0.712949807856125,211,44
7050,153220180,2024-05-08,1.16,0.7701082216960736,212,228
7051,153230060,2024-05-08,1.21,0.7929925155296614,212,219
7052,153230060,2024-05-13,0.8,0.5877866649021191,212,202
7053,153230060,2024-05-15,0.76,0.5653138090500605,212,216
7054,153220180,2024-05-18,0.97,0.6780335427498971,212,234
7055,153230060,2024-05-18,0.84,0.6097655716208943,212,218
7056,153220180,2024-06-27,0.82,0.598836501088704,212,235
7057,153230060,2024-06-27,0.49,0.3987761199573678,212,221
7058,153230060,2024-06-29,0.41,0.3435897043900769,212,203
7059,153230060,2024-07-09,0.29,0.2546422183735807,212,217
7060,153230060,2024-07-19,0.24,0.2151113796169455,212,204
7061,153230060,2024-07-22,0.28,0.2468600779315258,212,220
7062,153230060,2024-08-28,0.58,0.4574248470388754,212,205
7063,153220180,2024-09-05,0.09,0.08617769624105233,212,229
7064,153230060,2024-09-05,0.69,0.5247285289349821,212,206
7065,153230060,2024-09-07,0.25,0.22314355131420976,212,207
7066,153230060,2024-09-17,0.65,0.5007752879124893,212,208
7067,153220180,2024-09-20,0.07,0.06765864847381481,212,230
7068,153230060,2024-09-20,0.27,0.23901690047049992,212,209
7069,153230060,2024-09-22,0.26,0.23111172096338664,212,222
7070,153220180,2024-09-25,0.13,0.12221763272424921,212,231
7071,153230060,2024-10-12,0.24,0.2151113796169455,212,210
7072,153230060,2024-10-17,0.23,0.20701416938432615,212,211
7073,153220180,2024-10-20,0.06,0.058268908123975775,212,232
7074,153230060,2024-10-20,0.33,0.2851789422336624,212,212
7075,153230060,2024-10-27,0.18,0.16551443847757338,212,213
7076,153220180,2024-11-04,0.08,0.07696104113612832,212,233
7077,153230060,2024-11-04,0.17,0.15700374880966475,212,214
7078,153230060,2024-11-06,0.16,0.14842000511827327,212,215
7079,154170150,2024-05-09,0.96,0.6729444732424258,199,161
7080,154170150,2024-05-14,0.94,0.6626879730752367,199,159
7081,154170150,2024-05-17,1.05,0.7178397931503169,199,160
7082,154170150,2024-05-22,0.88,0.6312717768418579,199,162
7083,154170150,2024-07-21,0.6,0.4700036292457356,199,163
7084,154170150,2024-07-31,0.57,0.4510756193602167,199,158
7085,154170150,2024-09-04,0.66,0.5068176023684519,199,164
7086,154170150,2024-09-06,0.64,0.49469624183610705,199,155
7087,154170150,2024-09-19,0.7,0.5306282510621704,199,156
7088,154170150,2024-10-01,0.68,0.5187937934151676,199,157
7089,150210190,2024-05-13,562.0,6.333279628139691,200,212
7090,150210190,2024-05-15,655.0,6.486160788944089,200,213
7091,150210190,2024-08-13,419.0,6.040254711277414,200,211
7092,150210190,2024-08-16,324.0,5.783825182329737,200,215
7093,150210190,2024-08-28,182.0,5.209486152841421,200,214
7094,150210190,2024-09-07,242.0,5.493061443340548,200,204
7095,150210190,2024-09-20,258.0,5.556828061699537,200,205
7096,150210190,2024-10-10,220.0,5.3981627015177525,200,206
7097,150210190,2024-10-17,180.0,5.198497031265826,200,207
7098,150210190,2024-10-20,154.0,5.043425116919247,200,208
7099,150210190,2024-10-25,209.0,5.3471075307174685,200,209
7100,150210190,2024-11-26,247.0,5.5134287461649825,200,210
7101,149190190,2024-05-01,1.73,1.0043016091968684,203,58
7102,149190190,2024-07-10,0.88,0.6312717768418579,203,56
7103,149190190,2024-08-14,0.77,0.5709795465857378,203,57
7104,149190190,2024-09-05,0.57,0.4510756193602167,203,51
7105,149190190,2024-09-18,0.74,0.5538851132264376,203,59
7106,149190190,2024-09-20,0.71,0.5364933705145685,203,52
7107,149190190,2024-10-10,0.79,0.5822156198526637,203,53
7108,149190190,2024-10-18,0.74,0.5538851132264376,203,54
7109,149190190,2024-10-25,0.55,0.4382549309311553,203,55
7110,152150220,2024-05-14,11.8,2.5494451709255714,197,7
7111,152150220,2024-07-06,3.01,1.3887912413184778,197,4
7112,152150220,2024-07-21,1.39,0.8712933659434192,197,6
7113,152150220,2024-07-23,1.27,0.8197798314933114,197,5
7114,152150220,2024-08-12,1.09,0.7371640659767197,197,9
7115,152150220,2024-09-04,0.77,0.5709795465857378,197,0
7116,152150220,2024-09-06,0.71,0.5364933705145685,197,1
7117,152150220,2024-09-21,0.55,0.4382549309311553,197,2
7118,152150220,2024-10-16,0.46,0.3784364357202451,197,8
7119,152150220,2024-10-24,0.4,0.33647223662121295,197,3
7120,149210100,2024-05-05,2.09,1.128171090909654,206,19
7121,149210100,2024-05-15,3.04,1.3962446919730587,206,30
7122,149210100,2024-06-17,2.14,1.144222799920162,206,36
7123,149210100,2024-07-07,0.71,0.5364933705145685,206,31
7124,149210100,2024-07-22,0.34,0.29266961396282,206,32
7125,149210100,2024-07-27,0.54,0.43178241642553783,206,33
7126,149210100,2024-08-13,0.88,0.6312717768418579,206,20
7127,149210100,2024-08-28,1.09,0.7371640659767197,206,21
7128,149210100,2024-09-02,0.44,0.36464311358790924,206,22
7129,149210100,2024-09-07,0.25,0.22314355131420976,206,35
7130,149210100,2024-09-22,0.25,0.22314355131420976,206,23
7131,149210100,2024-10-17,0.2,0.18232155679395462,206,24
7132,149210100,2024-10-20,0.72,0.5423242908253616,206,25
7133,149210100,2024-10-22,1.2,0.7884573603642702,206,26
7134,149210100,2024-10-25,0.24,0.2151113796169455,206,27
7135,149210100,2024-11-06,0.1,0.09531017980432487,206,28
7136,149210100,2024-11-11,0.13,0.12221763272424921,206,29
7137,150170010,2024-05-16,3.78,1.5644405465033646,192,39
7138,150170010,2024-07-15,0.64,0.49469624183610705,192,48
7139,150170010,2024-07-30,0.96,0.6729444732424258,192,40
7140,150170010,2024-08-12,0.57,0.4510756193602167,192,41
7141,150170010,2024-08-14,0.89,0.636576829071551,192,42
7142,150170010,2024-08-24,0.21,0.1906203596086497,192,43
7143,150170010,2024-09-06,0.32,0.2776317365982795,192,44
7144,150170010,2024-09-18,0.75,0.5596157879354227,192,45
7145,150170010,2024-09-21,0.4,0.33647223662121295,192,46
7146,150170010,2024-11-27,2.52,1.2584609896100059,192,47
7147,151170050,2024-07-15,0.73,0.5481214085096876,192,151
7148,151170050,2024-07-30,0.66,0.5068176023684519,192,149
7149,151170050,2024-08-12,0.68,0.5187937934151676,192,148
7150,151170050,2024-08-14,0.59,0.46373401623214017,192,147
7151,151170050,2024-08-24,0.47,0.3852624007906449,192,150
7152,151170050,2024-09-06,0.45,0.37156355643248307,192,143
7153,151170050,2024-09-18,0.56,0.44468582126144574,192,144
7154,151170050,2024-09-21,0.54,0.43178241642553783,192,145
7155,151170050,2024-11-27,2.86,1.3506671834767394,192,146
7156,149180050,2024-05-01,0.57,0.4510756193602167,190,154
7157,149180050,2024-07-10,0.36,0.3074846997479606,190,155
7158,149180050,2024-08-14,0.33,0.2851789422336624,190,156
7159,149180050,2024-08-24,0.43,0.3576744442718159,190,157
7160,149180050,2024-09-18,0.37,0.31481073984003355,190,152
7161,149180050,2024-10-18,0.33,0.2851789422336624,190,153
7162,154230040,2024-05-08,5.4,1.8562979903656263,220,83
7163,154230040,2024-06-27,2.79,1.332366019094335,220,82
7164,154230040,2024-07-22,1.52,0.924258901523332,220,81
7165,154230040,2024-08-28,0.61,0.4762341789963716,220,75
7166,154230040,2024-09-05,0.55,0.4382549309311553,220,76
7167,154230040,2024-09-07,0.53,0.4252677354043441,220,77
7168,154230040,2024-09-17,0.49,0.3987761199573678,220,78
7169,154230040,2024-09-20,0.49,0.3987761199573678,220,85
7170,154230040,2024-10-12,0.45,0.37156355643248307,220,84
7171,154230040,2024-10-17,0.43,0.3576744442718159,220,79
7172,154230040,2024-10-20,0.44,0.36464311358790924,220,80
7173,152220030,2024-05-13,0.58,0.4574248470388754,215,219
7174,152220030,2024-05-18,0.56,0.44468582126144574,215,217
7175,152220030,2024-06-17,0.42,0.35065687161316933,215,220
7176,152220030,2024-08-16,0.15,0.13976194237515868,215,218
7177,152220030,2024-09-20,0.12,0.11332868530700317,215,215
7178,152220030,2024-09-30,0.21,0.1906203596086497,215,221
7179,152220030,2024-11-04,0.12,0.11332868530700317,215,216
7180,149200280,2024-05-28,96.0,4.574710978503383,204,92
7181,149200280,2024-06-17,103.0,4.6443908991413725,204,91
7182,149200280,2024-10-10,53.6,4.000033882750859,204,89
7183,149200280,2024-10-25,29.6,3.4210000089583352,204,90
7184,151140060,2024-05-14,13.1,2.6461747973841225,194,86
7185,151150010,2024-05-14,0.58,0.4574248470388754,194,165
7186,151140060,2024-07-21,4.84,1.7647307968401358,194,87
7187,151150010,2024-07-21,0.41,0.3435897043900769,194,167
7188,151140060,2024-08-07,5.89,1.9300710850255671,194,88
7189,151150010,2024-08-07,0.39,0.3293037471426004,194,168
7190,151140060,2024-08-12,4.53,1.7101878155342436,194,85
7191,151150010,2024-08-12,0.28,0.2468600779315258,194,166
7192,151140060,2024-09-01,4.1,1.62924053973028,194,89
7193,151150010,2024-09-01,0.18,0.16551443847757338,194,170
7194,151140060,2024-09-04,4.18,1.6448050562713916,194,80
7195,151150010,2024-09-04,0.17,0.15700374880966475,194,159
7196,151140060,2024-09-19,4.74,1.747459210331475,194,81
7197,151150010,2024-09-19,0.21,0.1906203596086497,194,160
7198,151140060,2024-09-21,4.22,1.6524974018945473,194,82
7199,151150010,2024-09-21,0.18,0.16551443847757338,194,161
7200,151140060,2024-10-16,4.49,1.7029282555214393,194,90
7201,151150010,2024-10-16,0.19,0.173953307123438,194,162
7202,151140060,2024-10-24,5.42,1.8594181177018698,194,83
7203,151150010,2024-10-24,0.5,0.4054651081081644,194,163
7204,151140060,2024-11-23,20.2,3.054001181677967,194,91
7205,151150010,2024-11-23,0.87,0.6259384308664953,194,169
7206,151140060,2024-11-30,10.3,2.424802725718295,194,84
7207,151150010,2024-11-30,0.51,0.412109650826833,194,164
7208,150220170,2024-05-13,2.98,1.3812818192963463,209,33
7209,150220170,2024-07-09,1.64,0.9707789171582247,209,39
7210,150220170,2024-08-13,1.69,0.9895411936137477,209,38
7211,150220170,2024-08-16,1.64,0.9707789171582247,209,37
7212,150220170,2024-08-26,1.5,0.9162907318741551,209,35
7213,150220170,2024-08-28,1.23,0.8020015854720274,209,34
7214,150220170,2024-09-17,2.23,1.172482137234565,209,26
7215,150220170,2024-09-20,1.86,1.0508216248317612,209,27
7216,150220170,2024-09-22,1.77,1.0188473201992472,209,28
7217,150220170,2024-10-17,1.06,0.7227059828014898,209,29
7218,150220170,2024-10-20,1.64,0.9707789171582247,209,30
7219,150220170,2024-11-06,1.41,0.8796267475025636,209,31
7220,150220170,2024-11-26,1.13,0.7561219797213337,209,32
7221,149190090,2024-05-01,0.68,0.5187937934151676,202,209
7222,149190090,2024-06-15,0.83,0.6043159668533296,202,198
7223,149190090,2024-07-27,0.77,0.5709795465857378,202,199
7224,149190090,2024-07-30,0.79,0.5822156198526637,202,207
7225,149190090,2024-08-14,0.25,0.22314355131420976,202,200
7226,149190090,2024-08-16,0.42,0.35065687161316933,202,210
7227,149190090,2024-08-24,0.16,0.14842000511827327,202,201
7228,149190090,2024-09-05,0.57,0.4510756193602167,202,211
7229,149190090,2024-09-18,0.49,0.3987761199573678,202,208
7230,149190090,2024-09-20,0.45,0.37156355643248307,202,202
7231,149190090,2024-10-10,0.44,0.36464311358790924,202,203
7232,149190090,2024-10-18,0.59,0.46373401623214017,202,204
7233,149190090,2024-10-25,0.31,0.27002713721306015,202,205
7234,149190090,2024-11-09,0.32,0.2776317365982795,202,206
7235,150200170,2024-05-28,105.0,4.663439094112067,204,96
7236,150200170,2024-06-17,102.0,4.634728988229636,204,95
7237,150200170,2024-10-10,59.5,4.102643365036796,204,93
7238,150200170,2024-10-25,30.2,3.4404180948154366,204,94
7239,151150070,2024-05-14,4.1,1.62924053973028,194,44
7240,151150080,2024-05-14,40.5,3.725693427236653,193,163
7241,151150070,2024-07-06,1.77,1.0188473201992472,194,42
7242,151150080,2024-07-06,16.9,2.884800712846709,193,162
7243,151150070,2024-07-21,1.39,0.8712933659434192,194,43
7244,151150080,2024-07-21,14.0,2.70805020110221,193,161
7245,151150070,2024-07-23,1.27,0.8197798314933114,194,46
7246,151150070,2024-08-12,1.13,0.7561219797213337,194,45
7247,151150080,2024-08-12,14.6,2.747270914255491,193,160
7248,151150070,2024-09-04,1.08,0.7323678937132266,194,38
7249,151150080,2024-09-04,12.8,2.624668592163159,193,156
7250,151150070,2024-09-06,1.03,0.708035793053696,194,39
7251,151150080,2024-09-06,11.6,2.533696813957432,193,157
7252,151150070,2024-09-21,1.17,0.7747271675523681,194,40
7253,151150080,2024-09-21,13.4,2.667228206581955,193,158
7254,151150070,2024-10-24,2.7,1.308332819650179,194,41
7255,151150080,2024-10-24,28.0,3.367295829986474,193,159
7256,149210130,2024-05-05,12.0,2.5649493574615367,207,248
7257,149210130,2024-05-15,20.1,3.0492730404820207,207,247
7258,149210130,2024-08-13,4.35,1.6770965609079151,208,2
7259,149210130,2024-08-16,3.2,1.4350845252893227,207,249
7260,149210130,2024-08-28,2.46,1.2412685890696329,208,0
7261,149210130,2024-09-07,12.1,2.5726122302071057,207,240
7262,149210130,2024-10-17,2.79,1.332366019094335,207,241
7263,149210130,2024-10-20,3.03,1.3937663759585917,207,242
7264,149210130,2024-10-25,2.18,1.1568811967920856,207,243
7265,149210130,2024-11-01,1.82,1.0367368849500223,207,244
7266,149210130,2024-11-06,1.63,0.9669838461896731,207,245
7267,149210130,2024-11-26,2.15,1.1474024528375417,207,246
7268,150160200,2024-05-01,7.15,2.0980179272527715,191,216
7269,150160200,2024-05-09,4.87,1.769854633840005,191,218
7270,150160200,2024-07-10,2.44,1.235471471385307,191,213
7271,150160200,2024-07-30,2.85,1.3480731482996928,191,212
7272,150160200,2024-08-12,3.26,1.449269160281279,191,215
7273,150160200,2024-08-14,3.08,1.4060969884160703,191,214
7274,150160200,2024-08-24,2.5,1.252762968495368,191,217
7275,150160200,2024-09-18,2.52,1.2584609896100059,191,209
7276,150160200,2024-09-21,2.3,1.1939224684724346,191,210
7277,150160200,2024-11-05,2.0,1.0986122886681096,191,211
7278,153140100,2024-05-17,5.08,1.8050046959780757,198,136
7279,153140100,2024-07-21,2.68,1.3029127521808397,198,132
7280,153140100,2024-08-13,1.92,1.0715836162801904,198,133
7281,153140100,2024-08-20,0.86,0.6205764877251099,198,134
7282,153140100,2024-08-28,0.55,0.4382549309311553,198,135
7283,153140100,2024-09-07,0.33,0.2851789422336624,198,130
7284,153140100,2024-10-17,0.53,0.4252677354043441,198,131
7285,152170090,2024-05-14,1.33,0.8458682675776092,197,190
7286,152170090,2024-07-10,0.42,0.35065687161316933,197,186
7287,152170090,2024-07-15,0.35,0.30010459245033805,197,184
7288,152170090,2024-07-20,0.3,0.26236426446749106,197,188
7289,152170090,2024-07-30,0.26,0.23111172096338664,197,187
7290,152170090,2024-08-14,0.22,0.1988508587451652,197,185
7291,152170090,2024-08-24,0.22,0.1988508587451652,197,189
7292,152170090,2024-09-01,0.24,0.2151113796169455,197,179
7293,152170090,2024-09-08,0.28,0.2468600779315258,197,180
7294,152170090,2024-09-21,0.22,0.1988508587451652,197,181
7295,152170090,2024-10-16,0.044,0.04305948946044697,197,182
7296,152170090,2024-11-02,0.009,0.008959741371471904,197,183
7297,149210070,2024-05-05,3.95,1.599387576580599,205,214
7298,149210070,2024-05-15,8.3,2.2300144001592104,205,223
7299,149210070,2024-08-13,1.82,1.0367368849500223,205,215
7300,149210070,2024-08-16,1.09,0.7371640659767197,205,225
7301,149210070,2024-08-28,1.24,0.8064758658669485,205,224
7302,149210070,2024-09-07,0.64,0.49469624183610705,205,216
7303,149210070,2024-10-17,0.32,0.2776317365982795,205,217
7304,149210070,2024-10-20,0.18,0.16551443847757338,205,218
7305,149210070,2024-10-25,0.35,0.30010459245033805,205,219
7306,149210070,2024-11-01,0.14,0.1310282624064041,205,220
7307,149210070,2024-11-06,0.11,0.10436001532424277,205,221
7308,149210070,2024-11-26,0.47,0.3852624007906449,205,222
7309,152200050,2024-05-01,63.5,4.1666652238017265,216,159
7310,152200050,2024-05-13,38.6,3.6788291182604347,216,156
7311,152200050,2024-06-17,18.1,2.9496883350525844,216,154
7312,152200050,2024-07-10,9.85,2.3841650799864684,216,157
7313,152200050,2024-08-14,8.81,2.2834022735772717,216,155
7314,152200050,2024-08-29,6.34,1.9933388426264242,216,158
7315,152200050,2024-09-18,11.8,2.5494451709255714,216,149
7316,152200050,2024-09-20,10.5,2.4423470353692043,216,150
7317,152200050,2024-10-10,7.17,2.1004689088719113,216,151
7318,152200050,2024-10-18,5.89,1.9300710850255671,216,152
7319,152200050,2024-11-02,7.42,2.130609828254235,216,153
7320,149190100,2024-05-01,14.4,2.7343675094195836,202,149
7321,149190100,2024-07-10,4.44,1.6937790608678513,202,150
7322,149190100,2024-08-14,6.31,1.9892432737616872,202,147
7323,149190100,2024-08-16,6.92,2.0693912058263346,202,148
7324,149190100,2024-08-24,3.9,1.589235205116581,202,151
7325,149190100,2024-09-05,5.19,1.8229350866965048,202,141
7326,149190100,2024-09-18,5.53,1.8764069432883397,202,142
7327,149190100,2024-09-20,3.97,1.6034198401085373,202,146
7328,149190100,2024-10-10,5.47,1.8671761085128091,202,143
7329,149190100,2024-10-18,16.9,2.884800712846709,202,144
7330,149190100,2024-10-25,3.12,1.415853163361435,202,145
