,station_id,date,flow,flow_log,chunk_id,id_in_chunk
0,150210180,2023-05-04,622.0,6.434546518787453,171,158
1,150210180,2023-05-09,492.0,6.20050917404269,171,157
2,150210180,2023-06-03,653.0,6.483107351457199,171,156
3,150210180,2023-08-12,293.0,5.683579767338681,171,155
4,150210180,2023-09-06,255.0,5.545177444479562,171,151
5,150210180,2023-09-11,188.0,5.241747015059643,171,152
6,150210180,2023-09-16,264.0,5.579729825986222,171,153
7,150210180,2023-09-21,227.0,5.429345628954441,171,154
8,152170020,2023-05-10,0.28,0.2468600779315258,166,190
9,152170020,2023-05-30,0.25,0.22314355131420976,166,189
10,152170020,2023-06-04,0.26,0.23111172096338664,166,188
11,152170020,2023-07-09,0.14,0.1310282624064041,166,187
12,152170020,2023-09-02,0.024,0.023716526617316044,166,183
13,152170020,2023-09-07,0.015,0.014888612493750654,166,184
14,152170020,2023-09-12,0.009,0.008959741371471904,166,185
15,152170020,2023-09-27,0.014,0.013902905168991422,166,186
16,153190180,2023-05-07,1.16,0.7701082216960736,187,190
17,153190180,2023-05-10,1.19,0.7839015438284094,187,186
18,153190180,2023-05-12,1.22,0.7975071958841881,187,189
19,153190180,2023-05-27,1.32,0.8415671856782186,187,185
20,153190180,2023-05-30,1.31,0.8372475245337022,187,188
21,153190180,2023-06-11,1.54,0.9321640810304452,187,184
22,153190180,2023-08-15,0.41,0.3435897043900769,187,183
23,153190180,2023-09-07,0.38,0.32208349916911333,187,191
24,153190180,2023-09-12,0.38,0.32208349916911333,187,181
25,153190180,2023-09-17,0.37,0.31481073984003355,187,182
26,153190180,2023-10-17,0.28,0.2468600779315258,187,187
27,150190310,2023-05-27,2.48,1.247032293786383,174,103
28,150190310,2023-07-08,2.23,1.172482137234565,174,98
29,150190310,2023-07-16,2.05,1.11514159061932,174,100
30,150190310,2023-08-12,1.41,0.8796267475025636,174,104
31,150190310,2023-08-15,1.47,0.9042181506398859,174,102
32,150190310,2023-08-22,1.34,0.8501509293696101,174,99
33,150190310,2023-09-06,1.69,0.9895411936137477,174,101
34,150190310,2023-09-09,1.39,0.8712933659434192,174,91
35,150190310,2023-09-11,1.36,0.8586616190375187,174,92
36,150190310,2023-09-16,1.37,0.8628899551470399,174,93
37,150190310,2023-09-21,1.4,0.8754687373538999,174,94
38,150190310,2023-09-26,2.59,1.2781522025001875,174,95
39,150190310,2023-09-29,1.61,0.9593502213346021,174,96
40,150190310,2023-10-14,1.4,0.8754687373538999,174,97
41,154220010,2023-05-07,6.26,1.9823798288367047,189,130
42,154220010,2023-05-09,5.76,1.9110228900548727,189,129
43,154220010,2023-05-12,5.45,1.864080130807681,189,128
44,154220010,2023-06-06,7.23,2.1077860146889784,189,131
45,154220010,2023-06-11,6.24,1.979621206397625,189,125
46,154220010,2023-08-15,0.9,0.6418538861723948,189,126
47,154220010,2023-09-04,1.11,0.7466879474879752,189,122
48,154220010,2023-09-06,1.0,0.6931471805599453,189,132
49,154220010,2023-09-11,1.05,0.7178397931503169,189,123
50,154220010,2023-09-16,1.02,0.7030975114131134,189,124
51,154220010,2023-09-21,1.02,0.7030975114131134,189,127
52,150150040,2023-05-08,2.02,1.1052568313867783,164,20
53,150150040,2023-05-28,1.61,0.9593502213346021,164,10
54,150150040,2023-05-30,1.79,1.0260415958332743,164,11
55,150150040,2023-06-04,1.61,0.9593502213346021,164,12
56,150150040,2023-07-09,0.84,0.6097655716208943,164,13
57,150150040,2023-09-07,0.12,0.11332868530700317,164,14
58,150150040,2023-09-10,0.1,0.09531017980432487,164,15
59,150150040,2023-09-17,0.11,0.10436001532424277,164,16
60,150150040,2023-09-27,0.15,0.13976194237515868,164,17
61,150150040,2023-10-02,0.35,0.30010459245033805,164,18
62,150150040,2023-10-30,1.57,0.9439058989071285,164,19
63,150160220,2023-05-05,20.5,3.068052935133617,161,65
64,150160220,2023-05-12,35.2,3.5890591188317256,161,64
65,150160220,2023-05-27,17.5,2.917770732084279,161,58
66,150160220,2023-06-04,19.5,3.0204248861443626,161,60
67,150160220,2023-08-15,8.39,2.2396452932201716,161,61
68,150160220,2023-08-18,7.28,2.1138429683971682,161,63
69,150160220,2023-08-23,7.0,2.0794415416798357,161,62
70,150160220,2023-08-25,7.38,2.1258479144939915,161,59
71,150160220,2023-09-07,6.3,1.9878743481543455,161,55
72,150160220,2023-09-09,5.83,1.9213246735826988,161,56
73,150160220,2023-09-27,5.68,1.8991179875485544,161,66
74,150160220,2023-09-29,5.75,1.9095425048844383,161,57
75,154150040,2023-05-08,22.4,3.152736022363656,169,135
76,154150040,2023-05-28,29.2,3.407841924380824,169,134
77,154150040,2023-05-30,29.8,3.427514689979529,169,131
78,154150040,2023-06-02,28.2,3.374168709274236,169,132
79,154150040,2023-06-07,22.1,3.139832617527748,169,133
80,154150040,2023-06-12,21.3,3.104586678466073,169,137
81,154150040,2023-09-07,11.0,2.4849066497880004,169,128
82,154150040,2023-09-10,10.1,2.4069451083182885,169,129
83,154150040,2023-09-12,9.95,2.3933394562625097,169,130
84,154150040,2023-09-15,9.81,2.380471631651117,169,136
85,153190040,2023-05-07,1.86,1.0508216248317612,188,204
86,153190040,2023-05-10,1.7,0.9932517730102834,188,203
87,153190040,2023-05-12,1.58,0.9477893989335261,188,202
88,153190040,2023-05-27,2.32,1.199964782928397,188,199
89,153190040,2023-05-30,2.19,1.1600209167967532,188,198
90,153190040,2023-06-11,1.57,0.9439058989071285,188,197
91,153190040,2023-08-15,0.82,0.598836501088704,188,200
92,153190040,2023-08-23,0.47,0.3852624007906449,188,201
93,153190040,2023-09-07,0.5,0.4054651081081644,188,205
94,153190040,2023-09-12,0.77,0.5709795465857378,188,195
95,153190040,2023-09-17,0.52,0.41871033485818504,188,196
96,150170050,2023-05-27,5.7,1.9021075263969205,161,165
97,150170050,2023-07-11,4.94,1.7817091333745536,161,164
98,150170050,2023-08-15,3.51,1.5062971535145868,161,162
99,150170050,2023-09-07,2.48,1.247032293786383,161,163
100,150170050,2023-09-09,2.33,1.2029723039923526,161,159
101,150170050,2023-09-27,3.27,1.4516138272405332,161,160
102,150170050,2023-09-29,3.01,1.3887912413184778,161,161
103,153210070,2023-05-09,8.83,2.285438934159075,184,238
104,153210070,2023-05-12,9.86,2.3850863145057892,184,239
105,153210070,2023-05-14,10.2,2.4159137783010487,184,236
106,153210070,2023-06-01,9.6,2.3608540011180215,184,233
107,153210070,2023-06-03,12.1,2.5726122302071057,184,231
108,153210070,2023-06-08,11.5,2.5257286443082556,184,232
109,153210070,2023-07-16,5.23,1.8293763327993617,184,235
110,153210070,2023-08-12,2.06,1.1184149159642893,184,237
111,153210070,2023-08-15,2.15,1.1474024528375417,184,234
112,153210070,2023-09-11,1.95,1.0818051703517284,184,228
113,153210070,2023-09-16,1.76,1.0152306797290587,184,229
114,153210070,2023-09-26,1.57,0.9439058989071285,184,230
115,151200120,2023-05-09,55.4,4.032469158504013,182,15
116,153220280,2023-05-09,13.5,2.6741486494265287,183,218
117,151200120,2023-06-01,46.9,3.8691155044168695,182,14
118,153220280,2023-06-08,9.67,2.367436065313662,183,217
119,151200120,2023-08-12,19.9,3.039749158970765,182,13
120,151200120,2023-08-15,20.9,3.086486636822455,182,12
121,151200120,2023-09-06,18.8,2.9856819377004897,182,8
122,151200120,2023-09-11,17.7,2.928523523860541,182,11
123,153220280,2023-09-11,1.74,1.007957920399979,183,213
124,151200120,2023-09-16,18.0,2.9444389791664403,182,9
125,153220280,2023-09-16,1.45,0.8960880245566356,183,214
126,151200120,2023-09-21,18.3,2.9601050959108397,182,10
127,153220280,2023-09-21,1.34,0.8501509293696101,183,215
128,153220280,2023-09-26,1.69,0.9895411936137477,183,216
129,150160250,2023-05-05,0.63,0.48858001481867097,161,217
130,150160250,2023-05-12,0.59,0.46373401623214017,161,225
131,150160250,2023-05-27,0.49,0.3987761199573678,161,218
132,150160250,2023-05-30,0.41,0.3435897043900769,161,219
133,150160250,2023-06-04,0.65,0.5007752879124893,161,220
134,150160250,2023-07-09,0.36,0.3074846997479606,161,221
135,150160250,2023-08-15,0.13,0.12221763272424921,161,222
136,150160250,2023-08-18,0.12,0.11332868530700317,161,224
137,150160250,2023-08-23,0.11,0.10436001532424277,161,226
138,150160250,2023-09-07,0.06,0.058268908123975775,161,223
139,150160250,2023-09-27,0.08,0.07696104113612832,161,227
140,154150050,2023-05-08,9.51,2.3523271848888596,169,123
141,154150050,2023-05-10,9.2,2.322387720290225,169,121
142,154150050,2023-05-28,13.5,2.6741486494265287,169,124
143,154150050,2023-05-30,12.7,2.617395832834079,169,125
144,154150050,2023-06-02,12.2,2.580216829592325,169,126
145,154150050,2023-06-07,9.17,2.3194422100604686,169,122
146,154150050,2023-09-07,4.01,1.6114359150967734,169,117
147,154150050,2023-09-10,3.83,1.5748464676644813,169,118
148,154150050,2023-09-12,3.89,1.5871923034867808,169,119
149,154150050,2023-09-15,3.88,1.5851452198650557,169,120
150,154150050,2023-10-17,4.97,1.7867469274045107,169,127
151,154160020,2023-05-08,7.05,2.085672091430472,169,159
152,154160020,2023-05-10,6.92,2.0693912058263346,169,158
153,154160020,2023-05-30,9.31,2.3331142980288684,169,156
154,154160020,2023-06-07,6.97,2.075684492802124,169,157
155,154160020,2023-09-07,4.22,1.6524974018945473,169,155
156,154160020,2023-09-10,3.71,1.5496879080283263,169,152
157,154160020,2023-09-12,3.64,1.534714366238164,169,153
158,154160020,2023-09-15,3.7,1.547562508716013,169,154
159,153170010,2023-05-10,10.6,2.451005098112319,167,100
160,153170010,2023-05-28,13.3,2.6602595372658615,167,97
161,153170010,2023-05-30,12.4,2.5952547069568657,167,99
162,153170010,2023-06-04,13.4,2.667228206581955,167,98
163,153170010,2023-06-12,13.2,2.653241964607215,167,96
164,153170010,2023-06-22,13.3,2.6602595372658615,167,95
165,153170010,2023-07-09,9.97,2.395164274287139,167,94
166,153170010,2023-09-02,3.74,1.556037135706985,167,88
167,153170010,2023-09-07,3.55,1.515127232962859,167,89
168,153170010,2023-09-10,3.29,1.4562867329399256,167,90
169,153170010,2023-09-12,3.14,1.420695787837223,167,91
170,153170010,2023-09-15,2.84,1.3454723665996355,167,92
171,153170010,2023-09-25,2.77,1.3270750014599193,167,101
172,153170010,2023-10-17,4.72,1.7439688053917064,167,93
173,152230190,2023-05-01,3.23,1.4422019930581866,183,1
174,152230190,2023-05-11,2.59,1.2781522025001875,183,2
175,152230190,2023-05-21,2.24,1.1755733298042381,183,9
176,152230190,2023-05-26,2.14,1.144222799920162,183,8
177,152230190,2023-05-29,2.05,1.11514159061932,183,7
178,152230190,2023-05-31,1.93,1.0750024230289759,183,3
179,152230190,2023-06-05,1.72,1.000631880307906,183,5
180,152230190,2023-06-08,1.51,0.9202827531436926,183,10
181,152230190,2023-07-05,0.88,0.6312717768418579,183,6
182,152230190,2023-07-10,0.65,0.5007752879124893,183,4
183,152230190,2023-09-16,0.11,0.10436001532424277,182,247
184,152230190,2023-09-21,0.12,0.11332868530700317,182,248
185,152230190,2023-09-26,0.12,0.11332868530700317,182,249
186,152230190,2023-09-28,0.12,0.11332868530700317,183,0
187,152190100,2023-05-12,5.6,1.8870696490323797,186,223
188,152190100,2023-06-01,2.73,1.3164082336557241,186,221
189,152190100,2023-06-11,3.77,1.5623463049002497,186,222
190,152190100,2023-08-15,1.05,0.7178397931503169,186,220
191,152190100,2023-09-29,1.15,0.7654678421395714,186,219
192,150190140,2023-06-03,27.9,3.3638415951183864,171,11
193,150190140,2023-07-08,19.3,3.0106208860477417,171,7
194,150190140,2023-07-18,94.0,4.553876891600541,171,12
195,150190140,2023-08-12,8.31,2.231089091288976,171,8
196,150190140,2023-08-15,8.0,2.1972245773362196,171,10
197,150190140,2023-08-22,11.6,2.533696813957432,171,9
198,150190140,2023-09-06,9.05,2.307572634505085,171,0
199,150190140,2023-09-09,7.37,2.124653884501384,171,1
200,150190140,2023-09-11,7.7,2.1633230256605382,171,2
201,150190140,2023-09-16,9.22,2.3243465847755584,171,3
202,150190140,2023-09-21,9.77,2.3767644911682972,171,4
203,150190140,2023-09-26,19.4,3.0155349008501706,171,5
204,150190140,2023-09-29,10.8,2.468099531471619,171,6
205,150190050,2023-07-08,1.35,0.8544153281560676,172,151
206,150190050,2023-07-11,1.32,0.8415671856782186,172,153
207,150190050,2023-07-18,3.95,1.599387576580599,172,148
208,150190050,2023-08-12,1.7,0.9932517730102834,172,149
209,150190050,2023-08-15,1.02,0.7030975114131134,172,152
210,150190050,2023-08-22,0.95,0.6678293725756554,172,150
211,150190050,2023-09-06,0.95,0.6678293725756554,172,141
212,150190050,2023-09-09,0.89,0.636576829071551,172,142
213,150190050,2023-09-11,0.85,0.6151856390902335,172,143
214,150190050,2023-09-16,0.93,0.6575200029167942,172,144
215,150190050,2023-09-21,0.87,0.6259384308664953,172,145
216,150190050,2023-09-26,0.9,0.6418538861723948,172,146
217,150190050,2023-09-29,0.83,0.6043159668533296,172,147
218,150220110,2023-05-01,1.53,0.9282193027394289,179,175
219,150220110,2023-05-14,1.83,1.0402767116551463,179,178
220,150220110,2023-05-31,1.59,0.9516578757114464,179,177
221,150220110,2023-08-14,1.08,0.7323678937132266,179,173
222,150220110,2023-08-19,1.24,0.8064758658669485,179,176
223,150220110,2023-08-29,0.88,0.6312717768418579,179,174
224,150220110,2023-09-06,0.92,0.6523251860396903,179,164
225,150220110,2023-09-11,0.92,0.6523251860396903,179,165
226,150220110,2023-09-16,0.95,0.6678293725756554,179,166
227,150220110,2023-09-18,0.94,0.6626879730752367,179,167
228,150220110,2023-09-21,0.98,0.6830968447064438,179,168
229,150220110,2023-09-26,1.18,0.7793248768009976,179,169
230,150220110,2023-09-28,1.15,0.7654678421395714,179,170
231,150220110,2023-10-03,0.96,0.6729444732424258,179,171
232,150220110,2023-11-07,0.97,0.6780335427498971,179,172
233,151220130,2023-05-01,2.11,1.1346227261911428,181,9
234,151220130,2023-05-11,2.37,1.2149127443642704,181,7
235,151220130,2023-05-21,2.2,1.1631508098056809,181,5
236,150200070,2023-05-27,2.96,1.3762440252663892,175,17
237,151220130,2023-05-31,2.2,1.1631508098056809,181,8
238,150200070,2023-06-01,3.02,1.3912819026309298,175,18
239,151220130,2023-06-05,2.28,1.1878434223960523,181,10
240,150200070,2023-07-08,3.68,1.5432981099295553,175,9
241,150200070,2023-07-16,3.38,1.4770487243883548,175,10
242,150200070,2023-08-12,2.61,1.2837077723447896,175,19
243,151220130,2023-08-14,1.79,1.0260415958332743,181,6
244,150200070,2023-08-15,5.49,1.8702625307159986,175,20
245,151220130,2023-08-19,2.25,1.1786549963416462,180,245
246,150200070,2023-08-22,2.39,1.220829921392359,175,22
247,151220130,2023-08-29,1.72,1.000631880307906,180,246
248,150200070,2023-09-06,3.97,1.6034198401085373,175,21
249,151220130,2023-09-06,1.6,0.9555114450274365,180,247
250,150200070,2023-09-09,2.36,1.2119409739751128,175,11
251,150200070,2023-09-11,1.9,1.0647107369924282,175,12
252,151220130,2023-09-11,1.55,0.9360933591703348,180,248
253,150200070,2023-09-16,2.57,1.2725655957915476,175,13
254,151220130,2023-09-16,1.52,0.924258901523332,181,11
255,151220130,2023-09-18,1.58,0.9477893989335261,180,249
256,150200070,2023-09-21,2.39,1.220829921392359,175,14
257,151220130,2023-09-21,1.61,0.9593502213346021,181,0
258,151220130,2023-09-26,1.82,1.0367368849500223,181,1
259,151220130,2023-09-28,2.2,1.1631508098056809,181,2
260,150200070,2023-09-29,3.78,1.5644405465033646,175,15
261,151220130,2023-10-03,1.58,0.9477893989335261,181,3
262,150200070,2023-10-14,2.6,1.2809338454620645,175,16
263,151220130,2023-11-07,1.44,0.8919980393051105,181,4
264,152150100,2023-05-08,8.52,2.253394848803274,167,31
265,152150100,2023-05-10,8.9,2.2925347571405443,167,32
266,152150100,2023-05-28,11.3,2.509599262378372,167,34
267,152150100,2023-05-30,11.3,2.509599262378372,167,30
268,152150100,2023-06-04,11.9,2.5572273113676265,167,33
269,152150100,2023-07-07,9.53,2.354228326145884,167,29
270,152150100,2023-07-09,8.68,2.2700619012884857,167,28
271,152150100,2023-09-07,2.25,1.1786549963416462,167,27
272,152150100,2023-09-10,2.25,1.1786549963416462,167,22
273,152150100,2023-09-12,2.86,1.3506671834767394,167,23
274,152150100,2023-09-15,2.17,1.1537315878891892,167,24
275,152150100,2023-09-27,1.61,0.9593502213346021,167,25
276,152150100,2023-11-26,3.17,1.4279160358107101,167,26
277,150150130,2023-05-08,1.35,0.8544153281560676,163,107
278,150150130,2023-05-28,1.48,0.9082585601768908,163,106
279,150150130,2023-05-30,1.31,0.8372475245337022,163,104
280,150150130,2023-06-04,1.57,0.9439058989071285,163,103
281,150150130,2023-07-09,1.06,0.7227059828014898,163,105
282,150150130,2023-09-07,0.56,0.44468582126144574,163,98
283,150150130,2023-09-10,0.49,0.3987761199573678,163,99
284,150150130,2023-09-17,0.5,0.4054651081081644,163,100
285,150150130,2023-09-27,0.48,0.3920420877760237,163,101
286,150150130,2023-10-02,0.49,0.3987761199573678,163,102
287,153180050,2023-05-07,8.08,2.206074192613202,188,43
288,153180050,2023-05-10,8.07,2.2049722641270453,188,45
289,153180050,2023-05-12,8.34,2.234306252240751,188,46
290,153180050,2023-05-27,8.49,2.2502386126218363,188,37
291,153180050,2023-05-30,8.64,2.265921108622454,188,38
292,153180050,2023-08-15,4.76,1.7509374747077997,188,39
293,153180050,2023-09-07,4.52,1.7083778602890038,188,40
294,153180050,2023-09-12,4.38,1.682688374173693,188,41
295,153180050,2023-09-17,4.21,1.6505798557652755,188,42
296,153180050,2023-10-17,5.19,1.8229350866965048,188,44
297,151190060,2023-05-12,14.9,2.766319109226186,164,238
298,151190060,2023-05-27,11.4,2.517696472610991,164,239
299,151190060,2023-06-01,10.5,2.4423470353692043,164,236
300,151190060,2023-08-15,5.94,1.937301774518713,164,237
301,150200020,2023-05-04,1.95,1.0818051703517284,176,89
302,150200020,2023-06-03,2.85,1.3480731482996928,176,90
303,150200020,2023-07-08,1.41,0.8796267475025636,176,87
304,150200020,2023-08-12,0.62,0.4824261492442927,176,86
305,150200020,2023-08-15,0.78,0.5766133643039938,176,88
306,150200020,2023-09-06,0.83,0.6043159668533296,176,81
307,150200020,2023-09-11,0.72,0.5423242908253616,176,82
308,150200020,2023-09-16,0.87,0.6259384308664953,176,83
309,150200020,2023-09-21,0.84,0.6097655716208943,176,84
310,150200020,2023-09-29,1.07,0.7275486072772778,176,85
311,152230010,2023-05-01,5.04,1.7984040119467237,186,43
312,152230010,2023-05-11,3.14,1.420695787837223,186,42
313,152230010,2023-05-21,2.2,1.1631508098056809,186,45
314,152230010,2023-05-26,2.2,1.1631508098056809,186,47
315,152230010,2023-05-31,1.82,1.0367368849500223,186,34
316,152230010,2023-06-05,2.01,1.1019400787607843,186,44
317,152230010,2023-06-08,2.06,1.1184149159642893,186,40
318,152230010,2023-07-05,1.31,0.8372475245337022,186,35
319,152230010,2023-07-10,0.98,0.6830968447064438,186,41
320,152230010,2023-09-16,0.37,0.31481073984003355,186,36
321,152230010,2023-09-18,0.39,0.3293037471426004,186,46
322,152230010,2023-09-21,0.36,0.3074846997479606,186,37
323,152230010,2023-09-26,0.42,0.35065687161316933,186,38
324,152230010,2023-09-28,0.41,0.3435897043900769,186,39
325,150140100,2023-05-28,0.66,0.5068176023684519,164,151
326,150140100,2023-05-30,0.69,0.5247285289349821,164,152
327,150140100,2023-06-04,0.64,0.49469624183610705,164,153
328,150140100,2023-08-23,0.036,0.035367143837291316,164,154
329,150140100,2023-09-07,0.046,0.044973365642731154,164,148
330,150140100,2023-09-10,0.05,0.04879016416943201,164,149
331,150140100,2023-09-17,0.029,0.028587456851912555,164,150
332,151170060,2023-05-12,2.21,1.1662709371419244,163,26
333,151170060,2023-05-27,1.0,0.6931471805599453,163,16
334,151170060,2023-05-30,0.78,0.5766133643039938,163,17
335,151170060,2023-06-01,0.76,0.5653138090500605,163,18
336,151170060,2023-06-04,0.81,0.5933268452777344,163,19
337,151170060,2023-07-09,0.2,0.18232155679395462,163,20
338,151170060,2023-08-15,0.06,0.058268908123975775,163,21
339,151170060,2023-08-23,0.034,0.03343477608623739,163,22
340,151170060,2023-08-25,0.033,0.032467190137501496,163,23
341,151170060,2023-09-07,0.012,0.011928570865273802,163,24
342,151170060,2023-09-29,0.07,0.06765864847381481,163,25
343,151160180,2023-05-05,3.19,1.4327007339340463,162,76
344,151160180,2023-05-30,2.85,1.3480731482996928,162,77
345,151160180,2023-06-04,4.31,1.6695918352538475,162,78
346,151160180,2023-07-09,2.71,1.3110318766193438,162,79
347,151160180,2023-08-23,1.6,0.9555114450274365,162,75
348,151160180,2023-09-07,1.2,0.7884573603642702,162,73
349,151160180,2023-09-27,1.7,0.9932517730102834,162,74
350,151170110,2023-05-10,20.3,3.0587070727153796,166,94
351,151170110,2023-05-12,29.1,3.40452517175483,166,93
352,151170110,2023-05-27,17.9,2.9391619220655967,166,96
353,151170110,2023-06-01,15.3,2.791165107812717,166,90
354,151170110,2023-06-04,15.3,2.791165107812717,166,87
355,151170110,2023-06-11,16.8,2.8791984572980396,166,95
356,151170110,2023-07-04,9.12,2.3145136638593193,166,97
357,151170110,2023-07-06,8.93,2.295560478057081,166,88
358,151170110,2023-07-09,9.01,2.303584593327129,166,91
359,151170110,2023-08-15,3.56,1.5173226235262947,166,92
360,151170110,2023-08-23,4.07,1.623340817603092,166,86
361,151170110,2023-08-25,2.94,1.3711807233098425,166,89
362,151170110,2023-09-07,2.09,1.128171090909654,166,83
363,151170110,2023-09-27,2.32,1.199964782928397,166,84
364,151170110,2023-09-29,3.09,1.4085449700547104,166,85
365,150180040,2023-06-04,0.68,0.5187937934151676,160,156
366,150180040,2023-07-11,0.53,0.4252677354043441,160,148
367,150180040,2023-08-13,0.58,0.4574248470388754,160,149
368,150180040,2023-08-15,0.54,0.43178241642553783,160,150
369,150180040,2023-08-18,0.51,0.412109650826833,160,151
370,150180040,2023-09-07,0.39,0.3293037471426004,160,155
371,150180040,2023-09-09,0.39,0.3293037471426004,160,152
372,150180040,2023-09-27,0.33,0.2851789422336624,160,153
373,150180040,2023-09-29,0.29,0.2546422183735807,160,154
374,150190060,2023-07-08,2.73,1.3164082336557241,172,128
375,150190060,2023-07-11,2.76,1.324418957401803,172,138
376,150190060,2023-07-18,9.65,2.365559892155434,172,139
377,150190060,2023-08-12,2.24,1.1755733298042381,172,129
378,150190060,2023-08-15,1.8,1.0296194171811583,172,137
379,150190060,2023-08-22,1.91,1.068153081183401,172,140
380,150190060,2023-09-06,2.68,1.3029127521808397,172,130
381,150190060,2023-09-09,2.05,1.11514159061932,172,131
382,150190060,2023-09-11,2.16,1.1505720275988207,172,132
383,150190060,2023-09-16,2.22,1.169381359556317,172,133
384,150190060,2023-09-21,2.33,1.2029723039923526,172,134
385,150190060,2023-09-26,4.82,1.7613002617433464,172,135
386,150190060,2023-09-29,2.27,1.184789984909162,172,136
387,154180070,2023-05-08,1.5,0.9162907318741551,170,163
388,154180070,2023-05-10,1.49,0.9122827104766162,170,162
389,154180070,2023-05-13,1.59,0.9516578757114464,170,157
390,154180070,2023-06-07,1.49,0.9122827104766162,170,158
391,154180070,2023-06-12,2.6,1.2809338454620645,170,159
392,154180070,2023-09-02,1.13,0.7561219797213337,170,165
393,154180070,2023-09-07,1.07,0.7275486072772778,170,164
394,154180070,2023-09-12,1.09,0.7371640659767197,170,160
395,154180070,2023-09-17,1.04,0.712949807856125,170,166
396,154180070,2023-09-27,1.05,0.7178397931503169,170,161
397,152230110,2023-05-01,10.3,2.424802725718295,182,122
398,152230110,2023-05-11,10.3,2.424802725718295,182,119
399,152230110,2023-05-21,11.9,2.5572273113676265,182,120
400,152230110,2023-05-26,12.1,2.5726122302071057,182,121
401,152230110,2023-05-31,11.9,2.5572273113676265,182,116
402,152230110,2023-06-05,12.1,2.5726122302071057,182,123
403,152230110,2023-06-08,11.9,2.5572273113676265,182,117
404,152230110,2023-07-05,7.0,2.0794415416798357,182,118
405,152230110,2023-07-10,5.43,1.860974538249528,182,115
406,152230110,2023-09-16,2.72,1.3137236682850553,182,112
407,152230110,2023-09-21,1.66,0.9783261227936076,182,124
408,152230110,2023-09-26,1.64,0.9707789171582247,182,113
409,152230110,2023-09-28,1.58,0.9477893989335261,182,114
410,151220060,2023-05-01,4.8,1.7578579175523736,181,138
411,151220060,2023-05-11,4.99,1.790091412127358,181,136
412,151220060,2023-05-21,2.99,1.3837912309017721,181,135
413,151220060,2023-05-24,3.0,1.3862943611198906,181,134
414,151220060,2023-05-29,2.65,1.2947271675944,181,137
415,151220060,2023-05-31,2.48,1.247032293786383,181,133
416,151220060,2023-06-05,2.79,1.332366019094335,181,132
417,151220060,2023-07-05,2.18,1.1568811967920856,181,128
418,151220060,2023-07-25,2.18,1.1568811967920856,181,129
419,151220060,2023-08-12,1.38,0.8671004876833832,181,127
420,151220060,2023-08-19,1.72,1.000631880307906,181,131
421,151220060,2023-08-29,1.31,0.8372475245337022,181,130
422,151220060,2023-09-06,1.32,0.8415671856782186,181,119
423,151220060,2023-09-11,0.89,0.636576829071551,181,120
424,151220060,2023-09-16,1.09,0.7371640659767197,181,121
425,151220060,2023-09-18,0.68,0.5187937934151676,181,122
426,151220060,2023-09-26,0.89,0.636576829071551,181,123
427,151220060,2023-09-28,0.95,0.6678293725756554,181,124
428,151220060,2023-10-03,1.15,0.7654678421395714,181,125
429,151220060,2023-11-07,1.19,0.7839015438284094,181,126
430,152200120,2023-05-09,19.3,3.0106208860477417,186,134
431,152200120,2023-05-12,22.2,3.144152278672264,186,135
432,152200120,2023-05-27,19.3,3.0106208860477417,186,133
433,152200120,2023-06-01,19.6,3.0252910757955354,186,131
434,152200120,2023-06-03,22.9,3.173878458937465,186,129
435,152200120,2023-06-08,24.5,3.2386784521643803,186,132
436,152200120,2023-06-11,22.3,3.148453360571655,186,130
437,152200120,2023-08-12,4.53,1.7101878155342436,186,127
438,152200120,2023-08-15,4.49,1.7029282555214393,186,128
439,152200120,2023-09-06,3.53,1.5107219394949427,186,123
440,152200120,2023-09-11,3.17,1.4279160358107101,186,124
441,152200120,2023-09-16,2.97,1.3787660946990992,186,125
442,152200120,2023-09-21,2.6,1.2809338454620645,186,126
443,154200010,2023-05-05,3.96,1.601405740736836,189,22
444,154200010,2023-05-07,3.52,1.5085119938441398,189,21
445,154200010,2023-05-12,3.49,1.501852701754163,189,20
446,154200010,2023-05-30,6.56,2.0228711901914416,189,18
447,154200010,2023-06-06,4.46,1.6974487897568138,189,19
448,154200010,2023-06-11,3.32,1.463255402256019,189,23
449,154200010,2023-08-23,0.36,0.3074846997479606,189,17
450,154200010,2023-09-07,0.35,0.30010459245033805,189,15
451,154200010,2023-09-12,0.32,0.2776317365982795,189,16
452,150160280,2023-05-05,1.77,1.0188473201992472,161,237
453,150160280,2023-05-12,1.72,1.000631880307906,161,228
454,150160280,2023-05-27,1.37,0.8628899551470399,161,229
455,150160280,2023-06-04,2.29,1.1908875647772805,161,230
456,150160280,2023-07-09,1.14,0.76080582903376,161,231
457,150160280,2023-08-15,0.47,0.3852624007906449,161,232
458,150160280,2023-08-18,0.38,0.32208349916911333,161,238
459,150160280,2023-08-23,0.32,0.2776317365982795,161,233
460,150160280,2023-08-25,0.42,0.35065687161316933,161,234
461,150160280,2023-09-07,0.2,0.18232155679395462,161,235
462,150160280,2023-09-27,0.27,0.23901690047049992,161,236
463,154180230,2023-05-10,0.71,0.5364933705145685,188,144
464,154170240,2023-09-02,0.021,0.020782539182528505,188,148
465,154180230,2023-09-02,0.65,0.5007752879124893,188,143
466,154170240,2023-09-12,0.016,0.01587334915629015,188,145
467,154180230,2023-09-12,0.65,0.5007752879124893,188,140
468,154170240,2023-09-17,0.016,0.01587334915629015,188,147
469,154180230,2023-09-17,0.63,0.48858001481867097,188,141
470,154170240,2023-09-27,0.027,0.02664193094642118,188,146
471,154180230,2023-09-27,0.63,0.48858001481867097,188,142
472,150200140,2023-05-27,1.99,1.095273387402595,175,35
473,150200140,2023-06-01,2.05,1.11514159061932,175,34
474,150200140,2023-07-08,2.7,1.308332819650179,175,29
475,150200140,2023-07-16,2.24,1.1755733298042381,175,33
476,150200140,2023-08-12,1.3,0.832909122935104,175,32
477,150200140,2023-08-15,2.62,1.2864740258376797,175,30
478,150200140,2023-08-22,1.12,0.7514160886839212,175,36
479,150200140,2023-09-06,1.79,1.0260415958332743,175,31
480,150200140,2023-09-11,0.86,0.6205764877251099,175,23
481,150200140,2023-09-16,1.09,0.7371640659767197,175,24
482,150200140,2023-09-21,0.76,0.5653138090500605,175,25
483,150200140,2023-09-26,12.7,2.617395832834079,175,26
484,150200140,2023-09-29,1.7,0.9932517730102834,175,27
485,150200140,2023-10-14,0.82,0.598836501088704,175,28
486,153220320,2023-05-07,0.1,0.09531017980432487,184,13
487,153220320,2023-05-09,0.28,0.2468600779315258,184,14
488,153220320,2023-06-01,0.28,0.2468600779315258,184,4
489,153220320,2023-06-06,0.24,0.2151113796169455,184,5
490,153220320,2023-06-08,0.24,0.2151113796169455,184,6
491,153220320,2023-06-11,0.25,0.22314355131420976,184,16
492,153220320,2023-07-16,0.08,0.07696104113612832,184,12
493,153220320,2023-08-15,0.048,0.04688358589885042,184,11
494,153220320,2023-09-11,0.06,0.058268908123975775,184,7
495,153220320,2023-09-16,0.037,0.036331929247390274,184,8
496,153220320,2023-09-21,0.029,0.028587456851912555,184,9
497,153220320,2023-09-26,0.028,0.027615167032973367,184,15
498,153220320,2023-09-29,0.028,0.027615167032973367,184,10
499,153180030,2023-05-07,2.7,1.308332819650179,188,110
500,153180030,2023-05-10,2.65,1.2947271675944,188,112
501,153180030,2023-05-12,2.66,1.297463147413275,188,111
502,153180030,2023-05-27,2.83,1.3428648031925547,188,109
503,153180030,2023-05-30,2.68,1.3029127521808397,188,107
504,153180030,2023-06-11,2.43,1.2325602611778486,188,113
505,153180030,2023-08-15,1.25,0.8109302162163288,188,108
506,153180030,2023-08-23,1.2,0.7884573603642702,188,114
507,153180030,2023-09-07,1.15,0.7654678421395714,188,104
508,153180030,2023-09-12,1.16,0.7701082216960736,188,105
509,153180030,2023-09-17,1.19,0.7839015438284094,188,106
510,153180030,2023-10-17,1.5,0.9162907318741551,188,115
511,151210130,2023-05-04,2.16,1.1505720275988207,179,197
512,151210130,2023-08-12,1.36,0.8586616190375187,179,203
513,151210130,2023-09-01,1.36,0.8586616190375187,179,202
514,151210130,2023-09-06,1.2,0.7884573603642702,179,198
515,151210130,2023-09-11,1.2,0.7884573603642702,179,199
516,151210130,2023-09-16,1.4,0.8754687373538999,179,200
517,151210130,2023-09-21,1.3,0.832909122935104,179,201
518,150170160,2023-05-27,4.66,1.7334238922150915,160,107
519,150170170,2023-05-27,3.0,1.3862943611198906,160,114
520,150170160,2023-07-11,4.26,1.6601310267496183,160,104
521,150170170,2023-07-11,2.66,1.297463147413275,160,111
522,150170160,2023-08-15,2.11,1.1346227261911428,160,105
523,150170170,2023-08-15,1.7,0.9932517730102834,160,112
524,150170160,2023-09-07,1.19,0.7839015438284094,160,106
525,150170170,2023-09-07,0.27,0.23901690047049992,160,113
526,150170160,2023-09-09,1.05,0.7178397931503169,160,101
527,150170170,2023-09-09,0.27,0.23901690047049992,160,108
528,150170160,2023-09-27,1.59,0.9516578757114464,160,102
529,150170170,2023-09-27,1.07,0.7275486072772778,160,109
530,150170160,2023-09-29,1.34,0.8501509293696101,160,103
531,150170170,2023-09-29,0.71,0.5364933705145685,160,110
532,152220070,2023-05-01,9.24,2.3263016196113617,186,58
533,152220070,2023-05-11,7.8,2.174751721484161,186,57
534,152220070,2023-05-21,5.13,1.81319474994812,186,48
535,152220070,2023-05-29,5.19,1.8229350866965048,186,59
536,152220070,2023-05-31,4.75,1.749199854809259,186,49
537,152220070,2023-06-08,5.0,1.791759469228055,186,56
538,152220070,2023-07-05,3.47,1.4973884086254774,186,50
539,152220070,2023-07-10,2.99,1.3837912309017721,186,55
540,152220070,2023-09-16,1.26,0.8153648132841945,186,51
541,152220070,2023-09-18,1.22,0.7975071958841881,186,60
542,152220070,2023-09-21,1.25,0.8109302162163288,186,52
543,152220070,2023-09-26,1.27,0.8197798314933114,186,53
544,152220070,2023-09-28,1.3,0.832909122935104,186,54
545,153190050,2023-05-10,25.8,3.288401887516811,187,135
546,153190050,2023-05-27,26.2,3.3032169733019514,187,132
547,153190050,2023-06-11,27.2,3.339321977944068,187,133
548,153190050,2023-08-15,7.94,2.190535589185423,187,134
549,153190050,2023-09-07,6.56,2.0228711901914416,187,129
550,153190050,2023-09-12,6.57,2.0241930674493576,187,130
551,153190050,2023-09-17,6.64,2.033397603178429,187,131
552,153190050,2023-10-17,7.04,2.084429083190875,187,136
553,151210040,2023-05-04,5.15,1.8164520818184267,179,241
554,151210040,2023-06-03,3.39,1.47932922708708,179,242
555,151210040,2023-07-16,3.61,1.5282278570085572,179,243
556,151210040,2023-08-12,1.5,0.9162907318741551,179,244
557,151210040,2023-08-15,1.49,0.9122827104766162,179,240
558,151210040,2023-09-01,1.32,0.8415671856782186,179,245
559,151210040,2023-09-06,1.14,0.76080582903376,179,238
560,151210040,2023-09-11,1.01,0.6981347220709844,179,234
561,151210040,2023-09-16,1.01,0.6981347220709844,179,235
562,151210040,2023-09-21,1.04,0.712949807856125,179,236
563,151210040,2023-09-29,1.24,0.8064758658669485,179,239
564,151210040,2023-10-14,1.12,0.7514160886839212,179,237
565,153180110,2023-05-07,7.98,2.194999882314108,188,127
566,153180110,2023-05-10,7.74,2.167910189667444,188,128
567,153180110,2023-05-12,7.89,2.1849270495258133,188,129
568,153180110,2023-05-27,8.7,2.272125885509337,188,135
569,153180110,2023-05-30,8.25,2.224623551524334,188,130
570,153180110,2023-06-11,6.9,2.066862759472976,188,136
571,153180110,2023-08-15,3.51,1.5062971535145868,188,137
572,153180110,2023-09-07,3.29,1.4562867329399256,188,131
573,153180110,2023-09-12,3.34,1.4678743481123135,188,132
574,153180110,2023-09-17,3.26,1.449269160281279,188,133
575,153180110,2023-10-17,3.96,1.601405740736836,188,134
576,154220090,2023-05-07,0.96,0.6729444732424258,189,152
577,154220090,2023-06-06,1.23,0.8020015854720274,189,153
578,154220090,2023-06-11,1.16,0.7701082216960736,189,151
579,154220090,2023-09-04,0.52,0.41871033485818504,189,154
580,154220090,2023-09-16,0.38,0.32208349916911333,189,149
581,154220090,2023-09-29,0.32,0.2776317365982795,189,150
582,153190160,2023-05-12,4.02,1.6134299337036377,186,116
583,153190160,2023-05-27,3.89,1.5871923034867808,186,117
584,153190160,2023-06-01,3.5,1.5040773967762742,186,114
585,153190160,2023-06-11,4.02,1.6134299337036377,186,115
586,150190010,2023-05-12,1.16,0.7701082216960736,172,241
587,150190010,2023-05-27,0.46,0.3784364357202451,172,237
588,150190010,2023-06-01,0.62,0.4824261492442927,172,238
589,150190010,2023-08-15,0.21,0.1906203596086497,172,242
590,150190010,2023-09-09,0.18,0.16551443847757338,172,239
591,150190010,2023-09-29,0.24,0.2151113796169455,172,240
592,150200030,2023-05-04,19.8,3.0349529867072724,176,65
593,150200030,2023-05-09,19.0,2.995732273553991,176,66
594,150200030,2023-06-03,19.4,3.0155349008501706,176,64
595,150200030,2023-07-08,12.3,2.5877640352277083,176,61
596,150200030,2023-08-12,7.74,2.167910189667444,176,62
597,150200030,2023-08-15,8.87,2.28949985344539,176,63
598,150200030,2023-09-06,6.95,2.0731719286662407,176,56
599,150200030,2023-09-11,5.64,1.8931119634883424,176,57
600,150200030,2023-09-16,5.72,1.9050881545350582,176,58
601,150200030,2023-09-21,5.56,1.8809906029559977,176,59
602,150200030,2023-09-29,8.92,2.2945529212967815,176,60
603,150210140,2023-07-08,2.56,1.269760544863939,177,91
604,150210140,2023-08-12,1.57,0.9439058989071285,177,90
605,150210140,2023-08-22,1.28,0.8241754429663495,177,92
606,150210140,2023-08-27,1.48,0.9082585601768908,177,93
607,150210140,2023-09-06,1.37,0.8628899551470399,177,89
608,150210140,2023-09-11,0.95,0.6678293725756554,177,86
609,150210140,2023-09-16,0.86,0.6205764877251099,177,87
610,150210140,2023-09-21,1.14,0.76080582903376,177,88
611,151160040,2023-05-08,1.96,1.085189268335969,162,189
612,151160040,2023-05-28,2.02,1.1052568313867783,162,188
613,151160040,2023-05-30,1.58,0.9477893989335261,162,185
614,151160040,2023-06-04,2.61,1.2837077723447896,162,187
615,151160040,2023-07-09,1.1,0.7419373447293773,162,186
616,151160040,2023-09-07,0.14,0.1310282624064041,162,179
617,151160040,2023-09-10,0.08,0.07696104113612832,162,180
618,151160040,2023-09-17,0.048,0.04688358589885042,162,181
619,151160040,2023-09-27,0.029,0.028587456851912555,162,182
620,151160040,2023-10-02,0.06,0.058268908123975775,162,183
621,151160040,2023-10-30,1.22,0.7975071958841881,162,184
622,150150120,2023-05-08,0.78,0.5766133643039938,163,96
623,150150120,2023-05-28,0.73,0.5481214085096876,163,97
624,150150120,2023-05-30,0.73,0.5481214085096876,163,94
625,150150120,2023-06-04,0.73,0.5481214085096876,163,93
626,150150120,2023-07-09,0.63,0.48858001481867097,163,95
627,150150120,2023-09-07,0.44,0.36464311358790924,163,88
628,150150120,2023-09-10,0.38,0.32208349916911333,163,90
629,150150120,2023-09-17,0.41,0.3435897043900769,163,92
630,150150120,2023-09-27,0.37,0.31481073984003355,163,91
631,150150120,2023-10-02,0.39,0.3293037471426004,163,89
632,151180120,2023-05-10,34.1,3.55820113047182,165,5
633,151180120,2023-05-12,38.4,3.673765816303888,165,6
634,151180120,2023-05-27,27.8,3.3603753871419,165,3
635,151180120,2023-06-01,24.5,3.2386784521643803,165,0
636,151180120,2023-06-04,26.3,3.306886702190914,165,2
637,151180120,2023-06-11,31.6,3.484312288372662,164,249
638,151180120,2023-07-04,20.0,3.044522437723423,165,4
639,151180120,2023-07-09,20.8,3.0819099697950434,165,1
640,151180120,2023-08-15,12.1,2.5726122302071057,164,248
641,151180120,2023-08-23,11.6,2.533696813957432,164,247
642,151180120,2023-09-07,10.4,2.4336133554004498,164,244
643,151180120,2023-09-27,9.5,2.3513752571634776,164,245
644,151180120,2023-09-29,9.97,2.395164274287139,164,246
645,153220100,2023-05-12,69.3,4.252771798816619,183,186
646,153220100,2023-06-01,64.9,4.188138441508461,183,184
647,153220100,2023-07-16,30.3,3.4436180975461075,183,185
648,153220100,2023-08-12,10.5,2.4423470353692043,183,187
649,153220100,2023-09-11,6.69,2.0399207835175526,183,181
650,153220100,2023-09-16,6.17,1.969905654611529,183,182
651,153220100,2023-09-26,5.6,1.8870696490323797,183,183
652,154210030,2023-05-07,1.2,0.7884573603642702,189,65
653,154210030,2023-05-09,1.42,0.8837675401685949,189,64
654,154210030,2023-05-12,1.65,0.9745596399981308,189,67
655,154210030,2023-06-06,3.7,1.547562508716013,189,62
656,154210030,2023-06-11,3.09,1.4085449700547104,189,61
657,154210030,2023-08-15,0.51,0.412109650826833,189,63
658,154210030,2023-09-04,0.43,0.3576744442718159,189,58
659,154210030,2023-09-11,0.3,0.26236426446749106,189,66
660,154210030,2023-09-16,0.29,0.2546422183735807,189,59
661,154210030,2023-09-21,0.29,0.2546422183735807,189,60
662,150160150,2023-05-27,1.17,0.7747271675523681,161,109
663,150160170,2023-05-27,3.87,1.5830939370944985,161,45
664,150160150,2023-07-11,0.61,0.4762341789963716,161,111
665,150160170,2023-07-11,1.9,1.0647107369924282,161,47
666,150160150,2023-08-15,0.4,0.33647223662121295,161,110
667,150160170,2023-08-15,0.98,0.6830968447064438,161,46
668,150160150,2023-09-07,0.24,0.2151113796169455,161,112
669,150160170,2023-09-07,0.6,0.4700036292457356,161,48
670,150160150,2023-09-09,0.25,0.22314355131420976,161,107
671,150160170,2023-09-09,0.61,0.4762341789963716,161,43
672,150160150,2023-09-27,0.32,0.2776317365982795,161,113
673,150160170,2023-09-27,0.68,0.5187937934151676,161,49
674,150160150,2023-09-29,0.42,0.35065687161316933,161,108
675,150160170,2023-09-29,0.77,0.5709795465857378,161,44
676,151200100,2023-05-04,2.06,1.1184149159642893,179,209
677,151200100,2023-05-09,2.64,1.2919836816486494,179,211
678,151200100,2023-06-03,3.02,1.3912819026309298,179,207
679,151200100,2023-08-12,0.55,0.4382549309311553,179,210
680,151200100,2023-08-15,0.73,0.5481214085096876,179,208
681,151200100,2023-09-06,0.37,0.31481073984003355,179,204
682,151200100,2023-09-16,0.4,0.33647223662121295,179,205
683,151200100,2023-09-21,0.48,0.3920420877760237,179,212
684,151200100,2023-09-29,0.64,0.49469624183610705,179,206
685,154170110,2023-05-08,10.9,2.4765384001174837,170,115
686,154170110,2023-05-10,10.4,2.4336133554004498,170,114
687,154170110,2023-05-30,11.7,2.5416019934645457,170,111
688,154170110,2023-06-02,12.2,2.580216829592325,170,116
689,154170110,2023-06-07,10.2,2.4159137783010487,170,113
690,154170110,2023-06-12,11.0,2.4849066497880004,170,112
691,154170110,2023-09-05,6.26,1.9823798288367047,170,108
692,154170110,2023-09-10,5.99,1.9444805562457188,170,109
693,154170110,2023-09-12,6.22,1.9768549529047348,170,110
694,154170110,2023-09-15,6.39,2.0001277349601105,170,117
695,149180020,2023-07-11,22.4,3.152736022363656,160,2
696,149180020,2023-08-15,14.8,2.760009940032921,160,3
697,149180020,2023-09-09,8.47,2.248128907197987,160,0
698,149180020,2023-09-29,18.8,2.9856819377004897,160,1
699,154160140,2023-05-08,15.1,2.7788192719904172,170,27
700,154160140,2023-05-10,15.0,2.772588722239781,170,24
701,154160140,2023-05-30,16.4,2.856470206220483,170,26
702,154160140,2023-06-02,16.2,2.8449093838194073,170,22
703,154160140,2023-06-07,14.8,2.760009940032921,170,25
704,154160140,2023-06-12,14.1,2.714694743820879,170,23
705,154160140,2023-09-05,9.49,2.3504224224082058,170,18
706,154160140,2023-09-10,8.81,2.2834022735772717,170,19
707,154160140,2023-09-12,9.35,2.336986519711378,170,20
708,154160140,2023-09-15,8.96,2.298577071596507,170,21
709,150220140,2023-05-01,11.0,2.4849066497880004,178,209
710,150220140,2023-05-31,12.2,2.580216829592325,178,199
711,150220140,2023-06-05,7.64,2.1564025828159643,178,200
712,150220140,2023-07-08,4.39,1.6845453849209058,178,210
713,150220140,2023-08-14,2.72,1.3137236682850553,178,201
714,150220140,2023-08-29,2.91,1.3635373739972745,178,202
715,150220140,2023-09-06,2.39,1.220829921392359,178,203
716,150220140,2023-09-11,1.86,1.0508216248317612,178,204
717,150220140,2023-09-21,1.76,1.0152306797290587,178,205
718,150220140,2023-09-28,3.52,1.5085119938441398,178,206
719,150220140,2023-10-03,2.32,1.199964782928397,178,207
720,150220140,2023-10-18,1.65,0.9745596399981308,178,208
721,153220110,2023-05-07,3.16,1.425515074273172,183,238
722,153220110,2023-05-09,2.95,1.3737155789130306,183,236
723,153220110,2023-05-12,3.08,1.4060969884160703,183,239
724,153220110,2023-06-06,3.16,1.425515074273172,183,235
725,153220110,2023-06-11,3.16,1.425515074273172,183,237
726,153220110,2023-07-16,0.85,0.6151856390902335,183,233
727,153220110,2023-08-15,0.34,0.29266961396282,183,234
728,153220110,2023-09-11,0.21,0.1906203596086497,183,229
729,153220110,2023-09-16,0.22,0.1988508587451652,183,230
730,153220110,2023-09-21,0.44,0.36464311358790924,183,231
731,153220110,2023-09-26,0.24,0.2151113796169455,183,232
732,153180080,2023-05-07,1630.0,7.396948602621014,172,36
733,153180080,2023-05-10,1440.0,7.273092595999522,172,33
734,153180080,2023-05-12,1360.0,7.215975002651466,172,32
735,153180080,2023-05-27,1340.0,7.201170883281678,172,34
736,153180080,2023-05-30,1270.0,7.147559271189454,172,31
737,153180080,2023-08-15,481.0,6.1779441140506,172,30
738,153180080,2023-09-07,587.0,6.376726947898627,172,27
739,153180080,2023-09-12,493.0,6.202535517187923,172,29
740,153180080,2023-09-17,445.0,6.100318952020064,172,35
741,153180080,2023-10-17,756.0,6.6293632534374485,172,28
742,152150230,2023-05-08,0.96,0.6729444732424258,168,230
743,152150230,2023-05-10,1.11,0.7466879474879752,168,232
744,152150230,2023-05-28,1.08,0.7323678937132266,168,229
745,152150230,2023-05-30,1.11,0.7466879474879752,168,226
746,152150230,2023-06-02,1.26,0.8153648132841945,168,227
747,152150230,2023-06-04,1.18,0.7793248768009976,168,231
748,152150230,2023-07-07,1.06,0.7227059828014898,168,228
749,152150230,2023-07-09,0.92,0.6523251860396903,168,225
750,152150230,2023-09-07,0.84,0.6097655716208943,168,220
751,152150230,2023-09-10,0.74,0.5538851132264376,168,221
752,152150230,2023-09-12,0.69,0.5247285289349821,168,222
753,152150230,2023-09-15,0.79,0.5822156198526637,168,233
754,152150230,2023-09-27,0.8,0.5877866649021191,168,223
755,152150230,2023-11-26,1.0,0.6931471805599453,168,224
756,153179996,2023-05-08,1.36,0.8586616190375187,188,7
757,153179996,2023-05-10,1.36,0.8586616190375187,188,5
758,153179996,2023-05-28,1.45,0.8960880245566356,188,8
759,153179996,2023-06-04,1.41,0.8796267475025636,188,4
760,153179996,2023-06-12,1.31,0.8372475245337022,188,6
761,153179996,2023-09-10,0.73,0.5481214085096876,187,249
762,153179996,2023-09-12,0.7,0.5306282510621704,188,9
763,153179996,2023-09-15,0.7,0.5306282510621704,188,0
764,153179996,2023-09-25,0.72,0.5423242908253616,188,1
765,153179996,2023-09-27,0.72,0.5423242908253616,188,2
766,153179996,2023-10-17,0.75,0.5596157879354227,188,3
767,151150180,2023-05-08,1.19,0.7839015438284094,162,220
768,151150180,2023-05-28,1.35,0.8544153281560676,162,219
769,151150180,2023-05-30,1.13,0.7561219797213337,162,211
770,151150180,2023-06-04,1.79,1.0260415958332743,162,212
771,151150180,2023-07-09,0.79,0.5822156198526637,162,218
772,151150180,2023-09-07,0.32,0.2776317365982795,162,213
773,151150180,2023-09-10,0.28,0.2468600779315258,162,214
774,151150180,2023-09-17,0.29,0.2546422183735807,162,215
775,151150180,2023-09-27,0.33,0.2851789422336624,162,216
776,151150180,2023-10-30,1.17,0.7747271675523681,162,217
777,152230030,2023-05-01,5.43,1.860974538249528,183,48
778,152230030,2023-05-11,4.13,1.635105659182678,183,49
779,152230030,2023-05-21,2.19,1.1600209167967532,183,50
780,152230030,2023-05-26,2.6,1.2809338454620645,183,51
781,152230030,2023-05-29,1.69,0.9895411936137477,183,47
782,152230030,2023-05-31,2.33,1.2029723039923526,183,46
783,152230030,2023-06-08,1.89,1.0612565021243408,183,45
784,152230030,2023-07-05,1.14,0.76080582903376,183,43
785,152230030,2023-07-10,0.86,0.6205764877251099,183,44
786,152230030,2023-09-16,0.27,0.23901690047049992,183,39
787,152230030,2023-09-18,0.3,0.26236426446749106,183,40
788,152230030,2023-09-26,0.28,0.2468600779315258,183,41
789,152230030,2023-09-28,0.16,0.14842000511827327,183,42
790,150160030,2023-05-30,0.5,0.4054651081081644,162,62
791,150160030,2023-06-04,0.68,0.5187937934151676,162,61
792,150160030,2023-07-09,0.42,0.35065687161316933,162,63
793,150160030,2023-09-07,0.05,0.04879016416943201,162,58
794,150160030,2023-09-17,0.041,0.04018178963283183,162,64
795,150160030,2023-09-27,0.049,0.04783732941416013,162,59
796,150160030,2023-10-02,0.07,0.06765864847381481,162,60
797,153170050,2023-05-08,5.57,1.8825138324965192,187,219
798,153170050,2023-05-10,5.52,1.8748743759385615,187,217
799,153170050,2023-05-28,5.62,1.890095369948917,187,221
800,153170050,2023-06-02,5.57,1.8825138324965192,187,220
801,153170050,2023-06-04,5.52,1.8748743759385615,187,222
802,153170050,2023-06-12,5.31,1.8421356765531218,187,218
803,153170050,2023-09-10,3.74,1.556037135706985,187,211
804,153170050,2023-09-12,3.74,1.556037135706985,187,212
805,153170050,2023-09-15,3.69,1.545432582458188,187,213
806,153170050,2023-09-25,4.09,1.6272778305624314,187,214
807,153170050,2023-09-27,3.98,1.6054298910365616,187,215
808,153170050,2023-10-17,4.02,1.6134299337036377,187,216
809,154160130,2023-05-10,2.67,1.3001916620664788,169,213
810,154160130,2023-05-30,2.96,1.3762440252663892,169,211
811,154160130,2023-06-02,3.1,1.410986973710262,169,214
812,154160130,2023-06-07,2.72,1.3137236682850553,169,210
813,154160130,2023-06-12,2.62,1.2864740258376797,169,212
814,154160130,2023-09-05,2.24,1.1755733298042381,169,215
815,154160130,2023-09-10,2.12,1.1378330018213911,169,207
816,154160130,2023-09-12,2.32,1.199964782928397,169,208
817,154160130,2023-09-15,2.21,1.1662709371419244,169,209
818,149180060,2023-08-15,1.42,0.8837675401685949,160,130
819,149180070,2023-08-15,0.13,0.12221763272424921,160,133
820,149180060,2023-09-09,0.83,0.6043159668533296,160,131
821,149180070,2023-09-09,0.12,0.11332868530700317,160,134
822,149180060,2023-09-29,7.23,2.1077860146889784,160,132
823,149180070,2023-09-29,0.038,0.037295784743696894,160,135
824,149190080,2023-06-03,11.3,2.509599262378372,173,80
825,149190080,2023-07-08,8.37,2.2375130962503307,173,79
826,149190080,2023-07-11,6.12,1.9629077254238845,173,83
827,149190080,2023-08-12,4.36,1.6789639750827106,173,82
828,149190080,2023-08-15,3.84,1.5769147207285403,173,81
829,149190080,2023-09-06,2.54,1.264126727145683,173,72
830,149190080,2023-09-09,2.11,1.1346227261911428,173,73
831,149190080,2023-09-11,2.38,1.2178757094949273,173,74
832,149190080,2023-09-16,2.69,1.3056264580524357,173,75
833,149190080,2023-09-21,3.45,1.4929040961781488,173,76
834,149190080,2023-09-26,30.6,3.4531571205928664,173,77
835,149190080,2023-09-29,8.24,2.2235418856535927,173,78
836,149200330,2023-07-08,3.73,1.5539252025038417,176,34
837,149200330,2023-08-12,2.14,1.144222799920162,176,35
838,149200330,2023-08-22,5.61,1.888583653863595,176,37
839,149200330,2023-09-06,1.63,0.9669838461896731,176,36
840,149200330,2023-09-11,1.01,0.6981347220709844,176,30
841,149200330,2023-09-16,1.21,0.7929925155296614,176,31
842,149200330,2023-09-21,1.16,0.7701082216960736,176,32
843,149200330,2023-09-26,4.09,1.6272778305624314,176,33
844,152150130,2023-05-08,238.0,5.476463551931511,160,68
845,152150130,2023-05-28,221.0,5.402677381872279,160,69
846,152150130,2023-05-30,211.0,5.356586274672012,160,66
847,152150130,2023-06-04,223.0,5.4116460518550396,160,67
848,152150130,2023-07-09,193.0,5.267858159063328,160,64
849,152150130,2023-08-18,95.5,4.56954300834494,160,65
850,152150130,2023-08-23,91.5,4.52720864451838,160,63
851,152150130,2023-09-07,82.6,4.426043520090656,160,61
852,152150130,2023-09-10,85.2,4.456670177669648,160,62
853,149220080,2023-05-01,1.94,1.0784095813505903,178,69
854,149220080,2023-05-21,4.07,1.623340817603092,178,65
855,149220080,2023-05-31,3.55,1.515127232962859,178,63
856,149220080,2023-06-03,4.97,1.7867469274045107,178,62
857,149220080,2023-07-08,0.68,0.5187937934151676,178,71
858,149220080,2023-07-15,0.77,0.5709795465857378,178,73
859,149220080,2023-08-14,1.4,0.8754687373538999,178,64
860,149220080,2023-08-27,1.63,0.9669838461896731,178,66
861,149220080,2023-09-06,0.47,0.3852624007906449,178,68
862,149220080,2023-09-08,0.39,0.3293037471426004,178,70
863,149220080,2023-09-11,0.35,0.30010459245033805,178,58
864,149220080,2023-09-16,0.32,0.2776317365982795,178,74
865,149220080,2023-09-21,0.28,0.2468600779315258,178,59
866,149220080,2023-09-26,1.45,0.8960880245566356,178,60
867,149220080,2023-09-28,0.68,0.5187937934151676,178,61
868,149220080,2023-10-03,0.45,0.37156355643248307,178,67
869,149220080,2023-10-18,0.41,0.3435897043900769,178,72
870,154160080,2023-05-08,1.54,0.9321640810304452,169,144
871,154160080,2023-05-10,1.54,0.9321640810304452,169,145
872,154160080,2023-05-28,1.72,1.000631880307906,169,149
873,154160080,2023-05-30,1.54,0.9321640810304452,169,148
874,154160080,2023-06-02,1.54,0.9321640810304452,169,146
875,154160080,2023-06-07,1.35,0.8544153281560676,169,147
876,154160080,2023-06-12,1.35,0.8544153281560676,169,150
877,154160080,2023-07-07,0.8,0.5877866649021191,169,151
878,154160080,2023-09-07,0.81,0.5933268452777344,169,138
879,154160080,2023-09-10,0.74,0.5538851132264376,169,139
880,154160080,2023-09-12,0.81,0.5933268452777344,169,140
881,154160080,2023-09-15,0.87,0.6259384308664953,169,141
882,154160080,2023-09-27,0.86,0.6205764877251099,169,142
883,154160080,2023-10-17,1.1,0.7419373447293773,169,143
884,151210070,2023-05-12,10.3,2.424802725718295,181,193
885,151210070,2023-06-01,2.6,1.2809338454620645,181,194
886,151210070,2023-07-16,1.32,0.8415671856782186,181,201
887,151210070,2023-08-12,0.6,0.4700036292457356,181,195
888,151210070,2023-08-15,0.74,0.5538851132264376,181,200
889,151210070,2023-09-06,0.55,0.4382549309311553,181,196
890,151210070,2023-09-11,0.48,0.3920420877760237,181,197
891,151210070,2023-09-16,0.6,0.4700036292457356,181,198
892,151210070,2023-09-29,0.69,0.5247285289349821,181,199
893,153220090,2023-05-07,2.69,1.3056264580524357,184,103
894,153220090,2023-05-09,2.89,1.358409157630355,184,94
895,153220090,2023-05-12,3.56,1.5173226235262947,184,105
896,153220090,2023-06-01,3.63,1.5325568680981427,184,95
897,153220090,2023-06-11,3.21,1.43746264769429,184,96
898,153220090,2023-07-16,1.15,0.7654678421395714,184,97
899,153220090,2023-08-12,0.65,0.5007752879124893,184,104
900,153220090,2023-08-15,0.65,0.5007752879124893,184,98
901,153220090,2023-09-11,0.5,0.4054651081081644,184,99
902,153220090,2023-09-16,0.48,0.3920420877760237,184,100
903,153220090,2023-09-21,0.45,0.37156355643248307,184,101
904,153220090,2023-09-26,0.52,0.41871033485818504,184,102
905,149190120,2023-07-08,29.6,3.4210000089583352,173,110
906,149190120,2023-07-11,12.3,2.5877640352277083,173,108
907,149190120,2023-07-18,62.8,4.155753190350744,173,109
908,149190120,2023-08-12,2.01,1.1019400787607843,173,107
909,149190120,2023-08-15,3.61,1.5282278570085572,173,106
910,149190120,2023-08-22,3.26,1.449269160281279,173,105
911,149190120,2023-09-06,4.17,1.6428726885203377,173,98
912,149190120,2023-09-09,7.62,2.154085084675602,173,99
913,149190120,2023-09-11,2.15,1.1474024528375417,173,100
914,149190120,2023-09-16,1.73,1.0043016091968684,173,101
915,149190120,2023-09-21,1.77,1.0188473201992472,173,102
916,149190120,2023-09-26,44.5,3.817712325956905,173,103
917,149190120,2023-09-29,24.7,3.246490991901174,173,104
918,153220310,2023-05-07,2.85,1.3480731482996928,184,89
919,153220310,2023-05-09,2.85,1.3480731482996928,184,90
920,153220310,2023-06-01,2.72,1.3137236682850553,184,91
921,153220310,2023-06-06,2.72,1.3137236682850553,184,92
922,153220310,2023-06-08,2.66,1.297463147413275,184,88
923,153220310,2023-06-11,2.46,1.2412685890696329,184,87
924,153220310,2023-07-16,1.48,0.9082585601768908,184,85
925,153220310,2023-08-15,0.63,0.48858001481867097,184,86
926,153220310,2023-09-11,0.32,0.2776317365982795,184,93
927,153220310,2023-09-16,0.22,0.1988508587451652,184,82
928,153220310,2023-09-21,0.18,0.16551443847757338,184,84
929,153220310,2023-09-26,0.14,0.1310282624064041,184,81
930,153220310,2023-09-29,0.13,0.12221763272424921,184,83
931,153180010,2023-05-10,5.7,1.9021075263969205,188,34
932,153180010,2023-05-27,5.6,1.8870696490323797,188,36
933,153180010,2023-06-04,5.43,1.860974538249528,188,35
934,153180010,2023-06-11,5.55,1.8794650496471605,188,33
935,153180010,2023-08-15,3.57,1.5195132049061133,188,32
936,153180010,2023-09-07,2.97,1.3787660946990992,188,28
937,153180010,2023-09-12,2.98,1.3812818192963463,188,29
938,153180010,2023-09-17,3.33,1.4655675420143985,188,30
939,153180010,2023-09-27,3.78,1.5644405465033646,188,31
940,153160260,2023-05-08,1.81,1.0331844833456545,168,45
941,153160260,2023-05-10,1.81,1.0331844833456545,168,47
942,153160260,2023-05-28,2.5,1.252762968495368,168,43
943,153160260,2023-06-02,2.24,1.1755733298042381,168,41
944,153160260,2023-06-04,2.18,1.1568811967920856,168,44
945,153160260,2023-06-12,1.85,1.0473189942805592,168,42
946,153160260,2023-07-07,1.57,0.9439058989071285,168,48
947,153160260,2023-09-10,0.82,0.598836501088704,168,37
948,153160260,2023-09-12,0.83,0.6043159668533296,168,38
949,153160260,2023-09-15,0.84,0.6097655716208943,168,39
950,153160260,2023-09-25,0.97,0.6780335427498971,168,46
951,153160260,2023-09-27,0.89,0.636576829071551,168,40
952,152210100,2023-05-12,2.3,1.1939224684724346,185,7
953,152210100,2023-06-01,1.6,0.9555114450274365,185,9
954,152210100,2023-06-03,1.98,1.091923300517313,185,8
955,152210100,2023-06-08,1.73,1.0043016091968684,185,10
956,152210100,2023-08-12,0.21,0.1906203596086497,185,6
957,152210100,2023-08-15,0.2,0.18232155679395462,185,5
958,152210100,2023-09-06,0.17,0.15700374880966475,185,0
959,152210100,2023-09-11,0.2,0.18232155679395462,185,1
960,152210100,2023-09-16,0.13,0.12221763272424921,185,2
961,152210100,2023-09-21,0.2,0.18232155679395462,185,3
962,152210100,2023-09-26,0.21,0.1906203596086497,185,4
963,149200230,2023-07-08,97.3,4.5880240271531205,175,111
964,149200230,2023-08-12,70.9,4.275276264727001,175,113
965,149200230,2023-08-22,55.1,4.027135812528651,175,112
966,149200230,2023-09-06,42.3,3.768152635008444,175,110
967,149200230,2023-09-11,44.7,3.822098297900159,175,109
968,149200230,2023-09-16,37.9,3.6609942506244004,175,106
969,149200230,2023-09-21,43.8,3.8022081394209395,175,107
970,149200230,2023-09-26,72.8,4.301358731606427,175,108
971,149190010,2023-07-08,1.26,0.8153648132841945,172,104
972,149190010,2023-07-11,0.9,0.6418538861723948,172,103
973,149190010,2023-07-18,11.7,2.5416019934645457,172,105
974,149190010,2023-08-12,0.71,0.5364933705145685,172,102
975,149190010,2023-08-15,0.78,0.5766133643039938,172,101
976,149190010,2023-08-22,1.28,0.8241754429663495,172,106
977,149190010,2023-09-06,1.07,0.7275486072772778,172,94
978,149190010,2023-09-09,0.94,0.6626879730752367,172,95
979,149190010,2023-09-11,1.11,0.7466879474879752,172,96
980,149190010,2023-09-16,1.21,0.7929925155296614,172,97
981,149190010,2023-09-21,1.33,0.8458682675776092,172,98
982,149190010,2023-09-26,7.51,2.1412419425852827,172,99
983,149190010,2023-09-29,1.96,1.085189268335969,172,100
984,149180250,2023-06-03,6.29,1.986503546020567,172,74
985,149180250,2023-07-11,1.59,0.9516578757114464,172,72
986,149180250,2023-08-12,0.63,0.48858001481867097,172,70
987,149180250,2023-08-15,0.64,0.49469624183610705,172,71
988,149180250,2023-08-22,1.95,1.0818051703517284,172,73
989,149180250,2023-09-06,0.72,0.5423242908253616,172,66
990,149180250,2023-09-09,0.52,0.41871033485818504,172,67
991,149180250,2023-09-11,0.57,0.4510756193602167,172,68
992,149180250,2023-09-29,1.24,0.8064758658669485,172,69
993,151210090,2023-05-04,12.7,2.617395832834079,180,9
994,151210090,2023-05-09,12.1,2.5726122302071057,180,8
995,151210090,2023-06-03,9.39,2.340843805111136,180,7
996,151210090,2023-08-12,6.63,2.0320878452963655,180,2
997,151210090,2023-09-06,4.19,1.6467336971777973,180,3
998,151210090,2023-09-11,4.71,1.7422190236679187,180,4
999,151210090,2023-09-16,5.46,1.8656293177945105,180,5
1000,151210090,2023-09-21,5.05,1.80005827204275,180,6
1001,149190230,2023-06-01,76.1,4.345103280569283,171,51
1002,149190230,2023-06-03,91.5,4.52720864451838,171,52
1003,149190230,2023-07-08,67.7,4.229749199228304,171,45
1004,149190230,2023-07-16,27.4,3.3463891451671604,171,48
1005,149190230,2023-07-18,222.0,5.407171771460119,171,49
1006,149190230,2023-08-12,26.0,3.295836866004329,171,47
1007,149190230,2023-08-15,14.5,2.740840023925201,171,46
1008,149190230,2023-08-22,13.0,2.639057329615259,171,50
1009,149190230,2023-09-06,16.4,2.856470206220483,171,37
1010,149190230,2023-09-09,12.9,2.631888840136646,171,38
1011,149190230,2023-09-11,10.8,2.468099531471619,171,39
1012,149190230,2023-09-16,13.1,2.6461747973841225,171,40
1013,149190230,2023-09-21,12.7,2.617395832834079,171,41
1014,149190230,2023-09-26,47.1,3.8732821771117156,171,42
1015,149190230,2023-09-29,29.1,3.40452517175483,171,43
1016,149190230,2023-10-14,33.0,3.5263605246161616,171,44
1017,154230030,2023-06-08,4.82,1.7613002617433464,189,158
1018,154230030,2023-09-16,1.66,0.9783261227936076,189,155
1019,154230030,2023-09-21,1.49,0.9122827104766162,189,156
1020,154230030,2023-09-26,1.49,0.9122827104766162,189,157
1021,150200160,2023-05-04,1.1,0.7419373447293773,176,100
1022,150200160,2023-05-09,2.54,1.264126727145683,176,101
1023,150200160,2023-06-03,2.33,1.2029723039923526,176,96
1024,150200160,2023-07-08,0.72,0.5423242908253616,176,99
1025,150200160,2023-08-12,0.36,0.3074846997479606,176,98
1026,150200160,2023-08-15,0.36,0.3074846997479606,176,97
1027,150200160,2023-09-06,0.33,0.2851789422336624,176,91
1028,150200160,2023-09-11,0.24,0.2151113796169455,176,92
1029,150200160,2023-09-16,0.27,0.23901690047049992,176,93
1030,150200160,2023-09-21,0.3,0.26236426446749106,176,94
1031,150200160,2023-09-29,1.59,0.9516578757114464,176,95
1032,152180150,2023-05-10,13.3,2.6602595372658615,165,242
1033,152180150,2023-05-12,14.0,2.70805020110221,165,241
1034,152180150,2023-06-01,9.96,2.3942522815198695,165,237
1035,152180150,2023-06-04,11.4,2.517696472610991,165,234
1036,152180150,2023-06-11,12.6,2.6100697927420065,165,235
1037,152180150,2023-07-04,6.82,2.05668455455722,165,236
1038,152180150,2023-07-09,6.82,2.05668455455722,165,239
1039,152180150,2023-08-15,1.48,0.9082585601768908,165,238
1040,152180150,2023-08-23,1.61,0.9593502213346021,165,240
1041,152180150,2023-09-07,1.74,1.007957920399979,165,231
1042,152180150,2023-09-27,1.91,1.068153081183401,165,232
1043,152180150,2023-09-29,2.56,1.269760544863939,165,233
1044,151190120,2023-05-04,6.55,2.0215475632609334,182,37
1045,151190120,2023-05-09,6.23,1.9782390361706734,182,35
1046,151190120,2023-06-03,5.85,1.9242486522741338,182,32
1047,151190120,2023-07-08,4.15,1.6389967146756448,182,36
1048,151190120,2023-08-12,1.67,0.9820784724121581,182,34
1049,151190120,2023-08-15,2.03,1.1085626195212777,182,33
1050,151190120,2023-09-06,1.77,1.0188473201992472,182,27
1051,151190120,2023-09-11,1.54,0.9321640810304452,182,28
1052,151190120,2023-09-16,1.57,0.9439058989071285,182,29
1053,151190120,2023-09-21,1.52,0.924258901523332,182,30
1054,151190120,2023-09-29,1.52,0.924258901523332,182,31
1055,151150140,2023-05-08,24.4,3.2347491740244907,163,159
1056,151150140,2023-05-28,38.5,3.676300671907076,163,157
1057,151150140,2023-05-30,32.4,3.5085558999826545,163,151
1058,151150140,2023-06-04,36.2,3.616308761279101,163,152
1059,151150140,2023-07-09,22.1,3.139832617527748,163,158
1060,151150140,2023-09-07,5.4,1.8562979903656263,163,153
1061,151150140,2023-09-10,5.08,1.8050046959780757,163,154
1062,151150140,2023-09-17,5.02,1.7950872593207297,163,155
1063,151150140,2023-10-30,28.7,3.391147045808654,163,156
1064,151210120,2023-05-09,663.0,6.498282149476434,171,167
1065,151210120,2023-08-12,313.0,5.749392985908253,171,166
1066,151210120,2023-09-06,325.0,5.786897381366708,171,163
1067,151210120,2023-09-11,260.0,5.564520407322694,171,164
1068,151210120,2023-09-16,251.0,5.529429087511423,171,165
1069,153220260,2023-05-09,26.4,3.3105430133940246,183,169
1070,153220260,2023-06-08,20.9,3.086486636822455,183,167
1071,153220260,2023-09-11,2.53,1.2612978709452054,183,164
1072,153220260,2023-09-16,1.51,0.9202827531436926,183,165
1073,153220260,2023-09-21,2.19,1.1600209167967532,183,168
1074,153220260,2023-09-26,1.94,1.0784095813505903,183,166
1075,149200090,2023-05-27,10.6,2.451005098112319,174,189
1076,149200090,2023-06-01,11.1,2.4932054526026954,174,184
1077,149200090,2023-07-08,9.7,2.3702437414678603,174,183
1078,149200090,2023-07-16,5.68,1.8991179875485544,174,185
1079,149200090,2023-08-12,3.59,1.5238800240724537,174,186
1080,149200090,2023-08-15,3.49,1.501852701754163,174,187
1081,149200090,2023-08-22,3.34,1.4678743481123135,174,188
1082,149200090,2023-09-06,3.25,1.4469189829363254,174,182
1083,149200090,2023-09-09,3.28,1.4539530095937054,174,178
1084,149200090,2023-09-11,3.3,1.4586150226995167,174,179
1085,149200090,2023-09-16,3.18,1.430311246536665,174,175
1086,149200090,2023-09-21,4.99,1.790091412127358,174,176
1087,149200090,2023-09-26,20.1,3.0492730404820207,174,177
1088,149200090,2023-09-29,17.7,2.928523523860541,174,180
1089,149200090,2023-10-14,5.95,1.9387416595767009,174,181
1090,150200110,2023-05-27,3.33,1.4655675420143985,175,50
1091,150200110,2023-06-01,3.17,1.4279160358107101,175,48
1092,150200110,2023-07-08,3.31,1.4609379041156565,175,37
1093,150200110,2023-07-16,4.15,1.6389967146756448,175,38
1094,150200110,2023-08-15,6.81,2.0554049638515943,175,39
1095,150200110,2023-08-22,2.87,1.3532545070416904,175,40
1096,150200110,2023-09-06,2.66,1.297463147413275,175,49
1097,150200110,2023-09-09,1.85,1.0473189942805592,175,41
1098,150200110,2023-09-11,1.84,1.0438040521731147,175,42
1099,150200110,2023-09-16,2.08,1.1249295969854831,175,43
1100,150200110,2023-09-21,1.66,0.9783261227936076,175,44
1101,150200110,2023-09-26,5.98,1.943048916774281,175,45
1102,150200110,2023-09-29,3.73,1.5539252025038417,175,46
1103,150200110,2023-10-14,2.37,1.2149127443642704,175,47
1104,150170220,2023-05-27,0.96,0.6729444732424258,161,6
1105,150170220,2023-06-04,1.4,0.8754687373538999,161,5
1106,150170220,2023-07-04,0.92,0.6523251860396903,161,4
1107,150170220,2023-07-11,0.78,0.5766133643039938,161,2
1108,150170220,2023-08-13,0.69,0.5247285289349821,161,9
1109,150170220,2023-08-15,0.58,0.4574248470388754,161,3
1110,150170220,2023-08-18,0.51,0.412109650826833,161,7
1111,150170220,2023-08-23,0.45,0.37156355643248307,161,8
1112,150170220,2023-09-07,0.33,0.2851789422336624,160,248
1113,150170220,2023-09-09,0.32,0.2776317365982795,160,249
1114,150170220,2023-09-27,0.25,0.22314355131420976,161,1
1115,150170220,2023-09-29,0.27,0.23901690047049992,161,0
1116,153210220,2023-05-09,13.4,2.667228206581955,184,137
1117,153210220,2023-05-12,14.3,2.72785282839839,184,139
1118,153210220,2023-06-01,16.2,2.8449093838194073,184,134
1119,153210220,2023-07-16,16.4,2.856470206220483,184,138
1120,153210220,2023-08-12,8.16,2.214846178686039,184,136
1121,153210220,2023-08-15,7.91,2.187174241482718,184,135
1122,153210220,2023-09-11,7.49,2.138889000323256,184,130
1123,153210220,2023-09-16,7.61,2.1529243184396396,184,131
1124,153210220,2023-09-21,7.94,2.190535589185423,184,132
1125,153210220,2023-09-26,8.06,2.203869120054888,184,133
1126,152140100,2023-05-08,1.2,0.7884573603642702,168,238
1127,152140100,2023-05-28,1.86,1.0508216248317612,168,239
1128,152140100,2023-09-10,0.29,0.2546422183735807,168,237
1129,151230060,2023-05-11,90.4,4.515245478460105,185,73
1130,151230060,2023-05-14,95.5,4.56954300834494,185,72
1131,151230060,2023-05-21,93.3,4.546481189639412,185,70
1132,151230060,2023-05-31,94.2,4.55597994179732,185,69
1133,151230060,2023-06-05,98.9,4.604169685654508,185,71
1134,151230060,2023-08-14,17.9,2.9391619220655967,185,66
1135,151230060,2023-08-19,38.4,3.673765816303888,185,68
1136,151230060,2023-08-29,52.6,3.9815490680767565,185,67
1137,151230060,2023-09-06,46.8,3.86702563949741,185,57
1138,151230060,2023-09-16,25.1,3.261935314328648,185,58
1139,151230060,2023-09-18,28.7,3.391147045808654,185,59
1140,151230060,2023-09-21,32.7,3.517497837358316,185,60
1141,151230060,2023-09-26,25.2,3.265759410767051,185,61
1142,151230060,2023-09-28,24.6,3.242592351485517,185,62
1143,151230060,2023-10-03,26.1,3.299533727885655,185,63
1144,151230060,2023-11-02,17.9,2.9391619220655967,185,64
1145,151230060,2023-11-07,18.1,2.9496883350525844,185,65
1146,152150240,2023-05-08,17.3,2.9069010598473755,168,164
1147,152150240,2023-05-28,19.1,3.0007198150650303,168,166
1148,152150240,2023-05-30,18.8,2.9856819377004897,168,160
1149,152150240,2023-06-02,20.8,3.0819099697950434,168,162
1150,152150240,2023-06-04,20.4,3.0633909220278057,168,163
1151,152150240,2023-07-09,15.3,2.791165107812717,168,161
1152,152150240,2023-09-07,9.94,2.392425796993835,168,155
1153,152150240,2023-09-10,9.58,2.3589654264301534,168,156
1154,152150240,2023-09-12,9.51,2.3523271848888596,168,157
1155,152150240,2023-09-15,9.26,2.3282528397426234,168,158
1156,152150240,2023-09-27,9.51,2.3523271848888596,168,165
1157,152150240,2023-11-26,10.9,2.4765384001174837,168,159
1158,153150100,2023-05-08,6.22,1.9768549529047348,168,153
1159,153150100,2023-05-10,6.23,1.9782390361706734,168,152
1160,153150100,2023-05-28,7.16,2.0992441689760155,168,154
1161,153150100,2023-05-30,7.41,2.1294214739848565,168,149
1162,153150100,2023-06-02,8.18,2.217027204632399,168,150
1163,153150100,2023-06-04,8.06,2.203869120054888,168,151
1164,153150100,2023-07-07,5.97,1.9416152247724325,168,147
1165,153150100,2023-07-09,5.87,1.927164106234258,168,148
1166,153150100,2023-09-07,3.11,1.4134230285081433,168,141
1167,153150100,2023-09-10,2.97,1.3787660946990992,168,142
1168,153150100,2023-09-12,2.9,1.3609765531356006,168,143
1169,153150100,2023-09-15,2.83,1.3428648031925547,168,144
1170,153150100,2023-09-27,2.71,1.3110318766193438,168,145
1171,153150100,2023-11-26,3.83,1.5748464676644813,168,146
1172,153150120,2023-05-08,1.91,1.068153081183401,168,137
1173,153150120,2023-05-10,1.98,1.091923300517313,168,136
1174,153150120,2023-05-28,3.35,1.4701758451005928,168,138
1175,153150120,2023-05-30,3.07,1.4036429994545037,168,135
1176,153150120,2023-06-02,3.65,1.536867219599265,168,134
1177,153150120,2023-06-07,2.81,1.3376291891386096,168,140
1178,153150120,2023-06-12,2.82,1.3402504226184837,168,139
1179,153150120,2023-07-07,1.85,1.0473189942805592,168,133
1180,153150120,2023-09-07,0.63,0.48858001481867097,168,130
1181,153150120,2023-09-10,0.58,0.4574248470388754,168,131
1182,153150120,2023-09-15,0.54,0.43178241642553783,168,132
1183,153150170,2023-05-08,1.56,0.9400072584914712,168,203
1184,153150170,2023-05-10,1.57,0.9439058989071285,168,202
1185,153150170,2023-05-28,1.7,0.9932517730102834,168,206
1186,153150170,2023-05-30,1.68,0.9858167945227653,168,200
1187,153150170,2023-06-02,1.76,1.0152306797290587,168,201
1188,153150170,2023-06-04,1.74,1.007957920399979,168,204
1189,153150170,2023-07-07,1.5,0.9162907318741551,168,207
1190,153150170,2023-07-09,1.44,0.8919980393051105,168,199
1191,153150170,2023-09-07,0.93,0.6575200029167942,168,194
1192,153150170,2023-09-10,0.91,0.6471032420585385,168,195
1193,153150170,2023-09-12,0.9,0.6418538861723948,168,196
1194,153150170,2023-09-15,0.89,0.636576829071551,168,198
1195,153150170,2023-09-27,0.89,0.636576829071551,168,197
1196,153150170,2023-11-26,0.92,0.6523251860396903,168,205
1197,153150070,2023-05-08,0.31,0.27002713721306015,169,93
1198,153150070,2023-06-02,0.31,0.27002713721306015,169,91
1199,153150070,2023-06-07,0.26,0.23111172096338664,169,92
1200,153150070,2023-06-12,0.31,0.27002713721306015,169,90
1201,153150070,2023-09-10,0.06,0.058268908123975775,169,89
1202,153150070,2023-09-15,0.06,0.058268908123975775,169,94
1203,151160050,2023-05-08,5.0,1.791759469228055,162,145
1204,151160050,2023-05-28,4.96,1.7850704810772584,162,136
1205,151160050,2023-05-30,4.8,1.7578579175523736,162,144
1206,151160050,2023-06-04,5.59,1.8855533485144158,162,137
1207,151160050,2023-07-09,3.51,1.5062971535145868,162,138
1208,151160050,2023-09-07,1.42,0.8837675401685949,162,139
1209,151160050,2023-09-10,1.47,0.9042181506398859,162,140
1210,151160050,2023-09-17,1.41,0.8796267475025636,162,141
1211,151160050,2023-09-27,1.46,0.9001613499442714,162,142
1212,151160050,2023-10-30,2.94,1.3711807233098425,162,143
1213,149220150,2023-05-01,10.6,2.451005098112319,177,128
1214,149220150,2023-05-21,16.0,2.833213344056216,177,127
1215,149220150,2023-05-31,23.2,3.186352633162641,177,129
1216,149220150,2023-06-03,27.2,3.339321977944068,177,125
1217,149220150,2023-08-14,13.4,2.667228206581955,177,124
1218,149220150,2023-08-29,6.93,2.0706530356467567,177,126
1219,149220150,2023-09-06,5.96,1.9401794743463283,177,123
1220,149220150,2023-09-11,2.63,1.2892326482767593,177,119
1221,149220150,2023-09-26,6.47,2.010894999144726,177,120
1222,149220150,2023-09-28,6.02,1.9487632180377197,177,122
1223,149220150,2023-10-18,2.81,1.3376291891386096,177,121
1224,149220040,2023-05-01,82.5,4.42484663185681,177,180
1225,149220040,2023-05-31,98.6,4.601162164590552,177,184
1226,149220040,2023-06-05,136.0,4.919980925828125,177,185
1227,149220040,2023-07-08,36.0,3.6109179126442243,177,182
1228,149220040,2023-08-12,54.8,4.021773869387265,177,187
1229,149220040,2023-08-14,68.1,4.235554730773624,177,183
1230,149220040,2023-08-27,63.0,4.1588830833596715,177,186
1231,149220040,2023-09-06,20.0,3.044522437723423,177,181
1232,149220040,2023-09-11,14.4,2.7343675094195836,177,173
1233,149220040,2023-09-16,20.2,3.054001181677967,177,174
1234,149220040,2023-09-21,22.5,3.157000421150113,177,175
1235,149220040,2023-09-26,34.5,3.56953269648137,177,176
1236,149220040,2023-09-28,37.8,3.6584202466292277,177,177
1237,149220040,2023-10-03,34.7,3.5751506887855933,177,178
1238,149220040,2023-10-18,33.9,3.5524868292083815,177,179
1239,151180130,2023-05-12,30.4,3.4468078929142076,164,241
1240,151180130,2023-05-27,23.0,3.1780538303479458,164,242
1241,151180130,2023-06-01,21.2,3.100092288878234,164,243
1242,151180130,2023-08-15,10.1,2.4069451083182885,164,240
1243,153190100,2023-05-07,3.69,1.545432582458188,187,159
1244,153190100,2023-05-10,3.69,1.545432582458188,187,160
1245,153190100,2023-05-12,3.69,1.545432582458188,187,158
1246,153190100,2023-05-27,4.02,1.6134299337036377,187,157
1247,153190100,2023-05-30,3.84,1.5769147207285403,187,156
1248,153190100,2023-06-06,3.84,1.5769147207285403,187,161
1249,153190100,2023-06-11,3.84,1.5769147207285403,187,154
1250,153190100,2023-08-15,0.55,0.4382549309311553,187,155
1251,153190100,2023-08-23,0.45,0.37156355643248307,187,153
1252,153190100,2023-09-12,0.15,0.13976194237515868,187,150
1253,153190100,2023-09-17,0.16,0.14842000511827327,187,151
1254,153190100,2023-10-17,0.11,0.10436001532424277,187,152
1255,150160140,2023-05-05,0.85,0.6151856390902335,162,40
1256,150160140,2023-05-30,0.64,0.49469624183610705,162,44
1257,150160140,2023-06-04,0.73,0.5481214085096876,162,43
1258,150160140,2023-07-09,0.55,0.4382549309311553,162,37
1259,150160140,2023-08-18,0.32,0.2776317365982795,162,41
1260,150160140,2023-08-23,0.26,0.23111172096338664,162,42
1261,150160140,2023-09-07,0.11,0.10436001532424277,162,38
1262,150160140,2023-09-27,0.17,0.15700374880966475,162,39
1263,153180140,2023-05-10,32.0,3.4965075614664802,187,144
1264,153180140,2023-05-12,32.7,3.517497837358316,187,145
1265,153180140,2023-05-27,32.5,3.5115454388310208,187,146
1266,153180140,2023-05-30,32.0,3.4965075614664802,187,140
1267,153180140,2023-06-01,32.7,3.517497837358316,187,143
1268,153180140,2023-06-04,33.3,3.535145354171894,187,139
1269,153180140,2023-06-11,32.8,3.520460802488973,187,148
1270,153180140,2023-07-14,20.4,3.0633909220278057,187,141
1271,153180140,2023-08-15,9.4,2.341805806147327,187,142
1272,153180140,2023-09-02,8.52,2.253394848803274,187,149
1273,153180140,2023-09-07,7.73,2.166765369851511,187,147
1274,153180140,2023-09-12,7.48,2.1377104498038118,187,137
1275,153180140,2023-10-17,8.36,2.2364452904895007,187,138
1276,153220060,2023-05-07,8.28,2.2278615467981093,184,49
1277,153220060,2023-05-09,8.41,2.2417729535972883,184,48
1278,153220060,2023-05-12,8.51,2.252343876557299,184,47
1279,153220060,2023-06-11,9.3,2.33214389523559,184,44
1280,153220060,2023-07-16,5.79,1.9154509415706047,184,46
1281,153220060,2023-08-15,1.77,1.0188473201992472,184,45
1282,153220060,2023-09-11,0.96,0.6729444732424258,184,40
1283,153220060,2023-09-16,0.93,0.6575200029167942,184,41
1284,153220060,2023-09-21,1.04,0.712949807856125,184,42
1285,153220060,2023-09-26,1.08,0.7323678937132266,184,43
1286,153230010,2023-05-01,19.8,3.0349529867072724,183,97
1287,153230010,2023-05-09,12.1,2.5726122302071057,183,103
1288,153230010,2023-05-11,14.6,2.747270914255491,183,98
1289,153230010,2023-05-21,15.0,2.772588722239781,183,91
1290,153230010,2023-05-26,16.2,2.8449093838194073,183,92
1291,153230010,2023-05-29,16.7,2.8735646395797834,183,99
1292,153230010,2023-06-05,18.4,2.9652730660692823,183,104
1293,153230010,2023-06-08,14.6,2.747270914255491,183,96
1294,153230010,2023-07-05,8.19,2.2181159363675955,183,93
1295,153230010,2023-07-10,6.28,1.9851308622085946,183,100
1296,153230010,2023-09-16,6.55,2.0215475632609334,183,94
1297,153230010,2023-09-18,7.9,2.186051276738094,183,101
1298,153230010,2023-09-26,7.31,2.1174596088673567,183,95
1299,153230010,2023-09-28,7.54,2.1447610078004784,183,102
1300,153180020,2023-05-10,1430.0,7.266128779556451,172,23
1301,153180020,2023-05-12,1350.0,7.208600337960199,172,26
1302,153180020,2023-05-27,1340.0,7.201170883281678,172,24
1303,153180020,2023-05-30,1270.0,7.147559271189454,172,22
1304,153180020,2023-08-15,508.0,6.2324480165505225,172,21
1305,153180020,2023-08-23,631.0,6.448889394146858,172,25
1306,153180020,2023-09-02,757.0,6.630683385642372,172,16
1307,153180020,2023-09-07,580.0,6.364750756851911,172,17
1308,153180020,2023-09-12,498.0,6.212606095751519,172,18
1309,153180020,2023-09-17,446.0,6.102558594613569,172,20
1310,153180020,2023-10-17,765.0,6.641182169740591,172,19
1311,152220050,2023-05-11,239.0,5.480638923341991,185,128
1312,152220050,2023-05-14,254.0,5.541263545158426,185,134
1313,152220050,2023-05-21,288.0,5.666426688112432,185,133
1314,152220050,2023-05-26,264.0,5.579729825986222,185,136
1315,152220050,2023-05-29,246.0,5.5093883366279774,185,135
1316,152220050,2023-05-31,239.0,5.480638923341991,185,129
1317,152220050,2023-06-05,229.0,5.438079308923196,185,130
1318,152220050,2023-06-08,231.0,5.44673737166631,185,132
1319,152220050,2023-07-05,223.0,5.4116460518550396,185,127
1320,152220050,2023-08-14,66.7,4.215086179918229,185,131
1321,152220050,2023-09-06,92.0,4.532599493153256,185,118
1322,152220050,2023-09-11,80.5,4.400603020246817,185,119
1323,152220050,2023-09-16,55.2,4.028916756899646,185,120
1324,152220050,2023-09-18,55.6,4.036008985209137,185,121
1325,152220050,2023-09-21,54.0,4.007333185232471,185,122
1326,152220050,2023-09-26,57.2,4.063885354737392,185,123
1327,152220050,2023-09-28,57.7,4.072439726834051,185,124
1328,152220050,2023-11-02,46.4,3.858622228701031,185,125
1329,152220050,2023-11-07,47.4,3.8794998137225862,185,126
1330,154170070,2023-05-08,7.85,2.180417459019838,170,7
1331,154170070,2023-05-10,7.72,2.1656192379208883,170,6
1332,154170070,2023-05-30,7.91,2.187174241482718,170,4
1333,154170070,2023-06-07,7.62,2.154085084675602,170,5
1334,154170070,2023-06-12,7.17,2.1004689088719113,170,3
1335,154170070,2023-09-05,4.7,1.7404661748405044,169,249
1336,154170070,2023-09-10,4.48,1.7011051009599243,170,0
1337,154170070,2023-09-12,4.72,1.7439688053917064,170,1
1338,154170070,2023-09-15,4.28,1.66392609771817,170,2
1339,152180010,2023-05-10,0.43,0.3576744442718159,167,197
1340,152180010,2023-05-12,0.5,0.4054651081081644,167,196
1341,152180010,2023-05-27,0.46,0.3784364357202451,167,199
1342,152180010,2023-05-30,0.48,0.3920420877760237,167,186
1343,152180010,2023-06-01,0.4,0.33647223662121295,167,192
1344,152180010,2023-06-04,0.45,0.37156355643248307,167,187
1345,152180010,2023-06-11,0.32,0.2776317365982795,167,200
1346,152180010,2023-07-09,0.22,0.1988508587451652,167,188
1347,152180010,2023-07-14,0.14,0.1310282624064041,167,195
1348,152180010,2023-08-15,0.034,0.03343477608623739,167,193
1349,152180010,2023-08-25,0.016,0.01587334915629015,167,194
1350,152180010,2023-09-02,0.014,0.013902905168991422,167,189
1351,152180010,2023-09-07,0.012,0.011928570865273802,167,198
1352,152180010,2023-09-12,0.01,0.009950330853168083,167,190
1353,152180010,2023-09-27,0.008,0.007968169649176874,167,191
1354,152180010,2023-10-17,0.008,0.007968169649176874,167,201
1355,151190070,2023-05-12,1.71,0.9969486348916095,186,218
1356,151190070,2023-06-01,1.2,0.7884573603642702,186,217
1357,151190070,2023-06-11,1.29,0.8285518175661483,186,215
1358,150180220,2023-07-11,3.0,1.3862943611198906,160,196
1359,150180220,2023-08-15,2.81,1.3376291891386096,160,197
1360,150180220,2023-09-09,2.18,1.1568811967920856,160,194
1361,150180220,2023-09-29,3.09,1.4085449700547104,160,195
1362,151160060,2023-05-08,214.0,5.3706380281276624,160,49
1363,151160060,2023-05-10,218.0,5.389071729816501,160,48
1364,151160060,2023-05-28,207.0,5.337538079701318,160,50
1365,151160060,2023-05-30,187.0,5.236441962829949,160,45
1366,151160060,2023-06-04,216.0,5.37989735354046,160,47
1367,151160060,2023-07-09,169.0,5.135798437050262,160,44
1368,151160060,2023-08-18,109.0,4.700480365792417,160,46
1369,151160060,2023-08-23,80.5,4.400603020246817,160,43
1370,151160060,2023-09-07,79.0,4.382026634673881,160,42
1371,151160060,2023-09-10,73.5,4.310799125385514,160,41
1372,150210110,2023-07-08,1.12,0.7514160886839212,177,82
1373,150210110,2023-08-12,0.54,0.43178241642553783,177,81
1374,150210110,2023-08-22,0.39,0.3293037471426004,177,85
1375,150210110,2023-08-27,0.47,0.3852624007906449,177,84
1376,150210110,2023-09-06,0.35,0.30010459245033805,177,83
1377,150210110,2023-09-11,0.32,0.2776317365982795,177,77
1378,150210110,2023-09-16,0.38,0.32208349916911333,177,78
1379,150210110,2023-09-21,0.42,0.35065687161316933,177,79
1380,150210110,2023-09-26,1.12,0.7514160886839212,177,80
1381,150170070,2023-07-11,4.06,1.6213664832993742,161,156
1382,150170070,2023-08-15,3.16,1.425515074273172,161,157
1383,150170070,2023-09-07,2.15,1.1474024528375417,161,158
1384,150170070,2023-09-09,2.05,1.11514159061932,161,153
1385,150170070,2023-09-27,2.61,1.2837077723447896,161,154
1386,150170070,2023-09-29,2.41,1.2267122912954256,161,155
1387,153150150,2023-05-08,0.27,0.23901690047049992,168,189
1388,153150150,2023-05-10,0.27,0.23901690047049992,168,190
1389,153150150,2023-05-28,0.27,0.23901690047049992,168,192
1390,153150150,2023-05-30,0.23,0.20701416938432615,168,187
1391,153150150,2023-06-02,0.2,0.18232155679395462,168,188
1392,153150150,2023-06-04,0.2,0.18232155679395462,168,191
1393,153150150,2023-07-07,0.18,0.16551443847757338,168,193
1394,153150150,2023-07-09,0.19,0.173953307123438,168,186
1395,153150150,2023-09-07,0.23,0.20701416938432615,168,180
1396,153150150,2023-09-10,0.18,0.16551443847757338,168,181
1397,153150150,2023-09-12,0.16,0.14842000511827327,168,182
1398,153150150,2023-09-15,0.16,0.14842000511827327,168,183
1399,153150150,2023-09-27,0.23,0.20701416938432615,168,184
1400,153150150,2023-11-26,0.29,0.2546422183735807,168,185
1401,152160150,2023-05-10,0.88,0.6312717768418579,166,180
1402,152160150,2023-05-30,0.92,0.6523251860396903,166,177
1403,152160150,2023-06-04,1.02,0.7030975114131134,166,178
1404,152160150,2023-07-09,0.74,0.5538851132264376,166,179
1405,152160150,2023-08-23,0.53,0.4252677354043441,166,181
1406,152160150,2023-09-07,0.47,0.3852624007906449,166,175
1407,152160150,2023-09-27,0.14,0.1310282624064041,166,176
1408,152160150,2023-10-17,0.43,0.3576744442718159,166,182
1409,150160290,2023-05-05,0.86,0.6205764877251099,162,52
1410,150160290,2023-05-30,0.66,0.5068176023684519,162,53
1411,150160290,2023-06-04,1.19,0.7839015438284094,162,54
1412,150160290,2023-07-09,0.62,0.4824261492442927,162,55
1413,150160290,2023-09-07,0.12,0.11332868530700317,162,56
1414,150160290,2023-09-27,0.19,0.173953307123438,162,57
1415,149180240,2023-07-11,2.77,1.3270750014599193,170,237
1416,149180240,2023-08-15,2.65,1.2947271675944,170,235
1417,149180240,2023-08-22,3.51,1.5062971535145868,170,236
1418,149180240,2023-09-06,3.37,1.4747630091074988,170,230
1419,149180240,2023-09-09,2.46,1.2412685890696329,170,231
1420,149180240,2023-09-11,2.3,1.1939224684724346,170,232
1421,149180240,2023-09-21,2.66,1.297463147413275,170,234
1422,149180240,2023-09-29,3.49,1.501852701754163,170,233
1423,149210120,2023-05-01,4.55,1.713797927758343,179,90
1424,149210120,2023-05-31,5.24,1.8309801823813363,179,103
1425,149210120,2023-07-08,1.63,0.9669838461896731,179,91
1426,149210120,2023-08-12,0.79,0.5822156198526637,179,92
1427,149210120,2023-08-14,1.29,0.8285518175661483,179,93
1428,149210120,2023-08-22,0.71,0.5364933705145685,179,94
1429,149210120,2023-09-06,0.63,0.48858001481867097,179,102
1430,149210120,2023-09-11,0.46,0.3784364357202451,179,95
1431,149210120,2023-09-16,0.45,0.37156355643248307,179,96
1432,149210120,2023-09-21,0.99,0.688134638736401,179,97
1433,149210120,2023-09-26,4.8,1.7578579175523736,179,98
1434,149210120,2023-09-28,1.65,0.9745596399981308,179,99
1435,149210120,2023-10-03,0.87,0.6259384308664953,179,100
1436,149210120,2023-10-18,0.57,0.4510756193602167,179,101
1437,153150090,2023-05-08,1.69,0.9895411936137477,169,43
1438,153150090,2023-05-10,1.61,0.9593502213346021,169,44
1439,153150090,2023-05-28,1.43,0.8878912573524571,169,48
1440,153150090,2023-05-30,1.29,0.8285518175661483,169,46
1441,153150090,2023-06-02,1.22,0.7975071958841881,169,45
1442,153150090,2023-06-07,1.0,0.6931471805599453,169,47
1443,153150090,2023-06-12,1.04,0.712949807856125,169,49
1444,153150090,2023-07-07,0.76,0.5653138090500605,169,42
1445,153150090,2023-09-07,0.64,0.49469624183610705,169,37
1446,153150090,2023-09-10,0.63,0.48858001481867097,169,38
1447,153150090,2023-09-12,0.64,0.49469624183610705,169,39
1448,153150090,2023-09-15,0.47,0.3852624007906449,169,40
1449,153150090,2023-10-17,0.7,0.5306282510621704,169,41
1450,150190270,2023-06-03,0.99,0.688134638736401,173,16
1451,153140090,2023-05-08,10.1,2.4069451083182885,169,16
1452,153140090,2023-06-02,16.3,2.8507065015037334,169,15
1453,153140090,2023-06-05,17.7,2.928523523860541,169,19
1454,153140090,2023-06-07,16.5,2.8622008809294686,169,17
1455,153140090,2023-06-10,13.2,2.653241964607215,169,20
1456,153140090,2023-06-12,12.2,2.580216829592325,169,18
1457,153140090,2023-07-15,4.8,1.7578579175523736,169,21
1458,153140090,2023-09-08,2.46,1.2412685890696329,169,13
1459,153140090,2023-09-10,2.36,1.2119409739751128,169,14
1460,153140090,2023-09-15,2.18,1.1568811967920856,169,22
1461,154220110,2023-05-07,2.87,1.3532545070416904,189,116
1462,154220110,2023-05-09,2.57,1.2725655957915476,189,117
1463,154220110,2023-05-12,2.31,1.1969481893889715,189,118
1464,154220110,2023-06-06,3.24,1.4445632692438664,189,114
1465,154220110,2023-06-08,3.12,1.415853163361435,189,120
1466,154220110,2023-06-11,3.04,1.3962446919730587,189,113
1467,154220110,2023-08-15,0.55,0.4382549309311553,189,115
1468,154220110,2023-09-04,0.45,0.37156355643248307,189,110
1469,154220110,2023-09-06,0.42,0.35065687161316933,189,121
1470,154220110,2023-09-11,0.39,0.3293037471426004,189,119
1471,154220110,2023-09-16,0.37,0.31481073984003355,189,111
1472,154220110,2023-09-21,0.39,0.3293037471426004,189,112
1473,149200190,2023-07-08,43.5,3.7954891891721947,175,97
1474,149180040,2023-07-11,0.58,0.4574248470388754,160,147
1475,149180040,2023-08-15,0.47,0.3852624007906449,160,146
1476,149200190,2023-09-06,36.9,3.6349511120883804,175,96
1477,149180040,2023-09-09,0.46,0.3784364357202451,160,144
1478,149200190,2023-09-11,30.4,3.4468078929142076,175,94
1479,149200190,2023-09-26,36.0,3.6109179126442243,175,95
1480,149180040,2023-09-29,0.6,0.4700036292457356,160,145
1481,154180060,2023-05-10,2.64,1.2919836816486494,188,153
1482,154180060,2023-05-30,2.88,1.355835153635182,188,152
1483,154180060,2023-08-23,1.88,1.0577902941478545,188,154
1484,154180060,2023-09-12,1.87,1.0543120297715298,188,149
1485,154180060,2023-09-17,1.79,1.0260415958332743,188,151
1486,154180060,2023-09-27,1.83,1.0402767116551463,188,150
1487,149210020,2023-07-08,1.61,0.9593502213346021,177,43
1488,149210020,2023-08-27,0.5,0.4054651081081644,177,45
1489,149210020,2023-09-06,0.3,0.26236426446749106,177,44
1490,149210020,2023-09-11,0.23,0.20701416938432615,177,39
1491,149210020,2023-09-16,0.23,0.20701416938432615,177,40
1492,149210020,2023-09-21,0.3,0.26236426446749106,177,41
1493,149210020,2023-09-26,0.81,0.5933268452777344,177,42
1494,150220060,2023-05-01,5.33,1.8453002361560848,179,114
1495,150220060,2023-05-31,6.05,1.9530276168241771,179,104
1496,150220060,2023-06-05,4.04,1.6174060820832772,179,105
1497,150220060,2023-07-08,2.61,1.2837077723447896,179,113
1498,150220060,2023-08-12,1.71,0.9969486348916095,179,115
1499,150220060,2023-08-14,1.91,1.068153081183401,179,111
1500,150220060,2023-08-22,1.4,0.8754687373538999,179,118
1501,150220060,2023-08-27,1.89,1.0612565021243408,179,117
1502,150220060,2023-08-29,1.57,0.9439058989071285,179,112
1503,150220060,2023-09-06,0.87,0.6259384308664953,179,116
1504,150220060,2023-09-11,0.56,0.44468582126144574,179,106
1505,150220060,2023-09-21,0.91,0.6471032420585385,179,107
1506,150220060,2023-09-28,2.58,1.275362800412609,179,108
1507,150220060,2023-10-03,1.07,0.7275486072772778,179,109
1508,150220060,2023-10-18,0.55,0.4382549309311553,179,110
1509,150220060,2023-11-07,1.1,0.7419373447293773,179,119
1510,152180020,2023-05-10,0.51,0.412109650826833,167,215
1511,152180020,2023-05-12,0.54,0.43178241642553783,167,213
1512,152180020,2023-05-30,0.96,0.6729444732424258,167,210
1513,152180020,2023-06-01,0.68,0.5187937934151676,167,208
1514,152180020,2023-06-04,0.96,0.6729444732424258,167,209
1515,152180020,2023-07-09,0.76,0.5653138090500605,167,206
1516,152180020,2023-07-14,0.27,0.23901690047049992,167,212
1517,152180020,2023-08-15,0.14,0.1310282624064041,167,207
1518,152180020,2023-08-25,0.13,0.12221763272424921,167,211
1519,152180020,2023-09-02,0.14,0.1310282624064041,167,202
1520,152180020,2023-09-07,0.08,0.07696104113612832,167,203
1521,152180020,2023-09-12,0.06,0.058268908123975775,167,204
1522,152180020,2023-09-27,0.07,0.06765864847381481,167,205
1523,152180020,2023-10-17,0.06,0.058268908123975775,167,214
1524,151180070,2023-05-12,0.94,0.6626879730752367,166,61
1525,151180070,2023-05-27,0.61,0.4762341789963716,166,57
1526,151180070,2023-06-01,0.66,0.5068176023684519,166,59
1527,151180070,2023-06-04,0.73,0.5481214085096876,166,58
1528,151180070,2023-07-04,0.4,0.33647223662121295,166,56
1529,151180070,2023-07-09,0.42,0.35065687161316933,166,60
1530,151180070,2023-08-15,0.24,0.2151113796169455,166,54
1531,151180070,2023-08-23,0.2,0.18232155679395462,166,55
1532,151180070,2023-09-07,0.21,0.1906203596086497,166,52
1533,151180070,2023-09-27,0.31,0.27002713721306015,166,53
1534,152150040,2023-05-08,200.0,5.303304908059076,165,155
1535,152150040,2023-05-10,200.0,5.303304908059076,165,156
1536,152150040,2023-05-28,214.0,5.3706380281276624,165,154
1537,152150040,2023-05-30,209.0,5.3471075307174685,165,150
1538,152150040,2023-06-02,208.0,5.342334251964811,165,151
1539,152150040,2023-06-04,208.0,5.342334251964811,165,152
1540,152150040,2023-07-07,166.0,5.117993812416755,165,153
1541,152150040,2023-07-09,160.0,5.081404364984463,165,149
1542,152150040,2023-09-07,68.7,4.244200317766478,165,143
1543,152150040,2023-09-10,65.6,4.198704577546343,165,144
1544,152150040,2023-09-12,63.1,4.160444363926624,165,145
1545,152150040,2023-09-15,61.1,4.128745988939433,165,146
1546,152150040,2023-09-27,57.7,4.072439726834051,165,147
1547,152150040,2023-11-26,71.2,4.279440045898781,165,148
1548,150160100,2023-05-05,4.58,1.7191887763932197,161,139
1549,150160100,2023-05-30,3.06,1.4011829736136412,161,142
1550,150160100,2023-06-04,4.55,1.713797927758343,161,138
1551,150160100,2023-08-18,2.03,1.1085626195212777,161,140
1552,150160100,2023-08-23,2.04,1.1118575154181303,161,141
1553,150160100,2023-09-07,1.15,0.7654678421395714,161,137
1554,152150140,2023-05-08,56.0,4.04305126783455,167,185
1555,152150140,2023-05-10,57.5,4.069026754237811,167,184
1556,152150140,2023-05-28,64.8,4.186619838331271,167,181
1557,152150140,2023-05-30,65.0,4.189654742026425,167,179
1558,152150140,2023-06-02,70.8,4.273884476054178,167,180
1559,152150140,2023-06-04,71.5,4.283586561860629,167,183
1560,152150140,2023-07-09,51.9,3.9684033388642534,167,182
1561,152150140,2023-09-07,27.3,3.342861804649192,167,173
1562,152150140,2023-09-10,26.4,3.3105430133940246,167,174
1563,152150140,2023-09-12,24.6,3.242592351485517,167,175
1564,152150140,2023-09-15,24.3,3.2308043957334744,167,176
1565,152150140,2023-09-27,24.2,3.2268439945173775,167,177
1566,152150140,2023-11-26,30.7,3.456316680883235,167,178
1567,152140020,2023-05-08,559.0,6.327936783729195,160,99
1568,152140020,2023-05-13,571.0,6.349138991379798,160,96
1569,152140020,2023-05-26,576.0,6.3578422665081,160,100
1570,152140020,2023-05-28,561.0,6.331501849893691,160,98
1571,152140020,2023-06-05,546.0,6.304448802421981,160,97
1572,152140020,2023-09-08,191.0,5.2574953720277815,160,94
1573,152140020,2023-09-10,185.0,5.225746673713202,160,95
1574,150230070,2023-05-01,7.99,2.196112848483529,185,173
1575,150230070,2023-05-11,9.53,2.354228326145884,185,172
1576,150230070,2023-05-21,4.92,1.7783364488959144,185,171
1577,150230070,2023-05-31,10.9,2.4765384001174837,185,174
1578,150230070,2023-06-05,8.02,2.199444334074532,185,170
1579,150230070,2023-08-19,4.36,1.6789639750827106,185,163
1580,150230070,2023-08-29,2.3,1.1939224684724346,185,169
1581,150230070,2023-09-18,0.81,0.5933268452777344,185,164
1582,150230070,2023-09-28,1.93,1.0750024230289759,185,165
1583,150230070,2023-10-03,1.99,1.095273387402595,185,166
1584,150230070,2023-11-02,0.88,0.6312717768418579,185,167
1585,150230070,2023-11-07,1.5,0.9162907318741551,185,168
1586,149180120,2023-08-15,0.56,0.44468582126144574,172,65
1587,149180120,2023-09-09,0.28,0.2468600779315258,172,63
1588,149180120,2023-09-29,1.18,0.7793248768009976,172,64
1589,151180180,2023-05-12,7.3,2.1162555148025524,165,211
1590,151180180,2023-05-27,4.55,1.713797927758343,165,210
1591,151180180,2023-06-01,3.84,1.5769147207285403,165,209
1592,151180180,2023-06-11,4.98,1.7884205679625405,165,208
1593,151180180,2023-08-15,0.82,0.598836501088704,165,207
1594,151180180,2023-09-29,0.55,0.4382549309311553,165,206
1595,154160060,2023-05-08,5.67,1.8976198599275325,169,238
1596,154160060,2023-05-10,5.5,1.8718021769015913,169,239
1597,154160060,2023-05-30,6.1,1.9600947840472698,169,236
1598,154160060,2023-06-07,5.18,1.8213182714695995,169,237
1599,154160060,2023-06-12,5.18,1.8213182714695995,169,240
1600,154160060,2023-09-10,4.12,1.6331544390514163,169,234
1601,154160060,2023-09-12,4.22,1.6524974018945473,169,235
1602,150180080,2023-06-04,3.34,1.4678743481123135,160,189
1603,150180080,2023-07-04,1.86,1.0508216248317612,160,184
1604,150180080,2023-07-11,1.56,0.9400072584914712,160,187
1605,150180080,2023-08-13,1.36,0.8586616190375187,160,188
1606,150180080,2023-08-15,1.3,0.832909122935104,160,185
1607,150180080,2023-08-18,1.21,0.7929925155296614,160,190
1608,150180080,2023-09-07,1.28,0.8241754429663495,160,186
1609,150180080,2023-09-09,1.17,0.7747271675523681,160,180
1610,150180080,2023-09-27,1.19,0.7839015438284094,160,181
1611,150180080,2023-09-29,1.39,0.8712933659434192,160,182
1612,150180080,2023-11-01,1.77,1.0188473201992472,160,183
1613,150210200,2023-05-01,11.0,2.4849066497880004,177,114
1614,150210200,2023-05-04,6.22,1.9768549529047348,177,115
1615,150210200,2023-05-11,10.4,2.4336133554004498,177,109
1616,150210200,2023-06-03,9.68,2.3683728335320486,177,116
1617,150210200,2023-06-05,8.53,2.254444717666111,177,118
1618,150210200,2023-07-15,1.79,1.0260415958332743,177,113
1619,150210200,2023-08-12,1.22,0.7975071958841881,177,110
1620,150210200,2023-08-14,1.15,0.7654678421395714,177,111
1621,150210200,2023-08-19,1.44,0.8919980393051105,177,112
1622,150210200,2023-09-06,1.2,0.7884573603642702,177,101
1623,150210200,2023-09-11,1.16,0.7701082216960736,177,102
1624,150210200,2023-09-16,1.25,0.8109302162163288,177,103
1625,150210200,2023-09-18,1.26,0.8153648132841945,177,117
1626,150210200,2023-09-21,1.41,0.8796267475025636,177,104
1627,150210200,2023-09-28,4.32,1.6714733033535532,177,105
1628,150210200,2023-10-03,2.02,1.1052568313867783,177,106
1629,150210200,2023-10-18,1.46,0.9001613499442714,177,107
1630,150210200,2023-11-07,1.88,1.0577902941478545,177,108
1631,153230160,2023-05-01,1.94,1.0784095813505903,183,56
1632,153230160,2023-05-11,1.4,0.8754687373538999,183,57
1633,153230160,2023-05-21,1.16,0.7701082216960736,183,62
1634,153230160,2023-05-26,1.42,0.8837675401685949,183,63
1635,153230160,2023-05-29,1.33,0.8458682675776092,183,61
1636,153230160,2023-05-31,1.15,0.7654678421395714,183,58
1637,153230160,2023-06-05,1.33,0.8458682675776092,183,64
1638,153230160,2023-06-08,1.12,0.7514160886839212,183,59
1639,153230160,2023-07-05,0.67,0.5128236264286637,183,60
1640,153230160,2023-09-16,0.12,0.11332868530700317,183,52
1641,153230160,2023-09-21,0.13,0.12221763272424921,183,53
1642,153230160,2023-09-26,0.13,0.12221763272424921,183,55
1643,153230160,2023-09-28,0.14,0.1310282624064041,183,54
1644,153180100,2023-05-07,1710.0,7.444833273892193,172,47
1645,153180100,2023-05-10,1500.0,7.313886831633462,172,46
1646,153180100,2023-05-12,1420.0,7.259116128097101,172,45
1647,153180100,2023-05-27,1410.0,7.2520539518528135,172,44
1648,153180100,2023-05-30,1340.0,7.201170883281678,172,42
1649,153180100,2023-06-11,1600.0,7.3783837129967145,172,43
1650,153180100,2023-08-15,528.0,6.270988431858299,172,41
1651,153180100,2023-09-07,630.0,6.447305862541213,172,37
1652,153180100,2023-09-12,542.0,6.297109319933935,172,38
1653,153180100,2023-09-17,494.0,6.20455776256869,172,39
1654,153180100,2023-10-17,791.0,6.674561391814426,172,40
1655,149200310,2023-07-08,1.43,0.8878912573524571,176,22
1656,149200310,2023-08-12,0.75,0.5596157879354227,176,23
1657,149200310,2023-08-22,1.51,0.9202827531436926,176,24
1658,149200310,2023-09-06,0.44,0.36464311358790924,176,29
1659,149200310,2023-09-11,0.34,0.29266961396282,176,25
1660,149200310,2023-09-16,0.3,0.26236426446749106,176,26
1661,149200310,2023-09-21,0.36,0.3074846997479606,176,27
1662,149200310,2023-09-26,0.92,0.6523251860396903,176,28
1663,151150110,2023-05-08,6.48,2.012232791986386,164,49
1664,151150110,2023-05-28,6.56,2.0228711901914416,164,48
1665,151150110,2023-05-30,6.38,1.998773638612381,164,47
1666,151150110,2023-06-04,6.95,2.0731719286662407,164,46
1667,151150110,2023-07-09,2.42,1.2296405510745139,164,45
1668,151150110,2023-09-07,0.61,0.4762341789963716,164,40
1669,151150110,2023-09-10,0.55,0.4382549309311553,164,41
1670,151150110,2023-09-17,0.53,0.4252677354043441,164,42
1671,151150110,2023-09-27,0.71,0.5364933705145685,164,43
1672,151150110,2023-10-02,1.07,0.7275486072772778,164,44
1673,152180140,2023-05-10,2.09,1.128171090909654,165,243
1674,152180140,2023-05-12,3.47,1.4973884086254774,165,244
1675,152180140,2023-06-01,1.92,1.0715836162801904,165,245
1676,152180140,2023-06-04,3.06,1.4011829736136412,166,3
1677,152180140,2023-06-11,4.89,1.7732559976634952,165,246
1678,152180140,2023-07-09,0.29,0.2546422183735807,165,247
1679,152180140,2023-08-15,0.13,0.12221763272424921,165,248
1680,152180140,2023-08-23,0.11,0.10436001532424277,165,249
1681,152180140,2023-09-07,0.06,0.058268908123975775,166,2
1682,152180140,2023-09-27,0.08,0.07696104113612832,166,0
1683,152180140,2023-09-29,0.08,0.07696104113612832,166,1
1684,151140010,2023-05-08,28.2,3.374168709274236,164,146
1685,151140010,2023-05-13,52.9,3.9871304779149517,164,147
1686,151140010,2023-05-28,34.5,3.56953269648137,164,145
1687,151140010,2023-09-10,6.79,2.052840859882657,164,143
1688,151140010,2023-11-04,11.3,2.509599262378372,164,144
1689,151210050,2023-05-09,755.0,6.628041376179533,171,177
1690,151210050,2023-05-12,781.0,6.661854740545311,171,176
1691,151210050,2023-06-01,1050.0,6.957497370876951,171,175
1692,151210050,2023-07-16,440.0,6.089044875446846,171,172
1693,151210050,2023-08-12,305.0,5.723585101952381,171,173
1694,151210050,2023-08-15,360.0,5.8888779583328805,171,174
1695,151210050,2023-09-06,348.0,5.855071922202427,171,171
1696,151210050,2023-09-11,279.0,5.634789603169249,171,168
1697,151210050,2023-09-16,260.0,5.564520407322694,171,169
1698,151210050,2023-09-29,337.0,5.823045895483019,171,170
1699,153160200,2023-05-08,2.45,1.2383742310432684,167,249
1700,153160200,2023-05-28,2.95,1.3737155789130306,167,248
1701,153160200,2023-06-02,2.9,1.3609765531356006,167,247
1702,153160200,2023-06-12,2.9,1.3609765531356006,167,245
1703,153160200,2023-07-07,2.43,1.2325602611778486,167,246
1704,153160200,2023-09-10,0.83,0.6043159668533296,167,241
1705,153160200,2023-09-12,0.82,0.598836501088704,167,242
1706,153160200,2023-09-15,0.81,0.5933268452777344,167,243
1707,153160200,2023-09-27,0.78,0.5766133643039938,167,244
1708,153230130,2023-05-01,1.97,1.0885619528146082,183,198
1709,153230130,2023-05-09,1.64,0.9707789171582247,183,199
1710,153230130,2023-05-11,1.79,1.0260415958332743,183,197
1711,153230130,2023-05-21,1.68,0.9858167945227653,183,196
1712,153230130,2023-05-26,2.29,1.1908875647772805,183,188
1713,153230130,2023-06-05,1.71,0.9969486348916095,183,189
1714,153230130,2023-06-08,1.59,0.9516578757114464,183,190
1715,153230130,2023-07-05,1.16,0.7701082216960736,183,191
1716,153230130,2023-09-11,0.26,0.23111172096338664,183,192
1717,153230130,2023-09-16,0.24,0.2151113796169455,183,193
1718,153230130,2023-09-21,0.26,0.23111172096338664,183,194
1719,153230130,2023-09-26,0.26,0.23111172096338664,183,200
1720,153230130,2023-09-28,0.25,0.22314355131420976,183,195
1721,150220050,2023-05-01,23.7,3.2068032436339315,179,160
1722,150220050,2023-05-09,15.5,2.803360380906535,179,163
1723,150220050,2023-05-31,22.9,3.173878458937465,179,155
1724,150220050,2023-06-03,18.6,2.975529566236472,179,159
1725,150220050,2023-07-15,8.34,2.234306252240751,179,162
1726,150220050,2023-08-12,6.77,2.050270164379556,179,157
1727,150220050,2023-08-14,6.8,2.0541237336955462,179,156
1728,150220050,2023-08-19,9.64,2.3646204839134985,179,158
1729,150220050,2023-08-27,8.58,2.2596775919827694,179,161
1730,150220050,2023-08-29,7.53,2.143589361503588,179,154
1731,150220050,2023-09-06,6.03,1.9501867058225737,179,145
1732,150220050,2023-09-11,5.28,1.8373699804801074,179,146
1733,150220050,2023-09-16,5.74,1.9080599249242156,179,147
1734,150220050,2023-09-18,5.59,1.8855533485144158,179,148
1735,150220050,2023-09-21,5.66,1.8961194845522977,179,149
1736,150220050,2023-09-28,12.5,2.6026896854443837,179,150
1737,150220050,2023-10-03,7.95,2.191653532286764,179,151
1738,150220050,2023-10-18,5.53,1.8764069432883397,179,152
1739,150220050,2023-11-07,5.73,1.9065751436566365,179,153
1740,149220070,2023-05-01,3.19,1.4327007339340463,178,114
1741,149220070,2023-05-21,3.18,1.430311246536665,178,118
1742,149220070,2023-05-31,7.97,2.1938856760707046,178,120
1743,149220070,2023-06-03,4.8,1.7578579175523736,178,115
1744,149220070,2023-07-15,0.57,0.4510756193602167,178,116
1745,149220070,2023-08-14,3.55,1.515127232962859,178,113
1746,149220070,2023-08-27,1.8,1.0296194171811583,178,119
1747,149220070,2023-09-06,0.74,0.5538851132264376,178,112
1748,149220070,2023-09-08,0.6,0.4700036292457356,178,117
1749,149220070,2023-09-11,0.49,0.3987761199573678,178,105
1750,149220070,2023-09-16,0.42,0.35065687161316933,178,106
1751,149220070,2023-09-21,0.35,0.30010459245033805,178,111
1752,149220070,2023-09-26,0.72,0.5423242908253616,178,107
1753,149220070,2023-09-28,0.45,0.37156355643248307,178,108
1754,149220070,2023-10-03,0.44,0.36464311358790924,178,109
1755,149220070,2023-10-18,0.66,0.5068176023684519,178,110
1756,152220060,2023-05-01,1.82,1.0367368849500223,186,29
1757,152220060,2023-05-11,2.51,1.2556160374777745,186,19
1758,152220060,2023-05-21,1.32,0.8415671856782186,186,20
1759,152220060,2023-05-24,1.17,0.7747271675523681,186,21
1760,152220060,2023-05-31,1.35,0.8544153281560676,186,22
1761,152220060,2023-06-05,1.2,0.7884573603642702,186,23
1762,152220060,2023-06-08,1.49,0.9122827104766162,186,32
1763,152220060,2023-07-05,1.0,0.6931471805599453,186,24
1764,152220060,2023-08-19,1.1,0.7419373447293773,186,30
1765,152220060,2023-09-06,0.78,0.5766133643039938,186,33
1766,152220060,2023-09-16,0.59,0.46373401623214017,186,25
1767,152220060,2023-09-18,0.51,0.412109650826833,186,31
1768,152220060,2023-09-21,0.46,0.3784364357202451,186,26
1769,152220060,2023-09-26,0.42,0.35065687161316933,186,27
1770,152220060,2023-09-28,0.59,0.46373401623214017,186,28
1771,153200010,2023-05-07,1.66,0.9783261227936076,187,89
1772,153200010,2023-05-10,1.68,0.9858167945227653,187,90
1773,153200010,2023-05-12,1.7,0.9932517730102834,187,93
1774,153200010,2023-05-30,1.75,1.0116009116784799,187,92
1775,153200010,2023-06-11,1.84,1.0438040521731147,187,91
1776,153200010,2023-08-15,0.96,0.6729444732424258,187,88
1777,153200010,2023-08-23,1.08,0.7323678937132266,187,94
1778,153200010,2023-09-12,0.77,0.5709795465857378,187,85
1779,153200010,2023-09-17,0.75,0.5596157879354227,187,86
1780,153200010,2023-10-17,0.83,0.6043159668533296,187,87
1781,151150030,2023-05-08,0.64,0.49469624183610705,164,103
1782,151150030,2023-05-28,1.28,0.8241754429663495,164,106
1783,151150030,2023-05-30,1.03,0.708035793053696,164,101
1784,151150030,2023-06-04,1.48,0.9082585601768908,164,107
1785,151150030,2023-07-09,0.52,0.41871033485818504,164,105
1786,151150030,2023-08-18,0.2,0.18232155679395462,164,104
1787,151150030,2023-08-23,0.28,0.2468600779315258,164,102
1788,151150030,2023-09-07,0.09,0.08617769624105233,164,99
1789,151150030,2023-09-10,0.08,0.07696104113612832,164,100
1790,149210140,2023-05-01,1.92,1.0715836162801904,179,87
1791,149210140,2023-05-31,2.41,1.2267122912954256,179,84
1792,149210140,2023-07-08,0.54,0.43178241642553783,179,89
1793,149210140,2023-08-12,0.35,0.30010459245033805,179,88
1794,149210140,2023-08-14,0.43,0.3576744442718159,179,82
1795,149210140,2023-08-22,0.42,0.35065687161316933,179,85
1796,149210140,2023-08-27,0.71,0.5364933705145685,179,83
1797,149210140,2023-09-06,0.58,0.4574248470388754,179,86
1798,149210140,2023-09-11,0.36,0.3074846997479606,179,75
1799,149210140,2023-09-16,0.19,0.173953307123438,179,76
1800,149210140,2023-09-21,0.24,0.2151113796169455,179,77
1801,149210140,2023-09-26,0.75,0.5596157879354227,179,78
1802,149210140,2023-09-28,0.4,0.33647223662121295,179,79
1803,149210140,2023-10-03,0.4,0.33647223662121295,179,80
1804,149210140,2023-10-18,0.48,0.3920420877760237,179,81
1805,149180130,2023-05-27,0.85,0.6151856390902335,160,125
1806,149180130,2023-06-03,0.83,0.6043159668533296,160,123
1807,149180130,2023-07-08,0.4,0.33647223662121295,160,122
1808,149180130,2023-07-11,0.26,0.23111172096338664,160,127
1809,149180130,2023-08-12,0.17,0.15700374880966475,160,124
1810,149180130,2023-08-15,0.17,0.15700374880966475,160,126
1811,149180130,2023-08-22,0.41,0.3435897043900769,160,128
1812,149180130,2023-09-06,0.15,0.13976194237515868,160,115
1813,149180130,2023-09-09,0.14,0.1310282624064041,160,116
1814,149180130,2023-09-11,0.14,0.1310282624064041,160,117
1815,149180130,2023-09-16,0.17,0.15700374880966475,160,118
1816,149180130,2023-09-21,0.15,0.13976194237515868,160,129
1817,149180130,2023-09-26,0.56,0.44468582126144574,160,119
1818,149180130,2023-09-29,0.35,0.30010459245033805,160,120
1819,149180130,2023-10-14,0.23,0.20701416938432615,160,121
1820,149190240,2023-05-27,2.84,1.3454723665996355,189,205
1821,149190250,2023-05-27,1.15,0.7654678421395714,189,216
1822,149190240,2023-06-03,3.68,1.5432981099295553,189,204
1823,149190250,2023-06-03,1.79,1.0260415958332743,189,215
1824,149190240,2023-07-08,1.04,0.712949807856125,189,195
1825,149190250,2023-07-08,0.31,0.27002713721306015,189,206
1826,149190240,2023-08-12,0.54,0.43178241642553783,189,196
1827,149190250,2023-08-12,1.15,0.7654678421395714,189,207
1828,149190240,2023-08-15,0.51,0.412109650826833,189,197
1829,149190250,2023-08-15,0.45,0.37156355643248307,189,208
1830,149190240,2023-09-06,0.39,0.3293037471426004,189,202
1831,149190250,2023-09-06,0.18,0.16551443847757338,189,213
1832,149190240,2023-09-09,0.33,0.2851789422336624,189,203
1833,149190250,2023-09-09,0.14,0.1310282624064041,189,214
1834,149190240,2023-09-11,0.35,0.30010459245033805,189,198
1835,149190250,2023-09-11,0.16,0.14842000511827327,189,209
1836,149190240,2023-09-26,4.62,1.7263316639055997,189,199
1837,149190250,2023-09-26,0.83,0.6043159668533296,189,210
1838,149190240,2023-09-29,1.46,0.9001613499442714,189,200
1839,149190250,2023-09-29,0.99,0.688134638736401,189,211
1840,149190240,2023-10-14,0.83,0.6043159668533296,189,201
1841,149190250,2023-10-14,0.42,0.35065687161316933,189,212
1842,152210140,2023-08-12,0.49,0.3987761199573678,186,103
1843,152210140,2023-09-06,0.31,0.27002713721306015,186,100
1844,152210140,2023-09-11,0.26,0.23111172096338664,186,101
1845,152210140,2023-09-16,0.35,0.30010459245033805,186,102
1846,150200130,2023-05-27,101.0,4.624972813284271,171,96
1847,150200130,2023-06-01,103.0,4.6443908991413725,171,95
1848,150200130,2023-07-08,120.0,4.795790545596741,171,93
1849,150200130,2023-07-16,94.2,4.55597994179732,171,91
1850,150200130,2023-08-12,60.0,4.110873864173311,171,90
1851,150200130,2023-08-15,72.0,4.290459441148391,171,94
1852,150200130,2023-08-22,51.3,3.9569963710708773,171,92
1853,150200130,2023-09-06,52.0,3.970291913552122,171,89
1854,150200130,2023-09-09,47.8,3.8877303128591016,171,97
1855,150200130,2023-09-11,41.0,3.7376696182833684,171,83
1856,150200130,2023-09-16,52.0,3.970291913552122,171,84
1857,150200130,2023-09-21,52.0,3.970291913552122,171,85
1858,150200130,2023-09-26,84.0,4.442651256490317,171,86
1859,150200130,2023-09-29,158.0,5.0689042022202315,171,87
1860,150200130,2023-10-14,82.0,4.418840607796598,171,88
1861,149200200,2023-07-08,3.19,1.4327007339340463,176,19
1862,149200200,2023-08-12,0.92,0.6523251860396903,176,21
1863,149200200,2023-09-06,0.77,0.5709795465857378,176,20
1864,149200200,2023-09-11,0.62,0.4824261492442927,176,15
1865,149200200,2023-09-16,1.25,0.8109302162163288,176,16
1866,149200200,2023-09-21,1.45,0.8960880245566356,176,17
1867,149200200,2023-09-26,19.2,3.005682604407159,176,18
1868,150150030,2023-05-08,0.08,0.07696104113612832,163,226
1869,150150030,2023-05-28,0.2,0.18232155679395462,163,225
1870,150150030,2023-05-30,0.33,0.2851789422336624,163,223
1871,150150030,2023-06-04,0.16,0.14842000511827327,163,222
1872,150150030,2023-07-09,0.09,0.08617769624105233,163,224
1873,150150030,2023-09-07,0.06,0.058268908123975775,163,217
1874,150150030,2023-09-10,0.06,0.058268908123975775,163,218
1875,150150030,2023-09-17,0.05,0.04879016416943201,163,227
1876,150150030,2023-09-27,0.05,0.04879016416943201,163,219
1877,150150030,2023-10-02,0.17,0.15700374880966475,163,220
1878,150150030,2023-10-30,0.25,0.22314355131420976,163,221
1879,153230120,2023-05-01,8.04,2.201659174404085,189,168
1880,153230120,2023-05-09,7.95,2.191653532286764,189,170
1881,153230120,2023-05-11,8.04,2.201659174404085,189,169
1882,153230120,2023-05-21,8.22,2.2213750375685026,189,166
1883,153230120,2023-05-26,8.36,2.2364452904895007,189,167
1884,153230120,2023-06-05,8.23,2.222459048514761,189,163
1885,153230120,2023-07-05,6.98,2.0769384114617173,189,164
1886,153230120,2023-09-11,2.7,1.308332819650179,189,165
1887,153230120,2023-09-16,2.61,1.2837077723447896,189,159
1888,153230120,2023-09-21,2.61,1.2837077723447896,189,160
1889,153230120,2023-09-26,2.56,1.269760544863939,189,161
1890,153230120,2023-09-28,2.54,1.264126727145683,189,162
1891,150190350,2023-05-04,5.1,1.8082887711792655,182,25
1892,150190350,2023-05-09,4.95,1.7833912195575383,182,26
1893,150190350,2023-06-03,5.93,1.9358598132018119,182,16
1894,150190350,2023-07-08,2.77,1.3270750014599193,182,24
1895,150190350,2023-08-12,0.8,0.5877866649021191,182,17
1896,150190350,2023-08-15,0.78,0.5766133643039938,182,18
1897,150190350,2023-09-06,1.0,0.6931471805599453,182,19
1898,150190350,2023-09-11,0.63,0.48858001481867097,182,20
1899,150190350,2023-09-16,0.87,0.6259384308664953,182,21
1900,150190350,2023-09-21,0.65,0.5007752879124893,182,22
1901,150190350,2023-09-29,0.95,0.6678293725756554,182,23
1902,151160190,2023-05-05,13.8,2.6946271807700692,162,35
1903,151160190,2023-05-30,5.54,1.8779371654691073,162,31
1904,151160190,2023-06-04,8.26,2.225704048658088,162,33
1905,151160190,2023-07-09,7.5,2.1400661634962708,162,32
1906,151160190,2023-08-18,4.12,1.6331544390514163,162,36
1907,151160190,2023-08-23,4.04,1.6174060820832772,162,34
1908,151160190,2023-09-07,3.58,1.5216989981260935,162,29
1909,151160190,2023-09-27,3.73,1.5539252025038417,162,30
1910,150170080,2023-07-11,0.58,0.4574248470388754,160,245
1911,150170080,2023-08-15,0.39,0.3293037471426004,160,246
1912,150170080,2023-09-07,0.28,0.2468600779315258,160,247
1913,150170080,2023-09-09,0.29,0.2546422183735807,160,242
1914,150170080,2023-09-27,0.29,0.2546422183735807,160,243
1915,150170080,2023-09-29,0.26,0.23111172096338664,160,244
1916,150220100,2023-05-01,143.0,4.969813299576001,177,210
1917,150220100,2023-05-11,113.0,4.736198448394496,177,215
1918,150220100,2023-05-21,106.0,4.672828834461906,177,216
1919,150220100,2023-05-31,239.0,5.480638923341991,177,212
1920,150220100,2023-06-05,192.0,5.262690188904886,177,214
1921,150220100,2023-07-08,57.4,4.067315889834181,177,209
1922,150220100,2023-08-14,75.1,4.33204826486764,177,211
1923,150220100,2023-08-29,75.6,4.338597076746545,177,213
1924,150220100,2023-09-06,32.3,3.505557396986398,177,208
1925,150220100,2023-09-11,21.7,3.122364924487357,177,203
1926,150220100,2023-09-21,31.8,3.4904285153900982,177,204
1927,150220100,2023-09-28,59.2,4.097672352314776,177,205
1928,150220100,2023-10-03,41.8,3.756538102587751,177,206
1929,150220100,2023-10-18,35.6,3.6000482404073204,177,207
1930,149210080,2023-05-01,9.68,2.3683728335320486,177,75
1931,149210080,2023-05-31,11.8,2.5494451709255714,177,73
1932,149210080,2023-06-05,8.53,2.254444717666111,177,76
1933,149210080,2023-07-08,2.32,1.199964782928397,177,70
1934,149210080,2023-08-12,1.91,1.068153081183401,177,72
1935,149210080,2023-08-14,1.47,0.9042181506398859,177,74
1936,149210080,2023-08-27,5.26,1.8341801851120072,177,62
1937,149210080,2023-09-06,2.58,1.275362800412609,177,71
1938,149210080,2023-09-11,1.03,0.708035793053696,177,63
1939,149210080,2023-09-16,0.97,0.6780335427498971,177,64
1940,149210080,2023-09-21,0.95,0.6678293725756554,177,65
1941,149210080,2023-09-26,1.57,0.9439058989071285,177,66
1942,149210080,2023-09-28,2.27,1.184789984909162,177,67
1943,149210080,2023-10-03,2.87,1.3532545070416904,177,68
1944,149210080,2023-10-18,1.13,0.7561219797213337,177,69
1945,149190060,2023-07-08,9.67,2.367436065313662,170,246
1946,149190060,2023-07-18,68.7,4.244200317766478,170,247
1947,149190060,2023-08-12,4.8,1.7578579175523736,170,248
1948,149190060,2023-08-15,5.06,1.801709800081223,170,245
1949,149190060,2023-08-22,9.25,2.327277705584417,170,249
1950,149190060,2023-09-06,5.51,1.873339456220478,170,238
1951,149190060,2023-09-09,4.5,1.7047480922384253,170,239
1952,149190060,2023-09-11,5.01,1.7934247485471162,170,240
1953,149190060,2023-09-16,6.61,2.0294631718735947,170,241
1954,149190060,2023-09-21,6.15,1.9671123567059163,170,244
1955,149190060,2023-09-26,18.1,2.9496883350525844,170,243
1956,149190060,2023-09-29,6.97,2.075684492802124,170,242
1957,151160090,2023-05-08,2.01,1.1019400787607843,162,166
1958,151160090,2023-05-28,1.51,0.9202827531436926,162,164
1959,151160090,2023-05-30,1.52,0.924258901523332,162,163
1960,151160090,2023-06-04,2.0,1.0986122886681096,162,165
1961,151160090,2023-07-09,0.85,0.6151856390902335,162,162
1962,151160090,2023-09-07,0.16,0.14842000511827327,162,157
1963,151160090,2023-09-10,0.12,0.11332868530700317,162,158
1964,151160090,2023-09-17,0.16,0.14842000511827327,162,159
1965,151160090,2023-09-27,0.16,0.14842000511827327,162,160
1966,151160090,2023-10-02,0.13,0.12221763272424921,162,161
1967,151160090,2023-10-30,1.84,1.0438040521731147,162,167
1968,150150070,2023-05-08,4.06,1.6213664832993742,163,248
1969,150150080,2023-05-08,15.3,2.791165107812717,163,139
1970,150150070,2023-05-28,6.94,2.0719132752590443,163,246
1971,150150080,2023-05-28,15.9,2.827313621929028,163,137
1972,150150070,2023-05-30,6.85,2.060513531794317,163,244
1973,150150080,2023-05-30,15.2,2.785011242238338,163,135
1974,150150070,2023-06-04,6.83,2.057962510002712,163,245
1975,150150080,2023-06-04,15.8,2.8213788864092133,163,136
1976,150150070,2023-07-09,3.53,1.5107219394949427,163,247
1977,150150080,2023-07-09,10.6,2.451005098112319,163,138
1978,150150070,2023-09-07,0.84,0.6097655716208943,163,239
1979,150150080,2023-09-07,2.53,1.2612978709452054,163,130
1980,150150070,2023-09-10,0.81,0.5933268452777344,163,240
1981,150150080,2023-09-10,2.02,1.1052568313867783,163,131
1982,150150070,2023-09-17,0.88,0.6312717768418579,163,241
1983,150150080,2023-09-17,2.63,1.2892326482767593,163,132
1984,150150070,2023-09-27,1.01,0.6981347220709844,163,242
1985,150150080,2023-09-27,3.7,1.547562508716013,163,133
1986,150150070,2023-10-30,7.19,2.102913897864978,163,243
1987,150150080,2023-10-30,20.7,3.077312260546414,163,134
1988,150190180,2023-07-08,12.0,2.5649493574615367,172,206
1989,150190180,2023-08-12,9.95,2.3933394562625097,172,208
1990,150190180,2023-08-15,9.5,2.3513752571634776,172,207
1991,150190180,2023-08-22,9.12,2.3145136638593193,172,209
1992,150190180,2023-09-06,10.6,2.451005098112319,172,199
1993,150190180,2023-09-09,8.33,2.2332350148592526,172,200
1994,150190180,2023-09-11,8.36,2.2364452904895007,172,201
1995,150190180,2023-09-16,8.76,2.278292400425001,172,202
1996,150190180,2023-09-21,8.77,2.2793164660546914,172,203
1997,150190180,2023-09-26,13.8,2.6946271807700692,172,205
1998,150190180,2023-09-29,11.5,2.5257286443082556,172,204
1999,149190290,2023-06-01,1.22,0.7975071958841881,173,229
2000,149190290,2023-07-08,0.39,0.3293037471426004,173,227
2001,149190290,2023-07-16,0.33,0.2851789422336624,173,232
2002,149190290,2023-08-12,0.26,0.23111172096338664,173,228
2003,149190290,2023-08-15,0.26,0.23111172096338664,173,230
2004,149190290,2023-09-06,0.26,0.23111172096338664,173,231
2005,149190290,2023-09-09,0.24,0.2151113796169455,173,220
2006,149190290,2023-09-11,0.23,0.20701416938432615,173,221
2007,149190290,2023-09-16,0.24,0.2151113796169455,173,222
2008,149190290,2023-09-21,0.24,0.2151113796169455,173,223
2009,149190290,2023-09-26,2.41,1.2267122912954256,173,224
2010,149190290,2023-09-29,1.63,0.9669838461896731,173,225
2011,149190290,2023-10-14,0.4,0.33647223662121295,173,226
2012,150160060,2023-05-30,1.71,0.9969486348916095,162,0
2013,150160060,2023-06-04,2.26,1.1817271953786161,162,5
2014,150160060,2023-07-09,1.22,0.7975071958841881,162,6
2015,150160060,2023-09-07,0.35,0.30010459245033805,162,1
2016,150160060,2023-09-17,0.34,0.29266961396282,162,2
2017,150160060,2023-09-27,0.35,0.30010459245033805,162,3
2018,150160060,2023-10-02,0.35,0.30010459245033805,162,4
2019,154220050,2023-05-07,1.93,1.0750024230289759,189,107
2020,154220050,2023-05-09,1.78,1.0224509277025458,189,109
2021,154220050,2023-05-12,1.82,1.0367368849500223,189,106
2022,154220050,2023-06-06,2.59,1.2781522025001875,189,105
2023,154220050,2023-06-11,2.47,1.244154593958768,189,103
2024,154220050,2023-08-15,0.19,0.173953307123438,189,104
2025,154220050,2023-09-04,0.2,0.18232155679395462,189,100
2026,154220050,2023-09-11,0.15,0.13976194237515868,189,108
2027,154220050,2023-09-16,0.14,0.1310282624064041,189,101
2028,154220050,2023-09-21,0.13,0.12221763272424921,189,102
2029,153200030,2023-05-07,4.78,1.7544036826842861,188,242
2030,153200030,2023-05-10,4.8,1.7578579175523736,188,241
2031,153200030,2023-05-12,4.97,1.7867469274045107,188,243
2032,153200030,2023-05-27,5.6,1.8870696490323797,188,238
2033,153200030,2023-05-30,5.1,1.8082887711792655,188,236
2034,153200030,2023-06-06,5.11,1.809926773183504,188,237
2035,153200030,2023-06-11,4.79,1.7561322915849038,188,239
2036,153200030,2023-08-15,2.35,1.208960345836975,188,235
2037,153200030,2023-08-23,2.26,1.1817271953786161,188,240
2038,153200030,2023-09-12,1.73,1.0043016091968684,188,232
2039,153200030,2023-09-17,1.69,0.9895411936137477,188,233
2040,153200030,2023-10-17,1.51,0.9202827531436926,188,234
2041,149220110,2023-05-01,3.15,1.423108334242607,178,100
2042,149220110,2023-05-21,6.66,2.0360119837525,178,104
2043,149220110,2023-05-31,6.82,2.05668455455722,178,93
2044,149220110,2023-06-03,12.0,2.5649493574615367,178,94
2045,149220110,2023-08-14,5.77,1.9125010869241836,178,95
2046,149220110,2023-08-27,3.69,1.545432582458188,178,96
2047,149220110,2023-08-29,2.59,1.2781522025001875,178,97
2048,149220110,2023-09-06,1.09,0.7371640659767197,178,98
2049,149220110,2023-09-08,0.88,0.6312717768418579,178,99
2050,149220110,2023-09-11,0.77,0.5709795465857378,178,102
2051,149220110,2023-09-16,0.65,0.5007752879124893,178,101
2052,149220110,2023-09-26,3.88,1.5851452198650557,178,90
2053,149220110,2023-09-28,1.68,0.9858167945227653,178,103
2054,149220110,2023-10-03,1.71,0.9969486348916095,178,91
2055,149220110,2023-10-18,0.99,0.688134638736401,178,92
2056,149190020,2023-05-27,1.64,0.9707789171582247,173,151
2057,149190020,2023-06-03,1.28,0.8241754429663495,173,137
2058,149190020,2023-07-08,0.77,0.5709795465857378,173,146
2059,149190020,2023-07-18,2.18,1.1568811967920856,173,150
2060,149190020,2023-08-12,0.37,0.31481073984003355,173,148
2061,149190020,2023-08-15,0.35,0.30010459245033805,173,149
2062,149190020,2023-08-22,1.07,0.7275486072772778,173,145
2063,150160270,2023-05-05,0.83,0.6043159668533296,161,150
2064,150160270,2023-05-12,0.79,0.5822156198526637,161,152
2065,150160270,2023-05-27,0.64,0.49469624183610705,161,151
2066,150160270,2023-06-04,0.71,0.5364933705145685,161,145
2067,150160270,2023-07-09,0.52,0.41871033485818504,161,148
2068,150160270,2023-08-15,0.34,0.29266961396282,161,144
2069,150160270,2023-08-18,0.32,0.2776317365982795,161,149
2070,150160270,2023-08-23,0.49,0.3987761199573678,161,147
2071,150160270,2023-08-25,0.38,0.32208349916911333,161,146
2072,150160270,2023-09-07,0.24,0.2151113796169455,161,143
2073,150160010,2023-05-08,2.69,1.3056264580524357,163,116
2074,150160010,2023-05-28,2.16,1.1505720275988207,163,115
2075,150160010,2023-05-30,2.3,1.1939224684724346,163,113
2076,150160010,2023-06-04,2.23,1.172482137234565,163,114
2077,150160010,2023-07-09,1.56,0.9400072584914712,163,117
2078,150160010,2023-09-07,0.69,0.5247285289349821,163,108
2079,150160010,2023-09-10,0.58,0.4574248470388754,163,109
2080,150160010,2023-09-17,0.56,0.44468582126144574,163,110
2081,150160010,2023-09-27,0.64,0.49469624183610705,163,111
2082,150160010,2023-10-02,0.83,0.6043159668533296,163,112
2083,150160010,2023-10-30,2.21,1.1662709371419244,163,118
2084,150180010,2023-06-04,0.41,0.3435897043900769,160,220
2085,150180010,2023-07-11,0.3,0.26236426446749106,160,225
2086,150180010,2023-08-13,0.2,0.18232155679395462,160,226
2087,150180010,2023-08-15,0.19,0.173953307123438,160,221
2088,150180010,2023-08-18,0.17,0.15700374880966475,160,228
2089,150180010,2023-09-07,0.12,0.11332868530700317,160,227
2090,150180010,2023-09-09,0.11,0.10436001532424277,160,222
2091,150180010,2023-09-27,0.18,0.16551443847757338,160,223
2092,150180010,2023-09-29,0.16,0.14842000511827327,160,224
2093,151160220,2023-05-30,0.89,0.636576829071551,163,28
2094,151160220,2023-06-04,1.59,0.9516578757114464,163,29
2095,151160220,2023-07-09,0.45,0.37156355643248307,163,30
2096,151160220,2023-08-23,0.006,0.005982071677547464,163,31
2097,151160220,2023-09-07,0.008,0.007968169649176874,163,27
2098,150170150,2023-05-05,3.87,1.5830939370944985,161,177
2099,150170150,2023-05-27,3.21,1.43746264769429,161,183
2100,150170150,2023-06-04,5.02,1.7950872593207297,161,181
2101,150170150,2023-07-09,2.4,1.2237754316221157,161,180
2102,150170150,2023-08-15,0.47,0.3852624007906449,161,182
2103,150170150,2023-08-18,0.45,0.37156355643248307,161,184
2104,150170150,2023-08-23,0.41,0.3435897043900769,161,178
2105,150170150,2023-08-25,0.7,0.5306282510621704,161,179
2106,150170150,2023-09-07,0.44,0.36464311358790924,161,175
2107,150170150,2023-09-27,0.84,0.6097655716208943,161,176
2108,153230020,2023-05-09,4.31,1.6695918352538475,183,226
2109,153230020,2023-06-08,4.73,1.7457155307266483,183,227
2110,153230020,2023-09-11,0.39,0.3293037471426004,183,223
2111,153230020,2023-09-16,0.38,0.32208349916911333,183,224
2112,153230020,2023-09-21,0.38,0.32208349916911333,183,228
2113,153230020,2023-09-26,0.39,0.3293037471426004,183,225
2114,150200150,2023-05-27,230.0,5.442417710521793,171,110
2115,150200150,2023-06-01,224.0,5.41610040220442,171,109
2116,150200150,2023-07-08,242.0,5.493061443340548,171,104
2117,150200150,2023-07-16,182.0,5.209486152841421,171,105
2118,150200150,2023-08-12,158.0,5.0689042022202315,171,107
2119,150200150,2023-08-15,149.0,5.0106352940962555,171,106
2120,150200150,2023-08-22,102.0,4.634728988229636,171,103
2121,150200150,2023-09-06,104.0,4.653960350157523,171,108
2122,150200150,2023-09-11,91.7,4.529368472571809,171,98
2123,150200150,2023-09-16,97.8,4.593097604753822,171,99
2124,150200150,2023-09-21,105.0,4.663439094112067,171,100
2125,150200150,2023-09-29,219.0,5.393627546352361,171,101
2126,150200150,2023-10-14,149.0,5.0106352940962555,171,102
2127,149200040,2023-05-27,5.73,1.9065751436566365,174,158
2128,149200040,2023-06-01,7.49,2.138889000323256,174,155
2129,149200040,2023-07-08,3.38,1.4770487243883548,174,154
2130,149200040,2023-07-16,2.41,1.2267122912954256,174,160
2131,149200040,2023-08-12,2.38,1.2178757094949273,174,159
2132,149200040,2023-08-15,1.91,1.068153081183401,174,156
2133,149200040,2023-09-06,1.49,0.9122827104766162,174,157
2134,149200040,2023-09-09,1.08,0.7323678937132266,174,147
2135,149200040,2023-09-11,1.02,0.7030975114131134,174,148
2136,149200040,2023-09-16,1.72,1.000631880307906,174,149
2137,149200040,2023-09-21,2.88,1.355835153635182,174,150
2138,149200040,2023-09-26,18.3,2.9601050959108397,174,151
2139,149200040,2023-09-29,9.56,2.3570732782781154,174,152
2140,149200040,2023-10-14,3.09,1.4085449700547104,174,153
2141,151210080,2023-05-04,3.07,1.4036429994545037,180,41
2142,151210080,2023-05-09,3.27,1.4516138272405332,180,42
2143,151210080,2023-06-03,2.82,1.3402504226184837,180,48
2144,151210080,2023-08-12,0.98,0.6830968447064438,180,43
2145,151210080,2023-09-01,0.79,0.5822156198526637,180,49
2146,151210080,2023-09-06,0.68,0.5187937934151676,180,44
2147,151210080,2023-09-11,0.61,0.4762341789963716,180,45
2148,151210080,2023-09-16,0.67,0.5128236264286637,180,46
2149,151210080,2023-09-21,0.64,0.49469624183610705,180,47
2150,152190120,2023-05-12,1420.0,7.259116128097101,171,243
2151,152190120,2023-05-27,1370.0,7.223295679562314,171,244
2152,152190120,2023-06-01,1630.0,7.396948602621014,171,242
2153,152190120,2023-06-11,1600.0,7.3783837129967145,171,241
2154,152190120,2023-08-15,541.0,6.295266001439646,171,240
2155,152200010,2023-05-09,6.22,1.9768549529047348,186,233
2156,152200010,2023-05-12,8.04,2.201659174404085,186,234
2157,152200010,2023-06-01,5.94,1.937301774518713,186,229
2158,152200010,2023-06-03,6.56,2.0228711901914416,186,230
2159,152200010,2023-06-08,7.24,2.1090003439213802,186,232
2160,152200010,2023-08-12,2.13,1.1410330045520618,186,228
2161,152200010,2023-08-15,2.24,1.1755733298042381,186,231
2162,152200010,2023-09-06,2.06,1.1184149159642893,186,224
2163,152200010,2023-09-11,1.79,1.0260415958332743,186,225
2164,152200010,2023-09-16,2.1,1.1314021114911006,186,226
2165,152200010,2023-09-21,1.71,0.9969486348916095,186,227
2166,154220100,2023-05-07,0.42,0.35065687161316933,189,139
2167,154220100,2023-06-06,0.55,0.4382549309311553,189,138
2168,154220100,2023-06-11,0.49,0.3987761199573678,189,136
2169,154220100,2023-08-15,0.18,0.16551443847757338,189,135
2170,154220100,2023-09-11,0.18,0.16551443847757338,189,137
2171,154220100,2023-09-16,0.17,0.15700374880966475,189,133
2172,154220100,2023-09-29,0.14,0.1310282624064041,189,134
2173,149210030,2023-07-08,4.35,1.6770965609079151,177,22
2174,149210030,2023-08-22,4.28,1.66392609771817,177,23
2175,149210030,2023-08-27,5.91,1.9329696377795786,177,21
2176,149210030,2023-09-06,2.76,1.324418957401803,177,20
2177,149210030,2023-09-11,2.76,1.324418957401803,177,16
2178,149210030,2023-09-16,2.76,1.324418957401803,177,17
2179,149210030,2023-09-21,2.73,1.3164082336557241,177,18
2180,149210030,2023-09-26,4.14,1.6370530794670737,177,19
2181,152190060,2023-05-10,2.13,1.1410330045520618,187,19
2182,152190060,2023-05-12,2.09,1.128171090909654,187,20
2183,152190060,2023-05-27,1.64,0.9707789171582247,187,21
2184,152190060,2023-05-30,1.42,0.8837675401685949,187,17
2185,152190060,2023-06-01,1.45,0.8960880245566356,187,16
2186,152190060,2023-06-11,1.97,1.0885619528146082,187,15
2187,152190060,2023-07-14,0.84,0.6097655716208943,187,18
2188,152190060,2023-08-15,0.33,0.2851789422336624,187,13
2189,152190060,2023-09-02,0.3,0.26236426446749106,187,11
2190,152190060,2023-09-07,0.2,0.18232155679395462,187,14
2191,152190060,2023-09-12,0.14,0.1310282624064041,187,12
2192,150180250,2023-08-15,0.73,0.5481214085096876,160,191
2193,150180250,2023-09-09,0.27,0.23901690047049992,160,192
2194,150180250,2023-09-29,0.24,0.2151113796169455,160,193
2195,150160180,2023-05-27,13.5,2.6741486494265287,161,50
2196,150160180,2023-08-15,4.83,1.763017000362401,161,51
2197,150160180,2023-09-07,3.81,1.5706970841176697,161,52
2198,150160180,2023-09-09,3.55,1.515127232962859,161,53
2199,150160180,2023-09-27,3.94,1.597365331199831,161,54
2200,151190080,2023-05-09,4.64,1.7298840655099674,182,56
2201,151190080,2023-06-03,3.08,1.4060969884160703,182,48
2202,151190080,2023-07-08,2.13,1.1410330045520618,182,55
2203,151190080,2023-08-12,1.03,0.708035793053696,182,49
2204,151190080,2023-08-15,1.17,0.7747271675523681,182,50
2205,151190080,2023-09-06,1.14,0.76080582903376,182,51
2206,151190080,2023-09-11,0.88,0.6312717768418579,182,57
2207,151190080,2023-09-16,0.6,0.4700036292457356,182,52
2208,151190080,2023-09-21,0.74,0.5538851132264376,182,53
2209,151190080,2023-09-29,0.85,0.6151856390902335,182,54
2210,150210150,2023-05-04,329.0,5.799092654460526,171,125
2211,152180120,2023-05-10,53.9,4.005513348515485,165,39
2212,152180120,2023-05-12,55.2,4.028916756899646,165,38
2213,152180120,2023-05-27,48.0,3.8918202981106265,165,40
2214,152180120,2023-06-01,42.9,3.7819143200811256,165,37
2215,150210150,2023-06-03,355.0,5.87493073085203,171,124
2216,152180120,2023-06-11,44.0,3.8066624897703196,165,35
2217,152180120,2023-07-04,37.6,3.653252276470785,165,41
2218,150210150,2023-07-08,329.0,5.799092654460526,171,122
2219,152180120,2023-07-09,32.4,3.5085558999826545,165,33
2220,150210150,2023-08-12,219.0,5.393627546352361,171,123
2221,152180120,2023-08-15,19.9,3.039749158970765,165,34
2222,152180120,2023-08-23,20.0,3.044522437723423,165,36
2223,150210150,2023-09-01,161.0,5.087596335232384,171,126
2224,150210150,2023-09-06,146.0,4.990432586778736,171,118
2225,152180120,2023-09-07,20.0,3.044522437723423,165,30
2226,150210150,2023-09-11,127.0,4.852030263919617,171,119
2227,150210150,2023-09-16,155.0,5.049856007249537,171,120
2228,150210150,2023-09-21,151.0,5.0238805208462765,171,121
2229,152180120,2023-09-27,20.9,3.086486636822455,165,31
2230,152180120,2023-09-29,22.2,3.144152278672264,165,32
2231,149190280,2023-06-03,5.4,1.8562979903656263,175,56
2232,149190280,2023-07-08,9.02,2.3045830956567186,175,55
2233,149190280,2023-08-15,5.3,1.840549633397487,175,57
2234,149190280,2023-09-06,3.66,1.5390154481375546,175,59
2235,149190280,2023-09-09,2.59,1.2781522025001875,175,58
2236,149190280,2023-09-11,2.41,1.2267122912954256,175,51
2237,149190280,2023-09-26,10.1,2.4069451083182885,175,52
2238,149190280,2023-09-29,4.68,1.7369512327330598,175,53
2239,149190280,2023-10-14,5.41,1.8578592709325787,175,54
2240,152160060,2023-05-08,0.84,0.6097655716208943,166,171
2241,152160060,2023-05-10,0.97,0.6780335427498971,166,172
2242,152160060,2023-05-28,1.56,0.9400072584914712,166,173
2243,152160060,2023-05-30,1.43,0.8878912573524571,166,164
2244,152160060,2023-06-04,1.64,0.9707789171582247,166,165
2245,152160060,2023-06-22,2.32,1.199964782928397,166,166
2246,152160060,2023-07-07,1.02,0.7030975114131134,166,174
2247,152160060,2023-07-09,0.98,0.6830968447064438,166,168
2248,152160060,2023-08-16,0.21,0.1906203596086497,166,167
2249,152160060,2023-08-21,0.14,0.1310282624064041,166,170
2250,152160060,2023-08-23,0.14,0.1310282624064041,166,169
2251,152160060,2023-09-07,0.09,0.08617769624105233,166,161
2252,152160060,2023-09-10,0.08,0.07696104113612832,166,162
2253,152160060,2023-09-25,0.05,0.04879016416943201,166,163
2254,150170100,2023-05-05,40.2,3.7184382563554808,161,85
2255,150170100,2023-05-12,35.6,3.6000482404073204,161,82
2256,150170100,2023-05-27,44.7,3.822098297900159,161,89
2257,150170100,2023-05-30,33.8,3.5496173867804286,161,87
2258,150170100,2023-06-04,36.9,3.6349511120883804,161,88
2259,150170100,2023-07-09,42.0,3.7612001156935624,161,90
2260,150170100,2023-08-15,26.6,3.3178157727231046,161,83
2261,150170100,2023-08-23,26.2,3.3032169733019514,161,86
2262,150170100,2023-08-25,27.6,3.353406717825807,161,84
2263,150170100,2023-09-07,27.8,3.3603753871419,161,80
2264,150170100,2023-09-27,15.1,2.7788192719904172,161,81
2265,150210160,2023-05-04,2.68,1.3029127521808397,177,98
2266,150210160,2023-06-03,2.55,1.2669476034873244,177,100
2267,150210160,2023-08-12,0.93,0.6575200029167942,177,99
2268,150210160,2023-09-06,0.66,0.5068176023684519,177,94
2269,150210160,2023-09-11,0.57,0.4510756193602167,177,95
2270,150210160,2023-09-16,1.4,0.8754687373538999,177,96
2271,150210160,2023-09-21,0.97,0.6780335427498971,177,97
2272,151160200,2023-05-30,3.76,1.5602476682433286,163,35
2273,151160200,2023-06-04,3.39,1.47932922708708,163,33
2274,151160200,2023-07-09,1.45,0.8960880245566356,163,34
2275,151160200,2023-08-23,0.23,0.20701416938432615,163,36
2276,151160200,2023-09-07,0.22,0.1988508587451652,163,32
2277,154160120,2023-05-08,7.72,2.1656192379208883,169,193
2278,154160120,2023-05-10,7.39,2.127040520479115,169,192
2279,154160120,2023-05-30,8.19,2.2181159363675955,169,190
2280,154160120,2023-06-02,8.85,2.2874714551839976,169,195
2281,154160120,2023-06-07,7.64,2.1564025828159643,169,191
2282,154160120,2023-06-12,7.4,2.128231705849268,169,194
2283,154160120,2023-09-10,5.13,1.81319474994812,169,187
2284,154160120,2023-09-12,5.2,1.8245492920510458,169,188
2285,154160120,2023-09-15,5.09,1.8066480817218056,169,189
2286,154160030,2023-05-08,1.09,0.7371640659767197,169,168
2287,154160030,2023-05-10,1.07,0.7275486072772778,169,160
2288,154160030,2023-05-18,1.1,0.7419373447293773,169,161
2289,154160030,2023-05-30,1.19,0.7839015438284094,169,162
2290,154160030,2023-06-02,1.17,0.7747271675523681,169,166
2291,154160030,2023-06-07,1.08,0.7323678937132266,169,163
2292,154160030,2023-06-12,1.06,0.7227059828014898,169,167
2293,154160030,2023-09-10,0.35,0.30010459245033805,169,164
2294,154160030,2023-09-12,0.39,0.3293037471426004,169,165
2295,149200320,2023-07-08,8.88,2.2905125117597764,176,43
2296,149200320,2023-08-12,3.51,1.5062971535145868,176,44
2297,149200320,2023-08-22,6.6,2.028148247292285,176,42
2298,149200320,2023-09-06,2.8,1.33500106673234,176,45
2299,149200320,2023-09-11,1.56,0.9400072584914712,176,38
2300,149200320,2023-09-16,1.6,0.9555114450274365,176,39
2301,149200320,2023-09-21,1.88,1.0577902941478545,176,40
2302,149200320,2023-09-26,17.9,2.9391619220655967,176,41
2303,152160090,2023-05-08,3.59,1.5238800240724537,166,154
2304,152160090,2023-05-28,3.78,1.5644405465033646,166,144
2305,152160090,2023-05-30,3.08,1.4060969884160703,166,145
2306,152160090,2023-06-04,3.27,1.4516138272405332,166,146
2307,152160090,2023-06-22,2.68,1.3029127521808397,166,152
2308,152160090,2023-07-09,1.68,0.9858167945227653,166,150
2309,152160090,2023-08-16,0.36,0.3074846997479606,166,153
2310,152160090,2023-08-21,0.29,0.2546422183735807,166,151
2311,152160090,2023-08-23,0.32,0.2776317365982795,166,149
2312,152160090,2023-09-07,0.25,0.22314355131420976,166,147
2313,152160090,2023-09-10,0.29,0.2546422183735807,166,148
2314,152160090,2023-09-25,0.07,0.06765864847381481,166,155
2315,152180110,2023-05-10,2.66,1.297463147413275,166,13
2316,152180110,2023-05-12,3.43,1.4883995840570443,166,14
2317,152180110,2023-06-01,1.86,1.0508216248317612,166,11
2318,152180110,2023-06-04,2.01,1.1019400787607843,166,12
2319,152180110,2023-06-11,2.18,1.1568811967920856,166,9
2320,152180110,2023-07-04,0.96,0.6729444732424258,166,15
2321,152180110,2023-07-09,0.95,0.6678293725756554,166,8
2322,152180110,2023-08-15,0.26,0.23111172096338664,166,7
2323,152180110,2023-08-23,0.23,0.20701416938432615,166,10
2324,152180110,2023-09-07,0.15,0.13976194237515868,166,4
2325,152180110,2023-09-27,0.08,0.07696104113612832,166,5
2326,152180110,2023-09-29,0.09,0.08617769624105233,166,6
2327,149190300,2023-06-03,2.02,1.1052568313867783,175,129
2328,149190300,2023-07-08,3.96,1.601405740736836,175,134
2329,149190300,2023-08-15,2.41,1.2267122912954256,175,135
2330,149190300,2023-09-06,1.49,0.9122827104766162,175,136
2331,149190300,2023-09-09,1.27,0.8197798314933114,175,137
2332,149190300,2023-09-11,1.17,0.7747271675523681,175,130
2333,149190300,2023-09-26,2.4,1.2237754316221157,175,131
2334,149190300,2023-09-29,1.75,1.0116009116784799,175,132
2335,149190300,2023-10-14,2.13,1.1410330045520618,175,133
2336,151220010,2023-05-09,68.6,4.242764567340374,180,176
2337,151220010,2023-08-12,31.0,3.4657359027997265,180,175
2338,151220010,2023-09-06,27.3,3.342861804649192,180,172
2339,151220010,2023-09-11,24.3,3.2308043957334744,180,173
2340,151220010,2023-09-16,23.2,3.186352633162641,180,174
2341,152160110,2023-05-08,4.66,1.7334238922150915,166,228
2342,152160110,2023-05-10,4.67,1.7351891177396608,166,226
2343,152160110,2023-05-28,5.87,1.927164106234258,166,227
2344,152160110,2023-05-30,5.24,1.8309801823813363,166,220
2345,152160110,2023-06-02,9.63,2.363680192353857,166,222
2346,152160110,2023-06-04,7.69,2.162172939277301,166,224
2347,152160110,2023-06-12,7.06,2.086913556518537,166,225
2348,152160110,2023-07-09,5.54,1.8779371654691073,166,223
2349,152160110,2023-09-07,0.85,0.6151856390902335,166,216
2350,152160110,2023-09-10,0.78,0.5766133643039938,166,217
2351,152160110,2023-09-12,0.96,0.6729444732424258,166,218
2352,152160110,2023-09-15,0.87,0.6259384308664953,166,219
2353,152160110,2023-09-25,0.34,0.29266961396282,166,221
2354,152160110,2023-09-27,0.45,0.37156355643248307,166,229
2355,150150110,2023-05-08,0.15,0.13976194237515868,163,214
2356,150150110,2023-05-28,0.3,0.26236426446749106,163,215
2357,150150110,2023-05-30,0.32,0.2776317365982795,163,212
2358,150150110,2023-06-04,0.39,0.3293037471426004,163,211
2359,150150110,2023-07-09,0.11,0.10436001532424277,163,213
2360,150150110,2023-09-07,0.1,0.09531017980432487,163,207
2361,150150110,2023-09-10,0.09,0.08617769624105233,163,208
2362,150150110,2023-09-17,0.08,0.07696104113612832,163,216
2363,150150110,2023-09-27,0.18,0.16551443847757338,163,209
2364,150150110,2023-10-02,0.21,0.1906203596086497,163,210
2365,149210050,2023-07-08,13.4,2.667228206581955,176,232
2366,149210050,2023-08-12,9.35,2.336986519711378,176,234
2367,149210050,2023-08-27,18.9,2.990719731730447,176,235
2368,149210050,2023-09-06,9.17,2.3194422100604686,176,233
2369,149210050,2023-09-11,5.41,1.8578592709325787,176,228
2370,149210050,2023-09-16,5.03,1.7967470107390942,176,229
2371,149210050,2023-09-21,5.55,1.8794650496471605,176,231
2372,149210050,2023-09-26,13.5,2.6741486494265287,176,230
2373,150160120,2023-05-05,6.45,2.0082140323914683,162,20
2374,150160120,2023-05-30,4.23,1.6544112780768316,162,14
2375,150160120,2023-06-04,5.69,1.900613874140137,162,15
2376,150160120,2023-07-09,4.17,1.6428726885203377,162,16
2377,150160120,2023-08-18,2.01,1.1019400787607843,162,17
2378,150160120,2023-09-07,0.96,0.6729444732424258,162,18
2379,150160120,2023-09-27,1.4,0.8754687373538999,162,19
2380,153210020,2023-05-09,5.23,1.8293763327993617,185,23
2381,153210020,2023-05-12,6.65,2.0347056478384444,185,20
2382,153210020,2023-06-01,5.13,1.81319474994812,185,17
2383,153210020,2023-06-03,9.25,2.327277705584417,185,11
2384,153210020,2023-06-08,7.28,2.1138429683971682,185,21
2385,153210020,2023-07-16,1.98,1.091923300517313,185,22
2386,153210020,2023-08-12,0.48,0.3920420877760237,185,18
2387,153210020,2023-08-15,0.81,0.5933268452777344,185,19
2388,153210020,2023-09-06,0.41,0.3435897043900769,185,12
2389,153210020,2023-09-11,0.47,0.3852624007906449,185,13
2390,153210020,2023-09-16,0.42,0.35065687161316933,185,14
2391,153210020,2023-09-21,0.5,0.4054651081081644,185,15
2392,153210020,2023-09-26,0.4,0.33647223662121295,185,16
2393,150230040,2023-05-01,20.1,3.0492730404820207,180,142
2394,150230040,2023-05-11,20.9,3.086486636822455,180,141
2395,150230040,2023-05-14,23.0,3.1780538303479458,180,139
2396,150230040,2023-05-21,16.0,2.833213344056216,180,140
2397,150230040,2023-06-05,15.2,2.785011242238338,180,138
2398,150230040,2023-08-14,11.7,2.5416019934645457,180,137
2399,150230040,2023-08-19,18.4,2.9652730660692823,180,136
2400,150230040,2023-08-29,10.0,2.3978952727983707,180,134
2401,150230040,2023-09-06,9.51,2.3523271848888596,180,135
2402,150230040,2023-09-11,8.48,2.2491843162669305,180,126
2403,150230040,2023-09-18,9.04,2.306577114263583,180,127
2404,150230040,2023-09-21,8.76,2.278292400425001,180,128
2405,150230040,2023-09-26,11.3,2.509599262378372,180,129
2406,150230040,2023-09-28,22.2,3.144152278672264,180,130
2407,150230040,2023-10-03,12.5,2.6026896854443837,180,131
2408,150230040,2023-11-02,10.2,2.4159137783010487,180,132
2409,150230040,2023-11-07,9.17,2.3194422100604686,180,133
2410,151180060,2023-05-10,1.92,1.0715836162801904,166,118
2411,151180060,2023-05-12,2.56,1.269760544863939,166,112
2412,151180060,2023-05-27,1.07,0.7275486072772778,166,113
2413,151180060,2023-06-01,0.97,0.6780335427498971,166,111
2414,151180060,2023-06-04,1.02,0.7030975114131134,166,115
2415,151180060,2023-06-11,1.03,0.708035793053696,166,117
2416,151180060,2023-07-09,0.42,0.35065687161316933,166,114
2417,151180060,2023-08-15,0.24,0.2151113796169455,166,110
2418,151180060,2023-08-23,0.16,0.14842000511827327,166,116
2419,151180060,2023-09-07,0.09,0.08617769624105233,166,108
2420,151180060,2023-09-29,0.1,0.09531017980432487,166,109
2421,154160090,2023-05-08,2.48,1.247032293786383,169,231
2422,154160090,2023-05-10,2.45,1.2383742310432684,169,230
2423,154160090,2023-05-30,2.49,1.2499017362143359,169,229
2424,154160090,2023-06-07,2.32,1.199964782928397,169,232
2425,154160090,2023-06-12,2.24,1.1755733298042381,169,233
2426,154160090,2023-09-10,2.11,1.1346227261911428,169,226
2427,154160090,2023-09-12,2.18,1.1568811967920856,169,227
2428,154160090,2023-09-15,2.14,1.144222799920162,169,228
2429,153180060,2023-05-07,9.56,2.3570732782781154,188,56
2430,153180060,2023-05-10,13.6,2.681021528714291,188,55
2431,153180060,2023-05-12,8.29,2.2289385528257473,188,51
2432,153180060,2023-05-27,12.5,2.6026896854443837,188,54
2433,153180060,2023-05-30,12.8,2.624668592163159,188,52
2434,153180060,2023-08-15,8.97,2.299580583973747,188,53
2435,153180060,2023-08-23,6.58,2.0255131996542803,188,57
2436,153180060,2023-09-07,6.38,1.998773638612381,188,47
2437,153180060,2023-09-12,6.3,1.9878743481543455,188,48
2438,153180060,2023-09-17,6.23,1.9782390361706734,188,49
2439,153180060,2023-10-17,6.39,2.0001277349601105,188,50
2440,149210090,2023-05-01,2.49,1.2499017362143359,176,207
2441,149210090,2023-05-31,5.78,1.9139771019523042,176,210
2442,149210090,2023-06-03,5.18,1.8213182714695995,176,212
2443,149210090,2023-07-08,0.73,0.5481214085096876,176,211
2444,149210090,2023-07-15,0.57,0.4510756193602167,176,209
2445,149210090,2023-08-14,0.68,0.5187937934151676,176,208
2446,149210090,2023-08-27,1.5,0.9162907318741551,176,204
2447,149210090,2023-09-06,0.62,0.4824261492442927,176,206
2448,149210090,2023-09-08,0.44,0.36464311358790924,176,205
2449,149210090,2023-09-11,0.33,0.2851789422336624,176,198
2450,149210090,2023-09-21,0.44,0.36464311358790924,176,199
2451,149210090,2023-09-26,0.97,0.6780335427498971,176,200
2452,149210090,2023-09-28,0.58,0.4574248470388754,176,201
2453,149210090,2023-10-03,0.63,0.48858001481867097,176,202
2454,149210090,2023-10-18,0.44,0.36464311358790924,176,203
2455,150190240,2023-05-12,0.5,0.4054651081081644,164,219
2456,150190240,2023-05-27,1.14,0.76080582903376,164,218
2457,150190240,2023-06-01,1.1,0.7419373447293773,164,217
2458,150190240,2023-06-03,0.81,0.5933268452777344,164,216
2459,150190240,2023-07-08,1.33,0.8458682675776092,164,211
2460,150190240,2023-07-18,1.86,1.0508216248317612,164,212
2461,150190240,2023-08-12,0.39,0.3293037471426004,164,213
2462,150190240,2023-08-15,0.42,0.35065687161316933,164,215
2463,150190240,2023-08-22,0.36,0.3074846997479606,164,214
2464,150190240,2023-09-06,0.37,0.31481073984003355,164,208
2465,150190240,2023-09-11,0.27,0.23901690047049992,164,220
2466,150190240,2023-09-16,0.27,0.23901690047049992,164,209
2467,150190240,2023-09-21,0.26,0.23111172096338664,164,210
2468,154170020,2023-05-08,0.47,0.3852624007906449,170,46
2469,154170020,2023-05-10,0.45,0.37156355643248307,170,45
2470,154170020,2023-05-30,0.52,0.41871033485818504,170,42
2471,154170020,2023-06-02,0.59,0.46373401623214017,170,44
2472,154170020,2023-06-07,0.44,0.36464311358790924,170,43
2473,154170020,2023-06-12,0.44,0.36464311358790924,170,41
2474,154170020,2023-09-05,0.21,0.1906203596086497,170,37
2475,154170020,2023-09-10,0.2,0.18232155679395462,170,38
2476,154170020,2023-09-12,0.22,0.1988508587451652,170,39
2477,154170020,2023-09-15,0.21,0.1906203596086497,170,40
2478,149210110,2023-05-01,9.11,2.3135250330323798,179,14
2479,154200020,2023-05-05,2.21,1.1662709371419244,189,11
2480,154200020,2023-05-07,2.06,1.1184149159642893,189,9
2481,154200020,2023-05-12,2.11,1.1346227261911428,189,10
2482,154200020,2023-05-27,4.91,1.776645831418007,189,7
2483,154200020,2023-05-30,2.98,1.3812818192963463,189,8
2484,149210110,2023-05-31,15.1,2.7788192719904172,179,3
2485,154200020,2023-06-11,2.09,1.128171090909654,189,12
2486,149210110,2023-08-12,2.84,1.3454723665996355,179,11
2487,149210110,2023-08-14,2.77,1.3270750014599193,179,12
2488,154200020,2023-08-15,0.31,0.27002713721306015,189,6
2489,149210110,2023-08-22,7.11,2.093097868127322,179,15
2490,154200020,2023-08-23,0.3,0.26236426446749106,189,14
2491,149210110,2023-08-27,8.18,2.217027204632399,179,13
2492,149210110,2023-09-06,2.74,1.3190856114264407,179,16
2493,154200020,2023-09-07,0.33,0.2851789422336624,189,3
2494,149210110,2023-09-11,1.3,0.832909122935104,179,4
2495,154200020,2023-09-12,0.3,0.26236426446749106,189,4
2496,149210110,2023-09-16,3.8,1.5686159179138452,179,5
2497,154200020,2023-09-17,0.3,0.26236426446749106,189,5
2498,149210110,2023-09-21,1.21,0.7929925155296614,179,6
2499,149210110,2023-09-26,2.48,1.247032293786383,179,7
2500,149210110,2023-09-28,9.3,2.33214389523559,179,8
2501,149210110,2023-10-03,2.26,1.1817271953786161,179,9
2502,154200020,2023-10-17,0.29,0.2546422183735807,189,13
2503,149210110,2023-10-18,1.4,0.8754687373538999,179,10
2504,149220170,2023-05-01,6.82,2.05668455455722,189,193
2505,149220170,2023-05-21,4.7,1.7404661748405044,189,184
2506,149220170,2023-05-31,10.7,2.4595888418037104,189,185
2507,149200160,2023-06-03,43.4,3.793239469438179,175,91
2508,149220170,2023-06-03,7.96,2.192770226986839,189,186
2509,149200160,2023-07-08,37.7,3.655839600035736,175,89
2510,149200160,2023-08-15,34.2,3.5610460826040513,175,90
2511,149200160,2023-09-06,28.4,3.380994674344636,175,92
2512,149200160,2023-09-09,26.8,3.3250360206965914,175,93
2513,149200160,2023-09-11,23.4,3.1945831322991562,175,85
2514,149200160,2023-09-26,25.7,3.2846635654062037,175,86
2515,149200160,2023-09-29,26.8,3.3250360206965914,175,87
2516,149200160,2023-10-14,34.5,3.56953269648137,175,88
2517,149220200,2023-05-01,11.2,2.501435951739211,178,169
2518,149220200,2023-05-11,8.39,2.2396452932201716,178,174
2519,149220200,2023-05-31,16.6,2.8678989020441064,178,168
2520,149220200,2023-07-08,5.14,1.814824742159051,178,173
2521,149220200,2023-08-14,7.02,2.081938421878423,178,170
2522,149220200,2023-08-29,3.42,1.4861396960896067,178,171
2523,149220200,2023-09-06,2.99,1.3837912309017721,178,172
2524,149220200,2023-09-11,1.9,1.0647107369924282,178,164
2525,149220200,2023-09-28,2.51,1.2556160374777745,178,165
2526,149220200,2023-10-03,1.7,0.9932517730102834,178,166
2527,149220200,2023-10-18,1.37,0.8628899551470399,178,167
2528,152200090,2023-05-09,3.91,1.5912739418064292,186,245
2529,152200090,2023-05-12,4.86,1.7681496035889213,186,244
2530,152200090,2023-06-01,3.79,1.5665304114228238,186,235
2531,152200090,2023-06-03,4.61,1.724550719534605,186,246
2532,152200090,2023-06-08,5.59,1.8855533485144158,186,236
2533,152200090,2023-08-12,1.11,0.7466879474879752,186,237
2534,152200090,2023-08-15,1.39,0.8712933659434192,186,238
2535,152200090,2023-09-01,1.11,0.7466879474879752,186,239
2536,152200090,2023-09-06,0.9,0.6418538861723948,186,240
2537,152200090,2023-09-11,0.81,0.5933268452777344,186,241
2538,152200090,2023-09-16,1.12,0.7514160886839212,186,242
2539,152200090,2023-09-21,0.91,0.6471032420585385,186,243
2540,153210010,2023-05-07,5.28,1.8373699804801074,184,225
2541,153210010,2023-05-09,5.49,1.8702625307159986,184,223
2542,153210010,2023-05-12,5.71,1.9035989509835904,184,222
2543,153210010,2023-06-01,6.1,1.9600947840472698,184,226
2544,153210010,2023-06-11,6.1,1.9600947840472698,184,215
2545,153210010,2023-07-16,3.99,1.6074359097634274,184,227
2546,153210010,2023-08-12,1.61,0.9593502213346021,184,216
2547,153210010,2023-08-15,1.64,0.9707789171582247,184,217
2548,153210010,2023-09-06,1.51,0.9202827531436926,184,224
2549,153210010,2023-09-11,1.36,0.8586616190375187,184,218
2550,153210010,2023-09-16,1.24,0.8064758658669485,184,219
2551,153210010,2023-09-21,1.19,0.7839015438284094,184,220
2552,153210010,2023-09-26,1.26,0.8153648132841945,184,221
2553,150180190,2023-05-27,3.51,1.5062971535145868,161,10
2554,150180190,2023-06-01,3.58,1.5216989981260935,161,12
2555,150180190,2023-08-15,1.63,0.9669838461896731,161,11
2556,150240020,2023-05-21,51.7,3.9646154555473165,185,45
2557,150240020,2023-05-31,53.7,4.001863709427935,185,46
2558,150240020,2023-06-05,66.7,4.215086179918229,185,47
2559,150240020,2023-08-19,26.9,3.32862668882732,185,43
2560,150240020,2023-08-29,40.7,3.7305011288047556,185,42
2561,150240020,2023-09-18,30.2,3.4404180948154366,185,44
2562,150240020,2023-09-28,18.2,2.9549102790337356,185,39
2563,150240020,2023-11-02,11.5,2.5257286443082556,185,40
2564,150240020,2023-11-07,13.3,2.6602595372658615,185,41
2565,150230030,2023-05-01,3.53,1.5107219394949427,180,208
2566,150230030,2023-05-11,5.12,1.8115620965242347,180,207
2567,150230030,2023-05-14,4.38,1.682688374173693,180,210
2568,150230030,2023-05-21,2.96,1.3762440252663892,180,209
2569,150230030,2023-05-31,4.46,1.6974487897568138,180,211
2570,150230030,2023-06-05,3.46,1.4951487660319727,180,206
2571,150230030,2023-08-14,1.6,0.9555114450274365,180,204
2572,150230030,2023-08-19,2.88,1.355835153635182,180,205
2573,150230030,2023-08-29,1.57,0.9439058989071285,180,203
2574,150230030,2023-09-06,1.41,0.8796267475025636,180,195
2575,150230030,2023-09-11,1.14,0.76080582903376,180,196
2576,150230030,2023-09-18,1.1,0.7419373447293773,180,197
2577,150230030,2023-09-21,1.34,0.8501509293696101,180,198
2578,150230030,2023-09-28,3.71,1.5496879080283263,180,199
2579,150230030,2023-10-03,1.86,1.0508216248317612,180,200
2580,150230030,2023-11-02,1.55,0.9360933591703348,180,201
2581,150230030,2023-11-07,1.38,0.8671004876833832,180,202
2582,149190350,2023-05-27,2.19,1.1600209167967532,174,244
2583,149190350,2023-06-01,2.76,1.324418957401803,174,231
2584,149190350,2023-07-08,0.87,0.6259384308664953,174,241
2585,149190350,2023-07-16,0.65,0.5007752879124893,174,232
2586,149190350,2023-08-12,0.71,0.5364933705145685,174,243
2587,149190350,2023-08-15,0.59,0.46373401623214017,174,242
2588,149190350,2023-09-06,0.4,0.33647223662121295,174,233
2589,149190350,2023-09-09,0.39,0.3293037471426004,174,234
2590,149190350,2023-09-11,0.39,0.3293037471426004,174,235
2591,149190350,2023-09-16,0.39,0.3293037471426004,174,236
2592,149190350,2023-09-21,0.36,0.3074846997479606,174,237
2593,149190350,2023-09-26,2.84,1.3454723665996355,174,238
2594,149190350,2023-09-29,2.41,1.2267122912954256,174,239
2595,149190350,2023-10-14,0.53,0.4252677354043441,174,240
2596,152230080,2023-05-01,235.0,5.4638318050256105,185,95
2597,152230080,2023-05-11,207.0,5.337538079701318,185,99
2598,152230080,2023-05-21,239.0,5.480638923341991,185,103
2599,152230080,2023-05-29,205.0,5.327876168789581,185,102
2600,152230080,2023-05-31,203.0,5.318119993844216,185,101
2601,152230080,2023-06-05,206.0,5.332718793265369,185,100
2602,152230080,2023-07-05,193.0,5.267858159063328,185,98
2603,152230080,2023-08-19,65.3,4.194189897191817,185,97
2604,152230080,2023-08-29,84.3,4.446174454497633,185,96
2605,152230080,2023-09-06,72.9,4.302712827954156,185,90
2606,152230080,2023-09-18,48.0,3.8918202981106265,185,91
2607,152230080,2023-09-21,50.6,3.9435216724875173,185,92
2608,152230080,2023-09-26,52.1,3.9721769282478934,185,93
2609,152230080,2023-09-28,54.2,4.01096295328305,185,94
2610,150170210,2023-05-05,1.29,0.8285518175661483,161,190
2611,150170210,2023-05-27,1.01,0.6981347220709844,161,194
2612,150170210,2023-05-30,0.93,0.6575200029167942,161,196
2613,150170210,2023-06-04,1.8,1.0296194171811583,161,188
2614,150170210,2023-07-04,0.81,0.5933268452777344,161,193
2615,150170210,2023-07-09,0.76,0.5653138090500605,161,189
2616,150170210,2023-08-15,0.21,0.1906203596086497,161,187
2617,150170210,2023-08-18,0.19,0.173953307123438,161,195
2618,150170210,2023-08-23,0.22,0.1988508587451652,161,191
2619,150170210,2023-08-25,0.19,0.173953307123438,161,192
2620,150170210,2023-09-07,0.18,0.16551443847757338,161,185
2621,150170210,2023-09-27,0.35,0.30010459245033805,161,186
2622,152160010,2023-05-08,39.9,3.7111300630487563,167,160
2623,152160010,2023-05-28,44.1,3.8088822465086327,167,158
2624,152160010,2023-05-30,42.1,3.763522997109702,167,156
2625,152160010,2023-06-02,48.0,3.8918202981106265,167,157
2626,152160010,2023-06-04,46.6,3.8628327612373745,167,159
2627,152160010,2023-07-09,31.1,3.4688560301359703,167,155
2628,152160010,2023-09-07,15.9,2.827313621929028,167,150
2629,152160010,2023-09-10,15.5,2.803360380906535,167,151
2630,152160010,2023-09-12,14.5,2.740840023925201,167,152
2631,152160010,2023-09-27,15.0,2.772588722239781,167,154
2632,152160010,2023-11-26,18.4,2.9652730660692823,167,153
2633,151170010,2023-05-05,10.3,2.424802725718295,162,112
2634,151170010,2023-05-12,9.45,2.34660197841082,162,107
2635,151170010,2023-05-30,6.51,2.0162354657760435,162,108
2636,151170010,2023-06-04,7.26,2.1114245875328868,162,109
2637,151170010,2023-07-09,3.5,1.5040773967762742,162,111
2638,149180010,2023-07-11,33.1,3.529297384289471,160,11
2639,149180010,2023-08-15,24.4,3.2347491740244907,160,10
2640,151170010,2023-08-15,1.31,0.8372475245337022,162,110
2641,151170010,2023-08-18,1.26,0.8153648132841945,162,113
2642,151170010,2023-09-07,1.03,0.708035793053696,162,105
2643,149180010,2023-09-09,15.4,2.797281334830153,160,8
2644,151170010,2023-09-27,0.74,0.5538851132264376,162,106
2645,149180010,2023-09-29,30.5,3.449987545831587,160,9
2646,153220150,2023-05-07,6.89,2.065596134857783,184,2
2647,153220150,2023-05-09,5.24,1.8309801823813363,184,1
2648,153220150,2023-05-12,4.81,1.75958057086382,184,0
2649,153220150,2023-06-01,5.38,1.8531680973566984,183,249
2650,153220150,2023-06-06,4.53,1.7101878155342436,183,247
2651,153220150,2023-06-08,5.24,1.8309801823813363,183,248
2652,153220150,2023-06-11,4.53,1.7101878155342436,184,3
2653,153220150,2023-07-16,0.92,0.6523251860396903,183,246
2654,153220150,2023-08-15,0.65,0.5007752879124893,183,245
2655,153220150,2023-09-11,0.49,0.3987761199573678,183,240
2656,153220150,2023-09-16,0.49,0.3987761199573678,183,241
2657,153220150,2023-09-21,0.44,0.36464311358790924,183,242
2658,153220150,2023-09-26,0.39,0.3293037471426004,183,243
2659,153220150,2023-09-29,0.39,0.3293037471426004,183,244
2660,150160040,2023-05-05,0.75,0.5596157879354227,170,171
2661,150160040,2023-05-25,0.71,0.5364933705145685,170,172
2662,150160040,2023-06-04,0.98,0.6830968447064438,170,170
2663,150160040,2023-07-09,0.4,0.33647223662121295,170,173
2664,150160040,2023-09-07,0.19,0.173953307123438,170,167
2665,150160040,2023-09-17,0.08,0.07696104113612832,170,168
2666,150160040,2023-10-02,0.09,0.08617769624105233,170,169
2667,151190010,2023-05-12,12.4,2.5952547069568657,165,163
2668,151190010,2023-05-27,7.26,2.1114245875328868,165,162
2669,151190010,2023-08-15,2.8,1.33500106673234,165,161
2670,153220230,2023-05-09,0.8,0.5877866649021191,183,145
2671,153220230,2023-06-08,1.27,0.8197798314933114,183,141
2672,153220230,2023-09-11,0.047,0.045928931888399804,183,142
2673,153220230,2023-09-16,0.07,0.06765864847381481,183,143
2674,153220230,2023-09-21,0.16,0.14842000511827327,183,144
2675,153220230,2023-09-26,0.09,0.08617769624105233,183,146
2676,153150030,2023-05-08,0.42,0.35065687161316933,169,82
2677,153150030,2023-05-28,1.15,0.7654678421395714,169,83
2678,153150030,2023-06-02,1.23,0.8020015854720274,169,84
2679,153150030,2023-06-07,0.47,0.3852624007906449,169,85
2680,153150030,2023-07-07,0.15,0.13976194237515868,169,88
2681,153150030,2023-09-10,0.07,0.06765864847381481,169,86
2682,153150030,2023-09-15,0.034,0.03343477608623739,169,87
2683,153190130,2023-05-07,4.65,1.7316555451583495,187,176
2684,153190130,2023-05-10,4.82,1.7613002617433464,187,179
2685,153190130,2023-05-12,5.53,1.8764069432883397,187,178
2686,153190130,2023-05-27,4.98,1.7884205679625405,187,177
2687,153190130,2023-06-06,5.15,1.8164520818184267,187,173
2688,153190130,2023-06-11,5.09,1.8066480817218056,187,175
2689,153190130,2023-09-12,1.83,1.0402767116551463,187,180
2690,153190130,2023-09-17,1.74,1.007957920399979,187,172
2691,153190130,2023-10-17,1.83,1.0402767116551463,187,174
2692,150210090,2023-06-03,5.98,1.943048916774281,180,0
2693,150210090,2023-08-12,3.29,1.4562867329399256,179,249
2694,150210090,2023-09-06,1.7,0.9932517730102834,179,246
2695,150210090,2023-09-11,3.44,1.4906543764441333,180,1
2696,150210090,2023-09-16,3.44,1.4906543764441333,179,247
2697,150210090,2023-09-21,3.35,1.4701758451005928,179,248
2698,151160010,2023-05-28,0.17,0.15700374880966475,163,86
2699,151160010,2023-05-30,0.15,0.13976194237515868,163,83
2700,151160010,2023-06-04,0.16,0.14842000511827327,163,87
2701,151160010,2023-07-09,0.14,0.1310282624064041,163,82
2702,151160010,2023-08-18,0.05,0.04879016416943201,163,85
2703,151160010,2023-08-23,0.05,0.04879016416943201,163,84
2704,151160010,2023-09-07,0.038,0.037295784743696894,163,81
2705,151160010,2023-09-10,0.031,0.030529205034822874,163,80
2706,151180030,2023-05-12,2.01,1.1019400787607843,166,102
2707,151180030,2023-05-27,1.13,0.7561219797213337,166,106
2708,151180030,2023-06-01,1.08,0.7323678937132266,166,101
2709,151180030,2023-06-04,1.06,0.7227059828014898,166,100
2710,151180030,2023-07-04,0.55,0.4382549309311553,166,105
2711,151180030,2023-07-09,0.5,0.4054651081081644,166,104
2712,151180030,2023-08-15,0.25,0.22314355131420976,166,107
2713,151180030,2023-08-23,0.27,0.23901690047049992,166,103
2714,151180030,2023-09-07,0.17,0.15700374880966475,166,98
2715,151180030,2023-09-27,0.31,0.27002713721306015,166,99
2716,150190210,2023-05-12,1.15,0.7654678421395714,172,223
2717,150190210,2023-05-27,0.41,0.3435897043900769,172,222
2718,150190210,2023-06-03,1.16,0.7701082216960736,172,221
2719,150190210,2023-07-08,0.34,0.29266961396282,172,219
2720,150190210,2023-07-18,3.96,1.601405740736836,172,224
2721,150190210,2023-08-12,0.19,0.173953307123438,172,218
2722,150190210,2023-08-15,0.19,0.173953307123438,172,217
2723,150190210,2023-08-22,0.17,0.15700374880966475,172,220
2724,150190210,2023-09-06,0.23,0.20701416938432615,172,210
2725,150190210,2023-09-09,0.17,0.15700374880966475,172,211
2726,150190210,2023-09-11,0.17,0.15700374880966475,172,212
2727,150190210,2023-09-16,0.16,0.14842000511827327,172,213
2728,150190210,2023-09-21,0.17,0.15700374880966475,172,214
2729,150190210,2023-09-26,0.19,0.173953307123438,172,215
2730,150190210,2023-09-29,0.2,0.18232155679395462,172,216
2731,152190050,2023-05-10,3.19,1.4327007339340463,186,189
2732,152190050,2023-05-12,3.94,1.597365331199831,186,188
2733,152190050,2023-05-27,2.15,1.1474024528375417,186,191
2734,152190050,2023-06-01,2.27,1.184789984909162,186,187
2735,152190050,2023-06-04,2.53,1.2612978709452054,186,185
2736,152190050,2023-06-11,2.84,1.3454723665996355,186,184
2737,152190050,2023-07-04,1.37,0.8628899551470399,186,190
2738,152190050,2023-07-09,1.49,0.9122827104766162,186,186
2739,152190050,2023-08-15,0.63,0.48858001481867097,186,182
2740,152190050,2023-08-23,0.5,0.4054651081081644,186,183
2741,152190050,2023-09-07,0.51,0.412109650826833,186,179
2742,152190050,2023-09-27,0.38,0.32208349916911333,186,180
2743,152190050,2023-09-29,0.72,0.5423242908253616,186,181
2744,153180130,2023-05-07,2.03,1.1085626195212777,188,191
2745,153180130,2023-05-10,2.01,1.1019400787607843,188,190
2746,153180130,2023-05-12,2.1,1.1314021114911006,188,189
2747,153180130,2023-05-27,2.59,1.2781522025001875,188,192
2748,153180130,2023-05-30,2.53,1.2612978709452054,188,188
2749,153180130,2023-06-11,2.31,1.1969481893889715,188,186
2750,153180130,2023-08-15,0.97,0.6780335427498971,188,187
2751,153180130,2023-08-23,0.77,0.5709795465857378,188,193
2752,153180130,2023-09-07,0.51,0.412109650826833,188,183
2753,153180130,2023-09-12,0.56,0.44468582126144574,188,184
2754,153180130,2023-09-17,0.54,0.43178241642553783,188,185
2755,153180130,2023-10-17,0.53,0.4252677354043441,188,194
2756,154170040,2023-05-08,0.34,0.29266961396282,169,183
2757,154170040,2023-05-10,0.34,0.29266961396282,169,181
2758,154170040,2023-05-28,0.38,0.32208349916911333,169,185
2759,154170040,2023-06-04,0.38,0.32208349916911333,169,184
2760,154170040,2023-06-12,0.32,0.2776317365982795,169,182
2761,154170040,2023-07-07,0.31,0.27002713721306015,169,186
2762,154170040,2023-09-05,0.18,0.16551443847757338,169,176
2763,154170040,2023-09-10,0.18,0.16551443847757338,169,177
2764,154170040,2023-09-12,0.18,0.16551443847757338,169,178
2765,154170040,2023-09-15,0.17,0.15700374880966475,169,179
2766,154170040,2023-10-17,0.17,0.15700374880966475,169,180
2767,150160230,2023-05-27,4.48,1.7011051009599243,161,119
2768,150160230,2023-08-15,1.85,1.0473189942805592,161,116
2769,150160230,2023-09-07,1.27,0.8197798314933114,161,117
2770,150160230,2023-09-09,1.22,0.7975071958841881,161,114
2771,150160230,2023-09-27,1.26,0.8153648132841945,161,118
2772,150160230,2023-09-29,1.33,0.8458682675776092,161,115
2773,150180070,2023-06-04,8.83,2.285438934159075,160,207
2774,150180070,2023-07-04,5.19,1.8229350866965048,160,206
2775,150180070,2023-07-11,4.76,1.7509374747077997,160,209
2776,150180070,2023-08-13,4.06,1.6213664832993742,160,210
2777,150180070,2023-08-15,5.28,1.8373699804801074,160,211
2778,150180070,2023-08-18,4.57,1.7173950539391927,160,212
2779,150180070,2023-09-07,3.08,1.4060969884160703,160,208
2780,150180070,2023-09-09,3.12,1.415853163361435,160,202
2781,150180070,2023-09-27,3.76,1.5602476682433286,160,203
2782,150180070,2023-09-29,3.64,1.534714366238164,160,204
2783,150180070,2023-11-01,3.97,1.6034198401085373,160,205
2784,151210030,2023-05-09,2.38,1.2178757094949273,181,182
2785,151210030,2023-06-01,2.15,1.1474024528375417,181,183
2786,151210030,2023-07-16,1.76,1.0152306797290587,181,179
2787,151210030,2023-08-12,1.01,0.6981347220709844,181,180
2788,151210030,2023-08-15,1.13,0.7561219797213337,181,181
2789,151210030,2023-09-06,0.97,0.6780335427498971,181,175
2790,151210030,2023-09-11,1.15,0.7654678421395714,181,176
2791,151210030,2023-09-16,1.26,0.8153648132841945,181,177
2792,151210030,2023-09-29,1.71,0.9969486348916095,181,178
2793,149220060,2023-05-01,56.0,4.04305126783455,177,149
2794,149220060,2023-05-21,53.5,3.9982007016691985,177,153
2795,149220060,2023-05-31,63.3,4.163559631243574,177,157
2796,149220060,2023-06-03,127.0,4.852030263919617,177,151
2797,149220060,2023-07-08,24.5,3.2386784521643803,177,152
2798,149220060,2023-07-15,24.2,3.2268439945173775,177,156
2799,149220060,2023-08-14,58.6,4.087655574071304,177,150
2800,149220060,2023-08-27,54.1,4.009149716158869,177,155
2801,149220060,2023-09-06,13.0,2.639057329615259,177,148
2802,149220060,2023-09-08,11.2,2.501435951739211,177,154
2803,149220060,2023-09-11,9.85,2.3841650799864684,177,142
2804,149220060,2023-09-16,13.9,2.7013612129514133,177,143
2805,149220060,2023-09-26,26.0,3.295836866004329,177,144
2806,149220060,2023-09-28,25.7,3.2846635654062037,177,145
2807,149220060,2023-10-03,24.4,3.2347491740244907,177,146
2808,149220060,2023-10-18,24.8,3.250374491927572,177,147
2809,151150060,2023-05-08,10.2,2.4159137783010487,164,54
2810,151150060,2023-05-28,10.2,2.4159137783010487,164,58
2811,151150060,2023-05-30,6.2,1.9740810260220096,164,55
2812,151150060,2023-06-04,7.3,2.1162555148025524,164,56
2813,151150060,2023-07-09,4.0,1.6094379124341003,164,57
2814,151150060,2023-09-07,0.8,0.5877866649021191,164,50
2815,151150060,2023-09-10,1.8,1.0296194171811583,164,51
2816,151150060,2023-09-17,0.8,0.5877866649021191,164,52
2817,151150060,2023-09-27,1.2,0.7884573603642702,164,59
2818,151150060,2023-10-02,1.1,0.7419373447293773,164,53
2819,150220090,2023-05-01,172.0,5.153291594497779,177,225
2820,150220090,2023-05-21,117.0,4.770684624465665,177,229
2821,150220090,2023-05-31,264.0,5.579729825986222,177,226
2822,150220090,2023-06-05,207.0,5.337538079701318,177,228
2823,150220090,2023-07-08,65.7,4.200204952921578,177,224
2824,150220090,2023-08-14,78.1,4.370712874773608,177,223
2825,150220090,2023-08-29,81.1,4.407938016458383,177,227
2826,150220090,2023-09-06,41.5,3.7495040759303713,177,222
2827,150220090,2023-09-11,27.1,3.3357695763397,177,217
2828,150220090,2023-09-21,39.8,3.708682081410116,177,218
2829,150220090,2023-09-28,69.5,4.255612709818223,177,219
2830,150220090,2023-10-03,47.8,3.8877303128591016,177,220
2831,150220090,2023-10-18,41.2,3.742420221041966,177,221
2832,154170160,2023-05-08,5.85,1.9242486522741338,170,107
2833,154170160,2023-05-10,5.77,1.9125010869241836,170,105
2834,154170160,2023-05-30,6.18,1.9712993830601329,170,103
2835,154170160,2023-06-02,6.43,2.005525858729668,170,106
2836,154170160,2023-06-07,5.89,1.9300710850255671,170,102
2837,154170160,2023-06-12,7.0,2.0794415416798357,170,104
2838,154170160,2023-09-05,3.8,1.5686159179138452,170,99
2839,154170160,2023-09-10,3.65,1.536867219599265,170,100
2840,154170160,2023-09-12,3.94,1.597365331199831,170,101
2841,150190200,2023-05-12,3.74,1.556037135706985,164,228
2842,150190200,2023-05-27,1.67,0.9820784724121581,164,226
2843,150190200,2023-06-01,2.1,1.1314021114911006,164,225
2844,150190200,2023-06-03,3.22,1.4398351280479205,164,223
2845,150190200,2023-08-15,0.93,0.6575200029167942,164,227
2846,150190200,2023-08-22,0.68,0.5187937934151676,164,224
2847,150190200,2023-09-06,1.23,0.8020015854720274,164,221
2848,150190200,2023-09-21,0.62,0.4824261492442927,164,222
2849,153190150,2023-05-07,2.72,1.3137236682850553,187,166
2850,153190150,2023-05-10,2.71,1.3110318766193438,187,167
2851,153190150,2023-05-12,2.81,1.3376291891386096,187,169
2852,153190150,2023-05-27,3.08,1.4060969884160703,187,168
2853,153190150,2023-06-06,3.03,1.3937663759585917,187,171
2854,153190150,2023-06-11,2.85,1.3480731482996928,187,165
2855,153190150,2023-08-15,1.05,0.7178397931503169,187,170
2856,153190150,2023-09-12,0.92,0.6523251860396903,187,162
2857,153190150,2023-09-17,0.91,0.6471032420585385,187,163
2858,153190150,2023-10-17,0.97,0.6780335427498971,187,164
2859,152190040,2023-05-10,0.6,0.4700036292457356,187,72
2860,152190040,2023-05-12,0.66,0.5068176023684519,187,73
2861,152190040,2023-05-27,0.82,0.598836501088704,187,67
2862,152190040,2023-05-30,0.73,0.5481214085096876,187,69
2863,152190040,2023-06-01,0.99,0.688134638736401,187,70
2864,152190040,2023-06-04,0.92,0.6523251860396903,187,74
2865,152190040,2023-06-11,0.79,0.5822156198526637,187,68
2866,152190040,2023-08-15,0.3,0.26236426446749106,187,71
2867,152190040,2023-09-07,0.25,0.22314355131420976,187,64
2868,152190040,2023-09-12,0.2,0.18232155679395462,187,65
2869,152190040,2023-10-17,0.28,0.2468600779315258,187,66
2870,153190020,2023-05-07,3.55,1.515127232962859,188,78
2871,153190020,2023-05-12,3.5,1.5040773967762742,188,79
2872,153190020,2023-05-27,3.25,1.4469189829363254,188,77
2873,153190020,2023-05-30,3.1,1.410986973710262,188,76
2874,153190020,2023-06-11,2.92,1.366091653802371,188,75
2875,153190020,2023-08-15,0.21,0.1906203596086497,188,73
2876,153190020,2023-08-23,0.23,0.20701416938432615,188,74
2877,153190020,2023-09-07,0.25,0.22314355131420976,188,69
2878,153190020,2023-09-12,0.25,0.22314355131420976,188,70
2879,153190020,2023-09-17,0.23,0.20701416938432615,188,71
2880,153190020,2023-10-17,0.23,0.20701416938432615,188,72
2881,150160070,2023-05-30,1.83,1.0402767116551463,162,12
2882,150160070,2023-06-04,2.72,1.3137236682850553,162,11
2883,150160070,2023-07-09,1.47,0.9042181506398859,162,13
2884,150160070,2023-09-07,0.32,0.2776317365982795,162,7
2885,150160070,2023-09-17,0.53,0.4252677354043441,162,8
2886,150160070,2023-09-27,0.8,0.5877866649021191,162,9
2887,150160070,2023-10-02,0.33,0.2851789422336624,162,10
2888,151220090,2023-05-01,38.3,3.6712245188752153,180,171
2889,151220090,2023-05-11,38.0,3.6635616461296463,180,170
2890,151220090,2023-05-21,38.5,3.676300671907076,180,169
2891,151220090,2023-05-31,36.6,3.6270040503958487,180,163
2892,151220090,2023-06-05,39.1,3.6913763343125234,180,165
2893,151220090,2023-07-05,31.4,3.4781584227982836,180,162
2894,151220090,2023-08-19,29.4,3.414442608412176,180,164
2895,151220090,2023-08-29,23.9,3.214867803470662,180,166
2896,151220090,2023-09-06,20.4,3.0633909220278057,180,167
2897,151220090,2023-09-16,17.9,2.9391619220655967,180,168
2898,151220090,2023-09-18,18.8,2.9856819377004897,180,159
2899,151220090,2023-09-26,18.9,2.990719731730447,180,160
2900,151220090,2023-09-28,24.8,3.250374491927572,180,161
2901,151150190,2023-05-08,0.71,0.5364933705145685,163,57
2902,151150190,2023-05-10,0.74,0.5538851132264376,163,59
2903,151150190,2023-05-28,1.5,0.9162907318741551,163,61
2904,151150190,2023-05-30,1.59,0.9516578757114464,163,54
2905,151150190,2023-06-04,1.21,0.7929925155296614,163,58
2906,151150190,2023-07-09,0.86,0.6205764877251099,163,55
2907,151150190,2023-08-18,0.049,0.04783732941416013,163,60
2908,151150190,2023-08-23,0.04,0.039220713153281295,163,56
2909,151150190,2023-09-07,0.035,0.0344014267173324,163,52
2910,151150190,2023-09-10,0.035,0.0344014267173324,163,53
2911,149190370,2023-05-27,0.89,0.636576829071551,174,229
2912,149190370,2023-06-01,0.96,0.6729444732424258,174,225
2913,149190370,2023-07-08,0.47,0.3852624007906449,174,224
2914,149190370,2023-07-16,0.25,0.22314355131420976,174,226
2915,149190370,2023-08-12,0.25,0.22314355131420976,174,230
2916,149190370,2023-08-15,0.21,0.1906203596086497,174,227
2917,149190370,2023-09-06,0.23,0.20701416938432615,174,228
2918,149190370,2023-09-09,0.2,0.18232155679395462,174,217
2919,149190370,2023-09-11,0.2,0.18232155679395462,174,223
2920,149190370,2023-09-16,0.2,0.18232155679395462,174,218
2921,149190370,2023-09-21,0.22,0.1988508587451652,174,219
2922,149190370,2023-09-26,1.73,1.0043016091968684,174,220
2923,149190370,2023-09-29,2.45,1.2383742310432684,174,221
2924,149190370,2023-10-14,0.32,0.2776317365982795,174,222
2925,151220070,2023-05-04,3.34,1.4678743481123135,181,48
2926,151220070,2023-05-09,3.58,1.5216989981260935,181,45
2927,151220070,2023-05-11,4.32,1.6714733033535532,181,30
2928,151220070,2023-05-14,4.12,1.6331544390514163,181,46
2929,151220070,2023-07-05,4.21,1.6505798557652755,181,31
2930,151220070,2023-07-15,4.8,1.7578579175523736,181,32
2931,151220070,2023-08-12,3.32,1.463255402256019,181,43
2932,151220070,2023-08-14,3.41,1.4838746894587547,181,33
2933,151220070,2023-08-19,4.36,1.6789639750827106,181,34
2934,151220070,2023-08-29,3.15,1.423108334242607,181,35
2935,151220070,2023-09-01,3.09,1.4085449700547104,181,51
2936,151220070,2023-09-06,2.74,1.3190856114264407,181,36
2937,151220070,2023-09-11,2.7,1.308332819650179,181,37
2938,151220070,2023-09-16,2.82,1.3402504226184837,181,38
2939,151220070,2023-09-18,2.97,1.3787660946990992,181,39
2940,151220070,2023-09-21,2.85,1.3480731482996928,181,44
2941,151220070,2023-09-26,3.55,1.515127232962859,181,40
2942,151220070,2023-09-28,4.79,1.7561322915849038,181,41
2943,151220070,2023-10-03,3.37,1.4747630091074988,181,42
2944,151220070,2023-10-18,2.65,1.2947271675944,181,50
2945,151220070,2023-11-02,2.46,1.2412685890696329,181,49
2946,151220070,2023-11-07,2.44,1.235471471385307,181,47
2947,149190360,2023-06-03,2.95,1.3737155789130306,175,144
2948,149190390,2023-06-03,2.96,1.3762440252663892,175,153
2949,149190360,2023-07-08,0.65,0.5007752879124893,175,143
2950,149190390,2023-07-08,1.45,0.8960880245566356,175,151
2951,149190360,2023-08-15,0.38,0.32208349916911333,175,142
2952,149190390,2023-08-15,0.97,0.6780335427498971,175,152
2953,149190360,2023-09-06,0.36,0.3074846997479606,175,145
2954,149190390,2023-09-06,0.81,0.5933268452777344,175,154
2955,149190360,2023-09-09,0.33,0.2851789422336624,175,146
2956,149190390,2023-09-09,0.62,0.4824261492442927,175,155
2957,149190360,2023-09-11,0.33,0.2851789422336624,175,138
2958,149190390,2023-09-11,0.64,0.49469624183610705,175,147
2959,149190360,2023-09-26,2.07,1.1216775615991057,175,139
2960,149190390,2023-09-26,2.92,1.366091653802371,175,148
2961,149190360,2023-09-29,0.69,0.5247285289349821,175,140
2962,149190390,2023-09-29,1.25,0.8109302162163288,175,149
2963,149190360,2023-10-14,0.41,0.3435897043900769,175,141
2964,149190390,2023-10-14,1.49,0.9122827104766162,175,150
2965,149200270,2023-07-08,0.68,0.5187937934151676,175,247
2966,149200270,2023-09-06,0.33,0.2851789422336624,175,248
2967,149200270,2023-09-11,0.28,0.2468600779315258,175,245
2968,149200270,2023-09-26,0.97,0.6780335427498971,175,246
2969,149210040,2023-07-08,16.7,2.8735646395797834,176,240
2970,149210040,2023-08-12,12.3,2.5877640352277083,176,242
2971,149210040,2023-08-22,9.1,2.312535423847214,176,243
2972,149210040,2023-08-27,24.3,3.2308043957334744,176,244
2973,149210040,2023-09-06,11.9,2.5572273113676265,176,241
2974,149210040,2023-09-11,7.0,2.0794415416798357,176,236
2975,149210040,2023-09-16,8.8,2.2823823856765264,176,237
2976,149210040,2023-09-21,8.55,2.256541154492639,176,238
2977,149210040,2023-09-26,17.6,2.9231615807191558,176,239
2978,150190130,2023-06-03,3.83,1.5748464676644813,172,184
2979,150190130,2023-07-08,2.79,1.332366019094335,172,182
2980,150190130,2023-07-18,4.06,1.6213664832993742,172,186
2981,150190130,2023-08-12,1.78,1.0224509277025458,172,183
2982,150190130,2023-08-15,1.73,1.0043016091968684,172,181
2983,150190130,2023-08-22,1.69,0.9895411936137477,172,185
2984,150190130,2023-09-06,1.36,0.8586616190375187,172,177
2985,150190130,2023-09-09,1.33,0.8458682675776092,172,174
2986,150190130,2023-09-11,1.35,0.8544153281560676,172,178
2987,150190130,2023-09-16,1.32,0.8415671856782186,172,176
2988,150190130,2023-09-21,1.33,0.8458682675776092,172,179
2989,150190130,2023-09-26,1.62,0.9631743177730056,172,180
2990,150190130,2023-09-29,1.46,0.9001613499442714,172,175
2991,151190030,2023-05-12,6.04,1.951608170169951,165,205
2992,151190030,2023-05-27,2.55,1.2669476034873244,165,204
2993,151190030,2023-06-01,2.2,1.1631508098056809,165,203
2994,151190030,2023-06-11,3.55,1.515127232962859,165,202
2995,151190030,2023-08-15,0.53,0.4252677354043441,165,201
2996,151190030,2023-09-29,0.44,0.36464311358790924,165,200
2997,149180030,2023-07-11,7.25,2.1102132003465894,160,139
2998,149180030,2023-08-15,4.64,1.7298840655099674,160,138
2999,149180030,2023-09-09,3.34,1.4678743481123135,160,136
3000,149180030,2023-09-29,9.23,2.325324579963535,160,137
3001,150160090,2023-05-05,2.52,1.2584609896100059,162,68
3002,150160090,2023-05-30,2.15,1.1474024528375417,162,72
3003,150160090,2023-06-04,4.04,1.6174060820832772,162,67
3004,150160090,2023-07-09,2.32,1.199964782928397,162,69
3005,150160090,2023-08-18,1.43,0.8878912573524571,162,70
3006,150160090,2023-08-23,1.31,0.8372475245337022,162,71
3007,150160090,2023-09-07,1.08,0.7323678937132266,162,65
3008,150160090,2023-09-27,1.09,0.7371640659767197,162,66
3009,151170040,2023-05-12,14.8,2.760009940032921,162,243
3010,151170040,2023-05-27,7.12,2.0943301541735866,162,242
3011,151170040,2023-05-30,5.93,1.9358598132018119,162,240
3012,151170040,2023-06-01,5.7,1.9021075263969205,162,241
3013,151170040,2023-06-04,5.63,1.891604804197771,162,237
3014,151170040,2023-07-06,2.47,1.244154593958768,162,244
3015,151170040,2023-07-09,2.17,1.1537315878891892,162,239
3016,151170040,2023-08-15,0.94,0.6626879730752367,162,235
3017,151170040,2023-08-23,0.89,0.636576829071551,162,238
3018,151170040,2023-08-25,0.9,0.6418538861723948,162,236
3019,151170040,2023-09-07,0.79,0.5822156198526637,162,233
3020,151170040,2023-09-29,0.79,0.5822156198526637,162,234
3021,153150080,2023-05-08,3.38,1.4770487243883548,169,62
3022,153150080,2023-05-10,3.26,1.449269160281279,169,60
3023,153150080,2023-05-28,4.57,1.7173950539391927,169,59
3024,153150080,2023-05-30,4.14,1.6370530794670737,169,56
3025,153150080,2023-06-02,4.3,1.667706820558076,169,61
3026,153150080,2023-06-07,3.48,1.4996230464268938,169,57
3027,153150080,2023-06-12,3.25,1.4469189829363254,169,58
3028,153150080,2023-07-07,2.45,1.2383742310432684,169,55
3029,153150080,2023-09-07,1.88,1.0577902941478545,169,50
3030,153150080,2023-09-10,1.64,0.9707789171582247,169,51
3031,153150080,2023-09-12,1.64,0.9707789171582247,169,52
3032,153150080,2023-09-15,1.64,0.9707789171582247,169,54
3033,153150080,2023-10-17,2.42,1.2296405510745139,169,53
3034,152210120,2023-05-09,11.5,2.5257286443082556,186,98
3035,152210120,2023-05-12,11.6,2.533696813957432,186,99
3036,152210120,2023-05-14,12.5,2.6026896854443837,186,96
3037,152210120,2023-06-01,9.54,2.355177543113216,186,91
3038,152210120,2023-06-03,9.74,2.3739750890807185,186,97
3039,152210120,2023-06-08,10.7,2.4595888418037104,186,92
3040,152210120,2023-07-16,4.68,1.7369512327330598,186,93
3041,152210120,2023-08-12,3.03,1.3937663759585917,186,95
3042,152210120,2023-08-15,2.92,1.366091653802371,186,94
3043,152210120,2023-09-06,2.74,1.3190856114264407,186,86
3044,152210120,2023-09-11,2.56,1.269760544863939,186,87
3045,152210120,2023-09-16,2.41,1.2267122912954256,186,88
3046,152210120,2023-09-21,2.36,1.2119409739751128,186,89
3047,152210120,2023-09-26,2.11,1.1346227261911428,186,90
3048,149190070,2023-06-03,2.67,1.3001916620664788,173,194
3049,149190070,2023-07-08,1.34,0.8501509293696101,173,188
3050,149190070,2023-07-11,0.95,0.6678293725756554,173,193
3051,149190070,2023-07-18,3.13,1.4182774069729414,173,191
3052,149190070,2023-08-12,0.28,0.2468600779315258,173,190
3053,149190070,2023-08-15,0.22,0.1988508587451652,173,192
3054,149190070,2023-08-22,0.51,0.412109650826833,173,189
3055,149190070,2023-09-06,0.2,0.18232155679395462,173,181
3056,149190070,2023-09-09,0.2,0.18232155679395462,173,182
3057,149190070,2023-09-11,0.2,0.18232155679395462,173,183
3058,149190070,2023-09-16,0.21,0.1906203596086497,173,184
3059,149190070,2023-09-21,0.2,0.18232155679395462,173,185
3060,149190070,2023-09-26,0.53,0.4252677354043441,173,186
3061,149190070,2023-09-29,0.26,0.23111172096338664,173,187
3062,150150090,2023-05-08,1.81,1.0331844833456545,163,204
3063,150150090,2023-05-28,2.78,1.3297240096314962,163,205
3064,150150090,2023-05-30,2.72,1.3137236682850553,163,203
3065,150150090,2023-06-04,2.85,1.3480731482996928,163,202
3066,150150090,2023-07-09,1.96,1.085189268335969,163,206
3067,150150090,2023-09-07,0.63,0.48858001481867097,163,196
3068,150150090,2023-09-10,0.61,0.4762341789963716,163,197
3069,150150090,2023-09-17,0.64,0.49469624183610705,163,198
3070,150150090,2023-09-27,0.71,0.5364933705145685,163,199
3071,150150090,2023-10-02,1.28,0.8241754429663495,163,201
3072,150150090,2023-10-30,3.27,1.4516138272405332,163,200
3073,152199992,2023-05-09,22.1,3.139832617527748,186,201
3074,152199992,2023-05-12,30.5,3.449987545831587,186,200
3075,152199992,2023-06-03,21.0,3.091042453358316,186,197
3076,152199992,2023-06-08,25.9,3.292126286607793,186,198
3077,152199992,2023-08-12,1.05,0.7178397931503169,186,196
3078,152199992,2023-08-15,1.23,0.8020015854720274,186,199
3079,152199992,2023-09-06,1.8,1.0296194171811583,186,192
3080,152199992,2023-09-11,1.64,0.9707789171582247,186,193
3081,152199992,2023-09-16,1.58,0.9477893989335261,186,194
3082,152199992,2023-09-21,1.47,0.9042181506398859,186,195
3083,154190170,2023-05-05,16.7,2.8735646395797834,189,2
3084,154190170,2023-05-07,14.8,2.760009940032921,189,1
3085,151150090,2023-05-08,14.2,2.7212954278522306,164,78
3086,151150090,2023-05-10,20.9,3.086486636822455,164,77
3087,154190170,2023-05-10,13.7,2.6878474937846906,188,249
3088,154190170,2023-05-12,13.8,2.6946271807700692,188,248
3089,151150090,2023-05-28,15.5,2.803360380906535,164,76
3090,151150090,2023-05-30,17.2,2.9014215940827497,164,74
3091,154190170,2023-05-30,22.5,3.157000421150113,188,244
3092,151150090,2023-06-04,19.3,3.0106208860477417,164,79
3093,154190170,2023-06-06,17.7,2.928523523860541,188,245
3094,154190170,2023-06-11,14.0,2.70805020110221,189,0
3095,151150090,2023-07-09,7.83,2.178155014615869,164,75
3096,151150090,2023-08-18,3.53,1.5107219394949427,164,73
3097,151150090,2023-08-23,4.11,1.631199404215613,164,72
3098,151150090,2023-09-07,3.52,1.5085119938441398,164,70
3099,154190170,2023-09-07,4.3,1.667706820558076,188,246
3100,151150090,2023-09-10,3.63,1.5325568680981427,164,71
3101,154190170,2023-09-12,3.92,1.5933085305042167,188,247
3102,154170080,2023-05-08,3.77,1.5623463049002497,170,70
3103,154170080,2023-05-10,3.55,1.515127232962859,170,69
3104,154170080,2023-05-30,3.52,1.5085119938441398,170,65
3105,154170080,2023-06-07,3.54,1.5129270120532565,170,67
3106,154170080,2023-06-12,3.69,1.545432582458188,170,66
3107,154170080,2023-09-05,2.66,1.297463147413275,170,62
3108,154170080,2023-09-10,2.47,1.244154593958768,170,68
3109,154170080,2023-09-12,2.47,1.244154593958768,170,63
3110,154170080,2023-09-15,2.66,1.297463147413275,170,64
3111,149200100,2023-06-03,2.27,1.184789984909162,175,199
3112,149200100,2023-07-08,6.9,2.066862759472976,175,195
3113,149200100,2023-08-15,5.42,1.8594181177018698,175,198
3114,149200100,2023-09-06,3.46,1.4951487660319727,175,196
3115,149200100,2023-09-09,2.89,1.358409157630355,175,197
3116,149200100,2023-09-11,2.7,1.308332819650179,175,192
3117,149200100,2023-09-26,3.48,1.4996230464268938,175,193
3118,149200100,2023-09-29,3.33,1.4655675420143985,175,200
3119,149200100,2023-10-14,3.3,1.4586150226995167,175,194
3120,152180100,2023-05-10,1.0,0.6931471805599453,167,66
3121,152180100,2023-05-12,0.93,0.6575200029167942,167,65
3122,152180100,2023-05-30,0.97,0.6780335427498971,167,64
3123,152180100,2023-06-01,0.9,0.6418538861723948,167,63
3124,152180100,2023-06-04,0.93,0.6575200029167942,167,67
3125,152180100,2023-06-11,1.08,0.7323678937132266,167,61
3126,152180100,2023-08-15,0.25,0.22314355131420976,167,62
3127,152180100,2023-09-02,0.26,0.23111172096338664,167,57
3128,152180100,2023-09-07,0.19,0.173953307123438,167,58
3129,152180100,2023-09-12,0.2,0.18232155679395462,167,59
3130,152180100,2023-10-17,0.2,0.18232155679395462,167,60
3131,152140080,2023-05-08,1.2,0.7884573603642702,164,207
3132,152140080,2023-05-28,1.28,0.8241754429663495,164,206
3133,152140080,2023-09-10,0.57,0.4510756193602167,164,204
3134,152140080,2023-11-04,0.65,0.5007752879124893,164,205
3135,152210030,2023-05-09,7.98,2.194999882314108,185,29
3136,152210030,2023-05-12,9.31,2.3331142980288684,185,36
3137,152210030,2023-05-14,10.5,2.4423470353692043,185,30
3138,152210030,2023-06-01,8.24,2.2235418856535927,185,33
3139,152210030,2023-06-03,10.4,2.4336133554004498,185,37
3140,152210030,2023-06-08,11.5,2.5257286443082556,185,31
3141,152210030,2023-06-11,10.2,2.4159137783010487,185,32
3142,152210030,2023-07-16,3.14,1.420695787837223,185,38
3143,152210030,2023-08-12,1.32,0.8415671856782186,185,34
3144,152210030,2023-08-15,1.44,0.8919980393051105,185,35
3145,152210030,2023-09-06,0.79,0.5822156198526637,185,24
3146,152210030,2023-09-11,0.57,0.4510756193602167,185,25
3147,152210030,2023-09-16,0.97,0.6780335427498971,185,26
3148,152210030,2023-09-21,0.95,0.6678293725756554,185,27
3149,152210030,2023-09-26,0.99,0.688134638736401,185,28
3150,151160150,2023-05-05,167.0,5.123963979403259,160,31
3151,151160150,2023-05-30,127.0,4.852030263919617,160,27
3152,151160150,2023-06-04,155.0,5.049856007249537,160,29
3153,151160150,2023-07-09,127.0,4.852030263919617,160,28
3154,151160150,2023-08-18,57.2,4.063885354737392,160,30
3155,151160150,2023-08-23,95.1,4.565389315976247,160,26
3156,151160150,2023-09-07,64.8,4.186619838331271,160,23
3157,151160150,2023-09-17,55.6,4.036008985209137,160,24
3158,151160150,2023-09-27,81.8,4.416428061391214,160,25
3159,152230070,2023-05-01,28.2,3.374168709274236,185,231
3160,152230070,2023-05-11,22.6,3.1612467120315646,185,230
3161,152230070,2023-05-21,26.8,3.3250360206965914,185,238
3162,152230070,2023-05-24,21.9,3.131136910560194,185,239
3163,152230070,2023-05-29,17.7,2.928523523860541,185,235
3164,152230070,2023-05-31,16.9,2.884800712846709,185,232
3165,152230070,2023-06-05,18.0,2.9444389791664403,185,234
3166,152230070,2023-07-05,11.5,2.5257286443082556,185,233
3167,152230070,2023-08-19,6.38,1.998773638612381,185,236
3168,152230070,2023-08-29,4.3,1.667706820558076,185,237
3169,152230070,2023-09-06,3.75,1.55814461804655,185,225
3170,152230070,2023-09-18,2.9,1.3609765531356006,185,226
3171,152230070,2023-09-21,2.77,1.3270750014599193,185,227
3172,152230070,2023-09-26,2.66,1.297463147413275,185,228
3173,152230070,2023-09-28,3.15,1.423108334242607,185,229
3174,154220030,2023-05-07,2.77,1.3270750014599193,184,37
3175,154220030,2023-05-09,2.65,1.2947271675944,184,38
3176,154220030,2023-06-01,3.11,1.4134230285081433,184,39
3177,154220030,2023-06-06,3.0,1.3862943611198906,184,36
3178,154220030,2023-06-11,3.0,1.3862943611198906,184,33
3179,154220030,2023-07-16,1.57,0.9439058989071285,184,34
3180,154220030,2023-08-15,0.82,0.598836501088704,184,35
3181,154220030,2023-09-11,0.46,0.3784364357202451,184,29
3182,154220030,2023-09-16,0.43,0.3576744442718159,184,30
3183,154220030,2023-09-21,0.39,0.3293037471426004,184,31
3184,154220030,2023-09-26,0.37,0.31481073984003355,184,32
3185,152229999,2023-05-09,268.0,5.594711379601839,185,144
3186,152229999,2023-05-14,262.0,5.572154032177765,185,148
3187,152229999,2023-06-01,247.0,5.5134287461649825,185,147
3188,152229999,2023-06-03,246.0,5.5093883366279774,185,146
3189,152229999,2023-06-08,244.0,5.501258210544727,185,145
3190,152229999,2023-07-16,196.0,5.2832037287379885,185,149
3191,152229999,2023-08-12,76.1,4.345103280569283,185,143
3192,152229999,2023-08-15,73.9,4.316153890523174,185,142
3193,152229999,2023-09-06,91.2,4.523960130562548,185,137
3194,152229999,2023-09-11,80.3,4.398146016553765,185,138
3195,152229999,2023-09-16,62.8,4.155753190350744,185,139
3196,152229999,2023-09-21,56.8,4.056988775678332,185,140
3197,152229999,2023-09-26,60.5,4.119037174812473,185,141
3198,150230080,2023-05-01,4.12,1.6331544390514163,180,87
3199,150230080,2023-05-11,4.6,1.7227665977411035,180,84
3200,150230080,2023-05-14,4.34,1.6752256529721035,180,89
3201,150230080,2023-05-21,3.72,1.551808799597464,180,85
3202,150230080,2023-05-31,4.35,1.6770965609079151,180,88
3203,150230080,2023-06-05,3.79,1.5665304114228238,180,82
3204,150230080,2023-08-14,2.95,1.3737155789130306,180,86
3205,150230080,2023-08-19,3.33,1.4655675420143985,180,81
3206,150230080,2023-08-29,2.76,1.324418957401803,180,83
3207,150230080,2023-09-06,2.51,1.2556160374777745,180,74
3208,150230080,2023-09-11,2.38,1.2178757094949273,180,75
3209,150230080,2023-09-16,2.25,1.1786549963416462,180,91
3210,150230080,2023-09-18,2.26,1.1817271953786161,180,76
3211,150230080,2023-09-21,2.24,1.1755733298042381,180,77
3212,150230080,2023-09-28,3.29,1.4562867329399256,180,78
3213,150230080,2023-10-03,2.55,1.2669476034873244,180,79
3214,150230080,2023-11-02,2.41,1.2267122912954256,180,90
3215,150230080,2023-11-07,2.33,1.2029723039923526,180,80
3216,150200050,2023-05-04,4.32,1.6714733033535532,176,145
3217,151210020,2023-05-04,4.44,1.6937790608678513,179,229
3218,151210020,2023-05-09,5.0,1.791759469228055,179,231
3219,150200050,2023-05-27,4.23,1.6544112780768316,176,133
3220,150200050,2023-06-01,4.19,1.6467336971777973,176,146
3221,151210020,2023-06-03,4.09,1.6272778305624314,179,227
3222,150200050,2023-07-08,4.24,1.6563214983329508,176,134
3223,151210020,2023-07-08,3.15,1.423108334242607,179,233
3224,150200050,2023-08-12,3.63,1.5325568680981427,176,135
3225,151210020,2023-08-12,1.6,0.9555114450274365,179,228
3226,150200050,2023-08-15,4.09,1.6272778305624314,176,136
3227,151210020,2023-08-15,1.77,1.0188473201992472,179,230
3228,150200050,2023-08-22,3.27,1.4516138272405332,176,137
3229,151210020,2023-09-01,1.35,0.8544153281560676,179,232
3230,150200050,2023-09-06,3.27,1.4516138272405332,176,138
3231,151210020,2023-09-06,1.15,0.7654678421395714,179,222
3232,150200050,2023-09-09,2.73,1.3164082336557241,176,139
3233,150200050,2023-09-11,2.6,1.2809338454620645,176,140
3234,150200050,2023-09-16,2.4,1.2237754316221157,176,141
3235,151210020,2023-09-16,0.79,0.5822156198526637,179,223
3236,150200050,2023-09-21,2.47,1.244154593958768,176,142
3237,151210020,2023-09-21,0.8,0.5877866649021191,179,224
3238,150200050,2023-09-29,2.78,1.3297240096314962,176,143
3239,151210020,2023-09-29,1.07,0.7275486072772778,179,225
3240,150200050,2023-10-14,2.7,1.308332819650179,176,144
3241,151210020,2023-10-14,1.05,0.7178397931503169,179,226
3242,154210100,2023-05-07,11.0,2.4849066497880004,189,98
3243,154210100,2023-05-09,10.2,2.4159137783010487,189,97
3244,154210100,2023-06-06,15.4,2.797281334830153,189,95
3245,154210100,2023-06-08,15.1,2.7788192719904172,189,93
3246,154210100,2023-06-11,13.9,2.7013612129514133,189,94
3247,154210100,2023-08-15,2.28,1.1878434223960523,189,96
3248,154210100,2023-09-04,2.98,1.3812818192963463,189,89
3249,154210100,2023-09-06,2.63,1.2892326482767593,189,99
3250,154210100,2023-09-11,2.34,1.205970806988609,189,90
3251,154210100,2023-09-16,2.24,1.1755733298042381,189,91
3252,154210100,2023-09-21,1.99,1.095273387402595,189,92
3253,150210120,2023-07-08,27.3,3.342861804649192,177,6
3254,150210120,2023-08-12,19.1,3.0007198150650303,177,7
3255,150210120,2023-08-22,15.2,2.785011242238338,177,9
3256,150210120,2023-08-27,32.8,3.520460802488973,177,8
3257,150210120,2023-09-06,17.0,2.8903717578961645,177,5
3258,150210120,2023-09-11,10.6,2.451005098112319,177,2
3259,150210120,2023-09-16,11.9,2.5572273113676265,177,3
3260,150210120,2023-09-21,12.5,2.6026896854443837,177,4
3261,152150180,2023-05-08,1.42,0.8837675401685949,168,217
3262,152150180,2023-05-28,1.64,0.9707789171582247,168,219
3263,152150180,2023-05-30,1.71,0.9969486348916095,168,215
3264,152150180,2023-06-02,1.81,1.0331844833456545,168,218
3265,152150180,2023-06-04,1.77,1.0188473201992472,168,216
3266,152150180,2023-07-09,1.41,0.8796267475025636,168,214
3267,152150180,2023-09-07,0.3,0.26236426446749106,168,208
3268,152150180,2023-09-10,0.3,0.26236426446749106,168,209
3269,152150180,2023-09-12,0.3,0.26236426446749106,168,210
3270,152150180,2023-09-15,0.34,0.29266961396282,168,211
3271,152150180,2023-09-27,0.3,0.26236426446749106,168,212
3272,152150180,2023-11-26,0.39,0.3293037471426004,168,213
3273,150160160,2023-05-05,8.0,2.1972245773362196,162,25
3274,150160160,2023-05-30,2.01,1.1019400787607843,162,27
3275,150160160,2023-06-04,2.01,1.1019400787607843,162,26
3276,150160160,2023-07-09,3.73,1.5539252025038417,162,23
3277,150160160,2023-08-18,2.24,1.1755733298042381,162,24
3278,150160160,2023-08-23,2.24,1.1755733298042381,162,28
3279,150160160,2023-09-07,2.37,1.2149127443642704,162,22
3280,150160160,2023-09-27,1.99,1.095273387402595,162,21
3281,152150200,2023-05-08,133.0,4.897839799950911,165,126
3282,152150200,2023-05-10,131.0,4.882801922586371,165,127
3283,152150200,2023-05-28,134.0,4.90527477843843,165,125
3284,152150200,2023-05-30,127.0,4.852030263919617,165,122
3285,152150200,2023-06-02,122.0,4.812184355372417,165,123
3286,152150200,2023-06-04,119.0,4.787491742782046,165,124
3287,152150200,2023-07-07,92.2,4.534747721691546,165,121
3288,152150200,2023-07-09,87.6,4.484131857611035,165,120
3289,152150200,2023-09-07,37.0,3.6375861597263857,165,115
3290,152150200,2023-09-10,33.4,3.5380565643793527,165,116
3291,152150200,2023-09-12,33.0,3.5263605246161616,165,117
3292,152150200,2023-09-15,31.6,3.484312288372662,165,128
3293,152150200,2023-09-27,30.5,3.449987545831587,165,118
3294,152150200,2023-11-26,37.5,3.6506582412937387,165,119
3295,150160190,2023-05-27,0.87,0.6259384308664953,161,41
3296,150160190,2023-07-11,0.43,0.3576744442718159,161,42
3297,150160190,2023-08-15,0.15,0.13976194237515868,161,39
3298,150160190,2023-09-07,0.12,0.11332868530700317,161,40
3299,150160190,2023-09-09,0.11,0.10436001532424277,161,37
3300,150160190,2023-09-29,0.17,0.15700374880966475,161,38
3301,152150120,2023-05-08,1.08,0.7323678937132266,167,55
3302,152150120,2023-05-10,1.25,0.8109302162163288,167,50
3303,152150120,2023-05-28,1.12,0.7514160886839212,167,53
3304,152150120,2023-05-30,1.21,0.7929925155296614,167,51
3305,152150120,2023-06-04,1.29,0.8285518175661483,167,52
3306,152150120,2023-07-07,1.22,0.7975071958841881,167,56
3307,152150120,2023-07-09,1.18,0.7793248768009976,167,49
3308,152150120,2023-09-07,0.21,0.1906203596086497,167,44
3309,152150120,2023-09-10,0.28,0.2468600779315258,167,45
3310,152150120,2023-09-12,0.31,0.27002713721306015,167,46
3311,152150120,2023-09-15,0.36,0.3074846997479606,167,47
3312,152150120,2023-09-27,0.17,0.15700374880966475,167,48
3313,152150120,2023-11-26,0.57,0.4510756193602167,167,54
3314,151210110,2023-08-12,0.39,0.3293037471426004,181,187
3315,151210110,2023-09-06,0.3,0.26236426446749106,181,184
3316,151210110,2023-09-11,0.42,0.35065687161316933,181,185
3317,151210110,2023-09-16,0.38,0.32208349916911333,181,186
3318,153210230,2023-05-07,2.11,1.1346227261911428,184,172
3319,153210230,2023-05-09,2.11,1.1346227261911428,184,171
3320,153210230,2023-06-01,2.64,1.2919836816486494,184,170
3321,153210230,2023-06-06,2.64,1.2919836816486494,184,169
3322,153210230,2023-06-11,2.59,1.2781522025001875,184,168
3323,153210230,2023-07-16,1.54,0.9321640810304452,184,165
3324,153210230,2023-08-12,0.76,0.5653138090500605,184,167
3325,153210230,2023-08-15,0.72,0.5423242908253616,184,166
3326,153210230,2023-09-11,0.54,0.43178241642553783,184,161
3327,153210230,2023-09-16,0.43,0.3576744442718159,184,162
3328,153210230,2023-09-21,0.38,0.32208349916911333,184,163
3329,153210230,2023-09-26,0.35,0.30010459245033805,184,164
3330,149190030,2023-06-03,1.3,0.832909122935104,172,93
3331,149190030,2023-07-08,0.6,0.4700036292457356,172,82
3332,149190030,2023-07-18,3.34,1.4678743481123135,172,83
3333,149190030,2023-08-12,0.2,0.18232155679395462,172,84
3334,149190030,2023-08-15,0.18,0.16551443847757338,172,92
3335,149190030,2023-09-06,0.14,0.1310282624064041,172,85
3336,149190030,2023-09-09,0.13,0.12221763272424921,172,86
3337,149190030,2023-09-11,0.13,0.12221763272424921,172,87
3338,149190030,2023-09-16,0.15,0.13976194237515868,172,88
3339,149190030,2023-09-21,0.14,0.1310282624064041,172,89
3340,149190030,2023-09-26,0.94,0.6626879730752367,172,90
3341,149190030,2023-09-29,0.23,0.20701416938432615,172,91
3342,154180020,2023-05-08,1.56,0.9400072584914712,170,97
3343,154180020,2023-05-28,1.77,1.0188473201992472,170,96
3344,154180020,2023-06-12,2.11,1.1346227261911428,170,95
3345,154180020,2023-09-05,0.41,0.3435897043900769,170,90
3346,154180020,2023-09-10,0.36,0.3074846997479606,170,91
3347,154180020,2023-09-12,0.47,0.3852624007906449,170,92
3348,154180020,2023-09-17,0.42,0.35065687161316933,170,93
3349,154180020,2023-09-25,0.49,0.3987761199573678,170,98
3350,154180020,2023-09-27,0.48,0.3920420877760237,170,94
3351,151180040,2023-05-12,8.06,2.203869120054888,166,68
3352,151180040,2023-05-27,4.79,1.7561322915849038,166,70
3353,151180040,2023-06-01,4.19,1.6467336971777973,166,67
3354,151180040,2023-06-04,5.18,1.8213182714695995,166,65
3355,151180040,2023-07-04,2.52,1.2584609896100059,166,71
3356,151180040,2023-07-09,2.73,1.3164082336557241,166,69
3357,151180040,2023-08-15,1.08,0.7323678937132266,166,64
3358,151180040,2023-08-23,1.32,0.8415671856782186,166,66
3359,151180040,2023-09-07,0.84,0.6097655716208943,166,62
3360,151180040,2023-09-27,1.12,0.7514160886839212,166,63
3361,150150010,2023-05-08,4.73,1.7457155307266483,164,39
3362,150150020,2023-05-08,1.41,0.8796267475025636,164,89
3363,150150010,2023-05-28,5.26,1.8341801851120072,164,38
3364,150150020,2023-05-28,1.41,0.8796267475025636,164,88
3365,150150010,2023-05-30,5.51,1.873339456220478,164,36
3366,150150020,2023-05-30,1.48,0.9082585601768908,164,87
3367,150150010,2023-06-04,5.67,1.8976198599275325,164,37
3368,150150020,2023-06-04,1.58,0.9477893989335261,164,86
3369,150150010,2023-07-09,1.68,0.9858167945227653,164,35
3370,150150020,2023-07-09,0.49,0.3987761199573678,164,85
3371,150150010,2023-09-07,0.44,0.36464311358790924,164,30
3372,150150020,2023-09-07,0.11,0.10436001532424277,164,80
3373,150150010,2023-09-10,0.4,0.33647223662121295,164,31
3374,150150020,2023-09-10,0.1,0.09531017980432487,164,81
3375,150150010,2023-09-17,0.37,0.31481073984003355,164,32
3376,150150020,2023-09-17,0.1,0.09531017980432487,164,82
3377,150150010,2023-09-27,0.47,0.3852624007906449,164,33
3378,150150020,2023-09-27,0.13,0.12221763272424921,164,83
3379,150150010,2023-10-02,0.89,0.636576829071551,164,34
3380,150150020,2023-10-02,0.23,0.20701416938432615,164,84
3381,149180090,2023-07-11,0.3,0.26236426446749106,172,110
3382,149180090,2023-08-15,0.41,0.3435897043900769,172,109
3383,149180090,2023-09-09,0.35,0.30010459245033805,172,107
3384,149180090,2023-09-29,0.24,0.2151113796169455,172,108
3385,151220050,2023-05-01,1.71,0.9969486348916095,181,154
3386,151220050,2023-05-09,1.76,1.0152306797290587,181,155
3387,151220050,2023-05-11,4.25,1.6582280766035324,181,153
3388,151220050,2023-05-21,1.58,0.9477893989335261,181,151
3389,151220050,2023-05-31,1.58,0.9477893989335261,181,147
3390,151220050,2023-06-05,1.89,1.0612565021243408,181,150
3391,151220050,2023-07-05,0.98,0.6830968447064438,181,146
3392,151220050,2023-07-25,1.02,0.7030975114131134,181,148
3393,151220050,2023-08-12,0.47,0.3852624007906449,181,149
3394,151220050,2023-08-19,0.81,0.5933268452777344,181,152
3395,151220050,2023-09-06,0.39,0.3293037471426004,181,139
3396,151220050,2023-09-11,0.29,0.2546422183735807,181,140
3397,151220050,2023-09-16,0.32,0.2776317365982795,181,141
3398,151220050,2023-09-18,0.27,0.23901690047049992,181,142
3399,151220050,2023-09-28,0.43,0.3576744442718159,181,143
3400,151220050,2023-10-03,0.4,0.33647223662121295,181,144
3401,151220050,2023-11-07,0.3,0.26236426446749106,181,145
3402,150200010,2023-05-04,3.49,1.501852701754163,176,51
3403,150200010,2023-05-09,4.28,1.66392609771817,176,55
3404,150200010,2023-06-03,4.43,1.691939133945844,176,53
3405,150200010,2023-07-08,3.01,1.3887912413184778,176,54
3406,150200010,2023-08-15,2.11,1.1346227261911428,176,52
3407,150200010,2023-09-06,1.58,0.9477893989335261,176,46
3408,150200010,2023-09-11,1.36,0.8586616190375187,176,47
3409,150200010,2023-09-16,1.37,0.8628899551470399,176,48
3410,150200010,2023-09-21,1.44,0.8919980393051105,176,49
3411,150200010,2023-09-29,1.9,1.0647107369924282,176,50
3412,150210030,2023-05-04,1.4,0.8754687373538999,176,188
3413,150210030,2023-05-09,1.79,1.0260415958332743,176,191
3414,150210030,2023-06-03,1.26,0.8153648132841945,176,187
3415,150210030,2023-07-08,0.67,0.5128236264286637,176,190
3416,150210030,2023-08-12,0.42,0.35065687161316933,176,189
3417,150210030,2023-09-06,0.42,0.35065687161316933,176,182
3418,150210030,2023-09-11,0.35,0.30010459245033805,176,183
3419,150210030,2023-09-16,0.48,0.3920420877760237,176,184
3420,150210030,2023-09-21,0.47,0.3852624007906449,176,185
3421,150210030,2023-09-29,6.84,2.0592388343623163,176,186
3422,152200110,2023-05-09,1370.0,7.223295679562314,171,209
3423,152200110,2023-05-12,1330.0,7.193685818395112,171,212
3424,152200110,2023-05-27,1270.0,7.147559271189454,171,214
3425,152200110,2023-06-01,1640.0,7.403061091090091,171,211
3426,152200110,2023-06-03,1530.0,7.333676395657684,171,213
3427,152200110,2023-06-08,1520.0,7.327123292259293,171,207
3428,152200110,2023-06-11,1510.0,7.32052696227274,171,210
3429,152200110,2023-08-12,487.0,6.1903154058531475,171,206
3430,152200110,2023-08-15,521.0,6.257667587882639,171,208
3431,152200110,2023-09-06,510.0,6.236369590203704,171,204
3432,152200110,2023-09-11,442.0,6.093569770045136,171,205
3433,152200110,2023-09-16,412.0,6.023447592961033,171,202
3434,152200110,2023-09-21,412.0,6.023447592961033,171,203
3435,150200120,2023-05-04,4.8,1.7578579175523736,176,109
3436,150200120,2023-05-09,5.09,1.8066480817218056,176,110
3437,150200120,2023-06-03,5.51,1.873339456220478,176,107
3438,150200120,2023-07-08,2.73,1.3164082336557241,176,108
3439,150200120,2023-08-12,1.65,0.9745596399981308,176,111
3440,150200120,2023-09-06,1.42,0.8837675401685949,176,102
3441,150200120,2023-09-11,1.21,0.7929925155296614,176,105
3442,150200120,2023-09-16,1.44,0.8919980393051105,176,103
3443,150200120,2023-09-21,1.4,0.8754687373538999,176,104
3444,150200120,2023-09-29,2.84,1.3454723665996355,176,106
3445,153150020,2023-05-08,0.97,0.6780335427498971,169,28
3446,153150020,2023-05-28,1.22,0.7975071958841881,169,23
3447,153150020,2023-06-02,1.29,0.8285518175661483,169,24
3448,153150020,2023-06-07,1.16,0.7701082216960736,169,25
3449,153150020,2023-09-10,0.06,0.058268908123975775,169,26
3450,153150020,2023-09-15,0.05,0.04879016416943201,169,27
3451,152160130,2023-05-30,5.95,1.9387416595767009,166,157
3452,152160130,2023-06-04,5.67,1.8976198599275325,166,159
3453,152160130,2023-07-09,3.84,1.5769147207285403,166,158
3454,152160130,2023-08-23,0.29,0.2546422183735807,166,160
3455,152160130,2023-09-07,0.21,0.1906203596086497,166,156
3456,150160130,2023-05-05,2.21,1.1662709371419244,162,51
3457,150160130,2023-05-30,1.47,0.9042181506398859,162,48
3458,150160130,2023-06-04,1.91,1.068153081183401,162,50
3459,150160130,2023-07-09,1.36,0.8586616190375187,162,47
3460,150160130,2023-08-18,0.74,0.5538851132264376,162,49
3461,150160130,2023-09-07,0.25,0.22314355131420976,162,45
3462,150160130,2023-09-27,0.4,0.33647223662121295,162,46
3463,153170110,2023-05-10,0.84,0.6097655716208943,188,24
3464,153170110,2023-05-30,1.05,0.7178397931503169,188,20
3465,153170110,2023-06-04,1.02,0.7030975114131134,188,21
3466,153170110,2023-09-12,0.3,0.26236426446749106,188,22
3467,153170110,2023-09-27,0.3,0.26236426446749106,188,25
3468,153170110,2023-10-17,0.34,0.29266961396282,188,23
3469,150190220,2023-05-12,9.04,2.306577114263583,164,233
3470,150190220,2023-05-27,6.63,2.0320878452963655,164,235
3471,150190220,2023-06-01,5.36,1.8500283773520307,164,234
3472,149200060,2023-05-27,2.13,1.1410330045520618,174,140
3473,149200080,2023-05-27,3.31,1.4609379041156565,174,211
3474,149200060,2023-06-01,3.49,1.501852701754163,174,141
3475,149200080,2023-06-01,4.02,1.6134299337036377,174,214
3476,149200060,2023-07-08,1.24,0.8064758658669485,174,142
3477,149200080,2023-07-08,1.77,1.0188473201992472,174,212
3478,149200060,2023-08-12,1.12,0.7514160886839212,174,144
3479,149200080,2023-08-12,0.91,0.6471032420585385,174,215
3480,149200060,2023-08-15,0.87,0.6259384308664953,174,145
3481,149200080,2023-08-15,0.81,0.5933268452777344,174,213
3482,149200060,2023-09-06,0.78,0.5766133643039938,174,146
3483,149200080,2023-09-06,0.73,0.5481214085096876,174,216
3484,149200060,2023-09-09,0.54,0.43178241642553783,174,143
3485,149200080,2023-09-09,0.54,0.43178241642553783,174,204
3486,149200060,2023-09-11,0.56,0.44468582126144574,174,134
3487,149200080,2023-09-11,0.52,0.41871033485818504,174,205
3488,149200060,2023-09-16,1.05,0.7178397931503169,174,135
3489,149200080,2023-09-16,0.75,0.5596157879354227,174,206
3490,149200060,2023-09-21,1.35,0.8544153281560676,174,136
3491,149200080,2023-09-21,1.41,0.8796267475025636,174,207
3492,149200060,2023-09-26,6.13,1.9643112344262046,174,137
3493,149200080,2023-09-26,11.2,2.501435951739211,174,208
3494,149200060,2023-09-29,3.38,1.4770487243883548,174,138
3495,149200080,2023-09-29,3.4,1.4816045409242156,174,209
3496,149200060,2023-10-14,1.3,0.832909122935104,174,139
3497,149200080,2023-10-14,1.54,0.9321640810304452,174,210
3498,149200300,2023-06-03,30.4,3.4468078929142076,175,234
3499,149200300,2023-07-08,21.2,3.100092288878234,175,235
3500,149200300,2023-09-06,12.6,2.6100697927420065,175,233
3501,149200300,2023-09-11,10.1,2.4069451083182885,175,231
3502,149200300,2023-09-26,11.7,2.5416019934645457,175,232
3503,149200290,2023-06-03,36.2,3.616308761279101,175,238
3504,149200290,2023-09-06,13.1,2.6461747973841225,175,239
3505,149200290,2023-09-11,10.3,2.424802725718295,175,236
3506,149200290,2023-09-26,14.4,2.7343675094195836,175,237
3507,153210040,2023-05-12,1.04,0.712949807856125,184,203
3508,153210040,2023-06-11,1.16,0.7701082216960736,184,196
3509,153210040,2023-07-16,0.36,0.3074846997479606,184,202
3510,153210040,2023-08-12,0.16,0.14842000511827327,184,197
3511,153210040,2023-08-15,0.14,0.1310282624064041,184,198
3512,153210040,2023-09-16,0.034,0.03343477608623739,184,199
3513,153210040,2023-09-21,0.06,0.058268908123975775,184,200
3514,153210040,2023-09-26,0.06,0.058268908123975775,184,201
3515,152140120,2023-05-08,0.58,0.4574248470388754,168,236
3516,152140120,2023-05-28,1.05,0.7178397931503169,168,235
3517,152140120,2023-09-10,0.18,0.16551443847757338,168,234
3518,153160070,2023-05-08,1.8,1.0296194171811583,168,81
3519,153160070,2023-05-28,1.94,1.0784095813505903,168,82
3520,153160070,2023-05-30,2.13,1.1410330045520618,168,78
3521,153160070,2023-06-02,2.12,1.1378330018213911,168,79
3522,153160070,2023-06-07,1.91,1.068153081183401,168,80
3523,153160070,2023-07-07,1.28,0.8241754429663495,168,77
3524,153160070,2023-09-07,0.68,0.5187937934151676,168,73
3525,153160070,2023-09-10,0.66,0.5068176023684519,168,74
3526,153160070,2023-09-12,0.67,0.5128236264286637,168,75
3527,153160070,2023-09-15,0.69,0.5247285289349821,168,76
3528,150180260,2023-08-15,0.62,0.4824261492442927,172,244
3529,150180260,2023-09-29,0.4,0.33647223662121295,172,243
3530,151170090,2023-05-12,3.18,1.430311246536665,162,84
3531,151170090,2023-05-27,2.12,1.1378330018213911,162,85
3532,151170090,2023-05-30,2.38,1.2178757094949273,162,92
3533,151170090,2023-06-04,2.09,1.128171090909654,162,86
3534,151170090,2023-07-09,1.32,0.8415671856782186,162,87
3535,151170090,2023-08-18,0.26,0.23111172096338664,162,90
3536,151170090,2023-08-23,0.28,0.2468600779315258,162,91
3537,151170090,2023-08-25,0.26,0.23111172096338664,162,88
3538,151170090,2023-09-07,0.22,0.1988508587451652,162,89
3539,151170090,2023-09-27,0.18,0.16551443847757338,162,93
3540,152230090,2023-05-01,23.0,3.1780538303479458,182,139
3541,152230090,2023-05-11,17.6,2.9231615807191558,182,137
3542,152230090,2023-05-21,19.2,3.005682604407159,182,131
3543,152230090,2023-05-26,18.6,2.975529566236472,182,129
3544,152230090,2023-05-29,18.6,2.975529566236472,182,132
3545,152230090,2023-05-31,18.4,2.9652730660692823,182,133
3546,152230090,2023-06-05,18.1,2.9496883350525844,182,134
3547,152230090,2023-06-08,17.2,2.9014215940827497,182,135
3548,152230090,2023-07-05,12.1,2.5726122302071057,182,130
3549,152230090,2023-07-10,10.5,2.4423470353692043,182,136
3550,152230090,2023-09-16,3.54,1.5129270120532565,182,125
3551,152230090,2023-09-18,3.57,1.5195132049061133,182,138
3552,152230090,2023-09-21,3.07,1.4036429994545037,182,126
3553,152230090,2023-09-26,2.16,1.1505720275988207,182,127
3554,152230090,2023-09-28,2.1,1.1314021114911006,182,128
3555,152230100,2023-05-01,8.18,2.217027204632399,183,20
3556,152230100,2023-05-11,5.45,1.864080130807681,183,19
3557,152230100,2023-05-21,5.0,1.791759469228055,183,18
3558,152230100,2023-05-26,4.7,1.7404661748405044,183,17
3559,152230100,2023-05-29,5.44,1.8625285401162623,183,22
3560,152230100,2023-05-31,4.99,1.790091412127358,183,23
3561,152230100,2023-06-08,3.65,1.536867219599265,183,11
3562,152230100,2023-07-05,2.85,1.3480731482996928,183,12
3563,152230100,2023-07-10,1.96,1.085189268335969,183,16
3564,152230100,2023-09-16,0.43,0.3576744442718159,183,13
3565,152230100,2023-09-18,0.41,0.3435897043900769,183,24
3566,152230100,2023-09-21,0.4,0.33647223662121295,183,21
3567,152230100,2023-09-26,0.38,0.32208349916911333,183,14
3568,152230100,2023-09-28,0.37,0.31481073984003355,183,15
3569,151180090,2023-05-10,3.66,1.5390154481375546,165,175
3570,151180090,2023-05-12,4.48,1.7011051009599243,165,174
3571,151180090,2023-05-27,2.29,1.1908875647772805,165,173
3572,151180090,2023-06-01,2.04,1.1118575154181303,165,172
3573,151180090,2023-06-04,1.98,1.091923300517313,165,169
3574,151180090,2023-06-11,2.0,1.0986122886681096,165,171
3575,151180090,2023-07-04,1.18,0.7793248768009976,165,170
3576,151180090,2023-07-09,1.11,0.7466879474879752,165,176
3577,151180090,2023-08-15,0.44,0.36464311358790924,165,168
3578,151180090,2023-08-23,0.61,0.4762341789963716,165,167
3579,151180090,2023-09-07,0.53,0.4252677354043441,165,164
3580,151180090,2023-09-27,0.36,0.3074846997479606,165,165
3581,151180090,2023-09-29,0.36,0.3074846997479606,165,166
3582,149200120,2023-06-03,5.59,1.8855533485144158,175,215
3583,149200120,2023-07-08,1.51,0.9202827531436926,175,214
3584,149200120,2023-08-15,1.36,0.8586616190375187,175,216
3585,149200120,2023-09-06,1.09,0.7371640659767197,175,217
3586,149200120,2023-09-09,0.94,0.6626879730752367,175,218
3587,149200120,2023-09-11,0.94,0.6626879730752367,175,211
3588,149200120,2023-09-26,2.17,1.1537315878891892,175,212
3589,149200120,2023-09-29,4.47,1.6992786164338898,175,210
3590,149200120,2023-10-14,1.74,1.007957920399979,175,213
3591,150230010,2023-05-01,9.91,2.3896797998449797,180,104
3592,150230010,2023-05-11,11.1,2.4932054526026954,180,105
3593,150230010,2023-05-14,10.6,2.451005098112319,180,107
3594,150230010,2023-05-21,7.68,2.1610215286722587,180,106
3595,150230010,2023-06-05,5.17,1.8196988379172965,180,103
3596,150230010,2023-08-14,6.46,2.0095554142156695,180,100
3597,150230010,2023-08-19,7.68,2.1610215286722587,180,102
3598,150230010,2023-08-29,4.6,1.7227665977411035,180,101
3599,150230010,2023-09-06,4.97,1.7867469274045107,180,92
3600,150230010,2023-09-11,4.12,1.6331544390514163,180,93
3601,150230010,2023-09-18,4.47,1.6992786164338898,180,94
3602,150230010,2023-09-21,4.6,1.7227665977411035,180,95
3603,150230010,2023-09-28,9.26,2.3282528397426234,180,96
3604,150230010,2023-10-03,5.87,1.927164106234258,180,97
3605,150230010,2023-11-02,4.79,1.7561322915849038,180,98
3606,150230010,2023-11-07,4.32,1.6714733033535532,180,99
3607,150170120,2023-05-27,0.91,0.6471032420585385,161,173
3608,150170120,2023-06-04,1.02,0.7030975114131134,161,174
3609,150170120,2023-07-09,0.4,0.33647223662121295,161,172
3610,150170120,2023-08-15,0.28,0.2468600779315258,161,168
3611,150170120,2023-08-18,0.3,0.26236426446749106,161,171
3612,150170120,2023-08-23,0.27,0.23901690047049992,161,170
3613,150170120,2023-08-25,0.22,0.1988508587451652,161,169
3614,150170120,2023-09-07,0.38,0.32208349916911333,161,166
3615,150170120,2023-09-27,0.33,0.2851789422336624,161,167
3616,149220210,2023-05-01,15.5,2.803360380906535,178,183
3617,149220210,2023-05-11,8.2,2.2192034840549946,178,182
3618,149220210,2023-05-21,7.23,2.1077860146889784,178,187
3619,149220210,2023-05-31,29.1,3.40452517175483,178,186
3620,149220210,2023-06-05,14.7,2.7536607123542622,178,184
3621,149220210,2023-08-14,3.42,1.4861396960896067,178,180
3622,149220210,2023-08-29,5.25,1.8325814637483102,178,179
3623,149220210,2023-09-06,3.17,1.4279160358107101,178,181
3624,149220210,2023-09-11,2.46,1.2412685890696329,178,175
3625,149220210,2023-09-21,2.27,1.184789984909162,178,185
3626,149220210,2023-09-28,5.73,1.9065751436566365,178,176
3627,149220210,2023-10-03,3.45,1.4929040961781488,178,177
3628,149220210,2023-10-18,1.45,0.8960880245566356,178,178
3629,152150050,2023-05-08,238.0,5.476463551931511,160,74
3630,152150050,2023-05-28,221.0,5.402677381872279,160,77
3631,152150050,2023-05-30,216.0,5.37989735354046,160,72
3632,152150050,2023-06-04,219.0,5.393627546352361,160,75
3633,152150050,2023-08-18,101.0,4.624972813284271,160,73
3634,152150050,2023-08-23,93.2,4.545420181582317,160,76
3635,152150050,2023-09-07,89.0,4.499809670330265,160,70
3636,152150050,2023-09-10,87.0,4.477336814478207,160,71
3637,150210080,2023-06-03,2.21,1.1662709371419244,180,23
3638,150210080,2023-08-12,1.28,0.8241754429663495,180,24
3639,150210080,2023-09-01,0.62,0.4824261492442927,180,29
3640,150210080,2023-09-06,0.56,0.44468582126144574,180,25
3641,150210080,2023-09-11,1.56,0.9400072584914712,180,28
3642,150210080,2023-09-16,1.56,0.9400072584914712,180,26
3643,150210080,2023-09-21,1.57,0.9439058989071285,180,27
3644,150220030,2023-05-01,262.0,5.572154032177765,178,11
3645,150220030,2023-05-04,199.0,5.298317366548036,178,16
3646,150220030,2023-05-11,178.0,5.187385805840755,178,13
3647,150220030,2023-05-21,161.0,5.087596335232384,178,18
3648,150220030,2023-06-03,268.0,5.594711379601839,178,9
3649,150220030,2023-06-05,270.0,5.602118820879701,178,10
3650,150220030,2023-07-05,105.0,4.663439094112067,178,17
3651,150220030,2023-07-08,109.0,4.700480365792417,178,7
3652,150220030,2023-07-15,85.0,4.454347296253507,178,6
3653,150220030,2023-08-14,87.1,4.478472532942134,178,8
3654,150220030,2023-08-19,131.0,4.882801922586371,178,12
3655,150220030,2023-08-27,125.0,4.836281906951478,178,14
3656,150220030,2023-09-06,73.8,4.314817884980432,177,248
3657,150220030,2023-09-11,47.2,3.8753590210565547,177,249
3658,150220030,2023-09-16,64.7,4.185098925490565,178,0
3659,150220030,2023-09-18,53.4,3.996364153861897,178,15
3660,150220030,2023-09-21,54.7,4.019980146933238,178,1
3661,150220030,2023-09-28,101.0,4.624972813284271,178,2
3662,150220030,2023-10-03,64.7,4.185098925490565,178,3
3663,150220030,2023-10-18,55.6,4.036008985209137,178,4
3664,150220030,2023-11-07,67.9,4.232656178019613,178,5
3665,150190100,2023-07-08,2.6,1.2809338454620645,173,42
3666,150190100,2023-07-18,8.98,2.300583090323373,173,45
3667,150190100,2023-08-12,2.26,1.1817271953786161,173,41
3668,150190100,2023-08-15,1.81,1.0331844833456545,173,43
3669,150190100,2023-08-22,1.78,1.0224509277025458,173,44
3670,150190100,2023-09-06,1.86,1.0508216248317612,173,34
3671,150190100,2023-09-09,1.61,0.9593502213346021,173,35
3672,150190100,2023-09-11,1.43,0.8878912573524571,173,36
3673,150190100,2023-09-16,1.39,0.8712933659434192,173,37
3674,150190100,2023-09-21,1.28,0.8241754429663495,173,38
3675,150190100,2023-09-26,2.1,1.1314021114911006,173,39
3676,150190100,2023-09-29,1.65,0.9745596399981308,173,40
3677,150180210,2023-05-12,2.7,1.308332819650179,165,160
3678,150180210,2023-05-27,1.24,0.8064758658669485,165,159
3679,150180210,2023-06-01,1.43,0.8878912573524571,165,158
3680,150180210,2023-08-15,0.42,0.35065687161316933,165,157
3681,152180090,2023-05-10,1.28,0.8241754429663495,167,75
3682,152180090,2023-05-12,2.47,1.244154593958768,167,74
3683,152180090,2023-05-30,1.13,0.7561219797213337,167,70
3684,152180090,2023-06-01,1.12,0.7514160886839212,167,71
3685,152180090,2023-06-04,2.02,1.1052568313867783,167,73
3686,152180090,2023-08-15,0.7,0.5306282510621704,167,72
3687,152180090,2023-09-02,0.75,0.5596157879354227,167,68
3688,152180090,2023-09-12,0.74,0.5538851132264376,167,69
3689,152180090,2023-10-17,0.65,0.5007752879124893,167,76
3690,151150150,2023-05-08,217.0,5.384495062789089,160,58
3691,151150150,2023-05-10,215.0,5.375278407684165,160,59
3692,151150150,2023-05-28,203.0,5.318119993844216,160,60
3693,151150150,2023-05-30,188.0,5.241747015059643,160,55
3694,151150150,2023-06-04,208.0,5.342334251964811,160,56
3695,151150150,2023-07-09,176.0,5.176149732573829,160,54
3696,151150150,2023-08-18,102.0,4.634728988229636,160,57
3697,151150150,2023-08-23,90.6,4.517431271680085,160,53
3698,151150150,2023-09-07,74.6,4.3254562831854875,160,51
3699,151150150,2023-09-10,83.0,4.430816798843313,160,52
3700,152170060,2023-05-12,108.0,4.6913478822291435,165,72
3701,152170060,2023-05-27,90.6,4.517431271680085,165,73
3702,152170060,2023-05-30,83.6,4.437934266612178,165,68
3703,152170060,2023-06-01,80.8,4.404277243608702,165,70
3704,152170060,2023-06-04,80.3,4.398146016553765,165,74
3705,152170060,2023-07-09,57.6,4.070734696582967,165,66
3706,152170060,2023-08-15,30.5,3.449987545831587,165,67
3707,152170060,2023-08-23,29.9,3.4307561839036995,165,71
3708,152170060,2023-08-25,27.2,3.339321977944068,165,69
3709,152170060,2023-09-07,25.2,3.265759410767051,165,64
3710,152170060,2023-09-29,25.1,3.261935314328648,165,65
3711,152150190,2023-05-10,55.5,4.034240638152395,167,172
3712,152150190,2023-05-28,62.6,4.152613470346076,167,168
3713,152150190,2023-05-30,62.8,4.155753190350744,167,166
3714,152150190,2023-06-02,69.7,4.258445572902527,167,167
3715,152150190,2023-06-04,68.8,4.2456340097683265,167,170
3716,152150190,2023-07-09,50.9,3.949318790171843,167,169
3717,152150190,2023-09-07,25.8,3.288401887516811,167,161
3718,152150190,2023-09-10,24.6,3.242592351485517,167,162
3719,152150190,2023-09-12,22.0,3.1354942159291497,167,163
3720,152150190,2023-09-15,22.3,3.148453360571655,167,171
3721,152150190,2023-09-27,22.1,3.139832617527748,167,164
3722,152150190,2023-11-26,30.1,3.4372078191851885,167,165
3723,152210130,2023-05-12,4.04,1.6174060820832772,186,78
3724,152210130,2023-05-14,4.76,1.7509374747077997,186,81
3725,152210130,2023-06-01,3.72,1.551808799597464,186,79
3726,152210130,2023-06-03,3.91,1.5912739418064292,186,77
3727,152210130,2023-06-08,3.52,1.5085119938441398,186,80
3728,152210130,2023-07-16,0.71,0.5364933705145685,186,74
3729,152210130,2023-08-12,0.51,0.412109650826833,186,75
3730,152210130,2023-08-15,0.5,0.4054651081081644,186,76
3731,152210130,2023-09-11,0.56,0.44468582126144574,186,70
3732,152210130,2023-09-16,0.48,0.3920420877760237,186,71
3733,152210130,2023-09-21,0.5,0.4054651081081644,186,72
3734,152210130,2023-09-26,0.55,0.4382549309311553,186,73
3735,151200090,2023-05-09,44.7,3.822098297900159,182,7
3736,151200090,2023-06-01,37.8,3.6584202466292277,182,5
3737,151200090,2023-06-03,38.0,3.6635616461296463,182,4
3738,151200090,2023-06-08,41.7,3.754198920234579,182,6
3739,151200090,2023-08-12,17.9,2.9391619220655967,182,2
3740,151200090,2023-08-15,18.9,2.990719731730447,182,3
3741,151200090,2023-09-06,17.8,2.9338568698359033,181,248
3742,151200090,2023-09-11,16.9,2.884800712846709,181,249
3743,151200090,2023-09-16,16.5,2.8622008809294686,182,0
3744,151200090,2023-09-21,17.0,2.8903717578961645,182,1
3745,153190090,2023-05-07,18.5,2.970414465569701,187,127
3746,153190090,2023-05-10,18.5,2.970414465569701,187,126
3747,153190090,2023-05-12,19.2,3.005682604407159,187,125
3748,153190090,2023-05-27,19.5,3.0204248861443626,187,118
3749,153190090,2023-05-30,19.2,3.005682604407159,187,119
3750,153190090,2023-06-06,19.7,3.0301337002713233,187,124
3751,153190090,2023-06-11,19.7,3.0301337002713233,187,120
3752,153190090,2023-09-07,4.7,1.7404661748405044,187,121
3753,153190090,2023-09-12,4.56,1.715598108262491,187,122
3754,153190090,2023-09-17,4.48,1.7011051009599243,187,123
3755,153190090,2023-10-17,4.45,1.6956156086751528,187,128
3756,154190110,2023-05-05,1.59,0.9516578757114464,188,225
3757,154190110,2023-05-07,1.28,0.8241754429663495,188,224
3758,154190110,2023-05-10,1.18,0.7793248768009976,188,221
3759,154190110,2023-05-12,1.07,0.7275486072772778,188,223
3760,154190110,2023-05-30,3.32,1.463255402256019,188,219
3761,154190110,2023-06-06,1.88,1.0577902941478545,188,226
3762,154190110,2023-06-11,1.27,0.8197798314933114,188,218
3763,154190110,2023-07-09,0.48,0.3920420877760237,188,217
3764,154190110,2023-08-23,0.12,0.11332868530700317,188,222
3765,154190110,2023-09-07,0.1,0.09531017980432487,188,220
3766,151150100,2023-05-08,13.0,2.639057329615259,164,69
3767,151150100,2023-05-28,11.0,2.4849066497880004,164,68
3768,151150100,2023-05-30,12.1,2.5726122302071057,164,66
3769,151150100,2023-06-04,13.5,2.6741486494265287,164,67
3770,151150100,2023-07-09,7.52,2.1424163408412245,164,65
3771,151150100,2023-09-07,2.64,1.2919836816486494,164,60
3772,151150100,2023-09-10,2.55,1.2669476034873244,164,61
3773,151150100,2023-09-17,2.08,1.1249295969854831,164,62
3774,151150100,2023-10-02,1.95,1.0818051703517284,164,63
3775,151150100,2023-10-30,18.4,2.9652730660692823,164,64
3776,153210210,2023-05-09,147.0,4.997212273764115,182,220
3777,153210210,2023-05-12,151.0,5.0238805208462765,182,221
3778,153210210,2023-06-01,151.0,5.0238805208462765,182,219
3779,153210210,2023-06-03,157.0,5.062595033026967,182,217
3780,153210210,2023-06-06,153.0,5.0369526024136295,182,223
3781,153210210,2023-06-08,154.0,5.043425116919247,182,218
3782,153210210,2023-07-16,84.1,4.443827035579329,182,215
3783,153210210,2023-08-15,34.4,3.5667118201397288,182,216
3784,153210210,2023-09-06,30.4,3.4468078929142076,182,222
3785,153210210,2023-09-11,26.6,3.3178157727231046,182,211
3786,153210210,2023-09-16,24.4,3.2347491740244907,182,212
3787,153210210,2023-09-21,24.9,3.254242968705492,182,213
3788,153210210,2023-09-26,25.3,3.269568939183719,182,214
3789,151150040,2023-05-08,44.5,3.817712325956905,163,191
3790,151150040,2023-05-10,58.3,4.08260930600368,163,195
3791,151150040,2023-05-28,61.3,4.131961425793407,163,194
3792,151150040,2023-05-30,58.1,4.079230924412053,163,190
3793,151150040,2023-06-04,68.5,4.241326752570746,163,192
3794,151150040,2023-08-23,15.0,2.772588722239781,163,193
3795,151150040,2023-09-07,14.3,2.72785282839839,163,188
3796,151150040,2023-09-10,13.1,2.6461747973841225,163,189
3797,149220010,2023-05-01,0.52,0.41871033485818504,179,72
3798,149220010,2023-05-21,0.45,0.37156355643248307,179,67
3799,149220010,2023-05-31,0.87,0.6259384308664953,179,68
3800,149220010,2023-06-03,0.58,0.4574248470388754,179,71
3801,149220010,2023-07-08,0.16,0.14842000511827327,179,74
3802,149220010,2023-07-15,0.12,0.11332868530700317,179,64
3803,149220010,2023-08-14,1.87,1.0543120297715298,179,69
3804,149220010,2023-08-27,0.14,0.1310282624064041,179,70
3805,149220010,2023-09-06,0.08,0.07696104113612832,179,65
3806,149220010,2023-09-08,0.07,0.06765864847381481,179,66
3807,149220010,2023-09-11,0.06,0.058268908123975775,179,58
3808,149220010,2023-09-16,0.06,0.058268908123975775,179,59
3809,149220010,2023-09-21,0.07,0.06765864847381481,179,60
3810,149220010,2023-09-26,1.57,0.9439058989071285,179,61
3811,149220010,2023-09-28,0.15,0.13976194237515868,179,62
3812,149220010,2023-10-03,0.09,0.08617769624105233,179,63
3813,149220010,2023-10-18,0.12,0.11332868530700317,179,73
3814,153230170,2023-05-01,4.21,1.6505798557652755,183,74
3815,153230170,2023-05-09,2.35,1.208960345836975,183,71
3816,153230170,2023-05-11,2.61,1.2837077723447896,183,75
3817,153230170,2023-05-21,2.83,1.3428648031925547,183,72
3818,153230170,2023-05-26,3.12,1.415853163361435,183,69
3819,153230170,2023-05-29,3.2,1.4350845252893227,183,76
3820,153230170,2023-05-31,2.93,1.3686394258811698,183,73
3821,153230170,2023-06-08,2.63,1.2892326482767593,183,70
3822,153230170,2023-07-05,1.37,0.8628899551470399,183,68
3823,153230170,2023-09-16,0.58,0.4574248470388754,183,65
3824,153230170,2023-09-18,0.67,0.5128236264286637,183,78
3825,153230170,2023-09-21,0.67,0.5128236264286637,183,77
3826,153230170,2023-09-26,0.67,0.5128236264286637,183,66
3827,153230170,2023-09-28,0.69,0.5247285289349821,183,67
3828,149200240,2023-06-03,105.0,4.663439094112067,175,105
3829,149200250,2023-06-03,10.4,2.4336133554004498,176,6
3830,149200260,2023-06-03,1.64,0.9707789171582247,176,14
3831,149200240,2023-07-08,70.8,4.273884476054178,175,104
3832,149200250,2023-07-08,2.0,1.0986122886681096,176,5
3833,149200260,2023-07-08,0.5,0.4054651081081644,176,13
3834,149200240,2023-08-12,77.4,4.361823927356363,175,103
3835,149200250,2023-08-12,1.21,0.7929925155296614,176,3
3836,149200260,2023-08-12,0.23,0.20701416938432615,176,11
3837,149200240,2023-09-06,53.5,3.9982007016691985,175,102
3838,149200250,2023-09-06,0.93,0.6575200029167942,176,4
3839,149200260,2023-09-06,0.22,0.1988508587451652,176,12
3840,149200240,2023-09-11,42.6,3.775057150354989,175,98
3841,149200250,2023-09-11,0.67,0.5128236264286637,175,249
3842,149200260,2023-09-11,0.2,0.18232155679395462,176,7
3843,149200240,2023-09-16,41.3,3.744787086052232,175,99
3844,149200250,2023-09-16,0.64,0.49469624183610705,176,0
3845,149200260,2023-09-16,0.17,0.15700374880966475,176,8
3846,149200240,2023-09-21,42.1,3.763522997109702,175,100
3847,149200250,2023-09-21,0.69,0.5247285289349821,176,1
3848,149200260,2023-09-21,0.25,0.22314355131420976,176,9
3849,149200240,2023-09-26,61.2,4.130354999745133,175,101
3850,149200250,2023-09-26,7.02,2.081938421878423,176,2
3851,149200260,2023-09-26,2.21,1.1662709371419244,176,10
3852,149200030,2023-06-03,14.2,2.7212954278522306,175,65
3853,149200030,2023-07-08,11.9,2.5572273113676265,175,66
3854,149200030,2023-08-15,7.57,2.1482677326096886,175,64
3855,149200030,2023-09-06,5.97,1.9416152247724325,175,68
3856,149200030,2023-09-09,5.02,1.7950872593207297,175,67
3857,149200030,2023-09-11,5.01,1.7934247485471162,175,60
3858,149200030,2023-09-26,11.9,2.5572273113676265,175,61
3859,149200030,2023-09-29,6.81,2.0554049638515943,175,62
3860,149200030,2023-10-14,7.9,2.186051276738094,175,63
3861,149200050,2023-06-03,22.3,3.148453360571655,175,75
3862,149200050,2023-07-08,18.9,2.990719731730447,175,74
3863,149200050,2023-08-15,12.9,2.631888840136646,175,73
3864,149200050,2023-09-06,10.0,2.3978952727983707,175,77
3865,149200050,2023-09-09,7.51,2.1412419425852827,175,76
3866,149200050,2023-09-11,7.43,2.131796772013764,175,69
3867,149200050,2023-09-26,31.9,3.493472657771326,175,70
3868,149200050,2023-09-29,12.9,2.631888840136646,175,71
3869,149200050,2023-10-14,13.1,2.6461747973841225,175,72
3870,150170060,2023-05-05,32.9,3.5234150143864045,161,67
3871,150170060,2023-05-12,32.5,3.5115454388310208,161,68
3872,150170060,2023-05-27,36.2,3.616308761279101,161,69
3873,150170060,2023-05-30,28.5,3.3843902633457743,161,79
3874,150170060,2023-06-04,33.2,3.5322256440685598,161,70
3875,150170060,2023-08-15,24.6,3.242592351485517,161,74
3876,150170060,2023-08-18,24.6,3.242592351485517,161,75
3877,150170060,2023-08-23,21.5,3.1135153092103742,161,76
3878,150170060,2023-08-25,25.2,3.265759410767051,161,78
3879,150170060,2023-09-07,25.4,3.2733640101522705,161,71
3880,150170060,2023-09-09,25.0,3.258096538021482,161,72
3881,150170060,2023-09-27,13.7,2.6878474937846906,161,73
3882,150170060,2023-09-29,13.9,2.7013612129514133,161,77
3883,152160100,2023-05-08,117.0,4.770684624465665,165,98
3884,152160100,2023-05-10,117.0,4.770684624465665,165,95
3885,152160100,2023-05-28,113.0,4.736198448394496,165,100
3886,152160100,2023-05-30,107.0,4.68213122712422,165,93
3887,152160100,2023-06-02,104.0,4.653960350157523,165,97
3888,152160100,2023-06-04,101.0,4.624972813284271,165,99
3889,152160100,2023-06-12,97.2,4.58700621536042,165,96
3890,152160100,2023-07-07,78.7,4.378269585796169,165,94
3891,152160100,2023-07-09,74.6,4.3254562831854875,165,92
3892,152160100,2023-09-07,30.9,3.462606009790799,165,87
3893,152160100,2023-09-10,29.1,3.40452517175483,165,88
3894,152160100,2023-09-12,29.3,3.4111477125153233,165,89
3895,152160100,2023-09-15,28.2,3.374168709274236,165,90
3896,152160100,2023-09-25,27.1,3.3357695763397,165,91
3897,152160100,2023-09-27,26.5,3.3141860046725258,165,101
3898,152160030,2023-05-08,0.89,0.636576829071551,167,42
3899,152160030,2023-05-10,0.83,0.6043159668533296,167,43
3900,152160030,2023-05-30,0.55,0.4382549309311553,167,40
3901,152160030,2023-06-04,0.6,0.4700036292457356,167,41
3902,152160030,2023-07-09,0.53,0.4252677354043441,167,37
3903,152160030,2023-08-18,0.1,0.09531017980432487,167,39
3904,152160030,2023-08-23,0.13,0.12221763272424921,167,38
3905,152160030,2023-09-07,0.14,0.1310282624064041,167,35
3906,152160030,2023-09-10,0.12,0.11332868530700317,167,36
3907,154170230,2023-05-08,0.16,0.14842000511827327,170,53
3908,154170230,2023-05-10,0.15,0.13976194237515868,170,51
3909,154170230,2023-05-30,0.13,0.12221763272424921,170,54
3910,154170230,2023-06-12,0.14,0.1310282624064041,170,50
3911,154170230,2023-09-05,0.11,0.10436001532424277,170,47
3912,154170230,2023-09-10,0.12,0.11332868530700317,170,48
3913,154170230,2023-09-12,0.14,0.1310282624064041,170,49
3914,154170230,2023-09-15,0.19,0.173953307123438,170,52
3915,151170070,2023-05-12,1.89,1.0612565021243408,162,223
3916,151170080,2023-05-12,1.92,1.0715836162801904,163,6
3917,151170070,2023-05-27,0.82,0.598836501088704,162,229
3918,151170080,2023-05-27,0.54,0.43178241642553783,163,10
3919,151170070,2023-05-30,0.7,0.5306282510621704,162,232
3920,151170080,2023-05-30,0.44,0.36464311358790924,163,15
3921,151170070,2023-06-01,0.78,0.5766133643039938,162,230
3922,151170080,2023-06-01,0.51,0.412109650826833,163,12
3923,151170070,2023-06-04,0.67,0.5128236264286637,162,225
3924,151170080,2023-06-04,0.4,0.33647223662121295,163,7
3925,151170070,2023-07-06,0.31,0.27002713721306015,162,231
3926,151170080,2023-07-06,0.14,0.1310282624064041,163,14
3927,151170070,2023-07-09,0.32,0.2776317365982795,162,228
3928,151170080,2023-07-09,0.13,0.12221763272424921,163,13
3929,151170070,2023-08-15,0.12,0.11332868530700317,162,226
3930,151170080,2023-08-15,0.027,0.02664193094642118,163,9
3931,151170070,2023-08-23,0.11,0.10436001532424277,162,227
3932,151170080,2023-08-23,0.02,0.019802627296179712,163,11
3933,151170070,2023-08-25,0.11,0.10436001532424277,162,224
3934,151170080,2023-08-25,0.019,0.01882175424058776,163,8
3935,151170070,2023-09-07,0.07,0.06765864847381481,162,221
3936,151170080,2023-09-07,0.01,0.009950330853168083,163,4
3937,151170070,2023-09-29,0.11,0.10436001532424277,162,222
3938,151170080,2023-09-29,0.012,0.011928570865273802,163,5
3939,151200080,2023-05-09,6.67,2.0373166153791646,182,87
3940,151200080,2023-06-01,5.3,1.840549633397487,182,89
3941,151200080,2023-06-03,6.09,1.958685340544036,182,88
3942,151200080,2023-06-08,8.46,2.247072383063787,182,90
3943,151200080,2023-08-12,6.96,2.0744289998562917,182,85
3944,151200080,2023-08-15,6.59,2.0268315914075385,182,86
3945,151200080,2023-09-06,3.58,1.5216989981260935,182,81
3946,151200080,2023-09-11,4.83,1.763017000362401,182,82
3947,151200080,2023-09-16,2.69,1.3056264580524357,182,83
3948,151200080,2023-09-21,2.67,1.3001916620664788,182,84
3949,150190330,2023-05-27,0.38,0.32208349916911333,174,105
3950,150190330,2023-06-01,0.39,0.3293037471426004,174,106
3951,150190330,2023-07-08,0.41,0.3435897043900769,174,107
3952,150190330,2023-07-16,0.46,0.3784364357202451,174,108
3953,150190330,2023-08-12,0.4,0.33647223662121295,174,109
3954,150190330,2023-08-15,0.42,0.35065687161316933,174,118
3955,150190330,2023-08-22,0.41,0.3435897043900769,174,110
3956,150190330,2023-09-06,0.41,0.3435897043900769,174,111
3957,150190330,2023-09-11,0.4,0.33647223662121295,174,112
3958,150190330,2023-09-16,0.36,0.3074846997479606,174,113
3959,150190330,2023-09-21,0.37,0.31481073984003355,174,114
3960,150190330,2023-09-26,0.41,0.3435897043900769,174,115
3961,150190330,2023-09-29,0.38,0.32208349916911333,174,116
3962,150190330,2023-10-14,0.38,0.32208349916911333,174,117
3963,153160250,2023-05-08,0.21,0.1906203596086497,168,57
3964,153160250,2023-05-10,0.21,0.1906203596086497,168,56
3965,153160250,2023-05-28,0.28,0.2468600779315258,168,55
3966,153160250,2023-05-30,0.25,0.22314355131420976,168,61
3967,153160250,2023-06-02,0.27,0.23901690047049992,168,54
3968,153160250,2023-06-12,0.2,0.18232155679395462,168,60
3969,153160250,2023-07-07,0.12,0.11332868530700317,168,59
3970,153160250,2023-09-10,0.03,0.0295588022415444,168,49
3971,153160250,2023-09-12,0.034,0.03343477608623739,168,50
3972,153160250,2023-09-15,0.036,0.035367143837291316,168,58
3973,153160250,2023-09-25,0.05,0.04879016416943201,168,51
3974,153160250,2023-09-27,0.046,0.044973365642731154,168,52
3975,153160250,2023-10-17,0.04,0.039220713153281295,168,53
3976,153140110,2023-05-08,2.09,1.128171090909654,168,243
3977,153140110,2023-05-13,1.99,1.095273387402595,168,245
3978,153140110,2023-05-28,2.0,1.0986122886681096,168,246
3979,153140110,2023-06-02,2.06,1.1184149159642893,168,242
3980,153140110,2023-06-07,2.12,1.1378330018213911,168,244
3981,153140110,2023-09-10,0.64,0.49469624183610705,168,240
3982,153140110,2023-09-15,0.63,0.48858001481867097,168,241
3983,151230030,2023-05-01,8.52,2.253394848803274,185,201
3984,151230030,2023-05-11,7.54,2.1447610078004784,185,199
3985,151230030,2023-05-21,7.96,2.192770226986839,185,205
3986,151230030,2023-05-24,6.43,2.005525858729668,185,206
3987,151230030,2023-05-29,6.07,1.9558604799084813,185,204
3988,151230030,2023-05-31,6.07,1.9558604799084813,185,207
3989,151230030,2023-06-05,6.07,1.9558604799084813,185,198
3990,151230030,2023-07-05,2.47,1.244154593958768,185,200
3991,151230030,2023-08-19,2.59,1.2781522025001875,185,203
3992,151230030,2023-08-29,1.79,1.0260415958332743,185,202
3993,151230030,2023-09-06,1.49,0.9122827104766162,185,193
3994,151230030,2023-09-16,0.66,0.5068176023684519,185,208
3995,151230030,2023-09-18,0.59,0.46373401623214017,185,194
3996,151230030,2023-09-21,0.52,0.41871033485818504,185,195
3997,151230030,2023-09-26,0.73,0.5481214085096876,185,196
3998,151230030,2023-09-28,1.08,0.7323678937132266,185,197
3999,149220030,2023-05-01,68.5,4.241326752570746,177,166
4000,149220030,2023-05-21,64.2,4.177459468932607,177,170
4001,149220030,2023-05-31,84.8,4.4520190064939165,177,172
4002,149220030,2023-06-03,143.0,4.969813299576001,177,168
4003,149220030,2023-07-15,28.6,3.3877743613300146,177,169
4004,149220030,2023-08-14,65.8,4.2017030805426,177,167
4005,149220030,2023-08-27,58.9,4.092676505121403,177,171
4006,149220030,2023-09-06,16.8,2.8791984572980396,177,165
4007,149220030,2023-09-11,11.1,2.4932054526026954,177,158
4008,149220030,2023-09-16,16.4,2.856470206220483,177,159
4009,149220030,2023-09-21,17.0,2.8903717578961645,177,160
4010,149220030,2023-09-26,30.5,3.449987545831587,177,161
4011,149220030,2023-09-28,29.8,3.427514689979529,177,162
4012,149220030,2023-10-03,28.3,3.3775875160230218,177,163
4013,149220030,2023-10-18,29.3,3.4111477125153233,177,164
4014,153200070,2023-05-07,3.27,1.4516138272405332,189,27
4015,153200070,2023-05-12,3.41,1.4838746894587547,189,28
4016,153200070,2023-05-27,3.76,1.5602476682433286,189,29
4017,153200070,2023-06-06,3.81,1.5706970841176697,189,26
4018,153200070,2023-06-11,3.59,1.5238800240724537,189,24
4019,153200070,2023-08-15,1.79,1.0260415958332743,189,25
4020,149180300,2023-07-11,31.0,3.4657359027997265,160,6
4021,149180300,2023-08-15,23.0,3.1780538303479458,160,7
4022,149180300,2023-09-09,14.0,2.70805020110221,160,4
4023,149180300,2023-09-29,27.2,3.339321977944068,160,5
4024,150170030,2023-05-05,2.73,1.3164082336557241,161,209
4025,150170030,2023-05-12,2.87,1.3532545070416904,161,210
4026,150170030,2023-05-27,2.36,1.2119409739751128,161,214
4027,150170030,2023-05-30,2.34,1.205970806988609,161,216
4028,150170030,2023-06-04,4.22,1.6524974018945473,161,212
4029,150170030,2023-07-09,2.41,1.2267122912954256,161,211
4030,150170030,2023-08-15,3.14,1.420695787837223,161,213
4031,150170030,2023-08-18,3.12,1.415853163361435,161,215
4032,150170030,2023-08-23,3.15,1.423108334242607,161,207
4033,150170030,2023-08-25,3.39,1.47932922708708,161,208
4034,150170030,2023-09-07,2.87,1.3532545070416904,161,205
4035,150170030,2023-09-27,2.85,1.3480731482996928,161,206
4036,151180010,2023-05-10,4.64,1.7298840655099674,166,129
4037,151180010,2023-05-12,5.45,1.864080130807681,166,126
4038,151180010,2023-05-27,1.69,0.9895411936137477,166,124
4039,151180010,2023-06-01,1.63,0.9669838461896731,166,125
4040,151180010,2023-06-04,1.23,0.8020015854720274,166,122
4041,151180010,2023-07-04,0.59,0.46373401623214017,166,130
4042,151180010,2023-07-09,0.59,0.46373401623214017,166,127
4043,151180010,2023-08-15,0.19,0.173953307123438,166,123
4044,151180010,2023-08-23,0.24,0.2151113796169455,166,128
4045,151180010,2023-09-07,0.24,0.2151113796169455,166,119
4046,151180010,2023-09-27,0.3,0.26236426446749106,166,120
4047,151180010,2023-09-29,0.3,0.26236426446749106,166,121
4048,151200040,2023-05-04,4.6,1.7227665977411035,182,69
4049,151200040,2023-05-12,6.7,2.0412203288596382,182,80
4050,151200040,2023-06-03,4.5,1.7047480922384253,182,70
4051,151200040,2023-06-08,5.4,1.8562979903656263,182,78
4052,151200040,2023-07-08,3.34,1.4678743481123135,182,79
4053,151200040,2023-08-12,1.76,1.0152306797290587,182,71
4054,151200040,2023-08-15,1.71,0.9969486348916095,182,72
4055,151200040,2023-09-06,1.1,0.7419373447293773,182,73
4056,151200040,2023-09-11,1.06,0.7227059828014898,182,74
4057,151200040,2023-09-16,0.91,0.6471032420585385,182,75
4058,151200040,2023-09-21,0.83,0.6043159668533296,182,76
4059,151200040,2023-09-29,1.02,0.7030975114131134,182,77
4060,150230050,2023-05-01,1.48,0.9082585601768908,180,221
4061,150230050,2023-05-11,2.27,1.184789984909162,180,225
4062,150230050,2023-05-14,1.87,1.0543120297715298,180,222
4063,150230050,2023-05-21,1.26,0.8153648132841945,180,226
4064,150230050,2023-06-05,1.64,0.9707789171582247,180,223
4065,150230050,2023-08-14,0.83,0.6043159668533296,180,219
4066,150230050,2023-08-19,1.7,0.9932517730102834,180,224
4067,150230050,2023-08-29,0.83,0.6043159668533296,180,220
4068,150230050,2023-09-06,0.73,0.5481214085096876,180,228
4069,150230050,2023-09-11,0.65,0.5007752879124893,180,212
4070,150230050,2023-09-18,0.68,0.5187937934151676,180,213
4071,150230050,2023-09-21,0.72,0.5423242908253616,180,214
4072,150230050,2023-09-26,1.42,0.8837675401685949,180,215
4073,150230050,2023-09-28,5.83,1.9213246735826988,180,216
4074,150230050,2023-10-03,1.12,0.7514160886839212,180,217
4075,150230050,2023-11-02,0.91,0.6471032420585385,180,218
4076,150230050,2023-11-07,0.87,0.6259384308664953,180,227
4077,151160140,2023-05-08,18.6,2.975529566236472,163,3
4078,151160140,2023-05-28,19.0,2.995732273553991,163,2
4079,151160140,2023-05-30,17.4,2.91235066461494,163,1
4080,151160140,2023-06-04,17.3,2.9069010598473755,162,247
4081,151160140,2023-07-09,6.07,1.9558604799084813,162,248
4082,151160140,2023-08-18,1.33,0.8458682675776092,162,249
4083,151160140,2023-08-23,1.26,0.8153648132841945,163,0
4084,151160140,2023-09-07,0.96,0.6729444732424258,162,245
4085,151160140,2023-09-10,0.86,0.6205764877251099,162,246
4086,149190260,2023-06-01,4.09,1.6272778305624314,173,233
4087,149190260,2023-07-08,2.19,1.1600209167967532,173,234
4088,149190260,2023-07-16,1.06,0.7227059828014898,173,245
4089,149190260,2023-08-12,0.88,0.6312717768418579,173,241
4090,149190260,2023-08-15,0.83,0.6043159668533296,173,242
4091,149190260,2023-09-06,0.93,0.6575200029167942,173,243
4092,149190260,2023-09-09,0.89,0.636576829071551,173,244
4093,149190260,2023-09-11,0.89,0.636576829071551,173,235
4094,149190260,2023-09-16,0.89,0.636576829071551,173,236
4095,149190260,2023-09-21,0.89,0.636576829071551,173,237
4096,149190260,2023-09-26,4.98,1.7884205679625405,173,238
4097,149190260,2023-09-29,2.41,1.2267122912954256,173,239
4098,149190260,2023-10-14,2.19,1.1600209167967532,173,240
4099,153220160,2023-06-08,19.3,3.0106208860477417,184,80
4100,153220170,2023-06-08,37.5,3.6506582412937387,183,180
4101,153220160,2023-09-11,2.09,1.128171090909654,184,76
4102,153220170,2023-09-11,4.01,1.6114359150967734,183,176
4103,153220160,2023-09-16,1.82,1.0367368849500223,184,77
4104,153220170,2023-09-16,3.51,1.5062971535145868,183,177
4105,153220160,2023-09-21,1.77,1.0188473201992472,184,78
4106,153220170,2023-09-21,3.17,1.4279160358107101,183,178
4107,153220160,2023-09-26,1.96,1.085189268335969,184,79
4108,153220170,2023-09-26,2.87,1.3532545070416904,183,179
4109,153210090,2023-05-09,151.0,5.0238805208462765,182,234
4110,153210090,2023-05-12,155.0,5.049856007249537,182,235
4111,153210090,2023-05-14,158.0,5.0689042022202315,182,236
4112,153210090,2023-06-01,156.0,5.056245805348308,182,233
4113,153210090,2023-06-03,168.0,5.1298987149230735,182,231
4114,153210090,2023-06-08,163.0,5.099866427824199,182,232
4115,153210090,2023-08-12,38.9,3.686376323895818,182,229
4116,153210090,2023-08-15,37.0,3.6375861597263857,182,230
4117,153210090,2023-09-06,33.9,3.5524868292083815,182,228
4118,153210090,2023-09-11,29.8,3.427514689979529,182,224
4119,153210090,2023-09-16,27.1,3.3357695763397,182,225
4120,153210090,2023-09-21,26.6,3.3178157727231046,182,226
4121,153210090,2023-09-26,27.9,3.3638415951183864,182,227
4122,151150020,2023-05-08,4.17,1.6428726885203377,164,171
4123,151150020,2023-05-28,6.27,1.9837562915454279,164,172
4124,151150020,2023-05-30,5.04,1.7984040119467237,164,170
4125,151150020,2023-06-04,6.11,1.9615022438151495,164,168
4126,151150020,2023-07-09,2.32,1.199964782928397,164,167
4127,151150020,2023-08-23,0.99,0.688134638736401,164,169
4128,151150020,2023-09-07,0.92,0.6523251860396903,164,162
4129,151150020,2023-09-10,0.78,0.5766133643039938,164,163
4130,151150020,2023-09-17,0.75,0.5596157879354227,164,164
4131,151150020,2023-09-27,0.93,0.6575200029167942,164,166
4132,151150020,2023-10-02,2.75,1.3217558399823195,164,165
4133,151150020,2023-10-30,5.45,1.864080130807681,164,173
4134,150220160,2023-05-01,11.2,2.501435951739211,179,143
4135,150220160,2023-05-31,12.0,2.5649493574615367,179,144
4136,150220160,2023-08-14,3.66,1.5390154481375546,179,142
4137,150220160,2023-08-29,4.16,1.6409365794934714,179,141
4138,150220160,2023-09-06,3.12,1.415853163361435,179,140
4139,150220160,2023-09-11,2.77,1.3270750014599193,179,135
4140,150220160,2023-09-21,3.08,1.4060969884160703,179,136
4141,150220160,2023-09-28,7.6,2.151762203259462,179,137
4142,150220160,2023-10-03,3.95,1.599387576580599,179,138
4143,150220160,2023-10-18,3.03,1.3937663759585917,179,139
4144,150190160,2023-06-03,53.0,3.9889840465642745,173,123
4145,150190160,2023-07-08,33.8,3.5496173867804286,173,119
4146,150190160,2023-07-18,82.4,4.423648309364701,173,121
4147,150190160,2023-08-12,16.2,2.8449093838194073,173,120
4148,150190160,2023-08-15,5.83,1.9213246735826988,173,118
4149,150190160,2023-08-22,4.35,1.6770965609079151,173,122
4150,150190160,2023-09-06,5.87,1.927164106234258,173,111
4151,150190160,2023-09-09,3.68,1.5432981099295553,173,112
4152,150190160,2023-09-11,3.52,1.5085119938441398,173,113
4153,150190160,2023-09-16,3.43,1.4883995840570443,173,114
4154,150190160,2023-09-21,3.51,1.5062971535145868,173,115
4155,150190160,2023-09-26,36.3,3.6189933266497696,173,116
4156,150190160,2023-09-29,23.3,3.190476350346503,173,117
4157,152180130,2023-05-10,0.69,0.5247285289349821,187,81
4158,152180130,2023-05-12,0.76,0.5653138090500605,187,82
4159,152180130,2023-05-27,0.69,0.5247285289349821,187,78
4160,152180130,2023-05-30,0.72,0.5423242908253616,187,80
4161,152180130,2023-06-01,0.69,0.5247285289349821,187,83
4162,152180130,2023-06-04,0.81,0.5933268452777344,187,84
4163,152180130,2023-08-15,0.006,0.005982071677547464,187,79
4164,152180130,2023-09-07,0.001,0.0009995003330835331,187,75
4165,152180130,2023-09-12,0.002,0.001998002662673056,187,76
4166,152180130,2023-10-17,0.002,0.001998002662673056,187,77
4167,151210100,2023-05-09,1.63,0.9669838461896731,181,192
4168,151210100,2023-08-12,0.26,0.23111172096338664,181,191
4169,151210100,2023-09-06,0.21,0.1906203596086497,181,188
4170,151210100,2023-09-11,0.18,0.16551443847757338,181,189
4171,151210100,2023-09-16,0.23,0.20701416938432615,181,190
4172,150180050,2023-05-27,7.58,2.149433913499871,161,19
4173,150180050,2023-06-04,11.5,2.5257286443082556,161,24
4174,150180050,2023-07-04,5.66,1.8961194845522977,161,20
4175,150180050,2023-08-15,3.73,1.5539252025038417,161,23
4176,150180050,2023-08-23,3.25,1.4469189829363254,161,25
4177,150180050,2023-09-07,2.97,1.3787660946990992,161,21
4178,150180050,2023-09-27,3.39,1.47932922708708,161,22
4179,152180030,2023-05-10,3.43,1.4883995840570443,167,85
4180,152180030,2023-05-12,3.8,1.5686159179138452,167,84
4181,152180030,2023-05-27,4.51,1.706564623164823,167,83
4182,152180030,2023-05-30,4.04,1.6174060820832772,167,81
4183,152180030,2023-06-01,4.01,1.6114359150967734,167,82
4184,152180030,2023-06-04,3.74,1.556037135706985,167,86
4185,152180030,2023-08-15,3.49,1.501852701754163,167,80
4186,152180030,2023-09-02,2.63,1.2892326482767593,167,87
4187,152180030,2023-09-07,2.18,1.1568811967920856,167,77
4188,152180030,2023-09-12,2.05,1.11514159061932,167,78
4189,152180030,2023-10-17,1.88,1.0577902941478545,167,79
4190,151220120,2023-05-01,4.49,1.7029282555214393,181,114
4191,151220120,2023-05-11,4.7,1.7404661748405044,181,112
4192,151220120,2023-05-21,3.61,1.5282278570085572,181,115
4193,151220120,2023-05-24,3.23,1.4422019930581866,181,118
4194,151220120,2023-05-29,2.7,1.308332819650179,181,117
4195,151220120,2023-05-31,2.63,1.2892326482767593,181,111
4196,151220120,2023-06-05,2.85,1.3480731482996928,181,110
4197,151220120,2023-07-05,1.55,0.9360933591703348,181,116
4198,151220120,2023-08-19,1.55,0.9360933591703348,181,113
4199,151220120,2023-08-29,0.81,0.5933268452777344,181,109
4200,151220120,2023-09-06,0.41,0.3435897043900769,181,103
4201,151220120,2023-09-16,0.24,0.2151113796169455,181,104
4202,151220120,2023-09-18,0.24,0.2151113796169455,181,105
4203,151220120,2023-09-21,0.2,0.18232155679395462,181,106
4204,151220120,2023-09-26,0.17,0.15700374880966475,181,107
4205,151220120,2023-09-28,0.22,0.1988508587451652,181,108
4206,152190080,2023-05-10,6.92,2.0693912058263346,187,38
4207,152190080,2023-05-12,8.02,2.199444334074532,187,39
4208,152190080,2023-05-27,6.52,2.017566137961748,187,37
4209,152190080,2023-06-01,6.48,2.012232791986386,187,40
4210,152190080,2023-06-11,8.07,2.2049722641270453,187,43
4211,152190080,2023-07-14,2.32,1.199964782928397,187,42
4212,152190080,2023-08-15,1.41,0.8796267475025636,187,41
4213,152190080,2023-09-02,1.52,0.924258901523332,187,34
4214,152190080,2023-09-12,1.36,0.8586616190375187,187,35
4215,152190080,2023-10-17,0.89,0.636576829071551,187,36
4216,154190100,2023-05-05,1.73,1.0043016091968684,188,216
4217,154190100,2023-05-07,1.29,0.8285518175661483,188,210
4218,154190100,2023-05-10,1.33,0.8458682675776092,188,209
4219,154190100,2023-05-12,1.35,0.8544153281560676,188,211
4220,154190100,2023-05-30,3.07,1.4036429994545037,188,213
4221,154190100,2023-06-11,1.68,0.9858167945227653,188,215
4222,154190100,2023-08-15,0.37,0.31481073984003355,188,212
4223,154190100,2023-09-07,0.38,0.32208349916911333,188,214
4224,154190100,2023-09-12,0.41,0.3435897043900769,188,206
4225,154190100,2023-09-17,0.39,0.3293037471426004,188,207
4226,154190100,2023-10-17,0.32,0.2776317365982795,188,208
4227,152230050,2023-05-01,11.4,2.517696472610991,186,1
4228,152230050,2023-05-11,9.99,2.3969857684155302,185,240
4229,152230050,2023-05-21,8.91,2.2935443483418965,185,241
4230,152230050,2023-05-24,7.31,2.1174596088673567,186,2
4231,152230050,2023-05-29,6.31,1.9892432737616872,185,242
4232,152230050,2023-05-31,6.22,1.9768549529047348,185,243
4233,152230050,2023-06-05,6.44,2.0068708488450007,185,244
4234,152230050,2023-07-05,2.66,1.297463147413275,185,245
4235,152230050,2023-08-29,1.18,0.7793248768009976,185,246
4236,152230050,2023-09-06,0.92,0.6523251860396903,185,247
4237,152230050,2023-09-16,0.72,0.5423242908253616,186,3
4238,152230050,2023-09-18,0.66,0.5068176023684519,185,248
4239,152230050,2023-09-21,0.62,0.4824261492442927,186,4
4240,152230050,2023-09-26,0.63,0.48858001481867097,185,249
4241,152230050,2023-09-28,0.71,0.5364933705145685,186,0
4242,149190150,2023-06-03,8.97,2.299580583973747,173,176
4243,149190150,2023-07-08,4.68,1.7369512327330598,173,175
4244,149190150,2023-07-18,24.9,3.254242968705492,173,178
4245,149190150,2023-08-12,1.64,0.9707789171582247,173,179
4246,149190150,2023-08-15,1.58,0.9477893989335261,173,177
4247,149190150,2023-08-22,2.86,1.3506671834767394,173,180
4248,149190150,2023-09-06,1.38,0.8671004876833832,173,168
4249,149190150,2023-09-09,1.07,0.7275486072772778,173,169
4250,149190150,2023-09-11,1.17,0.7747271675523681,173,170
4251,149190150,2023-09-16,3.16,1.425515074273172,173,171
4252,149190150,2023-09-21,1.75,1.0116009116784799,173,172
4253,149190150,2023-09-26,29.8,3.427514689979529,173,173
4254,149190150,2023-09-29,4.88,1.7715567619105355,173,174
4255,154200040,2023-05-07,1.59,0.9516578757114464,189,48
4256,154200040,2023-05-12,1.51,0.9202827531436926,189,47
4257,154200040,2023-06-06,2.32,1.199964782928397,189,46
4258,154200040,2023-06-11,1.47,0.9042181506398859,189,45
4259,152210020,2023-05-09,3.87,1.5830939370944985,182,106
4260,152210020,2023-06-01,3.17,1.4279160358107101,182,107
4261,152210020,2023-06-03,3.72,1.551808799597464,182,111
4262,152210020,2023-06-08,5.48,1.8687205103641835,182,110
4263,152210020,2023-07-16,2.32,1.199964782928397,182,105
4264,152210020,2023-08-12,0.87,0.6259384308664953,182,109
4265,152210020,2023-08-15,0.95,0.6678293725756554,182,108
4266,152210020,2023-09-06,0.69,0.5247285289349821,182,100
4267,152210020,2023-09-11,0.59,0.46373401623214017,182,101
4268,152210020,2023-09-16,0.56,0.44468582126144574,182,102
4269,152210020,2023-09-21,0.49,0.3987761199573678,182,103
4270,152210020,2023-09-29,0.69,0.5247285289349821,182,104
4271,151160100,2023-05-08,8.21,2.2202898502672155,162,156
4272,151160100,2023-05-28,9.01,2.303584593327129,162,155
4273,151160100,2023-05-30,8.28,2.2278615467981093,162,153
4274,151160100,2023-06-04,11.5,2.5257286443082556,162,152
4275,151160100,2023-07-09,5.77,1.9125010869241836,162,154
4276,151160100,2023-09-07,1.68,0.9858167945227653,162,146
4277,151160100,2023-09-10,1.58,0.9477893989335261,162,147
4278,151160100,2023-09-17,1.59,0.9516578757114464,162,148
4279,151160100,2023-09-27,1.59,0.9516578757114464,162,149
4280,151160100,2023-10-02,1.66,0.9783261227936076,162,150
4281,151160100,2023-10-30,7.8,2.174751721484161,162,151
4282,153220010,2023-05-09,139.0,4.941642422609304,182,209
4283,153220010,2023-06-01,140.0,4.948759890378168,182,206
4284,153220010,2023-06-03,140.0,4.948759890378168,182,205
4285,153220010,2023-06-06,140.0,4.948759890378168,182,207
4286,153220010,2023-06-08,140.0,4.948759890378168,182,208
4287,153220010,2023-06-11,138.0,4.9344739331306915,182,210
4288,153220010,2023-07-16,66.7,4.215086179918229,182,204
4289,153220010,2023-08-12,26.0,3.295836866004329,182,202
4290,153220010,2023-08-15,23.6,3.202746442938317,182,203
4291,153220010,2023-09-06,21.8,3.126760535960395,182,201
4292,153220010,2023-09-11,17.1,2.89591193827178,182,197
4293,153220010,2023-09-16,15.7,2.8154087194227095,182,198
4294,153220010,2023-09-21,14.3,2.72785282839839,182,199
4295,153220010,2023-09-26,15.7,2.8154087194227095,182,200
4296,150150050,2023-05-08,1.61,0.9593502213346021,163,238
4297,150150050,2023-05-28,3.52,1.5085119938441398,163,236
4298,150150050,2023-05-30,4.27,1.6620303625532709,163,233
4299,150150050,2023-06-04,3.55,1.515127232962859,163,234
4300,150150050,2023-07-09,1.57,0.9439058989071285,163,237
4301,150150050,2023-09-07,0.48,0.3920420877760237,163,228
4302,150150050,2023-09-10,0.48,0.3920420877760237,163,229
4303,150150050,2023-09-17,0.49,0.3987761199573678,163,230
4304,150150050,2023-09-27,0.57,0.4510756193602167,163,231
4305,150150050,2023-10-02,2.4,1.2237754316221157,163,232
4306,150150050,2023-10-30,3.78,1.5644405465033646,163,235
4307,154160100,2023-05-08,0.49,0.3987761199573678,169,224
4308,154160100,2023-05-10,0.45,0.37156355643248307,169,223
4309,154160100,2023-05-30,0.62,0.4824261492442927,169,219
4310,154160100,2023-06-02,0.55,0.4382549309311553,169,220
4311,154160100,2023-06-07,0.41,0.3435897043900769,169,221
4312,154160100,2023-06-12,0.39,0.3293037471426004,169,222
4313,154160100,2023-09-05,0.15,0.13976194237515868,169,225
4314,154160100,2023-09-10,0.13,0.12221763272424921,169,216
4315,154160100,2023-09-12,0.14,0.1310282624064041,169,217
4316,154160100,2023-09-15,0.13,0.12221763272424921,169,218
4317,150150060,2023-05-08,23.2,3.186352633162641,163,149
4318,150150060,2023-05-28,25.9,3.292126286607793,163,150
4319,150150060,2023-05-30,18.7,2.9806186357439426,163,146
4320,150150060,2023-06-04,22.8,3.169685580677429,163,148
4321,150150060,2023-07-09,19.3,3.0106208860477417,163,147
4322,150150060,2023-09-07,3.2,1.4350845252893227,163,140
4323,150150060,2023-09-10,3.2,1.4350845252893227,163,141
4324,150150060,2023-09-17,3.1,1.410986973710262,163,142
4325,150150060,2023-09-27,3.1,1.410986973710262,163,143
4326,150150060,2023-10-02,4.1,1.62924053973028,163,144
4327,150150060,2023-10-30,25.5,3.2771447329921766,163,145
4328,153160180,2023-05-08,20.3,3.0587070727153796,168,23
4329,153160180,2023-05-28,24.5,3.2386784521643803,168,16
4330,153160180,2023-05-30,23.7,3.2068032436339315,168,21
4331,153160180,2023-06-02,25.3,3.269568939183719,168,17
4332,153160180,2023-06-04,24.2,3.2268439945173775,168,24
4333,153160180,2023-06-12,22.5,3.157000421150113,168,18
4334,153160180,2023-07-07,18.2,2.9549102790337356,168,22
4335,153160180,2023-07-09,17.0,2.8903717578961645,168,19
4336,153160180,2023-09-10,11.3,2.509599262378372,168,11
4337,153160180,2023-09-12,11.6,2.533696813957432,168,12
4338,153160180,2023-09-15,10.2,2.4159137783010487,168,13
4339,153160180,2023-09-25,12.4,2.5952547069568657,168,14
4340,153160180,2023-09-27,10.7,2.4595888418037104,168,15
4341,153160180,2023-10-17,12.2,2.580216829592325,168,20
4342,150200080,2023-05-04,30.6,3.4531571205928664,176,80
4343,150200080,2023-05-27,25.0,3.258096538021482,176,79
4344,150200080,2023-06-01,24.2,3.2268439945173775,176,78
4345,150200080,2023-07-08,20.9,3.086486636822455,176,77
4346,150200080,2023-08-12,13.7,2.6878474937846906,176,75
4347,150200080,2023-08-15,14.9,2.766319109226186,176,74
4348,150200080,2023-08-22,12.6,2.6100697927420065,176,76
4349,150200080,2023-09-06,12.2,2.580216829592325,176,67
4350,150200080,2023-09-09,10.5,2.4423470353692043,176,73
4351,150200080,2023-09-11,9.64,2.3646204839134985,176,68
4352,150200080,2023-09-16,9.2,2.322387720290225,176,69
4353,150200080,2023-09-21,9.19,2.321406847234633,176,70
4354,150200080,2023-09-29,13.0,2.639057329615259,176,71
4355,150200080,2023-10-14,14.9,2.766319109226186,176,72
4356,153210190,2023-05-07,7.04,2.084429083190875,184,114
4357,153210190,2023-05-09,6.95,2.0731719286662407,184,113
4358,153210190,2023-06-01,8.73,2.2752138961979136,184,116
4359,153210190,2023-06-06,11.9,2.5572273113676265,184,112
4360,153210190,2023-06-11,14.5,2.740840023925201,184,115
4361,153210190,2023-07-16,11.3,2.509599262378372,184,110
4362,153210190,2023-08-12,4.76,1.7509374747077997,184,109
4363,153210190,2023-08-15,4.35,1.6770965609079151,184,111
4364,153210190,2023-09-16,6.3,1.9878743481543455,184,106
4365,153210190,2023-09-21,6.49,2.0135687975291283,184,107
4366,153210190,2023-09-26,6.7,2.0412203288596382,184,108
4367,151180020,2023-05-10,18.6,2.975529566236472,166,81
4368,151180020,2023-05-12,25.9,3.292126286607793,166,80
4369,151180020,2023-05-27,12.6,2.6100697927420065,166,74
4370,151180020,2023-06-01,10.8,2.468099531471619,166,75
4371,151180020,2023-06-04,11.1,2.4932054526026954,166,76
4372,151180020,2023-07-09,6.06,1.9544450515051506,166,77
4373,151180020,2023-08-15,2.92,1.366091653802371,166,79
4374,151180020,2023-08-23,3.02,1.3912819026309298,166,78
4375,151180020,2023-09-07,2.65,1.2947271675944,166,72
4376,151180020,2023-09-27,1.8,1.0296194171811583,166,73
4377,151180020,2023-09-29,2.3,1.1939224684724346,166,82
4378,150190190,2023-09-26,0.59,0.46373401623214017,172,158
4379,150190190,2023-09-29,0.39,0.3293037471426004,172,159
4380,152230040,2023-05-01,32.8,3.520460802488973,182,150
4381,152230040,2023-05-11,24.2,3.2268439945173775,182,149
4382,152230040,2023-05-21,24.7,3.246490991901174,182,148
4383,152230040,2023-05-26,24.6,3.242592351485517,182,147
4384,152230040,2023-05-31,24.0,3.2188758248682006,182,146
4385,152230040,2023-06-08,23.1,3.1822118404966093,182,140
4386,152230040,2023-07-05,15.0,2.772588722239781,182,141
4387,152230040,2023-07-10,13.2,2.653241964607215,182,142
4388,152230040,2023-09-16,3.68,1.5432981099295553,182,143
4389,152230040,2023-09-26,2.88,1.355835153635182,182,144
4390,152230040,2023-09-28,2.86,1.3506671834767394,182,145
4391,151180160,2023-05-10,14.4,2.7343675094195836,165,228
4392,151180160,2023-05-12,20.1,3.0492730404820207,165,226
4393,151180160,2023-05-27,7.77,2.1713368063840917,165,230
4394,151180160,2023-06-01,7.76,2.1701959049483,165,222
4395,151180160,2023-06-04,7.71,2.1644717908644115,165,221
4396,151180160,2023-06-11,7.1,2.0918640616783932,165,224
4397,151180160,2023-07-09,4.76,1.7509374747077997,165,227
4398,151180160,2023-08-15,2.53,1.2612978709452054,165,225
4399,151180160,2023-08-23,2.2,1.1631508098056809,165,223
4400,151180160,2023-09-07,2.48,1.247032293786383,165,229
4401,151180160,2023-09-27,2.65,1.2947271675944,165,219
4402,151180160,2023-09-29,4.06,1.6213664832993742,165,220
4403,151180140,2023-05-10,16.3,2.8507065015037334,165,198
4404,151180140,2023-05-12,18.3,2.9601050959108397,165,199
4405,151180140,2023-05-27,11.4,2.517696472610991,165,197
4406,151180140,2023-06-01,10.3,2.424802725718295,165,196
4407,151180140,2023-06-04,10.7,2.4595888418037104,165,192
4408,151180140,2023-06-11,12.7,2.617395832834079,165,195
4409,151180140,2023-07-04,8.32,2.2321626286975,165,194
4410,151180140,2023-07-09,7.8,2.174751721484161,165,191
4411,151180140,2023-08-15,4.76,1.7509374747077997,165,193
4412,151180140,2023-08-23,5.2,1.8245492920510458,165,190
4413,151180140,2023-09-27,4.05,1.6193882432872684,165,189
4414,150150190,2023-05-08,0.88,0.6312717768418579,164,8
4415,150150190,2023-05-28,1.21,0.7929925155296614,164,9
4416,150150190,2023-05-30,1.51,0.9202827531436926,164,4
4417,150150190,2023-06-04,1.25,0.8109302162163288,164,7
4418,150150190,2023-07-09,0.83,0.6043159668533296,164,6
4419,150150190,2023-09-07,0.2,0.18232155679395462,163,249
4420,150150190,2023-09-10,0.23,0.20701416938432615,164,1
4421,150150190,2023-09-17,0.23,0.20701416938432615,164,2
4422,150150190,2023-09-27,0.21,0.1906203596086497,164,0
4423,150150190,2023-10-02,0.63,0.48858001481867097,164,5
4424,150150190,2023-10-30,0.68,0.5187937934151676,164,3
4425,149180230,2023-07-11,0.41,0.3435897043900769,172,80
4426,149180230,2023-08-15,0.14,0.1310282624064041,172,79
4427,149180230,2023-08-22,0.4,0.33647223662121295,172,81
4428,149180230,2023-09-06,0.16,0.14842000511827327,172,75
4429,149180230,2023-09-09,0.14,0.1310282624064041,172,76
4430,149180230,2023-09-11,0.14,0.1310282624064041,172,77
4431,149180230,2023-09-29,0.29,0.2546422183735807,172,78
4432,154170130,2023-05-08,0.9,0.6418538861723948,170,125
4433,154170130,2023-05-10,0.87,0.6259384308664953,170,121
4434,154170130,2023-05-30,0.95,0.6678293725756554,170,122
4435,154170130,2023-06-07,0.81,0.5933268452777344,170,124
4436,154170130,2023-06-12,0.92,0.6523251860396903,170,123
4437,154170130,2023-09-05,0.61,0.4762341789963716,170,120
4438,154170130,2023-09-10,0.58,0.4574248470388754,170,118
4439,154170130,2023-09-12,0.61,0.4762341789963716,170,119
4440,149220140,2023-05-01,2.57,1.2725655957915476,178,57
4441,149220140,2023-05-21,2.04,1.1118575154181303,178,46
4442,149220140,2023-05-31,4.61,1.724550719534605,178,47
4443,149220140,2023-06-03,3.73,1.5539252025038417,178,48
4444,149220140,2023-08-14,1.32,0.8415671856782186,178,49
4445,149220140,2023-08-29,1.26,0.8153648132841945,178,50
4446,149220140,2023-09-06,1.14,0.76080582903376,178,51
4447,149220140,2023-09-08,0.74,0.5538851132264376,178,52
4448,149220140,2023-09-11,0.49,0.3987761199573678,178,53
4449,149220140,2023-09-26,0.94,0.6626879730752367,178,54
4450,149220140,2023-09-28,0.79,0.5822156198526637,178,55
4451,149220140,2023-10-18,0.44,0.36464311358790924,178,56
4452,150210100,2023-07-08,6.28,1.9851308622085946,176,178
4453,150210100,2023-08-12,3.07,1.4036429994545037,176,179
4454,150210100,2023-08-22,2.46,1.2412685890696329,176,180
4455,150210100,2023-08-27,2.63,1.2892326482767593,176,181
4456,150210100,2023-09-06,2.4,1.2237754316221157,176,177
4457,150210100,2023-09-11,2.23,1.172482137234565,176,174
4458,150210100,2023-09-16,3.32,1.463255402256019,176,175
4459,150210100,2023-09-21,2.78,1.3297240096314962,176,176
4460,152140130,2023-05-08,279.0,5.634789603169249,160,86
4461,152140130,2023-05-10,280.0,5.638354669333745,160,89
4462,152140130,2023-05-13,310.0,5.739792912179234,160,87
4463,152140130,2023-05-28,273.0,5.6131281063880705,160,88
4464,152140130,2023-05-30,270.0,5.602118820879701,160,84
4465,152140130,2023-06-04,274.0,5.616771097666572,160,85
4466,152140130,2023-08-23,105.0,4.663439094112067,160,82
4467,152140130,2023-09-07,107.0,4.68213122712422,160,83
4468,152140130,2023-09-10,104.0,4.653960350157523,160,78
4469,152140130,2023-09-27,77.8,4.366912996863833,160,79
4470,152140130,2023-11-01,157.0,5.062595033026967,160,80
4471,152140130,2023-11-04,167.0,5.123963979403259,160,81
4472,150200100,2023-05-27,119.0,4.787491742782046,171,82
4473,150200100,2023-06-01,109.0,4.700480365792417,171,81
4474,150200100,2023-07-08,122.0,4.812184355372417,171,79
4475,150200100,2023-07-16,81.1,4.407938016458383,171,78
4476,150200100,2023-08-12,54.7,4.019980146933238,171,77
4477,150200100,2023-08-15,50.2,3.9357395320454622,171,76
4478,150200100,2023-08-22,41.1,3.7400477406883357,171,80
4479,150200100,2023-09-06,45.2,3.832979798087693,171,74
4480,150200100,2023-09-09,40.4,3.7232808808312687,171,68
4481,150200100,2023-09-11,39.9,3.7111300630487563,171,69
4482,150200100,2023-09-16,43.6,3.7977338590260183,171,70
4483,150200100,2023-09-21,45.3,3.835141961092188,171,71
4484,150200100,2023-09-26,90.1,4.511957804265912,171,75
4485,150200100,2023-09-29,98.5,4.600157644164547,171,72
4486,150200100,2023-10-14,69.6,4.257030144499196,171,73
4487,150190150,2023-05-12,2.65,1.2947271675944,164,231
4488,150190150,2023-05-27,2.83,1.3428648031925547,164,232
4489,150190150,2023-06-01,2.22,1.169381359556317,164,230
4490,150190150,2023-08-15,1.38,0.8671004876833832,164,229
4491,150140010,2023-05-28,9.74,2.3739750890807185,164,111
4492,150140010,2023-05-30,9.16,2.318458442150336,164,112
4493,150140010,2023-06-04,9.74,2.3739750890807185,164,113
4494,150140010,2023-07-09,3.93,1.5953389880545987,164,114
4495,150140010,2023-08-11,1.86,1.0508216248317612,164,116
4496,150140010,2023-08-23,1.8,1.0296194171811583,164,115
4497,150140010,2023-09-07,1.6,0.9555114450274365,164,108
4498,150140010,2023-09-10,2.59,1.2781522025001875,164,109
4499,150140010,2023-09-17,1.77,1.0188473201992472,164,110
4500,149200010,2023-06-03,1.94,1.0784095813505903,175,183
4501,149200010,2023-07-08,1.27,0.8197798314933114,175,184
4502,149200010,2023-08-15,1.16,0.7701082216960736,175,189
4503,149200010,2023-09-06,1.2,0.7884573603642702,175,190
4504,149200010,2023-09-09,0.75,0.5596157879354227,175,191
4505,149200010,2023-09-11,0.72,0.5423242908253616,175,185
4506,149200010,2023-09-26,4.87,1.769854633840005,175,186
4507,149200010,2023-09-29,2.14,1.144222799920162,175,187
4508,149200010,2023-10-14,1.36,0.8586616190375187,175,188
4509,152230020,2023-05-01,9.36,2.337952236831337,185,218
4510,152230020,2023-05-11,9.34,2.336019869080283,185,217
4511,152230020,2023-05-21,7.29,2.115049969147204,185,215
4512,152230020,2023-05-24,6.55,2.0215475632609334,185,222
4513,152230020,2023-05-29,6.28,1.9851308622085946,185,220
4514,152230020,2023-05-31,6.2,1.9740810260220096,185,214
4515,152230020,2023-06-05,6.79,2.052840859882657,185,216
4516,152230020,2023-07-05,4.72,1.7439688053917064,185,219
4517,152230020,2023-08-19,3.62,1.5303947050936475,185,221
4518,152230020,2023-08-29,1.99,1.095273387402595,185,223
4519,152230020,2023-09-06,1.69,0.9895411936137477,185,209
4520,152230020,2023-09-16,1.46,0.9001613499442714,185,210
4521,152230020,2023-09-18,1.31,0.8372475245337022,185,211
4522,152230020,2023-09-21,1.53,0.9282193027394289,185,224
4523,152230020,2023-09-26,1.3,0.832909122935104,185,212
4524,152230020,2023-09-28,1.32,0.8415671856782186,185,213
4525,152180060,2023-05-10,1.11,0.7466879474879752,166,24
4526,152180060,2023-05-12,1.32,0.8415671856782186,166,23
4527,152180060,2023-05-27,0.62,0.4824261492442927,166,21
4528,152180060,2023-06-01,0.35,0.30010459245033805,166,26
4529,152180060,2023-06-04,0.8,0.5877866649021191,166,22
4530,152180060,2023-07-09,0.07,0.06765864847381481,166,19
4531,152180060,2023-08-15,0.032,0.03149866705937099,166,20
4532,152180060,2023-08-23,0.037,0.036331929247390274,166,25
4533,152180060,2023-09-07,0.019,0.01882175424058776,166,16
4534,152180060,2023-09-27,0.046,0.044973365642731154,166,17
4535,152180060,2023-09-29,0.045,0.04401688541677432,166,18
4536,154230010,2023-05-07,2.04,1.1118575154181303,189,148
4537,154230010,2023-05-12,2.1,1.1314021114911006,189,147
4538,154230010,2023-06-06,2.04,1.1118575154181303,189,145
4539,154230010,2023-06-11,1.97,1.0885619528146082,189,144
4540,154230010,2023-08-15,0.62,0.4824261492442927,189,146
4541,154230010,2023-09-11,0.61,0.4762341789963716,189,140
4542,154230010,2023-09-16,0.56,0.44468582126144574,189,141
4543,154230010,2023-09-21,0.5,0.4054651081081644,189,142
4544,154230010,2023-09-29,0.43,0.3576744442718159,189,143
4545,152160140,2023-05-10,115.0,4.7535901911063645,165,84
4546,152160140,2023-05-30,100.0,4.61512051684126,165,86
4547,152160140,2023-06-04,93.9,4.552823705615882,165,85
4548,152160140,2023-07-09,65.7,4.200204952921578,165,83
4549,152160140,2023-09-07,28.4,3.380994674344636,165,80
4550,152160140,2023-09-12,27.0,3.332204510175204,165,81
4551,152160140,2023-09-27,25.1,3.261935314328648,165,82
4552,154210020,2023-05-07,6.74,2.046401687601636,189,55
4553,154210020,2023-05-09,6.87,2.063058062429312,189,56
4554,154210020,2023-05-12,5.6,1.8870696490323797,189,57
4555,154210020,2023-06-06,11.0,2.4849066497880004,189,54
4556,154210020,2023-06-11,7.46,2.135349173618132,189,53
4557,154210020,2023-08-15,1.17,0.7747271675523681,189,52
4558,154210020,2023-09-04,0.93,0.6575200029167942,189,49
4559,154210020,2023-09-16,0.93,0.6575200029167942,189,50
4560,154210020,2023-09-21,0.59,0.46373401623214017,189,51
4561,153220080,2023-05-07,10.2,2.4159137783010487,184,61
4562,153220080,2023-05-09,10.4,2.4336133554004498,184,58
4563,153220080,2023-05-12,11.3,2.509599262378372,184,60
4564,153220080,2023-06-01,12.3,2.5877640352277083,184,55
4565,153220080,2023-06-06,12.4,2.5952547069568657,184,54
4566,153220080,2023-06-11,12.2,2.580216829592325,184,59
4567,153220080,2023-07-16,6.59,2.0268315914075385,184,56
4568,153220080,2023-08-12,2.53,1.2612978709452054,184,62
4569,153220080,2023-08-15,2.06,1.1184149159642893,184,57
4570,153220080,2023-09-11,1.42,0.8837675401685949,184,50
4571,153220080,2023-09-16,1.37,0.8628899551470399,184,51
4572,153220080,2023-09-21,0.97,0.6780335427498971,184,52
4573,153220080,2023-09-26,1.18,0.7793248768009976,184,53
4574,149200170,2023-05-27,15.6,2.8094026953624973,174,197
4575,149200170,2023-06-01,17.1,2.89591193827178,174,203
4576,149200170,2023-07-08,16.0,2.833213344056216,174,198
4577,149200170,2023-08-12,5.52,1.8748743759385615,174,202
4578,149200170,2023-08-15,6.51,2.0162354657760435,174,201
4579,149200170,2023-08-22,4.64,1.7298840655099674,174,199
4580,149200170,2023-09-06,4.89,1.7732559976634952,174,200
4581,149200170,2023-09-09,4.29,1.665818245870208,174,190
4582,149200170,2023-09-11,4.24,1.6563214983329508,174,191
4583,149200170,2023-09-16,4.98,1.7884205679625405,174,192
4584,149200170,2023-09-21,8.86,2.288486168614544,174,193
4585,149200170,2023-09-26,45.7,3.8437441646748516,174,194
4586,149200170,2023-09-29,27.5,3.349904087274605,174,195
4587,149200170,2023-10-14,9.23,2.325324579963535,174,196
4588,150170110,2023-05-27,0.63,0.48858001481867097,160,241
4589,150170110,2023-07-11,0.59,0.46373401623214017,160,239
4590,150170110,2023-08-15,0.45,0.37156355643248307,160,238
4591,150170110,2023-09-07,0.31,0.27002713721306015,160,240
4592,150170110,2023-09-09,0.31,0.27002713721306015,160,235
4593,150170110,2023-09-27,0.31,0.27002713721306015,160,236
4594,150170110,2023-09-29,0.3,0.26236426446749106,160,237
4595,154180260,2023-05-07,1.55,0.9360933591703348,188,179
4596,154180270,2023-05-07,3.54,1.5129270120532565,188,169
4597,154180260,2023-05-10,2.47,1.244154593958768,188,178
4598,154180270,2023-05-10,3.67,1.541159071680806,188,171
4599,154180260,2023-05-12,2.46,1.2412685890696329,188,177
4600,154180270,2023-05-12,2.17,1.1537315878891892,188,168
4601,154180260,2023-05-30,1.44,0.8919980393051105,188,180
4602,154180270,2023-05-30,4.65,1.7316555451583495,188,170
4603,154180260,2023-08-23,0.98,0.6830968447064438,188,181
4604,154180260,2023-09-02,0.7,0.5306282510621704,188,173
4605,154180270,2023-09-02,3.38,1.4770487243883548,188,164
4606,154180260,2023-09-07,1.29,0.8285518175661483,188,174
4607,154180270,2023-09-07,3.67,1.541159071680806,188,165
4608,154180260,2023-09-12,1.37,0.8628899551470399,188,175
4609,154180270,2023-09-12,3.24,1.4445632692438664,188,166
4610,154180260,2023-09-17,1.39,0.8712933659434192,188,176
4611,154180270,2023-09-17,3.56,1.5173226235262947,188,167
4612,154180260,2023-09-27,0.54,0.43178241642553783,188,182
4613,154180270,2023-09-27,3.44,1.4906543764441333,188,172
4614,152170040,2023-05-08,2.35,1.208960345836975,166,213
4615,152170040,2023-05-10,2.51,1.2556160374777745,166,215
4616,152170040,2023-05-28,3.23,1.4422019930581866,166,212
4617,152170040,2023-05-30,3.03,1.3937663759585917,166,209
4618,152170040,2023-06-02,3.09,1.4085449700547104,166,210
4619,152170040,2023-06-04,3.09,1.4085449700547104,166,211
4620,152170040,2023-06-12,2.96,1.3762440252663892,166,208
4621,152170040,2023-06-22,4.13,1.635105659182678,166,207
4622,152170040,2023-07-07,2.95,1.3737155789130306,166,206
4623,152170040,2023-07-09,2.95,1.3737155789130306,166,205
4624,152170040,2023-09-02,0.67,0.5128236264286637,166,214
4625,152170040,2023-09-07,0.59,0.46373401623214017,166,199
4626,152170040,2023-09-10,0.47,0.3852624007906449,166,200
4627,152170040,2023-09-12,0.41,0.3435897043900769,166,201
4628,152170040,2023-09-15,0.38,0.32208349916911333,166,202
4629,152170040,2023-09-27,0.22,0.1988508587451652,166,203
4630,152170040,2023-10-17,0.27,0.23901690047049992,166,204
4631,154210080,2023-05-07,1.32,0.8415671856782186,189,86
4632,154210080,2023-05-09,1.32,0.8415671856782186,189,87
4633,154210080,2023-05-12,1.3,0.832909122935104,189,85
4634,154210080,2023-06-06,4.64,1.7298840655099674,189,84
4635,154210080,2023-06-11,5.02,1.7950872593207297,189,82
4636,154210080,2023-08-15,1.13,0.7561219797213337,189,83
4637,154210080,2023-09-06,1.13,0.7561219797213337,189,88
4638,154210080,2023-09-11,1.08,0.7323678937132266,189,79
4639,154210080,2023-09-16,0.98,0.6830968447064438,189,80
4640,154210080,2023-09-21,1.1,0.7419373447293773,189,81
4641,153220140,2023-05-09,14.5,2.740840023925201,184,74
4642,153220140,2023-05-12,15.5,2.803360380906535,184,73
4643,153220140,2023-06-01,16.5,2.8622008809294686,184,70
4644,153220140,2023-06-08,16.4,2.856470206220483,184,72
4645,153220140,2023-06-11,15.9,2.827313621929028,184,71
4646,153220140,2023-07-16,8.2,2.2192034840549946,184,69
4647,153220140,2023-08-12,3.41,1.4838746894587547,184,75
4648,153220140,2023-08-15,2.94,1.3711807233098425,184,68
4649,153220140,2023-09-11,1.94,1.0784095813505903,184,63
4650,153220140,2023-09-16,2.02,1.1052568313867783,184,64
4651,153220140,2023-09-21,2.02,1.1052568313867783,184,65
4652,153220140,2023-09-26,1.84,1.0438040521731147,184,66
4653,153220140,2023-09-29,1.91,1.068153081183401,184,67
4654,150190120,2023-05-12,3.41,1.4838746894587547,172,172
4655,150190120,2023-05-27,2.36,1.2119409739751128,172,170
4656,150190120,2023-06-01,2.36,1.2119409739751128,172,173
4657,150190120,2023-08-15,1.24,0.8064758658669485,172,171
4658,150190120,2023-09-09,0.88,0.6312717768418579,172,167
4659,150190120,2023-09-11,0.87,0.6259384308664953,172,168
4660,150190120,2023-09-29,0.78,0.5766133643039938,172,169
4661,151190090,2023-05-04,21.5,3.1135153092103742,181,227
4662,151190090,2023-05-09,20.1,3.0492730404820207,181,226
4663,151190090,2023-06-03,19.0,2.995732273553991,181,223
4664,151190090,2023-08-12,9.42,2.343727036325221,181,225
4665,151190090,2023-08-15,8.97,2.299580583973747,181,224
4666,151190090,2023-09-06,8.42,2.2428350885882717,181,218
4667,151190090,2023-09-11,7.54,2.1447610078004784,181,219
4668,151190090,2023-09-16,7.53,2.143589361503588,181,220
4669,151190090,2023-09-21,7.11,2.093097868127322,181,221
4670,151190090,2023-09-29,10.3,2.424802725718295,181,222
4671,149220190,2023-05-01,102.0,4.634728988229636,177,195
4672,149220190,2023-05-11,99.2,4.607168188650764,177,201
4673,149220190,2023-05-21,83.1,4.432006566978902,177,202
4674,149220190,2023-05-31,143.0,4.969813299576001,177,200
4675,149220190,2023-06-05,162.0,5.093750200806762,177,199
4676,149220190,2023-07-08,42.6,3.775057150354989,177,196
4677,149220190,2023-08-14,68.2,4.237000862623624,177,198
4678,149220190,2023-08-29,67.2,4.222444564849416,177,197
4679,149220190,2023-09-06,24.8,3.250374491927572,177,194
4680,149220190,2023-09-11,16.5,2.8622008809294686,177,188
4681,149220190,2023-09-21,26.7,3.3214324131932926,177,189
4682,149220190,2023-09-26,28.0,3.367295829986474,177,193
4683,149220190,2023-09-28,47.9,3.8897773964808264,177,190
4684,149220190,2023-10-03,38.8,3.6838669122903918,177,191
4685,149220190,2023-10-18,34.2,3.5610460826040513,177,192
4686,151140030,2023-05-08,0.57,0.4510756193602167,164,198
4687,151140030,2023-05-28,1.14,0.76080582903376,164,197
4688,151140030,2023-05-30,0.75,0.5596157879354227,164,194
4689,151140030,2023-06-04,1.03,0.708035793053696,164,195
4690,151140030,2023-08-23,0.07,0.06765864847381481,164,196
4691,151140030,2023-09-07,0.06,0.058268908123975775,164,191
4692,151140030,2023-09-10,0.06,0.058268908123975775,164,192
4693,151140030,2023-09-27,0.06,0.058268908123975775,164,193
4694,151140030,2023-11-04,0.07,0.06765864847381481,164,199
4695,151140040,2023-05-08,19.9,3.039749158970765,164,140
4696,151140040,2023-05-10,31.4,3.4781584227982836,164,141
4697,151140040,2023-05-28,30.4,3.4468078929142076,164,139
4698,151140040,2023-05-30,25.4,3.2733640101522705,164,136
4699,151140040,2023-06-04,32.2,3.502549875922443,164,137
4700,151140040,2023-08-23,6.07,1.9558604799084813,164,138
4701,151140040,2023-09-07,5.75,1.9095425048844383,164,134
4702,151140040,2023-09-10,4.76,1.7509374747077997,164,135
4703,151140040,2023-11-01,13.8,2.6946271807700692,164,142
4704,149180220,2023-07-11,0.4,0.33647223662121295,172,113
4705,149180220,2023-08-15,0.29,0.2546422183735807,172,114
4706,149180220,2023-09-09,0.31,0.27002713721306015,172,111
4707,149180220,2023-09-29,0.37,0.31481073984003355,172,112
4708,153210170,2023-05-07,10.5,2.4423470353692043,184,125
4709,153210170,2023-05-09,10.4,2.4336133554004498,184,124
4710,153210170,2023-05-12,10.8,2.468099531471619,184,128
4711,153210170,2023-06-01,12.5,2.6026896854443837,184,127
4712,153210170,2023-06-06,15.6,2.8094026953624973,184,123
4713,153210170,2023-06-11,17.9,2.9391619220655967,184,122
4714,153210170,2023-07-16,14.4,2.7343675094195836,184,126
4715,153210170,2023-08-12,6.54,2.020222182019865,184,120
4716,153210170,2023-08-15,6.33,1.9919755158985601,184,121
4717,153210170,2023-09-11,6.63,2.0320878452963655,184,129
4718,153210170,2023-09-16,6.91,2.0681277817795625,184,117
4719,153210170,2023-09-21,7.34,2.1210632163706555,184,118
4720,153210170,2023-09-26,7.72,2.1656192379208883,184,119
4721,151220140,2023-05-01,2.81,1.3376291891386096,181,29
4722,151220140,2023-05-11,2.5,1.252762968495368,181,28
4723,151220140,2023-05-14,3.02,1.3912819026309298,181,27
4724,151220140,2023-05-21,2.67,1.3001916620664788,181,12
4725,151220140,2023-06-05,2.25,1.1786549963416462,181,13
4726,151220140,2023-08-14,0.59,0.46373401623214017,181,14
4727,151220140,2023-08-19,0.72,0.5423242908253616,181,15
4728,151220140,2023-08-29,0.65,0.5007752879124893,181,16
4729,151220140,2023-09-06,0.59,0.46373401623214017,181,17
4730,151220140,2023-09-11,0.51,0.412109650826833,181,18
4731,151220140,2023-09-16,0.48,0.3920420877760237,181,19
4732,151220140,2023-09-18,0.48,0.3920420877760237,181,20
4733,151220140,2023-09-21,0.45,0.37156355643248307,181,21
4734,151220140,2023-09-26,0.42,0.35065687161316933,181,22
4735,151220140,2023-09-28,0.45,0.37156355643248307,181,23
4736,151220140,2023-10-03,0.46,0.3784364357202451,181,24
4737,151220140,2023-11-02,0.42,0.35065687161316933,181,25
4738,151220140,2023-11-07,0.42,0.35065687161316933,181,26
4739,149210150,2023-05-01,2.75,1.3217558399823195,178,235
4740,149210150,2023-05-21,2.37,1.2149127443642704,178,229
4741,149210150,2023-05-31,4.72,1.7439688053917064,178,220
4742,149210150,2023-06-03,3.37,1.4747630091074988,178,221
4743,149210150,2023-07-08,0.59,0.46373401623214017,178,233
4744,149210150,2023-07-15,0.47,0.3852624007906449,178,230
4745,149210150,2023-08-14,1.27,0.8197798314933114,178,231
4746,149210150,2023-08-27,1.03,0.708035793053696,178,232
4747,149210150,2023-09-06,0.49,0.3987761199573678,178,234
4748,149210150,2023-09-11,0.4,0.33647223662121295,178,222
4749,149210150,2023-09-16,0.48,0.3920420877760237,178,223
4750,149210150,2023-09-21,0.35,0.30010459245033805,178,224
4751,149210150,2023-09-26,5.14,1.814824742159051,178,225
4752,149210150,2023-09-28,1.17,0.7747271675523681,178,226
4753,149210150,2023-10-03,0.9,0.6418538861723948,178,227
4754,149210150,2023-10-18,0.43,0.3576744442718159,178,228
4755,151210190,2023-08-12,285.0,5.655991810819852,171,162
4756,151210190,2023-09-06,298.0,5.700443573390686,171,159
4757,151210190,2023-09-11,225.0,5.420534999272286,171,160
4758,151210190,2023-09-16,226.0,5.424950017481403,171,161
4759,153150180,2023-05-08,1.83,1.0402767116551463,168,177
4760,153150180,2023-05-10,1.85,1.0473189942805592,168,176
4761,153150180,2023-05-28,1.95,1.0818051703517284,168,179
4762,153150180,2023-05-30,1.9,1.0647107369924282,168,174
4763,153150180,2023-06-02,2.05,1.11514159061932,168,175
4764,153150180,2023-06-04,1.95,1.0818051703517284,168,178
4765,153150180,2023-07-09,1.41,0.8796267475025636,168,173
4766,153150180,2023-09-07,1.01,0.6981347220709844,168,167
4767,153150180,2023-09-10,0.96,0.6729444732424258,168,168
4768,153150180,2023-09-12,0.93,0.6575200029167942,168,169
4769,153150180,2023-09-15,0.88,0.6312717768418579,168,170
4770,153150180,2023-09-27,0.96,0.6729444732424258,168,171
4771,153150180,2023-11-26,1.16,0.7701082216960736,168,172
4772,150210130,2023-08-12,14.9,2.766319109226186,176,249
4773,150210130,2023-08-22,12.9,2.631888840136646,177,0
4774,150210130,2023-08-27,26.6,3.3178157727231046,177,1
4775,150210130,2023-09-06,15.5,2.803360380906535,176,248
4776,150210130,2023-09-11,10.0,2.3978952727983707,176,245
4777,150210130,2023-09-16,10.0,2.3978952727983707,176,246
4778,150210130,2023-09-21,11.1,2.4932054526026954,176,247
4779,150180170,2023-08-15,0.42,0.35065687161316933,160,219
4780,150180170,2023-09-09,0.44,0.36464311358790924,160,217
4781,150180170,2023-09-29,0.43,0.3576744442718159,160,218
4782,152170080,2023-05-12,82.3,4.422448549172797,165,62
4783,152170080,2023-05-27,71.5,4.283586561860629,165,61
4784,152170080,2023-05-30,67.1,4.220977213155467,165,58
4785,152170080,2023-06-01,64.7,4.185098925490565,165,59
4786,152170080,2023-07-06,49.5,3.9219733362813143,165,63
4787,152170080,2023-07-09,45.4,3.8372994592322094,165,57
4788,152170080,2023-08-15,26.1,3.299533727885655,165,56
4789,152170080,2023-08-23,25.1,3.261935314328648,165,55
4790,152170080,2023-08-25,24.6,3.242592351485517,165,60
4791,152170080,2023-09-07,22.3,3.148453360571655,165,53
4792,152170080,2023-09-29,22.9,3.173878458937465,165,54
4793,149190340,2023-05-27,1.06,0.7227059828014898,174,133
4794,149190340,2023-06-01,1.55,0.9360933591703348,174,119
4795,149190340,2023-06-03,2.86,1.3506671834767394,174,120
4796,149190340,2023-07-08,0.55,0.4382549309311553,174,121
4797,149190340,2023-07-16,0.53,0.4252677354043441,174,132
4798,149190340,2023-08-12,0.47,0.3852624007906449,174,131
4799,149190340,2023-08-15,0.38,0.32208349916911333,174,130
4800,149190340,2023-09-06,0.34,0.29266961396282,174,122
4801,149190340,2023-09-09,0.31,0.27002713721306015,174,123
4802,149190340,2023-09-11,0.31,0.27002713721306015,174,124
4803,149190340,2023-09-16,0.37,0.31481073984003355,174,125
4804,149190340,2023-09-21,0.89,0.636576829071551,174,126
4805,149190340,2023-09-26,5.02,1.7950872593207297,174,127
4806,149190340,2023-09-29,1.69,0.9895411936137477,174,128
4807,149190340,2023-10-14,0.92,0.6523251860396903,174,129
4808,150180060,2023-06-04,41.9,3.758871825933971,160,20
4809,150180060,2023-07-04,53.2,3.9926809084456005,160,17
4810,150180060,2023-07-11,34.5,3.56953269648137,160,16
4811,150180060,2023-08-13,31.0,3.4657359027997265,160,19
4812,150180060,2023-08-15,27.5,3.349904087274605,160,18
4813,150180060,2023-08-18,25.3,3.269568939183719,160,21
4814,150180060,2023-09-07,16.4,2.856470206220483,160,22
4815,150180060,2023-09-09,15.1,2.7788192719904172,160,12
4816,150180060,2023-09-27,55.6,4.036008985209137,160,13
4817,150180060,2023-09-29,29.3,3.4111477125153233,160,14
4818,150180060,2023-11-01,55.0,4.02535169073515,160,15
4819,150170180,2023-07-11,1.68,0.9858167945227653,160,233
4820,150170180,2023-08-15,1.04,0.712949807856125,160,232
4821,150170180,2023-09-07,0.67,0.5128236264286637,160,234
4822,150170180,2023-09-09,0.66,0.5068176023684519,160,229
4823,150170180,2023-09-27,0.64,0.49469624183610705,160,230
4824,150170180,2023-09-29,0.6,0.4700036292457356,160,231
4825,153220240,2023-05-07,3.8,1.5686159179138452,183,210
4826,153220240,2023-05-09,3.8,1.5686159179138452,183,208
4827,153220240,2023-06-01,3.2,1.4350845252893227,183,206
4828,153220240,2023-06-06,3.2,1.4350845252893227,183,211
4829,153220240,2023-06-08,3.2,1.4350845252893227,183,212
4830,153220240,2023-06-11,2.9,1.3609765531356006,183,207
4831,153220240,2023-08-15,1.02,0.7030975114131134,183,209
4832,153220240,2023-09-11,1.01,0.6981347220709844,183,201
4833,153220240,2023-09-16,1.02,0.7030975114131134,183,205
4834,153220240,2023-09-21,1.13,0.7561219797213337,183,202
4835,153220240,2023-09-26,1.1,0.7419373447293773,183,203
4836,153220240,2023-09-29,1.1,0.7419373447293773,183,204
4837,150190080,2023-07-08,4.29,1.665818245870208,172,193
4838,150190080,2023-07-18,6.38,1.998773638612381,172,195
4839,150190080,2023-08-12,2.29,1.1908875647772805,172,196
4840,150190080,2023-08-15,2.23,1.172482137234565,172,194
4841,150190080,2023-08-22,2.04,1.1118575154181303,172,197
4842,150190080,2023-09-06,1.85,1.0473189942805592,172,187
4843,150190080,2023-09-09,1.6,0.9555114450274365,172,188
4844,150190080,2023-09-11,1.58,0.9477893989335261,172,189
4845,150190080,2023-09-16,1.55,0.9360933591703348,172,190
4846,150190080,2023-09-21,1.58,0.9477893989335261,172,191
4847,150190080,2023-09-26,2.94,1.3711807233098425,172,198
4848,150190080,2023-09-29,1.58,0.9477893989335261,172,192
4849,150210210,2023-05-01,289.0,5.66988092298052,178,33
4850,150210210,2023-05-04,219.0,5.393627546352361,178,34
4851,150210210,2023-05-09,184.0,5.220355825078325,178,29
4852,150210210,2023-05-11,199.0,5.298317366548036,178,32
4853,150210210,2023-06-03,269.0,5.598421958998375,178,35
4854,150210210,2023-07-05,116.0,4.762173934797756,178,31
4855,150210210,2023-07-15,95.2,4.566429357671661,178,36
4856,150210210,2023-08-12,71.4,4.282206299391671,178,28
4857,150210210,2023-08-14,87.5,4.483002552013883,178,30
4858,150210210,2023-08-19,144.0,4.976733742420574,178,37
4859,150210210,2023-09-01,116.0,4.762173934797756,178,26
4860,150210210,2023-09-06,87.5,4.483002552013883,178,19
4861,150210210,2023-09-11,53.0,3.9889840465642745,178,20
4862,150210210,2023-09-16,82.1,4.420044701861403,178,21
4863,150210210,2023-09-21,58.8,4.091005660956586,178,27
4864,150210210,2023-09-28,90.2,4.513054897080286,178,22
4865,150210210,2023-10-03,74.0,4.31748811353631,178,23
4866,150210210,2023-10-18,62.0,4.143134726391533,178,24
4867,150210210,2023-11-07,76.7,4.3528552573736015,178,25
4868,149190270,2023-05-27,3.05,1.3987168811184478,174,90
4869,149190270,2023-07-08,3.8,1.5686159179138452,174,84
4870,149190270,2023-07-16,2.29,1.1908875647772805,174,87
4871,149190270,2023-08-12,1.12,0.7514160886839212,174,85
4872,149190270,2023-08-15,1.03,0.708035793053696,174,88
4873,149190270,2023-08-22,0.85,0.6151856390902335,174,89
4874,149190270,2023-09-06,0.91,0.6471032420585385,174,86
4875,149190270,2023-09-09,0.75,0.5596157879354227,174,77
4876,149190270,2023-09-11,0.7,0.5306282510621704,174,78
4877,149190270,2023-09-16,0.59,0.46373401623214017,174,79
4878,149190270,2023-09-21,0.57,0.4510756193602167,174,80
4879,149190270,2023-09-26,7.23,2.1077860146889784,174,81
4880,149190270,2023-09-29,1.06,0.7227059828014898,174,82
4881,149190270,2023-10-14,0.91,0.6471032420585385,174,83
4882,151160250,2023-05-10,0.042,0.04114194333117518,163,79
4883,151160250,2023-05-28,0.046,0.044973365642731154,163,78
4884,151160250,2023-05-30,0.044,0.04305948946044697,163,75
4885,151160250,2023-06-04,0.043,0.04210117601863539,163,77
4886,151160250,2023-07-09,0.036,0.035367143837291316,163,73
4887,151160250,2023-08-18,0.017,0.0168571170664229,163,76
4888,151160250,2023-08-23,0.017,0.0168571170664229,163,74
4889,151160250,2023-09-07,0.016,0.01587334915629015,163,72
4890,151160250,2023-09-10,0.014,0.013902905168991422,163,71
4891,149190050,2023-05-27,7.89,2.1849270495258133,173,68
4892,149190050,2023-06-03,6.95,2.0731719286662407,173,66
4893,149190050,2023-07-08,5.3,1.840549633397487,173,65
4894,149190050,2023-07-11,3.61,1.5282278570085572,173,71
4895,149190050,2023-08-12,3.49,1.501852701754163,173,70
4896,149190050,2023-08-15,2.58,1.275362800412609,173,69
4897,149190050,2023-08-22,2.99,1.3837912309017721,173,67
4898,149190050,2023-09-06,1.43,0.8878912573524571,173,58
4899,149190050,2023-09-09,0.92,0.6523251860396903,173,59
4900,149190050,2023-09-11,1.06,0.7227059828014898,173,60
4901,149190050,2023-09-16,1.32,0.8415671856782186,173,61
4902,149190050,2023-09-26,23.5,3.1986731175506815,173,62
4903,149190050,2023-09-29,6.51,2.0162354657760435,173,63
4904,149190050,2023-10-14,2.86,1.3506671834767394,173,64
4905,153220200,2023-05-09,5.21,1.8261608959453874,184,22
4906,153220200,2023-06-08,4.19,1.6467336971777973,184,21
4907,153220200,2023-09-11,0.78,0.5766133643039938,184,20
4908,153220200,2023-09-16,0.72,0.5423242908253616,184,17
4909,153220200,2023-09-21,0.65,0.5007752879124893,184,18
4910,153220200,2023-09-26,0.4,0.33647223662121295,184,19
4911,153160270,2023-05-08,0.27,0.23901690047049992,168,70
4912,153160270,2023-05-10,0.27,0.23901690047049992,168,72
4913,153160270,2023-05-28,0.3,0.26236426446749106,168,71
4914,153160270,2023-05-30,0.3,0.26236426446749106,168,68
4915,153160270,2023-06-02,0.31,0.27002713721306015,168,69
4916,153160270,2023-07-07,0.22,0.1988508587451652,168,67
4917,153160270,2023-09-07,0.041,0.04018178963283183,168,62
4918,153160270,2023-09-10,0.038,0.037295784743696894,168,63
4919,153160270,2023-09-12,0.05,0.04879016416943201,168,64
4920,153160270,2023-09-15,0.09,0.08617769624105233,168,65
4921,153160270,2023-10-17,0.08,0.07696104113612832,168,66
4922,150210010,2023-05-04,1.55,0.9360933591703348,176,165
4923,150210010,2023-05-09,1.98,1.091923300517313,176,166
4924,150210010,2023-06-03,1.69,0.9895411936137477,176,164
4925,150210010,2023-07-16,0.93,0.6575200029167942,176,155
4926,150210010,2023-08-12,0.5,0.4054651081081644,176,156
4927,150210010,2023-08-15,0.59,0.46373401623214017,176,157
4928,150210010,2023-09-06,0.45,0.37156355643248307,176,158
4929,150210010,2023-09-11,0.39,0.3293037471426004,176,159
4930,150210010,2023-09-16,0.46,0.3784364357202451,176,160
4931,150210010,2023-09-21,0.44,0.36464311358790924,176,161
4932,150210010,2023-09-29,2.25,1.1786549963416462,176,162
4933,150210010,2023-10-14,0.55,0.4382549309311553,176,163
4934,153150050,2023-05-08,7.71,2.1644717908644115,169,65
4935,153150050,2023-05-28,9.56,2.3570732782781154,169,69
4936,153150050,2023-06-02,9.35,2.336986519711378,169,68
4937,153150050,2023-06-07,7.7,2.1633230256605382,169,66
4938,153150050,2023-06-12,7.05,2.085672091430472,169,67
4939,153150050,2023-07-07,5.64,1.8931119634883424,169,70
4940,153150050,2023-09-10,3.3,1.4586150226995167,169,63
4941,153150050,2023-09-15,3.21,1.43746264769429,169,64
4942,151140050,2023-05-28,7.14,2.096790180014449,164,181
4943,151140050,2023-05-30,4.83,1.763017000362401,164,179
4944,151140050,2023-06-04,5.86,1.925707441737794,164,180
4945,151140050,2023-07-09,1.31,0.8372475245337022,164,178
4946,151140050,2023-08-23,0.54,0.43178241642553783,164,177
4947,151140050,2023-09-07,0.5,0.4054651081081644,164,174
4948,151140050,2023-09-10,0.46,0.3784364357202451,164,175
4949,151140050,2023-09-17,0.42,0.35065687161316933,164,176
4950,153190120,2023-05-07,12.7,2.617395832834079,187,112
4951,153190120,2023-05-10,12.8,2.624668592163159,187,113
4952,153190120,2023-05-12,13.1,2.6461747973841225,187,110
4953,153190120,2023-05-27,13.6,2.681021528714291,187,108
4954,153190120,2023-05-30,13.1,2.6461747973841225,187,111
4955,153190120,2023-06-06,13.5,2.6741486494265287,187,115
4956,153190120,2023-06-11,13.5,2.6741486494265287,187,109
4957,153190120,2023-08-15,3.62,1.5303947050936475,187,114
4958,153190120,2023-08-23,2.86,1.3506671834767394,187,116
4959,153190120,2023-09-12,2.26,1.1817271953786161,187,106
4960,153190120,2023-09-17,2.14,1.144222799920162,187,107
4961,153190120,2023-10-17,2.11,1.1346227261911428,187,117
4962,151210060,2023-05-09,11.7,2.5416019934645457,181,173
4963,151210060,2023-05-12,20.5,3.068052935133617,181,174
4964,151210060,2023-06-01,9.37,2.3389170222414357,181,171
4965,151210060,2023-07-16,5.91,1.9329696377795786,181,172
4966,151210060,2023-08-12,3.8,1.5686159179138452,181,169
4967,151210060,2023-08-15,3.71,1.5496879080283263,181,170
4968,151210060,2023-09-06,2.58,1.275362800412609,181,165
4969,151210060,2023-09-11,2.3,1.1939224684724346,181,166
4970,151210060,2023-09-16,3.36,1.4724720573609429,181,167
4971,151210060,2023-09-29,4.2,1.6486586255873816,181,168
4972,151180170,2023-05-12,12.4,2.5952547069568657,165,188
4973,151180170,2023-05-27,6.98,2.0769384114617173,165,187
4974,151180170,2023-06-01,6.0,1.9459101490553132,165,186
4975,151180170,2023-06-11,8.49,2.2502386126218363,165,185
4976,151180170,2023-08-15,3.72,1.551808799597464,165,184
4977,151180170,2023-09-29,3.55,1.515127232962859,165,183
4978,153180150,2023-05-07,6.02,1.9487632180377197,188,84
4979,153180150,2023-05-27,6.53,2.018895041811802,188,85
4980,153180150,2023-05-30,6.16,1.9685099809725544,188,86
4981,153180150,2023-06-11,5.79,1.9154509415706047,188,88
4982,153180150,2023-08-15,0.73,0.5481214085096876,188,87
4983,153180150,2023-09-07,0.64,0.49469624183610705,188,80
4984,153180150,2023-09-12,0.85,0.6151856390902335,188,81
4985,153180150,2023-09-17,0.7,0.5306282510621704,188,82
4986,153180150,2023-10-17,0.65,0.5007752879124893,188,83
4987,149210010,2023-07-08,2.03,1.1085626195212777,177,14
4988,149210010,2023-09-06,1.88,1.0577902941478545,177,15
4989,149210010,2023-09-11,2.01,1.1019400787607843,177,10
4990,149210010,2023-09-16,2.01,1.1019400787607843,177,13
4991,149210010,2023-09-21,1.93,1.0750024230289759,177,11
4992,149210010,2023-09-26,2.09,1.128171090909654,177,12
4993,151230020,2023-05-01,1.38,0.8671004876833832,186,18
4994,151230020,2023-05-11,2.02,1.1052568313867783,186,15
4995,151230020,2023-05-24,1.15,0.7654678421395714,186,17
4996,151230020,2023-05-31,0.92,0.6523251860396903,186,12
4997,151230020,2023-06-05,0.87,0.6259384308664953,186,13
4998,151230020,2023-07-05,0.3,0.26236426446749106,186,11
4999,151230020,2023-08-19,0.13,0.12221763272424921,186,16
5000,151230020,2023-08-29,0.09,0.08617769624105233,186,14
5001,151230020,2023-09-06,0.06,0.058268908123975775,186,5
5002,151230020,2023-09-16,0.043,0.04210117601863539,186,6
5003,151230020,2023-09-18,0.041,0.04018178963283183,186,7
5004,151230020,2023-09-21,0.045,0.04401688541677432,186,8
5005,151230020,2023-09-26,0.037,0.036331929247390274,186,9
5006,151230020,2023-09-28,0.037,0.036331929247390274,186,10
5007,151230050,2023-05-01,4.41,1.6882490928583902,185,192
5008,151230050,2023-05-11,6.4,2.0014800002101243,185,190
5009,151230050,2023-05-14,8.95,2.2975725511705014,185,188
5010,151230050,2023-05-21,4.22,1.6524974018945473,185,189
5011,151230050,2023-05-31,5.65,1.8946168546677629,185,183
5012,151230050,2023-06-05,5.37,1.851599469584072,185,182
5013,151230050,2023-08-14,1.41,0.8796267475025636,185,184
5014,151230050,2023-08-19,2.94,1.3711807233098425,185,185
5015,151230050,2023-08-29,1.5,0.9162907318741551,185,186
5016,151230050,2023-09-06,0.93,0.6575200029167942,185,175
5017,151230050,2023-09-11,0.72,0.5423242908253616,185,176
5018,151230050,2023-09-18,0.48,0.3920420877760237,185,177
5019,151230050,2023-09-21,0.36,0.3074846997479606,185,187
5020,151230050,2023-09-26,0.41,0.3435897043900769,185,191
5021,151230050,2023-09-28,0.66,0.5068176023684519,185,178
5022,151230050,2023-10-03,0.54,0.43178241642553783,185,179
5023,151230050,2023-11-02,0.42,0.35065687161316933,185,180
5024,151230050,2023-11-07,0.39,0.3293037471426004,185,181
5025,150220020,2023-05-01,7.87,2.1826747963214883,179,189
5026,150220020,2023-05-04,6.23,1.9782390361706734,179,195
5027,150220020,2023-06-03,6.52,2.017566137961748,179,190
5028,150220020,2023-06-05,5.8,1.916922612182061,179,194
5029,150220020,2023-07-05,2.94,1.3711807233098425,179,191
5030,150220020,2023-07-15,2.29,1.1908875647772805,179,193
5031,150220020,2023-08-12,1.74,1.007957920399979,179,187
5032,150220020,2023-08-14,1.74,1.007957920399979,179,188
5033,150220020,2023-08-19,3.11,1.4134230285081433,179,192
5034,150220020,2023-09-06,1.41,0.8796267475025636,179,179
5035,150220020,2023-09-11,1.29,0.8285518175661483,179,180
5036,150220020,2023-09-16,1.45,0.8960880245566356,179,181
5037,150220020,2023-09-18,1.72,1.000631880307906,179,196
5038,150220020,2023-09-21,1.6,0.9555114450274365,179,182
5039,150220020,2023-09-28,3.38,1.4770487243883548,179,183
5040,150220020,2023-10-03,1.7,0.9932517730102834,179,184
5041,150220020,2023-10-18,1.35,0.8544153281560676,179,185
5042,150220020,2023-11-07,1.48,0.9082585601768908,179,186
5043,150180110,2023-07-11,1.73,1.0043016091968684,160,171
5044,150180110,2023-08-15,1.36,0.8586616190375187,160,168
5045,150180110,2023-09-09,1.12,0.7514160886839212,160,169
5046,150180110,2023-09-29,1.18,0.7793248768009976,160,170
5047,149190160,2023-07-08,1.5,0.9162907318741551,174,73
5048,149190160,2023-08-12,0.08,0.07696104113612832,174,75
5049,149190160,2023-08-15,0.07,0.06765864847381481,174,74
5050,149190160,2023-08-22,0.028,0.027615167032973367,174,76
5051,149190160,2023-09-06,0.08,0.07696104113612832,174,66
5052,149190160,2023-09-09,0.06,0.058268908123975775,174,67
5053,149190160,2023-09-11,0.06,0.058268908123975775,174,68
5054,149190160,2023-09-16,0.07,0.06765864847381481,174,69
5055,149190160,2023-09-21,0.049,0.04783732941416013,174,70
5056,149190160,2023-09-26,1.61,0.9593502213346021,174,71
5057,149190160,2023-09-29,0.1,0.09531017980432487,174,72
5058,150180140,2023-07-11,0.44,0.36464311358790924,160,175
5059,150180140,2023-08-15,0.37,0.31481073984003355,160,172
5060,150180140,2023-09-09,0.35,0.30010459245033805,160,173
5061,150180140,2023-09-29,0.38,0.32208349916911333,160,174
5062,150180280,2023-07-11,0.4,0.33647223662121295,160,164
5063,150180280,2023-08-15,0.28,0.2468600779315258,160,163
5064,150180280,2023-09-09,0.39,0.3293037471426004,160,161
5065,150180280,2023-09-29,0.37,0.31481073984003355,160,162
5066,150180130,2023-08-15,0.95,0.6678293725756554,160,167
5067,150180130,2023-09-09,0.85,0.6151856390902335,160,165
5068,150180130,2023-09-29,0.84,0.6097655716208943,160,166
5069,149220160,2023-05-01,3.4,1.4816045409242156,178,160
5070,149220160,2023-05-11,3.83,1.5748464676644813,178,158
5071,149220160,2023-05-21,1.79,1.0260415958332743,178,159
5072,149220160,2023-05-31,4.72,1.7439688053917064,178,163
5073,149220160,2023-08-14,2.35,1.208960345836975,178,151
5074,149220160,2023-08-29,1.07,0.7275486072772778,178,152
5075,149220160,2023-09-06,0.86,0.6205764877251099,178,153
5076,149220160,2023-09-11,0.52,0.41871033485818504,178,154
5077,149220160,2023-09-21,1.14,0.76080582903376,178,155
5078,149220160,2023-09-26,0.57,0.4510756193602167,178,161
5079,149220160,2023-09-28,0.6,0.4700036292457356,178,156
5080,149220160,2023-10-03,0.43,0.3576744442718159,178,157
5081,149220160,2023-10-18,0.44,0.36464311358790924,178,162
5082,152160120,2023-05-08,0.4,0.33647223662121295,166,243
5083,152160120,2023-05-28,0.5,0.4054651081081644,166,244
5084,152160120,2023-05-30,0.5,0.4054651081081644,166,237
5085,152160120,2023-06-02,0.74,0.5538851132264376,166,240
5086,152160120,2023-06-04,0.56,0.44468582126144574,166,238
5087,152160120,2023-06-12,0.58,0.4574248470388754,166,239
5088,152160120,2023-06-22,0.57,0.4510756193602167,166,241
5089,152160120,2023-07-07,0.31,0.27002713721306015,166,242
5090,152160120,2023-07-09,0.27,0.23901690047049992,166,246
5091,152160120,2023-09-02,0.1,0.09531017980432487,166,230
5092,152160120,2023-09-07,0.08,0.07696104113612832,166,231
5093,152160120,2023-09-10,0.08,0.07696104113612832,166,232
5094,152160120,2023-09-12,0.08,0.07696104113612832,166,233
5095,152160120,2023-09-15,0.06,0.058268908123975775,166,234
5096,152160120,2023-09-25,0.041,0.04018178963283183,166,245
5097,152160120,2023-09-27,0.037,0.036331929247390274,166,235
5098,152160120,2023-10-17,0.12,0.11332868530700317,166,236
5099,151160160,2023-05-30,0.98,0.6830968447064438,163,40
5100,151160160,2023-06-04,0.69,0.5247285289349821,163,38
5101,151160160,2023-07-09,0.39,0.3293037471426004,163,39
5102,151160160,2023-08-23,0.049,0.04783732941416013,163,41
5103,151160160,2023-09-07,0.026,0.02566774674857779,163,37
5104,153190060,2023-05-10,0.58,0.4574248470388754,187,207
5105,153190060,2023-05-12,0.81,0.5933268452777344,187,208
5106,153190060,2023-05-27,0.53,0.4252677354043441,187,206
5107,153190060,2023-05-30,0.62,0.4824261492442927,187,205
5108,153190060,2023-06-01,0.62,0.4824261492442927,187,210
5109,153190060,2023-06-11,0.67,0.5128236264286637,187,203
5110,153190060,2023-07-14,0.27,0.23901690047049992,187,209
5111,153190060,2023-08-15,0.08,0.07696104113612832,187,204
5112,153190060,2023-09-12,0.06,0.058268908123975775,187,201
5113,153190060,2023-10-17,0.09,0.08617769624105233,187,202
5114,150210040,2023-05-04,0.79,0.5822156198526637,180,20
5115,150210040,2023-05-09,1.09,0.7371640659767197,180,21
5116,150210040,2023-06-03,1.12,0.7514160886839212,180,10
5117,150210040,2023-07-08,0.49,0.3987761199573678,180,18
5118,150210040,2023-07-16,0.74,0.5538851132264376,180,19
5119,151160080,2023-05-08,3.19,1.4327007339340463,162,198
5120,151160080,2023-05-28,4.07,1.623340817603092,162,197
5121,151160080,2023-05-30,3.52,1.5085119938441398,162,199
5122,151160080,2023-06-04,6.17,1.969905654611529,162,196
5123,151160080,2023-07-09,2.43,1.2325602611778486,162,195
5124,151160080,2023-09-07,0.45,0.37156355643248307,162,190
5125,151160080,2023-09-10,0.31,0.27002713721306015,162,191
5126,151160080,2023-09-17,0.24,0.2151113796169455,162,192
5127,151160080,2023-09-27,0.2,0.18232155679395462,162,193
5128,151160080,2023-10-30,3.5,1.5040773967762742,162,194
5129,150220010,2023-05-01,30.2,3.4404180948154366,179,41
5130,150220010,2023-05-31,34.4,3.5667118201397288,179,44
5131,150220010,2023-06-05,23.6,3.202746442938317,179,38
5132,150220010,2023-07-08,9.87,2.386006701133118,179,40
5133,150220010,2023-08-12,7.55,2.145931282948669,179,45
5134,150220010,2023-08-14,7.48,2.1377104498038118,179,39
5135,150220010,2023-08-22,5.39,1.8547342683894434,179,43
5136,150220010,2023-09-06,7.86,2.1815467646169897,179,42
5137,150220010,2023-09-11,3.74,1.556037135706985,179,31
5138,150220010,2023-09-16,4.4,1.6863989535702286,179,32
5139,150220010,2023-09-21,4.89,1.7732559976634952,179,33
5140,150220010,2023-09-28,18.6,2.975529566236472,179,34
5141,150220010,2023-10-03,6.25,1.9810014688665833,179,35
5142,150220010,2023-10-18,3.4,1.4816045409242156,179,36
5143,150220010,2023-11-07,5.24,1.8309801823813363,179,37
5144,150220070,2023-05-01,218.0,5.389071729816501,177,238
5145,150220070,2023-05-21,140.0,4.948759890378168,177,243
5146,150220070,2023-05-31,337.0,5.823045895483019,177,241
5147,150220070,2023-06-05,239.0,5.480638923341991,177,245
5148,150220070,2023-07-08,90.0,4.51085950651685,177,237
5149,150220070,2023-08-12,68.5,4.241326752570746,177,244
5150,150220070,2023-08-14,90.0,4.51085950651685,177,239
5151,150220070,2023-08-22,80.5,4.400603020246817,177,240
5152,150220070,2023-08-27,104.0,4.653960350157523,177,242
5153,150220070,2023-08-29,102.0,4.634728988229636,177,246
5154,150220070,2023-09-06,61.0,4.127134385045092,177,236
5155,150220070,2023-09-11,39.7,3.7062280924485496,177,230
5156,150220070,2023-09-16,54.1,4.009149716158869,177,247
5157,150220070,2023-09-21,50.7,3.9454577815143836,177,231
5158,150220070,2023-09-28,93.0,4.543294782270004,177,232
5159,150220070,2023-10-03,57.9,4.075841090657541,177,233
5160,150220070,2023-10-18,49.5,3.9219733362813143,177,234
5161,150220070,2023-11-07,57.0,4.060443010546419,177,235
5162,151160020,2023-05-08,2.95,1.3737155789130306,162,135
5163,151160020,2023-05-28,2.85,1.3480731482996928,162,125
5164,151160020,2023-05-30,2.8,1.33500106673234,162,134
5165,151160020,2023-06-04,3.26,1.449269160281279,162,126
5166,151160020,2023-07-09,1.56,0.9400072584914712,162,127
5167,151160020,2023-09-07,0.56,0.44468582126144574,162,128
5168,151160020,2023-09-10,0.54,0.43178241642553783,162,129
5169,151160020,2023-09-17,0.53,0.4252677354043441,162,130
5170,151160020,2023-09-27,0.58,0.4574248470388754,162,131
5171,151160020,2023-10-02,0.59,0.46373401623214017,162,132
5172,151160020,2023-10-30,1.9,1.0647107369924282,162,133
5173,152170120,2023-05-12,0.69,0.5247285289349821,166,49
5174,152170120,2023-05-27,0.77,0.5709795465857378,166,51
5175,152170120,2023-05-30,0.57,0.4510756193602167,166,48
5176,152170120,2023-06-01,0.77,0.5709795465857378,166,46
5177,152170120,2023-06-04,0.6,0.4700036292457356,166,50
5178,152170120,2023-07-09,0.55,0.4382549309311553,166,42
5179,152170120,2023-08-15,0.12,0.11332868530700317,166,45
5180,152170120,2023-08-23,0.15,0.13976194237515868,166,43
5181,152170120,2023-08-25,0.18,0.16551443847757338,166,44
5182,152170120,2023-09-07,0.11,0.10436001532424277,166,41
5183,152170120,2023-09-29,0.14,0.1310282624064041,166,47
5184,153190140,2023-05-07,6.4,2.0014800002101243,187,102
5185,153190140,2023-05-10,6.4,2.0014800002101243,187,103
5186,153190140,2023-05-12,6.4,2.0014800002101243,187,101
5187,153190140,2023-05-27,6.4,2.0014800002101243,187,100
5188,153190140,2023-05-30,6.26,1.9823798288367047,187,104
5189,153190140,2023-06-11,7.2,2.1041341542702074,187,99
5190,153190140,2023-08-15,2.06,1.1184149159642893,187,98
5191,153190140,2023-08-23,1.8,1.0296194171811583,187,105
5192,153190140,2023-09-12,1.48,0.9082585601768908,187,95
5193,153190140,2023-09-17,1.47,0.9042181506398859,187,96
5194,153190140,2023-10-17,1.5,0.9162907318741551,187,97
5195,150210170,2023-05-04,389.0,5.966146739123692,171,131
5196,150210170,2023-06-03,382.0,5.948034989180646,171,133
5197,150210170,2023-08-12,227.0,5.429345628954441,171,132
5198,150210170,2023-09-06,172.0,5.153291594497779,171,127
5199,150210170,2023-09-11,146.0,4.990432586778736,171,128
5200,150210170,2023-09-16,189.0,5.247024072160486,171,129
5201,150210170,2023-09-21,171.0,5.147494476813453,171,130
5202,152200060,2023-05-12,2.6,1.2809338454620645,186,167
5203,152200060,2023-05-27,1.92,1.0715836162801904,186,162
5204,152200060,2023-06-01,1.78,1.0224509277025458,186,165
5205,152200060,2023-06-08,2.32,1.199964782928397,186,161
5206,152200060,2023-06-11,2.1,1.1314021114911006,186,163
5207,152200060,2023-08-12,0.22,0.1988508587451652,186,164
5208,152200060,2023-08-15,0.23,0.20701416938432615,186,166
5209,152200060,2023-09-06,0.13,0.12221763272424921,186,157
5210,152200060,2023-09-11,0.09,0.08617769624105233,186,158
5211,152200060,2023-09-16,0.08,0.07696104113612832,186,159
5212,152200060,2023-09-21,0.07,0.06765864847381481,186,160
5213,154180010,2023-05-10,0.68,0.5187937934151676,188,102
5214,154180010,2023-09-12,0.31,0.27002713721306015,188,100
5215,154180010,2023-09-17,0.33,0.2851789422336624,188,101
5216,154180010,2023-09-27,0.48,0.3920420877760237,188,103
5217,150220040,2023-05-01,1.91,1.068153081183401,179,133
5218,150220040,2023-05-31,2.05,1.11514159061932,179,128
5219,150220040,2023-06-05,1.39,0.8712933659434192,179,120
5220,150220040,2023-07-08,1.16,0.7701082216960736,179,129
5221,150220040,2023-08-12,0.49,0.3987761199573678,179,134
5222,150220040,2023-08-14,0.48,0.3920420877760237,179,131
5223,150220040,2023-08-27,0.49,0.3987761199573678,179,130
5224,150220040,2023-09-06,0.39,0.3293037471426004,179,132
5225,150220040,2023-09-11,0.34,0.29266961396282,179,121
5226,150220040,2023-09-16,0.62,0.4824261492442927,179,122
5227,150220040,2023-09-21,0.48,0.3920420877760237,179,123
5228,150220040,2023-09-28,0.91,0.6471032420585385,179,124
5229,150220040,2023-10-03,0.53,0.4252677354043441,179,125
5230,150220040,2023-10-18,0.45,0.37156355643248307,179,126
5231,150220040,2023-11-07,0.47,0.3852624007906449,179,127
5232,152140110,2023-05-08,1.39,0.8712933659434192,164,202
5233,152140110,2023-05-28,1.43,0.8878912573524571,164,203
5234,152140110,2023-09-10,0.74,0.5538851132264376,164,200
5235,152140110,2023-11-04,0.87,0.6259384308664953,164,201
5236,154210010,2023-05-07,21.4,3.109060958860994,189,42
5237,154210010,2023-05-09,20.3,3.0587070727153796,189,40
5238,154210010,2023-05-12,20.8,3.0819099697950434,189,41
5239,154210010,2023-06-06,26.7,3.3214324131932926,189,38
5240,154210010,2023-06-11,23.2,3.186352633162641,189,39
5241,154210010,2023-09-06,7.12,2.0943301541735866,189,43
5242,154210010,2023-09-11,7.02,2.081938421878423,189,44
5243,154210010,2023-09-16,7.11,2.093097868127322,189,36
5244,154210010,2023-09-21,6.93,2.0706530356467567,189,37
5245,154160040,2023-05-10,1.01,0.6981347220709844,169,171
5246,154160040,2023-05-30,1.13,0.7561219797213337,169,172
5247,154160040,2023-06-07,0.95,0.6678293725756554,169,174
5248,154160040,2023-06-12,1.01,0.6981347220709844,169,173
5249,154160040,2023-06-19,0.94,0.6626879730752367,169,175
5250,154160040,2023-09-10,0.53,0.4252677354043441,169,169
5251,154160040,2023-09-12,0.57,0.4510756193602167,169,170
5252,151220110,2023-05-01,10.5,2.4423470353692043,181,80
5253,151220110,2023-05-11,7.59,2.150598735996164,181,79
5254,151220110,2023-05-21,6.86,2.061786606441115,181,81
5255,151220110,2023-05-24,7.07,2.0881534822818573,181,78
5256,151220110,2023-05-29,7.7,2.1633230256605382,181,82
5257,151220110,2023-05-31,7.2,2.1041341542702074,181,75
5258,151220110,2023-06-05,7.09,2.0906287310704004,181,74
5259,151220110,2023-07-05,4.67,1.7351891177396608,181,76
5260,151220110,2023-08-19,3.26,1.449269160281279,181,77
5261,151220110,2023-08-29,2.49,1.2499017362143359,181,73
5262,151220110,2023-09-06,1.73,1.0043016091968684,181,67
5263,151220110,2023-09-16,1.14,0.76080582903376,181,68
5264,151220110,2023-09-18,1.06,0.7227059828014898,181,69
5265,151220110,2023-09-21,0.99,0.688134638736401,181,70
5266,151220110,2023-09-26,0.92,0.6523251860396903,181,71
5267,151220110,2023-09-28,1.37,0.8628899551470399,181,72
5268,149210160,2023-05-01,2.04,1.1118575154181303,179,0
5269,149210160,2023-05-21,2.16,1.1505720275988207,178,249
5270,149210160,2023-05-31,6.69,2.0399207835175526,179,2
5271,149210160,2023-06-03,5.16,1.8180767775454285,178,247
5272,149210160,2023-07-08,0.57,0.4510756193602167,178,245
5273,149210160,2023-07-15,0.54,0.43178241642553783,178,246
5274,149210160,2023-08-14,0.71,0.5364933705145685,178,244
5275,149210160,2023-08-27,3.28,1.4539530095937054,179,1
5276,149210160,2023-09-06,0.81,0.5933268452777344,178,243
5277,149210160,2023-09-08,0.46,0.3784364357202451,178,248
5278,149210160,2023-09-11,0.46,0.3784364357202451,178,236
5279,149210160,2023-09-16,2.49,1.2499017362143359,178,237
5280,149210160,2023-09-21,0.47,0.3852624007906449,178,238
5281,149210160,2023-09-26,0.47,0.3852624007906449,178,239
5282,149210160,2023-09-28,2.93,1.3686394258811698,178,240
5283,149210160,2023-10-03,1.03,0.708035793053696,178,241
5284,149210160,2023-10-18,0.45,0.37156355643248307,178,242
5285,150140020,2023-05-28,15.0,2.772588722239781,164,117
5286,150140020,2023-05-30,12.6,2.6100697927420065,164,122
5287,150140020,2023-06-04,16.8,2.8791984572980396,164,123
5288,150140020,2023-07-09,5.54,1.8779371654691073,164,118
5289,150140020,2023-08-23,3.51,1.5062971535145868,164,124
5290,150140020,2023-09-07,2.36,1.2119409739751128,164,119
5291,150140020,2023-09-10,3.16,1.425515074273172,164,120
5292,150140020,2023-09-17,2.34,1.205970806988609,164,121
5293,151180080,2023-05-10,52.1,3.9721769282478934,165,14
5294,151180080,2023-05-12,58.0,4.07753744390572,165,16
5295,151180080,2023-05-27,44.5,3.817712325956905,165,15
5296,151180080,2023-06-01,39.5,3.7013019741124933,165,12
5297,151180080,2023-06-04,40.9,3.735285826928092,165,11
5298,151180080,2023-07-04,32.0,3.4965075614664802,165,17
5299,151180080,2023-07-09,31.5,3.481240089335692,165,13
5300,151180080,2023-08-15,20.0,3.044522437723423,165,9
5301,151180080,2023-08-23,19.6,3.0252910757955354,165,10
5302,151180080,2023-09-07,18.8,2.9856819377004897,165,7
5303,151180080,2023-09-27,15.6,2.8094026953624973,165,8
5304,150200060,2023-05-27,101.0,4.624972813284271,171,67
5305,150200060,2023-06-01,89.4,4.504244267398131,171,66
5306,150200060,2023-07-08,98.1,4.596129441335942,171,63
5307,150200060,2023-07-16,62.5,4.151039905898646,171,61
5308,150200060,2023-08-12,50.2,3.9357395320454622,171,64
5309,150200060,2023-08-15,41.1,3.7400477406883357,171,62
5310,150200060,2023-08-22,34.8,3.5779478934066544,171,65
5311,150200060,2023-09-06,37.4,3.648057459593681,171,60
5312,150200060,2023-09-09,35.1,3.586292865338835,171,53
5313,150200060,2023-09-11,35.1,3.586292865338835,171,54
5314,150200060,2023-09-16,37.5,3.6506582412937387,171,55
5315,150200060,2023-09-21,36.3,3.6189933266497696,171,56
5316,150200060,2023-09-26,55.9,4.041295341132285,171,57
5317,150200060,2023-09-29,67.9,4.232656178019613,171,58
5318,150200060,2023-10-14,50.4,3.9396381724611196,171,59
5319,152190110,2023-05-10,1.19,0.7839015438284094,187,50
5320,152190110,2023-05-27,1.19,0.7839015438284094,187,46
5321,152190110,2023-06-01,1.33,0.8458682675776092,187,48
5322,152190110,2023-06-11,1.5,0.9162907318741551,187,47
5323,152190110,2023-07-14,0.49,0.3987761199573678,187,52
5324,152190110,2023-08-15,0.24,0.2151113796169455,187,51
5325,152190110,2023-09-02,0.2,0.18232155679395462,187,49
5326,152190110,2023-09-12,0.19,0.173953307123438,187,44
5327,152190110,2023-09-27,0.28,0.2468600779315258,187,45
5328,154170030,2023-05-08,2.49,1.2499017362143359,170,36
5329,154170030,2023-05-10,2.46,1.2412685890696329,170,35
5330,154170030,2023-05-30,2.59,1.2781522025001875,170,34
5331,154170030,2023-06-07,2.31,1.1969481893889715,170,28
5332,154170030,2023-06-12,2.16,1.1505720275988207,170,33
5333,154170030,2023-09-05,1.1,0.7419373447293773,170,29
5334,154170030,2023-09-10,1.06,0.7227059828014898,170,30
5335,154170030,2023-09-12,1.09,0.7371640659767197,170,31
5336,154170030,2023-09-15,1.09,0.7371640659767197,170,32
5337,149190220,2023-06-01,4.13,1.635105659182678,174,44
5338,149190220,2023-06-03,5.45,1.864080130807681,174,55
5339,149190220,2023-07-08,2.95,1.3737155789130306,174,45
5340,149190220,2023-08-12,1.53,0.9282193027394289,174,54
5341,149190220,2023-08-15,1.26,0.8153648132841945,174,46
5342,149190220,2023-08-22,1.17,0.7747271675523681,174,47
5343,149190220,2023-09-06,0.9,0.6418538861723948,174,48
5344,149190220,2023-09-09,0.76,0.5653138090500605,174,49
5345,149190220,2023-09-16,0.73,0.5481214085096876,174,50
5346,149190220,2023-09-26,7.18,2.1016921506146558,174,51
5347,149190220,2023-09-29,2.58,1.275362800412609,174,52
5348,149190220,2023-10-14,1.61,0.9593502213346021,174,53
5349,149180100,2023-07-11,3.08,1.4060969884160703,170,229
5350,149180100,2023-08-15,1.14,0.76080582903376,170,228
5351,149180100,2023-09-09,1.02,0.7030975114131134,170,226
5352,149180100,2023-09-29,3.34,1.4678743481123135,170,227
5353,150170140,2023-05-05,39.6,3.703768066607687,161,99
5354,150170140,2023-05-27,47.1,3.8732821771117156,161,97
5355,150170140,2023-06-04,37.9,3.6609942506244004,161,94
5356,150170140,2023-07-09,39.2,3.6938669956249752,161,96
5357,150170140,2023-08-15,23.5,3.1986731175506815,161,93
5358,150170140,2023-08-18,23.6,3.202746442938317,161,98
5359,150170140,2023-08-25,24.1,3.2228678461377385,161,95
5360,150170140,2023-09-07,25.1,3.261935314328648,161,91
5361,150170140,2023-09-27,14.7,2.7536607123542622,161,92
5362,152150110,2023-05-08,127.0,4.852030263919617,165,140
5363,152150110,2023-05-10,126.0,4.844187086458591,165,141
5364,152150110,2023-05-28,130.0,4.875197323201151,165,139
5365,152150110,2023-05-30,123.0,4.820281565605037,165,136
5366,152150110,2023-06-02,119.0,4.787491742782046,165,137
5367,152150110,2023-06-04,116.0,4.762173934797756,165,138
5368,152150110,2023-07-07,95.7,4.571613402459248,165,142
5369,152150110,2023-07-09,91.6,4.528289141652134,165,135
5370,152150110,2023-09-07,40.4,3.7232808808312687,165,129
5371,152150110,2023-09-10,38.4,3.673765816303888,165,130
5372,152150110,2023-09-12,37.9,3.6609942506244004,165,131
5373,152150110,2023-09-15,37.1,3.6402142821326553,165,134
5374,152150110,2023-09-27,35.2,3.5890591188317256,165,132
5375,152150110,2023-11-26,39.4,3.6988297849671046,165,133
5376,151160260,2023-05-08,0.3,0.26236426446749106,163,50
5377,151160260,2023-05-10,0.49,0.3987761199573678,163,49
5378,151160260,2023-05-28,0.22,0.1988508587451652,163,51
5379,151160260,2023-05-30,0.19,0.173953307123438,163,45
5380,151160260,2023-06-04,0.29,0.2546422183735807,163,47
5381,151160260,2023-07-09,0.16,0.14842000511827327,163,46
5382,151160260,2023-08-18,0.026,0.02566774674857779,163,48
5383,151160260,2023-08-23,0.025,0.0246926125903715,163,44
5384,151160260,2023-09-07,0.026,0.02566774674857779,163,42
5385,151160260,2023-09-10,0.023,0.02273948696948943,163,43
5386,150190250,2023-06-03,1.05,0.7178397931503169,173,33
5387,150190250,2023-07-08,0.93,0.6575200029167942,173,28
5388,150190250,2023-07-18,4.22,1.6524974018945473,173,32
5389,150190250,2023-08-12,1.05,0.7178397931503169,173,29
5390,150190250,2023-08-15,1.05,0.7178397931503169,173,31
5391,150190250,2023-08-22,1.05,0.7178397931503169,173,30
5392,150190250,2023-09-06,0.57,0.4510756193602167,173,21
5393,150190250,2023-09-09,0.57,0.4510756193602167,173,22
5394,150190250,2023-09-11,0.57,0.4510756193602167,173,23
5395,150190250,2023-09-16,0.57,0.4510756193602167,173,24
5396,150190250,2023-09-21,0.57,0.4510756193602167,173,25
5397,150190250,2023-09-26,1.35,0.8544153281560676,173,26
5398,150190250,2023-09-29,1.05,0.7178397931503169,173,27
5399,152180050,2023-05-10,70.5,4.269697449699962,165,48
5400,152180050,2023-05-12,73.0,4.304065093204169,165,49
5401,152180050,2023-05-27,61.4,4.133565275375382,165,51
5402,152180050,2023-06-01,55.6,4.036008985209137,165,52
5403,152180050,2023-06-04,56.8,4.056988775678332,165,50
5404,152180050,2023-07-09,41.0,3.7376696182833684,165,46
5405,152180050,2023-08-15,24.2,3.2268439945173775,165,45
5406,152180050,2023-08-23,23.7,3.2068032436339315,165,47
5407,152180050,2023-09-07,21.5,3.1135153092103742,165,42
5408,152180050,2023-09-27,22.1,3.139832617527748,165,43
5409,152180050,2023-09-29,23.4,3.1945831322991562,165,44
5410,150200090,2023-08-12,0.67,0.5128236264286637,176,123
5411,150200090,2023-08-15,0.98,0.6830968447064438,176,130
5412,150200090,2023-09-06,1.28,0.8241754429663495,176,124
5413,150200090,2023-09-11,0.72,0.5423242908253616,176,125
5414,150200090,2023-09-16,0.75,0.5596157879354227,176,126
5415,150200090,2023-09-21,0.79,0.5822156198526637,176,127
5416,150200090,2023-09-29,2.49,1.2499017362143359,176,128
5417,151200110,2023-05-09,6.93,2.0706530356467567,181,164
5418,151200110,2023-05-12,9.83,2.382320061012899,181,163
5419,151200110,2023-06-01,5.23,1.8293763327993617,181,162
5420,151200110,2023-06-03,5.9,1.9315214116032138,181,161
5421,151200110,2023-08-12,1.99,1.095273387402595,181,160
5422,151200110,2023-08-15,2.08,1.1249295969854831,181,159
5423,151200110,2023-09-06,1.27,0.8197798314933114,181,156
5424,151200110,2023-09-16,1.2,0.7884573603642702,181,157
5425,151200110,2023-09-21,1.21,0.7929925155296614,181,158
5426,152140050,2023-05-08,316.0,5.75890177387728,160,91
5427,152140050,2023-05-13,375.0,5.929589143389895,160,92
5428,152140050,2023-05-28,320.0,5.771441123130016,160,93
5429,152140050,2023-09-10,100.0,4.61512051684126,160,90
5430,154170010,2023-05-08,14.4,2.7343675094195836,170,16
5431,154170010,2023-05-10,14.3,2.72785282839839,170,8
5432,154170010,2023-05-30,15.7,2.8154087194227095,170,9
5433,154170010,2023-06-02,15.1,2.7788192719904172,170,10
5434,154170010,2023-06-07,14.0,2.70805020110221,170,11
5435,154170010,2023-06-12,13.0,2.639057329615259,170,17
5436,154170010,2023-09-05,7.92,2.188295946591918,170,12
5437,154170010,2023-09-10,6.94,2.0719132752590443,170,13
5438,154170010,2023-09-12,7.28,2.1138429683971682,170,14
5439,154170010,2023-09-15,7.09,2.0906287310704004,170,15
5440,154200030,2023-05-07,12.4,2.5952547069568657,189,35
5441,154200030,2023-05-12,12.6,2.6100697927420065,189,34
5442,154200030,2023-05-27,14.5,2.740840023925201,189,33
5443,154200030,2023-06-06,13.7,2.6878474937846906,189,30
5444,154200030,2023-06-11,13.1,2.6461747973841225,189,32
5445,154200030,2023-08-15,4.42,1.6900958154515549,189,31
5446,150190260,2023-07-08,68.0,4.23410650459726,171,32
5447,150190260,2023-07-18,219.0,5.393627546352361,171,35
5448,150190260,2023-08-12,33.3,3.535145354171894,171,34
5449,150190260,2023-08-15,28.7,3.391147045808654,171,33
5450,150190260,2023-08-22,31.2,3.4719664525503626,171,36
5451,150190260,2023-09-06,30.5,3.449987545831587,171,26
5452,150190260,2023-09-09,27.8,3.3603753871419,171,27
5453,150190260,2023-09-16,26.6,3.3178157727231046,171,28
5454,150190260,2023-09-21,31.7,3.4873750779032076,171,29
5455,150190260,2023-09-26,49.9,3.929862923556477,171,30
5456,150190260,2023-09-29,32.9,3.5234150143864045,171,31
5457,152150170,2023-05-08,4.96,1.7850704810772584,163,69
5458,152150170,2023-05-28,6.04,1.951608170169951,163,67
5459,152150170,2023-05-30,5.64,1.8931119634883424,163,64
5460,152150170,2023-06-04,6.94,2.0719132752590443,163,68
5461,152150170,2023-07-09,3.68,1.5432981099295553,163,63
5462,152150170,2023-08-18,0.66,0.5068176023684519,163,65
5463,152150170,2023-08-23,0.63,0.48858001481867097,163,66
5464,152150170,2023-09-07,1.13,0.7561219797213337,163,70
5465,152150170,2023-09-10,1.25,0.8109302162163288,163,62
5466,154170060,2023-05-08,7.37,2.124653884501384,170,89
5467,154170060,2023-05-10,7.32,2.1186622548331173,170,88
5468,154170060,2023-05-30,7.3,2.1162555148025524,170,81
5469,154170060,2023-06-07,7.12,2.0943301541735866,170,82
5470,154170060,2023-06-12,6.9,2.066862759472976,170,83
5471,154170060,2023-09-05,5.03,1.7967470107390942,170,84
5472,154170060,2023-09-10,4.86,1.7681496035889213,170,85
5473,154170060,2023-09-12,4.76,1.7509374747077997,170,86
5474,154170060,2023-09-15,4.83,1.763017000362401,170,87
5475,153170140,2023-05-10,29.1,3.40452517175483,187,245
5476,153170140,2023-05-12,32.1,3.4995332823830174,187,244
5477,153170140,2023-05-27,26.0,3.295836866004329,187,246
5478,153170140,2023-05-30,25.5,3.2771447329921766,187,242
5479,153170140,2023-06-04,26.5,3.3141860046725258,187,247
5480,153170140,2023-08-15,14.6,2.747270914255491,187,243
5481,153170140,2023-09-02,15.3,2.791165107812717,187,248
5482,153170140,2023-09-12,12.2,2.580216829592325,187,239
5483,153170140,2023-09-27,12.4,2.5952547069568657,187,240
5484,153170140,2023-10-17,13.7,2.6878474937846906,187,241
5485,151220100,2023-05-01,6.32,1.9906103279732201,181,63
5486,151220100,2023-05-11,8.78,2.280339484046726,181,64
5487,151220100,2023-05-21,6.3,1.9878743481543455,181,65
5488,151220100,2023-08-14,5.69,1.900613874140137,181,62
5489,151220100,2023-08-19,7.22,2.1065702090680887,181,60
5490,151220100,2023-08-29,5.5,1.8718021769015913,181,66
5491,151220100,2023-09-06,4.83,1.763017000362401,181,52
5492,151220100,2023-09-11,5.22,1.827769906751088,181,53
5493,151220100,2023-09-16,4.73,1.7457155307266483,181,61
5494,151220100,2023-09-18,5.53,1.8764069432883397,181,54
5495,151220100,2023-09-21,4.9,1.7749523509116738,181,55
5496,151220100,2023-09-26,6.13,1.9643112344262046,181,56
5497,151220100,2023-09-28,8.95,2.2975725511705014,181,57
5498,151220100,2023-10-03,5.63,1.891604804197771,181,58
5499,151220100,2023-11-07,4.66,1.7334238922150915,181,59
5500,153230080,2023-05-01,1.21,0.7929925155296614,183,123
5501,153230080,2023-05-11,1.16,0.7701082216960736,183,122
5502,153230080,2023-05-21,1.08,0.7323678937132266,183,121
5503,153230080,2023-05-26,1.26,0.8153648132841945,183,124
5504,153230080,2023-06-08,1.07,0.7275486072772778,183,120
5505,153230080,2023-07-05,0.74,0.5538851132264376,183,119
5506,153230080,2023-09-11,0.33,0.2851789422336624,183,125
5507,153230080,2023-09-16,0.33,0.2851789422336624,183,116
5508,153230080,2023-09-21,0.37,0.31481073984003355,183,117
5509,153230080,2023-09-28,0.39,0.3293037471426004,183,118
5510,153230140,2023-05-01,3.08,1.4060969884160703,183,113
5511,153230140,2023-05-11,2.71,1.3110318766193438,183,114
5512,153230140,2023-05-21,2.59,1.2781522025001875,183,112
5513,153230140,2023-05-26,3.23,1.4422019930581866,183,111
5514,153230140,2023-06-05,2.9,1.3609765531356006,183,115
5515,153230140,2023-06-08,2.5,1.252762968495368,183,110
5516,153230140,2023-07-05,1.69,0.9895411936137477,183,105
5517,153230140,2023-09-11,0.79,0.5822156198526637,183,109
5518,153230140,2023-09-16,0.82,0.598836501088704,183,106
5519,153230140,2023-09-21,0.84,0.6097655716208943,183,107
5520,153230140,2023-09-28,0.94,0.6626879730752367,183,108
5521,154170120,2023-05-08,2.33,1.2029723039923526,169,247
5522,154170120,2023-05-10,2.26,1.1817271953786161,169,246
5523,154170120,2023-05-30,2.36,1.2119409739751128,169,248
5524,154170120,2023-06-12,2.18,1.1568811967920856,169,245
5525,154170120,2023-09-05,1.4,0.8754687373538999,169,241
5526,154170120,2023-09-10,1.32,0.8415671856782186,169,242
5527,154170120,2023-09-12,1.35,0.8544153281560676,169,243
5528,154170120,2023-09-15,1.4,0.8754687373538999,169,244
5529,151200020,2023-05-09,36.4,3.6216707044204863,181,246
5530,151200020,2023-05-12,58.4,4.084294226368599,181,247
5531,151200020,2023-06-01,31.8,3.4904285153900982,181,244
5532,151200020,2023-06-03,31.8,3.4904285153900982,181,243
5533,151200020,2023-06-08,35.2,3.5890591188317256,181,245
5534,151200020,2023-08-15,13.5,2.6741486494265287,181,242
5535,151200020,2023-09-06,13.2,2.653241964607215,181,238
5536,151200020,2023-09-11,13.2,2.653241964607215,181,239
5537,151200020,2023-09-16,13.5,2.6741486494265287,181,240
5538,151200020,2023-09-21,13.8,2.6946271807700692,181,241
5539,153210050,2023-05-07,2.36,1.2119409739751128,184,149
5540,153210050,2023-05-09,2.36,1.2119409739751128,184,148
5541,153210050,2023-06-01,2.52,1.2584609896100059,184,146
5542,153210050,2023-06-11,2.36,1.2119409739751128,184,145
5543,153210050,2023-07-16,1.52,0.924258901523332,184,147
5544,153210050,2023-08-12,1.28,0.8241754429663495,184,143
5545,153210050,2023-08-15,1.28,0.8241754429663495,184,144
5546,153210050,2023-09-16,1.0,0.6931471805599453,184,140
5547,153210050,2023-09-21,1.01,0.6981347220709844,184,141
5548,153210050,2023-09-26,0.97,0.6780335427498971,184,142
5549,149200140,2023-07-08,32.3,3.505557396986398,175,82
5550,149200140,2023-08-15,32.1,3.4995332823830174,175,83
5551,149200140,2023-09-06,26.4,3.3105430133940246,175,84
5552,149200140,2023-09-11,21.5,3.1135153092103742,175,78
5553,149200140,2023-09-26,24.6,3.242592351485517,175,79
5554,149200140,2023-09-29,25.7,3.2846635654062037,175,80
5555,149200140,2023-10-14,32.5,3.5115454388310208,175,81
5556,150180100,2023-05-27,6.49,2.0135687975291283,161,13
5557,150180100,2023-06-04,9.69,2.3693087250369538,161,18
5558,150180100,2023-07-04,4.72,1.7439688053917064,161,14
5559,150180100,2023-08-15,3.02,1.3912819026309298,161,17
5560,150180100,2023-09-07,2.51,1.2556160374777745,161,15
5561,150180100,2023-09-27,3.12,1.415853163361435,161,16
5562,153160030,2023-05-08,0.26,0.23111172096338664,168,126
5563,153160030,2023-05-10,0.28,0.2468600779315258,168,127
5564,153160030,2023-05-28,0.34,0.29266961396282,168,129
5565,153160030,2023-05-30,0.33,0.2851789422336624,168,123
5566,153160030,2023-06-02,0.32,0.2776317365982795,168,125
5567,153160030,2023-06-07,0.29,0.2546422183735807,168,128
5568,153160030,2023-06-12,0.26,0.23111172096338664,168,124
5569,153160030,2023-07-07,0.19,0.173953307123438,168,122
5570,153160030,2023-09-07,0.035,0.0344014267173324,168,117
5571,153160030,2023-09-10,0.028,0.027615167032973367,168,121
5572,153160030,2023-09-12,0.023,0.02273948696948943,168,118
5573,153160030,2023-09-15,0.017,0.0168571170664229,168,119
5574,153160030,2023-10-17,0.027,0.02664193094642118,168,120
5575,153150010,2023-05-08,7.84,2.179286876649552,169,11
5576,153150010,2023-05-28,11.5,2.5257286443082556,169,8
5577,153150010,2023-06-02,15.1,2.7788192719904172,169,10
5578,153150010,2023-06-07,12.3,2.5877640352277083,169,9
5579,153150010,2023-07-07,4.99,1.790091412127358,169,12
5580,153150010,2023-09-10,1.71,0.9969486348916095,169,6
5581,153150010,2023-09-15,1.74,1.007957920399979,169,7
5582,154160070,2023-05-08,12.8,2.624668592163159,169,204
5583,154160070,2023-05-10,12.3,2.5877640352277083,169,203
5584,154160070,2023-05-18,13.7,2.6878474937846906,169,196
5585,154160070,2023-05-30,15.4,2.797281334830153,169,197
5586,154160070,2023-06-02,15.4,2.797281334830153,169,205
5587,154160070,2023-06-07,12.6,2.6100697927420065,169,198
5588,154160070,2023-06-12,12.2,2.580216829592325,169,199
5589,154160070,2023-09-05,7.84,2.179286876649552,169,206
5590,154160070,2023-09-10,7.07,2.0881534822818573,169,200
5591,154160070,2023-09-12,7.1,2.0918640616783932,169,201
5592,154160070,2023-09-15,7.31,2.1174596088673567,169,202
5593,149200220,2023-06-03,44.7,3.822098297900159,175,244
5594,149200220,2023-07-08,26.2,3.3032169733019514,175,242
5595,149200220,2023-09-06,15.1,2.7788192719904172,175,243
5596,149200220,2023-09-11,11.1,2.4932054526026954,175,240
5597,149200220,2023-09-26,18.3,2.9601050959108397,175,241
5598,150210060,2023-05-04,3.7,1.547562508716013,176,173
5599,150210060,2023-06-03,2.88,1.355835153635182,176,171
5600,150210060,2023-08-12,1.51,0.9202827531436926,176,172
5601,150210060,2023-09-06,1.54,0.9321640810304452,176,167
5602,150210060,2023-09-11,1.55,0.9360933591703348,176,168
5603,150210060,2023-09-16,1.66,0.9783261227936076,176,169
5604,150210060,2023-09-21,1.55,0.9360933591703348,176,170
5605,154179991,2023-05-10,0.22,0.1988508587451652,188,139
5606,154179991,2023-09-12,0.18,0.16551443847757338,188,138
5607,153160080,2023-05-08,0.38,0.32208349916911333,169,101
5608,153160080,2023-05-10,0.38,0.32208349916911333,169,99
5609,153160080,2023-05-28,0.54,0.43178241642553783,169,98
5610,153160080,2023-05-30,0.48,0.3920420877760237,169,103
5611,153160080,2023-06-02,0.5,0.4054651081081644,169,102
5612,153160080,2023-06-07,0.4,0.33647223662121295,169,104
5613,153160080,2023-06-12,0.37,0.31481073984003355,169,100
5614,153160080,2023-09-10,0.15,0.13976194237515868,169,95
5615,153160080,2023-09-12,0.15,0.13976194237515868,169,96
5616,153160080,2023-09-15,0.16,0.14842000511827327,169,97
5617,152200080,2023-05-12,1.67,0.9820784724121581,186,178
5618,152200080,2023-05-27,1.28,0.8241754429663495,186,177
5619,152200080,2023-06-01,1.36,0.8586616190375187,186,176
5620,152200080,2023-06-08,1.67,0.9820784724121581,186,173
5621,152200080,2023-06-11,1.56,0.9400072584914712,186,174
5622,152200080,2023-08-12,0.18,0.16551443847757338,186,172
5623,152200080,2023-08-15,0.21,0.1906203596086497,186,175
5624,152200080,2023-09-06,0.2,0.18232155679395462,186,168
5625,152200080,2023-09-11,0.12,0.11332868530700317,186,169
5626,152200080,2023-09-16,0.09,0.08617769624105233,186,170
5627,152200080,2023-09-21,0.1,0.09531017980432487,186,171
5628,149200130,2023-05-27,3.02,1.3912819026309298,175,8
5629,149200130,2023-06-01,3.03,1.3937663759585917,175,5
5630,149200130,2023-07-08,2.15,1.1474024528375417,175,3
5631,149200130,2023-07-16,1.68,0.9858167945227653,175,7
5632,149200130,2023-08-12,0.94,0.6626879730752367,175,6
5633,149200130,2023-08-15,1.19,0.7839015438284094,175,4
5634,149200130,2023-09-06,0.77,0.5709795465857378,175,2
5635,149200130,2023-09-09,0.5,0.4054651081081644,174,245
5636,149200130,2023-09-11,0.44,0.36464311358790924,174,246
5637,149200130,2023-09-16,0.73,0.5481214085096876,174,247
5638,149200130,2023-09-21,1.0,0.6931471805599453,174,248
5639,149200130,2023-09-26,14.1,2.714694743820879,174,249
5640,149200130,2023-09-29,2.74,1.3190856114264407,175,0
5641,149200130,2023-10-14,1.58,0.9477893989335261,175,1
5642,153220130,2023-05-09,68.2,4.237000862623624,182,182
5643,153220130,2023-05-14,69.8,4.259859000699674,182,181
5644,153220130,2023-06-03,65.6,4.198704577546343,182,184
5645,153220130,2023-06-08,62.6,4.152613470346076,182,180
5646,153220130,2023-08-12,10.3,2.424802725718295,182,183
5647,153220130,2023-09-06,10.8,2.468099531471619,182,176
5648,153220130,2023-09-11,9.14,2.316487998163037,182,177
5649,153220130,2023-09-16,8.28,2.2278615467981093,182,178
5650,153220130,2023-09-26,9.3,2.33214389523559,182,179
5651,149190310,2023-05-27,11.1,2.4932054526026954,174,174
5652,149190310,2023-06-01,14.4,2.7343675094195836,174,170
5653,149190310,2023-07-08,6.86,2.061786606441115,174,168
5654,149190310,2023-07-16,5.05,1.80005827204275,174,172
5655,149190310,2023-08-12,5.13,1.81319474994812,174,173
5656,149190310,2023-08-15,3.75,1.55814461804655,174,171
5657,149190310,2023-09-06,3.99,1.6074359097634274,174,169
5658,149190310,2023-09-09,3.39,1.47932922708708,174,161
5659,149190310,2023-09-11,3.25,1.4469189829363254,174,167
5660,149190310,2023-09-16,3.25,1.4469189829363254,174,162
5661,149190310,2023-09-21,5.76,1.9110228900548727,174,163
5662,149190310,2023-09-26,26.6,3.3178157727231046,174,164
5663,149190310,2023-09-29,15.6,2.8094026953624973,174,165
5664,149190310,2023-10-14,5.28,1.8373699804801074,174,166
5665,152210050,2023-05-12,1.18,0.7793248768009976,186,112
5666,152210050,2023-06-01,0.72,0.5423242908253616,186,110
5667,152210050,2023-06-03,0.79,0.5822156198526637,186,113
5668,152210050,2023-06-08,1.14,0.76080582903376,186,108
5669,152210050,2023-08-12,0.06,0.058268908123975775,186,109
5670,152210050,2023-08-15,0.07,0.06765864847381481,186,111
5671,152210050,2023-09-06,0.05,0.04879016416943201,186,104
5672,152210050,2023-09-11,0.036,0.035367143837291316,186,105
5673,152210050,2023-09-16,0.049,0.04783732941416013,186,106
5674,150240010,2023-05-01,63.8,4.1713056033582285,185,56
5675,150240010,2023-05-21,62.4,4.14946386144318,185,55
5676,150240010,2023-05-31,65.9,4.203198967134183,185,54
5677,150240010,2023-06-05,72.5,4.297285406218791,185,52
5678,150240010,2023-08-19,31.1,3.4688560301359703,185,53
5679,150240010,2023-08-29,45.2,3.832979798087693,185,51
5680,150240010,2023-09-18,30.9,3.462606009790799,185,48
5681,150240010,2023-09-28,21.6,3.1179499062782403,185,49
5682,150240010,2023-11-02,13.6,2.681021528714291,185,50
5683,149220180,2023-05-01,3.04,1.3962446919730587,178,45
5684,149220180,2023-06-03,8.22,2.2213750375685026,178,40
5685,149220180,2023-08-14,3.83,1.5748464676644813,178,41
5686,149220180,2023-08-29,1.72,1.000631880307906,178,44
5687,149220180,2023-09-06,2.14,1.144222799920162,178,42
5688,149220180,2023-09-08,1.05,0.7178397931503169,178,43
5689,149220180,2023-09-26,1.43,0.8878912573524571,178,38
5690,149220180,2023-10-18,1.06,0.7227059828014898,178,39
5691,149190210,2023-06-03,16.4,2.856470206220483,174,7
5692,149190200,2023-07-08,2.33,1.2029723039923526,174,63
5693,149190210,2023-07-08,6.88,2.064327903869788,174,2
5694,149190210,2023-07-18,21.4,3.109060958860994,174,6
5695,149190200,2023-08-12,0.6,0.4700036292457356,174,65
5696,149190210,2023-08-12,2.95,1.3737155789130306,174,4
5697,149190200,2023-08-15,0.28,0.2468600779315258,174,64
5698,149190210,2023-08-15,2.44,1.235471471385307,174,3
5699,149190200,2023-09-06,0.37,0.31481073984003355,174,56
5700,149190210,2023-09-06,2.11,1.1346227261911428,173,246
5701,149190200,2023-09-09,0.36,0.3074846997479606,174,62
5702,149190210,2023-09-09,1.73,1.0043016091968684,174,5
5703,149190200,2023-09-11,0.36,0.3074846997479606,174,57
5704,149190210,2023-09-11,1.68,0.9858167945227653,173,247
5705,149190200,2023-09-16,0.33,0.2851789422336624,174,58
5706,149190210,2023-09-16,1.68,0.9858167945227653,173,248
5707,149190200,2023-09-21,0.33,0.2851789422336624,174,59
5708,149190210,2023-09-21,1.81,1.0331844833456545,173,249
5709,149190200,2023-09-26,3.87,1.5830939370944985,174,60
5710,149190210,2023-09-26,11.5,2.5257286443082556,174,0
5711,149190200,2023-09-29,0.33,0.2851789422336624,174,61
5712,149190210,2023-09-29,7.83,2.178155014615869,174,1
5713,151190100,2023-05-04,30.9,3.462606009790799,181,237
5714,151190100,2023-06-03,24.6,3.242592351485517,181,234
5715,151190100,2023-07-08,17.9,2.9391619220655967,181,233
5716,151190100,2023-08-12,12.1,2.5726122302071057,181,235
5717,151190100,2023-08-15,12.0,2.5649493574615367,181,236
5718,151190100,2023-09-06,11.7,2.5416019934645457,181,228
5719,151190100,2023-09-11,10.5,2.4423470353692043,181,229
5720,151190100,2023-09-16,10.3,2.424802725718295,181,230
5721,151190100,2023-09-21,9.87,2.386006701133118,181,231
5722,151190100,2023-09-29,12.1,2.5726122302071057,181,232
5723,153230110,2023-05-01,13.2,2.653241964607215,183,82
5724,153230110,2023-05-11,8.59,2.2607208888953467,183,83
5725,153230110,2023-05-21,9.42,2.343727036325221,183,87
5726,153230110,2023-05-26,10.8,2.468099531471619,183,88
5727,153230110,2023-05-29,11.3,2.509599262378372,183,86
5728,153230110,2023-06-08,9.18,2.3204250111223765,183,85
5729,153230110,2023-07-05,5.28,1.8373699804801074,183,84
5730,153230110,2023-09-11,3.01,1.3887912413184778,183,89
5731,153230110,2023-09-16,2.87,1.3532545070416904,183,79
5732,153230110,2023-09-18,2.96,1.3762440252663892,183,90
5733,153230110,2023-09-21,3.09,1.4085449700547104,183,81
5734,153230110,2023-09-28,2.85,1.3480731482996928,183,80
5735,152220080,2023-05-01,39.2,3.6938669956249752,182,163
5736,152220080,2023-05-11,30.1,3.4372078191851885,182,162
5737,152220080,2023-05-21,28.4,3.380994674344636,182,160
5738,152220080,2023-05-26,28.0,3.367295829986474,182,161
5739,152220080,2023-05-29,28.4,3.380994674344636,182,159
5740,152220080,2023-05-31,28.0,3.367295829986474,182,157
5741,152220080,2023-06-05,27.7,3.3568971227655755,182,164
5742,152220080,2023-06-08,27.0,3.332204510175204,182,158
5743,152220080,2023-07-05,19.1,3.0007198150650303,182,151
5744,152220080,2023-07-10,17.5,2.917770732084279,182,156
5745,152220080,2023-09-16,4.08,1.6253112615903906,182,152
5746,152220080,2023-09-21,4.17,1.6428726885203377,182,153
5747,152220080,2023-09-26,3.77,1.5623463049002497,182,154
5748,152220080,2023-09-28,3.45,1.4929040961781488,182,155
5749,150230060,2023-05-01,1.22,0.7975071958841881,180,242
5750,150230060,2023-05-11,1.22,0.7975071958841881,180,240
5751,150230060,2023-05-14,1.28,0.8241754429663495,180,243
5752,150230060,2023-05-21,1.22,0.7975071958841881,180,238
5753,150230060,2023-06-05,1.34,0.8501509293696101,180,236
5754,150230060,2023-08-14,1.25,0.8109302162163288,180,237
5755,150230060,2023-08-19,2.69,1.3056264580524357,180,241
5756,150230060,2023-08-29,1.18,0.7793248768009976,180,239
5757,150230060,2023-09-11,0.84,0.6097655716208943,180,229
5758,150230060,2023-09-18,0.81,0.5933268452777344,180,244
5759,150230060,2023-09-21,0.83,0.6043159668533296,180,230
5760,150230060,2023-09-26,0.86,0.6205764877251099,180,231
5761,150230060,2023-09-28,1.87,1.0543120297715298,180,232
5762,150230060,2023-10-03,0.9,0.6418538861723948,180,233
5763,150230060,2023-11-02,0.81,0.5933268452777344,180,234
5764,150230060,2023-11-07,0.87,0.6259384308664953,180,235
5765,153170060,2023-05-08,8.94,2.2965670206684825,187,232
5766,153170070,2023-05-08,4.36,1.6789639750827106,188,17
5767,153170060,2023-05-10,8.94,2.2965670206684825,187,230
5768,153170070,2023-05-10,4.36,1.6789639750827106,188,15
5769,153170060,2023-05-28,8.68,2.2700619012884857,187,231
5770,153170070,2023-05-28,4.22,1.6524974018945473,188,16
5771,153170060,2023-06-02,8.68,2.2700619012884857,187,229
5772,153170070,2023-06-02,4.22,1.6524974018945473,188,14
5773,153170060,2023-06-04,8.54,2.255493485460195,187,233
5774,153170060,2023-06-12,8.41,2.2417729535972883,187,228
5775,153170070,2023-06-12,4.08,1.6253112615903906,188,13
5776,153170060,2023-09-10,5.48,1.8687205103641835,187,223
5777,153170070,2023-09-10,2.81,1.3376291891386096,188,10
5778,153170060,2023-09-12,5.38,1.8531680973566984,187,234
5779,153170070,2023-09-12,2.81,1.3376291891386096,188,19
5780,153170060,2023-09-15,5.15,1.8164520818184267,187,224
5781,153170070,2023-09-15,2.85,1.3480731482996928,188,11
5782,153170060,2023-09-25,5.22,1.827769906751088,187,225
5783,153170060,2023-09-27,5.14,1.814824742159051,187,226
5784,153170070,2023-09-27,2.94,1.3711807233098425,188,12
5785,153170060,2023-10-17,5.89,1.9300710850255671,187,227
5786,153170070,2023-10-17,2.97,1.3787660946990992,188,18
5787,150190070,2023-07-08,3.48,1.4996230464268938,173,4
5788,150190070,2023-07-18,8.22,2.2213750375685026,173,7
5789,150190070,2023-08-12,2.39,1.220829921392359,173,6
5790,150190070,2023-08-15,2.5,1.252762968495368,173,5
5791,150190070,2023-08-22,2.86,1.3506671834767394,173,8
5792,150190070,2023-09-06,3.19,1.4327007339340463,172,248
5793,150190070,2023-09-09,2.52,1.2584609896100059,172,249
5794,150190070,2023-09-11,2.7,1.308332819650179,173,0
5795,150190070,2023-09-16,2.71,1.3110318766193438,173,1
5796,150190070,2023-09-21,2.38,1.2178757094949273,173,2
5797,150190070,2023-09-26,3.92,1.5933085305042167,173,9
5798,150190070,2023-09-29,3.26,1.449269160281279,173,3
5799,149200020,2023-06-03,7.81,2.175887439948088,175,169
5800,149200020,2023-07-08,8.77,2.2793164660546914,175,170
5801,149200020,2023-08-15,7.94,2.190535589185423,175,171
5802,149200020,2023-09-06,7.67,2.1598687907924505,175,173
5803,149200020,2023-09-09,5.97,1.9416152247724325,175,172
5804,149200020,2023-09-11,5.87,1.927164106234258,175,165
5805,149200020,2023-09-26,21.2,3.100092288878234,175,166
5806,149200020,2023-09-29,8.24,2.2235418856535927,175,167
5807,149200020,2023-10-14,7.64,2.1564025828159643,175,168
5808,150160110,2023-09-07,0.72,0.5423242908253616,161,127
5809,152160080,2023-05-08,0.49,0.3987761199573678,167,10
5810,152160080,2023-05-10,0.59,0.46373401623214017,167,9
5811,152160080,2023-05-28,0.95,0.6678293725756554,167,7
5812,152160080,2023-05-30,0.9,0.6418538861723948,167,8
5813,152160080,2023-06-02,1.03,0.708035793053696,167,5
5814,152160080,2023-06-04,0.93,0.6575200029167942,167,6
5815,152160080,2023-06-22,1.23,0.8020015854720274,166,247
5816,152160080,2023-07-07,0.64,0.49469624183610705,166,248
5817,152160080,2023-07-09,0.5,0.4054651081081644,166,249
5818,152160080,2023-09-02,0.035,0.0344014267173324,167,13
5819,152160080,2023-09-07,0.034,0.03343477608623739,167,0
5820,152160080,2023-09-10,0.027,0.02664193094642118,167,1
5821,152160080,2023-09-12,0.032,0.03149866705937099,167,2
5822,152160080,2023-09-15,0.028,0.027615167032973367,167,3
5823,152160080,2023-09-25,0.027,0.02664193094642118,167,11
5824,152160080,2023-09-27,0.025,0.0246926125903715,167,12
5825,152160080,2023-11-26,0.09,0.08617769624105233,167,4
5826,149220020,2023-05-01,6.59,2.0268315914075385,178,136
5827,149220020,2023-05-21,6.52,2.017566137961748,178,135
5828,149220020,2023-05-31,11.3,2.509599262378372,178,133
5829,149220020,2023-06-03,9.85,2.3841650799864684,178,132
5830,149220020,2023-07-15,1.13,0.7561219797213337,178,131
5831,149220020,2023-08-14,4.7,1.7404661748405044,178,129
5832,149220020,2023-08-27,3.26,1.449269160281279,178,134
5833,149220020,2023-09-06,1.47,0.9042181506398859,178,130
5834,149220020,2023-09-08,1.05,0.7178397931503169,178,128
5835,149220020,2023-09-11,0.98,0.6830968447064438,178,121
5836,149220020,2023-09-16,0.95,0.6678293725756554,178,122
5837,149220020,2023-09-21,0.93,0.6575200029167942,178,123
5838,149220020,2023-09-26,2.42,1.2296405510745139,178,124
5839,149220020,2023-09-28,1.58,0.9477893989335261,178,125
5840,149220020,2023-10-03,1.49,0.9122827104766162,178,126
5841,149220020,2023-10-18,1.86,1.0508216248317612,178,127
5842,149200180,2023-07-08,1.3,0.832909122935104,175,221
5843,149200180,2023-09-06,0.9,0.6418538861723948,175,222
5844,149200180,2023-09-11,0.57,0.4510756193602167,175,219
5845,149200180,2023-09-26,2.21,1.1662709371419244,175,220
5846,153220290,2023-09-11,0.31,0.27002713721306015,183,219
5847,153220290,2023-09-16,0.28,0.2468600779315258,183,220
5848,153220290,2023-09-21,0.26,0.23111172096338664,183,221
5849,153220290,2023-09-26,0.26,0.23111172096338664,183,222
5850,153160150,2023-05-08,0.09,0.08617769624105233,168,32
5851,153160150,2023-05-28,1.0,0.6931471805599453,168,34
5852,153160150,2023-05-30,0.96,0.6729444732424258,168,36
5853,153160150,2023-06-02,0.83,0.6043159668533296,168,33
5854,153160150,2023-06-12,0.51,0.412109650826833,168,31
5855,153160150,2023-07-07,0.48,0.3920420877760237,168,35
5856,153160150,2023-09-10,0.15,0.13976194237515868,168,25
5857,153160150,2023-09-12,0.1,0.09531017980432487,168,26
5858,153160150,2023-09-15,0.09,0.08617769624105233,168,27
5859,153160150,2023-09-25,0.09,0.08617769624105233,168,28
5860,153160150,2023-09-27,0.09,0.08617769624105233,168,29
5861,153160150,2023-10-17,0.09,0.08617769624105233,168,30
5862,151190020,2023-05-12,7.01,2.080690761080268,165,182
5863,151190020,2023-05-27,4.99,1.790091412127358,165,177
5864,151190020,2023-06-01,4.37,1.6808279085207734,165,178
5865,151190020,2023-06-11,4.68,1.7369512327330598,165,180
5866,151190020,2023-08-15,2.42,1.2296405510745139,165,181
5867,151190020,2023-09-29,2.22,1.169381359556317,165,179
5868,150210020,2023-07-08,282.0,5.645446897643238,171,117
5869,150210020,2023-08-12,189.0,5.247024072160486,171,114
5870,150210020,2023-08-22,120.0,4.795790545596741,171,115
5871,150210020,2023-09-06,119.0,4.787491742782046,171,116
5872,150210020,2023-09-11,103.0,4.6443908991413725,171,111
5873,150210020,2023-09-16,113.0,4.736198448394496,171,112
5874,150210020,2023-09-21,121.0,4.804021044733257,171,113
5875,153210140,2023-05-09,2.0,1.0986122886681096,184,194
5876,153210140,2023-05-12,2.53,1.2612978709452054,184,195
5877,153210140,2023-06-01,2.64,1.2919836816486494,184,193
5878,153210140,2023-06-03,5.37,1.851599469584072,184,191
5879,153210140,2023-06-08,3.14,1.420695787837223,184,192
5880,153210140,2023-08-12,0.26,0.23111172096338664,184,189
5881,153210140,2023-08-15,0.26,0.23111172096338664,184,190
5882,153210140,2023-09-16,0.09,0.08617769624105233,184,186
5883,153210140,2023-09-21,0.11,0.10436001532424277,184,187
5884,153210140,2023-09-26,0.09,0.08617769624105233,184,188
5885,151150130,2023-05-08,3.08,1.4060969884160703,164,28
5886,151150130,2023-05-10,4.79,1.7561322915849038,164,29
5887,151150130,2023-05-28,3.86,1.5810384379124023,164,25
5888,151150130,2023-05-30,3.43,1.4883995840570443,164,23
5889,151150130,2023-06-04,4.06,1.6213664832993742,164,24
5890,151150130,2023-08-18,0.43,0.3576744442718159,164,26
5891,151150130,2023-08-23,0.44,0.36464311358790924,164,27
5892,151150130,2023-09-07,0.44,0.36464311358790924,164,22
5893,151150130,2023-09-10,0.42,0.35065687161316933,164,21
5894,153200020,2023-05-12,3.47,1.4973884086254774,186,145
5895,153200020,2023-05-27,3.37,1.4747630091074988,186,144
5896,153200020,2023-06-01,4.35,1.6770965609079151,186,141
5897,153200020,2023-06-11,3.25,1.4469189829363254,186,142
5898,153200020,2023-08-15,0.48,0.3920420877760237,186,143
5899,153230070,2023-05-01,9.8,2.379546134130174,183,162
5900,153230070,2023-05-09,7.6,2.151762203259462,183,161
5901,153230070,2023-05-11,7.02,2.081938421878423,183,160
5902,153230070,2023-05-21,8.02,2.199444334074532,183,163
5903,153230070,2023-05-26,7.23,2.1077860146889784,183,157
5904,153230070,2023-06-05,6.24,1.979621206397625,183,158
5905,153230070,2023-06-08,6.09,1.958685340544036,183,159
5906,153230070,2023-07-05,3.81,1.5706970841176697,183,151
5907,153230070,2023-09-11,0.95,0.6678293725756554,183,152
5908,153230070,2023-09-16,0.82,0.598836501088704,183,153
5909,153230070,2023-09-21,0.75,0.5596157879354227,183,154
5910,153230070,2023-09-26,0.74,0.5538851132264376,183,155
5911,153230070,2023-09-28,0.75,0.5596157879354227,183,156
5912,151160130,2023-05-10,179.0,5.19295685089021,160,40
5913,151160130,2023-05-30,140.0,4.948759890378168,160,39
5914,151160130,2023-06-04,177.0,5.181783550292085,160,38
5915,151160130,2023-07-09,139.0,4.941642422609304,160,37
5916,151160130,2023-08-18,70.3,4.26689632742025,160,35
5917,151160130,2023-08-23,82.0,4.418840607796598,160,36
5918,151160130,2023-09-07,73.2,4.3067641501733345,160,32
5919,151160130,2023-09-27,89.4,4.504244267398131,160,33
5920,151160130,2023-10-02,60.1,4.11251186617755,160,34
5921,151160230,2023-05-05,2.34,1.205970806988609,161,247
5922,151160230,2023-05-12,2.71,1.3110318766193438,161,243
5923,151160230,2023-05-27,2.2,1.1631508098056809,161,244
5924,151160230,2023-05-30,1.87,1.0543120297715298,161,249
5925,151160230,2023-06-04,3.17,1.4279160358107101,161,241
5926,151160230,2023-07-09,1.68,0.9858167945227653,161,242
5927,151160230,2023-08-15,0.76,0.5653138090500605,161,245
5928,151160230,2023-08-23,0.66,0.5068176023684519,161,248
5929,151160230,2023-08-25,0.83,0.6043159668533296,161,246
5930,151160230,2023-09-07,0.52,0.41871033485818504,161,239
5931,151160230,2023-09-27,0.53,0.4252677354043441,161,240
5932,152170010,2023-05-30,89.5,4.505349850705881,165,78
5933,152170010,2023-06-04,84.3,4.446174454497633,165,79
5934,152170010,2023-07-09,60.1,4.11251186617755,165,76
5935,152170010,2023-08-23,32.4,3.5085558999826545,165,77
5936,152170010,2023-09-07,26.7,3.3214324131932926,165,75
5937,150160020,2023-05-30,1.3,0.832909122935104,162,81
5938,150160020,2023-07-09,0.92,0.6523251860396903,162,82
5939,150160020,2023-09-07,0.37,0.31481073984003355,162,80
5940,150160020,2023-09-17,0.45,0.37156355643248307,162,83
5941,153190010,2023-05-07,1.25,0.8109302162163288,188,96
5942,153190010,2023-05-12,1.56,0.9400072584914712,188,98
5943,153190010,2023-05-27,1.66,0.9783261227936076,188,97
5944,153190010,2023-05-30,1.87,1.0543120297715298,188,93
5945,153190010,2023-06-11,1.52,0.924258901523332,188,95
5946,153190010,2023-08-15,0.23,0.20701416938432615,188,94
5947,153190010,2023-08-23,0.21,0.1906203596086497,188,99
5948,153190010,2023-09-07,0.25,0.22314355131420976,188,89
5949,153190010,2023-09-12,0.16,0.14842000511827327,188,90
5950,153190010,2023-09-17,0.19,0.173953307123438,188,91
5951,153190010,2023-10-17,0.21,0.1906203596086497,188,92
5952,151150170,2023-05-08,1.86,1.0508216248317612,162,120
5953,151150170,2023-05-28,1.66,0.9783261227936076,162,123
5954,151150170,2023-05-30,1.76,1.0152306797290587,162,121
5955,151150170,2023-06-04,1.83,1.0402767116551463,162,122
5956,151150170,2023-07-09,0.98,0.6830968447064438,162,119
5957,151150170,2023-09-07,0.22,0.1988508587451652,162,114
5958,151150170,2023-09-10,0.23,0.20701416938432615,162,115
5959,151150170,2023-09-17,0.2,0.18232155679395462,162,124
5960,151150170,2023-09-27,0.21,0.1906203596086497,162,116
5961,151150170,2023-10-02,0.27,0.23901690047049992,162,117
5962,151150170,2023-10-30,1.18,0.7793248768009976,162,118
5963,153190190,2023-05-10,1.12,0.7514160886839212,187,199
5964,153190190,2023-05-12,1.13,0.7561219797213337,187,198
5965,153190190,2023-05-27,1.14,0.76080582903376,187,196
5966,153190190,2023-05-30,1.13,0.7561219797213337,187,195
5967,153190190,2023-06-11,1.15,0.7654678421395714,187,194
5968,153190190,2023-08-15,0.5,0.4054651081081644,187,197
5969,153190190,2023-09-12,0.38,0.32208349916911333,187,192
5970,153190190,2023-09-17,0.36,0.3074846997479606,187,193
5971,153190190,2023-10-17,0.24,0.2151113796169455,187,200
5972,151220080,2023-05-01,19.4,3.0155349008501706,181,100
5973,151220080,2023-05-09,14.6,2.747270914255491,181,102
5974,151220080,2023-05-11,17.6,2.9231615807191558,181,99
5975,151220080,2023-05-24,14.3,2.72785282839839,181,98
5976,151220080,2023-05-31,12.9,2.631888840136646,181,97
5977,151220080,2023-06-05,13.5,2.6741486494265287,181,83
5978,151220080,2023-07-05,8.84,2.286455711064162,181,84
5979,151220080,2023-07-25,11.8,2.5494451709255714,181,85
5980,151220080,2023-08-12,4.89,1.7732559976634952,181,86
5981,151220080,2023-08-19,4.7,1.7404661748405044,181,87
5982,151220080,2023-08-29,3.57,1.5195132049061133,181,101
5983,151220080,2023-09-06,3.03,1.3937663759585917,181,88
5984,151220080,2023-09-11,2.36,1.2119409739751128,181,89
5985,151220080,2023-09-16,1.82,1.0367368849500223,181,90
5986,151220080,2023-09-18,1.58,0.9477893989335261,181,91
5987,151220080,2023-09-21,1.39,0.8712933659434192,181,92
5988,151220080,2023-09-26,1.19,0.7839015438284094,181,93
5989,151220080,2023-09-28,1.28,0.8241754429663495,181,94
5990,151220080,2023-10-03,1.61,0.9593502213346021,181,95
5991,151220080,2023-11-07,1.61,0.9593502213346021,181,96
5992,154180150,2023-05-07,1790.0,7.490529402060711,172,58
5993,154180150,2023-05-10,1520.0,7.327123292259293,172,60
5994,154180150,2023-05-12,1440.0,7.273092595999522,172,59
5995,154180150,2023-05-27,1370.0,7.223295679562314,172,61
5996,154180150,2023-05-30,1330.0,7.193685818395112,172,55
5997,154180150,2023-06-06,1440.0,7.273092595999522,172,54
5998,154180150,2023-06-11,1600.0,7.3783837129967145,172,53
5999,154180150,2023-08-15,525.0,6.26530121273771,172,56
6000,154180150,2023-08-23,604.0,6.405228458030842,172,57
6001,154180150,2023-09-02,644.0,6.4692503167957724,172,62
6002,154180150,2023-09-07,560.0,6.329720905522696,172,48
6003,154180150,2023-09-12,535.0,6.284134161070802,172,49
6004,154180150,2023-09-17,450.0,6.111467339502679,172,50
6005,154180150,2023-09-27,443.0,6.095824562432225,172,51
6006,154180150,2023-10-17,750.0,6.621405651764134,172,52
6007,149220100,2023-05-01,7.8,2.174751721484161,178,88
6008,149220100,2023-05-21,12.8,2.624668592163159,178,87
6009,149220100,2023-05-31,14.8,2.760009940032921,178,83
6010,149220100,2023-06-03,21.1,3.0955776085237074,178,82
6011,149220100,2023-08-14,9.51,2.3523271848888596,178,84
6012,149220100,2023-08-27,6.39,2.0001277349601105,178,85
6013,149220100,2023-08-29,4.54,1.7119945007591926,178,86
6014,149220100,2023-09-06,2.17,1.1537315878891892,178,80
6015,149220100,2023-09-08,1.81,1.0331844833456545,178,81
6016,149220100,2023-09-11,1.53,0.9282193027394289,178,75
6017,149220100,2023-09-16,1.34,0.8501509293696101,178,76
6018,149220100,2023-09-26,7.79,2.1736147116970854,178,77
6019,149220100,2023-09-28,3.36,1.4724720573609429,178,78
6020,149220100,2023-10-03,2.75,1.3217558399823195,178,79
6021,149220100,2023-10-18,2.1,1.1314021114911006,178,89
6022,153180040,2023-05-07,0.75,0.5596157879354227,188,65
6023,153180040,2023-05-10,0.75,0.5596157879354227,188,64
6024,153180040,2023-05-12,1.06,0.7227059828014898,188,66
6025,153180040,2023-05-27,1.17,0.7747271675523681,188,63
6026,153180040,2023-05-30,0.96,0.6729444732424258,188,62
6027,153180040,2023-06-11,0.96,0.6729444732424258,188,68
6028,153180040,2023-08-15,0.72,0.5423242908253616,188,61
6029,153180040,2023-09-07,0.83,0.6043159668533296,188,58
6030,153180040,2023-09-12,0.83,0.6043159668533296,188,59
6031,153180040,2023-09-17,0.72,0.5423242908253616,188,60
6032,153180040,2023-10-17,0.72,0.5423242908253616,188,67
6033,150160080,2023-05-05,2.41,1.2267122912954256,161,134
6034,150160080,2023-05-30,1.74,1.007957920399979,161,133
6035,150160080,2023-06-04,2.76,1.324418957401803,161,132
6036,150160080,2023-07-09,1.61,0.9593502213346021,161,136
6037,150160080,2023-08-18,1.03,0.708035793053696,161,135
6038,150160080,2023-09-07,0.54,0.43178241642553783,161,128
6039,150160080,2023-09-17,0.52,0.41871033485818504,161,129
6040,150160080,2023-09-27,0.52,0.41871033485818504,161,130
6041,150160080,2023-10-02,0.61,0.4762341789963716,161,131
6042,150200040,2023-05-04,9.9,2.388762789235098,176,120
6043,150200040,2023-06-03,10.7,2.4595888418037104,176,119
6044,150200040,2023-07-08,5.9,1.9315214116032138,176,118
6045,150200040,2023-08-12,3.46,1.4951487660319727,176,121
6046,150200040,2023-08-15,4.18,1.6448050562713916,176,117
6047,150200040,2023-09-06,3.3,1.4586150226995167,176,112
6048,150200040,2023-09-11,3.01,1.3887912413184778,176,113
6049,150200040,2023-09-16,2.98,1.3812818192963463,176,114
6050,150200040,2023-09-21,3.35,1.4701758451005928,176,115
6051,150200040,2023-09-29,5.18,1.8213182714695995,176,116
6052,153200040,2023-05-07,0.78,0.5766133643039938,188,228
6053,153200040,2023-05-12,0.91,0.6471032420585385,188,227
6054,153200040,2023-06-06,0.9,0.6418538861723948,188,231
6055,153200040,2023-06-11,0.86,0.6205764877251099,188,229
6056,153200040,2023-08-15,0.36,0.3074846997479606,188,230
6057,149210060,2023-05-01,12.6,2.6100697927420065,177,38
6058,149210060,2023-05-31,18.4,2.9652730660692823,177,37
6059,149210060,2023-07-08,6.98,2.0769384114617173,177,35
6060,149210060,2023-08-12,4.36,1.6789639750827106,177,36
6061,149210060,2023-08-14,4.44,1.6937790608678513,177,32
6062,149210060,2023-08-22,7.84,2.179286876649552,177,33
6063,149210060,2023-08-27,7.43,2.131796772013764,177,24
6064,149210060,2023-09-06,3.47,1.4973884086254774,177,34
6065,149210060,2023-09-11,3.48,1.4996230464268938,177,25
6066,149210060,2023-09-16,3.27,1.4516138272405332,177,26
6067,149210060,2023-09-21,3.41,1.4838746894587547,177,27
6068,149210060,2023-09-26,8.41,2.2417729535972883,177,28
6069,149210060,2023-09-28,5.07,1.803358605071407,177,29
6070,149210060,2023-10-03,4.15,1.6389967146756448,177,31
6071,149210060,2023-10-18,3.71,1.5496879080283263,177,30
6072,153180090,2023-05-10,1410.0,7.2520539518528135,172,11
6073,153180090,2023-05-12,1370.0,7.223295679562314,172,8
6074,153180090,2023-05-27,1350.0,7.208600337960199,172,13
6075,153180090,2023-05-30,1290.0,7.1631723908466425,172,9
6076,153180090,2023-06-04,1480.0,7.300472814267799,172,15
6077,153180090,2023-06-11,1490.0,7.307202314764738,172,12
6078,153180090,2023-08-15,530.0,6.274762021241939,172,10
6079,153180090,2023-09-02,712.0,6.569481420414296,172,14
6080,153180090,2023-09-07,548.0,6.3080984415095305,172,6
6081,153180090,2023-09-12,469.0,6.152732694704104,172,5
6082,153180090,2023-10-17,679.0,6.522092798170152,172,7
6083,151230010,2023-05-01,21.4,3.109060958860994,180,157
6084,151230010,2023-05-11,20.1,3.0492730404820207,180,155
6085,151230010,2023-05-21,19.2,3.005682604407159,180,156
6086,151230010,2023-06-05,18.0,2.9444389791664403,180,154
6087,151230010,2023-08-14,8.79,2.281361456542419,180,151
6088,151230010,2023-08-19,16.2,2.8449093838194073,180,152
6089,151230010,2023-08-29,10.3,2.424802725718295,180,153
6090,151230010,2023-09-06,9.98,2.3960754360813845,180,158
6091,151230010,2023-09-11,8.93,2.295560478057081,180,143
6092,151230010,2023-09-18,9.28,2.330200260027019,180,144
6093,151230010,2023-09-21,8.95,2.2975725511705014,180,145
6094,151230010,2023-09-26,9.46,2.347558458636777,180,146
6095,151230010,2023-09-28,17.1,2.89591193827178,180,147
6096,151230010,2023-10-03,16.7,2.8735646395797834,180,148
6097,151230010,2023-11-02,9.0,2.302585092994046,180,149
6098,151230010,2023-11-07,8.06,2.203869120054888,180,150
6099,152170150,2023-05-10,2.79,1.332366019094335,166,37
6100,152170150,2023-05-12,4.25,1.6582280766035324,166,30
6101,152170150,2023-05-27,1.48,0.9082585601768908,166,31
6102,152170150,2023-05-30,1.2,0.7884573603642702,166,32
6103,152170150,2023-06-01,1.52,0.924258901523332,166,33
6104,152170150,2023-06-04,1.46,0.9001613499442714,166,34
6105,152170150,2023-07-06,0.48,0.3920420877760237,166,40
6106,152170150,2023-07-09,0.57,0.4510756193602167,166,38
6107,152170150,2023-08-15,0.028,0.027615167032973367,166,35
6108,152170150,2023-08-23,0.032,0.03149866705937099,166,39
6109,152170150,2023-08-25,0.029,0.028587456851912555,166,36
6110,152170150,2023-09-07,0.024,0.023716526617316044,166,27
6111,152170150,2023-09-27,0.02,0.019802627296179712,166,28
6112,152170150,2023-09-29,0.021,0.020782539182528505,166,29
6113,149200110,2023-06-03,8.68,2.2700619012884857,175,208
6114,149200110,2023-07-08,14.3,2.72785282839839,175,206
6115,149200110,2023-08-15,10.2,2.4159137783010487,175,209
6116,149200110,2023-09-06,5.83,1.9213246735826988,175,207
6117,149200110,2023-09-09,4.9,1.7749523509116738,175,205
6118,149200110,2023-09-11,4.63,1.728109442151599,175,201
6119,149200110,2023-09-26,7.87,2.1826747963214883,175,202
6120,149200110,2023-09-29,7.84,2.179286876649552,175,203
6121,149200110,2023-10-14,5.89,1.9300710850255671,175,204
6122,150220080,2023-05-01,52.3,3.975936331171799,179,55
6123,150220080,2023-05-11,38.2,3.6686767467964168,179,57
6124,150220080,2023-05-31,59.2,4.097672352314776,179,51
6125,150220080,2023-07-08,21.2,3.100092288878234,179,53
6126,150220080,2023-08-14,12.4,2.5952547069568657,179,52
6127,150220080,2023-08-29,20.0,3.044522437723423,179,56
6128,150220080,2023-09-06,14.2,2.7212954278522306,179,54
6129,150220080,2023-09-11,7.6,2.151762203259462,179,46
6130,150220080,2023-09-21,9.03,2.305580601973844,179,47
6131,150220080,2023-09-28,28.5,3.3843902633457743,179,48
6132,150220080,2023-10-03,9.93,2.391511302188447,179,49
6133,150220080,2023-10-18,7.04,2.084429083190875,179,50
6134,152200020,2023-05-12,10.5,2.4423470353692043,186,122
6135,152200020,2023-05-27,9.57,2.3580197998821464,186,118
6136,152200020,2023-06-01,9.62,2.362739015813793,186,119
6137,152200020,2023-06-11,9.81,2.380471631651117,186,120
6138,152200020,2023-08-15,1.37,0.8628899551470399,186,121
6139,154150010,2023-05-08,18.6,2.975529566236472,169,79
6140,154150010,2023-05-11,18.6,2.975529566236472,169,78
6141,154150010,2023-06-02,24.2,3.2268439945173775,169,80
6142,154150010,2023-06-05,21.4,3.109060958860994,169,71
6143,154150010,2023-06-07,19.3,3.0106208860477417,169,72
6144,154150010,2023-06-10,17.9,2.9391619220655967,169,73
6145,154150010,2023-06-12,17.9,2.9391619220655967,169,77
6146,154150010,2023-07-15,9.84,2.3832429960115,169,74
6147,154150010,2023-09-08,6.36,1.9960599327407849,169,75
6148,154150010,2023-09-10,6.42,2.004179057179289,169,76
6149,154150010,2023-09-15,6.49,2.0135687975291283,169,81
6150,152230060,2023-05-01,0.61,0.4762341789963716,183,34
6151,152230060,2023-05-11,0.81,0.5933268452777344,183,29
6152,152230060,2023-05-21,0.45,0.37156355643248307,183,35
6153,152230060,2023-05-26,0.92,0.6523251860396903,183,32
6154,152230060,2023-05-29,0.51,0.412109650826833,183,37
6155,152230060,2023-05-31,0.45,0.37156355643248307,183,30
6156,152230060,2023-06-05,0.59,0.46373401623214017,183,38
6157,152230060,2023-06-08,0.45,0.37156355643248307,183,31
6158,152230060,2023-07-05,0.2,0.18232155679395462,183,28
6159,152230060,2023-07-10,0.16,0.14842000511827327,183,33
6160,152230060,2023-09-16,0.042,0.04114194333117518,183,25
6161,152230060,2023-09-21,0.046,0.044973365642731154,183,36
6162,152230060,2023-09-26,0.042,0.04114194333117518,183,26
6163,152230060,2023-09-28,0.042,0.04114194333117518,183,27
6164,153170120,2023-05-10,19.5,3.0204248861443626,187,238
6165,153170120,2023-05-30,19.3,3.0106208860477417,187,237
6166,153170120,2023-09-12,10.2,2.4159137783010487,187,235
6167,153170120,2023-10-17,11.0,2.4849066497880004,187,236
6168,150180020,2023-05-12,3.98,1.6054298910365616,161,33
6169,150180020,2023-05-27,3.98,1.6054298910365616,161,32
6170,150180020,2023-06-04,3.46,1.4951487660319727,161,29
6171,150180020,2023-07-04,6.6,2.028148247292285,161,31
6172,150180020,2023-07-09,6.6,2.028148247292285,161,28
6173,150180020,2023-08-23,3.38,1.4770487243883548,161,30
6174,150180020,2023-09-07,3.54,1.5129270120532565,161,26
6175,150180020,2023-09-27,3.2,1.4350845252893227,161,27
6176,150140030,2023-05-28,1.44,0.8919980393051105,164,158
6177,150140030,2023-05-30,1.13,0.7561219797213337,164,159
6178,150140030,2023-06-04,1.08,0.7323678937132266,164,160
6179,150140030,2023-07-09,0.36,0.3074846997479606,164,161
6180,150140030,2023-09-07,0.14,0.1310282624064041,164,155
6181,150140030,2023-09-10,0.26,0.23111172096338664,164,156
6182,150140030,2023-09-17,0.17,0.15700374880966475,164,157
6183,150180120,2023-07-11,0.95,0.6678293725756554,160,178
6184,150180120,2023-08-15,0.95,0.6678293725756554,160,179
6185,150180120,2023-09-09,0.84,0.6097655716208943,160,176
6186,150180120,2023-09-29,1.29,0.8285518175661483,160,177
6187,153160020,2023-05-08,6.58,2.0255131996542803,169,113
6188,153160020,2023-05-10,6.77,2.050270164379556,169,114
6189,153160020,2023-05-28,10.1,2.4069451083182885,169,105
6190,153160020,2023-05-30,9.47,2.3485140248824456,169,106
6191,153160020,2023-06-02,8.85,2.2874714551839976,169,116
6192,153160020,2023-06-07,6.65,2.0347056478384444,169,107
6193,153160020,2023-06-12,6.5,2.0149030205422647,169,108
6194,153160020,2023-09-07,3.02,1.3912819026309298,169,109
6195,153160020,2023-09-10,2.7,1.308332819650179,169,110
6196,153160020,2023-09-12,2.81,1.3376291891386096,169,111
6197,153160020,2023-09-15,2.87,1.3532545070416904,169,112
6198,153160020,2023-10-17,3.36,1.4724720573609429,169,115
6199,149200150,2023-07-08,1.36,0.8586616190375187,175,228
6200,149200150,2023-08-15,0.95,0.6678293725756554,175,229
6201,149200150,2023-09-06,0.65,0.5007752879124893,175,227
6202,149200150,2023-09-09,0.48,0.3920420877760237,175,230
6203,149200150,2023-09-11,0.47,0.3852624007906449,175,223
6204,149200150,2023-09-26,2.02,1.1052568313867783,175,224
6205,149200150,2023-09-29,0.76,0.5653138090500605,175,225
6206,149200150,2023-10-14,0.65,0.5007752879124893,175,226
6207,149190040,2023-05-27,4.83,1.763017000362401,173,124
6208,149190040,2023-06-03,4.67,1.7351891177396608,173,125
6209,149190040,2023-07-08,2.98,1.3812818192963463,173,126
6210,149190040,2023-07-11,2.25,1.1786549963416462,173,136
6211,149190040,2023-08-12,1.18,0.7793248768009976,173,132
6212,149190040,2023-08-15,1.04,0.712949807856125,173,133
6213,149190040,2023-09-06,0.75,0.5596157879354227,173,134
6214,149190040,2023-09-09,0.52,0.41871033485818504,173,135
6215,149190040,2023-09-11,0.63,0.48858001481867097,173,127
6216,149190040,2023-09-16,0.63,0.48858001481867097,173,128
6217,149190040,2023-09-26,11.4,2.517696472610991,173,129
6218,149190040,2023-09-29,1.93,1.0750024230289759,173,130
6219,149190040,2023-10-14,0.96,0.6729444732424258,173,131
6220,153160170,2023-05-08,13.0,2.639057329615259,167,117
6221,153160170,2023-05-28,27.9,3.3638415951183864,167,114
6222,153160170,2023-05-30,25.8,3.288401887516811,167,112
6223,153160170,2023-06-02,26.8,3.3250360206965914,167,113
6224,153160170,2023-06-04,25.0,3.258096538021482,167,115
6225,153160170,2023-06-12,22.2,3.144152278672264,167,110
6226,153160170,2023-06-22,15.4,2.797281334830153,167,111
6227,153160170,2023-07-07,11.1,2.4932054526026954,167,109
6228,153160170,2023-07-09,10.2,2.4159137783010487,167,108
6229,153160170,2023-09-07,1.94,1.0784095813505903,167,102
6230,153160170,2023-09-10,1.97,1.0885619528146082,167,103
6231,153160170,2023-09-12,2.22,1.169381359556317,167,104
6232,153160170,2023-09-15,2.21,1.1662709371419244,167,105
6233,153160170,2023-09-25,2.36,1.2119409739751128,167,106
6234,153160170,2023-09-27,2.37,1.2149127443642704,167,116
6235,153160170,2023-10-17,2.88,1.355835153635182,167,107
6236,153160160,2023-05-08,33.5,3.5409593240373143,167,133
6237,153160160,2023-05-28,39.4,3.6988297849671046,167,130
6238,153160160,2023-05-30,39.5,3.7013019741124933,167,128
6239,153160160,2023-06-02,44.7,3.822098297900159,167,129
6240,153160160,2023-06-04,42.5,3.7727609380946383,167,131
6241,153160160,2023-06-12,39.1,3.6913763343125234,167,126
6242,153160160,2023-06-22,40.2,3.7184382563554808,167,127
6243,153160160,2023-07-07,31.7,3.4873750779032076,167,124
6244,153160160,2023-07-09,30.5,3.449987545831587,167,125
6245,153160160,2023-09-07,18.1,2.9496883350525844,167,118
6246,153160160,2023-09-10,17.3,2.9069010598473755,167,119
6247,153160160,2023-09-12,16.7,2.8735646395797834,167,120
6248,153160160,2023-09-15,16.5,2.8622008809294686,167,121
6249,153160160,2023-09-25,16.5,2.8622008809294686,167,122
6250,153160160,2023-09-27,18.3,2.9601050959108397,167,132
6251,153160160,2023-10-17,20.5,3.068052935133617,167,123
6252,153210080,2023-05-07,2.63,1.2892326482767593,184,158
6253,153210080,2023-05-09,2.68,1.3029127521808397,184,159
6254,153210080,2023-06-01,3.28,1.4539530095937054,184,157
6255,153210080,2023-06-06,3.17,1.4279160358107101,184,156
6256,153210080,2023-06-11,3.12,1.415853163361435,184,155
6257,153210080,2023-08-12,1.81,1.0331844833456545,184,153
6258,153210080,2023-08-15,1.75,1.0116009116784799,184,154
6259,153210080,2023-09-11,1.57,0.9439058989071285,184,160
6260,153210080,2023-09-16,1.63,0.9669838461896731,184,150
6261,153210080,2023-09-21,1.65,0.9745596399981308,184,151
6262,153210080,2023-09-26,1.6,0.9555114450274365,184,152
6263,151180110,2023-05-12,43.5,3.7954891891721947,165,26
6264,151180110,2023-05-27,37.5,3.6506582412937387,165,28
6265,151180110,2023-06-01,34.3,3.563882963939251,165,25
6266,151180110,2023-06-04,32.6,3.5145260669691587,165,27
6267,151180110,2023-06-11,28.2,3.374168709274236,165,23
6268,151180110,2023-07-04,33.7,3.5467396869528134,165,29
6269,151180110,2023-07-09,28.6,3.3877743613300146,165,21
6270,151180110,2023-08-15,20.2,3.054001181677967,165,22
6271,151180110,2023-08-23,19.8,3.0349529867072724,165,24
6272,151180110,2023-09-07,18.1,2.9496883350525844,165,18
6273,151180110,2023-09-27,19.8,3.0349529867072724,165,19
6274,151180110,2023-09-29,20.4,3.0633909220278057,165,20
6275,149180110,2023-08-15,0.6,0.4700036292457356,170,225
6276,149180110,2023-09-09,0.61,0.4762341789963716,170,223
6277,149180110,2023-09-29,1.17,0.7747271675523681,170,224
6278,149190180,2023-07-08,13.2,2.653241964607215,174,17
6279,149190180,2023-07-18,17.3,2.9069010598473755,174,16
6280,149190180,2023-08-12,6.6,2.028148247292285,174,18
6281,149190180,2023-08-15,6.6,2.028148247292285,174,19
6282,149190180,2023-08-22,6.6,2.028148247292285,174,15
6283,149190180,2023-09-06,6.4,2.0014800002101243,174,8
6284,149190180,2023-09-09,6.11,1.9615022438151495,174,9
6285,149190180,2023-09-11,6.15,1.9671123567059163,174,10
6286,149190180,2023-09-16,6.14,1.965712776351493,174,11
6287,149190180,2023-09-21,6.15,1.9671123567059163,174,12
6288,149190180,2023-09-26,6.73,2.0451088625993306,174,13
6289,149190180,2023-09-29,6.17,1.969905654611529,174,14
6290,153210120,2023-05-12,2.99,1.3837912309017721,184,213
6291,153210120,2023-05-14,3.09,1.4085449700547104,184,214
6292,153210120,2023-06-01,3.15,1.423108334242607,184,209
6293,153210120,2023-06-03,5.55,1.8794650496471605,184,208
6294,153210120,2023-06-08,3.36,1.4724720573609429,184,210
6295,153210120,2023-08-12,0.15,0.13976194237515868,184,211
6296,153210120,2023-08-15,0.18,0.16551443847757338,184,212
6297,153210120,2023-09-11,0.09,0.08617769624105233,184,204
6298,153210120,2023-09-16,0.07,0.06765864847381481,184,205
6299,153210120,2023-09-21,0.09,0.08617769624105233,184,206
6300,153210120,2023-09-26,0.09,0.08617769624105233,184,207
6301,150210070,2023-07-08,3.11,1.4134230285081433,176,150
6302,150210070,2023-08-12,1.03,0.708035793053696,176,152
6303,150210070,2023-08-22,0.73,0.5481214085096876,176,151
6304,150210070,2023-08-27,1.46,0.9001613499442714,176,154
6305,150210070,2023-09-06,1.04,0.712949807856125,176,153
6306,150210070,2023-09-11,0.67,0.5128236264286637,176,147
6307,150210070,2023-09-16,0.87,0.6259384308664953,176,148
6308,152210170,2023-05-09,788.0,6.670766320845874,171,199
6309,152210170,2023-05-12,783.0,6.664409020350408,171,198
6310,152210170,2023-06-01,1120.0,7.02197642307216,171,200
6311,152210170,2023-06-03,993.0,6.901737206656574,171,201
6312,152210170,2023-06-08,962.0,6.870053411798126,171,195
6313,152210170,2023-08-12,327.0,5.793013608384144,171,196
6314,152210170,2023-08-15,386.0,5.958424693029782,171,197
6315,152210170,2023-09-06,360.0,5.8888779583328805,171,194
6316,152210170,2023-09-11,285.0,5.655991810819852,171,191
6317,152210170,2023-09-16,263.0,5.575949103146316,171,192
6318,152210170,2023-09-21,272.0,5.60947179518496,171,193
6319,152210040,2023-05-09,786.0,6.668228248417403,171,186
6320,152210040,2023-05-12,784.0,6.665683717782408,171,189
6321,152210040,2023-06-01,1110.0,7.01301578963963,171,188
6322,152210040,2023-06-08,952.0,6.859614903654202,171,187
6323,152210040,2023-07-16,466.0,6.1463292576688975,171,185
6324,152210040,2023-08-12,319.0,5.768320995793772,171,184
6325,152210040,2023-08-15,385.0,5.955837369464831,171,183
6326,152210040,2023-09-01,417.0,6.035481432524756,171,190
6327,152210040,2023-09-06,347.0,5.8522024797744745,171,178
6328,152210040,2023-09-11,276.0,5.6240175061873385,171,182
6329,152210040,2023-09-16,255.0,5.545177444479562,171,179
6330,152210040,2023-09-21,270.0,5.602118820879701,171,180
6331,152210040,2023-09-29,299.0,5.703782474656201,171,181
6332,154180050,2023-05-08,0.26,0.23111172096338664,170,132
6333,154180050,2023-05-10,0.23,0.20701416938432615,170,130
6334,154180050,2023-05-13,0.24,0.2151113796169455,170,134
6335,154180050,2023-05-30,0.24,0.2151113796169455,170,133
6336,154180050,2023-06-07,0.21,0.1906203596086497,170,135
6337,154180050,2023-06-12,0.29,0.2546422183735807,170,131
6338,154180050,2023-09-05,0.031,0.030529205034822874,170,126
6339,154180050,2023-09-07,0.031,0.030529205034822874,170,137
6340,154180050,2023-09-10,0.03,0.0295588022415444,170,127
6341,154180050,2023-09-12,0.033,0.032467190137501496,170,128
6342,154180050,2023-09-17,0.032,0.03149866705937099,170,136
6343,154180050,2023-09-25,0.036,0.035367143837291316,170,138
6344,154180050,2023-09-27,0.032,0.03149866705937099,170,129
6345,154170180,2023-05-10,2.54,1.264126727145683,188,27
6346,154170180,2023-09-12,1.47,0.9042181506398859,188,26
6347,151210010,2023-05-09,3.96,1.601405740736836,179,219
6348,151210010,2023-06-03,3.73,1.5539252025038417,179,221
6349,151210010,2023-07-08,2.68,1.3029127521808397,179,220
6350,151210010,2023-08-12,1.03,0.708035793053696,179,218
6351,151210010,2023-08-15,1.01,0.6981347220709844,179,217
6352,151210010,2023-09-06,0.63,0.48858001481867097,179,213
6353,151210010,2023-09-16,0.62,0.4824261492442927,179,214
6354,151210010,2023-09-21,0.64,0.49469624183610705,179,215
6355,151210010,2023-09-29,0.69,0.5247285289349821,179,216
6356,150190280,2023-05-04,6.02,1.9487632180377197,181,208
6357,150190280,2023-05-09,6.87,2.063058062429312,181,214
6358,150190280,2023-05-12,8.54,2.255493485460195,181,211
6359,150190280,2023-05-27,6.16,1.9685099809725544,181,213
6360,150190280,2023-06-01,6.02,1.9487632180377197,181,217
6361,150190280,2023-06-03,8.74,2.2762411176544437,181,216
6362,150190280,2023-07-08,6.28,1.9851308622085946,181,209
6363,150190280,2023-07-18,14.6,2.747270914255491,181,215
6364,150190280,2023-08-12,4.07,1.623340817603092,181,210
6365,150190280,2023-08-15,4.67,1.7351891177396608,181,207
6366,150190280,2023-08-22,4.1,1.62924053973028,181,212
6367,150190280,2023-09-06,3.92,1.5933085305042167,181,202
6368,150190280,2023-09-11,3.15,1.423108334242607,181,203
6369,150190280,2023-09-16,3.01,1.3887912413184778,181,204
6370,150190280,2023-09-21,2.97,1.3787660946990992,181,205
6371,150190280,2023-09-29,4.91,1.776645831418007,181,206
6372,151200070,2023-05-04,1.16,0.7701082216960736,182,44
6373,151200070,2023-06-03,0.97,0.6780335427498971,182,43
6374,151200070,2023-07-08,0.36,0.3074846997479606,182,47
6375,151200070,2023-08-12,0.16,0.14842000511827327,182,46
6376,151200070,2023-08-15,0.16,0.14842000511827327,182,45
6377,151200070,2023-09-06,0.14,0.1310282624064041,182,38
6378,151200070,2023-09-11,0.12,0.11332868530700317,182,39
6379,151200070,2023-09-16,0.12,0.11332868530700317,182,40
6380,151200070,2023-09-21,0.11,0.10436001532424277,182,41
6381,151200070,2023-09-29,0.13,0.12221763272424921,182,42
6382,154180080,2023-09-02,2.48,1.247032293786383,170,155
6383,154180080,2023-09-07,2.43,1.2325602611778486,170,156
6384,154180080,2023-09-12,2.37,1.2149127443642704,170,152
6385,154180080,2023-09-17,2.38,1.2178757094949273,170,153
6386,154180080,2023-09-27,2.43,1.2325602611778486,170,154
6387,150180230,2023-05-27,1.07,0.7275486072772778,161,36
6388,150180230,2023-06-01,1.25,0.8109302162163288,161,35
6389,150180230,2023-08-15,0.49,0.3987761199573678,161,34
6390,154210070,2023-05-07,1.32,0.8415671856782186,189,74
6391,154210070,2023-05-09,1.28,0.8241754429663495,189,75
6392,154210070,2023-05-12,1.29,0.8285518175661483,189,76
6393,154210070,2023-06-06,4.69,1.7387102481382395,189,71
6394,154210070,2023-06-11,5.07,1.803358605071407,189,73
6395,154210070,2023-08-15,1.12,0.7514160886839212,189,72
6396,154210070,2023-09-04,1.15,0.7654678421395714,189,77
6397,154210070,2023-09-06,1.17,0.7747271675523681,189,78
6398,154210070,2023-09-11,1.23,0.8020015854720274,189,68
6399,154210070,2023-09-16,1.05,0.7178397931503169,189,69
6400,154210070,2023-09-21,1.13,0.7561219797213337,189,70
6401,151180150,2023-05-10,0.58,0.4574248470388754,165,216
6402,151180150,2023-05-12,0.64,0.49469624183610705,165,218
6403,151180150,2023-05-27,0.36,0.3074846997479606,165,213
6404,151180150,2023-06-01,0.33,0.2851789422336624,165,212
6405,151180150,2023-06-11,0.4,0.33647223662121295,165,214
6406,151180150,2023-08-15,0.012,0.011928570865273802,165,215
6407,151180150,2023-09-29,0.004,0.003992021269537453,165,217
6408,153140080,2023-05-08,1.91,1.068153081183401,169,29
6409,153140080,2023-06-02,2.9,1.3609765531356006,169,30
6410,153140080,2023-06-07,2.35,1.208960345836975,169,31
6411,153140080,2023-06-10,1.96,1.085189268335969,169,32
6412,153140080,2023-06-12,1.8,1.0296194171811583,169,33
6413,153140080,2023-07-15,0.62,0.4824261492442927,169,34
6414,153140080,2023-09-08,0.32,0.2776317365982795,169,35
6415,153140080,2023-09-10,0.3,0.26236426446749106,169,36
6416,153200160,2023-05-07,1.76,1.0152306797290587,184,248
6417,153200160,2023-05-09,1.76,1.0152306797290587,184,246
6418,153200160,2023-05-12,1.76,1.0152306797290587,184,240
6419,153200160,2023-05-27,1.82,1.0367368849500223,184,241
6420,153200160,2023-06-06,1.82,1.0367368849500223,184,249
6421,153200160,2023-06-11,1.82,1.0367368849500223,184,242
6422,153200160,2023-08-15,0.67,0.5128236264286637,184,247
6423,153200160,2023-09-11,0.66,0.5068176023684519,184,243
6424,153200160,2023-09-16,0.63,0.48858001481867097,184,244
6425,153200160,2023-09-21,0.64,0.49469624183610705,184,245
6426,152170030,2023-05-10,0.13,0.12221763272424921,166,196
6427,152170030,2023-05-30,0.11,0.10436001532424277,166,197
6428,152170030,2023-06-04,0.12,0.11332868530700317,166,198
6429,152170030,2023-07-09,0.12,0.11332868530700317,166,195
6430,152170030,2023-09-02,0.08,0.07696104113612832,166,191
6431,152170030,2023-09-07,0.08,0.07696104113612832,166,192
6432,152170030,2023-09-12,0.07,0.06765864847381481,166,193
6433,152170030,2023-09-27,0.07,0.06765864847381481,166,194
6434,153160110,2023-05-08,3.02,1.3912819026309298,168,102
6435,153160110,2023-05-28,3.22,1.4398351280479205,168,105
6436,153160110,2023-05-30,3.17,1.4279160358107101,168,101
6437,153160110,2023-06-02,3.53,1.5107219394949427,168,103
6438,153160110,2023-06-04,3.23,1.4422019930581866,168,104
6439,153160110,2023-06-12,2.97,1.3787660946990992,168,106
6440,153160110,2023-09-07,1.64,0.9707789171582247,168,95
6441,153160110,2023-09-10,1.56,0.9400072584914712,168,96
6442,153160110,2023-09-12,1.62,0.9631743177730056,168,97
6443,153160110,2023-09-15,1.68,0.9858167945227653,168,98
6444,153160110,2023-09-25,1.88,1.0577902941478545,168,99
6445,153160110,2023-09-27,1.91,1.068153081183401,168,100
6446,153170160,2023-05-10,0.16,0.14842000511827327,168,116
6447,153170160,2023-05-30,0.2,0.18232155679395462,168,113
6448,153170160,2023-06-02,0.2,0.18232155679395462,168,114
6449,153170160,2023-06-04,0.17,0.15700374880966475,168,115
6450,153170160,2023-06-12,0.17,0.15700374880966475,168,112
6451,153170160,2023-09-10,0.09,0.08617769624105233,168,107
6452,153170160,2023-09-12,0.08,0.07696104113612832,168,108
6453,153170160,2023-09-15,0.08,0.07696104113612832,168,109
6454,153170160,2023-09-25,0.06,0.058268908123975775,168,110
6455,153170160,2023-10-17,0.07,0.06765864847381481,168,111
6456,150160210,2023-05-27,1.09,0.7371640659767197,161,106
6457,150160210,2023-07-11,0.53,0.4252677354043441,161,104
6458,150160210,2023-08-15,0.27,0.23901690047049992,161,103
6459,150160210,2023-09-07,0.17,0.15700374880966475,161,105
6460,150160210,2023-09-09,0.16,0.14842000511827327,161,100
6461,150160210,2023-09-27,0.16,0.14842000511827327,161,101
6462,150160210,2023-09-29,0.19,0.173953307123438,161,102
6463,150210050,2023-07-08,2.95,1.3737155789130306,176,195
6464,150210050,2023-08-12,0.98,0.6830968447064438,176,196
6465,150210050,2023-09-06,0.95,0.6678293725756554,176,197
6466,150210050,2023-09-11,0.8,0.5877866649021191,176,192
6467,150210050,2023-09-16,1.25,0.8109302162163288,176,193
6468,150210050,2023-09-21,1.09,0.7371640659767197,176,194
6469,151160070,2023-05-08,1.5,0.9162907318741551,162,178
6470,151160070,2023-05-28,1.5,0.9162907318741551,162,177
6471,151160070,2023-05-30,1.5,0.9162907318741551,162,176
6472,151160070,2023-06-04,1.5,0.9162907318741551,162,175
6473,151160070,2023-07-09,1.53,0.9282193027394289,162,174
6474,151160070,2023-09-07,0.9,0.6418538861723948,162,168
6475,151160070,2023-09-10,0.89,0.636576829071551,162,169
6476,151160070,2023-09-17,0.9,0.6418538861723948,162,170
6477,151160070,2023-09-27,0.91,0.6471032420585385,162,171
6478,151160070,2023-10-02,0.93,0.6575200029167942,162,172
6479,151160070,2023-10-30,0.95,0.6678293725756554,162,173
6480,150230020,2023-05-01,14.6,2.747270914255491,180,122
6481,150230020,2023-05-11,15.5,2.803360380906535,180,108
6482,150230020,2023-05-14,16.6,2.8678989020441064,180,109
6483,150230020,2023-05-21,10.7,2.4595888418037104,180,119
6484,150230020,2023-05-31,14.6,2.747270914255491,180,123
6485,150230020,2023-06-05,8.9,2.2925347571405443,180,110
6486,150230020,2023-08-14,8.46,2.247072383063787,180,120
6487,150230020,2023-08-19,12.0,2.5649493574615367,180,111
6488,150230020,2023-08-29,6.63,2.0320878452963655,180,121
6489,150230020,2023-09-06,6.96,2.0744289998562917,180,112
6490,150230020,2023-09-11,5.36,1.8500283773520307,180,113
6491,150230020,2023-09-18,5.67,1.8976198599275325,180,114
6492,150230020,2023-09-21,5.82,1.9198594718553708,180,115
6493,150230020,2023-09-26,10.1,2.4069451083182885,180,124
6494,150230020,2023-09-28,15.3,2.791165107812717,180,116
6495,150230020,2023-10-03,8.21,2.2202898502672155,180,117
6496,150230020,2023-11-02,6.63,2.0320878452963655,180,125
6497,150230020,2023-11-07,5.98,1.943048916774281,180,118
6498,149180140,2023-06-03,2.88,1.355835153635182,170,217
6499,149180140,2023-07-08,0.8,0.5877866649021191,170,218
6500,149180140,2023-07-18,1.76,1.0152306797290587,170,222
6501,149180140,2023-08-12,0.27,0.23901690047049992,170,219
6502,149180140,2023-08-15,0.24,0.2151113796169455,170,220
6503,149180140,2023-08-22,1.6,0.9555114450274365,170,221
6504,149180140,2023-09-06,0.25,0.22314355131420976,170,210
6505,149180140,2023-09-09,0.25,0.22314355131420976,170,211
6506,149180140,2023-09-11,0.22,0.1988508587451652,170,212
6507,149180140,2023-09-16,0.24,0.2151113796169455,170,213
6508,149180140,2023-09-21,0.23,0.20701416938432615,170,216
6509,149180140,2023-09-26,0.4,0.33647223662121295,170,214
6510,149180140,2023-09-29,0.37,0.31481073984003355,170,215
6511,149180160,2023-06-03,1.41,0.8796267475025636,170,206
6512,149180180,2023-06-03,0.93,0.6575200029167942,170,194
6513,149180200,2023-06-03,1.34,0.8501509293696101,170,182
6514,149180160,2023-07-08,0.38,0.32208349916911333,170,205
6515,149180180,2023-07-08,0.37,0.31481073984003355,170,193
6516,149180200,2023-07-08,0.46,0.3784364357202451,170,181
6517,149180160,2023-07-18,0.76,0.5653138090500605,170,209
6518,149180180,2023-07-18,1.05,0.7178397931503169,170,197
6519,149180160,2023-08-12,0.17,0.15700374880966475,170,207
6520,149180180,2023-08-12,0.16,0.14842000511827327,170,195
6521,149180200,2023-08-12,0.14,0.1310282624064041,170,183
6522,149180160,2023-08-15,0.08,0.07696104113612832,170,204
6523,149180180,2023-08-15,0.15,0.13976194237515868,170,192
6524,149180200,2023-08-15,0.14,0.1310282624064041,170,180
6525,149180160,2023-09-06,0.09,0.08617769624105233,170,198
6526,149180180,2023-09-06,0.08,0.07696104113612832,170,185
6527,149180200,2023-09-06,0.16,0.14842000511827327,170,174
6528,149180160,2023-09-09,0.09,0.08617769624105233,170,199
6529,149180180,2023-09-09,0.1,0.09531017980432487,170,186
6530,149180200,2023-09-09,0.11,0.10436001532424277,170,175
6531,149180160,2023-09-11,0.09,0.08617769624105233,170,200
6532,149180180,2023-09-11,0.11,0.10436001532424277,170,187
6533,149180200,2023-09-11,0.12,0.11332868530700317,170,176
6534,149180160,2023-09-16,0.09,0.08617769624105233,170,201
6535,149180180,2023-09-16,0.09,0.08617769624105233,170,188
6536,149180200,2023-09-16,0.14,0.1310282624064041,170,177
6537,149180180,2023-09-21,0.07,0.06765864847381481,170,196
6538,149180160,2023-09-26,0.26,0.23111172096338664,170,202
6539,149180180,2023-09-26,0.16,0.14842000511827327,170,189
6540,149180200,2023-09-26,0.74,0.5538851132264376,170,178
6541,149180160,2023-09-29,0.31,0.27002713721306015,170,203
6542,149180180,2023-09-29,0.08,0.07696104113612832,170,190
6543,149180200,2023-09-29,0.65,0.5007752879124893,170,179
6544,149180160,2023-10-14,0.15,0.13976194237515868,170,208
6545,149180180,2023-10-14,0.14,0.1310282624064041,170,191
6546,149180200,2023-10-14,0.12,0.11332868530700317,170,184
6547,151220040,2023-05-04,1.86,1.0508216248317612,180,55
6548,151220040,2023-08-12,0.51,0.412109650826833,180,54
6549,151220040,2023-09-06,0.29,0.2546422183735807,180,50
6550,151220040,2023-09-11,0.25,0.22314355131420976,180,51
6551,151220040,2023-09-16,0.3,0.26236426446749106,180,52
6552,151220040,2023-09-21,0.29,0.2546422183735807,180,53
6553,153220070,2023-05-09,136.0,4.919980925828125,182,195
6554,153220070,2023-06-01,132.0,4.890349128221754,182,194
6555,153220070,2023-06-03,132.0,4.890349128221754,182,192
6556,153220070,2023-06-06,131.0,4.882801922586371,182,196
6557,153220070,2023-06-08,130.0,4.875197323201151,182,191
6558,153220070,2023-07-16,60.5,4.119037174812473,182,190
6559,153220070,2023-08-12,23.0,3.1780538303479458,182,193
6560,153220070,2023-08-15,21.8,3.126760535960395,182,189
6561,153220070,2023-09-06,20.3,3.0587070727153796,182,185
6562,153220070,2023-09-11,15.6,2.8094026953624973,182,186
6563,153220070,2023-09-16,14.7,2.7536607123542622,182,187
6564,153220070,2023-09-26,14.6,2.747270914255491,182,188
6565,152200070,2023-05-09,1.49,0.9122827104766162,187,10
6566,152200070,2023-05-12,1.49,0.9122827104766162,187,8
6567,152200070,2023-05-27,1.32,0.8415671856782186,187,7
6568,152200070,2023-06-01,1.3,0.832909122935104,187,5
6569,152200070,2023-06-03,1.34,0.8501509293696101,187,6
6570,152200070,2023-06-08,1.34,0.8501509293696101,187,4
6571,152200070,2023-06-11,1.38,0.8671004876833832,186,247
6572,152200070,2023-08-12,0.15,0.13976194237515868,186,248
6573,152200070,2023-08-15,0.14,0.1310282624064041,186,249
6574,152200070,2023-09-01,0.06,0.058268908123975775,187,9
6575,152200070,2023-09-06,0.04,0.039220713153281295,187,0
6576,152200070,2023-09-11,0.024,0.023716526617316044,187,1
6577,152200070,2023-09-16,0.016,0.01587334915629015,187,2
6578,152200070,2023-09-21,0.011,0.010939940038334364,187,3
6579,150210220,2023-05-04,1.68,0.9858167945227653,180,39
6580,150210220,2023-06-03,2.14,1.144222799920162,180,38
6581,150210220,2023-07-16,0.55,0.4382549309311553,180,37
6582,150210220,2023-08-12,0.11,0.10436001532424277,180,36
6583,150210220,2023-08-15,0.15,0.13976194237515868,180,35
6584,150210220,2023-09-01,0.09,0.08617769624105233,180,40
6585,150210220,2023-09-06,0.1,0.09531017980432487,180,30
6586,150210220,2023-09-16,0.1,0.09531017980432487,180,31
6587,150210220,2023-09-21,0.08,0.07696104113612832,180,32
6588,150210220,2023-09-29,0.5,0.4054651081081644,180,33
6589,150210220,2023-10-14,0.1,0.09531017980432487,180,34
6590,152190030,2023-05-10,1430.0,7.266128779556451,172,3
6591,152190030,2023-05-12,1440.0,7.273092595999522,172,4
6592,152190030,2023-06-01,1730.0,7.456454555176209,172,1
6593,152190030,2023-06-11,1540.0,7.340186835320115,172,2
6594,152190030,2023-07-14,928.0,6.834108738813838,172,0
6595,152190030,2023-08-15,540.0,6.293419278846481,171,249
6596,152190030,2023-09-02,656.0,6.487684018484611,171,245
6597,152190030,2023-09-07,552.0,6.315358001522335,171,247
6598,152190030,2023-09-12,455.0,6.1224928095143865,171,246
6599,152190030,2023-10-17,636.0,6.456769655572163,171,248
6600,152190020,2023-05-10,5.48,1.8687205103641835,187,59
6601,152190020,2023-05-12,5.66,1.8961194845522977,187,60
6602,152190020,2023-05-30,5.13,1.81319474994812,187,63
6603,152190020,2023-06-01,5.62,1.890095369948917,187,57
6604,152190020,2023-06-11,5.9,1.9315214116032138,187,61
6605,152190020,2023-07-14,3.16,1.425515074273172,187,62
6606,152190020,2023-08-15,0.85,0.6151856390902335,187,58
6607,152190020,2023-09-02,0.83,0.6043159668533296,187,53
6608,152190020,2023-09-07,0.42,0.35065687161316933,187,54
6609,152190020,2023-09-12,0.43,0.3576744442718159,187,55
6610,152190020,2023-10-17,0.34,0.29266961396282,187,56
6611,151230040,2023-05-01,105.0,4.663439094112067,185,82
6612,151230040,2023-05-11,105.0,4.663439094112067,185,86
6613,151230040,2023-05-21,113.0,4.736198448394496,185,80
6614,151230040,2023-05-24,110.0,4.709530201312334,185,88
6615,151230040,2023-05-29,105.0,4.663439094112067,185,85
6616,151230040,2023-05-31,106.0,4.672828834461906,185,89
6617,151230040,2023-06-05,110.0,4.709530201312334,185,81
6618,151230040,2023-07-05,127.0,4.852030263919617,185,87
6619,151230040,2023-08-19,43.0,3.784189633918261,185,83
6620,151230040,2023-08-29,59.0,4.0943445622221,185,84
6621,151230040,2023-09-06,54.5,4.0163830207523885,185,74
6622,151230040,2023-09-16,30.9,3.462606009790799,185,75
6623,151230040,2023-09-18,31.4,3.4781584227982836,185,76
6624,151230040,2023-09-21,36.5,3.624340932976365,185,77
6625,151230040,2023-09-26,33.9,3.5524868292083815,185,78
6626,151230040,2023-09-28,32.3,3.505557396986398,185,79
6627,150150100,2023-05-08,6.95,2.0731719286662407,163,129
6628,150150100,2023-05-28,6.04,1.951608170169951,163,128
6629,150150100,2023-05-30,6.14,1.965712776351493,163,125
6630,150150100,2023-06-04,6.55,2.0215475632609334,163,126
6631,150150100,2023-07-09,3.7,1.547562508716013,163,127
6632,150150100,2023-09-07,1.2,0.7884573603642702,163,119
6633,150150100,2023-09-10,0.91,0.6471032420585385,163,120
6634,150150100,2023-09-17,0.99,0.688134638736401,163,121
6635,150150100,2023-09-27,1.15,0.7654678421395714,163,122
6636,150150100,2023-10-02,2.85,1.3480731482996928,163,123
6637,150150100,2023-10-30,7.13,2.0955609235597192,163,124
6638,153220220,2023-05-09,6.73,2.0451088625993306,184,28
6639,153220220,2023-06-08,5.88,1.9286186519452522,184,27
6640,153220220,2023-09-11,0.72,0.5423242908253616,184,23
6641,153220220,2023-09-16,0.7,0.5306282510621704,184,24
6642,153220220,2023-09-21,0.68,0.5187937934151676,184,25
6643,153220220,2023-09-26,0.67,0.5128236264286637,184,26
6644,152210070,2023-05-12,10.2,2.4159137783010487,182,97
6645,152210070,2023-06-01,4.74,1.747459210331475,182,95
6646,152210070,2023-07-16,2.19,1.1600209167967532,182,99
6647,152210070,2023-08-12,1.13,0.7561219797213337,182,96
6648,152210070,2023-08-15,1.2,0.7884573603642702,182,98
6649,152210070,2023-09-06,0.92,0.6523251860396903,182,91
6650,152210070,2023-09-11,0.75,0.5596157879354227,182,92
6651,152210070,2023-09-16,0.82,0.598836501088704,182,93
6652,152210070,2023-09-29,0.73,0.5481214085096876,182,94
6653,152160050,2023-05-08,126.0,4.844187086458591,165,108
6654,152160050,2023-05-10,125.0,4.836281906951478,165,112
6655,152160050,2023-05-28,123.0,4.820281565605037,165,113
6656,152160050,2023-05-30,116.0,4.762173934797756,165,109
6657,152160050,2023-06-02,112.0,4.727387818712341,165,111
6658,152160050,2023-06-04,108.0,4.6913478822291435,165,114
6659,152160050,2023-07-07,82.6,4.426043520090656,165,110
6660,152160050,2023-07-09,78.2,4.37197629882038,165,107
6661,152160050,2023-09-07,35.0,3.58351893845611,165,102
6662,152160050,2023-09-10,31.7,3.4873750779032076,165,103
6663,152160050,2023-09-12,32.0,3.4965075614664802,165,104
6664,152160050,2023-09-15,30.4,3.4468078929142076,165,105
6665,152160050,2023-11-26,37.4,3.648057459593681,165,106
6666,152200150,2023-05-09,1390.0,7.237778191923443,171,219
6667,152200150,2023-05-12,1360.0,7.215975002651466,171,222
6668,152200150,2023-05-27,1320.0,7.186144304522325,171,226
6669,152200150,2023-06-03,1530.0,7.333676395657684,171,223
6670,152200150,2023-06-08,1530.0,7.333676395657684,171,224
6671,152200150,2023-06-11,1520.0,7.327123292259293,171,225
6672,152200150,2023-08-12,506.0,6.2285110035911835,171,220
6673,152200150,2023-08-15,540.0,6.293419278846481,171,221
6674,152200150,2023-09-06,529.0,6.272877006546167,171,217
6675,152200150,2023-09-11,456.0,6.124683390894205,171,218
6676,152200150,2023-09-16,422.0,6.0473721790462776,171,215
6677,152200150,2023-09-21,422.0,6.0473721790462776,171,216
6678,153170040,2023-05-10,1.82,1.0367368849500223,167,239
6679,153170040,2023-05-28,2.41,1.2267122912954256,167,234
6680,153170040,2023-05-30,2.38,1.2178757094949273,167,237
6681,153170040,2023-06-02,2.0,1.0986122886681096,167,240
6682,153170040,2023-06-04,2.24,1.1755733298042381,167,235
6683,153170040,2023-06-12,2.13,1.1410330045520618,167,238
6684,153170040,2023-06-22,1.76,1.0152306797290587,167,236
6685,153170040,2023-09-07,0.61,0.4762341789963716,167,228
6686,153170040,2023-09-10,0.6,0.4700036292457356,167,229
6687,153170040,2023-09-12,0.59,0.46373401623214017,167,230
6688,153170040,2023-09-15,0.54,0.43178241642553783,167,231
6689,153170040,2023-09-25,0.42,0.35065687161316933,167,232
6690,153170040,2023-10-17,0.77,0.5709795465857378,167,233
6691,152210090,2023-05-09,312.0,5.746203190540153,185,161
6692,152210090,2023-05-12,299.0,5.703782474656201,185,156
6693,152210090,2023-05-14,301.0,5.71042701737487,185,162
6694,152210090,2023-06-01,281.0,5.641907070938114,185,158
6695,152210090,2023-06-03,278.0,5.631211781821365,185,157
6696,152210090,2023-06-08,272.0,5.60947179518496,185,160
6697,152210090,2023-07-16,214.0,5.3706380281276624,185,159
6698,152210090,2023-08-12,83.1,4.432006566978902,185,154
6699,152210090,2023-08-15,83.9,4.441474093317302,185,155
6700,152210090,2023-09-06,99.1,4.6061696863211745,185,150
6701,152210090,2023-09-11,87.6,4.484131857611035,185,151
6702,152210090,2023-09-16,72.4,4.29592393562047,185,152
6703,152210090,2023-09-26,63.3,4.163559631243574,185,153
6704,152200030,2023-05-09,1410.0,7.2520539518528135,171,233
6705,152200030,2023-05-12,1370.0,7.223295679562314,171,237
6706,152200030,2023-05-27,1320.0,7.186144304522325,171,239
6707,152200030,2023-06-01,1640.0,7.403061091090091,171,238
6708,152200030,2023-06-03,1580.0,7.3658128372094716,171,234
6709,152200030,2023-06-08,1560.0,7.353081920515432,171,236
6710,152200030,2023-06-11,1560.0,7.353081920515432,171,235
6711,152200030,2023-08-12,519.0,6.253828811575473,171,231
6712,152200030,2023-08-15,542.0,6.297109319933935,171,232
6713,152200030,2023-09-06,548.0,6.3080984415095305,171,229
6714,152200030,2023-09-11,470.0,6.154858094016418,171,227
6715,152200030,2023-09-16,431.0,6.068425588244111,171,228
6716,152200030,2023-09-21,432.0,6.07073772800249,171,230
6717,153160190,2023-05-08,5.44,1.8625285401162623,168,91
6718,153160190,2023-05-10,5.55,1.8794650496471605,168,94
6719,153160190,2023-05-28,5.84,1.922787731634459,168,93
6720,153160190,2023-05-30,5.84,1.922787731634459,168,83
6721,153160190,2023-06-02,6.86,2.061786606441115,168,84
6722,153160190,2023-06-04,5.98,1.943048916774281,168,92
6723,153160190,2023-06-12,5.7,1.9021075263969205,168,85
6724,153160190,2023-09-10,2.64,1.2919836816486494,168,86
6725,153160190,2023-09-12,2.53,1.2612978709452054,168,87
6726,153160190,2023-09-15,2.7,1.308332819650179,168,88
6727,153160190,2023-09-25,2.97,1.3787660946990992,168,89
6728,153160190,2023-09-27,3.07,1.4036429994545037,168,90
6729,152230200,2023-05-01,259.0,5.560681631015528,185,110
6730,152230200,2023-05-11,222.0,5.407171771460119,185,111
6731,152230200,2023-05-21,271.0,5.605802066295998,185,115
6732,152230200,2023-05-26,244.0,5.501258210544727,185,116
6733,152230200,2023-05-29,228.0,5.43372200355424,185,114
6734,152230200,2023-05-31,220.0,5.3981627015177525,185,112
6735,152230200,2023-06-05,219.0,5.393627546352361,185,109
6736,152230200,2023-06-08,221.0,5.402677381872279,185,117
6737,152230200,2023-07-05,208.0,5.342334251964811,185,113
6738,152230200,2023-09-16,52.6,3.9815490680767565,185,104
6739,152230200,2023-09-18,52.0,3.970291913552122,185,105
6740,152230200,2023-09-21,52.8,3.9852734671677386,185,106
6741,152230200,2023-09-26,54.3,4.012772908528289,185,107
6742,152230200,2023-09-28,54.8,4.021773869387265,185,108
6743,149220050,2023-05-01,10.7,2.4595888418037104,178,149
6744,149220050,2023-05-21,9.35,2.336986519711378,178,148
6745,149220050,2023-05-31,20.5,3.068052935133617,178,150
6746,149220050,2023-06-03,16.9,2.884800712846709,178,145
6747,149220050,2023-07-15,2.0,1.0986122886681096,178,146
6748,149220050,2023-08-14,8.47,2.248128907197987,178,144
6749,149220050,2023-08-27,4.8,1.7578579175523736,178,147
6750,149220050,2023-09-06,2.17,1.1537315878891892,178,143
6751,149220050,2023-09-11,1.47,0.9042181506398859,178,137
6752,149220050,2023-09-16,1.78,1.0224509277025458,178,138
6753,149220050,2023-09-21,1.68,0.9858167945227653,178,139
6754,149220050,2023-09-26,2.99,1.3837912309017721,178,140
6755,149220050,2023-09-28,2.38,1.2178757094949273,178,141
6756,149220050,2023-10-03,2.04,1.1118575154181303,178,142
6757,151150160,2023-05-08,0.96,0.6729444732424258,162,210
6758,151150160,2023-05-28,1.0,0.6931471805599453,162,206
6759,151150160,2023-05-30,0.77,0.5709795465857378,162,209
6760,151150160,2023-06-04,1.19,0.7839015438284094,162,207
6761,151150160,2023-07-09,0.56,0.44468582126144574,162,208
6762,151150160,2023-09-07,0.2,0.18232155679395462,162,200
6763,151150160,2023-09-10,0.21,0.1906203596086497,162,201
6764,151150160,2023-09-17,0.18,0.16551443847757338,162,202
6765,151150160,2023-09-27,0.17,0.15700374880966475,162,203
6766,151150160,2023-10-02,0.17,0.15700374880966475,162,204
6767,151150160,2023-10-30,0.73,0.5481214085096876,162,205
6768,150220120,2023-05-01,3.34,1.4678743481123135,180,189
6769,150220120,2023-05-11,4.59,1.7209792871670078,180,187
6770,150220120,2023-05-14,3.75,1.55814461804655,180,193
6771,150220120,2023-05-21,3.1,1.410986973710262,180,186
6772,150220120,2023-05-31,3.52,1.5085119938441398,180,191
6773,150220120,2023-06-05,3.42,1.4861396960896067,180,192
6774,150220120,2023-08-14,2.48,1.247032293786383,180,177
6775,150220120,2023-08-19,2.8,1.33500106673234,180,178
6776,150220120,2023-08-29,2.31,1.1969481893889715,180,179
6777,150220120,2023-09-11,2.02,1.1052568313867783,180,180
6778,150220120,2023-09-16,1.94,1.0784095813505903,180,188
6779,150220120,2023-09-18,1.94,1.0784095813505903,180,181
6780,150220120,2023-09-21,1.95,1.0818051703517284,180,182
6781,150220120,2023-09-26,2.54,1.264126727145683,180,194
6782,150220120,2023-09-28,2.71,1.3110318766193438,180,183
6783,150220120,2023-10-03,1.96,1.085189268335969,180,184
6784,150220120,2023-11-02,1.91,1.068153081183401,180,190
6785,150220120,2023-11-07,1.82,1.0367368849500223,180,185
6786,149190320,2023-06-03,0.1,0.09531017980432487,175,174
6787,149190320,2023-07-08,0.1,0.09531017980432487,175,175
6788,149190320,2023-08-15,0.09,0.08617769624105233,175,180
6789,149190320,2023-09-06,0.07,0.06765864847381481,175,182
6790,149190320,2023-09-09,0.05,0.04879016416943201,175,181
6791,149190320,2023-09-11,0.045,0.04401688541677432,175,176
6792,149190320,2023-09-26,0.045,0.04401688541677432,175,177
6793,149190320,2023-09-29,0.06,0.058268908123975775,175,178
6794,149190320,2023-10-14,0.06,0.058268908123975775,175,179
6795,149190380,2023-06-03,2.2,1.1631508098056809,175,156
6796,149190380,2023-07-08,3.09,1.4085449700547104,175,157
6797,149190380,2023-08-15,2.8,1.33500106673234,175,158
6798,149190380,2023-09-06,2.03,1.1085626195212777,175,163
6799,149190380,2023-09-09,1.65,0.9745596399981308,175,164
6800,149190380,2023-09-11,1.61,0.9593502213346021,175,159
6801,149190380,2023-09-26,5.13,1.81319474994812,175,160
6802,149190380,2023-09-29,1.92,1.0715836162801904,175,161
6803,149190380,2023-10-14,2.04,1.1118575154181303,175,162
6804,152220010,2023-08-12,1.36,0.8586616190375187,186,85
6805,152220010,2023-09-06,1.01,0.6981347220709844,186,82
6806,152220010,2023-09-11,0.88,0.6312717768418579,186,83
6807,152220010,2023-09-16,0.89,0.636576829071551,186,84
6808,152210060,2023-06-01,188.0,5.241747015059643,182,246
6809,152210060,2023-06-03,194.0,5.272999558563747,182,245
6810,152210060,2023-06-08,199.0,5.298317366548036,182,244
6811,152210060,2023-08-12,48.5,3.9019726695746444,182,243
6812,152210060,2023-08-15,46.0,3.8501476017100584,182,242
6813,152210060,2023-09-06,42.5,3.7727609380946383,182,237
6814,152210060,2023-09-11,38.5,3.676300671907076,182,238
6815,152210060,2023-09-16,35.1,3.586292865338835,182,239
6816,152210060,2023-09-21,34.4,3.5667118201397288,182,240
6817,152210060,2023-09-26,36.7,3.629660094453965,182,241
6818,154180030,2023-05-10,1.38,0.8671004876833832,170,147
6819,154180030,2023-05-13,1.52,0.924258901523332,170,146
6820,154180030,2023-05-28,1.52,0.924258901523332,170,139
6821,154180030,2023-05-30,1.49,0.9122827104766162,170,149
6822,154180030,2023-06-02,1.44,0.8919980393051105,170,148
6823,154180030,2023-06-07,1.31,0.8372475245337022,170,140
6824,154180030,2023-06-12,2.29,1.1908875647772805,170,141
6825,154180030,2023-09-05,0.85,0.6151856390902335,170,142
6826,154180030,2023-09-07,0.81,0.5933268452777344,170,151
6827,154180030,2023-09-10,0.79,0.5822156198526637,170,143
6828,154180030,2023-09-12,0.83,0.6043159668533296,170,144
6829,154180030,2023-09-25,0.93,0.6575200029167942,170,150
6830,154180030,2023-09-27,0.91,0.6471032420585385,170,145
6831,150220130,2023-05-01,11.0,2.4849066497880004,178,217
6832,150220130,2023-08-14,2.42,1.2296405510745139,178,216
6833,150220130,2023-08-29,3.81,1.5706970841176697,178,219
6834,150220130,2023-09-06,3.62,1.5303947050936475,178,218
6835,150220130,2023-09-11,2.07,1.1216775615991057,178,211
6836,150220130,2023-09-21,2.16,1.1505720275988207,178,212
6837,150220130,2023-09-28,5.31,1.8421356765531218,178,213
6838,150220130,2023-10-03,2.62,1.2864740258376797,178,214
6839,150220130,2023-10-18,1.88,1.0577902941478545,178,215
6840,154180110,2023-05-07,4.82,1.7613002617433464,188,124
6841,154180110,2023-05-10,4.56,1.715598108262491,188,125
6842,154180110,2023-05-12,4.43,1.691939133945844,188,126
6843,154180110,2023-05-27,4.69,1.7387102481382395,188,116
6844,154180110,2023-06-11,3.99,1.6074359097634274,188,117
6845,154180110,2023-08-15,2.29,1.1908875647772805,188,118
6846,154180110,2023-08-23,2.2,1.1631508098056809,188,123
6847,154180110,2023-09-07,2.03,1.1085626195212777,188,119
6848,154180110,2023-09-12,1.97,1.0885619528146082,188,120
6849,154180110,2023-09-17,2.38,1.2178757094949273,188,121
6850,154180110,2023-10-17,2.83,1.3428648031925547,188,122
6851,153210180,2023-05-09,1.38,0.8671004876833832,184,185
6852,153210180,2023-05-12,1.77,1.0188473201992472,184,182
6853,153210180,2023-05-14,1.8,1.0296194171811583,184,183
6854,153210180,2023-06-01,1.24,0.8064758658669485,184,181
6855,153210180,2023-06-03,1.45,0.8960880245566356,184,179
6856,153210180,2023-06-08,1.22,0.7975071958841881,184,180
6857,153210180,2023-07-16,0.39,0.3293037471426004,184,184
6858,153210180,2023-08-12,0.18,0.16551443847757338,184,178
6859,153210180,2023-08-15,0.18,0.16551443847757338,184,177
6860,153210180,2023-09-11,0.12,0.11332868530700317,184,173
6861,153210180,2023-09-16,0.11,0.10436001532424277,184,174
6862,153210180,2023-09-21,0.1,0.09531017980432487,184,175
6863,153210180,2023-09-26,0.11,0.10436001532424277,184,176
6864,149190170,2023-06-03,29.7,3.4242626545931514,174,32
6865,149190170,2023-07-08,16.9,2.884800712846709,174,28
6866,149190170,2023-07-18,43.4,3.793239469438179,174,27
6867,149190170,2023-08-12,6.79,2.052840859882657,174,29
6868,149190170,2023-08-15,6.82,2.05668455455722,174,30
6869,149190170,2023-08-22,6.48,2.012232791986386,174,31
6870,149190170,2023-09-06,6.82,2.05668455455722,174,20
6871,149190170,2023-09-09,6.36,1.9960599327407849,174,21
6872,149190170,2023-09-11,6.61,2.0294631718735947,174,22
6873,149190170,2023-09-16,6.6,2.028148247292285,174,23
6874,149190170,2023-09-21,6.63,2.0320878452963655,174,24
6875,149190170,2023-09-26,9.89,2.387844936944869,174,25
6876,149190170,2023-09-29,7.07,2.0881534822818573,174,26
6877,149220130,2023-05-01,16.0,2.833213344056216,177,140
6878,149220130,2023-05-21,19.7,3.0301337002713233,177,139
6879,149220130,2023-05-31,29.8,3.427514689979529,177,138
6880,149220130,2023-06-03,33.3,3.535145354171894,177,136
6881,149220130,2023-08-14,16.6,2.8678989020441064,177,134
6882,149220130,2023-08-29,8.36,2.2364452904895007,177,137
6883,149220130,2023-09-06,6.24,1.979621206397625,177,135
6884,149220130,2023-09-08,8.17,2.2159372862683733,177,141
6885,149220130,2023-09-11,3.15,1.423108334242607,177,130
6886,149220130,2023-09-26,7.69,2.162172939277301,177,131
6887,149220130,2023-09-28,7.41,2.1294214739848565,177,133
6888,149220130,2023-10-18,4.37,1.6808279085207734,177,132
6889,151190110,2023-05-09,6.66,2.0360119837525,182,66
6890,151190110,2023-05-12,9.13,2.315501318260592,182,68
6891,151190110,2023-06-01,3.66,1.5390154481375546,182,63
6892,151190110,2023-06-03,3.66,1.5390154481375546,182,58
6893,151190110,2023-06-08,5.17,1.8196988379172965,182,64
6894,151190110,2023-08-12,1.98,1.091923300517313,182,65
6895,151190110,2023-08-15,1.73,1.0043016091968684,182,67
6896,151190110,2023-09-06,1.02,0.7030975114131134,182,59
6897,151190110,2023-09-11,1.0,0.6931471805599453,182,60
6898,151190110,2023-09-16,1.36,0.8586616190375187,182,61
6899,151190110,2023-09-21,1.13,0.7561219797213337,182,62
6900,153230060,2023-05-01,0.73,0.5481214085096876,183,126
6901,153230060,2023-05-11,1.39,0.8712933659434192,183,127
6902,153230060,2023-05-21,0.9,0.6418538861723948,183,128
6903,153230060,2023-05-26,1.28,0.8241754429663495,183,129
6904,153220180,2023-05-29,1.53,0.9282193027394289,183,150
6905,153230060,2023-05-29,0.85,0.6151856390902335,183,130
6906,153230060,2023-06-05,0.9,0.6418538861723948,183,131
6907,153220180,2023-06-08,1.16,0.7701082216960736,183,149
6908,153230060,2023-06-08,0.78,0.5766133643039938,183,132
6909,153230060,2023-07-05,0.43,0.3576744442718159,183,133
6910,153230060,2023-07-10,0.38,0.32208349916911333,183,139
6911,153230060,2023-09-11,0.23,0.20701416938432615,183,140
6912,153220180,2023-09-16,0.09,0.08617769624105233,183,147
6913,153230060,2023-09-16,0.25,0.22314355131420976,183,134
6914,153230060,2023-09-18,1.08,0.7323678937132266,183,138
6915,153230060,2023-09-21,0.38,0.32208349916911333,183,135
6916,153220180,2023-09-26,0.11,0.10436001532424277,183,148
6917,153230060,2023-09-26,0.24,0.2151113796169455,183,136
6918,153230060,2023-09-28,1.09,0.7371640659767197,183,137
6919,154170150,2023-05-08,0.62,0.4824261492442927,170,61
6920,154170150,2023-05-10,0.55,0.4382549309311553,170,59
6921,154170150,2023-06-12,0.52,0.41871033485818504,170,58
6922,154170150,2023-09-05,0.39,0.3293037471426004,170,55
6923,154170150,2023-09-10,0.37,0.31481073984003355,170,56
6924,154170150,2023-09-12,0.37,0.31481073984003355,170,57
6925,154170150,2023-09-15,0.36,0.3074846997479606,170,60
6926,150210190,2023-05-01,883.0,6.784457062637643,171,145
6927,150210190,2023-05-04,617.0,6.42648845745769,171,148
6928,150210190,2023-05-21,494.0,6.20455776256869,171,143
6929,150210190,2023-06-03,650.0,6.478509642208569,171,144
6930,150210190,2023-06-05,719.0,6.579251212010101,171,147
6931,150210190,2023-07-05,425.0,6.054439346269371,171,150
6932,150210190,2023-08-12,280.0,5.638354669333745,171,149
6933,150210190,2023-08-14,274.0,5.616771097666572,171,141
6934,150210190,2023-08-19,304.0,5.720311776607412,171,146
6935,150210190,2023-09-06,241.0,5.488937726156687,171,134
6936,150210190,2023-09-11,182.0,5.209486152841421,171,135
6937,150210190,2023-09-16,253.0,5.537334267018537,171,136
6938,150210190,2023-09-18,199.0,5.298317366548036,171,137
6939,150210190,2023-09-21,219.0,5.393627546352361,171,138
6940,150210190,2023-09-28,424.0,6.052089168924417,171,139
6941,150210190,2023-10-18,244.0,5.501258210544727,171,142
6942,150210190,2023-11-07,317.0,5.762051382780177,171,140
6943,149190190,2023-06-03,2.17,1.1537315878891892,174,39
6944,149190190,2023-07-08,1.4,0.8754687373538999,174,40
6945,149190190,2023-08-12,0.62,0.4824261492442927,174,41
6946,149190190,2023-08-15,0.57,0.4510756193602167,174,42
6947,149190190,2023-09-06,0.42,0.35065687161316933,174,33
6948,149190190,2023-09-09,0.35,0.30010459245033805,174,34
6949,149190190,2023-09-11,0.36,0.3074846997479606,174,43
6950,149190190,2023-09-16,0.43,0.3576744442718159,174,35
6951,149190190,2023-09-21,0.39,0.3293037471426004,174,36
6952,149190190,2023-09-26,2.19,1.1600209167967532,174,37
6953,149190190,2023-09-29,0.79,0.5822156198526637,174,38
6954,152150220,2023-05-08,3.73,1.5539252025038417,167,21
6955,152150220,2023-05-28,5.22,1.827769906751088,167,20
6956,152150220,2023-05-30,5.06,1.801709800081223,167,18
6957,152150220,2023-06-04,4.22,1.6524974018945473,167,19
6958,152150220,2023-07-09,2.71,1.3110318766193438,167,16
6959,152150220,2023-08-23,0.25,0.22314355131420976,167,17
6960,152150220,2023-09-07,0.36,0.3074846997479606,167,15
6961,152150220,2023-09-10,0.35,0.30010459245033805,167,14
6962,149210100,2023-05-01,5.52,1.8748743759385615,177,61
6963,149210100,2023-05-31,8.59,2.2607208888953467,177,46
6964,149210100,2023-06-03,8.73,2.2752138961979136,177,56
6965,149210100,2023-07-08,1.02,0.7030975114131134,177,58
6966,149210100,2023-07-15,0.79,0.5822156198526637,177,54
6967,149210100,2023-08-14,0.97,0.6780335427498971,177,57
6968,149210100,2023-08-27,2.85,1.3480731482996928,177,55
6969,149210100,2023-09-06,1.63,0.9669838461896731,177,60
6970,149210100,2023-09-08,1.04,0.712949807856125,177,59
6971,149210100,2023-09-11,0.74,0.5538851132264376,177,47
6972,149210100,2023-09-16,0.71,0.5364933705145685,177,48
6973,149210100,2023-09-21,0.68,0.5187937934151676,177,49
6974,149210100,2023-09-26,1.68,0.9858167945227653,177,50
6975,149210100,2023-09-28,1.23,0.8020015854720274,177,51
6976,149210100,2023-10-03,1.69,0.9895411936137477,177,52
6977,149210100,2023-10-18,0.56,0.44468582126144574,177,53
6978,150170010,2023-05-05,1.74,1.007957920399979,161,197
6979,150170010,2023-05-12,1.57,0.9439058989071285,161,203
6980,150170010,2023-05-27,1.89,1.0612565021243408,161,198
6981,150170010,2023-06-04,2.91,1.3635373739972745,161,199
6982,150170010,2023-07-09,1.56,0.9400072584914712,161,200
6983,150170010,2023-08-15,0.43,0.3576744442718159,161,204
6984,150170010,2023-08-25,0.47,0.3852624007906449,161,201
6985,150170010,2023-09-07,0.56,0.44468582126144574,161,202
6986,151170050,2023-05-05,4.61,1.724550719534605,162,98
6987,151170050,2023-05-12,4.22,1.6524974018945473,162,97
6988,151170050,2023-05-27,2.84,1.3454723665996355,162,104
6989,151170050,2023-06-04,2.78,1.3297240096314962,162,99
6990,151170050,2023-07-09,1.8,1.0296194171811583,162,101
6991,151170050,2023-08-15,0.48,0.3920420877760237,162,96
6992,151170050,2023-08-18,0.46,0.3784364357202451,162,103
6993,151170050,2023-08-23,0.42,0.35065687161316933,162,100
6994,151170050,2023-08-25,0.38,0.32208349916911333,162,102
6995,151170050,2023-09-07,0.41,0.3435897043900769,162,94
6996,151170050,2023-09-27,0.3,0.26236426446749106,162,95
6997,149180050,2023-07-11,0.43,0.3576744442718159,160,143
6998,149180050,2023-08-15,0.23,0.20701416938432615,160,142
6999,149180050,2023-09-09,0.15,0.13976194237515868,160,140
7000,149180050,2023-09-29,0.18,0.16551443847757338,160,141
7001,154230040,2023-05-01,3.61,1.5282278570085572,189,183
7002,154230040,2023-05-09,3.54,1.5129270120532565,189,182
7003,154230040,2023-05-11,3.56,1.5173226235262947,189,180
7004,154230040,2023-05-21,3.62,1.5303947050936475,189,181
7005,154230040,2023-05-26,3.62,1.5303947050936475,189,179
7006,154230040,2023-06-05,3.37,1.4747630091074988,189,178
7007,154230040,2023-07-05,2.61,1.2837077723447896,189,177
7008,154230040,2023-09-08,0.59,0.46373401623214017,189,171
7009,154230040,2023-09-11,0.5,0.4054651081081644,189,172
7010,154230040,2023-09-16,0.44,0.36464311358790924,189,173
7011,154230040,2023-09-21,0.42,0.35065687161316933,189,174
7012,154230040,2023-09-26,0.42,0.35065687161316933,189,175
7013,154230040,2023-09-28,0.42,0.35065687161316933,189,176
7014,152220030,2023-05-09,0.66,0.5068176023684519,186,69
7015,152220030,2023-05-14,0.78,0.5766133643039938,186,65
7016,152220030,2023-06-08,0.82,0.598836501088704,186,66
7017,152220030,2023-08-12,0.13,0.12221763272424921,186,67
7018,152220030,2023-09-06,0.09,0.08617769624105233,186,68
7019,152220030,2023-09-11,0.13,0.12221763272424921,186,61
7020,152220030,2023-09-16,0.1,0.09531017980432487,186,62
7021,152220030,2023-09-21,0.07,0.06765864847381481,186,63
7022,152220030,2023-09-26,0.07,0.06765864847381481,186,64
7023,149200280,2023-07-08,110.0,4.709530201312334,175,120
7024,149200280,2023-08-12,87.3,4.480740107609915,175,118
7025,149200280,2023-08-22,53.8,4.00369019395397,175,121
7026,149200280,2023-09-06,51.0,3.9512437185814275,175,119
7027,149200280,2023-09-11,50.2,3.9357395320454622,175,114
7028,149200280,2023-09-16,44.6,3.8199077165203406,175,115
7029,149200280,2023-09-21,50.5,3.9415818076696905,175,116
7030,149200280,2023-09-26,92.9,4.542230386214217,175,117
7031,151140060,2023-05-28,30.3,3.4436180975461075,164,125
7032,151150010,2023-05-28,1.05,0.7178397931503169,164,187
7033,151140060,2023-05-30,22.6,3.1612467120315646,164,129
7034,151150010,2023-05-30,0.8,0.5877866649021191,164,185
7035,151140060,2023-06-04,30.0,3.4339872044851463,164,130
7036,151150010,2023-06-04,1.33,0.8458682675776092,164,186
7037,151140060,2023-07-09,9.5,2.3513752571634776,164,131
7038,151150010,2023-07-09,0.44,0.36464311358790924,164,188
7039,151140060,2023-08-11,4.58,1.7191887763932197,164,133
7040,151150010,2023-08-11,0.17,0.15700374880966475,164,189
7041,151140060,2023-08-23,5.13,1.81319474994812,164,132
7042,151150010,2023-08-23,0.17,0.15700374880966475,164,190
7043,151140060,2023-09-07,3.73,1.5539252025038417,164,126
7044,151150010,2023-09-07,0.13,0.12221763272424921,164,182
7045,151140060,2023-09-10,2.97,1.3787660946990992,164,127
7046,151150010,2023-09-10,0.1,0.09531017980432487,164,183
7047,151140060,2023-09-17,3.4,1.4816045409242156,164,128
7048,151150010,2023-09-17,0.1,0.09531017980432487,164,184
7049,150220170,2023-05-01,2.69,1.3056264580524357,180,66
7050,150220170,2023-05-11,2.83,1.3428648031925547,180,70
7051,150220170,2023-05-14,2.88,1.355835153635182,180,72
7052,150220170,2023-05-31,2.76,1.324418957401803,180,71
7053,150220170,2023-06-05,2.65,1.2947271675944,180,73
7054,150220170,2023-08-14,1.65,0.9745596399981308,180,67
7055,150220170,2023-08-19,2.06,1.1184149159642893,180,69
7056,150220170,2023-08-29,1.56,0.9400072584914712,180,68
7057,150220170,2023-09-06,1.48,0.9082585601768908,180,56
7058,150220170,2023-09-11,1.47,0.9042181506398859,180,57
7059,150220170,2023-09-16,1.38,0.8671004876833832,180,65
7060,150220170,2023-09-18,1.41,0.8796267475025636,180,58
7061,150220170,2023-09-21,1.45,0.8960880245566356,180,59
7062,150220170,2023-09-26,1.85,1.0473189942805592,180,60
7063,150220170,2023-09-28,2.05,1.11514159061932,180,61
7064,150220170,2023-10-03,1.7,0.9932517730102834,180,62
7065,150220170,2023-11-02,1.62,0.9631743177730056,180,63
7066,150220170,2023-11-07,1.36,0.8586616190375187,180,64
7067,149190090,2023-05-27,0.91,0.6471032420585385,173,166
7068,149190090,2023-06-03,1.02,0.7030975114131134,173,152
7069,149190090,2023-07-08,0.68,0.5187937934151676,173,153
7070,149190090,2023-07-11,0.57,0.4510756193602167,173,167
7071,149190090,2023-07-18,1.98,1.091923300517313,173,154
7072,149190090,2023-08-12,0.47,0.3852624007906449,173,155
7073,149190090,2023-08-15,0.45,0.37156355643248307,173,156
7074,149190090,2023-08-22,0.56,0.44468582126144574,173,164
7075,149190090,2023-09-06,0.38,0.32208349916911333,173,157
7076,149190090,2023-09-09,0.35,0.30010459245033805,173,158
7077,149190090,2023-09-11,0.4,0.33647223662121295,173,159
7078,149190090,2023-09-16,0.45,0.37156355643248307,173,165
7079,149190090,2023-09-21,0.37,0.31481073984003355,173,160
7080,149190090,2023-09-26,2.25,1.1786549963416462,173,161
7081,149190090,2023-09-29,0.63,0.48858001481867097,173,162
7082,149190090,2023-10-14,0.57,0.4510756193602167,173,163
7083,150200170,2023-07-08,114.0,4.74493212836325,175,127
7084,150200170,2023-08-22,58.5,4.085976312551584,175,128
7085,150200170,2023-09-06,53.9,4.005513348515485,175,126
7086,150200170,2023-09-11,51.4,3.9589065913269965,175,122
7087,150200170,2023-09-16,48.3,3.8979240810486444,175,123
7088,150200170,2023-09-21,52.5,3.979681653901961,175,124
7089,150200170,2023-09-26,107.0,4.68213122712422,175,125
7090,151150070,2023-05-08,2.6,1.2809338454620645,164,97
7091,151150080,2023-05-08,41.2,3.742420221041966,163,176
7092,151150070,2023-05-28,4.95,1.7833912195575383,164,95
7093,151150080,2023-05-28,57.0,4.060443010546419,163,178
7094,151150070,2023-05-30,4.71,1.7422190236679187,164,92
7095,151150080,2023-05-30,53.9,4.005513348515485,163,172
7096,151150070,2023-06-04,5.87,1.927164106234258,164,94
7097,151150080,2023-06-04,60.5,4.119037174812473,163,174
7098,151150070,2023-07-09,2.27,1.184789984909162,164,93
7099,151150080,2023-07-09,31.1,3.4688560301359703,163,175
7100,151150070,2023-08-18,0.85,0.6151856390902335,164,98
7101,151150080,2023-08-18,12.0,2.5649493574615367,163,177
7102,151150070,2023-08-23,0.86,0.6205764877251099,164,96
7103,151150080,2023-08-23,12.3,2.5877640352277083,163,173
7104,151150070,2023-09-07,0.77,0.5709795465857378,164,90
7105,151150080,2023-09-07,10.1,2.4069451083182885,163,170
7106,151150070,2023-09-10,0.71,0.5364933705145685,164,91
7107,151150080,2023-09-10,10.2,2.4159137783010487,163,171
7108,149210130,2023-05-01,21.4,3.109060958860994,179,29
7109,149210130,2023-05-31,25.9,3.292126286607793,179,24
7110,149210130,2023-07-08,6.92,2.0693912058263346,179,30
7111,149210130,2023-08-12,6.62,2.030776369698555,179,26
7112,149210130,2023-08-14,5.99,1.9444805562457188,179,25
7113,149210130,2023-08-22,4.03,1.6154199841116479,179,28
7114,149210130,2023-09-06,6.0,1.9459101490553132,179,27
7115,149210130,2023-09-11,2.85,1.3480731482996928,179,17
7116,149210130,2023-09-16,7.79,2.1736147116970854,179,18
7117,149210130,2023-09-21,3.44,1.4906543764441333,179,19
7118,149210130,2023-09-26,10.7,2.4595888418037104,179,20
7119,149210130,2023-09-28,15.1,2.7788192719904172,179,21
7120,149210130,2023-10-03,4.63,1.728109442151599,179,22
7121,149210130,2023-10-18,3.15,1.423108334242607,179,23
7122,150160200,2023-05-27,5.63,1.891604804197771,161,126
7123,150160200,2023-07-11,3.32,1.463255402256019,161,125
7124,150160200,2023-08-15,2.47,1.244154593958768,161,123
7125,150160200,2023-09-07,1.65,0.9745596399981308,161,124
7126,150160200,2023-09-09,1.56,0.9400072584914712,161,120
7127,150160200,2023-09-27,1.7,0.9932517730102834,161,121
7128,150160200,2023-09-29,1.66,0.9783261227936076,161,122
7129,153140100,2023-05-08,2.3,1.1939224684724346,169,5
7130,153140100,2023-06-02,4.28,1.66392609771817,169,4
7131,153140100,2023-06-05,4.3,1.667706820558076,169,3
7132,153140100,2023-06-07,4.29,1.665818245870208,169,2
7133,153140100,2023-06-10,4.37,1.6808279085207734,169,1
7134,153140100,2023-07-15,2.64,1.2919836816486494,169,0
7135,153140100,2023-09-08,0.72,0.5423242908253616,168,247
7136,153140100,2023-09-10,0.7,0.5306282510621704,168,249
7137,153140100,2023-09-15,0.68,0.5187937934151676,168,248
7138,152170090,2023-05-10,0.48,0.3920420877760237,167,225
7139,152170090,2023-05-12,0.47,0.3852624007906449,167,224
7140,152170090,2023-05-27,0.52,0.41871033485818504,167,223
7141,152170090,2023-05-30,0.5,0.4054651081081644,167,221
7142,152170090,2023-06-04,0.49,0.3987761199573678,167,222
7143,152170090,2023-08-15,0.26,0.23111172096338664,167,219
7144,152170090,2023-08-25,0.27,0.23901690047049992,167,220
7145,152170090,2023-09-02,0.13,0.12221763272424921,167,226
7146,152170090,2023-09-07,0.1,0.09531017980432487,167,227
7147,152170090,2023-09-12,0.06,0.058268908123975775,167,216
7148,152170090,2023-09-27,0.06,0.058268908123975775,167,217
7149,152170090,2023-10-17,0.04,0.039220713153281295,167,218
7150,149210070,2023-05-01,10.0,2.3978952727983707,176,225
7151,149210070,2023-05-31,12.8,2.624668592163159,176,226
7152,149210070,2023-07-08,3.12,1.415853163361435,176,223
7153,149210070,2023-08-12,2.67,1.3001916620664788,176,224
7154,149210070,2023-08-14,1.89,1.0612565021243408,176,220
7155,149210070,2023-08-22,1.17,0.7747271675523681,176,227
7156,149210070,2023-08-27,5.59,1.8855533485144158,176,222
7157,149210070,2023-09-06,2.5,1.252762968495368,176,221
7158,149210070,2023-09-11,1.05,0.7178397931503169,176,213
7159,149210070,2023-09-16,0.84,0.6097655716208943,176,214
7160,149210070,2023-09-21,1.12,0.7514160886839212,176,215
7161,149210070,2023-09-26,2.9,1.3609765531356006,176,216
7162,149210070,2023-09-28,1.96,1.085189268335969,176,217
7163,149210070,2023-10-03,2.59,1.2781522025001875,176,218
7164,149210070,2023-10-18,1.07,0.7275486072772778,176,219
7165,152200050,2023-05-09,43.6,3.7977338590260183,186,212
7166,152200050,2023-05-12,55.9,4.041295341132285,186,211
7167,152200050,2023-06-01,34.5,3.56953269648137,186,209
7168,152200050,2023-06-03,42.4,3.770459441106359,186,207
7169,152200050,2023-06-08,52.7,3.983413001514819,186,208
7170,152200050,2023-08-12,7.42,2.130609828254235,186,206
7171,152200050,2023-08-15,7.83,2.178155014615869,186,210
7172,152200050,2023-09-01,7.74,2.167910189667444,186,213
7173,152200050,2023-09-06,6.07,1.9558604799084813,186,202
7174,152200050,2023-09-11,4.7,1.7404661748405044,186,203
7175,152200050,2023-09-16,5.94,1.937301774518713,186,204
7176,152200050,2023-09-21,4.8,1.7578579175523736,186,205
7177,149190100,2023-06-03,20.0,3.044522437723423,173,95
7178,149190100,2023-07-08,14.8,2.760009940032921,173,92
7179,149190100,2023-07-11,9.61,2.361796952625892,173,91
7180,149190100,2023-07-18,72.0,4.290459441148391,173,96
7181,149190100,2023-08-12,5.04,1.7984040119467237,173,93
7182,149190100,2023-08-15,4.22,1.6524974018945473,173,94
7183,149190100,2023-08-22,11.5,2.5257286443082556,173,97
7184,149190100,2023-09-06,3.49,1.501852701754163,173,84
7185,149190100,2023-09-09,3.06,1.4011829736136412,173,85
7186,149190100,2023-09-11,3.17,1.4279160358107101,173,86
7187,149190100,2023-09-16,4.31,1.6695918352538475,173,87
7188,149190100,2023-09-21,4.35,1.6770965609079151,173,88
7189,149190100,2023-09-26,59.3,4.09933210373314,173,89
7190,149190100,2023-09-29,12.7,2.617395832834079,173,90
