,station_id,date,flow,flow_log,chunk_id,id_in_chunk
0,150210180,2018-05-30,512.0,6.240275845170769,33,35
1,150210180,2018-06-19,377.0,5.934894195619588,33,36
2,150210180,2018-06-29,328.0,5.796057750765372,33,38
3,150210180,2018-08-03,180.0,5.198497031265826,33,33
4,150210180,2018-08-08,219.0,5.393627546352361,33,32
5,150210180,2018-08-13,169.0,5.135798437050262,33,34
6,150210180,2018-08-23,187.0,5.236441962829949,33,37
7,150210180,2018-08-28,233.0,5.455321115357702,33,39
8,150210180,2018-09-02,357.0,5.8805329864007,33,40
9,150210180,2018-10-12,247.0,5.5134287461649825,33,31
10,150210180,2018-10-17,297.0,5.697093486505405,33,41
11,152170020,2018-10-13,0.029,0.028587456851912555,25,215
12,152170020,2018-11-07,0.029,0.028587456851912555,25,214
13,153220270,2018-05-07,17.5,2.917770732084279,44,6
14,153220270,2018-05-10,18.9,2.990719731730447,44,5
15,153220270,2018-05-12,22.5,3.157000421150113,44,3
16,153220270,2018-05-27,29.6,3.4210000089583352,44,0
17,153220270,2018-05-30,27.1,3.3357695763397,43,248
18,153220270,2018-06-01,29.4,3.414442608412176,43,249
19,153220270,2018-06-04,35.4,3.594568774642695,44,10
20,153220270,2018-06-06,35.4,3.594568774642695,44,9
21,153220270,2018-06-09,43.3,3.7909846770510898,43,247
22,153220270,2018-06-29,26.2,3.3032169733019514,44,7
23,153220270,2018-08-10,5.21,1.8261608959453874,44,4
24,153220270,2018-08-20,4.66,1.7334238922150915,44,2
25,153220270,2018-08-23,4.62,1.7263316639055997,44,1
26,153220270,2018-08-30,4.82,1.7613002617433464,44,8
27,153220270,2018-10-12,3.79,1.5665304114228238,43,245
28,153220270,2018-10-14,3.59,1.5238800240724537,43,246
29,153190180,2018-05-06,1.3,0.832909122935104,50,5
30,153190180,2018-05-08,1.29,0.8285518175661483,50,4
31,153190180,2018-05-11,1.29,0.8285518175661483,49,247
32,153190180,2018-05-13,1.28,0.8241754429663495,50,7
33,153190180,2018-06-07,1.25,0.8109302162163288,50,2
34,153190180,2018-06-20,1.23,0.8020015854720274,50,0
35,153190180,2018-07-05,1.28,0.8241754429663495,50,1
36,153190180,2018-07-07,1.26,0.8153648132841945,49,249
37,153190180,2018-07-15,1.18,0.7793248768009976,50,3
38,153190180,2018-08-01,0.85,0.6151856390902335,49,244
39,153190180,2018-08-04,0.78,0.5766133643039938,49,246
40,153190180,2018-08-09,0.63,0.48858001481867097,49,245
41,153190180,2018-09-10,0.61,0.4762341789963716,49,248
42,153190180,2018-10-13,0.53,0.4252677354043441,50,6
43,153190180,2018-10-15,0.51,0.412109650826833,49,243
44,150190310,2018-05-03,3.24,1.4445632692438664,35,154
45,150190310,2018-05-10,1.7,0.9932517730102834,35,156
46,150190310,2018-05-13,1.98,1.091923300517313,35,152
47,150190310,2018-06-07,1.76,1.0152306797290587,35,149
48,150190310,2018-08-03,1.7,0.9932517730102834,35,150
49,150190310,2018-08-13,1.35,0.8544153281560676,35,151
50,150190310,2018-08-23,1.35,0.8544153281560676,35,153
51,150190310,2018-09-20,3.78,1.5644405465033646,35,158
52,150190310,2018-10-05,1.11,0.7466879474879752,35,160
53,150190310,2018-10-10,1.09,0.7371640659767197,35,157
54,150190310,2018-10-12,1.14,0.76080582903376,35,155
55,150190310,2018-10-15,1.1,0.7419373447293773,35,159
56,154220010,2018-05-05,4.07,1.623340817603092,52,146
57,154220010,2018-05-08,4.77,1.752672080520008,52,149
58,154220010,2018-05-10,6.63,2.0320878452963655,52,151
59,154220010,2018-05-20,6.68,2.038619547159581,52,156
60,154220010,2018-05-30,5.52,1.8748743759385615,52,145
61,154220010,2018-06-04,9.82,2.3813962734183356,52,155
62,154220010,2018-06-09,9.04,2.306577114263583,52,143
63,154220010,2018-06-17,6.25,1.9810014688665833,52,144
64,154220010,2018-07-19,1.95,1.0818051703517284,52,150
65,154220010,2018-07-24,1.89,1.0612565021243408,52,148
66,154220010,2018-08-08,1.48,0.9082585601768908,52,147
67,154220010,2018-08-23,1.01,0.6981347220709844,52,152
68,154220010,2018-09-07,1.02,0.7030975114131134,52,154
69,154220010,2018-09-10,0.95,0.6678293725756554,52,153
70,154220010,2018-10-10,1.36,0.8586616190375187,52,157
71,154220010,2018-10-12,1.37,0.8628899551470399,52,142
72,150150040,2018-05-06,0.56,0.44468582126144574,22,188
73,150150040,2018-05-21,0.51,0.412109650826833,22,194
74,150150040,2018-05-29,0.87,0.6259384308664953,22,190
75,150150040,2018-05-31,0.8,0.5877866649021191,22,187
76,150150040,2018-07-03,0.24,0.2151113796169455,22,195
77,150150040,2018-08-07,0.09,0.08617769624105233,22,186
78,150150040,2018-08-27,0.12,0.11332868530700317,22,189
79,150150040,2018-08-29,0.11,0.10436001532424277,22,192
80,150150040,2018-10-11,0.05,0.04879016416943201,22,184
81,150150040,2018-10-13,0.039,0.03825871211709034,22,191
82,150150040,2018-10-16,0.04,0.039220713153281295,22,193
83,150150040,2018-10-31,0.08,0.07696104113612832,22,185
84,150160220,2018-05-08,11.6,2.533696813957432,19,168
85,150160220,2018-05-13,29.7,3.4242626545931514,19,167
86,150160220,2018-05-26,10.8,2.468099531471619,19,169
87,150160220,2018-06-07,13.1,2.6461747973841225,19,165
88,150160220,2018-07-05,8.25,2.224623551524334,19,174
89,150160220,2018-07-15,7.9,2.186051276738094,19,171
90,150160220,2018-08-01,9.19,2.321406847234633,19,176
91,150160220,2018-08-29,20.5,3.068052935133617,19,177
92,150160220,2018-09-20,9.06,2.3085671646715933,19,172
93,150160220,2018-09-28,6.27,1.9837562915454279,19,163
94,150160220,2018-09-30,5.43,1.860974538249528,19,173
95,150160220,2018-10-05,4.92,1.7783364488959144,19,175
96,150160220,2018-10-10,4.17,1.6428726885203377,19,166
97,150160220,2018-10-13,4.08,1.6253112615903906,19,170
98,150160220,2018-10-15,4.01,1.6114359150967734,19,164
99,154150040,2018-05-04,17.9,2.9391619220655967,29,215
100,154150040,2018-05-09,26.3,3.306886702190914,29,199
101,154150040,2018-05-14,40.8,3.7328963395307104,29,213
102,154150040,2018-05-19,40.4,3.7232808808312687,29,200
103,154150040,2018-05-24,31.3,3.475067230228611,29,201
104,154150040,2018-05-29,30.7,3.456316680883235,29,210
105,154150040,2018-06-03,37.9,3.6609942506244004,29,208
106,154150040,2018-06-08,37.8,3.6584202466292277,29,205
107,154150040,2018-07-08,26.6,3.3178157727231046,29,212
108,154150040,2018-07-23,19.1,3.0007198150650303,29,209
109,154150040,2018-08-07,16.8,2.8791984572980396,29,202
110,154150040,2018-08-17,15.9,2.827313621929028,29,211
111,154150040,2018-08-22,16.3,2.8507065015037334,29,206
112,154150040,2018-09-03,15.7,2.8154087194227095,29,207
113,154150040,2018-10-06,17.0,2.8903717578961645,29,214
114,154150040,2018-10-11,15.4,2.797281334830153,29,203
115,154150040,2018-10-16,16.5,2.8622008809294686,29,216
116,154150040,2018-10-31,15.3,2.791165107812717,29,204
117,153190040,2018-05-06,0.78,0.5766133643039938,51,144
118,153190040,2018-05-08,0.91,0.6471032420585385,51,142
119,153190040,2018-05-11,2.57,1.2725655957915476,51,145
120,153190040,2018-05-13,3.53,1.5107219394949427,51,146
121,153190040,2018-05-31,1.35,0.8544153281560676,51,152
122,153190040,2018-06-07,1.68,0.9858167945227653,51,141
123,153190040,2018-06-20,1.11,0.7466879474879752,51,140
124,153190040,2018-07-05,0.98,0.6830968447064438,51,143
125,153190040,2018-07-15,0.84,0.6097655716208943,51,153
126,153190040,2018-08-01,0.61,0.4762341789963716,51,148
127,153190040,2018-08-04,0.56,0.44468582126144574,51,147
128,153190040,2018-08-09,0.48,0.3920420877760237,51,149
129,153190040,2018-09-03,0.52,0.41871033485818504,51,151
130,153190040,2018-09-10,0.43,0.3576744442718159,51,150
131,153190040,2018-10-13,0.49,0.3987761199573678,51,154
132,153190040,2018-10-15,0.59,0.46373401623214017,51,139
133,153210070,2018-05-03,6.98,2.0769384114617173,46,160
134,153210070,2018-05-08,8.61,2.262804222982201,46,157
135,153210070,2018-05-10,11.1,2.4932054526026954,46,156
136,153210070,2018-05-23,12.6,2.6100697927420065,46,155
137,153210070,2018-05-30,11.8,2.5494451709255714,46,147
138,153210070,2018-06-07,14.8,2.760009940032921,46,148
139,153210070,2018-06-09,14.2,2.7212954278522306,46,153
140,153210070,2018-06-29,9.89,2.387844936944869,46,149
141,153210070,2018-07-07,7.51,2.1412419425852827,46,151
142,153210070,2018-07-09,7.12,2.0943301541735866,46,154
143,153210070,2018-07-24,5.69,1.900613874140137,46,145
144,153210070,2018-08-01,7.95,2.191653532286764,46,146
145,153210070,2018-08-08,5.23,1.8293763327993617,46,150
146,153210070,2018-08-23,3.46,1.4951487660319727,46,152
147,153210070,2018-09-10,3.11,1.4134230285081433,46,159
148,153210070,2018-09-12,2.77,1.3270750014599193,46,158
149,153210070,2018-09-20,9.86,2.3850863145057892,46,161
150,153210070,2018-10-12,6.29,1.986503546020567,46,144
151,153210070,2018-10-15,6.27,1.9837562915454279,46,162
152,153210070,2018-10-17,5.81,1.918392120161421,46,163
153,153220280,2018-05-10,7.29,2.115049969147204,45,87
154,153220280,2018-05-20,5.9,1.9315214116032138,45,86
155,153220280,2018-05-30,7.41,2.1294214739848565,45,83
156,153220280,2018-06-04,9.26,2.3282528397426234,45,88
157,151200120,2018-06-07,52.9,3.9871304779149517,43,42
158,153220280,2018-06-09,14.9,2.766319109226186,45,82
159,153220280,2018-07-09,4.83,1.763017000362401,45,85
160,151200120,2018-08-08,21.0,3.091042453358316,43,37
161,153220280,2018-08-23,1.1,0.7419373447293773,45,84
162,151200120,2018-10-10,23.2,3.186352633162641,43,38
163,151200120,2018-10-12,23.3,3.190476350346503,43,39
164,153220280,2018-10-12,2.82,1.3402504226184837,45,81
165,151200120,2018-10-15,22.2,3.144152278672264,43,40
166,151200120,2018-10-17,22.0,3.1354942159291497,43,41
167,151200120,2018-11-06,20.9,3.086486636822455,43,36
168,150160250,2018-05-08,0.18,0.16551443847757338,20,115
169,150160250,2018-05-13,0.2,0.18232155679395462,20,114
170,150160250,2018-05-26,0.4,0.33647223662121295,20,117
171,150160250,2018-06-07,0.22,0.1988508587451652,20,112
172,150160250,2018-07-07,0.07,0.06765864847381481,20,113
173,150160250,2018-07-15,0.05,0.04879016416943201,20,118
174,150160250,2018-08-01,0.029,0.028587456851912555,20,119
175,150160250,2018-08-09,0.021,0.020782539182528505,20,116
176,150160250,2018-08-29,0.39,0.3293037471426004,20,123
177,150160250,2018-09-03,0.026,0.02566774674857779,20,125
178,150160250,2018-09-20,0.034,0.03343477608623739,20,120
179,150160250,2018-10-05,0.007,0.006975613736425242,20,122
180,150160250,2018-10-10,0.005,0.004987541511039074,20,121
181,150160250,2018-10-13,0.006,0.005982071677547464,20,124
182,150160250,2018-10-15,0.014,0.013902905168991422,20,111
183,154150050,2018-05-06,7.7,2.1633230256605382,29,194
184,154150050,2018-05-29,12.4,2.5952547069568657,29,196
185,154150050,2018-06-03,17.6,2.9231615807191558,29,195
186,154150050,2018-09-08,6.1,1.9600947840472698,29,191
187,154150050,2018-10-11,6.1,1.9600947840472698,29,197
188,154150050,2018-10-13,6.1,1.9600947840472698,29,198
189,154150050,2018-10-31,6.1,1.9600947840472698,29,192
190,154150050,2018-11-07,6.1,1.9600947840472698,29,193
191,154160020,2018-05-06,7.4,2.128231705849268,30,2
192,154160020,2018-05-09,10.1,2.4069451083182885,29,248
193,154160020,2018-05-14,16.2,2.8449093838194073,30,11
194,154160020,2018-05-19,9.4,2.341805806147327,29,242
195,154160020,2018-05-21,9.3,2.33214389523559,30,6
196,154160020,2018-05-24,8.4,2.2407096892759584,29,243
197,154160020,2018-05-29,11.0,2.4849066497880004,29,249
198,154160020,2018-06-03,12.4,2.5952547069568657,30,0
199,154160020,2018-06-08,11.4,2.517696472610991,29,245
200,154160020,2018-06-20,9.5,2.3513752571634776,29,246
201,154160020,2018-07-05,11.0,2.4849066497880004,30,12
202,154160020,2018-07-15,6.6,2.028148247292285,30,10
203,154160020,2018-07-20,6.7,2.0412203288596382,30,5
204,154160020,2018-07-25,6.5,2.0149030205422647,30,8
205,154160020,2018-08-07,6.6,2.028148247292285,29,247
206,154160020,2018-08-09,6.4,2.0014800002101243,30,1
207,154160020,2018-08-17,6.4,2.0014800002101243,30,9
208,154160020,2018-08-22,6.3,1.9878743481543455,29,244
209,154160020,2018-09-08,5.3,1.840549633397487,29,239
210,154160020,2018-10-06,5.7,1.9021075263969205,30,4
211,154160020,2018-10-11,5.0,1.791759469228055,30,3
212,154160020,2018-10-13,4.8,1.7578579175523736,30,7
213,154160020,2018-10-31,5.9,1.9315214116032138,29,240
214,154160020,2018-11-07,5.6,1.8870696490323797,29,241
215,152230190,2018-05-07,0.51,0.412109650826833,44,97
216,152230190,2018-05-10,0.87,0.6259384308664953,44,98
217,152230190,2018-05-12,1.72,1.000631880307906,44,100
218,152230190,2018-05-27,1.23,0.8020015854720274,44,94
219,152230190,2018-05-30,1.22,0.7975071958841881,44,93
220,152230190,2018-06-01,2.52,1.2584609896100059,44,92
221,152230190,2018-06-04,4.36,1.6789639750827106,44,95
222,152230190,2018-06-06,4.44,1.6937790608678513,44,103
223,152230190,2018-06-09,3.73,1.5539252025038417,44,91
224,152230190,2018-06-29,0.82,0.598836501088704,44,96
225,152230190,2018-08-08,0.26,0.23111172096338664,44,102
226,152230190,2018-08-10,0.23,0.20701416938432615,44,99
227,152230190,2018-08-23,0.14,0.1310282624064041,44,101
228,152230190,2018-10-12,0.13,0.12221763272424921,44,89
229,152230190,2018-10-14,0.11,0.10436001532424277,44,90
230,152190100,2018-05-03,1.5,0.9162907318741551,48,236
231,152190100,2018-05-08,2.47,1.244154593958768,48,231
232,152190100,2018-05-13,3.29,1.4562867329399256,48,230
233,152190100,2018-06-07,2.48,1.247032293786383,48,228
234,152190100,2018-07-07,1.42,0.8837675401685949,48,229
235,152190100,2018-08-01,0.97,0.6780335427498971,48,232
236,152190100,2018-09-10,1.59,0.9516578757114464,48,233
237,152190100,2018-09-20,5.42,1.8594181177018698,48,234
238,152190100,2018-10-10,1.28,0.8241754429663495,48,235
239,152190100,2018-10-15,1.81,1.0331844833456545,48,227
240,150190140,2018-05-03,7.67,2.1598687907924505,32,149
241,150190140,2018-05-13,14.3,2.72785282839839,32,146
242,150190140,2018-06-07,15.9,2.827313621929028,32,143
243,150190140,2018-07-04,8.97,2.299580583973747,32,142
244,150190140,2018-07-29,6.91,2.0681277817795625,32,147
245,150190140,2018-08-03,36.5,3.624340932976365,32,144
246,150190140,2018-08-13,10.7,2.4595888418037104,32,145
247,150190140,2018-08-23,5.64,1.8931119634883424,32,152
248,150190140,2018-09-10,5.2,1.8245492920510458,32,150
249,150190140,2018-09-12,5.0,1.791759469228055,32,148
250,150190140,2018-09-20,71.6,4.28496492183075,32,153
251,150190140,2018-10-10,4.79,1.7561322915849038,32,151
252,150190140,2018-10-12,5.28,1.8373699804801074,32,139
253,150190140,2018-10-15,5.34,1.8468787684491346,32,140
254,150190140,2018-11-06,11.8,2.5494451709255714,32,141
255,150190050,2018-10-12,0.7,0.5306282510621704,34,9
256,150190050,2018-10-15,0.61,0.4762341789963716,34,10
257,150190050,2018-11-06,0.57,0.4510756193602167,34,11
258,150220110,2018-10-12,0.67,0.5128236264286637,40,97
259,150220110,2018-10-14,0.6,0.4700036292457356,40,98
260,150220110,2018-10-17,0.94,0.6626879730752367,40,100
261,150220110,2018-11-08,0.97,0.6780335427498971,40,99
262,150200070,2018-05-03,3.15,1.423108334242607,36,32
263,150200070,2018-05-10,3.01,1.3887912413184778,36,30
264,150200070,2018-05-13,3.29,1.4562867329399256,36,28
265,151220130,2018-05-27,1.35,0.8544153281560676,41,217
266,151220130,2018-05-30,1.66,0.9783261227936076,41,220
267,151220130,2018-06-01,1.83,1.0402767116551463,41,215
268,151220130,2018-06-06,1.5,0.9162907318741551,41,216
269,150200070,2018-06-07,2.73,1.3164082336557241,36,27
270,151220130,2018-06-09,1.43,0.8878912573524571,41,219
271,151220130,2018-06-21,1.54,0.9321640810304452,41,226
272,150200070,2018-08-03,2.28,1.1878434223960523,36,26
273,151220130,2018-08-03,1.15,0.7654678421395714,41,225
274,151220130,2018-08-08,1.03,0.708035793053696,41,218
275,150200070,2018-08-13,2.13,1.1410330045520618,36,29
276,151220130,2018-08-13,1.25,0.8109302162163288,41,222
277,151220130,2018-08-20,1.13,0.7561219797213337,41,221
278,150200070,2018-08-23,1.61,0.9593502213346021,36,31
279,151220130,2018-08-23,1.13,0.7561219797213337,41,223
280,151220130,2018-08-30,1.16,0.7701082216960736,41,224
281,151220130,2018-09-02,1.1,0.7419373447293773,41,227
282,150200070,2018-09-07,1.61,0.9593502213346021,36,33
283,150200070,2018-09-20,2.84,1.3454723665996355,36,34
284,150200070,2018-10-05,1.41,0.8796267475025636,36,35
285,150200070,2018-10-10,1.43,0.8878912573524571,36,38
286,150200070,2018-10-12,2.55,1.2669476034873244,36,37
287,151220130,2018-10-12,1.07,0.7275486072772778,41,212
288,151220130,2018-10-14,1.09,0.7371640659767197,41,213
289,150200070,2018-10-15,1.8,1.0296194171811583,36,36
290,151220130,2018-11-08,1.13,0.7561219797213337,41,214
291,152150100,2018-05-04,16.6,2.8678989020441064,26,47
292,152150100,2018-05-06,15.6,2.8094026953624973,26,45
293,152150100,2018-05-09,16.5,2.8622008809294686,26,39
294,152150100,2018-05-14,14.8,2.760009940032921,26,38
295,152150100,2018-05-19,12.9,2.631888840136646,26,41
296,152150100,2018-05-29,13.9,2.7013612129514133,26,42
297,152150100,2018-06-08,12.7,2.617395832834079,26,49
298,152150100,2018-07-15,9.36,2.337952236831337,26,50
299,152150100,2018-07-20,7.54,2.1447610078004784,26,46
300,152150100,2018-08-04,3.67,1.541159071680806,26,35
301,152150100,2018-08-07,3.74,1.556037135706985,26,40
302,152150100,2018-08-09,3.69,1.545432582458188,26,36
303,152150100,2018-08-22,3.29,1.4562867329399256,26,37
304,152150100,2018-08-29,2.93,1.3686394258811698,26,43
305,152150100,2018-09-08,2.35,1.208960345836975,26,51
306,152150100,2018-10-13,1.95,1.0818051703517284,26,44
307,152150100,2018-10-16,2.12,1.1378330018213911,26,48
308,152150100,2018-10-18,2.23,1.172482137234565,26,52
309,152150100,2018-10-31,2.32,1.199964782928397,26,33
310,152150100,2018-11-07,2.37,1.2149127443642704,26,34
311,150150130,2018-05-06,1.0,0.6931471805599453,22,25
312,150150130,2018-05-31,0.95,0.6678293725756554,22,29
313,150150130,2018-07-20,0.64,0.49469624183610705,22,28
314,150150130,2018-08-07,0.54,0.43178241642553783,22,27
315,150150130,2018-08-27,0.47,0.3852624007906449,22,26
316,150150130,2018-08-29,0.46,0.3784364357202451,22,30
317,150150130,2018-10-11,0.32,0.2776317365982795,22,23
318,150150130,2018-10-13,0.3,0.26236426446749106,22,31
319,150150130,2018-10-16,0.29,0.2546422183735807,22,32
320,150150130,2018-10-18,0.3,0.26236426446749106,22,33
321,150150130,2018-10-31,0.29,0.2546422183735807,22,24
322,153180050,2018-05-06,14.9,2.766319109226186,50,181
323,153180050,2018-05-08,13.9,2.7013612129514133,50,175
324,153180050,2018-05-11,14.8,2.760009940032921,50,182
325,153180050,2018-05-13,15.0,2.772588722239781,50,170
326,153180050,2018-05-21,13.0,2.639057329615259,50,187
327,153180050,2018-05-31,12.5,2.6026896854443837,50,174
328,153180050,2018-06-07,13.4,2.667228206581955,50,171
329,153180050,2018-06-20,14.6,2.747270914255491,50,172
330,153180050,2018-07-05,11.2,2.501435951739211,50,176
331,153180050,2018-07-07,11.0,2.4849066497880004,50,177
332,153180050,2018-08-01,9.55,2.3561258599220753,50,178
333,153180050,2018-08-04,9.7,2.3702437414678603,50,184
334,153180050,2018-08-09,8.68,2.2700619012884857,50,179
335,153180050,2018-09-03,7.74,2.167910189667444,50,180
336,153180050,2018-11-17,6.59,2.0268315914075385,50,186
337,151190060,2018-05-03,8.73,2.2752138961979136,23,225
338,151190060,2018-05-08,7.59,2.150598735996164,23,224
339,151190060,2018-05-13,8.32,2.2321626286975,23,222
340,151190060,2018-06-07,9.79,2.378619779270043,23,220
341,151190060,2018-07-07,5.34,1.8468787684491346,23,221
342,151190060,2018-08-01,5.28,1.8373699804801074,23,223
343,151190060,2018-09-20,7.28,2.1138429683971682,23,227
344,151190060,2018-10-05,3.79,1.5665304114228238,23,226
345,151190060,2018-10-10,3.47,1.4973884086254774,23,228
346,151190060,2018-10-15,3.46,1.4951487660319727,23,219
347,150200020,2018-05-03,0.66,0.5068176023684519,37,87
348,150200020,2018-05-05,0.84,0.6097655716208943,37,85
349,150200020,2018-05-10,1.24,0.8064758658669485,37,86
350,150200020,2018-05-13,1.57,0.9439058989071285,37,80
351,150200020,2018-05-20,1.3,0.832909122935104,37,82
352,150200020,2018-06-07,1.47,0.9042181506398859,37,78
353,150200020,2018-07-04,0.69,0.5247285289349821,37,90
354,150200020,2018-07-07,0.56,0.44468582126144574,37,83
355,150200020,2018-07-24,0.65,0.5007752879124893,37,79
356,150200020,2018-08-08,0.48,0.3920420877760237,37,81
357,150200020,2018-09-12,0.36,0.3074846997479606,37,84
358,150200020,2018-09-20,1.08,0.7323678937132266,37,88
359,150200020,2018-10-05,0.43,0.3576744442718159,37,89
360,150200020,2018-10-10,0.34,0.29266961396282,37,91
361,150200020,2018-10-12,0.37,0.31481073984003355,37,92
362,150200020,2018-10-15,0.36,0.3074846997479606,37,93
363,152230010,2018-05-07,1.07,0.7275486072772778,47,216
364,152230010,2018-05-10,1.2,0.7884573603642702,47,219
365,152230010,2018-05-12,1.79,1.0260415958332743,47,213
366,152230010,2018-05-27,1.52,0.924258901523332,47,218
367,152230010,2018-06-29,1.25,0.8109302162163288,47,220
368,152230010,2018-08-08,0.31,0.27002713721306015,47,217
369,152230010,2018-08-20,0.45,0.37156355643248307,47,221
370,152230010,2018-08-23,0.56,0.44468582126144574,47,215
371,152230010,2018-10-12,0.57,0.4510756193602167,47,208
372,152230010,2018-10-14,0.54,0.43178241642553783,47,209
373,151170110,2018-05-06,8.11,2.209372711271867,25,98
374,151170110,2018-05-08,8.6,2.2617630984737906,25,97
375,151170110,2018-05-13,9.99,2.3969857684155302,25,94
376,151170110,2018-05-21,15.4,2.797281334830153,25,99
377,151170110,2018-05-23,15.6,2.8094026953624973,25,101
378,151170110,2018-05-26,16.6,2.8678989020441064,25,106
379,151170110,2018-05-31,17.3,2.9069010598473755,25,100
380,151170110,2018-06-07,17.6,2.9231615807191558,25,95
381,151170110,2018-07-05,6.37,1.9974177062012453,25,104
382,151170110,2018-07-07,6.16,1.9685099809725544,25,91
383,151170110,2018-08-01,4.74,1.747459210331475,25,92
384,151170110,2018-08-04,4.7,1.7404661748405044,25,96
385,151170110,2018-08-09,5.25,1.8325814637483102,25,111
386,151170110,2018-08-11,4.61,1.724550719534605,25,93
387,151170110,2018-08-29,3.41,1.4838746894587547,25,103
388,151170110,2018-09-10,2.43,1.2325602611778486,25,102
389,151170110,2018-09-20,4.04,1.6174060820832772,25,109
390,151170110,2018-09-25,3.99,1.6074359097634274,25,107
391,151170110,2018-09-30,3.27,1.4516138272405332,25,105
392,151170110,2018-10-10,2.68,1.3029127521808397,25,108
393,151170110,2018-10-13,2.5,1.252762968495368,25,110
394,151170110,2018-10-15,2.66,1.297463147413275,25,89
395,151170110,2018-11-07,2.6,1.2809338454620645,25,90
396,150180040,2018-05-03,0.84,0.6097655716208943,18,197
397,150180040,2018-05-06,0.84,0.6097655716208943,18,199
398,150180040,2018-05-13,1.13,0.7561219797213337,18,196
399,150180040,2018-06-07,0.87,0.6259384308664953,18,195
400,150180040,2018-07-05,0.94,0.6626879730752367,18,198
401,150180040,2018-08-04,0.56,0.44468582126144574,18,201
402,150180040,2018-08-29,1.18,0.7793248768009976,18,206
403,150180040,2018-09-10,0.36,0.3074846997479606,18,203
404,150180040,2018-09-20,0.72,0.5423242908253616,18,204
405,150180040,2018-09-28,0.47,0.3852624007906449,18,193
406,150180040,2018-10-05,0.37,0.31481073984003355,18,205
407,150180040,2018-10-10,0.39,0.3293037471426004,18,202
408,150180040,2018-10-13,0.38,0.32208349916911333,18,200
409,150180040,2018-10-15,0.47,0.3852624007906449,18,194
410,150190060,2018-05-03,1.5,0.9162907318741551,34,2
411,150190060,2018-05-13,1.8,1.0296194171811583,33,249
412,150190060,2018-06-07,1.43,0.8878912573524571,33,247
413,150190060,2018-07-04,1.56,0.9400072584914712,33,246
414,150190060,2018-07-29,2.62,1.2864740258376797,34,0
415,150190060,2018-08-13,3.21,1.43746264769429,33,248
416,150190060,2018-08-23,1.66,0.9783261227936076,34,3
417,150190060,2018-09-07,1.56,0.9400072584914712,34,8
418,150190060,2018-09-10,1.25,0.8109302162163288,34,4
419,150190060,2018-09-12,1.16,0.7701082216960736,34,1
420,150190060,2018-09-20,1.75,1.0116009116784799,34,5
421,150190060,2018-10-05,1.23,0.8020015854720274,34,7
422,150190060,2018-10-10,1.07,0.7275486072772778,34,6
423,150190060,2018-10-12,1.06,0.7227059828014898,33,243
424,150190060,2018-10-15,1.16,0.7701082216960736,33,244
425,150190060,2018-11-06,1.01,0.6981347220709844,33,245
426,154180070,2018-05-24,2.35,1.208960345836975,32,48
427,154180070,2018-05-29,2.34,1.205970806988609,32,49
428,154180070,2018-05-31,2.14,1.144222799920162,32,50
429,154180070,2018-06-20,1.5,0.9162907318741551,32,51
430,154180070,2018-10-11,1.36,0.8586616190375187,32,52
431,154180070,2018-10-31,1.22,0.7975071958841881,32,53
432,154180070,2018-11-07,1.18,0.7793248768009976,32,54
433,152230110,2018-05-07,5.31,1.8421356765531218,43,197
434,152230110,2018-05-10,3.82,1.5727739280625088,43,200
435,152230110,2018-05-12,2.9,1.3609765531356006,43,194
436,152230110,2018-05-27,2.79,1.332366019094335,43,193
437,152230110,2018-05-30,2.78,1.3297240096314962,43,196
438,152230110,2018-06-01,2.86,1.3506671834767394,43,195
439,152230110,2018-06-04,2.92,1.366091653802371,43,202
440,152230110,2018-06-09,2.88,1.355835153635182,43,199
441,152230110,2018-08-10,2.73,1.3164082336557241,43,192
442,152230110,2018-08-20,2.74,1.3190856114264407,43,201
443,152230110,2018-08-23,2.77,1.3270750014599193,43,198
444,152230110,2018-10-12,1.82,1.0367368849500223,43,191
445,152230110,2018-10-14,1.79,1.0260415958332743,43,190
446,151220060,2018-05-07,1.85,1.0473189942805592,42,69
447,151220060,2018-05-12,3.24,1.4445632692438664,42,72
448,151220060,2018-05-22,3.2,1.4350845252893227,42,70
449,151220060,2018-05-27,4.97,1.7867469274045107,42,66
450,151220060,2018-05-30,4.54,1.7119945007591926,42,65
451,151220060,2018-06-01,6.26,1.9823798288367047,42,64
452,151220060,2018-06-06,8.35,2.2353763433005955,42,67
453,151220060,2018-06-09,4.58,1.7191887763932197,42,60
454,151220060,2018-06-29,2.36,1.2119409739751128,42,62
455,151220060,2018-07-06,2.03,1.1085626195212777,42,59
456,151220060,2018-07-09,1.58,0.9477893989335261,42,63
457,151220060,2018-08-08,1.24,0.8064758658669485,42,58
458,151220060,2018-08-13,0.99,0.688134638736401,42,68
459,151220060,2018-08-23,0.88,0.6312717768418579,42,71
460,151220060,2018-08-30,1.05,0.7178397931503169,42,73
461,151220060,2018-10-12,1.06,0.7227059828014898,42,54
462,151220060,2018-10-14,1.02,0.7030975114131134,42,55
463,151220060,2018-11-06,1.07,0.7275486072772778,42,56
464,151220060,2018-11-08,1.04,0.712949807856125,42,57
465,151220060,2018-11-28,1.74,1.007957920399979,42,61
466,152200120,2018-05-05,13.0,2.639057329615259,48,99
467,152200120,2018-05-08,14.7,2.7536607123542622,48,90
468,152200120,2018-05-10,17.8,2.9338568698359033,48,98
469,152200120,2018-05-13,25.7,3.2846635654062037,48,89
470,152200120,2018-05-23,21.5,3.1135153092103742,48,96
471,152200120,2018-05-30,23.4,3.1945831322991562,48,91
472,152200120,2018-06-07,34.5,3.56953269648137,48,100
473,152200120,2018-06-29,16.6,2.8678989020441064,48,92
474,152200120,2018-07-07,11.5,2.5257286443082556,48,93
475,152200120,2018-07-09,11.0,2.4849066497880004,48,108
476,152200120,2018-07-24,9.51,2.3523271848888596,48,95
477,152200120,2018-08-01,7.41,2.1294214739848565,48,97
478,152200120,2018-08-08,5.89,1.9300710850255671,48,94
479,152200120,2018-08-13,5.06,1.801709800081223,48,101
480,152200120,2018-08-23,5.11,1.809926773183504,48,103
481,152200120,2018-09-07,6.39,2.0001277349601105,48,106
482,152200120,2018-09-10,6.41,2.0028304393079956,48,102
483,152200120,2018-09-12,6.17,1.969905654611529,48,104
484,152200120,2018-09-20,13.6,2.681021528714291,48,105
485,152200120,2018-10-15,6.57,2.0241930674493576,48,107
486,152200120,2018-11-06,5.89,1.9300710850255671,48,88
487,154200010,2018-05-06,2.67,1.3001916620664788,51,247
488,154200010,2018-05-08,2.74,1.3190856114264407,51,245
489,154200010,2018-05-11,6.28,1.9851308622085946,51,243
490,154200010,2018-05-13,8.52,2.253394848803274,51,241
491,154200010,2018-05-21,3.47,1.4973884086254774,52,6
492,154200010,2018-06-05,5.41,1.8578592709325787,51,249
493,154200010,2018-06-07,4.49,1.7029282555214393,51,239
494,154200010,2018-06-10,4.12,1.6331544390514163,51,248
495,154200010,2018-06-17,4.07,1.623340817603092,52,3
496,154200010,2018-06-20,3.44,1.4906543764441333,51,242
497,154200010,2018-07-05,2.23,1.172482137234565,52,4
498,154200010,2018-07-15,1.03,0.708035793053696,51,240
499,154200010,2018-08-09,0.5,0.4054651081081644,51,246
500,154200010,2018-09-03,0.43,0.3576744442718159,52,5
501,154200010,2018-09-10,0.35,0.30010459245033805,51,244
502,154200010,2018-10-10,0.29,0.2546422183735807,52,2
503,154200010,2018-10-13,0.27,0.23901690047049992,52,1
504,154200010,2018-10-15,0.38,0.32208349916911333,52,0
505,150160280,2018-05-06,0.55,0.4382549309311553,20,140
506,150160280,2018-05-08,0.71,0.5364933705145685,20,130
507,150160280,2018-05-13,0.84,0.6097655716208943,20,129
508,150160280,2018-05-26,1.19,0.7839015438284094,20,131
509,150160280,2018-06-07,0.61,0.4762341789963716,20,127
510,150160280,2018-07-07,0.39,0.3293037471426004,20,128
511,150160280,2018-07-15,0.31,0.27002713721306015,20,133
512,150160280,2018-08-01,0.19,0.173953307123438,20,132
513,150160280,2018-08-09,0.13,0.12221763272424921,20,134
514,150160280,2018-09-03,0.23,0.20701416938432615,20,139
515,150160280,2018-09-20,0.43,0.3576744442718159,20,137
516,150160280,2018-10-05,0.07,0.06765864847381481,20,138
517,150160280,2018-10-10,0.05,0.04879016416943201,20,135
518,150160280,2018-10-13,0.05,0.04879016416943201,20,136
519,150160280,2018-10-15,0.05,0.04879016416943201,20,126
520,154170240,2018-05-06,0.13,0.12221763272424921,51,106
521,154180230,2018-05-06,0.9,0.6418538861723948,51,93
522,154170240,2018-05-21,0.17,0.15700374880966475,51,109
523,154180230,2018-05-21,0.99,0.688134638736401,51,95
524,154170240,2018-05-24,0.15,0.13976194237515868,51,108
525,154170240,2018-05-31,0.13,0.12221763272424921,51,107
526,154180230,2018-05-31,0.99,0.688134638736401,51,90
527,154170240,2018-06-03,0.22,0.1988508587451652,51,111
528,154170240,2018-06-10,0.15,0.13976194237515868,51,98
529,154180230,2018-06-10,1.02,0.7030975114131134,51,97
530,154170240,2018-06-20,0.13,0.12221763272424921,51,100
531,154180230,2018-06-20,1.0,0.6931471805599453,51,89
532,154170240,2018-06-28,0.18,0.16551443847757338,51,99
533,154170240,2018-07-15,0.08,0.07696104113612832,51,102
534,154180230,2018-07-15,1.0,0.6931471805599453,51,96
535,154170240,2018-07-23,0.08,0.07696104113612832,51,101
536,154170240,2018-08-04,0.07,0.06765864847381481,51,103
537,154180230,2018-08-04,1.02,0.7030975114131134,51,88
538,154170240,2018-09-03,0.06,0.058268908123975775,51,104
539,154180230,2018-09-03,1.02,0.7030975114131134,51,92
540,154170240,2018-10-13,0.08,0.07696104113612832,51,110
541,154180230,2018-10-13,1.02,0.7030975114131134,51,94
542,154170240,2018-11-07,0.08,0.07696104113612832,51,105
543,154180230,2018-11-07,0.93,0.6575200029167942,51,91
544,150200140,2018-05-10,2.83,1.3428648031925547,36,40
545,150200140,2018-05-13,2.25,1.1786549963416462,36,42
546,150200140,2018-06-07,1.54,0.9321640810304452,36,39
547,150200140,2018-08-03,1.25,0.8109302162163288,36,45
548,150200140,2018-08-13,0.73,0.5481214085096876,36,41
549,150200140,2018-08-23,0.51,0.412109650826833,36,44
550,150200140,2018-09-07,0.38,0.32208349916911333,36,48
551,150200140,2018-09-20,7.74,2.167910189667444,36,50
552,150200140,2018-10-05,0.55,0.4382549309311553,36,49
553,150200140,2018-10-10,0.42,0.35065687161316933,36,47
554,150200140,2018-10-12,1.86,1.0508216248317612,36,46
555,150200140,2018-10-15,1.31,0.8372475245337022,36,43
556,153220320,2018-05-08,0.13,0.12221763272424921,45,141
557,153220320,2018-05-10,0.24,0.2151113796169455,45,142
558,153220320,2018-05-30,0.18,0.16551443847757338,45,140
559,153220320,2018-06-04,1.02,0.7030975114131134,45,150
560,153220320,2018-06-09,0.52,0.41871033485818504,45,139
561,153220320,2018-07-09,0.12,0.11332868530700317,45,148
562,153220320,2018-07-19,0.08,0.07696104113612832,45,149
563,153220320,2018-07-22,0.07,0.06765864847381481,45,152
564,153220320,2018-08-01,0.06,0.058268908123975775,45,147
565,153220320,2018-08-08,0.032,0.03149866705937099,45,151
566,153220320,2018-08-23,0.05,0.04879016416943201,45,143
567,153220320,2018-09-10,0.06,0.058268908123975775,45,144
568,153220320,2018-09-20,0.1,0.09531017980432487,45,146
569,153220320,2018-10-12,0.25,0.22314355131420976,45,138
570,153220320,2018-10-15,0.13,0.12221763272424921,45,145
571,153180030,2018-05-06,3.47,1.4973884086254774,51,37
572,153180030,2018-05-08,3.52,1.5085119938441398,51,38
573,153180030,2018-05-13,4.89,1.7732559976634952,51,39
574,153180030,2018-05-21,4.02,1.6134299337036377,51,34
575,153180030,2018-05-31,3.46,1.4951487660319727,51,33
576,153180030,2018-06-07,4.28,1.66392609771817,51,36
577,153180030,2018-06-20,3.87,1.5830939370944985,51,35
578,153180030,2018-07-05,3.23,1.4422019930581866,51,31
579,153180030,2018-07-15,2.7,1.308332819650179,51,44
580,153180030,2018-08-04,2.13,1.1410330045520618,51,40
581,153180030,2018-08-09,1.91,1.068153081183401,51,41
582,153180030,2018-09-03,1.79,1.0260415958332743,51,45
583,153180030,2018-10-13,1.86,1.0508216248317612,51,42
584,153180030,2018-10-15,1.86,1.0508216248317612,51,32
585,153180030,2018-10-18,1.8,1.0296194171811583,51,43
586,151210130,2018-05-30,1.79,1.0260415958332743,40,122
587,151210130,2018-06-19,1.85,1.0473189942805592,40,125
588,151210130,2018-06-29,1.3,0.832909122935104,40,126
589,151210130,2018-08-03,0.89,0.636576829071551,40,130
590,151210130,2018-08-08,0.85,0.6151856390902335,40,123
591,151210130,2018-08-13,0.98,0.6830968447064438,40,124
592,151210130,2018-08-23,0.93,0.6575200029167942,40,127
593,151210130,2018-08-28,1.13,0.7561219797213337,40,128
594,151210130,2018-09-02,1.03,0.708035793053696,40,129
595,151210130,2018-10-12,1.24,0.8064758658669485,40,121
596,151210130,2018-10-17,1.24,0.8064758658669485,40,131
597,150170160,2018-05-13,5.74,1.9080599249242156,18,136
598,150170170,2018-05-13,3.0,1.3862943611198906,18,146
599,150170160,2018-06-07,5.08,1.8050046959780757,18,137
600,150170170,2018-06-07,3.0,1.3862943611198906,18,147
601,150170160,2018-08-29,6.8,2.0541237336955462,18,143
602,150170170,2018-08-29,2.97,1.3787660946990992,18,153
603,150170160,2018-09-20,6.72,2.0438143640366846,18,141
604,150170170,2018-09-20,3.0,1.3862943611198906,18,151
605,150170160,2018-09-28,3.44,1.4906543764441333,18,134
606,150170170,2018-09-28,2.44,1.235471471385307,18,144
607,150170160,2018-09-30,3.04,1.3962446919730587,18,138
608,150170170,2018-09-30,2.16,1.1505720275988207,18,148
609,150170160,2018-10-05,2.21,1.1662709371419244,18,142
610,150170170,2018-10-05,1.32,0.8415671856782186,18,152
611,150170160,2018-10-10,1.93,1.0750024230289759,18,140
612,150170170,2018-10-10,1.09,0.7371640659767197,18,150
613,150170160,2018-10-13,1.89,1.0612565021243408,18,139
614,150170170,2018-10-13,1.06,0.7227059828014898,18,149
615,150170160,2018-10-15,1.97,1.0885619528146082,18,135
616,150170170,2018-10-15,1.08,0.7323678937132266,18,145
617,152220070,2018-05-07,1.93,1.0750024230289759,47,233
618,152220070,2018-05-10,4.74,1.747459210331475,47,235
619,152220070,2018-05-12,6.3,1.9878743481543455,47,230
620,152220070,2018-05-27,3.58,1.5216989981260935,47,237
621,152220070,2018-05-30,3.63,1.5325568680981427,47,229
622,152220070,2018-06-01,10.6,2.451005098112319,47,226
623,152220070,2018-06-04,34.7,3.5751506887855933,47,227
624,152220070,2018-06-06,16.7,2.8735646395797834,47,238
625,152220070,2018-06-09,8.56,2.25758772706331,47,225
626,152220070,2018-06-29,1.65,0.9745596399981308,47,228
627,152220070,2018-08-08,0.91,0.6471032420585385,47,231
628,152220070,2018-08-10,0.82,0.598836501088704,47,236
629,152220070,2018-08-20,0.79,0.5822156198526637,47,234
630,152220070,2018-08-23,0.94,0.6626879730752367,47,232
631,152220070,2018-10-12,0.84,0.6097655716208943,47,223
632,152220070,2018-10-14,0.81,0.5933268452777344,47,224
633,153190050,2018-05-06,29.3,3.4111477125153233,49,188
634,153190050,2018-05-13,27.7,3.3568971227655755,49,186
635,153190050,2018-06-07,26.1,3.299533727885655,49,187
636,153190050,2018-06-20,23.3,3.190476350346503,49,184
637,153190050,2018-10-15,11.1,2.4932054526026954,49,185
638,151210040,2018-05-03,3.14,1.420695787837223,40,180
639,151210040,2018-05-13,5.48,1.8687205103641835,40,182
640,151210040,2018-05-30,8.59,2.2607208888953467,40,186
641,151210040,2018-06-07,4.22,1.6524974018945473,40,178
642,151210040,2018-07-07,1.27,0.8197798314933114,40,176
643,151210040,2018-08-08,1.3,0.832909122935104,40,177
644,151210040,2018-08-13,1.29,0.8285518175661483,40,179
645,151210040,2018-08-23,1.35,0.8544153281560676,40,181
646,151210040,2018-08-28,1.3,0.832909122935104,40,187
647,151210040,2018-09-02,1.25,0.8109302162163288,40,183
648,151210040,2018-09-20,4.53,1.7101878155342436,40,185
649,151210040,2018-10-05,1.5,0.9162907318741551,40,184
650,151210040,2018-10-10,2.19,1.1600209167967532,40,173
651,151210040,2018-10-12,1.58,0.9477893989335261,40,174
652,151210040,2018-10-15,1.52,0.924258901523332,40,188
653,151210040,2018-11-29,1.26,0.8153648132841945,40,175
654,153180110,2018-05-06,12.9,2.631888840136646,51,68
655,153180110,2018-05-08,12.0,2.5649493574615367,51,71
656,153180110,2018-05-11,12.3,2.5877640352277083,51,70
657,153180110,2018-05-13,14.5,2.740840023925201,51,61
658,153180110,2018-05-21,11.6,2.533696813957432,51,73
659,153180110,2018-05-31,11.0,2.4849066497880004,51,62
660,153180110,2018-06-07,14.1,2.714694743820879,51,63
661,153180110,2018-06-20,13.4,2.667228206581955,51,64
662,153180110,2018-07-05,9.57,2.3580197998821464,51,67
663,153180110,2018-07-07,9.37,2.3389170222414357,51,74
664,153180110,2018-08-01,5.91,1.9329696377795786,51,65
665,153180110,2018-08-04,5.72,1.9050881545350582,51,72
666,153180110,2018-09-03,4.81,1.75958057086382,51,69
667,153180110,2018-10-13,5.14,1.814824742159051,51,75
668,153180110,2018-10-15,5.19,1.8229350866965048,51,66
669,154220090,2018-05-10,1.51,0.9202827531436926,52,192
670,154220090,2018-05-20,1.25,0.8109302162163288,52,190
671,154220090,2018-05-30,1.31,0.8372475245337022,52,187
672,154220090,2018-06-04,1.63,0.9669838461896731,52,199
673,154220090,2018-06-09,1.43,0.8878912573524571,52,191
674,154220090,2018-07-09,1.13,0.7561219797213337,52,193
675,154220090,2018-07-22,0.98,0.6830968447064438,52,188
676,154220090,2018-08-03,0.72,0.5423242908253616,52,197
677,154220090,2018-08-08,0.68,0.5187937934151676,52,198
678,154220090,2018-08-23,0.62,0.4824261492442927,52,189
679,154220090,2018-09-10,0.57,0.4510756193602167,52,194
680,154220090,2018-09-20,0.87,0.6259384308664953,52,195
681,154220090,2018-10-12,0.82,0.598836501088704,52,186
682,154220090,2018-10-15,0.65,0.5007752879124893,52,196
683,153190160,2018-05-08,2.9,1.3609765531356006,48,77
684,153190160,2018-05-13,7.33,2.1198634561787513,48,76
685,153190160,2018-06-07,5.78,1.9139771019523042,48,73
686,153190160,2018-07-07,4.02,1.6134299337036377,48,74
687,153190160,2018-08-01,2.17,1.1537315878891892,48,75
688,153190160,2018-09-20,3.04,1.3962446919730587,48,79
689,153190160,2018-10-15,1.97,1.0885619528146082,48,78
690,150190010,2018-05-13,0.46,0.3784364357202451,34,88
691,150190010,2018-06-07,0.33,0.2851789422336624,34,85
692,150190010,2018-07-07,0.23,0.20701416938432615,34,90
693,150190010,2018-08-01,0.06,0.058268908123975775,34,87
694,150190010,2018-09-20,0.87,0.6259384308664953,34,89
695,150190010,2018-10-05,0.08,0.07696104113612832,34,91
696,150190010,2018-10-10,0.06,0.058268908123975775,34,92
697,150190010,2018-10-15,0.05,0.04879016416943201,34,86
698,150200030,2018-05-03,7.65,2.157559320943788,37,55
699,150200030,2018-05-05,7.43,2.131796772013764,37,61
700,150200030,2018-05-10,9.29,2.331172549845958,37,59
701,150200030,2018-05-13,10.6,2.451005098112319,37,71
702,150200030,2018-05-20,10.7,2.4595888418037104,37,56
703,150200030,2018-05-30,17.8,2.9338568698359033,37,72
704,150200030,2018-06-07,12.7,2.617395832834079,37,57
705,150200030,2018-07-04,6.62,2.030776369698555,37,65
706,150200030,2018-07-07,5.72,1.9050881545350582,37,54
707,150200030,2018-07-24,6.82,2.05668455455722,37,58
708,150200030,2018-08-08,4.98,1.7884205679625405,37,60
709,150200030,2018-08-13,5.93,1.9358598132018119,37,66
710,150200030,2018-09-10,4.0,1.6094379124341003,37,62
711,150200030,2018-09-12,4.71,1.7422190236679187,37,63
712,150200030,2018-09-20,10.4,2.4336133554004498,37,64
713,150200030,2018-10-05,4.88,1.7715567619105355,37,68
714,150200030,2018-10-10,4.1,1.62924053973028,37,67
715,150200030,2018-10-12,9.33,2.3350522831315472,37,70
716,150200030,2018-10-15,6.86,2.061786606441115,37,69
717,150210140,2018-05-30,8.73,2.2752138961979136,38,50
718,150210140,2018-08-13,1.0,0.6931471805599453,38,51
719,150210140,2018-10-12,0.77,0.5709795465857378,38,52
720,150210140,2018-10-17,0.55,0.4382549309311553,38,53
721,151160040,2018-05-06,1.01,0.6981347220709844,21,43
722,151160040,2018-05-21,1.84,1.0438040521731147,21,46
723,151160040,2018-05-29,1.96,1.085189268335969,21,42
724,151160040,2018-05-31,1.89,1.0612565021243408,21,35
725,151160040,2018-07-03,0.68,0.5187937934151676,21,45
726,151160040,2018-07-20,0.68,0.5187937934151676,21,38
727,151160040,2018-08-07,0.17,0.15700374880966475,21,39
728,151160040,2018-08-17,0.14,0.1310282624064041,21,37
729,151160040,2018-08-27,0.18,0.16551443847757338,21,36
730,151160040,2018-08-29,0.16,0.14842000511827327,21,40
731,151160040,2018-10-11,0.009,0.008959741371471904,21,33
732,151160040,2018-10-13,0.007,0.006975613736425242,21,41
733,151160040,2018-10-16,0.006,0.005982071677547464,21,44
734,151160040,2018-10-31,0.006,0.005982071677547464,21,34
735,150150120,2018-05-06,0.55,0.4382549309311553,22,19
736,150150120,2018-05-31,0.47,0.3852624007906449,22,21
737,150150120,2018-07-20,0.46,0.3784364357202451,22,14
738,150150120,2018-08-07,0.4,0.33647223662121295,22,16
739,150150120,2018-08-27,0.32,0.2776317365982795,22,15
740,150150120,2018-08-29,0.32,0.2776317365982795,22,18
741,150150120,2018-10-11,0.22,0.1988508587451652,22,12
742,150150120,2018-10-13,0.22,0.1988508587451652,22,17
743,150150120,2018-10-16,0.22,0.1988508587451652,22,20
744,150150120,2018-10-18,0.22,0.1988508587451652,22,22
745,150150120,2018-10-31,0.22,0.1988508587451652,22,13
746,151180120,2018-05-06,18.8,2.9856819377004897,23,239
747,151180120,2018-05-08,19.6,3.0252910757955354,23,238
748,151180120,2018-05-13,22.4,3.152736022363656,23,237
749,151180120,2018-06-07,27.5,3.349904087274605,23,235
750,151180120,2018-07-05,16.8,2.8791984572980396,23,241
751,151180120,2018-07-07,16.7,2.8735646395797834,23,234
752,151180120,2018-07-20,25.0,3.258096538021482,23,247
753,151180120,2018-08-01,14.4,2.7343675094195836,23,236
754,151180120,2018-08-04,14.3,2.72785282839839,23,242
755,151180120,2018-08-09,11.6,2.533696813957432,23,245
756,151180120,2018-09-10,9.36,2.337952236831337,23,246
757,151180120,2018-09-20,17.3,2.9069010598473755,23,243
758,151180120,2018-10-10,11.0,2.4849066497880004,23,240
759,151180120,2018-10-13,11.0,2.4849066497880004,23,244
760,151180120,2018-10-15,11.8,2.5494451709255714,23,232
761,151180120,2018-11-17,9.73,2.373043556642607,23,233
762,153220100,2018-05-10,59.8,4.107589788972121,45,48
763,153220100,2018-05-30,53.1,3.9908341858524357,45,44
764,153220100,2018-06-04,72.2,4.293195420967266,45,49
765,153220100,2018-06-07,81.6,4.414009680526933,45,42
766,153220100,2018-06-09,81.8,4.416428061391214,45,45
767,153220100,2018-07-09,45.8,3.845883202923601,45,47
768,153220100,2018-08-08,11.2,2.501435951739211,45,43
769,153220100,2018-08-23,7.94,2.190535589185423,45,46
770,153220100,2018-10-12,12.8,2.624668592163159,45,41
771,154210030,2018-05-05,1.84,1.0438040521731147,52,51
772,154210030,2018-05-08,1.94,1.0784095813505903,52,56
773,154210030,2018-05-10,2.07,1.1216775615991057,52,60
774,154210030,2018-05-13,3.31,1.4609379041156565,52,52
775,154210030,2018-05-20,2.78,1.3297240096314962,52,55
776,154210030,2018-05-30,2.22,1.169381359556317,52,53
777,154210030,2018-06-02,5.89,1.9300710850255671,52,65
778,154210030,2018-06-04,5.33,1.8453002361560848,52,66
779,154210030,2018-06-07,3.97,1.6034198401085373,52,58
780,154210030,2018-06-09,3.57,1.5195132049061133,52,57
781,154210030,2018-06-17,3.74,1.556037135706985,52,54
782,154210030,2018-07-04,2.14,1.144222799920162,52,61
783,154210030,2018-08-08,0.51,0.412109650826833,52,50
784,154210030,2018-08-23,0.42,0.35065687161316933,52,59
785,154210030,2018-09-07,0.38,0.32208349916911333,52,63
786,154210030,2018-09-10,0.4,0.33647223662121295,52,62
787,154210030,2018-10-10,0.32,0.2776317365982795,52,67
788,154210030,2018-10-12,0.3,0.26236426446749106,52,49
789,154210030,2018-10-15,0.3,0.26236426446749106,52,64
790,150160150,2018-05-13,1.97,1.0885619528146082,19,231
791,150160170,2018-05-13,9.87,2.386006701133118,19,159
792,150160150,2018-06-07,0.69,0.5247285289349821,19,230
793,150160170,2018-06-07,2.3,1.1939224684724346,19,158
794,150160150,2018-07-05,0.38,0.32208349916911333,19,232
795,150160150,2018-08-01,0.33,0.2851789422336624,19,233
796,150160170,2018-08-01,1.24,0.8064758658669485,19,160
797,150160150,2018-09-28,0.21,0.1906203596086497,19,226
798,150160170,2018-09-28,0.89,0.636576829071551,19,154
799,150160150,2018-10-10,0.25,0.22314355131420976,19,228
800,150160170,2018-10-10,0.43,0.3576744442718159,19,156
801,150160150,2018-10-13,0.24,0.2151113796169455,19,229
802,150160170,2018-10-13,0.44,0.36464311358790924,19,157
803,150160150,2018-10-15,0.2,0.18232155679395462,19,227
804,150160170,2018-10-15,0.43,0.3576744442718159,19,155
805,151200100,2018-10-10,0.4,0.33647223662121295,40,132
806,151200100,2018-10-12,0.82,0.598836501088704,40,133
807,154170110,2018-05-04,12.4,2.5952547069568657,31,219
808,154170110,2018-05-06,12.3,2.5877640352277083,31,209
809,154170110,2018-05-14,24.8,3.250374491927572,31,210
810,154170110,2018-05-19,15.3,2.791165107812717,31,208
811,154170110,2018-05-21,14.5,2.740840023925201,31,212
812,154170110,2018-05-24,14.6,2.747270914255491,31,204
813,154170110,2018-05-29,13.4,2.667228206581955,31,213
814,154170110,2018-05-31,13.2,2.653241964607215,31,205
815,154170110,2018-06-03,19.8,3.0349529867072724,31,202
816,154170110,2018-06-05,18.0,2.9444389791664403,31,211
817,154170110,2018-06-08,15.2,2.785011242238338,31,206
818,154170110,2018-06-10,14.0,2.70805020110221,31,203
819,154170110,2018-06-20,12.0,2.5649493574615367,31,207
820,154170110,2018-06-28,11.8,2.5494451709255714,31,214
821,154170110,2018-07-15,9.66,2.3664984187376987,31,217
822,154170110,2018-07-20,9.22,2.3243465847755584,31,221
823,154170110,2018-07-25,9.16,2.318458442150336,31,220
824,154170110,2018-08-17,7.49,2.138889000323256,31,215
825,154170110,2018-08-22,7.23,2.1077860146889784,31,222
826,154170110,2018-10-06,7.49,2.138889000323256,31,216
827,154170110,2018-10-11,7.0,2.0794415416798357,31,199
828,154170110,2018-10-13,7.12,2.0943301541735866,31,218
829,154170110,2018-10-31,7.31,2.1174596088673567,31,200
830,154170110,2018-11-07,7.02,2.081938421878423,31,201
831,149180020,2018-06-07,31.3,3.475067230228611,18,1
832,149180020,2018-10-15,10.7,2.4595888418037104,18,0
833,154160140,2018-05-04,15.6,2.8094026953624973,31,13
834,154160140,2018-05-06,17.2,2.9014215940827497,31,11
835,154160140,2018-05-14,28.8,3.3945083935113587,31,5
836,154160140,2018-05-19,19.5,3.0204248861443626,31,10
837,154160140,2018-05-21,17.9,2.9391619220655967,31,12
838,154160140,2018-05-24,18.5,2.970414465569701,31,6
839,154160140,2018-05-29,18.7,2.9806186357439426,30,249
840,154160140,2018-05-31,19.1,3.0007198150650303,31,0
841,154160140,2018-06-03,21.9,3.131136910560194,31,1
842,154160140,2018-06-05,23.7,3.2068032436339315,31,7
843,154160140,2018-06-08,20.8,3.0819099697950434,31,3
844,154160140,2018-06-10,18.4,2.9652730660692823,31,9
845,154160140,2018-06-20,17.7,2.928523523860541,31,2
846,154160140,2018-07-23,13.8,2.6946271807700692,31,14
847,154160140,2018-07-25,13.1,2.6461747973841225,31,8
848,154160140,2018-07-30,13.0,2.639057329615259,31,4
849,154160140,2018-08-17,10.8,2.468099531471619,31,17
850,154160140,2018-10-06,14.6,2.747270914255491,31,15
851,154160140,2018-10-11,13.5,2.6741486494265287,30,246
852,154160140,2018-10-13,14.0,2.70805020110221,31,16
853,154160140,2018-10-31,14.0,2.70805020110221,30,247
854,154160140,2018-11-07,12.8,2.624668592163159,30,248
855,150220140,2018-05-02,3.56,1.5173226235262947,39,143
856,150220140,2018-05-12,12.0,2.5649493574615367,39,147
857,150220140,2018-05-27,9.38,2.339880877737743,39,144
858,150220140,2018-05-30,7.84,2.179286876649552,39,145
859,150220140,2018-06-01,9.12,2.3145136638593193,39,142
860,150220140,2018-06-06,8.82,2.2844211223663744,39,146
861,150220140,2018-08-03,1.49,0.9122827104766162,39,153
862,150220140,2018-08-20,2.11,1.1346227261911428,39,150
863,150220140,2018-08-23,1.57,0.9439058989071285,39,149
864,150220140,2018-08-30,4.2,1.6486586255873816,39,151
865,150220140,2018-09-02,3.64,1.534714366238164,39,148
866,150220140,2018-10-12,2.85,1.3480731482996928,39,139
867,150220140,2018-10-14,2.8,1.33500106673234,39,140
868,150220140,2018-10-17,2.8,1.33500106673234,39,152
869,150220140,2018-11-08,3.03,1.3937663759585917,39,141
870,153220110,2018-05-08,2.1,1.1314021114911006,45,116
871,153220110,2018-05-10,2.56,1.269760544863939,45,117
872,153220110,2018-05-30,2.63,1.2892326482767593,45,111
873,153220110,2018-06-04,7.35,2.122261538862764,45,115
874,153220110,2018-06-07,6.66,2.0360119837525,45,119
875,153220110,2018-06-09,6.1,1.9600947840472698,45,110
876,153220110,2018-06-27,3.25,1.4469189829363254,45,121
877,153220110,2018-07-24,0.71,0.5364933705145685,45,112
878,153220110,2018-08-08,0.35,0.30010459245033805,45,113
879,153220110,2018-08-23,0.24,0.2151113796169455,45,114
880,153220110,2018-09-10,0.26,0.23111172096338664,45,118
881,153220110,2018-09-20,0.66,0.5068176023684519,45,120
882,153220110,2018-10-12,0.81,0.5933268452777344,45,109
883,153180080,2018-05-06,683.0,6.52795791762255,33,168
884,153180080,2018-05-08,715.0,6.573680166960646,33,164
885,153180080,2018-05-13,1300.0,7.170888478512505,33,173
886,153180080,2018-05-31,1230.0,7.115582126184454,33,163
887,153180080,2018-06-07,1830.0,7.5126175446745105,33,167
888,153180080,2018-06-20,1380.0,7.2305631534092925,33,166
889,153180080,2018-07-05,946.0,6.853299093186078,33,169
890,153180080,2018-07-07,904.0,6.807934943699926,33,165
891,153180080,2018-07-15,657.0,6.489204931325317,33,172
892,153180080,2018-08-01,616.0,6.424869023905388,33,162
893,153180080,2018-08-04,574.0,6.354370040797351,33,170
894,153180080,2018-09-10,472.0,6.159095388491933,33,171
895,153180080,2018-10-13,462.0,6.137727054086234,33,174
896,153180080,2018-10-15,544.0,6.300785794663244,33,161
897,152150230,2018-05-04,1.72,1.000631880307906,28,174
898,152150230,2018-05-06,1.72,1.000631880307906,28,173
899,152150230,2018-05-09,1.77,1.0188473201992472,28,182
900,152150230,2018-05-19,1.88,1.0577902941478545,28,176
901,152150230,2018-05-21,1.77,1.0188473201992472,28,175
902,152150230,2018-05-29,1.83,1.0402767116551463,28,172
903,152150230,2018-06-08,1.61,0.9593502213346021,28,177
904,152150230,2018-07-15,1.1,0.7419373447293773,28,180
905,152150230,2018-07-20,1.01,0.6981347220709844,28,181
906,152150230,2018-08-04,0.77,0.5709795465857378,28,185
907,152150230,2018-08-07,0.76,0.5653138090500605,28,178
908,152150230,2018-08-09,0.8,0.5877866649021191,28,183
909,152150230,2018-08-22,0.71,0.5364933705145685,28,179
910,152150230,2018-08-29,0.7,0.5306282510621704,28,188
911,152150230,2018-09-08,0.88,0.6312717768418579,28,184
912,152150230,2018-10-11,0.92,0.6523251860396903,28,186
913,152150230,2018-10-13,0.82,0.598836501088704,28,187
914,152150230,2018-10-16,0.75,0.5596157879354227,28,189
915,152150230,2018-10-31,0.89,0.636576829071551,28,170
916,152150230,2018-11-07,0.93,0.6575200029167942,28,171
917,151150180,2018-10-11,0.4,0.33647223662121295,21,74
918,151150180,2018-10-13,0.28,0.2468600779315258,21,76
919,151150180,2018-10-16,0.26,0.23111172096338664,21,77
920,151150180,2018-10-31,0.28,0.2468600779315258,21,75
921,152230030,2018-05-07,0.65,0.5007752879124893,44,141
922,152230030,2018-05-10,1.74,1.007957920399979,44,140
923,152230030,2018-05-12,2.24,1.1755733298042381,44,138
924,152230030,2018-05-27,1.46,0.9001613499442714,44,139
925,152230030,2018-05-30,1.56,0.9400072584914712,44,134
926,152230030,2018-06-01,3.64,1.534714366238164,44,135
927,152230030,2018-06-04,16.8,2.8791984572980396,44,144
928,152230030,2018-06-06,8.62,2.263844264677615,44,143
929,152230030,2018-06-09,3.84,1.5769147207285403,44,142
930,152230030,2018-08-08,0.39,0.3293037471426004,44,133
931,152230030,2018-08-20,0.26,0.23111172096338664,44,137
932,152230030,2018-08-23,0.25,0.22314355131420976,44,136
933,152230030,2018-10-12,0.22,0.1988508587451652,44,131
934,152230030,2018-10-14,0.21,0.1906203596086497,44,132
935,150160030,2018-05-06,0.18,0.16551443847757338,20,185
936,150160030,2018-07-20,0.11,0.10436001532424277,20,186
937,150160030,2018-08-29,0.11,0.10436001532424277,20,184
938,150160030,2018-10-13,0.02,0.019802627296179712,20,187
939,153170050,2018-05-04,8.59,2.2607208888953467,50,38
940,153170050,2018-05-06,8.58,2.2596775919827694,50,36
941,153170050,2018-05-09,8.57,2.258633205464863,50,37
942,153170050,2018-05-14,9.12,2.3145136638593193,50,40
943,153170050,2018-05-19,9.1,2.312535423847214,50,34
944,153170050,2018-05-24,8.66,2.2679936482244267,50,32
945,153170050,2018-05-29,8.45,2.2460147415056513,50,30
946,153170050,2018-06-03,8.76,2.278292400425001,50,28
947,153170050,2018-06-08,8.55,2.256541154492639,50,31
948,153170050,2018-06-20,8.54,2.255493485460195,50,29
949,153170050,2018-07-05,7.77,2.1713368063840917,50,27
950,153170050,2018-07-15,6.92,2.0693912058263346,50,33
951,153170050,2018-08-04,6.26,1.9823798288367047,50,35
952,153170050,2018-08-22,4.46,1.6974487897568138,50,41
953,153170050,2018-10-06,6.13,1.9643112344262046,50,42
954,153170050,2018-10-11,6.06,1.9544450515051506,50,39
955,153170050,2018-10-13,6.06,1.9544450515051506,50,43
956,153170050,2018-10-18,5.99,1.9444805562457188,50,44
957,153170050,2018-10-31,5.67,1.8976198599275325,50,25
958,153170050,2018-11-07,5.8,1.916922612182061,50,26
959,154160130,2018-05-06,3.73,1.5539252025038417,30,126
960,154160130,2018-05-14,5.69,1.900613874140137,30,125
961,154160130,2018-05-19,4.67,1.7351891177396608,30,118
962,154160130,2018-05-24,4.5,1.7047480922384253,30,122
963,154160130,2018-05-29,4.39,1.6845453849209058,30,124
964,154160130,2018-06-03,4.92,1.7783364488959144,30,119
965,154160130,2018-06-08,4.38,1.682688374173693,30,120
966,154160130,2018-06-20,3.95,1.599387576580599,30,121
967,154160130,2018-07-15,3.03,1.3937663759585917,30,117
968,154160130,2018-07-20,2.91,1.3635373739972745,30,130
969,154160130,2018-07-25,2.83,1.3428648031925547,30,116
970,154160130,2018-07-30,2.75,1.3217558399823195,30,123
971,154160130,2018-08-22,2.86,1.3506671834767394,30,131
972,154160130,2018-09-03,2.55,1.2669476034873244,30,129
973,154160130,2018-10-06,3.28,1.4539530095937054,30,128
974,154160130,2018-10-11,2.99,1.3837912309017721,30,113
975,154160130,2018-10-13,2.95,1.3737155789130306,30,127
976,154160130,2018-10-31,2.95,1.3737155789130306,30,114
977,154160130,2018-11-07,2.9,1.3609765531356006,30,115
978,149180060,2018-10-10,3.95,1.599387576580599,18,169
979,149180070,2018-10-10,0.09,0.08617769624105233,18,171
980,149180060,2018-10-15,1.44,0.8919980393051105,18,168
981,149180070,2018-10-15,0.06,0.058268908123975775,18,170
982,149190080,2018-05-03,1.74,1.007957920399979,34,156
983,149190080,2018-05-13,22.1,3.139832617527748,34,150
984,149190080,2018-06-07,7.2,2.1041341542702074,34,146
985,149190080,2018-07-04,2.76,1.324418957401803,34,154
986,149190080,2018-07-29,2.93,1.3686394258811698,34,149
987,149190080,2018-08-03,4.03,1.6154199841116479,34,144
988,149190080,2018-08-13,2.93,1.3686394258811698,34,147
989,149190080,2018-08-23,5.14,1.814824742159051,34,145
990,149190080,2018-09-07,2.29,1.1908875647772805,34,151
991,149190080,2018-09-10,2.38,1.2178757094949273,34,152
992,149190080,2018-09-12,2.38,1.2178757094949273,34,148
993,149190080,2018-09-20,46.1,3.8522730010223722,34,153
994,149190080,2018-10-05,6.88,2.064327903869788,34,155
995,149190080,2018-10-10,2.2,1.1631508098056809,34,157
996,149190080,2018-10-12,4.77,1.752672080520008,34,141
997,149190080,2018-10-15,2.25,1.1786549963416462,34,142
998,149190080,2018-11-06,7.72,2.1656192379208883,34,143
999,149200330,2018-05-10,9.66,2.3664984187376987,37,30
1000,149200330,2018-08-13,1.38,0.8671004876833832,37,29
1001,149200330,2018-08-23,1.66,0.9783261227936076,37,31
1002,149200330,2018-09-07,0.91,0.6471032420585385,37,33
1003,149200330,2018-10-12,1.85,1.0473189942805592,37,32
1004,152150130,2018-05-04,129.0,4.867534450455582,18,60
1005,152150130,2018-05-06,127.0,4.852030263919617,18,62
1006,152150130,2018-05-21,213.0,5.365976015021851,18,59
1007,152150130,2018-05-26,187.0,5.236441962829949,18,55
1008,152150130,2018-05-29,177.0,5.181783550292085,18,51
1009,152150130,2018-05-31,174.0,5.1647859739235145,18,58
1010,152150130,2018-07-03,102.0,4.634728988229636,18,53
1011,152150130,2018-07-15,88.4,4.493120682179469,18,54
1012,152150130,2018-08-04,83.7,4.439115601658009,18,63
1013,152150130,2018-08-07,117.0,4.770684624465665,18,52
1014,152150130,2018-08-09,105.0,4.663439094112067,18,64
1015,152150130,2018-08-17,94.9,4.563305981889393,18,65
1016,152150130,2018-08-22,68.6,4.242764567340374,18,61
1017,152150130,2018-10-11,61.5,4.135166556742356,18,50
1018,152150130,2018-10-13,57.6,4.070734696582967,18,57
1019,152150130,2018-10-31,64.9,4.188138441508461,18,56
1020,149220080,2018-05-05,0.55,0.4382549309311553,39,3
1021,149220080,2018-05-07,0.83,0.6043159668533296,38,245
1022,149220080,2018-05-12,13.5,2.6741486494265287,38,248
1023,149220080,2018-05-30,3.37,1.4747630091074988,39,6
1024,149220080,2018-06-06,13.2,2.653241964607215,38,246
1025,149220080,2018-08-20,0.47,0.3852624007906449,38,247
1026,149220080,2018-08-23,0.5,0.4054651081081644,38,249
1027,149220080,2018-08-28,1.6,0.9555114450274365,39,0
1028,149220080,2018-08-30,2.07,1.1216775615991057,39,1
1029,149220080,2018-09-19,8.93,2.295560478057081,39,2
1030,149220080,2018-10-09,0.51,0.412109650826833,39,4
1031,149220080,2018-10-12,0.51,0.412109650826833,39,5
1032,149220080,2018-10-14,0.44,0.36464311358790924,38,244
1033,149220080,2018-10-17,0.51,0.412109650826833,39,7
1034,149220080,2018-11-06,0.39,0.3293037471426004,39,8
1035,149220080,2018-11-08,0.41,0.3435897043900769,39,9
1036,154160080,2018-05-04,1.15,0.7654678421395714,29,234
1037,154160080,2018-05-06,1.26,0.8153648132841945,29,229
1038,154160080,2018-05-09,1.98,1.091923300517313,29,231
1039,154160080,2018-05-14,1.68,0.9858167945227653,29,223
1040,154160080,2018-05-19,1.5,0.9162907318741551,29,230
1041,154160080,2018-05-24,1.5,0.9162907318741551,29,238
1042,154160080,2018-05-29,2.22,1.169381359556317,29,225
1043,154160080,2018-06-03,2.04,1.1118575154181303,29,226
1044,154160080,2018-06-08,1.68,0.9858167945227653,29,227
1045,154160080,2018-06-20,1.86,1.0508216248317612,29,219
1046,154160080,2018-07-05,1.17,0.7747271675523681,29,232
1047,154160080,2018-07-15,1.17,0.7747271675523681,29,220
1048,154160080,2018-07-20,1.17,0.7747271675523681,29,221
1049,154160080,2018-07-25,1.17,0.7747271675523681,29,228
1050,154160080,2018-08-17,1.03,0.708035793053696,29,233
1051,154160080,2018-08-22,0.88,0.6312717768418579,29,224
1052,154160080,2018-09-08,0.96,0.6729444732424258,29,222
1053,154160080,2018-10-06,1.03,0.708035793053696,29,235
1054,154160080,2018-10-11,0.74,0.5538851132264376,29,236
1055,154160080,2018-10-13,0.74,0.5538851132264376,29,237
1056,154160080,2018-10-31,0.81,0.5933268452777344,29,217
1057,154160080,2018-11-07,0.79,0.5822156198526637,29,218
1058,151210070,2018-05-03,1.17,0.7747271675523681,42,192
1059,151210070,2018-05-08,1.47,0.9042181506398859,42,186
1060,151210070,2018-05-13,2.31,1.1969481893889715,42,188
1061,151210070,2018-05-30,4.14,1.6370530794670737,42,182
1062,151210070,2018-06-04,9.64,2.3646204839134985,42,196
1063,151210070,2018-06-07,4.67,1.7351891177396608,42,181
1064,151210070,2018-06-09,3.78,1.5644405465033646,42,183
1065,151210070,2018-06-29,1.44,0.8919980393051105,42,184
1066,151210070,2018-07-07,1.36,0.8586616190375187,42,199
1067,151210070,2018-07-09,1.28,0.8241754429663495,42,198
1068,151210070,2018-07-24,1.28,0.8241754429663495,42,185
1069,151210070,2018-08-01,0.92,0.6523251860396903,42,189
1070,151210070,2018-08-08,0.7,0.5306282510621704,42,178
1071,151210070,2018-08-13,0.65,0.5007752879124893,42,187
1072,151210070,2018-08-23,0.74,0.5538851132264376,42,190
1073,151210070,2018-09-02,0.68,0.5187937934151676,42,193
1074,151210070,2018-09-10,0.54,0.43178241642553783,42,197
1075,151210070,2018-09-20,0.71,0.5364933705145685,42,191
1076,151210070,2018-10-10,0.57,0.4510756193602167,42,179
1077,151210070,2018-10-12,1.0,0.6931471805599453,42,194
1078,151210070,2018-10-15,0.77,0.5709795465857378,42,195
1079,151210070,2018-11-06,0.52,0.41871033485818504,42,180
1080,153220090,2018-05-08,1.4,0.8754687373538999,45,237
1081,153220090,2018-05-10,2.94,1.3711807233098425,45,238
1082,153220090,2018-05-30,2.07,1.1216775615991057,45,240
1083,153220090,2018-06-04,18.6,2.975529566236472,45,247
1084,153220090,2018-06-07,6.83,2.057962510002712,45,239
1085,153220090,2018-06-09,4.3,1.667706820558076,45,241
1086,153220090,2018-07-09,1.08,0.7323678937132266,45,242
1087,153220090,2018-08-08,0.68,0.5187937934151676,45,243
1088,153220090,2018-08-23,0.5,0.4054651081081644,45,244
1089,153220090,2018-09-10,0.56,0.44468582126144574,45,245
1090,153220090,2018-09-20,1.87,1.0543120297715298,45,246
1091,153220090,2018-10-12,0.76,0.5653138090500605,45,236
1092,149190120,2018-05-13,39.2,3.6938669956249752,34,169
1093,149190120,2018-06-07,8.47,2.248128907197987,34,165
1094,149190120,2018-07-04,2.0,1.0986122886681096,34,167
1095,149190120,2018-07-29,1.95,1.0818051703517284,34,168
1096,149190120,2018-08-03,2.1,1.1314021114911006,34,166
1097,149190120,2018-08-23,2.05,1.11514159061932,34,171
1098,149190120,2018-09-07,2.19,1.1600209167967532,34,174
1099,149190120,2018-09-10,2.22,1.169381359556317,34,175
1100,149190120,2018-09-12,2.2,1.1631508098056809,34,170
1101,149190120,2018-09-20,110.0,4.709530201312334,34,173
1102,149190120,2018-10-05,1.95,1.0818051703517284,34,176
1103,149190120,2018-10-10,2.07,1.1216775615991057,34,172
1104,149190120,2018-10-12,2.06,1.1184149159642893,34,162
1105,149190120,2018-10-15,1.97,1.0885619528146082,34,163
1106,149190120,2018-11-06,25.8,3.288401887516811,34,164
1107,153220310,2018-05-08,3.14,1.420695787837223,45,230
1108,153220310,2018-05-10,2.01,1.1019400787607843,45,233
1109,153220310,2018-05-30,1.24,0.8064758658669485,45,227
1110,153220310,2018-06-04,1.46,0.9001613499442714,45,228
1111,153220310,2018-06-07,1.04,0.712949807856125,45,226
1112,153220310,2018-06-09,1.08,0.7323678937132266,45,221
1113,153220310,2018-07-09,1.18,0.7793248768009976,45,234
1114,153220310,2018-07-19,0.79,0.5822156198526637,45,222
1115,153220310,2018-07-22,0.71,0.5364933705145685,45,231
1116,153220310,2018-08-08,0.4,0.33647223662121295,45,223
1117,153220310,2018-08-23,0.38,0.32208349916911333,45,229
1118,153220310,2018-09-10,0.34,0.29266961396282,45,224
1119,153220310,2018-09-20,0.34,0.29266961396282,45,225
1120,153220310,2018-10-12,0.54,0.43178241642553783,45,220
1121,153220310,2018-10-15,0.57,0.4510756193602167,45,232
1122,153220310,2018-10-17,0.57,0.4510756193602167,45,235
1123,153180010,2018-05-06,9.58,2.3589654264301534,50,164
1124,153180010,2018-05-31,9.4,2.341805806147327,50,165
1125,153180010,2018-06-20,9.1,2.312535423847214,50,162
1126,153180010,2018-07-05,8.46,2.247072383063787,50,163
1127,153180010,2018-07-15,7.8,2.174751721484161,50,169
1128,153180010,2018-07-20,7.13,2.0955609235597192,50,166
1129,153180010,2018-08-04,6.46,2.0095554142156695,50,168
1130,153180010,2018-09-03,5.97,1.9416152247724325,50,167
1131,153180010,2018-11-07,4.9,1.7749523509116738,50,161
1132,153160260,2018-05-04,3.51,1.5062971535145868,27,125
1133,153160260,2018-05-06,3.44,1.4906543764441333,27,128
1134,153160260,2018-05-09,3.58,1.5216989981260935,27,124
1135,153160260,2018-05-14,5.37,1.851599469584072,27,121
1136,153160260,2018-05-19,4.21,1.6505798557652755,27,119
1137,153160260,2018-05-21,4.0,1.6094379124341003,27,132
1138,153160260,2018-05-29,3.79,1.5665304114228238,27,115
1139,153160260,2018-06-03,4.38,1.682688374173693,27,114
1140,153160260,2018-06-08,3.93,1.5953389880545987,27,118
1141,153160260,2018-06-20,3.58,1.5216989981260935,27,116
1142,153160260,2018-07-05,3.68,1.5432981099295553,27,117
1143,153160260,2018-07-15,2.92,1.366091653802371,27,123
1144,153160260,2018-07-20,2.64,1.2919836816486494,27,126
1145,153160260,2018-07-25,2.44,1.235471471385307,27,120
1146,153160260,2018-08-04,2.18,1.1568811967920856,27,129
1147,153160260,2018-08-09,1.92,1.0715836162801904,27,130
1148,153160260,2018-10-06,3.36,1.4724720573609429,27,131
1149,153160260,2018-10-11,2.92,1.366091653802371,27,122
1150,153160260,2018-10-13,2.78,1.3297240096314962,27,127
1151,153160260,2018-10-31,2.23,1.172482137234565,27,112
1152,153160260,2018-11-07,2.14,1.144222799920162,27,113
1153,152210100,2018-05-03,1.06,0.7227059828014898,46,189
1154,152210100,2018-05-08,1.27,0.8197798314933114,46,194
1155,152210100,2018-05-10,1.82,1.0367368849500223,46,185
1156,152210100,2018-05-23,2.0,1.0986122886681096,46,198
1157,152210100,2018-05-30,2.43,1.2325602611778486,46,193
1158,152210100,2018-06-04,7.47,2.136530508663963,46,200
1159,152210100,2018-06-07,4.48,1.7011051009599243,46,195
1160,152210100,2018-06-09,3.15,1.423108334242607,46,190
1161,152210100,2018-07-07,0.89,0.636576829071551,46,186
1162,152210100,2018-07-09,0.78,0.5766133643039938,46,187
1163,152210100,2018-07-24,1.18,0.7793248768009976,46,182
1164,152210100,2018-08-01,0.8,0.5877866649021191,46,183
1165,152210100,2018-08-08,0.46,0.3784364357202451,46,197
1166,152210100,2018-08-23,0.26,0.23111172096338664,46,184
1167,152210100,2018-09-10,0.26,0.23111172096338664,46,192
1168,152210100,2018-09-12,0.24,0.2151113796169455,46,191
1169,152210100,2018-09-20,1.35,0.8544153281560676,46,188
1170,152210100,2018-10-12,0.58,0.4574248470388754,46,181
1171,152210100,2018-10-15,0.61,0.4762341789963716,46,199
1172,152210100,2018-10-17,0.51,0.412109650826833,46,196
1173,149200230,2018-05-10,70.5,4.269697449699962,36,113
1174,149200230,2018-08-13,51.1,3.9531649487593215,36,112
1175,149200230,2018-08-23,33.1,3.529297384289471,36,114
1176,149200230,2018-09-07,46.1,3.8522730010223722,36,116
1177,149200230,2018-10-12,87.2,4.4796069630127455,36,115
1178,149190010,2018-06-07,0.68,0.5187937934151676,33,216
1179,149190010,2018-10-10,0.91,0.6471032420585385,33,215
1180,149190010,2018-10-12,0.88,0.6312717768418579,33,212
1181,149190010,2018-10-15,0.84,0.6097655716208943,33,213
1182,149190010,2018-11-06,2.06,1.1184149159642893,33,214
1183,149180250,2018-10-10,0.34,0.29266961396282,33,197
1184,149180250,2018-10-15,0.37,0.31481073984003355,33,196
1185,151210090,2018-05-30,12.7,2.617395832834079,40,198
1186,151210090,2018-06-19,7.05,2.085672091430472,40,197
1187,151210090,2018-06-29,6.46,2.0095554142156695,40,199
1188,151210090,2018-08-03,6.87,2.063058062429312,40,203
1189,151210090,2018-08-08,4.63,1.728109442151599,40,200
1190,151210090,2018-08-13,4.69,1.7387102481382395,40,201
1191,151210090,2018-08-23,4.44,1.6937790608678513,40,202
1192,151210090,2018-08-28,4.3,1.667706820558076,40,205
1193,151210090,2018-09-02,4.41,1.6882490928583902,40,204
1194,151210090,2018-10-12,6.75,2.0476928433652555,40,196
1195,149190230,2018-05-03,25.0,3.258096538021482,32,195
1196,149190230,2018-05-10,50.8,3.9473901492654373,32,201
1197,149190230,2018-05-13,66.0,4.204692619390966,32,191
1198,149190230,2018-06-07,32.1,3.4995332823830174,32,189
1199,149190230,2018-07-04,22.1,3.139832617527748,32,193
1200,149190230,2018-08-03,42.2,3.765840495250065,32,190
1201,149190230,2018-08-13,22.6,3.1612467120315646,32,199
1202,149190230,2018-08-23,13.0,2.639057329615259,32,198
1203,149190230,2018-09-07,21.6,3.1179499062782403,32,196
1204,149190230,2018-09-10,11.1,2.4932054526026954,32,194
1205,149190230,2018-09-12,10.9,2.4765384001174837,32,192
1206,149190230,2018-09-20,207.0,5.337538079701318,32,197
1207,149190230,2018-10-05,12.8,2.624668592163159,32,200
1208,149190230,2018-10-10,8.73,2.2752138961979136,32,202
1209,149190230,2018-10-12,9.6,2.3608540011180215,32,186
1210,149190230,2018-10-15,12.3,2.5877640352277083,32,187
1211,149190230,2018-11-06,40.6,3.728100167267218,32,188
1212,154230030,2018-05-10,5.22,1.827769906751088,52,201
1213,154230030,2018-05-30,4.77,1.752672080520008,52,207
1214,154230030,2018-06-04,5.45,1.864080130807681,52,206
1215,154230030,2018-06-09,5.45,1.864080130807681,52,202
1216,154230030,2018-07-09,4.65,1.7316555451583495,52,205
1217,154230030,2018-07-19,4.31,1.6695918352538475,52,209
1218,154230030,2018-08-03,3.16,1.425515074273172,52,203
1219,154230030,2018-08-08,2.72,1.3137236682850553,52,204
1220,154230030,2018-08-23,2.13,1.1410330045520618,52,208
1221,154230030,2018-10-12,2.72,1.3137236682850553,52,200
1222,150200160,2018-05-03,0.68,0.5187937934151676,37,109
1223,150200160,2018-05-05,0.49,0.3987761199573678,37,103
1224,150200160,2018-05-10,1.1,0.7419373447293773,37,99
1225,150200160,2018-05-13,1.47,0.9042181506398859,37,101
1226,150200160,2018-05-20,0.81,0.5933268452777344,37,100
1227,150200160,2018-05-30,2.93,1.3686394258811698,37,96
1228,150200160,2018-06-07,1.08,0.7323678937132266,37,94
1229,150200160,2018-07-04,0.55,0.4382549309311553,37,108
1230,150200160,2018-07-07,0.49,0.3987761199573678,37,95
1231,150200160,2018-07-24,0.55,0.4382549309311553,37,98
1232,150200160,2018-08-08,0.45,0.37156355643248307,37,97
1233,150200160,2018-08-13,0.66,0.5068176023684519,37,104
1234,150200160,2018-09-12,0.41,0.3435897043900769,37,107
1235,150200160,2018-09-20,1.1,0.7419373447293773,37,111
1236,150200160,2018-10-05,0.42,0.35065687161316933,37,110
1237,150200160,2018-10-10,0.71,0.5364933705145685,37,106
1238,150200160,2018-10-12,1.79,1.0260415958332743,37,105
1239,150200160,2018-10-15,0.83,0.6043159668533296,37,102
1240,152180150,2018-05-06,7.05,2.085672091430472,24,216
1241,152180150,2018-05-08,7.19,2.102913897864978,24,213
1242,152180150,2018-05-11,7.32,2.1186622548331173,24,218
1243,152180150,2018-05-13,8.49,2.2502386126218363,24,212
1244,152180150,2018-05-21,8.94,2.2965670206684825,24,219
1245,152180150,2018-06-07,9.24,2.3263016196113617,24,208
1246,152180150,2018-07-05,9.68,2.3683728335320486,24,210
1247,152180150,2018-07-07,6.55,2.0215475632609334,24,206
1248,152180150,2018-07-20,13.0,2.639057329615259,24,211
1249,152180150,2018-08-01,4.21,1.6505798557652755,24,209
1250,152180150,2018-08-09,2.3,1.1939224684724346,24,217
1251,152180150,2018-08-29,4.05,1.6193882432872684,24,221
1252,152180150,2018-09-20,14.5,2.740840023925201,24,220
1253,152180150,2018-10-10,4.25,1.6582280766035324,24,214
1254,152180150,2018-10-13,3.89,1.5871923034867808,24,215
1255,152180150,2018-10-15,3.51,1.5062971535145868,24,205
1256,152180150,2018-11-17,4.3,1.667706820558076,24,207
1257,151190120,2018-05-03,4.06,1.6213664832993742,43,70
1258,151190120,2018-05-05,3.9,1.589235205116581,43,67
1259,151190120,2018-05-10,4.61,1.724550719534605,43,62
1260,151190120,2018-05-13,5.44,1.8625285401162623,43,64
1261,151190120,2018-05-20,4.78,1.7544036826842861,43,69
1262,151190120,2018-05-30,8.58,2.2596775919827694,43,65
1263,151190120,2018-06-07,6.08,1.9572739077056285,43,60
1264,151190120,2018-07-04,3.28,1.4539530095937054,43,66
1265,151190120,2018-07-07,2.76,1.324418957401803,43,61
1266,151190120,2018-08-08,1.46,0.9001613499442714,43,63
1267,151190120,2018-08-13,1.31,0.8372475245337022,43,68
1268,151190120,2018-09-10,1.13,0.7561219797213337,43,72
1269,151190120,2018-09-12,1.11,0.7466879474879752,43,71
1270,151190120,2018-09-20,8.79,2.281361456542419,43,73
1271,151190120,2018-10-05,2.34,1.205970806988609,43,74
1272,151190120,2018-10-12,2.12,1.1378330018213911,43,76
1273,151190120,2018-10-15,1.92,1.0715836162801904,43,75
1274,151150140,2018-05-06,8.22,2.2213750375685026,22,71
1275,151150140,2018-05-21,15.1,2.7788192719904172,22,68
1276,151150140,2018-05-29,12.5,2.6026896854443837,22,70
1277,151150140,2018-05-31,10.5,2.4423470353692043,22,66
1278,151150140,2018-07-03,12.6,2.6100697927420065,22,69
1279,151150140,2018-08-07,5.3,1.840549633397487,22,67
1280,151150140,2018-08-17,5.98,1.943048916774281,22,72
1281,151150140,2018-08-27,5.22,1.827769906751088,22,73
1282,151150140,2018-08-29,4.94,1.7817091333745536,22,74
1283,151150140,2018-10-11,5.17,1.8196988379172965,22,64
1284,151150140,2018-10-13,4.94,1.7817091333745536,22,75
1285,151150140,2018-10-16,4.87,1.769854633840005,22,76
1286,151150140,2018-10-31,4.9,1.7749523509116738,22,65
1287,151210120,2018-06-09,617.0,6.42648845745769,33,53
1288,151210120,2018-08-08,266.0,5.58724865840025,33,51
1289,151210120,2018-10-12,262.0,5.572154032177765,33,52
1290,151210120,2018-11-06,193.0,5.267858159063328,33,50
1291,153220260,2018-05-10,15.7,2.8154087194227095,45,17
1292,153220260,2018-05-30,15.0,2.772588722239781,45,16
1293,153220260,2018-06-04,33.9,3.5524868292083815,45,22
1294,153220260,2018-06-09,36.4,3.6216707044204863,45,20
1295,153220260,2018-07-09,9.24,2.3263016196113617,45,18
1296,153220260,2018-07-19,7.16,2.0992441689760155,45,19
1297,153220260,2018-08-08,3.57,1.5195132049061133,45,21
1298,153220260,2018-08-23,2.68,1.3029127521808397,45,15
1299,153220260,2018-10-12,5.09,1.8066480817218056,45,14
1300,153220260,2018-10-17,4.87,1.769854633840005,45,23
1301,149200090,2018-05-13,7.79,2.1736147116970854,35,224
1302,149200090,2018-06-07,8.94,2.2965670206684825,35,223
1303,149200090,2018-08-13,3.59,1.5238800240724537,35,225
1304,149200090,2018-10-10,3.63,1.5325568680981427,35,221
1305,149200090,2018-10-12,3.36,1.4724720573609429,35,222
1306,149200090,2018-10-15,8.83,2.285438934159075,35,220
1307,150200110,2018-05-03,1.81,1.0331844833456545,36,56
1308,150200110,2018-05-10,2.1,1.1314021114911006,36,51
1309,150200110,2018-05-13,2.73,1.3164082336557241,36,54
1310,150200110,2018-06-07,2.23,1.172482137234565,36,52
1311,150200110,2018-08-03,1.53,0.9282193027394289,36,53
1312,150200110,2018-08-13,1.62,0.9631743177730056,36,55
1313,150200110,2018-08-23,1.29,0.8285518175661483,36,57
1314,150200110,2018-09-07,0.99,0.688134638736401,36,63
1315,150200110,2018-09-20,1.84,1.0438040521731147,36,61
1316,150200110,2018-10-05,1.06,0.7227059828014898,36,60
1317,150200110,2018-10-10,0.99,0.688134638736401,36,62
1318,150200110,2018-10-12,2.42,1.2296405510745139,36,59
1319,150200110,2018-10-15,1.88,1.0577902941478545,36,58
1320,150170220,2018-05-03,0.52,0.41871033485818504,19,77
1321,150170220,2018-05-06,0.55,0.4382549309311553,19,74
1322,150170220,2018-05-13,0.88,0.6312717768418579,19,75
1323,150170220,2018-05-26,0.83,0.6043159668533296,19,79
1324,150170220,2018-06-07,0.65,0.5007752879124893,19,70
1325,150170220,2018-07-05,0.55,0.4382549309311553,19,72
1326,150170220,2018-07-15,0.36,0.3074846997479606,19,71
1327,150170220,2018-07-20,0.56,0.44468582126144574,19,76
1328,150170220,2018-08-01,0.37,0.31481073984003355,19,73
1329,150170220,2018-08-04,0.45,0.37156355643248307,19,86
1330,150170220,2018-08-09,0.37,0.31481073984003355,19,78
1331,150170220,2018-08-29,0.43,0.3576744442718159,19,82
1332,150170220,2018-09-03,0.42,0.35065687161316933,19,87
1333,150170220,2018-09-20,0.43,0.3576744442718159,19,84
1334,150170220,2018-09-28,0.26,0.23111172096338664,19,67
1335,150170220,2018-09-30,0.3,0.26236426446749106,19,85
1336,150170220,2018-10-05,0.24,0.2151113796169455,19,81
1337,150170220,2018-10-10,0.19,0.173953307123438,19,83
1338,150170220,2018-10-13,0.19,0.173953307123438,19,80
1339,150170220,2018-10-15,0.18,0.16551443847757338,19,68
1340,150170220,2018-11-17,0.21,0.1906203596086497,19,69
1341,151150050,2018-05-04,27.9,3.3638415951183864,22,85
1342,151150050,2018-05-06,20.9,3.086486636822455,22,94
1343,151150050,2018-05-21,46.3,3.856510295497887,22,104
1344,151150050,2018-05-26,36.4,3.6216707044204863,22,96
1345,151150050,2018-05-29,33.3,3.535145354171894,22,99
1346,151150050,2018-05-31,27.3,3.342861804649192,22,87
1347,153210220,2018-05-08,35.9,3.6082115510464816,46,19
1348,153210220,2018-05-10,36.3,3.6189933266497696,46,20
1349,153210220,2018-05-30,35.6,3.6000482404073204,46,14
1350,153210220,2018-06-07,42.5,3.7727609380946383,46,13
1351,153210220,2018-06-09,40.4,3.7232808808312687,46,16
1352,153210220,2018-07-24,22.4,3.152736022363656,46,17
1353,153210220,2018-08-08,15.5,2.803360380906535,46,15
1354,153210220,2018-08-23,10.6,2.451005098112319,46,18
1355,153210220,2018-09-10,9.18,2.3204250111223765,46,21
1356,153210220,2018-09-20,14.4,2.7343675094195836,46,22
1357,153210220,2018-10-12,12.8,2.624668592163159,46,12
1358,152140100,2018-05-04,5.04,1.7984040119467237,28,205
1359,152140100,2018-05-09,4.93,1.780024213009634,28,201
1360,152140100,2018-05-14,5.15,1.8164520818184267,28,202
1361,152140100,2018-05-29,4.93,1.780024213009634,28,203
1362,152140100,2018-06-08,4.61,1.724550719534605,28,198
1363,152140100,2018-08-07,2.06,1.1184149159642893,28,200
1364,152140100,2018-08-17,1.5,0.9162907318741551,28,204
1365,152140100,2018-08-22,1.42,0.8837675401685949,28,199
1366,152140100,2018-10-06,0.37,0.31481073984003355,28,206
1367,152140100,2018-10-11,0.21,0.1906203596086497,28,197
1368,152140100,2018-10-31,0.16,0.14842000511827327,28,207
1369,151230060,2018-05-12,57.8,4.074141854904581,47,10
1370,151230060,2018-05-27,86.0,4.465908118654584,47,7
1371,151230060,2018-05-30,92.6,4.539030383483547,47,6
1372,151230060,2018-06-01,98.2,4.597138014290827,47,1
1373,151230060,2018-06-06,115.0,4.7535901911063645,47,0
1374,151230060,2018-06-09,114.0,4.74493212836325,47,5
1375,151230060,2018-06-21,93.6,4.549657476057833,47,9
1376,151230060,2018-07-09,32.8,3.520460802488973,47,3
1377,151230060,2018-08-03,18.7,2.9806186357439426,47,2
1378,151230060,2018-08-08,14.6,2.747270914255491,47,4
1379,151230060,2018-08-13,15.1,2.7788192719904172,46,249
1380,151230060,2018-08-20,17.5,2.917770732084279,47,11
1381,151230060,2018-08-23,24.2,3.2268439945173775,47,8
1382,151230060,2018-10-12,32.2,3.502549875922443,46,246
1383,151230060,2018-10-14,30.8,3.459466289786131,46,247
1384,151230060,2018-11-08,20.8,3.0819099697950434,46,248
1385,152150240,2018-05-04,28.9,3.3978584803966405,28,74
1386,152150240,2018-05-06,28.0,3.367295829986474,28,73
1387,152150240,2018-05-14,30.8,3.459466289786131,28,76
1388,152150240,2018-05-19,29.7,3.4242626545931514,28,79
1389,152150240,2018-05-21,29.4,3.414442608412176,28,78
1390,152150240,2018-05-29,28.0,3.367295829986474,28,72
1391,152150240,2018-06-08,28.9,3.3978584803966405,28,75
1392,152150240,2018-07-15,25.0,3.258096538021482,28,83
1393,152150240,2018-07-20,22.2,3.144152278672264,28,81
1394,152150240,2018-08-04,19.9,3.039749158970765,28,84
1395,152150240,2018-08-07,19.0,2.995732273553991,28,77
1396,152150240,2018-08-09,18.3,2.9601050959108397,28,82
1397,152150240,2018-08-22,16.2,2.8449093838194073,28,80
1398,152150240,2018-09-08,14.6,2.747270914255491,28,87
1399,152150240,2018-10-11,14.6,2.747270914255491,28,85
1400,152150240,2018-10-13,14.3,2.72785282839839,28,86
1401,152150240,2018-10-31,13.3,2.6602595372658615,28,70
1402,152150240,2018-11-07,13.5,2.6741486494265287,28,71
1403,153150100,2018-05-04,15.0,2.772588722239781,28,63
1404,153150100,2018-05-06,14.5,2.740840023925201,28,59
1405,153150100,2018-05-09,14.0,2.70805020110221,28,61
1406,153150100,2018-05-14,15.2,2.785011242238338,28,67
1407,153150100,2018-05-19,14.3,2.72785282839839,28,68
1408,153150100,2018-05-21,13.8,2.6946271807700692,28,66
1409,153150100,2018-05-24,13.8,2.6946271807700692,28,69
1410,153150100,2018-05-29,13.5,2.6741486494265287,28,53
1411,153150100,2018-06-03,13.6,2.681021528714291,28,51
1412,153150100,2018-06-08,13.5,2.6741486494265287,28,58
1413,153150100,2018-06-20,13.1,2.6461747973841225,28,54
1414,153150100,2018-07-05,13.5,2.6741486494265287,28,52
1415,153150100,2018-08-04,7.9,2.186051276738094,28,57
1416,153150100,2018-08-07,7.36,2.1234584270966104,28,55
1417,153150100,2018-08-09,6.96,2.0744289998562917,28,62
1418,153150100,2018-08-22,5.97,1.9416152247724325,28,56
1419,153150100,2018-09-08,4.32,1.6714733033535532,28,48
1420,153150100,2018-10-06,5.52,1.8748743759385615,28,64
1421,153150100,2018-10-11,5.1,1.8082887711792655,28,60
1422,153150100,2018-10-13,5.0,1.791759469228055,28,65
1423,153150100,2018-10-31,4.4,1.6863989535702286,28,49
1424,153150100,2018-11-07,4.31,1.6695918352538475,28,50
1425,153150120,2018-05-06,6.39,2.0001277349601105,28,39
1426,153150120,2018-05-21,5.97,1.9416152247724325,28,46
1427,153150120,2018-05-24,6.18,1.9712993830601329,28,45
1428,153150120,2018-05-29,5.97,1.9416152247724325,28,38
1429,153150120,2018-06-03,6.28,1.9851308622085946,28,37
1430,153150120,2018-06-08,6.18,1.9712993830601329,28,40
1431,153150120,2018-06-20,5.76,1.9110228900548727,28,41
1432,153150120,2018-07-05,5.76,1.9110228900548727,28,42
1433,153150120,2018-08-07,2.57,1.2725655957915476,28,44
1434,153150120,2018-08-22,1.96,1.085189268335969,28,43
1435,153150120,2018-09-08,1.79,1.0260415958332743,28,34
1436,153150120,2018-10-13,1.57,0.9439058989071285,28,47
1437,153150120,2018-10-31,1.31,0.8372475245337022,28,35
1438,153150120,2018-11-07,1.34,0.8501509293696101,28,36
1439,153150070,2018-05-04,0.23,0.20701416938432615,29,143
1440,153150070,2018-05-09,0.39,0.3293037471426004,29,139
1441,153150070,2018-05-14,0.74,0.5538851132264376,29,140
1442,153150070,2018-05-19,0.31,0.27002713721306015,29,141
1443,153150070,2018-05-24,0.37,0.31481073984003355,29,136
1444,153150070,2018-05-29,0.37,0.31481073984003355,29,132
1445,153150070,2018-06-03,0.45,0.37156355643248307,29,133
1446,153150070,2018-06-08,0.35,0.30010459245033805,29,135
1447,153150070,2018-08-07,0.15,0.13976194237515868,29,137
1448,153150070,2018-08-17,0.15,0.13976194237515868,29,142
1449,153150070,2018-08-22,0.17,0.15700374880966475,29,138
1450,153150070,2018-10-06,0.15,0.13976194237515868,29,144
1451,153150070,2018-10-11,0.14,0.1310282624064041,29,145
1452,153150070,2018-10-31,0.14,0.1310282624064041,29,134
1453,151160050,2018-05-06,2.37,1.2149127443642704,20,246
1454,151160050,2018-05-21,2.65,1.2947271675944,21,4
1455,151160050,2018-05-29,3.71,1.5496879080283263,20,247
1456,151160050,2018-07-03,1.87,1.0543120297715298,20,245
1457,151160050,2018-07-20,2.13,1.1410330045520618,20,249
1458,151160050,2018-08-07,1.31,0.8372475245337022,20,244
1459,151160050,2018-08-17,1.37,0.8628899551470399,21,1
1460,151160050,2018-08-27,1.54,0.9321640810304452,20,248
1461,151160050,2018-08-29,1.6,0.9555114450274365,21,2
1462,151160050,2018-10-11,0.92,0.6523251860396903,20,242
1463,151160050,2018-10-13,0.87,0.6259384308664953,21,0
1464,151160050,2018-10-16,0.87,0.6259384308664953,21,3
1465,151160050,2018-10-31,0.83,0.6043159668533296,20,243
1466,149220150,2018-05-02,2.35,1.208960345836975,38,87
1467,149220150,2018-05-07,3.1,1.410986973710262,38,85
1468,149220150,2018-05-12,60.5,4.119037174812473,38,89
1469,149220150,2018-05-30,9.3,2.33214389523559,38,92
1470,149220150,2018-06-06,53.6,4.000033882750859,38,93
1471,149220150,2018-08-20,3.31,1.4609379041156565,38,88
1472,149220150,2018-08-23,6.97,2.075684492802124,38,90
1473,149220150,2018-08-28,24.7,3.246490991901174,38,86
1474,149220150,2018-10-12,1.94,1.0784095813505903,38,91
1475,149220150,2018-10-14,1.75,1.0116009116784799,38,83
1476,149220150,2018-11-08,2.12,1.1378330018213911,38,84
1477,149220040,2018-05-07,35.7,3.6027767550605247,38,126
1478,149220040,2018-05-12,117.0,4.770684624465665,38,125
1479,149220040,2018-05-27,73.5,4.310799125385514,38,129
1480,149220040,2018-05-30,84.9,4.45318382899021,38,127
1481,149220040,2018-06-06,77.9,4.368181227851829,38,124
1482,149220040,2018-08-03,13.7,2.6878474937846906,38,131
1483,149220040,2018-08-13,16.0,2.833213344056216,38,130
1484,149220040,2018-08-20,22.3,3.148453360571655,38,128
1485,149220040,2018-08-23,29.2,3.407841924380824,38,132
1486,149220040,2018-08-30,53.3,3.9945242269398897,38,133
1487,149220040,2018-10-12,21.7,3.122364924487357,38,134
1488,149220040,2018-10-14,18.7,2.9806186357439426,38,122
1489,149220040,2018-10-17,19.7,3.0301337002713233,38,135
1490,149220040,2018-11-08,13.8,2.6946271807700692,38,123
1491,151180130,2018-06-07,20.8,3.0819099697950434,23,230
1492,151180130,2018-10-10,8.12,2.21046980408624,23,231
1493,151180130,2018-10-15,8.6,2.2617630984737906,23,229
1494,153190100,2018-05-06,3.88,1.5851452198650557,49,210
1495,153190100,2018-05-08,4.14,1.6370530794670737,49,215
1496,153190100,2018-05-11,3.34,1.4678743481123135,49,216
1497,153190100,2018-05-13,3.34,1.4678743481123135,49,213
1498,153190100,2018-05-31,3.18,1.430311246536665,49,218
1499,153190100,2018-06-07,3.18,1.430311246536665,49,207
1500,153190100,2018-06-10,3.18,1.430311246536665,49,221
1501,153190100,2018-06-20,3.18,1.430311246536665,49,206
1502,153190100,2018-07-05,3.28,1.4539530095937054,49,212
1503,153190100,2018-07-07,3.17,1.4279160358107101,49,220
1504,153190100,2018-07-15,2.97,1.3787660946990992,49,219
1505,153190100,2018-08-01,3.71,1.5496879080283263,49,208
1506,153190100,2018-08-04,3.72,1.551808799597464,49,211
1507,153190100,2018-08-09,2.65,1.2947271675944,49,209
1508,153190100,2018-09-03,0.76,0.5653138090500605,49,214
1509,153190100,2018-10-13,0.66,0.5068176023684519,49,217
1510,153190100,2018-10-15,0.51,0.412109650826833,49,205
1511,150160140,2018-10-13,0.1,0.09531017980432487,20,172
1512,153180140,2018-05-06,37.3,3.6454498961866,49,196
1513,153180140,2018-05-08,37.4,3.648057459593681,49,197
1514,153180140,2018-05-13,36.8,3.632309102625542,49,198
1515,153180140,2018-05-23,31.9,3.493472657771326,49,202
1516,153180140,2018-05-31,30.7,3.456316680883235,49,200
1517,153180140,2018-06-07,33.0,3.5263605246161616,49,190
1518,153180140,2018-06-20,29.6,3.4210000089583352,49,191
1519,153180140,2018-07-05,28.9,3.3978584803966405,49,192
1520,153180140,2018-07-07,27.8,3.3603753871419,49,194
1521,153180140,2018-07-20,23.1,3.1822118404966093,49,204
1522,153180140,2018-08-01,17.5,2.917770732084279,49,193
1523,153180140,2018-08-04,17.9,2.9391619220655967,49,195
1524,153180140,2018-08-09,15.9,2.827313621929028,49,201
1525,153180140,2018-09-10,11.2,2.501435951739211,49,199
1526,153180140,2018-09-20,16.4,2.856470206220483,49,203
1527,153180140,2018-10-15,13.0,2.639057329615259,49,189
1528,153220060,2018-10-12,1.65,0.9745596399981308,45,183
1529,153230010,2018-05-07,7.21,2.105352923464337,44,194
1530,153230010,2018-05-10,8.47,2.248128907197987,44,197
1531,153230010,2018-05-12,11.6,2.533696813957432,44,196
1532,153230010,2018-05-27,8.61,2.262804222982201,44,192
1533,153230010,2018-05-30,8.74,2.2762411176544437,44,201
1534,153230010,2018-06-01,13.6,2.681021528714291,44,189
1535,153230010,2018-06-04,23.1,3.1822118404966093,44,200
1536,153230010,2018-06-06,25.0,3.258096538021482,44,204
1537,153230010,2018-06-09,25.8,3.288401887516811,44,186
1538,153230010,2018-06-29,8.77,2.2793164660546914,44,195
1539,153230010,2018-07-09,5.86,1.925707441737794,44,191
1540,153230010,2018-08-08,3.89,1.5871923034867808,44,193
1541,153230010,2018-08-10,3.74,1.556037135706985,44,190
1542,153230010,2018-08-20,3.63,1.5325568680981427,44,199
1543,153230010,2018-08-23,3.66,1.5390154481375546,44,198
1544,153230010,2018-08-30,3.9,1.589235205116581,44,205
1545,153230010,2018-09-04,4.83,1.763017000362401,44,203
1546,153230010,2018-10-12,4.44,1.6937790608678513,44,187
1547,153230010,2018-10-14,4.31,1.6695918352538475,44,188
1548,153230010,2018-10-17,4.31,1.6695918352538475,44,202
1549,153180020,2018-05-06,667.0,6.504288173536645,33,159
1550,153180020,2018-05-13,1380.0,7.2305631534092925,33,158
1551,153180020,2018-06-07,1780.0,7.484930283289661,33,155
1552,153180020,2018-06-20,1330.0,7.193685818395112,33,156
1553,153180020,2018-10-13,466.0,6.1463292576688975,33,160
1554,153180020,2018-10-15,503.0,6.222576268071369,33,157
1555,152220050,2018-05-07,84.2,4.44500143383527,47,64
1556,152220050,2018-05-10,93.2,4.545420181582317,47,69
1557,152220050,2018-05-27,154.0,5.043425116919247,47,59
1558,152220050,2018-05-30,176.0,5.176149732573829,47,56
1559,152220050,2018-06-01,195.0,5.278114659230518,47,53
1560,152220050,2018-06-04,247.0,5.5134287461649825,47,55
1561,152220050,2018-06-06,266.0,5.58724865840025,47,62
1562,152220050,2018-06-09,292.0,5.680172609017068,47,58
1563,152220050,2018-06-29,171.0,5.147494476813453,47,57
1564,152220050,2018-07-09,90.4,4.515245478460105,47,68
1565,152220050,2018-08-08,49.2,3.9160150266976834,47,54
1566,152220050,2018-08-10,44.7,3.822098297900159,47,65
1567,152220050,2018-08-20,37.6,3.653252276470785,47,63
1568,152220050,2018-08-23,36.2,3.616308761279101,47,60
1569,152220050,2018-08-30,45.7,3.8437441646748516,47,66
1570,152220050,2018-09-12,43.4,3.793239469438179,47,61
1571,152220050,2018-10-12,58.5,4.085976312551584,47,51
1572,152220050,2018-10-14,62.2,4.146304301152812,47,52
1573,152220050,2018-10-17,56.7,4.055257173514054,47,67
1574,154170070,2018-05-06,9.25,2.327277705584417,30,233
1575,154170070,2018-05-14,13.3,2.6602595372658615,30,222
1576,154170070,2018-05-19,9.71,2.3711778844596574,30,224
1577,154170070,2018-05-21,9.67,2.367436065313662,30,232
1578,154170070,2018-05-24,9.83,2.382320061012899,30,230
1579,154170070,2018-05-29,11.3,2.509599262378372,30,236
1580,154170070,2018-06-03,12.6,2.6100697927420065,30,229
1581,154170070,2018-06-05,12.4,2.5952547069568657,30,239
1582,154170070,2018-06-08,9.96,2.3942522815198695,30,223
1583,154170070,2018-06-10,9.96,2.3942522815198695,30,240
1584,154170070,2018-06-20,9.62,2.362739015813793,30,231
1585,154170070,2018-07-15,8.09,2.2071749081893874,30,228
1586,154170070,2018-07-20,6.79,2.052840859882657,30,227
1587,154170070,2018-07-25,7.21,2.105352923464337,30,226
1588,154170070,2018-07-30,6.83,2.057962510002712,30,225
1589,154170070,2018-08-22,6.35,1.9947003132247452,30,234
1590,154170070,2018-09-03,6.74,2.046401687601636,30,238
1591,154170070,2018-10-06,8.37,2.2375130962503307,30,235
1592,154170070,2018-10-11,6.47,2.010894999144726,30,219
1593,154170070,2018-10-13,6.93,2.0706530356467567,30,237
1594,154170070,2018-10-31,7.01,2.080690761080268,30,220
1595,154170070,2018-11-07,6.97,2.075684492802124,30,221
1596,152180010,2018-05-06,1.0,0.6931471805599453,27,8
1597,152180010,2018-05-08,0.95,0.6678293725756554,27,7
1598,152180010,2018-05-13,1.0,0.6931471805599453,26,248
1599,152180010,2018-05-21,0.86,0.6205764877251099,27,9
1600,152180010,2018-05-23,0.91,0.6471032420585385,27,1
1601,152180010,2018-05-31,0.82,0.598836501088704,27,0
1602,152180010,2018-06-07,1.26,0.8153648132841945,26,245
1603,152180010,2018-07-05,0.35,0.30010459245033805,27,2
1604,152180010,2018-07-07,0.34,0.29266961396282,26,249
1605,152180010,2018-07-15,0.24,0.2151113796169455,27,5
1606,152180010,2018-07-20,0.21,0.1906203596086497,27,4
1607,152180010,2018-08-01,0.15,0.13976194237515868,27,3
1608,152180010,2018-08-04,0.16,0.14842000511827327,27,6
1609,152180010,2018-09-20,0.18,0.16551443847757338,27,12
1610,152180010,2018-09-30,0.14,0.1310282624064041,27,11
1611,152180010,2018-10-13,0.09,0.08617769624105233,27,10
1612,152180010,2018-10-15,0.09,0.08617769624105233,26,246
1613,152180010,2018-11-07,0.05,0.04879016416943201,26,247
1614,151190070,2018-05-08,2.04,1.1118575154181303,48,222
1615,151190070,2018-05-13,1.08,0.7323678937132266,48,223
1616,151190070,2018-06-07,0.79,0.5822156198526637,48,220
1617,151190070,2018-07-07,0.72,0.5423242908253616,48,219
1618,151190070,2018-08-01,0.57,0.4510756193602167,48,221
1619,151190070,2018-09-10,0.79,0.5822156198526637,48,224
1620,151190070,2018-09-20,3.11,1.4134230285081433,48,225
1621,151190070,2018-10-10,0.97,0.6780335427498971,48,226
1622,151190070,2018-10-15,0.64,0.49469624183610705,48,218
1623,150180220,2018-10-10,1.92,1.0715836162801904,19,13
1624,150180220,2018-10-15,1.9,1.0647107369924282,19,12
1625,150180180,2018-10-15,2.01,1.1019400787607843,19,14
1626,151160060,2018-05-29,160.0,5.081404364984463,18,43
1627,151160060,2018-10-13,62.8,4.155753190350744,18,44
1628,151160060,2018-10-16,66.3,4.209160236650682,18,46
1629,151160060,2018-10-31,57.6,4.070734696582967,18,45
1630,150210110,2018-05-30,1.72,1.000631880307906,38,45
1631,150210110,2018-08-13,0.23,0.20701416938432615,38,46
1632,150210110,2018-08-28,0.23,0.20701416938432615,38,49
1633,150210110,2018-10-12,0.26,0.23111172096338664,38,47
1634,150210110,2018-10-17,0.14,0.1310282624064041,38,48
1635,150170070,2018-09-28,2.75,1.3217558399823195,20,33
1636,150170070,2018-10-10,1.9,1.0647107369924282,20,36
1637,150170070,2018-10-13,1.84,1.0438040521731147,20,35
1638,150170070,2018-10-15,1.75,1.0116009116784799,20,34
1639,152160150,2018-05-06,1.2,0.7884573603642702,25,212
1640,152160150,2018-05-21,2.03,1.1085626195212777,25,209
1641,152160150,2018-07-15,0.49,0.3987761199573678,25,208
1642,152160150,2018-07-20,0.42,0.35065687161316933,25,210
1643,152160150,2018-08-04,0.29,0.2546422183735807,25,211
1644,152160150,2018-10-13,0.23,0.20701416938432615,25,213
1645,152160150,2018-11-07,0.17,0.15700374880966475,25,207
1646,149180240,2018-10-10,1.53,0.9282193027394289,32,128
1647,149180240,2018-10-15,1.67,0.9820784724121581,32,127
1648,149210120,2018-05-07,2.77,1.3270750014599193,40,19
1649,149210120,2018-05-27,4.72,1.7439688053917064,40,26
1650,149210120,2018-05-30,4.22,1.6524974018945473,40,25
1651,149210120,2018-06-06,4.66,1.7334238922150915,40,18
1652,149210120,2018-08-10,0.54,0.43178241642553783,40,20
1653,149210120,2018-08-13,1.4,0.8754687373538999,40,22
1654,149210120,2018-08-20,0.74,0.5538851132264376,40,21
1655,149210120,2018-08-28,0.93,0.6575200029167942,40,27
1656,149210120,2018-08-30,1.04,0.712949807856125,40,23
1657,149210120,2018-10-12,2.7,1.308332819650179,40,24
1658,149210120,2018-10-14,0.86,0.6205764877251099,40,16
1659,149210120,2018-10-17,1.47,0.9042181506398859,40,28
1660,149210120,2018-11-08,0.56,0.44468582126144574,40,17
1661,153150090,2018-05-04,1.78,1.0224509277025458,29,66
1662,153150090,2018-05-06,1.93,1.0750024230289759,29,52
1663,153150090,2018-05-09,2.25,1.1786549963416462,29,61
1664,153150090,2018-05-14,3.36,1.4724720573609429,29,55
1665,153150090,2018-05-19,2.16,1.1505720275988207,29,57
1666,153150090,2018-05-21,2.06,1.1184149159642893,29,60
1667,153150090,2018-05-29,2.06,1.1184149159642893,29,50
1668,153150090,2018-06-03,2.25,1.1786549963416462,29,51
1669,153150090,2018-06-08,1.98,1.091923300517313,29,54
1670,153150090,2018-06-20,1.74,1.007957920399979,29,56
1671,153150090,2018-07-05,1.43,0.8878912573524571,29,53
1672,153150090,2018-08-07,0.88,0.6312717768418579,29,58
1673,153150090,2018-08-09,0.85,0.6151856390902335,29,62
1674,153150090,2018-08-17,0.83,0.6043159668533296,29,63
1675,153150090,2018-08-22,0.85,0.6151856390902335,29,59
1676,153150090,2018-09-08,0.8,0.5877866649021191,29,47
1677,153150090,2018-10-06,0.79,0.5822156198526637,29,64
1678,153150090,2018-10-13,0.75,0.5596157879354227,29,65
1679,153150090,2018-10-31,0.73,0.5481214085096876,29,48
1680,153150090,2018-11-07,0.65,0.5007752879124893,29,49
1681,150190270,2018-05-13,0.58,0.4574248470388754,34,105
1682,150190270,2018-06-07,0.47,0.3852624007906449,34,104
1683,150190270,2018-08-03,0.39,0.3293037471426004,34,111
1684,150190270,2018-08-13,0.37,0.31481073984003355,34,106
1685,150190270,2018-08-23,0.38,0.32208349916911333,34,109
1686,150190270,2018-09-12,0.27,0.23901690047049992,34,107
1687,150190270,2018-09-20,1.37,0.8628899551470399,34,108
1688,150190270,2018-10-05,0.31,0.27002713721306015,34,110
1689,150190270,2018-10-10,0.26,0.23111172096338664,34,112
1690,150190270,2018-10-12,0.46,0.3784364357202451,34,101
1691,150190270,2018-10-15,0.3,0.26236426446749106,34,102
1692,150190270,2018-11-06,0.29,0.2546422183735807,34,103
1693,153140090,2018-05-07,13.3,2.6602595372658615,29,6
1694,153140090,2018-05-29,21.0,3.091042453358316,29,7
1695,153140090,2018-10-11,4.25,1.6582280766035324,29,8
1696,153140090,2018-10-14,4.22,1.6524974018945473,29,4
1697,153140090,2018-10-16,4.08,1.6253112615903906,29,5
1698,153140090,2018-10-31,3.64,1.534714366238164,29,9
1699,154220110,2018-05-08,1.78,1.0224509277025458,52,137
1700,154220110,2018-05-10,2.08,1.1249295969854831,52,141
1701,154220110,2018-05-30,2.16,1.1505720275988207,52,134
1702,154220110,2018-06-02,3.37,1.4747630091074988,52,135
1703,154220110,2018-06-04,4.65,1.7316555451583495,52,132
1704,154220110,2018-06-09,4.66,1.7334238922150915,52,133
1705,154220110,2018-07-19,0.99,0.688134638736401,52,140
1706,154220110,2018-07-24,0.85,0.6151856390902335,52,139
1707,154220110,2018-08-08,0.58,0.4574248470388754,52,138
1708,154220110,2018-10-10,0.58,0.4574248470388754,52,136
1709,154220110,2018-10-12,0.6,0.4700036292457356,52,131
1710,149180040,2018-05-03,0.51,0.412109650826833,18,190
1711,149180040,2018-05-13,0.75,0.5596157879354227,18,188
1712,149180040,2018-06-07,0.43,0.3576744442718159,18,187
1713,149200190,2018-08-03,35.5,3.597312260588446,36,107
1714,149200190,2018-08-23,37.7,3.655839600035736,36,106
1715,149200190,2018-08-28,76.7,4.3528552573736015,36,108
1716,149180040,2018-09-10,0.31,0.27002713721306015,18,191
1717,149180040,2018-09-20,0.65,0.5007752879124893,18,192
1718,149180040,2018-10-10,0.35,0.30010459245033805,18,189
1719,149200190,2018-10-12,39.3,3.696351468952637,36,104
1720,149180040,2018-10-15,0.32,0.2776317365982795,18,186
1721,149200190,2018-11-06,29.5,3.417726683613366,36,105
1722,154180060,2018-05-06,3.31,1.4609379041156565,51,120
1723,154180060,2018-05-21,3.08,1.4060969884160703,51,115
1724,154180060,2018-05-31,2.74,1.3190856114264407,51,114
1725,154180060,2018-06-20,3.05,1.3987168811184478,51,113
1726,154180060,2018-07-15,4.0,1.6094379124341003,51,117
1727,154180060,2018-08-04,2.81,1.3376291891386096,51,119
1728,154180060,2018-09-03,1.62,0.9631743177730056,51,116
1729,154180060,2018-10-13,2.41,1.2267122912954256,51,118
1730,154180060,2018-11-07,2.45,1.2383742310432684,51,112
1731,149210020,2018-10-12,0.5,0.4054651081081644,38,24
1732,149210020,2018-10-17,0.63,0.48858001481867097,38,25
1733,150220060,2018-05-02,1.85,1.0473189942805592,40,44
1734,150220060,2018-05-07,2.66,1.297463147413275,40,40
1735,150220060,2018-05-12,12.9,2.631888840136646,40,38
1736,150220060,2018-05-27,8.44,2.2449559801574095,40,37
1737,150220060,2018-05-30,7.56,2.1471001901536506,40,34
1738,150220060,2018-06-01,7.82,2.1770218700187,40,33
1739,150220060,2018-06-06,5.95,1.9387416595767009,40,32
1740,150220060,2018-08-03,0.67,0.5128236264286637,40,42
1741,150220060,2018-08-10,0.56,0.44468582126144574,40,39
1742,150220060,2018-08-13,2.36,1.2119409739751128,40,35
1743,150220060,2018-08-20,0.78,0.5766133643039938,40,36
1744,150220060,2018-08-23,0.99,0.688134638736401,40,46
1745,150220060,2018-08-30,1.99,1.095273387402595,40,47
1746,150220060,2018-09-02,1.11,0.7466879474879752,40,43
1747,150220060,2018-09-29,1.54,0.9321640810304452,40,41
1748,150220060,2018-10-12,0.52,0.41871033485818504,40,29
1749,150220060,2018-10-14,0.43,0.3576744442718159,40,30
1750,150220060,2018-10-17,0.87,0.6259384308664953,40,45
1751,150220060,2018-11-08,0.9,0.6418538861723948,40,31
1752,152180020,2018-05-06,2.04,1.1118575154181303,27,23
1753,152180020,2018-05-08,2.04,1.1118575154181303,27,22
1754,152180020,2018-05-13,1.9,1.0647107369924282,27,16
1755,152180020,2018-05-21,1.76,1.0152306797290587,27,30
1756,152180020,2018-05-23,1.76,1.0152306797290587,27,18
1757,152180020,2018-05-31,1.76,1.0152306797290587,27,19
1758,152180020,2018-06-07,3.34,1.4678743481123135,27,15
1759,152180020,2018-07-05,1.34,0.8501509293696101,27,21
1760,152180020,2018-07-07,1.34,0.8501509293696101,27,17
1761,152180020,2018-07-15,1.16,0.7701082216960736,27,25
1762,152180020,2018-07-20,0.98,0.6830968447064438,27,26
1763,152180020,2018-08-01,0.64,0.49469624183610705,27,20
1764,152180020,2018-08-04,0.58,0.4574248470388754,27,24
1765,152180020,2018-09-20,0.27,0.23901690047049992,27,28
1766,152180020,2018-09-30,0.23,0.20701416938432615,27,27
1767,152180020,2018-10-13,0.18,0.16551443847757338,27,29
1768,152180020,2018-10-15,0.14,0.1310282624064041,27,13
1769,152180020,2018-11-07,0.06,0.058268908123975775,27,14
1770,151180070,2018-05-03,0.39,0.3293037471426004,25,59
1771,151180070,2018-05-06,0.38,0.32208349916911333,25,57
1772,151180070,2018-05-08,0.39,0.3293037471426004,25,56
1773,151180070,2018-05-13,0.44,0.36464311358790924,25,55
1774,151180070,2018-06-07,0.49,0.3987761199573678,25,52
1775,151180070,2018-07-05,0.3,0.26236426446749106,25,58
1776,151180070,2018-07-07,0.29,0.2546422183735807,25,53
1777,151180070,2018-08-01,0.23,0.20701416938432615,25,54
1778,151180070,2018-08-09,0.22,0.1988508587451652,25,61
1779,151180070,2018-08-29,0.21,0.1906203596086497,25,65
1780,151180070,2018-09-03,0.18,0.16551443847757338,25,66
1781,151180070,2018-09-20,0.22,0.1988508587451652,25,62
1782,151180070,2018-09-28,0.17,0.15700374880966475,25,63
1783,151180070,2018-10-05,0.18,0.16551443847757338,25,64
1784,151180070,2018-10-10,0.18,0.16551443847757338,25,67
1785,151180070,2018-10-13,0.21,0.1906203596086497,25,60
1786,151180070,2018-10-15,0.21,0.1906203596086497,25,50
1787,151180070,2018-11-17,0.2,0.18232155679395462,25,51
1788,152150040,2018-05-04,253.0,5.537334267018537,24,103
1789,152150040,2018-05-06,240.0,5.484796933490655,24,102
1790,152150040,2018-05-29,256.0,5.54907608489522,24,101
1791,152150040,2018-10-11,90.7,4.51852237926242,24,104
1792,152150040,2018-10-13,87.3,4.480740107609915,24,105
1793,152150040,2018-10-31,77.8,4.366912996863833,24,99
1794,152150040,2018-11-07,77.6,4.364371699435161,24,100
1795,150160100,2018-05-26,2.56,1.269760544863939,20,14
1796,150160100,2018-07-05,1.83,1.0402767116551463,20,16
1797,150160100,2018-08-09,1.53,0.9282193027394289,20,18
1798,150160100,2018-08-29,2.15,1.1474024528375417,20,15
1799,150160100,2018-09-28,0.87,0.6259384308664953,20,13
1800,150160100,2018-10-13,0.78,0.5766133643039938,20,17
1801,152150140,2018-05-04,109.0,4.700480365792417,26,241
1802,152150140,2018-05-06,105.0,4.663439094112067,26,240
1803,152150140,2018-05-09,101.0,4.624972813284271,26,238
1804,152150140,2018-05-14,113.0,4.736198448394496,26,244
1805,152150140,2018-05-19,118.0,4.77912349311153,26,226
1806,152150140,2018-05-21,112.0,4.727387818712341,26,236
1807,152150140,2018-05-29,103.0,4.6443908991413725,26,234
1808,152150140,2018-06-08,114.0,4.74493212836325,26,225
1809,152150140,2018-07-15,76.7,4.3528552573736015,26,227
1810,152150140,2018-07-20,68.7,4.244200317766478,26,228
1811,152150140,2018-08-04,48.9,3.910021002757473,26,230
1812,152150140,2018-08-07,47.7,3.885679030088544,26,229
1813,152150140,2018-08-09,45.0,3.828641396489095,26,232
1814,152150140,2018-08-22,37.4,3.648057459593681,26,231
1815,152150140,2018-08-29,39.7,3.7062280924485496,26,237
1816,152150140,2018-09-08,33.0,3.5263605246161616,26,235
1817,152150140,2018-10-11,44.1,3.8088822465086327,26,239
1818,152150140,2018-10-13,42.9,3.7819143200811256,26,233
1819,152150140,2018-10-16,42.7,3.7773481021015445,26,242
1820,152150140,2018-10-18,42.1,3.763522997109702,26,243
1821,152150140,2018-10-31,39.6,3.703768066607687,26,223
1822,152150140,2018-11-07,40.2,3.7184382563554808,26,224
1823,152140020,2018-05-04,493.0,6.202535517187923,18,133
1824,152140020,2018-05-07,461.0,6.135564891081739,18,131
1825,152140020,2018-05-09,464.0,6.142037405587356,18,117
1826,152140020,2018-05-14,493.0,6.202535517187923,18,123
1827,152140020,2018-05-29,538.0,6.289715570908998,18,127
1828,152140020,2018-06-06,546.0,6.304448802421981,18,120
1829,152140020,2018-06-08,555.0,6.320768294250582,18,132
1830,152140020,2018-07-03,434.0,6.075346031088684,18,124
1831,152140020,2018-07-23,313.0,5.749392985908253,18,115
1832,152140020,2018-07-31,267.0,5.5909869805108565,18,130
1833,152140020,2018-08-07,244.0,5.501258210544727,18,128
1834,152140020,2018-08-17,222.0,5.407171771460119,18,122
1835,152140020,2018-08-22,211.0,5.356586274672012,18,116
1836,152140020,2018-09-04,184.0,5.220355825078325,18,118
1837,152140020,2018-09-09,186.0,5.231108616854587,18,119
1838,152140020,2018-09-19,193.0,5.267858159063328,18,121
1839,152140020,2018-10-06,196.0,5.2832037287379885,18,126
1840,152140020,2018-10-11,180.0,5.198497031265826,18,113
1841,152140020,2018-10-14,172.0,5.153291594497779,18,114
1842,152140020,2018-10-21,169.0,5.135798437050262,18,125
1843,152140020,2018-10-31,165.0,5.111987788356544,18,129
1844,150230070,2018-05-12,5.24,1.8309801823813363,47,96
1845,150230070,2018-05-27,9.07,2.309560706730471,47,100
1846,150230070,2018-06-01,12.2,2.580216829592325,47,94
1847,150230070,2018-06-06,12.0,2.5649493574615367,47,98
1848,150230070,2018-06-21,3.12,1.415853163361435,47,97
1849,150230070,2018-08-20,1.28,0.8241754429663495,47,95
1850,150230070,2018-08-30,1.25,0.8109302162163288,47,99
1851,150230070,2018-10-14,1.02,0.7030975114131134,47,92
1852,150230070,2018-11-08,0.77,0.5709795465857378,47,93
1853,149180120,2018-05-03,0.58,0.4574248470388754,33,193
1854,149180120,2018-05-13,1.63,0.9669838461896731,33,190
1855,149180120,2018-06-07,1.08,0.7323678937132266,33,189
1856,149180120,2018-09-10,0.3,0.26236426446749106,33,191
1857,149180120,2018-09-20,21.2,3.100092288878234,33,192
1858,149180120,2018-10-05,0.33,0.2851789422336624,33,194
1859,149180120,2018-10-10,0.18,0.16551443847757338,33,195
1860,149180120,2018-10-15,0.13,0.12221763272424921,33,188
1861,151180180,2018-05-08,2.71,1.3110318766193438,24,184
1862,151180180,2018-05-13,3.68,1.5432981099295553,24,181
1863,151180180,2018-06-07,5.09,1.8066480817218056,24,180
1864,151180180,2018-07-07,2.0,1.0986122886681096,24,182
1865,151180180,2018-08-01,1.76,1.0152306797290587,24,179
1866,151180180,2018-09-10,0.8,0.5877866649021191,24,183
1867,151180180,2018-09-20,2.74,1.3190856114264407,24,185
1868,151180180,2018-10-10,1.13,0.7561219797213337,24,186
1869,151180180,2018-10-15,1.2,0.7884573603642702,24,178
1870,154160060,2018-05-04,4.7,1.7404661748405044,30,184
1871,154160060,2018-05-06,5.39,1.8547342683894434,30,185
1872,154160060,2018-05-09,7.0,2.0794415416798357,30,193
1873,154160060,2018-05-14,11.0,2.4849066497880004,30,181
1874,154160060,2018-05-19,5.68,1.8991179875485544,30,191
1875,154160060,2018-05-24,5.96,1.9401794743463283,30,192
1876,154160060,2018-05-29,6.01,1.9473377010464987,30,187
1877,154160060,2018-05-31,6.57,2.0241930674493576,30,179
1878,154160060,2018-06-08,6.13,1.9643112344262046,30,196
1879,154160060,2018-06-20,5.7,1.9021075263969205,30,199
1880,154160060,2018-07-20,4.52,1.7083778602890038,30,194
1881,154160060,2018-07-23,4.45,1.6956156086751528,30,180
1882,154160060,2018-07-25,4.33,1.6733512381777533,30,188
1883,154160060,2018-07-30,4.33,1.6733512381777533,30,189
1884,154160060,2018-08-09,4.04,1.6174060820832772,30,182
1885,154160060,2018-08-22,6.05,1.9530276168241771,30,190
1886,154160060,2018-09-03,4.55,1.713797927758343,30,186
1887,154160060,2018-09-08,4.55,1.713797927758343,30,183
1888,154160060,2018-10-06,5.13,1.81319474994812,30,195
1889,154160060,2018-10-11,4.65,1.7316555451583495,30,177
1890,154160060,2018-10-13,4.58,1.7191887763932197,30,197
1891,154160060,2018-10-31,4.08,1.6253112615903906,30,198
1892,154160060,2018-11-07,4.33,1.6733512381777533,30,178
1893,150180080,2018-05-01,1.5,0.9162907318741551,19,7
1894,150180080,2018-05-03,1.46,0.9001613499442714,19,8
1895,150180080,2018-05-06,1.35,0.8544153281560676,19,0
1896,150180080,2018-05-13,1.52,0.924258901523332,19,3
1897,150180080,2018-06-07,1.22,0.7975071958841881,19,1
1898,150180080,2018-07-05,1.59,0.9516578757114464,19,2
1899,150180080,2018-08-04,2.29,1.1908875647772805,19,4
1900,150180080,2018-09-10,0.94,0.6626879730752367,19,9
1901,150180080,2018-09-28,0.86,0.6205764877251099,18,247
1902,150180080,2018-10-10,0.88,0.6312717768418579,19,6
1903,150180080,2018-10-13,0.78,0.5766133643039938,19,5
1904,150180080,2018-10-15,0.73,0.5481214085096876,18,248
1905,150180080,2018-11-17,0.74,0.5538851132264376,18,249
1906,150210200,2018-05-07,2.61,1.2837077723447896,38,73
1907,150210200,2018-05-12,2.89,1.358409157630355,38,75
1908,150210200,2018-05-27,6.69,2.0399207835175526,38,69
1909,150210200,2018-05-30,10.1,2.4069451083182885,38,72
1910,150210200,2018-06-01,10.2,2.4159137783010487,38,68
1911,150210200,2018-06-06,7.19,2.102913897864978,38,70
1912,150210200,2018-06-29,1.74,1.007957920399979,38,82
1913,150210200,2018-08-03,1.46,0.9001613499442714,38,67
1914,150210200,2018-08-08,0.54,0.43178241642553783,38,71
1915,150210200,2018-08-13,0.61,0.4762341789963716,38,74
1916,150210200,2018-08-20,0.88,0.6312717768418579,38,76
1917,150210200,2018-08-23,0.95,0.6678293725756554,38,77
1918,150210200,2018-08-28,0.98,0.6830968447064438,38,80
1919,150210200,2018-08-30,0.94,0.6626879730752367,38,79
1920,150210200,2018-09-02,0.93,0.6575200029167942,38,78
1921,150210200,2018-10-12,1.45,0.8960880245566356,38,64
1922,150210200,2018-10-14,2.19,1.1600209167967532,38,65
1923,150210200,2018-10-17,1.24,0.8064758658669485,38,81
1924,150210200,2018-11-08,1.59,0.9516578757114464,38,66
1925,153230160,2018-05-07,0.31,0.27002713721306015,44,154
1926,153230160,2018-05-12,0.85,0.6151856390902335,44,150
1927,153230160,2018-05-27,0.63,0.48858001481867097,44,151
1928,153230160,2018-05-30,0.6,0.4700036292457356,44,152
1929,153230160,2018-06-01,1.28,0.8241754429663495,44,148
1930,153230160,2018-06-04,3.48,1.4996230464268938,44,149
1931,153230160,2018-06-09,1.57,0.9439058989071285,44,147
1932,153230160,2018-08-08,0.09,0.08617769624105233,44,157
1933,153230160,2018-08-10,0.09,0.08617769624105233,44,153
1934,153230160,2018-08-20,0.07,0.06765864847381481,44,156
1935,153230160,2018-08-23,0.07,0.06765864847381481,44,155
1936,153230160,2018-10-12,0.06,0.058268908123975775,44,145
1937,153230160,2018-10-14,0.05,0.04879016416943201,44,146
1938,153180100,2018-05-06,806.0,6.693323668269949,33,179
1939,153180100,2018-05-13,1320.0,7.186144304522325,33,178
1940,153180100,2018-06-07,2000.0,7.601402334583733,33,176
1941,153180100,2018-06-20,1560.0,7.353081920515432,33,177
1942,153180100,2018-10-13,552.0,6.315358001522335,33,180
1943,153180100,2018-10-15,626.0,6.440946540632921,33,175
1944,149200310,2018-05-10,6.81,2.0554049638515943,37,26
1945,149200310,2018-08-03,0.65,0.5007752879124893,37,25
1946,149200310,2018-08-13,1.05,0.7178397931503169,37,24
1947,149200310,2018-08-23,1.34,0.8501509293696101,37,27
1948,149200310,2018-09-07,0.63,0.48858001481867097,37,28
1949,149200310,2018-10-12,0.49,0.3987761199573678,37,22
1950,149200310,2018-11-06,0.29,0.2546422183735807,37,23
1951,151150110,2018-05-06,1.54,0.9321640810304452,22,225
1952,151150110,2018-05-21,1.56,0.9400072584914712,22,224
1953,151150110,2018-05-31,2.66,1.297463147413275,22,222
1954,151150110,2018-07-03,1.09,0.7371640659767197,22,223
1955,151150110,2018-08-07,1.02,0.7030975114131134,22,221
1956,151150110,2018-08-17,0.92,0.6523251860396903,22,228
1957,151150110,2018-10-11,0.42,0.35065687161316933,22,219
1958,151150110,2018-10-13,0.31,0.27002713721306015,22,226
1959,151150110,2018-10-16,0.27,0.23901690047049992,22,227
1960,151150110,2018-10-31,0.3,0.26236426446749106,22,220
1961,152180140,2018-05-06,0.45,0.37156355643248307,24,239
1962,152180140,2018-05-08,0.49,0.3987761199573678,24,230
1963,152180140,2018-05-11,0.63,0.48858001481867097,24,237
1964,152180140,2018-05-13,0.85,0.6151856390902335,24,228
1965,152180140,2018-05-21,0.78,0.5766133643039938,24,234
1966,152180140,2018-06-07,1.31,0.8372475245337022,24,225
1967,152180140,2018-07-05,0.6,0.4700036292457356,24,226
1968,152180140,2018-07-07,0.42,0.35065687161316933,24,222
1969,152180140,2018-07-20,1.49,0.9122827104766162,24,231
1970,152180140,2018-08-01,0.22,0.1988508587451652,24,229
1971,152180140,2018-08-04,0.24,0.2151113796169455,24,227
1972,152180140,2018-08-09,0.14,0.1310282624064041,24,236
1973,152180140,2018-09-10,0.09,0.08617769624105233,24,235
1974,152180140,2018-09-20,1.94,1.0784095813505903,24,238
1975,152180140,2018-10-10,0.1,0.09531017980432487,24,232
1976,152180140,2018-10-13,0.08,0.07696104113612832,24,233
1977,152180140,2018-10-15,0.08,0.07696104113612832,24,223
1978,152180140,2018-11-17,0.07,0.06765864847381481,24,224
1979,151140010,2018-05-04,17.0,2.8903717578961645,23,90
1980,151140010,2018-05-14,28.7,3.391147045808654,23,86
1981,151140010,2018-05-29,23.2,3.186352633162641,23,85
1982,151140010,2018-07-03,15.0,2.772588722239781,23,84
1983,151140010,2018-07-23,11.1,2.4932054526026954,23,89
1984,151140010,2018-08-07,8.11,2.209372711271867,23,87
1985,151140010,2018-08-17,8.29,2.2289385528257473,23,91
1986,151140010,2018-08-22,7.45,2.1341664413690826,23,88
1987,151140010,2018-10-11,5.44,1.8625285401162623,23,83
1988,151210050,2018-05-03,246.0,5.5093883366279774,33,71
1989,151210050,2018-05-08,337.0,5.823045895483019,33,68
1990,151210050,2018-05-13,699.0,6.551080335043404,33,62
1991,151210050,2018-05-30,621.0,6.432940092739179,33,63
1992,151210050,2018-06-04,784.0,6.665683717782408,33,59
1993,151210050,2018-06-07,810.0,6.698268054115413,33,60
1994,151210050,2018-06-09,692.0,6.541029999189903,33,56
1995,151210050,2018-06-29,372.0,5.921578419643816,33,57
1996,151210050,2018-07-07,300.0,5.707110264748875,33,72
1997,151210050,2018-07-09,285.0,5.655991810819852,33,61
1998,151210050,2018-07-24,366.0,5.905361848054571,33,74
1999,151210050,2018-08-01,268.0,5.594711379601839,33,64
2000,151210050,2018-08-08,262.0,5.572154032177765,33,58
2001,151210050,2018-08-23,226.0,5.424950017481403,33,69
2002,151210050,2018-09-02,289.0,5.66988092298052,33,73
2003,151210050,2018-09-10,246.0,5.5093883366279774,33,66
2004,151210050,2018-09-20,272.0,5.60947179518496,33,70
2005,151210050,2018-10-10,297.0,5.697093486505405,33,54
2006,151210050,2018-10-12,284.0,5.652489180268651,33,67
2007,151210050,2018-10-15,296.0,5.6937321388027,33,65
2008,151210050,2018-11-06,217.0,5.384495062789089,33,55
2009,153160200,2018-05-04,7.76,2.1701959049483,27,69
2010,153160200,2018-05-06,7.67,2.1598687907924505,27,65
2011,153160200,2018-05-09,7.41,2.1294214739848565,27,68
2012,153160200,2018-05-14,7.23,2.1077860146889784,27,62
2013,153160200,2018-05-19,6.98,2.0769384114617173,27,75
2014,153160200,2018-05-21,6.89,2.065596134857783,27,73
2015,153160200,2018-05-24,6.8,2.0541237336955462,27,67
2016,153160200,2018-05-29,6.55,2.0215475632609334,27,58
2017,153160200,2018-06-03,6.46,2.0095554142156695,27,56
2018,153160200,2018-06-08,6.37,1.9974177062012453,27,74
2019,153160200,2018-06-20,6.2,1.9740810260220096,27,55
2020,153160200,2018-07-05,5.06,1.801709800081223,27,57
2021,153160200,2018-07-15,4.02,1.6134299337036377,27,64
2022,153160200,2018-07-20,3.49,1.501852701754163,27,59
2023,153160200,2018-07-25,3.03,1.3937663759585917,27,60
2024,153160200,2018-08-04,2.23,1.172482137234565,27,66
2025,153160200,2018-08-09,1.96,1.085189268335969,27,63
2026,153160200,2018-08-22,1.45,0.8960880245566356,27,61
2027,153160200,2018-10-06,2.02,1.1052568313867783,27,70
2028,153160200,2018-10-11,2.05,1.11514159061932,27,71
2029,153160200,2018-10-13,2.06,1.1184149159642893,27,72
2030,153160200,2018-10-18,2.06,1.1184149159642893,27,76
2031,153160200,2018-10-31,1.91,1.068153081183401,27,53
2032,153160200,2018-11-07,1.84,1.0438040521731147,27,54
2033,153230130,2018-05-07,0.67,0.5128236264286637,45,53
2034,153230130,2018-05-10,2.52,1.2584609896100059,45,54
2035,153230130,2018-05-12,4.49,1.7029282555214393,45,55
2036,153230130,2018-05-20,1.1,0.7419373447293773,45,61
2037,153230130,2018-05-30,1.18,0.7793248768009976,45,57
2038,153230130,2018-06-01,2.85,1.3480731482996928,45,58
2039,153230130,2018-06-04,6.89,2.065596134857783,45,64
2040,153230130,2018-06-09,2.04,1.1118575154181303,45,52
2041,153230130,2018-07-19,0.51,0.412109650826833,45,62
2042,153230130,2018-08-08,0.3,0.26236426446749106,45,66
2043,153230130,2018-08-10,0.3,0.26236426446749106,45,56
2044,153230130,2018-08-20,0.29,0.2546422183735807,45,59
2045,153230130,2018-08-23,0.28,0.2468600779315258,45,60
2046,153230130,2018-09-04,0.44,0.36464311358790924,45,63
2047,153230130,2018-10-12,0.29,0.2546422183735807,45,50
2048,153230130,2018-10-14,0.28,0.2468600779315258,45,51
2049,153230130,2018-10-17,0.27,0.23901690047049992,45,65
2050,150220050,2018-05-02,6.63,2.0320878452963655,40,90
2051,150220050,2018-05-07,7.74,2.167910189667444,40,85
2052,150220050,2018-05-12,20.1,3.0492730404820207,40,82
2053,150220050,2018-05-27,18.8,2.9856819377004897,40,84
2054,150220050,2018-05-30,21.1,3.0955776085237074,40,86
2055,150220050,2018-06-01,26.7,3.3214324131932926,40,81
2056,150220050,2018-06-06,25.9,3.292126286607793,40,83
2057,150220050,2018-08-03,4.73,1.7457155307266483,40,91
2058,150220050,2018-08-08,4.59,1.7209792871670078,40,89
2059,150220050,2018-08-10,4.53,1.7101878155342436,40,92
2060,150220050,2018-08-13,4.94,1.7817091333745536,40,88
2061,150220050,2018-08-20,6.55,2.0215475632609334,40,87
2062,150220050,2018-08-23,5.05,1.80005827204275,40,93
2063,150220050,2018-08-30,5.16,1.8180767775454285,40,95
2064,150220050,2018-09-02,5.07,1.803358605071407,40,94
2065,150220050,2018-10-12,5.56,1.8809906029559977,40,78
2066,150220050,2018-10-14,5.23,1.8293763327993617,40,79
2067,150220050,2018-10-17,4.9,1.7749523509116738,40,96
2068,150220050,2018-11-08,7.0,2.0794415416798357,40,80
2069,149220070,2018-05-02,0.99,0.688134638736401,39,42
2070,149220070,2018-05-05,0.99,0.688134638736401,39,54
2071,149220070,2018-05-07,1.24,0.8064758658669485,39,46
2072,149220070,2018-05-12,23.0,3.1780538303479458,39,45
2073,149220070,2018-05-30,5.62,1.890095369948917,39,41
2074,149220070,2018-06-06,11.0,2.4849066497880004,39,49
2075,149220070,2018-08-13,0.89,0.636576829071551,39,44
2076,149220070,2018-08-20,1.72,1.000631880307906,39,47
2077,149220070,2018-08-23,1.64,0.9707789171582247,39,43
2078,149220070,2018-08-30,2.98,1.3812818192963463,39,48
2079,149220070,2018-09-19,16.2,2.8449093838194073,39,51
2080,149220070,2018-10-09,1.02,0.7030975114131134,39,50
2081,149220070,2018-10-12,1.16,0.7701082216960736,39,53
2082,149220070,2018-10-14,0.79,0.5822156198526637,39,40
2083,149220070,2018-10-17,0.97,0.6780335427498971,39,52
2084,152220060,2018-05-07,0.78,0.5766133643039938,47,197
2085,152220060,2018-05-12,1.67,0.9820784724121581,47,198
2086,152220060,2018-05-27,1.45,0.8960880245566356,47,205
2087,152220060,2018-05-30,1.78,1.0224509277025458,47,200
2088,152220060,2018-06-01,6.17,1.969905654611529,47,194
2089,152220060,2018-06-04,5.46,1.8656293177945105,47,201
2090,152220060,2018-06-06,3.09,1.4085449700547104,47,195
2091,152220060,2018-06-09,1.95,1.0818051703517284,47,193
2092,152220060,2018-06-29,0.58,0.4574248470388754,47,199
2093,152220060,2018-07-06,0.39,0.3293037471426004,47,196
2094,152220060,2018-08-08,0.39,0.3293037471426004,47,203
2095,152220060,2018-08-30,0.43,0.3576744442718159,47,207
2096,152220060,2018-10-12,0.36,0.3074846997479606,47,190
2097,152220060,2018-10-14,0.38,0.32208349916911333,47,191
2098,152220060,2018-11-08,0.31,0.27002713721306015,47,192
2099,153200010,2018-05-06,1.37,0.8628899551470399,49,146
2100,153200010,2018-05-08,1.4,0.8754687373538999,49,145
2101,153200010,2018-05-13,1.88,1.0577902941478545,49,148
2102,153200010,2018-06-07,1.77,1.0188473201992472,49,144
2103,153200010,2018-06-20,1.3,0.832909122935104,49,139
2104,153200010,2018-07-05,1.31,0.8372475245337022,49,140
2105,153200010,2018-07-15,1.3,0.832909122935104,49,149
2106,153200010,2018-08-04,1.3,0.832909122935104,49,141
2107,153200010,2018-08-09,1.26,0.8153648132841945,49,147
2108,153200010,2018-09-03,1.17,0.7747271675523681,49,142
2109,153200010,2018-09-10,1.03,0.708035793053696,49,143
2110,153200010,2018-10-15,1.22,0.7975071958841881,49,150
2111,151150030,2018-05-04,0.53,0.4252677354043441,23,39
2112,151150030,2018-05-06,0.61,0.4762341789963716,23,40
2113,151150030,2018-05-29,1.13,0.7561219797213337,23,35
2114,151150030,2018-07-03,0.48,0.3920420877760237,23,36
2115,151150030,2018-08-07,0.22,0.1988508587451652,23,37
2116,151150030,2018-08-09,0.23,0.20701416938432615,23,41
2117,151150030,2018-08-17,0.18,0.16551443847757338,23,42
2118,151150030,2018-08-27,0.14,0.1310282624064041,23,43
2119,151150030,2018-10-11,0.11,0.10436001532424277,23,38
2120,151150030,2018-10-13,0.11,0.10436001532424277,23,45
2121,151150030,2018-10-16,0.11,0.10436001532424277,23,46
2122,151150030,2018-10-31,0.11,0.10436001532424277,23,44
2123,149210140,2018-05-07,1.36,0.8586616190375187,40,7
2124,149210140,2018-05-12,6.9,2.066862759472976,40,12
2125,149210140,2018-05-27,1.75,1.0116009116784799,40,10
2126,149210140,2018-05-30,2.16,1.1505720275988207,40,4
2127,149210140,2018-06-06,1.81,1.0331844833456545,40,5
2128,149210140,2018-08-03,0.2,0.18232155679395462,40,15
2129,149210140,2018-08-10,0.19,0.173953307123438,40,8
2130,149210140,2018-08-13,0.24,0.2151113796169455,40,6
2131,149210140,2018-08-20,0.17,0.15700374880966475,40,9
2132,149210140,2018-08-30,0.31,0.27002713721306015,40,11
2133,149210140,2018-10-12,0.83,0.6043159668533296,40,13
2134,149210140,2018-10-14,0.24,0.2151113796169455,40,2
2135,149210140,2018-10-17,1.21,0.7929925155296614,40,14
2136,149210140,2018-11-08,0.26,0.23111172096338664,40,3
2137,149180130,2018-05-13,0.96,0.6729444732424258,18,160
2138,149180130,2018-07-04,0.32,0.2776317365982795,18,157
2139,149180130,2018-08-03,1.4,0.8754687373538999,18,158
2140,149180130,2018-08-13,0.28,0.2468600779315258,18,162
2141,149180130,2018-08-21,0.29,0.2546422183735807,18,165
2142,149180130,2018-08-23,0.28,0.2468600779315258,18,159
2143,149180130,2018-09-12,0.16,0.14842000511827327,18,161
2144,149180130,2018-09-20,4.96,1.7850704810772584,18,164
2145,149180130,2018-09-30,0.28,0.2468600779315258,18,163
2146,149180130,2018-10-05,0.31,0.27002713721306015,18,166
2147,149180130,2018-10-10,0.18,0.16551443847757338,18,167
2148,149180130,2018-10-12,0.18,0.16551443847757338,18,154
2149,149180130,2018-10-15,0.18,0.16551443847757338,18,155
2150,149180130,2018-11-06,0.25,0.22314355131420976,18,156
2151,149190240,2018-05-05,0.42,0.35065687161316933,53,12
2152,149190250,2018-05-05,0.36,0.3074846997479606,53,25
2153,149190240,2018-05-13,5.74,1.9080599249242156,53,7
2154,149190250,2018-05-13,1.94,1.0784095813505903,53,19
2155,149190240,2018-08-03,0.49,0.3987761199573678,53,5
2156,149190250,2018-08-03,0.46,0.3784364357202451,53,17
2157,149190240,2018-08-21,0.26,0.23111172096338664,53,8
2158,149190250,2018-08-21,0.29,0.2546422183735807,53,20
2159,149190240,2018-08-23,0.4,0.33647223662121295,53,6
2160,149190250,2018-08-23,0.38,0.32208349916911333,53,18
2161,149190240,2018-09-12,0.55,0.4382549309311553,53,10
2162,149190250,2018-09-12,0.32,0.2776317365982795,53,21
2163,149190240,2018-09-20,12.4,2.5952547069568657,53,9
2164,149190250,2018-09-20,7.73,2.166765369851511,53,22
2165,149190240,2018-09-30,0.81,0.5933268452777344,53,11
2166,149190250,2018-09-30,0.3,0.26236426446749106,53,23
2167,149190240,2018-10-05,1.37,0.8628899551470399,53,13
2168,149190250,2018-10-05,0.41,0.3435897043900769,53,24
2169,149190240,2018-10-12,4.0,1.6094379124341003,53,2
2170,149190250,2018-10-12,1.75,1.0116009116784799,53,14
2171,149190240,2018-10-15,2.0,1.0986122886681096,53,3
2172,149190250,2018-10-15,0.64,0.49469624183610705,53,15
2173,149190240,2018-11-06,0.84,0.6097655716208943,53,4
2174,149190250,2018-11-06,2.02,1.1052568313867783,53,16
2175,152210140,2018-05-30,3.3,1.4586150226995167,48,53
2176,152210140,2018-06-09,3.56,1.5173226235262947,48,49
2177,152210140,2018-06-29,1.18,0.7793248768009976,48,52
2178,152210140,2018-07-09,0.75,0.5596157879354227,48,51
2179,152210140,2018-07-24,0.65,0.5007752879124893,48,56
2180,152210140,2018-08-08,0.41,0.3435897043900769,48,50
2181,152210140,2018-08-13,0.41,0.3435897043900769,48,55
2182,152210140,2018-08-23,0.42,0.35065687161316933,48,54
2183,152210140,2018-09-02,0.52,0.41871033485818504,48,58
2184,152210140,2018-10-12,1.01,0.6981347220709844,48,57
2185,152210140,2018-11-06,0.42,0.35065687161316933,48,48
2186,150200130,2018-05-03,62.1,4.144720769547168,32,234
2187,150200130,2018-05-10,100.0,4.61512051684126,32,231
2188,150200130,2018-05-13,112.0,4.727387818712341,32,229
2189,150200130,2018-06-07,83.0,4.430816798843313,32,230
2190,150200130,2018-08-03,45.8,3.845883202923601,32,232
2191,150200130,2018-08-13,64.0,4.174387269895637,32,235
2192,150200130,2018-09-07,53.5,3.9982007016691985,32,238
2193,150200130,2018-09-10,44.6,3.8199077165203406,32,241
2194,150200130,2018-09-20,560.0,6.329720905522696,32,237
2195,150200130,2018-10-05,51.2,3.955082494888593,32,233
2196,150200130,2018-10-10,45.8,3.845883202923601,32,240
2197,150200130,2018-10-12,100.0,4.61512051684126,32,239
2198,150200130,2018-10-15,64.0,4.174387269895637,32,236
2199,149200200,2018-05-10,9.8,2.379546134130174,37,18
2200,149200200,2018-08-13,1.32,0.8415671856782186,37,16
2201,149200200,2018-08-23,1.13,0.7561219797213337,37,17
2202,149200200,2018-09-07,0.94,0.6626879730752367,37,19
2203,149200200,2018-10-05,1.01,0.6981347220709844,37,21
2204,149200200,2018-10-12,4.24,1.6563214983329508,37,20
2205,150150030,2018-05-06,0.08,0.07696104113612832,22,149
2206,150150030,2018-05-21,0.09,0.08617769624105233,22,157
2207,150150030,2018-05-31,0.09,0.08617769624105233,22,152
2208,150150030,2018-07-03,0.11,0.10436001532424277,22,158
2209,150150030,2018-07-20,0.09,0.08617769624105233,22,151
2210,150150030,2018-08-07,0.08,0.07696104113612832,22,146
2211,150150030,2018-08-27,0.1,0.09531017980432487,22,147
2212,150150030,2018-08-29,0.12,0.11332868530700317,22,159
2213,150150030,2018-10-11,0.06,0.058268908123975775,22,144
2214,150150030,2018-10-13,0.06,0.058268908123975775,22,148
2215,150150030,2018-10-16,0.06,0.058268908123975775,22,150
2216,150150030,2018-10-18,0.06,0.058268908123975775,22,153
2217,150150030,2018-10-31,0.06,0.058268908123975775,22,145
2218,150150030,2018-11-07,0.06,0.058268908123975775,22,154
2219,150150030,2018-11-15,0.06,0.058268908123975775,22,156
2220,150150030,2018-11-17,0.06,0.058268908123975775,22,155
2221,153230120,2018-05-07,8.8,2.2823823856765264,52,217
2222,153230120,2018-05-10,8.16,2.214846178686039,52,218
2223,153230120,2018-05-12,8.42,2.2428350885882717,52,215
2224,153230120,2018-05-30,7.16,2.0992441689760155,52,216
2225,153230120,2018-06-01,7.77,2.1713368063840917,52,212
2226,153230120,2018-06-04,9.02,2.3045830956567186,52,225
2227,153230120,2018-06-09,8.47,2.248128907197987,52,214
2228,153230120,2018-07-09,6.59,2.0268315914075385,52,224
2229,153230120,2018-07-19,5.92,1.9344157696295783,52,222
2230,153230120,2018-08-08,3.99,1.6074359097634274,52,223
2231,153230120,2018-08-10,3.85,1.578978704949392,52,219
2232,153230120,2018-08-20,3.51,1.5062971535145868,52,220
2233,153230120,2018-08-23,3.33,1.4655675420143985,52,213
2234,153230120,2018-10-12,4.32,1.6714733033535532,52,210
2235,153230120,2018-10-14,4.3,1.667706820558076,52,211
2236,153230120,2018-10-17,4.16,1.6409365794934714,52,221
2237,150190350,2018-05-03,1.34,0.8501509293696101,43,51
2238,150190350,2018-05-05,1.35,0.8544153281560676,43,50
2239,150190350,2018-05-10,2.24,1.1755733298042381,43,45
2240,150190350,2018-05-13,3.27,1.4516138272405332,43,46
2241,150190350,2018-05-20,2.62,1.2864740258376797,43,59
2242,150190350,2018-06-07,3.26,1.449269160281279,43,44
2243,150190350,2018-07-04,1.04,0.712949807856125,43,48
2244,150190350,2018-07-07,0.88,0.6312717768418579,43,43
2245,150190350,2018-08-08,0.49,0.3987761199573678,43,49
2246,150190350,2018-08-13,0.52,0.41871033485818504,43,55
2247,150190350,2018-09-10,0.31,0.27002713721306015,43,52
2248,150190350,2018-09-12,0.33,0.2851789422336624,43,47
2249,150190350,2018-09-20,4.81,1.75958057086382,43,53
2250,150190350,2018-10-05,0.85,0.6151856390902335,43,54
2251,150190350,2018-10-10,1.04,0.712949807856125,43,57
2252,150190350,2018-10-12,1.28,0.8241754429663495,43,58
2253,150190350,2018-10-15,0.96,0.6729444732424258,43,56
2254,151160190,2018-05-06,4.64,1.7298840655099674,20,166
2255,151160190,2018-05-26,5.49,1.8702625307159986,20,164
2256,151160190,2018-07-15,3.87,1.5830939370944985,20,167
2257,151160190,2018-07-20,4.91,1.776645831418007,20,168
2258,151160190,2018-08-09,3.29,1.4562867329399256,20,165
2259,151160190,2018-08-29,3.76,1.5602476682433286,20,169
2260,151160190,2018-09-03,2.8,1.33500106673234,20,170
2261,151160190,2018-10-13,6.05,1.9530276168241771,20,171
2262,150170080,2018-05-13,0.47,0.3852624007906449,19,61
2263,150170080,2018-06-07,0.45,0.37156355643248307,19,62
2264,150170080,2018-09-20,1.29,0.8285518175661483,19,63
2265,150170080,2018-09-28,0.59,0.46373401623214017,19,59
2266,150170080,2018-09-30,0.56,0.44468582126144574,19,64
2267,150170080,2018-10-05,0.45,0.37156355643248307,19,65
2268,150170080,2018-10-10,0.39,0.3293037471426004,19,66
2269,150170080,2018-10-15,0.4,0.33647223662121295,19,60
2270,150220100,2018-10-12,37.2,3.6428355156125294,38,140
2271,150220100,2018-10-14,38.3,3.6712245188752153,38,141
2272,150220100,2018-10-17,40.0,3.713572066704308,38,143
2273,150220100,2018-11-08,24.3,3.2308043957334744,38,142
2274,149210080,2018-10-12,11.1,2.4932054526026954,38,44
2275,149210080,2018-10-14,2.89,1.358409157630355,38,42
2276,149210080,2018-11-08,0.77,0.5709795465857378,38,43
2277,149190060,2018-05-13,6.75,2.0476928433652555,32,137
2278,149190060,2018-06-07,9.82,2.3813962734183356,32,133
2279,149190060,2018-07-04,3.29,1.4562867329399256,32,134
2280,149190060,2018-08-03,40.0,3.713572066704308,32,136
2281,149190060,2018-08-13,5.69,1.900613874140137,32,135
2282,149190060,2018-09-12,3.37,1.4747630091074988,32,138
2283,149190060,2018-10-10,2.87,1.3532545070416904,32,132
2284,149190060,2018-10-12,3.02,1.3912819026309298,32,129
2285,149190060,2018-10-15,2.86,1.3506671834767394,32,130
2286,149190060,2018-11-06,6.54,2.020222182019865,32,131
2287,151160090,2018-10-11,0.09,0.08617769624105233,21,17
2288,151160090,2018-10-13,0.05,0.04879016416943201,21,19
2289,151160090,2018-10-16,0.06,0.058268908123975775,21,20
2290,151160090,2018-10-31,0.06,0.058268908123975775,21,18
2291,150150070,2018-10-11,0.67,0.5128236264286637,22,170
2292,150150080,2018-10-11,2.03,1.1085626195212777,22,50
2293,150150070,2018-10-13,0.61,0.4762341789963716,22,172
2294,150150080,2018-10-13,1.82,1.0367368849500223,22,52
2295,150150070,2018-10-16,0.69,0.5247285289349821,22,173
2296,150150080,2018-10-16,1.79,1.0260415958332743,22,53
2297,150150070,2018-10-31,0.87,0.6259384308664953,22,171
2298,150150080,2018-10-31,2.14,1.144222799920162,22,51
2299,150190180,2018-05-13,15.3,2.791165107812717,34,60
2300,150190180,2018-06-07,14.6,2.747270914255491,34,59
2301,150190180,2018-07-04,14.9,2.766319109226186,34,56
2302,150190180,2018-07-29,11.0,2.4849066497880004,34,62
2303,150190180,2018-08-03,14.1,2.714694743820879,34,58
2304,150190180,2018-08-13,11.8,2.5494451709255714,34,57
2305,150190180,2018-08-23,10.7,2.4595888418037104,34,63
2306,150190180,2018-09-10,11.8,2.5494451709255714,34,64
2307,150190180,2018-09-12,11.5,2.5257286443082556,34,61
2308,150190180,2018-10-05,11.8,2.5494451709255714,34,65
2309,150190180,2018-10-12,11.6,2.533696813957432,34,53
2310,150190180,2018-10-15,11.2,2.501435951739211,34,54
2311,150190180,2018-11-06,10.3,2.424802725718295,34,55
2312,149190290,2018-05-10,4.01,1.6114359150967734,35,42
2313,149190290,2018-05-13,2.38,1.2178757094949273,35,36
2314,149190290,2018-06-07,0.74,0.5538851132264376,35,35
2315,149190290,2018-08-03,0.54,0.43178241642553783,35,34
2316,149190290,2018-08-13,0.16,0.14842000511827327,35,37
2317,149190290,2018-08-23,0.2,0.18232155679395462,35,41
2318,149190290,2018-09-07,0.15,0.13976194237515868,35,43
2319,149190290,2018-09-20,6.02,1.9487632180377197,35,44
2320,149190290,2018-10-05,0.81,0.5933268452777344,35,45
2321,149190290,2018-10-10,0.25,0.22314355131420976,35,40
2322,149190290,2018-10-12,2.3,1.1939224684724346,35,38
2323,149190290,2018-10-15,0.39,0.3293037471426004,35,39
2324,150160060,2018-05-06,0.87,0.6259384308664953,20,147
2325,150160060,2018-07-20,1.0,0.6931471805599453,20,146
2326,150160060,2018-08-29,0.89,0.636576829071551,20,144
2327,150160060,2018-10-13,0.23,0.20701416938432615,20,145
2328,154220050,2018-05-05,1.41,0.8796267475025636,52,129
2329,154220050,2018-05-08,1.57,0.9439058989071285,52,127
2330,154220050,2018-05-10,2.46,1.2412685890696329,52,125
2331,154220050,2018-05-30,1.62,0.9631743177730056,52,122
2332,154220050,2018-06-09,2.99,1.3837912309017721,52,121
2333,154220050,2018-07-19,0.77,0.5709795465857378,52,120
2334,154220050,2018-08-23,0.18,0.16551443847757338,52,123
2335,154220050,2018-09-07,0.18,0.16551443847757338,52,126
2336,154220050,2018-09-10,0.16,0.14842000511827327,52,124
2337,154220050,2018-10-10,0.2,0.18232155679395462,52,128
2338,154220050,2018-10-12,0.31,0.27002713721306015,52,119
2339,154220050,2018-10-15,0.27,0.23901690047049992,52,130
2340,153200030,2018-05-06,4.86,1.7681496035889213,51,200
2341,153200030,2018-05-08,4.93,1.780024213009634,51,199
2342,153200030,2018-05-11,5.61,1.888583653863595,51,195
2343,153200030,2018-05-13,6.31,1.9892432737616872,51,196
2344,153200030,2018-06-07,5.41,1.8578592709325787,51,193
2345,153200030,2018-06-20,5.17,1.8196988379172965,51,198
2346,153200030,2018-07-05,4.43,1.691939133945844,51,204
2347,153200030,2018-08-04,2.84,1.3454723665996355,51,194
2348,153200030,2018-08-09,2.58,1.275362800412609,51,197
2349,153200030,2018-09-03,2.06,1.1184149159642893,51,202
2350,153200030,2018-10-13,2.63,1.2892326482767593,51,203
2351,153200030,2018-10-15,2.69,1.3056264580524357,51,201
2352,153200030,2018-10-18,2.65,1.2947271675944,51,205
2353,149220110,2018-05-07,1.28,0.8241754429663495,39,30
2354,149220110,2018-05-12,14.2,2.7212954278522306,39,28
2355,149220110,2018-05-30,1.59,0.9516578757114464,39,35
2356,149220110,2018-06-06,21.4,3.109060958860994,39,29
2357,149220110,2018-08-13,1.18,0.7793248768009976,39,37
2358,149220110,2018-08-20,1.11,0.7466879474879752,39,31
2359,149220110,2018-08-23,2.44,1.235471471385307,39,32
2360,149220110,2018-08-28,10.9,2.4765384001174837,39,33
2361,149220110,2018-08-30,8.09,2.2071749081893874,39,38
2362,149220110,2018-09-14,1.49,0.9122827104766162,39,36
2363,149220110,2018-10-09,0.96,0.6729444732424258,39,34
2364,149220110,2018-10-14,0.88,0.6312717768418579,39,26
2365,149220110,2018-10-17,0.84,0.6097655716208943,39,39
2366,149220110,2018-11-08,0.73,0.5481214085096876,39,27
2367,149190020,2018-05-05,0.2,0.18232155679395462,34,210
2368,149190020,2018-05-13,1.89,1.0612565021243408,34,201
2369,149190020,2018-06-07,0.86,0.6205764877251099,34,200
2370,149190020,2018-07-04,0.18,0.16551443847757338,34,197
2371,149190020,2018-08-03,0.51,0.412109650826833,34,198
2372,149190020,2018-08-13,0.28,0.2468600779315258,34,199
2373,149190020,2018-08-21,0.17,0.15700374880966475,34,208
2374,149190020,2018-09-07,0.25,0.22314355131420976,34,205
2375,149190020,2018-09-10,0.36,0.3074846997479606,34,206
2376,149190020,2018-09-12,0.2,0.18232155679395462,34,203
2377,149190020,2018-09-20,4.35,1.6770965609079151,34,207
2378,149190020,2018-09-30,0.38,0.32208349916911333,34,204
2379,149190020,2018-10-05,0.53,0.4252677354043441,34,209
2380,149190020,2018-10-10,0.18,0.16551443847757338,34,202
2381,149190020,2018-10-12,0.16,0.14842000511827327,34,194
2382,149190020,2018-10-15,0.14,0.1310282624064041,34,195
2383,149190020,2018-11-06,0.73,0.5481214085096876,34,196
2384,150160270,2018-05-06,0.38,0.32208349916911333,20,30
2385,150160270,2018-05-08,0.39,0.3293037471426004,20,22
2386,150160270,2018-05-13,0.71,0.5364933705145685,20,21
2387,150160270,2018-05-26,0.84,0.6097655716208943,20,23
2388,150160270,2018-06-07,0.5,0.4054651081081644,20,20
2389,150160270,2018-07-15,0.29,0.2546422183735807,20,24
2390,150160270,2018-07-20,0.3,0.26236426446749106,20,25
2391,150160270,2018-08-09,0.17,0.15700374880966475,20,27
2392,150160270,2018-08-29,0.43,0.3576744442718159,20,32
2393,150160270,2018-09-20,0.16,0.14842000511827327,20,29
2394,150160270,2018-10-05,0.15,0.13976194237515868,20,31
2395,150160270,2018-10-10,0.13,0.12221763272424921,20,26
2396,150160270,2018-10-13,0.12,0.11332868530700317,20,28
2397,150160270,2018-10-15,0.12,0.11332868530700317,20,19
2398,150160010,2018-10-11,0.4,0.33647223662121295,22,34
2399,150160010,2018-10-13,0.36,0.3074846997479606,22,36
2400,150160010,2018-10-31,0.36,0.3074846997479606,22,35
2401,150180010,2018-05-03,0.35,0.30010459245033805,19,37
2402,150180010,2018-05-06,0.36,0.3074846997479606,19,34
2403,150180010,2018-05-13,0.43,0.3576744442718159,19,33
2404,150180010,2018-06-07,0.46,0.3784364357202451,19,32
2405,150180010,2018-07-05,0.37,0.31481073984003355,19,35
2406,150180010,2018-08-04,0.51,0.412109650826833,19,36
2407,150180010,2018-08-29,0.5,0.4054651081081644,19,44
2408,150180010,2018-09-03,0.35,0.30010459245033805,19,43
2409,150180010,2018-09-10,0.22,0.1988508587451652,19,38
2410,150180010,2018-09-20,0.42,0.35065687161316933,19,40
2411,150180010,2018-09-28,0.23,0.20701416938432615,19,30
2412,150180010,2018-10-05,0.16,0.14842000511827327,19,39
2413,150180010,2018-10-10,0.1,0.09531017980432487,19,42
2414,150180010,2018-10-13,0.12,0.11332868530700317,19,41
2415,150180010,2018-10-15,0.12,0.11332868530700317,19,31
2416,150170150,2018-05-06,1.05,0.7178397931503169,20,60
2417,150170150,2018-05-08,1.12,0.7514160886839212,20,58
2418,150170150,2018-05-13,1.8,1.0296194171811583,20,57
2419,150170150,2018-05-21,2.47,1.244154593958768,20,61
2420,150170150,2018-06-07,1.77,1.0188473201992472,20,56
2421,150170150,2018-07-07,0.78,0.5766133643039938,20,68
2422,150170150,2018-07-15,0.57,0.4510756193602167,20,59
2423,150170150,2018-07-20,1.37,0.8628899551470399,20,62
2424,150170150,2018-08-01,0.72,0.5423242908253616,20,70
2425,150170150,2018-08-09,0.99,0.688134638736401,20,63
2426,150170150,2018-08-29,1.03,0.708035793053696,20,66
2427,150170150,2018-09-03,0.71,0.5364933705145685,20,64
2428,150170150,2018-09-20,0.96,0.6729444732424258,20,65
2429,150170150,2018-10-05,0.35,0.30010459245033805,20,67
2430,150170150,2018-10-13,0.23,0.20701416938432615,20,69
2431,150170150,2018-10-15,0.34,0.29266961396282,20,55
2432,153230020,2018-05-20,3.31,1.4609379041156565,45,105
2433,153230020,2018-05-30,2.96,1.3762440252663892,45,100
2434,153230020,2018-06-09,6.07,1.9558604799084813,45,102
2435,153230020,2018-07-09,1.37,0.8628899551470399,45,101
2436,153230020,2018-07-19,1.1,0.7419373447293773,45,104
2437,153230020,2018-08-23,0.41,0.3435897043900769,45,103
2438,153230020,2018-09-04,0.67,0.5128236264286637,45,108
2439,153230020,2018-10-12,0.72,0.5423242908253616,45,98
2440,153230020,2018-10-17,1.18,0.7793248768009976,45,107
2441,150200150,2018-05-03,83.3,4.4343818650078095,32,243
2442,150200150,2018-05-10,177.0,5.181783550292085,32,242
2443,150200150,2018-05-13,243.0,5.497168225293202,33,1
2444,150200150,2018-06-07,203.0,5.318119993844216,32,245
2445,150200150,2018-08-03,94.4,4.558078578454241,32,246
2446,150200150,2018-08-13,112.0,4.727387818712341,32,244
2447,150200150,2018-09-07,94.1,4.554928969551344,33,2
2448,150200150,2018-09-20,1370.0,7.223295679562314,33,0
2449,150200150,2018-10-05,124.0,4.8283137373023015,32,248
2450,150200150,2018-10-10,115.0,4.7535901911063645,32,249
2451,150200150,2018-10-12,147.0,4.997212273764115,33,3
2452,150200150,2018-10-15,154.0,5.043425116919247,32,247
2453,149200040,2018-05-03,1.76,1.0152306797290587,35,204
2454,149200040,2018-05-10,7.76,2.1701959049483,35,201
2455,149200040,2018-05-13,9.01,2.303584593327129,35,198
2456,149200040,2018-06-07,5.45,1.864080130807681,35,195
2457,149200040,2018-08-03,3.93,1.5953389880545987,35,196
2458,149200040,2018-08-13,1.69,0.9895411936137477,35,197
2459,149200040,2018-08-23,2.01,1.1019400787607843,35,199
2460,149200040,2018-09-07,1.97,1.0885619528146082,35,207
2461,149200040,2018-09-20,40.0,3.713572066704308,35,200
2462,149200040,2018-10-05,10.2,2.4159137783010487,35,203
2463,149200040,2018-10-10,2.48,1.247032293786383,35,206
2464,149200040,2018-10-12,4.8,1.7578579175523736,35,205
2465,149200040,2018-10-15,5.32,1.843719208158766,35,202
2466,151210080,2018-05-30,5.74,1.9080599249242156,41,11
2467,151210080,2018-06-19,2.1,1.1314021114911006,41,15
2468,151210080,2018-06-29,1.5,0.9162907318741551,41,10
2469,151210080,2018-08-08,1.0,0.6931471805599453,41,9
2470,151210080,2018-08-13,1.14,0.76080582903376,41,12
2471,151210080,2018-08-23,0.97,0.6780335427498971,41,13
2472,151210080,2018-09-02,1.02,0.7030975114131134,41,14
2473,151210080,2018-10-12,2.66,1.297463147413275,41,8
2474,152190120,2018-05-08,790.0,6.673297967767654,33,146
2475,152190120,2018-05-13,1190.0,7.0825485693553,33,147
2476,152190120,2018-05-23,1190.0,7.0825485693553,33,148
2477,152190120,2018-06-07,1880.0,7.53955882930103,33,142
2478,152190120,2018-07-07,757.0,6.630683385642372,33,145
2479,152190120,2018-08-01,553.0,6.317164686747284,33,141
2480,152190120,2018-09-10,424.0,6.052089168924417,33,140
2481,152190120,2018-09-20,508.0,6.2324480165505225,33,144
2482,152190120,2018-10-15,475.0,6.16541785423142,33,143
2483,152200010,2018-05-03,3.16,1.425515074273172,49,2
2484,152200010,2018-05-05,3.12,1.415853163361435,48,244
2485,152200010,2018-05-08,3.25,1.4469189829363254,48,243
2486,152200010,2018-05-13,5.65,1.8946168546677629,49,1
2487,152200010,2018-05-30,6.0,1.9459101490553132,48,245
2488,152200010,2018-06-04,7.72,2.1656192379208883,48,242
2489,152200010,2018-06-07,6.92,2.0693912058263346,48,241
2490,152200010,2018-07-07,2.76,1.324418957401803,48,240
2491,152200010,2018-07-09,2.8,1.33500106673234,48,239
2492,152200010,2018-08-01,2.73,1.3164082336557241,48,246
2493,152200010,2018-08-08,3.06,1.4011829736136412,48,238
2494,152200010,2018-08-23,1.71,0.9969486348916095,48,247
2495,152200010,2018-09-02,2.05,1.11514159061932,49,4
2496,152200010,2018-09-07,1.52,0.924258901523332,49,0
2497,152200010,2018-09-10,1.5,0.9162907318741551,48,249
2498,152200010,2018-09-12,1.91,1.068153081183401,48,248
2499,152200010,2018-09-20,7.45,2.1341664413690826,49,3
2500,152200010,2018-10-10,2.5,1.252762968495368,49,7
2501,152200010,2018-10-12,2.06,1.1184149159642893,49,6
2502,152200010,2018-10-15,2.49,1.2499017362143359,49,5
2503,152200010,2018-10-17,2.44,1.235471471385307,49,8
2504,152200010,2018-11-06,2.16,1.1505720275988207,48,237
2505,154220100,2018-05-10,0.53,0.4252677354043441,52,161
2506,154220100,2018-05-20,0.6,0.4700036292457356,52,170
2507,154220100,2018-05-30,0.47,0.3852624007906449,52,168
2508,154220100,2018-06-09,0.59,0.46373401623214017,52,164
2509,154220100,2018-07-09,0.4,0.33647223662121295,52,162
2510,154220100,2018-07-22,0.28,0.2468600779315258,52,165
2511,154220100,2018-08-08,0.2,0.18232155679395462,52,166
2512,154220100,2018-08-23,0.15,0.13976194237515868,52,163
2513,154220100,2018-09-10,0.13,0.12221763272424921,52,159
2514,154220100,2018-09-20,0.65,0.5007752879124893,52,160
2515,154220100,2018-10-12,0.27,0.23901690047049992,52,158
2516,154220100,2018-10-15,0.25,0.22314355131420976,52,167
2517,154220100,2018-10-17,0.25,0.22314355131420976,52,169
2518,149210030,2018-05-30,7.93,2.189416394888408,38,15
2519,149210030,2018-08-03,3.35,1.4701758451005928,38,16
2520,149210030,2018-08-13,3.01,1.3887912413184778,38,13
2521,149210030,2018-08-23,3.6,1.5260563034950494,38,14
2522,149210030,2018-08-28,6.85,2.060513531794317,38,18
2523,149210030,2018-10-12,2.88,1.355835153635182,38,12
2524,149210030,2018-10-17,3.07,1.4036429994545037,38,17
2525,152190060,2018-05-06,0.95,0.6678293725756554,49,67
2526,152190060,2018-05-08,1.07,0.7275486072772778,49,58
2527,152190060,2018-05-13,1.41,0.8796267475025636,49,62
2528,152190060,2018-05-23,1.1,0.7419373447293773,49,66
2529,152190060,2018-05-31,1.29,0.8285518175661483,49,68
2530,152190060,2018-06-07,1.47,0.9042181506398859,49,56
2531,152190060,2018-07-05,1.06,0.7227059828014898,49,61
2532,152190060,2018-07-07,0.92,0.6523251860396903,49,65
2533,152190060,2018-08-01,0.4,0.33647223662121295,49,64
2534,152190060,2018-08-04,0.48,0.3920420877760237,49,60
2535,152190060,2018-08-09,0.31,0.27002713721306015,49,55
2536,152190060,2018-09-10,0.08,0.07696104113612832,49,57
2537,152190060,2018-09-20,0.49,0.3987761199573678,49,59
2538,152190060,2018-10-13,0.11,0.10436001532424277,49,63
2539,152190060,2018-10-15,0.1,0.09531017980432487,49,54
2540,150180250,2018-10-10,0.19,0.173953307123438,19,11
2541,150180250,2018-10-15,0.19,0.173953307123438,19,10
2542,150160180,2018-09-28,5.29,1.8389610707123492,19,161
2543,150160180,2018-10-13,2.92,1.366091653802371,19,162
2544,151190080,2018-05-03,1.87,1.0543120297715298,43,102
2545,151190080,2018-05-05,1.81,1.0331844833456545,43,99
2546,151190080,2018-05-10,2.26,1.1817271953786161,43,103
2547,151190080,2018-05-13,2.6,1.2809338454620645,43,100
2548,151190080,2018-05-30,3.26,1.449269160281279,43,109
2549,151190080,2018-06-07,2.44,1.235471471385307,43,98
2550,151190080,2018-07-04,2.05,1.11514159061932,43,111
2551,151190080,2018-07-07,1.67,0.9820784724121581,43,101
2552,151190080,2018-07-24,1.45,0.8960880245566356,43,112
2553,151190080,2018-08-08,0.99,0.688134638736401,43,97
2554,151190080,2018-08-13,1.09,0.7371640659767197,43,96
2555,151190080,2018-09-10,0.57,0.4510756193602167,43,104
2556,151190080,2018-09-12,0.51,0.412109650826833,43,95
2557,151190080,2018-09-20,2.89,1.358409157630355,43,106
2558,151190080,2018-10-05,0.83,0.6043159668533296,43,105
2559,151190080,2018-10-10,0.71,0.5364933705145685,43,110
2560,151190080,2018-10-12,0.9,0.6418538861723948,43,108
2561,151190080,2018-10-15,0.75,0.5596157879354227,43,107
2562,150210150,2018-05-30,225.0,5.420534999272286,33,11
2563,152180120,2018-07-07,35.8,3.6054978451748854,24,16
2564,150210150,2018-08-03,114.0,4.74493212836325,33,10
2565,150210150,2018-08-08,128.0,4.859812404361672,33,12
2566,150210150,2018-08-13,130.0,4.875197323201151,33,13
2567,150210150,2018-08-28,137.0,4.927253685157205,33,16
2568,150210150,2018-09-02,197.0,5.288267030694535,33,14
2569,152180120,2018-10-10,23.5,3.1986731175506815,24,17
2570,150210150,2018-10-12,155.0,5.049856007249537,33,9
2571,152180120,2018-10-13,23.4,3.1945831322991562,24,18
2572,152180120,2018-10-15,23.0,3.1780538303479458,24,14
2573,150210150,2018-10-17,200.0,5.303304908059076,33,15
2574,152180120,2018-11-17,36.9,3.6349511120883804,24,15
2575,149190280,2018-05-13,5.63,1.891604804197771,36,67
2576,149190280,2018-08-03,3.21,1.43746264769429,36,68
2577,149190280,2018-08-23,4.0,1.6094379124341003,36,69
2578,149190280,2018-08-28,37.4,3.648057459593681,36,74
2579,149190280,2018-09-20,38.4,3.673765816303888,36,72
2580,149190280,2018-09-30,8.95,2.2975725511705014,36,71
2581,149190280,2018-10-05,4.38,1.682688374173693,36,73
2582,149190280,2018-10-10,3.94,1.597365331199831,36,70
2583,149190280,2018-10-12,3.85,1.578978704949392,36,64
2584,149190280,2018-10-15,9.51,2.3523271848888596,36,65
2585,149190280,2018-10-17,4.89,1.7732559976634952,36,75
2586,149190280,2018-11-06,4.45,1.6956156086751528,36,66
2587,152160060,2018-05-04,2.1,1.1314021114911006,25,194
2588,152160060,2018-05-06,2.2,1.1631508098056809,25,188
2589,152160060,2018-05-09,2.4,1.2237754316221157,25,195
2590,152160060,2018-05-19,3.91,1.5912739418064292,25,193
2591,152160060,2018-05-21,3.37,1.4747630091074988,25,200
2592,152160060,2018-05-26,3.25,1.4469189829363254,25,197
2593,152160060,2018-05-29,3.61,1.5282278570085572,25,183
2594,152160060,2018-05-31,3.97,1.6034198401085373,25,187
2595,152160060,2018-06-08,3.49,1.501852701754163,25,189
2596,152160060,2018-06-18,5.78,1.9139771019523042,25,204
2597,152160060,2018-07-03,1.69,0.9895411936137477,25,199
2598,152160060,2018-07-15,0.8,0.5877866649021191,25,185
2599,152160060,2018-07-20,0.68,0.5187937934151676,25,190
2600,152160060,2018-07-23,0.59,0.46373401623214017,25,198
2601,152160060,2018-08-04,0.72,0.5423242908253616,25,186
2602,152160060,2018-08-07,0.48,0.3920420877760237,25,184
2603,152160060,2018-08-09,0.38,0.32208349916911333,25,192
2604,152160060,2018-08-22,0.17,0.15700374880966475,25,191
2605,152160060,2018-08-27,0.36,0.3074846997479606,25,196
2606,152160060,2018-08-29,0.22,0.1988508587451652,25,202
2607,152160060,2018-09-03,0.16,0.14842000511827327,25,205
2608,152160060,2018-10-01,0.14,0.1310282624064041,25,180
2609,152160060,2018-10-11,0.12,0.11332868530700317,25,201
2610,152160060,2018-10-13,0.1,0.09531017980432487,25,203
2611,152160060,2018-10-16,0.09,0.08617769624105233,25,206
2612,152160060,2018-10-31,0.08,0.07696104113612832,25,181
2613,152160060,2018-11-07,0.08,0.07696104113612832,25,182
2614,150170100,2018-05-08,18.6,2.975529566236472,19,186
2615,150170100,2018-05-13,18.8,2.9856819377004897,19,193
2616,150170100,2018-05-21,13.6,2.681021528714291,19,185
2617,150170100,2018-06-07,24.1,3.2228678461377385,19,183
2618,150170100,2018-07-07,12.7,2.617395832834079,19,187
2619,150170100,2018-07-15,12.8,2.624668592163159,19,184
2620,150170100,2018-07-20,46.6,3.8628327612373745,19,191
2621,150170100,2018-08-01,13.3,2.6602595372658615,19,188
2622,150170100,2018-08-09,13.4,2.667228206581955,19,189
2623,150170100,2018-08-29,13.0,2.639057329615259,19,196
2624,150170100,2018-09-03,13.1,2.6461747973841225,19,194
2625,150170100,2018-09-20,8.23,2.222459048514761,19,190
2626,150170100,2018-10-05,9.19,2.321406847234633,19,192
2627,150170100,2018-10-13,18.4,2.9652730660692823,19,195
2628,150170100,2018-10-15,9.39,2.340843805111136,19,182
2629,150210160,2018-05-30,3.97,1.6034198401085373,38,55
2630,150210160,2018-06-19,1.22,0.7975071958841881,38,59
2631,150210160,2018-08-03,0.51,0.412109650826833,38,56
2632,150210160,2018-08-08,0.45,0.37156355643248307,38,58
2633,150210160,2018-08-13,0.66,0.5068176023684519,38,57
2634,150210160,2018-08-23,0.47,0.3852624007906449,38,60
2635,150210160,2018-08-28,0.5,0.4054651081081644,38,62
2636,150210160,2018-09-02,0.46,0.3784364357202451,38,61
2637,150210160,2018-10-12,1.03,0.708035793053696,38,54
2638,150210160,2018-10-17,0.65,0.5007752879124893,38,63
2639,151160200,2018-05-06,1.69,0.9895411936137477,21,154
2640,151160200,2018-05-21,4.09,1.6272778305624314,21,152
2641,151160200,2018-05-31,4.78,1.7544036826842861,21,150
2642,151160200,2018-07-15,1.07,0.7275486072772778,21,151
2643,151160200,2018-07-20,3.83,1.5748464676644813,21,153
2644,151160200,2018-08-29,0.48,0.3920420877760237,21,155
2645,151160200,2018-10-13,0.18,0.16551443847757338,21,156
2646,151160200,2018-11-07,0.41,0.3435897043900769,21,149
2647,154160120,2018-05-04,8.56,2.25758772706331,30,82
2648,154160120,2018-05-06,10.0,2.3978952727983707,30,72
2649,154160120,2018-05-14,14.9,2.766319109226186,30,73
2650,154160120,2018-05-19,11.5,2.5257286443082556,30,76
2651,154160120,2018-05-21,11.1,2.4932054526026954,30,69
2652,154160120,2018-05-24,11.1,2.4932054526026954,30,77
2653,154160120,2018-05-29,11.0,2.4849066497880004,30,70
2654,154160120,2018-05-31,11.2,2.501435951739211,30,86
2655,154160120,2018-06-03,12.9,2.631888840136646,30,78
2656,154160120,2018-06-08,11.3,2.509599262378372,30,80
2657,154160120,2018-06-20,10.5,2.4423470353692043,30,75
2658,154160120,2018-06-28,10.5,2.4423470353692043,30,85
2659,154160120,2018-07-15,8.57,2.258633205464863,30,74
2660,154160120,2018-07-25,7.66,2.1587147225743437,30,71
2661,154160120,2018-07-30,7.57,2.1482677326096886,30,81
2662,154160120,2018-08-22,7.86,2.1815467646169897,30,79
2663,154160120,2018-10-06,8.3,2.2300144001592104,30,83
2664,154160120,2018-10-11,7.47,2.136530508663963,30,66
2665,154160120,2018-10-13,7.4,2.128231705849268,30,84
2666,154160120,2018-10-31,7.52,2.1424163408412245,30,67
2667,154160120,2018-11-07,7.39,2.127040520479115,30,68
2668,154160030,2018-05-24,1.64,0.9707789171582247,30,13
2669,154160030,2018-05-29,1.45,0.8960880245566356,30,14
2670,154160030,2018-10-11,0.72,0.5423242908253616,30,15
2671,154160030,2018-10-13,0.69,0.5247285289349821,30,17
2672,154160030,2018-10-31,0.66,0.5068176023684519,30,18
2673,154160030,2018-11-07,0.66,0.5068176023684519,30,16
2674,149200320,2018-10-12,3.45,1.4929040961781488,37,34
2675,152160090,2018-05-29,3.16,1.425515074273172,25,173
2676,152160090,2018-10-01,0.43,0.3576744442718159,25,174
2677,152160090,2018-10-13,0.39,0.3293037471426004,25,177
2678,152160090,2018-10-31,0.32,0.2776317365982795,25,175
2679,152160090,2018-11-07,0.25,0.22314355131420976,25,176
2680,152180110,2018-05-06,1.9,1.0647107369924282,25,5
2681,152180110,2018-05-08,1.98,1.091923300517313,24,247
2682,152180110,2018-05-11,2.15,1.1474024528375417,24,248
2683,152180110,2018-05-13,2.4,1.2237754316221157,24,244
2684,152180110,2018-05-21,2.33,1.2029723039923526,25,4
2685,152180110,2018-06-07,2.51,1.2556160374777745,24,243
2686,152180110,2018-07-07,1.61,0.9593502213346021,24,242
2687,152180110,2018-07-20,3.39,1.47932922708708,24,249
2688,152180110,2018-08-01,1.58,0.9477893989335261,24,246
2689,152180110,2018-08-04,1.69,0.9895411936137477,24,245
2690,152180110,2018-09-10,1.53,0.9282193027394289,25,0
2691,152180110,2018-09-20,3.34,1.4678743481123135,25,1
2692,152180110,2018-10-10,0.74,0.5538851132264376,25,2
2693,152180110,2018-10-13,0.72,0.5423242908253616,25,3
2694,152180110,2018-10-15,0.72,0.5423242908253616,24,240
2695,152180110,2018-11-17,0.64,0.49469624183610705,24,241
2696,149190300,2018-05-13,1.04,0.712949807856125,36,131
2697,149190300,2018-08-03,1.72,1.000631880307906,36,130
2698,149190300,2018-09-20,19.6,3.0252910757955354,36,134
2699,149190300,2018-09-30,5.72,1.9050881545350582,36,132
2700,149190300,2018-10-05,2.92,1.366091653802371,36,133
2701,149190300,2018-10-10,2.31,1.1969481893889715,36,135
2702,149190300,2018-10-12,2.06,1.1184149159642893,36,127
2703,149190300,2018-10-15,3.27,1.4516138272405332,36,128
2704,149190300,2018-11-06,1.49,0.9122827104766162,36,129
2705,151220010,2018-05-30,45.9,3.8480176754522337,41,136
2706,151220010,2018-06-04,58.9,4.092676505121403,41,141
2707,151220010,2018-06-09,78.1,4.370712874773608,41,135
2708,151220010,2018-06-29,32.6,3.5145260669691587,41,134
2709,151220010,2018-07-09,24.9,3.254242968705492,41,137
2710,151220010,2018-07-24,26.7,3.3214324131932926,41,139
2711,151220010,2018-08-08,18.2,2.9549102790337356,41,140
2712,151220010,2018-08-13,17.1,2.89591193827178,41,138
2713,151220010,2018-08-23,17.0,2.8903717578961645,41,133
2714,151220010,2018-09-02,18.5,2.970414465569701,41,143
2715,151220010,2018-10-12,16.1,2.8390784635086144,41,142
2716,151220010,2018-11-06,15.2,2.785011242238338,41,132
2717,152160110,2018-05-29,13.6,2.681021528714291,25,249
2718,152160110,2018-10-11,1.13,0.7561219797213337,26,0
2719,152160110,2018-10-13,1.21,0.7929925155296614,26,1
2720,152160110,2018-10-31,1.14,0.76080582903376,25,247
2721,152160110,2018-11-07,1.14,0.76080582903376,25,248
2722,150150110,2018-05-06,0.15,0.13976194237515868,22,140
2723,150150110,2018-05-21,0.15,0.13976194237515868,22,143
2724,150150110,2018-07-03,0.15,0.13976194237515868,22,138
2725,150150110,2018-07-20,0.13,0.12221763272424921,22,141
2726,150150110,2018-08-07,0.09,0.08617769624105233,22,139
2727,150150110,2018-08-27,0.1,0.09531017980432487,22,142
2728,150150110,2018-10-11,0.07,0.06765864847381481,22,134
2729,150150110,2018-10-13,0.07,0.06765864847381481,22,136
2730,150150110,2018-10-16,0.07,0.06765864847381481,22,137
2731,150150110,2018-10-31,0.06,0.058268908123975775,22,135
2732,149210050,2018-05-30,34.1,3.55820113047182,37,241
2733,149210050,2018-08-13,7.46,2.135349173618132,37,242
2734,149210050,2018-08-23,8.93,2.295560478057081,37,243
2735,149210050,2018-10-12,22.7,3.1654750481410856,37,240
2736,150160120,2018-05-06,4.72,1.7439688053917064,20,157
2737,150160120,2018-05-21,2.7,1.308332819650179,20,155
2738,150160120,2018-05-26,3.93,1.5953389880545987,20,153
2739,150160120,2018-07-15,1.33,0.8458682675776092,20,159
2740,150160120,2018-07-20,2.05,1.11514159061932,20,154
2741,150160120,2018-08-29,2.04,1.1118575154181303,20,158
2742,150160120,2018-10-13,0.34,0.29266961396282,20,156
2743,153210020,2018-05-08,3.04,1.3962446919730587,46,211
2744,153210020,2018-05-10,4.46,1.6974487897568138,46,209
2745,153210020,2018-05-23,6.01,1.9473377010464987,46,218
2746,153210020,2018-05-30,5.92,1.9344157696295783,46,206
2747,153210020,2018-06-04,10.7,2.4595888418037104,46,205
2748,153210020,2018-06-07,9.04,2.306577114263583,46,203
2749,153210020,2018-06-09,7.7,2.1633230256605382,46,204
2750,153210020,2018-06-29,4.54,1.7119945007591926,46,208
2751,153210020,2018-07-07,2.78,1.3297240096314962,46,210
2752,153210020,2018-07-09,2.58,1.275362800412609,46,214
2753,153210020,2018-07-24,2.07,1.1216775615991057,46,207
2754,153210020,2018-08-01,2.73,1.3164082336557241,46,213
2755,153210020,2018-08-08,1.94,1.0784095813505903,46,202
2756,153210020,2018-08-23,1.19,0.7839015438284094,46,212
2757,153210020,2018-09-10,0.98,0.6830968447064438,46,215
2758,153210020,2018-09-20,5.4,1.8562979903656263,46,217
2759,153210020,2018-10-12,2.26,1.1817271953786161,46,201
2760,153210020,2018-10-15,2.3,1.1939224684724346,46,216
2761,150230040,2018-06-06,18.7,2.9806186357439426,41,100
2762,150230040,2018-10-12,8.22,2.2213750375685026,41,97
2763,150230040,2018-10-14,8.94,2.2965670206684825,41,98
2764,150230040,2018-11-08,8.25,2.224623551524334,41,99
2765,151180060,2018-05-06,0.4,0.33647223662121295,25,142
2766,151180060,2018-05-08,0.44,0.36464311358790924,25,135
2767,151180060,2018-05-13,0.86,0.6205764877251099,25,133
2768,151180060,2018-05-21,0.9,0.6418538861723948,25,136
2769,151180060,2018-06-07,0.92,0.6523251860396903,25,132
2770,151180060,2018-07-05,0.33,0.2851789422336624,25,134
2771,151180060,2018-07-07,0.28,0.2468600779315258,25,130
2772,151180060,2018-07-20,0.99,0.688134638736401,25,138
2773,151180060,2018-08-01,0.29,0.2546422183735807,25,131
2774,151180060,2018-08-09,0.3,0.26236426446749106,25,137
2775,151180060,2018-08-29,0.39,0.3293037471426004,25,140
2776,151180060,2018-09-20,0.34,0.29266961396282,25,139
2777,151180060,2018-10-13,0.16,0.14842000511827327,25,141
2778,151180060,2018-10-15,0.12,0.11332868530700317,25,128
2779,151180060,2018-11-17,0.17,0.15700374880966475,25,129
2780,154160090,2018-05-06,2.85,1.3480731482996928,30,163
2781,154160090,2018-05-14,4.83,1.763017000362401,30,168
2782,154160090,2018-05-19,3.04,1.3962446919730587,30,172
2783,154160090,2018-05-21,3.0,1.3862943611198906,30,158
2784,154160090,2018-05-24,3.09,1.4085449700547104,30,169
2785,154160090,2018-05-29,3.2,1.4350845252893227,30,159
2786,154160090,2018-05-31,3.23,1.4422019930581866,30,160
2787,154160090,2018-06-03,3.73,1.5539252025038417,30,161
2788,154160090,2018-06-05,3.72,1.551808799597464,30,175
2789,154160090,2018-06-08,3.14,1.420695787837223,30,162
2790,154160090,2018-06-20,2.95,1.3737155789130306,30,170
2791,154160090,2018-07-15,2.35,1.208960345836975,30,173
2792,154160090,2018-07-20,2.27,1.184789984909162,30,174
2793,154160090,2018-07-23,2.24,1.1755733298042381,30,157
2794,154160090,2018-07-25,2.23,1.172482137234565,30,165
2795,154160090,2018-07-30,2.18,1.1568811967920856,30,164
2796,154160090,2018-08-17,2.06,1.1184149159642893,30,176
2797,154160090,2018-08-22,2.29,1.1908875647772805,30,167
2798,154160090,2018-10-06,2.27,1.184789984909162,30,171
2799,154160090,2018-10-11,2.1,1.1314021114911006,30,154
2800,154160090,2018-10-13,1.98,1.091923300517313,30,166
2801,154160090,2018-10-31,2.15,1.1474024528375417,30,155
2802,154160090,2018-11-07,2.22,1.169381359556317,30,156
2803,153180060,2018-05-06,15.2,2.785011242238338,50,192
2804,153180060,2018-05-08,19.3,3.0106208860477417,50,195
2805,153180060,2018-05-13,20.4,3.0633909220278057,50,191
2806,153180060,2018-05-31,15.9,2.827313621929028,50,201
2807,153180060,2018-06-07,17.9,2.9391619220655967,50,189
2808,153180060,2018-06-20,20.1,3.0492730404820207,50,190
2809,153180060,2018-07-05,16.3,2.8507065015037334,50,193
2810,153180060,2018-07-07,16.2,2.8449093838194073,50,194
2811,153180060,2018-07-15,13.9,2.7013612129514133,50,199
2812,153180060,2018-08-01,13.1,2.6461747973841225,50,196
2813,153180060,2018-08-04,12.4,2.5952547069568657,50,198
2814,153180060,2018-09-03,10.8,2.468099531471619,50,197
2815,153180060,2018-09-10,12.3,2.5877640352277083,50,200
2816,153180060,2018-10-13,10.8,2.468099531471619,50,202
2817,153180060,2018-10-15,4.44,1.6937790608678513,50,188
2818,153180060,2018-10-18,5.88,1.9286186519452522,50,203
2819,149210090,2018-05-02,0.75,0.5596157879354227,37,227
2820,149210090,2018-05-05,0.85,0.6151856390902335,37,228
2821,149210090,2018-05-07,1.3,0.832909122935104,37,222
2822,149210090,2018-05-12,21.0,3.091042453358316,37,223
2823,149210090,2018-05-30,2.99,1.3837912309017721,37,229
2824,149210090,2018-06-06,4.47,1.6992786164338898,37,221
2825,149210090,2018-08-13,0.41,0.3435897043900769,37,224
2826,149210090,2018-08-20,0.3,0.26236426446749106,37,225
2827,149210090,2018-08-23,0.41,0.3435897043900769,37,226
2828,149210090,2018-08-30,1.18,0.7793248768009976,37,231
2829,149210090,2018-09-19,3.51,1.5062971535145868,37,230
2830,149210090,2018-10-09,0.29,0.2546422183735807,37,233
2831,149210090,2018-10-12,0.96,0.6729444732424258,37,232
2832,149210090,2018-10-14,0.37,0.31481073984003355,37,220
2833,149210090,2018-10-17,0.45,0.37156355643248307,37,234
2834,149210090,2018-11-06,0.19,0.173953307123438,37,235
2835,149210090,2018-11-08,0.15,0.13976194237515868,37,236
2836,150190240,2018-05-05,0.49,0.3987761199573678,23,194
2837,150190240,2018-05-10,0.59,0.46373401623214017,23,192
2838,150190240,2018-05-13,0.66,0.5068176023684519,23,191
2839,150190240,2018-06-07,0.56,0.44468582126144574,23,189
2840,150190240,2018-08-01,0.59,0.46373401623214017,23,193
2841,150190240,2018-08-13,0.54,0.43178241642553783,23,190
2842,150190240,2018-09-12,0.47,0.3852624007906449,23,195
2843,150190240,2018-09-20,1.71,0.9969486348916095,23,198
2844,150190240,2018-10-05,0.39,0.3293037471426004,23,197
2845,150190240,2018-10-10,0.37,0.31481073984003355,23,196
2846,150190240,2018-10-15,0.42,0.35065687161316933,23,187
2847,150190240,2018-11-11,0.42,0.35065687161316933,23,188
2848,154170020,2018-05-06,0.42,0.35065687161316933,31,55
2849,154170020,2018-05-14,1.26,0.8153648132841945,31,53
2850,154170020,2018-05-19,0.57,0.4510756193602167,31,50
2851,154170020,2018-05-24,0.64,0.49469624183610705,31,49
2852,154170020,2018-05-29,0.64,0.49469624183610705,31,42
2853,154170020,2018-05-31,0.68,0.5187937934151676,31,44
2854,154170020,2018-06-03,0.76,0.5653138090500605,31,45
2855,154170020,2018-06-05,0.72,0.5423242908253616,31,46
2856,154170020,2018-06-08,0.68,0.5187937934151676,31,47
2857,154170020,2018-06-10,0.64,0.49469624183610705,31,48
2858,154170020,2018-06-20,0.5,0.4054651081081644,31,43
2859,154170020,2018-06-28,0.46,0.3784364357202451,31,56
2860,154170020,2018-07-15,0.36,0.3074846997479606,31,52
2861,154170020,2018-07-25,0.33,0.2851789422336624,31,57
2862,154170020,2018-07-30,0.33,0.2851789422336624,31,51
2863,154170020,2018-08-22,0.36,0.3074846997479606,31,54
2864,154170020,2018-09-03,0.31,0.27002713721306015,31,60
2865,154170020,2018-10-06,0.31,0.27002713721306015,31,58
2866,154170020,2018-10-11,0.28,0.2468600779315258,31,39
2867,154170020,2018-10-13,0.33,0.2851789422336624,31,59
2868,154170020,2018-10-31,0.33,0.2851789422336624,31,40
2869,154170020,2018-11-07,0.39,0.3293037471426004,31,41
2870,154200020,2018-05-06,1.34,0.8501509293696101,51,228
2871,154200020,2018-05-08,1.44,0.8919980393051105,51,227
2872,154200020,2018-05-11,3.88,1.5851452198650557,51,229
2873,154200020,2018-05-13,5.04,1.7984040119467237,51,226
2874,154200020,2018-05-21,2.19,1.1600209167967532,51,234
2875,154200020,2018-05-31,2.21,1.1662709371419244,51,224
2876,154200020,2018-06-07,2.99,1.3837912309017721,51,225
2877,154200020,2018-06-10,2.66,1.297463147413275,51,230
2878,154200020,2018-06-17,4.96,1.7850704810772584,51,233
2879,154200020,2018-06-20,3.03,1.3937663759585917,51,223
2880,154200020,2018-07-15,0.76,0.5653138090500605,51,231
2881,154200020,2018-08-09,0.44,0.36464311358790924,51,232
2882,154200020,2018-09-03,0.38,0.32208349916911333,51,236
2883,154200020,2018-10-10,0.37,0.31481073984003355,51,237
2884,149210110,2018-10-12,5.0,1.791759469228055,39,202
2885,154200020,2018-10-13,0.41,0.3435897043900769,51,238
2886,149210110,2018-10-14,1.58,0.9477893989335261,39,200
2887,154200020,2018-10-15,0.48,0.3920420877760237,51,235
2888,149210110,2018-10-17,7.63,2.1552445050953364,39,203
2889,149210110,2018-11-08,1.17,0.7747271675523681,39,201
2890,149220170,2018-05-02,1.98,1.091923300517313,52,246
2891,149220170,2018-05-07,1.56,0.9400072584914712,52,244
2892,149220170,2018-05-12,16.8,2.8791984572980396,52,243
2893,149200160,2018-05-13,35.8,3.6054978451748854,36,100
2894,149220170,2018-05-30,4.81,1.75958057086382,53,1
2895,149220170,2018-06-06,4.53,1.7101878155342436,52,245
2896,149220170,2018-08-20,0.8,0.5877866649021191,52,242
2897,149200160,2018-08-23,33.3,3.535145354171894,36,99
2898,149220170,2018-08-23,1.04,0.712949807856125,52,249
2899,149200160,2018-08-28,52.0,3.970291913552122,36,103
2900,149220170,2018-08-28,6.19,1.9726911717329554,53,0
2901,149220170,2018-08-30,2.2,1.1631508098056809,52,247
2902,149200160,2018-09-20,529.0,6.272877006546167,36,102
2903,149200160,2018-10-05,42.1,3.763522997109702,36,101
2904,149200160,2018-10-10,32.5,3.5115454388310208,36,97
2905,149200160,2018-10-12,34.0,3.5553480614894135,36,94
2906,149220170,2018-10-12,0.53,0.4252677354043441,52,248
2907,149220170,2018-10-14,0.53,0.4252677354043441,52,240
2908,149200160,2018-10-15,45.0,3.828641396489095,36,95
2909,149200160,2018-10-17,36.1,3.6136169696133895,36,98
2910,149200160,2018-11-06,22.4,3.152736022363656,36,96
2911,149220170,2018-11-08,0.33,0.2851789422336624,52,241
2912,149220200,2018-05-12,59.1,4.096009841541162,39,104
2913,149220200,2018-05-27,14.4,2.7343675094195836,39,105
2914,149220200,2018-05-30,15.7,2.8154087194227095,39,107
2915,149220200,2018-06-01,17.3,2.9069010598473755,39,102
2916,149220200,2018-06-06,12.5,2.6026896854443837,39,108
2917,149220200,2018-07-04,3.38,1.4770487243883548,39,103
2918,149220200,2018-08-13,1.28,0.8241754429663495,39,106
2919,149220200,2018-10-12,2.9,1.3609765531356006,39,99
2920,149220200,2018-10-14,1.81,1.0331844833456545,39,100
2921,149220200,2018-11-08,1.49,0.9122827104766162,39,101
2922,152200090,2018-05-03,1.6,0.9555114450274365,49,22
2923,152200090,2018-05-05,1.54,0.9321640810304452,49,23
2924,152200090,2018-05-08,1.78,1.0224509277025458,49,15
2925,152200090,2018-05-10,2.3,1.1939224684724346,49,21
2926,152200090,2018-05-13,3.18,1.430311246536665,49,13
2927,152200090,2018-05-30,6.24,1.979621206397625,49,14
2928,152200090,2018-06-04,7.28,2.1138429683971682,49,16
2929,152200090,2018-06-07,5.18,1.8213182714695995,49,11
2930,152200090,2018-07-07,1.03,0.708035793053696,49,12
2931,152200090,2018-07-09,1.13,0.7561219797213337,49,17
2932,152200090,2018-07-24,1.55,0.9360933591703348,49,19
2933,152200090,2018-08-01,1.66,0.9783261227936076,49,29
2934,152200090,2018-08-08,1.9,1.0647107369924282,49,9
2935,152200090,2018-08-23,1.64,0.9707789171582247,49,18
2936,152200090,2018-09-02,1.91,1.068153081183401,49,27
2937,152200090,2018-09-07,1.45,0.8960880245566356,49,25
2938,152200090,2018-09-12,1.61,0.9593502213346021,49,20
2939,152200090,2018-09-20,3.59,1.5238800240724537,49,24
2940,152200090,2018-10-12,1.56,0.9400072584914712,49,28
2941,152200090,2018-10-15,1.67,0.9820784724121581,49,26
2942,152200090,2018-11-06,0.94,0.6626879730752367,49,10
2943,153210010,2018-05-05,4.27,1.6620303625532709,46,141
2944,153210010,2018-05-08,6.08,1.9572739077056285,46,136
2945,153210010,2018-05-10,7.98,2.194999882314108,46,134
2946,153210010,2018-05-13,10.6,2.451005098112319,46,131
2947,153210010,2018-05-20,8.38,2.238579763018133,46,130
2948,153210010,2018-05-30,7.92,2.188295946591918,46,129
2949,153210010,2018-06-04,9.83,2.382320061012899,46,132
2950,153210010,2018-06-07,9.35,2.336986519711378,46,127
2951,153210010,2018-06-09,9.11,2.3135250330323798,46,128
2952,153210010,2018-07-04,6.43,2.005525858729668,46,133
2953,153210010,2018-07-09,5.8,1.916922612182061,46,143
2954,153210010,2018-07-19,4.73,1.7457155307266483,46,142
2955,153210010,2018-07-24,4.31,1.6695918352538475,46,138
2956,153210010,2018-08-08,3.42,1.4861396960896067,46,124
2957,153210010,2018-08-23,2.49,1.2499017362143359,46,135
2958,153210010,2018-09-07,2.48,1.247032293786383,46,125
2959,153210010,2018-09-10,2.35,1.208960345836975,46,137
2960,153210010,2018-09-20,7.08,2.089391872533004,46,139
2961,153210010,2018-10-12,3.67,1.541159071680806,46,126
2962,153210010,2018-10-15,3.67,1.541159071680806,46,140
2963,150180190,2018-05-03,2.1,1.1314021114911006,19,92
2964,150180190,2018-05-08,2.22,1.169381359556317,19,96
2965,150180190,2018-05-13,3.02,1.3912819026309298,19,90
2966,150180190,2018-06-07,2.33,1.2029723039923526,19,89
2967,150180190,2018-08-01,1.58,0.9477893989335261,19,93
2968,150180190,2018-09-20,2.16,1.1505720275988207,19,95
2969,150180190,2018-10-05,1.19,0.7839015438284094,19,94
2970,150180190,2018-10-10,1.08,0.7323678937132266,19,91
2971,150180190,2018-10-15,1.09,0.7371640659767197,19,88
2972,150240020,2018-05-02,31.2,3.4719664525503626,46,237
2973,150240020,2018-05-12,42.0,3.7612001156935624,46,231
2974,150240020,2018-06-01,65.9,4.203198967134183,46,232
2975,150240020,2018-06-06,70.9,4.275276264727001,46,233
2976,150240020,2018-06-21,49.4,3.919991175077323,46,230
2977,150240020,2018-08-10,10.6,2.451005098112319,46,235
2978,150240020,2018-08-20,21.7,3.122364924487357,46,234
2979,150240020,2018-09-19,7.64,2.1564025828159643,46,236
2980,150240020,2018-10-14,27.2,3.339321977944068,46,229
2981,150230030,2018-05-12,3.07,1.4036429994545037,41,172
2982,150230030,2018-05-27,3.34,1.4678743481123135,41,169
2983,150230030,2018-05-30,4.05,1.6193882432872684,41,168
2984,150230030,2018-06-01,4.92,1.7783364488959144,41,165
2985,150230030,2018-06-06,4.28,1.66392609771817,41,166
2986,150230030,2018-06-21,2.07,1.1216775615991057,41,175
2987,150230030,2018-07-09,1.53,0.9282193027394289,41,177
2988,150230030,2018-08-03,1.04,0.712949807856125,41,171
2989,150230030,2018-08-08,1.04,0.712949807856125,41,167
2990,150230030,2018-08-13,1.0,0.6931471805599453,41,170
2991,150230030,2018-08-20,0.77,0.5709795465857378,41,174
2992,150230030,2018-08-23,0.71,0.5364933705145685,41,173
2993,150230030,2018-09-02,0.82,0.598836501088704,41,176
2994,150230030,2018-10-12,0.86,0.6205764877251099,41,162
2995,150230030,2018-10-14,0.74,0.5538851132264376,41,163
2996,150230030,2018-11-08,0.99,0.688134638736401,41,164
2997,149190350,2018-05-03,0.64,0.49469624183610705,36,9
2998,149190350,2018-05-10,2.26,1.1817271953786161,36,4
2999,149190350,2018-05-13,3.0,1.3862943611198906,36,2
3000,149190350,2018-06-07,1.12,0.7514160886839212,36,0
3001,149190350,2018-08-03,0.65,0.5007752879124893,36,12
3002,149190350,2018-08-13,0.55,0.4382549309311553,36,1
3003,149190350,2018-08-23,0.57,0.4510756193602167,36,3
3004,149190350,2018-09-07,0.45,0.37156355643248307,36,5
3005,149190350,2018-09-20,8.86,2.288486168614544,36,6
3006,149190350,2018-10-05,0.38,0.32208349916911333,36,11
3007,149190350,2018-10-10,0.46,0.3784364357202451,36,10
3008,149190350,2018-10-12,0.6,0.4700036292457356,36,8
3009,149190350,2018-10-15,0.44,0.36464311358790924,36,7
3010,152230080,2018-05-12,100.0,4.61512051684126,47,30
3011,152230080,2018-05-27,139.0,4.941642422609304,47,26
3012,152230080,2018-05-30,155.0,5.049856007249537,47,29
3013,152230080,2018-06-01,171.0,5.147494476813453,47,25
3014,152230080,2018-06-06,249.0,5.521460917862246,47,31
3015,152230080,2018-06-09,258.0,5.556828061699537,47,34
3016,152230080,2018-07-06,73.6,4.312140507209715,47,28
3017,152230080,2018-08-08,33.5,3.5409593240373143,47,27
3018,152230080,2018-08-13,27.4,3.3463891451671604,47,35
3019,152230080,2018-08-20,25.6,3.280911215787653,47,33
3020,152230080,2018-08-23,26.2,3.3032169733019514,47,32
3021,152230080,2018-10-12,47.7,3.885679030088544,47,22
3022,152230080,2018-10-14,44.7,3.822098297900159,47,23
3023,152230080,2018-11-08,31.3,3.475067230228611,47,24
3024,150170210,2018-05-03,0.26,0.23111172096338664,20,81
3025,150170210,2018-05-06,0.28,0.2468600779315258,20,79
3026,150170210,2018-05-08,0.38,0.32208349916911333,20,75
3027,150170210,2018-05-13,0.6,0.4700036292457356,20,77
3028,150170210,2018-05-21,0.52,0.41871033485818504,20,91
3029,150170210,2018-06-07,0.54,0.43178241642553783,20,73
3030,150170210,2018-07-05,0.28,0.2468600779315258,20,83
3031,150170210,2018-07-07,0.29,0.2546422183735807,20,74
3032,150170210,2018-07-15,0.29,0.2546422183735807,20,80
3033,150170210,2018-07-20,0.43,0.3576744442718159,20,86
3034,150170210,2018-08-01,0.31,0.27002713721306015,20,76
3035,150170210,2018-08-09,0.32,0.2776317365982795,20,78
3036,150170210,2018-08-29,0.31,0.27002713721306015,20,84
3037,150170210,2018-09-03,0.23,0.20701416938432615,20,82
3038,150170210,2018-09-20,0.36,0.3074846997479606,20,85
3039,150170210,2018-09-28,0.17,0.15700374880966475,20,88
3040,150170210,2018-10-05,0.12,0.11332868530700317,20,87
3041,150170210,2018-10-10,0.08,0.07696104113612832,20,90
3042,150170210,2018-10-13,0.1,0.09531017980432487,20,89
3043,150170210,2018-10-15,0.12,0.11332868530700317,20,71
3044,150170210,2018-11-17,0.11,0.10436001532424277,20,72
3045,152160010,2018-05-04,72.4,4.29592393562047,26,201
3046,152160010,2018-05-06,71.6,4.28496492183075,26,199
3047,152160010,2018-05-14,84.3,4.446174454497633,26,195
3048,152160010,2018-05-19,80.7,4.403054001865957,26,198
3049,152160010,2018-05-21,75.2,4.333361462692601,26,197
3050,152160010,2018-05-29,71.0,4.276666119016055,26,193
3051,152160010,2018-06-08,77.4,4.361823927356363,26,191
3052,152160010,2018-07-15,48.0,3.8918202981106265,26,194
3053,152160010,2018-07-20,42.9,3.7819143200811256,26,190
3054,152160010,2018-08-04,32.4,3.5085558999826545,26,200
3055,152160010,2018-08-07,30.8,3.459466289786131,26,196
3056,152160010,2018-08-09,29.0,3.4011973816621555,26,202
3057,152160010,2018-08-22,26.5,3.3141860046725258,26,192
3058,152160010,2018-09-08,22.0,3.1354942159291497,26,203
3059,152160010,2018-10-11,29.0,3.4011973816621555,26,204
3060,152160010,2018-10-13,28.0,3.367295829986474,26,205
3061,152160010,2018-10-31,24.2,3.2268439945173775,26,188
3062,152160010,2018-11-07,24.3,3.2308043957334744,26,189
3063,151170010,2018-05-13,4.34,1.6752256529721035,20,215
3064,149180010,2018-06-07,38.9,3.686376323895818,18,11
3065,151170010,2018-06-07,5.11,1.809926773183504,20,214
3066,151170010,2018-07-07,1.13,0.7561219797213337,20,213
3067,151170010,2018-07-15,1.24,0.8064758658669485,20,216
3068,149180010,2018-09-10,15.1,2.7788192719904172,18,12
3069,149180010,2018-10-15,15.5,2.803360380906535,18,10
3070,151170010,2018-10-15,0.27,0.23901690047049992,20,212
3071,153220150,2018-05-08,3.08,1.4060969884160703,45,133
3072,153220150,2018-05-10,3.34,1.4678743481123135,45,125
3073,153220150,2018-05-30,4.18,1.6448050562713916,45,131
3074,153220150,2018-06-04,8.94,2.2965670206684825,45,137
3075,153220150,2018-06-07,8.94,2.2965670206684825,45,128
3076,153220150,2018-06-09,8.72,2.2741856184723477,45,129
3077,153220150,2018-07-09,2.46,1.2412685890696329,45,135
3078,153220150,2018-07-22,1.44,0.8919980393051105,45,132
3079,153220150,2018-07-24,1.44,0.8919980393051105,45,130
3080,153220150,2018-08-01,1.42,0.8837675401685949,45,126
3081,153220150,2018-08-08,0.94,0.6626879730752367,45,134
3082,153220150,2018-08-23,0.62,0.4824261492442927,45,123
3083,153220150,2018-09-10,0.57,0.4510756193602167,45,124
3084,153220150,2018-09-20,0.78,0.5766133643039938,45,127
3085,153220150,2018-10-12,1.09,0.7371640659767197,45,122
3086,153220150,2018-10-15,1.01,0.6981347220709844,45,136
3087,150160040,2018-05-21,0.42,0.35065687161316933,32,57
3088,150160040,2018-05-31,0.88,0.6312717768418579,32,56
3089,150160040,2018-08-09,0.16,0.14842000511827327,32,59
3090,150160040,2018-10-13,0.03,0.0295588022415444,32,58
3091,150160040,2018-11-17,0.031,0.030529205034822874,32,55
3092,151190010,2018-05-03,5.5,1.8718021769015913,24,121
3093,151190010,2018-05-08,5.03,1.7967470107390942,24,119
3094,151190010,2018-05-13,5.77,1.9125010869241836,24,116
3095,151190010,2018-06-07,6.8,2.0541237336955462,24,114
3096,151190010,2018-07-07,3.86,1.5810384379124023,24,115
3097,151190010,2018-08-01,3.32,1.463255402256019,24,117
3098,151190010,2018-09-10,2.02,1.1052568313867783,24,122
3099,151190010,2018-09-20,5.86,1.925707441737794,24,120
3100,151190010,2018-10-05,3.07,1.4036429994545037,24,118
3101,151190010,2018-10-15,2.43,1.2325602611778486,24,113
3102,153220230,2018-05-30,0.32,0.2776317365982795,44,235
3103,153220230,2018-06-09,1.05,0.7178397931503169,44,237
3104,153220230,2018-07-09,0.36,0.3074846997479606,44,238
3105,153220230,2018-07-19,0.24,0.2151113796169455,44,241
3106,153220230,2018-08-08,0.1,0.09531017980432487,44,239
3107,153220230,2018-08-23,0.07,0.06765864847381481,44,240
3108,153220230,2018-10-12,0.26,0.23111172096338664,44,234
3109,153220230,2018-10-17,0.21,0.1906203596086497,44,242
3110,153150030,2018-05-04,0.5,0.4054651081081644,29,129
3111,153150030,2018-05-09,0.73,0.5481214085096876,29,126
3112,153150030,2018-05-19,0.81,0.5933268452777344,29,125
3113,153150030,2018-05-24,0.82,0.598836501088704,29,128
3114,153150030,2018-05-29,0.9,0.6418538861723948,29,120
3115,153150030,2018-06-08,0.89,0.636576829071551,29,122
3116,153150030,2018-08-07,0.13,0.12221763272424921,29,124
3117,153150030,2018-08-17,0.12,0.11332868530700317,29,127
3118,153150030,2018-08-22,0.18,0.16551443847757338,29,123
3119,153150030,2018-10-06,0.08,0.07696104113612832,29,131
3120,153150030,2018-10-11,0.07,0.06765864847381481,29,130
3121,153150030,2018-10-31,0.06,0.058268908123975775,29,121
3122,153190130,2018-05-06,5.97,1.9416152247724325,49,240
3123,153190130,2018-05-08,6.19,1.9726911717329554,49,239
3124,153190130,2018-05-11,5.89,1.9300710850255671,49,230
3125,153190130,2018-05-13,6.14,1.965712776351493,49,234
3126,153190130,2018-06-07,5.39,1.8547342683894434,49,238
3127,153190130,2018-06-10,5.27,1.8357763546448291,49,231
3128,153190130,2018-06-20,4.98,1.7884205679625405,49,233
3129,153190130,2018-07-05,4.56,1.715598108262491,49,236
3130,153190130,2018-08-04,3.51,1.5062971535145868,49,235
3131,153190130,2018-08-09,3.15,1.423108334242607,49,232
3132,153190130,2018-09-10,2.57,1.2725655957915476,49,237
3133,153190130,2018-10-13,3.15,1.423108334242607,49,242
3134,153190130,2018-10-15,3.04,1.3962446919730587,49,241
3135,150210090,2018-05-30,9.54,2.355177543113216,40,190
3136,150210090,2018-08-03,3.96,1.601405740736836,40,192
3137,150210090,2018-08-08,2.42,1.2296405510745139,40,191
3138,150210090,2018-08-13,2.47,1.244154593958768,40,195
3139,150210090,2018-08-23,2.28,1.1878434223960523,40,193
3140,150210090,2018-09-02,2.46,1.2412685890696329,40,194
3141,150210090,2018-10-12,3.11,1.4134230285081433,40,189
3142,151180030,2018-05-03,0.65,0.5007752879124893,25,122
3143,151180030,2018-05-06,0.74,0.5538851132264376,25,118
3144,151180030,2018-05-08,0.84,0.6097655716208943,25,120
3145,151180030,2018-05-13,1.23,0.8020015854720274,25,117
3146,151180030,2018-06-07,1.28,0.8241754429663495,25,116
3147,151180030,2018-07-05,0.39,0.3293037471426004,25,119
3148,151180030,2018-07-07,0.36,0.3074846997479606,25,115
3149,151180030,2018-08-01,0.35,0.30010459245033805,25,114
3150,151180030,2018-08-09,0.3,0.26236426446749106,25,121
3151,151180030,2018-08-29,0.23,0.20701416938432615,25,123
3152,151180030,2018-09-20,0.27,0.23901690047049992,25,124
3153,151180030,2018-09-28,0.21,0.1906203596086497,25,127
3154,151180030,2018-10-05,0.17,0.15700374880966475,25,125
3155,151180030,2018-10-13,0.13,0.12221763272424921,25,126
3156,151180030,2018-10-15,0.13,0.12221763272424921,25,112
3157,151180030,2018-11-17,0.18,0.16551443847757338,25,113
3158,150190210,2018-05-03,0.14,0.1310282624064041,34,75
3159,150190210,2018-05-05,0.14,0.1310282624064041,34,71
3160,150190210,2018-05-13,0.31,0.27002713721306015,34,73
3161,150190210,2018-06-07,0.19,0.173953307123438,34,70
3162,150190210,2018-08-01,0.024,0.023716526617316044,34,80
3163,150190210,2018-08-13,0.06,0.058268908123975775,34,72
3164,150190210,2018-08-23,0.008,0.007968169649176874,34,76
3165,150190210,2018-09-12,0.006,0.005982071677547464,34,74
3166,150190210,2018-09-20,0.57,0.4510756193602167,34,77
3167,150190210,2018-10-05,0.008,0.007968169649176874,34,78
3168,150190210,2018-10-10,0.007,0.006975613736425242,34,79
3169,150190210,2018-10-12,0.007,0.006975613736425242,34,66
3170,150190210,2018-10-15,0.006,0.005982071677547464,34,67
3171,150190210,2018-11-06,0.007,0.006975613736425242,34,68
3172,150190210,2018-11-11,0.006,0.005982071677547464,34,69
3173,152190050,2018-05-06,0.65,0.5007752879124893,48,200
3174,152190050,2018-05-08,0.9,0.6418538861723948,48,198
3175,152190050,2018-05-11,1.25,0.8109302162163288,48,201
3176,152190050,2018-05-13,1.55,0.9360933591703348,48,199
3177,152190050,2018-06-07,1.38,0.8671004876833832,48,194
3178,152190050,2018-07-05,3.6,1.5260563034950494,48,195
3179,152190050,2018-07-07,1.21,0.7929925155296614,48,190
3180,152190050,2018-08-01,0.73,0.5481214085096876,48,196
3181,152190050,2018-08-04,0.69,0.5247285289349821,48,197
3182,152190050,2018-09-10,0.54,0.43178241642553783,48,202
3183,152190050,2018-10-10,0.67,0.5128236264286637,48,192
3184,152190050,2018-10-13,0.78,0.5766133643039938,48,193
3185,152190050,2018-10-15,0.78,0.5766133643039938,48,189
3186,152190050,2018-11-17,0.62,0.4824261492442927,48,191
3187,153180130,2018-05-06,2.41,1.2267122912954256,51,136
3188,153180130,2018-05-13,3.17,1.4279160358107101,51,138
3189,153180130,2018-06-07,2.69,1.3056264580524357,51,137
3190,153180130,2018-06-20,2.3,1.1939224684724346,51,135
3191,153180130,2018-10-15,0.57,0.4510756193602167,51,134
3192,154170040,2018-05-04,0.53,0.4252677354043441,30,63
3193,154170040,2018-05-09,0.66,0.5068176023684519,30,47
3194,154170040,2018-05-14,1.3,0.832909122935104,30,53
3195,154170040,2018-05-19,0.88,0.6312717768418579,30,54
3196,154170040,2018-05-21,0.79,0.5822156198526637,30,64
3197,154170040,2018-05-24,0.74,0.5538851132264376,30,61
3198,154170040,2018-05-29,0.83,0.6043159668533296,30,45
3199,154170040,2018-05-31,0.81,0.5933268452777344,30,65
3200,154170040,2018-06-03,0.99,0.688134638736401,30,55
3201,154170040,2018-06-05,0.94,0.6626879730752367,30,60
3202,154170040,2018-06-08,0.83,0.6043159668533296,30,52
3203,154170040,2018-06-10,0.83,0.6043159668533296,30,51
3204,154170040,2018-06-20,0.72,0.5423242908253616,30,44
3205,154170040,2018-06-28,0.6,0.4700036292457356,30,43
3206,154170040,2018-07-05,0.58,0.4574248470388754,30,58
3207,154170040,2018-07-15,0.42,0.35065687161316933,30,57
3208,154170040,2018-07-20,0.37,0.31481073984003355,30,59
3209,154170040,2018-07-25,0.34,0.29266961396282,30,49
3210,154170040,2018-07-30,0.45,0.37156355643248307,30,56
3211,154170040,2018-08-04,0.38,0.32208349916911333,30,38
3212,154170040,2018-08-09,0.35,0.30010459245033805,30,42
3213,154170040,2018-08-22,0.33,0.2851789422336624,30,50
3214,154170040,2018-10-06,0.38,0.32208349916911333,30,48
3215,154170040,2018-10-11,0.35,0.30010459245033805,30,39
3216,154170040,2018-10-13,0.34,0.29266961396282,30,46
3217,154170040,2018-10-18,0.31,0.27002713721306015,30,62
3218,154170040,2018-10-31,0.37,0.31481073984003355,30,40
3219,154170040,2018-11-07,0.37,0.31481073984003355,30,41
3220,150160230,2018-05-13,3.31,1.4609379041156565,19,238
3221,150160230,2018-06-07,3.22,1.4398351280479205,19,236
3222,150160230,2018-07-05,1.79,1.0260415958332743,19,239
3223,150160230,2018-08-09,2.48,1.247032293786383,19,241
3224,150160230,2018-09-20,3.05,1.3987168811184478,19,244
3225,150160230,2018-09-28,2.25,1.1786549963416462,19,234
3226,150160230,2018-09-30,1.83,1.0402767116551463,19,242
3227,150160230,2018-10-05,1.52,0.924258901523332,19,243
3228,150160230,2018-10-10,1.35,0.8544153281560676,19,237
3229,150160230,2018-10-13,1.26,0.8153648132841945,19,240
3230,150160230,2018-10-15,1.24,0.8064758658669485,19,235
3231,150180070,2018-05-06,4.0,1.6094379124341003,19,18
3232,150180070,2018-09-28,3.2,1.4350845252893227,19,15
3233,150180070,2018-10-10,3.21,1.43746264769429,19,19
3234,150180070,2018-10-15,3.35,1.4701758451005928,19,16
3235,150180070,2018-11-17,3.39,1.47932922708708,19,17
3236,151210030,2018-05-03,1.29,0.8285518175661483,42,150
3237,151210030,2018-05-08,1.54,0.9321640810304452,42,155
3238,151210030,2018-05-13,1.97,1.0885619528146082,42,146
3239,151210030,2018-05-30,2.86,1.3506671834767394,42,145
3240,151210030,2018-06-04,2.93,1.3686394258811698,42,148
3241,151210030,2018-06-07,2.21,1.1662709371419244,42,141
3242,151210030,2018-06-09,2.04,1.1118575154181303,42,143
3243,151210030,2018-06-29,1.42,0.8837675401685949,42,144
3244,151210030,2018-07-07,0.98,0.6830968447064438,42,140
3245,151210030,2018-07-24,1.34,0.8501509293696101,42,142
3246,151210030,2018-08-08,1.02,0.7030975114131134,42,137
3247,151210030,2018-08-13,0.86,0.6205764877251099,42,156
3248,151210030,2018-08-23,0.93,0.6575200029167942,42,147
3249,151210030,2018-09-02,0.9,0.6418538861723948,42,153
3250,151210030,2018-09-10,0.9,0.6418538861723948,42,151
3251,151210030,2018-09-20,2.71,1.3110318766193438,42,154
3252,149220060,2018-05-02,23.9,3.214867803470662,38,115
3253,149220060,2018-05-07,24.8,3.250374491927572,38,113
3254,149220060,2018-05-12,49.2,3.9160150266976834,38,109
3255,149220060,2018-05-30,57.9,4.075841090657541,38,111
3256,149220060,2018-06-06,45.5,3.839452312593311,38,110
3257,149220060,2018-08-13,10.5,2.4423470353692043,38,114
3258,149220060,2018-08-20,10.7,2.4595888418037104,38,112
3259,149220060,2018-08-30,53.4,3.996364153861897,38,117
3260,149220060,2018-09-19,32.8,3.520460802488973,38,116
3261,149220060,2018-10-09,14.2,2.7212954278522306,38,107
3262,149220060,2018-10-12,14.2,2.7212954278522306,38,106
3263,149220060,2018-10-14,13.4,2.667228206581955,38,105
3264,149220060,2018-10-17,13.4,2.667228206581955,38,108
3265,151150060,2018-05-06,2.0,1.0986122886681096,22,239
3266,151150060,2018-05-21,1.5,0.9162907318741551,22,236
3267,151150060,2018-05-31,1.0,0.6931471805599453,22,231
3268,151150060,2018-07-03,1.4,0.8754687373538999,22,233
3269,151150060,2018-08-07,0.8,0.5877866649021191,22,232
3270,151150060,2018-08-17,0.8,0.5877866649021191,22,240
3271,151150060,2018-08-27,0.8,0.5877866649021191,22,234
3272,151150060,2018-08-29,2.0,1.0986122886681096,22,237
3273,151150060,2018-10-11,0.9,0.6418538861723948,22,229
3274,151150060,2018-10-13,0.9,0.6418538861723948,22,235
3275,151150060,2018-10-16,0.8,0.5877866649021191,22,238
3276,151150060,2018-10-31,0.9,0.6418538861723948,22,230
3277,150220090,2018-05-02,50.4,3.9396381724611196,38,152
3278,150220090,2018-05-12,256.0,5.54907608489522,38,149
3279,150220090,2018-05-27,144.0,4.976733742420574,38,148
3280,150220090,2018-05-30,145.0,4.983606621708336,38,153
3281,150220090,2018-06-01,172.0,5.153291594497779,38,147
3282,150220090,2018-06-06,160.0,5.081404364984463,38,155
3283,150220090,2018-07-04,53.8,4.00369019395397,38,158
3284,150220090,2018-08-03,26.5,3.3141860046725258,38,154
3285,150220090,2018-08-13,28.7,3.391147045808654,38,150
3286,150220090,2018-08-20,32.4,3.5085558999826545,38,151
3287,150220090,2018-08-23,31.4,3.4781584227982836,38,157
3288,150220090,2018-08-30,50.3,3.937690752176724,38,159
3289,150220090,2018-09-02,79.3,4.385769620952716,38,156
3290,150220090,2018-10-12,39.8,3.708682081410116,38,144
3291,150220090,2018-10-14,43.5,3.7954891891721947,38,145
3292,150220090,2018-10-17,47.4,3.8794998137225862,38,160
3293,150220090,2018-11-08,29.8,3.427514689979529,38,146
3294,154170160,2018-05-29,6.85,2.060513531794317,31,197
3295,154170160,2018-10-11,3.66,1.5390154481375546,31,194
3296,154170160,2018-10-13,3.58,1.5216989981260935,31,198
3297,154170160,2018-10-31,3.43,1.4883995840570443,31,195
3298,154170160,2018-11-07,3.41,1.4838746894587547,31,196
3299,150190200,2018-05-03,1.18,0.7793248768009976,23,207
3300,150190200,2018-05-13,1.92,1.0715836162801904,23,202
3301,150190200,2018-06-07,1.35,0.8544153281560676,23,200
3302,150190200,2018-07-07,0.75,0.5596157879354227,23,205
3303,150190200,2018-08-01,0.86,0.6205764877251099,23,201
3304,150190200,2018-09-10,0.63,0.48858001481867097,23,206
3305,150190200,2018-09-20,2.96,1.3762440252663892,23,208
3306,150190200,2018-10-05,0.69,0.5247285289349821,23,204
3307,150190200,2018-10-10,0.65,0.5007752879124893,23,203
3308,150190200,2018-10-15,0.64,0.49469624183610705,23,199
3309,153190150,2018-05-13,4.05,1.6193882432872684,49,229
3310,153190150,2018-06-07,3.72,1.551808799597464,49,226
3311,153190150,2018-06-10,3.7,1.547562508716013,49,224
3312,153190150,2018-06-20,3.53,1.5107219394949427,49,222
3313,153190150,2018-07-05,3.29,1.4562867329399256,49,227
3314,153190150,2018-08-04,2.21,1.1662709371419244,49,228
3315,153190150,2018-10-13,1.94,1.0784095813505903,49,225
3316,153190150,2018-10-15,1.93,1.0750024230289759,49,223
3317,152190040,2018-06-07,1.02,0.7030975114131134,49,122
3318,152190040,2018-10-15,0.27,0.23901690047049992,49,121
3319,153190020,2018-05-06,3.02,1.3912819026309298,50,225
3320,153190020,2018-05-08,2.93,1.3686394258811698,50,222
3321,153190020,2018-05-11,2.84,1.3454723665996355,50,224
3322,153190020,2018-05-13,2.93,1.3686394258811698,50,230
3323,153190020,2018-05-31,2.65,1.2947271675944,50,228
3324,153190020,2018-06-07,2.75,1.3217558399823195,50,229
3325,153190020,2018-06-20,2.47,1.244154593958768,50,227
3326,153190020,2018-07-05,2.12,1.1378330018213911,50,219
3327,153190020,2018-07-07,2.12,1.1378330018213911,50,232
3328,153190020,2018-07-15,1.69,0.9895411936137477,50,233
3329,153190020,2018-08-01,0.94,0.6626879730752367,50,220
3330,153190020,2018-08-04,0.86,0.6205764877251099,50,221
3331,153190020,2018-08-09,0.7,0.5306282510621704,50,226
3332,153190020,2018-09-03,0.48,0.3920420877760237,50,231
3333,153190020,2018-09-10,0.41,0.3435897043900769,50,223
3334,153190020,2018-10-13,0.48,0.3920420877760237,50,234
3335,153190020,2018-10-15,0.46,0.3784364357202451,50,218
3336,150160070,2018-05-06,2.6,1.2809338454620645,20,151
3337,150160070,2018-05-31,0.3,0.26236426446749106,20,150
3338,150160070,2018-08-29,0.31,0.27002713721306015,20,148
3339,150160070,2018-10-13,0.26,0.23111172096338664,20,149
3340,150160070,2018-10-18,0.26,0.23111172096338664,20,152
3341,151220090,2018-05-12,23.3,3.190476350346503,41,131
3342,151220090,2018-05-27,26.2,3.3032169733019514,41,123
3343,151220090,2018-05-30,29.5,3.417726683613366,41,124
3344,151220090,2018-06-01,32.3,3.505557396986398,41,122
3345,151220090,2018-06-06,39.4,3.6988297849671046,41,125
3346,151220090,2018-06-09,36.4,3.6216707044204863,41,121
3347,151220090,2018-07-06,17.3,2.9069010598473755,41,127
3348,151220090,2018-08-08,12.8,2.624668592163159,41,120
3349,151220090,2018-08-13,13.9,2.7013612129514133,41,128
3350,151220090,2018-08-20,13.6,2.681021528714291,41,129
3351,151220090,2018-08-23,13.2,2.653241964607215,41,126
3352,151220090,2018-08-30,14.0,2.70805020110221,41,130
3353,151220090,2018-10-12,12.2,2.580216829592325,41,117
3354,151220090,2018-10-14,12.5,2.6026896854443837,41,118
3355,151220090,2018-11-08,12.5,2.6026896854443837,41,119
3356,152200100,2018-05-05,1.5,0.9162907318741551,48,122
3357,152200100,2018-05-08,1.56,0.9400072584914712,48,131
3358,152200100,2018-05-10,2.39,1.220829921392359,48,132
3359,152200100,2018-05-13,2.98,1.3812818192963463,48,128
3360,152200100,2018-05-30,3.53,1.5107219394949427,48,129
3361,152200100,2018-06-04,5.18,1.8213182714695995,48,123
3362,152200100,2018-06-07,3.53,1.5107219394949427,48,124
3363,152200100,2018-06-29,1.23,0.8020015854720274,48,130
3364,152200100,2018-07-07,0.98,0.6830968447064438,48,125
3365,152200100,2018-07-09,0.92,0.6523251860396903,48,138
3366,152200100,2018-08-01,0.98,0.6830968447064438,48,133
3367,152200100,2018-08-08,0.71,0.5364933705145685,48,126
3368,152200100,2018-08-13,0.62,0.4824261492442927,48,135
3369,152200100,2018-08-23,0.61,0.4762341789963716,48,134
3370,152200100,2018-09-07,0.68,0.5187937934151676,48,139
3371,152200100,2018-09-10,0.63,0.48858001481867097,48,137
3372,152200100,2018-09-12,0.66,0.5068176023684519,48,136
3373,152200100,2018-09-20,2.22,1.169381359556317,48,141
3374,152200100,2018-10-12,0.82,0.598836501088704,48,140
3375,152200100,2018-10-15,0.78,0.5766133643039938,48,142
3376,152200100,2018-11-06,0.75,0.5596157879354227,48,127
3377,151150190,2018-05-04,0.63,0.48858001481867097,21,193
3378,151150190,2018-05-06,0.64,0.49469624183610705,21,185
3379,151150190,2018-05-21,0.66,0.5068176023684519,21,190
3380,151150190,2018-05-26,0.67,0.5128236264286637,21,188
3381,151150190,2018-05-29,0.7,0.5306282510621704,21,180
3382,151150190,2018-05-31,0.88,0.6312717768418579,21,194
3383,151150190,2018-07-03,0.91,0.6471032420585385,21,176
3384,151150190,2018-07-15,0.28,0.2468600779315258,21,177
3385,151150190,2018-07-20,0.31,0.27002713721306015,21,182
3386,151150190,2018-08-04,0.3,0.26236426446749106,21,181
3387,151150190,2018-08-07,0.21,0.1906203596086497,21,175
3388,151150190,2018-08-09,0.18,0.16551443847757338,21,178
3389,151150190,2018-08-17,0.12,0.11332868530700317,21,184
3390,151150190,2018-08-27,0.12,0.11332868530700317,21,179
3391,151150190,2018-08-29,0.14,0.1310282624064041,21,191
3392,151150190,2018-09-03,0.14,0.1310282624064041,21,189
3393,151150190,2018-10-11,0.09,0.08617769624105233,21,183
3394,151150190,2018-10-13,0.08,0.07696104113612832,21,186
3395,151150190,2018-10-16,0.07,0.06765864847381481,21,192
3396,151150190,2018-10-18,0.06,0.058268908123975775,21,196
3397,151150190,2018-10-31,0.041,0.04018178963283183,21,187
3398,151150190,2018-11-07,0.036,0.035367143837291316,21,195
3399,149190370,2018-05-10,0.73,0.5481214085096876,35,246
3400,149190370,2018-05-13,0.92,0.6523251860396903,35,240
3401,149190370,2018-06-07,0.3,0.26236426446749106,35,238
3402,149190370,2018-08-03,0.24,0.2151113796169455,35,239
3403,149190370,2018-08-13,0.2,0.18232155679395462,35,241
3404,149190370,2018-08-23,0.3,0.26236426446749106,35,242
3405,149190370,2018-09-07,0.15,0.13976194237515868,35,247
3406,149190370,2018-09-20,3.6,1.5260563034950494,35,248
3407,149190370,2018-10-05,2.04,1.1118575154181303,35,249
3408,149190370,2018-10-10,0.31,0.27002713721306015,35,245
3409,149190370,2018-10-12,0.65,0.5007752879124893,35,244
3410,149190370,2018-10-15,0.21,0.1906203596086497,35,243
3411,151220070,2018-10-12,1.69,0.9895411936137477,41,242
3412,151220070,2018-10-14,1.76,1.0152306797290587,41,243
3413,151220070,2018-10-17,1.76,1.0152306797290587,41,245
3414,151220070,2018-11-08,1.84,1.0438040521731147,41,244
3415,149190360,2018-05-13,1.73,1.0043016091968684,36,139
3416,149190390,2018-05-13,5.26,1.8341801851120072,36,151
3417,149190360,2018-08-03,0.64,0.49469624183610705,36,140
3418,149190390,2018-08-03,1.53,0.9282193027394289,36,152
3419,149190360,2018-08-23,0.55,0.4382549309311553,36,141
3420,149190390,2018-08-23,0.94,0.6626879730752367,36,153
3421,149190360,2018-08-28,3.6,1.5260563034950494,36,144
3422,149190390,2018-08-28,15.3,2.791165107812717,36,158
3423,149190360,2018-09-20,19.4,3.0155349008501706,36,143
3424,149190390,2018-09-20,21.7,3.122364924487357,36,154
3425,149190360,2018-09-30,0.97,0.6780335427498971,36,145
3426,149190390,2018-09-30,1.73,1.0043016091968684,36,155
3427,149190360,2018-10-05,0.97,0.6780335427498971,36,146
3428,149190390,2018-10-05,1.47,0.9042181506398859,36,157
3429,149190360,2018-10-10,1.02,0.7030975114131134,36,142
3430,149190390,2018-10-10,0.92,0.6523251860396903,36,150
3431,149190360,2018-10-12,1.12,0.7514160886839212,36,136
3432,149190390,2018-10-12,1.27,0.8197798314933114,36,147
3433,149190360,2018-10-15,1.63,0.9669838461896731,36,137
3434,149190390,2018-10-15,8.25,2.224623551524334,36,148
3435,149190390,2018-10-17,2.27,1.184789984909162,36,156
3436,149190360,2018-11-06,0.39,0.3293037471426004,36,138
3437,149190390,2018-11-06,1.02,0.7030975114131134,36,149
3438,149200270,2018-08-23,0.75,0.5596157879354227,37,7
3439,149200270,2018-08-28,2.68,1.3029127521808397,37,8
3440,149200270,2018-10-12,0.3,0.26236426446749106,37,5
3441,149200270,2018-10-17,0.6,0.4700036292457356,37,9
3442,149200270,2018-11-06,0.24,0.2151113796169455,37,6
3443,149210040,2018-05-30,39.3,3.696351468952637,37,244
3444,149210040,2018-08-13,10.6,2.451005098112319,37,245
3445,149210040,2018-10-12,24.5,3.2386784521643803,37,246
3446,150190130,2018-05-13,1.77,1.0188473201992472,34,42
3447,150190130,2018-06-07,2.04,1.1118575154181303,34,41
3448,150190130,2018-07-29,0.93,0.6575200029167942,34,46
3449,150190130,2018-08-13,0.92,0.6523251860396903,34,40
3450,150190130,2018-08-23,0.86,0.6205764877251099,34,48
3451,150190130,2018-09-10,0.95,0.6678293725756554,34,47
3452,150190130,2018-09-12,0.95,0.6678293725756554,34,43
3453,150190130,2018-09-20,1.71,0.9969486348916095,34,45
3454,150190130,2018-10-05,0.8,0.5877866649021191,34,44
3455,150190130,2018-10-10,0.88,0.6312717768418579,34,39
3456,150190130,2018-10-12,0.92,0.6523251860396903,34,37
3457,150190130,2018-10-15,1.03,0.708035793053696,34,36
3458,150190130,2018-11-06,0.8,0.5877866649021191,34,38
3459,151190030,2018-07-07,1.22,0.7975071958841881,24,176
3460,151190030,2018-10-10,0.9,0.6418538861723948,24,177
3461,151190030,2018-10-15,0.83,0.6043159668533296,24,175
3462,149180030,2018-05-03,5.52,1.8748743759385615,18,175
3463,149180030,2018-05-13,14.3,2.72785282839839,18,174
3464,149180030,2018-06-07,6.81,2.0554049638515943,18,173
3465,149180030,2018-09-10,3.0,1.3862943611198906,18,176
3466,149180030,2018-09-20,71.2,4.279440045898781,18,178
3467,149180030,2018-10-05,2.67,1.3001916620664788,18,177
3468,149180030,2018-10-15,2.43,1.2325602611778486,18,172
3469,150160090,2018-10-13,0.63,0.48858001481867097,20,188
3470,151170040,2018-05-06,2.5,1.252762968495368,21,92
3471,151170040,2018-05-08,2.62,1.2864740258376797,21,91
3472,151170040,2018-05-13,5.21,1.8261608959453874,21,89
3473,151170040,2018-05-23,7.99,2.196112848483529,21,94
3474,151170040,2018-05-26,9.59,2.359910159613315,21,93
3475,151170040,2018-05-31,8.82,2.2844211223663744,21,101
3476,151170040,2018-06-07,8.5,2.2512917986064953,21,88
3477,151170040,2018-07-07,1.11,0.7466879474879752,21,87
3478,151170040,2018-07-15,0.95,0.6678293725756554,21,95
3479,151170040,2018-07-20,1.53,0.9282193027394289,21,96
3480,151170040,2018-08-01,0.96,0.6729444732424258,21,90
3481,151170040,2018-08-29,0.85,0.6151856390902335,21,98
3482,151170040,2018-09-20,1.4,0.8754687373538999,21,100
3483,151170040,2018-09-30,1.15,0.7654678421395714,21,97
3484,151170040,2018-10-13,0.72,0.5423242908253616,21,99
3485,151170040,2018-10-15,0.71,0.5364933705145685,21,85
3486,151170040,2018-11-07,1.22,0.7975071958841881,21,86
3487,149190140,2018-05-13,0.95,0.6678293725756554,35,10
3488,149190140,2018-06-07,0.49,0.3987761199573678,35,7
3489,149190140,2018-07-04,0.34,0.29266961396282,35,9
3490,149190140,2018-08-03,0.52,0.41871033485818504,35,8
3491,149190140,2018-08-13,0.24,0.2151113796169455,35,11
3492,149190140,2018-08-23,0.27,0.23901690047049992,35,12
3493,149190140,2018-09-07,0.26,0.23111172096338664,35,17
3494,149190140,2018-09-10,0.26,0.23111172096338664,35,16
3495,149190140,2018-09-12,0.24,0.2151113796169455,35,13
3496,149190140,2018-09-20,2.46,1.2412685890696329,35,14
3497,149190140,2018-10-05,0.58,0.4574248470388754,35,18
3498,149190140,2018-10-10,0.42,0.35065687161316933,35,15
3499,149190140,2018-10-12,0.64,0.49469624183610705,35,4
3500,149190140,2018-10-15,0.43,0.3576744442718159,35,5
3501,149190140,2018-11-06,0.51,0.412109650826833,35,6
3502,153150080,2018-05-04,3.63,1.5325568680981427,29,83
3503,153150080,2018-05-06,4.54,1.7119945007591926,29,72
3504,153150080,2018-05-14,8.9,2.2925347571405443,29,82
3505,153150080,2018-05-19,6.18,1.9712993830601329,29,81
3506,153150080,2018-05-21,5.71,1.9035989509835904,29,78
3507,153150080,2018-05-24,5.71,1.9035989509835904,29,79
3508,153150080,2018-05-29,5.7,1.9021075263969205,29,71
3509,153150080,2018-06-03,6.34,1.9933388426264242,29,70
3510,153150080,2018-06-08,5.65,1.8946168546677629,29,73
3511,153150080,2018-06-20,5.3,1.840549633397487,29,74
3512,153150080,2018-07-05,4.53,1.7101878155342436,29,75
3513,153150080,2018-08-07,2.19,1.1600209167967532,29,76
3514,153150080,2018-08-22,2.11,1.1346227261911428,29,80
3515,153150080,2018-09-08,2.08,1.1249295969854831,29,67
3516,153150080,2018-10-11,1.69,0.9895411936137477,29,77
3517,153150080,2018-10-13,1.75,1.0116009116784799,29,84
3518,153150080,2018-10-31,1.74,1.007957920399979,29,68
3519,153150080,2018-11-07,1.78,1.0224509277025458,29,69
3520,152210120,2018-05-03,5.36,1.8500283773520307,48,42
3521,152210120,2018-05-08,6.1,1.9600947840472698,48,33
3522,152210120,2018-05-10,7.2,2.1041341542702074,48,36
3523,152210120,2018-05-23,9.1,2.312535423847214,48,37
3524,152210120,2018-05-30,10.8,2.468099531471619,48,34
3525,152210120,2018-06-04,32.4,3.5085558999826545,48,35
3526,152210120,2018-06-07,39.2,3.6938669956249752,48,28
3527,152210120,2018-06-09,30.5,3.449987545831587,48,30
3528,152210120,2018-06-29,5.6,1.8870696490323797,48,43
3529,152210120,2018-07-07,4.13,1.635105659182678,48,29
3530,152210120,2018-07-09,3.99,1.6074359097634274,48,46
3531,152210120,2018-07-24,3.94,1.597365331199831,48,32
3532,152210120,2018-08-01,3.37,1.4747630091074988,48,39
3533,152210120,2018-08-08,2.81,1.3376291891386096,48,31
3534,152210120,2018-08-23,2.19,1.1600209167967532,48,38
3535,152210120,2018-09-10,2.13,1.1410330045520618,48,41
3536,152210120,2018-09-12,2.11,1.1346227261911428,48,40
3537,152210120,2018-09-20,3.69,1.545432582458188,48,45
3538,152210120,2018-10-12,3.59,1.5238800240724537,48,27
3539,152210120,2018-10-15,3.83,1.5748464676644813,48,44
3540,152210120,2018-10-17,3.41,1.4838746894587547,48,47
3541,149190070,2018-05-13,1.21,0.7929925155296614,34,248
3542,149190070,2018-06-07,0.55,0.4382549309311553,34,245
3543,149190070,2018-07-04,0.32,0.2776317365982795,34,249
3544,149190070,2018-08-03,2.56,1.269760544863939,34,244
3545,149190070,2018-08-13,0.58,0.4574248470388754,34,246
3546,149190070,2018-09-07,0.45,0.37156355643248307,35,0
3547,149190070,2018-09-12,0.38,0.32208349916911333,34,247
3548,149190070,2018-09-20,10.5,2.4423470353692043,35,1
3549,149190070,2018-10-05,1.11,0.7466879474879752,35,3
3550,149190070,2018-10-10,0.44,0.36464311358790924,35,2
3551,149190070,2018-10-12,0.43,0.3576744442718159,34,241
3552,149190070,2018-10-15,0.4,0.33647223662121295,34,242
3553,149190070,2018-11-06,0.95,0.6678293725756554,34,243
3554,150150090,2018-05-06,0.98,0.6830968447064438,22,129
3555,150150090,2018-05-21,0.96,0.6729444732424258,22,130
3556,150150090,2018-05-31,1.14,0.76080582903376,22,124
3557,150150090,2018-07-03,1.17,0.7747271675523681,22,126
3558,150150090,2018-07-20,0.98,0.6830968447064438,22,128
3559,150150090,2018-08-07,0.55,0.4382549309311553,22,125
3560,150150090,2018-08-27,0.68,0.5187937934151676,22,127
3561,150150090,2018-08-29,1.02,0.7030975114131134,22,132
3562,150150090,2018-10-11,0.43,0.3576744442718159,22,122
3563,150150090,2018-10-13,0.4,0.33647223662121295,22,131
3564,150150090,2018-10-16,0.41,0.3435897043900769,22,133
3565,150150090,2018-10-31,0.42,0.35065687161316933,22,123
3566,152199992,2018-08-08,3.56,1.5173226235262947,48,204
3567,152199992,2018-10-15,3.6,1.5260563034950494,48,205
3568,152199992,2018-11-06,3.45,1.4929040961781488,48,203
3569,151150090,2018-05-04,4.78,1.7544036826842861,23,4
3570,151150090,2018-05-06,5.85,1.9242486522741338,23,3
3571,154190170,2018-05-06,15.9,2.827313621929028,51,211
3572,154190170,2018-05-08,15.7,2.8154087194227095,51,213
3573,154190170,2018-05-11,23.9,3.214867803470662,51,214
3574,154190170,2018-05-13,26.1,3.299533727885655,51,207
3575,154190170,2018-05-21,15.4,2.797281334830153,51,220
3576,151150090,2018-05-29,6.04,1.951608170169951,23,9
3577,151150090,2018-05-31,6.39,2.0001277349601105,22,249
3578,154190170,2018-06-05,21.1,3.0955776085237074,51,218
3579,154190170,2018-06-07,19.2,3.005682604407159,51,208
3580,154190170,2018-06-10,16.7,2.8735646395797834,51,209
3581,154190170,2018-06-17,15.5,2.803360380906535,51,212
3582,154190170,2018-06-20,20.4,3.0633909220278057,51,215
3583,151150090,2018-07-03,4.52,1.7083778602890038,23,1
3584,154190170,2018-07-05,14.5,2.740840023925201,51,206
3585,154190170,2018-07-15,7.97,2.1938856760707046,51,216
3586,154190170,2018-08-04,5.82,1.9198594718553708,51,217
3587,151150090,2018-08-07,3.88,1.5851452198650557,23,0
3588,151150090,2018-08-09,3.9,1.589235205116581,23,2
3589,154190170,2018-08-09,5.39,1.8547342683894434,51,219
3590,151150090,2018-08-17,3.67,1.541159071680806,23,5
3591,151150090,2018-08-27,3.51,1.5062971535145868,23,6
3592,151150090,2018-08-29,3.42,1.4861396960896067,23,7
3593,154190170,2018-09-10,5.3,1.840549633397487,51,210
3594,151150090,2018-10-11,3.06,1.4011829736136412,23,8
3595,151150090,2018-10-13,2.83,1.3428648031925547,23,10
3596,154190170,2018-10-13,5.56,1.8809906029559977,51,222
3597,154190170,2018-10-15,6.2,1.9740810260220096,51,221
3598,151150090,2018-10-16,3.27,1.4516138272405332,23,11
3599,151150090,2018-10-18,2.68,1.3029127521808397,23,13
3600,151150090,2018-10-31,2.78,1.3297240096314962,23,12
3601,154170080,2018-05-06,5.28,1.8373699804801074,31,116
3602,154170080,2018-05-14,6.84,2.0592388343623163,31,115
3603,154170080,2018-05-19,5.45,1.864080130807681,31,112
3604,154170080,2018-05-24,5.32,1.843719208158766,31,109
3605,154170080,2018-05-29,5.19,1.8229350866965048,31,107
3606,154170080,2018-05-31,5.25,1.8325814637483102,31,110
3607,154170080,2018-06-03,5.84,1.922787731634459,31,108
3608,154170080,2018-06-05,5.69,1.900613874140137,31,111
3609,154170080,2018-06-08,5.3,1.840549633397487,31,114
3610,154170080,2018-06-10,5.27,1.8357763546448291,31,117
3611,154170080,2018-06-20,5.1,1.8082887711792655,31,113
3612,154170080,2018-06-28,5.07,1.803358605071407,31,123
3613,154170080,2018-07-15,4.42,1.6900958154515549,31,119
3614,154170080,2018-07-20,4.17,1.6428726885203377,31,118
3615,154170080,2018-07-30,3.89,1.5871923034867808,31,124
3616,154170080,2018-08-22,3.74,1.556037135706985,31,120
3617,154170080,2018-10-06,4.36,1.6789639750827106,31,121
3618,154170080,2018-10-11,4.44,1.6937790608678513,31,104
3619,154170080,2018-10-13,4.4,1.6863989535702286,31,122
3620,154170080,2018-10-31,3.09,1.4085449700547104,31,105
3621,154170080,2018-11-07,3.27,1.4516138272405332,31,106
3622,149200100,2018-05-13,0.71,0.5364933705145685,36,199
3623,149200100,2018-08-03,6.67,2.0373166153791646,36,200
3624,149200100,2018-09-20,25.1,3.261935314328648,36,204
3625,149200100,2018-09-30,4.49,1.7029282555214393,36,201
3626,149200100,2018-10-05,2.06,1.1184149159642893,36,202
3627,149200100,2018-10-12,2.55,1.2669476034873244,36,196
3628,149200100,2018-10-15,6.03,1.9501867058225737,36,197
3629,149200100,2018-10-17,4.83,1.763017000362401,36,203
3630,149200100,2018-11-06,5.9,1.9315214116032138,36,198
3631,152180100,2018-05-06,1.62,0.9631743177730056,26,97
3632,152180100,2018-05-08,1.56,0.9400072584914712,26,89
3633,152180100,2018-05-13,1.31,0.8372475245337022,26,90
3634,152180100,2018-05-23,1.08,0.7323678937132266,26,86
3635,152180100,2018-05-31,1.06,0.7227059828014898,26,91
3636,152180100,2018-06-07,1.07,0.7275486072772778,26,83
3637,152180100,2018-06-20,0.85,0.6151856390902335,26,96
3638,152180100,2018-07-05,0.41,0.3435897043900769,26,85
3639,152180100,2018-07-07,0.35,0.30010459245033805,26,84
3640,152180100,2018-07-20,0.27,0.23901690047049992,26,92
3641,152180100,2018-08-01,0.19,0.173953307123438,26,87
3642,152180100,2018-08-04,0.24,0.2151113796169455,26,88
3643,152180100,2018-09-10,0.09,0.08617769624105233,26,93
3644,152180100,2018-09-20,0.18,0.16551443847757338,26,94
3645,152180100,2018-10-13,0.13,0.12221763272424921,26,95
3646,152180100,2018-10-15,0.14,0.1310282624064041,26,82
3647,152140080,2018-05-04,1.4,0.8754687373538999,23,178
3648,152140080,2018-05-14,1.85,1.0473189942805592,23,181
3649,152140080,2018-05-29,1.7,0.9932517730102834,23,182
3650,152140080,2018-07-03,1.36,0.8586616190375187,23,185
3651,152140080,2018-07-23,0.88,0.6312717768418579,23,184
3652,152140080,2018-08-07,0.89,0.636576829071551,23,179
3653,152140080,2018-08-17,0.89,0.636576829071551,23,183
3654,152140080,2018-08-22,0.83,0.6043159668533296,23,180
3655,152140080,2018-10-11,0.38,0.32208349916911333,23,177
3656,152140080,2018-10-16,0.42,0.35065687161316933,23,186
3657,152210030,2018-05-30,7.9,2.186051276738094,46,227
3658,152210030,2018-06-04,14.5,2.740840023925201,46,226
3659,152210030,2018-06-07,13.3,2.6602595372658615,46,221
3660,152210030,2018-06-09,11.2,2.501435951739211,46,225
3661,152210030,2018-07-07,3.93,1.5953389880545987,46,222
3662,152210030,2018-07-09,3.43,1.4883995840570443,46,224
3663,152210030,2018-08-08,2.58,1.275362800412609,46,223
3664,152210030,2018-10-12,3.24,1.4445632692438664,46,219
3665,152210030,2018-10-15,3.53,1.5107219394949427,46,228
3666,152210030,2018-11-06,2.51,1.2556160374777745,46,220
3667,151160150,2018-05-06,82.7,4.4272389774954295,18,30
3668,151160150,2018-05-21,116.0,4.762173934797756,18,28
3669,151160150,2018-05-26,114.0,4.74493212836325,18,29
3670,151160150,2018-07-15,62.2,4.146304301152812,18,34
3671,151160150,2018-07-20,81.9,4.417635062141249,18,31
3672,151160150,2018-08-09,54.9,4.023564380161053,18,32
3673,151160150,2018-09-03,54.9,4.023564380161053,18,35
3674,151160150,2018-10-13,60.4,4.117409835153096,18,33
3675,152230070,2018-05-12,13.0,2.639057329615259,47,155
3676,152230070,2018-05-27,17.7,2.928523523860541,47,152
3677,152230070,2018-05-30,18.8,2.9856819377004897,47,157
3678,152230070,2018-06-01,21.9,3.131136910560194,47,150
3679,152230070,2018-06-06,54.3,4.012772908528289,47,156
3680,152230070,2018-06-09,43.2,3.7887247890836524,47,158
3681,152230070,2018-07-06,6.06,1.9544450515051506,47,153
3682,152230070,2018-08-08,3.04,1.3962446919730587,47,151
3683,152230070,2018-08-13,2.81,1.3376291891386096,47,160
3684,152230070,2018-08-20,2.5,1.252762968495368,47,159
3685,152230070,2018-08-23,2.32,1.199964782928397,47,154
3686,152230070,2018-10-12,2.67,1.3001916620664788,47,147
3687,152230070,2018-10-14,2.57,1.2725655957915476,47,148
3688,152230070,2018-11-08,2.32,1.199964782928397,47,149
3689,154220030,2018-05-08,2.83,1.3428648031925547,45,177
3690,154220030,2018-05-10,2.95,1.3737155789130306,45,179
3691,154220030,2018-05-30,2.82,1.3402504226184837,45,173
3692,154220030,2018-06-04,3.16,1.425515074273172,45,182
3693,154220030,2018-06-07,3.19,1.4327007339340463,45,178
3694,154220030,2018-06-09,3.19,1.4327007339340463,45,170
3695,154220030,2018-06-27,2.7,1.308332819650179,45,181
3696,154220030,2018-07-24,1.47,0.9042181506398859,45,172
3697,154220030,2018-08-08,0.84,0.6097655716208943,45,180
3698,154220030,2018-08-23,0.61,0.4762341789963716,45,174
3699,154220030,2018-09-10,0.49,0.3987761199573678,45,175
3700,154220030,2018-09-20,0.54,0.43178241642553783,45,176
3701,154220030,2018-10-12,0.6,0.4700036292457356,45,171
3702,152229999,2018-05-03,85.1,4.455509411433685,47,80
3703,152229999,2018-05-08,100.0,4.61512051684126,47,73
3704,152229999,2018-05-10,109.0,4.700480365792417,47,74
3705,152229999,2018-05-23,186.0,5.231108616854587,47,79
3706,152229999,2018-05-30,203.0,5.318119993844216,47,71
3707,152229999,2018-06-04,356.0,5.877735781779639,47,72
3708,152229999,2018-06-07,304.0,5.720311776607412,47,78
3709,152229999,2018-06-09,296.0,5.6937321388027,47,76
3710,152229999,2018-06-29,187.0,5.236441962829949,47,85
3711,152229999,2018-07-09,102.0,4.634728988229636,47,77
3712,152229999,2018-07-24,80.1,4.395682961121367,47,75
3713,152229999,2018-08-01,63.4,4.165113633110308,47,88
3714,152229999,2018-08-08,54.8,4.021773869387265,47,86
3715,152229999,2018-08-23,38.2,3.6686767467964168,47,81
3716,152229999,2018-09-12,43.4,3.793239469438179,47,82
3717,152229999,2018-09-20,56.2,4.046553898385752,47,84
3718,152229999,2018-10-12,64.4,4.180522258463153,47,70
3719,152229999,2018-10-15,66.3,4.209160236650682,47,83
3720,152229999,2018-10-17,60.5,4.119037174812473,47,87
3721,150230080,2018-05-12,3.33,1.4655675420143985,41,55
3722,150230080,2018-05-27,3.12,1.415853163361435,41,56
3723,150230080,2018-05-30,3.52,1.5085119938441398,41,52
3724,150230080,2018-06-01,3.96,1.601405740736836,41,51
3725,150230080,2018-06-06,4.2,1.6486586255873816,41,49
3726,150230080,2018-06-09,3.75,1.55814461804655,41,50
3727,150230080,2018-06-21,2.89,1.358409157630355,41,60
3728,150230080,2018-07-09,2.65,1.2947271675944,41,61
3729,150230080,2018-08-03,1.93,1.0750024230289759,41,54
3730,150230080,2018-08-08,1.84,1.0438040521731147,41,48
3731,150230080,2018-08-13,1.82,1.0367368849500223,41,53
3732,150230080,2018-08-20,1.79,1.0260415958332743,41,58
3733,150230080,2018-08-23,1.66,0.9783261227936076,41,57
3734,150230080,2018-09-02,1.68,0.9858167945227653,41,59
3735,150230080,2018-10-12,1.49,0.9122827104766162,41,45
3736,150230080,2018-10-14,1.44,0.8919980393051105,41,46
3737,150230080,2018-10-17,1.47,0.9042181506398859,41,62
3738,150230080,2018-11-08,1.41,0.8796267475025636,41,47
3739,150200050,2018-05-03,2.56,1.269760544863939,37,150
3740,151210020,2018-05-03,1.78,1.0224509277025458,40,169
3741,150200050,2018-05-05,2.52,1.2584609896100059,37,159
3742,151210020,2018-05-05,1.89,1.0612565021243408,40,165
3743,150200050,2018-05-10,2.66,1.297463147413275,37,152
3744,151210020,2018-05-10,3.69,1.545432582458188,40,161
3745,150200050,2018-05-13,2.89,1.358409157630355,37,148
3746,151210020,2018-05-13,4.04,1.6174060820832772,40,154
3747,150200050,2018-05-20,2.78,1.3297240096314962,37,154
3748,151210020,2018-05-20,3.38,1.4770487243883548,40,160
3749,150200050,2018-05-30,2.81,1.3376291891386096,37,151
3750,151210020,2018-05-30,6.82,2.05668455455722,40,157
3751,150200050,2018-06-07,2.56,1.269760544863939,37,147
3752,151210020,2018-06-07,2.78,1.3297240096314962,40,156
3753,151210020,2018-06-29,2.17,1.1537315878891892,40,163
3754,151210020,2018-07-04,1.55,0.9360933591703348,40,164
3755,151210020,2018-07-07,1.44,0.8919980393051105,40,155
3756,150200050,2018-07-24,1.8,1.0296194171811583,37,149
3757,151210020,2018-07-24,2.14,1.144222799920162,40,158
3758,150200050,2018-08-03,1.5,0.9162907318741551,37,153
3759,151210020,2018-08-08,1.37,0.8628899551470399,40,159
3760,150200050,2018-08-13,1.62,0.9631743177730056,37,155
3761,151210020,2018-08-13,1.22,0.7975071958841881,40,162
3762,151210020,2018-08-23,1.17,0.7747271675523681,40,168
3763,151210020,2018-09-02,1.65,0.9745596399981308,40,170
3764,150200050,2018-09-07,1.21,0.7929925155296614,37,164
3765,150200050,2018-09-10,1.21,0.7929925155296614,37,163
3766,150200050,2018-09-12,1.4,0.8754687373538999,37,156
3767,151210020,2018-09-12,1.19,0.7839015438284094,40,166
3768,150200050,2018-09-20,1.89,1.0612565021243408,37,160
3769,151210020,2018-09-20,5.84,1.922787731634459,40,172
3770,150200050,2018-10-05,1.36,0.8586616190375187,37,162
3771,151210020,2018-10-05,1.17,0.7747271675523681,40,171
3772,150200050,2018-10-10,1.22,0.7975071958841881,37,158
3773,151210020,2018-10-10,2.07,1.1216775615991057,40,151
3774,150200050,2018-10-12,1.32,0.8415671856782186,37,161
3775,151210020,2018-10-12,2.28,1.1878434223960523,40,152
3776,150200050,2018-10-15,1.27,0.8197798314933114,37,157
3777,151210020,2018-10-15,1.62,0.9631743177730056,40,167
3778,151210020,2018-11-29,1.11,0.7466879474879752,40,153
3779,154210100,2018-05-05,20.7,3.077312260546414,52,112
3780,154210100,2018-05-08,24.2,3.2268439945173775,52,111
3781,154210100,2018-05-10,27.8,3.3603753871419,52,113
3782,154210100,2018-05-30,17.1,2.89591193827178,52,104
3783,154210100,2018-06-04,25.9,3.292126286607793,52,114
3784,154210100,2018-06-09,24.5,3.2386784521643803,52,105
3785,154210100,2018-06-17,18.7,2.9806186357439426,52,108
3786,154210100,2018-07-19,6.02,1.9487632180377197,52,115
3787,154210100,2018-07-24,4.55,1.713797927758343,52,109
3788,154210100,2018-08-08,3.72,1.551808799597464,52,106
3789,154210100,2018-08-23,3.17,1.4279160358107101,52,107
3790,154210100,2018-09-07,2.96,1.3762440252663892,52,116
3791,154210100,2018-09-10,2.71,1.3110318766193438,52,110
3792,154210100,2018-10-10,3.08,1.4060969884160703,52,117
3793,154210100,2018-10-12,3.63,1.5325568680981427,52,103
3794,154210100,2018-10-15,3.34,1.4678743481123135,52,118
3795,150210120,2018-10-12,19.8,3.0349529867072724,38,3
3796,150210120,2018-10-17,22.1,3.139832617527748,38,4
3797,152150180,2018-05-04,3.07,1.4036429994545037,28,166
3798,152150180,2018-05-06,2.98,1.3812818192963463,28,165
3799,152150180,2018-05-09,3.07,1.4036429994545037,28,163
3800,152150180,2018-05-14,2.8,1.33500106673234,28,164
3801,152150180,2018-05-19,2.89,1.358409157630355,28,158
3802,152150180,2018-05-21,2.89,1.358409157630355,28,160
3803,152150180,2018-05-29,2.78,1.3297240096314962,28,162
3804,152150180,2018-05-31,2.84,1.3454723665996355,28,156
3805,152150180,2018-06-08,3.39,1.47932922708708,28,154
3806,152150180,2018-07-15,2.18,1.1568811967920856,28,168
3807,152150180,2018-07-20,1.68,0.9858167945227653,28,169
3808,152150180,2018-08-04,1.4,0.8754687373538999,28,159
3809,152150180,2018-08-07,1.44,0.8919980393051105,28,155
3810,152150180,2018-08-09,1.4,0.8754687373538999,28,161
3811,152150180,2018-08-22,1.2,0.7884573603642702,28,153
3812,152150180,2018-09-08,0.65,0.5007752879124893,28,157
3813,152150180,2018-10-13,0.45,0.37156355643248307,28,167
3814,152150180,2018-10-31,0.52,0.41871033485818504,28,151
3815,152150180,2018-11-07,0.55,0.4382549309311553,28,152
3816,152150200,2018-05-04,116.0,4.762173934797756,24,87
3817,152150200,2018-05-06,109.0,4.700480365792417,24,86
3818,152150200,2018-05-29,127.0,4.852030263919617,24,85
3819,152150200,2018-10-11,43.0,3.784189633918261,24,88
3820,152150200,2018-10-13,42.6,3.775057150354989,24,89
3821,152150200,2018-10-31,37.5,3.6506582412937387,24,83
3822,152150200,2018-11-07,36.8,3.632309102625542,24,84
3823,150160190,2018-05-13,2.24,1.1755733298042381,19,147
3824,150160190,2018-06-07,0.38,0.32208349916911333,19,146
3825,150160190,2018-07-05,0.2,0.18232155679395462,19,148
3826,150160190,2018-08-09,0.24,0.2151113796169455,19,149
3827,150160190,2018-09-20,0.11,0.10436001532424277,19,152
3828,150160190,2018-09-28,0.1,0.09531017980432487,19,144
3829,150160190,2018-09-30,0.08,0.07696104113612832,19,150
3830,150160190,2018-10-05,0.07,0.06765864847381481,19,153
3831,150160190,2018-10-13,0.07,0.06765864847381481,19,151
3832,150160190,2018-10-15,0.07,0.06765864847381481,19,145
3833,152150120,2018-05-04,1.2,0.7884573603642702,26,80
3834,152150120,2018-05-06,1.67,0.9820784724121581,26,79
3835,152150120,2018-05-29,1.67,0.9820784724121581,26,78
3836,152150120,2018-10-11,0.18,0.16551443847757338,26,81
3837,152150120,2018-10-31,0.34,0.29266961396282,26,76
3838,152150120,2018-11-07,0.19,0.173953307123438,26,77
3839,151210110,2018-05-30,1.88,1.0577902941478545,42,163
3840,151210110,2018-06-04,5.58,1.884034745337226,42,164
3841,151210110,2018-06-09,2.0,1.0986122886681096,42,160
3842,151210110,2018-06-29,0.95,0.6678293725756554,42,159
3843,151210110,2018-08-08,0.31,0.27002713721306015,42,157
3844,151210110,2018-08-13,0.31,0.27002713721306015,42,162
3845,151210110,2018-08-23,0.26,0.23111172096338664,42,161
3846,151210110,2018-09-02,0.4,0.33647223662121295,42,166
3847,151210110,2018-10-12,0.52,0.41871033485818504,42,165
3848,151210110,2018-11-06,0.27,0.23901690047049992,42,158
3849,153210230,2018-05-08,3.68,1.5432981099295553,46,50
3850,153210230,2018-05-10,4.02,1.6134299337036377,46,53
3851,153210230,2018-06-07,4.35,1.6770965609079151,46,47
3852,153210230,2018-06-09,4.28,1.66392609771817,46,46
3853,153210230,2018-06-27,3.76,1.5602476682433286,46,55
3854,153210230,2018-07-24,1.76,1.0152306797290587,46,49
3855,153210230,2018-08-08,1.3,0.832909122935104,46,48
3856,153210230,2018-08-23,0.79,0.5822156198526637,46,51
3857,153210230,2018-09-10,0.59,0.46373401623214017,46,52
3858,153210230,2018-09-20,0.68,0.5187937934151676,46,54
3859,153210230,2018-10-12,0.63,0.48858001481867097,46,45
3860,149190030,2018-06-07,0.38,0.32208349916911333,33,211
3861,149190030,2018-07-04,0.22,0.1988508587451652,33,209
3862,149190030,2018-08-03,5.07,1.803358605071407,33,210
3863,149190030,2018-10-10,0.25,0.22314355131420976,33,208
3864,149190030,2018-10-12,0.25,0.22314355131420976,33,205
3865,149190030,2018-10-15,0.23,0.20701416938432615,33,206
3866,149190030,2018-11-06,0.5,0.4054651081081644,33,207
3867,154180020,2018-05-04,1.42,0.8837675401685949,31,188
3868,154180020,2018-05-06,1.36,0.8586616190375187,31,186
3869,154180020,2018-05-09,1.58,0.9477893989335261,31,187
3870,154180020,2018-05-14,3.45,1.4929040961781488,31,191
3871,154180020,2018-05-16,3.14,1.420695787837223,31,189
3872,154180020,2018-05-19,2.3,1.1939224684724346,31,181
3873,154180020,2018-05-21,2.02,1.1052568313867783,31,171
3874,154180020,2018-05-24,1.86,1.0508216248317612,31,178
3875,154180020,2018-05-29,1.68,0.9858167945227653,31,177
3876,154180020,2018-05-31,1.67,0.9820784724121581,31,176
3877,154180020,2018-06-03,2.47,1.244154593958768,31,192
3878,154180020,2018-06-08,2.16,1.1505720275988207,31,190
3879,154180020,2018-06-10,1.93,1.0750024230289759,31,184
3880,154180020,2018-06-20,1.37,0.8628899551470399,31,175
3881,154180020,2018-06-28,1.34,0.8501509293696101,31,172
3882,154180020,2018-07-15,0.85,0.6151856390902335,31,182
3883,154180020,2018-07-23,0.61,0.4762341789963716,31,173
3884,154180020,2018-07-30,0.62,0.4824261492442927,31,174
3885,154180020,2018-08-07,0.52,0.41871033485818504,31,179
3886,154180020,2018-08-17,0.5,0.4054651081081644,31,193
3887,154180020,2018-10-01,0.52,0.41871033485818504,31,180
3888,154180020,2018-10-06,0.62,0.4824261492442927,31,183
3889,154180020,2018-10-11,0.59,0.46373401623214017,31,168
3890,154180020,2018-10-13,0.52,0.41871033485818504,31,185
3891,154180020,2018-10-31,0.56,0.44468582126144574,31,169
3892,154180020,2018-11-07,0.5,0.4054651081081644,31,170
3893,151180040,2018-05-03,1.98,1.091923300517313,25,80
3894,151180040,2018-05-06,1.91,1.068153081183401,25,74
3895,151180040,2018-05-08,2.22,1.169381359556317,25,75
3896,151180040,2018-05-13,3.58,1.5216989981260935,25,73
3897,151180040,2018-06-07,2.81,1.3376291891386096,25,70
3898,151180040,2018-07-05,1.68,0.9858167945227653,25,78
3899,151180040,2018-07-07,1.31,0.8372475245337022,25,71
3900,151180040,2018-08-01,2.4,1.2237754316221157,25,72
3901,151180040,2018-08-09,1.88,1.0577902941478545,25,76
3902,151180040,2018-08-29,0.65,0.5007752879124893,25,79
3903,151180040,2018-09-10,0.34,0.29266961396282,25,77
3904,151180040,2018-09-20,0.9,0.6418538861723948,25,81
3905,151180040,2018-10-05,1.07,0.7275486072772778,25,83
3906,151180040,2018-10-10,0.9,0.6418538861723948,25,82
3907,151180040,2018-10-13,0.81,0.5933268452777344,25,84
3908,151180040,2018-10-15,0.76,0.5653138090500605,25,68
3909,151180040,2018-11-17,0.43,0.3576744442718159,25,69
3910,150150010,2018-05-06,0.89,0.636576829071551,22,211
3911,150150020,2018-05-06,0.35,0.30010459245033805,23,20
3912,150150010,2018-05-21,1.2,0.7884573603642702,22,209
3913,150150020,2018-05-21,0.44,0.36464311358790924,23,19
3914,150150010,2018-05-31,1.85,1.0473189942805592,22,207
3915,150150020,2018-05-31,0.9,0.6418538861723948,23,16
3916,150150010,2018-07-03,0.77,0.5709795465857378,22,208
3917,150150020,2018-07-03,0.35,0.30010459245033805,23,18
3918,150150010,2018-07-20,0.83,0.6043159668533296,22,216
3919,150150020,2018-07-20,0.26,0.23111172096338664,23,25
3920,150150010,2018-08-07,0.41,0.3435897043900769,22,210
3921,150150020,2018-08-07,0.11,0.10436001532424277,23,17
3922,150150010,2018-08-17,0.32,0.2776317365982795,22,217
3923,150150020,2018-08-17,0.09,0.08617769624105233,23,26
3924,150150010,2018-08-27,0.55,0.4382549309311553,22,212
3925,150150020,2018-08-27,0.16,0.14842000511827327,23,22
3926,150150010,2018-08-29,0.53,0.4252677354043441,22,213
3927,150150020,2018-08-29,0.13,0.12221763272424921,23,23
3928,150150010,2018-10-11,0.2,0.18232155679395462,22,205
3929,150150020,2018-10-11,0.07,0.06765864847381481,23,14
3930,150150010,2018-10-13,0.15,0.13976194237515868,22,214
3931,150150020,2018-10-13,0.045,0.04401688541677432,23,21
3932,150150010,2018-10-16,0.16,0.14842000511827327,22,215
3933,150150020,2018-10-16,0.045,0.04401688541677432,23,24
3934,150150010,2018-10-18,0.15,0.13976194237515868,22,218
3935,150150020,2018-10-18,0.04,0.039220713153281295,23,27
3936,150150010,2018-10-31,0.21,0.1906203596086497,22,206
3937,150150020,2018-10-31,0.05,0.04879016416943201,23,15
3938,149180090,2018-05-03,0.36,0.3074846997479606,33,220
3939,149180090,2018-05-13,0.29,0.2546422183735807,33,219
3940,149180090,2018-06-07,0.22,0.1988508587451652,33,218
3941,149180090,2018-09-10,0.26,0.23111172096338664,33,222
3942,149180090,2018-09-20,0.36,0.3074846997479606,33,221
3943,149180090,2018-10-05,0.16,0.14842000511827327,33,223
3944,149180090,2018-10-10,0.21,0.1906203596086497,33,224
3945,149180090,2018-10-15,0.14,0.1310282624064041,33,217
3946,151220050,2018-05-07,0.8,0.5877866649021191,42,87
3947,151220050,2018-05-12,1.26,0.8153648132841945,42,83
3948,151220050,2018-05-22,1.11,0.7466879474879752,42,84
3949,151220050,2018-05-27,2.38,1.2178757094949273,42,86
3950,151220050,2018-05-30,2.19,1.1600209167967532,42,88
3951,151220050,2018-06-01,3.02,1.3912819026309298,42,81
3952,151220050,2018-06-06,2.88,1.355835153635182,42,77
3953,151220050,2018-06-09,2.3,1.1939224684724346,42,85
3954,151220050,2018-07-06,0.47,0.3852624007906449,42,78
3955,151220050,2018-07-09,0.4,0.33647223662121295,42,91
3956,151220050,2018-08-08,0.31,0.27002713721306015,42,79
3957,151220050,2018-08-13,0.36,0.3074846997479606,42,80
3958,151220050,2018-08-23,0.25,0.22314355131420976,42,82
3959,151220050,2018-08-30,0.31,0.27002713721306015,42,92
3960,151220050,2018-09-02,0.28,0.2468600779315258,42,90
3961,151220050,2018-10-12,0.46,0.3784364357202451,42,89
3962,151220050,2018-10-14,0.43,0.3576744442718159,42,74
3963,151220050,2018-11-06,0.26,0.23111172096338664,42,75
3964,151220050,2018-11-28,0.46,0.3784364357202451,42,76
3965,150200010,2018-05-03,0.92,0.6523251860396903,37,45
3966,150200010,2018-05-05,1.35,0.8544153281560676,37,42
3967,150200010,2018-05-10,1.8,1.0296194171811583,37,40
3968,150200010,2018-05-13,2.16,1.1505720275988207,37,41
3969,150200010,2018-05-20,1.91,1.068153081183401,37,43
3970,150200010,2018-05-30,2.79,1.332366019094335,37,53
3971,150200010,2018-06-07,1.95,1.0818051703517284,37,44
3972,150200010,2018-07-04,0.88,0.6312717768418579,37,51
3973,150200010,2018-07-07,0.82,0.598836501088704,37,38
3974,150200010,2018-07-24,1.15,0.7654678421395714,37,36
3975,150200010,2018-08-08,0.77,0.5709795465857378,37,37
3976,150200010,2018-08-13,0.87,0.6259384308664953,37,35
3977,150200010,2018-09-12,0.53,0.4252677354043441,37,39
3978,150200010,2018-09-20,1.78,1.0224509277025458,37,47
3979,150200010,2018-10-05,0.63,0.48858001481867097,37,46
3980,150200010,2018-10-10,0.56,0.44468582126144574,37,48
3981,150200010,2018-10-12,0.59,0.46373401623214017,37,49
3982,150200010,2018-10-15,0.57,0.4510756193602167,37,50
3983,150200010,2018-11-06,0.47,0.3852624007906449,37,52
3984,150210030,2018-05-20,0.88,0.6312717768418579,37,201
3985,150210030,2018-05-30,2.15,1.1474024528375417,37,199
3986,150210030,2018-06-07,1.01,0.6981347220709844,37,202
3987,150210030,2018-06-29,0.52,0.41871033485818504,37,210
3988,150210030,2018-07-04,0.45,0.37156355643248307,37,205
3989,150210030,2018-07-24,0.43,0.3576744442718159,37,213
3990,150210030,2018-08-03,0.36,0.3074846997479606,37,209
3991,150210030,2018-08-08,0.34,0.29266961396282,37,200
3992,150210030,2018-08-13,0.35,0.30010459245033805,37,203
3993,150210030,2018-08-28,0.3,0.26236426446749106,37,212
3994,150210030,2018-09-02,0.27,0.23901690047049992,37,206
3995,150210030,2018-09-12,0.24,0.2151113796169455,37,204
3996,150210030,2018-10-05,0.22,0.1988508587451652,37,207
3997,150210030,2018-10-10,0.2,0.18232155679395462,37,208
3998,150210030,2018-11-06,0.16,0.14842000511827327,37,214
3999,152200110,2018-05-08,694.0,6.543911845564792,33,94
4000,152200110,2018-05-13,1050.0,6.957497370876951,33,89
4001,152200110,2018-05-23,1060.0,6.966967138613983,33,96
4002,152200110,2018-05-30,1000.0,6.90875477931522,33,90
4003,152200110,2018-06-04,1270.0,7.147559271189454,33,95
4004,152200110,2018-06-07,1640.0,7.403061091090091,33,86
4005,152200110,2018-07-07,634.0,6.453624998892692,33,87
4006,152200110,2018-07-24,586.0,6.375024819828097,33,91
4007,152200110,2018-08-08,370.0,5.916202062607435,33,85
4008,152200110,2018-09-10,344.0,5.84354441703136,33,92
4009,152200110,2018-10-12,441.0,6.091309882077698,33,93
4010,152200110,2018-10-15,400.0,5.993961427306569,33,88
4011,152200110,2018-11-06,310.0,5.739792912179234,33,84
4012,150200120,2018-10-10,1.11,0.7466879474879752,37,113
4013,150200120,2018-10-12,4.91,1.776645831418007,37,112
4014,150200120,2018-10-15,2.38,1.2178757094949273,37,114
4015,153150020,2018-05-04,1.11,0.7466879474879752,29,12
4016,153150020,2018-05-09,1.69,0.9895411936137477,29,17
4017,153150020,2018-05-14,2.95,1.3737155789130306,29,19
4018,153150020,2018-05-19,2.49,1.2499017362143359,29,13
4019,153150020,2018-05-24,1.55,0.9360933591703348,29,22
4020,153150020,2018-05-29,1.88,1.0577902941478545,29,11
4021,153150020,2018-06-03,3.41,1.4838746894587547,29,20
4022,153150020,2018-06-08,2.29,1.1908875647772805,29,15
4023,153150020,2018-08-07,0.46,0.3784364357202451,29,16
4024,153150020,2018-08-17,0.55,0.4382549309311553,29,18
4025,153150020,2018-08-22,1.05,0.7178397931503169,29,14
4026,153150020,2018-10-06,0.23,0.20701416938432615,29,23
4027,153150020,2018-10-11,0.2,0.18232155679395462,29,21
4028,153150020,2018-10-16,0.18,0.16551443847757338,29,24
4029,153150020,2018-10-31,0.18,0.16551443847757338,29,10
4030,152160130,2018-10-13,1.03,0.708035793053696,25,179
4031,152160130,2018-11-07,0.43,0.3576744442718159,25,178
4032,150160130,2018-05-26,1.2,0.7884573603642702,20,173
4033,150160130,2018-08-09,0.22,0.1988508587451652,20,174
4034,150160130,2018-08-29,0.51,0.412109650826833,20,176
4035,150160130,2018-10-13,0.17,0.15700374880966475,20,175
4036,153170110,2018-05-06,2.19,1.1600209167967532,50,142
4037,153170110,2018-05-21,1.95,1.0818051703517284,50,150
4038,153170110,2018-06-20,2.0,1.0986122886681096,50,140
4039,153170110,2018-07-05,1.35,0.8544153281560676,50,141
4040,153170110,2018-07-15,1.12,0.7514160886839212,50,144
4041,153170110,2018-07-20,0.92,0.6523251860396903,50,145
4042,153170110,2018-07-25,0.86,0.6205764877251099,50,147
4043,153170110,2018-08-04,1.12,0.7514160886839212,50,143
4044,153170110,2018-08-09,0.87,0.6259384308664953,50,148
4045,153170110,2018-10-13,1.09,0.7371640659767197,50,146
4046,153170110,2018-10-18,1.18,0.7793248768009976,50,149
4047,153170110,2018-11-07,1.08,0.7323678937132266,50,139
4048,150190220,2018-05-13,4.74,1.747459210331475,23,216
4049,150190220,2018-06-07,5.31,1.8421356765531218,23,214
4050,150190220,2018-09-20,8.92,2.2945529212967815,23,218
4051,150190220,2018-10-05,2.88,1.355835153635182,23,217
4052,150190220,2018-10-10,2.62,1.2864740258376797,23,215
4053,150190220,2018-10-15,2.62,1.2864740258376797,23,213
4054,149200060,2018-05-03,0.67,0.5128236264286637,35,187
4055,149200060,2018-05-10,4.77,1.752672080520008,35,194
4056,149200060,2018-05-13,5.71,1.9035989509835904,35,183
4057,149200080,2018-05-13,4.25,1.6582280766035324,35,235
4058,149200060,2018-06-07,2.67,1.3001916620664788,35,181
4059,149200080,2018-06-07,3.11,1.4134230285081433,35,233
4060,149200060,2018-08-03,1.44,0.8919980393051105,35,182
4061,149200080,2018-08-03,2.27,1.184789984909162,35,234
4062,149200060,2018-08-13,0.57,0.4510756193602167,35,185
4063,149200080,2018-08-13,0.99,0.688134638736401,35,236
4064,149200060,2018-08-23,0.81,0.5933268452777344,35,184
4065,149200080,2018-08-23,1.24,0.8064758658669485,35,237
4066,149200060,2018-09-07,0.7,0.5306282510621704,35,192
4067,149200060,2018-09-10,0.58,0.4574248470388754,35,190
4068,149200060,2018-09-20,16.6,2.8678989020441064,35,189
4069,149200060,2018-10-05,6.27,1.9837562915454279,35,193
4070,149200060,2018-10-10,1.01,0.6981347220709844,35,188
4071,149200080,2018-10-10,1.59,0.9516578757114464,35,231
4072,149200060,2018-10-12,1.84,1.0438040521731147,35,191
4073,149200080,2018-10-12,2.67,1.3001916620664788,35,232
4074,149200060,2018-10-15,2.85,1.3480731482996928,35,186
4075,149200080,2018-10-15,2.4,1.2237754316221157,35,230
4076,149200300,2018-08-03,12.9,2.631888840136646,36,242
4077,149200300,2018-08-23,16.6,2.8678989020441064,36,241
4078,149200300,2018-08-28,50.0,3.9318256327243257,36,243
4079,149200300,2018-10-12,21.0,3.091042453358316,36,239
4080,149200300,2018-10-17,18.0,2.9444389791664403,36,244
4081,149200300,2018-11-06,12.3,2.5877640352277083,36,240
4082,149200290,2018-08-03,16.7,2.8735646395797834,36,247
4083,149200290,2018-08-23,22.3,3.148453360571655,36,248
4084,149200290,2018-08-28,83.8,4.440295542797857,36,249
4085,149200290,2018-10-12,18.6,2.975529566236472,36,245
4086,149200290,2018-10-17,17.4,2.91235066461494,37,0
4087,149200290,2018-11-06,12.5,2.6026896854443837,36,246
4088,153210040,2018-05-08,1.0,0.6931471805599453,46,102
4089,153210040,2018-05-10,1.22,0.7975071958841881,46,100
4090,153210040,2018-05-30,1.22,0.7975071958841881,46,97
4091,153210040,2018-06-07,1.65,0.9745596399981308,46,96
4092,153210040,2018-06-09,1.77,1.0188473201992472,46,95
4093,153210040,2018-07-09,0.45,0.37156355643248307,46,104
4094,153210040,2018-07-24,0.44,0.36464311358790924,46,98
4095,153210040,2018-08-08,0.36,0.3074846997479606,46,99
4096,153210040,2018-08-23,0.29,0.2546422183735807,46,101
4097,153210040,2018-09-10,0.22,0.1988508587451652,46,103
4098,153210040,2018-10-12,0.66,0.5068176023684519,46,94
4099,152140120,2018-05-29,3.76,1.5602476682433286,28,191
4100,152140120,2018-06-08,3.91,1.5912739418064292,28,193
4101,152140120,2018-07-03,3.47,1.4973884086254774,28,192
4102,152140120,2018-08-07,1.36,0.8586616190375187,28,194
4103,152140120,2018-08-22,0.94,0.6626879730752367,28,195
4104,152140120,2018-10-11,0.17,0.15700374880966475,28,190
4105,152140120,2018-10-31,0.06,0.058268908123975775,28,196
4106,153160070,2018-05-04,3.28,1.4539530095937054,27,192
4107,153160070,2018-05-06,3.28,1.4539530095937054,27,196
4108,153160070,2018-05-09,3.28,1.4539530095937054,27,184
4109,153160070,2018-05-19,3.28,1.4539530095937054,27,190
4110,153160070,2018-05-21,3.28,1.4539530095937054,27,188
4111,153160070,2018-05-29,3.28,1.4539530095937054,27,191
4112,153160070,2018-06-03,3.28,1.4539530095937054,27,189
4113,153160070,2018-06-08,3.28,1.4539530095937054,27,187
4114,153160070,2018-06-20,2.91,1.3635373739972745,27,183
4115,153160070,2018-07-05,2.91,1.3635373739972745,27,181
4116,153160070,2018-07-15,2.73,1.3164082336557241,27,180
4117,153160070,2018-07-25,2.33,1.2029723039923526,27,182
4118,153160070,2018-08-07,1.91,1.068153081183401,27,185
4119,153160070,2018-08-09,1.84,1.0438040521731147,27,179
4120,153160070,2018-08-22,1.42,0.8837675401685949,27,186
4121,153160070,2018-09-08,1.41,0.8796267475025636,27,176
4122,153160070,2018-10-06,1.83,1.0402767116551463,27,193
4123,153160070,2018-10-11,1.54,0.9321640810304452,27,195
4124,153160070,2018-10-13,1.45,0.8960880245566356,27,194
4125,153160070,2018-10-31,1.26,0.8153648132841945,27,177
4126,153160070,2018-11-07,1.4,0.8754687373538999,27,178
4127,150180260,2018-10-10,0.18,0.16551443847757338,34,94
4128,150180260,2018-10-15,0.15,0.13976194237515868,34,93
4129,152230090,2018-05-07,9.15,2.3174737054877963,43,211
4130,152230090,2018-05-10,9.78,2.377692565480851,43,215
4131,152230090,2018-05-27,8.03,2.200552367428894,43,212
4132,152230090,2018-05-30,7.99,2.196112848483529,43,207
4133,152230090,2018-06-01,10.1,2.4069451083182885,43,206
4134,152230090,2018-06-04,16.8,2.8791984572980396,43,208
4135,152230090,2018-06-09,18.2,2.9549102790337356,43,205
4136,152230090,2018-08-08,3.69,1.545432582458188,43,213
4137,152230090,2018-08-10,3.6,1.5260563034950494,43,210
4138,152230090,2018-08-20,3.35,1.4701758451005928,43,214
4139,152230090,2018-08-23,3.44,1.4906543764441333,43,209
4140,152230090,2018-10-12,2.15,1.1474024528375417,43,203
4141,152230090,2018-10-14,2.11,1.1346227261911428,43,204
4142,152230100,2018-05-07,1.22,0.7975071958841881,44,112
4143,152230100,2018-05-10,1.69,0.9895411936137477,44,113
4144,152230100,2018-05-12,2.78,1.3297240096314962,44,107
4145,152230100,2018-05-27,2.83,1.3428648031925547,44,108
4146,152230100,2018-05-30,2.75,1.3217558399823195,44,111
4147,152230100,2018-06-01,4.9,1.7749523509116738,44,109
4148,152230100,2018-06-09,12.6,2.6100697927420065,44,104
4149,152230100,2018-06-29,1.8,1.0296194171811583,44,114
4150,152230100,2018-08-08,0.6,0.4700036292457356,44,116
4151,152230100,2018-08-10,0.57,0.4510756193602167,44,110
4152,152230100,2018-08-20,0.44,0.36464311358790924,44,117
4153,152230100,2018-08-23,0.43,0.3576744442718159,44,115
4154,152230100,2018-10-12,0.42,0.35065687161316933,44,105
4155,152230100,2018-10-14,0.47,0.3852624007906449,44,106
4156,150180090,2018-05-03,0.41,0.3435897043900769,18,210
4157,150180090,2018-05-13,0.54,0.43178241642553783,18,209
4158,150180090,2018-06-07,0.29,0.2546422183735807,18,208
4159,150180090,2018-09-10,0.16,0.14842000511827327,18,211
4160,150180090,2018-09-20,0.18,0.16551443847757338,18,212
4161,150180090,2018-10-15,0.09,0.08617769624105233,18,207
4162,151180090,2018-05-03,1.33,0.8458682675776092,24,137
4163,151180090,2018-05-06,1.3,0.832909122935104,24,130
4164,151180090,2018-05-08,1.36,0.8586616190375187,24,126
4165,151180090,2018-05-13,1.79,1.0260415958332743,24,127
4166,151180090,2018-05-21,1.86,1.0508216248317612,24,141
4167,151180090,2018-06-07,1.97,1.0885619528146082,24,125
4168,151180090,2018-07-07,0.96,0.6729444732424258,24,128
4169,151180090,2018-07-15,1.02,0.7030975114131134,24,140
4170,151180090,2018-08-01,0.85,0.6151856390902335,24,129
4171,151180090,2018-08-04,0.95,0.6678293725756554,24,131
4172,151180090,2018-08-09,0.73,0.5481214085096876,24,134
4173,151180090,2018-08-29,0.69,0.5247285289349821,24,136
4174,151180090,2018-09-20,0.81,0.5933268452777344,24,132
4175,151180090,2018-09-28,0.57,0.4510756193602167,24,138
4176,151180090,2018-10-05,0.5,0.4054651081081644,24,133
4177,151180090,2018-10-10,0.48,0.3920420877760237,24,135
4178,151180090,2018-10-13,0.46,0.3784364357202451,24,139
4179,151180090,2018-10-15,0.45,0.37156355643248307,24,123
4180,151180090,2018-11-17,0.47,0.3852624007906449,24,124
4181,149200120,2018-08-23,1.85,1.0473189942805592,36,219
4182,149200120,2018-09-20,25.9,3.292126286607793,36,222
4183,149200120,2018-10-05,1.37,0.8628899551470399,36,221
4184,149200120,2018-10-10,1.07,0.7275486072772778,36,218
4185,149200120,2018-10-12,1.76,1.0152306797290587,36,215
4186,149200120,2018-10-15,4.1,1.62924053973028,36,216
4187,149200120,2018-10-17,1.69,0.9895411936137477,36,220
4188,149200120,2018-11-06,0.67,0.5128236264286637,36,217
4189,150230010,2018-05-12,7.53,2.143589361503588,41,73
4190,150230010,2018-05-27,7.61,2.1529243184396396,41,75
4191,150230010,2018-05-30,9.41,2.3427668826268775,41,76
4192,150230010,2018-06-01,11.4,2.517696472610991,41,67
4193,150230010,2018-06-06,4.51,1.706564623164823,41,71
4194,150230010,2018-06-21,6.26,1.9823798288367047,41,69
4195,150230010,2018-08-03,4.28,1.66392609771817,41,68
4196,150230010,2018-08-08,4.17,1.6428726885203377,41,70
4197,150230010,2018-08-13,4.16,1.6409365794934714,41,66
4198,150230010,2018-08-20,4.1,1.62924053973028,41,74
4199,150230010,2018-08-23,4.04,1.6174060820832772,41,72
4200,150230010,2018-08-30,4.13,1.635105659182678,41,79
4201,150230010,2018-09-02,4.07,1.623340817603092,41,77
4202,150230010,2018-10-12,4.01,1.6114359150967734,41,63
4203,150230010,2018-10-14,3.98,1.6054298910365616,41,65
4204,150230010,2018-10-17,3.98,1.6054298910365616,41,78
4205,150230010,2018-11-08,3.86,1.5810384379124023,41,64
4206,150170120,2018-05-13,0.35,0.30010459245033805,20,51
4207,150170120,2018-05-21,0.49,0.3987761199573678,20,54
4208,150170120,2018-06-07,0.36,0.3074846997479606,20,49
4209,150170120,2018-07-07,0.12,0.11332868530700317,20,50
4210,150170120,2018-07-15,0.15,0.13976194237515868,20,52
4211,150170120,2018-08-01,0.12,0.11332868530700317,20,53
4212,150170120,2018-10-13,0.12,0.11332868530700317,20,48
4213,150170120,2018-10-15,0.12,0.11332868530700317,20,47
4214,149220210,2018-05-02,4.06,1.6213664832993742,39,119
4215,149220210,2018-05-12,30.4,3.4468078929142076,39,117
4216,149220210,2018-05-27,16.5,2.8622008809294686,39,113
4217,149220210,2018-05-30,15.2,2.785011242238338,39,115
4218,149220210,2018-06-01,17.6,2.9231615807191558,39,114
4219,149220210,2018-06-06,15.4,2.797281334830153,39,112
4220,149220210,2018-08-03,0.83,0.6043159668533296,39,118
4221,149220210,2018-08-20,2.19,1.1600209167967532,39,116
4222,149220210,2018-08-23,1.25,0.8109302162163288,39,121
4223,149220210,2018-08-30,4.21,1.6505798557652755,39,123
4224,149220210,2018-09-02,2.89,1.358409157630355,39,120
4225,149220210,2018-10-12,8.96,2.298577071596507,39,109
4226,149220210,2018-10-14,8.48,2.2491843162669305,39,110
4227,149220210,2018-10-17,4.15,1.6389967146756448,39,122
4228,149220210,2018-11-08,2.46,1.2412685890696329,39,111
4229,152150050,2018-05-04,126.0,4.844187086458591,18,66
4230,152150050,2018-05-06,124.0,4.8283137373023015,18,68
4231,152150050,2018-05-21,197.0,5.288267030694535,18,83
4232,152150050,2018-05-26,173.0,5.159055299214529,18,67
4233,152150050,2018-05-29,169.0,5.135798437050262,18,77
4234,152150050,2018-05-31,164.0,5.10594547390058,18,71
4235,152150050,2018-07-03,107.0,4.68213122712422,18,70
4236,152150050,2018-07-20,104.0,4.653960350157523,18,72
4237,152150050,2018-08-04,91.4,4.526126978647638,18,73
4238,152150050,2018-08-07,95.5,4.56954300834494,18,69
4239,152150050,2018-08-09,111.0,4.718498871295094,18,75
4240,152150050,2018-08-17,91.4,4.526126978647638,18,74
4241,152150050,2018-08-22,70.8,4.273884476054178,18,76
4242,152150050,2018-08-27,66.4,4.210645017918261,18,78
4243,152150050,2018-08-29,66.7,4.215086179918229,18,79
4244,152150050,2018-09-03,93.0,4.543294782270004,18,81
4245,152150050,2018-10-11,60.6,4.120661870539474,18,84
4246,152150050,2018-10-13,55.8,4.039536325727106,18,80
4247,152150050,2018-10-16,70.0,4.2626798770413155,18,82
4248,152150050,2018-10-31,65.1,4.191168746857641,18,85
4249,150210080,2018-05-30,2.58,1.275362800412609,40,232
4250,150210080,2018-06-19,1.47,0.9042181506398859,40,239
4251,150210080,2018-08-03,0.44,0.36464311358790924,40,235
4252,150210080,2018-08-08,0.44,0.36464311358790924,40,233
4253,150210080,2018-08-13,0.45,0.37156355643248307,40,234
4254,150210080,2018-08-23,0.45,0.37156355643248307,40,236
4255,150210080,2018-08-28,0.48,0.3920420877760237,40,238
4256,150210080,2018-09-02,0.45,0.37156355643248307,40,237
4257,150210080,2018-10-12,0.64,0.49469624183610705,40,231
4258,150210080,2018-10-17,1.61,0.9593502213346021,40,240
4259,150220030,2018-05-07,84.6,4.449685283147696,38,187
4260,150220030,2018-05-22,197.0,5.288267030694535,38,198
4261,150220030,2018-05-27,204.0,5.3230099791384085,38,188
4262,150220030,2018-05-30,213.0,5.365976015021851,38,182
4263,150220030,2018-06-01,238.0,5.476463551931511,38,185
4264,150220030,2018-06-06,247.0,5.5134287461649825,38,183
4265,150220030,2018-06-19,137.0,4.927253685157205,38,191
4266,150220030,2018-08-03,41.1,3.7400477406883357,38,189
4267,150220030,2018-08-08,39.2,3.6938669956249752,38,184
4268,150220030,2018-08-10,36.8,3.632309102625542,38,193
4269,150220030,2018-08-13,38.1,3.66612246699132,38,186
4270,150220030,2018-08-20,47.3,3.877431560658527,38,192
4271,150220030,2018-08-23,46.7,3.8649313978942956,38,190
4272,150220030,2018-08-28,52.0,3.970291913552122,38,195
4273,150220030,2018-08-30,58.2,4.0809215418899605,38,197
4274,150220030,2018-09-02,72.0,4.290459441148391,38,194
4275,150220030,2018-09-29,146.0,4.990432586778736,38,196
4276,150220030,2018-10-12,54.7,4.019980146933238,38,179
4277,150220030,2018-10-14,68.4,4.239886867512759,38,180
4278,150220030,2018-10-17,79.9,4.393213824064446,38,199
4279,150220030,2018-11-08,43.5,3.7954891891721947,38,181
4280,150190100,2018-10-10,4.15,1.6389967146756448,34,123
4281,150190100,2018-10-12,4.6,1.7227665977411035,34,120
4282,150190100,2018-10-15,4.19,1.6467336971777973,34,121
4283,150190100,2018-11-06,3.82,1.5727739280625088,34,122
4284,150180210,2018-05-08,0.63,0.48858001481867097,24,110
4285,150180210,2018-05-13,1.0,0.6931471805599453,24,109
4286,150180210,2018-06-07,0.92,0.6523251860396903,24,108
4287,150180210,2018-08-01,0.47,0.3852624007906449,24,107
4288,150180210,2018-09-20,1.42,0.8837675401685949,24,111
4289,150180210,2018-10-05,0.42,0.35065687161316933,24,112
4290,150180210,2018-10-15,0.34,0.29266961396282,24,106
4291,152180090,2018-05-06,1.96,1.085189268335969,26,110
4292,152180090,2018-05-08,2.02,1.1052568313867783,26,107
4293,152180090,2018-05-13,2.32,1.199964782928397,26,106
4294,152180090,2018-05-23,1.96,1.085189268335969,26,104
4295,152180090,2018-05-31,1.88,1.0577902941478545,26,101
4296,152180090,2018-06-07,1.69,0.9895411936137477,26,109
4297,152180090,2018-06-20,3.13,1.4182774069729414,26,113
4298,152180090,2018-07-05,1.64,0.9707789171582247,26,112
4299,152180090,2018-07-07,1.45,0.8960880245566356,26,102
4300,152180090,2018-07-20,2.59,1.2781522025001875,26,103
4301,152180090,2018-08-01,1.4,0.8754687373538999,26,100
4302,152180090,2018-08-04,1.38,0.8671004876833832,26,99
4303,152180090,2018-09-10,1.3,0.832909122935104,26,105
4304,152180090,2018-09-20,1.39,0.8712933659434192,26,108
4305,152180090,2018-10-13,1.14,0.76080582903376,26,111
4306,152180090,2018-10-15,1.18,0.7793248768009976,26,98
4307,151150150,2018-05-29,151.0,5.0238805208462765,18,47
4308,151150150,2018-10-13,56.1,4.044804116661965,18,48
4309,151150150,2018-10-31,58.8,4.091005660956586,18,49
4310,152170060,2018-05-06,53.4,3.996364153861897,24,57
4311,152170060,2018-05-08,55.2,4.028916756899646,24,53
4312,152170060,2018-05-13,63.8,4.1713056033582285,24,52
4313,152170060,2018-05-23,63.0,4.1588830833596715,24,66
4314,152170060,2018-05-26,65.8,4.2017030805426,24,65
4315,152170060,2018-05-31,69.2,4.251348311031766,24,56
4316,152170060,2018-06-07,76.8,4.354141431184346,24,54
4317,152170060,2018-07-07,49.0,3.912023005428146,24,60
4318,152170060,2018-07-15,45.9,3.8480176754522337,24,51
4319,152170060,2018-07-20,70.5,4.269697449699962,24,55
4320,152170060,2018-08-01,44.0,3.8066624897703196,24,50
4321,152170060,2018-08-29,31.2,3.4719664525503626,24,59
4322,152170060,2018-09-20,45.5,3.839452312593311,24,62
4323,152170060,2018-09-25,42.5,3.7727609380946383,24,63
4324,152170060,2018-09-30,37.2,3.6428355156125294,24,58
4325,152170060,2018-10-10,29.5,3.417726683613366,24,61
4326,152170060,2018-10-13,27.4,3.3463891451671604,24,64
4327,152170060,2018-10-15,27.5,3.349904087274605,24,48
4328,152170060,2018-11-07,31.8,3.4904285153900982,24,49
4329,152150190,2018-05-04,104.0,4.653960350157523,26,210
4330,152150190,2018-05-06,102.0,4.634728988229636,26,209
4331,152150190,2018-05-09,101.0,4.624972813284271,26,221
4332,152150190,2018-05-14,118.0,4.77912349311153,26,216
4333,152150190,2018-05-19,115.0,4.7535901911063645,26,212
4334,152150190,2018-05-21,107.0,4.68213122712422,26,217
4335,152150190,2018-05-29,102.0,4.634728988229636,26,208
4336,152150190,2018-06-08,110.0,4.709530201312334,26,213
4337,152150190,2018-07-15,73.6,4.312140507209715,26,218
4338,152150190,2018-07-20,65.8,4.2017030805426,26,219
4339,152150190,2018-08-04,51.8,3.966511190712216,26,222
4340,152150190,2018-08-07,48.9,3.910021002757473,26,215
4341,152150190,2018-08-22,42.1,3.763522997109702,26,214
4342,152150190,2018-10-11,43.3,3.7909846770510898,26,211
4343,152150190,2018-10-13,42.8,3.7796338173824005,26,220
4344,152150190,2018-10-31,39.7,3.7062280924485496,26,206
4345,152150190,2018-11-07,40.5,3.725693427236653,26,207
4346,152210130,2018-05-03,1.72,1.000631880307906,48,11
4347,152210130,2018-05-08,1.41,0.8796267475025636,48,7
4348,152210130,2018-05-10,2.54,1.264126727145683,48,4
4349,152210130,2018-05-23,2.0,1.0986122886681096,48,9
4350,152210130,2018-05-30,3.17,1.4279160358107101,48,5
4351,152210130,2018-06-07,10.7,2.4595888418037104,48,1
4352,152210130,2018-06-09,6.78,2.0515563381903004,48,2
4353,152210130,2018-06-29,1.18,0.7793248768009976,48,8
4354,152210130,2018-07-24,0.59,0.46373401623214017,48,6
4355,152210130,2018-08-01,0.51,0.412109650826833,48,12
4356,152210130,2018-08-08,0.38,0.32208349916911333,48,0
4357,152210130,2018-08-23,0.34,0.29266961396282,48,3
4358,152210130,2018-09-10,0.38,0.32208349916911333,48,15
4359,152210130,2018-09-12,0.41,0.3435897043900769,48,10
4360,152210130,2018-09-20,0.44,0.36464311358790924,48,13
4361,152210130,2018-10-12,0.55,0.4382549309311553,47,249
4362,152210130,2018-10-15,0.53,0.4252677354043441,48,14
4363,152210130,2018-10-17,0.53,0.4252677354043441,48,16
4364,151200090,2018-05-03,26.3,3.306886702190914,43,34
4365,151200090,2018-05-05,26.7,3.3214324131932926,43,33
4366,151200090,2018-05-08,27.3,3.342861804649192,43,31
4367,151200090,2018-05-10,28.9,3.3978584803966405,43,29
4368,151200090,2018-05-13,30.0,3.4339872044851463,43,27
4369,151200090,2018-05-30,40.6,3.728100167267218,43,23
4370,151200090,2018-06-04,45.6,3.8416005411316,43,19
4371,151200090,2018-06-07,43.2,3.7887247890836524,43,22
4372,151200090,2018-07-07,22.4,3.152736022363656,43,24
4373,151200090,2018-07-09,19.3,3.0106208860477417,43,26
4374,151200090,2018-07-24,21.9,3.131136910560194,43,20
4375,151200090,2018-08-01,17.7,2.928523523860541,43,30
4376,151200090,2018-08-08,15.2,2.785011242238338,43,18
4377,151200090,2018-08-23,14.8,2.760009940032921,43,35
4378,151200090,2018-09-12,15.0,2.772588722239781,43,32
4379,151200090,2018-10-10,16.3,2.8507065015037334,43,21
4380,151200090,2018-10-12,17.2,2.9014215940827497,43,25
4381,151200090,2018-10-15,16.6,2.8678989020441064,43,28
4382,151200090,2018-11-06,15.7,2.8154087194227095,43,17
4383,153190090,2018-05-06,21.6,3.1179499062782403,49,183
4384,153190090,2018-05-13,19.8,3.0349529867072724,49,182
4385,153190090,2018-06-07,20.0,3.044522437723423,49,179
4386,153190090,2018-06-20,18.0,2.9444389791664403,49,180
4387,153190090,2018-10-15,8.16,2.214846178686039,49,181
4388,154190110,2018-05-06,0.72,0.5423242908253616,51,179
4389,154190110,2018-05-08,0.76,0.5653138090500605,51,181
4390,154190110,2018-05-11,5.84,1.922787731634459,51,180
4391,154190110,2018-05-13,9.53,2.354228326145884,51,178
4392,154190110,2018-06-05,2.49,1.2499017362143359,51,183
4393,154190110,2018-06-07,1.65,0.9745596399981308,51,172
4394,154190110,2018-06-10,1.25,0.8109302162163288,51,171
4395,154190110,2018-06-17,1.26,0.8153648132841945,51,186
4396,154190110,2018-06-20,0.99,0.688134638736401,51,173
4397,154190110,2018-07-05,0.67,0.5128236264286637,51,174
4398,154190110,2018-07-15,0.35,0.30010459245033805,51,187
4399,154190110,2018-08-04,0.21,0.1906203596086497,51,175
4400,154190110,2018-08-09,0.21,0.1906203596086497,51,177
4401,154190110,2018-09-10,0.18,0.16551443847757338,51,176
4402,154190110,2018-10-10,0.2,0.18232155679395462,51,185
4403,154190110,2018-10-13,0.2,0.18232155679395462,51,184
4404,154190110,2018-10-15,0.18,0.16551443847757338,51,182
4405,151150100,2018-05-06,4.82,1.7613002617433464,22,246
4406,151150100,2018-05-29,5.92,1.9344157696295783,22,245
4407,151150100,2018-07-03,3.82,1.5727739280625088,22,243
4408,151150100,2018-08-07,1.73,1.0043016091968684,22,244
4409,151150100,2018-08-17,1.6,0.9555114450274365,22,247
4410,151150100,2018-08-27,1.5,0.9162907318741551,22,248
4411,151150100,2018-10-11,1.39,0.8712933659434192,22,241
4412,151150100,2018-10-31,1.29,0.8285518175661483,22,242
4413,153210210,2018-05-03,130.0,4.875197323201151,44,54
4414,153210210,2018-05-08,131.0,4.882801922586371,44,53
4415,153210210,2018-05-10,131.0,4.882801922586371,44,52
4416,153210210,2018-05-30,155.0,5.049856007249537,44,50
4417,153210210,2018-06-07,191.0,5.2574953720277815,44,59
4418,153210210,2018-06-09,199.0,5.298317366548036,44,49
4419,153210210,2018-06-29,160.0,5.081404364984463,44,48
4420,153210210,2018-07-07,134.0,4.90527477843843,44,64
4421,153210210,2018-07-09,123.0,4.820281565605037,44,58
4422,153210210,2018-07-24,75.9,4.3425058765115985,44,51
4423,153210210,2018-08-01,58.0,4.07753744390572,44,56
4424,153210210,2018-08-08,46.2,3.85439389259151,44,55
4425,153210210,2018-08-23,31.2,3.4719664525503626,44,57
4426,153210210,2018-09-10,31.6,3.484312288372662,44,60
4427,153210210,2018-09-12,30.5,3.449987545831587,44,61
4428,153210210,2018-09-20,65.9,4.203198967134183,44,62
4429,153210210,2018-10-12,43.4,3.793239469438179,44,47
4430,153210210,2018-10-15,44.7,3.822098297900159,44,63
4431,151150040,2018-05-04,32.9,3.5234150143864045,22,111
4432,151150040,2018-05-06,25.6,3.280911215787653,22,119
4433,151150040,2018-05-21,37.4,3.648057459593681,22,112
4434,151150040,2018-05-26,37.8,3.6584202466292277,22,110
4435,151150040,2018-05-29,37.4,3.648057459593681,22,105
4436,151150040,2018-05-31,36.4,3.6216707044204863,22,109
4437,151150040,2018-07-03,22.0,3.1354942159291497,22,106
4438,151150040,2018-08-04,13.8,2.6946271807700692,22,116
4439,151150040,2018-08-07,13.9,2.7013612129514133,22,108
4440,151150040,2018-08-09,13.8,2.6946271807700692,22,113
4441,151150040,2018-08-17,14.1,2.714694743820879,22,115
4442,151150040,2018-08-22,13.9,2.7013612129514133,22,117
4443,151150040,2018-08-27,15.4,2.797281334830153,22,120
4444,151150040,2018-10-11,10.8,2.468099531471619,22,107
4445,151150040,2018-10-13,10.9,2.4765384001174837,22,118
4446,151150040,2018-10-16,10.7,2.4595888418037104,22,121
4447,151150040,2018-10-31,10.4,2.4336133554004498,22,114
4448,149220010,2018-05-02,0.19,0.173953307123438,39,245
4449,149220010,2018-05-05,0.21,0.1906203596086497,39,248
4450,149220010,2018-05-07,0.96,0.6729444732424258,39,241
4451,149220010,2018-05-12,2.19,1.1600209167967532,39,249
4452,149220010,2018-05-30,0.83,0.6043159668533296,39,240
4453,149220010,2018-06-06,0.93,0.6575200029167942,39,242
4454,149220010,2018-08-13,0.07,0.06765864847381481,39,243
4455,149220010,2018-08-20,0.046,0.044973365642731154,39,239
4456,149220010,2018-08-23,0.07,0.06765864847381481,39,244
4457,149220010,2018-08-30,0.1,0.09531017980432487,39,247
4458,149220010,2018-09-19,1.06,0.7227059828014898,39,246
4459,149220010,2018-10-09,0.05,0.04879016416943201,40,1
4460,149220010,2018-10-14,0.07,0.06765864847381481,39,238
4461,149220010,2018-10-17,0.13,0.12221763272424921,40,0
4462,153230170,2018-05-07,1.09,0.7371640659767197,44,162
4463,153230170,2018-05-10,1.36,0.8586616190375187,44,164
4464,153230170,2018-05-12,1.89,1.0612565021243408,44,160
4465,153230170,2018-05-20,1.49,0.9122827104766162,44,171
4466,153230170,2018-05-27,1.45,0.8960880245566356,44,165
4467,153230170,2018-05-30,1.45,0.8960880245566356,44,172
4468,153230170,2018-06-01,1.99,1.095273387402595,44,161
4469,153230170,2018-06-04,4.99,1.790091412127358,44,170
4470,153230170,2018-06-09,3.48,1.4996230464268938,44,163
4471,153230170,2018-07-19,0.73,0.5481214085096876,44,166
4472,153230170,2018-08-10,0.46,0.3784364357202451,44,167
4473,153230170,2018-08-23,0.4,0.33647223662121295,44,168
4474,153230170,2018-09-04,0.52,0.41871033485818504,44,169
4475,153230170,2018-10-12,0.41,0.3435897043900769,44,158
4476,153230170,2018-10-14,0.41,0.3435897043900769,44,159
4477,149200240,2018-10-12,68.1,4.235554730773624,36,109
4478,149200250,2018-10-12,1.57,0.9439058989071285,37,10
4479,149200260,2018-10-12,0.61,0.4762341789963716,37,13
4480,149200240,2018-10-17,68.7,4.244200317766478,36,111
4481,149200250,2018-10-17,2.37,1.2149127443642704,37,12
4482,149200260,2018-10-17,0.97,0.6780335427498971,37,15
4483,149200240,2018-11-06,45.6,3.8416005411316,36,110
4484,149200250,2018-11-06,0.88,0.6312717768418579,37,11
4485,149200260,2018-11-06,0.28,0.2468600779315258,37,14
4486,149200030,2018-10-10,5.92,1.9344157696295783,36,80
4487,149200030,2018-10-12,7.06,2.086913556518537,36,76
4488,149200030,2018-10-15,22.5,3.157000421150113,36,77
4489,149200030,2018-10-17,8.23,2.222459048514761,36,79
4490,149200030,2018-11-06,5.94,1.937301774518713,36,78
4491,149200050,2018-10-10,11.9,2.5572273113676265,36,85
4492,149200050,2018-10-12,14.6,2.747270914255491,36,81
4493,149200050,2018-10-15,42.5,3.7727609380946383,36,82
4494,149200050,2018-10-17,15.8,2.8213788864092133,36,84
4495,149200050,2018-11-06,14.3,2.72785282839839,36,83
4496,150170060,2018-09-28,12.8,2.624668592163159,19,178
4497,150170060,2018-10-10,18.0,2.9444389791664403,19,180
4498,150170060,2018-10-13,11.9,2.5572273113676265,19,181
4499,150170060,2018-10-15,8.45,2.2460147415056513,19,179
4500,152160100,2018-05-29,101.0,4.624972813284271,24,73
4501,152160100,2018-10-11,37.3,3.6454498961866,24,74
4502,152160100,2018-10-13,36.4,3.6216707044204863,24,75
4503,152160100,2018-10-31,33.4,3.5380565643793527,24,71
4504,152160100,2018-11-07,33.4,3.5380565643793527,24,72
4505,152160030,2018-05-04,0.57,0.4510756193602167,26,62
4506,152160030,2018-05-06,0.64,0.49469624183610705,26,65
4507,152160030,2018-05-21,0.79,0.5822156198526637,26,60
4508,152160030,2018-05-26,0.98,0.6830968447064438,26,58
4509,152160030,2018-05-29,0.94,0.6626879730752367,26,63
4510,152160030,2018-05-31,0.9,0.6418538861723948,26,75
4511,152160030,2018-07-03,0.89,0.636576829071551,26,72
4512,152160030,2018-07-15,0.49,0.3987761199573678,26,56
4513,152160030,2018-07-20,0.56,0.44468582126144574,26,54
4514,152160030,2018-08-04,0.1,0.09531017980432487,26,57
4515,152160030,2018-08-07,0.08,0.07696104113612832,26,53
4516,152160030,2018-08-09,0.09,0.08617769624105233,26,55
4517,152160030,2018-08-17,1.24,0.8064758658669485,26,61
4518,152160030,2018-08-22,1.32,0.8415671856782186,26,71
4519,152160030,2018-08-27,0.16,0.14842000511827327,26,59
4520,152160030,2018-08-29,0.15,0.13976194237515868,26,68
4521,152160030,2018-09-03,0.17,0.15700374880966475,26,64
4522,152160030,2018-10-11,0.13,0.12221763272424921,26,66
4523,152160030,2018-10-13,0.12,0.11332868530700317,26,67
4524,152160030,2018-10-16,0.12,0.11332868530700317,26,69
4525,152160030,2018-10-18,0.11,0.10436001532424277,26,73
4526,152160030,2018-10-31,0.08,0.07696104113612832,26,70
4527,152160030,2018-11-07,0.08,0.07696104113612832,26,74
4528,154170230,2018-05-04,0.29,0.2546422183735807,31,80
4529,154170230,2018-05-06,0.29,0.2546422183735807,31,68
4530,154170230,2018-05-14,0.36,0.3074846997479606,31,70
4531,154170230,2018-05-19,0.32,0.2776317365982795,31,74
4532,154170230,2018-05-21,0.31,0.27002713721306015,31,77
4533,154170230,2018-05-24,0.3,0.26236426446749106,31,75
4534,154170230,2018-05-29,0.3,0.26236426446749106,31,66
4535,154170230,2018-06-03,0.34,0.29266961396282,31,73
4536,154170230,2018-06-05,0.33,0.2851789422336624,31,78
4537,154170230,2018-06-08,0.31,0.27002713721306015,31,76
4538,154170230,2018-06-20,0.26,0.23111172096338664,31,71
4539,154170230,2018-06-28,0.27,0.23901690047049992,31,64
4540,154170230,2018-07-20,0.23,0.20701416938432615,31,79
4541,154170230,2018-08-22,0.22,0.1988508587451652,31,72
4542,154170230,2018-09-03,0.21,0.1906203596086497,31,67
4543,154170230,2018-10-06,0.22,0.1988508587451652,31,69
4544,154170230,2018-10-11,0.22,0.1988508587451652,31,61
4545,154170230,2018-10-13,0.21,0.1906203596086497,31,65
4546,154170230,2018-10-31,0.26,0.23111172096338664,31,62
4547,154170230,2018-11-07,0.17,0.15700374880966475,31,63
4548,151170070,2018-06-07,0.7,0.5306282510621704,21,83
4549,151170070,2018-07-07,0.19,0.173953307123438,21,80
4550,151170070,2018-07-15,0.17,0.15700374880966475,21,84
4551,151170070,2018-10-10,0.08,0.07696104113612832,21,81
4552,151170070,2018-10-13,0.08,0.07696104113612832,21,82
4553,151170070,2018-10-15,0.08,0.07696104113612832,21,78
4554,151170070,2018-11-07,0.07,0.06765864847381481,21,79
4555,151200080,2018-05-03,4.67,1.7351891177396608,43,155
4556,151200080,2018-05-05,4.32,1.6714733033535532,43,152
4557,151200080,2018-05-08,4.42,1.6900958154515549,43,154
4558,151200080,2018-05-10,4.72,1.7439688053917064,43,151
4559,151200080,2018-05-13,5.72,1.9050881545350582,43,147
4560,151200080,2018-05-20,5.67,1.8976198599275325,43,149
4561,151200080,2018-05-30,8.53,2.254444717666111,43,148
4562,151200080,2018-06-04,7.94,2.190535589185423,43,143
4563,151200080,2018-06-07,6.15,1.9671123567059163,43,146
4564,151200080,2018-07-07,3.18,1.430311246536665,43,150
4565,151200080,2018-07-09,2.79,1.332366019094335,43,144
4566,151200080,2018-07-24,3.71,1.5496879080283263,43,145
4567,151200080,2018-08-01,2.84,1.3454723665996355,43,164
4568,151200080,2018-08-08,2.47,1.244154593958768,43,142
4569,151200080,2018-08-23,1.79,1.0260415958332743,43,156
4570,151200080,2018-09-02,1.83,1.0402767116551463,43,162
4571,151200080,2018-09-07,1.94,1.0784095813505903,43,159
4572,151200080,2018-09-12,2.32,1.199964782928397,43,153
4573,151200080,2018-09-20,18.1,2.9496883350525844,43,161
4574,151200080,2018-10-10,2.91,1.3635373739972745,43,157
4575,151200080,2018-10-12,3.25,1.4469189829363254,43,158
4576,151200080,2018-10-15,3.01,1.3887912413184778,43,160
4577,151200080,2018-10-17,2.71,1.3110318766193438,43,163
4578,151200080,2018-11-06,2.26,1.1817271953786161,43,141
4579,150190330,2018-05-03,0.32,0.2776317365982795,35,172
4580,150190330,2018-05-10,0.38,0.32208349916911333,35,166
4581,150190330,2018-05-13,0.4,0.33647223662121295,35,163
4582,150190330,2018-06-07,0.35,0.30010459245033805,35,161
4583,150190330,2018-08-03,0.36,0.3074846997479606,35,162
4584,150190330,2018-08-13,0.36,0.3074846997479606,35,164
4585,150190330,2018-08-23,0.35,0.30010459245033805,35,165
4586,150190330,2018-09-20,0.39,0.3293037471426004,35,167
4587,150190330,2018-10-05,0.34,0.29266961396282,35,168
4588,150190330,2018-10-10,0.34,0.29266961396282,35,169
4589,150190330,2018-10-12,0.35,0.30010459245033805,35,170
4590,150190330,2018-10-15,0.34,0.29266961396282,35,171
4591,153160250,2018-05-04,0.31,0.27002713721306015,27,147
4592,153160250,2018-05-06,0.31,0.27002713721306015,27,146
4593,153160250,2018-05-09,0.36,0.3074846997479606,27,144
4594,153160250,2018-05-14,1.05,0.7178397931503169,27,141
4595,153160250,2018-05-19,0.43,0.3576744442718159,27,140
4596,153160250,2018-05-29,0.48,0.3920420877760237,27,135
4597,153160250,2018-06-03,0.7,0.5306282510621704,27,138
4598,153160250,2018-06-08,0.56,0.44468582126144574,27,139
4599,153160250,2018-06-20,0.33,0.2851789422336624,27,136
4600,153160250,2018-07-05,0.35,0.30010459245033805,27,137
4601,153160250,2018-07-15,0.2,0.18232155679395462,27,142
4602,153160250,2018-07-25,0.15,0.13976194237515868,27,143
4603,153160250,2018-08-04,0.13,0.12221763272424921,27,148
4604,153160250,2018-08-09,0.12,0.11332868530700317,27,150
4605,153160250,2018-08-22,0.1,0.09531017980432487,27,145
4606,153160250,2018-10-06,0.11,0.10436001532424277,27,152
4607,153160250,2018-10-11,0.09,0.08617769624105233,27,149
4608,153160250,2018-10-13,0.09,0.08617769624105233,27,151
4609,153160250,2018-10-31,0.11,0.10436001532424277,27,133
4610,153160250,2018-11-07,0.09,0.08617769624105233,27,134
4611,153140110,2018-05-04,3.0,1.3862943611198906,28,216
4612,153140110,2018-05-09,2.85,1.3480731482996928,28,220
4613,153140110,2018-05-14,2.8,1.33500106673234,28,218
4614,153140110,2018-05-19,2.75,1.3217558399823195,28,219
4615,153140110,2018-05-24,2.7,1.308332819650179,28,217
4616,153140110,2018-05-29,2.8,1.33500106673234,28,213
4617,153140110,2018-06-03,2.85,1.3480731482996928,28,223
4618,153140110,2018-06-08,2.9,1.3609765531356006,28,214
4619,153140110,2018-07-03,2.32,1.199964782928397,28,222
4620,153140110,2018-07-23,1.49,0.9122827104766162,28,215
4621,153140110,2018-08-07,1.14,0.76080582903376,28,211
4622,153140110,2018-08-17,1.02,0.7030975114131134,28,212
4623,153140110,2018-08-22,0.95,0.6678293725756554,28,210
4624,153140110,2018-10-06,1.03,0.708035793053696,28,221
4625,153140110,2018-10-11,0.9,0.6418538861723948,28,208
4626,153140110,2018-10-16,0.85,0.6151856390902335,28,209
4627,153140110,2018-10-21,0.82,0.598836501088704,28,225
4628,153140110,2018-10-31,0.85,0.6151856390902335,28,224
4629,151230030,2018-05-12,2.07,1.1216775615991057,47,129
4630,151230030,2018-05-27,3.74,1.556037135706985,47,126
4631,151230030,2018-05-30,5.05,1.80005827204275,47,122
4632,151230030,2018-06-01,6.11,1.9615022438151495,47,125
4633,151230030,2018-06-06,9.54,2.355177543113216,47,128
4634,151230030,2018-06-09,7.81,2.175887439948088,47,121
4635,151230030,2018-07-06,0.8,0.5877866649021191,47,132
4636,151230030,2018-08-08,0.47,0.3852624007906449,47,130
4637,151230030,2018-08-13,0.39,0.3293037471426004,47,127
4638,151230030,2018-08-20,0.33,0.2851789422336624,47,124
4639,151230030,2018-08-23,0.26,0.23111172096338664,47,123
4640,151230030,2018-08-30,0.35,0.30010459245033805,47,131
4641,151230030,2018-10-12,0.3,0.26236426446749106,47,118
4642,151230030,2018-10-14,0.3,0.26236426446749106,47,119
4643,151230030,2018-11-08,0.33,0.2851789422336624,47,120
4644,149220030,2018-10-09,15.7,2.8154087194227095,38,120
4645,149220030,2018-10-12,16.7,2.8735646395797834,38,119
4646,149220030,2018-10-14,15.5,2.803360380906535,38,118
4647,149220030,2018-10-17,15.7,2.8154087194227095,38,121
4648,149180300,2018-05-03,25.2,3.265759410767051,18,6
4649,149180300,2018-05-13,58.6,4.087655574071304,18,5
4650,149180300,2018-06-07,33.5,3.5409593240373143,18,3
4651,149180300,2018-09-10,13.8,2.6946271807700692,18,4
4652,149180300,2018-09-20,140.0,4.948759890378168,18,7
4653,149180300,2018-10-05,14.8,2.760009940032921,18,8
4654,149180300,2018-10-10,15.2,2.785011242238338,18,9
4655,149180300,2018-10-15,15.0,2.772588722239781,18,2
4656,150170030,2018-10-10,3.01,1.3887912413184778,20,109
4657,150170030,2018-10-13,3.05,1.3987168811184478,20,110
4658,150170030,2018-10-15,3.05,1.3987168811184478,20,108
4659,151180010,2018-05-06,0.5,0.4054651081081644,25,150
4660,151180010,2018-05-08,0.55,0.4382549309311553,25,149
4661,151180010,2018-05-11,0.66,0.5068176023684519,25,158
4662,151180010,2018-05-13,1.26,0.8153648132841945,25,147
4663,151180010,2018-05-21,1.28,0.8241754429663495,25,151
4664,151180010,2018-06-07,1.57,0.9439058989071285,25,145
4665,151180010,2018-07-05,0.47,0.3852624007906449,25,148
4666,151180010,2018-07-07,0.43,0.3576744442718159,25,143
4667,151180010,2018-08-01,0.3,0.26236426446749106,25,146
4668,151180010,2018-08-09,0.22,0.1988508587451652,25,153
4669,151180010,2018-08-29,0.39,0.3293037471426004,25,154
4670,151180010,2018-09-10,0.2,0.18232155679395462,25,152
4671,151180010,2018-09-20,0.77,0.5709795465857378,25,156
4672,151180010,2018-10-10,0.13,0.12221763272424921,25,157
4673,151180010,2018-10-13,0.16,0.14842000511827327,25,155
4674,151180010,2018-10-15,0.14,0.1310282624064041,25,144
4675,151200040,2018-06-07,3.65,1.536867219599265,43,140
4676,151200040,2018-08-08,1.24,0.8064758658669485,43,135
4677,151200040,2018-10-10,1.56,0.9400072584914712,43,136
4678,151200040,2018-10-12,1.42,0.8837675401685949,43,138
4679,151200040,2018-10-15,1.37,0.8628899551470399,43,137
4680,151200040,2018-11-06,1.33,0.8458682675776092,43,139
4681,150230050,2018-05-12,2.24,1.1755733298042381,41,185
4682,150230050,2018-05-27,1.78,1.0224509277025458,41,186
4683,150230050,2018-05-30,2.55,1.2669476034873244,41,184
4684,150230050,2018-06-01,3.6,1.5260563034950494,41,182
4685,150230050,2018-06-06,1.87,1.0543120297715298,41,183
4686,150230050,2018-06-09,1.06,0.7227059828014898,41,192
4687,150230050,2018-06-21,0.95,0.6678293725756554,41,193
4688,150230050,2018-08-03,0.75,0.5596157879354227,41,191
4689,150230050,2018-08-08,0.6,0.4700036292457356,41,181
4690,150230050,2018-08-13,0.66,0.5068176023684519,41,187
4691,150230050,2018-08-20,0.64,0.49469624183610705,41,189
4692,150230050,2018-08-23,0.57,0.4510756193602167,41,188
4693,150230050,2018-09-02,0.54,0.43178241642553783,41,190
4694,150230050,2018-10-12,0.97,0.6780335427498971,41,178
4695,150230050,2018-10-14,1.25,0.8109302162163288,41,179
4696,150230050,2018-11-08,0.67,0.5128236264286637,41,180
4697,151160140,2018-05-04,5.82,1.9198594718553708,21,108
4698,151160140,2018-05-06,5.36,1.8500283773520307,21,103
4699,151160140,2018-05-21,14.6,2.747270914255491,21,115
4700,151160140,2018-05-26,18.0,2.9444389791664403,21,116
4701,151160140,2018-05-29,17.9,2.9391619220655967,21,104
4702,151160140,2018-07-03,3.89,1.5871923034867808,21,105
4703,151160140,2018-07-15,2.65,1.2947271675944,21,102
4704,151160140,2018-07-20,6.78,2.0515563381903004,21,107
4705,151160140,2018-08-07,3.19,1.4327007339340463,21,106
4706,151160140,2018-08-27,1.69,0.9895411936137477,21,109
4707,151160140,2018-08-29,1.81,1.0331844833456545,21,110
4708,151160140,2018-09-03,1.68,0.9858167945227653,21,111
4709,151160140,2018-10-13,1.0,0.6931471805599453,21,112
4710,151160140,2018-10-16,0.91,0.6471032420585385,21,113
4711,151160140,2018-10-31,0.72,0.5423242908253616,21,114
4712,149190260,2018-05-03,1.04,0.712949807856125,35,49
4713,149190260,2018-05-10,6.49,2.0135687975291283,35,57
4714,149190260,2018-05-13,7.29,2.115049969147204,35,48
4715,149190260,2018-06-07,2.51,1.2556160374777745,35,51
4716,149190260,2018-08-03,1.01,0.6981347220709844,35,46
4717,149190260,2018-08-13,0.67,0.5128236264286637,35,47
4718,149190260,2018-09-07,0.54,0.43178241642553783,35,55
4719,149190260,2018-09-20,21.3,3.104586678466073,35,50
4720,149190260,2018-10-05,1.68,0.9858167945227653,35,56
4721,149190260,2018-10-10,0.89,0.636576829071551,35,54
4722,149190260,2018-10-12,4.78,1.7544036826842861,35,52
4723,149190260,2018-10-15,2.06,1.1184149159642893,35,53
4724,149190260,2018-11-06,1.27,0.8197798314933114,35,58
4725,153220160,2018-05-10,18.7,2.9806186357439426,45,216
4726,153220170,2018-05-10,31.9,3.493472657771326,45,39
4727,153220160,2018-06-04,25.9,3.292126286607793,45,219
4728,153220160,2018-06-09,22.8,3.169685580677429,45,214
4729,153220170,2018-06-09,58.3,4.08260930600368,45,35
4730,153220160,2018-07-19,8.14,2.2126603854660587,45,217
4731,153220170,2018-07-19,11.3,2.509599262378372,45,38
4732,153220160,2018-08-08,3.93,1.5953389880545987,45,215
4733,153220170,2018-08-08,4.5,1.7047480922384253,45,37
4734,153220160,2018-08-23,3.18,1.430311246536665,45,213
4735,153220170,2018-08-23,3.39,1.47932922708708,45,36
4736,153220160,2018-10-12,4.15,1.6389967146756448,45,212
4737,153220170,2018-10-12,7.5,2.1400661634962708,45,34
4738,153220160,2018-10-17,3.86,1.5810384379124023,45,218
4739,153220170,2018-10-17,6.9,2.066862759472976,45,40
4740,153210090,2018-08-08,50.4,3.9396381724611196,44,66
4741,153210090,2018-10-12,48.2,3.8958936234982624,44,65
4742,153210090,2018-10-15,51.9,3.9684033388642534,44,67
4743,151150020,2018-05-04,1.85,1.0473189942805592,23,114
4744,151150020,2018-05-06,1.85,1.0473189942805592,23,120
4745,151150020,2018-05-14,5.65,1.8946168546677629,23,119
4746,151150020,2018-05-21,1.98,1.091923300517313,23,124
4747,151150020,2018-05-31,2.33,1.2029723039923526,23,118
4748,151150020,2018-07-03,1.54,0.9321640810304452,23,113
4749,151150020,2018-08-07,0.89,0.636576829071551,23,116
4750,151150020,2018-08-17,0.92,0.6523251860396903,23,115
4751,151150020,2018-08-27,2.3,1.1939224684724346,23,117
4752,151150020,2018-08-29,1.42,0.8837675401685949,23,122
4753,151150020,2018-10-11,0.6,0.4700036292457356,23,110
4754,151150020,2018-10-13,0.56,0.44468582126144574,23,121
4755,151150020,2018-10-16,0.57,0.4510756193602167,23,123
4756,151150020,2018-10-31,0.62,0.4824261492442927,23,111
4757,151150020,2018-11-17,0.5,0.4054651081081644,23,112
4758,150220160,2018-05-12,13.6,2.681021528714291,40,66
4759,150220160,2018-05-27,11.0,2.4849066497880004,40,67
4760,150220160,2018-05-30,10.8,2.468099531471619,40,70
4761,150220160,2018-06-01,12.9,2.631888840136646,40,65
4762,150220160,2018-06-06,12.8,2.624668592163159,40,71
4763,150220160,2018-07-04,3.39,1.47932922708708,40,77
4764,150220160,2018-08-03,2.66,1.297463147413275,40,76
4765,150220160,2018-08-13,2.93,1.3686394258811698,40,68
4766,150220160,2018-08-20,3.61,1.5282278570085572,40,72
4767,150220160,2018-08-23,3.09,1.4085449700547104,40,69
4768,150220160,2018-08-30,3.06,1.4011829736136412,40,75
4769,150220160,2018-09-02,2.91,1.3635373739972745,40,73
4770,150220160,2018-10-12,3.19,1.4327007339340463,40,62
4771,150220160,2018-10-14,2.83,1.3428648031925547,40,63
4772,150220160,2018-10-17,2.93,1.3686394258811698,40,74
4773,150220160,2018-11-08,4.87,1.769854633840005,40,64
4774,150190160,2018-10-10,4.39,1.6845453849209058,34,180
4775,150190160,2018-10-12,4.45,1.6956156086751528,34,177
4776,150190160,2018-10-15,6.05,1.9530276168241771,34,178
4777,150190160,2018-11-06,35.1,3.586292865338835,34,179
4778,152180130,2018-05-06,1.39,0.8712933659434192,49,131
4779,152180130,2018-05-08,1.44,0.8919980393051105,49,130
4780,152180130,2018-05-13,1.39,0.8712933659434192,49,133
4781,152180130,2018-05-31,0.83,0.6043159668533296,49,128
4782,152180130,2018-06-07,1.08,0.7323678937132266,49,124
4783,152180130,2018-06-20,0.58,0.4574248470388754,49,125
4784,152180130,2018-07-05,0.24,0.2151113796169455,49,127
4785,152180130,2018-07-07,0.24,0.2151113796169455,49,126
4786,152180130,2018-07-20,0.21,0.1906203596086497,49,134
4787,152180130,2018-08-01,0.07,0.06765864847381481,49,129
4788,152180130,2018-08-04,0.06,0.058268908123975775,49,132
4789,152180130,2018-08-09,0.06,0.058268908123975775,49,135
4790,152180130,2018-09-10,0.016,0.01587334915629015,49,136
4791,152180130,2018-09-20,0.16,0.14842000511827327,49,137
4792,152180130,2018-10-13,0.002,0.001998002662673056,49,138
4793,152180130,2018-10-15,0.002,0.001998002662673056,49,123
4794,151210100,2018-05-30,2.77,1.3270750014599193,42,172
4795,151210100,2018-06-04,4.15,1.6389967146756448,42,175
4796,151210100,2018-06-09,1.43,0.8878912573524571,42,171
4797,151210100,2018-06-29,0.56,0.44468582126144574,42,169
4798,151210100,2018-07-09,0.44,0.36464311358790924,42,170
4799,151210100,2018-07-24,0.42,0.35065687161316933,42,174
4800,151210100,2018-08-08,0.28,0.2468600779315258,42,168
4801,151210100,2018-08-13,0.28,0.2468600779315258,42,177
4802,151210100,2018-08-23,0.29,0.2546422183735807,42,173
4803,151210100,2018-10-12,0.36,0.3074846997479606,42,176
4804,151210100,2018-11-06,0.22,0.1988508587451652,42,167
4805,152180030,2018-06-07,8.96,2.298577071596507,26,115
4806,152180030,2018-10-15,4.1,1.62924053973028,26,114
4807,151220120,2018-05-30,2.87,1.3532545070416904,42,53
4808,151220120,2018-06-01,3.61,1.5282278570085572,42,52
4809,151220120,2018-06-06,4.58,1.7191887763932197,42,51
4810,151220120,2018-06-09,3.22,1.4398351280479205,42,50
4811,151220120,2018-10-12,0.42,0.35065687161316933,42,47
4812,151220120,2018-10-14,0.38,0.32208349916911333,42,48
4813,151220120,2018-11-08,0.44,0.36464311358790924,42,49
4814,152190080,2018-05-06,4.36,1.6789639750827106,49,100
4815,152190080,2018-05-08,4.83,1.763017000362401,49,95
4816,152190080,2018-05-13,7.42,2.130609828254235,49,96
4817,152190080,2018-05-23,5.75,1.9095425048844383,49,101
4818,152190080,2018-05-31,8.06,2.203869120054888,49,90
4819,152190080,2018-06-07,10.7,2.4595888418037104,49,88
4820,152190080,2018-07-05,4.37,1.6808279085207734,49,93
4821,152190080,2018-07-07,3.97,1.6034198401085373,49,91
4822,152190080,2018-08-01,2.13,1.1410330045520618,49,89
4823,152190080,2018-08-04,2.34,1.205970806988609,49,94
4824,152190080,2018-08-09,2.11,1.1346227261911428,49,92
4825,152190080,2018-09-10,1.74,1.007957920399979,49,97
4826,152190080,2018-09-20,2.36,1.2119409739751128,49,98
4827,152190080,2018-10-13,1.35,0.8544153281560676,49,99
4828,152190080,2018-10-15,1.26,0.8153648132841945,49,87
4829,154190100,2018-05-06,1.09,0.7371640659767197,51,162
4830,154190100,2018-05-08,1.23,0.8020015854720274,51,164
4831,154190100,2018-05-11,5.59,1.8855533485144158,51,166
4832,154190100,2018-05-13,6.48,2.012232791986386,51,160
4833,154190100,2018-05-21,1.89,1.0612565021243408,51,170
4834,154190100,2018-05-31,1.87,1.0543120297715298,51,159
4835,154190100,2018-06-07,1.89,1.0612565021243408,51,157
4836,154190100,2018-06-17,1.69,0.9895411936137477,51,158
4837,154190100,2018-06-20,1.83,1.0402767116551463,51,155
4838,154190100,2018-07-05,1.58,0.9477893989335261,51,156
4839,154190100,2018-07-15,0.94,0.6626879730752367,51,165
4840,154190100,2018-08-04,0.56,0.44468582126144574,51,161
4841,154190100,2018-08-09,0.71,0.5364933705145685,51,169
4842,154190100,2018-09-10,0.51,0.412109650826833,51,168
4843,154190100,2018-10-13,0.44,0.36464311358790924,51,167
4844,154190100,2018-10-15,0.47,0.3852624007906449,51,163
4845,152230050,2018-05-12,3.73,1.5539252025038417,47,161
4846,152230050,2018-05-30,6.88,2.064327903869788,47,168
4847,152230050,2018-06-01,8.38,2.238579763018133,47,162
4848,152230050,2018-06-06,15.2,2.785011242238338,47,167
4849,152230050,2018-06-09,11.0,2.4849066497880004,47,163
4850,152230050,2018-07-06,1.58,0.9477893989335261,47,170
4851,152230050,2018-08-08,0.71,0.5364933705145685,47,169
4852,152230050,2018-08-13,0.6,0.4700036292457356,47,171
4853,152230050,2018-08-20,0.47,0.3852624007906449,47,174
4854,152230050,2018-08-23,0.45,0.37156355643248307,47,172
4855,152230050,2018-08-30,0.45,0.37156355643248307,47,173
4856,152230050,2018-10-12,0.45,0.37156355643248307,47,164
4857,152230050,2018-10-14,0.46,0.3784364357202451,47,165
4858,152230050,2018-11-08,0.51,0.412109650826833,47,166
4859,149190150,2018-05-13,6.92,2.0693912058263346,34,230
4860,149190150,2018-06-07,2.57,1.2725655957915476,34,229
4861,149190150,2018-07-04,1.6,0.9555114450274365,34,232
4862,149190150,2018-08-03,2.78,1.3297240096314962,34,231
4863,149190150,2018-08-13,1.6,0.9555114450274365,34,233
4864,149190150,2018-09-07,2.16,1.1505720275988207,34,240
4865,149190150,2018-09-10,4.23,1.6544112780768316,34,238
4866,149190150,2018-09-12,2.41,1.2267122912954256,34,234
4867,149190150,2018-09-20,68.1,4.235554730773624,34,236
4868,149190150,2018-10-05,10.3,2.424802725718295,34,237
4869,149190150,2018-10-10,2.3,1.1939224684724346,34,235
4870,149190150,2018-10-12,5.08,1.8050046959780757,34,226
4871,149190150,2018-10-15,2.33,1.2029723039923526,34,227
4872,149190150,2018-11-06,5.09,1.8066480817218056,34,228
4873,149190150,2018-11-11,1.77,1.0188473201992472,34,239
4874,154200040,2018-05-08,0.91,0.6471032420585385,52,31
4875,154200040,2018-05-13,4.03,1.6154199841116479,52,30
4876,154200040,2018-06-07,2.21,1.1662709371419244,52,28
4877,154200040,2018-06-17,3.07,1.4036429994545037,52,29
4878,152210020,2018-08-08,0.68,0.5187937934151676,43,187
4879,152210020,2018-10-10,0.96,0.6729444732424258,43,185
4880,152210020,2018-10-12,1.28,0.8241754429663495,43,189
4881,152210020,2018-10-15,1.23,0.8020015854720274,43,188
4882,152210020,2018-11-06,0.7,0.5306282510621704,43,186
4883,151160100,2018-05-06,4.3,1.667706820558076,21,11
4884,151160100,2018-05-21,6.77,2.050270164379556,21,10
4885,151160100,2018-05-29,8.05,2.2027647577118348,21,9
4886,151160100,2018-05-31,7.52,2.1424163408412245,21,12
4887,151160100,2018-07-03,3.24,1.4445632692438664,21,7
4888,151160100,2018-07-20,3.75,1.55814461804655,21,13
4889,151160100,2018-08-07,1.77,1.0188473201992472,21,8
4890,151160100,2018-08-17,1.84,1.0438040521731147,21,16
4891,151160100,2018-08-27,2.03,1.1085626195212777,21,14
4892,151160100,2018-10-11,1.26,0.8153648132841945,21,5
4893,151160100,2018-10-13,1.13,0.7561219797213337,21,15
4894,151160100,2018-10-31,1.17,0.7747271675523681,21,6
4895,153220010,2018-05-03,96.2,4.576770711466393,44,46
4896,153220010,2018-05-08,93.0,4.543294782270004,44,41
4897,153220010,2018-05-10,92.6,4.539030383483547,44,43
4898,153220010,2018-05-30,124.0,4.8283137373023015,44,40
4899,153220010,2018-06-07,155.0,5.049856007249537,44,38
4900,153220010,2018-06-09,164.0,5.10594547390058,44,37
4901,153220010,2018-06-29,131.0,4.882801922586371,44,39
4902,153220010,2018-07-09,92.3,4.535820107853298,44,36
4903,153220010,2018-07-24,48.2,3.8958936234982624,44,42
4904,153220010,2018-08-08,26.3,3.306886702190914,44,35
4905,153220010,2018-08-23,20.0,3.044522437723423,44,44
4906,153220010,2018-09-12,19.8,3.0349529867072724,44,45
4907,153220010,2018-10-12,23.0,3.1780538303479458,44,34
4908,150150050,2018-05-06,1.29,0.8285518175661483,22,165
4909,150150050,2018-05-21,1.21,0.7929925155296614,22,164
4910,150150050,2018-07-03,1.27,0.8197798314933114,22,169
4911,150150050,2018-07-20,1.03,0.708035793053696,22,167
4912,150150050,2018-08-07,0.72,0.5423242908253616,22,162
4913,150150050,2018-08-27,1.1,0.7419373447293773,22,168
4914,150150050,2018-10-11,0.45,0.37156355643248307,22,160
4915,150150050,2018-10-13,0.39,0.3293037471426004,22,163
4916,150150050,2018-10-16,0.38,0.32208349916911333,22,166
4917,150150050,2018-10-31,0.41,0.3435897043900769,22,161
4918,154160100,2018-05-06,0.34,0.29266961396282,30,144
4919,154160100,2018-05-14,2.59,1.2781522025001875,30,152
4920,154160100,2018-05-19,0.74,0.5538851132264376,30,145
4921,154160100,2018-05-24,0.76,0.5653138090500605,30,141
4922,154160100,2018-05-29,0.71,0.5364933705145685,30,135
4923,154160100,2018-06-03,1.47,0.9042181506398859,30,139
4924,154160100,2018-06-05,1.25,0.8109302162163288,30,140
4925,154160100,2018-06-08,0.79,0.5822156198526637,30,136
4926,154160100,2018-06-10,0.68,0.5187937934151676,30,142
4927,154160100,2018-06-20,0.56,0.44468582126144574,30,137
4928,154160100,2018-06-28,0.48,0.3920420877760237,30,143
4929,154160100,2018-07-20,0.33,0.2851789422336624,30,153
4930,154160100,2018-07-23,0.31,0.27002713721306015,30,150
4931,154160100,2018-07-25,0.3,0.26236426446749106,30,148
4932,154160100,2018-07-30,0.26,0.23111172096338664,30,138
4933,154160100,2018-08-22,0.36,0.3074846997479606,30,147
4934,154160100,2018-09-03,0.22,0.1988508587451652,30,146
4935,154160100,2018-10-06,0.33,0.2851789422336624,30,149
4936,154160100,2018-10-11,0.31,0.27002713721306015,30,132
4937,154160100,2018-10-13,0.34,0.29266961396282,30,151
4938,154160100,2018-10-31,0.28,0.2468600779315258,30,133
4939,154160100,2018-11-07,0.26,0.23111172096338664,30,134
4940,150150060,2018-05-29,10.7,2.4595888418037104,22,63
4941,150150060,2018-05-31,3.3,1.4586150226995167,22,57
4942,150150060,2018-07-03,6.9,2.066862759472976,22,56
4943,150150060,2018-08-07,3.4,1.4816045409242156,22,58
4944,150150060,2018-08-27,3.3,1.4586150226995167,22,59
4945,150150060,2018-08-29,5.0,1.791759469228055,22,62
4946,150150060,2018-10-11,3.3,1.4586150226995167,22,55
4947,150150060,2018-10-13,3.4,1.4816045409242156,22,60
4948,150150060,2018-10-16,3.2,1.4350845252893227,22,61
4949,150150060,2018-10-31,3.2,1.4350845252893227,22,54
4950,153160180,2018-05-29,37.6,3.653252276470785,27,101
4951,153160180,2018-10-11,19.8,3.0349529867072724,27,103
4952,153160180,2018-10-13,20.1,3.0492730404820207,27,102
4953,153160180,2018-10-31,18.5,2.970414465569701,27,99
4954,153160180,2018-11-07,18.7,2.9806186357439426,27,100
4955,150200080,2018-06-07,18.7,2.9806186357439426,37,75
4956,150200080,2018-07-04,7.95,2.191653532286764,37,76
4957,150200080,2018-07-24,7.67,2.1598687907924505,37,77
4958,150200080,2018-10-10,5.65,1.8946168546677629,37,73
4959,150200080,2018-10-12,8.78,2.280339484046726,37,74
4960,153210190,2018-06-09,35.1,3.586292865338835,45,249
4961,153210190,2018-10-12,8.24,2.2235418856535927,45,248
4962,151180020,2018-07-07,5.19,1.8229350866965048,25,86
4963,151180020,2018-10-10,1.29,0.8285518175661483,25,87
4964,151180020,2018-10-13,1.3,0.832909122935104,25,88
4965,151180020,2018-10-15,1.3,0.832909122935104,25,85
4966,150190190,2018-05-03,0.33,0.2851789422336624,34,25
4967,150190190,2018-05-05,0.33,0.2851789422336624,34,17
4968,150190190,2018-05-10,0.48,0.3920420877760237,34,23
4969,150190190,2018-05-13,0.67,0.5128236264286637,34,21
4970,150190190,2018-06-07,0.5,0.4054651081081644,34,16
4971,150190190,2018-07-04,0.25,0.22314355131420976,34,19
4972,150190190,2018-08-01,0.35,0.30010459245033805,34,22
4973,150190190,2018-08-13,0.31,0.27002713721306015,34,20
4974,150190190,2018-08-23,0.22,0.1988508587451652,34,26
4975,150190190,2018-09-12,0.25,0.22314355131420976,34,24
4976,150190190,2018-10-07,0.22,0.1988508587451652,34,27
4977,150190190,2018-10-10,0.21,0.1906203596086497,34,18
4978,150190190,2018-10-12,0.24,0.2151113796169455,34,12
4979,150190190,2018-10-15,0.24,0.2151113796169455,34,13
4980,150190190,2018-11-06,0.14,0.1310282624064041,34,14
4981,150190190,2018-11-11,0.13,0.12221763272424921,34,15
4982,152230040,2018-05-07,12.3,2.5877640352277083,43,228
4983,152230040,2018-05-10,13.6,2.681021528714291,43,227
4984,152230040,2018-05-12,16.2,2.8449093838194073,43,224
4985,152230040,2018-05-27,10.8,2.468099531471619,43,223
4986,152230040,2018-05-30,10.4,2.4336133554004498,43,219
4987,152230040,2018-06-01,11.7,2.5416019934645457,43,220
4988,152230040,2018-06-04,22.1,3.139832617527748,43,221
4989,152230040,2018-06-09,25.9,3.292126286607793,43,216
4990,152230040,2018-06-29,10.7,2.4595888418037104,43,229
4991,152230040,2018-08-08,4.17,1.6428726885203377,43,222
4992,152230040,2018-08-20,3.63,1.5325568680981427,43,226
4993,152230040,2018-08-23,3.8,1.5686159179138452,43,225
4994,152230040,2018-10-12,2.56,1.269760544863939,43,217
4995,152230040,2018-10-14,2.45,1.2383742310432684,43,218
4996,151180140,2018-05-06,9.14,2.316487998163037,24,165
4997,151180140,2018-05-08,9.75,2.374905754573672,24,164
4998,151180140,2018-05-13,11.6,2.533696813957432,24,161
4999,151180140,2018-06-07,12.8,2.624668592163159,24,162
5000,151180140,2018-07-05,8.87,2.28949985344539,24,166
5001,151180140,2018-07-07,7.87,2.1826747963214883,24,168
5002,151180140,2018-08-01,7.39,2.127040520479115,24,163
5003,151180140,2018-08-04,6.35,1.9947003132247452,24,174
5004,151180140,2018-08-09,5.7,1.9021075263969205,24,170
5005,151180140,2018-08-29,6.38,1.998773638612381,24,172
5006,151180140,2018-09-10,5.55,1.8794650496471605,24,167
5007,151180140,2018-09-20,13.2,2.653241964607215,24,169
5008,151180140,2018-10-10,6.36,1.9960599327407849,24,171
5009,151180140,2018-10-13,6.54,2.020222182019865,24,173
5010,151180140,2018-10-15,6.31,1.9892432737616872,24,160
5011,149180230,2018-05-13,0.67,0.5128236264286637,33,199
5012,149180230,2018-06-07,0.27,0.23901690047049992,33,202
5013,149180230,2018-09-07,0.17,0.15700374880966475,33,203
5014,149180230,2018-09-10,0.16,0.14842000511827327,33,201
5015,149180230,2018-09-20,12.1,2.5726122302071057,33,200
5016,149180230,2018-10-05,0.17,0.15700374880966475,33,204
5017,149180230,2018-10-15,0.19,0.173953307123438,33,198
5018,154170130,2018-05-04,0.91,0.6471032420585385,31,240
5019,154170130,2018-05-06,0.93,0.6575200029167942,31,237
5020,154170130,2018-05-14,1.72,1.000631880307906,31,228
5021,154170130,2018-05-19,0.93,0.6575200029167942,31,232
5022,154170130,2018-05-24,1.1,0.7419373447293773,31,234
5023,154170130,2018-05-29,1.02,0.7030975114131134,31,233
5024,154170130,2018-05-31,0.94,0.6626879730752367,31,227
5025,154170130,2018-06-03,1.06,0.7227059828014898,31,226
5026,154170130,2018-06-08,1.05,0.7178397931503169,31,239
5027,154170130,2018-06-10,0.99,0.688134638736401,31,229
5028,154170130,2018-06-20,0.96,0.6729444732424258,31,230
5029,154170130,2018-07-15,0.78,0.5766133643039938,31,231
5030,154170130,2018-07-20,0.77,0.5709795465857378,31,241
5031,154170130,2018-08-17,0.6,0.4700036292457356,31,238
5032,154170130,2018-08-22,0.67,0.5128236264286637,31,242
5033,154170130,2018-10-06,0.69,0.5247285289349821,31,235
5034,154170130,2018-10-11,0.67,0.5128236264286637,31,223
5035,154170130,2018-10-13,0.67,0.5128236264286637,31,236
5036,154170130,2018-10-31,0.68,0.5187937934151676,31,224
5037,154170130,2018-11-07,0.67,0.5128236264286637,31,225
5038,149220140,2018-05-02,0.68,0.5187937934151676,38,238
5039,149220140,2018-05-07,0.7,0.5306282510621704,38,232
5040,149220140,2018-05-12,9.46,2.347558458636777,38,233
5041,149220140,2018-05-30,1.79,1.0260415958332743,38,236
5042,149220140,2018-06-06,3.05,1.3987168811184478,38,242
5043,149220140,2018-08-20,0.7,0.5306282510621704,38,239
5044,149220140,2018-08-23,0.91,0.6471032420585385,38,237
5045,149220140,2018-08-28,2.0,1.0986122886681096,38,240
5046,149220140,2018-08-30,2.48,1.247032293786383,38,243
5047,149220140,2018-10-12,0.5,0.4054651081081644,38,241
5048,149220140,2018-10-14,0.45,0.37156355643248307,38,234
5049,149220140,2018-11-08,0.36,0.3074846997479606,38,235
5050,150210100,2018-05-30,7.3,2.1162555148025524,37,194
5051,150210100,2018-08-03,1.92,1.0715836162801904,37,196
5052,150210100,2018-08-13,2.68,1.3029127521808397,37,197
5053,150210100,2018-10-12,2.33,1.2029723039923526,37,195
5054,152140130,2018-05-04,146.0,4.990432586778736,18,91
5055,152140130,2018-05-06,141.0,4.955827057601261,18,92
5056,152140130,2018-05-14,208.0,5.342334251964811,18,89
5057,152140130,2018-05-21,226.0,5.424950017481403,18,88
5058,152140130,2018-05-26,226.0,5.424950017481403,18,106
5059,152140130,2018-05-29,209.0,5.3471075307174685,18,87
5060,152140130,2018-05-31,217.0,5.384495062789089,18,94
5061,152140130,2018-07-03,128.0,4.859812404361672,18,101
5062,152140130,2018-07-23,124.0,4.8283137373023015,18,99
5063,152140130,2018-08-04,112.0,4.727387818712341,18,93
5064,152140130,2018-08-07,94.1,4.554928969551344,18,96
5065,152140130,2018-08-09,130.0,4.875197323201151,18,98
5066,152140130,2018-08-17,97.8,4.593097604753822,18,97
5067,152140130,2018-08-22,92.0,4.532599493153256,18,95
5068,152140130,2018-08-29,81.2,4.409155302062135,18,103
5069,152140130,2018-09-03,89.0,4.499809670330265,18,102
5070,152140130,2018-09-18,87.3,4.480740107609915,18,100
5071,152140130,2018-10-11,80.4,4.399375273008495,18,86
5072,152140130,2018-10-13,67.6,4.22829253473184,18,104
5073,152140130,2018-10-16,74.0,4.31748811353631,18,107
5074,152140130,2018-10-31,71.6,4.28496492183075,18,105
5075,152140130,2018-11-17,83.6,4.437934266612178,18,90
5076,150200100,2018-05-03,51.4,3.9589065913269965,32,224
5077,150200100,2018-05-10,91.8,4.530446639792155,32,217
5078,150200100,2018-05-13,102.0,4.634728988229636,32,219
5079,150200100,2018-06-07,80.5,4.400603020246817,32,216
5080,150200100,2018-08-03,55.8,4.039536325727106,32,218
5081,150200100,2018-08-13,64.2,4.177459468932607,32,222
5082,150200100,2018-08-23,50.6,3.9435216724875173,32,228
5083,150200100,2018-09-07,52.7,3.983413001514819,32,223
5084,150200100,2018-09-20,369.0,5.91350300563827,32,226
5085,150200100,2018-10-05,53.0,3.9889840465642745,32,220
5086,150200100,2018-10-10,45.2,3.832979798087693,32,227
5087,150200100,2018-10-12,65.5,4.197201947661808,32,225
5088,150200100,2018-10-15,59.2,4.097672352314776,32,221
5089,150190150,2018-05-13,1.42,0.8837675401685949,23,212
5090,150190150,2018-06-07,1.7,0.9932517730102834,23,210
5091,150190150,2018-10-10,1.52,0.924258901523332,23,211
5092,150190150,2018-10-15,1.29,0.8285518175661483,23,209
5093,150140010,2018-10-11,0.94,0.6626879730752367,23,47
5094,150140010,2018-10-13,0.93,0.6575200029167942,23,50
5095,150140010,2018-10-16,1.21,0.7929925155296614,23,51
5096,150140010,2018-10-31,1.6,0.9555114450274365,23,48
5097,150140010,2018-11-17,1.27,0.8197798314933114,23,49
5098,149200010,2018-08-03,1.35,0.8544153281560676,36,192
5099,149200010,2018-08-28,10.7,2.4595888418037104,36,195
5100,149200010,2018-09-20,7.66,2.1587147225743437,36,194
5101,149200010,2018-10-05,1.36,0.8586616190375187,36,193
5102,149200010,2018-10-10,1.13,0.7561219797213337,36,189
5103,149200010,2018-10-12,1.36,0.8586616190375187,36,186
5104,149200010,2018-10-15,2.88,1.355835153635182,36,187
5105,149200010,2018-10-17,1.63,0.9669838461896731,36,190
5106,149200010,2018-11-06,1.8,1.0296194171811583,36,188
5107,152230020,2018-05-12,5.03,1.7967470107390942,47,141
5108,152230020,2018-05-27,6.82,2.05668455455722,47,146
5109,152230020,2018-05-30,7.29,2.115049969147204,47,138
5110,152230020,2018-06-01,9.73,2.373043556642607,47,136
5111,152230020,2018-06-06,19.8,3.0349529867072724,47,140
5112,152230020,2018-06-09,8.01,2.1983350716202463,47,139
5113,152230020,2018-07-06,2.66,1.297463147413275,47,137
5114,152230020,2018-08-08,1.53,0.9282193027394289,47,144
5115,152230020,2018-08-20,1.04,0.712949807856125,47,145
5116,152230020,2018-08-23,1.02,0.7030975114131134,47,142
5117,152230020,2018-08-30,1.34,0.8501509293696101,47,143
5118,152230020,2018-10-12,1.23,0.8020015854720274,47,133
5119,152230020,2018-10-14,1.34,0.8501509293696101,47,134
5120,152230020,2018-11-08,1.18,0.7793248768009976,47,135
5121,152180060,2018-06-07,1.54,0.9321640810304452,25,9
5122,152180060,2018-07-07,0.25,0.22314355131420976,25,8
5123,152180060,2018-10-15,0.07,0.06765864847381481,25,6
5124,152180060,2018-11-17,0.07,0.06765864847381481,25,7
5125,154230010,2018-05-10,1.68,0.9858167945227653,52,181
5126,154230010,2018-05-20,2.29,1.1908875647772805,52,172
5127,154230010,2018-05-30,1.84,1.0438040521731147,52,173
5128,154230010,2018-06-04,2.98,1.3812818192963463,52,174
5129,154230010,2018-06-09,2.46,1.2412685890696329,52,175
5130,154230010,2018-07-09,1.25,0.8109302162163288,52,176
5131,154230010,2018-07-22,0.98,0.6830968447064438,52,177
5132,154230010,2018-08-03,0.72,0.5423242908253616,52,184
5133,154230010,2018-08-08,0.65,0.5007752879124893,52,183
5134,154230010,2018-08-23,0.71,0.5364933705145685,52,178
5135,154230010,2018-09-10,0.73,0.5481214085096876,52,179
5136,154230010,2018-09-20,1.16,0.7701082216960736,52,180
5137,154230010,2018-10-12,0.86,0.6205764877251099,52,171
5138,154230010,2018-10-15,0.79,0.5822156198526637,52,182
5139,154230010,2018-10-17,0.8,0.5877866649021191,52,185
5140,152160140,2018-10-13,36.0,3.6109179126442243,24,70
5141,152160140,2018-11-07,35.1,3.586292865338835,24,69
5142,154210020,2018-05-05,6.44,2.0068708488450007,52,43
5143,154210020,2018-05-08,6.12,1.9629077254238845,52,40
5144,154210020,2018-05-10,6.88,2.064327903869788,52,41
5145,154210020,2018-05-13,13.0,2.639057329615259,52,37
5146,154210020,2018-05-20,7.81,2.175887439948088,52,33
5147,154210020,2018-05-30,6.83,2.057962510002712,52,34
5148,154210020,2018-06-07,15.8,2.8213788864092133,52,38
5149,154210020,2018-06-09,12.9,2.631888840136646,52,35
5150,154210020,2018-06-17,10.9,2.4765384001174837,52,36
5151,154210020,2018-07-04,5.02,1.7950872593207297,52,44
5152,154210020,2018-08-08,2.41,1.2267122912954256,52,39
5153,154210020,2018-08-23,1.53,0.9282193027394289,52,42
5154,154210020,2018-09-07,1.35,0.8544153281560676,52,46
5155,154210020,2018-09-10,0.96,0.6729444732424258,52,45
5156,154210020,2018-10-10,1.47,0.9042181506398859,52,48
5157,154210020,2018-10-12,1.24,0.8064758658669485,52,32
5158,154210020,2018-10-15,1.84,1.0438040521731147,52,47
5159,153220080,2018-05-08,14.5,2.740840023925201,45,188
5160,153220080,2018-05-10,14.6,2.747270914255491,45,190
5161,153220080,2018-05-30,11.6,2.533696813957432,45,187
5162,153220080,2018-06-07,15.7,2.8154087194227095,45,185
5163,153220080,2018-06-09,14.9,2.766319109226186,45,186
5164,153220080,2018-06-27,13.1,2.6461747973841225,45,196
5165,153220080,2018-07-09,9.4,2.341805806147327,45,189
5166,153220080,2018-07-24,4.06,1.6213664832993742,45,192
5167,153220080,2018-08-08,2.76,1.324418957401803,45,191
5168,153220080,2018-08-23,2.11,1.1346227261911428,45,193
5169,153220080,2018-09-10,2.21,1.1662709371419244,45,194
5170,153220080,2018-09-20,2.42,1.2296405510745139,45,195
5171,153220080,2018-10-12,2.71,1.3110318766193438,45,184
5172,149200170,2018-06-07,12.8,2.624668592163159,35,229
5173,149200170,2018-10-10,5.19,1.8229350866965048,35,228
5174,149200170,2018-10-12,11.0,2.4849066497880004,35,227
5175,149200170,2018-10-15,14.6,2.747270914255491,35,226
5176,150170110,2018-09-28,0.72,0.5423242908253616,19,55
5177,150170110,2018-10-10,0.42,0.35065687161316933,19,58
5178,150170110,2018-10-13,0.35,0.30010459245033805,19,57
5179,150170110,2018-10-15,0.38,0.32208349916911333,19,56
5180,154180260,2018-05-13,2.36,1.2119409739751128,51,133
5181,154180270,2018-05-13,12.2,2.580216829592325,51,127
5182,154180260,2018-05-31,1.11,0.7466879474879752,51,131
5183,154180270,2018-05-31,5.76,1.9110228900548727,51,128
5184,154180260,2018-06-20,1.37,0.8628899551470399,51,132
5185,154180270,2018-06-20,5.94,1.937301774518713,51,129
5186,154180260,2018-10-15,0.9,0.6418538861723948,51,130
5187,154180270,2018-10-15,3.92,1.5933085305042167,51,126
5188,152170040,2018-05-04,6.41,2.0028304393079956,25,235
5189,152170040,2018-05-06,6.41,2.0028304393079956,25,242
5190,152170040,2018-05-09,6.41,2.0028304393079956,25,234
5191,152170040,2018-05-14,7.13,2.0955609235597192,25,230
5192,152170040,2018-05-19,6.62,2.030776369698555,25,239
5193,152170040,2018-05-21,6.41,2.0028304393079956,25,245
5194,152170040,2018-05-29,6.51,2.0162354657760435,25,228
5195,152170040,2018-06-08,6.41,2.0028304393079956,25,232
5196,152170040,2018-06-20,6.51,2.0162354657760435,25,238
5197,152170040,2018-07-05,4.64,1.7298840655099674,25,229
5198,152170040,2018-07-15,2.4,1.2237754316221157,25,236
5199,152170040,2018-07-20,2.76,1.324418957401803,25,237
5200,152170040,2018-08-04,1.34,0.8501509293696101,25,233
5201,152170040,2018-08-07,0.9,0.6418538861723948,25,231
5202,152170040,2018-08-22,0.36,0.3074846997479606,25,244
5203,152170040,2018-10-01,0.59,0.46373401623214017,25,240
5204,152170040,2018-10-11,0.58,0.4574248470388754,25,241
5205,152170040,2018-10-13,0.59,0.46373401623214017,25,243
5206,152170040,2018-10-18,0.53,0.4252677354043441,25,246
5207,152170040,2018-10-31,0.4,0.33647223662121295,25,226
5208,152170040,2018-11-07,0.38,0.32208349916911333,25,227
5209,154210080,2018-05-05,11.7,2.5416019934645457,52,92
5210,154210080,2018-05-08,11.9,2.5572273113676265,52,90
5211,154210080,2018-05-10,11.9,2.5572273113676265,52,94
5212,154210080,2018-05-20,11.1,2.4932054526026954,52,97
5213,154210080,2018-05-30,10.6,2.451005098112319,52,86
5214,154210080,2018-06-02,11.6,2.533696813957432,52,95
5215,154210080,2018-06-04,11.3,2.509599262378372,52,102
5216,154210080,2018-06-09,11.0,2.4849066497880004,52,89
5217,154210080,2018-06-17,10.6,2.451005098112319,52,98
5218,154210080,2018-07-19,3.19,1.4327007339340463,52,101
5219,154210080,2018-07-24,2.23,1.172482137234565,52,87
5220,154210080,2018-08-08,1.71,0.9969486348916095,52,88
5221,154210080,2018-08-23,1.49,0.9122827104766162,52,91
5222,154210080,2018-09-07,1.14,0.76080582903376,52,93
5223,154210080,2018-09-10,1.13,0.7561219797213337,52,96
5224,154210080,2018-10-10,1.45,0.8960880245566356,52,99
5225,154210080,2018-10-12,1.49,0.9122827104766162,52,85
5226,154210080,2018-10-15,1.4,0.8754687373538999,52,100
5227,153220140,2018-05-08,16.4,2.856470206220483,45,209
5228,153220140,2018-05-10,17.0,2.8903717578961645,45,202
5229,153220140,2018-06-04,22.9,3.173878458937465,45,211
5230,153220140,2018-06-07,20.6,3.0726933146901194,45,198
5231,153220140,2018-06-09,19.0,2.995732273553991,45,199
5232,153220140,2018-06-27,14.8,2.760009940032921,45,210
5233,153220140,2018-07-22,5.57,1.8825138324965192,45,200
5234,153220140,2018-07-24,5.18,1.8213182714695995,45,201
5235,153220140,2018-08-08,3.37,1.4747630091074988,45,207
5236,153220140,2018-08-23,2.46,1.2412685890696329,45,203
5237,153220140,2018-09-10,1.98,1.091923300517313,45,204
5238,153220140,2018-09-20,2.83,1.3428648031925547,45,205
5239,153220140,2018-10-12,3.21,1.43746264769429,45,197
5240,153220140,2018-10-15,3.17,1.4279160358107101,45,206
5241,153220140,2018-10-17,3.1,1.410986973710262,45,208
5242,150190120,2018-05-03,1.08,0.7323678937132266,34,35
5243,150190120,2018-05-13,1.07,0.7275486072772778,34,30
5244,150190120,2018-06-07,1.42,0.8837675401685949,34,29
5245,150190120,2018-08-01,0.88,0.6312717768418579,34,31
5246,150190120,2018-09-20,0.83,0.6043159668533296,34,32
5247,150190120,2018-10-05,0.82,0.598836501088704,34,33
5248,150190120,2018-10-10,0.84,0.6097655716208943,34,34
5249,150190120,2018-10-15,0.85,0.6151856390902335,34,28
5250,151190090,2018-05-03,11.7,2.5416019934645457,42,227
5251,151190090,2018-05-05,11.4,2.517696472610991,42,228
5252,151190090,2018-05-10,13.2,2.653241964607215,42,224
5253,151190090,2018-05-13,15.0,2.772588722239781,42,220
5254,151190090,2018-06-07,17.1,2.89591193827178,42,218
5255,151190090,2018-07-07,7.43,2.131796772013764,42,217
5256,151190090,2018-08-08,6.35,1.9947003132247452,42,221
5257,151190090,2018-08-13,6.12,1.9629077254238845,42,223
5258,151190090,2018-09-10,5.06,1.801709800081223,42,225
5259,151190090,2018-09-12,4.96,1.7850704810772584,42,226
5260,151190090,2018-10-05,8.68,2.2700619012884857,42,229
5261,151190090,2018-10-10,7.58,2.149433913499871,42,222
5262,151190090,2018-10-15,8.24,2.2235418856535927,42,219
5263,149220190,2018-10-12,26.9,3.32862668882732,38,136
5264,149220190,2018-10-14,25.5,3.2771447329921766,38,137
5265,149220190,2018-10-17,29.5,3.417726683613366,38,139
5266,149220190,2018-11-08,16.1,2.8390784635086144,38,138
5267,151140030,2018-05-04,0.32,0.2776317365982795,23,155
5268,151140030,2018-05-06,0.33,0.2851789422336624,23,152
5269,151140030,2018-05-14,1.85,1.0473189942805592,23,149
5270,151140030,2018-05-21,0.99,0.688134638736401,23,164
5271,151140030,2018-05-26,1.16,0.7701082216960736,23,163
5272,151140030,2018-05-29,1.32,0.8415671856782186,23,148
5273,151140030,2018-05-31,1.0,0.6931471805599453,23,151
5274,151140030,2018-07-03,0.26,0.23111172096338664,23,153
5275,151140030,2018-08-07,0.12,0.11332868530700317,23,150
5276,151140030,2018-08-09,0.12,0.11332868530700317,23,154
5277,151140030,2018-08-17,0.09,0.08617769624105233,23,157
5278,151140030,2018-08-19,0.08,0.07696104113612832,23,165
5279,151140030,2018-08-29,0.08,0.07696104113612832,23,156
5280,151140030,2018-09-03,0.08,0.07696104113612832,23,158
5281,151140030,2018-09-18,0.08,0.07696104113612832,23,160
5282,151140030,2018-10-11,0.06,0.058268908123975775,23,146
5283,151140030,2018-10-13,0.06,0.058268908123975775,23,159
5284,151140030,2018-10-16,0.05,0.04879016416943201,23,162
5285,151140030,2018-10-31,0.05,0.04879016416943201,23,161
5286,151140030,2018-11-17,0.06,0.058268908123975775,23,147
5287,151140040,2018-05-04,11.0,2.4849066497880004,23,74
5288,151140040,2018-05-06,16.5,2.8622008809294686,23,73
5289,151140040,2018-05-14,22.4,3.152736022363656,23,67
5290,151140040,2018-05-29,15.4,2.797281334830153,23,71
5291,151140040,2018-05-31,16.7,2.8735646395797834,23,70
5292,151140040,2018-07-03,10.4,2.4336133554004498,23,66
5293,151140040,2018-07-23,7.94,2.190535589185423,23,81
5294,151140040,2018-08-07,5.86,1.925707441737794,23,68
5295,151140040,2018-08-09,6.72,2.0438143640366846,23,69
5296,151140040,2018-08-17,6.07,1.9558604799084813,23,72
5297,151140040,2018-08-29,5.89,1.9300710850255671,23,79
5298,151140040,2018-09-03,5.17,1.8196988379172965,23,78
5299,151140040,2018-09-06,4.9,1.7749523509116738,23,75
5300,151140040,2018-09-18,5.27,1.8357763546448291,23,76
5301,151140040,2018-10-11,3.81,1.5706970841176697,23,64
5302,151140040,2018-10-13,3.92,1.5933085305042167,23,77
5303,151140040,2018-10-16,3.82,1.5727739280625088,23,80
5304,151140040,2018-10-31,4.15,1.6389967146756448,23,82
5305,151140040,2018-11-17,3.86,1.5810384379124023,23,65
5306,149180220,2018-10-10,0.24,0.2151113796169455,33,226
5307,149180220,2018-10-15,0.25,0.22314355131420976,33,225
5308,153210170,2018-05-08,34.9,3.580737295494233,46,3
5309,153210170,2018-05-10,36.0,3.6109179126442243,46,8
5310,153210170,2018-05-30,35.0,3.58351893845611,46,10
5311,153210170,2018-06-07,37.2,3.6428355156125294,46,1
5312,153210170,2018-06-09,36.8,3.632309102625542,46,4
5313,153210170,2018-07-09,30.1,3.4372078191851885,46,11
5314,153210170,2018-07-24,21.6,3.1179499062782403,46,5
5315,153210170,2018-08-08,14.8,2.760009940032921,46,2
5316,153210170,2018-08-23,10.1,2.4069451083182885,46,6
5317,153210170,2018-09-10,8.75,2.277267285009756,46,7
5318,153210170,2018-09-20,11.8,2.5494451709255714,46,9
5319,153210170,2018-10-12,11.8,2.5494451709255714,46,0
5320,151220140,2018-05-27,1.48,0.9082585601768908,41,235
5321,151220140,2018-05-30,1.92,1.0715836162801904,41,237
5322,151220140,2018-06-01,2.18,1.1568811967920856,41,231
5323,151220140,2018-06-06,3.16,1.425515074273172,41,232
5324,151220140,2018-06-09,2.59,1.2781522025001875,41,233
5325,151220140,2018-07-09,0.34,0.29266961396282,41,234
5326,151220140,2018-08-08,0.24,0.2151113796169455,41,236
5327,151220140,2018-08-13,0.25,0.22314355131420976,41,238
5328,151220140,2018-08-20,0.24,0.2151113796169455,41,241
5329,151220140,2018-08-23,0.23,0.20701416938432615,41,239
5330,151220140,2018-08-30,0.32,0.2776317365982795,41,240
5331,151220140,2018-10-12,0.24,0.2151113796169455,41,228
5332,151220140,2018-10-14,0.25,0.22314355131420976,41,229
5333,151220140,2018-11-08,0.3,0.26236426446749106,41,230
5334,149210150,2018-05-02,0.54,0.43178241642553783,39,179
5335,149210150,2018-05-05,0.49,0.3987761199573678,39,175
5336,149210150,2018-05-07,0.49,0.3987761199573678,39,177
5337,149210150,2018-05-12,21.5,3.1135153092103742,39,176
5338,149210150,2018-05-30,5.86,1.925707441737794,39,178
5339,149210150,2018-06-06,4.25,1.6582280766035324,39,181
5340,149210150,2018-08-13,0.66,0.5068176023684519,39,172
5341,149210150,2018-08-20,0.47,0.3852624007906449,39,173
5342,149210150,2018-08-23,0.8,0.5877866649021191,39,174
5343,149210150,2018-08-30,0.92,0.6523251860396903,39,180
5344,149210150,2018-09-19,8.94,2.2965670206684825,39,182
5345,149210150,2018-10-09,0.39,0.3293037471426004,39,183
5346,149210150,2018-10-14,0.63,0.48858001481867097,39,171
5347,149210150,2018-10-17,0.93,0.6575200029167942,39,184
5348,149210150,2018-11-06,0.31,0.27002713721306015,39,185
5349,149210150,2018-11-08,0.26,0.23111172096338664,39,186
5350,151210190,2018-05-30,546.0,6.304448802421981,33,48
5351,151210190,2018-06-04,868.0,6.767343125265392,33,45
5352,151210190,2018-06-09,582.0,6.368187186350492,33,49
5353,151210190,2018-06-29,354.0,5.872117789475416,33,47
5354,151210190,2018-08-08,251.0,5.529429087511423,33,43
5355,151210190,2018-08-13,188.0,5.241747015059643,33,46
5356,151210190,2018-10-12,235.0,5.4638318050256105,33,44
5357,151210190,2018-11-06,170.0,5.14166355650266,33,42
5358,150210130,2018-05-30,46.9,3.8691155044168695,37,249
5359,150210130,2018-08-03,8.89,2.2915241456346207,38,0
5360,150210130,2018-08-13,13.7,2.6878474937846906,37,247
5361,150210130,2018-08-28,11.7,2.5416019934645457,38,1
5362,150210130,2018-10-12,22.0,3.1354942159291497,37,248
5363,150210130,2018-10-17,18.2,2.9549102790337356,38,2
5364,150190170,2018-05-03,20.7,3.077312260546414,32,164
5365,150190170,2018-05-13,33.9,3.5524868292083815,32,162
5366,150190170,2018-06-07,26.8,3.3250360206965914,32,157
5367,150190170,2018-07-04,22.6,3.1612467120315646,32,160
5368,150190170,2018-07-29,18.9,2.990719731730447,32,161
5369,150190170,2018-08-03,30.4,3.4468078929142076,32,158
5370,150190170,2018-08-13,19.1,3.0007198150650303,32,159
5371,150190170,2018-08-23,17.9,2.9391619220655967,32,165
5372,150190170,2018-09-07,20.9,3.086486636822455,32,168
5373,150190170,2018-09-10,18.9,2.990719731730447,32,166
5374,150190170,2018-09-12,18.5,2.970414465569701,32,163
5375,150190170,2018-09-20,85.2,4.456670177669648,32,167
5376,150190170,2018-10-05,16.6,2.8678989020441064,32,170
5377,150190170,2018-10-10,17.0,2.8903717578961645,32,169
5378,150190170,2018-10-12,15.7,2.8154087194227095,32,154
5379,150190170,2018-10-15,17.7,2.928523523860541,32,155
5380,150190170,2018-11-06,26.5,3.3141860046725258,32,156
5381,150180170,2018-05-03,0.56,0.44468582126144574,19,25
5382,150180170,2018-05-13,0.78,0.5766133643039938,19,24
5383,150180170,2018-06-07,0.57,0.4510756193602167,19,23
5384,150180170,2018-09-10,0.27,0.23901690047049992,19,26
5385,150180170,2018-09-20,0.39,0.3293037471426004,19,28
5386,150180170,2018-10-05,0.27,0.23901690047049992,19,27
5387,150180170,2018-10-10,0.25,0.22314355131420976,19,29
5388,150180170,2018-10-15,0.26,0.23111172096338664,19,22
5389,152170080,2018-05-06,49.2,3.9160150266976834,24,45
5390,152170080,2018-05-08,50.3,3.937690752176724,24,44
5391,152170080,2018-05-13,55.4,4.032469158504013,24,42
5392,152170080,2018-05-23,54.0,4.007333185232471,24,46
5393,152170080,2018-06-07,62.3,4.147885329150131,24,41
5394,152170080,2018-07-07,44.1,3.8088822465086327,24,38
5395,152170080,2018-07-20,62.3,4.147885329150131,24,47
5396,152170080,2018-08-01,38.2,3.6686767467964168,24,43
5397,152170080,2018-10-10,28.1,3.370738174177447,24,39
5398,152170080,2018-10-13,27.1,3.3357695763397,24,40
5399,152170080,2018-10-15,27.5,3.349904087274605,24,36
5400,152170080,2018-11-07,32.6,3.5145260669691587,24,37
5401,149190340,2018-05-13,3.26,1.449269160281279,35,179
5402,149190340,2018-06-07,1.37,0.8628899551470399,35,177
5403,149190340,2018-08-03,1.07,0.7275486072772778,35,178
5404,149190340,2018-08-13,0.45,0.37156355643248307,35,180
5405,149190340,2018-10-10,0.7,0.5306282510621704,35,176
5406,149190340,2018-10-12,1.05,0.7178397931503169,35,173
5407,149190340,2018-10-15,2.06,1.1184149159642893,35,174
5408,149190340,2018-11-06,0.47,0.3852624007906449,35,175
5409,150180060,2018-05-03,29.8,3.427514689979529,18,19
5410,150180060,2018-05-06,32.5,3.5115454388310208,18,20
5411,150180060,2018-05-13,68.2,4.237000862623624,18,17
5412,150180060,2018-05-26,47.3,3.877431560658527,18,25
5413,150180060,2018-06-07,42.4,3.770459441106359,18,16
5414,150180060,2018-07-05,27.8,3.3603753871419,18,18
5415,150180060,2018-08-04,104.0,4.653960350157523,18,21
5416,150180060,2018-09-10,17.9,2.9391619220655967,18,22
5417,150180060,2018-09-20,174.0,5.1647859739235145,18,23
5418,150180060,2018-09-28,32.1,3.4995332823830174,18,13
5419,150180060,2018-10-05,17.2,2.9014215940827497,18,24
5420,150180060,2018-10-10,17.9,2.9391619220655967,18,27
5421,150180060,2018-10-13,19.8,3.0349529867072724,18,26
5422,150180060,2018-10-15,17.7,2.928523523860541,18,14
5423,150180060,2018-11-17,18.0,2.9444389791664403,18,15
5424,150170180,2018-05-13,1.58,0.9477893989335261,19,48
5425,150170180,2018-06-07,1.13,0.7561219797213337,19,47
5426,150170180,2018-08-01,0.94,0.6626879730752367,19,49
5427,150170180,2018-08-29,2.98,1.3812818192963463,19,54
5428,150170180,2018-09-20,5.64,1.8931119634883424,19,52
5429,150170180,2018-09-28,1.19,0.7839015438284094,19,45
5430,150170180,2018-10-05,0.81,0.5933268452777344,19,53
5431,150170180,2018-10-10,0.58,0.4574248470388754,19,51
5432,150170180,2018-10-13,0.56,0.44468582126144574,19,50
5433,150170180,2018-10-15,0.55,0.4382549309311553,19,46
5434,153220240,2018-05-08,3.35,1.4701758451005928,45,71
5435,153220240,2018-05-10,3.35,1.4701758451005928,45,77
5436,153220240,2018-05-20,3.24,1.4445632692438664,45,73
5437,153220240,2018-05-30,3.24,1.4445632692438664,45,75
5438,153220240,2018-06-09,4.9,1.7749523509116738,45,68
5439,153220240,2018-07-09,2.67,1.3001916620664788,45,69
5440,153220240,2018-07-19,2.0,1.0986122886681096,45,70
5441,153220240,2018-07-22,1.8,1.0296194171811583,45,72
5442,153220240,2018-08-01,1.66,0.9783261227936076,45,78
5443,153220240,2018-08-23,1.25,0.8109302162163288,45,74
5444,153220240,2018-09-10,1.44,0.8919980393051105,45,79
5445,153220240,2018-09-20,1.79,1.0260415958332743,45,80
5446,153220240,2018-10-12,1.5,0.9162907318741551,45,67
5447,153220240,2018-10-15,1.55,0.9360933591703348,45,76
5448,150190080,2018-10-10,1.12,0.7514160886839212,34,52
5449,150190080,2018-10-12,1.14,0.76080582903376,34,49
5450,150190080,2018-10-15,1.13,0.7561219797213337,34,50
5451,150190080,2018-11-06,1.12,0.7514160886839212,34,51
5452,150210210,2018-05-07,93.6,4.549657476057833,38,210
5453,150210210,2018-05-12,315.0,5.755742213586912,38,203
5454,150210210,2018-05-22,209.0,5.3471075307174685,38,205
5455,150210210,2018-05-27,213.0,5.365976015021851,38,217
5456,150210210,2018-05-30,232.0,5.4510384535657,38,209
5457,150210210,2018-06-01,250.0,5.5254529391317835,38,206
5458,150210210,2018-06-06,277.0,5.627621113690637,38,204
5459,150210210,2018-06-29,119.0,4.787491742782046,38,214
5460,150210210,2018-08-03,48.4,3.899950424193877,38,211
5461,150210210,2018-08-08,43.3,3.7909846770510898,38,208
5462,150210210,2018-08-13,42.1,3.763522997109702,38,207
5463,150210210,2018-08-20,51.4,3.9589065913269965,38,213
5464,150210210,2018-08-23,52.4,3.977810745966149,38,212
5465,150210210,2018-08-28,58.2,4.0809215418899605,38,218
5466,150210210,2018-08-30,64.1,4.175924549214524,38,216
5467,150210210,2018-09-02,73.4,4.309455941839047,38,215
5468,150210210,2018-10-12,60.2,4.11414718951828,38,200
5469,150210210,2018-10-14,74.8,4.328098292648326,38,201
5470,150210210,2018-10-17,72.0,4.290459441148391,38,219
5471,150210210,2018-11-08,47.1,3.8732821771117156,38,202
5472,149190270,2018-05-03,1.18,0.7793248768009976,35,142
5473,149190270,2018-05-10,5.77,1.9125010869241836,35,141
5474,149190270,2018-05-13,3.64,1.534714366238164,35,139
5475,149190270,2018-06-07,1.69,0.9895411936137477,35,138
5476,149190270,2018-08-03,2.01,1.1019400787607843,35,136
5477,149190270,2018-08-13,1.11,0.7466879474879752,35,137
5478,149190270,2018-08-23,0.86,0.6205764877251099,35,140
5479,149190270,2018-09-10,0.44,0.36464311358790924,35,144
5480,149190270,2018-09-20,10.1,2.4069451083182885,35,146
5481,149190270,2018-10-05,0.85,0.6151856390902335,35,148
5482,149190270,2018-10-10,0.49,0.3987761199573678,35,145
5483,149190270,2018-10-12,1.99,1.095273387402595,35,143
5484,149190270,2018-10-15,0.82,0.598836501088704,35,147
5485,149190050,2018-05-13,10.2,2.4159137783010487,34,132
5486,149190050,2018-06-07,2.13,1.1410330045520618,34,138
5487,149190050,2018-07-04,1.65,0.9745596399981308,34,130
5488,149190050,2018-08-03,1.67,0.9820784724121581,34,139
5489,149190050,2018-08-21,1.33,0.8458682675776092,34,137
5490,149190050,2018-09-07,1.3,0.832909122935104,34,140
5491,149190050,2018-09-12,1.34,0.8501509293696101,34,131
5492,149190050,2018-09-20,28.7,3.391147045808654,34,135
5493,149190050,2018-09-30,1.74,1.007957920399979,34,134
5494,149190050,2018-10-05,3.44,1.4906543764441333,34,136
5495,149190050,2018-10-10,1.86,1.0508216248317612,34,133
5496,149190050,2018-10-12,1.86,1.0508216248317612,34,127
5497,149190050,2018-10-15,1.25,0.8109302162163288,34,128
5498,149190050,2018-11-06,2.49,1.2499017362143359,34,129
5499,153220200,2018-05-10,4.52,1.7083778602890038,45,161
5500,153220200,2018-05-20,4.34,1.6752256529721035,45,158
5501,153220200,2018-05-30,4.04,1.6174060820832772,45,155
5502,153220200,2018-06-07,2.03,1.1085626195212777,45,154
5503,153220200,2018-06-09,2.77,1.3270750014599193,45,156
5504,153220200,2018-07-09,1.98,1.091923300517313,45,159
5505,153220200,2018-08-08,1.05,0.7178397931503169,45,160
5506,153220200,2018-08-23,0.99,0.688134638736401,45,157
5507,153220200,2018-10-12,1.12,0.7514160886839212,45,153
5508,150210010,2018-05-03,0.54,0.43178241642553783,37,183
5509,150210010,2018-05-13,1.2,0.7884573603642702,37,174
5510,150210010,2018-05-20,0.82,0.598836501088704,37,180
5511,150210010,2018-05-30,1.5,0.9162907318741551,37,177
5512,150210010,2018-06-07,0.94,0.6626879730752367,37,176
5513,150210010,2018-07-04,0.54,0.43178241642553783,37,175
5514,150210010,2018-07-24,0.66,0.5068176023684519,37,192
5515,150210010,2018-08-03,0.52,0.41871033485818504,37,185
5516,150210010,2018-08-08,0.43,0.3576744442718159,37,179
5517,150210010,2018-08-13,0.5,0.4054651081081644,37,181
5518,150210010,2018-08-23,0.39,0.3293037471426004,37,190
5519,150210010,2018-09-02,0.4,0.33647223662121295,37,187
5520,150210010,2018-09-10,0.37,0.31481073984003355,37,191
5521,150210010,2018-09-12,0.39,0.3293037471426004,37,182
5522,150210010,2018-09-20,0.57,0.4510756193602167,37,188
5523,150210010,2018-09-30,0.43,0.3576744442718159,37,189
5524,150210010,2018-10-05,0.42,0.35065687161316933,37,184
5525,150210010,2018-10-10,0.89,0.636576829071551,37,172
5526,150210010,2018-10-12,3.19,1.4327007339340463,37,173
5527,150210010,2018-10-15,1.13,0.7561219797213337,37,178
5528,150210010,2018-11-29,0.43,0.3576744442718159,37,186
5529,153150050,2018-05-04,8.9,2.2925347571405443,29,95
5530,153150050,2018-05-09,10.2,2.4159137783010487,29,94
5531,153150050,2018-05-14,13.8,2.6946271807700692,29,93
5532,153150050,2018-05-19,13.6,2.681021528714291,29,92
5533,153150050,2018-05-24,11.5,2.5257286443082556,29,97
5534,153150050,2018-05-29,11.3,2.509599262378372,29,87
5535,153150050,2018-06-03,12.2,2.580216829592325,29,86
5536,153150050,2018-06-08,12.0,2.5649493574615367,29,88
5537,153150050,2018-08-07,5.56,1.8809906029559977,29,89
5538,153150050,2018-08-17,5.24,1.8309801823813363,29,96
5539,153150050,2018-08-22,5.16,1.8180767775454285,29,90
5540,153150050,2018-10-11,4.5,1.7047480922384253,29,91
5541,153150050,2018-10-31,4.25,1.6582280766035324,29,85
5542,151140050,2018-05-04,1.07,0.7275486072772778,23,133
5543,151140050,2018-05-06,9.05,2.307572634505085,23,138
5544,151140050,2018-05-14,0.86,0.6205764877251099,23,135
5545,151140050,2018-05-21,1.91,1.068153081183401,23,134
5546,151140050,2018-05-31,2.72,1.3137236682850553,23,128
5547,151140050,2018-07-03,0.99,0.688134638736401,23,131
5548,151140050,2018-07-20,1.5,0.9162907318741551,23,130
5549,151140050,2018-08-07,0.69,0.5247285289349821,23,129
5550,151140050,2018-08-17,0.64,0.49469624183610705,23,132
5551,151140050,2018-08-29,0.59,0.46373401623214017,23,136
5552,151140050,2018-10-11,0.44,0.36464311358790924,23,125
5553,151140050,2018-10-13,0.43,0.3576744442718159,23,137
5554,151140050,2018-10-16,0.46,0.3784364357202451,23,139
5555,151140050,2018-10-31,0.41,0.3435897043900769,23,126
5556,151140050,2018-11-17,0.43,0.3576744442718159,23,127
5557,153190120,2018-05-06,14.1,2.714694743820879,49,168
5558,153190120,2018-05-08,10.9,2.4765384001174837,49,170
5559,153190120,2018-05-11,12.0,2.5649493574615367,49,172
5560,153190120,2018-05-13,13.7,2.6878474937846906,49,171
5561,153190120,2018-06-07,13.2,2.653241964607215,49,164
5562,153190120,2018-06-10,12.6,2.6100697927420065,49,165
5563,153190120,2018-06-20,12.1,2.5726122302071057,49,163
5564,153190120,2018-07-05,12.5,2.6026896854443837,49,166
5565,153190120,2018-07-15,9.65,2.365559892155434,49,173
5566,153190120,2018-08-04,7.62,2.154085084675602,49,167
5567,153190120,2018-08-09,6.59,2.0268315914075385,49,169
5568,153190120,2018-09-03,4.48,1.7011051009599243,49,174
5569,153190120,2018-09-10,3.88,1.5851452198650557,49,177
5570,153190120,2018-10-13,4.13,1.635105659182678,49,176
5571,153190120,2018-10-15,4.07,1.623340817603092,49,175
5572,153190120,2018-10-18,4.03,1.6154199841116479,49,178
5573,151210060,2018-05-03,4.71,1.7422190236679187,42,132
5574,151210060,2018-05-08,5.28,1.8373699804801074,42,128
5575,151210060,2018-05-13,7.87,2.1826747963214883,42,127
5576,151210060,2018-05-30,12.7,2.617395832834079,42,124
5577,151210060,2018-06-04,17.1,2.89591193827178,42,118
5578,151210060,2018-06-07,11.1,2.4932054526026954,42,120
5579,151210060,2018-06-09,9.35,2.336986519711378,42,123
5580,151210060,2018-06-29,3.83,1.5748464676644813,42,121
5581,151210060,2018-07-09,3.34,1.4678743481123135,42,136
5582,151210060,2018-07-24,5.15,1.8164520818184267,42,125
5583,151210060,2018-08-01,4.05,1.6193882432872684,42,126
5584,151210060,2018-08-08,2.96,1.3762440252663892,42,119
5585,151210060,2018-08-13,2.87,1.3532545070416904,42,122
5586,151210060,2018-08-23,2.69,1.3056264580524357,42,129
5587,151210060,2018-09-02,2.72,1.3137236682850553,42,133
5588,151210060,2018-09-10,2.51,1.2556160374777745,42,130
5589,151210060,2018-09-20,20.3,3.0587070727153796,42,131
5590,151210060,2018-10-10,3.56,1.5173226235262947,42,116
5591,151210060,2018-10-12,7.25,2.1102132003465894,42,135
5592,151210060,2018-10-15,7.54,2.1447610078004784,42,134
5593,151210060,2018-11-06,3.0,1.3862943611198906,42,117
5594,151180170,2018-05-08,7.44,2.1329823086078656,24,156
5595,151180170,2018-05-13,7.71,2.1644717908644115,24,155
5596,151180170,2018-06-07,8.04,2.201659174404085,24,153
5597,151180170,2018-07-07,5.08,1.8050046959780757,24,152
5598,151180170,2018-08-01,5.59,1.8855533485144158,24,154
5599,151180170,2018-09-10,5.02,1.7950872593207297,24,157
5600,151180170,2018-09-20,10.8,2.468099531471619,24,159
5601,151180170,2018-10-10,4.85,1.766441661243765,24,158
5602,151180170,2018-10-15,4.89,1.7732559976634952,24,151
5603,153180150,2018-05-06,5.73,1.9065751436566365,50,239
5604,153180150,2018-05-08,5.82,1.9198594718553708,50,243
5605,153180150,2018-05-11,5.88,1.9286186519452522,50,246
5606,153180150,2018-05-13,6.43,2.005525858729668,50,238
5607,153180150,2018-05-31,5.54,1.8779371654691073,50,240
5608,153180150,2018-06-07,6.3,1.9878743481543455,50,236
5609,153180150,2018-06-20,5.21,1.8261608959453874,50,237
5610,153180150,2018-07-05,4.35,1.6770965609079151,50,242
5611,153180150,2018-07-07,4.13,1.635105659182678,50,241
5612,153180150,2018-08-01,1.85,1.0473189942805592,50,244
5613,153180150,2018-08-04,1.75,1.0116009116784799,50,245
5614,153180150,2018-08-09,1.54,0.9321640810304452,50,247
5615,153180150,2018-09-03,1.16,0.7701082216960736,50,249
5616,153180150,2018-09-10,0.96,0.6729444732424258,50,248
5617,153180150,2018-10-13,1.05,0.7178397931503169,51,0
5618,153180150,2018-10-15,1.04,0.712949807856125,50,235
5619,149210010,2018-05-10,3.28,1.4539530095937054,38,9
5620,149210010,2018-08-13,2.45,1.2383742310432684,38,7
5621,149210010,2018-08-23,2.51,1.2556160374777745,38,8
5622,149210010,2018-08-28,2.63,1.2892326482767593,38,11
5623,149210010,2018-10-12,1.95,1.0818051703517284,38,5
5624,149210010,2018-10-17,2.21,1.1662709371419244,38,10
5625,149210010,2018-11-06,1.95,1.0818051703517284,38,6
5626,151230020,2018-05-12,0.41,0.3435897043900769,47,183
5627,151230020,2018-05-27,0.81,0.5933268452777344,47,185
5628,151230020,2018-05-30,0.81,0.5933268452777344,47,182
5629,151230020,2018-06-01,1.22,0.7975071958841881,47,181
5630,151230020,2018-06-06,1.57,0.9439058989071285,47,179
5631,151230020,2018-06-09,1.22,0.7975071958841881,47,178
5632,151230020,2018-07-06,0.23,0.20701416938432615,47,180
5633,151230020,2018-08-08,0.16,0.14842000511827327,47,184
5634,151230020,2018-08-13,0.14,0.1310282624064041,47,186
5635,151230020,2018-08-20,0.11,0.10436001532424277,47,187
5636,151230020,2018-08-23,0.11,0.10436001532424277,47,188
5637,151230020,2018-08-30,0.11,0.10436001532424277,47,189
5638,151230020,2018-10-12,0.05,0.04879016416943201,47,175
5639,151230020,2018-10-14,0.06,0.058268908123975775,47,176
5640,151230020,2018-11-08,0.06,0.058268908123975775,47,177
5641,151230050,2018-05-12,2.72,1.3137236682850553,47,107
5642,151230050,2018-05-27,4.54,1.7119945007591926,47,104
5643,151230050,2018-05-30,5.34,1.8468787684491346,47,110
5644,151230050,2018-06-01,6.2,1.9740810260220096,47,105
5645,151230050,2018-06-06,5.85,1.9242486522741338,47,117
5646,151230050,2018-06-09,4.23,1.6544112780768316,47,114
5647,151230050,2018-06-21,1.74,1.007957920399979,47,108
5648,151230050,2018-07-09,0.57,0.4510756193602167,47,112
5649,151230050,2018-08-03,0.62,0.4824261492442927,47,116
5650,151230050,2018-08-08,0.58,0.4574248470388754,47,106
5651,151230050,2018-08-13,0.52,0.41871033485818504,47,113
5652,151230050,2018-08-20,0.57,0.4510756193602167,47,111
5653,151230050,2018-08-23,0.6,0.4700036292457356,47,109
5654,151230050,2018-10-12,0.25,0.22314355131420976,47,101
5655,151230050,2018-10-14,0.34,0.29266961396282,47,102
5656,151230050,2018-10-17,0.27,0.23901690047049992,47,115
5657,151230050,2018-11-08,0.19,0.173953307123438,47,103
5658,150220020,2018-05-07,3.09,1.4085449700547104,40,113
5659,150220020,2018-05-22,2.7,1.308332819650179,40,120
5660,150220020,2018-05-27,4.3,1.667706820558076,40,110
5661,150220020,2018-05-30,6.63,2.0320878452963655,40,111
5662,150220020,2018-06-01,9.49,2.3504224224082058,40,108
5663,150220020,2018-06-06,7.55,2.145931282948669,40,112
5664,150220020,2018-06-19,2.17,1.1537315878891892,40,118
5665,150220020,2018-06-29,1.63,0.9669838461896731,40,117
5666,150220020,2018-08-03,1.42,0.8837675401685949,40,106
5667,150220020,2018-08-08,1.01,0.6981347220709844,40,105
5668,150220020,2018-08-13,1.27,0.8197798314933114,40,104
5669,150220020,2018-08-20,1.03,0.708035793053696,40,109
5670,150220020,2018-08-23,1.1,0.7419373447293773,40,107
5671,150220020,2018-08-28,1.21,0.7929925155296614,40,116
5672,150220020,2018-08-30,1.15,0.7654678421395714,40,115
5673,150220020,2018-09-02,1.08,0.7323678937132266,40,114
5674,150220020,2018-10-12,1.1,0.7419373447293773,40,101
5675,150220020,2018-10-14,1.07,0.7275486072772778,40,102
5676,150220020,2018-10-17,1.03,0.708035793053696,40,119
5677,150220020,2018-11-08,1.0,0.6931471805599453,40,103
5678,150180110,2018-05-13,1.89,1.0612565021243408,18,231
5679,150180110,2018-06-07,1.54,0.9321640810304452,18,230
5680,150180110,2018-09-10,0.86,0.6205764877251099,18,236
5681,150180110,2018-09-20,2.91,1.3635373739972745,18,233
5682,150180110,2018-10-05,1.37,0.8628899551470399,18,234
5683,150180110,2018-10-10,1.29,0.8285518175661483,18,235
5684,150180110,2018-10-15,1.22,0.7975071958841881,18,229
5685,149190160,2018-05-03,0.46,0.3784364357202451,35,131
5686,149190160,2018-05-13,3.16,1.425515074273172,35,128
5687,149190160,2018-06-07,0.46,0.3784364357202451,35,124
5688,149190160,2018-07-04,0.23,0.20701416938432615,35,125
5689,149190160,2018-08-03,2.15,1.1474024528375417,35,134
5690,149190160,2018-08-13,0.2,0.18232155679395462,35,126
5691,149190160,2018-08-23,0.13,0.12221763272424921,35,132
5692,149190160,2018-09-10,0.13,0.12221763272424921,35,130
5693,149190160,2018-09-12,0.14,0.1310282624064041,35,127
5694,149190160,2018-09-20,16.1,2.8390784635086144,35,129
5695,149190160,2018-10-05,0.2,0.18232155679395462,35,133
5696,149190160,2018-10-10,0.11,0.10436001532424277,35,135
5697,149190160,2018-10-12,0.23,0.20701416938432615,35,121
5698,149190160,2018-10-15,0.1,0.09531017980432487,35,122
5699,149190160,2018-11-06,0.08,0.07696104113612832,35,123
5700,150180140,2018-10-10,0.35,0.30010459245033805,18,238
5701,150180140,2018-10-15,0.32,0.2776317365982795,18,237
5702,150180280,2018-05-03,0.51,0.412109650826833,18,217
5703,150180280,2018-05-13,0.59,0.46373401623214017,18,216
5704,150180280,2018-06-07,0.54,0.43178241642553783,18,215
5705,150180280,2018-09-10,0.32,0.2776317365982795,18,218
5706,150180280,2018-09-20,0.5,0.4054651081081644,18,220
5707,150180280,2018-10-05,0.34,0.29266961396282,18,219
5708,150180280,2018-10-10,0.35,0.30010459245033805,18,214
5709,150180280,2018-10-15,0.34,0.29266961396282,18,213
5710,150180130,2018-05-03,1.27,0.8197798314933114,18,224
5711,150180130,2018-05-13,1.59,0.9516578757114464,18,223
5712,150180130,2018-06-07,1.31,0.8372475245337022,18,222
5713,150180130,2018-09-10,0.81,0.5933268452777344,18,225
5714,150180130,2018-09-20,2.26,1.1817271953786161,18,227
5715,150180130,2018-10-05,0.96,0.6729444732424258,18,228
5716,150180130,2018-10-10,0.9,0.6418538861723948,18,226
5717,150180130,2018-10-15,0.77,0.5709795465857378,18,221
5718,149220160,2018-05-02,1.2,0.7884573603642702,39,94
5719,149220160,2018-05-12,16.5,2.8622008809294686,39,98
5720,149220160,2018-05-27,2.71,1.3110318766193438,39,88
5721,149220160,2018-05-30,4.04,1.6174060820832772,39,89
5722,149220160,2018-06-01,5.32,1.843719208158766,39,92
5723,149220160,2018-06-06,2.96,1.3762440252663892,39,93
5724,149220160,2018-08-13,0.28,0.2468600779315258,39,96
5725,149220160,2018-08-20,0.22,0.1988508587451652,39,90
5726,149220160,2018-08-30,0.4,0.33647223662121295,39,91
5727,149220160,2018-09-02,0.26,0.23111172096338664,39,95
5728,149220160,2018-10-12,0.77,0.5709795465857378,39,85
5729,149220160,2018-10-14,0.42,0.35065687161316933,39,86
5730,149220160,2018-10-17,0.33,0.2851789422336624,39,97
5731,149220160,2018-11-08,0.57,0.4510756193602167,39,87
5732,152160120,2018-05-04,0.92,0.6523251860396903,26,15
5733,152160120,2018-05-06,0.87,0.6259384308664953,26,13
5734,152160120,2018-05-09,0.98,0.6830968447064438,26,19
5735,152160120,2018-05-14,1.87,1.0543120297715298,26,17
5736,152160120,2018-05-19,1.37,0.8628899551470399,26,10
5737,152160120,2018-05-21,1.24,0.8064758658669485,26,8
5738,152160120,2018-05-29,1.56,0.9400072584914712,26,4
5739,152160120,2018-06-03,1.72,1.000631880307906,26,6
5740,152160120,2018-06-08,1.11,0.7466879474879752,26,5
5741,152160120,2018-06-20,1.37,0.8628899551470399,26,21
5742,152160120,2018-07-05,0.57,0.4510756193602167,26,18
5743,152160120,2018-07-15,0.45,0.37156355643248307,26,9
5744,152160120,2018-07-20,0.47,0.3852624007906449,26,16
5745,152160120,2018-08-04,0.4,0.33647223662121295,26,20
5746,152160120,2018-08-07,0.38,0.32208349916911333,26,12
5747,152160120,2018-08-22,0.27,0.23901690047049992,26,14
5748,152160120,2018-10-11,0.03,0.0295588022415444,26,11
5749,152160120,2018-10-13,0.031,0.030529205034822874,26,7
5750,152160120,2018-10-31,0.014,0.013902905168991422,26,2
5751,152160120,2018-11-07,0.023,0.02273948696948943,26,3
5752,153190060,2018-06-07,0.75,0.5596157879354227,50,24
5753,153190060,2018-10-15,0.09,0.08617769624105233,50,23
5754,150210040,2018-05-03,0.23,0.20701416938432615,40,220
5755,150210040,2018-05-05,0.25,0.22314355131420976,40,217
5756,150210040,2018-05-10,0.71,0.5364933705145685,40,212
5757,150210040,2018-05-13,0.88,0.6312717768418579,40,209
5758,150210040,2018-05-20,0.58,0.4574248470388754,40,218
5759,150210040,2018-05-30,1.32,0.8415671856782186,40,215
5760,150210040,2018-06-07,0.55,0.4382549309311553,40,211
5761,150210040,2018-06-19,0.33,0.2851789422336624,40,227
5762,150210040,2018-06-29,0.32,0.2776317365982795,40,229
5763,150210040,2018-07-04,0.23,0.20701416938432615,40,210
5764,150210040,2018-07-07,0.22,0.1988508587451652,40,214
5765,150210040,2018-07-24,0.19,0.173953307123438,40,216
5766,150210040,2018-08-08,0.15,0.13976194237515868,40,213
5767,150210040,2018-08-13,0.21,0.1906203596086497,40,219
5768,150210040,2018-08-23,0.17,0.15700374880966475,40,222
5769,150210040,2018-09-02,0.15,0.13976194237515868,40,223
5770,150210040,2018-09-10,0.15,0.13976194237515868,40,230
5771,150210040,2018-09-12,0.16,0.14842000511827327,40,221
5772,150210040,2018-09-20,0.93,0.6575200029167942,40,224
5773,150210040,2018-09-30,0.29,0.2546422183735807,40,228
5774,150210040,2018-10-05,0.2,0.18232155679395462,40,225
5775,150210040,2018-10-10,5.5,1.8718021769015913,40,206
5776,150210040,2018-10-12,1.43,0.8878912573524571,40,207
5777,150210040,2018-10-15,0.46,0.3784364357202451,40,226
5778,150210040,2018-11-29,0.24,0.2151113796169455,40,208
5779,151160080,2018-05-06,1.83,1.0402767116551463,21,51
5780,151160080,2018-05-21,3.28,1.4539530095937054,21,53
5781,151160080,2018-05-29,3.5,1.5040773967762742,21,52
5782,151160080,2018-05-31,3.29,1.4562867329399256,21,55
5783,151160080,2018-07-03,1.38,0.8671004876833832,21,49
5784,151160080,2018-07-20,1.28,0.8241754429663495,21,57
5785,151160080,2018-08-07,0.6,0.4700036292457356,21,50
5786,151160080,2018-08-17,0.48,0.3920420877760237,21,56
5787,151160080,2018-08-27,0.5,0.4054651081081644,21,54
5788,151160080,2018-08-29,0.45,0.37156355643248307,21,59
5789,151160080,2018-10-11,0.34,0.29266961396282,21,47
5790,151160080,2018-10-13,0.26,0.23111172096338664,21,58
5791,151160080,2018-10-31,0.27,0.23901690047049992,21,48
5792,150220010,2018-10-12,15.9,2.827313621929028,39,221
5793,150220010,2018-10-14,7.68,2.1610215286722587,39,219
5794,150220010,2018-10-17,19.0,2.995732273553991,39,222
5795,150220010,2018-11-08,3.43,1.4883995840570443,39,220
5796,150220070,2018-05-07,70.2,4.26549281841793,38,171
5797,150220070,2018-05-12,336.0,5.820082930352362,38,165
5798,150220070,2018-05-27,191.0,5.2574953720277815,38,167
5799,150220070,2018-05-30,193.0,5.267858159063328,38,164
5800,150220070,2018-06-01,228.0,5.43372200355424,38,166
5801,150220070,2018-06-06,218.0,5.389071729816501,38,170
5802,150220070,2018-07-04,66.8,4.216562194946349,38,176
5803,150220070,2018-08-10,27.4,3.3463891451671604,38,173
5804,150220070,2018-08-13,40.2,3.7184382563554808,38,168
5805,150220070,2018-08-20,38.3,3.6712245188752153,38,169
5806,150220070,2018-08-23,38.7,3.681351187693145,38,172
5807,150220070,2018-08-30,56.8,4.056988775678332,38,175
5808,150220070,2018-09-02,81.1,4.407938016458383,38,174
5809,150220070,2018-09-29,129.0,4.867534450455582,38,178
5810,150220070,2018-10-12,52.1,3.9721769282478934,38,161
5811,150220070,2018-10-14,56.6,4.053522567701846,38,162
5812,150220070,2018-10-17,83.4,4.4355674016019115,38,177
5813,150220070,2018-11-08,34.2,3.5610460826040513,38,163
5814,151160020,2018-05-06,1.02,0.7030975114131134,20,234
5815,151160020,2018-05-21,1.2,0.7884573603642702,20,240
5816,151160020,2018-05-29,2.04,1.1118575154181303,20,232
5817,151160020,2018-07-03,0.91,0.6471032420585385,20,237
5818,151160020,2018-08-07,0.49,0.3987761199573678,20,233
5819,151160020,2018-08-17,0.53,0.4252677354043441,20,239
5820,151160020,2018-08-27,0.63,0.48858001481867097,20,235
5821,151160020,2018-08-29,0.76,0.5653138090500605,20,241
5822,151160020,2018-10-11,0.38,0.32208349916911333,20,230
5823,151160020,2018-10-13,0.35,0.30010459245033805,20,236
5824,151160020,2018-10-16,0.33,0.2851789422336624,20,238
5825,151160020,2018-10-31,0.38,0.32208349916911333,20,231
5826,152170120,2018-05-06,0.61,0.4762341789963716,25,48
5827,152170120,2018-05-08,0.68,0.5187937934151676,25,33
5828,152170120,2018-05-13,1.11,0.7466879474879752,25,35
5829,152170120,2018-05-21,1.15,0.7654678421395714,25,49
5830,152170120,2018-05-23,1.1,0.7419373447293773,25,34
5831,152170120,2018-05-26,1.17,0.7747271675523681,25,36
5832,152170120,2018-05-31,1.68,0.9858167945227653,25,37
5833,152170120,2018-06-07,2.21,1.1662709371419244,25,42
5834,152170120,2018-07-07,0.44,0.36464311358790924,25,39
5835,152170120,2018-07-15,0.37,0.31481073984003355,25,40
5836,152170120,2018-07-20,0.41,0.3435897043900769,25,38
5837,152170120,2018-08-01,0.21,0.1906203596086497,25,32
5838,152170120,2018-08-29,0.09,0.08617769624105233,25,43
5839,152170120,2018-09-20,0.2,0.18232155679395462,25,44
5840,152170120,2018-09-25,0.12,0.11332868530700317,25,46
5841,152170120,2018-09-30,0.13,0.12221763272424921,25,41
5842,152170120,2018-10-10,0.08,0.07696104113612832,25,45
5843,152170120,2018-10-13,0.08,0.07696104113612832,25,47
5844,152170120,2018-10-15,0.08,0.07696104113612832,25,30
5845,152170120,2018-11-07,0.16,0.14842000511827327,25,31
5846,153190140,2018-05-06,4.34,1.6752256529721035,49,158
5847,153190140,2018-05-08,4.62,1.7263316639055997,49,155
5848,153190140,2018-05-11,5.2,1.8245492920510458,49,156
5849,153190140,2018-05-13,5.95,1.9387416595767009,49,153
5850,153190140,2018-06-07,6.22,1.9768549529047348,49,152
5851,153190140,2018-06-20,5.87,1.927164106234258,49,151
5852,153190140,2018-07-05,5.85,1.9242486522741338,49,154
5853,153190140,2018-08-04,4.31,1.6695918352538475,49,157
5854,153190140,2018-09-03,2.79,1.332366019094335,49,159
5855,153190140,2018-09-10,2.64,1.2919836816486494,49,161
5856,153190140,2018-10-13,2.66,1.297463147413275,49,162
5857,153190140,2018-10-15,2.59,1.2781522025001875,49,160
5858,150210170,2018-10-12,159.0,5.075173815233827,33,17
5859,152200060,2018-05-05,0.84,0.6097655716208943,48,149
5860,152200060,2018-05-08,0.88,0.6312717768418579,48,154
5861,152200060,2018-05-10,1.32,0.8415671856782186,48,155
5862,152200060,2018-05-13,2.56,1.269760544863939,48,150
5863,152200060,2018-05-23,2.15,1.1474024528375417,48,160
5864,152200060,2018-05-30,3.1,1.410986973710262,48,147
5865,152200060,2018-06-04,4.88,1.7715567619105355,48,159
5866,152200060,2018-06-07,3.98,1.6054298910365616,48,146
5867,152200060,2018-06-29,1.22,0.7975071958841881,48,153
5868,152200060,2018-07-07,0.82,0.598836501088704,48,145
5869,152200060,2018-07-09,0.68,0.5187937934151676,48,151
5870,152200060,2018-07-24,0.68,0.5187937934151676,48,165
5871,152200060,2018-08-01,0.4,0.33647223662121295,48,148
5872,152200060,2018-08-08,0.25,0.22314355131420976,48,144
5873,152200060,2018-08-13,0.21,0.1906203596086497,48,152
5874,152200060,2018-08-23,0.19,0.173953307123438,48,157
5875,152200060,2018-09-07,0.46,0.3784364357202451,48,161
5876,152200060,2018-09-10,0.54,0.43178241642553783,48,158
5877,152200060,2018-09-12,0.51,0.412109650826833,48,156
5878,152200060,2018-09-20,0.5,0.4054651081081644,48,162
5879,152200060,2018-10-12,0.3,0.26236426446749106,48,164
5880,152200060,2018-10-15,0.3,0.26236426446749106,48,163
5881,152200060,2018-11-06,0.27,0.23901690047049992,48,143
5882,153200050,2018-05-08,0.72,0.5423242908253616,48,109
5883,153200050,2018-05-13,1.78,1.0224509277025458,48,111
5884,153200050,2018-06-07,1.68,0.9858167945227653,48,110
5885,153200050,2018-09-10,0.44,0.36464311358790924,48,112
5886,153200050,2018-10-15,0.55,0.4382549309311553,48,113
5887,154180010,2018-05-06,1.19,0.7839015438284094,51,24
5888,154180010,2018-05-16,1.3,0.832909122935104,51,26
5889,154180010,2018-05-21,1.11,0.7466879474879752,51,28
5890,154180010,2018-05-31,1.23,0.8020015854720274,51,25
5891,154180010,2018-06-10,1.39,0.8712933659434192,51,29
5892,154180010,2018-06-20,1.33,0.8458682675776092,51,20
5893,154180010,2018-07-05,1.1,0.7419373447293773,51,22
5894,154180010,2018-07-15,0.95,0.6678293725756554,51,23
5895,154180010,2018-07-20,0.73,0.5481214085096876,51,30
5896,154180010,2018-08-04,0.49,0.3987761199573678,51,19
5897,154180010,2018-09-03,0.58,0.4574248470388754,51,21
5898,154180010,2018-10-13,0.51,0.412109650826833,51,27
5899,154180010,2018-11-07,0.53,0.4252677354043441,51,18
5900,150220040,2018-05-07,0.75,0.5596157879354227,40,54
5901,150220040,2018-05-12,2.47,1.244154593958768,40,53
5902,150220040,2018-05-27,2.68,1.3029127521808397,40,52
5903,150220040,2018-05-30,3.23,1.4422019930581866,40,51
5904,150220040,2018-06-06,1.81,1.0331844833456545,40,50
5905,150220040,2018-08-03,0.81,0.5933268452777344,40,57
5906,150220040,2018-08-10,0.41,0.3435897043900769,40,60
5907,150220040,2018-08-13,0.48,0.3920420877760237,40,55
5908,150220040,2018-08-20,0.54,0.43178241642553783,40,58
5909,150220040,2018-08-23,0.48,0.3920420877760237,40,59
5910,150220040,2018-09-29,0.63,0.48858001481867097,40,61
5911,150220040,2018-10-12,0.59,0.46373401623214017,40,56
5912,150220040,2018-10-14,0.38,0.32208349916911333,40,48
5913,150220040,2018-11-08,0.42,0.35065687161316933,40,49
5914,152140110,2018-05-04,1.96,1.085189268335969,23,168
5915,152140110,2018-05-14,2.1,1.1314021114911006,23,171
5916,152140110,2018-05-29,1.87,1.0543120297715298,23,173
5917,152140110,2018-07-03,1.81,1.0331844833456545,23,174
5918,152140110,2018-07-23,1.21,0.7929925155296614,23,170
5919,152140110,2018-08-07,1.22,0.7975071958841881,23,167
5920,152140110,2018-08-17,1.13,0.7561219797213337,23,172
5921,152140110,2018-08-22,1.07,0.7275486072772778,23,169
5922,152140110,2018-10-11,1.07,0.7275486072772778,23,166
5923,152140110,2018-10-16,1.04,0.712949807856125,23,176
5924,152140110,2018-10-31,1.02,0.7030975114131134,23,175
5925,154210010,2018-05-05,23.0,3.1780538303479458,52,15
5926,154210010,2018-05-08,27.7,3.3568971227655755,52,21
5927,154210010,2018-05-10,32.4,3.5085558999826545,52,23
5928,154210010,2018-05-13,37.1,3.6402142821326553,52,20
5929,154210010,2018-05-20,24.4,3.2347491740244907,52,13
5930,154210010,2018-05-30,22.7,3.1654750481410856,52,19
5931,154210010,2018-06-07,30.5,3.449987545831587,52,16
5932,154210010,2018-06-09,28.1,3.370738174177447,52,18
5933,154210010,2018-06-17,26.7,3.3214324131932926,52,17
5934,154210010,2018-07-04,20.7,3.077312260546414,52,12
5935,154210010,2018-07-24,12.9,2.631888840136646,52,25
5936,154210010,2018-08-08,10.7,2.4595888418037104,52,14
5937,154210010,2018-08-23,8.62,2.263844264677615,52,22
5938,154210010,2018-09-07,8.15,2.21375387928743,52,27
5939,154210010,2018-09-10,8.18,2.217027204632399,52,24
5940,154210010,2018-10-12,9.31,2.3331142980288684,52,11
5941,154210010,2018-10-15,10.0,2.3978952727983707,52,26
5942,154160040,2018-05-04,1.46,0.9001613499442714,30,33
5943,154160040,2018-05-06,1.43,0.8878912573524571,30,31
5944,154160040,2018-05-09,1.52,0.924258901523332,30,29
5945,154160040,2018-05-19,1.45,0.8960880245566356,30,25
5946,154160040,2018-05-24,1.47,0.9042181506398859,30,21
5947,154160040,2018-05-29,1.45,0.8960880245566356,30,22
5948,154160040,2018-05-31,1.47,0.9042181506398859,30,28
5949,154160040,2018-06-08,1.1,0.7419373447293773,30,23
5950,154160040,2018-06-20,1.07,0.7275486072772778,30,24
5951,154160040,2018-07-08,1.01,0.6981347220709844,30,32
5952,154160040,2018-07-20,0.98,0.6830968447064438,30,35
5953,154160040,2018-07-30,0.9,0.6418538861723948,30,30
5954,154160040,2018-08-09,0.83,0.6043159668533296,30,37
5955,154160040,2018-08-22,0.98,0.6830968447064438,30,26
5956,154160040,2018-09-08,0.9,0.6418538861723948,30,36
5957,154160040,2018-10-11,0.81,0.5933268452777344,30,19
5958,154160040,2018-10-13,0.81,0.5933268452777344,30,27
5959,154160040,2018-10-31,0.76,0.5653138090500605,30,34
5960,154160040,2018-11-07,0.71,0.5364933705145685,30,20
5961,151220110,2018-05-12,3.53,1.5107219394949427,42,24
5962,151220110,2018-05-30,5.47,1.8671761085128091,42,18
5963,151220110,2018-06-01,7.21,2.105352923464337,42,17
5964,151220110,2018-06-06,9.74,2.3739750890807185,42,21
5965,151220110,2018-06-09,10.9,2.4765384001174837,42,22
5966,151220110,2018-07-06,2.22,1.169381359556317,42,14
5967,151220110,2018-08-08,1.17,0.7747271675523681,42,20
5968,151220110,2018-08-13,1.07,0.7275486072772778,42,15
5969,151220110,2018-08-20,0.99,0.688134638736401,42,19
5970,151220110,2018-08-23,1.11,0.7466879474879752,42,16
5971,151220110,2018-08-30,1.07,0.7275486072772778,42,23
5972,151220110,2018-10-12,0.8,0.5877866649021191,42,11
5973,151220110,2018-10-14,0.83,0.6043159668533296,42,12
5974,151220110,2018-11-08,1.27,0.8197798314933114,42,13
5975,149210160,2018-05-02,0.48,0.3920420877760237,39,189
5976,149210160,2018-05-05,0.47,0.3852624007906449,39,191
5977,149210160,2018-05-07,1.44,0.8919980393051105,39,194
5978,149210160,2018-05-12,18.3,2.9601050959108397,39,198
5979,149210160,2018-05-30,6.56,2.0228711901914416,39,188
5980,149210160,2018-06-06,8.27,2.2267833795777636,39,195
5981,149210160,2018-08-13,0.64,0.49469624183610705,39,192
5982,149210160,2018-08-20,0.64,0.49469624183610705,39,196
5983,149210160,2018-08-23,0.64,0.49469624183610705,39,190
5984,149210160,2018-08-30,0.64,0.49469624183610705,39,199
5985,149210160,2018-09-19,11.6,2.533696813957432,39,193
5986,149210160,2018-10-14,0.65,0.5007752879124893,39,187
5987,149210160,2018-10-17,1.8,1.0296194171811583,39,197
5988,150140020,2018-05-14,9.26,2.3282528397426234,23,57
5989,150140020,2018-07-03,4.46,1.6974487897568138,23,55
5990,150140020,2018-08-07,2.33,1.2029723039923526,23,56
5991,150140020,2018-10-11,1.57,0.9439058989071285,23,52
5992,150140020,2018-10-13,1.48,0.9082585601768908,23,58
5993,150140020,2018-10-31,2.08,1.1249295969854831,23,53
5994,150140020,2018-11-17,1.71,0.9969486348916095,23,54
5995,151180080,2018-07-07,27.1,3.3357695763397,24,0
5996,151180080,2018-10-10,19.0,2.995732273553991,24,1
5997,151180080,2018-10-13,18.8,2.9856819377004897,24,2
5998,151180080,2018-10-15,18.6,2.975529566236472,23,248
5999,151180080,2018-11-17,18.8,2.9856819377004897,23,249
6000,150200060,2018-05-03,39.9,3.7111300630487563,32,209
6001,150200060,2018-05-10,75.0,4.330733340286331,32,207
6002,150200060,2018-05-13,93.4,4.547541073151455,32,205
6003,150200060,2018-06-07,60.5,4.119037174812473,32,203
6004,150200060,2018-08-03,48.2,3.8958936234982624,32,204
6005,150200060,2018-08-13,53.7,4.001863709427935,32,206
6006,150200060,2018-08-23,41.8,3.756538102587751,32,208
6007,150200060,2018-09-07,46.9,3.8691155044168695,32,213
6008,150200060,2018-09-20,259.0,5.560681631015528,32,210
6009,150200060,2018-10-05,43.4,3.793239469438179,32,211
6010,150200060,2018-10-10,37.1,3.6402142821326553,32,215
6011,150200060,2018-10-12,48.5,3.9019726695746444,32,214
6012,150200060,2018-10-15,44.4,3.8155121050473024,32,212
6013,152190110,2018-06-07,2.21,1.1662709371419244,49,102
6014,152190110,2018-07-05,0.76,0.5653138090500605,49,103
6015,152190110,2018-07-07,0.74,0.5538851132264376,49,104
6016,152190110,2018-10-15,0.29,0.2546422183735807,49,105
6017,154170030,2018-05-04,2.21,1.1662709371419244,31,33
6018,154170030,2018-05-06,2.93,1.3686394258811698,31,30
6019,154170030,2018-05-14,4.93,1.780024213009634,31,28
6020,154170030,2018-05-19,3.44,1.4906543764441333,31,25
6021,154170030,2018-05-21,3.41,1.4838746894587547,31,27
6022,154170030,2018-05-24,3.53,1.5107219394949427,31,22
6023,154170030,2018-05-29,3.5,1.5040773967762742,31,18
6024,154170030,2018-05-31,3.61,1.5282278570085572,31,26
6025,154170030,2018-06-03,3.74,1.556037135706985,31,23
6026,154170030,2018-06-08,3.22,1.4398351280479205,31,24
6027,154170030,2018-06-10,3.15,1.423108334242607,31,38
6028,154170030,2018-06-20,3.06,1.4011829736136412,31,31
6029,154170030,2018-07-15,2.66,1.297463147413275,31,32
6030,154170030,2018-07-25,2.08,1.1249295969854831,31,34
6031,154170030,2018-07-30,2.08,1.1249295969854831,31,29
6032,154170030,2018-08-22,2.26,1.1817271953786161,31,35
6033,154170030,2018-10-06,2.34,1.205970806988609,31,37
6034,154170030,2018-10-11,2.25,1.1786549963416462,31,19
6035,154170030,2018-10-13,2.37,1.2149127443642704,31,36
6036,154170030,2018-10-31,2.49,1.2499017362143359,31,20
6037,154170030,2018-11-07,2.33,1.2029723039923526,31,21
6038,149190220,2018-05-03,1.12,0.7514160886839212,35,114
6039,149190220,2018-05-10,5.52,1.8748743759385615,35,112
6040,149190220,2018-05-13,9.37,2.3389170222414357,35,107
6041,149190220,2018-06-07,2.91,1.3635373739972745,35,103
6042,149190220,2018-08-03,1.04,0.712949807856125,35,104
6043,149190220,2018-08-13,1.22,0.7975071958841881,35,106
6044,149190220,2018-08-23,1.87,1.0543120297715298,35,109
6045,149190220,2018-09-07,1.97,1.0885619528146082,35,115
6046,149190220,2018-09-10,1.11,0.7466879474879752,35,111
6047,149190220,2018-09-12,1.12,0.7514160886839212,35,108
6048,149190220,2018-09-20,21.0,3.091042453358316,35,110
6049,149190220,2018-10-05,3.6,1.5260563034950494,35,113
6050,149190220,2018-10-10,1.6,0.9555114450274365,35,105
6051,149190220,2018-10-12,3.56,1.5173226235262947,35,100
6052,149190220,2018-10-15,2.02,1.1052568313867783,35,101
6053,149190220,2018-11-06,1.9,1.0647107369924282,35,102
6054,149180100,2018-10-10,1.28,0.8241754429663495,32,126
6055,149180100,2018-10-15,0.75,0.5596157879354227,32,125
6056,150170140,2018-05-08,19.0,2.995732273553991,19,201
6057,150170140,2018-05-13,19.4,3.0155349008501706,19,203
6058,150170140,2018-05-21,15.0,2.772588722239781,19,211
6059,150170140,2018-05-26,15.8,2.8213788864092133,19,208
6060,150170140,2018-06-07,25.4,3.2733640101522705,19,198
6061,150170140,2018-07-07,11.8,2.5494451709255714,19,199
6062,150170140,2018-07-15,15.4,2.797281334830153,19,200
6063,150170140,2018-07-20,47.7,3.885679030088544,19,205
6064,150170140,2018-08-01,12.7,2.617395832834079,19,204
6065,150170140,2018-08-09,12.4,2.5952547069568657,19,209
6066,150170140,2018-08-29,10.1,2.4069451083182885,19,212
6067,150170140,2018-09-03,13.2,2.653241964607215,19,210
6068,150170140,2018-09-20,8.08,2.206074192613202,19,206
6069,150170140,2018-10-05,6.8,2.0541237336955462,19,207
6070,150170140,2018-10-13,17.8,2.9338568698359033,19,202
6071,150170140,2018-10-15,6.88,2.064327903869788,19,197
6072,152150110,2018-05-04,126.0,4.844187086458591,24,95
6073,152150110,2018-05-06,113.0,4.736198448394496,24,94
6074,152150110,2018-05-29,127.0,4.852030263919617,24,92
6075,152150110,2018-06-08,151.0,5.0238805208462765,24,98
6076,152150110,2018-08-07,61.3,4.131961425793407,24,97
6077,152150110,2018-10-11,41.9,3.758871825933971,24,93
6078,152150110,2018-10-13,41.5,3.7495040759303713,24,96
6079,152150110,2018-10-31,37.5,3.6506582412937387,24,90
6080,152150110,2018-11-07,37.2,3.6428355156125294,24,91
6081,150190250,2018-05-13,4.0,1.6094379124341003,34,119
6082,150190250,2018-06-07,3.8,1.5686159179138452,34,116
6083,150190250,2018-08-13,3.6,1.5260563034950494,34,118
6084,150190250,2018-10-10,3.4,1.4816045409242156,34,117
6085,150190250,2018-10-12,3.4,1.4816045409242156,34,113
6086,150190250,2018-10-15,3.4,1.4816045409242156,34,114
6087,150190250,2018-11-06,3.2,1.4350845252893227,34,115
6088,152180050,2018-05-06,42.9,3.7819143200811256,24,31
6089,152180050,2018-05-08,43.4,3.793239469438179,24,28
6090,152180050,2018-05-11,44.4,3.8155121050473024,24,27
6091,152180050,2018-05-13,46.6,3.8628327612373745,24,22
6092,152180050,2018-05-21,44.6,3.8199077165203406,24,24
6093,152180050,2018-06-07,47.8,3.8877303128591016,24,21
6094,152180050,2018-07-07,39.3,3.696351468952637,24,25
6095,152180050,2018-07-20,53.6,4.000033882750859,24,26
6096,152180050,2018-08-01,36.2,3.616308761279101,24,23
6097,152180050,2018-08-04,36.2,3.616308761279101,24,20
6098,152180050,2018-08-29,30.5,3.449987545831587,24,32
6099,152180050,2018-09-10,26.2,3.3032169733019514,24,30
6100,152180050,2018-09-20,41.7,3.754198920234579,24,35
6101,152180050,2018-10-10,29.2,3.407841924380824,24,33
6102,152180050,2018-10-13,27.2,3.339321977944068,24,34
6103,152180050,2018-10-15,27.9,3.3638415951183864,24,29
6104,152180050,2018-11-17,33.4,3.5380565643793527,24,19
6105,150200090,2018-05-03,0.79,0.5822156198526637,37,145
6106,150200090,2018-05-10,1.27,0.8197798314933114,37,146
6107,150200090,2018-05-13,1.68,0.9858167945227653,37,137
6108,150200090,2018-05-20,1.19,0.7839015438284094,37,143
6109,150200090,2018-05-30,2.78,1.3297240096314962,37,139
6110,150200090,2018-06-07,1.2,0.7884573603642702,37,134
6111,150200090,2018-07-04,0.58,0.4574248470388754,37,136
6112,150200090,2018-07-07,0.52,0.41871033485818504,37,138
6113,150200090,2018-07-24,0.49,0.3987761199573678,37,140
6114,150200090,2018-08-08,0.34,0.29266961396282,37,141
6115,150200090,2018-08-13,0.54,0.43178241642553783,37,144
6116,150200090,2018-10-10,0.46,0.3784364357202451,37,135
6117,150200090,2018-10-15,0.42,0.35065687161316933,37,142
6118,151200110,2018-05-03,1.99,1.095273387402595,42,104
6119,151200110,2018-05-05,2.08,1.1249295969854831,42,103
6120,151200110,2018-05-08,2.33,1.2029723039923526,42,100
6121,151200110,2018-05-10,2.55,1.2669476034873244,42,113
6122,151200110,2018-05-13,4.67,1.7351891177396608,42,96
6123,151200110,2018-05-20,6.36,1.9960599327407849,42,102
6124,151200110,2018-05-30,4.4,1.6863989535702286,42,101
6125,151200110,2018-06-04,5.3,1.840549633397487,42,98
6126,151200110,2018-06-07,3.34,1.4678743481123135,42,95
6127,151200110,2018-07-07,1.93,1.0750024230289759,42,112
6128,151200110,2018-07-09,1.79,1.0260415958332743,42,97
6129,151200110,2018-07-24,1.63,0.9669838461896731,42,99
6130,151200110,2018-08-08,1.45,0.8960880245566356,42,94
6131,151200110,2018-08-23,1.24,0.8064758658669485,42,107
6132,151200110,2018-09-02,1.24,0.8064758658669485,42,114
6133,151200110,2018-09-07,1.15,0.7654678421395714,42,111
6134,151200110,2018-09-12,1.19,0.7839015438284094,42,105
6135,151200110,2018-09-20,2.45,1.2383742310432684,42,110
6136,151200110,2018-10-10,1.52,0.924258901523332,42,106
6137,151200110,2018-10-12,1.58,0.9477893989335261,42,109
6138,151200110,2018-10-15,1.53,0.9282193027394289,42,108
6139,151200110,2018-10-17,1.5,0.9162907318741551,42,115
6140,151200110,2018-11-06,1.49,0.9122827104766162,42,93
6141,152140050,2018-05-29,235.0,5.4638318050256105,18,109
6142,152140050,2018-10-11,84.3,4.446174454497633,18,108
6143,152140050,2018-10-16,75.8,4.341204640153626,18,112
6144,152140050,2018-10-21,73.8,4.314817884980432,18,110
6145,152140050,2018-10-31,77.8,4.366912996863833,18,111
6146,154170010,2018-05-29,17.7,2.928523523860541,30,244
6147,154170010,2018-10-11,12.0,2.5649493574615367,30,241
6148,154170010,2018-10-13,12.5,2.6026896854443837,30,245
6149,154170010,2018-10-31,13.0,2.639057329615259,30,242
6150,154170010,2018-11-07,12.2,2.580216829592325,30,243
6151,154200030,2018-05-08,15.6,2.8094026953624973,52,9
6152,154200030,2018-05-13,18.9,2.990719731730447,52,8
6153,154200030,2018-06-07,17.3,2.9069010598473755,52,7
6154,154200030,2018-10-15,6.77,2.050270164379556,52,10
6155,150190260,2018-05-03,33.6,3.543853682063679,32,174
6156,150190260,2018-05-13,73.7,4.3134800921387715,32,183
6157,150190260,2018-06-07,48.4,3.899950424193877,32,182
6158,150190260,2018-07-04,36.1,3.6136169696133895,32,177
6159,150190260,2018-08-03,49.8,3.927896354584436,32,176
6160,150190260,2018-08-13,32.4,3.5085558999826545,32,185
6161,150190260,2018-08-23,28.4,3.380994674344636,32,180
6162,150190260,2018-09-10,35.9,3.6082115510464816,32,175
6163,150190260,2018-09-12,32.1,3.4995332823830174,32,178
6164,150190260,2018-09-20,231.0,5.44673737166631,32,179
6165,150190260,2018-10-05,33.0,3.5263605246161616,32,181
6166,150190260,2018-10-10,30.9,3.462606009790799,32,184
6167,150190260,2018-10-12,30.4,3.4468078929142076,32,171
6168,150190260,2018-10-15,32.3,3.505557396986398,32,172
6169,150190260,2018-11-06,44.0,3.8066624897703196,32,173
6170,152150170,2018-05-04,6.57,2.0241930674493576,21,208
6171,152150170,2018-05-06,7.15,2.0980179272527715,21,205
6172,152150170,2018-05-21,8.37,2.2375130962503307,21,214
6173,152150170,2018-05-26,7.98,2.194999882314108,21,202
6174,152150170,2018-05-29,8.29,2.2289385528257473,21,197
6175,152150170,2018-05-31,8.29,2.2289385528257473,21,212
6176,152150170,2018-07-03,4.94,1.7817091333745536,21,200
6177,152150170,2018-07-15,2.81,1.3376291891386096,21,198
6178,152150170,2018-07-20,2.35,1.208960345836975,21,203
6179,152150170,2018-08-04,1.63,0.9669838461896731,21,201
6180,152150170,2018-08-07,1.49,0.9122827104766162,21,199
6181,152150170,2018-08-09,1.37,0.8628899551470399,21,204
6182,152150170,2018-08-17,1.17,0.7747271675523681,21,207
6183,152150170,2018-08-22,1.1,0.7419373447293773,21,206
6184,152150170,2018-08-27,1.09,0.7371640659767197,21,216
6185,152150170,2018-08-29,1.02,0.7030975114131134,21,209
6186,152150170,2018-09-03,0.91,0.6471032420585385,21,210
6187,152150170,2018-10-13,1.03,0.708035793053696,21,211
6188,152150170,2018-10-16,1.15,0.7654678421395714,21,215
6189,152150170,2018-10-18,1.14,0.76080582903376,21,217
6190,152150170,2018-10-31,0.9,0.6418538861723948,21,213
6191,152150170,2018-11-07,0.89,0.636576829071551,21,218
6192,154170060,2018-05-04,9.4,2.341805806147327,31,163
6193,154170060,2018-05-06,9.34,2.336019869080283,31,158
6194,154170060,2018-05-14,13.2,2.653241964607215,31,160
6195,154170060,2018-05-19,9.93,2.391511302188447,31,156
6196,154170060,2018-05-21,9.88,2.3869262414277967,31,167
6197,154170060,2018-05-24,9.77,2.3767644911682972,31,157
6198,154170060,2018-05-29,9.5,2.3513752571634776,31,146
6199,154170060,2018-05-31,9.47,2.3485140248824456,31,154
6200,154170060,2018-06-03,11.0,2.4849066497880004,31,155
6201,154170060,2018-06-05,10.5,2.4423470353692043,31,150
6202,154170060,2018-06-08,9.58,2.3589654264301534,31,152
6203,154170060,2018-06-10,9.38,2.339880877737743,31,153
6204,154170060,2018-06-20,8.91,2.2935443483418965,31,151
6205,154170060,2018-07-23,7.99,2.196112848483529,31,161
6206,154170060,2018-07-25,7.74,2.167910189667444,31,164
6207,154170060,2018-07-30,8.11,2.209372711271867,31,159
6208,154170060,2018-08-22,7.21,2.105352923464337,31,162
6209,154170060,2018-10-06,7.83,2.178155014615869,31,166
6210,154170060,2018-10-11,7.67,2.1598687907924505,31,147
6211,154170060,2018-10-13,7.7,2.1633230256605382,31,165
6212,154170060,2018-10-31,7.82,2.1770218700187,31,148
6213,154170060,2018-11-07,6.8,2.0541237336955462,31,149
6214,153170140,2018-05-03,37.1,3.6402142821326553,50,88
6215,153170140,2018-05-06,37.8,3.6584202466292277,50,85
6216,153170140,2018-05-08,37.6,3.653252276470785,50,82
6217,153170140,2018-05-13,34.2,3.5610460826040513,50,79
6218,153170140,2018-05-31,34.1,3.55820113047182,50,89
6219,153170140,2018-06-07,40.6,3.728100167267218,50,78
6220,153170140,2018-06-20,37.0,3.6375861597263857,50,77
6221,153170140,2018-07-05,36.0,3.6109179126442243,50,80
6222,153170140,2018-07-07,35.5,3.597312260588446,50,83
6223,153170140,2018-07-15,27.5,3.349904087274605,50,87
6224,153170140,2018-07-20,23.9,3.214867803470662,50,86
6225,153170140,2018-08-01,19.6,3.0252910757955354,50,81
6226,153170140,2018-08-04,20.7,3.077312260546414,50,84
6227,153170140,2018-08-09,19.2,3.005682604407159,50,92
6228,153170140,2018-09-20,31.7,3.4873750779032076,50,91
6229,153170140,2018-09-30,26.5,3.3141860046725258,50,90
6230,153170140,2018-10-13,20.3,3.0587070727153796,50,93
6231,153170140,2018-10-15,22.4,3.152736022363656,50,75
6232,153170140,2018-11-07,25.3,3.269568939183719,50,76
6233,151220100,2018-05-27,5.24,1.8309801823813363,42,3
6234,151220100,2018-05-30,5.43,1.860974538249528,42,5
6235,151220100,2018-06-01,7.89,2.1849270495258133,42,1
6236,151220100,2018-06-06,6.29,1.986503546020567,42,4
6237,151220100,2018-06-09,5.13,1.81319474994812,42,2
6238,151220100,2018-07-09,4.48,1.7011051009599243,42,6
6239,151220100,2018-08-03,3.94,1.597365331199831,42,9
6240,151220100,2018-08-08,3.62,1.5303947050936475,42,0
6241,151220100,2018-08-13,4.1,1.62924053973028,41,249
6242,151220100,2018-08-20,3.74,1.556037135706985,42,7
6243,151220100,2018-08-23,3.77,1.5623463049002497,42,8
6244,151220100,2018-10-12,3.04,1.3962446919730587,41,246
6245,151220100,2018-10-14,3.18,1.430311246536665,41,247
6246,151220100,2018-10-17,3.12,1.415853163361435,42,10
6247,151220100,2018-11-08,3.35,1.4701758451005928,41,248
6248,153230080,2018-05-07,0.52,0.41871033485818504,44,226
6249,153230080,2018-05-10,0.82,0.598836501088704,44,229
6250,153230080,2018-05-12,1.08,0.7323678937132266,44,224
6251,153230080,2018-05-27,0.82,0.598836501088704,44,222
6252,153230080,2018-05-30,0.84,0.6097655716208943,44,221
6253,153230080,2018-06-01,1.56,0.9400072584914712,44,219
6254,153230080,2018-06-04,3.56,1.5173226235262947,44,230
6255,153230080,2018-06-09,1.32,0.8415671856782186,44,220
6256,153230080,2018-07-19,0.72,0.5423242908253616,44,223
6257,153230080,2018-08-08,0.46,0.3784364357202451,44,228
6258,153230080,2018-08-10,0.42,0.35065687161316933,44,227
6259,153230080,2018-08-23,0.33,0.2851789422336624,44,225
6260,153230080,2018-10-12,0.3,0.26236426446749106,44,217
6261,153230080,2018-10-14,0.3,0.26236426446749106,44,218
6262,153230140,2018-05-07,1.31,0.8372475245337022,44,213
6263,153230140,2018-05-12,3.17,1.4279160358107101,44,211
6264,153230140,2018-06-01,2.95,1.3737155789130306,44,208
6265,153230140,2018-06-09,3.89,1.5871923034867808,44,209
6266,153230140,2018-07-09,1.57,0.9439058989071285,44,216
6267,153230140,2018-08-10,0.82,0.598836501088704,44,210
6268,153230140,2018-08-23,0.67,0.5128236264286637,44,212
6269,153230140,2018-09-04,0.9,0.6418538861723948,44,214
6270,153230140,2018-10-12,0.95,0.6678293725756554,44,206
6271,153230140,2018-10-14,0.97,0.6780335427498971,44,207
6272,153230140,2018-10-17,0.99,0.688134638736401,44,215
6273,154170120,2018-05-06,3.6,1.5260563034950494,30,209
6274,154170120,2018-05-14,4.38,1.682688374173693,30,211
6275,154170120,2018-05-19,3.74,1.556037135706985,30,215
6276,154170120,2018-05-21,3.7,1.547562508716013,30,217
6277,154170120,2018-05-24,3.7,1.547562508716013,30,216
6278,154170120,2018-05-29,3.63,1.5325568680981427,30,206
6279,154170120,2018-06-03,4.11,1.631199404215613,30,214
6280,154170120,2018-06-08,3.8,1.5686159179138452,30,203
6281,154170120,2018-06-20,3.18,1.430311246536665,30,213
6282,154170120,2018-06-28,3.01,1.3887912413184778,30,204
6283,154170120,2018-07-20,1.97,1.0885619528146082,30,218
6284,154170120,2018-07-23,1.85,1.0473189942805592,30,205
6285,154170120,2018-08-22,1.64,0.9707789171582247,30,212
6286,154170120,2018-09-03,1.62,0.9631743177730056,30,210
6287,154170120,2018-10-06,2.64,1.2919836816486494,30,208
6288,154170120,2018-10-11,2.16,1.1505720275988207,30,200
6289,154170120,2018-10-13,2.11,1.1346227261911428,30,207
6290,154170120,2018-10-31,1.92,1.0715836162801904,30,201
6291,154170120,2018-11-07,2.09,1.128171090909654,30,202
6292,151200020,2018-05-03,21.4,3.109060958860994,43,10
6293,151200020,2018-05-08,23.2,3.186352633162641,43,3
6294,151200020,2018-05-10,23.7,3.2068032436339315,43,16
6295,151200020,2018-05-13,24.4,3.2347491740244907,43,6
6296,151200020,2018-05-30,33.3,3.535145354171894,43,4
6297,151200020,2018-06-04,38.5,3.676300671907076,43,2
6298,151200020,2018-06-07,37.7,3.655839600035736,42,248
6299,151200020,2018-07-07,19.7,3.0301337002713233,42,249
6300,151200020,2018-07-09,15.5,2.803360380906535,43,7
6301,151200020,2018-08-01,13.0,2.639057329615259,43,1
6302,151200020,2018-08-08,13.8,2.6946271807700692,43,0
6303,151200020,2018-08-23,13.4,2.667228206581955,43,11
6304,151200020,2018-09-07,13.0,2.639057329615259,43,14
6305,151200020,2018-09-10,12.9,2.631888840136646,43,15
6306,151200020,2018-09-12,13.5,2.6741486494265287,43,9
6307,151200020,2018-09-20,31.0,3.4657359027997265,43,12
6308,151200020,2018-10-12,13.7,2.6878474937846906,43,8
6309,151200020,2018-10-15,14.2,2.7212954278522306,43,5
6310,151200020,2018-10-17,14.1,2.714694743820879,43,13
6311,151200020,2018-11-06,13.5,2.6741486494265287,42,247
6312,153210050,2018-05-08,3.26,1.449269160281279,46,27
6313,153210050,2018-05-10,3.26,1.449269160281279,46,32
6314,153210050,2018-05-30,3.42,1.4861396960896067,46,24
6315,153210050,2018-06-07,3.5,1.5040773967762742,46,26
6316,153210050,2018-06-09,3.42,1.4861396960896067,46,25
6317,153210050,2018-07-24,1.9,1.0647107369924282,46,28
6318,153210050,2018-08-08,1.8,1.0296194171811583,46,29
6319,153210050,2018-08-23,1.14,0.76080582903376,46,33
6320,153210050,2018-09-10,1.64,0.9707789171582247,46,30
6321,153210050,2018-09-20,2.15,1.1474024528375417,46,31
6322,153210050,2018-10-12,2.05,1.11514159061932,46,23
6323,149200140,2018-08-23,30.3,3.4436180975461075,36,89
6324,149200140,2018-09-20,420.0,6.042632833682381,36,93
6325,149200140,2018-10-05,38.8,3.6838669122903918,36,92
6326,149200140,2018-10-10,27.4,3.3463891451671604,36,91
6327,149200140,2018-10-12,26.5,3.3141860046725258,36,86
6328,149200140,2018-10-15,27.2,3.339321977944068,36,87
6329,149200140,2018-10-17,27.7,3.3568971227655755,36,90
6330,149200140,2018-11-06,19.8,3.0349529867072724,36,88
6331,150180100,2018-05-03,4.26,1.6601310267496183,19,112
6332,150180100,2018-05-06,4.35,1.6770965609079151,19,103
6333,150180100,2018-05-08,4.63,1.728109442151599,19,102
6334,150180100,2018-05-13,5.44,1.8625285401162623,19,100
6335,150180100,2018-06-07,4.77,1.752672080520008,19,97
6336,150180100,2018-07-05,4.58,1.7191887763932197,19,107
6337,150180100,2018-08-01,3.39,1.47932922708708,19,101
6338,150180100,2018-08-09,2.79,1.332366019094335,19,104
6339,150180100,2018-08-29,3.17,1.4279160358107101,19,106
6340,150180100,2018-09-03,2.46,1.2412685890696329,19,113
6341,150180100,2018-09-20,4.19,1.6467336971777973,19,109
6342,150180100,2018-09-28,2.68,1.3029127521808397,19,105
6343,150180100,2018-10-05,2.2,1.1631508098056809,19,108
6344,150180100,2018-10-10,2.05,1.11514159061932,19,110
6345,150180100,2018-10-13,2.18,1.1568811967920856,19,111
6346,150180100,2018-10-15,2.13,1.1410330045520618,19,98
6347,150180100,2018-11-17,1.76,1.0152306797290587,19,99
6348,153160030,2018-05-04,1.35,0.8544153281560676,28,30
6349,153160030,2018-05-06,1.35,0.8544153281560676,28,25
6350,153160030,2018-05-09,1.25,0.8109302162163288,28,28
6351,153160030,2018-05-14,1.14,0.76080582903376,28,29
6352,153160030,2018-05-19,1.04,0.712949807856125,28,33
6353,153160030,2018-05-21,0.94,0.6626879730752367,28,31
6354,153160030,2018-05-24,0.88,0.6312717768418579,28,27
6355,153160030,2018-05-29,0.82,0.598836501088704,28,24
6356,153160030,2018-06-03,0.76,0.5653138090500605,28,20
6357,153160030,2018-06-08,0.64,0.49469624183610705,28,26
6358,153160030,2018-06-20,0.7,0.5306282510621704,28,15
6359,153160030,2018-07-05,0.52,0.41871033485818504,28,18
6360,153160030,2018-07-25,0.48,0.3920420877760237,28,32
6361,153160030,2018-08-07,0.3,0.26236426446749106,28,19
6362,153160030,2018-08-09,0.28,0.2468600779315258,28,16
6363,153160030,2018-08-22,0.19,0.173953307123438,28,22
6364,153160030,2018-09-08,0.14,0.1310282624064041,28,13
6365,153160030,2018-10-06,0.047,0.045928931888399804,28,21
6366,153160030,2018-10-13,0.031,0.030529205034822874,28,23
6367,153160030,2018-10-31,0.007,0.006975613736425242,28,14
6368,153160030,2018-11-07,0.005,0.004987541511039074,28,17
6369,153150010,2018-05-29,14.9,2.766319109226186,29,2
6370,153150010,2018-06-03,19.9,3.039749158970765,29,1
6371,153150010,2018-10-11,1.76,1.0152306797290587,29,3
6372,153150010,2018-10-16,1.7,0.9932517730102834,28,249
6373,153150010,2018-10-31,1.92,1.0715836162801904,29,0
6374,154160070,2018-05-06,16.9,2.884800712846709,30,101
6375,154160070,2018-05-09,18.3,2.9601050959108397,30,102
6376,154160070,2018-05-14,31.8,3.4904285153900982,30,93
6377,154160070,2018-05-19,23.9,3.214867803470662,30,94
6378,154160070,2018-05-21,20.4,3.0633909220278057,30,104
6379,154160070,2018-05-24,20.0,3.044522437723423,30,87
6380,154160070,2018-05-29,19.3,3.0106208860477417,30,88
6381,154160070,2018-06-03,24.9,3.254242968705492,30,95
6382,154160070,2018-06-05,24.1,3.2228678461377385,30,109
6383,154160070,2018-06-08,20.2,3.054001181677967,30,92
6384,154160070,2018-06-20,16.7,2.8735646395797834,30,89
6385,154160070,2018-06-28,16.4,2.856470206220483,30,110
6386,154160070,2018-07-08,14.9,2.766319109226186,30,112
6387,154160070,2018-07-20,12.7,2.617395832834079,30,107
6388,154160070,2018-07-23,12.4,2.5952547069568657,30,97
6389,154160070,2018-07-25,12.2,2.580216829592325,30,98
6390,154160070,2018-07-30,11.8,2.5494451709255714,30,100
6391,154160070,2018-08-09,10.3,2.424802725718295,30,99
6392,154160070,2018-08-22,11.3,2.509599262378372,30,96
6393,154160070,2018-09-03,10.8,2.468099531471619,30,103
6394,154160070,2018-09-08,10.7,2.4595888418037104,30,105
6395,154160070,2018-10-06,11.8,2.5494451709255714,30,106
6396,154160070,2018-10-11,11.2,2.501435951739211,30,111
6397,154160070,2018-10-13,12.4,2.5952547069568657,30,108
6398,154160070,2018-10-31,11.8,2.5494451709255714,30,90
6399,154160070,2018-11-07,11.0,2.4849066497880004,30,91
6400,149200220,2018-08-03,17.2,2.9014215940827497,37,3
6401,149200220,2018-08-23,22.3,3.148453360571655,37,4
6402,149200220,2018-10-12,21.0,3.091042453358316,37,1
6403,149200220,2018-11-06,15.1,2.7788192719904172,37,2
6404,150210060,2018-10-12,1.77,1.0188473201992472,37,193
6405,154179991,2018-05-06,0.24,0.2151113796169455,51,85
6406,154179991,2018-05-21,0.28,0.2468600779315258,51,83
6407,154179991,2018-05-24,0.27,0.23901690047049992,51,79
6408,154179991,2018-05-31,0.28,0.2468600779315258,51,84
6409,154179991,2018-06-03,0.28,0.2468600779315258,51,77
6410,154179991,2018-06-10,0.26,0.23111172096338664,51,81
6411,154179991,2018-06-20,0.28,0.2468600779315258,51,78
6412,154179991,2018-06-28,0.28,0.2468600779315258,51,80
6413,154179991,2018-07-15,0.26,0.23111172096338664,51,82
6414,154179991,2018-09-03,0.22,0.1988508587451652,51,86
6415,154179991,2018-10-13,0.24,0.2151113796169455,51,87
6416,154179991,2018-11-07,0.25,0.22314355131420976,51,76
6417,153160080,2018-05-04,0.41,0.3435897043900769,29,163
6418,153160080,2018-05-06,0.45,0.37156355643248307,29,153
6419,153160080,2018-05-09,0.64,0.49469624183610705,29,161
6420,153160080,2018-05-14,1.19,0.7839015438284094,29,154
6421,153160080,2018-05-19,0.71,0.5364933705145685,29,155
6422,153160080,2018-05-21,0.66,0.5068176023684519,29,162
6423,153160080,2018-05-29,0.71,0.5364933705145685,29,146
6424,153160080,2018-06-03,0.89,0.636576829071551,29,156
6425,153160080,2018-06-08,0.79,0.5822156198526637,29,147
6426,153160080,2018-06-20,0.61,0.4762341789963716,29,157
6427,153160080,2018-07-05,0.69,0.5247285289349821,29,148
6428,153160080,2018-07-15,0.43,0.3576744442718159,29,149
6429,153160080,2018-07-20,0.39,0.3293037471426004,29,167
6430,153160080,2018-07-25,0.32,0.2776317365982795,29,159
6431,153160080,2018-08-07,0.28,0.2468600779315258,29,160
6432,153160080,2018-08-22,0.26,0.23111172096338664,29,158
6433,153160080,2018-09-08,0.21,0.1906203596086497,29,150
6434,153160080,2018-10-06,0.28,0.2468600779315258,29,165
6435,153160080,2018-10-11,0.29,0.2546422183735807,29,164
6436,153160080,2018-10-13,0.26,0.23111172096338664,29,166
6437,153160080,2018-10-31,0.25,0.22314355131420976,29,151
6438,153160080,2018-11-07,0.24,0.2151113796169455,29,152
6439,152200080,2018-05-05,0.51,0.412109650826833,48,188
6440,152200080,2018-05-08,0.82,0.598836501088704,48,175
6441,152200080,2018-05-10,1.14,0.76080582903376,48,176
6442,152200080,2018-05-13,1.7,0.9932517730102834,48,171
6443,152200080,2018-05-23,1.31,0.8372475245337022,48,182
6444,152200080,2018-05-30,1.7,0.9932517730102834,48,170
6445,152200080,2018-06-04,2.54,1.264126727145683,48,174
6446,152200080,2018-06-07,1.46,0.9001613499442714,48,167
6447,152200080,2018-06-29,0.81,0.5933268452777344,48,172
6448,152200080,2018-07-07,0.77,0.5709795465857378,48,168
6449,152200080,2018-07-09,0.54,0.43178241642553783,48,173
6450,152200080,2018-07-24,0.37,0.31481073984003355,48,187
6451,152200080,2018-08-01,0.25,0.22314355131420976,48,186
6452,152200080,2018-08-08,0.24,0.2151113796169455,48,169
6453,152200080,2018-08-13,0.2,0.18232155679395462,48,177
6454,152200080,2018-08-23,0.22,0.1988508587451652,48,180
6455,152200080,2018-09-07,0.22,0.1988508587451652,48,181
6456,152200080,2018-09-10,0.36,0.3074846997479606,48,178
6457,152200080,2018-09-12,0.24,0.2151113796169455,48,179
6458,152200080,2018-09-20,0.96,0.6729444732424258,48,183
6459,152200080,2018-10-12,0.33,0.2851789422336624,48,185
6460,152200080,2018-10-15,0.34,0.29266961396282,48,184
6461,152200080,2018-11-06,0.29,0.2546422183735807,48,166
6462,149200130,2018-05-03,0.73,0.5481214085096876,36,14
6463,149200130,2018-05-10,7.39,2.127040520479115,36,24
6464,149200130,2018-05-13,3.87,1.5830939370944985,36,15
6465,149200130,2018-06-07,2.08,1.1249295969854831,36,13
6466,149200130,2018-08-03,1.1,0.7419373447293773,36,25
6467,149200130,2018-08-13,1.78,1.0224509277025458,36,16
6468,149200130,2018-08-23,0.89,0.636576829071551,36,17
6469,149200130,2018-09-07,0.64,0.49469624183610705,36,23
6470,149200130,2018-09-20,25.3,3.269568939183719,36,18
6471,149200130,2018-10-05,1.0,0.6931471805599453,36,19
6472,149200130,2018-10-10,0.9,0.6418538861723948,36,21
6473,149200130,2018-10-12,2.44,1.235471471385307,36,22
6474,149200130,2018-10-15,2.26,1.1817271953786161,36,20
6475,153220130,2018-05-10,40.1,3.716008121502189,44,16
6476,153220130,2018-06-09,65.0,4.189654742026425,44,12
6477,153220130,2018-06-29,47.6,3.883623530906448,44,15
6478,153220130,2018-07-09,30.3,3.4436180975461075,44,19
6479,153220130,2018-08-08,9.01,2.303584593327129,44,13
6480,153220130,2018-08-23,8.07,2.2049722641270453,44,14
6481,153220130,2018-09-12,8.73,2.2752138961979136,44,17
6482,153220130,2018-10-12,9.57,2.3580197998821464,44,11
6483,153220130,2018-10-17,8.93,2.295560478057081,44,18
6484,149190310,2018-05-10,10.8,2.468099531471619,35,218
6485,149190310,2018-05-13,12.2,2.580216829592325,35,215
6486,149190310,2018-06-07,6.91,2.0681277817795625,35,214
6487,149190310,2018-08-03,5.44,1.8625285401162623,35,219
6488,149190310,2018-08-13,3.5,1.5040773967762742,35,211
6489,149190310,2018-08-23,3.58,1.5216989981260935,35,217
6490,149190310,2018-09-07,3.11,1.4134230285081433,35,216
6491,149190310,2018-09-20,90.3,4.514150787600923,35,213
6492,149190310,2018-10-05,14.9,2.766319109226186,35,212
6493,149190310,2018-10-10,4.49,1.7029282555214393,35,209
6494,149190310,2018-10-12,8.99,2.301584592660462,35,210
6495,149190310,2018-10-15,7.89,2.1849270495258133,35,208
6496,152210050,2018-05-08,0.46,0.3784364357202451,48,70
6497,152210050,2018-05-10,0.54,0.43178241642553783,48,71
6498,152210050,2018-05-23,0.49,0.3987761199573678,48,68
6499,152210050,2018-05-30,0.77,0.5709795465857378,48,64
6500,152210050,2018-06-04,3.25,1.4469189829363254,48,63
6501,152210050,2018-06-07,1.24,0.8064758658669485,48,61
6502,152210050,2018-06-09,0.89,0.636576829071551,48,62
6503,152210050,2018-06-29,0.32,0.2776317365982795,48,65
6504,152210050,2018-07-07,0.23,0.20701416938432615,48,67
6505,152210050,2018-07-24,0.19,0.173953307123438,48,66
6506,152210050,2018-08-08,0.15,0.13976194237515868,48,60
6507,152210050,2018-09-10,0.08,0.07696104113612832,48,72
6508,152210050,2018-10-12,0.32,0.2776317365982795,48,59
6509,152210050,2018-10-15,0.13,0.12221763272424921,48,69
6510,150240010,2018-05-02,33.9,3.5524868292083815,46,245
6511,150240010,2018-05-12,49.2,3.9160150266976834,46,239
6512,150240010,2018-06-01,78.0,4.3694478524670215,46,240
6513,150240010,2018-06-06,84.4,4.447346100794524,46,242
6514,150240010,2018-06-21,65.9,4.203198967134183,46,241
6515,150240010,2018-08-10,12.6,2.6100697927420065,46,244
6516,150240010,2018-08-20,21.3,3.104586678466073,46,243
6517,150240010,2018-10-14,28.5,3.3843902633457743,46,238
6518,149190210,2018-05-13,13.2,2.653241964607215,35,65
6519,149190210,2018-06-07,3.95,1.599387576580599,35,63
6520,149190210,2018-08-03,2.84,1.3454723665996355,35,64
6521,149190200,2018-08-23,0.46,0.3784364357202451,35,120
6522,149190210,2018-09-10,2.44,1.235471471385307,35,68
6523,149190210,2018-09-12,2.81,1.3376291891386096,35,66
6524,149190210,2018-09-20,51.4,3.9589065913269965,35,67
6525,149190200,2018-10-10,0.74,0.5538851132264376,35,119
6526,149190210,2018-10-10,2.72,1.3137236682850553,35,62
6527,149190200,2018-10-12,3.27,1.4516138272405332,35,116
6528,149190210,2018-10-12,9.78,2.377692565480851,35,59
6529,149190200,2018-10-15,0.81,0.5933268452777344,35,117
6530,149190210,2018-10-15,5.18,1.8213182714695995,35,60
6531,149190200,2018-11-06,0.57,0.4510756193602167,35,118
6532,149190210,2018-11-06,3.58,1.5216989981260935,35,61
6533,151190100,2018-05-03,17.7,2.928523523860541,42,244
6534,151190100,2018-05-05,17.4,2.91235066461494,42,237
6535,151190100,2018-05-10,19.4,3.0155349008501706,42,240
6536,151190100,2018-05-13,23.3,3.190476350346503,42,238
6537,151190100,2018-05-20,22.7,3.1654750481410856,42,239
6538,151190100,2018-05-30,29.3,3.4111477125153233,42,242
6539,151190100,2018-06-07,24.7,3.246490991901174,42,235
6540,151190100,2018-07-04,12.9,2.631888840136646,42,233
6541,151190100,2018-07-07,11.5,2.5257286443082556,42,232
6542,151190100,2018-08-08,8.96,2.298577071596507,42,234
6543,151190100,2018-08-13,8.59,2.2607208888953467,42,236
6544,151190100,2018-09-10,7.39,2.127040520479115,42,243
6545,151190100,2018-09-12,7.39,2.127040520479115,42,241
6546,151190100,2018-10-05,11.5,2.5257286443082556,42,246
6547,151190100,2018-10-10,9.76,2.3758355547336385,42,245
6548,151190100,2018-10-12,10.6,2.451005098112319,42,231
6549,151190100,2018-10-15,10.2,2.4159137783010487,42,230
6550,153230110,2018-05-07,4.93,1.780024213009634,44,182
6551,153230110,2018-05-12,7.94,2.190535589185423,44,178
6552,153230110,2018-05-27,6.41,2.0028304393079956,44,179
6553,153230110,2018-05-30,6.28,1.9851308622085946,44,177
6554,153230110,2018-06-01,7.82,2.1770218700187,44,176
6555,153230110,2018-06-09,16.2,2.8449093838194073,44,175
6556,153230110,2018-07-09,4.52,1.7083778602890038,44,183
6557,153230110,2018-07-19,4.12,1.6331544390514163,44,185
6558,153230110,2018-08-10,2.26,1.1817271953786161,44,180
6559,153230110,2018-08-23,1.81,1.0331844833456545,44,181
6560,153230110,2018-10-12,2.2,1.1631508098056809,44,173
6561,153230110,2018-10-14,2.17,1.1537315878891892,44,174
6562,153230110,2018-10-17,2.29,1.1908875647772805,44,184
6563,152220080,2018-05-07,14.9,2.766319109226186,43,239
6564,152220080,2018-05-10,17.1,2.89591193827178,43,238
6565,152220080,2018-05-12,20.8,3.0819099697950434,43,233
6566,152220080,2018-05-27,19.0,2.995732273553991,43,235
6567,152220080,2018-05-30,16.7,2.8735646395797834,43,236
6568,152220080,2018-06-01,18.5,2.970414465569701,43,234
6569,152220080,2018-06-04,33.5,3.5409593240373143,43,237
6570,152220080,2018-06-06,41.6,3.751854253275325,43,244
6571,152220080,2018-06-09,38.4,3.673765816303888,43,232
6572,152220080,2018-06-29,21.4,3.109060958860994,43,243
6573,152220080,2018-08-08,4.92,1.7783364488959144,43,240
6574,152220080,2018-08-10,4.75,1.749199854809259,43,242
6575,152220080,2018-08-23,4.44,1.6937790608678513,43,241
6576,152220080,2018-10-12,3.4,1.4816045409242156,43,230
6577,152220080,2018-10-14,3.31,1.4609379041156565,43,231
6578,150230060,2018-05-12,1.14,0.76080582903376,41,202
6579,150230060,2018-05-27,1.2,0.7884573603642702,41,207
6580,150230060,2018-05-30,1.43,0.8878912573524571,41,203
6581,150230060,2018-06-01,1.43,0.8878912573524571,41,201
6582,150230060,2018-06-06,1.26,0.8153648132841945,41,204
6583,150230060,2018-06-09,1.04,0.712949807856125,41,208
6584,150230060,2018-06-21,0.94,0.6626879730752367,41,206
6585,150230060,2018-07-09,0.76,0.5653138090500605,41,211
6586,150230060,2018-08-03,0.63,0.48858001481867097,41,209
6587,150230060,2018-08-08,0.58,0.4574248470388754,41,198
6588,150230060,2018-08-13,0.61,0.4762341789963716,41,199
6589,150230060,2018-08-20,0.88,0.6312717768418579,41,200
6590,150230060,2018-08-23,0.62,0.4824261492442927,41,197
6591,150230060,2018-09-02,0.54,0.43178241642553783,41,205
6592,150230060,2018-10-12,1.02,0.7030975114131134,41,194
6593,150230060,2018-10-14,0.89,0.636576829071551,41,195
6594,150230060,2018-10-17,0.77,0.5709795465857378,41,210
6595,150230060,2018-11-08,0.67,0.5128236264286637,41,196
6596,153170060,2018-05-04,13.4,2.667228206581955,50,60
6597,153170070,2018-05-04,6.27,1.9837562915454279,50,130
6598,153170060,2018-05-06,13.1,2.6461747973841225,50,59
6599,153170070,2018-05-06,6.27,1.9837562915454279,50,136
6600,153170060,2018-05-09,12.8,2.624668592163159,50,55
6601,153170070,2018-05-09,5.93,1.9358598132018119,50,123
6602,153170060,2018-05-14,13.1,2.6461747973841225,50,61
6603,153170070,2018-05-14,5.76,1.9110228900548727,50,133
6604,153170060,2018-05-19,12.8,2.624668592163159,50,56
6605,153170070,2018-05-19,5.99,1.9444805562457188,50,126
6606,153170060,2018-05-21,12.8,2.624668592163159,50,62
6607,153170070,2018-05-21,5.82,1.9198594718553708,50,138
6608,153170060,2018-05-24,12.6,2.6100697927420065,50,52
6609,153170070,2018-05-24,5.65,1.8946168546677629,50,122
6610,153170060,2018-05-29,12.6,2.6100697927420065,50,53
6611,153170070,2018-05-29,5.65,1.8946168546677629,50,128
6612,153170060,2018-06-03,12.8,2.624668592163159,50,50
6613,153170070,2018-06-03,6.16,1.9685099809725544,50,127
6614,153170060,2018-06-08,12.3,2.5877640352277083,50,58
6615,153170070,2018-06-08,5.99,1.9444805562457188,50,129
6616,153170060,2018-06-20,12.6,2.6100697927420065,50,47
6617,153170070,2018-06-20,5.99,1.9444805562457188,50,124
6618,153170060,2018-07-05,11.8,2.5494451709255714,50,48
6619,153170070,2018-07-05,5.22,1.827769906751088,50,125
6620,153170060,2018-07-15,11.3,2.509599262378372,50,49
6621,153170070,2018-07-15,4.48,1.7011051009599243,50,119
6622,153170060,2018-07-20,10.8,2.468099531471619,50,51
6623,153170070,2018-07-20,4.28,1.66392609771817,50,120
6624,153170060,2018-08-04,8.02,2.199444334074532,50,54
6625,153170070,2018-08-04,4.15,1.6389967146756448,50,117
6626,153170060,2018-08-09,7.56,2.1471001901536506,50,65
6627,153170070,2018-08-09,3.79,1.5665304114228238,50,131
6628,153170060,2018-08-22,6.35,1.9947003132247452,50,57
6629,153170070,2018-08-22,3.38,1.4770487243883548,50,121
6630,153170060,2018-10-06,10.1,2.4069451083182885,50,64
6631,153170070,2018-10-06,4.8,1.7578579175523736,50,134
6632,153170060,2018-10-11,9.6,2.3608540011180215,50,63
6633,153170070,2018-10-11,4.32,1.6714733033535532,50,132
6634,153170060,2018-10-13,9.76,2.3758355547336385,50,66
6635,153170070,2018-10-13,4.19,1.6467336971777973,50,135
6636,153170070,2018-10-18,3.9,1.589235205116581,50,137
6637,153170060,2018-10-31,9.96,2.3942522815198695,50,45
6638,153170070,2018-10-31,3.82,1.5727739280625088,50,116
6639,153170060,2018-11-07,9.89,2.387844936944869,50,46
6640,153170070,2018-11-07,4.03,1.6154199841116479,50,118
6641,150190070,2018-10-10,2.22,1.169381359556317,34,100
6642,150190070,2018-10-12,2.36,1.2119409739751128,34,97
6643,150190070,2018-10-15,2.34,1.205970806988609,34,98
6644,150190070,2018-11-06,2.28,1.1878434223960523,34,99
6645,149200020,2018-05-13,10.5,2.4423470353692043,36,169
6646,149200020,2018-08-03,6.15,1.9671123567059163,36,170
6647,149200020,2018-08-23,4.98,1.7884205679625405,36,171
6648,149200020,2018-08-28,56.6,4.053522567701846,36,173
6649,149200020,2018-09-20,58.8,4.091005660956586,36,174
6650,149200020,2018-09-30,8.98,2.300583090323373,36,176
6651,149200020,2018-10-05,7.02,2.081938421878423,36,175
6652,149200020,2018-10-10,5.18,1.8213182714695995,36,172
6653,149200020,2018-10-12,6.21,1.9754689512968577,36,166
6654,149200020,2018-10-15,13.9,2.7013612129514133,36,167
6655,149200020,2018-11-06,7.04,2.084429083190875,36,168
6656,150160110,2018-07-05,0.91,0.6471032420585385,20,8
6657,150160110,2018-08-09,1.02,0.7030975114131134,20,9
6658,150160110,2018-08-29,1.44,0.8919980393051105,20,10
6659,150160110,2018-09-28,0.54,0.43178241642553783,20,7
6660,150160110,2018-10-13,0.58,0.4574248470388754,20,11
6661,152160080,2018-05-04,1.58,0.9477893989335261,26,26
6662,152160080,2018-05-06,1.52,0.924258901523332,26,25
6663,152160080,2018-05-29,2.04,1.1118575154181303,26,24
6664,152160080,2018-10-11,0.017,0.0168571170664229,26,27
6665,152160080,2018-10-13,0.036,0.035367143837291316,26,28
6666,152160080,2018-10-31,0.07,0.06765864847381481,26,22
6667,152160080,2018-11-07,0.08,0.07696104113612832,26,23
6668,149220020,2018-05-02,2.22,1.169381359556317,39,60
6669,149220020,2018-05-05,2.22,1.169381359556317,39,62
6670,149220020,2018-05-07,2.72,1.3137236682850553,39,59
6671,149220020,2018-05-12,38.6,3.6788291182604347,39,58
6672,149220020,2018-06-06,16.0,2.833213344056216,39,57
6673,149220020,2018-08-13,3.25,1.4469189829363254,39,61
6674,149220020,2018-08-20,2.45,1.2383742310432684,39,56
6675,149220020,2018-08-23,3.66,1.5390154481375546,39,65
6676,149220020,2018-08-28,4.97,1.7867469274045107,39,63
6677,149220020,2018-08-30,4.48,1.7011051009599243,39,64
6678,149220020,2018-09-19,32.8,3.520460802488973,39,66
6679,149220020,2018-10-09,1.4,0.8754687373538999,39,67
6680,149220020,2018-10-14,1.3,0.832909122935104,39,55
6681,149220020,2018-10-17,1.49,0.9122827104766162,39,68
6682,149220020,2018-11-06,0.77,0.5709795465857378,39,69
6683,149220020,2018-11-08,1.46,0.9001613499442714,39,70
6684,149200180,2018-08-23,0.57,0.4510756193602167,36,226
6685,149200180,2018-08-28,2.02,1.1052568313867783,36,227
6686,149200180,2018-10-12,1.3,0.832909122935104,36,223
6687,149200180,2018-10-17,1.38,0.8671004876833832,36,225
6688,149200180,2018-11-06,0.62,0.4824261492442927,36,224
6689,153220290,2018-05-10,0.84,0.6097655716208943,45,95
6690,153220290,2018-05-20,2.05,1.11514159061932,45,96
6691,153220290,2018-05-30,1.49,0.9122827104766162,45,97
6692,153220290,2018-06-04,7.18,2.1016921506146558,45,93
6693,153220290,2018-06-09,5.03,1.7967470107390942,45,90
6694,153220290,2018-07-09,0.84,0.6097655716208943,45,92
6695,153220290,2018-07-19,0.59,0.46373401623214017,45,91
6696,153220290,2018-08-23,0.24,0.2151113796169455,45,94
6697,153220290,2018-10-12,0.52,0.41871033485818504,45,89
6698,153160150,2018-05-29,1.03,0.708035793053696,27,108
6699,153160150,2018-06-03,1.22,0.7975071958841881,27,109
6700,153160150,2018-06-20,1.22,0.7975071958841881,27,106
6701,153160150,2018-07-05,0.98,0.6830968447064438,27,107
6702,153160150,2018-10-11,0.18,0.16551443847757338,27,110
6703,153160150,2018-10-13,0.2,0.18232155679395462,27,111
6704,153160150,2018-10-31,0.19,0.173953307123438,27,104
6705,153160150,2018-11-07,0.16,0.14842000511827327,27,105
6706,151190020,2018-05-03,5.1,1.8082887711792655,24,149
6707,151190020,2018-05-08,5.27,1.8357763546448291,24,148
6708,151190020,2018-05-13,5.36,1.8500283773520307,24,147
6709,151190020,2018-06-07,5.66,1.8961194845522977,24,143
6710,151190020,2018-07-07,3.27,1.4516138272405332,24,144
6711,151190020,2018-08-01,2.66,1.297463147413275,24,146
6712,151190020,2018-09-10,3.39,1.47932922708708,24,150
6713,151190020,2018-10-10,2.87,1.3532545070416904,24,145
6714,151190020,2018-10-15,2.86,1.3506671834767394,24,142
6715,150210020,2018-05-10,197.0,5.288267030694535,33,7
6716,150210020,2018-05-30,159.0,5.075173815233827,33,5
6717,150210020,2018-08-03,106.0,4.672828834461906,33,4
6718,150210020,2018-08-13,117.0,4.770684624465665,33,6
6719,150210020,2018-10-12,163.0,5.099866427824199,33,8
6720,153210140,2018-05-03,0.95,0.6678293725756554,46,85
6721,153210140,2018-05-08,1.12,0.7514160886839212,46,80
6722,153210140,2018-05-10,1.42,0.8837675401685949,46,79
6723,153210140,2018-05-30,2.37,1.2149127443642704,46,76
6724,153210140,2018-06-04,5.56,1.8809906029559977,46,91
6725,153210140,2018-06-07,3.91,1.5912739418064292,46,88
6726,153210140,2018-06-09,3.17,1.4279160358107101,46,77
6727,153210140,2018-06-29,1.49,0.9122827104766162,46,81
6728,153210140,2018-07-09,0.91,0.6471032420585385,46,86
6729,153210140,2018-07-24,0.66,0.5068176023684519,46,78
6730,153210140,2018-08-01,0.72,0.5423242908253616,46,83
6731,153210140,2018-08-08,0.62,0.4824261492442927,46,84
6732,153210140,2018-08-23,0.52,0.41871033485818504,46,82
6733,153210140,2018-09-10,0.7,0.5306282510621704,46,92
6734,153210140,2018-09-12,0.79,0.5822156198526637,46,90
6735,153210140,2018-09-20,2.84,1.3454723665996355,46,87
6736,153210140,2018-10-12,0.97,0.6780335427498971,46,75
6737,153210140,2018-10-15,0.97,0.6780335427498971,46,89
6738,153210140,2018-10-17,0.84,0.6097655716208943,46,93
6739,151150130,2018-05-06,2.07,1.1216775615991057,22,203
6740,151150130,2018-05-21,3.94,1.597365331199831,22,199
6741,151150130,2018-05-26,4.68,1.7369512327330598,22,200
6742,151150130,2018-05-29,4.42,1.6900958154515549,22,196
6743,151150130,2018-07-03,1.23,0.8020015854720274,22,198
6744,151150130,2018-07-15,0.64,0.49469624183610705,22,204
6745,151150130,2018-08-07,0.49,0.3987761199573678,22,197
6746,151150130,2018-10-11,0.26,0.23111172096338664,22,201
6747,151150130,2018-10-13,0.13,0.12221763272424921,22,202
6748,153200020,2018-05-08,1.84,1.0438040521731147,48,116
6749,153200020,2018-05-13,4.64,1.7298840655099674,48,117
6750,153200020,2018-06-07,4.54,1.7119945007591926,48,114
6751,153200020,2018-07-07,1.68,0.9858167945227653,48,115
6752,153200020,2018-08-01,0.75,0.5596157879354227,48,118
6753,153200020,2018-09-10,0.66,0.5068176023684519,48,120
6754,153200020,2018-09-20,1.72,1.000631880307906,48,121
6755,153200020,2018-10-15,0.71,0.5364933705145685,48,119
6756,153230070,2018-05-07,3.25,1.4469189829363254,45,9
6757,153230070,2018-05-10,3.93,1.5953389880545987,45,11
6758,153230070,2018-05-12,6.23,1.9782390361706734,45,7
6759,153230070,2018-05-27,5.0,1.791759469228055,45,13
6760,153230070,2018-05-30,4.94,1.7817091333745536,45,5
6761,153230070,2018-06-01,5.68,1.8991179875485544,45,3
6762,153230070,2018-06-09,15.7,2.8154087194227095,45,4
6763,153230070,2018-07-09,2.42,1.2296405510745139,45,12
6764,153230070,2018-08-10,0.87,0.6259384308664953,45,6
6765,153230070,2018-08-20,0.78,0.5766133643039938,45,10
6766,153230070,2018-08-23,0.78,0.5766133643039938,45,8
6767,153230070,2018-10-12,1.21,0.7929925155296614,45,1
6768,153230070,2018-10-14,1.21,0.7929925155296614,45,2
6769,151160130,2018-05-06,89.8,4.508659285607248,18,38
6770,151160130,2018-05-31,109.0,4.700480365792417,18,37
6771,151160130,2018-07-15,69.8,4.259859000699674,18,36
6772,151160130,2018-07-20,77.9,4.368181227851829,18,39
6773,151160130,2018-08-09,61.3,4.131961425793407,18,41
6774,151160130,2018-09-03,71.8,4.28771595520264,18,42
6775,151160130,2018-10-13,63.4,4.165113633110308,18,40
6776,151160230,2018-10-10,0.17,0.15700374880966475,20,142
6777,151160230,2018-10-13,0.12,0.11332868530700317,20,143
6778,151160230,2018-10-15,0.1,0.09531017980432487,20,141
6779,152170010,2018-10-13,32.5,3.5115454388310208,24,68
6780,152170010,2018-11-07,34.5,3.56953269648137,24,67
6781,153190010,2018-05-06,1.28,0.8241754429663495,51,3
6782,153190010,2018-05-08,1.21,0.7929925155296614,51,7
6783,153190010,2018-05-11,1.21,0.7929925155296614,51,11
6784,153190010,2018-05-13,1.28,0.8241754429663495,51,10
6785,153190010,2018-05-21,1.33,0.8458682675776092,51,15
6786,153190010,2018-05-31,1.45,0.8960880245566356,51,6
6787,153190010,2018-06-07,1.92,1.0715836162801904,51,4
6788,153190010,2018-06-20,1.38,0.8671004876833832,51,8
6789,153190010,2018-07-05,1.29,0.8285518175661483,51,2
6790,153190010,2018-07-07,1.32,0.8415671856782186,51,14
6791,153190010,2018-08-01,0.33,0.2851789422336624,51,5
6792,153190010,2018-08-04,0.3,0.26236426446749106,51,9
6793,153190010,2018-08-09,0.26,0.23111172096338664,51,13
6794,153190010,2018-09-03,0.25,0.22314355131420976,51,17
6795,153190010,2018-09-10,0.21,0.1906203596086497,51,12
6796,153190010,2018-10-13,0.14,0.1310282624064041,51,16
6797,153190010,2018-10-15,0.13,0.12221763272424921,51,1
6798,151150170,2018-05-06,0.51,0.412109650826833,20,222
6799,151150170,2018-05-21,0.6,0.4700036292457356,20,224
6800,151150170,2018-05-29,1.3,0.832909122935104,20,221
6801,151150170,2018-05-31,1.12,0.7514160886839212,20,219
6802,151150170,2018-07-20,0.41,0.3435897043900769,20,223
6803,151150170,2018-08-07,0.27,0.23901690047049992,20,220
6804,151150170,2018-08-17,0.26,0.23111172096338664,20,227
6805,151150170,2018-08-27,0.36,0.3074846997479606,20,225
6806,151150170,2018-08-29,0.35,0.30010459245033805,20,228
6807,151150170,2018-10-11,0.17,0.15700374880966475,20,217
6808,151150170,2018-10-13,0.16,0.14842000511827327,20,226
6809,151150170,2018-10-16,0.16,0.14842000511827327,20,229
6810,151150170,2018-10-31,0.17,0.15700374880966475,20,218
6811,153190190,2018-05-06,1.86,1.0508216248317612,50,22
6812,153190190,2018-05-08,1.8,1.0296194171811583,50,19
6813,153190190,2018-05-11,1.65,0.9745596399981308,50,17
6814,153190190,2018-05-13,1.63,0.9669838461896731,50,21
6815,153190190,2018-06-07,1.61,0.9593502213346021,50,14
6816,153190190,2018-06-20,1.52,0.924258901523332,50,12
6817,153190190,2018-07-05,1.52,0.924258901523332,50,13
6818,153190190,2018-07-07,1.53,0.9282193027394289,50,10
6819,153190190,2018-07-15,1.42,0.8837675401685949,50,16
6820,153190190,2018-08-01,1.16,0.7701082216960736,50,18
6821,153190190,2018-08-04,0.98,0.6830968447064438,50,11
6822,153190190,2018-08-09,0.76,0.5653138090500605,50,9
6823,153190190,2018-09-10,0.41,0.3435897043900769,50,15
6824,153190190,2018-10-13,0.4,0.33647223662121295,50,20
6825,153190190,2018-10-15,0.39,0.3293037471426004,50,8
6826,151220080,2018-05-07,8.07,2.2049722641270453,42,42
6827,151220080,2018-05-12,8.9,2.2925347571405443,42,39
6828,151220080,2018-05-22,8.79,2.281361456542419,42,40
6829,151220080,2018-05-27,13.7,2.6878474937846906,42,34
6830,151220080,2018-05-30,14.5,2.740840023925201,42,36
6831,151220080,2018-06-01,17.5,2.917770732084279,42,35
6832,151220080,2018-06-06,30.1,3.4372078191851885,42,41
6833,151220080,2018-06-09,23.0,3.1780538303479458,42,25
6834,151220080,2018-06-29,7.8,2.174751721484161,42,45
6835,151220080,2018-07-06,5.91,1.9329696377795786,42,26
6836,151220080,2018-07-09,4.91,1.776645831418007,42,37
6837,151220080,2018-08-08,3.06,1.4011829736136412,42,27
6838,151220080,2018-08-13,2.34,1.205970806988609,42,38
6839,151220080,2018-08-23,1.76,1.0152306797290587,42,33
6840,151220080,2018-08-30,2.17,1.1537315878891892,42,43
6841,151220080,2018-09-02,2.02,1.1052568313867783,42,44
6842,151220080,2018-10-12,2.15,1.1474024528375417,42,28
6843,151220080,2018-10-14,2.16,1.1505720275988207,42,29
6844,151220080,2018-10-19,2.1,1.1314021114911006,42,46
6845,151220080,2018-11-06,2.39,1.220829921392359,42,30
6846,151220080,2018-11-08,2.62,1.2864740258376797,42,31
6847,151220080,2018-11-28,4.99,1.790091412127358,42,32
6848,154180150,2018-05-06,653.0,6.483107351457199,33,186
6849,154180150,2018-05-13,1080.0,6.985641817639208,33,184
6850,154180150,2018-05-31,1220.0,7.107425474110705,33,185
6851,154180150,2018-06-07,1750.0,7.467942332285852,33,182
6852,154180150,2018-06-20,1360.0,7.215975002651466,33,183
6853,154180150,2018-10-13,516.0,6.248042874508429,33,187
6854,154180150,2018-10-15,562.0,6.333279628139691,33,181
6855,149220100,2018-05-02,2.21,1.1662709371419244,39,14
6856,149220100,2018-05-05,2.21,1.1662709371419244,39,17
6857,149220100,2018-05-07,2.69,1.3056264580524357,39,12
6858,149220100,2018-05-12,51.4,3.9589065913269965,39,13
6859,149220100,2018-05-30,9.1,2.312535423847214,39,21
6860,149220100,2018-06-06,56.1,4.044804116661965,39,22
6861,149220100,2018-08-13,4.82,1.7613002617433464,39,15
6862,149220100,2018-08-20,2.89,1.358409157630355,39,16
6863,149220100,2018-08-23,3.9,1.589235205116581,39,24
6864,149220100,2018-08-28,12.2,2.580216829592325,39,18
6865,149220100,2018-08-30,15.3,2.791165107812717,39,25
6866,149220100,2018-09-19,30.6,3.4531571205928664,39,19
6867,149220100,2018-10-09,1.88,1.0577902941478545,39,20
6868,149220100,2018-10-14,1.42,0.8837675401685949,39,10
6869,149220100,2018-10-17,2.4,1.2237754316221157,39,23
6870,149220100,2018-11-08,1.58,0.9477893989335261,39,11
6871,153180040,2018-05-06,1.6,0.9555114450274365,50,207
6872,153180040,2018-05-08,1.31,0.8372475245337022,50,211
6873,153180040,2018-05-13,1.68,0.9858167945227653,50,208
6874,153180040,2018-05-21,1.31,0.8372475245337022,50,215
6875,153180040,2018-06-07,1.68,0.9858167945227653,50,205
6876,153180040,2018-06-20,1.98,1.091923300517313,50,206
6877,153180040,2018-07-05,1.31,0.8372475245337022,50,213
6878,153180040,2018-07-07,1.27,0.8197798314933114,50,209
6879,153180040,2018-07-15,1.27,0.8197798314933114,50,216
6880,153180040,2018-08-01,0.87,0.6259384308664953,50,210
6881,153180040,2018-08-04,0.87,0.6259384308664953,50,212
6882,153180040,2018-09-03,0.87,0.6259384308664953,50,214
6883,153180040,2018-10-13,0.87,0.6259384308664953,50,217
6884,153180040,2018-10-15,0.87,0.6259384308664953,50,204
6885,150160080,2018-05-31,1.81,1.0331844833456545,20,12
6886,150200040,2018-05-03,4.8,1.7578579175523736,37,122
6887,150200040,2018-05-05,4.66,1.7334238922150915,37,123
6888,150200040,2018-05-10,6.18,1.9712993830601329,37,120
6889,150200040,2018-05-13,7.02,2.081938421878423,37,116
6890,150200040,2018-05-20,6.31,1.9892432737616872,37,121
6891,150200040,2018-05-30,10.5,2.4423470353692043,37,132
6892,150200040,2018-06-07,6.48,2.012232791986386,37,115
6893,150200040,2018-07-04,3.8,1.5686159179138452,37,133
6894,150200040,2018-07-07,3.42,1.4861396960896067,37,117
6895,150200040,2018-07-24,4.05,1.6193882432872684,37,119
6896,150200040,2018-08-08,2.93,1.3686394258811698,37,118
6897,150200040,2018-08-13,3.71,1.5496879080283263,37,125
6898,150200040,2018-09-10,2.53,1.2612978709452054,37,126
6899,150200040,2018-09-12,3.39,1.47932922708708,37,124
6900,150200040,2018-09-20,6.42,2.004179057179289,37,130
6901,150200040,2018-10-05,3.24,1.4445632692438664,37,131
6902,150200040,2018-10-10,2.54,1.264126727145683,37,127
6903,150200040,2018-10-12,8.52,2.253394848803274,37,129
6904,150200040,2018-10-15,5.22,1.827769906751088,37,128
6905,153200040,2018-05-08,0.97,0.6780335427498971,51,190
6906,153200040,2018-05-13,1.09,0.7371640659767197,51,189
6907,153200040,2018-06-07,1.08,0.7323678937132266,51,188
6908,153200040,2018-09-10,0.48,0.3920420877760237,51,192
6909,153200040,2018-10-15,0.63,0.48858001481867097,51,191
6910,149210060,2018-06-06,21.3,3.104586678466073,38,22
6911,149210060,2018-08-13,3.75,1.55814461804655,38,23
6912,149210060,2018-10-12,4.02,1.6134299337036377,38,21
6913,149210060,2018-10-14,3.64,1.534714366238164,38,19
6914,149210060,2018-11-08,2.9,1.3609765531356006,38,20
6915,153180090,2018-06-07,1710.0,7.444833273892193,33,153
6916,153180090,2018-10-13,466.0,6.1463292576688975,33,154
6917,153180090,2018-10-15,428.0,6.061456918928017,33,152
6918,151230010,2018-05-27,14.7,2.7536607123542622,41,107
6919,151230010,2018-05-30,17.3,2.9069010598473755,41,108
6920,151230010,2018-06-01,19.9,3.039749158970765,41,104
6921,151230010,2018-06-06,23.5,3.1986731175506815,41,105
6922,151230010,2018-06-09,16.7,2.8735646395797834,41,114
6923,151230010,2018-06-21,12.0,2.5649493574615367,41,116
6924,151230010,2018-07-09,6.95,2.0731719286662407,41,113
6925,151230010,2018-08-03,6.42,2.004179057179289,41,112
6926,151230010,2018-08-08,5.68,1.8991179875485544,41,106
6927,151230010,2018-08-13,6.02,1.9487632180377197,41,109
6928,151230010,2018-08-20,6.45,2.0082140323914683,41,110
6929,151230010,2018-08-23,6.19,1.9726911717329554,41,111
6930,151230010,2018-08-30,6.37,1.9974177062012453,41,115
6931,151230010,2018-10-12,6.02,1.9487632180377197,41,101
6932,151230010,2018-10-14,6.42,2.004179057179289,41,102
6933,151230010,2018-11-08,5.77,1.9125010869241836,41,103
6934,152170150,2018-05-06,1.13,0.7561219797213337,25,21
6935,152170150,2018-05-08,1.16,0.7701082216960736,25,17
6936,152170150,2018-05-13,1.87,1.0543120297715298,25,16
6937,152170150,2018-05-26,1.95,1.0818051703517284,25,23
6938,152170150,2018-05-31,2.55,1.2669476034873244,25,20
6939,152170150,2018-06-07,2.1,1.1314021114911006,25,14
6940,152170150,2018-07-07,0.56,0.44468582126144574,25,12
6941,152170150,2018-07-15,0.32,0.2776317365982795,25,19
6942,152170150,2018-07-20,3.42,1.4861396960896067,25,18
6943,152170150,2018-08-01,0.32,0.2776317365982795,25,13
6944,152170150,2018-08-04,0.34,0.29266961396282,25,15
6945,152170150,2018-08-29,0.09,0.08617769624105233,25,25
6946,152170150,2018-09-10,0.046,0.044973365642731154,25,22
6947,152170150,2018-09-20,0.37,0.31481073984003355,25,26
6948,152170150,2018-09-25,0.15,0.13976194237515868,25,28
6949,152170150,2018-09-30,0.11,0.10436001532424277,25,24
6950,152170150,2018-10-10,0.05,0.04879016416943201,25,27
6951,152170150,2018-10-13,0.042,0.04114194333117518,25,29
6952,152170150,2018-10-15,0.035,0.0344014267173324,25,10
6953,152170150,2018-11-07,0.006,0.005982071677547464,25,11
6954,149200110,2018-05-13,5.41,1.8578592709325787,36,208
6955,149200110,2018-08-03,15.5,2.803360380906535,36,210
6956,149200110,2018-08-23,10.5,2.4423470353692043,36,209
6957,149200110,2018-09-20,143.0,4.969813299576001,36,212
6958,149200110,2018-10-05,10.1,2.4069451083182885,36,214
6959,149200110,2018-10-10,5.52,1.8748743759385615,36,213
6960,149200110,2018-10-12,8.73,2.2752138961979136,36,205
6961,149200110,2018-10-15,51.0,3.9512437185814275,36,206
6962,149200110,2018-10-17,17.6,2.9231615807191558,36,211
6963,149200110,2018-11-06,12.2,2.580216829592325,36,207
6964,150220080,2018-05-02,15.2,2.785011242238338,39,232
6965,150220080,2018-05-12,86.1,4.467056883858457,39,231
6966,150220080,2018-05-27,48.1,3.893859034800475,39,228
6967,150220080,2018-05-30,49.5,3.9219733362813143,39,227
6968,150220080,2018-06-01,57.3,4.065602093356446,39,226
6969,150220080,2018-06-06,52.3,3.975936331171799,39,229
6970,150220080,2018-08-13,14.9,2.766319109226186,39,230
6971,150220080,2018-08-20,7.99,2.196112848483529,39,233
6972,150220080,2018-08-23,10.3,2.424802725718295,39,235
6973,150220080,2018-08-30,11.3,2.509599262378372,39,236
6974,150220080,2018-09-02,8.9,2.2925347571405443,39,234
6975,150220080,2018-10-12,13.6,2.681021528714291,39,223
6976,150220080,2018-10-14,11.8,2.5494451709255714,39,224
6977,150220080,2018-10-17,31.7,3.4873750779032076,39,237
6978,150220080,2018-11-08,6.29,1.986503546020567,39,225
6979,152200020,2018-05-08,7.01,2.080690761080268,48,84
6980,152200020,2018-05-13,11.2,2.501435951739211,48,83
6981,152200020,2018-06-07,14.0,2.70805020110221,48,80
6982,152200020,2018-07-07,7.83,2.178155014615869,48,81
6983,152200020,2018-08-01,3.87,1.5830939370944985,48,82
6984,152200020,2018-09-10,2.89,1.358409157630355,48,87
6985,152200020,2018-09-20,4.52,1.7083778602890038,48,86
6986,152200020,2018-10-15,3.08,1.4060969884160703,48,85
6987,154150010,2018-05-04,17.9,2.9391619220655967,29,118
6988,154150010,2018-05-07,19.2,3.005682604407159,29,104
6989,154150010,2018-05-09,22.2,3.144152278672264,29,111
6990,154150010,2018-05-14,37.9,3.6609942506244004,29,114
6991,154150010,2018-05-19,30.7,3.456316680883235,29,109
6992,154150010,2018-05-24,27.0,3.332204510175204,29,106
6993,154150010,2018-05-29,26.7,3.3214324131932926,29,98
6994,154150010,2018-06-01,29.0,3.4011973816621555,29,119
6995,154150010,2018-06-03,32.7,3.517497837358316,29,99
6996,154150010,2018-06-06,32.1,3.4995332823830174,29,100
6997,154150010,2018-06-08,29.5,3.417726683613366,29,105
6998,154150010,2018-07-16,17.7,2.928523523860541,29,107
6999,154150010,2018-07-21,16.1,2.8390784635086144,29,115
7000,154150010,2018-07-26,15.3,2.791165107812717,29,108
7001,154150010,2018-07-31,12.8,2.624668592163159,29,117
7002,154150010,2018-08-07,11.2,2.501435951739211,29,112
7003,154150010,2018-08-22,12.6,2.6100697927420065,29,116
7004,154150010,2018-10-11,8.97,2.299580583973747,29,110
7005,154150010,2018-10-14,8.68,2.2700619012884857,29,101
7006,154150010,2018-10-24,7.9,2.186051276738094,29,113
7007,154150010,2018-10-31,8.4,2.2407096892759584,29,102
7008,154150010,2018-11-28,9.78,2.377692565480851,29,103
7009,152230060,2018-05-07,0.14,0.1310282624064041,44,127
7010,152230060,2018-05-10,0.34,0.29266961396282,44,129
7011,152230060,2018-05-27,0.29,0.2546422183735807,44,124
7012,152230060,2018-05-30,0.31,0.27002713721306015,44,125
7013,152230060,2018-06-01,1.77,1.0188473201992472,44,123
7014,152230060,2018-06-04,2.91,1.3635373739972745,44,126
7015,152230060,2018-06-09,0.7,0.5306282510621704,44,120
7016,152230060,2018-08-08,0.06,0.058268908123975775,44,122
7017,152230060,2018-08-10,0.07,0.06765864847381481,44,128
7018,152230060,2018-08-23,0.05,0.04879016416943201,44,121
7019,152230060,2018-08-30,0.048,0.04688358589885042,44,130
7020,152230060,2018-10-12,0.045,0.04401688541677432,44,118
7021,152230060,2018-10-14,0.043,0.04210117601863539,44,119
7022,153170120,2018-05-06,25.1,3.261935314328648,50,71
7023,153170120,2018-06-20,26.2,3.3032169733019514,50,68
7024,153170120,2018-07-05,22.9,3.173878458937465,50,69
7025,153170120,2018-07-15,19.4,3.0155349008501706,50,72
7026,153170120,2018-07-20,17.2,2.9014215940827497,50,70
7027,153170120,2018-08-04,17.2,2.9014215940827497,50,73
7028,153170120,2018-10-13,18.2,2.9549102790337356,50,74
7029,153170120,2018-11-07,18.9,2.990719731730447,50,67
7030,150180020,2018-05-03,3.0,1.3862943611198906,19,125
7031,150180020,2018-05-06,3.0,1.3862943611198906,19,134
7032,150180020,2018-05-08,3.89,1.5871923034867808,19,133
7033,150180020,2018-05-13,3.0,1.3862943611198906,19,123
7034,150180020,2018-06-07,3.18,1.430311246536665,19,121
7035,150180020,2018-07-05,2.8,1.33500106673234,19,135
7036,150180020,2018-07-07,2.8,1.33500106673234,19,120
7037,150180020,2018-07-15,2.78,1.3297240096314962,19,122
7038,150180020,2018-08-01,2.9,1.3609765531356006,19,124
7039,150180020,2018-08-09,3.0,1.3862943611198906,19,129
7040,150180020,2018-08-29,3.0,1.3862943611198906,19,127
7041,150180020,2018-09-03,3.0,1.3862943611198906,19,126
7042,150180020,2018-09-20,3.09,1.4085449700547104,19,130
7043,150180020,2018-09-28,3.0,1.3862943611198906,19,128
7044,150180020,2018-10-05,3.2,1.4350845252893227,19,131
7045,150180020,2018-10-13,3.0,1.3862943611198906,19,132
7046,150180020,2018-10-15,9.4,2.341805806147327,19,119
7047,150180020,2018-11-17,2.8,1.33500106673234,19,118
7048,150140030,2018-10-11,0.11,0.10436001532424277,23,107
7049,150140030,2018-10-31,0.1,0.09531017980432487,23,108
7050,150140030,2018-11-17,0.08,0.07696104113612832,23,109
7051,150180120,2018-05-03,0.62,0.4824261492442927,18,242
7052,150180120,2018-05-13,1.18,0.7793248768009976,18,241
7053,150180120,2018-06-07,0.66,0.5068176023684519,18,240
7054,150180120,2018-09-10,0.75,0.5596157879354227,18,243
7055,150180120,2018-09-20,1.07,0.7275486072772778,18,244
7056,150180120,2018-10-05,0.59,0.46373401623214017,18,245
7057,150180120,2018-10-10,0.53,0.4252677354043441,18,246
7058,150180120,2018-10-15,0.56,0.44468582126144574,18,239
7059,153160020,2018-05-04,6.1,1.9600947840472698,29,189
7060,153160020,2018-05-06,6.8,2.0541237336955462,29,168
7061,153160020,2018-05-09,8.5,2.2512917986064953,29,183
7062,153160020,2018-05-14,14.9,2.766319109226186,29,184
7063,153160020,2018-05-19,10.0,2.3978952727983707,29,181
7064,153160020,2018-05-21,9.6,2.3608540011180215,29,169
7065,153160020,2018-05-24,9.7,2.3702437414678603,29,180
7066,153160020,2018-05-29,9.7,2.3702437414678603,29,170
7067,153160020,2018-06-03,14.2,2.7212954278522306,29,171
7068,153160020,2018-06-08,11.3,2.509599262378372,29,177
7069,153160020,2018-06-20,8.7,2.272125885509337,29,172
7070,153160020,2018-07-05,13.7,2.6878474937846906,29,179
7071,153160020,2018-07-15,6.5,2.0149030205422647,29,185
7072,153160020,2018-08-07,4.5,1.7047480922384253,29,173
7073,153160020,2018-08-09,4.3,1.667706820558076,29,182
7074,153160020,2018-08-17,4.3,1.667706820558076,29,190
7075,153160020,2018-08-22,4.3,1.667706820558076,29,178
7076,153160020,2018-09-08,3.9,1.589235205116581,29,174
7077,153160020,2018-10-06,4.7,1.7404661748405044,29,186
7078,153160020,2018-10-11,4.2,1.6486586255873816,29,187
7079,153160020,2018-10-13,4.3,1.667706820558076,29,188
7080,153160020,2018-10-31,4.0,1.6094379124341003,29,175
7081,153160020,2018-11-07,3.9,1.589235205116581,29,176
7082,149200150,2018-05-03,0.63,0.48858001481867097,36,232
7083,149200150,2018-05-13,3.09,1.4085449700547104,36,231
7084,149200150,2018-08-03,2.59,1.2781522025001875,36,236
7085,149200150,2018-08-23,0.99,0.688134638736401,36,233
7086,149200150,2018-10-17,1.5,0.9162907318741551,36,238
7087,149200150,2018-11-06,0.89,0.636576829071551,36,230
7088,149190040,2018-05-05,0.51,0.412109650826833,34,190
7089,149190040,2018-05-13,6.5,2.0149030205422647,34,185
7090,149190040,2018-07-04,1.38,0.8671004876833832,34,183
7091,149190040,2018-08-21,1.85,1.0473189942805592,34,192
7092,149190040,2018-09-10,1.73,1.0043016091968684,34,193
7093,149190040,2018-09-12,1.05,0.7178397931503169,34,186
7094,149190040,2018-09-20,27.3,3.342861804649192,34,188
7095,149190040,2018-09-30,0.77,0.5709795465857378,34,187
7096,149190040,2018-10-05,6.01,1.9473377010464987,34,189
7097,149190040,2018-10-10,3.08,1.4060969884160703,34,184
7098,149190040,2018-10-12,3.42,1.4861396960896067,34,191
7099,149190040,2018-10-15,0.87,0.6259384308664953,34,181
7100,149190040,2018-11-06,2.22,1.169381359556317,34,182
7101,153160170,2018-05-04,24.7,3.246490991901174,26,156
7102,153160170,2018-05-06,24.2,3.2268439945173775,26,152
7103,153160170,2018-05-09,24.7,3.246490991901174,26,157
7104,153160170,2018-05-14,32.6,3.5145260669691587,26,150
7105,153160170,2018-05-19,28.7,3.391147045808654,26,145
7106,153160170,2018-05-21,27.1,3.3357695763397,26,148
7107,153160170,2018-05-29,27.3,3.342861804649192,26,141
7108,153160170,2018-05-31,28.5,3.3843902633457743,26,155
7109,153160170,2018-06-03,32.2,3.502549875922443,26,154
7110,153160170,2018-06-08,32.0,3.4965075614664802,26,142
7111,153160170,2018-06-20,33.3,3.535145354171894,26,143
7112,153160170,2018-07-15,17.4,2.91235066461494,26,149
7113,153160170,2018-07-20,13.4,2.667228206581955,26,153
7114,153160170,2018-08-04,7.05,2.085672091430472,26,158
7115,153160170,2018-08-07,6.26,1.9823798288367047,26,147
7116,153160170,2018-08-22,5.32,1.843719208158766,26,151
7117,153160170,2018-10-01,9.83,2.382320061012899,26,159
7118,153160170,2018-10-11,9.05,2.307572634505085,26,144
7119,153160170,2018-10-13,8.76,2.278292400425001,26,146
7120,153160170,2018-10-31,6.73,2.0451088625993306,26,139
7121,153160170,2018-11-07,6.65,2.0347056478384444,26,140
7122,153160160,2018-05-04,71.0,4.276666119016055,26,175
7123,153160160,2018-05-06,69.5,4.255612709818223,26,174
7124,153160160,2018-05-09,73.4,4.309455941839047,26,178
7125,153160160,2018-05-14,88.0,4.48863636973214,26,172
7126,153160160,2018-05-19,76.1,4.345103280569283,26,167
7127,153160160,2018-05-21,74.3,4.321480134805848,26,169
7128,153160160,2018-05-29,72.6,4.298645025734831,26,162
7129,153160160,2018-05-31,78.1,4.370712874773608,26,176
7130,153160160,2018-06-03,81.5,4.412798293340635,26,171
7131,153160160,2018-06-08,76.7,4.3528552573736015,26,163
7132,153160160,2018-06-20,72.2,4.293195420967266,26,164
7133,153160160,2018-07-15,44.6,3.8199077165203406,26,170
7134,153160160,2018-07-20,39.4,3.6988297849671046,26,177
7135,153160160,2018-08-04,29.3,3.4111477125153233,26,179
7136,153160160,2018-08-07,25.9,3.292126286607793,26,168
7137,153160160,2018-08-22,22.5,3.157000421150113,26,173
7138,153160160,2018-10-01,30.8,3.459466289786131,26,180
7139,153160160,2018-10-11,23.5,3.1986731175506815,26,166
7140,153160160,2018-10-13,23.8,3.2108436531709366,26,165
7141,153160160,2018-10-31,22.0,3.1354942159291497,26,160
7142,153160160,2018-11-07,21.5,3.1135153092103742,26,161
7143,153210080,2018-05-08,4.92,1.7783364488959144,46,38
7144,153210080,2018-05-10,5.0,1.791759469228055,46,41
7145,153210080,2018-06-04,5.35,1.8484548129046003,46,44
7146,153210080,2018-06-07,5.25,1.8325814637483102,46,36
7147,153210080,2018-06-09,5.25,1.8325814637483102,46,37
7148,153210080,2018-07-24,3.32,1.463255402256019,46,35
7149,153210080,2018-08-08,3.22,1.4398351280479205,46,39
7150,153210080,2018-08-23,2.55,1.2669476034873244,46,40
7151,153210080,2018-09-10,1.5,0.9162907318741551,46,42
7152,153210080,2018-09-20,2.51,1.2556160374777745,46,43
7153,153210080,2018-10-12,2.7,1.308332819650179,46,34
7154,151180110,2018-05-08,28.0,3.367295829986474,24,12
7155,151180110,2018-05-13,27.4,3.3463891451671604,24,11
7156,151180110,2018-06-07,27.0,3.332204510175204,24,6
7157,151180110,2018-07-05,27.8,3.3603753871419,24,9
7158,151180110,2018-07-07,27.6,3.353406717825807,24,5
7159,151180110,2018-08-01,26.5,3.3141860046725258,24,7
7160,151180110,2018-08-04,26.7,3.3214324131932926,24,10
7161,151180110,2018-10-10,20.9,3.086486636822455,24,8
7162,151180110,2018-10-13,20.5,3.068052935133617,24,13
7163,151180110,2018-10-15,20.5,3.068052935133617,24,3
7164,151180110,2018-11-17,31.5,3.481240089335692,24,4
7165,149180110,2018-05-13,3.91,1.5912739418064292,32,121
7166,149180110,2018-06-07,1.86,1.0508216248317612,32,120
7167,149180110,2018-09-20,27.4,3.3463891451671604,32,122
7168,149180110,2018-10-05,0.78,0.5766133643039938,32,124
7169,149180110,2018-10-10,0.86,0.6205764877251099,32,123
7170,149180110,2018-10-15,0.52,0.41871033485818504,32,119
7171,149190180,2018-10-10,5.7,1.9021075263969205,35,72
7172,149190180,2018-10-12,8.6,2.2617630984737906,35,69
7173,149190180,2018-10-15,9.85,2.3841650799864684,35,70
7174,149190180,2018-11-06,5.79,1.9154509415706047,35,71
7175,153210120,2018-05-03,1.78,1.0224509277025458,46,117
7176,153210120,2018-05-08,2.47,1.244154593958768,46,110
7177,153210120,2018-05-10,2.77,1.3270750014599193,46,112
7178,153210120,2018-05-30,3.18,1.430311246536665,46,114
7179,153210120,2018-06-07,4.62,1.7263316639055997,46,108
7180,153210120,2018-06-09,4.06,1.6213664832993742,46,109
7181,153210120,2018-06-29,2.11,1.1346227261911428,46,107
7182,153210120,2018-07-07,1.34,0.8501509293696101,46,111
7183,153210120,2018-07-09,1.16,0.7701082216960736,46,123
7184,153210120,2018-07-24,0.76,0.5653138090500605,46,113
7185,153210120,2018-08-01,1.11,0.7466879474879752,46,115
7186,153210120,2018-08-08,0.49,0.3987761199573678,46,105
7187,153210120,2018-08-23,0.29,0.2546422183735807,46,116
7188,153210120,2018-09-10,0.49,0.3987761199573678,46,118
7189,153210120,2018-09-12,0.51,0.412109650826833,46,122
7190,153210120,2018-09-20,3.71,1.5496879080283263,46,119
7191,153210120,2018-10-12,1.48,0.9082585601768908,46,106
7192,153210120,2018-10-15,1.46,0.9001613499442714,46,120
7193,153210120,2018-10-17,1.27,0.8197798314933114,46,121
7194,150210070,2018-05-30,5.92,1.9344157696295783,37,166
7195,150210070,2018-08-03,0.44,0.36464311358790924,37,165
7196,150210070,2018-08-13,0.28,0.2468600779315258,37,168
7197,150210070,2018-08-23,0.21,0.1906203596086497,37,167
7198,150210070,2018-08-28,0.32,0.2776317365982795,37,171
7199,150210070,2018-10-12,0.52,0.41871033485818504,37,169
7200,150210070,2018-10-17,0.6,0.4700036292457356,37,170
7201,152210170,2018-08-08,280.0,5.638354669333745,33,80
7202,152210170,2018-10-10,326.0,5.7899601708972535,33,82
7203,152210170,2018-10-12,325.0,5.786897381366708,33,81
7204,152210170,2018-10-15,321.0,5.7745515455444085,33,83
7205,152210170,2018-11-06,239.0,5.480638923341991,33,79
7206,152210040,2018-08-08,286.0,5.659482215759621,33,77
7207,152210040,2018-10-10,335.0,5.817111159963204,33,75
7208,152210040,2018-10-12,329.0,5.799092654460526,33,78
7209,152210040,2018-11-06,245.0,5.5053315359323625,33,76
7210,154180050,2018-05-04,0.21,0.1906203596086497,32,9
7211,154180050,2018-05-06,0.21,0.1906203596086497,32,7
7212,154180050,2018-05-14,0.4,0.33647223662121295,31,247
7213,154180050,2018-05-16,0.28,0.2468600779315258,32,14
7214,154180050,2018-05-21,0.22,0.1988508587451652,31,248
7215,154180050,2018-05-24,0.23,0.20701416938432615,32,1
7216,154180050,2018-05-29,0.23,0.20701416938432615,32,8
7217,154180050,2018-05-31,0.23,0.20701416938432615,32,0
7218,154180050,2018-06-05,0.26,0.23111172096338664,32,3
7219,154180050,2018-06-08,0.19,0.173953307123438,31,246
7220,154180050,2018-06-10,0.17,0.15700374880966475,32,13
7221,154180050,2018-06-20,0.15,0.13976194237515868,32,4
7222,154180050,2018-06-28,0.15,0.13976194237515868,31,249
7223,154180050,2018-07-15,0.13,0.12221763272424921,32,6
7224,154180050,2018-07-20,0.12,0.11332868530700317,32,12
7225,154180050,2018-08-07,0.08,0.07696104113612832,32,2
7226,154180050,2018-08-17,0.08,0.07696104113612832,32,16
7227,154180050,2018-09-03,0.08,0.07696104113612832,32,17
7228,154180050,2018-10-01,0.09,0.08617769624105233,32,5
7229,154180050,2018-10-06,0.08,0.07696104113612832,32,10
7230,154180050,2018-10-11,0.1,0.09531017980432487,31,243
7231,154180050,2018-10-13,0.1,0.09531017980432487,32,11
7232,154180050,2018-10-18,0.09,0.08617769624105233,32,15
7233,154180050,2018-10-31,0.09,0.08617769624105233,31,244
7234,154180050,2018-11-07,0.08,0.07696104113612832,31,245
7235,154170180,2018-05-06,3.86,1.5810384379124023,50,159
7236,154170180,2018-05-21,4.22,1.6524974018945473,50,155
7237,154170180,2018-06-20,4.14,1.6370530794670737,50,152
7238,154170180,2018-07-05,4.0,1.6094379124341003,50,154
7239,154170180,2018-07-15,3.58,1.5216989981260935,50,153
7240,154170180,2018-07-20,3.39,1.47932922708708,50,160
7241,154170180,2018-08-04,3.16,1.425515074273172,50,157
7242,154170180,2018-09-03,2.67,1.3001916620664788,50,156
7243,154170180,2018-10-13,2.49,1.2499017362143359,50,158
7244,154170180,2018-11-07,2.61,1.2837077723447896,50,151
7245,151210010,2018-05-03,1.35,0.8544153281560676,40,145
7246,151210010,2018-05-05,1.4,0.8754687373538999,40,141
7247,151210010,2018-05-10,2.58,1.275362800412609,40,143
7248,151210010,2018-05-13,3.74,1.556037135706985,40,140
7249,151210010,2018-05-20,2.52,1.2584609896100059,40,139
7250,151210010,2018-05-30,5.24,1.8309801823813363,40,135
7251,151210010,2018-06-07,2.71,1.3110318766193438,40,136
7252,151210010,2018-07-04,0.97,0.6780335427498971,40,142
7253,151210010,2018-07-07,0.9,0.6418538861723948,40,134
7254,151210010,2018-07-24,1.26,0.8153648132841945,40,138
7255,151210010,2018-08-08,0.85,0.6151856390902335,40,137
7256,151210010,2018-09-12,0.79,0.5822156198526637,40,144
7257,151210010,2018-09-20,4.9,1.7749523509116738,40,150
7258,151210010,2018-10-05,0.84,0.6097655716208943,40,147
7259,151210010,2018-10-10,0.81,0.5933268452777344,40,148
7260,151210010,2018-10-12,1.58,0.9477893989335261,40,149
7261,151210010,2018-10-15,0.95,0.6678293725756554,40,146
7262,150190280,2018-05-03,4.15,1.6389967146756448,42,208
7263,150190280,2018-05-05,4.2,1.6486586255873816,42,210
7264,150190280,2018-05-10,5.01,1.7934247485471162,42,207
7265,150190280,2018-05-13,5.77,1.9125010869241836,42,206
7266,150190280,2018-06-07,5.38,1.8531680973566984,42,203
7267,150190280,2018-07-04,3.18,1.430311246536665,42,214
7268,150190280,2018-07-07,2.74,1.3190856114264407,42,202
7269,150190280,2018-08-01,3.16,1.425515074273172,42,216
7270,150190280,2018-08-13,3.31,1.4609379041156565,42,204
7271,150190280,2018-09-10,2.78,1.3297240096314962,42,209
7272,150190280,2018-09-12,2.86,1.3506671834767394,42,205
7273,150190280,2018-09-20,15.0,2.772588722239781,42,212
7274,150190280,2018-10-05,3.51,1.5062971535145868,42,211
7275,150190280,2018-10-10,3.28,1.4539530095937054,42,213
7276,150190280,2018-10-12,3.7,1.547562508716013,42,215
7277,150190280,2018-10-15,3.48,1.4996230464268938,42,200
7278,150190280,2018-11-11,2.71,1.3110318766193438,42,201
7279,151200070,2018-05-03,0.38,0.32208349916911333,43,87
7280,151200070,2018-05-05,0.39,0.3293037471426004,43,88
7281,151200070,2018-05-10,0.57,0.4510756193602167,43,85
7282,151200070,2018-05-13,1.0,0.6931471805599453,43,84
7283,151200070,2018-05-20,0.57,0.4510756193602167,43,81
7284,151200070,2018-06-07,0.94,0.6626879730752367,43,82
7285,151200070,2018-07-04,0.27,0.23901690047049992,43,77
7286,151200070,2018-07-07,0.24,0.2151113796169455,43,83
7287,151200070,2018-07-24,0.39,0.3293037471426004,43,78
7288,151200070,2018-08-08,0.21,0.1906203596086497,43,86
7289,151200070,2018-08-13,0.18,0.16551443847757338,43,79
7290,151200070,2018-09-12,0.14,0.1310282624064041,43,80
7291,151200070,2018-09-20,0.84,0.6097655716208943,43,89
7292,151200070,2018-10-05,0.19,0.173953307123438,43,90
7293,151200070,2018-10-10,0.16,0.14842000511827327,43,91
7294,151200070,2018-10-12,0.17,0.15700374880966475,43,93
7295,151200070,2018-10-15,0.17,0.15700374880966475,43,92
7296,151200070,2018-11-06,0.1,0.09531017980432487,43,94
7297,154180080,2018-05-31,4.69,1.7387102481382395,32,44
7298,154180080,2018-06-20,4.36,1.6789639750827106,32,45
7299,154180080,2018-10-13,2.75,1.3217558399823195,32,46
7300,154180080,2018-10-18,3.06,1.4011829736136412,32,47
7301,150180230,2018-05-03,0.4,0.33647223662121295,19,140
7302,150180230,2018-05-08,0.5,0.4054651081081644,19,139
7303,150180230,2018-05-13,1.03,0.708035793053696,19,138
7304,150180230,2018-06-07,0.52,0.41871033485818504,19,137
7305,150180230,2018-09-20,0.63,0.48858001481867097,19,141
7306,150180230,2018-10-05,0.39,0.3293037471426004,19,142
7307,150180230,2018-10-10,0.35,0.30010459245033805,19,143
7308,150180230,2018-10-15,0.23,0.20701416938432615,19,136
7309,154210070,2018-05-05,11.6,2.533696813957432,52,75
7310,154210070,2018-05-08,12.0,2.5649493574615367,52,72
7311,154210070,2018-05-10,11.9,2.5572273113676265,52,80
7312,154210070,2018-05-20,11.2,2.501435951739211,52,78
7313,154210070,2018-05-30,10.7,2.4595888418037104,52,73
7314,154210070,2018-06-02,11.3,2.509599262378372,52,81
7315,154210070,2018-06-04,11.2,2.501435951739211,52,70
7316,154210070,2018-06-09,10.8,2.468099531471619,52,69
7317,154210070,2018-06-17,10.5,2.4423470353692043,52,83
7318,154210070,2018-07-24,2.12,1.1378330018213911,52,71
7319,154210070,2018-08-08,1.67,0.9820784724121581,52,74
7320,154210070,2018-08-23,1.48,0.9082585601768908,52,76
7321,154210070,2018-09-07,1.03,0.708035793053696,52,84
7322,154210070,2018-09-10,1.14,0.76080582903376,52,82
7323,154210070,2018-10-10,1.32,0.8415671856782186,52,79
7324,154210070,2018-10-12,1.37,0.8628899551470399,52,68
7325,154210070,2018-10-15,1.32,0.8415671856782186,52,77
7326,151180150,2018-05-08,0.26,0.23111172096338664,24,193
7327,151180150,2018-05-13,0.37,0.31481073984003355,24,191
7328,151180150,2018-06-07,0.35,0.30010459245033805,24,189
7329,151180150,2018-07-05,0.29,0.2546422183735807,24,194
7330,151180150,2018-07-07,0.23,0.20701416938432615,24,188
7331,151180150,2018-08-01,0.07,0.06765864847381481,24,190
7332,151180150,2018-08-09,0.06,0.058268908123975775,24,198
7333,151180150,2018-08-29,0.06,0.058268908123975775,24,199
7334,151180150,2018-09-10,0.028,0.027615167032973367,24,195
7335,151180150,2018-09-20,0.21,0.1906203596086497,24,196
7336,151180150,2018-10-10,0.03,0.0295588022415444,24,192
7337,151180150,2018-10-13,0.038,0.037295784743696894,24,197
7338,151180150,2018-10-15,0.029,0.028587456851912555,24,187
7339,153140080,2018-05-07,2.38,1.2178757094949273,29,39
7340,153140080,2018-05-09,2.7,1.308332819650179,29,32
7341,153140080,2018-05-14,5.73,1.9065751436566365,29,40
7342,153140080,2018-05-19,4.06,1.6213664832993742,29,33
7343,153140080,2018-05-24,3.42,1.4861396960896067,29,25
7344,153140080,2018-05-29,3.6,1.5260563034950494,29,26
7345,153140080,2018-06-03,6.36,1.9960599327407849,29,27
7346,153140080,2018-06-06,5.55,1.8794650496471605,29,28
7347,153140080,2018-06-08,4.38,1.682688374173693,29,29
7348,153140080,2018-07-23,1.06,0.7227059828014898,29,34
7349,153140080,2018-07-26,1.06,0.7227059828014898,29,36
7350,153140080,2018-07-31,0.75,0.5596157879354227,29,37
7351,153140080,2018-08-07,0.65,0.5007752879124893,29,38
7352,153140080,2018-08-22,0.64,0.49469624183610705,29,35
7353,153140080,2018-09-09,0.56,0.44468582126144574,29,41
7354,153140080,2018-10-06,0.39,0.3293037471426004,29,42
7355,153140080,2018-10-11,0.39,0.3293037471426004,29,43
7356,153140080,2018-10-14,0.36,0.3074846997479606,29,30
7357,153140080,2018-10-16,0.37,0.31481073984003355,29,31
7358,153140080,2018-10-24,0.33,0.2851789422336624,29,46
7359,153140080,2018-10-31,0.39,0.3293037471426004,29,44
7360,153140080,2018-11-28,0.42,0.35065687161316933,29,45
7361,153200160,2018-05-05,2.53,1.2612978709452054,46,167
7362,153200160,2018-05-08,2.56,1.269760544863939,46,169
7363,153200160,2018-05-10,2.56,1.269760544863939,46,174
7364,153200160,2018-05-13,2.76,1.324418957401803,46,171
7365,153200160,2018-05-20,2.66,1.297463147413275,46,172
7366,153200160,2018-05-30,2.56,1.269760544863939,46,173
7367,153200160,2018-06-07,2.56,1.269760544863939,46,168
7368,153200160,2018-06-09,2.56,1.269760544863939,46,170
7369,153200160,2018-07-04,2.02,1.1052568313867783,46,176
7370,153200160,2018-07-19,1.37,0.8628899551470399,46,179
7371,153200160,2018-07-24,1.19,0.7839015438284094,46,175
7372,153200160,2018-08-08,1.02,0.7030975114131134,46,164
7373,153200160,2018-08-23,0.89,0.636576829071551,46,177
7374,153200160,2018-09-07,0.88,0.6312717768418579,46,165
7375,153200160,2018-09-10,0.88,0.6312717768418579,46,178
7376,153200160,2018-10-12,1.38,0.8671004876833832,46,166
7377,153200160,2018-10-15,1.34,0.8501509293696101,46,180
7378,152170030,2018-05-06,1.34,0.8501509293696101,25,219
7379,152170030,2018-05-21,1.05,0.7178397931503169,25,222
7380,152170030,2018-05-31,0.97,0.6780335427498971,25,225
7381,152170030,2018-06-20,1.48,0.9082585601768908,25,224
7382,152170030,2018-07-05,0.45,0.37156355643248307,25,221
7383,152170030,2018-07-15,0.27,0.23901690047049992,25,217
7384,152170030,2018-07-20,0.26,0.23111172096338664,25,218
7385,152170030,2018-08-04,0.13,0.12221763272424921,25,220
7386,152170030,2018-10-13,0.1,0.09531017980432487,25,223
7387,152170030,2018-11-07,0.09,0.08617769624105233,25,216
7388,153160110,2018-05-04,4.76,1.7509374747077997,27,236
7389,153160110,2018-05-06,4.68,1.7369512327330598,27,223
7390,153160110,2018-05-09,4.86,1.7681496035889213,27,230
7391,153160110,2018-05-19,5.04,1.7984040119467237,27,231
7392,153160110,2018-05-21,4.95,1.7833912195575383,27,240
7393,153160110,2018-05-29,5.03,1.7967470107390942,27,226
7394,153160110,2018-06-03,6.98,2.0769384114617173,27,224
7395,153160110,2018-06-08,6.44,2.0068708488450007,27,229
7396,153160110,2018-06-20,5.86,1.925707441737794,27,222
7397,153160110,2018-07-05,5.31,1.8421356765531218,27,228
7398,153160110,2018-07-15,4.5,1.7047480922384253,27,232
7399,153160110,2018-07-20,4.12,1.6331544390514163,27,235
7400,153160110,2018-08-04,3.56,1.5173226235262947,27,225
7401,153160110,2018-08-07,3.18,1.430311246536665,27,233
7402,153160110,2018-08-09,3.12,1.415853163361435,27,227
7403,153160110,2018-08-22,2.59,1.2781522025001875,27,234
7404,153160110,2018-09-08,2.63,1.2892326482767593,27,219
7405,153160110,2018-10-06,2.89,1.358409157630355,27,239
7406,153160110,2018-10-11,2.63,1.2892326482767593,27,237
7407,153160110,2018-10-13,2.51,1.2556160374777745,27,238
7408,153160110,2018-10-18,2.5,1.252762968495368,27,241
7409,153160110,2018-10-31,2.19,1.1600209167967532,27,220
7410,153160110,2018-11-07,2.26,1.1817271953786161,27,221
7411,150160210,2018-05-13,0.83,0.6043159668533296,19,216
7412,150160210,2018-06-07,0.66,0.5068176023684519,19,215
7413,150160210,2018-07-05,0.33,0.2851789422336624,19,218
7414,150160210,2018-08-01,0.47,0.3852624007906449,19,225
7415,150160210,2018-08-09,0.81,0.5933268452777344,19,217
7416,150160210,2018-08-29,0.53,0.4252677354043441,19,222
7417,150160210,2018-09-20,0.51,0.412109650826833,19,220
7418,150160210,2018-09-28,0.3,0.26236426446749106,19,213
7419,150160210,2018-09-30,0.27,0.23901690047049992,19,219
7420,150160210,2018-10-05,0.25,0.22314355131420976,19,221
7421,150160210,2018-10-10,0.19,0.173953307123438,19,223
7422,150160210,2018-10-13,0.18,0.16551443847757338,19,224
7423,150160210,2018-10-15,0.17,0.15700374880966475,19,214
7424,151160070,2018-05-06,1.0,0.6931471805599453,21,28
7425,151160070,2018-05-29,0.95,0.6678293725756554,21,25
7426,151160070,2018-07-03,0.84,0.6097655716208943,21,24
7427,151160070,2018-07-20,0.84,0.6097655716208943,21,26
7428,151160070,2018-08-07,0.74,0.5538851132264376,21,23
7429,151160070,2018-08-17,0.74,0.5538851132264376,21,31
7430,151160070,2018-08-27,0.78,0.5766133643039938,21,27
7431,151160070,2018-08-29,0.76,0.5653138090500605,21,32
7432,151160070,2018-10-11,0.54,0.43178241642553783,21,22
7433,151160070,2018-10-13,0.54,0.43178241642553783,21,29
7434,151160070,2018-10-16,0.54,0.43178241642553783,21,30
7435,151160070,2018-10-31,0.54,0.43178241642553783,21,21
7436,150230020,2018-05-12,11.2,2.501435951739211,41,92
7437,150230020,2018-05-27,11.6,2.533696813957432,41,89
7438,150230020,2018-05-30,13.9,2.7013612129514133,41,83
7439,150230020,2018-06-01,15.4,2.797281334830153,41,84
7440,150230020,2018-06-06,10.1,2.4069451083182885,41,90
7441,150230020,2018-06-21,8.79,2.281361456542419,41,86
7442,150230020,2018-07-09,5.96,1.9401794743463283,41,95
7443,150230020,2018-08-03,5.03,1.7967470107390942,41,96
7444,150230020,2018-08-08,4.95,1.7833912195575383,41,87
7445,150230020,2018-08-13,4.95,1.7833912195575383,41,88
7446,150230020,2018-08-20,5.1,1.8082887711792655,41,91
7447,150230020,2018-08-23,4.95,1.7833912195575383,41,85
7448,150230020,2018-09-02,4.95,1.7833912195575383,41,93
7449,150230020,2018-10-12,5.26,1.8341801851120072,41,80
7450,150230020,2018-10-14,5.1,1.8082887711792655,41,81
7451,150230020,2018-10-17,4.8,1.7578579175523736,41,94
7452,150230020,2018-11-08,4.95,1.7833912195575383,41,82
7453,149180140,2018-05-03,0.23,0.20701416938432615,32,118
7454,149180140,2018-05-13,2.66,1.297463147413275,32,110
7455,149180140,2018-06-07,1.31,0.8372475245337022,32,108
7456,149180140,2018-07-04,0.33,0.2851789422336624,32,107
7457,149180140,2018-08-03,1.18,0.7793248768009976,32,109
7458,149180140,2018-08-13,0.49,0.3987761199573678,32,117
7459,149180140,2018-08-23,0.38,0.32208349916911333,32,111
7460,149180140,2018-09-10,0.4,0.33647223662121295,32,116
7461,149180140,2018-09-12,0.37,0.31481073984003355,32,112
7462,149180140,2018-09-20,18.9,2.990719731730447,32,113
7463,149180140,2018-10-05,0.45,0.37156355643248307,32,115
7464,149180140,2018-10-10,0.27,0.23901690047049992,32,114
7465,149180140,2018-10-12,0.25,0.22314355131420976,32,104
7466,149180140,2018-10-15,0.25,0.22314355131420976,32,105
7467,149180140,2018-11-06,0.71,0.5364933705145685,32,106
7468,149180160,2018-05-13,1.6,0.9555114450274365,32,99
7469,149180180,2018-05-13,0.76,0.5653138090500605,32,84
7470,149180200,2018-05-13,1.37,0.8628899551470399,32,70
7471,149180160,2018-07-04,0.11,0.10436001532424277,32,101
7472,149180180,2018-07-04,0.16,0.14842000511827327,32,86
7473,149180200,2018-07-04,0.19,0.173953307123438,32,72
7474,149180160,2018-07-29,0.39,0.3293037471426004,32,92
7475,149180180,2018-07-29,0.49,0.3987761199573678,32,83
7476,149180200,2018-07-29,0.91,0.6471032420585385,32,66
7477,149180160,2018-08-03,0.45,0.37156355643248307,32,100
7478,149180180,2018-08-03,0.62,0.4824261492442927,32,85
7479,149180200,2018-08-03,1.61,0.9593502213346021,32,71
7480,149180160,2018-08-13,0.38,0.32208349916911333,32,103
7481,149180180,2018-08-13,0.26,0.23111172096338664,32,87
7482,149180200,2018-08-21,0.44,0.36464311358790924,32,73
7483,149180160,2018-08-23,0.23,0.20701416938432615,32,95
7484,149180180,2018-08-23,0.32,0.2776317365982795,32,82
7485,149180200,2018-08-23,0.78,0.5766133643039938,32,69
7486,149180160,2018-09-12,0.26,0.23111172096338664,32,93
7487,149180180,2018-09-12,0.2,0.18232155679395462,32,77
7488,149180200,2018-09-12,0.14,0.1310282624064041,32,63
7489,149180160,2018-09-20,9.63,2.363680192353857,32,97
7490,149180180,2018-09-20,3.15,1.423108334242607,32,80
7491,149180200,2018-09-20,4.66,1.7334238922150915,32,68
7492,149180160,2018-09-30,0.4,0.33647223662121295,32,96
7493,149180180,2018-09-30,0.42,0.35065687161316933,32,79
7494,149180200,2018-09-30,1.78,1.0224509277025458,32,64
7495,149180160,2018-10-05,0.26,0.23111172096338664,32,94
7496,149180180,2018-10-05,0.25,0.22314355131420976,32,78
7497,149180200,2018-10-05,0.75,0.5596157879354227,32,65
7498,149180160,2018-10-10,0.14,0.1310282624064041,32,98
7499,149180180,2018-10-10,0.22,0.1988508587451652,32,81
7500,149180200,2018-10-10,0.28,0.2468600779315258,32,67
7501,149180160,2018-10-12,0.1,0.09531017980432487,32,89
7502,149180180,2018-10-12,0.18,0.16551443847757338,32,74
7503,149180200,2018-10-12,0.27,0.23901690047049992,32,60
7504,149180160,2018-10-15,0.1,0.09531017980432487,32,90
7505,149180180,2018-10-15,0.24,0.2151113796169455,32,75
7506,149180200,2018-10-15,0.18,0.16551443847757338,32,61
7507,149180160,2018-11-06,0.46,0.3784364357202451,32,91
7508,149180180,2018-11-06,0.38,0.32208349916911333,32,76
7509,149180200,2018-11-06,1.21,0.7929925155296614,32,62
7510,149180160,2018-11-11,0.23,0.20701416938432615,32,102
7511,149180180,2018-11-11,0.28,0.2468600779315258,32,88
7512,151220040,2018-05-20,1.53,0.9282193027394289,41,28
7513,151220040,2018-05-30,2.6,1.2809338454620645,41,23
7514,151220040,2018-06-04,3.95,1.599387576580599,41,20
7515,151220040,2018-06-09,1.98,1.091923300517313,41,22
7516,151220040,2018-06-19,1.23,0.8020015854720274,41,21
7517,151220040,2018-07-09,0.76,0.5653138090500605,41,25
7518,151220040,2018-08-08,0.38,0.32208349916911333,41,18
7519,151220040,2018-08-13,0.33,0.2851789422336624,41,19
7520,151220040,2018-08-23,0.28,0.2468600779315258,41,24
7521,151220040,2018-08-28,0.33,0.2851789422336624,41,27
7522,151220040,2018-09-02,0.3,0.26236426446749106,41,26
7523,151220040,2018-10-12,0.41,0.3435897043900769,41,16
7524,151220040,2018-11-06,0.32,0.2776317365982795,41,17
7525,153220070,2018-05-10,86.7,4.473921899378137,44,27
7526,153220070,2018-05-30,109.0,4.700480365792417,44,25
7527,153220070,2018-06-04,146.0,4.990432586778736,44,28
7528,153220070,2018-06-07,155.0,5.049856007249537,44,29
7529,153220070,2018-06-09,152.0,5.030437921392435,44,24
7530,153220070,2018-06-29,113.0,4.736198448394496,44,21
7531,153220070,2018-07-09,80.1,4.395682961121367,44,33
7532,153220070,2018-07-24,43.5,3.7954891891721947,44,32
7533,153220070,2018-08-08,22.2,3.144152278672264,44,23
7534,153220070,2018-08-23,16.1,2.8390784635086144,44,22
7535,153220070,2018-09-12,15.6,2.8094026953624973,44,26
7536,153220070,2018-09-20,30.7,3.456316680883235,44,30
7537,153220070,2018-10-12,19.4,3.0155349008501706,44,20
7538,153220070,2018-10-17,18.9,2.990719731730447,44,31
7539,152200070,2018-05-03,2.61,1.2837077723447896,49,51
7540,152200070,2018-05-05,2.58,1.275362800412609,49,50
7541,152200070,2018-05-08,2.62,1.2864740258376797,49,45
7542,152200070,2018-05-10,2.65,1.2947271675944,49,42
7543,152200070,2018-05-13,2.65,1.2947271675944,49,40
7544,152200070,2018-05-30,2.82,1.3402504226184837,49,35
7545,152200070,2018-06-04,2.82,1.3402504226184837,49,34
7546,152200070,2018-06-07,2.76,1.324418957401803,49,30
7547,152200070,2018-06-29,1.46,0.9001613499442714,49,36
7548,152200070,2018-07-07,0.81,0.5933268452777344,49,31
7549,152200070,2018-07-09,0.71,0.5364933705145685,49,37
7550,152200070,2018-08-01,0.36,0.3074846997479606,49,53
7551,152200070,2018-08-08,0.21,0.1906203596086497,49,32
7552,152200070,2018-08-13,0.15,0.13976194237515868,49,44
7553,152200070,2018-08-23,0.11,0.10436001532424277,49,38
7554,152200070,2018-09-02,0.16,0.14842000511827327,49,48
7555,152200070,2018-09-07,0.17,0.15700374880966475,49,43
7556,152200070,2018-09-12,0.17,0.15700374880966475,49,39
7557,152200070,2018-09-20,0.42,0.35065687161316933,49,41
7558,152200070,2018-10-10,0.18,0.16551443847757338,49,46
7559,152200070,2018-10-12,0.13,0.12221763272424921,49,49
7560,152200070,2018-10-15,0.12,0.11332868530700317,49,47
7561,152200070,2018-10-17,0.11,0.10436001532424277,49,52
7562,152200070,2018-11-06,0.06,0.058268908123975775,49,33
7563,150210220,2018-05-03,0.17,0.15700374880966475,40,247
7564,150210220,2018-05-13,1.47,0.9042181506398859,40,249
7565,150210220,2018-05-30,3.77,1.5623463049002497,40,246
7566,150210220,2018-06-07,1.02,0.7030975114131134,40,243
7567,150210220,2018-06-19,0.42,0.35065687161316933,41,7
7568,150210220,2018-08-03,0.2,0.18232155679395462,41,6
7569,150210220,2018-08-08,0.18,0.16551443847757338,40,244
7570,150210220,2018-08-13,0.25,0.22314355131420976,40,245
7571,150210220,2018-08-23,0.19,0.173953307123438,41,4
7572,150210220,2018-09-02,0.19,0.173953307123438,41,0
7573,150210220,2018-09-10,0.17,0.15700374880966475,41,5
7574,150210220,2018-09-20,0.86,0.6205764877251099,41,1
7575,150210220,2018-09-30,0.18,0.16551443847757338,41,3
7576,150210220,2018-10-05,0.16,0.14842000511827327,41,2
7577,150210220,2018-10-10,0.69,0.5247285289349821,40,241
7578,150210220,2018-10-12,2.93,1.3686394258811698,40,242
7579,150210220,2018-11-29,0.25,0.22314355131420976,40,248
7580,152190030,2018-06-07,1700.0,7.438971592395862,33,150
7581,152190030,2018-10-13,611.0,6.416732282512326,33,151
7582,152190030,2018-10-15,473.0,6.161207321695077,33,149
7583,152190020,2018-05-06,3.36,1.4724720573609429,49,116
7584,152190020,2018-05-08,3.55,1.515127232962859,49,115
7585,152190020,2018-05-13,5.42,1.8594181177018698,49,114
7586,152190020,2018-06-07,5.17,1.8196988379172965,49,107
7587,152190020,2018-06-20,4.28,1.66392609771817,49,109
7588,152190020,2018-07-05,3.66,1.5390154481375546,49,110
7589,152190020,2018-07-07,3.36,1.4724720573609429,49,113
7590,152190020,2018-07-20,2.83,1.3428648031925547,49,117
7591,152190020,2018-08-01,1.89,1.0612565021243408,49,111
7592,152190020,2018-08-04,1.16,0.7701082216960736,49,112
7593,152190020,2018-08-09,1.34,0.8501509293696101,49,118
7594,152190020,2018-09-10,0.66,0.5068176023684519,49,120
7595,152190020,2018-09-20,6.12,1.9629077254238845,49,119
7596,152190020,2018-10-13,1.08,0.7323678937132266,49,108
7597,152190020,2018-10-15,1.1,0.7419373447293773,49,106
7598,151230040,2018-05-12,60.0,4.110873864173311,47,20
7599,151230040,2018-05-27,85.8,4.463606621666305,47,19
7600,151230040,2018-05-30,91.2,4.523960130562548,47,18
7601,151230040,2018-06-01,97.3,4.5880240271531205,47,17
7602,151230040,2018-06-06,116.0,4.762173934797756,47,16
7603,151230040,2018-06-09,121.0,4.804021044733257,47,15
7604,151230040,2018-08-08,17.4,2.91235066461494,47,21
7605,151230040,2018-10-12,39.1,3.6913763343125234,47,12
7606,151230040,2018-10-14,35.2,3.5890591188317256,47,13
7607,151230040,2018-11-08,22.6,3.1612467120315646,47,14
7608,150150100,2018-05-06,2.47,1.244154593958768,22,45
7609,150150100,2018-05-21,2.7,1.308332819650179,22,48
7610,150150100,2018-05-31,4.33,1.6733512381777533,22,39
7611,150150100,2018-07-03,2.22,1.169381359556317,22,42
7612,150150100,2018-07-20,2.15,1.1474024528375417,22,43
7613,150150100,2018-08-07,1.44,0.8919980393051105,22,40
7614,150150100,2018-08-17,1.29,0.8285518175661483,22,44
7615,150150100,2018-08-27,1.41,0.8796267475025636,22,41
7616,150150100,2018-08-29,1.59,0.9516578757114464,22,47
7617,150150100,2018-10-11,0.66,0.5068176023684519,22,37
7618,150150100,2018-10-13,0.73,0.5481214085096876,22,46
7619,150150100,2018-10-16,0.56,0.44468582126144574,22,49
7620,150150100,2018-10-31,0.51,0.412109650826833,22,38
7621,153220220,2018-05-10,6.45,2.0082140323914683,45,168
7622,153220220,2018-05-30,5.32,1.843719208158766,45,164
7623,153220220,2018-06-09,6.02,1.9487632180377197,45,163
7624,153220220,2018-07-09,2.96,1.3762440252663892,45,165
7625,153220220,2018-07-19,1.7,0.9932517730102834,45,169
7626,153220220,2018-08-08,0.73,0.5481214085096876,45,167
7627,153220220,2018-08-23,0.59,0.46373401623214017,45,166
7628,153220220,2018-10-12,1.02,0.7030975114131134,45,162
7629,152210070,2018-05-03,3.07,1.4036429994545037,43,179
7630,152210070,2018-05-08,4.15,1.6389967146756448,43,176
7631,152210070,2018-05-13,5.11,1.809926773183504,43,174
7632,152210070,2018-05-30,5.69,1.900613874140137,43,172
7633,152210070,2018-06-04,18.7,2.9806186357439426,43,173
7634,152210070,2018-06-07,8.14,2.2126603854660587,43,168
7635,152210070,2018-06-09,5.57,1.8825138324965192,43,169
7636,152210070,2018-07-07,1.99,1.095273387402595,43,170
7637,152210070,2018-07-09,1.67,0.9820784724121581,43,183
7638,152210070,2018-07-24,1.4,0.8754687373538999,43,171
7639,152210070,2018-08-08,0.96,0.6729444732424258,43,167
7640,152210070,2018-08-13,0.87,0.6259384308664953,43,175
7641,152210070,2018-08-23,0.72,0.5423242908253616,43,177
7642,152210070,2018-09-02,0.92,0.6523251860396903,43,184
7643,152210070,2018-09-10,0.69,0.5247285289349821,43,178
7644,152210070,2018-09-20,2.78,1.3297240096314962,43,180
7645,152210070,2018-10-10,0.96,0.6729444732424258,43,165
7646,152210070,2018-10-12,1.65,0.9745596399981308,43,182
7647,152210070,2018-10-15,1.43,0.8878912573524571,43,181
7648,152210070,2018-11-06,0.86,0.6205764877251099,43,166
7649,152160050,2018-05-04,106.0,4.672828834461906,24,80
7650,152160050,2018-05-06,104.0,4.653960350157523,24,79
7651,152160050,2018-05-29,122.0,4.812184355372417,24,78
7652,152160050,2018-10-11,39.7,3.7062280924485496,24,81
7653,152160050,2018-10-13,38.9,3.686376323895818,24,82
7654,152160050,2018-10-31,36.3,3.6189933266497696,24,76
7655,152160050,2018-11-07,36.3,3.6189933266497696,24,77
7656,152200150,2018-05-05,577.0,6.359573868672378,33,106
7657,152200150,2018-05-08,741.0,6.60934924316738,33,98
7658,152200150,2018-05-10,802.0,6.688354713946762,33,101
7659,152200150,2018-05-13,1130.0,7.030857476116121,33,100
7660,152200150,2018-05-23,1140.0,7.039660349862076,33,111
7661,152200150,2018-05-30,1070.0,6.976348070447749,33,102
7662,152200150,2018-06-04,1320.0,7.186144304522325,33,108
7663,152200150,2018-06-07,1670.0,7.421177528595393,33,113
7664,152200150,2018-06-29,891.0,6.79346613258001,33,104
7665,152200150,2018-07-07,701.0,6.553933404025811,33,117
7666,152200150,2018-07-09,662.0,6.4967749901858625,33,118
7667,152200150,2018-07-24,623.0,6.436150368369428,33,103
7668,152200150,2018-08-01,494.0,6.20455776256869,33,97
7669,152200150,2018-08-08,400.0,5.993961427306569,33,115
7670,152200150,2018-08-13,380.0,5.942799375126701,33,105
7671,152200150,2018-08-23,358.0,5.883322388488279,33,110
7672,152200150,2018-09-07,425.0,6.054439346269371,33,116
7673,152200150,2018-09-10,371.0,5.918893854273146,33,119
7674,152200150,2018-09-12,361.0,5.891644211825771,33,109
7675,152200150,2018-09-20,458.0,6.129050210060545,33,107
7676,152200150,2018-10-12,465.0,6.144185634125646,33,112
7677,152200150,2018-10-15,412.0,6.023447592961033,33,114
7678,152200150,2018-11-06,329.0,5.799092654460526,33,99
7679,153170040,2018-05-04,3.52,1.5085119938441398,27,48
7680,153170040,2018-05-06,3.62,1.5303947050936475,27,47
7681,153170040,2018-05-09,3.53,1.5107219394949427,27,49
7682,153170040,2018-05-19,4.81,1.75958057086382,27,44
7683,153170040,2018-05-29,4.25,1.6582280766035324,27,38
7684,153170040,2018-05-31,4.65,1.7316555451583495,27,45
7685,153170040,2018-06-03,5.64,1.8931119634883424,27,39
7686,153170040,2018-06-08,5.18,1.8213182714695995,27,41
7687,153170040,2018-06-20,6.03,1.9501867058225737,27,40
7688,153170040,2018-07-05,3.07,1.4036429994545037,27,43
7689,153170040,2018-07-15,2.02,1.1052568313867783,27,46
7690,153170040,2018-07-20,1.68,0.9858167945227653,27,50
7691,153170040,2018-08-04,1.05,0.7178397931503169,27,51
7692,153170040,2018-08-07,1.01,0.6981347220709844,27,42
7693,153170040,2018-10-11,1.29,0.8285518175661483,27,52
7694,153170040,2018-10-31,1.08,0.7323678937132266,27,36
7695,153170040,2018-11-07,0.92,0.6523251860396903,27,37
7696,152210090,2018-08-08,66.3,4.209160236650682,47,90
7697,152210090,2018-10-12,76.3,4.3476939555933765,47,89
7698,152210090,2018-10-15,75.2,4.333361462692601,47,91
7699,152200030,2018-05-08,774.0,6.652863029353347,33,134
7700,152200030,2018-05-10,852.0,6.748759547491679,33,130
7701,152200030,2018-05-13,1110.0,7.01301578963963,33,131
7702,152200030,2018-05-23,1120.0,7.02197642307216,33,132
7703,152200030,2018-05-30,1040.0,6.947937068614969,33,126
7704,152200030,2018-06-04,1300.0,7.170888478512505,33,128
7705,152200030,2018-06-07,1750.0,7.467942332285852,33,121
7706,152200030,2018-06-29,852.0,6.748759547491679,33,129
7707,152200030,2018-07-07,684.0,6.529418838262226,33,124
7708,152200030,2018-07-09,649.0,6.476972362889683,33,127
7709,152200030,2018-08-01,521.0,6.257667587882639,33,133
7710,152200030,2018-08-08,416.0,6.0330862217988015,33,122
7711,152200030,2018-08-13,393.0,5.976350909297934,33,135
7712,152200030,2018-08-23,368.0,5.910796644040527,33,137
7713,152200030,2018-09-10,401.0,5.996452088619021,33,138
7714,152200030,2018-09-12,383.0,5.950642552587727,33,136
7715,152200030,2018-09-20,488.0,6.192362489474872,33,139
7716,152200030,2018-10-12,500.0,6.2166061010848646,33,123
7717,152200030,2018-10-15,447.0,6.104793232414985,33,125
7718,152200030,2018-11-06,354.0,5.872117789475416,33,120
7719,153160190,2018-05-04,9.85,2.3841650799864684,27,197
7720,153160190,2018-05-06,9.83,2.382320061012899,27,205
7721,153160190,2018-05-09,9.72,2.372111155642656,27,198
7722,153160190,2018-05-14,11.4,2.517696472610991,27,216
7723,153160190,2018-05-19,9.89,2.387844936944869,27,199
7724,153160190,2018-05-21,9.89,2.387844936944869,27,213
7725,153160190,2018-05-29,9.8,2.379546134130174,27,209
7726,153160190,2018-06-03,11.2,2.501435951739211,27,206
7727,153160190,2018-06-08,10.4,2.4336133554004498,27,200
7728,153160190,2018-06-20,10.1,2.4069451083182885,27,207
7729,153160190,2018-07-05,8.9,2.2925347571405443,27,208
7730,153160190,2018-07-15,7.74,2.167910189667444,27,210
7731,153160190,2018-07-20,7.32,2.1186622548331173,27,201
7732,153160190,2018-08-04,6.64,2.033397603178429,27,218
7733,153160190,2018-08-09,5.96,1.9401794743463283,27,211
7734,153160190,2018-08-22,5.78,1.9139771019523042,27,202
7735,153160190,2018-10-06,5.94,1.937301774518713,27,212
7736,153160190,2018-10-11,5.46,1.8656293177945105,27,214
7737,153160190,2018-10-13,5.52,1.8748743759385615,27,215
7738,153160190,2018-10-18,5.4,1.8562979903656263,27,217
7739,153160190,2018-10-31,5.29,1.8389610707123492,27,203
7740,153160190,2018-11-07,5.16,1.8180767775454285,27,204
7741,152230200,2018-05-07,79.6,4.389498649512583,47,46
7742,152230200,2018-05-10,86.9,4.476199804691132,47,45
7743,152230200,2018-05-12,112.0,4.727387818712341,47,47
7744,152230200,2018-05-30,175.0,5.170483995038151,47,40
7745,152230200,2018-06-01,188.0,5.241747015059643,47,43
7746,152230200,2018-06-04,235.0,5.4638318050256105,47,49
7747,152230200,2018-06-06,267.0,5.5909869805108565,47,48
7748,152230200,2018-06-09,291.0,5.676753802268282,47,44
7749,152230200,2018-06-29,161.0,5.087596335232384,47,38
7750,152230200,2018-08-08,44.8,3.8242840911201395,47,42
7751,152230200,2018-08-20,37.0,3.6375861597263857,47,41
7752,152230200,2018-08-23,36.8,3.632309102625542,47,39
7753,152230200,2018-08-30,44.2,3.8110970868381857,47,50
7754,152230200,2018-10-12,54.9,4.023564380161053,47,36
7755,152230200,2018-10-14,56.7,4.055257173514054,47,37
7756,149220050,2018-05-02,3.18,1.430311246536665,39,81
7757,149220050,2018-05-07,4.08,1.6253112615903906,39,78
7758,149220050,2018-05-12,55.2,4.028916756899646,39,73
7759,149220050,2018-05-30,16.6,2.8678989020441064,39,76
7760,149220050,2018-06-06,20.3,3.0587070727153796,39,77
7761,149220050,2018-08-13,2.98,1.3812818192963463,39,75
7762,149220050,2018-08-20,3.43,1.4883995840570443,39,74
7763,149220050,2018-08-23,6.19,1.9726911717329554,39,83
7764,149220050,2018-08-30,6.8,2.0541237336955462,39,82
7765,149220050,2018-09-19,61.9,4.141546163706395,39,80
7766,149220050,2018-10-09,1.88,1.0577902941478545,39,79
7767,149220050,2018-10-12,2.9,1.3609765531356006,39,72
7768,149220050,2018-10-14,1.67,0.9820784724121581,39,71
7769,149220050,2018-10-17,1.84,1.0438040521731147,39,84
7770,151150160,2018-05-06,0.47,0.3852624007906449,21,66
7771,151150160,2018-05-21,0.5,0.4054651081081644,21,73
7772,151150160,2018-05-29,0.9,0.6418538861723948,21,64
7773,151150160,2018-05-31,0.71,0.5364933705145685,21,63
7774,151150160,2018-07-03,0.35,0.30010459245033805,21,65
7775,151150160,2018-07-20,0.41,0.3435897043900769,21,67
7776,151150160,2018-08-07,0.25,0.22314355131420976,21,62
7777,151150160,2018-08-17,0.25,0.22314355131420976,21,69
7778,151150160,2018-08-27,0.34,0.29266961396282,21,68
7779,151150160,2018-08-29,0.32,0.2776317365982795,21,72
7780,151150160,2018-10-11,0.25,0.22314355131420976,21,60
7781,151150160,2018-10-13,0.22,0.1988508587451652,21,70
7782,151150160,2018-10-16,0.19,0.173953307123438,21,71
7783,151150160,2018-10-31,0.2,0.18232155679395462,21,61
7784,150220120,2018-05-12,3.95,1.599387576580599,41,148
7785,150220120,2018-05-27,4.12,1.6331544390514163,41,149
7786,150220120,2018-05-30,5.27,1.8357763546448291,41,156
7787,150220120,2018-06-01,6.28,1.9851308622085946,41,144
7788,150220120,2018-06-06,3.92,1.5933085305042167,41,150
7789,150220120,2018-06-09,3.09,1.4085449700547104,41,152
7790,150220120,2018-06-21,2.51,1.2556160374777745,41,161
7791,150220120,2018-07-09,2.27,1.184789984909162,41,157
7792,150220120,2018-08-03,2.11,1.1346227261911428,41,154
7793,150220120,2018-08-08,2.13,1.1410330045520618,41,151
7794,150220120,2018-08-13,2.23,1.172482137234565,41,153
7795,150220120,2018-08-20,2.17,1.1537315878891892,41,155
7796,150220120,2018-08-23,2.17,1.1537315878891892,41,158
7797,150220120,2018-09-02,2.08,1.1249295969854831,41,159
7798,150220120,2018-10-12,1.54,0.9321640810304452,41,145
7799,150220120,2018-10-14,1.48,0.9082585601768908,41,146
7800,150220120,2018-10-17,1.48,0.9082585601768908,41,160
7801,150220120,2018-11-08,1.52,0.924258901523332,41,147
7802,149190320,2018-05-13,0.19,0.173953307123438,36,181
7803,149190320,2018-08-03,0.11,0.10436001532424277,36,180
7804,149190320,2018-09-20,1.05,0.7178397931503169,36,183
7805,149190320,2018-09-30,0.12,0.11332868530700317,36,182
7806,149190320,2018-10-05,0.07,0.06765864847381481,36,185
7807,149190320,2018-10-10,0.07,0.06765864847381481,36,184
7808,149190320,2018-10-12,0.08,0.07696104113612832,36,177
7809,149190320,2018-10-15,0.34,0.29266961396282,36,178
7810,149190320,2018-11-06,0.14,0.1310282624064041,36,179
7811,149190380,2018-05-13,2.54,1.264126727145683,36,165
7812,149190380,2018-08-03,2.81,1.3376291891386096,36,164
7813,149190380,2018-10-10,1.67,0.9820784724121581,36,162
7814,149190380,2018-10-12,1.91,1.068153081183401,36,159
7815,149190380,2018-10-15,4.27,1.6620303625532709,36,160
7816,149190380,2018-10-17,2.51,1.2556160374777745,36,163
7817,149190380,2018-11-06,2.64,1.2919836816486494,36,161
7818,152220010,2018-05-30,4.82,1.7613002617433464,48,22
7819,152220010,2018-06-09,9.85,2.3841650799864684,48,19
7820,152220010,2018-06-29,2.1,1.1314021114911006,48,20
7821,152220010,2018-07-09,1.57,0.9439058989071285,48,21
7822,152220010,2018-07-24,1.27,0.8197798314933114,48,23
7823,152220010,2018-08-08,0.73,0.5481214085096876,48,17
7824,152220010,2018-08-13,0.69,0.5247285289349821,48,24
7825,152220010,2018-08-23,0.85,0.6151856390902335,48,25
7826,152220010,2018-10-12,0.75,0.5596157879354227,48,26
7827,152220010,2018-11-06,0.77,0.5709795465857378,48,18
7828,152210060,2018-05-03,197.0,5.288267030694535,44,76
7829,152210060,2018-05-08,196.0,5.2832037287379885,44,82
7830,152210060,2018-05-10,211.0,5.356586274672012,44,70
7831,152210060,2018-05-23,217.0,5.384495062789089,44,85
7832,152210060,2018-05-30,210.0,5.351858133476067,44,75
7833,152210060,2018-06-04,238.0,5.476463551931511,44,87
7834,152210060,2018-06-07,252.0,5.53338948872752,44,86
7835,152210060,2018-06-09,250.0,5.5254529391317835,44,74
7836,152210060,2018-06-29,211.0,5.356586274672012,44,69
7837,152210060,2018-07-07,177.0,5.181783550292085,44,71
7838,152210060,2018-07-09,166.0,5.117993812416755,44,80
7839,152210060,2018-07-24,106.0,4.672828834461906,44,73
7840,152210060,2018-08-01,93.2,4.545420181582317,44,77
7841,152210060,2018-08-08,68.3,4.238444906195857,44,84
7842,152210060,2018-08-23,45.7,3.8437441646748516,44,72
7843,152210060,2018-09-10,42.5,3.7727609380946383,44,83
7844,152210060,2018-09-12,42.0,3.7612001156935624,44,78
7845,152210060,2018-09-20,95.0,4.564348191467836,44,79
7846,152210060,2018-10-12,57.1,4.062165663857866,44,68
7847,152210060,2018-10-15,64.3,4.178992036282385,44,81
7848,152210060,2018-10-17,60.7,4.122283930911342,44,88
7849,154180030,2018-05-04,1.33,0.8458682675776092,32,33
7850,154180030,2018-05-06,1.31,0.8372475245337022,32,32
7851,154180030,2018-05-09,1.56,0.9400072584914712,32,38
7852,154180030,2018-05-14,2.63,1.2892326482767593,32,29
7853,154180030,2018-05-16,1.7,0.9932517730102834,32,42
7854,154180030,2018-05-21,1.35,0.8544153281560676,32,31
7855,154180030,2018-05-24,1.39,0.8712933659434192,32,24
7856,154180030,2018-05-29,1.33,0.8458682675776092,32,18
7857,154180030,2018-05-31,1.35,0.8544153281560676,32,19
7858,154180030,2018-06-03,1.81,1.0331844833456545,32,25
7859,154180030,2018-06-05,1.64,0.9707789171582247,32,27
7860,154180030,2018-06-08,1.36,0.8586616190375187,32,28
7861,154180030,2018-06-10,1.31,0.8372475245337022,32,40
7862,154180030,2018-06-20,1.22,0.7975071958841881,32,20
7863,154180030,2018-06-28,1.21,0.7929925155296614,32,30
7864,154180030,2018-07-15,1.1,0.7419373447293773,32,35
7865,154180030,2018-07-23,1.07,0.7275486072772778,32,26
7866,154180030,2018-07-25,1.06,0.7227059828014898,32,37
7867,154180030,2018-08-07,1.03,0.708035793053696,32,34
7868,154180030,2018-09-03,1.02,0.7030975114131134,32,43
7869,154180030,2018-10-01,1.17,0.7747271675523681,32,36
7870,154180030,2018-10-06,1.16,0.7701082216960736,32,39
7871,154180030,2018-10-11,1.14,0.76080582903376,32,21
7872,154180030,2018-10-13,1.15,0.7654678421395714,32,41
7873,154180030,2018-10-31,1.09,0.7371640659767197,32,22
7874,154180030,2018-11-07,1.08,0.7323678937132266,32,23
7875,150220130,2018-05-02,4.19,1.6467336971777973,39,165
7876,150220130,2018-05-12,12.8,2.624668592163159,39,160
7877,150220130,2018-05-27,7.71,2.1644717908644115,39,159
7878,150220130,2018-05-30,6.92,2.0693912058263346,39,162
7879,150220130,2018-06-01,10.4,2.4336133554004498,39,157
7880,150220130,2018-06-06,6.79,2.052840859882657,39,166
7881,150220130,2018-07-04,1.5,0.9162907318741551,39,170
7882,150220130,2018-08-03,1.85,1.0473189942805592,39,158
7883,150220130,2018-08-13,1.64,0.9707789171582247,39,161
7884,150220130,2018-08-20,2.39,1.220829921392359,39,163
7885,150220130,2018-08-23,1.85,1.0473189942805592,39,164
7886,150220130,2018-08-30,3.52,1.5085119938441398,39,168
7887,150220130,2018-09-02,2.87,1.3532545070416904,39,167
7888,150220130,2018-10-12,1.74,1.007957920399979,39,154
7889,150220130,2018-10-14,2.29,1.1908875647772805,39,155
7890,150220130,2018-10-17,6.44,2.0068708488450007,39,169
7891,150220130,2018-11-08,6.18,1.9712993830601329,39,156
7892,154180110,2018-05-06,7.48,2.1377104498038118,51,50
7893,154180110,2018-05-08,5.72,1.9050881545350582,51,53
7894,154180110,2018-05-11,7.15,2.0980179272527715,51,56
7895,154180110,2018-05-13,7.4,2.128231705849268,51,48
7896,154180110,2018-05-21,6.9,2.066862759472976,51,58
7897,154180110,2018-05-31,6.78,2.0515563381903004,51,51
7898,154180110,2018-06-07,7.65,2.157559320943788,51,46
7899,154180110,2018-06-20,7.4,2.128231705849268,51,49
7900,154180110,2018-07-05,6.16,1.9685099809725544,51,52
7901,154180110,2018-08-04,3.91,1.5912739418064292,51,54
7902,154180110,2018-08-09,3.38,1.4770487243883548,51,57
7903,154180110,2018-09-10,3.14,1.420695787837223,51,55
7904,154180110,2018-10-13,3.4,1.4816045409242156,51,59
7905,154180110,2018-10-15,3.28,1.4539530095937054,51,47
7906,154180110,2018-10-18,3.24,1.4445632692438664,51,60
7907,153210180,2018-05-03,0.95,0.6678293725756554,46,67
7908,153210180,2018-05-08,1.2,0.7884573603642702,46,61
7909,153210180,2018-05-10,1.46,0.9001613499442714,46,66
7910,153210180,2018-05-23,1.7,0.9932517730102834,46,72
7911,153210180,2018-05-30,1.53,0.9282193027394289,46,60
7912,153210180,2018-06-07,2.43,1.2325602611778486,46,59
7913,153210180,2018-06-09,2.0,1.0986122886681096,46,64
7914,153210180,2018-06-29,0.83,0.6043159668533296,46,68
7915,153210180,2018-07-09,0.53,0.4252677354043441,46,62
7916,153210180,2018-07-24,0.66,0.5068176023684519,46,58
7917,153210180,2018-08-01,0.38,0.32208349916911333,46,63
7918,153210180,2018-08-08,0.35,0.30010459245033805,46,57
7919,153210180,2018-08-23,0.24,0.2151113796169455,46,65
7920,153210180,2018-09-10,0.23,0.20701416938432615,46,73
7921,153210180,2018-09-12,0.24,0.2151113796169455,46,69
7922,153210180,2018-09-20,1.42,0.8837675401685949,46,70
7923,153210180,2018-10-12,0.7,0.5306282510621704,46,56
7924,153210180,2018-10-15,0.58,0.4574248470388754,46,71
7925,153210180,2018-10-17,0.53,0.4252677354043441,46,74
7926,149190170,2018-05-03,7.41,2.1294214739848565,35,83
7927,149190170,2018-05-13,12.8,2.624668592163159,35,81
7928,149190170,2018-06-07,9.23,2.325324579963535,35,79
7929,149190170,2018-07-04,7.68,2.1610215286722587,35,76
7930,149190170,2018-08-03,10.2,2.4159137783010487,35,78
7931,149190170,2018-08-13,7.42,2.130609828254235,35,77
7932,149190170,2018-08-23,7.3,2.1162555148025524,35,85
7933,149190170,2018-09-10,5.97,1.9416152247724325,35,82
7934,149190170,2018-09-12,5.96,1.9401794743463283,35,80
7935,149190170,2018-09-20,31.7,3.4873750779032076,35,84
7936,149190170,2018-10-05,6.96,2.0744289998562917,35,86
7937,149190170,2018-10-12,8.86,2.288486168614544,35,73
7938,149190170,2018-10-15,9.92,2.3905959703167587,35,74
7939,149190170,2018-11-06,6.37,1.9974177062012453,35,75
7940,149220130,2018-05-02,3.62,1.5303947050936475,38,97
7941,149220130,2018-05-07,4.39,1.6845453849209058,38,98
7942,149220130,2018-05-12,67.1,4.220977213155467,38,101
7943,149220130,2018-05-30,10.3,2.424802725718295,38,102
7944,149220130,2018-08-20,3.71,1.5496879080283263,38,99
7945,149220130,2018-08-23,9.76,2.3758355547336385,38,100
7946,149220130,2018-08-28,23.8,3.2108436531709366,38,96
7947,149220130,2018-08-30,35.0,3.58351893845611,38,104
7948,149220130,2018-09-14,4.1,1.62924053973028,38,103
7949,149220130,2018-10-14,2.55,1.2669476034873244,38,94
7950,149220130,2018-11-08,2.34,1.205970806988609,38,95
7951,151190110,2018-05-03,2.07,1.1216775615991057,43,131
7952,151190110,2018-05-05,2.04,1.1118575154181303,43,126
7953,151190110,2018-05-08,1.96,1.085189268335969,43,124
7954,151190110,2018-05-10,2.2,1.1631508098056809,43,134
7955,151190110,2018-05-13,2.2,1.1631508098056809,43,121
7956,151190110,2018-05-20,2.12,1.1378330018213911,43,123
7957,151190110,2018-05-30,2.45,1.2383742310432684,43,120
7958,151190110,2018-06-04,3.32,1.463255402256019,43,118
7959,151190110,2018-06-07,2.79,1.332366019094335,43,116
7960,151190110,2018-07-07,1.97,1.0885619528146082,43,115
7961,151190110,2018-07-09,1.54,0.9321640810304452,43,119
7962,151190110,2018-08-01,1.02,0.7030975114131134,43,117
7963,151190110,2018-08-08,1.09,0.7371640659767197,43,114
7964,151190110,2018-08-23,0.69,0.5247285289349821,43,127
7965,151190110,2018-09-07,0.95,0.6678293725756554,43,129
7966,151190110,2018-09-10,1.12,0.7514160886839212,43,125
7967,151190110,2018-09-12,1.39,0.8712933659434192,43,122
7968,151190110,2018-09-20,3.25,1.4469189829363254,43,133
7969,151190110,2018-10-10,0.64,0.49469624183610705,43,130
7970,151190110,2018-10-12,0.75,0.5596157879354227,43,132
7971,151190110,2018-10-15,0.78,0.5766133643039938,43,128
7972,151190110,2018-11-06,1.13,0.7561219797213337,43,113
7973,153220180,2018-05-10,1.17,0.7747271675523681,44,247
7974,153220180,2018-05-30,0.73,0.5481214085096876,44,245
7975,153220180,2018-06-04,9.68,2.3683728335320486,44,249
7976,153220180,2018-06-09,1.86,1.0508216248317612,44,243
7977,153230060,2018-06-09,0.75,0.5596157879354227,44,231
7978,153220180,2018-06-29,0.47,0.3852624007906449,45,0
7979,153220180,2018-08-08,0.17,0.15700374880966475,44,246
7980,153220180,2018-08-23,0.11,0.10436001532424277,44,248
7981,153220180,2018-10-12,0.46,0.3784364357202451,44,244
7982,153230060,2018-10-12,0.15,0.13976194237515868,44,232
7983,153230060,2018-10-14,0.18,0.16551443847757338,44,233
7984,154170150,2018-05-06,0.95,0.6678293725756554,31,90
7985,154170150,2018-05-14,1.13,0.7561219797213337,31,93
7986,154170150,2018-05-19,1.12,0.7514160886839212,31,98
7987,154170150,2018-05-21,1.14,0.76080582903376,31,101
7988,154170150,2018-05-24,1.07,0.7275486072772778,31,97
7989,154170150,2018-05-29,0.98,0.6830968447064438,31,95
7990,154170150,2018-05-31,0.99,0.688134638736401,31,96
7991,154170150,2018-06-03,1.02,0.7030975114131134,31,92
7992,154170150,2018-06-08,1.01,0.6981347220709844,31,86
7993,154170150,2018-06-10,0.98,0.6830968447064438,31,89
7994,154170150,2018-06-20,0.93,0.6575200029167942,31,88
7995,154170150,2018-06-28,0.9,0.6418538861723948,31,84
7996,154170150,2018-07-15,0.77,0.5709795465857378,31,85
7997,154170150,2018-07-20,0.7,0.5306282510621704,31,100
7998,154170150,2018-07-23,0.64,0.49469624183610705,31,103
7999,154170150,2018-08-17,0.54,0.43178241642553783,31,102
8000,154170150,2018-08-22,0.57,0.4510756193602167,31,99
8001,154170150,2018-09-03,0.54,0.43178241642553783,31,87
8002,154170150,2018-10-06,0.73,0.5481214085096876,31,94
8003,154170150,2018-10-11,0.67,0.5128236264286637,31,81
8004,154170150,2018-10-13,0.61,0.4762341789963716,31,91
8005,154170150,2018-11-07,0.59,0.46373401623214017,31,83
8006,150210190,2018-05-07,287.0,5.662960480135946,33,22
8007,150210190,2018-05-30,468.0,6.150602768446279,33,21
8008,150210190,2018-06-19,343.0,5.840641657373398,33,27
8009,150210190,2018-06-29,302.0,5.713732805509369,33,29
8010,150210190,2018-08-03,170.0,5.14166355650266,33,25
8011,150210190,2018-08-08,203.0,5.318119993844216,33,23
8012,150210190,2018-08-13,170.0,5.14166355650266,33,24
8013,150210190,2018-08-23,185.0,5.225746673713202,33,26
8014,150210190,2018-08-28,227.0,5.429345628954441,33,30
8015,150210190,2018-09-02,312.0,5.746203190540153,33,28
8016,150210190,2018-10-12,206.0,5.332718793265369,33,18
8017,150210190,2018-10-14,262.0,5.572154032177765,33,19
8018,150210190,2018-11-08,208.0,5.342334251964811,33,20
8019,149190190,2018-05-13,2.56,1.269760544863939,35,92
8020,149190190,2018-06-07,1.15,0.7654678421395714,35,90
8021,149190190,2018-08-03,0.65,0.5007752879124893,35,91
8022,149190190,2018-08-13,0.8,0.5877866649021191,35,98
8023,149190190,2018-09-07,0.8,0.5877866649021191,35,94
8024,149190190,2018-09-10,0.66,0.5068176023684519,35,99
8025,149190190,2018-09-12,0.62,0.4824261492442927,35,93
8026,149190190,2018-09-20,7.33,2.1198634561787513,35,95
8027,149190190,2018-10-05,1.28,0.8241754429663495,35,96
8028,149190190,2018-10-10,0.78,0.5766133643039938,35,97
8029,149190190,2018-10-12,1.03,0.708035793053696,35,87
8030,149190190,2018-10-15,0.89,0.636576829071551,35,88
8031,149190190,2018-11-06,0.87,0.6259384308664953,35,89
8032,152150220,2018-05-29,6.27,1.9837562915454279,26,29
8033,152150220,2018-10-11,0.79,0.5822156198526637,26,30
8034,152150220,2018-10-13,0.78,0.5766133643039938,26,31
8035,152150220,2018-10-31,0.66,0.5068176023684519,26,32
8036,149210100,2018-05-02,1.06,0.7227059828014898,38,33
8037,149210100,2018-05-05,1.17,0.7747271675523681,38,35
8038,149210100,2018-05-07,1.95,1.0818051703517284,38,32
8039,149210100,2018-05-12,28.5,3.3843902633457743,38,34
8040,149210100,2018-05-30,7.62,2.154085084675602,38,31
8041,149210100,2018-06-06,8.11,2.209372711271867,38,28
8042,149210100,2018-08-13,1.05,0.7178397931503169,38,27
8043,149210100,2018-08-20,0.78,0.5766133643039938,38,29
8044,149210100,2018-08-23,1.24,0.8064758658669485,38,30
8045,149210100,2018-08-28,1.75,1.0116009116784799,38,39
8046,149210100,2018-08-30,1.38,0.8671004876833832,38,36
8047,149210100,2018-09-19,13.6,2.681021528714291,38,37
8048,149210100,2018-10-09,0.62,0.4824261492442927,38,40
8049,149210100,2018-10-12,6.01,1.9473377010464987,38,38
8050,149210100,2018-10-14,2.05,1.11514159061932,38,26
8051,149210100,2018-10-17,2.52,1.2584609896100059,38,41
8052,150170010,2018-05-08,1.23,0.8020015854720274,20,96
8053,150170010,2018-05-13,1.7,0.9932517730102834,20,97
8054,150170010,2018-05-26,1.8,1.0296194171811583,20,93
8055,150170010,2018-06-07,0.96,0.6729444732424258,20,94
8056,150170010,2018-07-07,0.51,0.412109650826833,20,98
8057,150170010,2018-07-15,0.57,0.4510756193602167,20,100
8058,150170010,2018-07-20,0.72,0.5423242908253616,20,99
8059,150170010,2018-08-01,0.38,0.32208349916911333,20,107
8060,150170010,2018-08-09,0.34,0.29266961396282,20,95
8061,150170010,2018-08-29,0.86,0.6205764877251099,20,105
8062,150170010,2018-09-03,0.28,0.2468600779315258,20,106
8063,150170010,2018-09-20,0.74,0.5538851132264376,20,102
8064,150170010,2018-10-05,0.32,0.2776317365982795,20,103
8065,150170010,2018-10-10,0.25,0.22314355131420976,20,101
8066,150170010,2018-10-13,0.25,0.22314355131420976,20,104
8067,150170010,2018-10-15,0.24,0.2151113796169455,20,92
8068,151170050,2018-05-06,1.03,0.708035793053696,20,209
8069,151170050,2018-05-08,1.84,1.0438040521731147,20,202
8070,151170050,2018-05-13,1.41,0.8796267475025636,20,203
8071,151170050,2018-06-07,1.93,1.0750024230289759,20,199
8072,151170050,2018-07-07,0.59,0.46373401623214017,20,201
8073,151170050,2018-07-15,0.47,0.3852624007906449,20,205
8074,151170050,2018-07-20,0.89,0.636576829071551,20,200
8075,151170050,2018-08-01,0.45,0.37156355643248307,20,204
8076,151170050,2018-08-29,0.41,0.3435897043900769,20,207
8077,151170050,2018-09-03,0.31,0.27002713721306015,20,206
8078,151170050,2018-09-20,0.51,0.412109650826833,20,208
8079,151170050,2018-10-05,0.23,0.20701416938432615,20,210
8080,151170050,2018-10-13,0.17,0.15700374880966475,20,211
8081,151170050,2018-10-15,0.22,0.1988508587451652,20,198
8082,149180050,2018-05-13,0.25,0.22314355131420976,18,181
8083,149180050,2018-06-07,0.23,0.20701416938432615,18,180
8084,149180050,2018-09-10,0.21,0.1906203596086497,18,184
8085,149180050,2018-09-20,0.85,0.6151856390902335,18,183
8086,149180050,2018-10-05,0.2,0.18232155679395462,18,185
8087,149180050,2018-10-10,0.18,0.16551443847757338,18,182
8088,149180050,2018-10-15,0.18,0.16551443847757338,18,179
8089,154230040,2018-05-07,2.03,1.1085626195212777,52,232
8090,154230040,2018-05-10,1.87,1.0543120297715298,52,239
8091,154230040,2018-05-12,1.87,1.0543120297715298,52,235
8092,154230040,2018-05-30,2.01,1.1019400787607843,52,237
8093,154230040,2018-06-01,2.1,1.1314021114911006,52,234
8094,154230040,2018-06-04,2.5,1.252762968495368,52,236
8095,154230040,2018-06-09,3.14,1.420695787837223,52,230
8096,154230040,2018-07-09,1.85,1.0473189942805592,52,231
8097,154230040,2018-08-10,0.71,0.5364933705145685,52,233
8098,154230040,2018-08-20,0.68,0.5187937934151676,52,229
8099,154230040,2018-08-23,0.65,0.5007752879124893,52,228
8100,154230040,2018-10-12,0.94,0.6626879730752367,52,226
8101,154230040,2018-10-14,0.93,0.6575200029167942,52,227
8102,154230040,2018-10-17,0.92,0.6523251860396903,52,238
8103,152220030,2018-05-30,0.35,0.30010459245033805,47,243
8104,152220030,2018-06-04,1.53,0.9282193027394289,47,242
8105,152220030,2018-06-09,0.55,0.4382549309311553,47,241
8106,152220030,2018-06-29,0.22,0.1988508587451652,47,245
8107,152220030,2018-07-09,0.11,0.10436001532424277,47,247
8108,152220030,2018-07-24,0.14,0.1310282624064041,47,248
8109,152220030,2018-08-08,0.1,0.09531017980432487,47,240
8110,152220030,2018-08-23,0.19,0.173953307123438,47,244
8111,152220030,2018-09-12,0.16,0.14842000511827327,47,246
8112,152220030,2018-10-12,0.23,0.20701416938432615,47,239
8113,149200280,2018-05-10,72.8,4.301358731606427,36,117
8114,149200280,2018-08-13,50.9,3.949318790171843,36,118
8115,149200280,2018-08-23,31.2,3.4719664525503626,36,119
8116,149200280,2018-09-07,45.5,3.839452312593311,36,120
8117,149200280,2018-10-12,77.0,4.356708826689592,36,121
8118,151150010,2018-05-14,1.28,0.8241754429663495,23,145
8119,151150010,2018-07-03,0.26,0.23111172096338664,23,143
8120,151140060,2018-10-11,2.65,1.2947271675944,23,59
8121,151150010,2018-10-11,0.09,0.08617769624105233,23,140
8122,151140060,2018-10-13,2.49,1.2499017362143359,23,62
8123,151150010,2018-10-13,0.08,0.07696104113612832,23,144
8124,151140060,2018-10-16,2.49,1.2499017362143359,23,63
8125,151140060,2018-10-31,3.32,1.463255402256019,23,60
8126,151150010,2018-10-31,0.1,0.09531017980432487,23,141
8127,151140060,2018-11-17,2.55,1.2669476034873244,23,61
8128,151150010,2018-11-17,0.09,0.08617769624105233,23,142
8129,150220170,2018-05-12,2.43,1.2325602611778486,41,40
8130,150220170,2018-05-27,2.04,1.1118575154181303,41,38
8131,150220170,2018-05-30,2.46,1.2412685890696329,41,32
8132,150220170,2018-06-01,2.68,1.3029127521808397,41,33
8133,150220170,2018-06-06,3.12,1.415853163361435,41,34
8134,150220170,2018-06-21,1.79,1.0260415958332743,41,37
8135,150220170,2018-08-03,1.32,0.8415671856782186,41,36
8136,150220170,2018-08-08,1.21,0.7929925155296614,41,39
8137,150220170,2018-08-13,1.29,0.8285518175661483,41,35
8138,150220170,2018-08-20,1.23,0.8020015854720274,41,43
8139,150220170,2018-08-23,1.15,0.7654678421395714,41,42
8140,150220170,2018-09-02,1.11,0.7466879474879752,41,44
8141,150220170,2018-10-12,1.13,0.7561219797213337,41,29
8142,150220170,2018-10-14,0.95,0.6678293725756554,41,30
8143,150220170,2018-10-17,1.0,0.6931471805599453,41,41
8144,150220170,2018-11-08,0.93,0.6575200029167942,41,31
8145,149190090,2018-05-13,2.42,1.2296405510745139,34,214
8146,149190090,2018-07-04,0.19,0.173953307123438,34,222
8147,149190090,2018-08-03,0.83,0.6043159668533296,34,216
8148,149190090,2018-08-13,0.46,0.3784364357202451,34,215
8149,149190090,2018-08-21,0.58,0.4574248470388754,34,220
8150,149190090,2018-09-07,0.3,0.26236426446749106,34,225
8151,149190090,2018-09-10,0.27,0.23901690047049992,34,224
8152,149190090,2018-09-12,0.25,0.22314355131420976,34,217
8153,149190090,2018-09-20,7.9,2.186051276738094,34,218
8154,149190090,2018-09-30,0.37,0.31481073984003355,34,219
8155,149190090,2018-10-05,0.8,0.5877866649021191,34,221
8156,149190090,2018-10-12,0.81,0.5933268452777344,34,211
8157,149190090,2018-10-15,0.26,0.23111172096338664,34,212
8158,149190090,2018-11-06,0.7,0.5306282510621704,34,213
8159,149190090,2018-11-11,0.25,0.22314355131420976,34,223
8160,150200170,2018-05-10,88.9,4.498697941477575,36,124
8161,150200170,2018-08-03,43.4,3.793239469438179,36,123
8162,150200170,2018-08-13,52.9,3.9871304779149517,36,122
8163,150200170,2018-09-07,48.7,3.906004933102583,36,125
8164,150200170,2018-10-12,71.9,4.289088639014612,36,126
8165,151150070,2018-05-29,4.96,1.7850704810772584,23,28
8166,151150080,2018-05-29,28.2,3.374168709274236,22,81
8167,151150070,2018-07-03,1.98,1.091923300517313,23,33
8168,151150070,2018-08-07,1.15,0.7654678421395714,23,34
8169,151150070,2018-10-11,0.73,0.5481214085096876,23,29
8170,151150080,2018-10-11,8.67,2.269028309465203,22,82
8171,151150070,2018-10-13,0.75,0.5596157879354227,23,31
8172,151150080,2018-10-13,8.56,2.25758772706331,22,84
8173,151150070,2018-10-16,0.71,0.5364933705145685,23,32
8174,151150070,2018-10-31,0.73,0.5481214085096876,23,30
8175,151150080,2018-10-31,8.91,2.2935443483418965,22,83
8176,149210130,2018-05-07,9.37,2.3389170222414357,39,213
8177,149210130,2018-05-12,51.3,3.9569963710708773,39,214
8178,149210130,2018-05-27,21.3,3.104586678466073,39,216
8179,149210130,2018-05-30,20.3,3.0587070727153796,39,212
8180,149210130,2018-06-06,27.8,3.3603753871419,39,206
8181,149210130,2018-08-10,2.73,1.3164082336557241,39,209
8182,149210130,2018-08-13,6.43,2.005525858729668,39,211
8183,149210130,2018-08-20,3.74,1.556037135706985,39,210
8184,149210130,2018-08-23,5.42,1.8594181177018698,39,208
8185,149210130,2018-08-28,4.79,1.7561322915849038,39,218
8186,149210130,2018-08-30,6.03,1.9501867058225737,39,215
8187,149210130,2018-10-12,13.8,2.6946271807700692,39,207
8188,149210130,2018-10-14,6.17,1.969905654611529,39,204
8189,149210130,2018-10-17,16.1,2.8390784635086144,39,217
8190,149210130,2018-11-08,2.9,1.3609765531356006,39,205
8191,150160200,2018-05-13,4.61,1.724550719534605,19,247
8192,150160200,2018-06-07,4.35,1.6770965609079151,19,248
8193,150160200,2018-07-05,2.54,1.264126727145683,19,249
8194,150160200,2018-08-09,3.95,1.599387576580599,20,0
8195,150160200,2018-08-29,6.45,2.0082140323914683,20,4
8196,150160200,2018-09-20,4.46,1.6974487897568138,20,1
8197,150160200,2018-09-28,3.75,1.55814461804655,19,245
8198,150160200,2018-09-30,2.72,1.3137236682850553,20,2
8199,150160200,2018-10-05,2.01,1.1019400787607843,20,3
8200,150160200,2018-10-10,1.59,0.9516578757114464,20,5
8201,150160200,2018-10-13,1.52,0.924258901523332,20,6
8202,150160200,2018-10-15,1.48,0.9082585601768908,19,246
8203,153140100,2018-05-04,7.75,2.169053700369523,28,245
8204,153140100,2018-05-07,7.61,2.1529243184396396,28,248
8205,153140100,2018-05-09,7.61,2.1529243184396396,28,246
8206,153140100,2018-05-14,7.47,2.136530508663963,28,243
8207,153140100,2018-05-19,7.47,2.136530508663963,28,239
8208,153140100,2018-05-24,7.2,2.1041341542702074,28,242
8209,153140100,2018-05-29,7.2,2.1041341542702074,28,241
8210,153140100,2018-06-03,7.27,2.1126345090356,28,244
8211,153140100,2018-06-06,7.34,2.1210632163706555,28,237
8212,153140100,2018-06-08,7.27,2.1126345090356,28,236
8213,153140100,2018-07-16,5.37,1.851599469584072,28,233
8214,153140100,2018-07-23,4.28,1.66392609771817,28,232
8215,153140100,2018-07-26,3.99,1.6074359097634274,28,226
8216,153140100,2018-07-31,3.65,1.536867219599265,28,229
8217,153140100,2018-08-07,2.09,1.128171090909654,28,230
8218,153140100,2018-08-22,1.09,0.7371640659767197,28,227
8219,153140100,2018-09-09,0.73,0.5481214085096876,28,231
8220,153140100,2018-10-06,0.48,0.3920420877760237,28,235
8221,153140100,2018-10-11,0.48,0.3920420877760237,28,238
8222,153140100,2018-10-14,0.48,0.3920420877760237,28,228
8223,153140100,2018-10-16,0.44,0.36464311358790924,28,234
8224,153140100,2018-10-24,0.37,0.31481073984003355,28,240
8225,153140100,2018-10-31,0.32,0.2776317365982795,28,247
8226,152170090,2018-05-13,0.97,0.6780335427498971,27,34
8227,152170090,2018-06-07,0.87,0.6259384308664953,27,33
8228,152170090,2018-10-13,0.017,0.0168571170664229,27,35
8229,152170090,2018-10-15,0.014,0.013902905168991422,27,31
8230,152170090,2018-11-07,0.047,0.045928931888399804,27,32
8231,149210070,2018-10-12,7.58,2.149433913499871,37,239
8232,149210070,2018-10-14,1.78,1.0224509277025458,37,237
8233,149210070,2018-11-08,0.41,0.3435897043900769,37,238
8234,152200050,2018-05-05,13.2,2.653241964607215,48,213
8235,152200050,2018-05-08,22.4,3.152736022363656,48,215
8236,152200050,2018-05-10,23.0,3.1780538303479458,48,216
8237,152200050,2018-05-13,26.6,3.3178157727231046,48,214
8238,152200050,2018-05-30,32.9,3.5234150143864045,48,211
8239,152200050,2018-06-04,45.7,3.8437441646748516,48,209
8240,152200050,2018-06-07,35.6,3.6000482404073204,48,208
8241,152200050,2018-07-07,12.8,2.624668592163159,48,210
8242,152200050,2018-07-09,11.3,2.509599262378372,48,212
8243,152200050,2018-08-08,9.31,2.3331142980288684,48,207
8244,152200050,2018-10-12,9.4,2.341805806147327,48,217
8245,152200050,2018-11-06,8.4,2.2407096892759584,48,206
8246,149190100,2018-10-10,4.36,1.6789639750827106,34,161
8247,149190100,2018-10-12,11.7,2.5416019934645457,34,158
8248,149190100,2018-10-15,4.44,1.6937790608678513,34,159
8249,149190100,2018-11-06,15.2,2.785011242238338,34,160
