,station_id,date,flow,flow_log,chunk_id,id_in_chunk
0,150210180,2021-09-06,338.0,5.82600010738045,127,115
1,150210180,2021-10-31,663.0,6.498282149476434,127,113
2,150210180,2021-11-25,530.0,6.274762021241939,127,114
3,152170020,2021-11-01,0.05,0.04879016416943201,125,72
4,153190180,2021-09-07,1.05,0.7178397931503169,135,150
5,153190180,2021-09-09,1.06,0.7227059828014898,135,149
6,153190180,2021-09-27,0.89,0.636576829071551,135,147
7,153190180,2021-10-09,0.8,0.5877866649021191,135,151
8,153190180,2021-10-29,0.54,0.43178241642553783,135,152
9,153190180,2021-11-01,0.55,0.4382549309311553,135,148
10,150190310,2021-09-06,1.54,0.9321640810304452,129,69
11,150190310,2021-09-09,1.75,1.0116009116784799,129,64
12,150190310,2021-10-04,1.72,1.000631880307906,129,70
13,150190310,2021-10-09,6.03,1.9501867058225737,129,65
14,150190310,2021-10-29,1.93,1.0750024230289759,129,66
15,150190310,2021-10-31,15.2,2.785011242238338,129,67
16,150190310,2021-11-25,2.22,1.169381359556317,129,68
17,154220010,2021-09-09,2.01,1.1019400787607843,136,87
18,154220010,2021-09-11,1.93,1.0750024230289759,136,88
19,154220010,2021-09-26,1.43,0.8878912573524571,136,89
20,154220010,2021-09-29,1.39,0.8712933659434192,136,90
21,150150040,2021-09-05,0.76,0.5653138090500605,123,236
22,150150040,2021-10-10,1.31,0.8372475245337022,123,235
23,150160220,2021-08-13,12.6,2.6100697927420065,123,11
24,150160220,2021-08-15,11.2,2.501435951739211,123,12
25,150160220,2021-09-09,57.5,4.069026754237811,123,9
26,150160220,2021-10-09,9.65,2.365559892155434,123,10
27,150160220,2021-10-29,11.3,2.509599262378372,123,13
28,150160220,2021-11-01,32.4,3.5085558999826545,123,14
29,154150040,2021-09-05,15.3,2.791165107812717,126,71
30,154150040,2021-09-10,14.9,2.766319109226186,126,70
31,154150040,2021-10-10,10.8,2.468099531471619,126,72
32,154150040,2021-10-30,13.9,2.7013612129514133,126,73
33,153190040,2021-09-07,0.57,0.4510756193602167,136,26
34,153190040,2021-09-09,0.71,0.5364933705145685,136,25
35,153190040,2021-09-27,0.52,0.41871033485818504,136,23
36,153190040,2021-10-09,0.55,0.4382549309311553,136,27
37,153190040,2021-11-01,0.95,0.6678293725756554,136,24
38,153210070,2021-08-07,6.05,1.9530276168241771,134,57
39,153210070,2021-09-09,5.17,1.8196988379172965,134,58
40,153210070,2021-09-11,6.21,1.9754689512968577,134,56
41,153210070,2021-09-29,6.6,2.028148247292285,134,61
42,153210070,2021-10-09,9.49,2.3504224224082058,134,55
43,153210070,2021-10-29,6.68,2.038619547159581,134,59
44,153210070,2021-10-31,7.23,2.1077860146889784,134,60
45,151200120,2021-09-06,20.5,3.068052935133617,132,229
46,151200120,2021-09-09,20.0,3.044522437723423,132,228
47,153220280,2021-09-11,4.1,1.62924053973028,133,187
48,153220280,2021-09-26,3.07,1.4036429994545037,133,186
49,151200120,2021-10-09,38.1,3.66612246699132,132,224
50,151200120,2021-10-29,40.8,3.7328963395307104,132,225
51,151200120,2021-10-31,52.2,3.9740583963475986,132,230
52,153220280,2021-10-31,2.9,1.3609765531356006,133,185
53,151200120,2021-11-10,53.2,3.9926809084456005,132,226
54,151200120,2021-11-25,42.9,3.7819143200811256,132,227
55,150160250,2021-08-13,0.24,0.2151113796169455,123,92
56,150160250,2021-09-09,2.66,1.297463147413275,123,88
57,150160250,2021-10-09,0.11,0.10436001532424277,123,89
58,150160250,2021-10-29,0.17,0.15700374880966475,123,90
59,150160250,2021-11-01,1.03,0.708035793053696,123,91
60,154150050,2021-09-05,5.4,1.8562979903656263,126,67
61,154150050,2021-09-07,5.1,1.8082887711792655,126,68
62,154150050,2021-09-10,5.2,1.8245492920510458,126,66
63,154150050,2021-10-10,4.6,1.7227665977411035,126,69
64,154160020,2021-09-05,7.1,2.0918640616783932,126,81
65,154160020,2021-09-07,7.1,2.0918640616783932,126,82
66,154160020,2021-10-10,4.2,1.6486586255873816,126,83
67,154160020,2021-10-30,5.3,1.840549633397487,126,84
68,153170010,2021-09-05,5.06,1.801709800081223,125,122
69,153170010,2021-09-07,5.14,1.814824742159051,125,123
70,153170010,2021-10-10,4.1,1.62924053973028,125,124
71,153170010,2021-10-25,4.33,1.6733512381777533,125,125
72,153170010,2021-11-01,4.74,1.747459210331475,125,126
73,152230190,2021-09-03,0.48,0.3920420877760237,133,105
74,152230190,2021-09-08,1.02,0.7030975114131134,133,104
75,152230190,2021-09-26,0.41,0.3435897043900769,133,106
76,152230190,2021-10-08,0.92,0.6523251860396903,133,102
77,152230190,2021-10-31,0.61,0.4762341789963716,133,103
78,152190100,2021-08-15,1.38,0.8671004876833832,135,23
79,152190100,2021-09-04,1.19,0.7839015438284094,135,25
80,152190100,2021-09-09,1.46,0.9001613499442714,135,24
81,152190100,2021-10-09,8.32,2.2321626286975,135,21
82,152190100,2021-10-29,1.93,1.0750024230289759,135,22
83,150190140,2021-09-06,5.5,1.8718021769015913,127,40
84,150190140,2021-09-09,6.0,1.9459101490553132,127,41
85,150190140,2021-09-11,6.08,1.9572739077056285,127,45
86,150190140,2021-10-04,11.9,2.5572273113676265,127,46
87,150190140,2021-10-09,57.9,4.075841090657541,127,42
88,150190140,2021-10-29,12.4,2.5952547069568657,127,43
89,150190140,2021-10-31,69.7,4.258445572902527,127,44
90,150190050,2021-09-06,1.12,0.7514160886839212,128,14
91,150190050,2021-09-09,1.09,0.7371640659767197,128,15
92,150190050,2021-09-11,1.08,0.7323678937132266,128,19
93,150190050,2021-10-04,1.08,0.7323678937132266,128,20
94,150190050,2021-10-09,2.33,1.2029723039923526,128,16
95,150190050,2021-10-29,1.01,0.6981347220709844,128,17
96,150190050,2021-10-31,1.93,1.0750024230289759,128,18
97,150220110,2021-08-07,1.45,0.8960880245566356,131,189
98,150220110,2021-08-22,1.54,0.9321640810304452,131,188
99,150220110,2021-09-03,5.06,1.801709800081223,131,187
100,150220110,2021-10-08,1.55,0.9360933591703348,131,183
101,150220110,2021-10-31,3.34,1.4678743481123135,131,184
102,150220110,2021-11-10,1.57,0.9439058989071285,131,185
103,150220110,2021-11-25,1.65,0.9745596399981308,131,186
104,151220130,2021-08-07,1.15,0.7654678421395714,132,93
105,151220130,2021-08-12,1.18,0.7793248768009976,132,92
106,151220130,2021-08-22,1.01,0.6981347220709844,132,94
107,150200070,2021-09-06,2.27,1.184789984909162,129,155
108,150200070,2021-09-09,2.35,1.208960345836975,129,150
109,150200070,2021-10-04,3.0,1.3862943611198906,129,156
110,151220130,2021-10-08,0.99,0.688134638736401,132,88
111,150200070,2021-10-09,14.8,2.760009940032921,129,151
112,150200070,2021-10-29,5.66,1.8961194845522977,129,152
113,150200070,2021-10-31,11.3,2.509599262378372,129,153
114,151220130,2021-10-31,1.87,1.0543120297715298,132,89
115,151220130,2021-11-10,1.39,0.8712933659434192,132,90
116,150200070,2021-11-25,5.48,1.8687205103641835,129,154
117,151220130,2021-11-25,1.83,1.0402767116551463,132,91
118,152150100,2021-08-13,5.31,1.8421356765531218,125,98
119,152150100,2021-09-02,3.93,1.5953389880545987,125,99
120,152150100,2021-10-10,2.26,1.1817271953786161,125,97
121,150150130,2021-10-10,0.8,0.5877866649021191,123,193
122,153180050,2021-09-07,7.12,2.0943301541735866,135,202
123,153180050,2021-09-09,7.22,2.1065702090680887,135,201
124,153180050,2021-09-27,6.05,1.9530276168241771,135,199
125,153180050,2021-10-09,5.94,1.937301774518713,135,203
126,153180050,2021-10-29,5.99,1.9444805562457188,135,204
127,153180050,2021-11-01,7.24,2.1090003439213802,135,200
128,151190060,2021-09-09,3.25,1.4469189829363254,124,73
129,151190060,2021-10-09,9.73,2.373043556642607,124,74
130,151190060,2021-10-29,6.79,2.052840859882657,124,75
131,151190060,2021-11-03,21.6,3.1179499062782403,124,76
132,150200020,2021-09-06,0.35,0.30010459245033805,130,135
133,150200020,2021-09-09,0.37,0.31481073984003355,130,131
134,150200020,2021-10-04,0.45,0.37156355643248307,130,136
135,150200020,2021-10-09,2.11,1.1346227261911428,130,132
136,150200020,2021-10-29,1.11,0.7466879474879752,130,133
137,150200020,2021-10-31,2.1,1.1314021114911006,130,137
138,150200020,2021-11-25,1.4,0.8754687373538999,130,134
139,152230010,2021-09-03,0.73,0.5481214085096876,134,174
140,152230010,2021-09-08,1.03,0.708035793053696,134,173
141,152230010,2021-09-26,0.63,0.48858001481867097,134,175
142,152230010,2021-10-08,6.97,2.075684492802124,134,171
143,152230010,2021-10-31,1.18,0.7793248768009976,134,172
144,150140100,2021-08-13,0.1,0.09531017980432487,124,31
145,150140100,2021-09-05,0.1,0.09531017980432487,124,32
146,150140100,2021-10-10,0.21,0.1906203596086497,124,30
147,151170060,2021-09-09,0.16,0.14842000511827327,123,170
148,151170060,2021-10-09,0.11,0.10436001532424277,123,168
149,151170060,2021-10-29,0.44,0.36464311358790924,123,171
150,151170060,2021-11-01,0.74,0.5538851132264376,123,169
151,151170060,2021-11-03,0.8,0.5877866649021191,123,172
152,151160180,2021-08-13,1.69,0.9895411936137477,123,111
153,151160180,2021-11-01,6.24,1.979621206397625,123,112
154,151170110,2021-08-15,4.81,1.75958057086382,125,24
155,151170110,2021-09-02,3.18,1.430311246536665,125,21
156,151170110,2021-09-04,2.75,1.3217558399823195,125,22
157,151170110,2021-09-09,5.39,1.8547342683894434,125,20
158,151170110,2021-10-02,3.73,1.5539252025038417,125,23
159,151170110,2021-10-09,5.16,1.8180767775454285,125,18
160,151170110,2021-10-29,9.34,2.336019869080283,125,25
161,151170110,2021-11-01,14.3,2.72785282839839,125,19
162,150180040,2021-08-15,0.57,0.4510756193602167,122,99
163,150180040,2021-09-09,0.89,0.636576829071551,122,94
164,150180040,2021-10-02,1.22,0.7975071958841881,122,100
165,150180040,2021-10-09,1.27,0.8197798314933114,122,95
166,150180040,2021-10-29,0.66,0.5068176023684519,122,101
167,150180040,2021-11-01,2.49,1.2499017362143359,122,96
168,150180040,2021-11-06,0.67,0.5128236264286637,122,97
169,150180040,2021-11-11,0.56,0.44468582126144574,122,98
170,150190060,2021-09-06,3.31,1.4609379041156565,128,6
171,150190060,2021-09-09,4.0,1.6094379124341003,128,7
172,150190060,2021-09-11,3.66,1.5390154481375546,128,11
173,150190060,2021-10-01,3.49,1.501852701754163,128,13
174,150190060,2021-10-04,3.15,1.423108334242607,128,12
175,150190060,2021-10-09,6.02,1.9487632180377197,128,8
176,150190060,2021-10-29,3.78,1.5644405465033646,128,9
177,150190060,2021-10-31,9.4,2.341805806147327,128,10
178,154180070,2021-09-10,1.02,0.7030975114131134,126,230
179,154180070,2021-09-27,0.93,0.6575200029167942,126,232
180,154180070,2021-11-01,1.16,0.7701082216960736,126,231
181,152230110,2021-09-03,3.05,1.3987168811184478,133,50
182,152230110,2021-09-08,2.95,1.3737155789130306,133,51
183,152230110,2021-09-26,1.7,0.9932517730102834,133,52
184,152230110,2021-10-08,2.25,1.1786549963416462,133,48
185,152230110,2021-10-31,3.1,1.410986973710262,133,49
186,151220060,2021-08-07,1.53,0.9282193027394289,132,139
187,151220060,2021-08-09,1.36,0.8586616190375187,132,140
188,151220060,2021-09-03,1.17,0.7747271675523681,132,138
189,151220060,2021-10-08,1.64,0.9707789171582247,132,134
190,151220060,2021-10-31,3.19,1.4327007339340463,132,135
191,151220060,2021-11-10,2.71,1.3110318766193438,132,136
192,151220060,2021-11-25,3.42,1.4861396960896067,132,137
193,152200120,2021-08-07,7.09,2.0906287310704004,134,218
194,152200120,2021-09-06,5.23,1.8293763327993617,134,220
195,152200120,2021-09-09,5.34,1.8468787684491346,134,217
196,152200120,2021-10-01,10.7,2.4595888418037104,134,219
197,152200120,2021-10-09,19.6,3.0252910757955354,134,214
198,152200120,2021-10-29,17.2,2.9014215940827497,134,215
199,152200120,2021-11-10,13.9,2.7013612129514133,134,216
200,154200010,2021-09-07,3.44,1.4906543764441333,136,58
201,154200010,2021-09-09,3.45,1.4929040961781488,136,55
202,154200010,2021-09-27,0.9,0.6418538861723948,136,57
203,154200010,2021-11-01,4.69,1.7387102481382395,136,56
204,150160280,2021-08-13,0.74,0.5538851132264376,123,97
205,150160280,2021-09-09,5.33,1.8453002361560848,123,93
206,150160280,2021-10-09,0.46,0.3784364357202451,123,94
207,150160280,2021-10-29,0.36,0.3074846997479606,123,95
208,150160280,2021-11-01,2.16,1.1505720275988207,123,96
209,154170240,2021-09-05,0.07,0.06765864847381481,136,8
210,154170240,2021-09-07,0.09,0.08617769624105233,136,7
211,154180230,2021-09-07,0.63,0.48858001481867097,136,3
212,154170240,2021-09-10,0.1,0.09531017980432487,136,4
213,154170240,2021-09-27,0.07,0.06765864847381481,136,6
214,154180230,2021-09-27,0.65,0.5007752879124893,136,2
215,154170240,2021-11-01,0.1,0.09531017980432487,136,5
216,154180230,2021-11-01,0.67,0.5128236264286637,136,1
217,150200140,2021-09-06,0.68,0.5187937934151676,129,162
218,150200140,2021-09-09,0.49,0.3987761199573678,129,157
219,150200140,2021-10-04,1.5,0.9162907318741551,129,163
220,150200140,2021-10-09,3.79,1.5665304114228238,129,158
221,150200140,2021-10-29,2.61,1.2837077723447896,129,159
222,150200140,2021-10-31,31.2,3.4719664525503626,129,160
223,150200140,2021-11-25,2.79,1.332366019094335,129,161
224,153220320,2021-09-09,0.041,0.04018178963283183,133,206
225,153220320,2021-09-11,0.035,0.0344014267173324,133,209
226,153220320,2021-09-26,0.11,0.10436001532424277,133,210
227,153220320,2021-09-29,0.09,0.08617769624105233,133,211
228,153220320,2021-10-09,0.05,0.04879016416943201,133,207
229,153220320,2021-10-31,0.06,0.058268908123975775,133,208
230,153180030,2021-09-07,1.87,1.0543120297715298,135,239
231,153180030,2021-09-09,2.08,1.1249295969854831,135,237
232,153180030,2021-09-27,1.77,1.0188473201992472,135,235
233,153180030,2021-10-09,1.51,0.9202827531436926,135,238
234,153180030,2021-11-01,2.05,1.11514159061932,135,236
235,151210130,2021-09-06,1.71,0.9969486348916095,131,196
236,151210130,2021-10-31,5.91,1.9329696377795786,131,194
237,151210130,2021-11-25,2.28,1.1878434223960523,131,195
238,150170160,2021-08-15,2.74,1.3190856114264407,122,55
239,150170170,2021-08-15,2.24,1.1755733298042381,122,59
240,150170160,2021-09-09,3.43,1.4883995840570443,122,53
241,150170170,2021-09-09,2.15,1.1474024528375417,122,57
242,150170160,2021-10-09,3.11,1.4134230285081433,122,54
243,150170170,2021-10-09,2.46,1.2412685890696329,122,58
244,150170160,2021-10-29,2.38,1.2178757094949273,122,56
245,150170170,2021-10-29,1.96,1.085189268335969,122,60
246,152220070,2021-09-03,2.24,1.1755733298042381,134,178
247,152220070,2021-09-08,2.39,1.220829921392359,134,179
248,152220070,2021-09-26,1.44,0.8919980393051105,134,180
249,152220070,2021-10-08,11.6,2.533696813957432,134,176
250,152220070,2021-10-31,3.2,1.4350845252893227,134,177
251,153190050,2021-09-07,10.0,2.3978952727983707,135,121
252,153190050,2021-09-09,10.5,2.4423470353692043,135,122
253,153190050,2021-09-27,11.7,2.5416019934645457,135,119
254,153190050,2021-10-09,12.6,2.6100697927420065,135,123
255,153190050,2021-11-01,14.2,2.7212954278522306,135,120
256,151210040,2021-09-04,1.42,0.8837675401685949,131,221
257,151210040,2021-09-06,1.44,0.8919980393051105,131,222
258,151210040,2021-09-09,3.12,1.415853163361435,131,219
259,151210040,2021-10-09,15.0,2.772588722239781,131,216
260,151210040,2021-10-29,3.39,1.47932922708708,131,220
261,151210040,2021-10-31,15.3,2.791165107812717,131,217
262,151210040,2021-11-25,3.64,1.534714366238164,131,218
263,153180110,2021-09-07,5.59,1.8855533485144158,135,247
264,153180110,2021-09-09,8.0,2.1972245773362196,135,248
265,153180110,2021-09-27,5.03,1.7967470107390942,135,245
266,153180110,2021-11-01,6.44,2.0068708488450007,135,246
267,154220090,2021-09-09,0.56,0.44468582126144574,136,99
268,154220090,2021-09-11,0.52,0.41871033485818504,136,98
269,153190160,2021-09-09,1.99,1.095273387402595,134,210
270,153190160,2021-10-09,2.77,1.3270750014599193,134,208
271,153190160,2021-10-29,2.33,1.2029723039923526,134,209
272,150190010,2021-08-15,0.15,0.13976194237515868,128,81
273,150190010,2021-09-09,0.14,0.1310282624064041,128,78
274,150190010,2021-10-09,0.21,0.1906203596086497,128,79
275,150190010,2021-10-29,0.19,0.173953307123438,128,80
276,150200030,2021-09-06,4.74,1.747459210331475,130,123
277,150200030,2021-09-09,4.56,1.715598108262491,130,119
278,150200030,2021-10-09,29.6,3.4210000089583352,130,120
279,150200030,2021-10-29,12.0,2.5649493574615367,130,121
280,150210140,2021-09-06,1.56,0.9400072584914712,130,233
281,150210140,2021-10-31,15.7,2.8154087194227095,130,232
282,151160040,2021-08-13,0.63,0.48858001481867097,123,142
283,151160040,2021-09-05,0.28,0.2468600779315258,123,143
284,151160040,2021-10-10,1.49,0.9122827104766162,123,141
285,150150120,2021-09-05,0.63,0.48858001481867097,123,192
286,150150120,2021-10-10,0.48,0.3920420877760237,123,191
287,151180120,2021-08-15,15.1,2.7788192719904172,124,82
288,151180120,2021-09-04,11.6,2.533696813957432,124,84
289,151180120,2021-09-07,10.8,2.468099531471619,124,85
290,151180120,2021-09-09,11.2,2.501435951739211,124,83
291,151180120,2021-10-09,18.6,2.975529566236472,124,80
292,151180120,2021-10-29,14.7,2.7536607123542622,124,86
293,151180120,2021-11-01,20.0,3.044522437723423,124,81
294,153220100,2021-08-10,21.7,3.122364924487357,133,173
295,153220100,2021-09-09,14.3,2.72785282839839,133,172
296,153220100,2021-09-11,12.5,2.6026896854443837,133,171
297,153220100,2021-09-29,12.1,2.5726122302071057,133,174
298,153220100,2021-10-09,13.6,2.681021528714291,133,170
299,154210030,2021-09-09,2.61,1.2837077723447896,136,68
300,154210030,2021-09-11,8.05,2.2027647577118348,136,71
301,154210030,2021-09-26,1.9,1.0647107369924282,136,69
302,154210030,2021-09-29,1.64,0.9707789171582247,136,70
303,154210030,2021-10-31,3.26,1.449269160281279,136,72
304,150160150,2021-08-15,0.54,0.43178241642553783,123,35
305,150160170,2021-08-15,1.71,0.9969486348916095,123,4
306,150160150,2021-09-09,2.57,1.2725655957915476,123,33
307,150160170,2021-09-09,18.0,2.9444389791664403,123,2
308,150160150,2021-10-09,0.49,0.3987761199573678,123,34
309,150160170,2021-10-09,1.3,0.832909122935104,123,3
310,150160150,2021-10-29,0.58,0.4574248470388754,123,36
311,150160170,2021-10-29,1.07,0.7275486072772778,123,5
312,151200100,2021-09-06,0.49,0.3987761199573678,131,201
313,151200100,2021-09-09,0.4,0.33647223662121295,131,197
314,151200100,2021-10-04,0.48,0.3920420877760237,131,202
315,151200100,2021-10-09,1.97,1.0885619528146082,131,198
316,151200100,2021-10-29,1.22,0.7975071958841881,131,199
317,151200100,2021-11-25,1.4,0.8754687373538999,131,200
318,154170110,2021-09-05,6.63,2.0320878452963655,126,206
319,154170110,2021-09-07,7.03,2.0831845279586703,126,205
320,154170110,2021-09-10,6.98,2.0769384114617173,126,204
321,154170110,2021-09-27,5.45,1.864080130807681,126,207
322,154170110,2021-10-25,6.68,2.038619547159581,126,208
323,154170110,2021-11-01,9.93,2.391511302188447,126,209
324,149180020,2021-09-09,17.3,2.9069010598473755,122,0
325,149180020,2021-10-09,38.2,3.6686767467964168,122,1
326,149180020,2021-10-29,23.8,3.2108436531709366,122,2
327,154160140,2021-09-05,9.76,2.3758355547336385,126,147
328,154160140,2021-09-07,12.0,2.5649493574615367,126,148
329,154160140,2021-09-27,9.46,2.347558458636777,126,150
330,154160140,2021-10-10,9.3,2.33214389523559,126,149
331,154160140,2021-10-25,10.0,2.3978952727983707,126,151
332,150220140,2021-09-06,1.67,0.9820784724121581,131,117
333,150220140,2021-10-08,1.27,0.8197798314933114,131,114
334,150220140,2021-10-31,1.7,0.9932517730102834,131,115
335,150220140,2021-11-10,1.48,0.9082585601768908,131,116
336,153220110,2021-08-10,0.98,0.6830968447064438,133,195
337,153220110,2021-09-09,0.36,0.3074846997479606,133,197
338,153220110,2021-09-11,0.45,0.37156355643248307,133,196
339,153220110,2021-09-29,0.84,0.6097655716208943,133,198
340,153220110,2021-10-09,0.78,0.5766133643039938,133,194
341,153180080,2021-09-07,623.0,6.436150368369428,127,192
342,153180080,2021-09-09,761.0,6.635946555686647,127,193
343,153180080,2021-09-27,716.0,6.57507584059962,127,191
344,153180080,2021-10-09,690.0,6.53813982376767,127,194
345,153180080,2021-11-01,1100.0,7.00397413672268,127,190
346,152150230,2021-08-13,0.8,0.5877866649021191,126,5
347,152150230,2021-09-02,0.79,0.5822156198526637,126,6
348,152150230,2021-10-10,0.59,0.46373401623214017,126,4
349,153179996,2021-09-05,1.15,0.7654678421395714,135,181
350,153179996,2021-09-07,1.17,0.7747271675523681,135,182
351,153179996,2021-09-10,1.12,0.7514160886839212,135,184
352,153179996,2021-10-10,0.75,0.5596157879354227,135,180
353,153179996,2021-11-01,1.01,0.6981347220709844,135,183
354,151150180,2021-08-13,0.53,0.4252677354043441,123,151
355,151150180,2021-09-05,0.52,0.41871033485818504,123,152
356,151150180,2021-10-10,0.77,0.5709795465857378,123,150
357,152230030,2021-09-03,0.59,0.46373401623214017,133,119
358,152230030,2021-09-08,0.79,0.5822156198526637,133,120
359,152230030,2021-09-26,0.35,0.30010459245033805,133,121
360,152230030,2021-10-08,2.38,1.2178757094949273,133,117
361,152230030,2021-10-31,1.29,0.8285518175661483,133,118
362,153170050,2021-09-05,3.93,1.5953389880545987,135,166
363,153170050,2021-09-07,3.88,1.5851452198650557,135,167
364,153170050,2021-09-10,3.96,1.601405740736836,135,164
365,153170050,2021-10-10,4.46,1.6974487897568138,135,165
366,153170050,2021-10-25,4.89,1.7732559976634952,135,168
367,154160130,2021-09-05,2.63,1.2892326482767593,126,113
368,154160130,2021-09-27,2.34,1.205970806988609,126,114
369,154160130,2021-10-10,2.38,1.2178757094949273,126,115
370,154160130,2021-10-25,2.3,1.1939224684724346,126,116
371,154160130,2021-11-01,2.56,1.269760544863939,126,117
372,149180060,2021-09-09,1.46,0.9001613499442714,122,70
373,149180070,2021-09-09,0.24,0.2151113796169455,122,75
374,149180060,2021-10-04,3.1,1.410986973710262,122,73
375,149180070,2021-10-04,0.26,0.23111172096338664,122,78
376,149180060,2021-10-09,10.4,2.4336133554004498,122,71
377,149180070,2021-10-09,0.27,0.23901690047049992,122,76
378,149180060,2021-10-29,7.11,2.093097868127322,122,72
379,149180070,2021-10-29,0.11,0.10436001532424277,122,77
380,149180060,2021-11-03,24.7,3.246490991901174,122,74
381,149180070,2021-11-03,0.18,0.16551443847757338,122,79
382,149190080,2021-08-15,2.42,1.2296405510745139,128,146
383,149190080,2021-09-06,1.47,0.9042181506398859,128,140
384,149190080,2021-09-09,1.35,0.8544153281560676,128,141
385,149190080,2021-09-11,1.3,0.832909122935104,128,145
386,149190080,2021-10-04,3.2,1.4350845252893227,128,147
387,149190080,2021-10-09,9.15,2.3174737054877963,128,142
388,149190080,2021-10-29,7.34,2.1210632163706555,128,143
389,149190080,2021-10-31,61.7,4.138361447638875,128,144
390,149200330,2021-09-06,2.5,1.252762968495368,130,107
391,149200330,2021-10-31,54.5,4.0163830207523885,130,105
392,149200330,2021-11-25,8.0,2.1972245773362196,130,106
393,152150130,2021-08-13,133.0,4.897839799950911,122,33
394,152150130,2021-09-02,103.0,4.6443908991413725,122,34
395,152150130,2021-09-10,86.1,4.467056883858457,122,31
396,152150130,2021-10-10,261.0,5.568344503761097,122,32
397,149220080,2021-08-19,0.37,0.31481073984003355,131,66
398,149220080,2021-09-06,0.32,0.2776317365982795,131,65
399,149220080,2021-10-08,0.56,0.44468582126144574,131,63
400,149220080,2021-10-28,0.61,0.4762341789963716,131,67
401,149220080,2021-10-31,2.75,1.3217558399823195,131,64
402,154160080,2021-09-05,1.06,0.7227059828014898,126,77
403,154160080,2021-09-07,0.93,0.6575200029167942,126,76
404,154160080,2021-09-10,0.86,0.6205764877251099,126,74
405,154160080,2021-10-10,0.91,0.6471032420585385,126,75
406,154160080,2021-10-25,1.33,0.8458682675776092,126,78
407,154160080,2021-10-30,1.59,0.9516578757114464,126,79
408,154160080,2021-11-01,1.5,0.9162907318741551,126,80
409,151210070,2021-08-07,1.01,0.6981347220709844,132,189
410,151210070,2021-09-04,1.41,0.8796267475025636,132,188
411,151210070,2021-09-09,0.86,0.6205764877251099,132,187
412,151210070,2021-09-29,0.76,0.5653138090500605,132,190
413,151210070,2021-10-09,4.25,1.6582280766035324,132,182
414,151210070,2021-10-14,3.15,1.423108334242607,132,191
415,151210070,2021-10-29,3.75,1.55814461804655,132,183
416,151210070,2021-10-31,4.59,1.7209792871670078,132,184
417,151210070,2021-11-10,1.5,0.9162907318741551,132,185
418,151210070,2021-11-25,2.74,1.3190856114264407,132,186
419,153220090,2021-09-11,0.82,0.598836501088704,133,244
420,153220090,2021-09-29,0.59,0.46373401623214017,133,246
421,153220090,2021-10-29,0.81,0.5933268452777344,133,245
422,149190120,2021-09-06,2.02,1.1052568313867783,128,156
423,149190120,2021-09-09,1.93,1.0750024230289759,128,157
424,149190120,2021-09-11,2.01,1.1019400787607843,128,161
425,149190120,2021-10-04,2.05,1.11514159061932,128,162
426,149190120,2021-10-09,60.4,4.117409835153096,128,158
427,149190120,2021-10-29,13.3,2.6602595372658615,128,159
428,149190120,2021-10-31,113.0,4.736198448394496,128,160
429,153220310,2021-09-09,0.36,0.3074846997479606,133,238
430,153220310,2021-09-11,0.31,0.27002713721306015,133,242
431,153220310,2021-09-29,0.5,0.4054651081081644,133,241
432,153220310,2021-10-09,0.55,0.4382549309311553,133,239
433,153220310,2021-10-31,0.74,0.5538851132264376,133,240
434,153180010,2021-09-07,4.31,1.6695918352538475,135,197
435,153180010,2021-09-27,4.19,1.6467336971777973,135,195
436,153180010,2021-10-09,4.31,1.6695918352538475,135,198
437,153180010,2021-11-01,3.81,1.5706970841176697,135,196
438,153160260,2021-09-05,1.31,0.8372475245337022,125,200
439,153160260,2021-09-07,1.25,0.8109302162163288,125,201
440,153160260,2021-09-10,1.33,0.8458682675776092,125,198
441,153160260,2021-10-10,1.08,0.7323678937132266,125,199
442,153160260,2021-10-25,1.0,0.6931471805599453,125,202
443,152210100,2021-08-07,0.68,0.5187937934151676,134,70
444,152210100,2021-09-09,1.17,0.7747271675523681,134,68
445,152210100,2021-09-11,0.99,0.688134638736401,134,69
446,152210100,2021-09-29,0.59,0.46373401623214017,134,71
447,152210100,2021-10-09,1.26,0.8153648132841945,134,67
448,152210100,2021-10-29,1.0,0.6931471805599453,134,73
449,152210100,2021-10-31,1.08,0.7323678937132266,134,72
450,149200230,2021-09-06,44.2,3.8110970868381857,129,223
451,149200230,2021-10-31,592.0,6.385194398997726,129,221
452,149200230,2021-11-25,59.9,4.109233174715851,129,222
453,149190010,2021-08-15,0.78,0.5766133643039938,127,237
454,149190010,2021-09-06,0.68,0.5187937934151676,127,230
455,149190010,2021-09-09,0.62,0.4824261492442927,127,231
456,149190010,2021-09-11,0.66,0.5068176023684519,127,235
457,149190010,2021-10-04,0.84,0.6097655716208943,127,236
458,149190010,2021-10-09,3.94,1.597365331199831,127,232
459,149190010,2021-10-29,4.68,1.7369512327330598,127,233
460,149190010,2021-10-31,24.2,3.2268439945173775,127,234
461,149180250,2021-08-15,0.82,0.598836501088704,127,214
462,149180250,2021-09-06,0.53,0.4252677354043441,127,209
463,149180250,2021-09-09,0.41,0.3435897043900769,127,210
464,149180250,2021-10-04,1.41,0.8796267475025636,127,215
465,149180250,2021-10-09,5.73,1.9065751436566365,127,211
466,149180250,2021-10-29,3.51,1.5062971535145868,127,212
467,149180250,2021-10-31,27.5,3.349904087274605,127,213
468,151210090,2021-09-06,4.75,1.749199854809259,131,228
469,151210090,2021-10-31,19.1,3.0007198150650303,131,226
470,151210090,2021-11-25,9.65,2.365559892155434,131,227
471,149190230,2021-09-06,20.8,3.0819099697950434,127,64
472,149190230,2021-09-09,22.3,3.148453360571655,127,65
473,149190230,2021-10-01,26.4,3.3105430133940246,127,71
474,149190230,2021-10-04,31.8,3.4904285153900982,127,70
475,149190230,2021-10-09,195.0,5.278114659230518,127,66
476,149190230,2021-10-29,51.6,3.9627161197436642,127,67
477,149190230,2021-10-31,288.0,5.666426688112432,127,68
478,149190230,2021-11-25,66.8,4.216562194946349,127,69
479,154230030,2021-09-11,2.24,1.1755733298042381,136,101
480,154230030,2021-09-26,1.83,1.0402767116551463,136,102
481,154230030,2021-10-31,2.36,1.2119409739751128,136,100
482,150200160,2021-09-06,0.4,0.33647223662121295,130,142
483,150200160,2021-09-09,0.39,0.3293037471426004,130,138
484,150200160,2021-10-04,1.09,0.7371640659767197,130,143
485,150200160,2021-10-09,1.21,0.7929925155296614,130,139
486,150200160,2021-11-25,0.82,0.598836501088704,130,141
487,152180150,2021-08-13,4.33,1.6733512381777533,124,212
488,152180150,2021-08-15,5.44,1.8625285401162623,124,207
489,152180150,2021-09-04,2.61,1.2837077723447896,124,209
490,152180150,2021-09-07,2.42,1.2296405510745139,124,210
491,152180150,2021-09-09,3.37,1.4747630091074988,124,208
492,152180150,2021-10-02,2.96,1.3762440252663892,124,211
493,152180150,2021-10-09,5.38,1.8531680973566984,124,205
494,152180150,2021-10-29,5.62,1.890095369948917,124,213
495,152180150,2021-11-01,6.83,2.057962510002712,124,206
496,151150140,2021-08-13,9.85,2.3841650799864684,123,205
497,151150140,2021-09-05,9.03,2.305580601973844,123,204
498,151150140,2021-10-10,18.8,2.9856819377004897,123,203
499,151210120,2021-08-07,392.0,5.973809611869261,127,122
500,151210120,2021-10-31,541.0,6.295266001439646,127,119
501,151210120,2021-11-10,707.0,6.56244409369372,127,120
502,151210120,2021-11-25,703.0,6.556778356158042,127,121
503,153220260,2021-09-11,3.47,1.4973884086254774,133,163
504,153220260,2021-09-26,3.15,1.423108334242607,133,164
505,153220260,2021-10-31,2.97,1.3787660946990992,133,162
506,149200090,2021-09-06,3.55,1.515127232962859,129,114
507,149200090,2021-09-09,3.55,1.515127232962859,129,109
508,149200090,2021-10-04,10.1,2.4069451083182885,129,113
509,149200090,2021-10-09,18.3,2.9601050959108397,129,110
510,149200090,2021-10-29,10.0,2.3978952727983707,129,111
511,149200090,2021-10-31,101.0,4.624972813284271,129,112
512,149200090,2021-11-25,9.49,2.3504224224082058,129,108
513,150200110,2021-09-06,1.55,0.9360933591703348,129,169
514,150200110,2021-09-09,1.57,0.9439058989071285,129,164
515,150200110,2021-10-04,2.74,1.3190856114264407,129,170
516,150200110,2021-10-09,16.1,2.8390784635086144,129,165
517,150200110,2021-10-29,7.74,2.167910189667444,129,166
518,150200110,2021-10-31,10.4,2.4336133554004498,129,167
519,150200110,2021-11-25,4.72,1.7439688053917064,129,168
520,150170220,2021-08-15,0.44,0.36464311358790924,122,208
521,150170220,2021-09-07,0.36,0.3074846997479606,122,209
522,150170220,2021-09-09,0.43,0.3576744442718159,122,203
523,150170220,2021-10-02,0.35,0.30010459245033805,122,211
524,150170220,2021-10-04,0.35,0.30010459245033805,122,210
525,150170220,2021-10-09,0.73,0.5481214085096876,122,204
526,150170220,2021-10-29,0.3,0.26236426446749106,122,212
527,150170220,2021-11-01,0.61,0.4762341789963716,122,205
528,150170220,2021-11-06,0.55,0.4382549309311553,122,206
529,150170220,2021-11-11,0.43,0.3576744442718159,122,207
530,153210220,2021-09-09,11.9,2.5572273113676265,134,5
531,153210220,2021-09-11,12.3,2.5877640352277083,134,6
532,153210220,2021-09-29,12.8,2.624668592163159,134,7
533,153210220,2021-10-09,13.6,2.681021528714291,134,4
534,153210220,2021-10-29,13.2,2.653241964607215,134,8
535,152140100,2021-09-10,1.22,0.7975071958841881,126,9
536,152140100,2021-10-10,0.29,0.2546422183735807,126,10
537,152140100,2021-10-30,0.42,0.35065687161316933,126,11
538,151230060,2021-08-07,36.7,3.629660094453965,134,97
539,151230060,2021-08-22,35.6,3.6000482404073204,134,99
540,151230060,2021-09-03,28.0,3.367295829986474,134,98
541,151230060,2021-10-08,16.1,2.8390784635086144,134,93
542,151230060,2021-10-31,21.4,3.109060958860994,134,94
543,151230060,2021-11-10,23.1,3.1822118404966093,134,95
544,151230060,2021-11-25,27.2,3.339321977944068,134,96
545,152150240,2021-08-13,13.0,2.639057329615259,125,244
546,152150240,2021-09-02,11.8,2.5494451709255714,125,245
547,152150240,2021-10-10,9.49,2.3504224224082058,125,243
548,153150100,2021-08-13,4.88,1.7715567619105355,125,242
549,153150100,2021-09-05,5.01,1.7934247485471162,125,241
550,153150100,2021-10-10,2.8,1.33500106673234,125,240
551,153150120,2021-09-05,1.54,0.9321640810304452,125,239
552,153150120,2021-09-07,1.48,0.9082585601768908,125,237
553,153150120,2021-09-10,1.58,0.9477893989335261,125,236
554,153150120,2021-10-10,1.12,0.7514160886839212,125,238
555,153150070,2021-09-05,0.11,0.10436001532424277,126,54
556,153150070,2021-09-10,0.27,0.23901690047049992,126,53
557,153150070,2021-10-10,0.11,0.10436001532424277,126,55
558,151160050,2021-08-13,2.51,1.2556160374777745,123,131
559,151160050,2021-09-05,1.26,0.8153648132841945,123,130
560,151160050,2021-10-10,1.73,1.0043016091968684,123,129
561,149220150,2021-08-14,3.42,1.4861396960896067,130,246
562,149220150,2021-09-06,2.19,1.1600209167967532,130,245
563,149220150,2021-09-08,1.62,0.9631743177730056,130,248
564,149220150,2021-10-03,2.67,1.3001916620664788,130,247
565,149220150,2021-10-08,3.11,1.4134230285081433,130,242
566,149220150,2021-10-31,21.0,3.091042453358316,130,243
567,149220150,2021-11-10,2.63,1.2892326482767593,130,249
568,149220150,2021-11-12,2.24,1.1755733298042381,130,244
569,149220040,2021-09-06,20.2,3.054001181677967,131,19
570,149220040,2021-09-08,28.4,3.380994674344636,131,18
571,149220040,2021-10-08,13.8,2.6946271807700692,131,16
572,149220040,2021-10-31,41.5,3.7495040759303713,131,17
573,151180130,2021-09-09,9.95,2.3933394562625097,124,77
574,151180130,2021-10-09,19.2,3.005682604407159,124,78
575,151180130,2021-10-29,12.8,2.624668592163159,124,79
576,153190100,2021-08-13,1.66,0.9783261227936076,135,134
577,153190100,2021-09-07,0.86,0.6205764877251099,135,135
578,153190100,2021-09-09,0.84,0.6097655716208943,135,133
579,153190100,2021-09-27,0.69,0.5247285289349821,135,131
580,153190100,2021-10-09,0.73,0.5481214085096876,135,136
581,153190100,2021-11-01,0.76,0.5653138090500605,135,132
582,150160140,2021-11-01,1.71,0.9969486348916095,123,107
583,153180140,2021-08-13,16.8,2.8791984572980396,135,127
584,153180140,2021-09-07,13.3,2.6602595372658615,135,128
585,153180140,2021-09-09,13.9,2.7013612129514133,135,126
586,153180140,2021-09-27,17.1,2.89591193827178,135,129
587,153180140,2021-09-29,16.4,2.856470206220483,135,130
588,153180140,2021-10-09,17.1,2.89591193827178,135,124
589,153180140,2021-11-01,18.2,2.9549102790337356,135,125
590,153220060,2021-08-10,3.35,1.4701758451005928,133,222
591,153220060,2021-09-11,1.58,0.9477893989335261,133,223
592,153220060,2021-10-09,1.49,0.9122827104766162,133,221
593,153230010,2021-09-03,11.8,2.5494451709255714,133,142
594,153230010,2021-09-08,13.5,2.6741486494265287,133,140
595,153230010,2021-09-11,13.7,2.6878474937846906,133,141
596,153230010,2021-09-26,6.36,1.9960599327407849,133,143
597,153230010,2021-10-08,12.8,2.624668592163159,133,138
598,153230010,2021-10-31,10.4,2.4336133554004498,133,139
599,153180020,2021-08-13,693.0,6.542471960506805,127,188
600,153180020,2021-09-07,627.0,6.4425401664681985,127,189
601,153180020,2021-09-09,757.0,6.630683385642372,127,187
602,153180020,2021-09-27,698.0,6.54965074223381,127,185
603,153180020,2021-10-09,676.0,6.517671272912275,127,184
604,153180020,2021-11-01,1060.0,6.966967138613983,127,186
605,152220050,2021-08-07,89.3,4.5031374604229395,134,117
606,152220050,2021-09-03,63.8,4.1713056033582285,134,116
607,152220050,2021-09-11,72.3,4.294560608892605,134,118
608,152220050,2021-10-08,67.0,4.219507705176107,134,114
609,152220050,2021-10-31,80.7,4.403054001865957,134,115
610,154170070,2021-09-07,5.74,1.9080599249242156,126,140
611,154170070,2021-09-27,5.18,1.8213182714695995,126,138
612,154170070,2021-10-10,4.5,1.7047480922384253,126,139
613,154170070,2021-10-25,4.7,1.7404661748405044,126,141
614,152180010,2021-09-04,0.036,0.035367143837291316,125,155
615,152180010,2021-09-07,0.032,0.03149866705937099,125,156
616,152180010,2021-09-09,0.039,0.03825871211709034,125,154
617,152180010,2021-09-27,0.005,0.004987541511039074,125,157
618,152180010,2021-09-29,0.002,0.001998002662673056,125,158
619,152180010,2021-10-09,0.004,0.003992021269537453,125,152
620,152180010,2021-11-01,0.014,0.013902905168991422,125,153
621,151190070,2021-08-15,1.65,0.9745596399981308,135,19
622,151190070,2021-09-04,0.9,0.6418538861723948,135,18
623,151190070,2021-09-09,1.23,0.8020015854720274,135,17
624,151190070,2021-10-09,1.6,0.9555114450274365,135,16
625,151190070,2021-10-29,1.73,1.0043016091968684,135,20
626,150180220,2021-09-09,3.21,1.43746264769429,122,152
627,150180220,2021-10-04,3.13,1.4182774069729414,122,155
628,150180220,2021-10-09,5.39,1.8547342683894434,122,153
629,150180220,2021-10-29,4.17,1.6428726885203377,122,154
630,150180220,2021-11-03,8.49,2.2502386126218363,122,156
631,151160060,2021-08-13,124.0,4.8283137373023015,122,27
632,151160060,2021-09-02,89.7,4.507557357121091,122,26
633,151160060,2021-10-10,191.0,5.2574953720277815,122,25
634,150210110,2021-09-06,0.46,0.3784364357202451,130,231
635,150210110,2021-10-31,18.8,2.9856819377004897,130,230
636,150170070,2021-08-15,4.33,1.6733512381777533,123,54
637,150170070,2021-09-09,7.7,2.1633230256605382,123,52
638,150170070,2021-10-09,5.26,1.8341801851120072,123,53
639,150170070,2021-10-29,4.5,1.7047480922384253,123,55
640,153150150,2021-08-13,0.39,0.3293037471426004,126,0
641,153150150,2021-09-02,0.32,0.2776317365982795,125,249
642,153150150,2021-10-10,0.24,0.2151113796169455,125,248
643,152160150,2021-09-02,0.36,0.3074846997479606,125,70
644,152160150,2021-09-07,0.22,0.1988508587451652,125,71
645,152160150,2021-11-01,0.42,0.35065687161316933,125,69
646,150160290,2021-08-13,0.4,0.33647223662121295,123,109
647,150160290,2021-11-01,0.96,0.6729444732424258,123,110
648,149180240,2021-08-15,1.2,0.7884573603642702,127,30
649,149180240,2021-09-09,0.95,0.6678293725756554,127,27
650,149180240,2021-10-04,1.54,0.9321640810304452,127,31
651,149180240,2021-10-09,26.3,3.306886702190914,127,28
652,149180240,2021-10-29,4.28,1.66392609771817,127,29
653,149210120,2021-09-06,1.6,0.9555114450274365,131,160
654,149210120,2021-09-08,0.97,0.6780335427498971,131,161
655,149210120,2021-10-08,0.71,0.5364933705145685,131,158
656,149210120,2021-10-31,9.54,2.355177543113216,131,159
657,153150090,2021-09-05,0.87,0.6259384308664953,126,32
658,153150090,2021-09-07,0.85,0.6151856390902335,126,33
659,153150090,2021-09-10,0.9,0.6418538861723948,126,31
660,153150090,2021-10-10,0.61,0.4762341789963716,126,34
661,150190270,2021-09-06,0.66,0.5068176023684519,128,100
662,150190270,2021-09-09,0.77,0.5709795465857378,128,101
663,150190270,2021-09-11,0.91,0.6471032420585385,128,105
664,150190270,2021-10-01,0.87,0.6259384308664953,128,107
665,150190270,2021-10-04,0.7,0.5306282510621704,128,106
666,150190270,2021-10-09,1.45,0.8960880245566356,128,102
667,150190270,2021-10-29,0.73,0.5481214085096876,128,103
668,150190270,2021-10-31,4.7,1.7404661748405044,128,104
669,150190270,2021-11-03,2.7,1.308332819650179,128,108
670,153140090,2021-09-08,6.01,1.9473377010464987,126,23
671,153140090,2021-10-10,3.17,1.4279160358107101,126,20
672,153140090,2021-10-28,2.72,1.3137236682850553,126,21
673,153140090,2021-10-30,2.94,1.3711807233098425,126,22
674,154220110,2021-09-09,0.97,0.6780335427498971,136,85
675,154220110,2021-09-29,0.63,0.48858001481867097,136,86
676,149180040,2021-08-15,0.61,0.4762341789963716,122,92
677,149200190,2021-09-06,26.4,3.3105430133940246,129,215
678,149180040,2021-09-09,0.48,0.3920420877760237,122,89
679,149200190,2021-09-26,31.2,3.4719664525503626,129,216
680,149180040,2021-10-04,0.82,0.598836501088704,122,93
681,149180040,2021-10-09,1.48,0.9082585601768908,122,90
682,149180040,2021-10-29,0.57,0.4510756193602167,122,91
683,149200190,2021-10-31,349.0,5.857933154483459,129,214
684,154180060,2021-09-07,2.48,1.247032293786383,136,10
685,154180060,2021-09-27,4.87,1.769854633840005,136,11
686,154180060,2021-11-01,2.01,1.1019400787607843,136,9
687,149210020,2021-09-06,0.42,0.35065687161316933,130,220
688,149210020,2021-10-31,8.88,2.2905125117597764,130,219
689,150220060,2021-09-06,1.64,0.9707789171582247,131,165
690,150220060,2021-09-08,1.03,0.708035793053696,131,166
691,150220060,2021-10-08,0.8,0.5877866649021191,131,162
692,150220060,2021-10-31,8.69,2.2710944259026746,131,163
693,150220060,2021-11-10,1.01,0.6981347220709844,131,164
694,152180020,2021-09-04,0.07,0.06765864847381481,125,162
695,152180020,2021-09-07,0.08,0.07696104113612832,125,163
696,152180020,2021-09-09,0.08,0.07696104113612832,125,161
697,152180020,2021-09-27,0.1,0.09531017980432487,125,164
698,152180020,2021-09-29,0.1,0.09531017980432487,125,165
699,152180020,2021-10-09,0.18,0.16551443847757338,125,159
700,152180020,2021-11-01,0.15,0.13976194237515868,125,160
701,151180070,2021-08-13,0.31,0.27002713721306015,124,249
702,151180070,2021-08-15,0.27,0.23901690047049992,125,0
703,151180070,2021-09-07,0.24,0.2151113796169455,125,3
704,151180070,2021-09-09,0.47,0.3852624007906449,124,246
705,151180070,2021-10-02,0.27,0.23901690047049992,125,1
706,151180070,2021-10-09,0.32,0.2776317365982795,124,247
707,151180070,2021-10-29,0.37,0.31481073984003355,125,2
708,151180070,2021-11-01,1.47,0.9042181506398859,124,248
709,152150040,2021-08-13,127.0,4.852030263919617,124,147
710,152150040,2021-09-02,88.4,4.493120682179469,124,148
711,152150040,2021-10-10,71.3,4.280824129164719,124,146
712,152150140,2021-08-13,44.9,3.8264651170664994,125,150
713,152150140,2021-09-02,33.5,3.5409593240373143,125,151
714,152150140,2021-10-10,28.6,3.3877743613300146,125,149
715,152140020,2021-09-03,301.0,5.71042701737487,122,48
716,152140020,2021-09-08,261.0,5.568344503761097,122,51
717,152140020,2021-09-10,270.0,5.602118820879701,122,49
718,152140020,2021-10-08,235.0,5.4638318050256105,122,52
719,152140020,2021-10-10,256.0,5.54907608489522,122,50
720,150230070,2021-09-03,2.72,1.3137236682850553,134,131
721,150230070,2021-10-08,0.88,0.6312717768418579,134,130
722,149180120,2021-09-09,0.4,0.33647223662121295,127,205
723,149180120,2021-10-04,0.58,0.4574248470388754,127,208
724,149180120,2021-10-09,1.53,0.9282193027394289,127,206
725,149180120,2021-10-29,1.19,0.7839015438284094,127,207
726,151180180,2021-08-15,1.28,0.8241754429663495,124,187
727,151180180,2021-09-04,1.16,0.7701082216960736,124,189
728,151180180,2021-09-09,0.93,0.6575200029167942,124,188
729,151180180,2021-10-09,2.48,1.247032293786383,124,186
730,151180180,2021-10-29,2.66,1.297463147413275,124,190
731,154160060,2021-08-23,4.41,1.6882490928583902,126,130
732,154160060,2021-09-05,5.24,1.8309801823813363,126,129
733,154160060,2021-09-07,5.32,1.843719208158766,126,128
734,154160060,2021-09-27,4.97,1.7867469274045107,126,132
735,154160060,2021-10-10,4.89,1.7732559976634952,126,131
736,150180080,2021-08-13,3.55,1.515127232962859,122,141
737,150180080,2021-08-15,2.01,1.1019400787607843,122,142
738,150180080,2021-09-07,1.58,0.9477893989335261,122,143
739,150180080,2021-09-09,1.58,0.9477893989335261,122,135
740,150180080,2021-10-02,2.93,1.3686394258811698,122,144
741,150180080,2021-10-04,3.12,1.415853163361435,122,147
742,150180080,2021-10-09,4.34,1.6752256529721035,122,136
743,150180080,2021-10-22,1.64,0.9707789171582247,122,145
744,150180080,2021-10-29,3.02,1.3912819026309298,122,146
745,150180080,2021-11-01,18.8,2.9856819377004897,122,137
746,150180080,2021-11-06,3.27,1.4516138272405332,122,138
747,150180080,2021-11-11,1.79,1.0260415958332743,122,139
748,150180080,2021-11-16,1.42,0.8837675401685949,122,140
749,150210200,2021-09-03,2.9,1.3609765531356006,130,241
750,150210200,2021-09-06,6.35,1.9947003132247452,130,240
751,150210200,2021-10-08,6.2,1.9740810260220096,130,237
752,150210200,2021-10-31,6.01,1.9473377010464987,130,238
753,150210200,2021-11-25,11.0,2.4849066497880004,130,239
754,153230160,2021-09-03,0.74,0.5538851132264376,133,124
755,153230160,2021-09-08,1.12,0.7514160886839212,133,125
756,153230160,2021-09-26,0.21,0.1906203596086497,133,126
757,153230160,2021-10-08,1.42,0.8837675401685949,133,122
758,153230160,2021-10-31,0.6,0.4700036292457356,133,123
759,153180100,2021-09-07,651.0,6.480044561926653,127,197
760,153180100,2021-09-09,767.0,6.643789733147672,127,198
761,153180100,2021-09-27,749.0,6.620073206530356,127,195
762,153180100,2021-10-09,701.0,6.553933404025811,127,199
763,153180100,2021-11-01,1120.0,7.02197642307216,127,196
764,149200310,2021-09-06,0.76,0.5653138090500605,130,103
765,149200310,2021-09-26,0.67,0.5128236264286637,130,104
766,149200310,2021-10-31,18.7,2.9806186357439426,130,101
767,149200310,2021-11-25,2.76,1.324418957401803,130,102
768,151150110,2021-08-13,1.54,0.9321640810304452,123,244
769,151150110,2021-09-05,1.22,0.7975071958841881,123,243
770,151150110,2021-10-10,2.5,1.252762968495368,123,242
771,152180140,2021-08-13,0.27,0.23901690047049992,124,216
772,152180140,2021-09-04,0.24,0.2151113796169455,124,218
773,152180140,2021-09-07,0.22,0.1988508587451652,124,219
774,152180140,2021-09-09,0.41,0.3435897043900769,124,217
775,152180140,2021-10-02,0.37,0.31481073984003355,124,220
776,152180140,2021-10-09,0.53,0.4252677354043441,124,214
777,152180140,2021-10-29,0.59,0.46373401623214017,124,221
778,152180140,2021-11-01,1.91,1.068153081183401,124,215
779,151140010,2021-09-10,17.7,2.928523523860541,124,28
780,151140010,2021-10-10,19.0,2.995732273553991,124,29
781,151210050,2021-08-07,445.0,6.100318952020064,127,128
782,151210050,2021-09-04,388.0,5.963579343618446,127,130
783,151210050,2021-09-09,377.0,5.934894195619588,127,129
784,151210050,2021-09-29,311.0,5.7430031878094825,127,132
785,151210050,2021-10-09,775.0,6.654152520183219,127,123
786,151210050,2021-10-14,597.0,6.393590753950631,127,131
787,151210050,2021-10-29,701.0,6.553933404025811,127,124
788,151210050,2021-10-31,631.0,6.448889394146858,127,125
789,151210050,2021-11-10,904.0,6.807934943699926,127,126
790,151210050,2021-11-25,801.0,6.687108607866515,127,127
791,153160200,2021-09-05,1.1,0.7419373447293773,125,179
792,153160200,2021-09-07,1.1,0.7419373447293773,125,180
793,153160200,2021-09-10,1.1,0.7419373447293773,125,177
794,153160200,2021-10-10,0.88,0.6312717768418579,125,178
795,153160200,2021-10-25,0.95,0.6678293725756554,125,181
796,153160200,2021-11-01,1.0,0.6931471805599453,125,182
797,153230130,2021-09-08,1.31,0.8372475245337022,133,177
798,153230130,2021-09-26,0.45,0.37156355643248307,133,178
799,153230130,2021-10-08,1.64,0.9707789171582247,133,175
800,153230130,2021-10-31,1.23,0.8020015854720274,133,176
801,150220050,2021-08-07,7.14,2.096790180014449,131,182
802,150220050,2021-09-03,50.4,3.9396381724611196,131,179
803,150220050,2021-09-06,35.6,3.6000482404073204,131,180
804,150220050,2021-09-08,19.3,3.0106208860477417,131,181
805,150220050,2021-10-08,7.62,2.154085084675602,131,175
806,150220050,2021-10-31,15.7,2.8154087194227095,131,176
807,150220050,2021-11-10,6.28,1.9851308622085946,131,177
808,150220050,2021-11-25,19.0,2.995732273553991,131,178
809,149220070,2021-09-06,0.56,0.44468582126144574,131,87
810,149220070,2021-09-08,0.39,0.3293037471426004,131,86
811,149220070,2021-10-08,0.47,0.3852624007906449,131,84
812,149220070,2021-10-28,0.58,0.4574248470388754,131,88
813,149220070,2021-10-31,3.96,1.601405740736836,131,85
814,153200010,2021-08-13,0.89,0.636576829071551,135,99
815,153200010,2021-09-07,1.11,0.7466879474879752,135,97
816,153200010,2021-09-09,1.09,0.7371640659767197,135,98
817,153200010,2021-09-27,1.22,0.7975071958841881,135,95
818,153200010,2021-10-09,1.45,0.8960880245566356,135,100
819,153200010,2021-11-01,1.64,0.9707789171582247,135,96
820,151150030,2021-08-13,0.28,0.2468600779315258,124,12
821,151150030,2021-09-10,0.29,0.2546422183735807,124,10
822,151150030,2021-10-10,0.23,0.20701416938432615,124,11
823,149210140,2021-09-06,0.4,0.33647223662121295,131,156
824,149210140,2021-09-08,0.24,0.2151113796169455,131,157
825,149210140,2021-10-08,0.33,0.2851789422336624,131,154
826,149210140,2021-10-31,4.81,1.75958057086382,131,155
827,149180130,2021-08-10,0.27,0.23901690047049992,122,68
828,149180130,2021-09-06,0.15,0.13976194237515868,122,61
829,149180130,2021-09-09,0.15,0.13976194237515868,122,62
830,149180130,2021-09-11,0.19,0.173953307123438,122,63
831,149180130,2021-10-04,0.25,0.22314355131420976,122,69
832,149180130,2021-10-09,1.75,1.0116009116784799,122,64
833,149180130,2021-10-29,2.16,1.1505720275988207,122,65
834,149180130,2021-10-31,10.0,2.3978952727983707,122,66
835,149180130,2021-11-23,0.63,0.48858001481867097,122,67
836,149190240,2021-08-10,0.59,0.46373401623214017,136,129
837,149190250,2021-08-10,0.55,0.4382549309311553,136,140
838,149190240,2021-09-06,0.43,0.3576744442718159,136,125
839,149190250,2021-09-06,0.47,0.3852624007906449,136,136
840,149190240,2021-09-09,0.36,0.3074846997479606,136,123
841,149190250,2021-09-09,0.42,0.35065687161316933,136,134
842,149190240,2021-09-11,0.35,0.30010459245033805,136,126
843,149190250,2021-09-11,0.36,0.3074846997479606,136,137
844,149190240,2021-09-26,1.39,0.8712933659434192,136,128
845,149190250,2021-09-26,0.57,0.4510756193602167,136,138
846,149190240,2021-10-04,1.07,0.7275486072772778,136,127
847,149190250,2021-10-04,0.48,0.3920420877760237,136,139
848,149190240,2021-10-09,3.3,1.4586150226995167,136,120
849,149190250,2021-10-09,1.57,0.9439058989071285,136,131
850,149190250,2021-10-19,0.7,0.5306282510621704,136,142
851,149190240,2021-10-24,1.41,0.8796267475025636,136,130
852,149190250,2021-10-24,1.18,0.7793248768009976,136,141
853,149190240,2021-10-29,3.53,1.5107219394949427,136,121
854,149190250,2021-10-29,0.88,0.6312717768418579,136,132
855,149190240,2021-10-31,26.4,3.3105430133940246,136,122
856,149190250,2021-10-31,10.2,2.4159137783010487,136,133
857,149190240,2021-11-23,1.71,0.9969486348916095,136,124
858,149190250,2021-11-23,0.6,0.4700036292457356,136,135
859,152210140,2021-08-07,0.75,0.5596157879354227,134,204
860,152210140,2021-10-31,1.83,1.0402767116551463,134,201
861,152210140,2021-11-10,1.64,0.9707789171582247,134,202
862,152210140,2021-11-25,2.31,1.1969481893889715,134,203
863,150200130,2021-09-06,54.0,4.007333185232471,127,92
864,150200130,2021-09-09,52.0,3.970291913552122,127,86
865,150200130,2021-10-04,82.0,4.418840607796598,127,91
866,150200130,2021-10-09,322.0,5.777652323222656,127,87
867,150200130,2021-10-29,138.0,4.9344739331306915,127,88
868,150200130,2021-10-31,630.0,6.447305862541213,127,89
869,150200130,2021-11-25,133.0,4.897839799950911,127,90
870,149200200,2021-09-06,1.49,0.9122827104766162,130,100
871,149200200,2021-10-31,49.0,3.912023005428146,130,98
872,149200200,2021-11-25,4.25,1.6582280766035324,130,99
873,150150030,2021-08-13,0.08,0.07696104113612832,123,227
874,150150030,2021-09-05,0.09,0.08617769624105233,123,228
875,150150030,2021-10-10,0.08,0.07696104113612832,123,226
876,153230120,2021-09-08,3.94,1.597365331199831,136,105
877,153230120,2021-09-11,3.6,1.5260563034950494,136,106
878,153230120,2021-09-26,3.0,1.3862943611198906,136,107
879,153230120,2021-10-08,3.44,1.4906543764441333,136,103
880,153230120,2021-10-31,3.83,1.5748464676644813,136,104
881,150190350,2021-09-06,0.69,0.5247285289349821,132,235
882,150190350,2021-09-09,0.53,0.4252677354043441,132,231
883,150190350,2021-10-04,0.57,0.4510756193602167,132,236
884,150190350,2021-10-09,4.35,1.6770965609079151,132,232
885,150190350,2021-10-29,2.6,1.2809338454620645,132,233
886,150190350,2021-10-31,3.78,1.5644405465033646,132,237
887,150190350,2021-11-25,3.63,1.5325568680981427,132,234
888,151160190,2021-08-13,5.56,1.8809906029559977,123,105
889,151160190,2021-11-01,14.1,2.714694743820879,123,106
890,150170080,2021-08-15,0.51,0.412109650826833,122,201
891,150170080,2021-09-09,0.56,0.44468582126144574,122,199
892,150170080,2021-10-09,0.58,0.4574248470388754,122,200
893,150170080,2021-10-29,0.51,0.412109650826833,122,202
894,150220100,2021-09-06,40.5,3.725693427236653,131,27
895,150220100,2021-10-08,24.2,3.2268439945173775,131,24
896,150220100,2021-10-31,60.1,4.11251186617755,131,25
897,150220100,2021-11-10,24.9,3.254242968705492,131,26
898,149210080,2021-09-06,1.0,0.6931471805599453,130,228
899,149210080,2021-09-08,0.83,0.6043159668533296,130,229
900,149210080,2021-10-08,2.23,1.172482137234565,130,226
901,149210080,2021-10-31,21.4,3.109060958860994,130,227
902,149190060,2021-08-15,2.64,1.2919836816486494,127,38
903,149190060,2021-09-06,2.28,1.1878434223960523,127,32
904,149190060,2021-09-09,2.4,1.2237754316221157,127,33
905,149190060,2021-09-11,2.65,1.2947271675944,127,37
906,149190060,2021-10-04,4.2,1.6486586255873816,127,39
907,149190060,2021-10-09,34.2,3.5610460826040513,127,34
908,149190060,2021-10-29,8.56,2.25758772706331,127,35
909,149190060,2021-10-31,47.2,3.8753590210565547,127,36
910,151160090,2021-08-13,0.48,0.3920420877760237,123,137
911,151160090,2021-09-05,0.25,0.22314355131420976,123,136
912,151160090,2021-10-10,0.31,0.27002713721306015,123,135
913,150150070,2021-09-05,1.61,0.9593502213346021,123,232
914,150150080,2021-09-05,4.72,1.7439688053917064,123,200
915,150150070,2021-10-10,2.6,1.2809338454620645,123,231
916,150150080,2021-10-10,9.54,2.355177543113216,123,199
917,150190180,2021-08-15,12.5,2.6026896854443837,128,58
918,150190180,2021-09-06,11.2,2.501435951739211,128,53
919,150190180,2021-09-09,15.2,2.785011242238338,128,54
920,150190180,2021-10-04,12.9,2.631888840136646,128,59
921,150190180,2021-10-09,20.5,3.068052935133617,128,56
922,150190180,2021-10-29,17.9,2.9391619220655967,128,55
923,150190180,2021-10-31,51.6,3.9627161197436642,128,57
924,149190290,2021-09-06,0.24,0.2151113796169455,128,241
925,149190290,2021-09-09,0.21,0.1906203596086497,128,236
926,149190290,2021-10-04,0.98,0.6830968447064438,128,242
927,149190290,2021-10-09,3.15,1.423108334242607,128,237
928,149190290,2021-10-31,13.4,2.667228206581955,128,239
929,149190290,2021-11-25,0.95,0.6678293725756554,128,240
930,154220050,2021-09-09,0.72,0.5423242908253616,136,83
931,154220050,2021-10-29,0.43,0.3576744442718159,136,84
932,153200030,2021-08-13,3.34,1.4678743481123135,136,42
933,153200030,2021-09-07,3.24,1.4445632692438664,136,44
934,153200030,2021-09-09,3.27,1.4516138272405332,136,43
935,153200030,2021-09-27,2.83,1.3428648031925547,136,40
936,153200030,2021-11-01,3.24,1.4445632692438664,136,41
937,149220110,2021-08-14,1.07,0.7275486072772778,131,80
938,149220110,2021-09-06,0.76,0.5653138090500605,131,79
939,149220110,2021-10-03,0.51,0.412109650826833,131,82
940,149220110,2021-10-08,1.07,0.7275486072772778,131,76
941,149220110,2021-10-28,1.36,0.8586616190375187,131,81
942,149220110,2021-10-31,7.8,2.174751721484161,131,77
943,149220110,2021-11-10,1.08,0.7323678937132266,131,83
944,149220110,2021-11-12,0.87,0.6259384308664953,131,78
945,149190020,2021-08-10,0.3,0.26236426446749106,128,189
946,149190020,2021-09-06,0.15,0.13976194237515868,128,182
947,149190020,2021-09-09,0.15,0.13976194237515868,128,183
948,149190020,2021-09-11,0.15,0.13976194237515868,128,188
949,149190020,2021-10-04,0.21,0.1906203596086497,128,190
950,149190020,2021-10-09,1.26,0.8153648132841945,128,184
951,149190020,2021-10-24,1.0,0.6931471805599453,128,191
952,149190020,2021-10-29,2.34,1.205970806988609,128,185
953,149190020,2021-10-31,9.4,2.341805806147327,128,186
954,149190020,2021-11-23,0.96,0.6729444732424258,128,187
955,150160270,2021-08-13,0.48,0.3920420877760237,123,51
956,150160270,2021-09-09,5.74,1.9080599249242156,123,47
957,150160270,2021-10-09,0.24,0.2151113796169455,123,48
958,150160270,2021-10-29,0.4,0.33647223662121295,123,49
959,150160270,2021-11-01,1.37,0.8628899551470399,123,50
960,150160010,2021-08-13,1.28,0.8241754429663495,123,195
961,150160010,2021-10-10,1.34,0.8501509293696101,123,194
962,150180010,2021-08-15,0.25,0.22314355131420976,122,187
963,150180010,2021-09-09,0.19,0.173953307123438,122,182
964,150180010,2021-10-02,0.15,0.13976194237515868,122,189
965,150180010,2021-10-04,0.15,0.13976194237515868,122,188
966,150180010,2021-10-09,0.39,0.3293037471426004,122,183
967,150180010,2021-10-29,0.25,0.22314355131420976,122,190
968,150180010,2021-11-01,0.72,0.5423242908253616,122,184
969,150180010,2021-11-06,0.3,0.26236426446749106,122,185
970,150180010,2021-11-11,0.2,0.18232155679395462,122,186
971,151160220,2021-09-02,0.07,0.06765864847381481,123,174
972,151160220,2021-11-01,0.53,0.4252677354043441,123,173
973,150170150,2021-08-13,0.58,0.4574248470388754,123,67
974,150170150,2021-09-09,0.46,0.3784364357202451,123,65
975,150170150,2021-10-09,1.03,0.708035793053696,123,66
976,150170150,2021-10-29,0.58,0.4574248470388754,123,68
977,150170150,2021-11-01,0.89,0.636576829071551,123,69
978,153230020,2021-09-11,2.59,1.2781522025001875,133,192
979,153230020,2021-09-26,0.88,0.6312717768418579,133,193
980,153230020,2021-10-31,1.95,1.0818051703517284,133,191
981,150200150,2021-09-06,127.0,4.852030263919617,127,99
982,150200150,2021-09-09,102.0,4.634728988229636,127,93
983,150200150,2021-10-04,144.0,4.976733742420574,127,98
984,150200150,2021-10-09,461.0,6.135564891081739,127,94
985,150200150,2021-10-29,197.0,5.288267030694535,127,95
986,150200150,2021-10-31,1320.0,7.186144304522325,127,96
987,150200150,2021-11-25,214.0,5.3706380281276624,127,97
988,149200040,2021-09-06,1.52,0.924258901523332,129,99
989,149200040,2021-09-09,1.36,0.8586616190375187,129,94
990,149200040,2021-10-04,5.21,1.8261608959453874,129,100
991,149200040,2021-10-09,13.7,2.6878474937846906,129,95
992,149200040,2021-10-29,10.2,2.4159137783010487,129,96
993,149200040,2021-10-31,64.7,4.185098925490565,129,97
994,149200040,2021-11-25,6.33,1.9919755158985601,129,98
995,151210080,2021-09-06,1.71,0.9969486348916095,132,2
996,151210080,2021-10-31,7.71,2.1644717908644115,132,0
997,151210080,2021-11-25,2.54,1.264126727145683,132,1
998,152190120,2021-10-09,642.0,6.466144724237619,127,169
999,152190120,2021-10-29,878.0,6.778784897685177,127,170
1000,152200010,2021-09-06,2.9,1.3609765531356006,135,31
1001,152200010,2021-09-09,2.78,1.3297240096314962,135,30
1002,152200010,2021-10-09,6.82,2.05668455455722,135,26
1003,152200010,2021-10-29,7.17,2.1004689088719113,135,27
1004,152200010,2021-11-10,11.4,2.517696472610991,135,28
1005,152200010,2021-11-25,7.13,2.0955609235597192,135,29
1006,154220100,2021-09-09,0.3,0.26236426446749106,136,91
1007,154220100,2021-09-11,0.25,0.22314355131420976,136,93
1008,154220100,2021-09-26,0.17,0.15700374880966475,136,92
1009,149210030,2021-09-06,2.99,1.3837912309017721,130,214
1010,149210030,2021-10-31,36.9,3.6349511120883804,130,213
1011,152190060,2021-08-13,0.96,0.6729444732424258,135,48
1012,152190060,2021-09-07,0.26,0.23111172096338664,135,49
1013,152190060,2021-09-09,0.31,0.27002713721306015,135,50
1014,152190060,2021-09-27,1.06,0.7227059828014898,135,52
1015,152190060,2021-09-29,1.09,0.7371640659767197,135,51
1016,152190060,2021-10-09,1.36,0.8586616190375187,135,46
1017,152190060,2021-10-29,1.34,0.8501509293696101,135,53
1018,152190060,2021-11-01,1.54,0.9321640810304452,135,47
1019,150160180,2021-08-15,7.26,2.1114245875328868,123,7
1020,150160180,2021-10-09,6.85,2.060513531794317,123,6
1021,150160180,2021-10-29,8.78,2.280339484046726,123,8
1022,151190080,2021-09-06,0.86,0.6205764877251099,133,6
1023,151190080,2021-09-09,1.02,0.7030975114131134,133,2
1024,151190080,2021-10-09,2.6,1.2809338454620645,133,3
1025,151190080,2021-10-29,2.24,1.1755733298042381,133,4
1026,151190080,2021-10-31,3.94,1.597365331199831,133,7
1027,151190080,2021-11-25,2.17,1.1537315878891892,133,5
1028,152180120,2021-08-13,32.0,3.4965075614664802,124,105
1029,152180120,2021-08-15,30.0,3.4339872044851463,124,106
1030,152180120,2021-09-04,22.6,3.1612467120315646,124,108
1031,150210150,2021-09-06,166.0,5.117993812416755,127,105
1032,152180120,2021-09-07,22.2,3.144152278672264,124,109
1033,152180120,2021-09-09,19.6,3.0252910757955354,124,107
1034,152180120,2021-10-02,19.6,3.0252910757955354,124,110
1035,152180120,2021-10-09,29.5,3.417726683613366,124,103
1036,150210150,2021-10-31,977.0,6.885509670034818,127,103
1037,152180120,2021-11-01,45.4,3.8372994592322094,124,104
1038,150210150,2021-11-25,340.0,5.831882477283517,127,104
1039,149190280,2021-09-06,2.84,1.3454723665996355,129,177
1040,149190280,2021-09-09,2.8,1.33500106673234,129,174
1041,149190280,2021-09-26,5.67,1.8976198599275325,129,176
1042,149190280,2021-10-04,3.23,1.4422019930581866,129,175
1043,149190280,2021-10-09,6.2,1.9740810260220096,129,171
1044,149190280,2021-10-19,4.2,1.6486586255873816,129,179
1045,149190280,2021-10-24,7.35,2.122261538862764,129,178
1046,149190280,2021-10-29,3.74,1.556037135706985,129,172
1047,149190280,2021-10-31,24.7,3.246490991901174,129,173
1048,149190280,2021-11-10,3.59,1.5238800240724537,129,180
1049,152160060,2021-08-13,0.25,0.22314355131420976,125,68
1050,152160060,2021-08-16,0.23,0.20701416938432615,125,66
1051,152160060,2021-09-02,0.16,0.14842000511827327,125,67
1052,152160060,2021-09-10,0.18,0.16551443847757338,125,62
1053,152160060,2021-10-10,0.05,0.04879016416943201,125,63
1054,152160060,2021-10-25,0.07,0.06765864847381481,125,65
1055,152160060,2021-11-01,0.1,0.09531017980432487,125,64
1056,150170100,2021-08-13,37.7,3.655839600035736,123,22
1057,150170100,2021-09-09,12.1,2.5726122302071057,123,20
1058,150170100,2021-10-09,13.1,2.6461747973841225,123,21
1059,150170100,2021-10-29,40.8,3.7328963395307104,123,23
1060,150210160,2021-09-06,0.57,0.4510756193602167,130,236
1061,150210160,2021-10-31,5.34,1.8468787684491346,130,234
1062,150210160,2021-11-25,1.91,1.068153081183401,130,235
1063,151160200,2021-09-02,0.77,0.5709795465857378,123,176
1064,151160200,2021-11-01,1.52,0.924258901523332,123,175
1065,154160120,2021-09-05,7.09,2.0906287310704004,126,104
1066,154160120,2021-09-07,7.3,2.1162555148025524,126,106
1067,154160120,2021-09-10,6.96,2.0744289998562917,126,102
1068,154160120,2021-10-10,5.74,1.9080599249242156,126,103
1069,154160120,2021-10-25,5.88,1.9286186519452522,126,105
1070,154160120,2021-11-01,7.54,2.1447610078004784,126,107
1071,154160030,2021-08-23,0.57,0.4510756193602167,126,87
1072,154160030,2021-09-05,1.08,0.7323678937132266,126,85
1073,154160030,2021-09-07,0.4,0.33647223662121295,126,89
1074,154160030,2021-09-27,0.29,0.2546422183735807,126,88
1075,154160030,2021-10-10,0.33,0.2851789422336624,126,86
1076,149200320,2021-09-06,3.34,1.4678743481123135,130,110
1077,149200320,2021-10-31,132.0,4.890349128221754,130,108
1078,149200320,2021-11-25,14.4,2.7343675094195836,130,109
1079,152160090,2021-08-16,0.71,0.5364933705145685,125,57
1080,152160090,2021-09-02,0.59,0.46373401623214017,125,58
1081,152160090,2021-09-10,0.61,0.4762341789963716,125,59
1082,152160090,2021-10-10,0.56,0.44468582126144574,125,55
1083,152160090,2021-10-25,0.83,0.6043159668533296,125,54
1084,152160090,2021-11-01,0.98,0.6830968447064438,125,56
1085,152180110,2021-08-13,0.59,0.46373401623214017,124,224
1086,152180110,2021-09-04,0.37,0.31481073984003355,124,226
1087,152180110,2021-09-07,0.36,0.3074846997479606,124,227
1088,152180110,2021-09-09,0.44,0.36464311358790924,124,225
1089,152180110,2021-10-02,0.37,0.31481073984003355,124,228
1090,152180110,2021-10-09,0.43,0.3576744442718159,124,222
1091,152180110,2021-11-01,0.94,0.6626879730752367,124,223
1092,149190300,2021-10-09,2.33,1.2029723039923526,129,230
1093,149190300,2021-10-19,1.2,0.7884573603642702,129,237
1094,149190300,2021-10-29,1.64,0.9707789171582247,129,231
1095,149190300,2021-10-31,3.55,1.515127232962859,129,233
1096,151220010,2021-08-07,24.6,3.242592351485517,132,58
1097,151220010,2021-10-31,48.8,3.9080149840306073,132,55
1098,151220010,2021-11-10,48.3,3.8979240810486444,132,56
1099,151220010,2021-11-25,42.5,3.7727609380946383,132,57
1100,152160110,2021-09-05,1.5,0.9162907318741551,125,81
1101,152160110,2021-09-07,1.29,0.8285518175661483,125,82
1102,152160110,2021-10-10,0.97,0.6780335427498971,125,78
1103,152160110,2021-10-25,1.12,0.7514160886839212,125,79
1104,152160110,2021-11-01,1.2,0.7884573603642702,125,80
1105,150150110,2021-08-13,0.2,0.18232155679395462,123,224
1106,150150110,2021-09-05,0.14,0.1310282624064041,123,225
1107,150150110,2021-10-10,0.25,0.22314355131420976,123,223
1108,149210050,2021-09-06,7.23,2.1077860146889784,130,204
1109,149210050,2021-10-31,128.0,4.859812404361672,130,203
1110,150160120,2021-08-13,1.66,0.9783261227936076,123,101
1111,150160120,2021-11-01,11.0,2.4849066497880004,123,102
1112,153210020,2021-08-07,2.54,1.264126727145683,134,75
1113,153210020,2021-09-09,1.53,0.9282193027394289,134,76
1114,153210020,2021-09-11,2.68,1.3029127521808397,134,77
1115,153210020,2021-10-09,4.85,1.766441661243765,134,74
1116,150230040,2021-08-07,9.87,2.386006701133118,132,38
1117,150230040,2021-08-12,7.83,2.178155014615869,132,41
1118,150230040,2021-08-22,8.34,2.234306252240751,132,40
1119,150230040,2021-09-03,25.3,3.269568939183719,132,39
1120,150230040,2021-10-08,12.5,2.6026896854443837,132,34
1121,150230040,2021-10-31,17.9,2.9391619220655967,132,35
1122,150230040,2021-11-10,9.8,2.379546134130174,132,36
1123,150230040,2021-11-25,14.2,2.7212954278522306,132,37
1124,151180060,2021-08-13,0.32,0.2776317365982795,125,35
1125,151180060,2021-09-09,0.21,0.1906203596086497,125,36
1126,151180060,2021-10-02,0.21,0.1906203596086497,125,37
1127,151180060,2021-10-09,0.49,0.3987761199573678,125,33
1128,151180060,2021-10-29,1.14,0.76080582903376,125,38
1129,151180060,2021-11-01,2.91,1.3635373739972745,125,34
1130,154160090,2021-09-05,1.96,1.085189268335969,126,122
1131,154160090,2021-09-07,2.03,1.1085626195212777,126,126
1132,154160090,2021-09-27,2.0,1.0986122886681096,126,123
1133,154160090,2021-10-10,1.9,1.0647107369924282,126,124
1134,154160090,2021-10-25,2.0,1.0986122886681096,126,125
1135,154160090,2021-11-01,2.23,1.172482137234565,126,127
1136,153180060,2021-09-07,11.6,2.533696813957432,135,208
1137,153180060,2021-09-09,10.5,2.4423470353692043,135,207
1138,153180060,2021-09-27,9.75,2.374905754573672,135,205
1139,153180060,2021-10-09,10.6,2.451005098112319,135,209
1140,153180060,2021-10-29,7.24,2.1090003439213802,135,210
1141,153180060,2021-11-01,6.59,2.0268315914075385,135,206
1142,149210090,2021-09-06,0.68,0.5187937934151676,130,196
1143,149210090,2021-09-08,0.4,0.33647223662121295,130,197
1144,149210090,2021-10-08,2.02,1.1052568313867783,130,194
1145,149210090,2021-10-28,1.51,0.9202827531436926,130,198
1146,149210090,2021-10-31,9.07,2.309560706730471,130,195
1147,150190240,2021-09-06,0.36,0.3074846997479606,124,57
1148,150190240,2021-09-09,0.4,0.33647223662121295,124,58
1149,150190240,2021-09-11,0.36,0.3074846997479606,124,61
1150,150190240,2021-10-09,0.5,0.4054651081081644,124,59
1151,150190240,2021-11-25,0.54,0.43178241642553783,124,60
1152,154170020,2021-09-05,0.21,0.1906203596086497,126,157
1153,154170020,2021-09-07,0.2,0.18232155679395462,126,158
1154,154170020,2021-09-10,0.23,0.20701416938432615,126,159
1155,154170020,2021-10-10,0.18,0.16551443847757338,126,160
1156,154170020,2021-10-25,0.23,0.20701416938432615,126,161
1157,154200020,2021-08-13,0.79,0.5822156198526637,136,52
1158,149210110,2021-09-06,1.78,1.0224509277025458,131,135
1159,154200020,2021-09-07,2.35,1.208960345836975,136,53
1160,149210110,2021-09-08,1.33,0.8458682675776092,131,136
1161,154200020,2021-09-09,2.39,1.220829921392359,136,49
1162,154200020,2021-09-27,0.7,0.5306282510621704,136,50
1163,149210110,2021-10-08,1.49,0.9122827104766162,131,133
1164,154200020,2021-10-09,1.66,0.9783261227936076,136,54
1165,149210110,2021-10-31,28.9,3.3978584803966405,131,134
1166,154200020,2021-11-01,5.33,1.8453002361560848,136,51
1167,149220170,2021-08-14,1.72,1.000631880307906,136,115
1168,149200160,2021-09-06,21.6,3.1179499062782403,129,210
1169,149220170,2021-09-06,1.72,1.000631880307906,136,117
1170,149220170,2021-09-08,0.72,0.5423242908253616,136,116
1171,149200160,2021-09-09,21.5,3.1135153092103742,129,209
1172,149200160,2021-09-26,28.4,3.380994674344636,129,211
1173,149220170,2021-10-03,0.87,0.6259384308664953,136,118
1174,149200160,2021-10-04,30.2,3.4404180948154366,129,212
1175,149220170,2021-10-08,0.8,0.5877866649021191,136,112
1176,149200160,2021-10-09,30.3,3.4436180975461075,129,206
1177,149200160,2021-10-19,29.9,3.4307561839036995,129,213
1178,149200160,2021-10-29,31.5,3.481240089335692,129,207
1179,149200160,2021-10-31,285.0,5.655991810819852,129,208
1180,149220170,2021-10-31,3.44,1.4906543764441333,136,113
1181,149220170,2021-11-10,0.82,0.598836501088704,136,119
1182,149220170,2021-11-12,0.74,0.5538851132264376,136,114
1183,149220200,2021-09-06,3.14,1.420695787837223,131,105
1184,149220200,2021-10-08,1.11,0.7466879474879752,131,102
1185,149220200,2021-10-31,5.93,1.9358598132018119,131,103
1186,149220200,2021-11-10,1.4,0.8754687373538999,131,104
1187,152200090,2021-09-06,3.14,1.420695787837223,135,36
1188,152200090,2021-09-09,3.72,1.551808799597464,135,37
1189,152200090,2021-10-09,11.8,2.5494451709255714,135,32
1190,152200090,2021-10-29,11.0,2.4849066497880004,135,33
1191,152200090,2021-11-10,6.19,1.9726911717329554,135,34
1192,152200090,2021-11-25,5.34,1.8468787684491346,135,35
1193,153210010,2021-08-07,3.84,1.5769147207285403,134,51
1194,153210010,2021-08-10,3.64,1.534714366238164,134,48
1195,153210010,2021-09-09,3.67,1.541159071680806,134,50
1196,153210010,2021-09-11,5.82,1.9198594718553708,134,49
1197,153210010,2021-10-01,4.17,1.6428726885203377,134,52
1198,153210010,2021-10-09,4.83,1.763017000362401,134,47
1199,153210010,2021-10-29,3.76,1.5602476682433286,134,53
1200,153210010,2021-10-31,4.14,1.6370530794670737,134,54
1201,150180190,2021-08-15,1.87,1.0543120297715298,122,215
1202,150180190,2021-09-09,1.44,0.8919980393051105,122,213
1203,150180190,2021-10-09,4.46,1.6974487897568138,122,214
1204,150180190,2021-10-29,3.01,1.3887912413184778,122,216
1205,150240020,2021-09-03,21.1,3.0955776085237074,134,87
1206,150240020,2021-09-08,20.3,3.0587070727153796,134,88
1207,150240020,2021-10-08,11.1,2.4932054526026954,134,86
1208,150230030,2021-08-07,1.35,0.8544153281560676,132,70
1209,150230030,2021-08-22,1.41,0.8796267475025636,132,72
1210,150230030,2021-09-03,2.91,1.3635373739972745,132,71
1211,150230030,2021-10-08,1.62,0.9631743177730056,132,66
1212,150230030,2021-10-31,2.28,1.1878434223960523,132,67
1213,150230030,2021-11-10,1.6,0.9555114450274365,132,68
1214,150230030,2021-11-25,2.29,1.1908875647772805,132,69
1215,149190350,2021-09-06,0.46,0.3784364357202451,129,141
1216,149190350,2021-09-09,0.46,0.3784364357202451,129,136
1217,149190350,2021-10-04,1.36,0.8586616190375187,129,142
1218,149190350,2021-10-09,2.62,1.2864740258376797,129,137
1219,149190350,2021-10-29,1.52,0.924258901523332,129,138
1220,149190350,2021-10-31,16.6,2.8678989020441064,129,139
1221,149190350,2021-11-25,0.81,0.5933268452777344,129,140
1222,152230080,2021-08-07,72.5,4.297285406218791,134,109
1223,152230080,2021-09-03,57.3,4.065602093356446,134,108
1224,152230080,2021-10-08,46.7,3.8649313978942956,134,105
1225,152230080,2021-10-31,67.1,4.220977213155467,134,106
1226,152230080,2021-11-10,69.8,4.259859000699674,134,107
1227,150170210,2021-08-13,0.33,0.2851789422336624,123,73
1228,150170210,2021-08-15,0.32,0.2776317365982795,123,74
1229,150170210,2021-09-07,0.17,0.15700374880966475,123,79
1230,150170210,2021-09-09,0.33,0.2851789422336624,123,70
1231,150170210,2021-10-02,0.23,0.20701416938432615,123,76
1232,150170210,2021-10-09,0.42,0.35065687161316933,123,71
1233,150170210,2021-10-29,0.23,0.20701416938432615,123,75
1234,150170210,2021-11-01,0.6,0.4700036292457356,123,72
1235,150170210,2021-11-03,0.76,0.5653138090500605,123,78
1236,150170210,2021-11-06,0.5,0.4054651081081644,123,77
1237,152160010,2021-08-13,28.2,3.374168709274236,125,144
1238,152160010,2021-09-02,20.2,3.054001181677967,125,145
1239,152160010,2021-10-10,16.5,2.8622008809294686,125,143
1240,149180010,2021-08-15,32.8,3.520460802488973,122,9
1241,149180010,2021-09-09,24.7,3.246490991901174,122,6
1242,151170010,2021-09-09,1.86,1.0508216248317612,123,121
1243,149180010,2021-10-09,61.2,4.130354999745133,122,7
1244,151170010,2021-10-09,1.34,0.8501509293696101,123,122
1245,149180010,2021-10-29,36.6,3.6270040503958487,122,8
1246,153220150,2021-08-10,1.19,0.7839015438284094,133,205
1247,153220150,2021-09-09,0.76,0.5653138090500605,133,199
1248,153220150,2021-09-11,0.71,0.5364933705145685,133,202
1249,153220150,2021-09-26,0.96,0.6729444732424258,133,204
1250,153220150,2021-09-29,0.99,0.688134638736401,133,203
1251,153220150,2021-10-09,1.23,0.8020015854720274,133,200
1252,153220150,2021-10-31,1.62,0.9631743177730056,133,201
1253,150160040,2021-08-13,0.45,0.37156355643248307,126,233
1254,151190010,2021-08-15,4.55,1.713797927758343,124,156
1255,151190010,2021-09-09,2.99,1.3837912309017721,124,154
1256,151190010,2021-10-09,6.53,2.018895041811802,124,155
1257,151190010,2021-10-29,4.35,1.6770965609079151,124,157
1258,151190010,2021-11-03,14.2,2.7212954278522306,124,158
1259,153220230,2021-09-11,1.14,0.76080582903376,133,155
1260,153220230,2021-10-31,0.65,0.5007752879124893,133,154
1261,153150030,2021-09-10,0.2,0.18232155679395462,126,50
1262,153150030,2021-10-10,0.044,0.04305948946044697,126,51
1263,153150030,2021-10-30,0.11,0.10436001532424277,126,52
1264,153190130,2021-09-09,2.91,1.3635373739972745,135,145
1265,153190130,2021-09-27,3.24,1.4445632692438664,135,143
1266,153190130,2021-10-09,3.9,1.589235205116581,135,146
1267,153190130,2021-11-01,4.39,1.6845453849209058,135,144
1268,150210090,2021-09-06,2.43,1.2325602611778486,131,225
1269,150210090,2021-10-31,15.8,2.8213788864092133,131,223
1270,150210090,2021-11-25,5.72,1.9050881545350582,131,224
1271,151180030,2021-08-13,0.51,0.412109650826833,125,29
1272,151180030,2021-08-15,0.42,0.35065687161316933,125,30
1273,151180030,2021-09-07,0.18,0.16551443847757338,125,31
1274,151180030,2021-09-09,0.42,0.35065687161316933,125,26
1275,151180030,2021-10-02,0.38,0.32208349916911333,125,32
1276,151180030,2021-10-09,0.46,0.3784364357202451,125,27
1277,151180030,2021-11-01,3.18,1.430311246536665,125,28
1278,150190210,2021-08-15,0.09,0.08617769624105233,128,67
1279,150190210,2021-09-06,0.07,0.06765864847381481,128,60
1280,150190210,2021-09-09,0.07,0.06765864847381481,128,61
1281,150190210,2021-09-11,0.07,0.06765864847381481,128,66
1282,150190210,2021-10-04,0.07,0.06765864847381481,128,68
1283,150190210,2021-10-09,0.13,0.12221763272424921,128,62
1284,150190210,2021-10-29,0.1,0.09531017980432487,128,63
1285,150190210,2021-10-31,3.9,1.589235205116581,128,64
1286,150190210,2021-11-03,0.66,0.5068176023684519,128,69
1287,150190210,2021-11-25,0.1,0.09531017980432487,128,65
1288,152190050,2021-08-15,0.79,0.5822156198526637,134,249
1289,152190050,2021-09-04,0.74,0.5538851132264376,135,1
1290,152190050,2021-09-07,0.65,0.5007752879124893,135,2
1291,152190050,2021-09-09,1.65,0.9745596399981308,135,0
1292,152190050,2021-10-02,0.91,0.6471032420585385,135,3
1293,152190050,2021-10-09,2.63,1.2892326482767593,134,247
1294,152190050,2021-10-29,1.44,0.8919980393051105,135,4
1295,152190050,2021-11-01,3.56,1.5173226235262947,134,248
1296,153180130,2021-09-07,1.04,0.712949807856125,136,21
1297,153180130,2021-09-09,1.18,0.7793248768009976,136,20
1298,153180130,2021-09-27,1.15,0.7654678421395714,136,18
1299,153180130,2021-10-09,1.11,0.7466879474879752,136,22
1300,153180130,2021-11-01,0.87,0.6259384308664953,136,19
1301,154170040,2021-09-05,0.26,0.23111172096338664,126,98
1302,154170040,2021-09-07,0.26,0.23111172096338664,126,97
1303,154170040,2021-09-10,0.28,0.2468600779315258,126,95
1304,154170040,2021-09-27,0.23,0.20701416938432615,126,99
1305,154170040,2021-10-10,0.23,0.20701416938432615,126,96
1306,154170040,2021-10-25,0.23,0.20701416938432615,126,100
1307,154170040,2021-11-01,0.29,0.2546422183735807,126,101
1308,150160230,2021-08-15,2.32,1.199964782928397,123,41
1309,150160230,2021-09-09,7.18,2.1016921506146558,123,37
1310,150160230,2021-10-09,2.35,1.208960345836975,123,38
1311,150160230,2021-10-29,3.03,1.3937663759585917,123,39
1312,150160230,2021-11-01,8.34,2.234306252240751,123,40
1313,150180070,2021-08-13,6.07,1.9558604799084813,122,168
1314,150180070,2021-08-15,5.61,1.888583653863595,122,167
1315,150180070,2021-09-07,3.88,1.5851452198650557,122,170
1316,150180070,2021-09-09,4.11,1.631199404215613,122,160
1317,150180070,2021-10-02,5.3,1.840549633397487,122,171
1318,150180070,2021-10-04,4.82,1.7613002617433464,122,169
1319,150180070,2021-10-09,4.91,1.776645831418007,122,161
1320,150180070,2021-10-22,5.46,1.8656293177945105,122,172
1321,150180070,2021-10-29,5.11,1.809926773183504,122,165
1322,150180070,2021-11-01,6.92,2.0693912058263346,122,162
1323,150180070,2021-11-06,6.68,2.038619547159581,122,166
1324,150180070,2021-11-11,5.31,1.8421356765531218,122,163
1325,150180070,2021-11-16,5.53,1.8764069432883397,122,164
1326,151210030,2021-08-07,0.92,0.6523251860396903,132,173
1327,151210030,2021-09-04,5.29,1.8389610707123492,132,170
1328,151210030,2021-09-09,1.9,1.0647107369924282,132,169
1329,151210030,2021-09-29,1.55,0.9360933591703348,132,172
1330,151210030,2021-10-09,2.91,1.3635373739972745,132,164
1331,151210030,2021-10-14,2.03,1.1085626195212777,132,171
1332,151210030,2021-10-29,3.71,1.5496879080283263,132,165
1333,151210030,2021-10-31,8.78,2.280339484046726,132,166
1334,151210030,2021-11-10,1.78,1.0224509277025458,132,167
1335,151210030,2021-11-25,2.05,1.11514159061932,132,168
1336,149220060,2021-09-06,16.0,2.833213344056216,131,11
1337,149220060,2021-09-08,27.5,3.349904087274605,131,10
1338,149220060,2021-10-08,9.93,2.391511302188447,131,8
1339,149220060,2021-10-31,16.6,2.8678989020441064,131,9
1340,151150060,2021-08-13,0.8,0.5877866649021191,123,247
1341,151150060,2021-09-05,3.7,1.547562508716013,123,246
1342,151150060,2021-10-10,3.5,1.5040773967762742,123,245
1343,150220090,2021-09-06,47.4,3.8794998137225862,131,31
1344,150220090,2021-10-08,27.3,3.342861804649192,131,28
1345,150220090,2021-10-31,56.3,4.048300623720694,131,29
1346,150220090,2021-11-10,28.8,3.3945083935113587,131,30
1347,154170160,2021-09-05,4.3,1.667706820558076,126,201
1348,154170160,2021-09-07,4.6,1.7227665977411035,126,199
1349,154170160,2021-09-10,4.53,1.7101878155342436,126,198
1350,154170160,2021-09-27,4.12,1.6331544390514163,126,200
1351,154170160,2021-10-10,4.08,1.6253112615903906,126,203
1352,154170160,2021-10-25,4.09,1.6272778305624314,126,202
1353,150190200,2021-08-15,1.09,0.7371640659767197,124,64
1354,150190200,2021-09-09,0.78,0.5766133643039938,124,62
1355,150190200,2021-10-09,1.11,0.7466879474879752,124,63
1356,150190200,2021-10-29,0.94,0.6626879730752367,124,65
1357,153190150,2021-08-13,1.74,1.007957920399979,135,139
1358,153190150,2021-09-07,1.4,0.8754687373538999,135,140
1359,153190150,2021-09-09,1.56,0.9400072584914712,135,141
1360,153190150,2021-09-27,1.93,1.0750024230289759,135,137
1361,153190150,2021-10-09,2.2,1.1631508098056809,135,142
1362,153190150,2021-11-01,2.24,1.1755733298042381,135,138
1363,152190040,2021-08-13,0.32,0.2776317365982795,135,85
1364,152190040,2021-09-27,0.99,0.688134638736401,135,84
1365,152190040,2021-09-29,1.0,0.6931471805599453,135,86
1366,152190040,2021-10-09,1.23,0.8020015854720274,135,82
1367,152190040,2021-11-01,0.94,0.6626879730752367,135,83
1368,153190020,2021-09-07,0.92,0.6523251860396903,135,220
1369,153190020,2021-09-09,0.93,0.6575200029167942,135,219
1370,153190020,2021-09-27,1.0,0.6931471805599453,135,217
1371,153190020,2021-10-09,0.81,0.5933268452777344,135,221
1372,153190020,2021-11-01,0.72,0.5423242908253616,135,218
1373,151220090,2021-08-07,16.9,2.884800712846709,132,54
1374,151220090,2021-09-03,23.1,3.1822118404966093,132,53
1375,151220090,2021-10-08,19.0,2.995732273553991,132,50
1376,151220090,2021-10-31,35.8,3.6054978451748854,132,51
1377,151220090,2021-11-10,25.1,3.261935314328648,132,52
1378,152200100,2021-08-07,0.97,0.6780335427498971,134,230
1379,152200100,2021-09-06,0.61,0.4762341789963716,134,231
1380,152200100,2021-10-01,0.9,0.6418538861723948,134,232
1381,152200100,2021-10-09,3.36,1.4724720573609429,134,227
1382,152200100,2021-10-29,3.04,1.3962446919730587,134,228
1383,152200100,2021-11-10,1.46,0.9001613499442714,134,229
1384,151150190,2021-09-02,0.09,0.08617769624105233,123,182
1385,151150190,2021-10-10,0.07,0.06765864847381481,123,181
1386,149190370,2021-09-06,0.17,0.15700374880966475,129,134
1387,149190370,2021-09-09,0.15,0.13976194237515868,129,129
1388,149190370,2021-10-04,0.55,0.4382549309311553,129,135
1389,149190370,2021-10-09,1.24,0.8064758658669485,129,130
1390,149190370,2021-10-29,0.76,0.5653138090500605,129,131
1391,149190370,2021-10-31,8.37,2.2375130962503307,129,132
1392,149190370,2021-11-25,0.51,0.412109650826833,129,133
1393,151220070,2021-08-07,2.39,1.220829921392359,132,109
1394,151220070,2021-08-12,2.56,1.269760544863939,132,107
1395,151220070,2021-09-03,2.67,1.3001916620664788,132,108
1396,151220070,2021-10-08,2.93,1.3686394258811698,132,103
1397,151220070,2021-10-31,4.84,1.7647307968401358,132,104
1398,151220070,2021-11-10,2.71,1.3110318766193438,132,105
1399,151220070,2021-11-25,3.2,1.4350845252893227,132,106
1400,149190360,2021-09-06,0.39,0.3293037471426004,129,242
1401,149190390,2021-09-06,0.64,0.49469624183610705,130,1
1402,149190360,2021-09-09,0.35,0.30010459245033805,129,241
1403,149190390,2021-09-09,0.57,0.4510756193602167,130,0
1404,149190360,2021-09-26,0.66,0.5068176023684519,129,243
1405,149190390,2021-09-26,1.3,0.832909122935104,130,2
1406,149190360,2021-10-04,0.6,0.4700036292457356,129,244
1407,149190390,2021-10-04,1.06,0.7227059828014898,130,3
1408,149190360,2021-10-09,2.0,1.0986122886681096,129,238
1409,149190390,2021-10-09,3.29,1.4562867329399256,129,247
1410,149190360,2021-10-19,0.84,0.6097655716208943,129,245
1411,149190390,2021-10-19,0.82,0.598836501088704,130,4
1412,149190390,2021-10-24,7.31,2.1174596088673567,130,5
1413,149190360,2021-10-29,1.03,0.708035793053696,129,239
1414,149190390,2021-10-29,1.74,1.007957920399979,129,248
1415,149190360,2021-10-31,9.83,2.382320061012899,129,240
1416,149190390,2021-10-31,21.6,3.1179499062782403,129,249
1417,149190360,2021-11-10,0.7,0.5306282510621704,129,246
1418,149200270,2021-09-06,0.52,0.41871033485818504,130,86
1419,149200270,2021-09-26,0.58,0.4574248470388754,130,87
1420,149200270,2021-10-31,7.28,2.1138429683971682,130,85
1421,149200270,2021-11-10,0.48,0.3920420877760237,130,88
1422,149210040,2021-09-06,11.3,2.509599262378372,130,206
1423,149210040,2021-10-31,176.0,5.176149732573829,130,205
1424,150190130,2021-08-15,1.57,0.9439058989071285,128,40
1425,150190130,2021-09-06,1.32,0.8415671856782186,128,37
1426,150190130,2021-09-09,1.5,0.9162907318741551,128,35
1427,150190130,2021-10-01,1.29,0.8285518175661483,128,41
1428,150190130,2021-10-04,1.3,0.832909122935104,128,42
1429,150190130,2021-10-09,1.92,1.0715836162801904,128,38
1430,150190130,2021-10-29,2.28,1.1878434223960523,128,36
1431,150190130,2021-10-31,6.53,2.018895041811802,128,39
1432,151190030,2021-08-15,0.8,0.5877866649021191,124,182
1433,151190030,2021-09-04,0.77,0.5709795465857378,124,184
1434,151190030,2021-09-09,0.73,0.5481214085096876,124,183
1435,151190030,2021-10-09,1.55,0.9360933591703348,124,181
1436,151190030,2021-10-29,2.1,1.1314021114911006,124,185
1437,149180030,2021-08-15,7.68,2.1610215286722587,122,83
1438,149180030,2021-09-09,4.41,1.6882490928583902,122,80
1439,149180030,2021-10-04,5.98,1.943048916774281,122,84
1440,149180030,2021-10-09,16.8,2.8791984572980396,122,81
1441,149180030,2021-10-29,10.5,2.4423470353692043,122,82
1442,151170040,2021-09-02,1.07,0.7275486072772778,123,161
1443,151170040,2021-09-09,1.92,1.0715836162801904,123,159
1444,151170040,2021-10-09,0.88,0.6312717768418579,123,157
1445,151170040,2021-10-29,2.64,1.2919836816486494,123,160
1446,151170040,2021-11-01,3.43,1.4883995840570443,123,158
1447,153150080,2021-09-05,2.56,1.269760544863939,126,36
1448,153150080,2021-09-07,2.31,1.1969481893889715,126,38
1449,153150080,2021-09-10,3.14,1.420695787837223,126,35
1450,153150080,2021-10-10,1.58,0.9477893989335261,126,37
1451,152210120,2021-08-07,4.22,1.6524974018945473,134,197
1452,152210120,2021-09-09,3.43,1.4883995840570443,134,196
1453,152210120,2021-09-11,3.32,1.463255402256019,134,195
1454,152210120,2021-09-29,2.91,1.3635373739972745,134,198
1455,152210120,2021-10-09,6.16,1.9685099809725544,134,194
1456,152210120,2021-10-29,7.16,2.0992441689760155,134,199
1457,152210120,2021-10-31,9.26,2.3282528397426234,134,200
1458,149190070,2021-09-06,0.31,0.27002713721306015,128,210
1459,149190070,2021-09-09,0.27,0.23901690047049992,128,211
1460,149190070,2021-09-11,0.26,0.23111172096338664,128,215
1461,149190070,2021-10-01,0.42,0.35065687161316933,128,217
1462,149190070,2021-10-04,0.43,0.3576744442718159,128,216
1463,149190070,2021-10-09,2.92,1.366091653802371,128,212
1464,149190070,2021-10-29,1.43,0.8878912573524571,128,213
1465,149190070,2021-10-31,6.59,2.0268315914075385,128,214
1466,150150090,2021-08-13,1.32,0.8415671856782186,123,221
1467,150150090,2021-09-05,0.83,0.6043159668533296,123,222
1468,150150090,2021-10-10,1.63,0.9669838461896731,123,220
1469,152199992,2021-09-09,3.53,1.5107219394949427,135,9
1470,152199992,2021-10-09,23.5,3.1986731175506815,135,5
1471,152199992,2021-10-29,17.0,2.8903717578961645,135,6
1472,152199992,2021-11-10,22.6,3.1612467120315646,135,7
1473,152199992,2021-11-25,20.4,3.0633909220278057,135,8
1474,151150090,2021-08-13,4.64,1.7298840655099674,124,2
1475,154190170,2021-09-07,12.8,2.624668592163159,136,47
1476,154190170,2021-09-09,12.7,2.617395832834079,136,45
1477,154190170,2021-09-27,6.68,2.038619547159581,136,48
1478,151150090,2021-10-10,7.5,2.1400661634962708,124,1
1479,154190170,2021-11-01,17.1,2.89591193827178,136,46
1480,154170080,2021-09-05,2.8,1.33500106673234,126,179
1481,154170080,2021-09-07,2.93,1.3686394258811698,126,176
1482,154170080,2021-09-10,3.35,1.4701758451005928,126,175
1483,154170080,2021-09-27,2.75,1.3217558399823195,126,177
1484,154170080,2021-10-10,2.91,1.3635373739972745,126,178
1485,149200100,2021-09-06,3.2,1.4350845252893227,130,44
1486,149200100,2021-09-09,2.67,1.3001916620664788,130,43
1487,149200100,2021-10-04,2.31,1.1969481893889715,130,45
1488,149200100,2021-10-09,4.6,1.7227665977411035,130,40
1489,149200100,2021-10-19,1.69,0.9895411936137477,130,46
1490,149200100,2021-10-29,3.85,1.578978704949392,130,41
1491,149200100,2021-10-31,12.3,2.5877640352277083,130,42
1492,152180100,2021-08-13,0.37,0.31481073984003355,125,108
1493,152180100,2021-09-07,0.12,0.11332868530700317,125,109
1494,152180100,2021-09-09,0.13,0.12221763272424921,125,107
1495,152180100,2021-10-09,0.12,0.11332868530700317,125,105
1496,152180100,2021-10-29,0.09,0.08617769624105233,125,110
1497,152180100,2021-11-01,0.07,0.06765864847381481,125,106
1498,152140080,2021-09-10,1.18,0.7793248768009976,124,54
1499,152140080,2021-10-10,0.76,0.5653138090500605,124,55
1500,152140080,2021-10-30,1.74,1.007957920399979,124,56
1501,152210030,2021-08-07,3.74,1.556037135706985,134,81
1502,152210030,2021-09-06,2.21,1.1662709371419244,134,84
1503,152210030,2021-09-09,2.29,1.1908875647772805,134,83
1504,152210030,2021-09-11,2.81,1.3376291891386096,134,82
1505,152210030,2021-09-29,3.29,1.4562867329399256,134,85
1506,152210030,2021-10-09,4.59,1.7209792871670078,134,78
1507,152210030,2021-10-29,3.72,1.551808799597464,134,79
1508,152210030,2021-11-10,3.79,1.5665304114228238,134,80
1509,151160150,2021-08-13,92.5,4.537961436294641,122,22
1510,152230070,2021-08-07,5.84,1.922787731634459,134,154
1511,152230070,2021-09-03,3.77,1.5623463049002497,134,153
1512,152230070,2021-10-08,6.35,1.9947003132247452,134,150
1513,152230070,2021-10-31,10.6,2.451005098112319,134,151
1514,152230070,2021-11-10,12.5,2.6026896854443837,134,152
1515,154220030,2021-09-09,0.64,0.49469624183610705,133,218
1516,154220030,2021-09-11,0.62,0.4824261492442927,133,217
1517,154220030,2021-09-29,0.46,0.3784364357202451,133,219
1518,154220030,2021-10-09,0.47,0.3852624007906449,133,216
1519,154220030,2021-10-29,0.48,0.3920420877760237,133,220
1520,152229999,2021-08-07,94.1,4.554928969551344,134,123
1521,152229999,2021-09-09,82.2,4.421247347827163,134,120
1522,152229999,2021-09-11,73.7,4.3134800921387715,134,121
1523,152229999,2021-09-29,50.4,3.9396381724611196,134,122
1524,152229999,2021-10-09,91.4,4.526126978647638,134,119
1525,152229999,2021-10-29,75.3,4.334672938290411,134,124
1526,152229999,2021-10-31,85.5,4.460144413937834,134,125
1527,150230080,2021-08-07,2.77,1.3270750014599193,132,18
1528,150230080,2021-08-22,2.39,1.220829921392359,132,19
1529,150230080,2021-09-03,5.14,1.814824742159051,132,20
1530,150230080,2021-10-08,2.96,1.3762440252663892,132,14
1531,150230080,2021-10-31,3.58,1.5216989981260935,132,15
1532,150230080,2021-11-10,2.89,1.358409157630355,132,16
1533,150230080,2021-11-25,3.9,1.589235205116581,132,17
1534,151210020,2021-09-04,4.35,1.6770965609079151,131,214
1535,150200050,2021-09-06,2.15,1.1474024528375417,130,166
1536,151210020,2021-09-06,1.21,0.7929925155296614,131,213
1537,150200050,2021-09-09,1.98,1.091923300517313,130,161
1538,151210020,2021-09-09,1.19,0.7839015438284094,131,208
1539,150200050,2021-10-04,2.15,1.1474024528375417,130,167
1540,151210020,2021-10-04,1.5,0.9162907318741551,131,215
1541,150200050,2021-10-09,5.78,1.9139771019523042,130,162
1542,151210020,2021-10-09,9.1,2.312535423847214,131,209
1543,150200050,2021-10-29,4.21,1.6505798557652755,130,163
1544,151210020,2021-10-29,3.49,1.501852701754163,131,210
1545,150200050,2021-10-31,6.51,2.0162354657760435,130,164
1546,151210020,2021-10-31,13.5,2.6741486494265287,131,211
1547,150200050,2021-11-25,4.72,1.7439688053917064,130,165
1548,151210020,2021-11-25,3.17,1.4279160358107101,131,212
1549,154210100,2021-09-09,5.47,1.8671761085128091,136,81
1550,154210100,2021-09-29,3.88,1.5851452198650557,136,82
1551,150210120,2021-10-31,255.0,5.545177444479562,130,209
1552,152150180,2021-09-02,0.58,0.4574248470388754,126,3
1553,152150180,2021-10-10,0.42,0.35065687161316933,126,2
1554,152150200,2021-09-02,43.6,3.7977338590260183,124,142
1555,152150200,2021-10-10,40.3,3.720862499966987,124,141
1556,150160190,2021-08-15,0.22,0.1988508587451652,122,249
1557,150160190,2021-09-09,4.64,1.7298840655099674,122,247
1558,150160190,2021-10-09,0.23,0.20701416938432615,122,248
1559,150160190,2021-10-29,0.19,0.173953307123438,123,0
1560,150160190,2021-11-01,0.61,0.4762341789963716,123,1
1561,152150120,2021-08-13,0.47,0.3852624007906449,125,103
1562,152150120,2021-09-02,0.1,0.09531017980432487,125,104
1563,152150120,2021-10-10,0.36,0.3074846997479606,125,102
1564,151210110,2021-08-07,0.35,0.30010459245033805,132,177
1565,151210110,2021-10-31,6.0,1.9459101490553132,132,174
1566,151210110,2021-11-10,1.3,0.832909122935104,132,175
1567,151210110,2021-11-25,1.83,1.0402767116551463,132,176
1568,153210230,2021-09-09,0.71,0.5364933705145685,134,20
1569,153210230,2021-09-11,0.98,0.6830968447064438,134,19
1570,153210230,2021-09-29,0.79,0.5822156198526637,134,21
1571,153210230,2021-10-09,0.77,0.5709795465857378,134,18
1572,149190030,2021-09-06,0.17,0.15700374880966475,127,221
1573,149190030,2021-09-09,0.15,0.13976194237515868,127,222
1574,149190030,2021-09-11,0.15,0.13976194237515868,127,226
1575,149190030,2021-10-01,0.37,0.31481073984003355,127,228
1576,149190030,2021-10-04,0.31,0.27002713721306015,127,227
1577,149190030,2021-10-09,1.34,0.8501509293696101,127,223
1578,149190030,2021-10-29,0.27,0.23901690047049992,127,224
1579,149190030,2021-10-31,7.96,2.192770226986839,127,225
1580,149190030,2021-11-03,1.91,1.068153081183401,127,229
1581,154180020,2021-09-05,1.34,0.8501509293696101,126,197
1582,154180020,2021-09-07,0.64,0.49469624183610705,126,194
1583,154180020,2021-09-10,0.69,0.5247285289349821,126,192
1584,154180020,2021-09-27,0.53,0.4252677354043441,126,195
1585,154180020,2021-10-10,0.49,0.3987761199573678,126,196
1586,154180020,2021-11-01,0.79,0.5822156198526637,126,193
1587,151180040,2021-08-13,1.85,1.0473189942805592,125,7
1588,151180040,2021-08-15,1.53,0.9282193027394289,125,8
1589,151180040,2021-09-07,0.66,0.5068176023684519,125,9
1590,151180040,2021-09-09,1.25,0.8109302162163288,125,4
1591,151180040,2021-10-02,1.35,0.8544153281560676,125,10
1592,151180040,2021-10-09,2.5,1.252762968495368,125,5
1593,151180040,2021-10-29,2.69,1.3056264580524357,125,11
1594,151180040,2021-11-01,5.77,1.9125010869241836,125,6
1595,150150010,2021-08-13,1.04,0.712949807856125,123,240
1596,150150020,2021-08-13,0.24,0.2151113796169455,124,5
1597,150150010,2021-09-05,0.69,0.5247285289349821,123,241
1598,150150020,2021-09-05,0.16,0.14842000511827327,124,4
1599,150150010,2021-10-10,1.46,0.9001613499442714,123,239
1600,150150020,2021-10-10,0.31,0.27002713721306015,124,3
1601,149180090,2021-08-15,0.39,0.3293037471426004,127,241
1602,149180090,2021-09-09,0.2,0.18232155679395462,127,238
1603,149180090,2021-10-04,0.28,0.2468600779315258,127,242
1604,149180090,2021-10-09,0.32,0.2776317365982795,127,239
1605,149180090,2021-10-29,0.27,0.23901690047049992,127,240
1606,151220050,2021-08-07,0.42,0.35065687161316933,132,145
1607,151220050,2021-09-03,0.44,0.36464311358790924,132,146
1608,151220050,2021-10-08,0.51,0.412109650826833,132,141
1609,151220050,2021-10-31,1.16,0.7701082216960736,132,142
1610,151220050,2021-11-10,1.31,0.8372475245337022,132,143
1611,151220050,2021-11-25,1.06,0.7227059828014898,132,144
1612,150200010,2021-09-06,1.71,0.9969486348916095,130,115
1613,150200010,2021-09-09,1.64,0.9707789171582247,130,111
1614,150200010,2021-10-04,2.09,1.128171090909654,130,116
1615,150200010,2021-10-09,3.52,1.5085119938441398,130,112
1616,150200010,2021-10-29,2.99,1.3837912309017721,130,113
1617,150200010,2021-10-31,7.2,2.1041341542702074,130,117
1618,150200010,2021-11-03,8.13,2.211565694606877,130,118
1619,150200010,2021-11-25,2.73,1.3164082336557241,130,114
1620,150210030,2021-09-06,0.44,0.36464311358790924,130,188
1621,150210030,2021-09-09,0.33,0.2851789422336624,130,184
1622,150210030,2021-10-04,0.32,0.2776317365982795,130,190
1623,150210030,2021-10-09,0.56,0.44468582126144574,130,185
1624,150210030,2021-10-31,5.55,1.8794650496471605,130,186
1625,150210030,2021-11-03,1.39,0.8712933659434192,130,189
1626,150210030,2021-11-10,0.55,0.4382549309311553,130,191
1627,150210030,2021-11-25,0.7,0.5306282510621704,130,187
1628,152200110,2021-08-07,714.0,6.5722825426940075,127,151
1629,152200110,2021-09-06,637.0,6.45833828334479,127,153
1630,152200110,2021-09-09,621.0,6.432940092739179,127,152
1631,152200110,2021-10-01,476.0,6.1675164908883415,127,154
1632,152200110,2021-10-09,606.0,6.408528791059498,127,148
1633,152200110,2021-10-29,873.0,6.773080375655535,127,149
1634,152200110,2021-11-10,1220.0,7.107425474110705,127,150
1635,150200120,2021-09-09,1.06,0.7227059828014898,130,144
1636,150200120,2021-10-09,5.6,1.8870696490323797,130,145
1637,150200120,2021-10-29,3.78,1.5644405465033646,130,146
1638,150200120,2021-11-25,3.89,1.5871923034867808,130,147
1639,153150020,2021-09-10,0.4,0.33647223662121295,126,24
1640,153150020,2021-10-10,0.05,0.04879016416943201,126,25
1641,153150020,2021-10-30,0.08,0.07696104113612832,126,26
1642,152160130,2021-09-02,0.48,0.3920420877760237,125,61
1643,152160130,2021-11-01,0.46,0.3784364357202451,125,60
1644,150160130,2021-11-01,3.99,1.6074359097634274,123,108
1645,153170110,2021-09-07,0.37,0.31481073984003355,135,190
1646,153170110,2021-11-01,0.29,0.2546422183735807,135,191
1647,150190220,2021-08-15,3.85,1.578978704949392,124,71
1648,150190220,2021-09-09,2.05,1.11514159061932,124,69
1649,150190220,2021-10-09,7.34,2.1210632163706555,124,70
1650,150190220,2021-10-29,5.61,1.888583653863595,124,72
1651,149200060,2021-09-06,0.75,0.5596157879354227,129,92
1652,149200080,2021-09-06,0.67,0.5128236264286637,129,127
1653,149200060,2021-09-09,0.6,0.4700036292457356,129,87
1654,149200080,2021-09-09,0.58,0.4574248470388754,129,122
1655,149200060,2021-10-04,2.4,1.2237754316221157,129,93
1656,149200080,2021-10-04,2.61,1.2837077723447896,129,128
1657,149200060,2021-10-09,9.5,2.3513752571634776,129,88
1658,149200080,2021-10-09,5.12,1.8115620965242347,129,123
1659,149200060,2021-10-29,3.54,1.5129270120532565,129,89
1660,149200080,2021-10-29,5.05,1.80005827204275,129,124
1661,149200060,2021-10-31,21.0,3.091042453358316,129,90
1662,149200080,2021-10-31,40.7,3.7305011288047556,129,125
1663,149200060,2021-11-25,2.27,1.184789984909162,129,91
1664,149200080,2021-11-25,3.41,1.4838746894587547,129,126
1665,149200300,2021-09-06,13.4,2.667228206581955,130,77
1666,149200300,2021-09-26,11.6,2.533696813957432,130,78
1667,149200300,2021-10-31,82.7,4.4272389774954295,130,76
1668,149200290,2021-09-06,14.8,2.760009940032921,130,81
1669,149200290,2021-09-26,12.8,2.624668592163159,130,80
1670,149200290,2021-10-31,92.2,4.534747721691546,130,79
1671,153210040,2021-09-09,2.06,1.1184149159642893,134,39
1672,153210040,2021-09-11,2.92,1.366091653802371,134,38
1673,153210040,2021-10-09,1.38,0.8671004876833832,134,37
1674,152140120,2021-09-10,0.63,0.48858001481867097,126,7
1675,152140120,2021-10-10,0.37,0.31481073984003355,126,8
1676,153160070,2021-09-05,1.26,0.8153648132841945,125,215
1677,153160070,2021-09-07,1.24,0.8064758658669485,125,214
1678,153160070,2021-09-10,1.33,0.8458682675776092,125,213
1679,153160070,2021-10-10,1.17,0.7747271675523681,125,216
1680,153160070,2021-10-30,1.27,0.8197798314933114,125,217
1681,150180260,2021-09-09,1.27,0.8197798314933114,128,82
1682,150180260,2021-10-09,4.62,1.7263316639055997,128,83
1683,151170090,2021-08-13,0.23,0.20701416938432615,123,116
1684,151170090,2021-09-09,0.49,0.3987761199573678,123,114
1685,151170090,2021-10-09,0.6,0.4700036292457356,123,115
1686,152230090,2021-09-03,3.81,1.5706970841176697,133,56
1687,152230090,2021-09-08,7.18,2.1016921506146558,133,55
1688,152230090,2021-09-26,2.78,1.3297240096314962,133,57
1689,152230090,2021-10-08,7.57,2.1482677326096886,133,53
1690,152230090,2021-10-31,4.76,1.7509374747077997,133,54
1691,152230100,2021-09-03,0.82,0.598836501088704,133,109
1692,152230100,2021-09-08,3.14,1.420695787837223,133,110
1693,152230100,2021-09-26,0.92,0.6523251860396903,133,111
1694,152230100,2021-10-08,2.46,1.2412685890696329,133,107
1695,152230100,2021-10-31,1.32,0.8415671856782186,133,108
1696,150180090,2021-08-15,0.35,0.30010459245033805,122,107
1697,150180090,2021-09-09,0.31,0.27002713721306015,122,102
1698,150180090,2021-10-09,0.31,0.27002713721306015,122,103
1699,150180090,2021-10-29,0.21,0.1906203596086497,122,104
1700,150180090,2021-11-06,0.26,0.23111172096338664,122,106
1701,150180090,2021-11-16,0.23,0.20701416938432615,122,105
1702,151180090,2021-08-15,0.74,0.5538851132264376,124,162
1703,151180090,2021-09-07,0.52,0.41871033485818504,124,163
1704,151180090,2021-09-09,0.56,0.44468582126144574,124,159
1705,151180090,2021-10-09,0.84,0.6097655716208943,124,160
1706,151180090,2021-10-29,0.83,0.6043159668533296,124,164
1707,151180090,2021-11-01,1.38,0.8671004876833832,124,161
1708,149200120,2021-09-06,0.85,0.6151856390902335,130,60
1709,149200120,2021-09-09,0.7,0.5306282510621704,130,59
1710,149200120,2021-09-26,1.01,0.6981347220709844,130,61
1711,149200120,2021-10-04,1.02,0.7030975114131134,130,63
1712,149200120,2021-10-09,2.07,1.1216775615991057,130,58
1713,149200120,2021-10-19,0.81,0.5933268452777344,130,62
1714,149200120,2021-10-24,2.62,1.2864740258376797,130,64
1715,149200120,2021-10-29,1.59,0.9516578757114464,130,56
1716,149200120,2021-10-31,19.0,2.995732273553991,130,57
1717,150230010,2021-08-07,4.43,1.691939133945844,132,25
1718,150230010,2021-08-22,4.47,1.6992786164338898,132,27
1719,150230010,2021-09-03,12.9,2.631888840136646,132,26
1720,150230010,2021-10-08,7.98,2.194999882314108,132,21
1721,150230010,2021-10-31,11.0,2.4849066497880004,132,22
1722,150230010,2021-11-10,5.66,1.8961194845522977,132,23
1723,150230010,2021-11-25,8.07,2.2049722641270453,132,24
1724,150170120,2021-08-13,0.59,0.46373401623214017,123,63
1725,150170120,2021-09-09,0.82,0.598836501088704,123,61
1726,150170120,2021-10-09,0.48,0.3920420877760237,123,62
1727,150170120,2021-10-29,0.32,0.2776317365982795,123,64
1728,149220210,2021-09-06,4.27,1.6620303625532709,131,109
1729,149220210,2021-10-08,1.89,1.0612565021243408,131,106
1730,149220210,2021-10-31,4.68,1.7369512327330598,131,107
1731,149220210,2021-11-10,2.63,1.2892326482767593,131,108
1732,152150050,2021-08-13,145.0,4.983606621708336,122,37
1733,152150050,2021-09-02,121.0,4.804021044733257,122,38
1734,152150050,2021-09-10,99.3,4.60816569496789,122,35
1735,152150050,2021-10-10,262.0,5.572154032177765,122,36
1736,150210080,2021-09-06,0.52,0.41871033485818504,131,240
1737,150210080,2021-10-31,4.66,1.7334238922150915,131,238
1738,150210080,2021-11-25,2.16,1.1505720275988207,131,239
1739,150220030,2021-09-03,145.0,4.983606621708336,131,41
1740,150220030,2021-09-06,122.0,4.812184355372417,131,40
1741,150220030,2021-09-08,85.1,4.455509411433685,131,42
1742,150220030,2021-10-08,55.6,4.036008985209137,131,37
1743,150220030,2021-10-31,132.0,4.890349128221754,131,38
1744,150220030,2021-11-25,111.0,4.718498871295094,131,39
1745,150190100,2021-08-15,5.29,1.8389610707123492,128,122
1746,150190100,2021-09-06,4.56,1.715598108262491,128,116
1747,150190100,2021-09-09,4.95,1.7833912195575383,128,117
1748,150190100,2021-10-01,4.65,1.7316555451583495,128,123
1749,150190100,2021-10-04,4.56,1.715598108262491,128,121
1750,150190100,2021-10-09,5.44,1.8625285401162623,128,118
1751,150190100,2021-10-29,4.87,1.769854633840005,128,119
1752,150190100,2021-10-31,10.1,2.4069451083182885,128,120
1753,150180210,2021-08-15,0.73,0.5481214085096876,124,151
1754,150180210,2021-09-09,0.53,0.4252677354043441,124,149
1755,150180210,2021-10-09,0.77,0.5709795465857378,124,150
1756,150180210,2021-10-29,0.87,0.6259384308664953,124,152
1757,150180210,2021-11-03,4.95,1.7833912195575383,124,153
1758,152180090,2021-09-07,0.59,0.46373401623214017,125,114
1759,152180090,2021-09-09,0.92,0.6523251860396903,125,113
1760,152180090,2021-09-27,0.69,0.5247285289349821,125,117
1761,152180090,2021-09-29,0.51,0.412109650826833,125,115
1762,152180090,2021-10-09,0.62,0.4824261492442927,125,111
1763,152180090,2021-10-29,0.59,0.46373401623214017,125,116
1764,152180090,2021-11-01,0.92,0.6523251860396903,125,112
1765,151150150,2021-08-13,129.0,4.867534450455582,122,29
1766,151150150,2021-09-02,93.3,4.546481189639412,122,30
1767,151150150,2021-10-10,229.0,5.438079308923196,122,28
1768,152170060,2021-09-02,32.3,3.505557396986398,124,128
1769,152170060,2021-09-09,33.7,3.5467396869528134,124,126
1770,152170060,2021-10-09,37.7,3.655839600035736,124,124
1771,152170060,2021-10-29,54.4,4.014579593753238,124,127
1772,152170060,2021-11-01,61.3,4.131961425793407,124,125
1773,152150190,2021-08-13,41.4,3.747148362237912,125,147
1774,152150190,2021-09-02,31.4,3.4781584227982836,125,148
1775,152150190,2021-10-10,26.3,3.306886702190914,125,146
1776,152210130,2021-08-07,0.73,0.5481214085096876,134,187
1777,152210130,2021-09-09,2.26,1.1817271953786161,134,185
1778,152210130,2021-09-29,0.85,0.6151856390902335,134,186
1779,152210130,2021-10-09,1.13,0.7561219797213337,134,184
1780,152210130,2021-10-29,1.36,0.8586616190375187,134,188
1781,152210130,2021-10-31,1.32,0.8415671856782186,134,189
1782,151200090,2021-09-06,15.7,2.8154087194227095,132,222
1783,151200090,2021-09-09,15.8,2.8213788864092133,132,223
1784,151200090,2021-10-09,27.0,3.332204510175204,132,218
1785,151200090,2021-10-29,29.6,3.4210000089583352,132,219
1786,151200090,2021-11-10,36.1,3.6136169696133895,132,220
1787,151200090,2021-11-25,29.6,3.4210000089583352,132,221
1788,153190090,2021-08-13,9.42,2.343727036325221,135,117
1789,153190090,2021-09-09,8.44,2.2449559801574095,135,116
1790,153190090,2021-09-27,8.97,2.299580583973747,135,114
1791,153190090,2021-10-09,10.6,2.451005098112319,135,118
1792,153190090,2021-11-01,11.9,2.5572273113676265,135,115
1793,154190110,2021-09-07,1.03,0.708035793053696,136,36
1794,154190110,2021-09-09,0.47,0.3852624007906449,136,34
1795,154190110,2021-09-27,0.18,0.16551443847757338,136,37
1796,154190110,2021-11-01,4.46,1.6974487897568138,136,35
1797,151150100,2021-08-13,2.83,1.3428648031925547,123,249
1798,151150100,2021-09-05,3.01,1.3887912413184778,124,0
1799,151150100,2021-10-10,4.52,1.7083778602890038,123,248
1800,153210210,2021-08-07,72.0,4.290459441148391,133,90
1801,153210210,2021-08-10,65.2,4.192680462942962,133,86
1802,153210210,2021-09-09,73.4,4.309455941839047,133,88
1803,153210210,2021-09-11,65.9,4.203198967134183,133,87
1804,153210210,2021-09-29,56.0,4.04305126783455,133,89
1805,153210210,2021-10-09,69.3,4.252771798816619,133,85
1806,151150040,2021-08-13,25.4,3.2733640101522705,123,218
1807,151150040,2021-09-02,24.9,3.254242968705492,123,219
1808,151150040,2021-09-10,22.4,3.152736022363656,123,216
1809,151150040,2021-10-10,28.8,3.3945083935113587,123,217
1810,149220010,2021-08-19,0.1,0.09531017980432487,131,153
1811,149220010,2021-09-06,0.17,0.15700374880966475,131,151
1812,149220010,2021-09-08,0.11,0.10436001532424277,131,152
1813,149220010,2021-10-08,0.09,0.08617769624105233,131,149
1814,149220010,2021-10-31,1.0,0.6931471805599453,131,150
1815,153230170,2021-09-03,1.25,0.8109302162163288,133,129
1816,153230170,2021-09-08,2.73,1.3164082336557241,133,130
1817,153230170,2021-09-11,1.97,1.0885619528146082,133,131
1818,153230170,2021-09-26,1.02,0.7030975114131134,133,132
1819,153230170,2021-10-08,3.47,1.4973884086254774,133,127
1820,153230170,2021-10-31,1.97,1.0885619528146082,133,128
1821,153230170,2021-11-10,1.13,0.7561219797213337,133,133
1822,149200240,2021-09-06,48.3,3.8979240810486444,129,219
1823,149200250,2021-09-06,1.62,0.9631743177730056,130,91
1824,149200260,2021-09-06,0.19,0.173953307123438,130,96
1825,149200240,2021-09-26,49.7,3.9259259105971376,129,220
1826,149200250,2021-09-26,1.84,1.0438040521731147,130,92
1827,149200260,2021-09-26,0.54,0.43178241642553783,130,97
1828,149200240,2021-10-31,463.0,6.139884552226255,129,217
1829,149200250,2021-10-31,30.3,3.4436180975461075,130,89
1830,149200260,2021-10-31,10.3,2.424802725718295,130,94
1831,149200250,2021-11-10,2.04,1.1118575154181303,130,93
1832,149200240,2021-11-25,63.0,4.1588830833596715,129,218
1833,149200250,2021-11-25,4.05,1.6193882432872684,130,90
1834,149200260,2021-11-25,1.16,0.7701082216960736,130,95
1835,149200030,2021-09-06,4.0,1.6094379124341003,129,185
1836,149200030,2021-09-09,3.4,1.4816045409242156,129,184
1837,149200030,2021-09-26,8.38,2.238579763018133,129,186
1838,149200030,2021-10-04,5.64,1.8931119634883424,129,187
1839,149200030,2021-10-09,15.5,2.803360380906535,129,181
1840,149200030,2021-10-19,5.16,1.8180767775454285,129,188
1841,149200030,2021-10-29,8.16,2.214846178686039,129,182
1842,149200030,2021-10-31,61.1,4.128745988939433,129,183
1843,149200050,2021-09-06,7.45,2.1341664413690826,129,193
1844,149200050,2021-09-09,6.51,2.0162354657760435,129,192
1845,149200050,2021-09-26,15.5,2.803360380906535,129,194
1846,149200050,2021-10-04,10.5,2.4423470353692043,129,195
1847,149200050,2021-10-09,23.5,3.1986731175506815,129,189
1848,149200050,2021-10-19,9.08,2.3105532626432224,129,196
1849,149200050,2021-10-29,17.2,2.9014215940827497,129,190
1850,149200050,2021-10-31,104.0,4.653960350157523,129,191
1851,150170060,2021-08-15,10.7,2.4595888418037104,123,17
1852,150170060,2021-09-09,10.6,2.451005098112319,123,15
1853,150170060,2021-10-09,9.74,2.3739750890807185,123,16
1854,150170060,2021-10-29,37.9,3.6609942506244004,123,18
1855,150170060,2021-11-01,21.8,3.126760535960395,123,19
1856,152160100,2021-09-05,37.8,3.6584202466292277,124,136
1857,152160100,2021-09-07,37.1,3.6402142821326553,124,137
1858,152160100,2021-10-10,35.7,3.6027767550605247,124,133
1859,152160100,2021-10-25,52.3,3.975936331171799,124,134
1860,152160100,2021-11-01,57.4,4.067315889834181,124,135
1861,152160030,2021-09-02,0.23,0.20701416938432615,125,101
1862,152160030,2021-10-10,0.22,0.1988508587451652,125,100
1863,154170230,2021-09-05,0.14,0.1310282624064041,126,168
1864,154170230,2021-09-07,0.15,0.13976194237515868,126,164
1865,154170230,2021-09-10,0.14,0.1310282624064041,126,166
1866,154170230,2021-09-27,0.13,0.12221763272424921,126,163
1867,154170230,2021-10-10,0.13,0.12221763272424921,126,162
1868,154170230,2021-10-25,0.17,0.15700374880966475,126,167
1869,154170230,2021-11-01,0.16,0.14842000511827327,126,165
1870,151170070,2021-09-02,0.15,0.13976194237515868,123,156
1871,151170080,2021-09-02,0.028,0.027615167032973367,123,167
1872,151170070,2021-09-09,0.28,0.2468600779315258,123,155
1873,151170080,2021-09-09,0.1,0.09531017980432487,123,166
1874,151170070,2021-10-09,0.16,0.14842000511827327,123,153
1875,151170080,2021-10-09,0.022,0.02176149178151269,123,164
1876,151170070,2021-11-01,0.5,0.4054651081081644,123,154
1877,151170080,2021-11-01,0.13,0.12221763272424921,123,165
1878,151200080,2021-09-06,3.77,1.5623463049002497,133,25
1879,151200080,2021-09-09,3.19,1.4327007339340463,133,26
1880,151200080,2021-10-09,15.1,2.7788192719904172,133,21
1881,151200080,2021-10-29,4.43,1.691939133945844,133,22
1882,151200080,2021-10-31,10.0,2.3978952727983707,133,27
1883,151200080,2021-11-10,4.38,1.682688374173693,133,24
1884,151200080,2021-11-25,4.76,1.7509374747077997,133,23
1885,150190330,2021-09-06,0.35,0.30010459245033805,129,76
1886,150190330,2021-09-09,0.45,0.37156355643248307,129,71
1887,150190330,2021-10-04,0.35,0.30010459245033805,129,77
1888,150190330,2021-10-09,0.51,0.412109650826833,129,72
1889,150190330,2021-10-29,0.38,0.32208349916911333,129,73
1890,150190330,2021-10-31,0.86,0.6205764877251099,129,74
1891,150190330,2021-11-25,0.4,0.33647223662121295,129,75
1892,153160250,2021-09-05,0.06,0.058268908123975775,125,205
1893,153160250,2021-09-07,0.06,0.058268908123975775,125,206
1894,153160250,2021-09-10,0.07,0.06765864847381481,125,203
1895,153160250,2021-10-10,0.05,0.04879016416943201,125,204
1896,153160250,2021-10-25,0.036,0.035367143837291316,125,207
1897,153140110,2021-09-10,1.13,0.7561219797213337,126,12
1898,153140110,2021-10-10,0.89,0.636576829071551,126,13
1899,151230030,2021-08-07,0.79,0.5822156198526637,134,144
1900,151230030,2021-09-03,0.93,0.6575200029167942,134,143
1901,151230030,2021-10-08,1.47,0.9042181506398859,134,140
1902,151230030,2021-10-31,3.3,1.4586150226995167,134,141
1903,151230030,2021-11-10,2.26,1.1817271953786161,134,142
1904,149220030,2021-09-06,17.2,2.9014215940827497,131,14
1905,149220030,2021-09-08,29.3,3.4111477125153233,131,15
1906,149220030,2021-10-08,11.1,2.4932054526026954,131,12
1907,149220030,2021-10-31,26.7,3.3214324131932926,131,13
1908,153200070,2021-09-09,2.83,1.3428648031925547,136,59
1909,153200070,2021-10-09,3.09,1.4085449700547104,136,60
1910,149180300,2021-09-09,20.8,3.0819099697950434,122,3
1911,149180300,2021-10-09,59.4,4.100989104940769,122,4
1912,149180300,2021-10-29,36.4,3.6216707044204863,122,5
1913,150170030,2021-08-13,2.84,1.3454723665996355,123,87
1914,150170030,2021-09-09,7.03,2.0831845279586703,123,85
1915,150170030,2021-10-09,3.34,1.4678743481123135,123,86
1916,151180010,2021-08-15,0.25,0.22314355131420976,125,41
1917,151180010,2021-09-09,1.37,0.8628899551470399,125,42
1918,151180010,2021-10-02,0.19,0.173953307123438,125,43
1919,151180010,2021-10-09,0.33,0.2851789422336624,125,39
1920,151180010,2021-10-29,0.67,0.5128236264286637,125,44
1921,151180010,2021-11-01,1.87,1.0543120297715298,125,40
1922,151200040,2021-09-06,1.7,0.9932517730102834,133,19
1923,151200040,2021-09-09,1.99,1.095273387402595,133,14
1924,151200040,2021-10-04,1.46,0.9001613499442714,133,20
1925,151200040,2021-10-09,8.05,2.2027647577118348,133,15
1926,151200040,2021-10-29,3.06,1.4011829736136412,133,16
1927,151200040,2021-11-10,2.29,1.1908875647772805,133,17
1928,151200040,2021-11-25,2.05,1.11514159061932,133,18
1929,150230050,2021-08-07,0.62,0.4824261492442927,132,77
1930,150230050,2021-10-08,1.65,0.9745596399981308,132,73
1931,150230050,2021-10-31,1.2,0.7884573603642702,132,74
1932,150230050,2021-11-10,0.88,0.6312717768418579,132,75
1933,150230050,2021-11-25,1.07,0.7275486072772778,132,76
1934,151160140,2021-09-10,1.69,0.9895411936137477,123,162
1935,151160140,2021-10-10,1.53,0.9282193027394289,123,163
1936,149190260,2021-09-06,0.74,0.5538851132264376,128,248
1937,149190260,2021-09-09,0.63,0.48858001481867097,128,243
1938,149190260,2021-10-04,2.38,1.2178757094949273,128,249
1939,149190260,2021-10-09,4.16,1.6409365794934714,128,244
1940,149190260,2021-10-29,3.44,1.4906543764441333,128,245
1941,149190260,2021-10-31,19.2,3.005682604407159,128,246
1942,149190260,2021-11-25,1.61,0.9593502213346021,128,247
1943,153220160,2021-09-11,3.2,1.4350845252893227,133,237
1944,153220170,2021-09-11,6.74,2.046401687601636,133,169
1945,153220160,2021-10-31,3.82,1.5727739280625088,133,236
1946,153220170,2021-10-31,6.74,2.046401687601636,133,168
1947,153210090,2021-08-07,75.7,4.33990170837321,133,93
1948,153210090,2021-09-09,76.1,4.345103280569283,133,94
1949,153210090,2021-09-11,69.9,4.2612704335380815,133,92
1950,153210090,2021-10-09,75.4,4.335982696172475,133,91
1951,151150020,2021-08-13,1.99,1.095273387402595,124,37
1952,151150020,2021-09-05,1.65,0.9745596399981308,124,38
1953,151150020,2021-09-10,8.15,2.21375387928743,124,36
1954,151150020,2021-10-10,2.28,1.1878434223960523,124,35
1955,150220160,2021-09-06,7.48,2.1377104498038118,131,174
1956,150220160,2021-10-08,3.3,1.4586150226995167,131,171
1957,150220160,2021-10-31,7.64,2.1564025828159643,131,172
1958,150220160,2021-11-10,3.25,1.4469189829363254,131,173
1959,150190160,2021-09-06,4.0,1.6094379124341003,128,163
1960,150190160,2021-09-09,3.98,1.6054298910365616,128,164
1961,150190160,2021-09-11,5.71,1.9035989509835904,128,168
1962,150190160,2021-10-01,4.56,1.715598108262491,128,170
1963,150190160,2021-10-04,6.39,2.0001277349601105,128,169
1964,150190160,2021-10-09,80.7,4.403054001865957,128,165
1965,150190160,2021-10-29,22.3,3.148453360571655,128,166
1966,150190160,2021-10-31,129.0,4.867534450455582,128,167
1967,150190160,2021-11-03,148.0,5.003946305945459,128,171
1968,152180130,2021-08-13,1.33,0.8458682675776092,135,89
1969,152180130,2021-09-07,0.17,0.15700374880966475,135,91
1970,152180130,2021-09-09,0.2,0.18232155679395462,135,90
1971,152180130,2021-09-27,0.41,0.3435897043900769,135,92
1972,152180130,2021-09-29,0.42,0.35065687161316933,135,93
1973,152180130,2021-10-09,0.58,0.4574248470388754,135,87
1974,152180130,2021-10-29,0.19,0.173953307123438,135,94
1975,152180130,2021-11-01,0.22,0.1988508587451652,135,88
1976,151210100,2021-08-07,0.42,0.35065687161316933,132,181
1977,151210100,2021-10-31,1.52,0.924258901523332,132,178
1978,151210100,2021-11-10,0.6,0.4700036292457356,132,179
1979,151210100,2021-11-25,0.82,0.598836501088704,132,180
1980,152180030,2021-08-13,4.09,1.6272778305624314,125,120
1981,152180030,2021-09-07,3.39,1.47932922708708,125,121
1982,152180030,2021-10-09,3.38,1.4770487243883548,125,118
1983,152180030,2021-11-01,3.48,1.4996230464268938,125,119
1984,151220120,2021-08-07,0.67,0.5128236264286637,132,132
1985,151220120,2021-09-03,0.64,0.49469624183610705,132,133
1986,151220120,2021-10-08,0.52,0.41871033485818504,132,129
1987,151220120,2021-10-31,2.69,1.3056264580524357,132,130
1988,151220120,2021-11-10,1.64,0.9707789171582247,132,131
1989,152190080,2021-08-13,1.77,1.0188473201992472,135,63
1990,152190080,2021-09-07,2.04,1.1118575154181303,135,65
1991,152190080,2021-09-09,2.23,1.172482137234565,135,64
1992,152190080,2021-09-27,4.42,1.6900958154515549,135,66
1993,152190080,2021-09-29,3.98,1.6054298910365616,135,67
1994,152190080,2021-10-09,5.24,1.8309801823813363,135,61
1995,152190080,2021-11-01,7.25,2.1102132003465894,135,62
1996,154190100,2021-08-13,0.52,0.41871033485818504,136,32
1997,154190100,2021-09-07,0.8,0.5877866649021191,136,31
1998,154190100,2021-09-09,0.5,0.4054651081081644,136,28
1999,154190100,2021-09-27,0.39,0.3293037471426004,136,29
2000,154190100,2021-10-09,0.58,0.4574248470388754,136,33
2001,154190100,2021-11-01,7.72,2.1656192379208883,136,30
2002,152230050,2021-08-07,1.36,0.8586616190375187,134,158
2003,152230050,2021-09-03,1.23,0.8020015854720274,134,159
2004,152230050,2021-10-08,1.48,0.9082585601768908,134,155
2005,152230050,2021-10-31,3.66,1.5390154481375546,134,156
2006,152230050,2021-11-10,2.37,1.2149127443642704,134,157
2007,149190150,2021-09-06,1.5,0.9162907318741551,128,201
2008,149190150,2021-09-09,1.45,0.8960880245566356,128,202
2009,149190150,2021-09-11,1.42,0.8837675401685949,128,206
2010,149190150,2021-10-01,1.53,0.9282193027394289,128,208
2011,149190150,2021-10-04,1.55,0.9360933591703348,128,207
2012,149190150,2021-10-09,4.12,1.6331544390514163,128,203
2013,149190150,2021-10-29,5.69,1.900613874140137,128,204
2014,149190150,2021-10-31,56.4,4.050044303325521,128,205
2015,149190150,2021-11-03,9.85,2.3841650799864684,128,209
2016,154200040,2021-09-09,1.13,0.7561219797213337,136,63
2017,152210020,2021-08-07,1.01,0.6981347220709844,133,45
2018,152210020,2021-09-04,2.04,1.1118575154181303,133,43
2019,152210020,2021-09-06,2.09,1.128171090909654,133,44
2020,152210020,2021-09-09,1.32,0.8415671856782186,133,42
2021,152210020,2021-09-29,2.18,1.1568811967920856,133,46
2022,152210020,2021-10-09,8.13,2.211565694606877,133,37
2023,152210020,2021-10-14,6.61,2.0294631718735947,133,47
2024,152210020,2021-10-29,7.7,2.1633230256605382,133,38
2025,152210020,2021-10-31,9.08,2.3105532626432224,133,39
2026,152210020,2021-11-10,3.11,1.4134230285081433,133,40
2027,152210020,2021-11-25,4.12,1.6331544390514163,133,41
2028,151160100,2021-08-13,3.5,1.5040773967762742,123,133
2029,151160100,2021-09-05,1.81,1.0331844833456545,123,134
2030,151160100,2021-10-10,3.95,1.599387576580599,123,132
2031,153220010,2021-08-10,45.5,3.839452312593311,133,82
2032,153220010,2021-09-09,57.6,4.070734696582967,133,84
2033,153220010,2021-09-11,48.2,3.8958936234982624,133,83
2034,153220010,2021-10-09,51.7,3.9646154555473165,133,81
2035,150150050,2021-09-05,1.05,0.7178397931503169,123,230
2036,150150050,2021-10-10,1.05,0.7178397931503169,123,229
2037,154160100,2021-09-05,0.25,0.22314355131420976,126,119
2038,154160100,2021-09-07,0.2,0.18232155679395462,126,118
2039,154160100,2021-09-27,0.21,0.1906203596086497,126,120
2040,154160100,2021-10-10,0.23,0.20701416938432615,126,121
2041,150150060,2021-09-05,7.2,2.1041341542702074,123,202
2042,150150060,2021-10-10,12.9,2.631888840136646,123,201
2043,153160180,2021-09-05,15.7,2.8154087194227095,125,191
2044,153160180,2021-09-07,15.4,2.797281334830153,125,192
2045,153160180,2021-10-10,13.4,2.667228206581955,125,188
2046,153160180,2021-10-25,12.1,2.5726122302071057,125,189
2047,153160180,2021-11-01,13.9,2.7013612129514133,125,190
2048,150200080,2021-09-06,8.65,2.2669579153508947,130,129
2049,150200080,2021-09-09,8.41,2.2417729535972883,130,124
2050,150200080,2021-10-04,9.86,2.3850863145057892,130,130
2051,150200080,2021-10-09,36.1,3.6136169696133895,130,125
2052,150200080,2021-10-29,21.9,3.131136910560194,130,126
2053,150200080,2021-10-31,28.7,3.391147045808654,130,127
2054,153210190,2021-08-10,10.6,2.451005098112319,133,248
2055,153210190,2021-09-09,8.64,2.265921108622454,134,0
2056,153210190,2021-09-11,9.22,2.3243465847755584,133,249
2057,153210190,2021-10-09,9.74,2.3739750890807185,133,247
2058,151180020,2021-08-15,3.91,1.5912739418064292,125,14
2059,151180020,2021-09-04,1.83,1.0402767116551463,125,17
2060,151180020,2021-09-09,2.55,1.2669476034873244,125,15
2061,151180020,2021-10-02,2.5,1.252762968495368,125,16
2062,151180020,2021-10-09,5.11,1.809926773183504,125,12
2063,151180020,2021-11-01,9.69,2.3693087250369538,125,13
2064,150190190,2021-08-15,0.25,0.22314355131420976,128,27
2065,150190190,2021-09-06,0.21,0.1906203596086497,128,21
2066,150190190,2021-09-09,0.23,0.20701416938432615,128,22
2067,150190190,2021-09-11,0.23,0.20701416938432615,128,28
2068,150190190,2021-10-04,0.26,0.23111172096338664,128,29
2069,150190190,2021-10-09,0.41,0.3435897043900769,128,23
2070,150190190,2021-10-29,0.33,0.2851789422336624,128,24
2071,150190190,2021-10-31,9.23,2.325324579963535,128,25
2072,150190190,2021-11-25,0.35,0.30010459245033805,128,26
2073,152230040,2021-09-03,4.25,1.6582280766035324,133,61
2074,152230040,2021-09-08,7.17,2.1004689088719113,133,60
2075,152230040,2021-09-26,4.35,1.6770965609079151,133,62
2076,152230040,2021-10-08,11.9,2.5572273113676265,133,58
2077,152230040,2021-10-31,7.07,2.0881534822818573,133,59
2078,152230040,2021-11-10,5.52,1.8748743759385615,133,63
2079,151180140,2021-08-13,5.46,1.8656293177945105,124,176
2080,151180140,2021-08-15,5.5,1.8718021769015913,124,174
2081,151180140,2021-09-04,4.8,1.7578579175523736,124,177
2082,151180140,2021-09-07,4.52,1.7083778602890038,124,178
2083,151180140,2021-09-09,4.82,1.7613002617433464,124,175
2084,151180140,2021-10-02,4.51,1.706564623164823,124,180
2085,151180140,2021-10-09,7.4,2.128231705849268,124,172
2086,151180140,2021-10-29,9.44,2.3456445824544927,124,179
2087,151180140,2021-11-01,18.2,2.9549102790337356,124,173
2088,150150190,2021-09-05,0.38,0.32208349916911333,123,234
2089,150150190,2021-10-10,0.41,0.3435897043900769,123,233
2090,149180230,2021-08-15,0.32,0.2776317365982795,127,219
2091,149180230,2021-09-09,0.28,0.2468600779315258,127,216
2092,149180230,2021-10-04,0.27,0.23901690047049992,127,220
2093,149180230,2021-10-09,1.38,0.8671004876833832,127,217
2094,149180230,2021-10-29,1.65,0.9745596399981308,127,218
2095,154170130,2021-09-05,0.6,0.4700036292457356,126,211
2096,154170130,2021-09-07,0.59,0.46373401623214017,126,212
2097,154170130,2021-09-10,0.6,0.4700036292457356,126,210
2098,154170130,2021-09-27,0.62,0.4824261492442927,126,214
2099,154170130,2021-10-10,0.62,0.4824261492442927,126,213
2100,154170130,2021-10-25,0.56,0.44468582126144574,126,215
2101,149220140,2021-08-14,0.69,0.5247285289349821,131,58
2102,149220140,2021-09-06,0.73,0.5481214085096876,131,59
2103,149220140,2021-09-08,0.52,0.41871033485818504,131,61
2104,149220140,2021-10-03,0.49,0.3987761199573678,131,60
2105,149220140,2021-10-08,0.49,0.3987761199573678,131,55
2106,149220140,2021-10-31,1.61,0.9593502213346021,131,56
2107,149220140,2021-11-10,0.46,0.3784364357202451,131,62
2108,149220140,2021-11-12,0.45,0.37156355643248307,131,57
2109,150210100,2021-09-06,2.62,1.2864740258376797,130,183
2110,150210100,2021-10-31,17.7,2.928523523860541,130,182
2111,152140130,2021-08-13,175.0,5.170483995038151,122,43
2112,152140130,2021-09-02,158.0,5.0689042022202315,122,41
2113,152140130,2021-09-10,117.0,4.770684624465665,122,39
2114,152140130,2021-10-07,147.0,4.997212273764115,122,42
2115,152140130,2021-10-10,251.0,5.529429087511423,122,40
2116,152140130,2021-10-30,182.0,5.209486152841421,122,44
2117,150200100,2021-09-06,45.6,3.8416005411316,127,85
2118,150200100,2021-09-09,49.2,3.9160150266976834,127,79
2119,150200100,2021-10-04,73.7,4.3134800921387715,127,84
2120,150200100,2021-10-09,318.0,5.765191102784844,127,80
2121,150200100,2021-10-29,108.0,4.6913478822291435,127,81
2122,150200100,2021-10-31,604.0,6.405228458030842,127,82
2123,150200100,2021-11-25,120.0,4.795790545596741,127,83
2124,150190150,2021-09-09,0.68,0.5187937934151676,124,66
2125,150190150,2021-10-09,1.75,1.0116009116784799,124,67
2126,150190150,2021-10-29,2.14,1.144222799920162,124,68
2127,150140010,2021-08-13,3.1,1.410986973710262,124,14
2128,150140010,2021-09-05,3.1,1.410986973710262,124,15
2129,150140010,2021-10-10,3.87,1.5830939370944985,124,13
2130,149200010,2021-09-06,0.71,0.5364933705145685,130,35
2131,149200010,2021-09-09,0.62,0.4824261492442927,130,34
2132,149200010,2021-09-26,1.73,1.0043016091968684,130,36
2133,149200010,2021-10-04,1.44,0.8919980393051105,130,37
2134,149200010,2021-10-09,2.16,1.1505720275988207,130,31
2135,149200010,2021-10-19,0.8,0.5877866649021191,130,38
2136,149200010,2021-10-24,6.37,1.9974177062012453,130,39
2137,149200010,2021-10-29,2.84,1.3454723665996355,130,32
2138,149200010,2021-10-31,8.8,2.2823823856765264,130,33
2139,152230020,2021-08-07,2.75,1.3217558399823195,134,148
2140,152230020,2021-09-03,1.72,1.000631880307906,134,149
2141,152230020,2021-10-08,1.87,1.0543120297715298,134,145
2142,152230020,2021-10-31,5.36,1.8500283773520307,134,146
2143,152230020,2021-11-10,3.49,1.501852701754163,134,147
2144,152180060,2021-09-04,0.028,0.027615167032973367,124,231
2145,152180060,2021-09-07,0.026,0.02566774674857779,124,233
2146,152180060,2021-09-09,0.51,0.412109650826833,124,232
2147,152180060,2021-10-02,0.28,0.2468600779315258,124,234
2148,152180060,2021-10-09,0.77,0.5709795465857378,124,229
2149,152180060,2021-11-01,1.15,0.7654678421395714,124,230
2150,154230010,2021-09-09,0.69,0.5247285289349821,136,95
2151,154230010,2021-09-11,0.65,0.5007752879124893,136,94
2152,154230010,2021-09-26,0.65,0.5007752879124893,136,96
2153,154230010,2021-10-14,0.76,0.5653138090500605,136,97
2154,152160140,2021-09-07,33.9,3.5524868292083815,124,132
2155,152160140,2021-11-01,54.4,4.014579593753238,124,131
2156,154210020,2021-09-09,4.17,1.6428726885203377,136,64
2157,154210020,2021-09-11,9.07,2.309560706730471,136,65
2158,154210020,2021-09-26,3.0,1.3862943611198906,136,66
2159,154210020,2021-09-29,2.79,1.332366019094335,136,67
2160,153220080,2021-08-10,4.3,1.667706820558076,133,225
2161,153220080,2021-09-09,2.2,1.1631508098056809,133,227
2162,153220080,2021-09-11,2.17,1.1537315878891892,133,226
2163,153220080,2021-09-29,2.32,1.199964782928397,133,228
2164,153220080,2021-10-09,2.53,1.2612978709452054,133,224
2165,149200170,2021-09-06,5.11,1.809926773183504,129,120
2166,149200170,2021-09-09,4.92,1.7783364488959144,129,115
2167,149200170,2021-10-04,16.5,2.8622008809294686,129,121
2168,149200170,2021-10-09,35.6,3.6000482404073204,129,116
2169,149200170,2021-10-29,16.0,2.833213344056216,129,117
2170,149200170,2021-10-31,228.0,5.43372200355424,129,118
2171,149200170,2021-11-25,19.1,3.0007198150650303,129,119
2172,150170110,2021-08-15,0.5,0.4054651081081644,122,197
2173,150170110,2021-09-09,0.8,0.5877866649021191,122,195
2174,150170110,2021-10-09,1.01,0.6981347220709844,122,196
2175,150170110,2021-10-29,0.48,0.3920420877760237,122,198
2176,154180260,2021-09-09,1.72,1.000631880307906,136,16
2177,154180270,2021-09-09,6.49,2.0135687975291283,136,14
2178,154180260,2021-11-01,1.09,0.7371640659767197,136,17
2179,154180270,2021-11-01,3.41,1.4838746894587547,136,15
2180,152170040,2021-09-07,0.7,0.5306282510621704,125,77
2181,152170040,2021-10-10,0.42,0.35065687161316933,125,74
2182,152170040,2021-10-25,0.47,0.3852624007906449,125,75
2183,152170040,2021-11-01,0.58,0.4574248470388754,125,76
2184,154210080,2021-09-09,1.89,1.0612565021243408,136,77
2185,154210080,2021-09-11,2.44,1.235471471385307,136,78
2186,154210080,2021-09-26,1.79,1.0260415958332743,136,79
2187,154210080,2021-09-29,1.53,0.9282193027394289,136,80
2188,153220140,2021-09-09,2.99,1.3837912309017721,133,229
2189,153220140,2021-09-11,2.93,1.3686394258811698,133,235
2190,153220140,2021-09-26,3.47,1.4973884086254774,133,232
2191,153220140,2021-09-29,3.3,1.4586150226995167,133,234
2192,153220140,2021-10-09,3.6,1.5260563034950494,133,230
2193,153220140,2021-10-29,3.56,1.5173226235262947,133,233
2194,153220140,2021-10-31,3.68,1.5432981099295553,133,231
2195,150190120,2021-08-15,0.71,0.5364933705145685,128,33
2196,150190120,2021-09-09,0.85,0.6151856390902335,128,30
2197,150190120,2021-10-04,0.9,0.6418538861723948,128,34
2198,150190120,2021-10-09,1.28,0.8241754429663495,128,32
2199,150190120,2021-10-29,1.59,0.9516578757114464,128,31
2200,151190090,2021-09-06,5.74,1.9080599249242156,132,204
2201,151190090,2021-09-09,5.57,1.8825138324965192,132,200
2202,151190090,2021-10-04,5.62,1.890095369948917,132,205
2203,151190090,2021-10-09,13.9,2.7013612129514133,132,201
2204,151190090,2021-10-29,11.7,2.5416019934645457,132,202
2205,151190090,2021-11-25,14.8,2.760009940032921,132,203
2206,149220190,2021-09-06,27.4,3.3463891451671604,131,23
2207,149220190,2021-10-08,16.9,2.884800712846709,131,20
2208,149220190,2021-10-31,53.9,4.005513348515485,131,21
2209,149220190,2021-11-10,16.4,2.856470206220483,131,22
2210,151140030,2021-08-13,0.14,0.1310282624064041,124,48
2211,151140030,2021-09-10,0.15,0.13976194237515868,124,46
2212,151140030,2021-10-07,0.11,0.10436001532424277,124,49
2213,151140030,2021-10-10,0.11,0.10436001532424277,124,47
2214,151140030,2021-10-30,0.17,0.15700374880966475,124,50
2215,151140040,2021-08-13,8.38,2.238579763018133,124,26
2216,151140040,2021-09-10,26.5,3.3141860046725258,124,23
2217,151140040,2021-10-07,12.2,2.580216829592325,124,25
2218,151140040,2021-10-10,13.7,2.6878474937846906,124,24
2219,151140040,2021-10-30,21.0,3.091042453358316,124,27
2220,149180220,2021-08-15,0.33,0.2851789422336624,127,246
2221,149180220,2021-09-09,0.17,0.15700374880966475,127,243
2222,149180220,2021-10-04,0.25,0.22314355131420976,127,247
2223,149180220,2021-10-09,1.65,0.9745596399981308,127,244
2224,149180220,2021-10-29,0.18,0.16551443847757338,127,245
2225,149180220,2021-11-03,3.5,1.5040773967762742,127,248
2226,153210170,2021-09-09,10.0,2.3978952727983707,134,2
2227,153210170,2021-10-09,11.7,2.5416019934645457,134,1
2228,153210170,2021-10-29,10.8,2.468099531471619,134,3
2229,151220140,2021-08-07,0.26,0.23111172096338664,132,100
2230,151220140,2021-08-12,0.29,0.2546422183735807,132,102
2231,151220140,2021-08-22,0.41,0.3435897043900769,132,101
2232,151220140,2021-09-03,0.36,0.3074846997479606,132,99
2233,151220140,2021-10-08,0.42,0.35065687161316933,132,95
2234,151220140,2021-10-31,1.48,0.9082585601768908,132,96
2235,151220140,2021-11-10,1.42,0.8837675401685949,132,98
2236,151220140,2021-11-25,1.2,0.7884573603642702,132,97
2237,149210150,2021-08-19,0.29,0.2546422183735807,131,126
2238,149210150,2021-09-06,0.31,0.27002713721306015,131,124
2239,149210150,2021-09-08,0.26,0.23111172096338664,131,125
2240,149210150,2021-10-08,0.47,0.3852624007906449,131,122
2241,149210150,2021-10-28,2.82,1.3402504226184837,131,127
2242,149210150,2021-10-31,3.46,1.4951487660319727,131,123
2243,151210190,2021-10-31,498.0,6.212606095751519,127,116
2244,151210190,2021-11-10,602.0,6.401917196727186,127,117
2245,151210190,2021-11-25,620.0,6.431331081933479,127,118
2246,150210130,2021-09-06,15.2,2.785011242238338,130,208
2247,150210130,2021-10-31,238.0,5.476463551931511,130,207
2248,150180170,2021-08-15,0.7,0.5306282510621704,122,180
2249,150180170,2021-09-09,0.7,0.5306282510621704,122,177
2250,150180170,2021-10-04,0.77,0.5709795465857378,122,181
2251,150180170,2021-10-09,0.87,0.6259384308664953,122,178
2252,150180170,2021-10-29,0.87,0.6259384308664953,122,179
2253,152170080,2021-09-09,29.3,3.4111477125153233,124,122
2254,152170080,2021-10-09,31.3,3.475067230228611,124,120
2255,152170080,2021-10-29,44.0,3.8066624897703196,124,123
2256,152170080,2021-11-01,50.4,3.9396381724611196,124,121
2257,149190340,2021-09-06,0.38,0.32208349916911333,129,83
2258,149190340,2021-09-09,0.33,0.2851789422336624,129,78
2259,149190340,2021-09-26,1.92,1.0715836162801904,129,85
2260,149190340,2021-10-04,1.45,0.8960880245566356,129,84
2261,149190340,2021-10-09,2.13,1.1410330045520618,129,79
2262,149190340,2021-10-19,0.78,0.5766133643039938,129,86
2263,149190340,2021-10-29,2.3,1.1939224684724346,129,80
2264,149190340,2021-10-31,14.4,2.7343675094195836,129,81
2265,149190340,2021-11-25,1.6,0.9555114450274365,129,82
2266,150180060,2021-08-13,48.8,3.9080149840306073,122,17
2267,150180060,2021-08-15,36.2,3.616308761279101,122,16
2268,150180060,2021-09-07,25.9,3.292126286607793,122,18
2269,150180060,2021-09-09,27.6,3.353406717825807,122,10
2270,150180060,2021-10-02,60.5,4.119037174812473,122,20
2271,150180060,2021-10-09,69.5,4.255612709818223,122,11
2272,150180060,2021-10-22,28.9,3.3978584803966405,122,21
2273,150180060,2021-10-29,39.8,3.708682081410116,122,15
2274,150180060,2021-11-01,333.0,5.8111409929767,122,12
2275,150180060,2021-11-06,65.5,4.197201947661808,122,19
2276,150180060,2021-11-11,45.6,3.8416005411316,122,13
2277,150180060,2021-11-16,33.9,3.5524868292083815,122,14
2278,150170180,2021-08-15,0.68,0.5187937934151676,122,193
2279,150170180,2021-09-09,1.27,0.8197798314933114,122,191
2280,150170180,2021-10-09,2.7,1.308332819650179,122,192
2281,150170180,2021-10-29,0.68,0.5187937934151676,122,194
2282,153220240,2021-09-09,1.45,0.8960880245566356,133,179
2283,153220240,2021-09-11,1.46,0.9001613499442714,133,182
2284,153220240,2021-09-26,1.73,1.0043016091968684,133,184
2285,153220240,2021-09-29,1.73,1.0043016091968684,133,183
2286,153220240,2021-10-09,1.97,1.0885619528146082,133,180
2287,153220240,2021-10-31,2.1,1.1314021114911006,133,181
2288,150190080,2021-08-15,1.92,1.0715836162801904,128,49
2289,150190080,2021-09-06,1.38,0.8671004876833832,128,43
2290,150190080,2021-09-09,2.67,1.3001916620664788,128,44
2291,150190080,2021-09-11,1.63,0.9669838461896731,128,51
2292,150190080,2021-10-01,1.56,0.9400072584914712,128,50
2293,150190080,2021-10-04,1.3,0.832909122935104,128,48
2294,150190080,2021-10-09,2.5,1.252762968495368,128,45
2295,150190080,2021-10-29,2.52,1.2584609896100059,128,46
2296,150190080,2021-10-31,13.8,2.6946271807700692,128,47
2297,150190080,2021-11-03,9.9,2.388762789235098,128,52
2298,150210210,2021-09-03,167.0,5.123963979403259,131,47
2299,150210210,2021-09-06,142.0,4.962844630259907,131,46
2300,150210210,2021-10-08,64.7,4.185098925490565,131,43
2301,150210210,2021-10-31,127.0,4.852030263919617,131,44
2302,150210210,2021-11-25,129.0,4.867534450455582,131,45
2303,149190270,2021-09-06,0.69,0.5247285289349821,129,62
2304,149190270,2021-09-09,0.87,0.6259384308664953,129,57
2305,149190270,2021-10-04,1.63,0.9669838461896731,129,63
2306,149190270,2021-10-09,11.8,2.5494451709255714,129,58
2307,149190270,2021-10-29,3.22,1.4398351280479205,129,59
2308,149190270,2021-10-31,63.1,4.160444363926624,129,60
2309,149190270,2021-11-25,2.59,1.2781522025001875,129,61
2310,149190050,2021-08-10,1.45,0.8960880245566356,128,139
2311,149190050,2021-09-06,0.9,0.6418538861723948,128,136
2312,149190050,2021-09-09,0.78,0.5766133643039938,128,131
2313,149190050,2021-09-11,1.06,0.7227059828014898,128,132
2314,149190050,2021-10-04,1.99,1.095273387402595,128,138
2315,149190050,2021-10-09,5.23,1.8293763327993617,128,133
2316,149190050,2021-10-29,2.71,1.3110318766193438,128,134
2317,149190050,2021-10-31,25.4,3.2733640101522705,128,135
2318,149190050,2021-11-23,2.98,1.3812818192963463,128,137
2319,153220200,2021-10-31,1.84,1.0438040521731147,133,212
2320,153160270,2021-09-05,0.13,0.12221763272424921,125,210
2321,153160270,2021-09-07,0.16,0.14842000511827327,125,212
2322,153160270,2021-09-10,0.15,0.13976194237515868,125,208
2323,153160270,2021-10-10,0.07,0.06765864847381481,125,209
2324,153160270,2021-10-30,0.07,0.06765864847381481,125,211
2325,150210010,2021-09-04,1.03,0.708035793053696,130,177
2326,150210010,2021-09-06,0.82,0.598836501088704,130,175
2327,150210010,2021-09-09,0.68,0.5187937934151676,130,170
2328,150210010,2021-10-04,0.86,0.6205764877251099,130,176
2329,150210010,2021-10-09,1.22,0.7975071958841881,130,171
2330,150210010,2021-10-29,1.02,0.7030975114131134,130,172
2331,150210010,2021-10-31,6.36,1.9960599327407849,130,173
2332,150210010,2021-11-03,2.33,1.2029723039923526,130,178
2333,150210010,2021-11-25,1.09,0.7371640659767197,130,174
2334,153150050,2021-09-10,4.71,1.7422190236679187,126,39
2335,153150050,2021-10-10,2.76,1.324418957401803,126,40
2336,151140050,2021-08-13,1.31,0.8372475245337022,124,40
2337,151140050,2021-09-05,0.97,0.6780335427498971,124,41
2338,151140050,2021-10-10,1.88,1.0577902941478545,124,39
2339,153190120,2021-08-13,4.58,1.7191887763932197,135,111
2340,153190120,2021-09-07,4.09,1.6272778305624314,135,110
2341,153190120,2021-09-09,4.51,1.706564623164823,135,109
2342,153190120,2021-09-27,4.54,1.7119945007591926,135,107
2343,153190120,2021-10-09,5.23,1.8293763327993617,135,112
2344,153190120,2021-10-29,4.72,1.7439688053917064,135,113
2345,153190120,2021-11-01,6.81,2.0554049638515943,135,108
2346,151210060,2021-08-07,3.32,1.463255402256019,132,161
2347,151210060,2021-09-04,11.1,2.4932054526026954,132,160
2348,151210060,2021-09-09,4.66,1.7334238922150915,132,159
2349,151210060,2021-09-29,3.61,1.5282278570085572,132,162
2350,151210060,2021-10-09,11.9,2.5572273113676265,132,154
2351,151210060,2021-10-14,14.4,2.7343675094195836,132,163
2352,151210060,2021-10-29,15.5,2.803360380906535,132,155
2353,151210060,2021-10-31,24.4,3.2347491740244907,132,156
2354,151210060,2021-11-10,13.1,2.6461747973841225,132,157
2355,151210060,2021-11-25,12.9,2.631888840136646,132,158
2356,151180170,2021-09-04,3.68,1.5432981099295553,124,170
2357,151180170,2021-09-09,3.77,1.5623463049002497,124,169
2358,151180170,2021-10-09,5.45,1.864080130807681,124,168
2359,151180170,2021-10-29,6.34,1.9933388426264242,124,171
2360,153180150,2021-09-07,1.79,1.0260415958332743,135,225
2361,153180150,2021-09-09,1.85,1.0473189942805592,135,224
2362,153180150,2021-09-27,1.85,1.0473189942805592,135,222
2363,153180150,2021-10-09,1.75,1.0116009116784799,135,226
2364,153180150,2021-11-01,1.72,1.000631880307906,135,223
2365,149210010,2021-09-06,2.25,1.1786549963416462,130,212
2366,149210010,2021-10-31,17.5,2.917770732084279,130,210
2367,149210010,2021-11-25,2.05,1.11514159061932,130,211
2368,151230020,2021-08-07,0.16,0.14842000511827327,134,163
2369,151230020,2021-09-03,0.14,0.1310282624064041,134,164
2370,151230020,2021-10-08,0.18,0.16551443847757338,134,160
2371,151230020,2021-10-31,0.8,0.5877866649021191,134,161
2372,151230020,2021-11-10,0.48,0.3920420877760237,134,162
2373,151230050,2021-08-07,0.77,0.5709795465857378,134,136
2374,151230050,2021-08-12,0.85,0.6151856390902335,134,139
2375,151230050,2021-08-22,0.5,0.4054651081081644,134,138
2376,151230050,2021-09-03,1.02,0.7030975114131134,134,137
2377,151230050,2021-10-08,1.0,0.6931471805599453,134,132
2378,151230050,2021-10-31,3.42,1.4861396960896067,134,133
2379,151230050,2021-11-10,1.62,0.9631743177730056,134,134
2380,151230050,2021-11-25,2.23,1.172482137234565,134,135
2381,150220020,2021-09-06,11.2,2.501435951739211,131,193
2382,150220020,2021-10-08,2.53,1.2612978709452054,131,190
2383,150220020,2021-10-31,13.6,2.681021528714291,131,191
2384,150220020,2021-11-25,7.29,2.115049969147204,131,192
2385,150180110,2021-08-15,1.82,1.0367368849500223,122,120
2386,150180110,2021-09-09,1.78,1.0224509277025458,122,117
2387,150180110,2021-10-04,1.7,0.9932517730102834,122,121
2388,150180110,2021-10-09,1.8,1.0296194171811583,122,118
2389,150180110,2021-10-29,1.67,0.9820784724121581,122,119
2390,150180110,2021-11-03,4.21,1.6505798557652755,122,122
2391,149190160,2021-09-06,0.62,0.4824261492442927,129,50
2392,149190160,2021-09-09,0.67,0.5128236264286637,129,51
2393,149190160,2021-09-11,0.83,0.6043159668533296,129,55
2394,149190160,2021-10-04,0.35,0.30010459245033805,129,56
2395,149190160,2021-10-09,9.08,2.3105532626432224,129,52
2396,149190160,2021-10-29,2.28,1.1878434223960523,129,53
2397,149190160,2021-10-31,30.2,3.4404180948154366,129,54
2398,150180140,2021-08-15,0.63,0.48858001481867097,122,126
2399,150180140,2021-09-09,0.63,0.48858001481867097,122,123
2400,150180140,2021-10-04,0.64,0.49469624183610705,122,127
2401,150180140,2021-10-09,0.78,0.5766133643039938,122,124
2402,150180140,2021-10-29,0.55,0.4382549309311553,122,125
2403,150180140,2021-11-03,0.84,0.6097655716208943,122,128
2404,150180280,2021-09-09,0.6,0.4700036292457356,122,108
2405,150180280,2021-10-09,0.94,0.6626879730752367,122,109
2406,150180280,2021-10-29,0.66,0.5068176023684519,122,110
2407,150180280,2021-11-03,1.16,0.7701082216960736,122,111
2408,150180130,2021-09-09,1.14,0.76080582903376,122,112
2409,150180130,2021-10-04,0.76,0.5653138090500605,122,115
2410,150180130,2021-10-09,0.79,0.5822156198526637,122,113
2411,150180130,2021-10-29,1.09,0.7371640659767197,122,114
2412,150180130,2021-11-03,3.87,1.5830939370944985,122,116
2413,149220160,2021-09-06,0.87,0.6259384308664953,131,101
2414,149220160,2021-10-08,0.4,0.33647223662121295,131,98
2415,149220160,2021-10-31,1.79,1.0260415958332743,131,99
2416,149220160,2021-11-10,0.66,0.5068176023684519,131,100
2417,152160120,2021-09-05,0.042,0.04114194333117518,125,86
2418,152160120,2021-09-07,0.041,0.04018178963283183,125,87
2419,152160120,2021-10-10,0.045,0.04401688541677432,125,83
2420,152160120,2021-10-25,0.043,0.04210117601863539,125,84
2421,152160120,2021-11-01,0.041,0.04018178963283183,125,85
2422,151160160,2021-09-02,0.25,0.22314355131420976,123,178
2423,151160160,2021-11-01,0.53,0.4252677354043441,123,177
2424,153190060,2021-09-07,0.21,0.1906203596086497,135,161
2425,153190060,2021-09-09,0.21,0.1906203596086497,135,160
2426,153190060,2021-09-27,0.31,0.27002713721306015,135,162
2427,153190060,2021-09-29,0.27,0.23901690047049992,135,163
2428,153190060,2021-10-09,0.29,0.2546422183735807,135,158
2429,153190060,2021-11-01,0.34,0.29266961396282,135,159
2430,150210040,2021-09-04,0.48,0.3920420877760237,131,235
2431,150210040,2021-09-06,0.23,0.20701416938432615,131,234
2432,150210040,2021-09-09,0.2,0.18232155679395462,131,229
2433,150210040,2021-10-04,0.25,0.22314355131420976,131,236
2434,150210040,2021-10-09,0.77,0.5709795465857378,131,230
2435,150210040,2021-10-14,0.26,0.23111172096338664,131,237
2436,150210040,2021-10-29,0.62,0.4824261492442927,131,231
2437,150210040,2021-10-31,17.6,2.9231615807191558,131,232
2438,150210040,2021-11-25,0.44,0.36464311358790924,131,233
2439,151160080,2021-08-13,1.1,0.7419373447293773,123,145
2440,151160080,2021-09-05,0.85,0.6151856390902335,123,146
2441,151160080,2021-10-10,2.47,1.244154593958768,123,144
2442,150220010,2021-09-06,7.97,2.1938856760707046,131,143
2443,150220010,2021-09-08,5.22,1.827769906751088,131,144
2444,150220010,2021-10-08,5.69,1.900613874140137,131,141
2445,150220010,2021-10-31,80.0,4.394449154672439,131,142
2446,150220070,2021-09-06,67.5,4.22683374526818,131,35
2447,150220070,2021-09-08,48.0,3.8918202981106265,131,36
2448,150220070,2021-10-08,40.4,3.7232808808312687,131,32
2449,150220070,2021-10-31,137.0,4.927253685157205,131,33
2450,150220070,2021-11-10,45.2,3.832979798087693,131,34
2451,151160020,2021-08-13,1.24,0.8064758658669485,123,128
2452,151160020,2021-09-05,0.74,0.5538851132264376,123,127
2453,151160020,2021-10-10,1.0,0.6931471805599453,123,126
2454,152170120,2021-09-09,0.18,0.16551443847757338,124,244
2455,152170120,2021-10-09,0.1,0.09531017980432487,124,242
2456,152170120,2021-10-29,0.14,0.1310282624064041,124,245
2457,152170120,2021-11-01,0.14,0.1310282624064041,124,243
2458,153190140,2021-08-13,2.62,1.2864740258376797,135,103
2459,153190140,2021-09-07,2.34,1.205970806988609,135,105
2460,153190140,2021-09-09,2.44,1.235471471385307,135,104
2461,153190140,2021-09-27,2.7,1.308332819650179,135,101
2462,153190140,2021-10-09,2.8,1.33500106673234,135,106
2463,153190140,2021-11-01,3.04,1.3962446919730587,135,102
2464,150210170,2021-09-06,188.0,5.241747015059643,127,108
2465,150210170,2021-10-31,747.0,6.617402977974478,127,106
2466,150210170,2021-11-25,413.0,6.025865973825314,127,107
2467,152200060,2021-08-07,0.52,0.41871033485818504,134,239
2468,152200060,2021-09-06,0.49,0.3987761199573678,134,237
2469,152200060,2021-09-09,0.74,0.5538851132264376,134,236
2470,152200060,2021-10-01,1.37,0.8628899551470399,134,238
2471,152200060,2021-10-09,3.49,1.501852701754163,134,233
2472,152200060,2021-10-29,2.78,1.3297240096314962,134,234
2473,152200060,2021-11-10,1.77,1.0188473201992472,134,235
2474,153200050,2021-09-09,0.48,0.3920420877760237,134,221
2475,153200050,2021-10-09,1.33,0.8458682675776092,134,222
2476,153200050,2021-10-29,0.39,0.3293037471426004,134,223
2477,154180010,2021-09-07,0.56,0.44468582126144574,135,234
2478,154180010,2021-09-27,0.44,0.36464311358790924,135,233
2479,154180010,2021-11-01,0.46,0.3784364357202451,135,232
2480,150220040,2021-09-06,1.3,0.832909122935104,131,169
2481,150220040,2021-09-08,0.68,0.5187937934151676,131,170
2482,150220040,2021-10-08,0.48,0.3920420877760237,131,167
2483,150220040,2021-10-31,4.34,1.6752256529721035,131,168
2484,152140110,2021-09-10,1.49,0.9122827104766162,124,51
2485,152140110,2021-10-10,1.1,0.7419373447293773,124,52
2486,152140110,2021-10-30,1.61,0.9593502213346021,124,53
2487,154210010,2021-09-09,17.8,2.9338568698359033,136,62
2488,154160040,2021-08-23,0.67,0.5128236264286637,126,91
2489,154160040,2021-09-05,0.78,0.5766133643039938,126,90
2490,154160040,2021-09-07,0.74,0.5538851132264376,126,93
2491,154160040,2021-09-27,0.73,0.5481214085096876,126,94
2492,154160040,2021-10-10,0.68,0.5187937934151676,126,92
2493,151220110,2021-08-07,0.69,0.5247285289349821,132,121
2494,151220110,2021-10-08,0.75,0.5596157879354227,132,118
2495,151220110,2021-10-31,3.91,1.5912739418064292,132,119
2496,151220110,2021-11-10,3.63,1.5325568680981427,132,120
2497,149210160,2021-08-19,0.53,0.4252677354043441,131,132
2498,149210160,2021-09-06,0.51,0.412109650826833,131,130
2499,149210160,2021-09-08,0.51,0.412109650826833,131,131
2500,149210160,2021-10-08,0.52,0.41871033485818504,131,128
2501,149210160,2021-10-31,7.62,2.154085084675602,131,129
2502,150140020,2021-08-13,3.85,1.578978704949392,124,18
2503,150140020,2021-09-05,3.99,1.6074359097634274,124,17
2504,150140020,2021-10-10,5.36,1.8500283773520307,124,16
2505,151180080,2021-08-15,24.2,3.2268439945173775,124,91
2506,151180080,2021-09-04,18.5,2.970414465569701,124,90
2507,151180080,2021-09-07,17.5,2.917770732084279,124,93
2508,151180080,2021-09-09,18.0,2.9444389791664403,124,89
2509,151180080,2021-10-02,17.0,2.8903717578961645,124,92
2510,151180080,2021-10-09,28.0,3.367295829986474,124,87
2511,151180080,2021-10-29,25.3,3.269568939183719,124,94
2512,151180080,2021-11-01,36.0,3.6109179126442243,124,88
2513,150200060,2021-09-06,36.6,3.6270040503958487,127,78
2514,150200060,2021-09-09,43.2,3.7887247890836524,127,72
2515,150200060,2021-10-04,52.4,3.977810745966149,127,77
2516,150200060,2021-10-09,261.0,5.568344503761097,127,73
2517,150200060,2021-10-29,80.4,4.399375273008495,127,74
2518,150200060,2021-10-31,419.0,6.040254711277414,127,75
2519,150200060,2021-11-25,90.1,4.511957804265912,127,76
2520,152190110,2021-09-07,0.3,0.26236426446749106,135,68
2521,152190110,2021-09-09,0.36,0.3074846997479606,135,73
2522,152190110,2021-09-27,2.01,1.1019400787607843,135,69
2523,152190110,2021-10-09,1.93,1.0750024230289759,135,70
2524,152190110,2021-10-29,2.2,1.1631508098056809,135,71
2525,152190110,2021-11-01,2.5,1.252762968495368,135,72
2526,154170030,2021-09-05,1.59,0.9516578757114464,126,152
2527,154170030,2021-09-07,1.68,0.9858167945227653,126,153
2528,154170030,2021-10-10,1.43,0.8878912573524571,126,154
2529,154170030,2021-10-25,1.79,1.0260415958332743,126,155
2530,154170030,2021-11-01,1.93,1.0750024230289759,126,156
2531,149190220,2021-09-06,1.52,0.924258901523332,129,32
2532,149190220,2021-09-09,1.4,0.8754687373538999,129,33
2533,149190220,2021-09-11,1.38,0.8671004876833832,129,38
2534,149190220,2021-10-01,1.06,0.7227059828014898,129,40
2535,149190220,2021-10-04,1.6,0.9555114450274365,129,39
2536,149190220,2021-10-09,4.37,1.6808279085207734,129,34
2537,149190220,2021-10-29,2.81,1.3376291891386096,129,35
2538,149190220,2021-10-31,25.5,3.2771447329921766,129,36
2539,149190220,2021-11-03,9.2,2.322387720290225,129,41
2540,149190220,2021-11-25,1.88,1.0577902941478545,129,37
2541,149180100,2021-09-09,0.99,0.688134638736401,127,23
2542,149180100,2021-10-04,1.3,0.832909122935104,127,26
2543,149180100,2021-10-09,7.14,2.096790180014449,127,24
2544,149180100,2021-10-29,4.68,1.7369512327330598,127,25
2545,150170140,2021-08-13,33.1,3.529297384289471,123,26
2546,150170140,2021-09-09,12.2,2.580216829592325,123,24
2547,150170140,2021-10-09,10.6,2.451005098112319,123,25
2548,150170140,2021-10-29,35.4,3.594568774642695,123,27
2549,152150110,2021-08-13,72.5,4.297285406218791,124,144
2550,152150110,2021-09-02,48.2,3.8958936234982624,124,145
2551,152150110,2021-10-10,40.8,3.7328963395307104,124,143
2552,150190250,2021-09-06,3.63,1.5325568680981427,128,109
2553,150190250,2021-09-09,3.82,1.5727739280625088,128,110
2554,150190250,2021-10-01,3.82,1.5727739280625088,128,115
2555,150190250,2021-10-04,3.82,1.5727739280625088,128,114
2556,150190250,2021-10-09,3.82,1.5727739280625088,128,111
2557,150190250,2021-10-29,4.2,1.6486586255873816,128,112
2558,150190250,2021-10-31,4.2,1.6486586255873816,128,113
2559,152180050,2021-08-13,35.4,3.594568774642695,124,117
2560,152180050,2021-08-15,34.4,3.5667118201397288,124,118
2561,152180050,2021-09-04,25.8,3.288401887516811,124,113
2562,152180050,2021-09-07,25.7,3.2846635654062037,124,115
2563,152180050,2021-09-09,29.5,3.417726683613366,124,114
2564,152180050,2021-10-02,23.9,3.214867803470662,124,116
2565,152180050,2021-10-09,31.8,3.4904285153900982,124,111
2566,152180050,2021-10-29,42.3,3.768152635008444,124,119
2567,152180050,2021-11-01,49.5,3.9219733362813143,124,112
2568,150200090,2021-09-06,0.54,0.43178241642553783,130,159
2569,150200090,2021-09-09,0.48,0.3920420877760237,130,155
2570,150200090,2021-10-04,1.08,0.7323678937132266,130,160
2571,150200090,2021-10-09,1.87,1.0543120297715298,130,156
2572,150200090,2021-10-29,0.66,0.5068176023684519,130,157
2573,150200090,2021-11-25,1.06,0.7227059828014898,130,158
2574,151200110,2021-09-06,1.95,1.0818051703517284,132,152
2575,151200110,2021-09-09,1.79,1.0260415958332743,132,151
2576,151200110,2021-10-09,13.3,2.6602595372658615,132,147
2577,151200110,2021-10-29,5.33,1.8453002361560848,132,148
2578,151200110,2021-10-31,11.1,2.4932054526026954,132,153
2579,151200110,2021-11-10,5.58,1.884034745337226,132,149
2580,151200110,2021-11-25,5.55,1.8794650496471605,132,150
2581,152140050,2021-09-10,144.0,4.976733742420574,122,46
2582,152140050,2021-10-10,201.0,5.308267697401205,122,45
2583,152140050,2021-10-30,205.0,5.327876168789581,122,47
2584,154170010,2021-09-05,8.59,2.2607208888953467,126,142
2585,154170010,2021-09-07,10.6,2.451005098112319,126,143
2586,154170010,2021-10-10,8.92,2.2945529212967815,126,144
2587,154170010,2021-10-25,9.13,2.315501318260592,126,145
2588,154170010,2021-11-01,10.5,2.4423470353692043,126,146
2589,154200030,2021-09-09,8.14,2.2126603854660587,136,61
2590,150190260,2021-09-06,33.1,3.529297384289471,127,56
2591,150190260,2021-09-09,32.4,3.5085558999826545,127,57
2592,150190260,2021-09-11,32.8,3.520460802488973,127,61
2593,150190260,2021-10-01,33.4,3.5380565643793527,127,63
2594,150190260,2021-10-04,35.1,3.586292865338835,127,62
2595,150190260,2021-10-09,180.0,5.198497031265826,127,58
2596,150190260,2021-10-29,48.3,3.8979240810486444,127,59
2597,150190260,2021-10-31,284.0,5.652489180268651,127,60
2598,152150170,2021-08-13,1.87,1.0543120297715298,123,185
2599,152150170,2021-09-02,1.16,0.7701082216960736,123,186
2600,152150170,2021-09-10,1.02,0.7030975114131134,123,183
2601,152150170,2021-10-10,0.77,0.5709795465857378,123,184
2602,154170060,2021-09-05,5.0,1.791759469228055,126,186
2603,154170060,2021-09-07,5.29,1.8389610707123492,126,187
2604,154170060,2021-09-10,5.35,1.8484548129046003,126,185
2605,154170060,2021-09-27,4.94,1.7817091333745536,126,188
2606,154170060,2021-10-10,5.1,1.8082887711792655,126,189
2607,154170060,2021-10-25,5.11,1.809926773183504,126,190
2608,154170060,2021-11-01,5.47,1.8671761085128091,126,191
2609,153170140,2021-08-25,17.6,2.9231615807191558,135,179
2610,153170140,2021-09-07,15.0,2.772588722239781,135,177
2611,153170140,2021-09-09,13.9,2.7013612129514133,135,174
2612,153170140,2021-09-29,17.3,2.9069010598473755,135,178
2613,153170140,2021-10-09,14.3,2.72785282839839,135,175
2614,153170140,2021-11-01,19.4,3.0155349008501706,135,176
2615,151220100,2021-08-07,4.18,1.6448050562713916,132,115
2616,151220100,2021-08-12,4.22,1.6524974018945473,132,114
2617,151220100,2021-08-22,3.53,1.5107219394949427,132,117
2618,151220100,2021-09-03,4.03,1.6154199841116479,132,116
2619,151220100,2021-10-08,4.59,1.7209792871670078,132,110
2620,151220100,2021-10-31,9.98,2.3960754360813845,132,111
2621,151220100,2021-11-10,4.53,1.7101878155342436,132,112
2622,151220100,2021-11-25,5.44,1.8625285401162623,132,113
2623,153230080,2021-09-08,0.64,0.49469624183610705,133,151
2624,153230080,2021-10-08,1.09,0.7371640659767197,133,149
2625,153230080,2021-10-31,1.43,0.8878912573524571,133,150
2626,153230140,2021-09-08,3.04,1.3962446919730587,133,146
2627,153230140,2021-09-11,2.33,1.2029723039923526,133,148
2628,153230140,2021-09-26,1.05,0.7178397931503169,133,147
2629,153230140,2021-10-08,2.74,1.3190856114264407,133,144
2630,153230140,2021-10-31,3.11,1.4134230285081433,133,145
2631,154170120,2021-09-07,2.27,1.184789984909162,126,135
2632,154170120,2021-09-27,1.93,1.0750024230289759,126,133
2633,154170120,2021-10-10,2.0,1.0986122886681096,126,134
2634,154170120,2021-10-25,1.66,0.9783261227936076,126,136
2635,154170120,2021-11-01,2.06,1.1184149159642893,126,137
2636,151200020,2021-09-06,14.3,2.72785282839839,132,217
2637,151200020,2021-09-09,16.0,2.833213344056216,132,216
2638,151200020,2021-10-09,21.2,3.100092288878234,132,212
2639,151200020,2021-10-29,27.9,3.3638415951183864,132,213
2640,151200020,2021-11-10,30.1,3.4372078191851885,132,214
2641,151200020,2021-11-25,25.0,3.258096538021482,132,215
2642,153210050,2021-08-10,2.09,1.128171090909654,134,13
2643,153210050,2021-09-09,1.89,1.0612565021243408,134,10
2644,153210050,2021-09-11,2.29,1.1908875647772805,134,11
2645,153210050,2021-10-09,1.4,0.8754687373538999,134,9
2646,153210050,2021-10-29,1.51,0.9202827531436926,134,12
2647,149200140,2021-09-06,21.0,3.091042453358316,129,201
2648,149200140,2021-09-09,21.0,3.091042453358316,129,200
2649,149200140,2021-09-26,26.2,3.3032169733019514,129,202
2650,149200140,2021-10-04,27.6,3.353406717825807,129,204
2651,149200140,2021-10-09,26.2,3.3032169733019514,129,197
2652,149200140,2021-10-19,27.6,3.353406717825807,129,203
2653,149200140,2021-10-24,27.2,3.339321977944068,129,205
2654,149200140,2021-10-29,28.4,3.380994674344636,129,198
2655,149200140,2021-10-31,248.0,5.517452896464707,129,199
2656,150180100,2021-08-13,5.28,1.8373699804801074,122,221
2657,150180100,2021-08-15,4.36,1.6789639750827106,122,220
2658,150180100,2021-09-07,3.03,1.3937663759585917,122,222
2659,150180100,2021-09-09,3.0,1.3862943611198906,122,217
2660,150180100,2021-10-02,3.34,1.4678743481123135,122,223
2661,150180100,2021-10-09,8.58,2.2596775919827694,122,218
2662,150180100,2021-10-29,5.35,1.8484548129046003,122,224
2663,150180100,2021-11-01,31.6,3.484312288372662,122,219
2664,150180100,2021-11-03,31.3,3.475067230228611,122,226
2665,150180100,2021-11-06,11.3,2.509599262378372,122,225
2666,153160030,2021-09-05,0.026,0.02566774674857779,125,233
2667,153160030,2021-10-10,0.025,0.0246926125903715,125,234
2668,153160030,2021-10-30,0.036,0.035367143837291316,125,235
2669,153150010,2021-09-10,4.57,1.7173950539391927,126,17
2670,153150010,2021-10-10,1.69,0.9895411936137477,126,18
2671,153150010,2021-10-30,1.69,0.9895411936137477,126,19
2672,154160070,2021-09-05,8.95,2.2975725511705014,126,108
2673,154160070,2021-09-07,10.1,2.4069451083182885,126,109
2674,154160070,2021-09-27,8.15,2.21375387928743,126,111
2675,154160070,2021-10-10,8.31,2.231089091288976,126,110
2676,154160070,2021-10-25,9.36,2.337952236831337,126,112
2677,149200220,2021-09-06,18.8,2.9856819377004897,130,83
2678,149200220,2021-09-26,16.5,2.8622008809294686,130,84
2679,149200220,2021-10-31,119.0,4.787491742782046,130,82
2680,150210060,2021-09-06,1.93,1.0750024230289759,130,181
2681,150210060,2021-10-31,2.63,1.2892326482767593,130,179
2682,150210060,2021-11-25,2.01,1.1019400787607843,130,180
2683,154179991,2021-09-10,0.16,0.14842000511827327,135,249
2684,154179991,2021-09-27,0.14,0.1310282624064041,136,0
2685,153160080,2021-09-05,0.2,0.18232155679395462,126,57
2686,153160080,2021-09-07,0.18,0.16551443847757338,126,58
2687,153160080,2021-09-10,0.2,0.18232155679395462,126,56
2688,153160080,2021-10-10,0.15,0.13976194237515868,126,59
2689,153160080,2021-10-30,0.22,0.1988508587451652,126,60
2690,152200080,2021-08-07,0.42,0.35065687161316933,134,243
2691,152200080,2021-09-06,1.58,0.9477893989335261,134,244
2692,152200080,2021-09-09,1.15,0.7654678421395714,134,245
2693,152200080,2021-10-01,2.28,1.1878434223960523,134,246
2694,152200080,2021-10-09,7.46,2.135349173618132,134,240
2695,152200080,2021-10-29,3.66,1.5390154481375546,134,241
2696,152200080,2021-11-10,1.56,0.9400072584914712,134,242
2697,149200130,2021-09-06,0.59,0.46373401623214017,129,148
2698,149200130,2021-09-09,0.45,0.37156355643248307,129,143
2699,149200130,2021-10-04,3.45,1.4929040961781488,129,149
2700,149200130,2021-10-09,6.45,2.0082140323914683,129,144
2701,149200130,2021-10-29,3.78,1.5644405465033646,129,145
2702,149200130,2021-10-31,53.0,3.9889840465642745,129,146
2703,149200130,2021-11-25,4.03,1.6154199841116479,129,147
2704,153220130,2021-09-26,19.7,3.0301337002713233,133,75
2705,153220130,2021-10-31,26.6,3.3178157727231046,133,74
2706,149190310,2021-09-06,3.25,1.4469189829363254,129,106
2707,149190310,2021-09-09,2.61,1.2837077723447896,129,101
2708,149190310,2021-10-04,12.1,2.5726122302071057,129,107
2709,149190310,2021-10-09,33.4,3.5380565643793527,129,102
2710,149190310,2021-10-29,15.1,2.7788192719904172,129,103
2711,149190310,2021-10-31,104.0,4.653960350157523,129,104
2712,149190310,2021-11-25,10.1,2.4069451083182885,129,105
2713,152210050,2021-08-07,0.18,0.16551443847757338,134,207
2714,152210050,2021-09-09,0.52,0.41871033485818504,134,206
2715,152210050,2021-10-09,1.64,0.9707789171582247,134,205
2716,150240010,2021-09-03,23.9,3.214867803470662,134,90
2717,150240010,2021-09-08,25.6,3.280911215787653,134,91
2718,150240010,2021-10-03,11.1,2.4932054526026954,134,92
2719,150240010,2021-10-08,12.2,2.580216829592325,134,89
2720,149220180,2021-08-14,1.54,0.9321640810304452,131,51
2721,149220180,2021-09-06,0.81,0.5933268452777344,131,52
2722,149220180,2021-10-03,0.77,0.5709795465857378,131,53
2723,149220180,2021-10-08,1.11,0.7466879474879752,131,48
2724,149220180,2021-10-31,6.93,2.0706530356467567,131,49
2725,149220180,2021-11-10,1.15,0.7654678421395714,131,54
2726,149220180,2021-11-12,0.86,0.6205764877251099,131,50
2727,149190200,2021-09-06,0.21,0.1906203596086497,129,42
2728,149190210,2021-09-06,1.88,1.0577902941478545,129,0
2729,149190200,2021-09-09,0.23,0.20701416938432615,129,43
2730,149190210,2021-09-09,1.79,1.0260415958332743,129,1
2731,149190200,2021-09-11,0.73,0.5481214085096876,129,47
2732,149190210,2021-09-11,3.16,1.425515074273172,129,5
2733,149190200,2021-10-01,0.94,0.6626879730752367,129,49
2734,149190210,2021-10-01,2.48,1.247032293786383,129,7
2735,149190200,2021-10-04,1.21,0.7929925155296614,129,48
2736,149190210,2021-10-04,4.52,1.7083778602890038,129,6
2737,149190200,2021-10-09,4.0,1.6094379124341003,129,44
2738,149190210,2021-10-09,9.34,2.336019869080283,129,2
2739,149190200,2021-10-29,1.91,1.068153081183401,129,45
2740,149190210,2021-10-29,6.36,1.9960599327407849,129,3
2741,149190200,2021-10-31,32.9,3.5234150143864045,129,46
2742,149190210,2021-10-31,74.5,4.324132656254979,129,4
2743,151190100,2021-09-06,9.95,2.3933394562625097,132,210
2744,151190100,2021-09-09,9.44,2.3456445824544927,132,206
2745,151190100,2021-10-09,21.1,3.0955776085237074,132,207
2746,151190100,2021-10-29,15.8,2.8213788864092133,132,208
2747,151190100,2021-10-31,19.7,3.0301337002713233,132,211
2748,151190100,2021-11-25,18.6,2.975529566236472,132,209
2749,153230110,2021-09-08,11.1,2.4932054526026954,133,136
2750,153230110,2021-09-11,11.6,2.533696813957432,133,137
2751,153230110,2021-10-08,9.75,2.374905754573672,133,134
2752,153230110,2021-10-31,6.84,2.0592388343623163,133,135
2753,152220080,2021-09-03,4.47,1.6992786164338898,133,66
2754,152220080,2021-09-08,7.98,2.194999882314108,133,67
2755,152220080,2021-09-26,7.4,2.128231705849268,133,68
2756,152220080,2021-10-08,12.3,2.5877640352277083,133,64
2757,152220080,2021-10-31,9.58,2.3589654264301534,133,65
2758,150230060,2021-08-07,0.66,0.5068176023684519,132,85
2759,150230060,2021-08-12,0.6,0.4700036292457356,132,86
2760,150230060,2021-08-22,0.91,0.6471032420585385,132,87
2761,150230060,2021-09-03,1.56,0.9400072584914712,132,84
2762,150230060,2021-10-08,0.88,0.6312717768418579,132,80
2763,150230060,2021-10-31,0.89,0.636576829071551,132,81
2764,150230060,2021-11-10,0.86,0.6205764877251099,132,82
2765,150230060,2021-11-25,0.93,0.6575200029167942,132,83
2766,153170060,2021-09-05,4.9,1.7749523509116738,135,172
2767,153170070,2021-09-05,2.49,1.2499017362143359,135,189
2768,153170060,2021-09-07,4.81,1.75958057086382,135,170
2769,153170070,2021-09-07,2.53,1.2612978709452054,135,187
2770,153170060,2021-09-10,5.08,1.8050046959780757,135,171
2771,153170070,2021-09-10,2.49,1.2499017362143359,135,186
2772,153170060,2021-10-10,5.96,1.9401794743463283,135,169
2773,153170070,2021-10-10,2.85,1.3480731482996928,135,185
2774,153170070,2021-11-01,3.26,1.449269160281279,135,188
2775,150190070,2021-08-15,2.17,1.1537315878891892,128,96
2776,150190070,2021-09-06,2.12,1.1378330018213911,128,90
2777,150190070,2021-09-09,3.76,1.5602476682433286,128,91
2778,150190070,2021-09-11,2.24,1.1755733298042381,128,98
2779,150190070,2021-10-01,3.25,1.4469189829363254,128,97
2780,150190070,2021-10-04,2.12,1.1378330018213911,128,95
2781,150190070,2021-10-09,4.51,1.706564623164823,128,92
2782,150190070,2021-10-29,4.21,1.6505798557652755,128,93
2783,150190070,2021-10-31,20.7,3.077312260546414,128,94
2784,150190070,2021-11-03,7.54,2.1447610078004784,128,99
2785,149200020,2021-09-06,3.91,1.5912739418064292,130,19
2786,149200020,2021-09-09,4.13,1.635105659182678,130,18
2787,149200020,2021-09-26,7.7,2.1633230256605382,130,20
2788,149200020,2021-10-04,5.61,1.888583653863595,130,21
2789,149200020,2021-10-09,8.33,2.2332350148592526,130,15
2790,149200020,2021-10-19,4.23,1.6544112780768316,130,22
2791,149200020,2021-10-24,23.6,3.202746442938317,130,23
2792,149200020,2021-10-29,8.63,2.2648832258100344,130,16
2793,149200020,2021-10-31,37.7,3.655839600035736,130,17
2794,150160110,2021-11-01,1.61,0.9593502213346021,123,45
2795,152160080,2021-08-13,0.16,0.14842000511827327,125,92
2796,152160080,2021-09-02,0.07,0.06765864847381481,125,91
2797,152160080,2021-09-05,0.06,0.058268908123975775,125,93
2798,152160080,2021-10-10,0.024,0.023716526617316044,125,88
2799,152160080,2021-10-25,0.037,0.036331929247390274,125,89
2800,152160080,2021-11-01,0.03,0.0295588022415444,125,90
2801,149220020,2021-09-06,0.94,0.6626879730752367,131,91
2802,149220020,2021-09-08,0.78,0.5766133643039938,131,92
2803,149220020,2021-10-08,0.83,0.6043159668533296,131,89
2804,149220020,2021-10-28,1.48,0.9082585601768908,131,93
2805,149220020,2021-10-31,7.94,2.190535589185423,131,90
2806,149200180,2021-09-06,0.57,0.4510756193602167,130,66
2807,149200180,2021-09-26,0.72,0.5423242908253616,130,67
2808,149200180,2021-10-31,4.87,1.769854633840005,130,65
2809,153220290,2021-09-11,0.49,0.3987761199573678,133,189
2810,153220290,2021-09-26,0.35,0.30010459245033805,133,190
2811,153220290,2021-10-31,0.99,0.688134638736401,133,188
2812,153160150,2021-09-05,0.24,0.2151113796169455,125,195
2813,153160150,2021-09-07,0.26,0.23111172096338664,125,196
2814,153160150,2021-09-10,0.29,0.2546422183735807,125,193
2815,153160150,2021-10-10,0.16,0.14842000511827327,125,194
2816,153160150,2021-10-25,0.1,0.09531017980432487,125,197
2817,151190020,2021-09-04,2.32,1.199964782928397,124,167
2818,151190020,2021-09-09,2.4,1.2237754316221157,124,165
2819,151190020,2021-10-09,3.03,1.3937663759585917,124,166
2820,150210020,2021-09-06,151.0,5.0238805208462765,127,102
2821,150210020,2021-10-31,1150.0,7.048386408721883,127,100
2822,150210020,2021-11-25,274.0,5.616771097666572,127,101
2823,153210140,2021-08-07,0.65,0.5007752879124893,134,32
2824,153210140,2021-08-10,0.56,0.44468582126144574,134,29
2825,153210140,2021-09-09,0.8,0.5877866649021191,134,30
2826,153210140,2021-09-11,1.19,0.7839015438284094,134,31
2827,153210140,2021-09-29,0.66,0.5068176023684519,134,35
2828,153210140,2021-10-09,1.69,0.9895411936137477,134,28
2829,153210140,2021-10-29,0.98,0.6830968447064438,134,33
2830,153210140,2021-10-31,1.27,0.8197798314933114,134,34
2831,153210140,2021-11-10,0.96,0.6729444732424258,134,36
2832,151150130,2021-08-13,1.04,0.712949807856125,123,238
2833,151150130,2021-10-10,0.59,0.46373401623214017,123,237
2834,153200020,2021-10-09,2.56,1.269760544863939,134,224
2835,153200020,2021-10-29,1.38,0.8671004876833832,134,225
2836,153230070,2021-09-08,1.62,0.9631743177730056,133,159
2837,153230070,2021-09-11,1.61,0.9593502213346021,133,161
2838,153230070,2021-09-26,1.66,0.9783261227936076,133,160
2839,153230070,2021-10-08,1.56,0.9400072584914712,133,157
2840,153230070,2021-10-31,1.38,0.8671004876833832,133,158
2841,151160130,2021-08-13,86.1,4.467056883858457,122,23
2842,151160130,2021-09-02,65.5,4.197201947661808,122,24
2843,151160230,2021-08-13,0.82,0.598836501088704,123,100
2844,151160230,2021-09-09,2.98,1.3812818192963463,123,98
2845,151160230,2021-10-09,0.6,0.4700036292457356,123,99
2846,152170010,2021-09-02,34.8,3.5779478934066544,124,130
2847,152170010,2021-11-01,57.8,4.074141854904581,124,129
2848,150160020,2021-08-13,0.6,0.4700036292457356,123,113
2849,153190010,2021-09-07,0.63,0.48858001481867097,135,230
2850,153190010,2021-09-09,0.67,0.5128236264286637,135,229
2851,153190010,2021-09-27,0.4,0.33647223662121295,135,227
2852,153190010,2021-10-09,0.4,0.33647223662121295,135,231
2853,153190010,2021-11-01,0.49,0.3987761199573678,135,228
2854,151150170,2021-08-13,0.51,0.412109650826833,123,125
2855,151150170,2021-09-05,0.32,0.2776317365982795,123,124
2856,151150170,2021-10-10,0.35,0.30010459245033805,123,123
2857,153190190,2021-09-07,0.89,0.636576829071551,135,156
2858,153190190,2021-09-09,0.91,0.6471032420585385,135,155
2859,153190190,2021-09-27,0.96,0.6729444732424258,135,153
2860,153190190,2021-10-09,0.85,0.6151856390902335,135,157
2861,153190190,2021-11-01,0.54,0.43178241642553783,135,154
2862,151220080,2021-08-07,2.74,1.3190856114264407,132,127
2863,151220080,2021-08-09,2.65,1.2947271675944,132,128
2864,151220080,2021-10-08,2.12,1.1378330018213911,132,123
2865,151220080,2021-10-31,6.09,1.958685340544036,132,124
2866,151220080,2021-11-10,8.84,2.286455711064162,132,125
2867,151220080,2021-11-25,9.98,2.3960754360813845,132,126
2868,154180150,2021-09-07,645.0,6.470799503782602,127,202
2869,154180150,2021-09-09,709.0,6.565264970035361,127,200
2870,154180150,2021-09-27,791.0,6.674561391814426,127,203
2871,154180150,2021-10-09,670.0,6.508769136971682,127,204
2872,154180150,2021-11-01,1010.0,6.918695219020472,127,201
2873,149220100,2021-08-14,2.18,1.1568811967920856,131,72
2874,149220100,2021-08-19,1.43,0.8878912573524571,131,75
2875,149220100,2021-09-06,1.86,1.0508216248317612,131,71
2876,149220100,2021-09-08,1.39,0.8712933659434192,131,74
2877,149220100,2021-10-03,1.43,0.8878912573524571,131,73
2878,149220100,2021-10-08,2.27,1.184789984909162,131,68
2879,149220100,2021-10-31,14.5,2.740840023925201,131,69
2880,149220100,2021-11-12,1.73,1.0043016091968684,131,70
2881,153180040,2021-09-07,0.65,0.5007752879124893,135,214
2882,153180040,2021-09-09,0.76,0.5653138090500605,135,213
2883,153180040,2021-09-27,0.65,0.5007752879124893,135,211
2884,153180040,2021-10-09,0.98,0.6830968447064438,135,215
2885,153180040,2021-10-29,0.72,0.5423242908253616,135,216
2886,153180040,2021-11-01,0.94,0.6626879730752367,135,212
2887,150160080,2021-08-13,1.47,0.9042181506398859,123,46
2888,150200040,2021-09-06,2.71,1.3110318766193438,130,152
2889,150200040,2021-09-09,2.19,1.1600209167967532,130,148
2890,150200040,2021-10-04,3.08,1.4060969884160703,130,153
2891,150200040,2021-10-09,8.91,2.2935443483418965,130,149
2892,150200040,2021-10-29,5.98,1.943048916774281,130,150
2893,150200040,2021-10-31,18.4,2.9652730660692823,130,154
2894,150200040,2021-11-25,6.09,1.958685340544036,130,151
2895,149210060,2021-09-06,4.14,1.6370530794670737,130,217
2896,149210060,2021-09-08,3.73,1.5539252025038417,130,218
2897,149210060,2021-10-08,4.55,1.713797927758343,130,215
2898,149210060,2021-10-31,62.3,4.147885329150131,130,216
2899,153180090,2021-08-13,663.0,6.498282149476434,127,181
2900,153180090,2021-09-07,628.0,6.444131256700441,127,183
2901,153180090,2021-09-09,732.0,6.597145701886651,127,182
2902,153180090,2021-09-27,656.0,6.487684018484611,127,180
2903,153180090,2021-10-09,658.0,6.490723534502507,127,179
2904,153180090,2021-11-01,1050.0,6.957497370876951,127,178
2905,151230010,2021-08-07,8.66,2.2679936482244267,132,48
2906,151230010,2021-08-12,6.9,2.066862759472976,132,46
2907,151230010,2021-08-22,6.61,2.0294631718735947,132,49
2908,151230010,2021-09-03,16.7,2.8735646395797834,132,47
2909,151230010,2021-10-08,11.3,2.509599262378372,132,42
2910,151230010,2021-10-31,18.0,2.9444389791664403,132,43
2911,151230010,2021-11-10,12.0,2.5649493574615367,132,44
2912,151230010,2021-11-25,14.1,2.714694743820879,132,45
2913,152170150,2021-09-02,0.046,0.044973365642731154,124,241
2914,152170150,2021-09-04,0.044,0.04305948946044697,124,238
2915,152170150,2021-09-07,0.043,0.04210117601863539,124,240
2916,152170150,2021-09-09,0.2,0.18232155679395462,124,237
2917,152170150,2021-10-09,0.07,0.06765864847381481,124,235
2918,152170150,2021-10-29,0.13,0.12221763272424921,124,239
2919,152170150,2021-11-01,0.61,0.4762341789963716,124,236
2920,149200110,2021-09-06,6.29,1.986503546020567,130,51
2921,149200110,2021-09-09,5.39,1.8547342683894434,130,50
2922,149200110,2021-09-26,6.47,2.010894999144726,130,52
2923,149200110,2021-10-04,5.44,1.8625285401162623,130,53
2924,149200110,2021-10-09,9.3,2.33214389523559,130,47
2925,149200110,2021-10-19,4.35,1.6770965609079151,130,54
2926,149200110,2021-10-24,10.6,2.451005098112319,130,55
2927,149200110,2021-10-29,8.13,2.211565694606877,130,48
2928,149200110,2021-10-31,43.6,3.7977338590260183,130,49
2929,150220080,2021-09-06,19.4,3.0155349008501706,131,148
2930,150220080,2021-10-08,11.7,2.5416019934645457,131,145
2931,150220080,2021-10-31,92.2,4.534747721691546,131,146
2932,150220080,2021-11-10,14.5,2.740840023925201,131,147
2933,152200020,2021-09-09,3.04,1.3962446919730587,134,213
2934,152200020,2021-10-09,4.71,1.7422190236679187,134,211
2935,152200020,2021-10-29,4.81,1.75958057086382,134,212
2936,154150010,2021-08-14,9.07,2.309560706730471,126,44
2937,154150010,2021-09-05,12.8,2.624668592163159,126,45
2938,154150010,2021-09-08,10.9,2.4765384001174837,126,43
2939,154150010,2021-09-10,11.2,2.501435951739211,126,41
2940,154150010,2021-10-08,6.64,2.033397603178429,126,42
2941,154150010,2021-10-10,6.52,2.017566137961748,126,46
2942,154150010,2021-10-13,7.0,2.0794415416798357,126,47
2943,154150010,2021-10-28,8.42,2.2428350885882717,126,48
2944,154150010,2021-10-30,11.6,2.533696813957432,126,49
2945,152230060,2021-09-03,0.18,0.16551443847757338,133,116
2946,152230060,2021-09-08,0.1,0.09531017980432487,133,114
2947,152230060,2021-09-26,0.08,0.07696104113612832,133,115
2948,152230060,2021-10-08,0.8,0.5877866649021191,133,112
2949,152230060,2021-10-31,0.21,0.1906203596086497,133,113
2950,153170120,2021-09-07,11.1,2.4932054526026954,135,173
2951,150180020,2021-08-13,3.35,1.4701758451005928,122,239
2952,150180020,2021-08-15,3.13,1.4182774069729414,122,238
2953,150180020,2021-09-07,3.0,1.3862943611198906,122,240
2954,150180020,2021-09-09,3.32,1.463255402256019,122,236
2955,150180020,2021-10-02,3.18,1.430311246536665,122,241
2956,150180020,2021-10-09,5.18,1.8213182714695995,122,237
2957,150180020,2021-10-29,10.5,2.4423470353692043,122,242
2958,150180020,2021-11-01,10.6,2.451005098112319,122,235
2959,150140030,2021-08-13,0.26,0.23111172096338664,124,34
2960,150140030,2021-10-10,0.52,0.41871033485818504,124,33
2961,150180120,2021-08-15,1.06,0.7227059828014898,122,132
2962,150180120,2021-09-09,1.08,0.7323678937132266,122,129
2963,150180120,2021-10-04,1.6,0.9555114450274365,122,133
2964,150180120,2021-10-09,2.12,1.1378330018213911,122,130
2965,150180120,2021-10-29,1.89,1.0612565021243408,122,131
2966,150180120,2021-11-03,4.34,1.6752256529721035,122,134
2967,153160020,2021-09-05,3.8,1.5686159179138452,126,62
2968,153160020,2021-09-07,3.6,1.5260563034950494,126,63
2969,153160020,2021-09-10,3.8,1.5686159179138452,126,61
2970,153160020,2021-10-10,3.1,1.410986973710262,126,64
2971,153160020,2021-10-30,4.2,1.6486586255873816,126,65
2972,149200150,2021-09-06,0.75,0.5596157879354227,130,72
2973,149200150,2021-09-09,0.63,0.48858001481867097,130,71
2974,149200150,2021-09-26,1.1,0.7419373447293773,130,74
2975,149200150,2021-10-04,0.78,0.5766133643039938,130,73
2976,149200150,2021-10-09,2.22,1.169381359556317,130,68
2977,149200150,2021-10-19,1.13,0.7561219797213337,130,75
2978,149200150,2021-10-29,1.82,1.0367368849500223,130,69
2979,149200150,2021-10-31,6.58,2.0255131996542803,130,70
2980,149190040,2021-08-10,0.97,0.6780335427498971,128,177
2981,149190040,2021-09-06,0.68,0.5187937934151676,128,178
2982,149190040,2021-09-09,0.63,0.48858001481867097,128,172
2983,149190040,2021-09-11,0.85,0.6151856390902335,128,173
2984,149190040,2021-10-04,1.22,0.7975071958841881,128,179
2985,149190040,2021-10-09,1.58,0.9477893989335261,128,174
2986,149190040,2021-10-24,1.25,0.8109302162163288,128,181
2987,149190040,2021-10-29,1.29,0.8285518175661483,128,175
2988,149190040,2021-10-31,14.2,2.7212954278522306,128,176
2989,149190040,2021-11-23,1.88,1.0577902941478545,128,180
2990,153160170,2021-09-05,4.29,1.665818245870208,125,130
2991,153160170,2021-09-07,4.21,1.6505798557652755,125,131
2992,153160170,2021-10-10,3.74,1.556037135706985,125,127
2993,153160170,2021-10-25,4.89,1.7732559976634952,125,128
2994,153160170,2021-11-01,5.63,1.891604804197771,125,129
2995,153160160,2021-09-05,19.3,3.0106208860477417,125,135
2996,153160160,2021-09-07,21.9,3.131136910560194,125,136
2997,153160160,2021-10-10,17.2,2.9014215940827497,125,132
2998,153160160,2021-10-25,17.8,2.9338568698359033,125,133
2999,153160160,2021-11-01,20.8,3.0819099697950434,125,134
3000,153210080,2021-08-10,2.87,1.3532545070416904,134,17
3001,153210080,2021-09-09,3.4,1.4816045409242156,134,15
3002,153210080,2021-09-11,3.38,1.4770487243883548,134,16
3003,153210080,2021-10-09,2.7,1.308332819650179,134,14
3004,151180110,2021-08-13,26.8,3.3250360206965914,124,98
3005,151180110,2021-08-15,22.6,3.1612467120315646,124,97
3006,151180110,2021-09-04,23.1,3.1822118404966093,124,99
3007,151180110,2021-09-07,23.3,3.190476350346503,124,101
3008,151180110,2021-09-09,18.1,2.9496883350525844,124,100
3009,151180110,2021-10-02,17.1,2.89591193827178,124,102
3010,151180110,2021-10-09,24.4,3.2347491740244907,124,95
3011,151180110,2021-11-01,33.1,3.529297384289471,124,96
3012,149180110,2021-09-09,0.47,0.3852624007906449,127,18
3013,149180110,2021-10-04,0.59,0.46373401623214017,127,21
3014,149180110,2021-10-09,4.54,1.7119945007591926,127,19
3015,149180110,2021-10-29,3.6,1.5260563034950494,127,20
3016,149180110,2021-11-03,13.3,2.6602595372658615,127,22
3017,149190180,2021-09-06,6.19,1.9726911717329554,129,8
3018,149190180,2021-09-09,6.5,2.0149030205422647,129,9
3019,149190180,2021-09-11,6.23,1.9782390361706734,129,14
3020,149190180,2021-10-01,6.35,1.9947003132247452,129,15
3021,149190180,2021-10-04,6.34,1.9933388426264242,129,13
3022,149190180,2021-10-09,27.2,3.339321977944068,129,10
3023,149190180,2021-10-29,15.1,2.7788192719904172,129,11
3024,149190180,2021-10-31,69.1,4.249922794040544,129,12
3025,153210120,2021-08-07,0.93,0.6575200029167942,134,43
3026,153210120,2021-09-09,1.1,0.7419373447293773,134,42
3027,153210120,2021-09-11,1.78,1.0224509277025458,134,41
3028,153210120,2021-09-29,1.21,0.7929925155296614,134,44
3029,153210120,2021-10-09,3.88,1.5851452198650557,134,40
3030,153210120,2021-10-29,1.53,0.9282193027394289,134,45
3031,153210120,2021-10-31,1.8,1.0296194171811583,134,46
3032,150210070,2021-09-06,1.71,0.9969486348916095,130,169
3033,150210070,2021-10-31,58.0,4.07753744390572,130,168
3034,152210170,2021-09-09,421.0,6.045005314036012,127,146
3035,152210170,2021-10-09,520.0,6.255750041753367,127,142
3036,152210170,2021-10-29,754.0,6.626717749249025,127,143
3037,152210170,2021-10-31,671.0,6.51025834052315,127,147
3038,152210170,2021-11-10,967.0,6.875232087276577,127,144
3039,152210170,2021-11-25,835.0,6.728628613084702,127,145
3040,152210040,2021-08-07,467.0,6.148468295917647,127,139
3041,152210040,2021-09-04,401.0,5.996452088619021,127,141
3042,152210040,2021-09-09,414.0,6.028278520230698,127,138
3043,152210040,2021-10-09,530.0,6.274762021241939,127,133
3044,152210040,2021-10-14,675.0,6.516193076042964,127,140
3045,152210040,2021-10-29,741.0,6.60934924316738,127,134
3046,152210040,2021-10-31,663.0,6.498282149476434,127,135
3047,152210040,2021-11-10,981.0,6.889591308354466,127,136
3048,152210040,2021-11-25,841.0,6.7357800142423265,127,137
3049,154180050,2021-09-10,0.07,0.06765864847381481,126,216
3050,154180050,2021-09-27,0.07,0.06765864847381481,126,218
3051,154180050,2021-09-30,0.07,0.06765864847381481,126,219
3052,154180050,2021-10-10,0.08,0.07696104113612832,126,220
3053,154180050,2021-11-01,0.04,0.039220713153281295,126,217
3054,154170180,2021-09-07,1.61,0.9593502213346021,135,192
3055,154170180,2021-09-27,2.1,1.1314021114911006,135,193
3056,154170180,2021-11-01,2.1,1.1314021114911006,135,194
3057,151210010,2021-09-09,0.87,0.6259384308664953,131,203
3058,151210010,2021-10-04,0.91,0.6471032420585385,131,207
3059,151210010,2021-10-09,6.77,2.050270164379556,131,204
3060,151210010,2021-10-29,2.45,1.2383742310432684,131,205
3061,151210010,2021-11-25,2.7,1.308332819650179,131,206
3062,150190280,2021-09-06,1.9,1.0647107369924282,132,192
3063,150190280,2021-09-09,1.7,0.9932517730102834,132,193
3064,150190280,2021-09-11,2.14,1.144222799920162,132,197
3065,150190280,2021-10-04,2.74,1.3190856114264407,132,198
3066,150190280,2021-10-09,12.4,2.5952547069568657,132,194
3067,150190280,2021-10-29,5.1,1.8082887711792655,132,195
3068,150190280,2021-10-31,10.9,2.4765384001174837,132,199
3069,150190280,2021-11-25,5.67,1.8976198599275325,132,196
3070,151200070,2021-09-06,0.18,0.16551443847757338,132,248
3071,151200070,2021-09-09,0.18,0.16551443847757338,132,244
3072,151200070,2021-10-04,0.21,0.1906203596086497,132,249
3073,151200070,2021-10-09,1.24,0.8064758658669485,132,245
3074,151200070,2021-10-29,0.51,0.412109650826833,132,246
3075,151200070,2021-10-31,1.84,1.0438040521731147,133,0
3076,151200070,2021-11-10,0.39,0.3293037471426004,133,1
3077,151200070,2021-11-25,0.55,0.4382549309311553,132,247
3078,154180080,2021-09-07,2.61,1.2837077723447896,126,229
3079,154180080,2021-09-27,2.34,1.205970806988609,126,228
3080,154180080,2021-11-01,3.54,1.5129270120532565,126,227
3081,150180230,2021-08-15,0.79,0.5822156198526637,122,245
3082,150180230,2021-09-09,0.54,0.43178241642553783,122,243
3083,150180230,2021-10-09,1.95,1.0818051703517284,122,244
3084,150180230,2021-10-29,1.02,0.7030975114131134,122,246
3085,154210070,2021-09-09,2.01,1.1019400787607843,136,73
3086,154210070,2021-09-11,2.42,1.2296405510745139,136,74
3087,154210070,2021-09-26,1.73,1.0043016091968684,136,76
3088,154210070,2021-09-29,1.52,0.924258901523332,136,75
3089,151180150,2021-08-15,0.047,0.045928931888399804,124,192
3090,151180150,2021-09-04,0.047,0.045928931888399804,124,194
3091,151180150,2021-09-07,0.031,0.030529205034822874,124,195
3092,151180150,2021-09-09,0.05,0.04879016416943201,124,193
3093,151180150,2021-10-09,0.18,0.16551443847757338,124,191
3094,151180150,2021-10-29,0.18,0.16551443847757338,124,196
3095,153140080,2021-09-08,0.65,0.5007752879124893,126,30
3096,153140080,2021-10-10,0.26,0.23111172096338664,126,27
3097,153140080,2021-10-28,0.29,0.2546422183735807,126,28
3098,153140080,2021-10-30,0.38,0.32208349916911333,126,29
3099,153200160,2021-08-07,1.51,0.9202827531436926,134,64
3100,153200160,2021-09-09,1.79,1.0260415958332743,134,62
3101,153200160,2021-09-11,1.85,1.0473189942805592,134,63
3102,153200160,2021-10-01,1.49,0.9122827104766162,134,66
3103,153200160,2021-10-09,1.57,0.9439058989071285,134,65
3104,152170030,2021-11-01,0.11,0.10436001532424277,125,73
3105,153160110,2021-09-05,2.3,1.1939224684724346,125,227
3106,153160110,2021-09-07,2.27,1.184789984909162,125,226
3107,153160110,2021-09-10,2.39,1.220829921392359,125,224
3108,153160110,2021-10-10,2.03,1.1085626195212777,125,225
3109,153160110,2021-10-25,1.71,0.9969486348916095,125,228
3110,153160110,2021-11-01,1.86,1.0508216248317612,125,229
3111,150160210,2021-08-15,0.38,0.32208349916911333,123,29
3112,150160210,2021-09-09,2.8,1.33500106673234,123,28
3113,150160210,2021-10-09,0.39,0.3293037471426004,123,30
3114,150160210,2021-10-29,0.39,0.3293037471426004,123,31
3115,150160210,2021-11-01,1.73,1.0043016091968684,123,32
3116,151160070,2021-08-13,1.44,0.8919980393051105,123,140
3117,151160070,2021-09-05,0.28,0.2468600779315258,123,139
3118,151160070,2021-10-10,0.3,0.26236426446749106,123,138
3119,150230020,2021-08-07,6.32,1.9906103279732201,132,32
3120,150230020,2021-09-03,20.7,3.077312260546414,132,33
3121,150230020,2021-10-08,9.25,2.327277705584417,132,28
3122,150230020,2021-10-31,13.9,2.7013612129514133,132,29
3123,150230020,2021-11-10,6.77,2.050270164379556,132,30
3124,150230020,2021-11-25,10.8,2.468099531471619,132,31
3125,149180140,2021-09-06,0.42,0.35065687161316933,127,11
3126,149180140,2021-09-09,0.39,0.3293037471426004,127,12
3127,149180140,2021-09-11,0.39,0.3293037471426004,127,16
3128,149180140,2021-10-04,0.39,0.3293037471426004,127,17
3129,149180140,2021-10-09,3.04,1.3962446919730587,127,13
3130,149180140,2021-10-29,2.42,1.2296405510745139,127,14
3131,149180140,2021-10-31,13.6,2.681021528714291,127,15
3132,149180160,2021-08-10,0.28,0.2468600779315258,127,10
3133,149180180,2021-08-10,0.19,0.173953307123438,127,1
3134,149180200,2021-08-10,0.27,0.23901690047049992,126,242
3135,149180160,2021-09-06,0.2,0.18232155679395462,127,2
3136,149180180,2021-09-06,0.15,0.13976194237515868,126,248
3137,149180200,2021-09-06,0.23,0.20701416938432615,126,234
3138,149180160,2021-09-09,0.17,0.15700374880966475,127,3
3139,149180180,2021-09-09,0.2,0.18232155679395462,126,243
3140,149180200,2021-09-09,0.24,0.2151113796169455,126,235
3141,149180160,2021-09-11,0.17,0.15700374880966475,127,8
3142,149180180,2021-09-11,0.17,0.15700374880966475,126,249
3143,149180200,2021-09-11,0.23,0.20701416938432615,126,240
3144,149180160,2021-10-04,0.17,0.15700374880966475,127,9
3145,149180180,2021-10-04,0.23,0.20701416938432615,127,0
3146,149180200,2021-10-04,0.24,0.2151113796169455,126,241
3147,149180160,2021-10-09,1.82,1.0367368849500223,127,4
3148,149180180,2021-10-09,1.51,0.9202827531436926,126,244
3149,149180200,2021-10-09,1.14,0.76080582903376,126,236
3150,149180160,2021-10-29,1.32,0.8415671856782186,127,5
3151,149180180,2021-10-29,0.88,0.6312717768418579,126,245
3152,149180200,2021-10-29,1.92,1.0715836162801904,126,237
3153,149180160,2021-10-31,3.7,1.547562508716013,127,6
3154,149180180,2021-10-31,5.71,1.9035989509835904,126,246
3155,149180200,2021-10-31,7.49,2.138889000323256,126,238
3156,149180160,2021-11-23,0.78,0.5766133643039938,127,7
3157,149180180,2021-11-23,0.55,0.4382549309311553,126,247
3158,149180200,2021-11-23,0.42,0.35065687161316933,126,239
3159,151220040,2021-08-07,0.4,0.33647223662121295,132,7
3160,151220040,2021-09-06,0.34,0.29266961396282,132,6
3161,151220040,2021-10-31,1.69,0.9895411936137477,132,3
3162,151220040,2021-11-10,0.85,0.6151856390902335,132,4
3163,151220040,2021-11-25,1.36,0.8586616190375187,132,5
3164,153220070,2021-08-07,46.8,3.86702563949741,133,79
3165,153220070,2021-09-09,49.6,3.92395157629342,133,77
3166,153220070,2021-09-11,41.1,3.7400477406883357,133,78
3167,153220070,2021-10-09,47.1,3.8732821771117156,133,76
3168,153220070,2021-10-31,45.8,3.845883202923601,133,80
3169,152200070,2021-08-07,0.98,0.6830968447064438,135,42
3170,152200070,2021-09-06,0.43,0.3576744442718159,135,45
3171,152200070,2021-09-09,0.44,0.36464311358790924,135,43
3172,152200070,2021-10-01,0.38,0.32208349916911333,135,44
3173,152200070,2021-10-09,0.57,0.4510756193602167,135,38
3174,152200070,2021-10-29,0.46,0.3784364357202451,135,39
3175,152200070,2021-11-10,0.47,0.3852624007906449,135,40
3176,152200070,2021-11-25,0.53,0.4252677354043441,135,41
3177,150210220,2021-09-04,0.76,0.5653138090500605,131,247
3178,150210220,2021-09-06,0.21,0.1906203596086497,131,246
3179,150210220,2021-09-09,0.13,0.12221763272424921,131,241
3180,150210220,2021-10-04,0.2,0.18232155679395462,131,248
3181,150210220,2021-10-09,0.71,0.5364933705145685,131,242
3182,150210220,2021-10-14,0.17,0.15700374880966475,131,249
3183,150210220,2021-10-29,0.73,0.5481214085096876,131,243
3184,150210220,2021-10-31,30.7,3.456316680883235,131,244
3185,150210220,2021-11-25,0.54,0.43178241642553783,131,245
3186,152190030,2021-08-13,628.0,6.444131256700441,127,173
3187,152190030,2021-09-07,673.0,6.513230110912307,127,176
3188,152190030,2021-09-09,715.0,6.573680166960646,127,174
3189,152190030,2021-09-27,630.0,6.447305862541213,127,175
3190,152190030,2021-09-29,562.0,6.333279628139691,127,177
3191,152190030,2021-10-09,697.0,6.548219102762372,127,172
3192,152190030,2021-11-01,1190.0,7.0825485693553,127,171
3193,152190020,2021-08-13,2.85,1.3480731482996928,135,80
3194,152190020,2021-09-07,0.81,0.5933268452777344,135,78
3195,152190020,2021-09-09,1.05,0.7178397931503169,135,76
3196,152190020,2021-09-27,3.29,1.4562867329399256,135,77
3197,152190020,2021-09-29,2.22,1.169381359556317,135,79
3198,152190020,2021-10-09,2.43,1.2325602611778486,135,74
3199,152190020,2021-10-29,1.9,1.0647107369924282,135,81
3200,152190020,2021-11-01,3.86,1.5810384379124023,135,75
3201,151230040,2021-08-07,45.5,3.839452312593311,134,103
3202,151230040,2021-09-03,31.9,3.493472657771326,134,104
3203,151230040,2021-10-08,18.2,2.9549102790337356,134,100
3204,151230040,2021-10-31,28.0,3.367295829986474,134,101
3205,151230040,2021-11-10,29.9,3.4307561839036995,134,102
3206,150150100,2021-08-13,2.29,1.1908875647772805,123,197
3207,150150100,2021-09-05,1.96,1.085189268335969,123,198
3208,150150100,2021-10-10,4.35,1.6770965609079151,123,196
3209,153220220,2021-09-11,1.14,0.76080582903376,133,214
3210,153220220,2021-09-26,1.3,0.832909122935104,133,215
3211,153220220,2021-10-31,1.56,0.9400072584914712,133,213
3212,152210070,2021-08-07,2.0,1.0986122886681096,133,35
3213,152210070,2021-09-04,8.75,2.277267285009756,133,34
3214,152210070,2021-09-09,2.52,1.2584609896100059,133,33
3215,152210070,2021-09-29,1.89,1.0612565021243408,133,36
3216,152210070,2021-10-09,4.56,1.715598108262491,133,28
3217,152210070,2021-10-29,5.09,1.8066480817218056,133,29
3218,152210070,2021-10-31,6.91,2.0681277817795625,133,30
3219,152210070,2021-11-10,2.82,1.3402504226184837,133,31
3220,152210070,2021-11-25,4.94,1.7817091333745536,133,32
3221,152160050,2021-08-13,60.8,4.123903364463645,124,139
3222,152160050,2021-09-02,41.1,3.7400477406883357,124,140
3223,152160050,2021-10-10,38.6,3.6788291182604347,124,138
3224,152200150,2021-08-07,713.0,6.570882962339584,127,160
3225,152200150,2021-09-06,620.0,6.431331081933479,127,159
3226,152200150,2021-09-09,629.0,6.4457198193855785,127,161
3227,152200150,2021-10-01,482.0,6.180016653652572,127,158
3228,152200150,2021-10-09,589.0,6.380122536899765,127,155
3229,152200150,2021-10-29,860.0,6.7580945044277305,127,157
3230,152200150,2021-11-10,1370.0,7.223295679562314,127,156
3231,153170040,2021-09-05,0.83,0.6043159668533296,125,175
3232,153170040,2021-09-07,0.69,0.5247285289349821,125,176
3233,153170040,2021-10-10,0.54,0.43178241642553783,125,172
3234,153170040,2021-10-25,0.46,0.3784364357202451,125,173
3235,153170040,2021-11-01,0.57,0.4510756193602167,125,174
3236,152210090,2021-08-07,112.0,4.727387818712341,134,128
3237,152210090,2021-09-09,103.0,4.6443908991413725,134,129
3238,152210090,2021-09-11,95.2,4.566429357671661,134,127
3239,152210090,2021-10-09,102.0,4.634728988229636,134,126
3240,152200030,2021-08-07,747.0,6.617402977974478,127,167
3241,152200030,2021-09-06,608.0,6.411818267709897,127,168
3242,152200030,2021-09-09,634.0,6.453624998892692,127,164
3243,152200030,2021-10-01,478.0,6.171700597410915,127,166
3244,152200030,2021-10-09,598.0,6.395261598115449,127,162
3245,152200030,2021-10-29,875.0,6.775366090936392,127,163
3246,152200030,2021-11-10,1340.0,7.201170883281678,127,165
3247,153160190,2021-09-05,3.66,1.5390154481375546,125,219
3248,153160190,2021-09-07,3.47,1.4973884086254774,125,221
3249,153160190,2021-09-10,4.15,1.6389967146756448,125,220
3250,153160190,2021-10-10,3.18,1.430311246536665,125,218
3251,153160190,2021-10-25,3.01,1.3887912413184778,125,222
3252,153160190,2021-11-01,3.64,1.534714366238164,125,223
3253,152230200,2021-09-03,62.0,4.143134726391533,134,113
3254,152230200,2021-09-08,69.8,4.259859000699674,134,112
3255,152230200,2021-10-08,60.1,4.11251186617755,134,110
3256,152230200,2021-10-31,75.4,4.335982696172475,134,111
3257,149220050,2021-09-06,1.67,0.9820784724121581,131,96
3258,149220050,2021-09-08,1.37,0.8628899551470399,131,97
3259,149220050,2021-10-08,1.39,0.8712933659434192,131,94
3260,149220050,2021-10-31,10.2,2.4159137783010487,131,95
3261,151150160,2021-08-13,0.28,0.2468600779315258,123,148
3262,151150160,2021-09-05,0.23,0.20701416938432615,123,149
3263,151150160,2021-10-10,0.38,0.32208349916911333,123,147
3264,150220120,2021-08-07,1.99,1.095273387402595,132,64
3265,150220120,2021-08-22,2.05,1.11514159061932,132,65
3266,150220120,2021-09-03,4.19,1.6467336971777973,132,63
3267,150220120,2021-10-08,1.92,1.0715836162801904,132,59
3268,150220120,2021-10-31,4.36,1.6789639750827106,132,60
3269,150220120,2021-11-10,2.3,1.1939224684724346,132,61
3270,150220120,2021-11-25,2.82,1.3402504226184837,132,62
3271,149190320,2021-09-06,0.06,0.058268908123975775,130,28
3272,149190320,2021-09-09,0.05,0.04879016416943201,130,26
3273,149190320,2021-09-26,0.08,0.07696104113612832,130,29
3274,149190320,2021-10-09,0.1,0.09531017980432487,130,24
3275,149190320,2021-10-19,0.05,0.04879016416943201,130,30
3276,149190320,2021-10-29,0.1,0.09531017980432487,130,25
3277,149190320,2021-10-31,0.69,0.5247285289349821,130,27
3278,149190380,2021-09-06,1.59,0.9516578757114464,130,10
3279,149190380,2021-09-09,1.31,0.8372475245337022,130,6
3280,149190380,2021-09-26,3.41,1.4838746894587547,130,11
3281,149190380,2021-10-04,2.35,1.208960345836975,130,12
3282,149190380,2021-10-09,2.93,1.3686394258811698,130,7
3283,149190380,2021-10-19,1.54,0.9321640810304452,130,13
3284,149190380,2021-10-24,6.41,2.0028304393079956,130,14
3285,149190380,2021-10-29,2.87,1.3532545070416904,130,8
3286,149190380,2021-10-31,10.7,2.4595888418037104,130,9
3287,152220010,2021-08-07,1.05,0.7178397931503169,134,193
3288,152220010,2021-10-31,2.22,1.169381359556317,134,190
3289,152220010,2021-11-10,2.2,1.1631508098056809,134,191
3290,152220010,2021-11-25,3.13,1.4182774069729414,134,192
3291,152210060,2021-08-07,95.2,4.566429357671661,133,99
3292,152210060,2021-09-09,90.1,4.511957804265912,133,96
3293,152210060,2021-09-11,86.5,4.471638793363569,133,97
3294,152210060,2021-09-29,70.7,4.272490747605575,133,98
3295,152210060,2021-10-09,86.5,4.471638793363569,133,95
3296,152210060,2021-10-29,75.7,4.33990170837321,133,100
3297,152210060,2021-10-31,80.3,4.398146016553765,133,101
3298,154180030,2021-09-07,0.88,0.6312717768418579,126,223
3299,154180030,2021-09-10,0.94,0.6626879730752367,126,221
3300,154180030,2021-09-27,0.84,0.6097655716208943,126,224
3301,154180030,2021-09-30,0.82,0.598836501088704,126,225
3302,154180030,2021-10-10,0.92,0.6523251860396903,126,226
3303,154180030,2021-11-01,1.41,0.8796267475025636,126,222
3304,154180110,2021-09-07,3.05,1.3987168811184478,135,243
3305,154180110,2021-09-09,4.93,1.780024213009634,135,242
3306,154180110,2021-09-27,3.2,1.4350845252893227,135,240
3307,154180110,2021-10-09,2.84,1.3454723665996355,135,244
3308,154180110,2021-11-01,3.45,1.4929040961781488,135,241
3309,153210180,2021-08-07,0.41,0.3435897043900769,134,25
3310,153210180,2021-09-09,0.73,0.5481214085096876,134,24
3311,153210180,2021-09-11,0.56,0.44468582126144574,134,23
3312,153210180,2021-10-09,0.72,0.5423242908253616,134,22
3313,153210180,2021-10-29,0.57,0.4510756193602167,134,26
3314,153210180,2021-10-31,0.7,0.5306282510621704,134,27
3315,149190170,2021-09-06,6.34,1.9933388426264242,129,16
3316,149190170,2021-09-09,6.54,2.020222182019865,129,17
3317,149190170,2021-09-11,6.27,1.9837562915454279,129,21
3318,149190170,2021-10-04,7.16,2.0992441689760155,129,22
3319,149190170,2021-10-09,46.3,3.856510295497887,129,18
3320,149190170,2021-10-29,19.4,3.0155349008501706,129,19
3321,149190170,2021-10-31,117.0,4.770684624465665,129,20
3322,149220130,2021-08-14,3.9,1.589235205116581,131,3
3323,149220130,2021-09-06,2.47,1.244154593958768,131,4
3324,149220130,2021-09-08,2.0,1.0986122886681096,131,6
3325,149220130,2021-10-03,3.06,1.4011829736136412,131,5
3326,149220130,2021-10-08,3.59,1.5238800240724537,131,0
3327,149220130,2021-10-31,28.6,3.3877743613300146,131,1
3328,149220130,2021-11-10,3.38,1.4770487243883548,131,7
3329,149220130,2021-11-12,2.86,1.3506671834767394,131,2
3330,151190110,2021-09-06,3.06,1.4011829736136412,133,12
3331,151190110,2021-09-09,3.24,1.4445632692438664,133,13
3332,151190110,2021-10-09,1.7,0.9932517730102834,133,8
3333,151190110,2021-10-29,2.36,1.2119409739751128,133,9
3334,151190110,2021-11-10,2.78,1.3297240096314962,133,10
3335,151190110,2021-11-25,1.89,1.0612565021243408,133,11
3336,153230060,2021-10-08,0.6,0.4700036292457356,133,152
3337,153220180,2021-10-31,0.42,0.35065687161316933,133,156
3338,153230060,2021-10-31,0.63,0.48858001481867097,133,153
3339,154170150,2021-09-05,0.44,0.36464311358790924,126,170
3340,154170150,2021-09-10,0.54,0.43178241642553783,126,169
3341,154170150,2021-09-27,0.48,0.3920420877760237,126,171
3342,154170150,2021-10-10,0.43,0.3576744442718159,126,172
3343,154170150,2021-10-25,0.4,0.33647223662121295,126,174
3344,154170150,2021-11-01,0.5,0.4054651081081644,126,173
3345,150210190,2021-09-06,326.0,5.7899601708972535,127,112
3346,150210190,2021-10-08,1010.0,6.918695219020472,127,109
3347,150210190,2021-10-31,726.0,6.588926477533519,127,110
3348,150210190,2021-11-25,526.0,6.267200548541362,127,111
3349,149190190,2021-09-06,0.92,0.6523251860396903,129,23
3350,149190190,2021-09-09,0.91,0.6471032420585385,129,24
3351,149190190,2021-09-11,0.9,0.6418538861723948,129,28
3352,149190190,2021-10-01,0.56,0.44468582126144574,129,30
3353,149190190,2021-10-04,0.5,0.4054651081081644,129,29
3354,149190190,2021-10-09,1.0,0.6931471805599453,129,25
3355,149190190,2021-10-29,0.69,0.5247285289349821,129,26
3356,149190190,2021-10-31,7.56,2.1471001901536506,129,27
3357,149190190,2021-11-03,2.23,1.172482137234565,129,31
3358,152150220,2021-09-02,0.46,0.3784364357202451,125,96
3359,152150220,2021-09-10,0.27,0.23901690047049992,125,95
3360,152150220,2021-10-10,0.26,0.23111172096338664,125,94
3361,149210100,2021-08-19,0.55,0.4382549309311553,130,225
3362,149210100,2021-09-06,0.53,0.4252677354043441,130,223
3363,149210100,2021-09-08,0.47,0.3852624007906449,130,224
3364,149210100,2021-10-08,1.23,0.8020015854720274,130,221
3365,149210100,2021-10-31,9.75,2.374905754573672,130,222
3366,150170010,2021-08-13,0.92,0.6523251860396903,123,82
3367,150170010,2021-09-09,5.8,1.916922612182061,123,80
3368,150170010,2021-10-09,0.83,0.6043159668533296,123,81
3369,150170010,2021-10-29,1.63,0.9669838461896731,123,84
3370,150170010,2021-11-01,6.64,2.033397603178429,123,83
3371,151170050,2021-09-09,0.43,0.3576744442718159,123,117
3372,151170050,2021-10-09,1.04,0.712949807856125,123,118
3373,151170050,2021-10-29,0.47,0.3852624007906449,123,120
3374,151170050,2021-11-01,0.92,0.6523251860396903,123,119
3375,149180050,2021-08-15,0.41,0.3435897043900769,122,88
3376,149180050,2021-09-09,0.24,0.2151113796169455,122,85
3377,149180050,2021-10-09,1.04,0.712949807856125,122,86
3378,149180050,2021-10-29,0.77,0.5709795465857378,122,87
3379,154230040,2021-09-11,0.77,0.5709795465857378,136,111
3380,154230040,2021-09-26,0.67,0.5128236264286637,136,110
3381,154230040,2021-10-08,0.77,0.5709795465857378,136,108
3382,154230040,2021-10-31,0.96,0.6729444732424258,136,109
3383,152220030,2021-08-07,0.19,0.173953307123438,134,181
3384,152220030,2021-09-11,0.22,0.1988508587451652,134,182
3385,152220030,2021-10-31,2.01,1.1019400787607843,134,183
3386,149200280,2021-09-06,57.1,4.062165663857866,129,226
3387,149200280,2021-10-31,696.0,6.546785410760524,129,224
3388,149200280,2021-11-25,68.2,4.237000862623624,129,225
3389,151140060,2021-08-13,5.51,1.873339456220478,124,20
3390,151150010,2021-08-13,0.29,0.2546422183735807,124,43
3391,151140060,2021-09-05,5.53,1.8764069432883397,124,22
3392,151150010,2021-09-05,0.28,0.2468600779315258,124,44
3393,151140060,2021-09-10,29.5,3.417726683613366,124,21
3394,151150010,2021-09-10,0.82,0.598836501088704,124,45
3395,151140060,2021-10-10,11.0,2.4849066497880004,124,19
3396,151150010,2021-10-10,0.57,0.4510756193602167,124,42
3397,150220170,2021-08-07,1.34,0.8501509293696101,132,13
3398,150220170,2021-09-03,2.79,1.332366019094335,132,12
3399,150220170,2021-10-08,1.99,1.095273387402595,132,8
3400,150220170,2021-10-31,2.03,1.1085626195212777,132,9
3401,150220170,2021-11-10,1.74,1.007957920399979,132,10
3402,150220170,2021-11-25,2.42,1.2296405510745139,132,11
3403,149190090,2021-08-10,0.59,0.46373401623214017,128,197
3404,149190090,2021-09-06,0.27,0.23901690047049992,128,200
3405,149190090,2021-09-09,0.2,0.18232155679395462,128,192
3406,149190090,2021-09-11,0.19,0.173953307123438,128,198
3407,149190090,2021-10-04,0.27,0.23901690047049992,128,199
3408,149190090,2021-10-09,0.55,0.4382549309311553,128,193
3409,149190090,2021-10-29,0.55,0.4382549309311553,128,194
3410,149190090,2021-10-31,4.29,1.665818245870208,128,195
3411,149190090,2021-11-23,0.58,0.4574248470388754,128,196
3412,150200170,2021-09-06,71.0,4.276666119016055,129,229
3413,150200170,2021-10-31,850.0,6.7464121285733745,129,227
3414,150200170,2021-11-25,89.6,4.506454213048934,129,228
3415,151150070,2021-08-13,1.08,0.7323678937132266,124,8
3416,151150080,2021-08-13,19.7,3.0301337002713233,123,210
3417,151150070,2021-09-02,1.19,0.7839015438284094,124,9
3418,151150080,2021-09-02,20.5,3.068052935133617,123,211
3419,151150070,2021-09-10,1.28,0.8241754429663495,124,7
3420,151150080,2021-09-10,19.4,3.0155349008501706,123,209
3421,151150070,2021-10-10,1.19,0.7839015438284094,124,6
3422,151150080,2021-10-10,26.8,3.3250360206965914,123,208
3423,149210130,2021-09-06,6.04,1.951608170169951,131,140
3424,149210130,2021-09-08,4.05,1.6193882432872684,131,139
3425,149210130,2021-10-08,4.18,1.6448050562713916,131,137
3426,149210130,2021-10-31,61.1,4.128745988939433,131,138
3427,150160200,2021-08-15,3.11,1.4134230285081433,123,44
3428,150160200,2021-09-09,11.0,2.4849066497880004,123,42
3429,150160200,2021-10-09,2.77,1.3270750014599193,123,43
3430,153140100,2021-09-08,0.73,0.5481214085096876,126,15
3431,153140100,2021-10-10,0.7,0.5306282510621704,126,14
3432,153140100,2021-10-30,0.72,0.5423242908253616,126,16
3433,152170090,2021-08-25,0.13,0.12221763272424921,125,171
3434,152170090,2021-09-04,0.09,0.08617769624105233,125,170
3435,152170090,2021-09-07,0.09,0.08617769624105233,125,169
3436,152170090,2021-09-09,0.08,0.07696104113612832,125,168
3437,152170090,2021-10-09,0.042,0.04114194333117518,125,166
3438,152170090,2021-11-01,0.021,0.020782539182528505,125,167
3439,149210070,2021-09-06,1.72,1.000631880307906,130,201
3440,149210070,2021-09-08,1.18,0.7793248768009976,130,202
3441,149210070,2021-10-08,4.93,1.780024213009634,130,199
3442,149210070,2021-10-31,28.7,3.391147045808654,130,200
3443,152200050,2021-09-06,9.37,2.3389170222414357,135,14
3444,152200050,2021-09-09,11.0,2.4849066497880004,135,15
3445,152200050,2021-10-09,49.9,3.929862923556477,135,10
3446,152200050,2021-10-29,49.2,3.9160150266976834,135,11
3447,152200050,2021-11-10,52.2,3.9740583963475986,135,12
3448,152200050,2021-11-25,43.5,3.7954891891721947,135,13
3449,149190100,2021-09-06,3.05,1.3987168811184478,128,148
3450,149190100,2021-09-09,2.84,1.3454723665996355,128,149
3451,149190100,2021-09-11,2.84,1.3454723665996355,128,153
3452,149190100,2021-10-01,6.51,2.0162354657760435,128,155
3453,149190100,2021-10-04,7.42,2.130609828254235,128,154
3454,149190100,2021-10-09,20.1,3.0492730404820207,128,152
3455,149190100,2021-10-29,16.5,2.8622008809294686,128,150
3456,149190100,2021-10-31,120.0,4.795790545596741,128,151
