,station_id,date,flow,flow_log,chunk_id,id_in_chunk
0,150210180,2021-05-09,759.0,6.633318433280377,113,63
1,150210180,2021-06-08,426.0,6.056784013228625,113,65
2,150210180,2021-06-18,1310.0,7.1785454837637,113,64
3,150210180,2021-07-08,656.0,6.487684018484611,113,62
4,152170020,2021-06-09,0.36,0.3074846997479606,111,79
5,152170020,2021-06-19,0.29,0.2546422183735807,111,80
6,153190180,2021-05-12,1.04,0.712949807856125,120,44
7,153190180,2021-06-14,1.13,0.7561219797213337,120,45
8,153190180,2021-06-16,1.14,0.76080582903376,120,43
9,153190180,2021-06-19,1.14,0.76080582903376,120,46
10,153190180,2021-06-21,1.13,0.7561219797213337,120,41
11,153190180,2021-06-29,1.06,0.7227059828014898,120,42
12,150190310,2021-05-12,2.15,1.1474024528375417,114,89
13,150190310,2021-06-16,3.36,1.4724720573609429,114,87
14,150190310,2021-06-18,3.35,1.4701758451005928,114,86
15,150190310,2021-06-21,2.73,1.3164082336557241,114,85
16,150190310,2021-07-08,1.73,1.0043016091968684,114,90
17,150190310,2021-07-13,1.65,0.9745596399981308,114,88
18,154220010,2021-05-12,5.66,1.8961194845522977,121,58
19,154220010,2021-06-18,4.44,1.6937790608678513,121,56
20,154220010,2021-06-21,4.11,1.631199404215613,121,57
21,154220010,2021-07-13,5.54,1.8779371654691073,121,59
22,154220010,2021-07-16,4.38,1.682688374173693,121,60
23,150150040,2021-06-17,2.46,1.2412685890696329,110,82
24,150150040,2021-06-19,2.34,1.205970806988609,110,81
25,150160220,2021-06-09,19.3,3.0106208860477417,109,92
26,150160220,2021-06-19,24.4,3.2347491740244907,109,91
27,150160220,2021-07-24,26.8,3.3250360206965914,109,90
28,154150040,2021-06-07,22.9,3.173878458937465,112,50
29,154150040,2021-06-17,19.5,3.0204248861443626,112,51
30,153190040,2021-05-12,1.87,1.0543120297715298,120,185
31,153190040,2021-06-06,1.4,0.8754687373538999,120,181
32,153190040,2021-06-14,1.14,0.76080582903376,120,186
33,153190040,2021-06-16,1.53,0.9282193027394289,120,183
34,153190040,2021-06-19,1.44,0.8919980393051105,120,184
35,153190040,2021-06-21,1.34,0.8501509293696101,120,180
36,153190040,2021-06-29,1.05,0.7178397931503169,120,182
37,153210070,2021-05-12,13.3,2.6602595372658615,118,206
38,153210070,2021-06-16,10.5,2.4423470353692043,118,205
39,153210070,2021-06-18,10.8,2.468099531471619,118,203
40,153210070,2021-06-21,10.5,2.4423470353692043,118,204
41,151200120,2021-05-09,49.4,3.919991175077323,117,131
42,151200120,2021-05-12,44.3,3.8133070324889884,117,130
43,151200120,2021-06-08,34.7,3.5751506887855933,117,128
44,151200120,2021-06-16,36.5,3.624340932976365,117,132
45,151200120,2021-06-18,64.3,4.178992036282385,117,127
46,153220280,2021-06-18,4.92,1.7783364488959144,118,71
47,151200120,2021-06-21,76.4,4.3489867805956814,117,129
48,153220280,2021-07-13,6.07,1.9558604799084813,118,70
49,153220280,2021-07-28,6.94,2.0719132752590443,118,72
50,150160250,2021-06-09,0.42,0.35065687161316933,109,136
51,150160250,2021-06-19,0.59,0.46373401623214017,109,137
52,150160250,2021-07-24,0.57,0.4510756193602167,109,138
53,154150050,2021-06-07,9.3,2.33214389523559,112,49
54,154150050,2021-06-14,8.4,2.2407096892759584,112,48
55,154150050,2021-06-17,8.2,2.2192034840549946,112,46
56,154150050,2021-06-19,8.3,2.2300144001592104,112,47
57,154160020,2021-06-07,7.4,2.128231705849268,112,56
58,154160020,2021-06-17,6.5,2.0149030205422647,112,57
59,153170010,2021-05-13,25.4,3.2733640101522705,111,136
60,153170010,2021-06-07,17.2,2.9014215940827497,111,133
61,153170010,2021-06-09,16.4,2.856470206220483,111,137
62,153170010,2021-06-14,14.2,2.7212954278522306,111,134
63,153170010,2021-06-19,16.6,2.8678989020441064,111,135
64,152230190,2021-05-11,2.96,1.3762440252663892,117,231
65,152230190,2021-06-18,1.4,0.8754687373538999,117,228
66,152230190,2021-07-08,2.18,1.1568811967920856,117,229
67,152230190,2021-07-15,1.46,0.9001613499442714,117,233
68,152230190,2021-07-18,1.59,0.9516578757114464,117,232
69,152230190,2021-07-25,1.2,0.7884573603642702,117,230
70,152190100,2021-05-12,2.35,1.208960345836975,119,149
71,152190100,2021-06-16,2.76,1.324418957401803,119,150
72,152190100,2021-06-21,3.04,1.3962446919730587,119,148
73,150190140,2021-05-09,23.6,3.202746442938317,113,6
74,150190140,2021-06-03,28.8,3.3945083935113587,113,4
75,150190140,2021-06-18,64.4,4.180522258463153,113,2
76,150190140,2021-06-21,56.2,4.046553898385752,113,3
77,150190140,2021-07-06,27.3,3.342861804649192,113,5
78,150190140,2021-07-13,11.2,2.501435951739211,113,7
79,150190050,2021-05-09,1.36,0.8586616190375187,113,178
80,150190050,2021-06-03,1.0,0.6931471805599453,113,179
81,150190050,2021-06-18,1.62,0.9631743177730056,113,180
82,150190050,2021-06-21,1.4,0.8754687373538999,113,181
83,150220110,2021-05-09,1.62,0.9631743177730056,116,153
84,150220110,2021-05-11,2.13,1.1410330045520618,116,151
85,150220110,2021-07-08,1.86,1.0508216248317612,116,152
86,151220130,2021-05-11,1.3,0.832909122935104,117,24
87,150200070,2021-05-12,3.07,1.4036429994545037,114,151
88,150200070,2021-06-16,5.28,1.8373699804801074,114,153
89,150200070,2021-06-18,5.64,1.8931119634883424,114,150
90,150200070,2021-06-21,4.72,1.7439688053917064,114,152
91,151220130,2021-07-08,1.56,0.9400072584914712,117,26
92,151220130,2021-07-13,1.47,0.9042181506398859,117,25
93,151220130,2021-07-15,1.44,0.8919980393051105,117,27
94,152150100,2021-06-07,6.49,2.0135687975291283,111,103
95,152150100,2021-06-09,6.18,1.9712993830601329,111,104
96,152150100,2021-06-17,7.16,2.0992441689760155,111,105
97,152150100,2021-06-19,7.66,2.1587147225743437,111,102
98,150150130,2021-06-09,2.18,1.1568811967920856,110,22
99,150150130,2021-06-14,1.75,1.0116009116784799,110,21
100,150150130,2021-06-19,1.45,0.8960880245566356,110,20
101,153180050,2021-06-16,8.57,2.258633205464863,120,88
102,153180050,2021-06-19,8.6,2.2617630984737906,120,92
103,153180050,2021-06-21,8.6,2.2617630984737906,120,89
104,153180050,2021-07-14,7.9,2.186051276738094,120,91
105,151190060,2021-05-12,11.4,2.517696472610991,110,170
106,151190060,2021-06-21,16.6,2.8678989020441064,110,169
107,150200020,2021-05-12,1.27,0.8197798314933114,115,22
108,150200020,2021-06-18,6.98,2.0769384114617173,115,24
109,150200020,2021-06-21,2.85,1.3480731482996928,115,23
110,152230010,2021-05-09,3.03,1.3937663759585917,119,70
111,152230010,2021-05-11,2.36,1.2119409739751128,119,67
112,152230010,2021-06-18,3.35,1.4701758451005928,119,66
113,152230010,2021-07-08,2.98,1.3812818192963463,119,69
114,152230010,2021-07-18,1.81,1.0331844833456545,119,71
115,152230010,2021-07-25,1.49,0.9122827104766162,119,68
116,150140100,2021-05-10,0.3,0.26236426446749106,110,138
117,150140100,2021-06-17,0.72,0.5423242908253616,110,135
118,150140100,2021-06-19,0.67,0.5128236264286637,110,136
119,150140100,2021-07-24,0.26,0.23111172096338664,110,137
120,151170060,2021-06-09,0.34,0.29266961396282,109,240
121,151170060,2021-06-19,1.13,0.7561219797213337,109,241
122,151170060,2021-06-21,0.83,0.6043159668533296,109,242
123,151160180,2021-06-09,2.8,1.33500106673234,109,171
124,151160180,2021-06-19,3.08,1.4060969884160703,109,169
125,151160180,2021-07-24,3.73,1.5539252025038417,109,170
126,151170110,2021-05-12,14.5,2.740840023925201,111,50
127,151170110,2021-06-09,11.1,2.4932054526026954,111,49
128,151170110,2021-06-16,11.8,2.5494451709255714,111,51
129,151170110,2021-06-19,18.5,2.970414465569701,111,48
130,150180040,2021-06-09,0.88,0.6312717768418579,109,56
131,150180040,2021-06-19,1.43,0.8878912573524571,109,55
132,150180040,2021-07-06,1.35,0.8544153281560676,109,57
133,150190060,2021-05-09,2.61,1.2837077723447896,113,176
134,150190060,2021-06-03,2.09,1.128171090909654,113,173
135,150190060,2021-06-18,4.55,1.713797927758343,113,172
136,150190060,2021-06-21,3.42,1.4861396960896067,113,174
137,150190060,2021-07-06,2.71,1.3110318766193438,113,175
138,150190060,2021-07-13,3.12,1.415853163361435,113,177
139,154180070,2021-05-13,2.71,1.3110318766193438,112,213
140,154180070,2021-06-02,1.94,1.0784095813505903,112,220
141,154180070,2021-06-07,1.92,1.0715836162801904,112,214
142,154180070,2021-06-09,1.79,1.0260415958332743,112,219
143,154180070,2021-06-14,1.72,1.000631880307906,112,215
144,154180070,2021-06-17,1.67,0.9820784724121581,112,216
145,154180070,2021-06-19,1.61,0.9593502213346021,112,221
146,154180070,2021-06-29,1.42,0.8837675401685949,112,218
147,154180070,2021-07-14,1.26,0.8153648132841945,112,217
148,152230110,2021-05-09,1.71,0.9969486348916095,117,172
149,152230110,2021-05-11,1.71,0.9969486348916095,117,171
150,152230110,2021-06-18,3.08,1.4060969884160703,117,173
151,152230110,2021-07-08,3.0,1.3862943611198906,117,174
152,152230110,2021-07-18,2.7,1.308332819650179,117,175
153,152230110,2021-07-25,2.92,1.366091653802371,117,170
154,151220060,2021-05-06,3.74,1.556037135706985,117,66
155,151220060,2021-05-09,3.22,1.4398351280479205,117,67
156,151220060,2021-05-11,2.63,1.2892326482767593,117,62
157,151220060,2021-06-15,3.27,1.4516138272405332,117,68
158,151220060,2021-06-18,5.31,1.8421356765531218,117,69
159,151220060,2021-06-20,5.18,1.8213182714695995,117,64
160,151220060,2021-07-15,1.76,1.0152306797290587,117,65
161,151220060,2021-07-18,1.92,1.0715836162801904,117,63
162,152200120,2021-05-09,39.7,3.7062280924485496,119,106
163,152200120,2021-05-12,31.4,3.4781584227982836,119,102
164,152200120,2021-06-16,16.8,2.8791984572980396,119,103
165,152200120,2021-06-18,21.0,3.091042453358316,119,105
166,152200120,2021-06-21,20.5,3.068052935133617,119,104
167,154200010,2021-05-12,3.23,1.4422019930581866,120,243
168,154200010,2021-06-11,2.28,1.1878434223960523,120,245
169,154200010,2021-06-19,1.94,1.0784095813505903,120,242
170,154200010,2021-06-21,1.8,1.0296194171811583,120,244
171,154200010,2021-06-29,1.73,1.0043016091968684,120,240
172,154200010,2021-07-01,1.64,0.9707789171582247,120,239
173,154200010,2021-07-14,2.37,1.2149127443642704,120,241
174,154200010,2021-07-16,2.24,1.1755733298042381,120,246
175,150160280,2021-06-09,0.98,0.6830968447064438,109,141
176,150160280,2021-06-19,1.74,1.007957920399979,109,139
177,150160280,2021-07-24,1.6,0.9555114450274365,109,140
178,154170240,2021-06-14,0.1,0.09531017980432487,120,154
179,154180230,2021-06-14,0.61,0.4762341789963716,120,149
180,154170240,2021-06-19,0.1,0.09531017980432487,120,153
181,154180230,2021-06-19,0.63,0.48858001481867097,120,151
182,154170240,2021-07-14,0.1,0.09531017980432487,120,152
183,154180230,2021-07-14,0.61,0.4762341789963716,120,150
184,150200140,2021-06-16,20.1,3.0492730404820207,114,160
185,150200140,2021-06-18,11.6,2.533696813957432,114,156
186,150200140,2021-06-21,5.66,1.8961194845522977,114,157
187,150200140,2021-07-08,1.94,1.0784095813505903,114,158
188,150200140,2021-07-13,1.64,0.9707789171582247,114,159
189,153220320,2021-06-06,0.16,0.14842000511827327,118,94
190,153220320,2021-06-16,0.21,0.1906203596086497,118,92
191,153220320,2021-06-18,0.2,0.18232155679395462,118,90
192,153220320,2021-06-21,0.18,0.16551443847757338,118,91
193,153220320,2021-07-13,0.13,0.12221763272424921,118,95
194,153220320,2021-07-16,0.12,0.11332868530700317,118,93
195,153180030,2021-05-12,3.06,1.4011829736136412,120,129
196,153180030,2021-06-06,2.48,1.247032293786383,120,127
197,153180030,2021-06-14,2.32,1.199964782928397,120,130
198,153180030,2021-06-16,2.41,1.2267122912954256,120,128
199,153180030,2021-06-19,2.4,1.2237754316221157,120,132
200,153180030,2021-06-21,2.3,1.1939224684724346,120,131
201,153180030,2021-07-14,2.04,1.1118575154181303,120,133
202,151210130,2021-05-09,1.52,0.924258901523332,116,162
203,151210130,2021-06-08,1.36,0.8586616190375187,116,161
204,151210130,2021-06-18,2.28,1.1878434223960523,116,163
205,151210130,2021-07-08,1.46,0.9001613499442714,116,160
206,150170160,2021-06-19,11.1,2.4932054526026954,109,43
207,150170170,2021-06-19,3.3,1.4586150226995167,109,44
208,152220070,2021-05-09,6.06,1.9544450515051506,119,75
209,152220070,2021-05-11,5.32,1.843719208158766,119,73
210,152220070,2021-06-18,6.33,1.9919755158985601,119,72
211,152220070,2021-07-18,3.91,1.5912739418064292,119,74
212,152220070,2021-07-25,2.87,1.3532545070416904,119,76
213,153190050,2021-05-12,22.3,3.148453360571655,120,0
214,153190050,2021-06-14,18.8,2.9856819377004897,119,249
215,153190050,2021-06-16,19.3,3.0106208860477417,120,3
216,153190050,2021-06-19,19.6,3.0252910757955354,120,4
217,153190050,2021-06-21,19.7,3.0301337002713233,120,1
218,153190050,2021-06-29,17.9,2.9391619220655967,120,2
219,151210040,2021-05-09,4.11,1.631199404215613,116,181
220,151210040,2021-05-12,3.55,1.515127232962859,116,176
221,151210040,2021-06-08,2.94,1.3711807233098425,116,183
222,151210040,2021-06-18,16.9,2.884800712846709,116,178
223,151210040,2021-06-21,13.2,2.653241964607215,116,177
224,151210040,2021-07-06,3.81,1.5706970841176697,116,182
225,151210040,2021-07-08,4.83,1.763017000362401,116,180
226,151210040,2021-07-11,3.04,1.3962446919730587,116,179
227,153180110,2021-05-12,10.5,2.4423470353692043,120,146
228,153180110,2021-06-06,8.49,2.2502386126218363,120,145
229,153180110,2021-06-14,7.55,2.145931282948669,120,144
230,153180110,2021-06-16,8.12,2.21046980408624,120,140
231,153180110,2021-06-19,8.32,2.2321626286975,120,141
232,153180110,2021-06-21,8.31,2.231089091288976,120,143
233,153180110,2021-06-29,6.92,2.0693912058263346,120,142
234,154220090,2021-06-06,0.89,0.636576829071551,121,76
235,154220090,2021-06-16,0.9,0.6418538861723948,121,75
236,154220090,2021-06-18,0.89,0.636576829071551,121,74
237,154220090,2021-06-21,0.78,0.5766133643039938,121,73
238,154220090,2021-07-16,0.98,0.6830968447064438,121,77
239,154220090,2021-07-26,1.19,0.7839015438284094,121,78
240,153190160,2021-05-12,4.89,1.7732559976634952,119,97
241,153190160,2021-06-16,3.9,1.589235205116581,119,98
242,153190160,2021-06-21,4.44,1.6937790608678513,119,96
243,150190010,2021-06-21,1.06,0.7227059828014898,113,213
244,150200030,2021-05-12,13.0,2.639057329615259,115,14
245,150200030,2021-06-18,32.2,3.502549875922443,115,16
246,150200030,2021-06-21,25.7,3.2846635654062037,115,15
247,150210140,2021-05-09,6.43,2.005525858729668,115,139
248,150210140,2021-06-18,28.6,3.3877743613300146,115,136
249,150210140,2021-07-08,3.18,1.430311246536665,115,137
250,150210140,2021-07-13,2.13,1.1410330045520618,115,138
251,150210140,2021-07-28,2.83,1.3428648031925547,115,135
252,151160040,2021-06-09,1.49,0.9122827104766162,109,212
253,151160040,2021-06-14,1.4,0.8754687373538999,109,213
254,151160040,2021-06-17,2.48,1.247032293786383,109,210
255,151160040,2021-06-19,2.77,1.3270750014599193,109,211
256,150150120,2021-06-14,1.41,0.8796267475025636,110,19
257,150150120,2021-06-19,0.93,0.6575200029167942,110,18
258,151180120,2021-05-12,30.4,3.4468078929142076,110,176
259,151180120,2021-06-14,21.7,3.122364924487357,110,174
260,151180120,2021-06-19,39.3,3.696351468952637,110,175
261,151180120,2021-06-21,42.7,3.7773481021015445,110,173
262,153220100,2021-05-12,72.7,4.300002799195291,118,59
263,153220100,2021-06-16,40.0,3.713572066704308,118,54
264,153220100,2021-06-18,39.7,3.7062280924485496,118,56
265,153220100,2021-06-21,38.9,3.686376323895818,118,58
266,153220100,2021-07-06,37.2,3.6428355156125294,118,57
267,153220100,2021-07-13,35.5,3.597312260588446,118,55
268,154210030,2021-05-12,2.91,1.3635373739972745,121,27
269,154210030,2021-06-06,3.26,1.449269160281279,121,28
270,154210030,2021-06-11,2.4,1.2237754316221157,121,30
271,154210030,2021-06-18,2.48,1.247032293786383,121,25
272,154210030,2021-06-21,2.36,1.2119409739751128,121,24
273,154210030,2021-07-01,1.64,0.9707789171582247,121,26
274,154210030,2021-07-06,10.1,2.4069451083182885,121,29
275,154210030,2021-07-13,3.3,1.4586150226995167,121,31
276,150160150,2021-06-19,0.97,0.6780335427498971,109,104
277,150160170,2021-06-19,5.05,1.80005827204275,109,88
278,151200100,2021-05-12,1.07,0.7275486072772778,116,165
279,151200100,2021-06-18,10.9,2.4765384001174837,116,166
280,151200100,2021-06-21,3.47,1.4973884086254774,116,164
281,154170110,2021-05-13,12.8,2.624668592163159,112,182
282,154170110,2021-06-07,12.0,2.5649493574615367,112,181
283,154170110,2021-06-09,11.4,2.517696472610991,112,180
284,154170110,2021-06-14,9.8,2.379546134130174,112,183
285,154170110,2021-06-17,9.39,2.340843805111136,112,185
286,154170110,2021-07-14,8.0,2.1972245773362196,112,184
287,154160140,2021-05-13,17.0,2.8903717578961645,112,126
288,154160140,2021-06-07,15.7,2.8154087194227095,112,122
289,154160140,2021-06-09,15.3,2.791165107812717,112,124
290,154160140,2021-06-14,13.7,2.6878474937846906,112,125
291,154160140,2021-06-17,14.4,2.7343675094195836,112,123
292,154160140,2021-07-14,12.5,2.6026896854443837,112,127
293,150220140,2021-05-09,14.7,2.7536607123542622,116,49
294,150220140,2021-05-11,12.7,2.617395832834079,116,44
295,150220140,2021-05-26,8.06,2.203869120054888,116,50
296,150220140,2021-06-08,6.55,2.0215475632609334,116,51
297,150220140,2021-07-08,6.59,2.0268315914075385,116,47
298,150220140,2021-07-13,4.91,1.776645831418007,116,48
299,150220140,2021-07-25,4.32,1.6714733033535532,116,46
300,150220140,2021-07-28,3.69,1.545432582458188,116,45
301,153220110,2021-06-16,2.32,1.199964782928397,118,81
302,153220110,2021-06-18,2.37,1.2149127443642704,118,80
303,153220110,2021-06-21,2.12,1.1378330018213911,118,79
304,153220110,2021-07-13,2.98,1.3812818192963463,118,82
305,153180080,2021-05-12,1810.0,7.501634457883413,113,130
306,153180080,2021-06-06,1180.0,7.074116816197362,113,131
307,153180080,2021-06-11,1160.0,7.057036981697891,113,127
308,153180080,2021-06-14,983.0,6.891625897052253,113,129
309,153180080,2021-06-16,1050.0,6.957497370876951,113,128
310,153180080,2021-06-19,1170.0,7.065613363597717,113,126
311,153180080,2021-06-21,1690.0,7.43307534889858,113,125
312,152150230,2021-06-07,1.39,0.8712933659434192,111,249
313,152150230,2021-06-14,1.19,0.7839015438284094,112,0
314,153179996,2021-06-07,1.56,0.9400072584914712,120,76
315,153179996,2021-06-14,1.56,0.9400072584914712,120,77
316,153179996,2021-06-17,1.53,0.9282193027394289,120,78
317,153179996,2021-07-27,1.39,0.8712933659434192,120,75
318,151150180,2021-06-09,0.88,0.6312717768418579,109,222
319,151150180,2021-06-14,0.94,0.6626879730752367,109,224
320,151150180,2021-06-17,1.58,0.9477893989335261,109,225
321,151150180,2021-06-19,1.42,0.8837675401685949,109,223
322,152230030,2021-05-09,3.4,1.4816045409242156,117,249
323,152230030,2021-05-11,2.67,1.3001916620664788,117,248
324,152230030,2021-06-18,2.2,1.1631508098056809,117,246
325,152230030,2021-07-08,2.28,1.1878434223960523,117,247
326,152230030,2021-07-18,1.31,0.8372475245337022,118,0
327,152230030,2021-07-25,1.09,0.7371640659767197,117,245
328,150160030,2021-06-09,0.45,0.37156355643248307,109,165
329,150160030,2021-06-14,0.39,0.3293037471426004,109,164
330,150160030,2021-06-19,0.73,0.5481214085096876,109,163
331,153170050,2021-06-07,6.0,1.9459101490553132,120,64
332,153170050,2021-06-14,5.73,1.9065751436566365,120,63
333,153170050,2021-06-17,5.73,1.9065751436566365,120,62
334,153170050,2021-07-27,5.12,1.8115620965242347,120,61
335,154160130,2021-06-07,3.11,1.4134230285081433,112,85
336,154160130,2021-06-14,2.94,1.3711807233098425,112,86
337,154160130,2021-06-17,2.82,1.3402504226184837,112,84
338,154160130,2021-07-14,2.63,1.2892326482767593,112,87
339,149180060,2021-07-06,7.04,2.084429083190875,109,48
340,149180070,2021-07-06,0.15,0.13976194237515868,109,49
341,149190080,2021-05-09,5.99,1.9444805562457188,113,238
342,149190080,2021-06-03,14.8,2.760009940032921,113,239
343,149200330,2021-06-18,27.5,3.349904087274605,115,6
344,149200330,2021-07-08,4.26,1.6601310267496183,115,7
345,149200330,2021-07-13,2.89,1.358409157630355,115,8
346,152150130,2021-06-09,197.0,5.288267030694535,109,24
347,152150130,2021-06-17,219.0,5.393627546352361,109,26
348,152150130,2021-06-19,296.0,5.6937321388027,109,23
349,152150130,2021-07-24,440.0,6.089044875446846,109,25
350,152150130,2021-07-27,329.0,5.799092654460526,109,27
351,149220080,2021-05-09,1.74,1.007957920399979,115,235
352,149220080,2021-05-11,1.94,1.0784095813505903,115,233
353,149220080,2021-05-26,1.12,0.7514160886839212,115,234
354,149220080,2021-07-08,4.24,1.6563214983329508,115,236
355,154160080,2021-06-07,1.5,0.9162907318741551,112,52
356,154160080,2021-06-14,1.34,0.8501509293696101,112,54
357,154160080,2021-06-17,1.42,0.8837675401685949,112,53
358,154160080,2021-07-27,0.92,0.6523251860396903,112,55
359,151210070,2021-05-09,2.87,1.3532545070416904,117,103
360,151210070,2021-05-12,2.48,1.247032293786383,117,100
361,151210070,2021-06-18,4.8,1.7578579175523736,117,102
362,151210070,2021-06-21,3.6,1.5260563034950494,117,101
363,151210070,2021-07-06,2.06,1.1184149159642893,117,104
364,151210070,2021-07-08,1.78,1.0224509277025458,117,105
365,151210070,2021-07-11,1.6,0.9555114450274365,117,106
366,153220090,2021-05-12,2.59,1.2781522025001875,118,140
367,153220090,2021-06-16,3.08,1.4060969884160703,118,142
368,153220090,2021-06-18,3.14,1.420695787837223,118,138
369,153220090,2021-06-21,2.22,1.169381359556317,118,139
370,153220090,2021-07-06,4.01,1.6114359150967734,118,143
371,153220090,2021-07-13,1.78,1.0224509277025458,118,141
372,149190120,2021-05-09,8.06,2.203869120054888,113,248
373,149190120,2021-06-03,40.2,3.7184382563554808,113,245
374,149190120,2021-06-18,46.2,3.85439389259151,113,247
375,149190120,2021-06-21,66.4,4.210645017918261,113,246
376,149190120,2021-07-13,5.81,1.918392120161421,113,249
377,153220310,2021-06-16,1.22,0.7975071958841881,118,132
378,153220310,2021-06-18,1.28,0.8241754429663495,118,134
379,153220310,2021-06-21,1.28,0.8241754429663495,118,135
380,153220310,2021-07-06,1.55,0.9360933591703348,118,136
381,153220310,2021-07-13,1.28,0.8241754429663495,118,131
382,153220310,2021-07-16,1.28,0.8241754429663495,118,133
383,153220310,2021-07-28,1.33,0.8458682675776092,118,137
384,153180010,2021-05-12,5.18,1.8213182714695995,120,87
385,153180010,2021-06-14,5.33,1.8453002361560848,120,86
386,153160260,2021-06-14,2.12,1.1378330018213911,111,198
387,153160260,2021-06-17,2.18,1.1568811967920856,111,196
388,153160260,2021-07-27,1.84,1.0438040521731147,111,197
389,152210100,2021-05-12,2.64,1.2919836816486494,118,211
390,152210100,2021-06-16,2.54,1.264126727145683,118,212
391,152210100,2021-06-18,2.67,1.3001916620664788,118,214
392,152210100,2021-06-21,1.99,1.095273387402595,118,213
393,149200230,2021-07-08,103.0,4.6443908991413725,114,191
394,149200230,2021-07-13,113.0,4.736198448394496,114,192
395,149190010,2021-05-09,1.39,0.8712933659434192,113,161
396,149190010,2021-06-03,2.59,1.2781522025001875,113,157
397,149190010,2021-06-18,9.12,2.3145136638593193,113,158
398,149190010,2021-06-21,7.84,2.179286876649552,113,159
399,149190010,2021-07-06,2.14,1.144222799920162,113,160
400,149180250,2021-06-18,10.4,2.4336133554004498,113,151
401,149180250,2021-06-21,10.1,2.4069451083182885,113,150
402,149180250,2021-07-06,3.68,1.5432981099295553,113,152
403,151210090,2021-05-09,9.89,2.387844936944869,116,190
404,151210090,2021-06-08,7.33,2.1198634561787513,116,188
405,151210090,2021-07-08,9.57,2.3580197998821464,116,189
406,149190230,2021-05-09,62.0,4.143134726391533,113,25
407,149190230,2021-05-12,60.5,4.119037174812473,113,23
408,149190230,2021-06-03,89.9,4.509760001183433,113,22
409,149190230,2021-06-16,139.0,4.941642422609304,113,20
410,149190230,2021-06-18,190.0,5.25227342804663,113,19
411,149190230,2021-06-21,210.0,5.351858133476067,113,21
412,149190230,2021-07-08,73.3,4.308110951723713,113,24
413,149190230,2021-07-13,43.0,3.784189633918261,113,26
414,154230030,2021-06-18,3.74,1.556037135706985,121,79
415,154230030,2021-07-13,3.63,1.5325568680981427,121,80
416,150200160,2021-05-12,0.84,0.6097655716208943,115,26
417,150200160,2021-06-18,3.2,1.4350845252893227,115,27
418,150200160,2021-06-21,1.79,1.0260415958332743,115,25
419,152180150,2021-05-12,11.8,2.5494451709255714,111,7
420,152180150,2021-06-09,6.27,1.9837562915454279,111,9
421,152180150,2021-06-14,7.06,2.086913556518537,111,10
422,152180150,2021-06-16,10.8,2.468099531471619,111,11
423,152180150,2021-06-19,14.2,2.7212954278522306,111,6
424,152180150,2021-06-21,14.4,2.7343675094195836,111,8
425,151150140,2021-06-09,22.9,3.173878458937465,110,40
426,151150140,2021-06-14,26.1,3.299533727885655,110,41
427,151150140,2021-06-17,28.7,3.391147045808654,110,39
428,151150140,2021-06-19,21.5,3.1135153092103742,110,38
429,151210120,2021-05-09,990.0,6.898714534329988,113,69
430,151210120,2021-07-08,669.0,6.507277712385012,113,68
431,153220260,2021-06-18,12.8,2.624668592163159,118,46
432,153220260,2021-07-13,13.6,2.681021528714291,118,48
433,153220260,2021-07-28,11.6,2.533696813957432,118,47
434,149200090,2021-06-16,30.9,3.462606009790799,114,118
435,149200090,2021-06-18,34.3,3.563882963939251,114,120
436,149200090,2021-06-21,46.4,3.858622228701031,114,119
437,149200090,2021-07-08,10.1,2.4069451083182885,114,121
438,149200090,2021-07-13,9.44,2.3456445824544927,114,122
439,150200110,2021-05-12,3.38,1.4770487243883548,114,163
440,150200110,2021-06-16,5.55,1.8794650496471605,114,162
441,150200110,2021-06-18,6.23,1.9782390361706734,114,161
442,150200110,2021-06-21,4.03,1.6154199841116479,114,164
443,150200110,2021-07-08,2.57,1.2725655957915476,114,165
444,150200110,2021-07-13,1.81,1.0331844833456545,114,166
445,150170220,2021-05-12,1.59,0.9516578757114464,109,77
446,150170220,2021-06-09,1.15,0.7654678421395714,109,74
447,150170220,2021-06-19,1.48,0.9082585601768908,109,75
448,150170220,2021-06-21,1.68,0.9858167945227653,109,76
449,150170220,2021-07-06,1.37,0.8628899551470399,109,78
450,153210220,2021-05-12,25.3,3.269568939183719,118,161
451,153210220,2021-06-16,19.7,3.0301337002713233,118,156
452,153210220,2021-06-18,20.2,3.054001181677967,118,160
453,153210220,2021-06-21,19.4,3.0155349008501706,118,158
454,153210220,2021-07-06,27.4,3.3463891451671604,118,159
455,153210220,2021-07-13,26.6,3.3178157727231046,118,157
456,152140100,2021-06-07,2.04,1.1118575154181303,112,3
457,151230060,2021-05-09,116.0,4.762173934797756,118,237
458,151230060,2021-05-11,118.0,4.77912349311153,118,233
459,151230060,2021-06-18,84.1,4.443827035579329,118,234
460,151230060,2021-07-08,64.6,4.183575695950044,118,236
461,151230060,2021-07-15,50.6,3.9435216724875173,118,235
462,152150240,2021-06-07,20.2,3.054001181677967,111,235
463,152150240,2021-06-19,21.3,3.104586678466073,111,234
464,153150100,2021-06-07,7.5,2.1400661634962708,111,231
465,153150100,2021-06-14,8.28,2.2278615467981093,111,230
466,153150100,2021-06-17,7.99,2.196112848483529,111,232
467,153150100,2021-06-19,7.99,2.196112848483529,111,233
468,153150120,2021-06-07,3.36,1.4724720573609429,111,228
469,153150120,2021-06-14,3.03,1.3937663759585917,111,229
470,153150120,2021-06-17,2.92,1.366091653802371,111,226
471,153150120,2021-06-19,2.92,1.366091653802371,111,227
472,153150070,2021-06-07,0.37,0.31481073984003355,112,38
473,153150070,2021-06-17,0.31,0.27002713721306015,112,37
474,151160050,2021-06-09,3.54,1.5129270120532565,109,194
475,151160050,2021-06-14,3.42,1.4861396960896067,109,197
476,151160050,2021-06-17,5.78,1.9139771019523042,109,196
477,151160050,2021-06-19,5.71,1.9035989509835904,109,195
478,149220150,2021-05-09,8.82,2.2844211223663744,115,151
479,149220150,2021-05-11,7.51,2.1412419425852827,115,152
480,149220150,2021-05-26,5.61,1.888583653863595,115,148
481,149220150,2021-06-25,17.9,2.9391619220655967,115,150
482,149220150,2021-07-28,2.66,1.297463147413275,115,149
483,149220040,2021-05-09,81.8,4.416428061391214,115,173
484,149220040,2021-05-11,74.7,4.3267781604434035,115,168
485,149220040,2021-06-18,94.7,4.5612182984589085,115,169
486,149220040,2021-07-08,105.0,4.663439094112067,115,171
487,149220040,2021-07-13,72.3,4.294560608892605,115,172
488,149220040,2021-07-28,43.8,3.8022081394209395,115,170
489,151180130,2021-05-12,25.9,3.292126286607793,110,172
490,151180130,2021-06-21,32.2,3.502549875922443,110,171
491,153190100,2021-05-10,1.59,0.9516578757114464,120,19
492,153190100,2021-05-12,1.48,0.9082585601768908,120,17
493,153190100,2021-06-06,1.37,0.8628899551470399,120,16
494,153190100,2021-06-11,1.52,0.924258901523332,120,22
495,153190100,2021-06-14,1.64,0.9707789171582247,120,20
496,153190100,2021-06-16,1.64,0.9707789171582247,120,21
497,153190100,2021-06-19,1.55,0.9360933591703348,120,18
498,153190100,2021-06-21,1.48,0.9082585601768908,120,13
499,153190100,2021-06-29,1.18,0.7793248768009976,120,15
500,153190100,2021-07-01,1.18,0.7793248768009976,120,14
501,153190100,2021-07-14,1.55,0.9360933591703348,120,12
502,150160140,2021-06-19,0.91,0.6471032420585385,109,157
503,150160140,2021-07-24,0.74,0.5538851132264376,109,158
504,153180140,2021-05-12,30.6,3.4531571205928664,120,8
505,153180140,2021-06-09,25.0,3.258096538021482,120,10
506,153180140,2021-06-14,23.5,3.1986731175506815,120,7
507,153180140,2021-06-16,24.4,3.2347491740244907,120,5
508,153180140,2021-06-19,25.5,3.2771447329921766,120,9
509,153180140,2021-06-21,25.4,3.2733640101522705,120,6
510,153180140,2021-06-29,22.9,3.173878458937465,120,11
511,153220060,2021-05-12,4.03,1.6154199841116479,118,112
512,153220060,2021-06-16,6.81,2.0554049638515943,118,113
513,153220060,2021-06-18,4.99,1.790091412127358,118,111
514,153220060,2021-06-21,3.32,1.463255402256019,118,110
515,153220060,2021-07-13,5.6,1.8870696490323797,118,114
516,153230010,2021-05-11,17.2,2.9014215940827497,118,22
517,153230010,2021-06-18,10.5,2.4423470353692043,118,21
518,153230010,2021-07-25,8.96,2.298577071596507,118,23
519,153180020,2021-05-12,1740.0,7.462214939768189,113,121
520,153180020,2021-06-06,1180.0,7.074116816197362,113,124
521,153180020,2021-06-14,961.0,6.8690144506657065,113,120
522,153180020,2021-06-16,1030.0,6.93828448401696,113,119
523,153180020,2021-06-19,1220.0,7.107425474110705,113,123
524,153180020,2021-06-21,1690.0,7.43307534889858,113,122
525,152220050,2021-05-11,244.0,5.501258210544727,119,7
526,152220050,2021-06-18,195.0,5.278114659230518,119,8
527,152220050,2021-07-15,138.0,4.9344739331306915,119,5
528,152220050,2021-07-18,126.0,4.844187086458591,119,6
529,154170070,2021-05-13,9.58,2.3589654264301534,112,114
530,154170070,2021-06-07,7.18,2.1016921506146558,112,115
531,154170070,2021-06-09,6.96,2.0744289998562917,112,110
532,154170070,2021-06-14,6.64,2.033397603178429,112,112
533,154170070,2021-06-17,6.34,1.9933388426264242,112,113
534,154170070,2021-07-14,6.04,1.951608170169951,112,111
535,152180010,2021-05-12,0.65,0.5007752879124893,111,160
536,152180010,2021-06-09,0.44,0.36464311358790924,111,159
537,152180010,2021-06-14,0.37,0.31481073984003355,111,162
538,152180010,2021-06-16,0.37,0.31481073984003355,111,164
539,152180010,2021-06-19,0.39,0.3293037471426004,111,161
540,152180010,2021-06-29,0.39,0.3293037471426004,111,163
541,151190070,2021-05-12,1.15,0.7654678421395714,119,146
542,151190070,2021-06-16,1.73,1.0043016091968684,119,147
543,151190070,2021-06-21,1.35,0.8544153281560676,119,145
544,151160060,2021-06-09,197.0,5.288267030694535,109,17
545,151160060,2021-06-17,250.0,5.5254529391317835,109,16
546,151160060,2021-06-19,300.0,5.707110264748875,109,14
547,151160060,2021-07-27,280.0,5.638354669333745,109,15
548,150210110,2021-06-18,6.26,1.9823798288367047,115,131
549,150210110,2021-07-08,1.25,0.8109302162163288,115,132
550,150210110,2021-07-13,0.82,0.598836501088704,115,134
551,150210110,2021-07-28,1.06,0.7227059828014898,115,133
552,150170070,2021-06-19,8.8,2.2823823856765264,109,116
553,153150150,2021-06-07,0.47,0.3852624007906449,111,241
554,153150150,2021-06-14,0.45,0.37156355643248307,111,240
555,153150150,2021-06-17,0.45,0.37156355643248307,111,242
556,153150150,2021-06-19,0.45,0.37156355643248307,111,239
557,152160150,2021-06-09,0.65,0.5007752879124893,111,78
558,150160290,2021-06-09,0.66,0.5068176023684519,109,161
559,150160290,2021-06-19,1.05,0.7178397931503169,109,160
560,150160290,2021-07-24,0.92,0.6523251860396903,109,162
561,149180240,2021-06-21,30.8,3.459466289786131,112,244
562,149180240,2021-07-06,10.7,2.4595888418037104,112,245
563,149210120,2021-05-09,5.68,1.8991179875485544,116,116
564,149210120,2021-05-11,4.38,1.682688374173693,116,112
565,149210120,2021-06-18,16.6,2.8678989020441064,116,118
566,149210120,2021-07-08,8.4,2.2407096892759584,116,117
567,149210120,2021-07-13,3.35,1.4701758451005928,116,115
568,149210120,2021-07-25,2.28,1.1878434223960523,116,113
569,149210120,2021-07-28,4.32,1.6714733033535532,116,114
570,153150090,2021-06-07,1.68,0.9858167945227653,112,21
571,153150090,2021-06-14,1.56,0.9400072584914712,112,22
572,153150090,2021-06-17,1.53,0.9282193027394289,112,23
573,153150090,2021-06-19,1.53,0.9282193027394289,112,24
574,150190270,2021-05-09,0.91,0.6471032420585385,113,222
575,150190270,2021-06-21,1.05,0.7178397931503169,113,221
576,153140090,2021-05-31,9.36,2.337952236831337,112,16
577,153140090,2021-06-10,9.14,2.316487998163037,112,15
578,153140090,2021-06-17,8.35,2.2353763433005955,112,14
579,154220110,2021-06-18,1.9,1.0647107369924282,121,52
580,154220110,2021-06-21,1.88,1.0577902941478545,121,53
581,154220110,2021-07-13,3.16,1.425515074273172,121,54
582,154220110,2021-07-16,2.35,1.208960345836975,121,55
583,149200190,2021-05-09,37.5,3.6506582412937387,114,186
584,149200190,2021-06-18,52.3,3.975936331171799,114,184
585,149180040,2021-06-21,1.49,0.9122827104766162,109,54
586,149180040,2021-07-06,1.15,0.7654678421395714,109,53
587,149200190,2021-07-08,61.0,4.127134385045092,114,185
588,154180060,2021-06-14,2.27,1.184789984909162,120,155
589,154180060,2021-06-19,2.3,1.1939224684724346,120,158
590,154180060,2021-06-29,2.32,1.199964782928397,120,157
591,154180060,2021-07-14,2.34,1.205970806988609,120,156
592,149210020,2021-05-09,1.42,0.8837675401685949,115,117
593,149210020,2021-06-18,8.1,2.2082744135228043,115,114
594,149210020,2021-07-08,2.05,1.11514159061932,115,115
595,149210020,2021-07-13,0.65,0.5007752879124893,115,116
596,149210020,2021-07-28,0.95,0.6678293725756554,115,113
597,150220060,2021-05-09,6.31,1.9892432737616872,116,126
598,150220060,2021-05-11,5.22,1.827769906751088,116,119
599,150220060,2021-05-26,3.34,1.4678743481123135,116,125
600,150220060,2021-06-18,12.6,2.6100697927420065,116,122
601,150220060,2021-07-08,5.92,1.9344157696295783,116,124
602,150220060,2021-07-13,2.92,1.366091653802371,116,123
603,150220060,2021-07-25,2.15,1.1474024528375417,116,121
604,150220060,2021-07-28,7.96,2.192770226986839,116,120
605,152180020,2021-05-12,1.32,0.8415671856782186,111,166
606,152180020,2021-06-09,1.32,0.8415671856782186,111,167
607,152180020,2021-06-14,1.22,0.7975071958841881,111,169
608,152180020,2021-06-16,0.59,0.46373401623214017,111,165
609,152180020,2021-06-19,0.89,0.636576829071551,111,168
610,152180020,2021-06-29,0.75,0.5596157879354227,111,170
611,152180020,2021-07-06,1.41,0.8796267475025636,111,171
612,151180070,2021-05-12,0.72,0.5423242908253616,111,38
613,151180070,2021-06-19,0.93,0.6575200029167942,111,37
614,151180070,2021-06-21,0.76,0.5653138090500605,111,39
615,152150040,2021-06-07,181.0,5.204006687076795,110,226
616,152150040,2021-06-09,178.0,5.187385805840755,110,227
617,152150040,2021-06-17,165.0,5.111987788356544,110,225
618,152150040,2021-06-19,171.0,5.147494476813453,110,224
619,150160100,2021-06-19,4.27,1.6620303625532709,109,111
620,150160100,2021-07-24,4.35,1.6770965609079151,109,112
621,152150140,2021-06-07,73.0,4.304065093204169,111,155
622,152150140,2021-06-09,74.3,4.321480134805848,111,157
623,152150140,2021-06-17,72.0,4.290459441148391,111,158
624,152150140,2021-06-19,75.8,4.341204640153626,111,156
625,152140020,2021-05-31,502.0,6.220590170099739,109,42
626,152140020,2021-06-07,479.0,6.173786103901937,109,41
627,152140020,2021-06-17,448.0,6.1070228877422545,109,40
628,150230070,2021-05-11,13.4,2.667228206581955,119,21
629,150230070,2021-07-15,2.32,1.199964782928397,119,20
630,149180120,2021-06-21,11.5,2.5257286443082556,113,149
631,149180120,2021-07-06,3.26,1.449269160281279,113,148
632,151180180,2021-05-12,3.73,1.5539252025038417,110,246
633,151180180,2021-06-16,3.64,1.534714366238164,110,247
634,151180180,2021-06-21,6.14,1.965712776351493,110,245
635,154160060,2021-06-07,6.42,2.004179057179289,112,103
636,154160060,2021-06-09,5.95,1.9387416595767009,112,100
637,154160060,2021-06-14,5.56,1.8809906029559977,112,101
638,154160060,2021-06-17,5.47,1.8671761085128091,112,102
639,154160060,2021-07-24,5.37,1.851599469584072,112,99
640,150180080,2021-06-09,1.91,1.068153081183401,109,64
641,150180080,2021-06-19,4.48,1.7011051009599243,109,63
642,150210200,2021-05-09,7.27,2.1126345090356,115,146
643,150210200,2021-05-11,5.91,1.9329696377795786,115,145
644,150210200,2021-07-08,9.11,2.3135250330323798,115,144
645,150210200,2021-07-15,3.37,1.4747630091074988,115,147
646,153230160,2021-05-09,2.18,1.1568811967920856,118,4
647,153230160,2021-05-11,0.99,0.688134638736401,118,2
648,153230160,2021-06-18,0.85,0.6151856390902335,118,1
649,153230160,2021-07-08,1.2,0.7884573603642702,118,3
650,153230160,2021-07-15,0.52,0.41871033485818504,118,6
651,153230160,2021-07-18,0.44,0.36464311358790924,118,7
652,153230160,2021-07-25,0.41,0.3435897043900769,118,5
653,153180100,2021-05-12,1920.0,7.560601162768557,113,133
654,153180100,2021-06-06,1250.0,7.1316985104669115,113,136
655,153180100,2021-06-11,1230.0,7.115582126184454,113,134
656,153180100,2021-06-14,1070.0,6.976348070447749,113,132
657,153180100,2021-06-16,1110.0,7.01301578963963,113,135
658,153180100,2021-06-19,1190.0,7.0825485693553,113,138
659,153180100,2021-06-21,1700.0,7.438971592395862,113,137
660,149200310,2021-05-09,2.66,1.297463147413275,115,5
661,149200310,2021-06-18,16.1,2.8390784635086144,115,2
662,149200310,2021-07-08,1.65,0.9745596399981308,115,3
663,149200310,2021-07-13,0.73,0.5481214085096876,115,4
664,151150110,2021-06-09,4.3,1.667706820558076,110,92
665,151150110,2021-06-17,8.02,2.199444334074532,110,94
666,151150110,2021-06-19,7.5,2.1400661634962708,110,93
667,152180140,2021-05-12,2.32,1.199964782928397,111,13
668,152180140,2021-06-09,0.95,0.6678293725756554,111,15
669,152180140,2021-06-14,0.64,0.49469624183610705,111,17
670,152180140,2021-06-16,0.92,0.6523251860396903,111,16
671,152180140,2021-06-19,1.42,0.8837675401685949,111,12
672,152180140,2021-06-21,1.71,0.9969486348916095,111,14
673,151210050,2021-05-09,1050.0,6.957497370876951,113,73
674,151210050,2021-05-12,822.0,6.71295620067707,113,75
675,151210050,2021-06-18,881.0,6.782192056006791,113,70
676,151210050,2021-06-21,1560.0,7.353081920515432,113,74
677,151210050,2021-07-06,750.0,6.621405651764134,113,76
678,151210050,2021-07-08,706.0,6.561030665896573,113,71
679,151210050,2021-07-11,736.0,6.602587892189336,113,72
680,153160200,2021-06-07,3.1,1.410986973710262,111,184
681,153160200,2021-06-14,2.95,1.3737155789130306,111,183
682,153160200,2021-06-17,3.0,1.3862943611198906,111,185
683,153230130,2021-05-11,1.5,0.9162907318741551,118,61
684,153230130,2021-06-18,1.65,0.9745596399981308,118,60
685,153230130,2021-06-20,1.26,0.8153648132841945,118,63
686,153230130,2021-07-13,0.8,0.5877866649021191,118,62
687,150220050,2021-05-09,35.7,3.6027767550605247,116,146
688,150220050,2021-05-11,26.3,3.306886702190914,116,147
689,150220050,2021-06-08,12.9,2.631888840136646,116,145
690,150220050,2021-06-15,15.0,2.772588722239781,116,150
691,150220050,2021-06-18,37.3,3.6454498961866,116,144
692,150220050,2021-07-08,15.0,2.772588722239781,116,142
693,150220050,2021-07-13,10.0,2.3978952727983707,116,141
694,150220050,2021-07-15,9.58,2.3589654264301534,116,149
695,150220050,2021-07-25,9.93,2.391511302188447,116,143
696,150220050,2021-07-28,10.5,2.4423470353692043,116,148
697,149220070,2021-05-09,2.59,1.2781522025001875,116,1
698,149220070,2021-05-11,2.31,1.1969481893889715,116,2
699,149220070,2021-05-26,1.42,0.8837675401685949,116,3
700,149220070,2021-07-08,9.91,2.3896797998449797,116,4
701,149220070,2021-07-13,2.01,1.1019400787607843,116,5
702,152220060,2021-05-09,1.42,0.8837675401685949,119,62
703,152220060,2021-05-11,1.24,0.8064758658669485,119,60
704,152220060,2021-06-18,1.82,1.0367368849500223,119,59
705,153200010,2021-05-10,1.59,0.9516578757114464,119,219
706,153200010,2021-05-12,1.56,0.9400072584914712,119,216
707,153200010,2021-06-16,1.59,0.9516578757114464,119,218
708,153200010,2021-06-19,1.7,0.9932517730102834,119,217
709,153200010,2021-06-21,1.7,0.9932517730102834,119,214
710,153200010,2021-06-29,1.52,0.924258901523332,119,213
711,153200010,2021-07-01,1.52,0.924258901523332,119,215
712,153200010,2021-07-06,4.04,1.6174060820832772,119,220
713,153200010,2021-07-14,1.86,1.0508216248317612,119,212
714,151150030,2021-06-09,0.61,0.4762341789963716,110,114
715,151150030,2021-06-14,0.61,0.4762341789963716,110,116
716,151150030,2021-06-19,1.12,0.7514160886839212,110,115
717,149210140,2021-05-09,1.83,1.0402767116551463,116,110
718,149210140,2021-05-11,1.5,0.9162907318741551,116,106
719,149210140,2021-06-18,8.11,2.209372711271867,116,111
720,149210140,2021-07-08,3.14,1.420695787837223,116,107
721,149210140,2021-07-13,1.09,0.7371640659767197,116,109
722,149210140,2021-07-25,0.58,0.4574248470388754,116,108
723,149180130,2021-05-04,1.65,0.9745596399981308,109,47
724,149180130,2021-05-09,0.66,0.5068176023684519,109,45
725,149180130,2021-07-06,0.58,0.4574248470388754,109,46
726,149190240,2021-05-04,2.51,1.2556160374777745,121,99
727,149190250,2021-05-04,1.3,0.832909122935104,121,104
728,149190240,2021-05-09,1.35,0.8544153281560676,121,98
729,149190250,2021-05-09,0.82,0.598836501088704,121,102
730,149190240,2021-06-18,6.54,2.020222182019865,121,97
731,149190250,2021-06-18,2.78,1.3297240096314962,121,103
732,149190240,2021-07-08,1.83,1.0402767116551463,121,96
733,149190250,2021-07-08,1.19,0.7839015438284094,121,101
734,149190240,2021-07-28,1.14,0.76080582903376,121,100
735,152210140,2021-06-18,3.93,1.5953389880545987,119,91
736,150200130,2021-05-12,130.0,4.875197323201151,113,40
737,150200130,2021-06-16,272.0,5.60947179518496,113,41
738,150200130,2021-06-18,364.0,5.8998973535824915,113,39
739,150200130,2021-06-21,358.0,5.883322388488279,113,43
740,150200130,2021-07-08,138.0,4.9344739331306915,113,42
741,150200130,2021-07-13,98.6,4.601162164590552,113,44
742,149200200,2021-06-18,28.0,3.367295829986474,114,249
743,149200200,2021-07-08,2.99,1.3837912309017721,115,0
744,149200200,2021-07-13,4.95,1.7833912195575383,115,1
745,150150030,2021-06-09,0.15,0.13976194237515868,110,69
746,150150030,2021-06-14,0.18,0.16551443847757338,110,70
747,150150030,2021-06-19,0.2,0.18232155679395462,110,71
748,153230120,2021-05-11,6.17,1.969905654611529,121,82
749,153230120,2021-06-18,6.29,1.986503546020567,121,83
750,153230120,2021-06-20,6.09,1.958685340544036,121,81
751,153230120,2021-07-13,6.03,1.9501867058225737,121,84
752,153230120,2021-07-28,5.54,1.8779371654691073,121,85
753,150190350,2021-05-12,3.46,1.4951487660319727,117,134
754,150190350,2021-06-18,9.68,2.3683728335320486,117,135
755,150190350,2021-06-21,6.28,1.9851308622085946,117,133
756,151160190,2021-06-09,9.98,2.3960754360813845,109,155
757,151160190,2021-06-19,12.7,2.617395832834079,109,154
758,151160190,2021-07-24,14.8,2.760009940032921,109,156
759,150170080,2021-06-19,1.54,0.9321640810304452,109,73
760,150220100,2021-05-09,179.0,5.19295685089021,115,188
761,150220100,2021-05-11,144.0,4.976733742420574,115,183
762,150220100,2021-05-26,101.0,4.624972813284271,115,189
763,150220100,2021-06-08,72.3,4.294560608892605,115,187
764,150220100,2021-07-08,138.0,4.9344739331306915,115,186
765,150220100,2021-07-13,102.0,4.634728988229636,115,185
766,150220100,2021-07-25,81.5,4.412798293340635,115,184
767,149210080,2021-05-09,9.34,2.336019869080283,115,128
768,149210080,2021-05-11,6.76,2.048982334195127,115,124
769,149210080,2021-06-18,35.4,3.594568774642695,115,126
770,149210080,2021-07-08,20.4,3.0633909220278057,115,127
771,149210080,2021-07-13,5.24,1.8309801823813363,115,129
772,149210080,2021-07-25,3.38,1.4770487243883548,115,125
773,149210080,2021-07-28,2.6,1.2809338454620645,115,130
774,149190060,2021-05-09,12.7,2.617395832834079,113,0
775,149190060,2021-06-03,20.5,3.068052935133617,112,248
776,149190060,2021-06-18,44.3,3.8133070324889884,112,246
777,149190060,2021-06-21,41.0,3.7376696182833684,112,247
778,149190060,2021-07-06,15.8,2.8213788864092133,112,249
779,149190060,2021-07-13,4.52,1.7083778602890038,113,1
780,151160090,2021-06-09,1.38,0.8671004876833832,109,202
781,151160090,2021-06-14,1.18,0.7793248768009976,109,205
782,151160090,2021-06-17,2.66,1.297463147413275,109,203
783,151160090,2021-06-19,2.15,1.1474024528375417,109,204
784,150150070,2021-06-09,3.77,1.5623463049002497,110,74
785,150150080,2021-06-09,16.2,2.8449093838194073,110,30
786,150150070,2021-06-14,4.16,1.6409365794934714,110,77
787,150150080,2021-06-14,15.5,2.803360380906535,110,32
788,150150070,2021-06-17,4.55,1.713797927758343,110,75
789,150150080,2021-06-17,18.8,2.9856819377004897,110,33
790,150150070,2021-06-19,5.42,1.8594181177018698,110,76
791,150150080,2021-06-19,19.4,3.0155349008501706,110,31
792,150190180,2021-05-09,16.4,2.856470206220483,113,201
793,150190180,2021-06-03,13.8,2.6946271807700692,113,200
794,150190180,2021-06-18,23.0,3.1780538303479458,113,199
795,150190180,2021-06-21,21.8,3.126760535960395,113,198
796,150190180,2021-07-06,15.9,2.827313621929028,113,197
797,150190180,2021-07-13,14.1,2.714694743820879,113,202
798,149190290,2021-05-12,1.0,0.6931471805599453,114,41
799,149190290,2021-06-16,3.34,1.4678743481123135,114,39
800,149190290,2021-06-18,6.81,2.0554049638515943,114,37
801,149190290,2021-06-21,4.35,1.6770965609079151,114,38
802,149190290,2021-07-08,0.95,0.6678293725756554,114,36
803,149190290,2021-07-13,1.31,0.8372475245337022,114,40
804,150160060,2021-06-14,1.97,1.0885619528146082,109,146
805,150160060,2021-06-19,2.84,1.3454723665996355,109,145
806,154220050,2021-05-12,1.89,1.0612565021243408,121,50
807,154220050,2021-06-18,1.6,0.9555114450274365,121,47
808,154220050,2021-06-21,1.6,0.9555114450274365,121,48
809,154220050,2021-07-13,1.6,0.9555114450274365,121,49
810,154220050,2021-07-16,1.35,0.8544153281560676,121,51
811,153200030,2021-05-10,4.53,1.7101878155342436,120,221
812,153200030,2021-05-12,4.61,1.724550719534605,120,220
813,153200030,2021-06-16,4.18,1.6448050562713916,120,222
814,153200030,2021-06-19,4.37,1.6808279085207734,120,217
815,153200030,2021-06-21,4.08,1.6253112615903906,120,219
816,153200030,2021-06-29,3.71,1.5496879080283263,120,218
817,153200030,2021-07-01,3.78,1.5644405465033646,120,216
818,153200030,2021-07-06,6.97,2.075684492802124,120,223
819,153200030,2021-07-14,4.27,1.6620303625532709,120,215
820,149220110,2021-05-09,2.38,1.2178757094949273,115,247
821,149220110,2021-05-11,2.04,1.1118575154181303,115,249
822,149220110,2021-05-26,1.59,0.9516578757114464,115,243
823,149220110,2021-06-18,4.92,1.7783364488959144,115,245
824,149220110,2021-06-25,6.2,1.9740810260220096,115,248
825,149220110,2021-07-08,8.5,2.2512917986064953,115,246
826,149220110,2021-07-13,3.65,1.536867219599265,116,0
827,149220110,2021-07-28,1.7,0.9932517730102834,115,244
828,149190020,2021-05-04,2.35,1.208960345836975,114,12
829,149190020,2021-05-09,1.07,0.7275486072772778,114,9
830,149190020,2021-06-16,1.49,0.9122827104766162,114,11
831,149190020,2021-06-21,2.47,1.244154593958768,114,13
832,149190020,2021-07-28,0.58,0.4574248470388754,114,10
833,150160270,2021-06-09,0.45,0.37156355643248307,109,114
834,150160270,2021-06-19,0.7,0.5306282510621704,109,113
835,150160270,2021-07-24,0.95,0.6678293725756554,109,115
836,150160010,2021-06-09,3.97,1.6034198401085373,110,25
837,150160010,2021-06-14,3.16,1.425515074273172,110,24
838,150160010,2021-06-19,3.38,1.4770487243883548,110,23
839,150180010,2021-06-19,0.54,0.43178241642553783,109,70
840,151160220,2021-06-09,0.95,0.6678293725756554,109,244
841,151160220,2021-06-19,2.18,1.1568811967920856,109,243
842,150170150,2021-05-12,2.37,1.2149127443642704,109,124
843,150170150,2021-06-09,2.73,1.3164082336557241,109,122
844,150170150,2021-06-19,6.1,1.9600947840472698,109,125
845,150170150,2021-07-24,1.87,1.0543120297715298,109,123
846,153230020,2021-06-18,4.0,1.6094379124341003,118,78
847,153230020,2021-07-13,1.79,1.0260415958332743,118,76
848,153230020,2021-07-28,2.15,1.1474024528375417,118,77
849,150200150,2021-05-12,194.0,5.272999558563747,113,46
850,150200150,2021-06-16,450.0,6.111467339502679,113,47
851,150200150,2021-06-18,593.0,6.386879319362645,113,45
852,150200150,2021-06-21,588.0,6.3784261836515865,113,48
853,150200150,2021-07-08,246.0,5.5093883366279774,113,49
854,149200040,2021-05-12,5.98,1.943048916774281,114,111
855,149200040,2021-06-16,10.7,2.4595888418037104,114,112
856,149200040,2021-06-21,25.0,3.258096538021482,114,109
857,149200040,2021-07-08,5.59,1.8855533485144158,114,110
858,149200040,2021-07-13,7.19,2.102913897864978,114,113
859,151210080,2021-05-09,3.27,1.4516138272405332,116,211
860,151210080,2021-06-08,2.63,1.2892326482767593,116,210
861,151210080,2021-06-18,9.37,2.3389170222414357,116,212
862,152190120,2021-05-12,1520.0,7.327123292259293,113,106
863,152190120,2021-06-16,958.0,6.8658910748834385,113,105
864,152190120,2021-06-21,1820.0,7.507141079727608,113,107
865,152200010,2021-05-09,5.66,1.8961194845522977,119,155
866,152200010,2021-05-12,5.23,1.8293763327993617,119,154
867,152200010,2021-06-08,4.5,1.7047480922384253,119,156
868,154220100,2021-06-06,0.43,0.3576744442718159,121,61
869,154220100,2021-06-16,0.46,0.3784364357202451,121,63
870,154220100,2021-06-18,0.49,0.3987761199573678,121,62
871,154220100,2021-06-21,0.45,0.37156355643248307,121,64
872,154220100,2021-07-16,0.4,0.33647223662121295,121,66
873,154220100,2021-07-26,0.5,0.4054651081081644,121,65
874,149210030,2021-05-09,7.86,2.1815467646169897,115,103
875,149210030,2021-06-18,37.3,3.6454498961866,115,101
876,149210030,2021-07-08,6.5,2.0149030205422647,115,102
877,149210030,2021-07-13,4.33,1.6733512381777533,115,104
878,149210030,2021-07-28,4.77,1.752672080520008,115,105
879,152190060,2021-05-12,2.06,1.1184149159642893,119,171
880,152190060,2021-06-09,1.09,0.7371640659767197,119,172
881,152190060,2021-06-14,0.91,0.6471032420585385,119,170
882,152190060,2021-06-16,0.99,0.688134638736401,119,169
883,152190060,2021-06-19,1.17,0.7747271675523681,119,167
884,152190060,2021-06-21,1.26,0.8153648132841945,119,168
885,150160180,2021-06-19,20.2,3.054001181677967,109,89
886,151190080,2021-05-12,2.86,1.3506671834767394,117,141
887,151190080,2021-06-18,5.29,1.8389610707123492,117,143
888,151190080,2021-06-21,3.45,1.4929040961781488,117,142
889,150210150,2021-05-09,364.0,5.8998973535824915,113,54
890,152180120,2021-05-12,58.0,4.07753744390572,110,193
891,152180120,2021-06-09,35.9,3.6082115510464816,110,190
892,152180120,2021-06-14,29.8,3.427514689979529,110,189
893,152180120,2021-06-16,40.6,3.728100167267218,110,191
894,150210150,2021-06-18,892.0,6.794586580876499,113,56
895,152180120,2021-06-19,58.8,4.091005660956586,110,188
896,152180120,2021-06-21,71.7,4.286341384539473,110,192
897,150210150,2021-07-08,367.0,5.908082938168931,113,55
898,150210150,2021-07-28,309.0,5.736572297479192,113,53
899,149190280,2021-05-09,2.41,1.2267122912954256,114,169
900,149190280,2021-06-16,3.86,1.5810384379124023,114,170
901,149190280,2021-06-18,4.13,1.635105659182678,114,167
902,149190280,2021-07-08,5.21,1.8261608959453874,114,168
903,152160060,2021-06-09,0.68,0.5187937934151676,111,75
904,152160060,2021-06-17,0.74,0.5538851132264376,111,76
905,152160060,2021-06-19,0.79,0.5822156198526637,111,73
906,152160060,2021-07-24,0.52,0.41871033485818504,111,77
907,152160060,2021-07-27,0.5,0.4054651081081644,111,74
908,150170100,2021-05-12,37.0,3.6375861597263857,109,98
909,150170100,2021-06-19,42.4,3.770459441106359,109,97
910,150210160,2021-05-09,1.7,0.9932517730102834,115,141
911,150210160,2021-06-08,1.17,0.7747271675523681,115,143
912,150210160,2021-06-18,6.65,2.0347056478384444,115,140
913,150210160,2021-07-08,1.48,0.9082585601768908,115,142
914,151160200,2021-06-09,1.97,1.0885619528146082,109,245
915,151160200,2021-06-19,3.19,1.4327007339340463,109,246
916,154160120,2021-06-07,8.7,2.272125885509337,112,74
917,154160120,2021-06-14,7.64,2.1564025828159643,112,72
918,154160120,2021-06-17,7.48,2.1377104498038118,112,73
919,154160120,2021-07-14,7.0,2.0794415416798357,112,75
920,154160030,2021-06-07,0.97,0.6780335427498971,112,58
921,154160030,2021-06-09,0.86,0.6205764877251099,112,60
922,154160030,2021-06-17,0.81,0.5933268452777344,112,59
923,154160030,2021-07-24,0.78,0.5766133643039938,112,61
924,149200320,2021-06-18,51.3,3.9569963710708773,115,10
925,149200320,2021-07-08,9.01,2.303584593327129,115,9
926,152160090,2021-06-19,2.27,1.184789984909162,111,71
927,152160090,2021-07-27,1.68,0.9858167945227653,111,70
928,152180110,2021-05-12,1.73,1.0043016091968684,111,23
929,152180110,2021-06-09,1.38,0.8671004876833832,111,21
930,152180110,2021-06-14,1.18,0.7793248768009976,111,19
931,152180110,2021-06-16,1.58,0.9477893989335261,111,22
932,152180110,2021-06-19,2.28,1.1878434223960523,111,18
933,152180110,2021-06-21,2.02,1.1052568313867783,111,20
934,149190300,2021-05-09,0.79,0.5822156198526637,114,199
935,149190300,2021-06-16,1.06,0.7227059828014898,114,198
936,151220010,2021-07-08,39.7,3.7062280924485496,117,1
937,152160110,2021-05-13,8.43,2.2438960966453663,111,90
938,152160110,2021-06-09,11.3,2.509599262378372,111,89
939,150150110,2021-06-14,0.58,0.4574248470388754,110,68
940,150150110,2021-06-17,0.61,0.4762341789963716,110,67
941,150150110,2021-06-19,0.76,0.5653138090500605,110,66
942,149210050,2021-05-09,35.0,3.58351893845611,115,82
943,149210050,2021-06-18,145.0,4.983606621708336,115,78
944,149210050,2021-07-08,50.0,3.9318256327243257,115,79
945,149210050,2021-07-13,15.5,2.803360380906535,115,80
946,149210050,2021-07-28,14.4,2.7343675094195836,115,81
947,150160120,2021-06-09,5.34,1.8468787684491346,109,148
948,150160120,2021-06-19,5.75,1.9095425048844383,109,149
949,150160120,2021-07-24,4.86,1.7681496035889213,109,150
950,153210020,2021-05-12,7.6,2.151762203259462,118,218
951,153210020,2021-06-16,6.13,1.9643112344262046,118,217
952,153210020,2021-06-18,6.86,2.061786606441115,118,215
953,153210020,2021-06-21,5.93,1.9358598132018119,118,216
954,153210020,2021-07-06,12.9,2.631888840136646,118,219
955,150230040,2021-05-09,26.0,3.295836866004329,116,239
956,150230040,2021-05-11,22.1,3.139832617527748,116,236
957,150230040,2021-07-08,13.8,2.6946271807700692,116,238
958,150230040,2021-07-13,10.9,2.4765384001174837,116,237
959,150230040,2021-07-15,11.1,2.4932054526026954,116,240
960,151180060,2021-05-12,0.99,0.688134638736401,111,55
961,151180060,2021-06-09,0.77,0.5709795465857378,111,57
962,151180060,2021-06-14,0.72,0.5423242908253616,111,59
963,151180060,2021-06-16,1.41,0.8796267475025636,111,58
964,151180060,2021-06-19,1.66,0.9783261227936076,111,54
965,151180060,2021-06-21,1.19,0.7839015438284094,111,56
966,154160090,2021-05-13,2.71,1.3110318766193438,112,93
967,154160090,2021-06-07,2.64,1.2919836816486494,112,96
968,154160090,2021-06-09,2.49,1.2499017362143359,112,98
969,154160090,2021-06-14,2.35,1.208960345836975,112,97
970,154160090,2021-06-17,2.47,1.244154593958768,112,95
971,154160090,2021-07-14,2.28,1.1878434223960523,112,94
972,153180060,2021-05-12,12.9,2.631888840136646,120,95
973,153180060,2021-06-14,13.9,2.7013612129514133,120,94
974,153180060,2021-06-16,15.1,2.7788192719904172,120,96
975,153180060,2021-06-19,11.7,2.5416019934645457,120,97
976,153180060,2021-06-21,14.5,2.740840023925201,120,98
977,153180060,2021-06-29,12.2,2.580216829592325,120,99
978,149210090,2021-05-09,2.66,1.297463147413275,115,66
979,149210090,2021-05-11,1.83,1.0402767116551463,115,65
980,149210090,2021-05-26,2.18,1.1568811967920856,115,70
981,149210090,2021-06-18,12.0,2.5649493574615367,115,69
982,149210090,2021-07-08,6.5,2.0149030205422647,115,64
983,149210090,2021-07-13,1.26,0.8153648132841945,115,67
984,149210090,2021-07-30,1.46,0.9001613499442714,115,68
985,150190240,2021-05-09,0.76,0.5653138090500605,110,162
986,150190240,2021-05-12,0.8,0.5877866649021191,110,161
987,150190240,2021-06-18,1.59,0.9516578757114464,110,159
988,150190240,2021-06-21,0.88,0.6312717768418579,110,160
989,154170020,2021-05-13,0.5,0.4054651081081644,112,137
990,154170020,2021-06-07,0.43,0.3576744442718159,112,133
991,154170020,2021-06-09,0.39,0.3293037471426004,112,138
992,154170020,2021-06-14,0.39,0.3293037471426004,112,135
993,154170020,2021-06-17,0.36,0.3074846997479606,112,134
994,154170020,2021-07-14,0.31,0.27002713721306015,112,136
995,149210110,2021-05-09,8.8,2.2823823856765264,116,77
996,154200020,2021-05-10,1.86,1.0508216248317612,120,238
997,149210110,2021-05-11,7.67,2.1598687907924505,116,73
998,154200020,2021-05-12,1.74,1.007957920399979,120,237
999,149210110,2021-06-18,34.7,3.5751506887855933,116,78
1000,154200020,2021-06-19,1.27,0.8197798314933114,120,234
1001,154200020,2021-06-21,1.06,0.7227059828014898,120,235
1002,154200020,2021-06-29,1.02,0.7030975114131134,120,233
1003,154200020,2021-07-01,1.07,0.7275486072772778,120,236
1004,149210110,2021-07-08,20.2,3.054001181677967,116,75
1005,149210110,2021-07-13,5.29,1.8389610707123492,116,76
1006,154200020,2021-07-14,1.05,0.7178397931503169,120,232
1007,149210110,2021-07-25,2.33,1.2029723039923526,116,74
1008,149210110,2021-07-28,3.31,1.4609379041156565,116,79
1009,149220170,2021-05-04,9.01,2.303584593327129,121,95
1010,149220170,2021-05-11,3.44,1.4906543764441333,121,91
1011,149220170,2021-05-26,2.07,1.1216775615991057,121,93
1012,149200160,2021-06-16,38.2,3.6686767467964168,114,181
1013,149200160,2021-06-18,41.4,3.747148362237912,114,183
1014,149200160,2021-07-08,50.0,3.9318256327243257,114,182
1015,149220170,2021-07-08,5.65,1.8946168546677629,121,92
1016,149220170,2021-07-28,1.14,0.76080582903376,121,94
1017,149220200,2021-05-09,13.2,2.653241964607215,116,28
1018,149220200,2021-05-11,10.1,2.4069451083182885,116,21
1019,149220200,2021-05-26,5.74,1.9080599249242156,116,25
1020,149220200,2021-06-08,6.04,1.951608170169951,116,27
1021,149220200,2021-07-08,10.1,2.4069451083182885,116,23
1022,149220200,2021-07-13,5.83,1.9213246735826988,116,26
1023,149220200,2021-07-25,3.43,1.4883995840570443,116,24
1024,149220200,2021-07-28,2.93,1.3686394258811698,116,22
1025,152200090,2021-05-09,4.57,1.7173950539391927,119,160
1026,152200090,2021-05-12,4.68,1.7369512327330598,119,161
1027,152200090,2021-06-16,7.43,2.131796772013764,119,159
1028,152200090,2021-06-18,9.82,2.3813962734183356,119,157
1029,152200090,2021-06-21,11.9,2.5572273113676265,119,158
1030,153210010,2021-05-12,7.07,2.0881534822818573,118,201
1031,153210010,2021-06-16,6.94,2.0719132752590443,118,200
1032,153210010,2021-06-18,7.32,2.1186622548331173,118,199
1033,153210010,2021-06-21,6.82,2.05668455455722,118,198
1034,153210010,2021-07-06,9.06,2.3085671646715933,118,202
1035,150180190,2021-06-21,7.52,2.1424163408412245,109,79
1036,150240020,2021-05-11,163.0,5.099866427824199,118,228
1037,150240020,2021-05-26,105.0,4.663439094112067,118,229
1038,150240020,2021-07-10,36.7,3.629660094453965,118,226
1039,150240020,2021-07-15,32.5,3.5115454388310208,118,225
1040,150240020,2021-07-30,31.2,3.4719664525503626,118,227
1041,150230030,2021-05-09,4.44,1.6937790608678513,117,10
1042,150230030,2021-05-11,4.01,1.6114359150967734,117,7
1043,150230030,2021-06-18,4.59,1.7209792871670078,117,8
1044,150230030,2021-07-08,2.64,1.2919836816486494,117,9
1045,150230030,2021-07-13,1.97,1.0885619528146082,117,11
1046,150230030,2021-07-15,1.92,1.0715836162801904,117,12
1047,149190350,2021-05-12,1.25,0.8109302162163288,114,141
1048,149190350,2021-06-18,5.91,1.9329696377795786,114,140
1049,149190350,2021-06-21,5.2,1.8245492920510458,114,143
1050,149190350,2021-07-08,1.26,0.8153648132841945,114,139
1051,149190350,2021-07-13,2.03,1.1085626195212777,114,142
1052,152230080,2021-05-06,216.0,5.37989735354046,118,249
1053,152230080,2021-05-09,210.0,5.351858133476067,118,246
1054,152230080,2021-05-11,207.0,5.337538079701318,118,247
1055,152230080,2021-06-18,170.0,5.14166355650266,118,244
1056,152230080,2021-07-08,133.0,4.897839799950911,118,245
1057,152230080,2021-07-15,103.0,4.6443908991413725,118,248
1058,150170210,2021-05-12,1.08,0.7323678937132266,109,127
1059,150170210,2021-06-09,0.87,0.6259384308664953,109,129
1060,150170210,2021-06-19,1.8,1.0296194171811583,109,126
1061,150170210,2021-07-24,0.9,0.6418538861723948,109,128
1062,152160010,2021-06-07,48.7,3.906004933102583,111,149
1063,152160010,2021-06-14,46.9,3.8691155044168695,111,151
1064,152160010,2021-06-17,48.5,3.9019726695746444,111,150
1065,152160010,2021-06-19,51.0,3.9512437185814275,111,148
1066,151170010,2021-06-09,4.29,1.665818245870208,109,183
1067,151170010,2021-06-19,6.43,2.005525858729668,109,184
1068,149180010,2021-06-21,150.0,5.017279836814924,109,1
1069,151170010,2021-07-24,2.78,1.3297240096314962,109,185
1070,153220150,2021-05-12,6.98,2.0769384114617173,118,85
1071,153220150,2021-06-06,3.53,1.5107219394949427,118,89
1072,153220150,2021-06-16,3.15,1.423108334242607,118,83
1073,153220150,2021-06-18,2.78,1.3297240096314962,118,84
1074,153220150,2021-06-21,2.94,1.3711807233098425,118,88
1075,153220150,2021-07-13,2.95,1.3737155789130306,118,87
1076,153220150,2021-07-16,1.79,1.0260415958332743,118,86
1077,150160040,2021-05-10,0.65,0.5007752879124893,112,223
1078,150160040,2021-06-04,0.54,0.43178241642553783,112,225
1079,150160040,2021-06-14,0.38,0.32208349916911333,112,222
1080,150160040,2021-06-19,0.5,0.4054651081081644,112,224
1081,151190010,2021-06-21,12.6,2.6100697927420065,110,228
1082,153220230,2021-06-18,0.96,0.6729444732424258,118,36
1083,153220230,2021-07-13,0.54,0.43178241642553783,118,37
1084,153220230,2021-07-28,0.58,0.4574248470388754,118,38
1085,153150030,2021-06-07,0.52,0.41871033485818504,112,36
1086,153150030,2021-06-17,0.41,0.3435897043900769,112,35
1087,153190130,2021-05-10,5.16,1.8180767775454285,120,38
1088,153190130,2021-05-12,5.08,1.8050046959780757,120,36
1089,153190130,2021-06-14,4.49,1.7029282555214393,120,35
1090,153190130,2021-06-16,4.7,1.7404661748405044,120,33
1091,153190130,2021-06-19,4.78,1.7544036826842861,120,40
1092,153190130,2021-06-21,4.65,1.7316555451583495,120,39
1093,153190130,2021-06-29,4.12,1.6331544390514163,120,37
1094,153190130,2021-07-01,4.02,1.6134299337036377,120,34
1095,153190130,2021-07-14,4.19,1.6467336971777973,120,32
1096,150210090,2021-07-08,7.62,2.154085084675602,116,186
1097,151180030,2021-05-12,1.07,0.7275486072772778,111,53
1098,151180030,2021-06-19,1.01,0.6981347220709844,111,52
1099,150190210,2021-05-09,0.25,0.22314355131420976,113,204
1100,150190210,2021-05-12,0.36,0.3074846997479606,113,205
1101,150190210,2021-06-03,0.16,0.14842000511827327,113,207
1102,150190210,2021-06-18,1.82,1.0367368849500223,113,206
1103,150190210,2021-06-21,0.84,0.6097655716208943,113,203
1104,150190210,2021-07-06,0.39,0.3293037471426004,113,208
1105,152190050,2021-05-12,2.37,1.2149127443642704,119,131
1106,152190050,2021-06-14,1.67,0.9820784724121581,119,130
1107,152190050,2021-06-16,3.93,1.5953389880545987,119,132
1108,152190050,2021-06-19,4.15,1.6389967146756448,119,128
1109,152190050,2021-06-21,2.96,1.3762440252663892,119,129
1110,153180130,2021-05-12,1.4,0.8754687373538999,120,172
1111,153180130,2021-06-06,1.65,0.9745596399981308,120,174
1112,153180130,2021-06-11,1.61,0.9593502213346021,120,178
1113,153180130,2021-06-14,1.58,0.9477893989335261,120,171
1114,153180130,2021-06-16,1.73,1.0043016091968684,120,176
1115,153180130,2021-06-19,1.76,1.0152306797290587,120,177
1116,153180130,2021-06-21,1.75,1.0116009116784799,120,173
1117,153180130,2021-06-29,1.72,1.000631880307906,120,175
1118,153180130,2021-07-14,1.94,1.0784095813505903,120,179
1119,154170040,2021-05-13,0.56,0.44468582126144574,112,70
1120,154170040,2021-06-07,0.4,0.33647223662121295,112,68
1121,154170040,2021-06-14,0.28,0.2468600779315258,112,67
1122,154170040,2021-06-17,0.25,0.22314355131420976,112,66
1123,154170040,2021-07-14,0.23,0.20701416938432615,112,71
1124,154170040,2021-07-27,0.26,0.23111172096338664,112,69
1125,150160230,2021-06-19,5.07,1.803358605071407,109,105
1126,150180070,2021-06-19,8.79,2.281361456542419,109,66
1127,151210030,2021-05-09,1.93,1.0750024230289759,117,92
1128,151210030,2021-05-12,1.92,1.0715836162801904,117,90
1129,151210030,2021-06-18,4.68,1.7369512327330598,117,91
1130,151210030,2021-06-21,2.94,1.3711807233098425,117,89
1131,151210030,2021-07-08,1.74,1.007957920399979,117,93
1132,149220060,2021-05-09,57.5,4.069026754237811,115,162
1133,149220060,2021-05-11,55.3,4.030694535145645,115,161
1134,149220060,2021-05-26,52.5,3.979681653901961,115,163
1135,149220060,2021-07-08,68.0,4.23410650459726,115,159
1136,149220060,2021-07-13,56.3,4.048300623720694,115,160
1137,151150060,2021-06-09,3.9,1.589235205116581,110,97
1138,151150060,2021-06-17,11.2,2.501435951739211,110,95
1139,151150060,2021-06-19,8.9,2.2925347571405443,110,96
1140,150220090,2021-05-09,204.0,5.3230099791384085,115,194
1141,150220090,2021-05-11,165.0,5.111987788356544,115,196
1142,150220090,2021-05-26,109.0,4.700480365792417,115,193
1143,150220090,2021-06-08,78.5,4.375757021660286,115,195
1144,150220090,2021-06-18,188.0,5.241747015059643,115,197
1145,150220090,2021-07-08,153.0,5.0369526024136295,115,191
1146,150220090,2021-07-13,108.0,4.6913478822291435,115,190
1147,150220090,2021-07-25,89.1,4.500920164614292,115,192
1148,150220090,2021-07-30,66.5,4.212127597878484,115,198
1149,154170160,2021-05-13,6.59,2.0268315914075385,112,176
1150,154170160,2021-06-07,6.92,2.0693912058263346,112,175
1151,154170160,2021-06-09,5.95,1.9387416595767009,112,179
1152,154170160,2021-06-14,5.38,1.8531680973566984,112,177
1153,154170160,2021-06-17,5.24,1.8309801823813363,112,174
1154,154170160,2021-07-14,4.74,1.747459210331475,112,178
1155,150190200,2021-05-12,1.57,0.9439058989071285,110,164
1156,150190200,2021-06-21,2.77,1.3270750014599193,110,163
1157,153190150,2021-05-10,3.12,1.415853163361435,120,28
1158,153190150,2021-05-12,3.14,1.420695787837223,120,27
1159,153190150,2021-06-14,2.84,1.3454723665996355,120,29
1160,153190150,2021-06-16,2.99,1.3837912309017721,120,30
1161,153190150,2021-06-19,3.01,1.3887912413184778,120,31
1162,153190150,2021-06-21,2.9,1.3609765531356006,120,24
1163,153190150,2021-06-29,2.4,1.2237754316221157,120,23
1164,153190150,2021-07-01,2.38,1.2178757094949273,120,26
1165,153190150,2021-07-14,2.67,1.3001916620664788,120,25
1166,152190040,2021-05-12,1.58,0.9477893989335261,119,202
1167,152190040,2021-06-14,0.76,0.5653138090500605,119,205
1168,152190040,2021-06-16,0.92,0.6523251860396903,119,201
1169,152190040,2021-06-19,1.19,0.7839015438284094,119,204
1170,152190040,2021-06-21,1.48,0.9082585601768908,119,203
1171,153190020,2021-05-12,2.29,1.1908875647772805,120,108
1172,153190020,2021-06-06,2.21,1.1662709371419244,120,105
1173,153190020,2021-06-11,2.18,1.1568811967920856,120,111
1174,153190020,2021-06-14,2.01,1.1019400787607843,120,109
1175,153190020,2021-06-16,1.92,1.0715836162801904,120,107
1176,153190020,2021-06-19,1.92,1.0715836162801904,120,110
1177,153190020,2021-06-29,1.79,1.0260415958332743,120,106
1178,150160070,2021-06-19,4.23,1.6544112780768316,109,147
1179,151220090,2021-05-06,38.5,3.676300671907076,117,0
1180,151220090,2021-05-09,37.8,3.6584202466292277,116,248
1181,151220090,2021-05-11,37.4,3.648057459593681,116,246
1182,151220090,2021-07-08,26.4,3.3105430133940246,116,245
1183,151220090,2021-07-15,22.6,3.1612467120315646,116,249
1184,151220090,2021-07-18,22.3,3.148453360571655,116,247
1185,152200100,2021-05-12,5.26,1.8341801851120072,119,118
1186,152200100,2021-06-16,2.5,1.252762968495368,119,117
1187,152200100,2021-06-18,3.0,1.3862943611198906,119,116
1188,152200100,2021-06-21,2.65,1.2947271675944,119,115
1189,151150190,2021-06-09,0.24,0.2151113796169455,110,5
1190,151150190,2021-06-19,0.18,0.16551443847757338,110,6
1191,151150190,2021-07-27,0.37,0.31481073984003355,110,7
1192,149190370,2021-05-12,0.66,0.5068176023684519,114,136
1193,149190370,2021-06-16,1.26,0.8153648132841945,114,135
1194,149190370,2021-06-21,2.43,1.2325602611778486,114,138
1195,149190370,2021-07-08,0.54,0.43178241642553783,114,134
1196,149190370,2021-07-13,0.44,0.36464311358790924,114,137
1197,151220070,2021-05-09,3.18,1.430311246536665,117,36
1198,151220070,2021-05-11,3.17,1.4279160358107101,117,33
1199,151220070,2021-06-15,2.63,1.2892326482767593,117,34
1200,151220070,2021-06-18,3.86,1.5810384379124023,117,38
1201,151220070,2021-07-08,3.14,1.420695787837223,117,37
1202,151220070,2021-07-15,2.83,1.3428648031925547,117,35
1203,149190360,2021-05-09,1.33,0.8458682675776092,114,202
1204,149190390,2021-05-09,2.9,1.3609765531356006,114,206
1205,149190360,2021-06-16,1.1,0.7419373447293773,114,203
1206,149190360,2021-06-18,1.96,1.085189268335969,114,200
1207,149190390,2021-06-18,5.5,1.8718021769015913,114,204
1208,149190360,2021-07-08,1.5,0.9162907318741551,114,201
1209,149190390,2021-07-08,1.31,0.8372475245337022,114,205
1210,149210040,2021-05-09,46.0,3.8501476017100584,115,87
1211,149210040,2021-06-18,165.0,5.111987788356544,115,85
1212,149210040,2021-07-08,52.9,3.9871304779149517,115,83
1213,149210040,2021-07-13,20.6,3.0726933146901194,115,86
1214,149210040,2021-07-28,21.4,3.109060958860994,115,84
1215,150190130,2021-05-09,3.1,1.410986973710262,113,189
1216,150190130,2021-06-03,2.02,1.1052568313867783,113,188
1217,150190130,2021-06-18,3.3,1.4586150226995167,113,187
1218,150190130,2021-06-21,4.34,1.6752256529721035,113,190
1219,150190130,2021-07-06,2.84,1.3454723665996355,113,191
1220,151190030,2021-05-12,2.27,1.184789984909162,110,242
1221,151190030,2021-06-16,2.54,1.264126727145683,110,244
1222,151190030,2021-06-21,4.73,1.7457155307266483,110,243
1223,149180030,2021-06-21,43.4,3.793239469438179,109,50
1224,150160090,2021-06-09,2.46,1.2412685890696329,109,166
1225,150160090,2021-06-14,2.25,1.1786549963416462,109,168
1226,150160090,2021-06-19,2.83,1.3428648031925547,109,167
1227,151170040,2021-06-09,3.99,1.6074359097634274,109,230
1228,151170040,2021-06-21,6.32,1.9906103279732201,109,231
1229,153150080,2021-06-07,3.93,1.5953389880545987,112,27
1230,153150080,2021-06-14,3.46,1.4951487660319727,112,28
1231,153150080,2021-06-17,3.18,1.430311246536665,112,25
1232,153150080,2021-06-19,3.19,1.4327007339340463,112,26
1233,152210120,2021-05-12,11.1,2.4932054526026954,119,88
1234,152210120,2021-06-18,13.0,2.639057329615259,119,87
1235,152210120,2021-06-21,17.0,2.8903717578961645,119,86
1236,152210120,2021-07-06,8.84,2.286455711064162,119,90
1237,152210120,2021-07-11,9.39,2.340843805111136,119,89
1238,149190070,2021-05-09,1.34,0.8501509293696101,114,24
1239,149190070,2021-06-03,2.57,1.2725655957915476,114,23
1240,149190070,2021-06-18,2.5,1.252762968495368,114,21
1241,149190070,2021-06-21,4.16,1.6409365794934714,114,22
1242,149190070,2021-07-06,2.0,1.0986122886681096,114,26
1243,149190070,2021-07-13,1.23,0.8020015854720274,114,25
1244,150150090,2021-06-09,2.03,1.1085626195212777,110,65
1245,150150090,2021-06-14,2.24,1.1755733298042381,110,64
1246,150150090,2021-06-17,2.75,1.3217558399823195,110,63
1247,150150090,2021-06-19,2.84,1.3454723665996355,110,62
1248,152199992,2021-05-09,34.2,3.5610460826040513,119,138
1249,152199992,2021-05-12,30.7,3.456316680883235,119,137
1250,152199992,2021-06-08,11.4,2.517696472610991,119,135
1251,152199992,2021-06-16,10.3,2.424802725718295,119,136
1252,152199992,2021-06-18,17.5,2.917770732084279,119,133
1253,152199992,2021-06-21,24.5,3.2386784521643803,119,134
1254,154190170,2021-05-12,13.0,2.639057329615259,120,229
1255,151150090,2021-06-09,10.2,2.4159137783010487,110,101
1256,154190170,2021-06-09,11.2,2.501435951739211,120,231
1257,154190170,2021-06-11,10.5,2.4423470353692043,120,230
1258,151150090,2021-06-14,8.89,2.2915241456346207,110,104
1259,151150090,2021-06-17,10.1,2.4069451083182885,110,103
1260,151150090,2021-06-19,15.1,2.7788192719904172,110,105
1261,154190170,2021-06-19,9.84,2.3832429960115,120,224
1262,154190170,2021-06-21,9.2,2.322387720290225,120,225
1263,154190170,2021-06-29,8.39,2.2396452932201716,120,228
1264,154190170,2021-07-01,8.32,2.2321626286975,120,227
1265,154190170,2021-07-14,12.3,2.5877640352277083,120,226
1266,151150090,2021-07-24,8.31,2.231089091288976,110,102
1267,154170080,2021-05-13,3.83,1.5748464676644813,112,153
1268,154170080,2021-06-07,3.49,1.501852701754163,112,150
1269,154170080,2021-06-09,3.39,1.47932922708708,112,151
1270,154170080,2021-06-14,3.07,1.4036429994545037,112,152
1271,154170080,2021-06-17,3.09,1.4085449700547104,112,149
1272,149200100,2021-05-09,1.0,0.6931471805599453,114,220
1273,149200100,2021-06-16,1.73,1.0043016091968684,114,219
1274,149200100,2021-07-08,3.95,1.599387576580599,114,221
1275,152180100,2021-05-12,0.99,0.688134638736401,111,114
1276,152180100,2021-06-09,0.73,0.5481214085096876,111,116
1277,152180100,2021-06-14,0.6,0.4700036292457356,111,118
1278,152180100,2021-06-16,0.64,0.49469624183610705,111,113
1279,152180100,2021-06-19,0.67,0.5128236264286637,111,117
1280,152180100,2021-06-21,0.71,0.5364933705145685,111,115
1281,152180100,2021-06-29,0.58,0.4574248470388754,111,119
1282,152210030,2021-05-09,17.5,2.917770732084279,118,224
1283,152210030,2021-05-12,12.9,2.631888840136646,118,223
1284,152210030,2021-06-16,7.48,2.1377104498038118,118,222
1285,152210030,2021-06-18,9.32,2.334083760053417,118,220
1286,152210030,2021-06-21,9.1,2.312535423847214,118,221
1287,151160150,2021-06-09,149.0,5.0106352940962555,109,6
1288,151160150,2021-06-14,147.0,4.997212273764115,109,8
1289,151160150,2021-06-19,263.0,5.575949103146316,109,7
1290,151160150,2021-07-24,295.0,5.69035945432406,109,9
1291,152230070,2021-05-06,32.5,3.5115454388310208,119,44
1292,152230070,2021-05-09,22.6,3.1612467120315646,119,42
1293,152230070,2021-05-11,19.3,3.0106208860477417,119,40
1294,152230070,2021-06-18,16.7,2.8735646395797834,119,38
1295,152230070,2021-07-08,13.6,2.681021528714291,119,39
1296,152230070,2021-07-15,8.85,2.2874714551839976,119,43
1297,152230070,2021-07-18,8.47,2.248128907197987,119,41
1298,154220030,2021-05-12,1.71,0.9969486348916095,118,109
1299,154220030,2021-06-16,1.71,0.9969486348916095,118,106
1300,154220030,2021-06-18,1.71,0.9969486348916095,118,108
1301,154220030,2021-06-21,1.68,0.9858167945227653,118,107
1302,154220030,2021-07-06,1.94,1.0784095813505903,118,104
1303,154220030,2021-07-13,2.06,1.1184149159642893,118,105
1304,152229999,2021-05-12,240.0,5.484796933490655,119,12
1305,152229999,2021-06-16,198.0,5.293304824724492,119,9
1306,152229999,2021-06-18,204.0,5.3230099791384085,119,13
1307,152229999,2021-06-21,208.0,5.342334251964811,119,14
1308,152229999,2021-07-06,176.0,5.176149732573829,119,11
1309,152229999,2021-07-11,182.0,5.209486152841421,119,10
1310,150230080,2021-05-09,4.51,1.706564623164823,116,224
1311,150230080,2021-05-11,4.07,1.623340817603092,116,219
1312,150230080,2021-06-18,4.2,1.6486586255873816,116,223
1313,150230080,2021-07-08,3.32,1.463255402256019,116,220
1314,150230080,2021-07-13,3.21,1.43746264769429,116,221
1315,150230080,2021-07-15,3.01,1.3887912413184778,116,222
1316,151210020,2021-05-09,4.07,1.623340817603092,116,174
1317,150200050,2021-05-12,3.62,1.5303947050936475,115,36
1318,151210020,2021-05-12,2.71,1.3110318766193438,116,171
1319,151210020,2021-06-08,2.19,1.1600209167967532,116,173
1320,150200050,2021-06-18,4.38,1.682688374173693,115,38
1321,151210020,2021-06-18,20.1,3.0492730404820207,116,172
1322,150200050,2021-06-21,3.81,1.5706970841176697,115,37
1323,151210020,2021-06-21,7.2,2.1041341542702074,116,170
1324,151210020,2021-07-06,3.58,1.5216989981260935,116,175
1325,150200050,2021-07-08,3.32,1.463255402256019,115,40
1326,150200050,2021-07-13,2.99,1.3837912309017721,115,39
1327,154210100,2021-05-12,9.96,2.3942522815198695,121,45
1328,154210100,2021-06-18,7.98,2.194999882314108,121,44
1329,154210100,2021-06-21,7.3,2.1162555148025524,121,43
1330,154210100,2021-07-13,16.0,2.833213344056216,121,46
1331,150210120,2021-05-09,65.9,4.203198967134183,115,94
1332,150210120,2021-07-08,58.6,4.087655574071304,115,95
1333,150210120,2021-07-28,29.7,3.4242626545931514,115,93
1334,152150180,2021-06-14,2.02,1.1052568313867783,111,247
1335,152150180,2021-06-17,2.14,1.144222799920162,111,248
1336,152150180,2021-06-19,2.05,1.11514159061932,111,246
1337,152150200,2021-06-07,93.8,4.551769409260976,110,218
1338,152150200,2021-06-17,79.2,4.384523514872469,110,219
1339,152150200,2021-06-19,84.4,4.447346100794524,110,217
1340,150160190,2021-06-19,1.13,0.7561219797213337,109,87
1341,152150120,2021-06-07,0.92,0.6523251860396903,111,111
1342,152150120,2021-06-14,1.28,0.8241754429663495,111,112
1343,152150120,2021-06-17,1.11,0.7466879474879752,111,110
1344,152150120,2021-06-19,1.18,0.7793248768009976,111,109
1345,151210110,2021-05-09,1.62,0.9631743177730056,117,94
1346,151210110,2021-06-18,2.96,1.3762440252663892,117,96
1347,151210110,2021-07-08,0.86,0.6205764877251099,117,95
1348,153210230,2021-05-12,2.32,1.199964782928397,118,177
1349,153210230,2021-06-16,2.22,1.169381359556317,118,178
1350,153210230,2021-06-18,2.27,1.184789984909162,118,174
1351,153210230,2021-06-21,2.12,1.1378330018213911,118,175
1352,153210230,2021-07-06,2.51,1.2556160374777745,118,176
1353,149190030,2021-05-09,0.56,0.44468582126144574,113,156
1354,149190030,2021-07-13,0.48,0.3920420877760237,113,155
1355,154180020,2021-05-13,2.19,1.1600209167967532,112,169
1356,154180020,2021-06-02,1.66,0.9783261227936076,112,173
1357,154180020,2021-06-07,1.56,0.9400072584914712,112,168
1358,154180020,2021-06-09,1.42,0.8837675401685949,112,172
1359,154180020,2021-06-14,1.25,0.8109302162163288,112,170
1360,154180020,2021-06-17,1.14,0.76080582903376,112,167
1361,154180020,2021-06-29,1.17,0.7747271675523681,112,166
1362,154180020,2021-07-14,0.68,0.5187937934151676,112,171
1363,151180040,2021-05-12,4.31,1.6695918352538475,111,42
1364,151180040,2021-06-19,6.61,2.0294631718735947,111,41
1365,151180040,2021-06-21,5.15,1.8164520818184267,111,40
1366,150150010,2021-06-09,3.28,1.4539530095937054,110,89
1367,150150020,2021-06-09,0.8,0.5877866649021191,110,106
1368,150150010,2021-06-14,3.42,1.4861396960896067,110,90
1369,150150020,2021-06-14,0.84,0.6097655716208943,110,108
1370,150150010,2021-06-17,5.68,1.8991179875485544,110,91
1371,150150010,2021-06-19,5.95,1.9387416595767009,110,88
1372,150150020,2021-06-19,1.62,0.9631743177730056,110,107
1373,149180090,2021-06-21,0.4,0.33647223662121295,113,162
1374,149180090,2021-07-06,0.42,0.35065687161316933,113,163
1375,151220050,2021-05-06,1.49,0.9122827104766162,117,73
1376,151220050,2021-05-09,1.25,0.8109302162163288,117,74
1377,151220050,2021-05-11,1.12,0.7514160886839212,117,72
1378,151220050,2021-06-10,0.82,0.598836501088704,117,70
1379,151220050,2021-06-15,1.89,1.0612565021243408,117,71
1380,151220050,2021-06-20,2.29,1.1908875647772805,117,76
1381,151220050,2021-07-08,0.97,0.6780335427498971,117,75
1382,151220050,2021-07-15,0.62,0.4824261492442927,117,78
1383,151220050,2021-07-25,0.63,0.48858001481867097,117,77
1384,150200010,2021-05-12,2.91,1.3635373739972745,115,12
1385,150200010,2021-06-18,4.88,1.7715567619105355,115,13
1386,150200010,2021-06-21,3.51,1.5062971535145868,115,11
1387,150210030,2021-05-09,0.89,0.636576829071551,115,60
1388,150210030,2021-05-12,0.83,0.6043159668533296,115,58
1389,150210030,2021-06-18,2.59,1.2781522025001875,115,59
1390,150210030,2021-06-21,1.13,0.7561219797213337,115,57
1391,150210030,2021-07-08,0.57,0.4510756193602167,115,56
1392,152200110,2021-05-09,1730.0,7.456454555176209,113,94
1393,152200110,2021-05-12,1420.0,7.259116128097101,113,93
1394,152200110,2021-06-16,900.0,6.803505257608338,113,92
1395,152200110,2021-06-18,1090.0,6.994849985833071,113,90
1396,152200110,2021-06-21,1870.0,7.534228326274089,113,91
1397,150200120,2021-05-12,2.97,1.3787660946990992,115,28
1398,150200120,2021-06-18,15.2,2.785011242238338,115,30
1399,150200120,2021-06-21,6.46,2.0095554142156695,115,29
1400,153150020,2021-06-17,0.77,0.5709795465857378,112,17
1401,152160130,2021-06-09,2.86,1.3506671834767394,111,72
1402,150160130,2021-06-19,2.11,1.1346227261911428,109,159
1403,153170110,2021-06-14,0.99,0.688134638736401,120,83
1404,150190220,2021-05-12,6.89,2.065596134857783,110,168
1405,150190220,2021-06-21,10.9,2.4765384001174837,110,167
1406,149200060,2021-05-12,1.63,0.9669838461896731,114,106
1407,149200080,2021-05-12,3.06,1.4011829736136412,114,131
1408,149200060,2021-06-16,4.74,1.747459210331475,114,103
1409,149200080,2021-06-16,4.7,1.7404661748405044,114,133
1410,149200060,2021-06-18,10.9,2.4765384001174837,114,108
1411,149200060,2021-06-21,10.5,2.4423470353692043,114,104
1412,149200080,2021-06-21,13.7,2.6878474937846906,114,129
1413,149200060,2021-07-08,2.1,1.1314021114911006,114,105
1414,149200080,2021-07-08,2.85,1.3480731482996928,114,130
1415,149200060,2021-07-13,2.34,1.205970806988609,114,107
1416,149200080,2021-07-13,4.48,1.7011051009599243,114,132
1417,149200300,2021-06-18,29.0,3.4011973816621555,114,234
1418,149200300,2021-07-08,21.1,3.0955776085237074,114,235
1419,149200290,2021-06-18,34.7,3.5751506887855933,114,237
1420,149200290,2021-07-08,25.4,3.2733640101522705,114,236
1421,153210040,2021-05-12,1.57,0.9439058989071285,118,191
1422,153210040,2021-06-16,1.08,0.7323678937132266,118,190
1423,153210040,2021-06-18,1.12,0.7514160886839212,118,192
1424,153210040,2021-06-21,0.95,0.6678293725756554,118,189
1425,152140120,2021-06-07,1.43,0.8878912573524571,112,1
1426,152140120,2021-06-17,1.3,0.832909122935104,112,2
1427,153160070,2021-06-07,2.45,1.2383742310432684,111,207
1428,153160070,2021-06-14,2.45,1.2383742310432684,111,209
1429,153160070,2021-06-17,2.35,1.208960345836975,111,208
1430,153160070,2021-06-19,2.45,1.2383742310432684,111,206
1431,150180260,2021-06-21,2.35,1.208960345836975,113,214
1432,151170090,2021-05-12,2.71,1.3110318766193438,109,177
1433,151170090,2021-06-09,1.38,0.8671004876833832,109,175
1434,151170090,2021-06-19,1.58,0.9477893989335261,109,176
1435,151170090,2021-07-24,0.22,0.1988508587451652,109,178
1436,152230090,2021-05-09,12.5,2.6026896854443837,117,181
1437,152230090,2021-05-11,10.9,2.4765384001174837,117,178
1438,152230090,2021-06-18,7.12,2.0943301541735866,117,176
1439,152230090,2021-07-08,9.16,2.318458442150336,117,179
1440,152230090,2021-07-15,6.26,1.9823798288367047,117,182
1441,152230090,2021-07-18,6.64,2.033397603178429,117,177
1442,152230090,2021-07-25,6.26,1.9823798288367047,117,180
1443,152230100,2021-05-09,7.03,2.0831845279586703,117,238
1444,152230100,2021-05-11,5.72,1.9050881545350582,117,237
1445,152230100,2021-06-18,2.84,1.3454723665996355,117,234
1446,152230100,2021-07-08,4.24,1.6563214983329508,117,236
1447,152230100,2021-07-18,3.36,1.4724720573609429,117,239
1448,152230100,2021-07-25,2.53,1.2612978709452054,117,235
1449,150180090,2021-06-21,0.69,0.5247285289349821,109,58
1450,151180090,2021-05-12,2.07,1.1216775615991057,110,232
1451,151180090,2021-06-14,1.62,0.9631743177730056,110,229
1452,151180090,2021-06-19,3.07,1.4036429994545037,110,230
1453,151180090,2021-06-21,2.67,1.3001916620664788,110,231
1454,149200120,2021-06-16,3.87,1.5830939370944985,114,227
1455,149200120,2021-06-18,4.7,1.7404661748405044,114,225
1456,149200120,2021-07-08,2.02,1.1052568313867783,114,226
1457,150230010,2021-05-11,8.73,2.2752138961979136,116,225
1458,150230010,2021-06-18,7.27,2.1126345090356,116,226
1459,150230010,2021-07-08,6.77,2.050270164379556,116,227
1460,150230010,2021-07-13,5.83,1.9213246735826988,116,228
1461,150230010,2021-07-15,6.24,1.979621206397625,116,229
1462,150170120,2021-05-12,1.02,0.7030975114131134,109,119
1463,150170120,2021-06-09,0.71,0.5364933705145685,109,118
1464,150170120,2021-06-19,1.45,0.8960880245566356,109,121
1465,150170120,2021-07-24,0.71,0.5364933705145685,109,120
1466,149220210,2021-05-11,19.6,3.0252910757955354,116,33
1467,149220210,2021-05-26,7.9,2.186051276738094,116,34
1468,149220210,2021-06-18,16.7,2.8735646395797834,116,32
1469,149220210,2021-07-08,6.87,2.063058062429312,116,30
1470,149220210,2021-07-13,5.27,1.8357763546448291,116,31
1471,149220210,2021-07-28,4.09,1.6272778305624314,116,29
1472,152150050,2021-06-09,209.0,5.3471075307174685,109,30
1473,152150050,2021-06-14,200.0,5.303304908059076,109,28
1474,152150050,2021-06-17,215.0,5.375278407684165,109,29
1475,152150050,2021-06-19,284.0,5.652489180268651,109,32
1476,152150050,2021-07-24,458.0,6.129050210060545,109,31
1477,150210080,2021-07-08,1.83,1.0402767116551463,116,198
1478,150220030,2021-05-09,321.0,5.7745515455444085,115,211
1479,150220030,2021-05-11,250.0,5.5254529391317835,115,210
1480,150220030,2021-06-15,135.0,4.912654885736052,115,209
1481,150220030,2021-07-08,236.0,5.4680601411351315,115,208
1482,150220030,2021-07-13,162.0,5.093750200806762,115,207
1483,150220030,2021-07-15,148.0,5.003946305945459,115,213
1484,150220030,2021-07-25,131.0,4.882801922586371,115,212
1485,150190100,2021-05-09,6.25,1.9810014688665833,113,228
1486,150190100,2021-06-03,5.86,1.925707441737794,113,227
1487,150190100,2021-06-18,9.87,2.386006701133118,113,230
1488,150190100,2021-07-13,6.06,1.9544450515051506,113,229
1489,152180090,2021-05-12,0.88,0.6312717768418579,111,125
1490,152180090,2021-06-09,0.71,0.5364933705145685,111,123
1491,152180090,2021-06-14,0.71,0.5364933705145685,111,121
1492,152180090,2021-06-16,0.78,0.5766133643039938,111,122
1493,152180090,2021-06-19,0.78,0.5766133643039938,111,124
1494,152180090,2021-06-21,0.72,0.5423242908253616,111,120
1495,152180090,2021-06-29,0.61,0.4762341789963716,111,126
1496,151150150,2021-06-09,191.0,5.2574953720277815,109,20
1497,151150150,2021-06-17,234.0,5.459585514144159,109,21
1498,151150150,2021-06-19,300.0,5.707110264748875,109,19
1499,151150150,2021-07-24,401.0,5.996452088619021,109,22
1500,151150150,2021-07-27,301.0,5.71042701737487,109,18
1501,152170060,2021-05-12,90.7,4.51852237926242,110,206
1502,152170060,2021-06-09,61.9,4.141546163706395,110,205
1503,152170060,2021-06-19,79.8,4.39197696552705,110,203
1504,152170060,2021-06-21,87.5,4.483002552013883,110,204
1505,152150190,2021-06-14,68.2,4.237000862623624,111,154
1506,152150190,2021-06-17,69.9,4.2612704335380815,111,153
1507,152150190,2021-06-19,73.2,4.3067641501733345,111,152
1508,152210130,2021-05-12,4.56,1.715598108262491,119,81
1509,152210130,2021-06-16,2.88,1.355835153635182,119,80
1510,152210130,2021-06-18,3.76,1.5602476682433286,119,78
1511,152210130,2021-06-21,3.06,1.4011829736136412,119,79
1512,152210130,2021-07-06,1.9,1.0647107369924282,119,83
1513,152210130,2021-07-11,1.94,1.0784095813505903,119,82
1514,151200090,2021-05-09,36.3,3.6189933266497696,117,125
1515,151200090,2021-05-12,35.0,3.58351893845611,117,124
1516,151200090,2021-06-08,27.9,3.3638415951183864,117,122
1517,151200090,2021-06-18,56.4,4.050044303325521,117,123
1518,151200090,2021-06-21,56.1,4.044804116661965,117,126
1519,153190090,2021-05-10,16.2,2.8449093838194073,119,245
1520,153190090,2021-05-12,16.0,2.833213344056216,119,242
1521,153190090,2021-06-06,14.2,2.7212954278522306,119,244
1522,153190090,2021-06-11,14.1,2.714694743820879,119,248
1523,153190090,2021-06-14,13.9,2.7013612129514133,119,238
1524,153190090,2021-06-16,14.5,2.740840023925201,119,246
1525,153190090,2021-06-19,14.9,2.766319109226186,119,247
1526,153190090,2021-06-21,14.8,2.760009940032921,119,239
1527,153190090,2021-06-29,12.3,2.5877640352277083,119,240
1528,153190090,2021-07-01,11.6,2.533696813957432,119,243
1529,153190090,2021-07-14,15.4,2.797281334830153,119,241
1530,154190110,2021-05-12,1.64,0.9707789171582247,120,204
1531,154190110,2021-05-20,2.6,1.2809338454620645,120,209
1532,154190110,2021-05-30,1.88,1.0577902941478545,120,206
1533,154190110,2021-06-09,1.1,0.7419373447293773,120,202
1534,154190110,2021-06-11,0.95,0.6678293725756554,120,205
1535,154190110,2021-06-14,0.75,0.5596157879354227,120,208
1536,154190110,2021-06-19,1.0,0.6931471805599453,120,200
1537,154190110,2021-06-21,0.83,0.6043159668533296,120,201
1538,154190110,2021-06-29,0.67,0.5128236264286637,120,203
1539,154190110,2021-07-01,0.76,0.5653138090500605,120,199
1540,154190110,2021-07-14,0.79,0.5822156198526637,120,198
1541,154190110,2021-07-16,0.66,0.5068176023684519,120,207
1542,151150100,2021-06-09,6.85,2.060513531794317,110,100
1543,151150100,2021-06-17,11.0,2.4849066497880004,110,98
1544,151150100,2021-06-19,15.0,2.772588722239781,110,99
1545,153210210,2021-06-16,95.6,4.570578741218473,117,214
1546,153210210,2021-06-18,101.0,4.624972813284271,117,216
1547,153210210,2021-06-21,98.4,4.599152113662528,117,217
1548,153210210,2021-07-06,102.0,4.634728988229636,117,213
1549,153210210,2021-07-11,106.0,4.672828834461906,117,215
1550,153210210,2021-07-13,101.0,4.624972813284271,117,212
1551,151150040,2021-06-09,44.5,3.817712325956905,110,60
1552,151150040,2021-06-14,43.7,3.7999735016195233,110,61
1553,151150040,2021-06-17,51.2,3.955082494888593,110,58
1554,151150040,2021-06-19,53.8,4.00369019395397,110,57
1555,151150040,2021-07-24,42.7,3.7773481021015445,110,59
1556,149220010,2021-05-09,0.66,0.5068176023684519,116,104
1557,149220010,2021-05-11,0.53,0.4252677354043441,116,102
1558,149220010,2021-06-18,2.52,1.2584609896100059,116,105
1559,149220010,2021-07-08,1.14,0.76080582903376,116,103
1560,153230170,2021-05-09,4.4,1.6863989535702286,118,14
1561,153230170,2021-05-11,2.75,1.3217558399823195,118,9
1562,153230170,2021-06-18,1.54,0.9321640810304452,118,8
1563,153230170,2021-06-20,1.44,0.8919980393051105,118,12
1564,153230170,2021-07-13,1.22,0.7975071958841881,118,10
1565,153230170,2021-07-25,1.21,0.7929925155296614,118,11
1566,153230170,2021-07-28,1.36,0.8586616190375187,118,13
1567,149200240,2021-05-09,70.4,4.268297869345539,114,190
1568,149200250,2021-05-09,3.14,1.420695787837223,114,244
1569,149200260,2021-05-09,0.94,0.6626879730752367,114,248
1570,149200240,2021-06-18,107.0,4.68213122712422,114,187
1571,149200250,2021-06-18,13.5,2.6741486494265287,114,243
1572,149200260,2021-06-18,5.54,1.8779371654691073,114,245
1573,149200240,2021-07-08,94.7,4.5612182984589085,114,188
1574,149200250,2021-07-08,2.95,1.3737155789130306,114,241
1575,149200260,2021-07-08,0.62,0.4824261492442927,114,246
1576,149200240,2021-07-13,99.4,4.609162207257629,114,189
1577,149200250,2021-07-13,1.87,1.0543120297715298,114,242
1578,149200260,2021-07-13,0.39,0.3293037471426004,114,247
1579,149200030,2021-05-09,6.83,2.057962510002712,114,173
1580,149200030,2021-06-16,13.1,2.6461747973841225,114,174
1581,149200030,2021-06-18,17.8,2.9338568698359033,114,172
1582,149200030,2021-07-08,12.1,2.5726122302071057,114,171
1583,149200050,2021-05-09,11.2,2.501435951739211,114,177
1584,149200050,2021-06-18,24.8,3.250374491927572,114,175
1585,149200050,2021-07-08,18.8,2.9856819377004897,114,176
1586,150170060,2021-05-12,34.9,3.580737295494233,109,93
1587,150170060,2021-06-09,31.8,3.4904285153900982,109,94
1588,150170060,2021-06-19,35.9,3.6082115510464816,109,95
1589,150170060,2021-07-24,53.4,3.996364153861897,109,96
1590,152160100,2021-05-13,115.0,4.7535901911063645,110,212
1591,152160100,2021-06-09,78.6,4.377014092850337,110,211
1592,152160100,2021-06-19,80.4,4.399375273008495,110,213
1593,152160030,2021-06-09,0.34,0.29266961396282,111,106
1594,152160030,2021-06-14,0.4,0.33647223662121295,111,108
1595,152160030,2021-06-19,0.5,0.4054651081081644,111,107
1596,154170230,2021-05-13,0.2,0.18232155679395462,112,140
1597,151170070,2021-05-12,0.66,0.5068176023684519,109,229
1598,151170080,2021-05-12,0.36,0.3074846997479606,109,239
1599,151170070,2021-06-09,0.54,0.43178241642553783,109,226
1600,151170080,2021-06-09,0.21,0.1906203596086497,109,236
1601,151170070,2021-06-19,0.82,0.598836501088704,109,228
1602,151170080,2021-06-19,0.56,0.44468582126144574,109,238
1603,151170070,2021-06-21,0.65,0.5007752879124893,109,227
1604,151170080,2021-06-21,0.46,0.3784364357202451,109,237
1605,151200080,2021-05-09,4.41,1.6882490928583902,117,156
1606,151200080,2021-05-12,4.06,1.6213664832993742,117,155
1607,151200080,2021-06-08,3.72,1.551808799597464,117,153
1608,151200080,2021-06-16,8.24,2.2235418856535927,117,157
1609,151200080,2021-06-18,15.2,2.785011242238338,117,152
1610,151200080,2021-06-21,8.74,2.2762411176544437,117,154
1611,150190330,2021-05-12,0.35,0.30010459245033805,114,94
1612,150190330,2021-06-16,0.36,0.3074846997479606,114,95
1613,150190330,2021-06-18,0.35,0.30010459245033805,114,91
1614,150190330,2021-06-21,0.35,0.30010459245033805,114,92
1615,150190330,2021-07-13,0.35,0.30010459245033805,114,93
1616,153160250,2021-06-07,0.26,0.23111172096338664,111,200
1617,153160250,2021-06-17,0.24,0.2151113796169455,111,201
1618,153160250,2021-07-27,0.3,0.26236426446749106,111,199
1619,153140110,2021-06-02,1.94,1.0784095813505903,112,6
1620,153140110,2021-06-07,1.86,1.0508216248317612,112,5
1621,153140110,2021-06-17,1.95,1.0818051703517284,112,4
1622,151230030,2021-05-06,8.15,2.21375387928743,119,32
1623,151230030,2021-05-11,6.22,1.9768549529047348,119,28
1624,151230030,2021-06-18,4.97,1.7867469274045107,119,27
1625,151230030,2021-07-08,2.46,1.2412685890696329,119,30
1626,151230030,2021-07-15,1.6,0.9555114450274365,119,31
1627,151230030,2021-07-18,1.39,0.8712933659434192,119,29
1628,149220030,2021-05-09,68.9,4.247065649239764,115,166
1629,149220030,2021-05-11,64.8,4.186619838331271,115,164
1630,149220030,2021-07-08,96.8,4.582924577040772,115,165
1631,149220030,2021-07-13,64.8,4.186619838331271,115,167
1632,153200070,2021-05-12,3.21,1.43746264769429,120,249
1633,153200070,2021-06-16,3.17,1.4279160358107101,121,0
1634,153200070,2021-06-21,3.14,1.420695787837223,120,247
1635,153200070,2021-07-01,3.14,1.420695787837223,120,248
1636,149180300,2021-07-06,87.3,4.480740107609915,109,0
1637,150170030,2021-06-09,2.26,1.1817271953786161,109,135
1638,150170030,2021-06-19,3.82,1.5727739280625088,109,133
1639,150170030,2021-07-24,4.29,1.665818245870208,109,134
1640,151180010,2021-05-12,1.23,0.8020015854720274,111,60
1641,151180010,2021-06-09,0.77,0.5709795465857378,111,63
1642,151180010,2021-06-19,1.43,0.8878912573524571,111,61
1643,151180010,2021-06-21,1.2,0.7884573603642702,111,62
1644,151200040,2021-05-12,3.16,1.425515074273172,117,149
1645,151200040,2021-06-08,2.47,1.244154593958768,117,151
1646,151200040,2021-06-18,11.3,2.509599262378372,117,150
1647,150230050,2021-05-09,1.14,0.76080582903376,117,16
1648,150230050,2021-05-11,1.09,0.7371640659767197,117,13
1649,150230050,2021-07-08,0.94,0.6626879730752367,117,14
1650,150230050,2021-07-13,0.77,0.5709795465857378,117,15
1651,150230050,2021-07-15,0.77,0.5709795465857378,117,17
1652,151160140,2021-06-09,9.11,2.3135250330323798,109,234
1653,151160140,2021-06-14,7.39,2.127040520479115,109,235
1654,151160140,2021-06-17,8.64,2.265921108622454,109,233
1655,151160140,2021-07-27,7.93,2.189416394888408,109,232
1656,149190260,2021-05-12,2.73,1.3164082336557241,114,47
1657,149190260,2021-06-16,7.74,2.167910189667444,114,46
1658,149190260,2021-06-18,9.83,2.382320061012899,114,45
1659,149190260,2021-06-21,8.27,2.2267833795777636,114,43
1660,149190260,2021-07-08,3.02,1.3912819026309298,114,42
1661,149190260,2021-07-13,4.09,1.6272778305624314,114,44
1662,153220160,2021-06-18,12.0,2.5649493574615367,118,130
1663,153220170,2021-06-18,26.4,3.3105430133940246,118,53
1664,153220160,2021-07-13,10.4,2.4336133554004498,118,129
1665,153220170,2021-07-13,25.2,3.265759410767051,118,52
1666,153220160,2021-07-28,8.85,2.2874714551839976,118,128
1667,153220170,2021-07-28,16.7,2.8735646395797834,118,51
1668,153210090,2021-05-12,166.0,5.117993812416755,117,221
1669,153210090,2021-06-16,108.0,4.6913478822291435,117,220
1670,153210090,2021-06-18,111.0,4.718498871295094,117,218
1671,153210090,2021-06-21,109.0,4.700480365792417,117,219
1672,153210090,2021-07-06,121.0,4.804021044733257,117,222
1673,151150020,2021-06-09,3.52,1.5085119938441398,110,143
1674,151150020,2021-06-17,5.48,1.8687205103641835,110,146
1675,151150020,2021-06-19,5.54,1.8779371654691073,110,144
1676,151150020,2021-07-24,4.37,1.6808279085207734,110,145
1677,150220160,2021-05-09,15.9,2.827313621929028,116,139
1678,150220160,2021-05-11,12.2,2.580216829592325,116,135
1679,150220160,2021-06-08,7.25,2.1102132003465894,116,136
1680,150220160,2021-07-08,7.58,2.149433913499871,116,138
1681,150220160,2021-07-25,6.19,1.9726911717329554,116,137
1682,150220160,2021-07-28,5.37,1.851599469584072,116,134
1683,150220160,2021-07-30,4.92,1.7783364488959144,116,140
1684,150190160,2021-05-09,14.9,2.766319109226186,114,4
1685,150190160,2021-06-03,45.2,3.832979798087693,114,2
1686,150190160,2021-06-18,58.8,4.091005660956586,114,0
1687,150190160,2021-06-21,75.5,4.33729074083249,114,1
1688,150190160,2021-07-06,42.6,3.775057150354989,114,3
1689,150190160,2021-07-13,9.43,2.344686269012681,114,5
1690,152180130,2021-05-12,2.39,1.220829921392359,119,207
1691,152180130,2021-06-09,0.94,0.6626879730752367,119,210
1692,152180130,2021-06-14,0.9,0.6418538861723948,119,209
1693,152180130,2021-06-16,0.94,0.6626879730752367,119,206
1694,152180130,2021-06-19,0.9,0.6418538861723948,119,211
1695,152180130,2021-06-21,0.9,0.6418538861723948,119,208
1696,151210100,2021-05-09,1.05,0.7178397931503169,117,99
1697,151210100,2021-06-18,3.0,1.3862943611198906,117,98
1698,151210100,2021-07-08,0.64,0.49469624183610705,117,97
1699,152180030,2021-05-12,4.96,1.7850704810772584,111,128
1700,152180030,2021-06-09,3.76,1.5602476682433286,111,130
1701,152180030,2021-06-14,3.67,1.541159071680806,111,129
1702,152180030,2021-06-16,3.83,1.5748464676644813,111,127
1703,152180030,2021-06-19,3.81,1.5706970841176697,111,131
1704,152180030,2021-06-21,3.71,1.5496879080283263,111,132
1705,151220120,2021-05-06,3.87,1.5830939370944985,117,61
1706,151220120,2021-05-09,3.06,1.4011829736136412,117,59
1707,151220120,2021-05-11,2.75,1.3217558399823195,117,58
1708,151220120,2021-06-18,2.58,1.275362800412609,117,57
1709,151220120,2021-07-08,1.82,1.0367368849500223,117,56
1710,151220120,2021-07-15,1.19,0.7839015438284094,117,60
1711,151220120,2021-07-18,1.19,0.7839015438284094,117,55
1712,152190080,2021-05-12,9.92,2.3905959703167587,119,182
1713,152190080,2021-06-09,5.14,1.814824742159051,119,187
1714,152190080,2021-06-14,4.32,1.6714733033535532,119,184
1715,152190080,2021-06-16,4.69,1.7387102481382395,119,181
1716,152190080,2021-06-19,6.14,1.965712776351493,119,183
1717,152190080,2021-06-21,6.33,1.9919755158985601,119,185
1718,152190080,2021-06-29,4.38,1.682688374173693,119,186
1719,154190100,2021-05-10,1.24,0.8064758658669485,120,190
1720,154190100,2021-05-12,1.41,0.8796267475025636,120,192
1721,154190100,2021-06-11,0.94,0.6626879730752367,120,196
1722,154190100,2021-06-14,0.91,0.6471032420585385,120,191
1723,154190100,2021-06-19,1.0,0.6931471805599453,120,187
1724,154190100,2021-06-21,0.96,0.6729444732424258,120,194
1725,154190100,2021-06-29,0.77,0.5709795465857378,120,189
1726,154190100,2021-07-01,0.9,0.6418538861723948,120,188
1727,154190100,2021-07-06,3.43,1.4883995840570443,120,195
1728,154190100,2021-07-14,0.86,0.6205764877251099,120,193
1729,154190100,2021-07-16,0.9,0.6418538861723948,120,197
1730,152230050,2021-05-06,8.93,2.295560478057081,119,50
1731,152230050,2021-05-09,6.54,2.020222182019865,119,48
1732,152230050,2021-05-11,5.58,1.884034745337226,119,46
1733,152230050,2021-06-18,6.66,2.0360119837525,119,45
1734,152230050,2021-07-08,3.94,1.597365331199831,119,47
1735,152230050,2021-07-15,2.4,1.2237754316221157,119,49
1736,152230050,2021-07-18,2.67,1.3001916620664788,119,51
1737,149190150,2021-05-09,2.69,1.3056264580524357,114,19
1738,149190150,2021-06-18,15.1,2.7788192719904172,114,18
1739,149190150,2021-07-13,4.16,1.6409365794934714,114,20
1740,154200040,2021-05-12,2.2,1.1631508098056809,121,13
1741,154200040,2021-06-11,1.18,0.7793248768009976,121,12
1742,154200040,2021-06-21,0.84,0.6097655716208943,121,10
1743,154200040,2021-07-01,0.86,0.6205764877251099,121,11
1744,154200040,2021-07-16,1.09,0.7371640659767197,121,14
1745,152210020,2021-05-09,3.55,1.515127232962859,117,167
1746,152210020,2021-05-12,3.03,1.3937663759585917,117,163
1747,152210020,2021-06-16,6.71,2.0425181875752383,117,166
1748,152210020,2021-06-18,9.26,2.3282528397426234,117,164
1749,152210020,2021-06-21,8.17,2.2159372862683733,117,165
1750,152210020,2021-07-08,4.32,1.6714733033535532,117,168
1751,152210020,2021-07-11,3.37,1.4747630091074988,117,169
1752,151160100,2021-06-09,5.87,1.927164106234258,109,198
1753,151160100,2021-06-14,5.62,1.890095369948917,109,201
1754,151160100,2021-06-17,10.1,2.4069451083182885,109,199
1755,151160100,2021-06-19,11.2,2.501435951739211,109,200
1756,153220010,2021-06-16,81.0,4.406719247264253,117,208
1757,153220010,2021-06-18,82.9,4.429625613473161,117,206
1758,153220010,2021-06-21,79.2,4.384523514872469,117,207
1759,153220010,2021-07-06,76.3,4.3476939555933765,117,211
1760,153220010,2021-07-11,80.1,4.395682961121367,117,210
1761,153220010,2021-07-13,75.5,4.33729074083249,117,209
1762,150150050,2021-06-09,2.26,1.1817271953786161,110,72
1763,150150050,2021-06-14,2.46,1.2412685890696329,110,73
1764,154160100,2021-05-13,0.74,0.5538851132264376,112,92
1765,154160100,2021-06-07,0.52,0.41871033485818504,112,88
1766,154160100,2021-06-09,0.43,0.3576744442718159,112,90
1767,154160100,2021-06-14,0.35,0.30010459245033805,112,91
1768,154160100,2021-06-17,0.34,0.29266961396282,112,89
1769,150150060,2021-06-09,20.7,3.077312260546414,110,36
1770,150150060,2021-06-14,24.4,3.2347491740244907,110,35
1771,150150060,2021-06-17,18.4,2.9652730660692823,110,34
1772,150150060,2021-06-19,23.4,3.1945831322991562,110,37
1773,153160180,2021-05-13,28.2,3.374168709274236,111,190
1774,153160180,2021-06-07,26.5,3.3141860046725258,111,189
1775,153160180,2021-06-14,24.7,3.246490991901174,111,188
1776,153160180,2021-07-27,21.5,3.1135153092103742,111,191
1777,150200080,2021-05-12,20.3,3.0587070727153796,115,19
1778,150200080,2021-06-18,39.1,3.6913763343125234,115,17
1779,150200080,2021-06-21,38.8,3.6838669122903918,115,18
1780,150200080,2021-07-08,20.3,3.0587070727153796,115,21
1781,150200080,2021-07-13,16.5,2.8622008809294686,115,20
1782,153210190,2021-05-12,14.6,2.747270914255491,118,146
1783,153210190,2021-06-16,10.9,2.4765384001174837,118,147
1784,153210190,2021-06-18,11.4,2.517696472610991,118,145
1785,153210190,2021-06-21,11.3,2.509599262378372,118,144
1786,153210190,2021-07-06,18.7,2.9806186357439426,118,149
1787,153210190,2021-07-13,22.0,3.1354942159291497,118,148
1788,151180020,2021-05-12,9.84,2.3832429960115,111,44
1789,151180020,2021-06-09,8.09,2.2071749081893874,111,46
1790,151180020,2021-06-14,7.05,2.085672091430472,111,47
1791,151180020,2021-06-19,12.6,2.6100697927420065,111,43
1792,151180020,2021-06-21,11.8,2.5494451709255714,111,45
1793,150190190,2021-05-09,0.74,0.5538851132264376,113,185
1794,150190190,2021-06-03,0.51,0.412109650826833,113,184
1795,150190190,2021-06-18,2.55,1.2669476034873244,113,182
1796,150190190,2021-06-21,1.28,0.8241754429663495,113,183
1797,152230040,2021-05-09,19.0,2.995732273553991,117,186
1798,152230040,2021-05-11,17.4,2.91235066461494,117,185
1799,152230040,2021-06-18,9.09,2.3115448343655176,117,183
1800,152230040,2021-07-08,11.3,2.509599262378372,117,184
1801,152230040,2021-07-18,8.84,2.286455711064162,117,187
1802,151180140,2021-05-12,11.4,2.517696472610991,110,241
1803,151180140,2021-06-14,9.06,2.3085671646715933,110,238
1804,151180140,2021-06-16,11.7,2.5416019934645457,110,240
1805,151180140,2021-06-19,15.6,2.8094026953624973,110,239
1806,151180140,2021-06-21,14.6,2.747270914255491,110,237
1807,150150190,2021-06-09,0.85,0.6151856390902335,110,78
1808,150150190,2021-06-14,0.91,0.6471032420585385,110,79
1809,150150190,2021-06-19,1.04,0.712949807856125,110,80
1810,149180230,2021-06-21,4.81,1.75958057086382,113,153
1811,149180230,2021-07-06,1.57,0.9439058989071285,113,154
1812,154170130,2021-05-13,0.88,0.6312717768418579,112,191
1813,154170130,2021-06-07,0.83,0.6043159668533296,112,189
1814,154170130,2021-06-09,0.75,0.5596157879354227,112,190
1815,154170130,2021-06-14,0.72,0.5423242908253616,112,186
1816,154170130,2021-06-17,0.7,0.5306282510621704,112,187
1817,154170130,2021-07-14,0.63,0.48858001481867097,112,188
1818,149220140,2021-05-04,4.03,1.6154199841116479,115,231
1819,149220140,2021-05-09,2.33,1.2029723039923526,115,230
1820,149220140,2021-05-11,1.9,1.0647107369924282,115,226
1821,149220140,2021-05-26,1.44,0.8919980393051105,115,227
1822,149220140,2021-06-25,2.77,1.3270750014599193,115,228
1823,149220140,2021-07-08,2.64,1.2919836816486494,115,232
1824,149220140,2021-07-28,0.55,0.4382549309311553,115,229
1825,150210100,2021-05-09,5.16,1.8180767775454285,115,54
1826,150210100,2021-06-18,15.7,2.8154087194227095,115,52
1827,150210100,2021-07-08,4.17,1.6428726885203377,115,53
1828,150210100,2021-07-28,3.49,1.501852701754163,115,55
1829,152140130,2021-06-09,257.0,5.552959584921617,109,37
1830,152140130,2021-06-14,234.0,5.459585514144159,109,35
1831,152140130,2021-06-17,246.0,5.5093883366279774,109,36
1832,152140130,2021-06-19,306.0,5.726847747587197,109,34
1833,152140130,2021-07-24,506.0,6.2285110035911835,109,33
1834,150200100,2021-05-12,118.0,4.77912349311153,113,34
1835,150200100,2021-06-16,267.0,5.5909869805108565,113,38
1836,150200100,2021-06-18,325.0,5.786897381366708,113,36
1837,150200100,2021-06-21,335.0,5.817111159963204,113,33
1838,150200100,2021-07-08,137.0,4.927253685157205,113,35
1839,150200100,2021-07-13,88.8,4.497584975308154,113,37
1840,150190150,2021-05-12,2.85,1.3480731482996928,110,166
1841,150190150,2021-06-21,3.61,1.5282278570085572,110,165
1842,150140010,2021-05-10,6.33,1.9919755158985601,110,119
1843,150140010,2021-06-14,6.1,1.9600947840472698,110,121
1844,150140010,2021-06-17,8.71,2.2731562823032334,110,118
1845,150140010,2021-06-19,7.34,2.1210632163706555,110,117
1846,150140010,2021-07-24,6.9,2.066862759472976,110,120
1847,149200010,2021-05-09,1.06,0.7227059828014898,114,217
1848,149200010,2021-06-16,1.53,0.9282193027394289,114,218
1849,149200010,2021-06-18,1.71,0.9969486348916095,114,216
1850,152230020,2021-05-06,8.49,2.2502386126218363,119,37
1851,152230020,2021-05-11,6.24,1.979621206397625,119,35
1852,152230020,2021-06-18,8.29,2.2289385528257473,119,33
1853,152230020,2021-07-08,5.62,1.890095369948917,119,34
1854,152230020,2021-07-15,4.2,1.6486586255873816,119,36
1855,152180060,2021-05-12,1.25,0.8109302162163288,111,25
1856,152180060,2021-06-09,0.23,0.20701416938432615,111,28
1857,152180060,2021-06-16,1.32,0.8415671856782186,111,27
1858,152180060,2021-06-19,1.3,0.832909122935104,111,24
1859,152180060,2021-06-21,1.26,0.8153648132841945,111,26
1860,154230010,2021-06-06,2.22,1.169381359556317,121,70
1861,154230010,2021-06-16,2.34,1.205970806988609,121,67
1862,154230010,2021-06-18,2.28,1.1878434223960523,121,68
1863,154230010,2021-06-21,2.28,1.1878434223960523,121,72
1864,154230010,2021-07-16,2.07,1.1216775615991057,121,69
1865,154230010,2021-07-26,1.89,1.0612565021243408,121,71
1866,152160140,2021-06-09,74.7,4.3267781604434035,110,210
1867,154210020,2021-05-12,9.01,2.303584593327129,121,19
1868,154210020,2021-06-06,7.95,2.191653532286764,121,20
1869,154210020,2021-06-11,6.5,2.0149030205422647,121,15
1870,154210020,2021-06-18,6.32,1.9906103279732201,121,18
1871,154210020,2021-06-21,5.94,1.937301774518713,121,17
1872,154210020,2021-07-01,4.82,1.7613002617433464,121,16
1873,154210020,2021-07-06,35.1,3.586292865338835,121,22
1874,154210020,2021-07-13,7.08,2.089391872533004,121,23
1875,154210020,2021-07-16,5.82,1.9198594718553708,121,21
1876,153220080,2021-05-12,7.61,2.1529243184396396,118,117
1877,153220080,2021-06-16,9.82,2.3813962734183356,118,119
1878,153220080,2021-06-18,9.81,2.380471631651117,118,115
1879,153220080,2021-06-21,8.01,2.1983350716202463,118,116
1880,153220080,2021-07-13,8.75,2.277267285009756,118,118
1881,149200170,2021-05-12,16.9,2.884800712846709,114,126
1882,149200170,2021-06-16,68.0,4.23410650459726,114,123
1883,149200170,2021-06-18,69.7,4.258445572902527,114,124
1884,149200170,2021-06-21,68.9,4.247065649239764,114,125
1885,149200170,2021-07-08,16.5,2.8622008809294686,114,127
1886,149200170,2021-07-13,13.6,2.681021528714291,114,128
1887,150170110,2021-06-19,3.87,1.5830939370944985,109,72
1888,154180260,2021-05-12,2.78,1.3297240096314962,120,169
1889,154180270,2021-05-12,4.43,1.691939133945844,120,165
1890,154180270,2021-06-14,1.96,1.085189268335969,120,166
1891,154180260,2021-06-29,2.17,1.1537315878891892,120,170
1892,154180270,2021-06-29,1.68,0.9858167945227653,120,167
1893,154180260,2021-07-14,0.93,0.6575200029167942,120,168
1894,154180270,2021-07-14,1.89,1.0612565021243408,120,164
1895,152170040,2021-05-13,5.92,1.9344157696295783,111,86
1896,152170040,2021-06-07,4.28,1.66392609771817,111,84
1897,152170040,2021-06-09,4.2,1.6486586255873816,111,85
1898,152170040,2021-06-14,3.98,1.6054298910365616,111,87
1899,152170040,2021-06-19,4.08,1.6253112615903906,111,88
1900,154210080,2021-05-12,2.65,1.2947271675944,121,39
1901,154210080,2021-06-06,2.38,1.2178757094949273,121,42
1902,154210080,2021-06-18,2.53,1.2612978709452054,121,37
1903,154210080,2021-06-21,3.13,1.4182774069729414,121,38
1904,154210080,2021-07-13,6.4,2.0014800002101243,121,40
1905,154210080,2021-07-16,5.83,1.9213246735826988,121,41
1906,153220140,2021-05-12,11.8,2.5494451709255714,118,121
1907,153220140,2021-06-06,9.04,2.306577114263583,118,127
1908,153220140,2021-06-16,11.2,2.501435951739211,118,122
1909,153220140,2021-06-18,11.7,2.5416019934645457,118,124
1910,153220140,2021-06-21,10.2,2.4159137783010487,118,123
1911,153220140,2021-07-13,9.93,2.391511302188447,118,125
1912,153220140,2021-07-16,9.33,2.3350522831315472,118,120
1913,153220140,2021-07-28,8.97,2.299580583973747,118,126
1914,150190120,2021-06-21,3.92,1.5933085305042167,113,186
1915,151190090,2021-05-12,15.8,2.8213788864092133,117,112
1916,151190090,2021-06-18,28.2,3.374168709274236,117,113
1917,151190090,2021-06-21,27.1,3.3357695763397,117,111
1918,149220190,2021-05-09,103.0,4.6443908991413725,115,182
1919,149220190,2021-05-11,90.5,4.516338972281476,115,174
1920,149220190,2021-05-26,75.4,4.335982696172475,115,178
1921,149220190,2021-06-08,47.9,3.8897773964808264,115,180
1922,149220190,2021-07-08,119.0,4.787491742782046,115,176
1923,149220190,2021-07-13,82.3,4.422448549172797,115,179
1924,149220190,2021-07-25,57.8,4.074141854904581,115,177
1925,149220190,2021-07-28,46.7,3.8649313978942956,115,175
1926,149220190,2021-07-30,44.3,3.8133070324889884,115,181
1927,151140030,2021-06-09,0.49,0.3987761199573678,110,157
1928,151140030,2021-06-17,0.6,0.4700036292457356,110,158
1929,151140030,2021-06-19,0.8,0.5877866649021191,110,156
1930,151140040,2021-06-09,15.0,2.772588722239781,110,130
1931,151140040,2021-06-14,16.4,2.856470206220483,110,132
1932,151140040,2021-06-17,17.7,2.928523523860541,110,133
1933,151140040,2021-06-19,18.4,2.9652730660692823,110,131
1934,151140040,2021-07-24,17.9,2.9391619220655967,110,134
1935,149180220,2021-06-21,1.74,1.007957920399979,113,164
1936,149180220,2021-07-06,1.31,0.8372475245337022,113,165
1937,153210170,2021-05-12,19.3,3.0106208860477417,118,152
1938,153210170,2021-06-16,14.9,2.766319109226186,118,150
1939,153210170,2021-06-18,15.2,2.785011242238338,118,154
1940,153210170,2021-06-21,14.7,2.7536607123542622,118,153
1941,153210170,2021-07-06,22.1,3.139832617527748,118,155
1942,153210170,2021-07-13,23.8,3.2108436531709366,118,151
1943,151220140,2021-05-09,2.41,1.2267122912954256,117,31
1944,151220140,2021-05-11,2.15,1.1474024528375417,117,28
1945,151220140,2021-06-18,1.51,0.9202827531436926,117,32
1946,151220140,2021-07-08,0.95,0.6678293725756554,117,29
1947,151220140,2021-07-15,0.67,0.5128236264286637,117,30
1948,149210150,2021-05-09,2.94,1.3711807233098425,116,62
1949,149210150,2021-05-11,2.21,1.1662709371419244,116,63
1950,149210150,2021-05-26,1.49,0.9122827104766162,116,61
1951,149210150,2021-06-18,11.3,2.509599262378372,116,59
1952,149210150,2021-07-08,8.15,2.21375387928743,116,60
1953,149210150,2021-07-13,1.33,0.8458682675776092,116,64
1954,149210150,2021-07-30,1.18,0.7793248768009976,116,65
1955,151210190,2021-05-09,852.0,6.748759547491679,113,67
1956,151210190,2021-07-08,628.0,6.444131256700441,113,66
1957,150210130,2021-05-09,56.5,4.051784947803305,115,92
1958,150210130,2021-06-18,210.0,5.351858133476067,115,89
1959,150210130,2021-07-08,53.7,4.001863709427935,115,90
1960,150210130,2021-07-13,27.1,3.3357695763397,115,91
1961,150210130,2021-07-28,26.1,3.299533727885655,115,88
1962,150180170,2021-07-06,0.7,0.5306282510621704,109,69
1963,152170080,2021-05-12,76.8,4.354141431184346,110,202
1964,152170080,2021-06-09,49.8,3.927896354584436,110,200
1965,152170080,2021-06-19,65.8,4.2017030805426,110,201
1966,152170080,2021-06-21,72.1,4.291828366755733,110,199
1967,149190340,2021-05-09,1.21,0.7929925155296614,114,102
1968,149190340,2021-05-12,1.3,0.832909122935104,114,98
1969,149190340,2021-06-16,2.32,1.199964782928397,114,96
1970,149190340,2021-06-18,4.13,1.635105659182678,114,97
1971,149190340,2021-06-21,5.72,1.9050881545350582,114,100
1972,149190340,2021-07-08,1.34,0.8501509293696101,114,99
1973,149190340,2021-07-13,1.85,1.0473189942805592,114,101
1974,150180060,2021-06-09,68.7,4.244200317766478,109,4
1975,150180060,2021-06-19,143.0,4.969813299576001,109,3
1976,150180060,2021-06-21,157.0,5.062595033026967,109,2
1977,150180060,2021-07-06,96.9,4.583946549536464,109,5
1978,150170180,2021-06-19,7.01,2.080690761080268,109,71
1979,153220240,2021-06-06,1.94,1.0784095813505903,118,69
1980,153220240,2021-06-16,2.05,1.11514159061932,118,67
1981,153220240,2021-06-18,2.05,1.11514159061932,118,66
1982,153220240,2021-06-21,2.05,1.11514159061932,118,65
1983,153220240,2021-07-13,2.62,1.2864740258376797,118,68
1984,153220240,2021-07-16,2.85,1.3480731482996928,118,64
1985,150190080,2021-05-09,3.88,1.5851452198650557,113,194
1986,150190080,2021-06-03,2.7,1.308332819650179,113,193
1987,150190080,2021-06-18,5.03,1.7967470107390942,113,192
1988,150190080,2021-07-06,3.96,1.601405740736836,113,196
1989,150190080,2021-07-13,3.45,1.4929040961781488,113,195
1990,150210210,2021-05-09,340.0,5.831882477283517,115,216
1991,150210210,2021-05-11,267.0,5.5909869805108565,115,217
1992,150210210,2021-06-15,139.0,4.941642422609304,115,218
1993,150210210,2021-06-18,372.0,5.921578419643816,115,214
1994,150210210,2021-07-08,248.0,5.517452896464707,115,215
1995,150210210,2021-07-15,159.0,5.075173815233827,115,219
1996,149190270,2021-05-12,3.78,1.5644405465033646,114,84
1997,149190270,2021-06-16,21.6,3.1179499062782403,114,82
1998,149190270,2021-06-18,15.2,2.785011242238338,114,79
1999,149190270,2021-06-21,8.88,2.2905125117597764,114,80
2000,149190270,2021-07-08,2.55,1.2669476034873244,114,81
2001,149190270,2021-07-13,2.34,1.205970806988609,114,83
2002,149190050,2021-05-04,8.0,2.1972245773362196,113,236
2003,149190050,2021-05-09,3.66,1.5390154481375546,113,234
2004,149190050,2021-06-16,7.1,2.0918640616783932,113,237
2005,149190050,2021-07-28,3.84,1.5769147207285403,113,235
2006,153220200,2021-06-06,3.7,1.547562508716013,118,100
2007,153220200,2021-06-16,2.57,1.2725655957915476,118,96
2008,153220200,2021-06-18,2.74,1.3190856114264407,118,97
2009,153220200,2021-07-13,3.15,1.423108334242607,118,98
2010,153220200,2021-07-28,3.25,1.4469189829363254,118,99
2011,153160270,2021-06-07,0.28,0.2468600779315258,111,203
2012,153160270,2021-06-14,0.25,0.22314355131420976,111,204
2013,153160270,2021-06-17,0.25,0.22314355131420976,111,202
2014,153160270,2021-06-19,0.25,0.22314355131420976,111,205
2015,150210010,2021-05-12,0.81,0.5933268452777344,115,45
2016,150210010,2021-06-18,1.97,1.0885619528146082,115,46
2017,150210010,2021-06-21,1.17,0.7747271675523681,115,44
2018,150210010,2021-07-08,0.96,0.6729444732424258,115,48
2019,150210010,2021-07-11,0.82,0.598836501088704,115,47
2020,153150050,2021-06-07,7.96,2.192770226986839,112,29
2021,153150050,2021-06-17,7.39,2.127040520479115,112,30
2022,151140050,2021-05-10,3.21,1.43746264769429,110,150
2023,151140050,2021-06-14,4.47,1.6992786164338898,110,151
2024,151140050,2021-06-17,5.84,1.922787731634459,110,148
2025,151140050,2021-06-19,4.61,1.724550719534605,110,147
2026,151140050,2021-07-24,3.7,1.547562508716013,110,149
2027,153190120,2021-05-10,9.88,2.3869262414277967,119,232
2028,153190120,2021-05-12,9.89,2.387844936944869,119,233
2029,153190120,2021-06-14,8.22,2.2213750375685026,119,234
2030,153190120,2021-06-16,8.74,2.2762411176544437,119,235
2031,153190120,2021-06-19,9.06,2.3085671646715933,119,237
2032,153190120,2021-06-21,8.62,2.263844264677615,119,230
2033,153190120,2021-06-29,6.56,2.0228711901914416,119,231
2034,153190120,2021-07-01,6.33,1.9919755158985601,119,236
2035,153190120,2021-07-14,9.37,2.3389170222414357,119,229
2036,151210060,2021-05-09,10.7,2.4595888418037104,117,88
2037,151210060,2021-05-12,11.1,2.4932054526026954,117,87
2038,151210060,2021-06-18,24.1,3.2228678461377385,117,86
2039,151210060,2021-06-21,19.3,3.0106208860477417,117,84
2040,151210060,2021-07-11,7.07,2.0881534822818573,117,85
2041,151180170,2021-06-21,7.22,2.1065702090680887,110,236
2042,153180150,2021-05-12,6.85,2.060513531794317,120,113
2043,153180150,2021-06-14,4.39,1.6845453849209058,120,112
2044,153180150,2021-06-16,4.55,1.713797927758343,120,115
2045,153180150,2021-06-19,4.61,1.724550719534605,120,117
2046,153180150,2021-06-21,4.53,1.7101878155342436,120,114
2047,153180150,2021-06-29,3.92,1.5933085305042167,120,116
2048,149210010,2021-05-09,4.76,1.7509374747077997,115,99
2049,149210010,2021-06-18,19.7,3.0301337002713233,115,96
2050,149210010,2021-07-08,3.57,1.5195132049061133,115,97
2051,149210010,2021-07-13,2.29,1.1908875647772805,115,100
2052,149210010,2021-07-28,2.52,1.2584609896100059,115,98
2053,151230020,2021-05-06,1.64,0.9707789171582247,119,58
2054,151230020,2021-05-09,1.28,0.8241754429663495,119,57
2055,151230020,2021-05-11,1.07,0.7275486072772778,119,53
2056,151230020,2021-06-18,1.35,0.8544153281560676,119,52
2057,151230020,2021-07-08,0.75,0.5596157879354227,119,54
2058,151230020,2021-07-15,0.42,0.35065687161316933,119,56
2059,151230020,2021-07-18,0.32,0.2776317365982795,119,55
2060,151230050,2021-05-11,4.31,1.6695918352538475,119,24
2061,151230050,2021-06-18,7.12,2.0943301541735866,119,26
2062,151230050,2021-07-08,2.28,1.1878434223960523,119,22
2063,151230050,2021-07-13,1.41,0.8796267475025636,119,23
2064,151230050,2021-07-15,1.6,0.9555114450274365,119,25
2065,150220020,2021-05-09,6.89,2.065596134857783,116,156
2066,150220020,2021-05-11,5.2,1.8245492920510458,116,154
2067,150220020,2021-06-15,4.69,1.7387102481382395,116,157
2068,150220020,2021-06-18,16.7,2.8735646395797834,116,159
2069,150220020,2021-07-08,5.22,1.827769906751088,116,155
2070,150220020,2021-07-15,3.33,1.4655675420143985,116,158
2071,150180110,2021-06-21,3.63,1.5325568680981427,109,61
2072,149190160,2021-05-09,0.95,0.6678293725756554,114,78
2073,149190160,2021-06-03,1.12,0.7514160886839212,114,75
2074,149190160,2021-06-18,6.72,2.0438143640366846,114,76
2075,149190160,2021-06-21,8.01,2.1983350716202463,114,74
2076,149190160,2021-07-13,0.88,0.6312717768418579,114,77
2077,150180140,2021-07-06,0.61,0.4762341789963716,109,62
2078,150180280,2021-07-06,0.99,0.688134638736401,109,59
2079,150180130,2021-06-21,3.34,1.4678743481123135,109,60
2080,149220160,2021-05-11,2.91,1.3635373739972745,116,17
2081,149220160,2021-06-18,7.6,2.151762203259462,116,20
2082,149220160,2021-07-08,3.59,1.5238800240724537,116,16
2083,149220160,2021-07-28,0.69,0.5247285289349821,116,19
2084,149220160,2021-07-30,0.7,0.5306282510621704,116,18
2085,152160120,2021-05-13,1.32,0.8415671856782186,111,94
2086,152160120,2021-06-07,0.65,0.5007752879124893,111,92
2087,152160120,2021-06-09,0.65,0.5007752879124893,111,91
2088,152160120,2021-06-14,0.53,0.4252677354043441,111,93
2089,151160160,2021-06-09,0.33,0.2851789422336624,109,247
2090,151160160,2021-06-14,0.35,0.30010459245033805,109,248
2091,151160160,2021-06-19,0.54,0.43178241642553783,109,249
2092,153190060,2021-05-12,0.62,0.4824261492442927,120,55
2093,153190060,2021-06-09,0.53,0.4252677354043441,120,58
2094,153190060,2021-06-14,0.53,0.4252677354043441,120,60
2095,153190060,2021-06-16,0.5,0.4054651081081644,120,54
2096,153190060,2021-06-19,0.62,0.4824261492442927,120,57
2097,153190060,2021-06-21,0.53,0.4252677354043441,120,56
2098,153190060,2021-06-29,0.41,0.3435897043900769,120,59
2099,150210040,2021-05-12,0.52,0.41871033485818504,116,191
2100,150210040,2021-06-08,0.43,0.3576744442718159,116,195
2101,150210040,2021-06-18,1.53,0.9282193027394289,116,193
2102,150210040,2021-06-21,0.83,0.6043159668533296,116,192
2103,150210040,2021-07-06,0.47,0.3852624007906449,116,194
2104,150210040,2021-07-08,0.52,0.41871033485818504,116,197
2105,150210040,2021-07-11,0.33,0.2851789422336624,116,196
2106,151160080,2021-06-09,2.54,1.264126727145683,109,214
2107,151160080,2021-06-14,2.52,1.2584609896100059,109,216
2108,151160080,2021-06-17,3.28,1.4539530095937054,109,215
2109,151160080,2021-06-19,4.27,1.6620303625532709,109,217
2110,150220010,2021-05-09,32.3,3.505557396986398,116,90
2111,150220010,2021-05-11,25.0,3.258096538021482,116,86
2112,150220010,2021-06-18,103.0,4.6443908991413725,116,91
2113,150220010,2021-07-08,46.0,3.8501476017100584,116,92
2114,150220010,2021-07-13,16.4,2.856470206220483,116,89
2115,150220010,2021-07-25,13.4,2.667228206581955,116,88
2116,150220010,2021-07-28,12.3,2.5877640352277083,116,87
2117,150220070,2021-05-09,261.0,5.568344503761097,115,206
2118,150220070,2021-05-11,207.0,5.337538079701318,115,203
2119,150220070,2021-06-08,108.0,4.6913478822291435,115,200
2120,150220070,2021-07-08,204.0,5.3230099791384085,115,202
2121,150220070,2021-07-13,142.0,4.962844630259907,115,199
2122,150220070,2021-07-25,117.0,4.770684624465665,115,205
2123,150220070,2021-07-28,92.3,4.535820107853298,115,204
2124,150220070,2021-07-30,98.2,4.597138014290827,115,201
2125,151160020,2021-06-09,1.87,1.0543120297715298,109,190
2126,151160020,2021-06-14,1.78,1.0224509277025458,109,193
2127,151160020,2021-06-17,4.1,1.62924053973028,109,191
2128,151160020,2021-06-19,3.88,1.5851452198650557,109,192
2129,152170120,2021-05-12,1.14,0.76080582903376,111,35
2130,152170120,2021-06-09,1.03,0.708035793053696,111,33
2131,152170120,2021-06-19,0.88,0.6312717768418579,111,34
2132,152170120,2021-06-21,0.83,0.6043159668533296,111,36
2133,153190140,2021-05-10,5.82,1.9198594718553708,119,228
2134,153190140,2021-05-12,5.69,1.900613874140137,119,227
2135,153190140,2021-06-16,5.3,1.840549633397487,119,225
2136,153190140,2021-06-19,5.56,1.8809906029559977,119,226
2137,153190140,2021-06-21,5.3,1.840549633397487,119,222
2138,153190140,2021-06-29,3.64,1.534714366238164,119,223
2139,153190140,2021-07-01,3.64,1.534714366238164,119,224
2140,153190140,2021-07-14,5.54,1.8779371654691073,119,221
2141,150210170,2021-05-09,397.0,5.986452005284438,113,57
2142,150210170,2021-07-08,420.0,6.042632833682381,113,58
2143,152200060,2021-05-12,3.88,1.5851452198650557,119,121
2144,152200060,2021-06-16,1.65,0.9745596399981308,119,122
2145,152200060,2021-06-18,2.28,1.1878434223960523,119,119
2146,152200060,2021-06-21,2.67,1.3001916620664788,119,120
2147,153200050,2021-05-12,1.08,0.7323678937132266,119,110
2148,153200050,2021-06-16,0.9,0.6418538861723948,119,109
2149,153200050,2021-06-21,0.92,0.6523251860396903,119,107
2150,153200050,2021-07-01,0.64,0.49469624183610705,119,108
2151,153200050,2021-07-06,1.32,0.8415671856782186,119,111
2152,154180010,2021-06-14,0.66,0.5068176023684519,120,124
2153,154180010,2021-06-19,0.65,0.5007752879124893,120,126
2154,154180010,2021-07-14,0.61,0.4762341789963716,120,125
2155,150220040,2021-05-09,2.56,1.269760544863939,116,131
2156,150220040,2021-05-11,2.08,1.1249295969854831,116,127
2157,150220040,2021-06-18,7.17,2.1004689088719113,116,133
2158,150220040,2021-07-08,1.6,0.9555114450274365,116,130
2159,150220040,2021-07-13,0.95,0.6678293725756554,116,129
2160,150220040,2021-07-25,0.88,0.6312717768418579,116,132
2161,150220040,2021-07-28,0.79,0.5822156198526637,116,128
2162,154210010,2021-05-12,24.4,3.2347491740244907,121,7
2163,154210010,2021-06-11,21.4,3.109060958860994,121,9
2164,154210010,2021-06-18,21.6,3.1179499062782403,121,5
2165,154210010,2021-06-21,20.7,3.077312260546414,121,6
2166,154210010,2021-07-01,18.0,2.9444389791664403,121,8
2167,154160040,2021-06-07,1.24,0.8064758658669485,112,63
2168,154160040,2021-06-09,1.18,0.7793248768009976,112,64
2169,154160040,2021-06-14,1.13,0.7561219797213337,112,65
2170,154160040,2021-06-17,1.12,0.7514160886839212,112,62
2171,151220110,2021-05-06,9.96,2.3942522815198695,117,45
2172,151220110,2021-05-09,7.48,2.1377104498038118,117,46
2173,151220110,2021-05-11,4.41,1.6882490928583902,117,44
2174,151220110,2021-06-18,7.26,2.1114245875328868,117,43
2175,151220110,2021-07-08,4.28,1.66392609771817,117,42
2176,151220110,2021-07-15,2.07,1.1216775615991057,117,47
2177,149210160,2021-05-09,0.91,0.6471032420585385,116,71
2178,149210160,2021-05-11,2.05,1.11514159061932,116,70
2179,149210160,2021-05-26,0.96,0.6729444732424258,116,69
2180,149210160,2021-06-18,11.4,2.517696472610991,116,67
2181,149210160,2021-07-08,9.74,2.3739750890807185,116,66
2182,149210160,2021-07-13,1.95,1.0818051703517284,116,68
2183,149210160,2021-07-30,2.14,1.144222799920162,116,72
2184,150140020,2021-05-10,8.15,2.21375387928743,110,122
2185,150140020,2021-06-17,9.32,2.334083760053417,110,125
2186,150140020,2021-06-19,8.35,2.2353763433005955,110,124
2187,150140020,2021-07-24,7.26,2.1114245875328868,110,123
2188,151180080,2021-05-12,43.4,3.793239469438179,110,181
2189,151180080,2021-06-14,32.8,3.520460802488973,110,178
2190,151180080,2021-06-16,37.4,3.648057459593681,110,180
2191,151180080,2021-06-19,51.8,3.966511190712216,110,179
2192,151180080,2021-06-21,56.2,4.046553898385752,110,177
2193,150200060,2021-05-12,90.5,4.516338972281476,113,31
2194,150200060,2021-06-16,197.0,5.288267030694535,113,29
2195,150200060,2021-06-18,244.0,5.501258210544727,113,28
2196,150200060,2021-06-21,259.0,5.560681631015528,113,27
2197,150200060,2021-07-08,108.0,4.6913478822291435,113,30
2198,150200060,2021-07-13,65.5,4.197201947661808,113,32
2199,152190110,2021-05-10,2.34,1.205970806988609,119,192
2200,152190110,2021-05-12,2.08,1.1249295969854831,119,190
2201,152190110,2021-06-14,1.0,0.6931471805599453,119,189
2202,152190110,2021-06-16,1.0,0.6931471805599453,119,193
2203,152190110,2021-06-19,1.56,0.9400072584914712,119,191
2204,152190110,2021-06-21,1.56,0.9400072584914712,119,188
2205,152190110,2021-06-29,1.0,0.6931471805599453,119,194
2206,154170030,2021-06-07,2.46,1.2412685890696329,112,128
2207,154170030,2021-06-09,2.35,1.208960345836975,112,131
2208,154170030,2021-06-14,2.25,1.1786549963416462,112,130
2209,154170030,2021-06-17,2.24,1.1755733298042381,112,129
2210,154170030,2021-07-14,2.08,1.1249295969854831,112,132
2211,149190220,2021-05-09,1.95,1.0818051703517284,114,69
2212,149190220,2021-05-12,3.4,1.4816045409242156,114,70
2213,149190220,2021-06-03,5.58,1.884034745337226,114,67
2214,149190220,2021-06-16,3.17,1.4279160358107101,114,68
2215,149190220,2021-06-18,6.27,1.9837562915454279,114,71
2216,149190220,2021-06-21,10.2,2.4159137783010487,114,65
2217,149190220,2021-07-08,3.27,1.4516138272405332,114,64
2218,149190220,2021-07-13,2.84,1.3454723665996355,114,66
2219,149180100,2021-06-21,31.3,3.475067230228611,112,242
2220,149180100,2021-07-06,7.53,2.143589361503588,112,243
2221,150170140,2021-05-12,41.1,3.7400477406883357,109,102
2222,150170140,2021-06-09,36.3,3.6189933266497696,109,100
2223,150170140,2021-06-19,43.6,3.7977338590260183,109,99
2224,150170140,2021-07-24,57.6,4.070734696582967,109,101
2225,152150110,2021-06-07,99.3,4.60816569496789,110,221
2226,152150110,2021-06-09,96.9,4.583946549536464,110,223
2227,152150110,2021-06-17,87.7,4.485259889315534,110,222
2228,152150110,2021-06-19,91.1,4.522874943261261,110,220
2229,150190250,2021-05-09,3.44,1.4906543764441333,113,225
2230,150190250,2021-06-03,3.44,1.4906543764441333,113,224
2231,150190250,2021-06-18,5.34,1.8468787684491346,113,226
2232,150190250,2021-06-21,4.96,1.7850704810772584,113,223
2233,152180050,2021-05-12,66.9,4.21803603456465,110,198
2234,152180050,2021-06-09,42.5,3.7727609380946383,110,194
2235,152180050,2021-06-14,36.3,3.6189933266497696,110,197
2236,152180050,2021-06-16,41.5,3.7495040759303713,110,195
2237,152180050,2021-06-19,62.4,4.14946386144318,110,196
2238,150200090,2021-05-12,1.38,0.8671004876833832,115,34
2239,150200090,2021-06-18,8.26,2.225704048658088,115,35
2240,151200110,2021-05-09,5.69,1.900613874140137,117,83
2241,151200110,2021-05-12,5.69,1.900613874140137,117,80
2242,151200110,2021-06-08,3.19,1.4327007339340463,117,81
2243,151200110,2021-06-18,13.0,2.639057329615259,117,79
2244,151200110,2021-06-21,10.0,2.3978952727983707,117,82
2245,152140050,2021-06-07,277.0,5.627621113690637,109,39
2246,152140050,2021-06-17,284.0,5.652489180268651,109,38
2247,154170010,2021-05-13,15.8,2.8213788864092133,112,121
2248,154170010,2021-06-07,14.9,2.766319109226186,112,116
2249,154170010,2021-06-09,14.5,2.740840023925201,112,118
2250,154170010,2021-06-14,12.8,2.624668592163159,112,119
2251,154170010,2021-06-17,13.0,2.639057329615259,112,117
2252,154170010,2021-07-14,12.0,2.5649493574615367,112,120
2253,154200030,2021-05-12,14.0,2.70805020110221,121,2
2254,154200030,2021-06-21,13.9,2.7013612129514133,121,1
2255,154200030,2021-07-01,11.2,2.501435951739211,121,4
2256,154200030,2021-07-06,21.3,3.104586678466073,121,3
2257,150190260,2021-05-09,55.6,4.036008985209137,113,17
2258,150190260,2021-06-03,82.3,4.422448549172797,113,16
2259,150190260,2021-06-18,180.0,5.198497031265826,113,15
2260,150190260,2021-06-21,205.0,5.327876168789581,113,14
2261,150190260,2021-07-13,41.9,3.758871825933971,113,18
2262,152150170,2021-06-09,2.52,1.2584609896100059,110,9
2263,152150170,2021-06-14,2.86,1.3506671834767394,110,12
2264,152150170,2021-06-19,3.94,1.597365331199831,110,8
2265,152150170,2021-07-24,3.98,1.6054298910365616,110,11
2266,152150170,2021-07-27,3.54,1.5129270120532565,110,10
2267,154170060,2021-05-13,8.18,2.217027204632399,112,164
2268,154170060,2021-06-07,8.12,2.21046980408624,112,160
2269,154170060,2021-06-09,7.94,2.190535589185423,112,162
2270,154170060,2021-06-14,7.71,2.1644717908644115,112,163
2271,154170060,2021-06-17,7.47,2.136530508663963,112,161
2272,154170060,2021-07-14,5.4,1.8562979903656263,112,165
2273,153170140,2021-05-12,33.3,3.535145354171894,120,73
2274,153170140,2021-06-14,38.2,3.6686767467964168,120,74
2275,153170140,2021-06-16,27.4,3.3463891451671604,120,70
2276,153170140,2021-06-21,32.3,3.505557396986398,120,71
2277,153170140,2021-07-06,31.6,3.484312288372662,120,72
2278,151220100,2021-05-11,5.06,1.801709800081223,117,39
2279,151220100,2021-07-08,5.27,1.8357763546448291,117,40
2280,151220100,2021-07-15,4.63,1.728109442151599,117,41
2281,153230080,2021-05-11,0.95,0.6678293725756554,118,28
2282,153230080,2021-06-18,0.94,0.6626879730752367,118,27
2283,153230080,2021-06-20,0.82,0.598836501088704,118,30
2284,153230080,2021-07-13,0.73,0.5481214085096876,118,29
2285,153230140,2021-05-11,2.36,1.2119409739751128,118,26
2286,153230140,2021-06-18,2.31,1.1969481893889715,118,24
2287,153230140,2021-07-28,1.77,1.0188473201992472,118,25
2288,154170120,2021-05-13,3.12,1.415853163361435,112,105
2289,154170120,2021-06-07,2.89,1.358409157630355,112,107
2290,154170120,2021-06-09,2.77,1.3270750014599193,112,109
2291,154170120,2021-06-14,2.64,1.2919836816486494,112,108
2292,154170120,2021-06-17,2.55,1.2669476034873244,112,106
2293,154170120,2021-07-14,2.28,1.1878434223960523,112,104
2294,151200020,2021-05-09,31.7,3.4873750779032076,117,121
2295,151200020,2021-05-12,31.6,3.484312288372662,117,118
2296,151200020,2021-06-08,25.0,3.258096538021482,117,117
2297,151200020,2021-06-18,51.6,3.9627161197436642,117,119
2298,151200020,2021-06-21,50.0,3.9318256327243257,117,120
2299,153210050,2021-05-12,2.6,1.2809338454620645,118,164
2300,153210050,2021-06-16,2.6,1.2809338454620645,118,163
2301,153210050,2021-06-18,2.7,1.308332819650179,118,165
2302,153210050,2021-06-21,2.7,1.308332819650179,118,166
2303,153210050,2021-07-06,2.88,1.355835153635182,118,167
2304,153210050,2021-07-13,2.07,1.1216775615991057,118,162
2305,149200140,2021-06-16,29.5,3.417726683613366,114,179
2306,149200140,2021-06-18,28.8,3.3945083935113587,114,178
2307,149200140,2021-07-08,42.6,3.775057150354989,114,180
2308,150180100,2021-06-19,13.8,2.6946271807700692,109,81
2309,150180100,2021-06-21,11.9,2.5572273113676265,109,80
2310,153160030,2021-06-07,0.36,0.3074846997479606,111,223
2311,153160030,2021-06-14,0.28,0.2468600779315258,111,224
2312,153160030,2021-06-17,0.26,0.23111172096338664,111,225
2313,153160030,2021-06-19,0.26,0.23111172096338664,111,222
2314,153150010,2021-06-07,7.55,2.145931282948669,112,13
2315,153150010,2021-06-17,7.49,2.138889000323256,112,12
2316,154160070,2021-05-13,16.5,2.8622008809294686,112,81
2317,154160070,2021-06-07,15.6,2.8094026953624973,112,76
2318,154160070,2021-06-09,15.4,2.797281334830153,112,78
2319,154160070,2021-06-14,13.7,2.6878474937846906,112,80
2320,154160070,2021-06-17,13.3,2.6602595372658615,112,77
2321,154160070,2021-06-19,13.1,2.6461747973841225,112,79
2322,154160070,2021-07-14,10.9,2.4765384001174837,112,82
2323,154160070,2021-07-24,11.7,2.5416019934645457,112,83
2324,149200220,2021-05-09,29.0,3.4011973816621555,114,240
2325,149200220,2021-06-18,45.2,3.832979798087693,114,238
2326,149200220,2021-07-08,31.5,3.481240089335692,114,239
2327,150210060,2021-05-09,2.1,1.1314021114911006,115,50
2328,150210060,2021-06-18,2.23,1.172482137234565,115,51
2329,150210060,2021-07-08,1.3,0.832909122935104,115,49
2330,154179991,2021-06-14,0.17,0.15700374880966475,120,147
2331,154179991,2021-07-14,0.17,0.15700374880966475,120,148
2332,153160080,2021-06-07,0.51,0.412109650826833,112,39
2333,153160080,2021-06-14,0.41,0.3435897043900769,112,41
2334,153160080,2021-06-17,0.43,0.3576744442718159,112,40
2335,153160080,2021-06-19,0.41,0.3435897043900769,112,42
2336,152200080,2021-05-09,1.77,1.0188473201992472,119,127
2337,152200080,2021-05-12,1.54,0.9321640810304452,119,125
2338,152200080,2021-06-16,1.09,0.7371640659767197,119,126
2339,152200080,2021-06-18,1.45,0.8960880245566356,119,123
2340,152200080,2021-06-21,1.36,0.8586616190375187,119,124
2341,149200130,2021-05-12,2.9,1.3609765531356006,114,148
2342,149200130,2021-06-16,20.3,3.0587070727153796,114,147
2343,149200130,2021-06-18,17.0,2.8903717578961645,114,145
2344,149200130,2021-06-21,10.9,2.4765384001174837,114,144
2345,149200130,2021-07-08,2.83,1.3428648031925547,114,146
2346,149200130,2021-07-13,2.7,1.308332819650179,114,149
2347,153220130,2021-05-09,67.7,4.229749199228304,117,199
2348,153220130,2021-06-18,33.9,3.5524868292083815,117,198
2349,153220130,2021-07-13,29.8,3.427514689979529,117,195
2350,153220130,2021-07-18,28.0,3.367295829986474,117,197
2351,153220130,2021-07-28,26.8,3.3250360206965914,117,196
2352,149190310,2021-05-12,10.7,2.4595888418037104,114,117
2353,149190310,2021-06-16,19.1,3.0007198150650303,114,115
2354,149190310,2021-07-08,9.58,2.3589654264301534,114,114
2355,149190310,2021-07-13,8.79,2.281361456542419,114,116
2356,152210050,2021-05-12,0.73,0.5481214085096876,119,95
2357,152210050,2021-06-16,1.74,1.007957920399979,119,94
2358,152210050,2021-06-18,2.6,1.2809338454620645,119,92
2359,152210050,2021-06-21,1.79,1.0260415958332743,119,93
2360,150240010,2021-05-11,129.0,4.867534450455582,118,232
2361,150240010,2021-07-10,42.5,3.7727609380946383,118,231
2362,150240010,2021-07-15,36.5,3.624340932976365,118,230
2363,149220180,2021-05-04,5.22,1.827769906751088,115,223
2364,149220180,2021-05-09,4.08,1.6253112615903906,115,222
2365,149220180,2021-05-11,3.74,1.556037135706985,115,224
2366,149220180,2021-05-26,2.11,1.1346227261911428,115,225
2367,149220180,2021-06-25,6.19,1.9726911717329554,115,220
2368,149220180,2021-07-28,1.53,0.9282193027394289,115,221
2369,149190200,2021-05-09,1.64,0.9707789171582247,114,73
2370,149190210,2021-05-09,4.51,1.706564623164823,114,49
2371,149190210,2021-06-18,26.3,3.306886702190914,114,50
2372,149190200,2021-07-13,0.99,0.688134638736401,114,72
2373,149190210,2021-07-13,7.55,2.145931282948669,114,48
2374,151190100,2021-05-12,21.6,3.1179499062782403,117,115
2375,151190100,2021-06-18,40.6,3.728100167267218,117,114
2376,151190100,2021-06-21,43.4,3.793239469438179,117,116
2377,153230110,2021-05-09,14.4,2.7343675094195836,118,18
2378,153230110,2021-05-11,9.98,2.3960754360813845,118,17
2379,153230110,2021-06-18,6.73,2.0451088625993306,118,15
2380,153230110,2021-06-20,5.95,1.9387416595767009,118,19
2381,153230110,2021-07-15,5.24,1.8309801823813363,118,20
2382,153230110,2021-07-25,5.34,1.8468787684491346,118,16
2383,152220080,2021-05-09,29.7,3.4242626545931514,117,191
2384,152220080,2021-05-11,25.4,3.2733640101522705,117,190
2385,152220080,2021-06-18,14.1,2.714694743820879,117,188
2386,152220080,2021-07-08,16.0,2.833213344056216,117,189
2387,152220080,2021-07-25,12.7,2.617395832834079,117,192
2388,150230060,2021-05-09,1.34,0.8501509293696101,117,23
2389,150230060,2021-05-11,1.21,0.7929925155296614,117,18
2390,150230060,2021-06-18,1.48,0.9082585601768908,117,19
2391,150230060,2021-07-08,1.28,0.8241754429663495,117,21
2392,150230060,2021-07-13,0.97,0.6780335427498971,117,20
2393,150230060,2021-07-15,0.97,0.6780335427498971,117,22
2394,153170060,2021-06-07,9.77,2.3767644911682972,120,68
2395,153170070,2021-06-07,4.43,1.691939133945844,120,81
2396,153170060,2021-06-14,9.39,2.340843805111136,120,66
2397,153170070,2021-06-14,4.11,1.631199404215613,120,82
2398,153170060,2021-06-17,9.2,2.322387720290225,120,65
2399,153170070,2021-06-17,4.0,1.6094379124341003,120,80
2400,153170060,2021-07-27,7.86,2.1815467646169897,120,67
2401,153170070,2021-07-27,3.31,1.4609379041156565,120,79
2402,150190070,2021-05-09,3.93,1.5953389880545987,113,218
2403,150190070,2021-06-03,3.67,1.541159071680806,113,217
2404,150190070,2021-06-18,5.54,1.8779371654691073,113,216
2405,150190070,2021-07-06,2.95,1.3737155789130306,113,220
2406,150190070,2021-07-13,2.81,1.3376291891386096,113,219
2407,149200020,2021-05-09,3.97,1.6034198401085373,114,212
2408,149200020,2021-06-16,6.01,1.9473377010464987,114,213
2409,149200020,2021-06-18,7.21,2.105352923464337,114,210
2410,149200020,2021-07-08,7.35,2.122261538862764,114,211
2411,150160110,2021-06-19,2.03,1.1085626195212777,109,107
2412,152160080,2021-06-09,0.42,0.35065687161316933,111,95
2413,152160080,2021-06-14,0.34,0.29266961396282,111,96
2414,152160080,2021-06-19,0.75,0.5596157879354227,111,97
2415,149220020,2021-05-09,4.45,1.6956156086751528,116,7
2416,149220020,2021-05-11,3.25,1.4469189829363254,116,8
2417,149220020,2021-05-26,2.44,1.235471471385307,116,9
2418,149220020,2021-06-18,20.1,3.0492730404820207,116,11
2419,149220020,2021-07-08,18.8,2.9856819377004897,116,6
2420,149220020,2021-07-13,3.79,1.5665304114228238,116,10
2421,149200180,2021-06-18,2.65,1.2947271675944,114,229
2422,149200180,2021-07-08,1.62,0.9631743177730056,114,228
2423,153220290,2021-06-18,1.34,0.8501509293696101,118,73
2424,153220290,2021-07-13,1.44,0.8919980393051105,118,74
2425,153220290,2021-07-28,1.16,0.7701082216960736,118,75
2426,153160150,2021-06-07,0.12,0.11332868530700317,111,195
2427,153160150,2021-06-14,0.32,0.2776317365982795,111,193
2428,153160150,2021-06-17,0.32,0.2776317365982795,111,194
2429,153160150,2021-07-27,0.41,0.3435897043900769,111,192
2430,151190020,2021-05-12,4.74,1.747459210331475,110,234
2431,151190020,2021-06-16,4.27,1.6620303625532709,110,235
2432,151190020,2021-06-21,4.09,1.6272778305624314,110,233
2433,150210020,2021-05-09,291.0,5.676753802268282,113,50
2434,150210020,2021-06-18,641.0,6.464588303689961,113,51
2435,150210020,2021-07-08,288.0,5.666426688112432,113,52
2436,153210140,2021-05-12,2.46,1.2412685890696329,118,184
2437,153210140,2021-06-16,1.87,1.0543120297715298,118,186
2438,153210140,2021-06-18,2.02,1.1052568313867783,118,187
2439,153210140,2021-06-21,1.56,0.9400072584914712,118,188
2440,153210140,2021-07-13,1.52,0.924258901523332,118,185
2441,151150130,2021-06-09,3.1,1.410986973710262,110,86
2442,151150130,2021-06-14,2.62,1.2864740258376797,110,84
2443,151150130,2021-06-17,3.49,1.501852701754163,110,87
2444,151150130,2021-06-19,4.3,1.667706820558076,110,83
2445,151150130,2021-07-24,2.77,1.3270750014599193,110,85
2446,153200020,2021-05-12,3.78,1.5644405465033646,119,114
2447,153200020,2021-06-16,2.97,1.3787660946990992,119,113
2448,153200020,2021-06-21,3.07,1.4036429994545037,119,112
2449,153230070,2021-05-11,10.5,2.4423470353692043,118,44
2450,153230070,2021-06-18,4.23,1.6544112780768316,118,41
2451,153230070,2021-06-20,4.4,1.6863989535702286,118,43
2452,153230070,2021-07-13,5.1,1.8082887711792655,118,42
2453,153230070,2021-07-28,3.76,1.5602476682433286,118,45
2454,151160130,2021-06-09,176.0,5.176149732573829,109,10
2455,151160130,2021-06-14,168.0,5.1298987149230735,109,11
2456,151160130,2021-06-19,278.0,5.631211781821365,109,12
2457,151160130,2021-07-24,307.0,5.730099782973575,109,13
2458,151160230,2021-06-09,2.1,1.1314021114911006,109,142
2459,151160230,2021-06-19,3.28,1.4539530095937054,109,143
2460,151160230,2021-07-24,2.36,1.2119409739751128,109,144
2461,152170010,2021-06-09,67.5,4.22683374526818,110,207
2462,152170010,2021-06-14,57.4,4.067315889834181,110,208
2463,152170010,2021-06-19,79.0,4.382026634673881,110,209
2464,150160020,2021-06-09,0.9,0.6418538861723948,109,172
2465,150160020,2021-06-14,0.85,0.6151856390902335,109,174
2466,150160020,2021-06-19,1.48,0.9082585601768908,109,173
2467,153190010,2021-05-12,3.32,1.463255402256019,120,121
2468,153190010,2021-06-06,1.97,1.0885619528146082,120,118
2469,153190010,2021-06-14,1.8,1.0296194171811583,120,122
2470,153190010,2021-06-16,1.8,1.0296194171811583,120,119
2471,153190010,2021-06-19,1.84,1.0438040521731147,120,123
2472,153190010,2021-06-29,1.19,0.7839015438284094,120,120
2473,151150170,2021-06-09,1.28,0.8241754429663495,109,186
2474,151150170,2021-06-14,1.19,0.7839015438284094,109,189
2475,151150170,2021-06-17,3.41,1.4838746894587547,109,188
2476,151150170,2021-06-19,3.39,1.47932922708708,109,187
2477,153190190,2021-05-12,0.86,0.6205764877251099,120,53
2478,153190190,2021-06-14,1.08,0.7323678937132266,120,51
2479,153190190,2021-06-16,1.09,0.7371640659767197,120,50
2480,153190190,2021-06-19,1.12,0.7514160886839212,120,48
2481,153190190,2021-06-21,1.14,0.76080582903376,120,47
2482,153190190,2021-06-29,1.06,0.7227059828014898,120,49
2483,153190190,2021-07-14,1.44,0.8919980393051105,120,52
2484,151220080,2021-05-06,19.6,3.0252910757955354,117,51
2485,151220080,2021-05-09,16.1,2.8390784635086144,117,50
2486,151220080,2021-05-11,12.1,2.5726122302071057,117,48
2487,151220080,2021-06-15,9.59,2.359910159613315,117,54
2488,151220080,2021-07-08,9.64,2.3646204839134985,117,52
2489,151220080,2021-07-15,5.28,1.8373699804801074,117,49
2490,151220080,2021-07-18,4.68,1.7369512327330598,117,53
2491,154180150,2021-05-12,1930.0,7.565793282428515,113,141
2492,154180150,2021-06-06,1200.0,7.0909098220799835,113,144
2493,154180150,2021-06-09,1250.0,7.1316985104669115,113,146
2494,154180150,2021-06-14,1080.0,6.985641817639208,113,140
2495,154180150,2021-06-16,1060.0,6.966967138613983,113,147
2496,154180150,2021-06-19,1080.0,6.985641817639208,113,145
2497,154180150,2021-06-21,1460.0,7.2868764117507,113,143
2498,154180150,2021-06-29,1730.0,7.456454555176209,113,142
2499,154180150,2021-07-14,1390.0,7.237778191923443,113,139
2500,149220100,2021-05-04,11.9,2.5572273113676265,115,242
2501,149220100,2021-05-09,5.53,1.8764069432883397,115,239
2502,149220100,2021-05-11,4.47,1.6992786164338898,115,241
2503,149220100,2021-05-26,3.73,1.5539252025038417,115,237
2504,149220100,2021-06-25,13.0,2.639057329615259,115,240
2505,149220100,2021-07-28,3.19,1.4327007339340463,115,238
2506,153180040,2021-05-12,1.59,0.9516578757114464,120,100
2507,153180040,2021-06-06,1.38,0.8671004876833832,120,104
2508,153180040,2021-06-14,1.18,0.7793248768009976,120,103
2509,153180040,2021-06-16,1.38,0.8671004876833832,120,102
2510,153180040,2021-06-19,1.18,0.7793248768009976,120,101
2511,150160080,2021-06-09,2.08,1.1249295969854831,109,109
2512,150160080,2021-06-19,2.26,1.1817271953786161,109,108
2513,150160080,2021-07-24,2.54,1.264126727145683,109,110
2514,150200040,2021-05-12,6.54,2.020222182019865,115,31
2515,150200040,2021-06-18,18.8,2.9856819377004897,115,32
2516,150200040,2021-06-21,10.8,2.468099531471619,115,33
2517,153200040,2021-05-12,0.8,0.5877866649021191,120,213
2518,153200040,2021-06-16,0.76,0.5653138090500605,120,212
2519,153200040,2021-06-21,0.74,0.5538851132264376,120,210
2520,153200040,2021-07-01,0.6,0.4700036292457356,120,211
2521,153200040,2021-07-06,1.11,0.7466879474879752,120,214
2522,149210060,2021-05-09,14.4,2.7343675094195836,115,112
2523,149210060,2021-05-11,12.1,2.5726122302071057,115,106
2524,149210060,2021-06-18,60.4,4.117409835153096,115,109
2525,149210060,2021-07-08,9.54,2.355177543113216,115,108
2526,149210060,2021-07-13,5.85,1.9242486522741338,115,111
2527,149210060,2021-07-25,7.39,2.127040520479115,115,107
2528,149210060,2021-07-28,8.11,2.209372711271867,115,110
2529,153180090,2021-05-12,1650.0,7.409136443920128,113,115
2530,153180090,2021-06-09,1170.0,7.065613363597717,113,117
2531,153180090,2021-06-14,941.0,6.848005274576363,113,116
2532,153180090,2021-06-16,988.0,6.8966943316227125,113,114
2533,153180090,2021-06-19,1250.0,7.1316985104669115,113,118
2534,151230010,2021-05-11,26.2,3.3032169733019514,116,241
2535,151230010,2021-07-08,14.5,2.740840023925201,116,242
2536,151230010,2021-07-13,11.6,2.533696813957432,116,243
2537,151230010,2021-07-15,11.2,2.501435951739211,116,244
2538,152170150,2021-05-12,1.8,1.0296194171811583,111,30
2539,152170150,2021-06-09,0.84,0.6097655716208943,111,32
2540,152170150,2021-06-16,1.35,0.8544153281560676,111,31
2541,152170150,2021-06-19,1.82,1.0367368849500223,111,29
2542,149200110,2021-05-09,3.55,1.515127232962859,114,224
2543,149200110,2021-06-18,5.76,1.9110228900548727,114,222
2544,149200110,2021-07-08,9.5,2.3513752571634776,114,223
2545,150220080,2021-05-09,56.3,4.048300623720694,116,99
2546,150220080,2021-05-11,44.3,3.8133070324889884,116,97
2547,150220080,2021-05-26,29.7,3.4242626545931514,116,98
2548,150220080,2021-06-08,27.6,3.353406717825807,116,94
2549,150220080,2021-06-18,133.0,4.897839799950911,116,101
2550,150220080,2021-07-08,54.6,4.018183201256536,116,96
2551,150220080,2021-07-13,31.3,3.475067230228611,116,93
2552,150220080,2021-07-25,25.0,3.258096538021482,116,95
2553,150220080,2021-07-30,28.7,3.391147045808654,116,100
2554,152200020,2021-05-12,13.2,2.653241964607215,119,101
2555,152200020,2021-06-16,8.06,2.203869120054888,119,100
2556,152200020,2021-06-21,8.49,2.2502386126218363,119,99
2557,154150010,2021-05-11,17.9,2.9391619220655967,112,33
2558,154150010,2021-06-07,19.6,3.0252910757955354,112,32
2559,154150010,2021-06-10,21.4,3.109060958860994,112,34
2560,154150010,2021-06-17,18.2,2.9549102790337356,112,31
2561,152230060,2021-05-09,0.53,0.4252677354043441,117,243
2562,152230060,2021-05-11,0.4,0.33647223662121295,117,241
2563,152230060,2021-06-18,0.34,0.29266961396282,117,242
2564,152230060,2021-07-08,0.74,0.5538851132264376,117,240
2565,152230060,2021-07-25,0.25,0.22314355131420976,117,244
2566,153170120,2021-06-14,17.9,2.9391619220655967,120,69
2567,150180020,2021-05-12,5.36,1.8500283773520307,109,86
2568,150180020,2021-06-19,15.3,2.791165107812717,109,85
2569,150140030,2021-05-10,0.75,0.5596157879354227,110,140
2570,150140030,2021-06-17,1.56,0.9400072584914712,110,141
2571,150140030,2021-06-19,1.25,0.8109302162163288,110,142
2572,150140030,2021-07-24,0.69,0.5247285289349821,110,139
2573,153160020,2021-06-07,7.2,2.1041341542702074,112,44
2574,153160020,2021-06-14,6.3,1.9878743481543455,112,45
2575,153160020,2021-06-17,6.1,1.9600947840472698,112,43
2576,149200150,2021-05-09,1.69,0.9895411936137477,114,233
2577,149200150,2021-06-16,1.69,0.9895411936137477,114,232
2578,149200150,2021-06-18,2.02,1.1052568313867783,114,231
2579,149200150,2021-07-08,1.65,0.9745596399981308,114,230
2580,149190040,2021-05-04,2.84,1.3454723665996355,114,8
2581,149190040,2021-05-09,0.93,0.6575200029167942,114,7
2582,149190040,2021-07-28,1.44,0.8919980393051105,114,6
2583,153160170,2021-05-13,28.3,3.3775875160230218,111,140
2584,153160170,2021-06-07,26.5,3.3141860046725258,111,139
2585,153160170,2021-06-14,23.0,3.1780538303479458,111,138
2586,153160160,2021-05-13,59.3,4.09933210373314,111,143
2587,153160160,2021-06-07,49.0,3.912023005428146,111,142
2588,153160160,2021-06-14,46.3,3.856510295497887,111,141
2589,153210080,2021-05-12,3.51,1.5062971535145868,118,172
2590,153210080,2021-06-16,3.44,1.4906543764441333,118,170
2591,153210080,2021-06-18,3.51,1.5062971535145868,118,169
2592,153210080,2021-06-21,3.51,1.5062971535145868,118,168
2593,153210080,2021-07-06,3.77,1.5623463049002497,118,171
2594,153210080,2021-07-13,3.37,1.4747630091074988,118,173
2595,151180110,2021-05-12,43.5,3.7954891891721947,110,184
2596,151180110,2021-06-09,25.4,3.2733640101522705,110,187
2597,151180110,2021-06-14,20.9,3.086486636822455,110,185
2598,151180110,2021-06-16,34.0,3.5553480614894135,110,186
2599,151180110,2021-06-19,49.3,3.9180050771056933,110,182
2600,151180110,2021-06-21,56.0,4.04305126783455,110,183
2601,149180110,2021-07-06,3.44,1.4906543764441333,112,241
2602,149190180,2021-05-09,14.2,2.7212954278522306,114,55
2603,149190180,2021-06-03,22.9,3.173878458937465,114,52
2604,149190180,2021-06-18,47.2,3.8753590210565547,114,53
2605,149190180,2021-06-21,53.8,4.00369019395397,114,51
2606,149190180,2021-07-13,13.4,2.667228206581955,114,54
2607,153210120,2021-05-12,3.46,1.4951487660319727,118,196
2608,153210120,2021-06-16,2.51,1.2556160374777745,118,195
2609,153210120,2021-06-18,2.65,1.2947271675944,118,193
2610,153210120,2021-06-21,2.14,1.144222799920162,118,194
2611,153210120,2021-07-06,5.24,1.8309801823813363,118,197
2612,150210070,2021-05-09,6.63,2.0320878452963655,115,42
2613,150210070,2021-06-18,28.1,3.370738174177447,115,41
2614,150210070,2021-07-08,3.7,1.547562508716013,115,43
2615,152210170,2021-05-09,1180.0,7.074116816197362,113,89
2616,152210170,2021-05-12,919.0,6.824373670043086,113,87
2617,152210170,2021-06-16,562.0,6.333279628139691,113,88
2618,152210170,2021-06-18,817.0,6.706862336602747,113,85
2619,152210170,2021-06-21,1620.0,7.390798521735676,113,86
2620,152210040,2021-05-09,1180.0,7.074116816197362,113,82
2621,152210040,2021-05-12,909.0,6.813444599510896,113,79
2622,152210040,2021-06-16,552.0,6.315358001522335,113,84
2623,152210040,2021-06-18,821.0,6.71174039505618,113,77
2624,152210040,2021-06-21,1600.0,7.3783837129967145,113,78
2625,152210040,2021-07-06,744.0,6.61338421837956,113,83
2626,152210040,2021-07-08,717.0,6.576469569048224,113,81
2627,152210040,2021-07-11,755.0,6.628041376179533,113,80
2628,154180050,2021-05-13,0.07,0.06765864847381481,112,196
2629,154180050,2021-06-02,0.06,0.058268908123975775,112,193
2630,154180050,2021-06-07,0.06,0.058268908123975775,112,195
2631,154180050,2021-06-09,0.05,0.04879016416943201,112,194
2632,154180050,2021-06-14,0.06,0.058268908123975775,112,199
2633,154180050,2021-06-17,0.05,0.04879016416943201,112,197
2634,154180050,2021-06-29,0.05,0.04879016416943201,112,192
2635,154180050,2021-07-14,0.07,0.06765864847381481,112,198
2636,154170180,2021-06-14,2.53,1.2612978709452054,120,84
2637,154170180,2021-07-14,2.24,1.1755733298042381,120,85
2638,151210010,2021-05-12,2.36,1.2119409739751128,116,168
2639,151210010,2021-06-18,16.3,2.8507065015037334,116,167
2640,151210010,2021-06-21,5.77,1.9125010869241836,116,169
2641,150190280,2021-05-09,4.41,1.6882490928583902,117,110
2642,150190280,2021-05-12,4.3,1.667706820558076,117,108
2643,150190280,2021-06-18,8.92,2.2945529212967815,117,109
2644,150190280,2021-06-21,5.76,1.9110228900548727,117,107
2645,151200070,2021-05-12,0.62,0.4824261492442927,117,140
2646,151200070,2021-06-18,4.43,1.691939133945844,117,139
2647,154180080,2021-06-09,3.89,1.5871923034867808,112,211
2648,154180080,2021-06-14,3.83,1.5748464676644813,112,209
2649,154180080,2021-06-19,3.56,1.5173226235262947,112,212
2650,154180080,2021-06-29,3.44,1.4906543764441333,112,210
2651,154180080,2021-07-14,3.55,1.515127232962859,112,208
2652,154210070,2021-05-12,2.54,1.264126727145683,121,34
2653,154210070,2021-06-18,2.56,1.269760544863939,121,32
2654,154210070,2021-06-21,3.42,1.4861396960896067,121,33
2655,154210070,2021-07-13,6.41,2.0028304393079956,121,35
2656,154210070,2021-07-16,5.88,1.9286186519452522,121,36
2657,151180150,2021-06-19,0.63,0.48858001481867097,110,248
2658,151180150,2021-06-21,0.46,0.3784364357202451,110,249
2659,153140080,2021-05-31,2.02,1.1052568313867783,112,19
2660,153140080,2021-06-10,1.62,0.9631743177730056,112,20
2661,153140080,2021-06-17,1.35,0.8544153281560676,112,18
2662,153200160,2021-06-16,2.24,1.1755733298042381,118,209
2663,153200160,2021-06-18,2.24,1.1755733298042381,118,207
2664,153200160,2021-06-21,2.14,1.144222799920162,118,208
2665,153200160,2021-07-01,2.04,1.1118575154181303,118,210
2666,152170030,2021-06-09,0.26,0.23111172096338664,111,81
2667,152170030,2021-06-14,0.2,0.18232155679395462,111,83
2668,152170030,2021-06-19,0.27,0.23901690047049992,111,82
2669,153160110,2021-06-07,3.82,1.5727739280625088,111,215
2670,153160110,2021-06-17,3.92,1.5933085305042167,111,214
2671,153160110,2021-06-19,3.73,1.5539252025038417,111,216
2672,153160110,2021-07-27,3.67,1.541159071680806,111,217
2673,150160210,2021-06-19,1.09,0.7371640659767197,109,103
2674,151160070,2021-06-09,1.04,0.712949807856125,109,206
2675,151160070,2021-06-14,1.04,0.712949807856125,109,209
2676,151160070,2021-06-17,1.61,0.9593502213346021,109,208
2677,151160070,2021-06-19,1.47,0.9042181506398859,109,207
2678,150230020,2021-05-09,17.2,2.9014215940827497,116,234
2679,150230020,2021-05-11,14.4,2.7343675094195836,116,230
2680,150230020,2021-06-18,12.8,2.624668592163159,116,233
2681,150230020,2021-07-08,10.1,2.4069451083182885,116,231
2682,150230020,2021-07-13,8.14,2.2126603854660587,116,232
2683,150230020,2021-07-15,8.56,2.25758772706331,116,235
2684,149180140,2021-05-09,1.34,0.8501509293696101,112,240
2685,149180140,2021-07-06,1.85,1.0473189942805592,112,238
2686,149180140,2021-07-13,1.47,0.9042181506398859,112,239
2687,149180160,2021-05-04,1.32,0.8415671856782186,112,237
2688,149180180,2021-05-04,1.55,0.9360933591703348,112,233
2689,149180200,2021-05-04,0.81,0.5933268452777344,112,228
2690,149180160,2021-05-09,0.56,0.44468582126144574,112,236
2691,149180180,2021-05-09,1.09,0.7371640659767197,112,230
2692,149180200,2021-05-09,0.54,0.43178241642553783,112,226
2693,149180180,2021-06-21,2.77,1.3270750014599193,112,234
2694,149180160,2021-07-06,1.18,0.7793248768009976,112,235
2695,149180180,2021-07-06,1.39,0.8712933659434192,112,229
2696,149180200,2021-07-06,0.47,0.3852624007906449,112,227
2697,149180180,2021-07-13,1.2,0.7884573603642702,112,231
2698,149180180,2021-07-28,0.45,0.37156355643248307,112,232
2699,151220040,2021-05-09,1.93,1.0750024230289759,116,214
2700,151220040,2021-07-08,1.05,0.7178397931503169,116,213
2701,153220070,2021-05-12,148.0,5.003946305945459,117,203
2702,153220070,2021-06-16,71.5,4.283586561860629,117,201
2703,153220070,2021-06-18,73.8,4.314817884980432,117,204
2704,153220070,2021-06-21,71.1,4.278054044290903,117,205
2705,153220070,2021-07-06,68.1,4.235554730773624,117,202
2706,153220070,2021-07-13,67.3,4.223909766576744,117,200
2707,152200070,2021-05-09,2.08,1.1249295969854831,119,166
2708,152200070,2021-05-12,2.08,1.1249295969854831,119,165
2709,152200070,2021-06-16,1.83,1.0402767116551463,119,164
2710,152200070,2021-06-18,1.83,1.0402767116551463,119,163
2711,152200070,2021-06-21,1.83,1.0402767116551463,119,162
2712,150210220,2021-05-09,0.8,0.5877866649021191,116,205
2713,150210220,2021-05-12,0.78,0.5766133643039938,116,206
2714,150210220,2021-06-08,0.38,0.32208349916911333,116,203
2715,150210220,2021-06-18,3.63,1.5325568680981427,116,202
2716,150210220,2021-06-21,1.32,0.8415671856782186,116,204
2717,150210220,2021-07-06,0.43,0.3576744442718159,116,209
2718,150210220,2021-07-08,0.69,0.5247285289349821,116,207
2719,150210220,2021-07-11,0.28,0.2468600779315258,116,208
2720,152190030,2021-05-12,1550.0,7.346655163176539,113,109
2721,152190030,2021-06-14,991.0,6.899723107284872,113,111
2722,152190030,2021-06-16,979.0,6.887552571664617,113,108
2723,152190030,2021-06-19,1340.0,7.201170883281678,113,112
2724,152190030,2021-06-21,1630.0,7.396948602621014,113,110
2725,152190030,2021-06-29,1410.0,7.2520539518528135,113,113
2726,152190020,2021-05-12,7.07,2.0881534822818573,119,195
2727,152190020,2021-06-09,5.21,1.8261608959453874,119,200
2728,152190020,2021-06-14,4.95,1.7833912195575383,119,198
2729,152190020,2021-06-16,4.48,1.7011051009599243,119,199
2730,152190020,2021-06-19,5.03,1.7967470107390942,119,197
2731,152190020,2021-06-21,5.16,1.8180767775454285,119,196
2732,151230040,2021-05-09,132.0,4.890349128221754,118,243
2733,151230040,2021-05-11,132.0,4.890349128221754,118,240
2734,151230040,2021-06-18,113.0,4.736198448394496,118,238
2735,151230040,2021-07-08,79.0,4.382026634673881,118,239
2736,151230040,2021-07-15,64.1,4.175924549214524,118,242
2737,151230040,2021-07-18,58.3,4.08260930600368,118,241
2738,150150100,2021-06-09,8.13,2.211565694606877,110,29
2739,150150100,2021-06-14,6.86,2.061786606441115,110,28
2740,150150100,2021-06-17,8.1,2.2082744135228043,110,27
2741,150150100,2021-06-19,8.09,2.2071749081893874,110,26
2742,153220220,2021-06-18,3.94,1.597365331199831,118,101
2743,153220220,2021-07-13,3.22,1.4398351280479205,118,102
2744,153220220,2021-07-28,2.56,1.269760544863939,118,103
2745,152210070,2021-05-09,4.6,1.7227665977411035,117,161
2746,152210070,2021-05-12,4.16,1.6409365794934714,117,159
2747,152210070,2021-06-18,8.91,2.2935443483418965,117,160
2748,152210070,2021-06-21,8.97,2.299580583973747,117,158
2749,152210070,2021-07-11,3.22,1.4398351280479205,117,162
2750,152160050,2021-06-07,84.4,4.447346100794524,110,215
2751,152160050,2021-06-17,73.0,4.304065093204169,110,214
2752,152160050,2021-06-19,81.0,4.406719247264253,110,216
2753,152200150,2021-05-09,1740.0,7.462214939768189,113,98
2754,152200150,2021-05-12,1440.0,7.273092595999522,113,95
2755,152200150,2021-06-16,904.0,6.807934943699926,113,96
2756,152200150,2021-06-18,1080.0,6.985641817639208,113,97
2757,152200150,2021-06-21,1860.0,7.528869256642251,113,99
2758,153170040,2021-05-13,3.98,1.6054298910365616,111,182
2759,153170040,2021-06-07,3.0,1.3862943611198906,111,177
2760,153170040,2021-06-09,2.96,1.3762440252663892,111,181
2761,153170040,2021-06-14,3.14,1.420695787837223,111,179
2762,153170040,2021-06-19,3.0,1.3862943611198906,111,180
2763,153170040,2021-07-27,1.98,1.091923300517313,111,178
2764,152210090,2021-05-12,298.0,5.700443573390686,119,16
2765,152210090,2021-06-16,227.0,5.429345628954441,119,17
2766,152210090,2021-06-18,231.0,5.44673737166631,119,15
2767,152210090,2021-06-21,243.0,5.497168225293202,119,18
2768,152210090,2021-07-11,207.0,5.337538079701318,119,19
2769,152200030,2021-05-09,1770.0,7.479299637782834,113,102
2770,152200030,2021-05-12,1450.0,7.280008252884188,113,101
2771,152200030,2021-06-16,927.0,6.833031732786201,113,100
2772,152200030,2021-06-18,1060.0,6.966967138613983,113,103
2773,152200030,2021-06-21,1850.0,7.523481312573497,113,104
2774,153160190,2021-06-07,6.93,2.0706530356467567,111,210
2775,153160190,2021-06-14,6.71,2.0425181875752383,111,212
2776,153160190,2021-06-17,7.01,2.080690761080268,111,213
2777,153160190,2021-07-27,6.22,1.9768549529047348,111,211
2778,152230200,2021-05-09,240.0,5.484796933490655,119,4
2779,152230200,2021-05-11,234.0,5.459585514144159,119,3
2780,152230200,2021-06-18,187.0,5.236441962829949,119,2
2781,152230200,2021-07-08,150.0,5.017279836814924,119,1
2782,152230200,2021-07-25,104.0,4.653960350157523,119,0
2783,149220050,2021-05-09,8.01,2.1983350716202463,116,14
2784,149220050,2021-05-11,6.57,2.0241930674493576,116,12
2785,149220050,2021-05-26,4.17,1.6428726885203377,116,15
2786,149220050,2021-07-13,5.9,1.9315214116032138,116,13
2787,151150160,2021-06-09,0.64,0.49469624183610705,109,218
2788,151150160,2021-06-14,0.63,0.48858001481867097,109,221
2789,151150160,2021-06-17,1.3,0.832909122935104,109,220
2790,151150160,2021-06-19,1.04,0.712949807856125,109,219
2791,150220120,2021-05-11,2.92,1.366091653802371,117,2
2792,150220120,2021-06-18,5.11,1.809926773183504,117,3
2793,150220120,2021-07-08,2.65,1.2947271675944,117,4
2794,150220120,2021-07-13,2.08,1.1249295969854831,117,6
2795,150220120,2021-07-15,2.38,1.2178757094949273,117,5
2796,149190320,2021-05-09,0.06,0.058268908123975775,114,215
2797,149190380,2021-05-09,0.82,0.598836501088704,114,208
2798,149190380,2021-06-16,1.59,0.9516578757114464,114,207
2799,149190380,2021-06-18,1.76,1.0152306797290587,114,209
2800,152220010,2021-05-09,4.76,1.7509374747077997,119,85
2801,152220010,2021-06-18,5.57,1.8825138324965192,119,84
2802,152210060,2021-05-12,210.0,5.351858133476067,117,224
2803,152210060,2021-06-16,139.0,4.941642422609304,117,223
2804,152210060,2021-06-18,144.0,4.976733742420574,117,225
2805,152210060,2021-06-21,143.0,4.969813299576001,117,226
2806,152210060,2021-07-11,162.0,5.093750200806762,117,227
2807,154180030,2021-05-13,1.9,1.0647107369924282,112,204
2808,154180030,2021-06-02,1.51,0.9202827531436926,112,207
2809,154180030,2021-06-07,1.53,0.9282193027394289,112,202
2810,154180030,2021-06-09,1.42,0.8837675401685949,112,206
2811,154180030,2021-06-14,1.33,0.8458682675776092,112,203
2812,154180030,2021-06-17,1.3,0.832909122935104,112,200
2813,154180030,2021-06-29,1.23,0.8020015854720274,112,205
2814,154180030,2021-07-14,1.18,0.7793248768009976,112,201
2815,154180110,2021-05-12,5.77,1.9125010869241836,120,138
2816,154180110,2021-06-14,4.46,1.6974487897568138,120,134
2817,154180110,2021-06-16,4.46,1.6974487897568138,120,135
2818,154180110,2021-06-19,4.46,1.6974487897568138,120,137
2819,154180110,2021-06-21,4.46,1.6974487897568138,120,139
2820,154180110,2021-06-29,3.97,1.6034198401085373,120,136
2821,153210180,2021-05-12,1.82,1.0367368849500223,118,181
2822,153210180,2021-06-16,1.78,1.0224509277025458,118,182
2823,153210180,2021-06-18,1.7,0.9932517730102834,118,179
2824,153210180,2021-06-21,1.25,0.8109302162163288,118,180
2825,153210180,2021-07-11,1.43,0.8878912573524571,118,183
2826,149190170,2021-05-09,18.1,2.9496883350525844,114,59
2827,149190170,2021-06-03,24.8,3.250374491927572,114,58
2828,149190170,2021-06-18,56.7,4.055257173514054,114,57
2829,149190170,2021-06-21,66.6,4.213607983048918,114,56
2830,149190170,2021-07-13,15.6,2.8094026953624973,114,60
2831,149220130,2021-05-09,12.1,2.5726122302071057,115,155
2832,149220130,2021-05-11,10.8,2.468099531471619,115,157
2833,149220130,2021-05-26,8.22,2.2213750375685026,115,153
2834,149220130,2021-06-25,20.0,3.044522437723423,115,156
2835,149220130,2021-07-08,23.8,3.2108436531709366,115,158
2836,149220130,2021-07-28,3.54,1.5129270120532565,115,154
2837,151190110,2021-05-12,3.73,1.5539252025038417,117,146
2838,151190110,2021-06-08,1.5,0.9162907318741551,117,147
2839,151190110,2021-06-16,2.34,1.205970806988609,117,148
2840,151190110,2021-06-18,5.26,1.8341801851120072,117,144
2841,151190110,2021-06-21,4.62,1.7263316639055997,117,145
2842,153230060,2021-05-09,0.8,0.5877866649021191,118,33
2843,153230060,2021-05-11,0.72,0.5423242908253616,118,32
2844,153220180,2021-06-18,1.23,0.8020015854720274,118,39
2845,153230060,2021-06-18,0.55,0.4382549309311553,118,31
2846,153230060,2021-07-08,0.88,0.6312717768418579,118,35
2847,153230060,2021-07-13,0.51,0.412109650826833,118,34
2848,153220180,2021-07-18,0.62,0.4824261492442927,118,40
2849,154170150,2021-05-13,0.64,0.49469624183610705,112,145
2850,154170150,2021-06-07,0.66,0.5068176023684519,112,147
2851,154170150,2021-06-14,0.62,0.4824261492442927,112,148
2852,154170150,2021-06-17,0.59,0.46373401623214017,112,146
2853,154170150,2021-07-14,0.54,0.43178241642553783,112,144
2854,150210190,2021-05-09,725.0,6.587550014824796,113,60
2855,150210190,2021-06-08,423.0,6.049733455231958,113,59
2856,150210190,2021-07-08,635.0,6.455198563340122,113,61
2857,149190190,2021-05-09,1.0,0.6931471805599453,114,62
2858,149190190,2021-06-03,1.88,1.0577902941478545,114,63
2859,149190190,2021-07-13,1.61,0.9593502213346021,114,61
2860,152150220,2021-06-09,2.05,1.11514159061932,111,99
2861,152150220,2021-06-14,2.21,1.1662709371419244,111,101
2862,152150220,2021-06-17,2.08,1.1249295969854831,111,100
2863,152150220,2021-06-19,2.0,1.0986122886681096,111,98
2864,149210100,2021-05-09,4.89,1.7732559976634952,115,123
2865,149210100,2021-05-11,3.55,1.515127232962859,115,119
2866,149210100,2021-05-26,3.17,1.4279160358107101,115,121
2867,149210100,2021-06-18,24.9,3.254242968705492,115,120
2868,149210100,2021-07-08,15.9,2.827313621929028,115,118
2869,149210100,2021-07-13,3.25,1.4469189829363254,115,122
2870,150170010,2021-06-09,1.59,0.9516578757114464,109,130
2871,150170010,2021-06-19,2.44,1.235471471385307,109,131
2872,150170010,2021-07-24,1.47,0.9042181506398859,109,132
2873,151170050,2021-05-12,3.46,1.4951487660319727,109,182
2874,151170050,2021-06-09,1.86,1.0508216248317612,109,181
2875,151170050,2021-06-19,2.26,1.1817271953786161,109,179
2876,151170050,2021-07-24,0.86,0.6205764877251099,109,180
2877,149180050,2021-06-21,1.33,0.8458682675776092,109,52
2878,149180050,2021-07-06,0.97,0.6780335427498971,109,51
2879,154230040,2021-05-11,2.54,1.264126727145683,121,89
2880,154230040,2021-06-18,2.09,1.128171090909654,121,90
2881,154230040,2021-06-20,2.07,1.1216775615991057,121,88
2882,154230040,2021-07-13,2.13,1.1410330045520618,121,86
2883,154230040,2021-07-28,1.74,1.007957920399979,121,87
2884,152220030,2021-06-18,1.22,0.7975071958841881,119,77
2885,149200280,2021-06-18,166.0,5.117993812416755,114,193
2886,149200280,2021-07-08,116.0,4.762173934797756,114,194
2887,151140060,2021-05-10,15.0,2.772588722239781,110,127
2888,151150010,2021-05-10,0.5,0.4054651081081644,110,154
2889,151140060,2021-06-17,19.2,3.005682604407159,110,129
2890,151150010,2021-06-17,1.08,0.7323678937132266,110,153
2891,151140060,2021-06-19,16.0,2.833213344056216,110,126
2892,151150010,2021-06-19,0.79,0.5822156198526637,110,152
2893,151140060,2021-07-24,15.3,2.791165107812717,110,128
2894,151150010,2021-07-24,0.55,0.4382549309311553,110,155
2895,150220170,2021-05-09,2.65,1.2947271675944,116,218
2896,150220170,2021-05-11,2.37,1.2149127443642704,116,215
2897,150220170,2021-07-08,1.87,1.0543120297715298,116,217
2898,150220170,2021-07-13,1.69,0.9895411936137477,116,216
2899,149190090,2021-05-04,0.84,0.6097655716208943,114,16
2900,149190090,2021-05-09,0.69,0.5247285289349821,114,15
2901,149190090,2021-07-13,0.86,0.6205764877251099,114,17
2902,149190090,2021-07-28,0.77,0.5709795465857378,114,14
2903,150200170,2021-06-18,225.0,5.420534999272286,114,195
2904,150200170,2021-07-08,130.0,4.875197323201151,114,196
2905,150200170,2021-07-13,132.0,4.890349128221754,114,197
2906,151150070,2021-06-09,2.71,1.3110318766193438,110,112
2907,151150080,2021-06-09,37.9,3.6609942506244004,110,48
2908,151150070,2021-06-14,2.66,1.297463147413275,110,113
2909,151150080,2021-06-14,37.5,3.6506582412937387,110,51
2910,151150070,2021-06-17,3.07,1.4036429994545037,110,110
2911,151150080,2021-06-17,42.5,3.7727609380946383,110,49
2912,151150070,2021-06-19,3.93,1.5953389880545987,110,109
2913,151150080,2021-06-19,43.5,3.7954891891721947,110,47
2914,151150070,2021-07-24,2.1,1.1314021114911006,110,111
2915,151150080,2021-07-24,38.1,3.66612246699132,110,50
2916,149210130,2021-05-09,24.4,3.2347491740244907,116,85
2917,149210130,2021-05-11,18.7,2.9806186357439426,116,83
2918,149210130,2021-06-18,79.0,4.382026634673881,116,84
2919,149210130,2021-07-13,15.7,2.8154087194227095,116,80
2920,149210130,2021-07-25,10.4,2.4336133554004498,116,81
2921,149210130,2021-07-28,10.8,2.468099531471619,116,82
2922,150160200,2021-06-19,7.62,2.154085084675602,109,106
2923,153140100,2021-05-31,2.72,1.3137236682850553,112,9
2924,153140100,2021-06-02,2.54,1.264126727145683,112,10
2925,153140100,2021-06-07,2.54,1.264126727145683,112,7
2926,153140100,2021-06-10,2.63,1.2892326482767593,112,8
2927,153140100,2021-06-17,2.94,1.3711807233098425,112,11
2928,152170090,2021-05-12,0.57,0.4510756193602167,111,173
2929,152170090,2021-06-14,0.61,0.4762341789963716,111,174
2930,152170090,2021-06-16,0.61,0.4762341789963716,111,172
2931,152170090,2021-06-19,0.6,0.4700036292457356,111,175
2932,152170090,2021-07-06,0.54,0.43178241642553783,111,176
2933,149210070,2021-05-09,11.5,2.5257286443082556,115,77
2934,149210070,2021-05-11,7.88,2.1838015570040787,115,71
2935,149210070,2021-06-18,41.7,3.754198920234579,115,74
2936,149210070,2021-07-08,18.4,2.9652730660692823,115,73
2937,149210070,2021-07-13,5.19,1.8229350866965048,115,76
2938,149210070,2021-07-25,4.41,1.6882490928583902,115,72
2939,149210070,2021-07-28,3.4,1.4816045409242156,115,75
2940,152200050,2021-05-09,56.0,4.04305126783455,119,143
2941,152200050,2021-05-12,46.8,3.86702563949741,119,142
2942,152200050,2021-06-08,25.9,3.292126286607793,119,144
2943,152200050,2021-06-16,33.5,3.5409593240373143,119,141
2944,152200050,2021-06-18,51.6,3.9627161197436642,119,139
2945,152200050,2021-06-21,64.6,4.183575695950044,119,140
2946,149190100,2021-05-09,12.2,2.580216829592325,113,244
2947,149190100,2021-06-03,28.6,3.3877743613300146,113,242
2948,149190100,2021-06-18,42.3,3.768152635008444,113,241
2949,149190100,2021-06-21,52.8,3.9852734671677386,113,240
2950,149190100,2021-07-13,17.1,2.89591193827178,113,243
