,station_id,date,flow,flow_log,chunk_id,id_in_chunk
0,150210180,2022-06-03,863.0,6.761572768804055,141,233
1,150210180,2022-06-28,485.0,6.186208623900494,141,234
2,152170020,2022-06-19,0.15,0.13976194237515868,140,81
3,152170020,2022-06-24,0.12,0.11332868530700317,140,83
4,152170020,2022-07-14,0.06,0.058268908123975775,140,82
5,152170020,2022-07-19,0.035,0.0344014267173324,140,84
6,153190180,2022-06-24,0.99,0.688134638736401,147,73
7,150190310,2022-06-03,2.55,1.2669476034873244,142,229
8,150190310,2022-06-26,2.5,1.252762968495368,142,226
9,150190310,2022-07-01,2.18,1.1568811967920856,142,227
10,150190310,2022-07-21,1.84,1.0438040521731147,142,228
11,154220010,2022-06-23,3.13,1.4182774069729414,147,212
12,154220010,2022-06-26,3.25,1.4469189829363254,147,214
13,154220010,2022-06-28,3.1,1.410986973710262,147,211
14,154220010,2022-07-21,2.95,1.3737155789130306,147,213
15,150150040,2022-06-19,0.8,0.5877866649021191,138,233
16,150150040,2022-06-27,1.5,0.9162907318741551,138,235
17,150150040,2022-07-19,0.37,0.31481073984003355,138,234
18,150150040,2022-07-24,0.29,0.2546422183735807,138,236
19,150160220,2022-06-19,18.5,2.970414465569701,137,160
20,150160220,2022-06-26,18.7,2.9806186357439426,137,161
21,150160220,2022-07-19,10.2,2.4159137783010487,137,162
22,154150040,2022-06-24,18.9,2.990719731730447,141,59
23,154150040,2022-06-27,19.0,2.995732273553991,141,61
24,154150040,2022-07-12,16.5,2.8622008809294686,141,60
25,153190040,2022-05-02,2.2,1.1631508098056809,147,148
26,153190040,2022-06-24,0.69,0.5247285289349821,147,147
27,153210070,2022-05-02,16.3,2.8507065015037334,146,70
28,153210070,2022-05-09,13.4,2.667228206581955,146,69
29,153210070,2022-06-28,9.04,2.306577114263583,146,68
30,153210070,2022-07-01,8.07,2.2049722641270453,146,66
31,153210070,2022-07-21,5.7,1.9021075263969205,146,67
32,153220280,2022-05-09,16.3,2.8507065015037334,145,223
33,151200120,2022-06-11,60.0,4.110873864173311,145,89
34,151200120,2022-07-01,43.0,3.784189633918261,145,88
35,151200120,2022-07-21,21.5,3.1135153092103742,145,87
36,151200120,2022-07-28,24.8,3.250374491927572,145,86
37,150160250,2022-05-10,0.27,0.23901690047049992,137,230
38,150160250,2022-06-19,0.21,0.1906203596086497,137,231
39,150160250,2022-06-26,0.3,0.26236426446749106,137,232
40,150160250,2022-07-19,0.12,0.11332868530700317,137,233
41,154150050,2022-06-24,7.77,2.1713368063840917,141,58
42,154150050,2022-06-27,7.6,2.151762203259462,141,57
43,154160020,2022-06-24,6.77,2.050270164379556,141,66
44,154160020,2022-06-27,9.22,2.3243465847755584,141,67
45,153170010,2022-06-24,9.54,2.355177543113216,140,154
46,153170010,2022-06-27,9.14,2.316487998163037,140,155
47,153170010,2022-07-14,5.58,1.884034745337226,140,156
48,153170010,2022-07-19,4.94,1.7817091333745536,140,153
49,152230190,2022-05-04,2.02,1.1052568313867783,145,175
50,152230190,2022-05-16,0.93,0.6575200029167942,145,177
51,152230190,2022-05-24,0.84,0.6097655716208943,145,176
52,152190100,2022-06-11,2.2,1.1631508098056809,146,211
53,152190100,2022-06-26,2.42,1.2296405510745139,146,209
54,152190100,2022-07-01,1.93,1.0750024230289759,146,210
55,150190140,2022-06-03,28.0,3.367295829986474,141,193
56,150190140,2022-06-26,19.1,3.0007198150650303,141,194
57,150190140,2022-07-01,14.4,2.7343675094195836,141,195
58,150190050,2022-07-01,0.58,0.4574248470388754,142,86
59,150190050,2022-07-18,0.8,0.5877866649021191,142,83
60,150220110,2022-06-20,1.35,0.8544153281560676,144,154
61,150220110,2022-06-25,1.42,0.8837675401685949,144,152
62,150220110,2022-06-28,1.41,0.8796267475025636,144,153
63,150220110,2022-07-20,1.2,0.7884573603642702,144,155
64,150200070,2022-06-03,4.8,1.7578579175523736,143,22
65,151220130,2022-06-20,2.11,1.1346227261911428,144,245
66,151220130,2022-06-25,2.03,1.1085626195212777,144,246
67,150200070,2022-06-26,3.83,1.5748464676644813,143,19
68,151220130,2022-06-28,2.03,1.1085626195212777,144,247
69,150200070,2022-07-01,3.35,1.4701758451005928,143,20
70,151220130,2022-07-20,1.56,0.9400072584914712,144,248
71,150200070,2022-07-21,2.61,1.2837077723447896,143,21
72,152150100,2022-05-15,11.9,2.5572273113676265,140,113
73,152150100,2022-06-19,6.4,2.0014800002101243,140,115
74,152150100,2022-06-24,5.71,1.9035989509835904,140,112
75,152150100,2022-07-14,5.43,1.860974538249528,140,111
76,152150100,2022-07-19,4.22,1.6524974018945473,140,114
77,150150130,2022-06-19,1.69,0.9895411936137477,138,168
78,150150130,2022-06-27,2.12,1.1378330018213911,138,170
79,150150130,2022-07-19,0.93,0.6575200029167942,138,169
80,150150130,2022-07-24,0.77,0.5709795465857378,138,167
81,153180050,2022-06-24,7.73,2.166765369851511,147,113
82,151190060,2022-06-26,10.8,2.468099531471619,139,77
83,151190060,2022-07-01,9.14,2.316487998163037,139,78
84,150200020,2022-06-03,2.26,1.1817271953786161,143,124
85,150200020,2022-06-26,1.91,1.068153081183401,143,121
86,150200020,2022-07-01,1.3,0.832909122935104,143,123
87,150200020,2022-07-21,0.53,0.4252677354043441,143,122
88,150200020,2022-07-28,0.9,0.6418538861723948,143,120
89,152230010,2022-05-04,2.01,1.1019400787607843,146,144
90,152230010,2022-05-16,1.56,0.9400072584914712,146,142
91,152230010,2022-05-24,1.47,0.9042181506398859,146,143
92,150140100,2022-05-15,0.25,0.22314355131420976,139,45
93,150140100,2022-06-19,0.22,0.1988508587451652,139,42
94,150140100,2022-07-19,0.1,0.09531017980432487,139,44
95,150140100,2022-07-24,0.08,0.07696104113612832,139,43
96,151170060,2022-05-10,0.59,0.46373401623214017,138,117
97,151170060,2022-05-15,0.47,0.3852624007906449,138,118
98,151170060,2022-06-19,0.3,0.26236426446749106,138,113
99,151170060,2022-06-24,0.41,0.3435897043900769,138,119
100,151170060,2022-06-26,0.66,0.5068176023684519,138,120
101,151170060,2022-07-01,0.4,0.33647223662121295,138,114
102,151170060,2022-07-19,0.08,0.07696104113612832,138,115
103,151170060,2022-07-21,0.07,0.06765864847381481,138,116
104,151160180,2022-05-10,2.29,1.1908875647772805,138,23
105,151160180,2022-06-19,2.13,1.1410330045520618,138,25
106,151160180,2022-07-19,2.04,1.1118575154181303,138,24
107,151170110,2022-05-05,21.5,3.1135153092103742,140,25
108,151170110,2022-05-10,17.0,2.8903717578961645,140,24
109,151170110,2022-05-15,13.5,2.6741486494265287,140,23
110,151170110,2022-06-19,8.93,2.295560478057081,140,18
111,151170110,2022-06-24,9.3,2.33214389523559,140,20
112,151170110,2022-06-26,11.2,2.501435951739211,140,26
113,151170110,2022-07-01,9.19,2.321406847234633,140,21
114,151170110,2022-07-19,4.42,1.6900958154515549,140,19
115,151170110,2022-07-21,5.39,1.8547342683894434,140,22
116,150180040,2022-05-10,0.7,0.5306282510621704,137,71
117,150180040,2022-06-19,0.74,0.5538851132264376,137,72
118,150180040,2022-06-26,0.74,0.5538851132264376,137,73
119,150180040,2022-07-19,0.5,0.4054651081081644,137,74
120,150180040,2022-07-24,0.48,0.3920420877760237,137,75
121,150190060,2022-06-03,2.67,1.3001916620664788,142,79
122,150190060,2022-06-26,2.02,1.1052568313867783,142,80
123,150190060,2022-07-01,1.7,0.9932517730102834,142,81
124,150190060,2022-07-18,1.56,0.9400072584914712,142,82
125,154180070,2022-05-18,1.71,0.9969486348916095,141,168
126,154180070,2022-06-24,1.4,0.8754687373538999,141,166
127,154180070,2022-07-19,1.22,0.7975071958841881,141,167
128,152230110,2022-05-04,7.12,2.0943301541735866,145,139
129,152230110,2022-05-24,6.55,2.0215475632609334,145,138
130,151220060,2022-05-09,2.67,1.3001916620664788,145,25
131,151220060,2022-05-16,2.24,1.1755733298042381,145,24
132,151220060,2022-06-20,3.38,1.4770487243883548,145,23
133,151220060,2022-06-28,2.73,1.3164082336557241,145,27
134,151220060,2022-07-28,1.68,0.9858167945227653,145,26
135,152200120,2022-05-09,27.1,3.3357695763397,146,172
136,152200120,2022-07-01,10.7,2.4595888418037104,146,170
137,152200120,2022-07-03,9.87,2.386006701133118,146,169
138,152200120,2022-07-21,6.99,2.0781907597781832,146,171
139,154200010,2022-06-24,1.62,0.9631743177730056,147,168
140,154200010,2022-06-26,1.6,0.9555114450274365,147,169
141,154200010,2022-07-21,1.35,0.8544153281560676,147,170
142,150160280,2022-05-10,0.62,0.4824261492442927,137,234
143,150160280,2022-06-19,0.72,0.5423242908253616,137,235
144,150160280,2022-06-26,0.96,0.6729444732424258,137,236
145,150160280,2022-07-19,0.37,0.31481073984003355,137,237
146,154170240,2022-05-18,0.11,0.10436001532424277,147,133
147,154170240,2022-06-24,0.1,0.09531017980432487,147,132
148,154180230,2022-06-24,0.67,0.5128236264286637,147,130
149,154170240,2022-07-19,0.041,0.04018178963283183,147,131
150,154180230,2022-07-19,0.59,0.46373401623214017,147,129
151,150200140,2022-06-03,2.72,1.3137236682850553,143,26
152,150200140,2022-06-26,2.46,1.2412685890696329,143,23
153,150200140,2022-07-01,1.43,0.8878912573524571,143,25
154,150200140,2022-07-21,0.78,0.5766133643039938,143,24
155,153220320,2022-05-09,0.23,0.20701416938432615,145,237
156,153220320,2022-07-21,0.09,0.08617769624105233,145,238
157,153180030,2022-06-24,2.17,1.1537315878891892,147,124
158,151210130,2022-06-03,2.82,1.3402504226184837,144,162
159,151210130,2022-06-28,2.16,1.1505720275988207,144,161
160,150170160,2022-06-19,7.93,2.189416394888408,137,51
161,150170170,2022-06-19,3.12,1.415853163361435,137,53
162,150170160,2022-07-19,3.42,1.4861396960896067,137,52
163,150170170,2022-07-19,2.94,1.3711807233098425,137,54
164,152220070,2022-05-04,4.63,1.728109442151599,146,147
165,152220070,2022-05-16,3.29,1.4562867329399256,146,145
166,152220070,2022-05-24,3.0,1.3862943611198906,146,146
167,153190050,2022-05-02,35.6,3.6000482404073204,147,51
168,153190050,2022-06-24,20.2,3.054001181677967,147,50
169,151210040,2022-06-03,3.27,1.4516138272405332,144,175
170,151210040,2022-06-26,5.82,1.9198594718553708,144,179
171,151210040,2022-06-28,6.61,2.0294631718735947,144,176
172,151210040,2022-07-01,3.51,1.5062971535145868,144,177
173,151210040,2022-07-21,1.68,0.9858167945227653,144,178
174,153180110,2022-06-24,6.43,2.005525858729668,147,126
175,154220090,2022-07-21,0.88,0.6312717768418579,147,218
176,153190160,2022-07-01,2.86,1.3506671834767394,146,166
177,153190160,2022-07-21,3.88,1.5851452198650557,146,165
178,150190010,2022-06-26,0.72,0.5423242908253616,142,114
179,150190010,2022-07-01,0.5,0.4054651081081644,142,115
180,150210140,2022-06-28,4.19,1.6467336971777973,143,197
181,151160040,2022-06-19,0.9,0.6418538861723948,138,70
182,151160040,2022-06-27,2.73,1.3164082336557241,138,71
183,151160040,2022-07-19,0.4,0.33647223662121295,138,68
184,151160040,2022-07-24,0.31,0.27002713721306015,138,69
185,150150120,2022-06-19,0.99,0.688134638736401,138,165
186,150150120,2022-06-27,1.89,1.0612565021243408,138,166
187,150150120,2022-07-19,0.89,0.636576829071551,138,164
188,150150120,2022-07-24,0.56,0.44468582126144574,138,163
189,151180120,2022-05-05,29.0,3.4011973816621555,139,86
190,151180120,2022-05-10,25.5,3.2771447329921766,139,87
191,151180120,2022-05-15,22.9,3.173878458937465,139,88
192,151180120,2022-06-19,28.5,3.3843902633457743,139,81
193,151180120,2022-06-24,24.9,3.254242968705492,139,83
194,151180120,2022-06-26,24.7,3.246490991901174,139,84
195,151180120,2022-07-01,23.7,3.2068032436339315,139,82
196,151180120,2022-07-19,14.5,2.740840023925201,139,85
197,153220100,2022-06-23,37.5,3.6506582412937387,145,218
198,153220100,2022-06-28,38.5,3.676300671907076,145,219
199,153220100,2022-07-21,24.2,3.2268439945173775,145,217
200,154210030,2022-05-04,4.36,1.6789639750827106,147,191
201,154210030,2022-05-09,3.85,1.578978704949392,147,190
202,154210030,2022-05-24,3.06,1.4011829736136412,147,193
203,154210030,2022-06-23,1.37,0.8628899551470399,147,192
204,154210030,2022-06-26,1.41,0.8796267475025636,147,187
205,154210030,2022-06-28,1.25,0.8109302162163288,147,186
206,154210030,2022-07-13,1.25,0.8109302162163288,147,189
207,154210030,2022-07-21,1.02,0.7030975114131134,147,188
208,150160150,2022-06-19,1.09,0.7371640659767197,137,180
209,150160170,2022-06-19,3.79,1.5665304114228238,137,156
210,150160150,2022-07-19,0.59,0.46373401623214017,137,181
211,150160170,2022-07-19,1.5,0.9162907318741551,137,157
212,151200100,2022-07-01,1.53,0.9282193027394289,144,163
213,151200100,2022-07-21,0.81,0.5933268452777344,144,164
214,154170110,2022-05-18,10.9,2.4765384001174837,141,151
215,154170110,2022-06-24,8.67,2.269028309465203,141,150
216,154170110,2022-06-27,8.64,2.265921108622454,141,152
217,154170110,2022-07-19,7.57,2.1482677326096886,141,149
218,149180020,2022-06-26,36.6,3.6270040503958487,137,0
219,154160140,2022-05-18,17.0,2.8903717578961645,141,115
220,154160140,2022-06-24,13.6,2.681021528714291,141,112
221,154160140,2022-06-27,13.4,2.667228206581955,141,114
222,154160140,2022-07-19,12.7,2.617395832834079,141,113
223,150220140,2022-06-03,7.86,2.1815467646169897,144,73
224,150220140,2022-06-08,5.32,1.843719208158766,144,74
225,150220140,2022-06-13,4.78,1.7544036826842861,144,75
226,150220140,2022-06-20,3.74,1.556037135706985,144,76
227,150220140,2022-06-25,4.01,1.6114359150967734,144,77
228,150220140,2022-06-28,8.05,2.2027647577118348,144,78
229,150220140,2022-07-20,1.92,1.0715836162801904,144,79
230,153220110,2022-05-09,4.55,1.713797927758343,145,231
231,153220110,2022-06-23,1.73,1.0043016091968684,145,230
232,153220110,2022-06-28,1.89,1.0612565021243408,145,228
233,153220110,2022-07-01,1.77,1.0188473201992472,145,227
234,153220110,2022-07-21,0.82,0.598836501088704,145,229
235,153180080,2022-05-02,1530.0,7.333676395657684,142,51
236,153180080,2022-06-24,1200.0,7.0909098220799835,142,50
237,152150230,2022-05-15,1.1,0.7419373447293773,141,37
238,152150230,2022-06-19,1.1,0.7419373447293773,141,33
239,152150230,2022-06-24,1.0,0.6931471805599453,141,35
240,152150230,2022-07-14,0.89,0.636576829071551,141,34
241,152150230,2022-07-19,0.83,0.6043159668533296,141,36
242,153179996,2022-05-08,1.63,0.9669838461896731,147,101
243,153179996,2022-05-18,1.56,0.9400072584914712,147,100
244,153179996,2022-06-19,1.41,0.8796267475025636,147,102
245,153179996,2022-06-24,1.36,0.8586616190375187,147,99
246,153179996,2022-06-27,1.34,0.8501509293696101,147,103
247,151150180,2022-06-19,0.76,0.5653138090500605,138,80
248,151150180,2022-07-19,0.47,0.3852624007906449,138,82
249,151150180,2022-07-24,0.47,0.3852624007906449,138,81
250,152230030,2022-05-04,2.25,1.1786549963416462,145,184
251,152230030,2022-05-16,1.6,0.9555114450274365,145,183
252,152230030,2022-05-24,1.46,0.9001613499442714,145,182
253,150160030,2022-06-19,0.6,0.4700036292457356,138,16
254,150160030,2022-07-19,0.17,0.15700374880966475,138,17
255,150160030,2022-07-24,0.13,0.12221763272424921,138,18
256,153170050,2022-05-08,6.34,1.9933388426264242,147,87
257,153170050,2022-05-18,5.89,1.9300710850255671,147,88
258,153170050,2022-06-19,5.31,1.8421356765531218,147,85
259,153170050,2022-06-24,5.31,1.8421356765531218,147,86
260,154160130,2022-05-18,3.75,1.55814461804655,141,92
261,154160130,2022-06-24,3.08,1.4060969884160703,141,89
262,154160130,2022-06-27,3.07,1.4036429994545037,141,90
263,154160130,2022-07-19,2.86,1.3506671834767394,141,91
264,149180060,2022-06-26,11.5,2.5257286443082556,137,61
265,149180070,2022-06-26,0.16,0.14842000511827327,137,63
266,149180060,2022-07-01,5.03,1.7967470107390942,137,62
267,149180070,2022-07-01,0.11,0.10436001532424277,137,64
268,149190080,2022-06-03,10.2,2.4159137783010487,142,146
269,149190080,2022-06-26,19.6,3.0252910757955354,142,149
270,149190080,2022-07-01,8.01,2.1983350716202463,142,148
271,149190080,2022-07-18,3.96,1.601405740736836,142,147
272,149200330,2022-06-03,8.5,2.2512917986064953,143,104
273,152150130,2022-06-19,158.0,5.0689042022202315,137,35
274,152150130,2022-06-22,166.0,5.117993812416755,137,34
275,152150130,2022-06-24,167.0,5.123963979403259,137,33
276,152150130,2022-07-19,94.2,4.55597994179732,137,32
277,149220080,2022-06-03,5.43,1.860974538249528,144,22
278,149220080,2022-06-20,1.43,0.8878912573524571,144,21
279,149220080,2022-07-20,0.39,0.3293037471426004,144,20
280,154160080,2022-05-08,1.91,1.068153081183401,141,64
281,154160080,2022-05-18,1.35,0.8544153281560676,141,65
282,154160080,2022-06-24,1.67,0.9820784724121581,141,62
283,154160080,2022-06-27,1.47,0.9042181506398859,141,63
284,151210070,2022-05-09,2.87,1.3532545070416904,145,54
285,151210070,2022-06-26,3.0,1.3862943611198906,145,55
286,151210070,2022-06-28,2.68,1.3029127521808397,145,59
287,151210070,2022-07-01,2.29,1.1908875647772805,145,56
288,151210070,2022-07-21,1.09,0.7371640659767197,145,57
289,151210070,2022-07-28,1.41,0.8796267475025636,145,58
290,153220090,2022-05-09,2.38,1.2178757094949273,146,13
291,153220090,2022-06-28,2.05,1.11514159061932,146,11
292,153220090,2022-07-01,1.72,1.000631880307906,146,12
293,153220090,2022-07-21,0.85,0.6151856390902335,146,14
294,149190120,2022-06-03,15.8,2.8213788864092133,142,155
295,149190120,2022-06-26,25.0,3.258096538021482,142,156
296,149190120,2022-07-01,12.3,2.5877640352277083,142,157
297,149190120,2022-07-18,3.9,1.589235205116581,142,154
298,153220310,2022-05-09,4.53,1.7101878155342436,146,10
299,153220310,2022-07-21,0.83,0.6043159668533296,146,9
300,153180010,2022-06-19,5.37,1.851599469584072,147,111
301,153180010,2022-06-24,5.25,1.8325814637483102,147,112
302,153160260,2022-05-08,3.16,1.425515074273172,140,235
303,153160260,2022-05-18,2.61,1.2837077723447896,140,234
304,153160260,2022-06-19,2.07,1.1216775615991057,140,231
305,153160260,2022-06-24,1.91,1.068153081183401,140,232
306,153160260,2022-06-27,1.85,1.0473189942805592,140,233
307,152210100,2022-05-02,2.65,1.2947271675944,146,76
308,152210100,2022-05-09,2.26,1.1817271953786161,146,74
309,152210100,2022-06-28,1.43,0.8878912573524571,146,75
310,152210100,2022-07-21,0.49,0.3987761199573678,146,77
311,149200230,2022-06-03,124.0,4.8283137373023015,143,50
312,149190010,2022-06-03,1.1,0.7419373447293773,142,67
313,149190010,2022-06-26,1.81,1.0331844833456545,142,69
314,149190010,2022-07-01,0.83,0.6043159668533296,142,70
315,149190010,2022-07-18,0.52,0.41871033485818504,142,68
316,149180250,2022-06-26,1.57,0.9439058989071285,142,61
317,149180250,2022-07-01,0.88,0.6312717768418579,142,60
318,149180250,2022-07-18,0.58,0.4574248470388754,142,59
319,151210090,2022-06-03,9.41,2.3427668826268775,144,182
320,151210090,2022-06-28,13.7,2.6878474937846906,144,183
321,149190230,2022-06-03,68.9,4.247065649239764,141,203
322,149190230,2022-06-26,46.7,3.8649313978942956,141,205
323,149190230,2022-07-01,42.4,3.770459441106359,141,207
324,149190230,2022-07-18,16.5,2.8622008809294686,141,204
325,149190230,2022-07-21,14.1,2.714694743820879,141,206
326,154230030,2022-05-09,6.5,2.0149030205422647,147,219
327,150200160,2022-06-03,1.14,0.76080582903376,143,127
328,150200160,2022-06-26,1.76,1.0152306797290587,143,125
329,150200160,2022-07-01,0.92,0.6523251860396903,143,129
330,150200160,2022-07-21,0.48,0.3920420877760237,143,126
331,150200160,2022-07-28,0.68,0.5187937934151676,143,128
332,152180150,2022-05-05,13.1,2.6461747973841225,139,204
333,152180150,2022-05-10,9.46,2.347558458636777,139,202
334,152180150,2022-05-15,8.11,2.209372711271867,139,203
335,152180150,2022-06-19,5.15,1.8164520818184267,139,198
336,152180150,2022-06-24,5.8,1.916922612182061,139,200
337,152180150,2022-07-01,4.52,1.7083778602890038,139,199
338,152180150,2022-07-19,3.6,1.5260563034950494,139,201
339,151150140,2022-06-19,29.2,3.407841924380824,138,187
340,151150140,2022-07-19,17.3,2.9069010598473755,138,188
341,151210120,2022-05-09,417.0,6.035481432524756,141,240
342,151210120,2022-06-28,521.0,6.257667587882639,141,239
343,151210120,2022-07-28,260.0,5.564520407322694,141,238
344,153220260,2022-05-09,32.1,3.4995332823830174,145,214
345,149200090,2022-06-03,8.02,2.199444334074532,143,0
346,149200090,2022-06-26,9.63,2.363680192353857,142,249
347,149200090,2022-07-21,3.95,1.599387576580599,143,1
348,150200110,2022-06-03,4.52,1.7083778602890038,143,30
349,150200110,2022-06-26,3.74,1.556037135706985,143,27
350,150200110,2022-07-01,3.25,1.4469189829363254,143,28
351,150200110,2022-07-21,3.35,1.4701758451005928,143,29
352,150170220,2022-05-10,0.82,0.598836501088704,137,128
353,150170220,2022-06-19,0.7,0.5306282510621704,137,123
354,150170220,2022-06-24,0.61,0.4762341789963716,137,124
355,150170220,2022-06-26,0.82,0.598836501088704,137,127
356,150170220,2022-07-01,0.56,0.44468582126144574,137,126
357,150170220,2022-07-19,0.36,0.3074846997479606,137,121
358,150170220,2022-07-21,0.33,0.2851789422336624,137,125
359,150170220,2022-07-24,0.28,0.2468600779315258,137,122
360,153210220,2022-05-09,31.6,3.484312288372662,146,26
361,153210220,2022-07-01,19.4,3.0155349008501706,146,24
362,153210220,2022-07-21,13.9,2.7013612129514133,146,25
363,151230060,2022-06-20,53.8,4.00369019395397,146,92
364,151230060,2022-06-25,48.1,3.893859034800475,146,93
365,151230060,2022-07-20,27.7,3.3568971227655755,146,94
366,152150240,2022-05-15,22.9,3.173878458937465,141,15
367,152150240,2022-06-19,19.1,3.0007198150650303,141,11
368,152150240,2022-06-24,18.6,2.975529566236472,141,14
369,152150240,2022-07-14,15.5,2.803360380906535,141,12
370,152150240,2022-07-19,14.5,2.740840023925201,141,13
371,153150100,2022-06-19,7.93,2.189416394888408,141,9
372,153150100,2022-06-24,7.51,2.1412419425852827,141,8
373,153150100,2022-06-27,7.3,2.1162555148025524,141,10
374,153150100,2022-07-19,5.13,1.81319474994812,141,7
375,153150120,2022-06-24,2.74,1.3190856114264407,141,5
376,153150120,2022-06-27,2.65,1.2947271675944,141,6
377,153150170,2022-06-19,1.09,0.7371640659767197,141,27
378,153150170,2022-06-24,1.05,0.7178397931503169,141,25
379,153150170,2022-07-14,1.12,0.7514160886839212,141,24
380,153150170,2022-07-19,1.1,0.7419373447293773,141,26
381,153150070,2022-06-27,0.19,0.173953307123438,141,52
382,151160050,2022-06-19,2.75,1.3217558399823195,138,52
383,151160050,2022-06-27,7.87,2.1826747963214883,138,55
384,151160050,2022-07-19,1.44,0.8919980393051105,138,53
385,151160050,2022-07-24,1.64,0.9707789171582247,138,54
386,149220150,2022-05-16,2.54,1.264126727145683,143,206
387,149220150,2022-06-20,9.88,2.3869262414277967,143,205
388,149220150,2022-06-28,19.8,3.0349529867072724,143,208
389,149220150,2022-07-20,2.66,1.297463147413275,143,204
390,149220150,2022-07-23,2.3,1.1939224684724346,143,207
391,149220040,2022-06-03,106.0,4.672828834461906,143,219
392,149220040,2022-06-20,68.8,4.2456340097683265,143,221
393,149220040,2022-06-25,68.6,4.242764567340374,143,220
394,149220040,2022-06-28,71.0,4.276666119016055,143,222
395,149220040,2022-06-30,66.6,4.213607983048918,143,223
396,151180130,2022-06-26,20.5,3.068052935133617,139,79
397,151180130,2022-07-01,18.3,2.9601050959108397,139,80
398,153190100,2022-05-02,4.54,1.7119945007591926,147,64
399,153190100,2022-05-10,4.54,1.7119945007591926,147,63
400,153190100,2022-06-24,3.22,1.4398351280479205,147,61
401,153190100,2022-07-21,1.05,0.7178397931503169,147,62
402,150160140,2022-05-10,0.3,0.26236426446749106,138,7
403,150160140,2022-06-19,0.64,0.49469624183610705,138,8
404,150160140,2022-07-19,0.18,0.16551443847757338,138,9
405,153180140,2022-05-02,44.4,3.8155121050473024,147,58
406,153180140,2022-05-10,38.6,3.6788291182604347,147,57
407,153180140,2022-05-15,35.9,3.6082115510464816,147,59
408,153180140,2022-06-24,24.8,3.250374491927572,147,52
409,153180140,2022-06-26,24.4,3.2347491740244907,147,55
410,153180140,2022-07-01,23.0,3.1780538303479458,147,54
411,153180140,2022-07-14,18.1,2.9496883350525844,147,60
412,153180140,2022-07-19,16.2,2.8449093838194073,147,56
413,153180140,2022-07-21,16.2,2.8449093838194073,147,53
414,153220060,2022-05-09,13.0,2.639057329615259,145,247
415,153220060,2022-06-23,5.77,1.9125010869241836,145,246
416,153220060,2022-06-28,4.69,1.7387102481382395,145,248
417,153220060,2022-07-01,4.3,1.667706820558076,145,244
418,153220060,2022-07-21,4.41,1.6882490928583902,145,245
419,153230010,2022-05-09,10.9,2.4765384001174837,145,197
420,153230010,2022-05-16,9.16,2.318458442150336,145,198
421,153230010,2022-05-24,8.7,2.272125885509337,145,196
422,153230010,2022-06-10,14.4,2.7343675094195836,145,195
423,153180020,2022-05-02,1520.0,7.327123292259293,142,49
424,153180020,2022-06-19,1220.0,7.107425474110705,142,46
425,153180020,2022-06-24,1180.0,7.074116816197362,142,43
426,153180020,2022-07-01,1000.0,6.90875477931522,142,48
427,153180020,2022-07-14,849.0,6.745236349484362,142,44
428,153180020,2022-07-19,727.0,6.590301048196686,142,45
429,153180020,2022-07-21,639.0,6.461468176353717,142,47
430,152220050,2022-05-04,181.0,5.204006687076795,146,104
431,152220050,2022-05-09,160.0,5.081404364984463,146,105
432,152220050,2022-05-16,129.0,4.867534450455582,146,106
433,152220050,2022-06-10,182.0,5.209486152841421,146,108
434,152220050,2022-06-25,167.0,5.123963979403259,146,109
435,152220050,2022-06-28,158.0,5.0689042022202315,146,107
436,154170070,2022-05-18,8.44,2.2449559801574095,141,107
437,154170070,2022-06-24,6.36,1.9960599327407849,141,105
438,154170070,2022-07-19,4.87,1.769854633840005,141,106
439,152180010,2022-05-02,0.68,0.5187937934151676,140,191
440,152180010,2022-05-10,0.45,0.37156355643248307,140,190
441,152180010,2022-05-15,0.21,0.1906203596086497,140,189
442,152180010,2022-06-19,0.3,0.26236426446749106,140,183
443,152180010,2022-06-24,0.33,0.2851789422336624,140,187
444,152180010,2022-06-26,0.39,0.3293037471426004,140,184
445,152180010,2022-07-14,0.15,0.13976194237515868,140,186
446,152180010,2022-07-19,0.15,0.13976194237515868,140,188
447,152180010,2022-07-21,0.16,0.14842000511827327,140,185
448,151190070,2022-06-26,0.87,0.6259384308664953,146,207
449,151190070,2022-07-01,0.71,0.5364933705145685,146,208
450,150180220,2022-06-26,3.48,1.4996230464268938,137,95
451,150180220,2022-07-01,3.02,1.3912819026309298,137,96
452,151160060,2022-06-19,163.0,5.099866427824199,137,22
453,151160060,2022-06-24,148.0,5.003946305945459,137,23
454,151160060,2022-07-04,157.0,5.062595033026967,137,24
455,151160060,2022-07-19,79.8,4.39197696552705,137,25
456,150210110,2022-06-28,1.27,0.8197798314933114,143,196
457,150170070,2022-06-19,5.69,1.900613874140137,137,199
458,150170070,2022-07-19,4.25,1.6582280766035324,137,200
459,153150150,2022-06-19,0.33,0.2851789422336624,141,23
460,153150150,2022-06-24,0.34,0.29266961396282,141,22
461,153150150,2022-07-14,0.39,0.3293037471426004,141,20
462,153150150,2022-07-19,0.38,0.32208349916911333,141,21
463,152160150,2022-05-10,0.92,0.6523251860396903,140,79
464,152160150,2022-06-19,0.51,0.412109650826833,140,76
465,152160150,2022-06-24,0.56,0.44468582126144574,140,78
466,152160150,2022-07-14,0.31,0.27002713721306015,140,80
467,152160150,2022-07-19,0.26,0.23111172096338664,140,77
468,150160290,2022-05-10,0.39,0.3293037471426004,138,13
469,150160290,2022-06-19,0.39,0.3293037471426004,138,14
470,150160290,2022-07-19,0.18,0.16551443847757338,138,15
471,149180240,2022-06-26,10.6,2.451005098112319,141,187
472,149180240,2022-07-01,9.43,2.344686269012681,141,188
473,149210120,2022-06-03,5.37,1.851599469584072,144,121
474,149210120,2022-06-20,2.55,1.2669476034873244,144,122
475,149210120,2022-06-28,2.13,1.1410330045520618,144,123
476,149210120,2022-06-30,1.89,1.0612565021243408,144,124
477,153150090,2022-06-24,1.18,0.7793248768009976,141,43
478,153150090,2022-06-27,1.15,0.7654678421395714,141,44
479,150190270,2022-06-03,0.81,0.5933268452777344,142,127
480,150190270,2022-06-26,0.86,0.6205764877251099,142,126
481,150190270,2022-07-01,0.56,0.44468582126144574,142,124
482,150190270,2022-07-18,0.45,0.37156355643248307,142,125
483,153140090,2022-07-20,4.44,1.6937790608678513,141,41
484,154220110,2022-06-23,1.43,0.8878912573524571,147,208
485,154220110,2022-06-28,1.48,0.9082585601768908,147,209
486,154220110,2022-07-21,1.24,0.8064758658669485,147,210
487,149200190,2022-05-19,21.6,3.1179499062782403,143,45
488,149180040,2022-06-26,0.66,0.5068176023684519,137,69
489,149180040,2022-07-01,0.58,0.4574248470388754,137,70
490,149200190,2022-07-03,37.2,3.6428355156125294,143,46
491,154180060,2022-06-24,2.46,1.2412685890696329,147,135
492,154180060,2022-07-19,2.45,1.2383742310432684,147,134
493,149210020,2022-06-03,5.92,1.9344157696295783,143,186
494,149210020,2022-06-28,1.14,0.76080582903376,143,187
495,150220060,2022-06-03,6.29,1.986503546020567,144,128
496,150220060,2022-06-08,4.72,1.7439688053917064,144,131
497,150220060,2022-06-13,3.62,1.5303947050936475,144,129
498,150220060,2022-06-20,3.1,1.410986973710262,144,125
499,150220060,2022-06-25,2.92,1.366091653802371,144,126
500,150220060,2022-06-28,3.53,1.5107219394949427,144,130
501,150220060,2022-06-30,2.99,1.3837912309017721,144,127
502,150220060,2022-07-20,1.17,0.7747271675523681,144,132
503,152180020,2022-05-02,1.59,0.9516578757114464,140,200
504,152180020,2022-05-10,1.53,0.9282193027394289,140,199
505,152180020,2022-05-15,1.59,0.9516578757114464,140,198
506,152180020,2022-06-19,0.31,0.27002713721306015,140,192
507,152180020,2022-06-24,0.46,0.3784364357202451,140,194
508,152180020,2022-06-26,0.85,0.6151856390902335,140,193
509,152180020,2022-07-01,0.63,0.48858001481867097,140,197
510,152180020,2022-07-14,0.56,0.44468582126144574,140,201
511,152180020,2022-07-19,0.45,0.37156355643248307,140,196
512,152180020,2022-07-21,0.34,0.29266961396282,140,195
513,151180070,2022-05-10,0.52,0.41871033485818504,140,1
514,151180070,2022-05-15,0.46,0.3784364357202451,140,0
515,151180070,2022-06-19,0.4,0.33647223662121295,139,243
516,151180070,2022-06-24,0.39,0.3293037471426004,139,246
517,151180070,2022-06-26,0.39,0.3293037471426004,139,245
518,151180070,2022-06-29,0.33,0.2851789422336624,139,244
519,151180070,2022-07-01,0.33,0.2851789422336624,139,247
520,151180070,2022-07-19,0.25,0.22314355131420976,139,248
521,151180070,2022-07-24,0.24,0.2151113796169455,139,249
522,152150040,2022-05-15,215.0,5.375278407684165,139,165
523,152150040,2022-06-19,141.0,4.955827057601261,139,164
524,152150040,2022-06-24,150.0,5.017279836814924,139,162
525,152150040,2022-07-14,118.0,4.77912349311153,139,161
526,152150040,2022-07-19,105.0,4.663439094112067,139,163
527,150160100,2022-05-10,3.84,1.5769147207285403,137,194
528,150160100,2022-06-19,3.29,1.4562867329399256,137,192
529,150160100,2022-07-19,1.76,1.0152306797290587,137,193
530,152150140,2022-05-15,71.6,4.28496492183075,140,181
531,152150140,2022-06-19,59.6,4.104294893075269,140,178
532,152150140,2022-06-24,58.5,4.085976312551584,140,180
533,152150140,2022-07-14,44.2,3.8110970868381857,140,179
534,152150140,2022-07-19,38.0,3.6635616461296463,140,182
535,152140020,2022-06-10,372.0,5.921578419643816,137,49
536,152140020,2022-06-22,378.0,5.937536205082426,137,47
537,152140020,2022-07-20,269.0,5.598421958998375,137,50
538,152140020,2022-07-25,245.0,5.5053315359323625,137,48
539,150230070,2022-06-20,3.55,1.515127232962859,146,119
540,150230070,2022-06-25,4.93,1.780024213009634,146,121
541,150230070,2022-07-20,0.95,0.6678293725756554,146,120
542,149180120,2022-06-26,1.86,1.0508216248317612,142,57
543,149180120,2022-07-01,1.56,0.9400072584914712,142,58
544,151180180,2022-06-26,3.37,1.4747630091074988,139,186
545,151180180,2022-07-01,2.83,1.3428648031925547,139,187
546,154160060,2022-06-24,5.06,1.801709800081223,141,99
547,154160060,2022-06-27,4.91,1.776645831418007,141,100
548,154160060,2022-07-12,4.98,1.7884205679625405,141,98
549,150180080,2022-06-19,1.77,1.0188473201992472,137,90
550,150180080,2022-06-24,1.6,0.9555114450274365,137,88
551,150180080,2022-06-26,1.82,1.0367368849500223,137,89
552,150180080,2022-07-01,1.39,0.8712933659434192,137,91
553,150180080,2022-07-19,1.12,0.7514160886839212,137,87
554,150180080,2022-07-24,1.12,0.7514160886839212,137,92
555,150210200,2022-06-03,18.5,2.970414465569701,143,202
556,150210200,2022-06-20,6.83,2.057962510002712,143,201
557,150210200,2022-06-25,5.22,1.827769906751088,143,203
558,150210200,2022-06-28,6.7,2.0412203288596382,143,200
559,153230160,2022-05-04,0.91,0.6471032420585385,145,186
560,153230160,2022-05-16,0.69,0.5247285289349821,145,187
561,153230160,2022-05-24,0.58,0.4574248470388754,145,185
562,153180100,2022-05-02,1580.0,7.3658128372094716,142,53
563,153180100,2022-06-24,1260.0,7.139660335964919,142,52
564,149200310,2022-05-19,1.74,1.007957920399979,143,103
565,149200310,2022-06-03,4.8,1.7578579175523736,143,102
566,151150110,2022-06-19,4.05,1.6193882432872684,139,0
567,151150110,2022-06-27,6.75,2.0476928433652555,138,247
568,151150110,2022-07-19,1.79,1.0260415958332743,138,249
569,151150110,2022-07-24,1.63,0.9669838461896731,138,248
570,152180140,2022-05-05,1.56,0.9400072584914712,139,205
571,152180140,2022-05-10,1.13,0.7561219797213337,139,206
572,152180140,2022-06-19,0.46,0.3784364357202451,139,207
573,152180140,2022-06-24,0.4,0.33647223662121295,139,208
574,152180140,2022-06-26,0.38,0.32208349916911333,139,211
575,152180140,2022-07-01,0.28,0.2468600779315258,139,209
576,152180140,2022-07-19,0.18,0.16551443847757338,139,210
577,151140010,2022-06-22,19.2,3.005682604407159,139,41
578,151210050,2022-05-09,502.0,6.220590170099739,141,246
579,151210050,2022-06-26,581.0,6.366470447731438,141,245
580,151210050,2022-06-28,553.0,6.317164686747284,141,242
581,151210050,2022-07-01,649.0,6.476972362889683,141,243
582,151210050,2022-07-21,328.0,5.796057750765372,141,244
583,151210050,2022-07-28,295.0,5.69035945432406,141,241
584,153160200,2022-05-08,3.88,1.5851452198650557,140,216
585,153160200,2022-05-18,3.8,1.5686159179138452,140,215
586,153160200,2022-06-19,3.21,1.43746264769429,140,213
587,153160200,2022-06-24,3.11,1.4134230285081433,140,214
588,153230130,2022-05-09,1.63,0.9669838461896731,145,221
589,153230130,2022-06-10,1.45,0.8960880245566356,145,220
590,150220050,2022-06-03,26.4,3.3105430133940246,144,145
591,150220050,2022-06-08,18.9,2.990719731730447,144,150
592,150220050,2022-06-20,11.5,2.5257286443082556,144,147
593,150220050,2022-06-25,12.1,2.5726122302071057,144,146
594,150220050,2022-06-28,15.4,2.797281334830153,144,148
595,150220050,2022-06-30,13.8,2.6946271807700692,144,149
596,150220050,2022-07-20,7.21,2.105352923464337,144,151
597,149220070,2022-06-03,6.43,2.005525858729668,144,37
598,149220070,2022-06-20,1.56,0.9400072584914712,144,35
599,149220070,2022-06-28,2.52,1.2584609896100059,144,36
600,149220070,2022-07-23,0.42,0.35065687161316933,144,34
601,152220060,2022-05-04,1.14,0.76080582903376,146,140
602,152220060,2022-05-09,1.06,0.7227059828014898,146,141
603,152220060,2022-05-16,0.99,0.688134638736401,146,138
604,152220060,2022-06-28,0.86,0.6205764877251099,146,139
605,153200010,2022-05-02,2.3,1.1939224684724346,147,37
606,153200010,2022-05-10,1.72,1.000631880307906,147,36
607,153200010,2022-06-24,1.48,0.9082585601768908,147,34
608,153200010,2022-07-21,1.41,0.8796267475025636,147,35
609,151150030,2022-06-19,0.41,0.3435897043900769,139,25
610,151150030,2022-06-22,0.44,0.36464311358790924,139,22
611,151150030,2022-06-24,0.4,0.33647223662121295,139,23
612,151150030,2022-07-04,0.37,0.31481073984003355,139,26
613,151150030,2022-07-19,0.24,0.2151113796169455,139,24
614,149210140,2022-06-03,2.62,1.2864740258376797,144,118
615,149210140,2022-06-20,1.01,0.6981347220709844,144,119
616,149210140,2022-06-28,0.86,0.6205764877251099,144,120
617,149180130,2022-05-19,1.19,0.7839015438284094,137,57
618,149180130,2022-06-03,0.93,0.6575200029167942,137,60
619,149180130,2022-07-01,0.46,0.3784364357202451,137,58
620,149180130,2022-07-03,0.42,0.35065687161316933,137,55
621,149180130,2022-07-18,0.25,0.22314355131420976,137,56
622,149180130,2022-07-21,0.22,0.1988508587451652,137,59
623,149190240,2022-05-19,2.37,1.2149127443642704,147,231
624,149190250,2022-05-19,0.97,0.6780335427498971,147,235
625,149190240,2022-07-03,1.26,0.8153648132841945,147,232
626,149190250,2022-07-03,0.42,0.35065687161316933,147,236
627,149190240,2022-07-18,0.52,0.41871033485818504,147,233
628,149190250,2022-07-18,0.24,0.2151113796169455,147,237
629,149190240,2022-07-21,0.47,0.3852624007906449,147,234
630,149190250,2022-07-21,0.23,0.20701416938432615,147,238
631,152210140,2022-05-09,1.98,1.091923300517313,146,161
632,152210140,2022-06-28,1.88,1.0577902941478545,146,160
633,150200130,2022-06-26,105.0,4.663439094112067,141,215
634,150200130,2022-07-01,99.7,4.612145799724517,141,217
635,150200130,2022-07-21,50.6,3.9435216724875173,141,216
636,149200200,2022-06-03,4.66,1.7334238922150915,143,101
637,150150030,2022-06-19,0.26,0.23111172096338664,138,217
638,150150030,2022-06-27,0.52,0.41871033485818504,138,219
639,150150030,2022-07-19,0.15,0.13976194237515868,138,218
640,150150030,2022-07-24,0.13,0.12221763272424921,138,220
641,153230120,2022-05-09,9.32,2.334083760053417,147,222
642,153230120,2022-05-24,8.28,2.2278615467981093,147,221
643,153230120,2022-06-10,7.34,2.1210632163706555,147,220
644,150190350,2022-06-03,3.65,1.536867219599265,145,94
645,150190350,2022-06-26,3.99,1.6074359097634274,145,93
646,150190350,2022-07-01,2.93,1.3686394258811698,145,90
647,150190350,2022-07-21,0.89,0.636576829071551,145,91
648,150190350,2022-07-28,1.5,0.9162907318741551,145,92
649,151160190,2022-05-10,4.92,1.7783364488959144,138,6
650,151160190,2022-06-19,4.85,1.766441661243765,138,4
651,151160190,2022-07-19,4.6,1.7227665977411035,138,5
652,150170080,2022-06-19,0.92,0.6523251860396903,137,119
653,150170080,2022-07-19,0.44,0.36464311358790924,137,120
654,150220100,2022-06-03,183.0,5.214935757608986,143,232
655,150220100,2022-06-08,97.2,4.58700621536042,143,237
656,150220100,2022-06-13,158.0,5.0689042022202315,143,231
657,150220100,2022-06-20,89.3,4.5031374604229395,143,236
658,150220100,2022-06-25,86.2,4.468204330914934,143,233
659,150220100,2022-06-28,102.0,4.634728988229636,143,235
660,150220100,2022-07-20,26.2,3.3032169733019514,143,234
661,149210080,2022-06-03,15.6,2.8094026953624973,143,194
662,149210080,2022-06-20,4.27,1.6620303625532709,143,193
663,149210080,2022-06-28,3.52,1.5085119938441398,143,195
664,149190060,2022-06-03,19.2,3.005682604407159,141,190
665,149190060,2022-06-26,12.7,2.617395832834079,141,192
666,149190060,2022-07-01,10.3,2.424802725718295,141,191
667,149190060,2022-07-18,2.25,1.1786549963416462,141,189
668,151160090,2022-06-19,0.99,0.688134638736401,138,62
669,151160090,2022-06-27,2.61,1.2837077723447896,138,63
670,151160090,2022-07-19,0.47,0.3852624007906449,138,61
671,151160090,2022-07-24,0.43,0.3576744442718159,138,60
672,150150070,2022-06-19,6.53,2.018895041811802,138,225
673,150150080,2022-06-19,14.6,2.747270914255491,138,179
674,150150070,2022-06-27,10.5,2.4423470353692043,138,226
675,150150080,2022-06-27,23.0,3.1780538303479458,138,180
676,150150070,2022-07-19,4.92,1.7783364488959144,138,227
677,150150080,2022-07-19,11.0,2.4849066497880004,138,181
678,150150070,2022-07-24,3.5,1.5040773967762742,138,228
679,150150080,2022-07-24,7.73,2.166765369851511,138,182
680,150190180,2022-06-03,13.4,2.667228206581955,142,102
681,150190180,2022-06-26,12.9,2.631888840136646,142,104
682,150190180,2022-07-01,11.9,2.5572273113676265,142,105
683,150190180,2022-07-18,8.7,2.272125885509337,142,103
684,149190290,2022-06-03,1.19,0.7839015438284094,142,191
685,149190290,2022-06-26,0.81,0.5933268452777344,142,192
686,149190290,2022-07-21,0.26,0.23111172096338664,142,193
687,150160060,2022-06-19,2.2,1.1631508098056809,137,243
688,150160060,2022-07-19,0.7,0.5306282510621704,137,245
689,150160060,2022-07-24,0.58,0.4574248470388754,137,244
690,154220050,2022-06-23,1.16,0.7701082216960736,147,205
691,154220050,2022-06-28,1.08,0.7323678937132266,147,206
692,154220050,2022-07-21,0.87,0.6259384308664953,147,207
693,153200030,2022-05-02,6.72,2.0438143640366846,147,161
694,153200030,2022-05-10,5.76,1.9110228900548727,147,160
695,153200030,2022-06-24,3.76,1.5602476682433286,147,159
696,153200030,2022-07-21,2.71,1.3110318766193438,147,158
697,149220110,2022-05-16,1.03,0.708035793053696,144,31
698,149220110,2022-06-20,3.59,1.5238800240724537,144,29
699,149220110,2022-06-28,8.68,2.2700619012884857,144,30
700,149220110,2022-07-20,0.9,0.6418538861723948,144,33
701,149220110,2022-07-23,0.78,0.5766133643039938,144,32
702,149190020,2022-06-03,1.74,1.007957920399979,142,168
703,149190020,2022-06-26,2.83,1.3428648031925547,142,170
704,149190020,2022-07-01,1.14,0.76080582903376,142,169
705,149190020,2022-07-03,0.89,0.636576829071551,142,166
706,149190020,2022-07-18,0.27,0.23901690047049992,142,167
707,150160270,2022-05-10,0.54,0.43178241642553783,137,198
708,150160270,2022-06-19,0.77,0.5709795465857378,137,195
709,150160270,2022-06-26,0.89,0.636576829071551,137,197
710,150160270,2022-07-19,0.28,0.2468600779315258,137,196
711,150160010,2022-06-19,2.08,1.1249295969854831,138,171
712,150160010,2022-06-27,3.53,1.5107219394949427,138,173
713,150160010,2022-07-19,1.49,0.9122827104766162,138,172
714,150160010,2022-07-24,1.22,0.7975071958841881,138,174
715,150180010,2022-05-10,0.29,0.2546422183735807,137,109
716,150180010,2022-06-19,0.27,0.23901690047049992,137,113
717,150180010,2022-06-26,0.28,0.2468600779315258,137,114
718,150180010,2022-07-01,0.22,0.1988508587451652,137,110
719,150180010,2022-07-19,0.17,0.15700374880966475,137,111
720,150180010,2022-07-24,0.15,0.13976194237515868,137,112
721,151160220,2022-05-10,0.87,0.6259384308664953,138,125
722,151160220,2022-05-15,0.68,0.5187937934151676,138,124
723,151160220,2022-06-19,0.39,0.3293037471426004,138,121
724,151160220,2022-06-24,0.51,0.412109650826833,138,122
725,151160220,2022-07-19,0.11,0.10436001532424277,138,123
726,150170150,2022-05-10,3.18,1.430311246536665,137,208
727,150170150,2022-06-19,2.19,1.1600209167967532,137,210
728,150170150,2022-06-26,2.89,1.358409157630355,137,212
729,150170150,2022-07-19,0.69,0.5247285289349821,137,209
730,150170150,2022-07-21,0.64,0.49469624183610705,137,211
731,153230020,2022-05-09,3.39,1.47932922708708,145,226
732,153230020,2022-05-24,2.49,1.2499017362143359,145,225
733,150200150,2022-06-03,290.0,5.673323267171493,141,221
734,150200150,2022-06-26,196.0,5.2832037287379885,141,218
735,150200150,2022-07-01,199.0,5.298317366548036,141,219
736,150200150,2022-07-21,118.0,4.77912349311153,141,220
737,149200040,2022-06-03,4.9,1.7749523509116738,142,244
738,149200040,2022-06-26,5.61,1.888583653863595,142,245
739,149200040,2022-07-21,1.94,1.0784095813505903,142,243
740,151210080,2022-06-28,3.59,1.5238800240724537,144,196
741,152190120,2022-07-01,1050.0,6.957497370876951,142,22
742,152190120,2022-07-21,602.0,6.401917196727186,142,23
743,152200010,2022-06-11,6.43,2.005525858729668,146,215
744,152200010,2022-06-26,5.29,1.8389610707123492,146,212
745,152200010,2022-07-01,4.65,1.7316555451583495,146,214
746,152200010,2022-07-13,3.23,1.4422019930581866,146,213
747,152200010,2022-07-21,2.55,1.2669476034873244,146,216
748,152200010,2022-07-28,3.34,1.4678743481123135,146,217
749,154220100,2022-05-24,0.38,0.32208349916911333,147,216
750,154220100,2022-07-21,0.38,0.32208349916911333,147,215
751,149210030,2022-06-03,13.2,2.653241964607215,143,180
752,149210030,2022-06-28,4.72,1.7439688053917064,143,181
753,152190060,2022-05-02,3.39,1.47932922708708,146,237
754,152190060,2022-05-10,2.4,1.2237754316221157,146,236
755,152190060,2022-05-15,1.9,1.0647107369924282,146,235
756,152190060,2022-06-19,0.74,0.5538851132264376,146,229
757,152190060,2022-06-24,0.99,0.688134638736401,146,230
758,152190060,2022-06-26,1.31,0.8372475245337022,146,231
759,152190060,2022-07-01,0.99,0.688134638736401,146,233
760,152190060,2022-07-14,0.54,0.43178241642553783,146,234
761,152190060,2022-07-19,0.39,0.3293037471426004,146,232
762,150160180,2022-06-19,13.9,2.7013612129514133,137,158
763,150160180,2022-07-19,6.47,2.010894999144726,137,159
764,151190080,2022-06-26,2.63,1.2892326482767593,145,106
765,151190080,2022-07-01,1.96,1.085189268335969,145,103
766,151190080,2022-07-21,1.33,0.8458682675776092,145,104
767,151190080,2022-07-28,1.52,0.924258901523332,145,105
768,152180120,2022-05-05,67.5,4.22683374526818,139,111
769,152180120,2022-05-10,51.0,3.9512437185814275,139,109
770,152180120,2022-05-15,42.7,3.7773481021015445,139,107
771,150210150,2022-06-03,504.0,6.22455842927536,141,225
772,152180120,2022-06-19,42.2,3.765840495250065,139,104
773,152180120,2022-06-24,47.4,3.8794998137225862,139,105
774,152180120,2022-06-26,47.7,3.885679030088544,139,106
775,150210150,2022-06-28,284.0,5.652489180268651,141,224
776,152180120,2022-07-01,46.1,3.8522730010223722,139,110
777,152180120,2022-07-19,24.5,3.2386784521643803,139,108
778,149190280,2022-05-19,1.85,1.0473189942805592,143,33
779,149190280,2022-07-03,5.76,1.9110228900548727,143,32
780,149190280,2022-07-21,5.44,1.8625285401162623,143,31
781,152160060,2022-05-15,1.19,0.7839015438284094,140,75
782,152160060,2022-06-19,0.65,0.5007752879124893,140,69
783,152160060,2022-06-22,0.6,0.4700036292457356,140,70
784,152160060,2022-06-24,0.57,0.4510756193602167,140,73
785,152160060,2022-06-27,0.5,0.4054651081081644,140,71
786,152160060,2022-07-19,0.24,0.2151113796169455,140,72
787,152160060,2022-07-27,0.22,0.1988508587451652,140,74
788,150170100,2022-05-10,23.7,3.2068032436339315,137,170
789,150170100,2022-06-19,28.3,3.3775875160230218,137,172
790,150170100,2022-06-26,43.6,3.7977338590260183,137,168
791,150170100,2022-07-19,22.9,3.173878458937465,137,169
792,150170100,2022-07-21,23.7,3.2068032436339315,137,171
793,150210160,2022-06-03,3.24,1.4445632692438664,143,199
794,150210160,2022-06-28,2.15,1.1474024528375417,143,198
795,151160200,2022-05-10,4.16,1.6409365794934714,138,130
796,151160200,2022-05-15,3.11,1.4134230285081433,138,127
797,151160200,2022-06-19,2.14,1.144222799920162,138,126
798,151160200,2022-06-24,1.97,1.0885619528146082,138,128
799,151160200,2022-07-19,0.72,0.5423242908253616,138,129
800,154160120,2022-05-18,8.99,2.301584592660462,141,83
801,154160120,2022-06-24,7.59,2.150598735996164,141,81
802,154160120,2022-06-27,7.65,2.157559320943788,141,82
803,154160120,2022-07-19,6.93,2.0706530356467567,141,80
804,154160030,2022-06-24,0.96,0.6729444732424258,141,70
805,154160030,2022-06-27,0.93,0.6575200029167942,141,68
806,154160030,2022-07-02,0.86,0.6205764877251099,141,71
807,154160030,2022-07-12,0.81,0.5933268452777344,141,69
808,149200320,2022-06-03,16.3,2.8507065015037334,143,105
809,152160090,2022-05-15,3.16,1.425515074273172,140,63
810,152160090,2022-06-19,1.0,0.6931471805599453,140,58
811,152160090,2022-06-22,0.96,0.6729444732424258,140,61
812,152160090,2022-06-24,0.9,0.6418538861723948,140,62
813,152160090,2022-06-27,0.79,0.5822156198526637,140,59
814,152160090,2022-07-19,0.31,0.27002713721306015,140,60
815,152160090,2022-07-27,0.47,0.3852624007906449,140,64
816,152180110,2022-05-05,2.09,1.128171090909654,139,219
817,152180110,2022-05-10,1.68,0.9858167945227653,139,218
818,152180110,2022-05-15,1.41,0.8796267475025636,139,217
819,152180110,2022-06-19,1.06,0.7227059828014898,139,212
820,152180110,2022-06-24,1.12,0.7514160886839212,139,215
821,152180110,2022-06-26,1.18,0.7793248768009976,139,214
822,152180110,2022-07-01,0.89,0.636576829071551,139,216
823,152180110,2022-07-19,0.5,0.4054651081081644,139,213
824,149190300,2022-05-19,0.45,0.37156355643248307,143,55
825,149190300,2022-07-03,2.72,1.3137236682850553,143,54
826,149190300,2022-07-21,3.26,1.449269160281279,143,53
827,151220010,2022-05-09,51.0,3.9512437185814275,144,229
828,151220010,2022-06-28,51.9,3.9684033388642534,144,227
829,151220010,2022-07-28,27.6,3.353406717825807,144,228
830,152160110,2022-06-19,4.75,1.749199854809259,140,93
831,152160110,2022-06-24,6.48,2.012232791986386,140,94
832,152160110,2022-06-27,6.12,1.9629077254238845,140,96
833,152160110,2022-07-19,2.44,1.235471471385307,140,95
834,150150110,2022-06-19,0.34,0.29266961396282,138,213
835,150150110,2022-06-27,0.94,0.6626879730752367,138,216
836,150150110,2022-07-19,0.15,0.13976194237515868,138,214
837,150150110,2022-07-24,0.2,0.18232155679395462,138,215
838,149210050,2022-06-03,61.2,4.130354999745133,143,170
839,149210050,2022-06-28,16.5,2.8622008809294686,143,171
840,150160120,2022-05-10,3.16,1.425515074273172,137,248
841,150160120,2022-06-19,6.26,1.9823798288367047,137,249
842,150160120,2022-07-19,2.35,1.208960345836975,138,0
843,153210020,2022-05-02,9.25,2.327277705584417,146,81
844,153210020,2022-05-09,6.54,2.020222182019865,146,80
845,153210020,2022-06-28,3.82,1.5727739280625088,146,79
846,153210020,2022-07-21,1.96,1.085189268335969,146,78
847,150230040,2022-06-20,11.2,2.501435951739211,144,216
848,150230040,2022-06-25,13.9,2.7013612129514133,144,217
849,150230040,2022-06-28,14.8,2.760009940032921,144,218
850,150230040,2022-07-20,9.73,2.373043556642607,144,215
851,151180060,2022-05-05,1.09,0.7371640659767197,140,39
852,151180060,2022-05-10,0.91,0.6471032420585385,140,40
853,151180060,2022-06-19,0.58,0.4574248470388754,140,35
854,151180060,2022-06-24,0.67,0.5128236264286637,140,36
855,151180060,2022-06-26,0.83,0.6043159668533296,140,41
856,151180060,2022-07-01,0.5,0.4054651081081644,140,37
857,151180060,2022-07-19,0.21,0.1906203596086497,140,38
858,154160090,2022-05-18,2.72,1.3137236682850553,141,96
859,154160090,2022-06-24,2.57,1.2725655957915476,141,95
860,154160090,2022-06-27,2.53,1.2612978709452054,141,97
861,153180060,2022-06-24,4.82,1.7613002617433464,147,114
862,149210090,2022-06-03,5.52,1.8748743759385615,143,164
863,149210090,2022-06-20,1.53,0.9282193027394289,143,166
864,149210090,2022-06-28,1.14,0.76080582903376,143,167
865,149210090,2022-07-20,0.22,0.1988508587451652,143,165
866,150190240,2022-06-03,0.84,0.6097655716208943,139,71
867,150190240,2022-06-26,0.8,0.5877866649021191,139,69
868,150190240,2022-07-01,0.63,0.48858001481867097,139,70
869,150190240,2022-07-28,0.6,0.4700036292457356,139,68
870,154170020,2022-05-18,0.39,0.3293037471426004,141,121
871,154170020,2022-06-24,0.34,0.29266961396282,141,120
872,149210110,2022-06-03,28.2,3.374168709274236,144,98
873,149210110,2022-06-20,7.86,2.1815467646169897,144,96
874,154200020,2022-06-24,1.44,0.8919980393051105,147,165
875,154200020,2022-06-26,1.4,0.8754687373538999,147,166
876,149210110,2022-06-28,4.74,1.747459210331475,144,99
877,149210110,2022-06-30,3.92,1.5933085305042167,144,97
878,154200020,2022-07-21,1.05,0.7178397931503169,147,167
879,149220170,2022-05-16,1.41,0.8796267475025636,147,230
880,149200160,2022-05-19,16.5,2.8622008809294686,143,43
881,149220170,2022-06-20,2.75,1.3217558399823195,147,226
882,149220170,2022-06-28,3.75,1.55814461804655,147,227
883,149200160,2022-07-03,34.2,3.5610460826040513,143,42
884,149220170,2022-07-20,0.94,0.6626879730752367,147,228
885,149200160,2022-07-21,33.3,3.535145354171894,143,44
886,149220170,2022-07-23,0.87,0.6259384308664953,147,229
887,149220200,2022-06-03,14.7,2.7536607123542622,144,54
888,149220200,2022-06-08,6.85,2.060513531794317,144,55
889,149220200,2022-06-13,7.52,2.1424163408412245,144,56
890,149220200,2022-06-20,5.54,1.8779371654691073,144,52
891,149220200,2022-06-25,5.5,1.8718021769015913,144,53
892,149220200,2022-06-28,5.87,1.927164106234258,144,57
893,149220200,2022-07-20,2.24,1.1755733298042381,144,58
894,152200090,2022-06-11,5.06,1.801709800081223,146,218
895,152200090,2022-06-26,4.28,1.66392609771817,146,219
896,152200090,2022-07-01,2.93,1.3686394258811698,146,220
897,152200090,2022-07-21,1.98,1.091923300517313,146,221
898,152200090,2022-07-28,2.17,1.1537315878891892,146,222
899,153210010,2022-05-09,8.9,2.2925347571405443,146,60
900,153210010,2022-06-23,6.78,2.0515563381903004,146,61
901,153210010,2022-06-28,6.1,1.9600947840472698,146,65
902,153210010,2022-07-01,5.68,1.8991179875485544,146,64
903,153210010,2022-07-03,5.4,1.8562979903656263,146,62
904,153210010,2022-07-21,4.57,1.7173950539391927,146,63
905,150180190,2022-06-26,3.55,1.515127232962859,137,129
906,150180190,2022-07-01,2.56,1.269760544863939,137,130
907,150240020,2022-06-20,31.4,3.4781584227982836,146,88
908,150240020,2022-07-20,17.4,2.91235066461494,146,89
909,150230030,2022-06-20,1.87,1.0543120297715298,144,233
910,150230030,2022-06-25,2.41,1.2267122912954256,144,234
911,150230030,2022-06-28,2.16,1.1505720275988207,144,235
912,150230030,2022-07-20,1.12,0.7514160886839212,144,236
913,149190350,2022-06-03,0.83,0.6043159668533296,143,12
914,149190350,2022-06-26,0.76,0.5653138090500605,143,13
915,149190350,2022-07-21,0.29,0.2546422183735807,143,14
916,152230080,2022-05-09,124.0,4.8283137373023015,146,99
917,152230080,2022-05-16,105.0,4.663439094112067,146,100
918,150170210,2022-05-10,0.86,0.6205764877251099,137,213
919,150170210,2022-06-19,0.79,0.5822156198526637,137,217
920,150170210,2022-06-24,0.72,0.5423242908253616,137,214
921,150170210,2022-06-26,0.89,0.636576829071551,137,215
922,150170210,2022-07-19,0.22,0.1988508587451652,137,216
923,150170210,2022-07-21,0.21,0.1906203596086497,137,218
924,150170210,2022-07-24,0.2,0.18232155679395462,137,219
925,152160010,2022-05-15,45.5,3.839452312593311,140,172
926,152160010,2022-06-19,37.0,3.6375861597263857,140,168
927,152160010,2022-06-24,36.8,3.632309102625542,140,170
928,152160010,2022-07-14,27.5,3.349904087274605,140,169
929,152160010,2022-07-19,24.4,3.2347491740244907,140,171
930,151170010,2022-05-10,4.75,1.749199854809259,138,42
931,151170010,2022-06-19,3.41,1.4838746894587547,138,39
932,149180010,2022-06-26,54.7,4.019980146933238,137,3
933,151170010,2022-06-26,4.15,1.6389967146756448,138,40
934,149180010,2022-07-01,44.1,3.8088822465086327,137,4
935,151170010,2022-07-19,1.24,0.8064758658669485,138,43
936,151170010,2022-07-21,1.2,0.7884573603642702,138,41
937,153220150,2022-05-09,8.54,2.255493485460195,145,235
938,153220150,2022-06-23,3.04,1.3962446919730587,145,236
939,153220150,2022-06-28,2.56,1.269760544863939,145,233
940,153220150,2022-07-01,1.78,1.0224509277025458,145,232
941,153220150,2022-07-21,0.75,0.5596157879354227,145,234
942,150160040,2022-06-19,0.67,0.5128236264286637,141,169
943,150160040,2022-07-19,0.24,0.2151113796169455,141,170
944,151190010,2022-06-26,6.93,2.0706530356467567,139,168
945,151190010,2022-07-01,5.29,1.8389610707123492,139,169
946,153220230,2022-05-09,0.82,0.598836501088704,145,209
947,153220230,2022-05-24,0.88,0.6312717768418579,145,210
948,153150030,2022-06-27,0.16,0.14842000511827327,141,51
949,153190130,2022-05-02,6.8,2.0541237336955462,147,72
950,153190130,2022-05-10,5.94,1.937301774518713,147,71
951,153190130,2022-06-24,4.98,1.7884205679625405,147,69
952,153190130,2022-07-21,3.52,1.5085119938441398,147,70
953,150210090,2022-06-03,4.67,1.7351891177396608,144,180
954,150210090,2022-06-28,11.0,2.4849066497880004,144,181
955,151160010,2022-06-19,0.14,0.1310282624064041,138,161
956,151160010,2022-06-22,0.14,0.1310282624064041,138,159
957,151160010,2022-06-24,0.14,0.1310282624064041,138,158
958,151160010,2022-07-04,0.13,0.12221763272424921,138,162
959,151160010,2022-07-19,0.08,0.07696104113612832,138,160
960,151180030,2022-05-10,1.12,0.7514160886839212,140,29
961,151180030,2022-05-15,0.96,0.6729444732424258,140,33
962,151180030,2022-06-19,0.67,0.5128236264286637,140,27
963,151180030,2022-06-24,0.67,0.5128236264286637,140,32
964,151180030,2022-06-26,0.85,0.6151856390902335,140,30
965,151180030,2022-07-01,0.57,0.4510756193602167,140,28
966,151180030,2022-07-19,0.33,0.2851789422336624,140,31
967,151180030,2022-07-24,0.29,0.2546422183735807,140,34
968,150190210,2022-06-03,0.46,0.3784364357202451,142,106
969,150190210,2022-06-26,0.67,0.5128236264286637,142,108
970,150190210,2022-07-01,0.15,0.13976194237515868,142,109
971,150190210,2022-07-18,0.05,0.04879016416943201,142,107
972,152190050,2022-05-05,1.89,1.0612565021243408,146,195
973,152190050,2022-05-10,1.64,0.9707789171582247,146,193
974,152190050,2022-05-15,1.39,0.8712933659434192,146,194
975,152190050,2022-06-19,1.08,0.7323678937132266,146,188
976,152190050,2022-06-24,1.31,0.8372475245337022,146,190
977,152190050,2022-06-26,1.6,0.9555114450274365,146,189
978,152190050,2022-07-01,1.16,0.7701082216960736,146,191
979,152190050,2022-07-19,0.54,0.43178241642553783,146,192
980,153180130,2022-05-02,2.59,1.2781522025001875,147,146
981,153180130,2022-06-24,1.92,1.0715836162801904,147,145
982,154170040,2022-05-18,0.49,0.3987761199573678,141,76
983,154170040,2022-06-19,0.49,0.3987761199573678,141,79
984,154170040,2022-06-24,0.29,0.2546422183735807,141,75
985,154170040,2022-06-27,0.29,0.2546422183735807,141,78
986,154170040,2022-07-19,0.29,0.2546422183735807,141,77
987,150160230,2022-06-19,3.84,1.5769147207285403,137,182
988,150160230,2022-07-19,2.25,1.1786549963416462,137,183
989,150180070,2022-05-10,6.58,2.0255131996542803,137,104
990,150180070,2022-06-19,7.66,2.1587147225743437,137,99
991,150180070,2022-06-24,7.69,2.162172939277301,137,102
992,150180070,2022-06-26,7.7,2.1633230256605382,137,105
993,150180070,2022-07-01,7.83,2.178155014615869,137,100
994,150180070,2022-07-19,4.43,1.691939133945844,137,101
995,150180070,2022-07-24,4.58,1.7191887763932197,137,103
996,151210030,2022-05-09,1.59,0.9516578757114464,145,48
997,151210030,2022-06-28,1.72,1.000631880307906,145,44
998,151210030,2022-07-01,1.53,0.9282193027394289,145,45
999,151210030,2022-07-21,1.6,0.9555114450274365,145,46
1000,151210030,2022-07-28,1.71,0.9969486348916095,145,47
1001,149220060,2022-06-03,62.2,4.146304301152812,143,215
1002,149220060,2022-06-20,52.0,3.970291913552122,143,213
1003,149220060,2022-07-23,14.2,2.7212954278522306,143,214
1004,151150060,2022-06-19,2.8,1.33500106673234,139,4
1005,151150060,2022-06-27,14.3,2.72785282839839,139,2
1006,151150060,2022-07-19,3.9,1.589235205116581,139,3
1007,151150060,2022-07-24,1.8,1.0296194171811583,139,1
1008,150220090,2022-06-03,218.0,5.389071729816501,143,242
1009,150220090,2022-06-08,108.0,4.6913478822291435,143,243
1010,150220090,2022-06-13,184.0,5.220355825078325,143,238
1011,150220090,2022-06-20,95.7,4.571613402459248,143,241
1012,150220090,2022-06-25,92.6,4.539030383483547,143,239
1013,150220090,2022-06-28,117.0,4.770684624465665,143,240
1014,154170160,2022-05-18,6.29,1.986503546020567,141,147
1015,154170160,2022-06-24,5.49,1.8702625307159986,141,145
1016,154170160,2022-06-27,5.51,1.873339456220478,141,148
1017,154170160,2022-07-19,5.08,1.8050046959780757,141,146
1018,150190200,2022-06-26,2.76,1.324418957401803,139,72
1019,150190200,2022-07-01,1.58,0.9477893989335261,139,73
1020,153190150,2022-05-02,4.53,1.7101878155342436,147,68
1021,153190150,2022-05-10,4.03,1.6154199841116479,147,67
1022,153190150,2022-06-24,2.93,1.3686394258811698,147,65
1023,153190150,2022-07-21,1.94,1.0784095813505903,147,66
1024,152190040,2022-05-02,1.38,0.8671004876833832,147,22
1025,152190040,2022-05-10,1.09,0.7371640659767197,147,24
1026,152190040,2022-05-15,0.99,0.688134638736401,147,23
1027,152190040,2022-06-19,0.66,0.5068176023684519,147,17
1028,152190040,2022-06-24,0.73,0.5481214085096876,147,21
1029,152190040,2022-06-26,0.82,0.598836501088704,147,20
1030,152190040,2022-07-01,0.73,0.5481214085096876,147,18
1031,152190040,2022-07-21,0.47,0.3852624007906449,147,19
1032,153190020,2022-05-02,4.92,1.7783364488959144,147,117
1033,153190020,2022-06-24,1.55,0.9360933591703348,147,116
1034,150160070,2022-06-19,2.77,1.3270750014599193,137,247
1035,150160070,2022-07-19,1.29,0.8285518175661483,137,246
1036,151220090,2022-05-09,26.4,3.3105430133940246,144,226
1037,151220090,2022-05-16,25.2,3.265759410767051,144,225
1038,151220090,2022-06-20,27.0,3.332204510175204,144,223
1039,151220090,2022-06-28,29.2,3.407841924380824,144,224
1040,152200100,2022-05-09,2.68,1.3029127521808397,146,179
1041,152200100,2022-07-01,1.17,0.7747271675523681,146,176
1042,152200100,2022-07-03,1.0,0.6931471805599453,146,177
1043,152200100,2022-07-21,0.71,0.5364933705145685,146,178
1044,151150190,2022-05-15,0.84,0.6097655716208943,138,144
1045,151150190,2022-06-19,0.048,0.04688358589885042,138,145
1046,151150190,2022-06-22,0.5,0.4054651081081644,138,140
1047,151150190,2022-06-24,0.49,0.3987761199573678,138,142
1048,151150190,2022-07-04,0.46,0.3784364357202451,138,143
1049,151150190,2022-07-19,0.57,0.4510756193602167,138,141
1050,149190370,2022-06-03,0.49,0.3987761199573678,143,10
1051,149190370,2022-06-26,0.79,0.5822156198526637,143,9
1052,149190370,2022-07-21,0.21,0.1906203596086497,143,11
1053,151220070,2022-06-20,4.46,1.6974487897568138,145,3
1054,151220070,2022-06-25,4.59,1.7209792871670078,145,6
1055,151220070,2022-06-28,4.51,1.706564623164823,145,4
1056,151220070,2022-07-20,3.15,1.423108334242607,145,5
1057,149190360,2022-05-19,0.91,0.6471032420585385,143,58
1058,149190390,2022-05-19,2.83,1.3428648031925547,143,61
1059,149190360,2022-07-03,0.89,0.636576829071551,143,56
1060,149190390,2022-07-03,2.27,1.184789984909162,143,59
1061,149190360,2022-07-21,0.4,0.33647223662121295,143,57
1062,149190390,2022-07-21,0.78,0.5766133643039938,143,60
1063,149200270,2022-05-19,0.63,0.48858001481867097,143,93
1064,149200270,2022-07-03,0.58,0.4574248470388754,143,94
1065,149210040,2022-06-28,21.5,3.1135153092103742,143,172
1066,150190130,2022-06-03,2.58,1.275362800412609,142,95
1067,150190130,2022-06-26,3.4,1.4816045409242156,142,96
1068,150190130,2022-07-01,3.28,1.4539530095937054,142,97
1069,150190130,2022-07-18,1.85,1.0473189942805592,142,94
1070,151190030,2022-06-26,2.01,1.1019400787607843,139,184
1071,151190030,2022-07-01,1.48,0.9082585601768908,139,185
1072,149180030,2022-06-26,15.7,2.8154087194227095,137,65
1073,149180030,2022-07-01,7.67,2.1598687907924505,137,66
1074,150160090,2022-05-10,1.99,1.095273387402595,138,22
1075,150160090,2022-06-19,1.76,1.0152306797290587,138,21
1076,150160090,2022-07-19,1.61,0.9593502213346021,138,19
1077,150160090,2022-07-24,1.17,0.7747271675523681,138,20
1078,151170040,2022-05-10,4.69,1.7387102481382395,138,97
1079,151170040,2022-05-15,4.35,1.6770965609079151,138,96
1080,151170040,2022-06-19,2.26,1.1817271953786161,138,93
1081,151170040,2022-06-24,2.7,1.308332819650179,138,94
1082,151170040,2022-06-26,3.75,1.55814461804655,138,91
1083,151170040,2022-07-01,3.17,1.4279160358107101,138,98
1084,151170040,2022-07-19,1.06,0.7227059828014898,138,92
1085,151170040,2022-07-21,1.03,0.708035793053696,138,95
1086,153150080,2022-06-24,2.84,1.3454723665996355,141,45
1087,152210120,2022-05-09,10.1,2.4069451083182885,146,159
1088,152210120,2022-06-28,9.75,2.374905754573672,146,157
1089,152210120,2022-07-01,8.45,2.2460147415056513,146,156
1090,152210120,2022-07-21,3.78,1.5644405465033646,146,158
1091,149190070,2022-06-03,2.04,1.1118575154181303,142,181
1092,149190070,2022-06-26,2.47,1.244154593958768,142,183
1093,149190070,2022-07-01,1.65,0.9745596399981308,142,182
1094,149190070,2022-07-18,0.52,0.41871033485818504,142,180
1095,150150090,2022-06-19,2.46,1.2412685890696329,138,211
1096,150150090,2022-06-27,4.28,1.66392609771817,138,212
1097,150150090,2022-07-19,2.83,1.3428648031925547,138,210
1098,150150090,2022-07-24,2.08,1.1249295969854831,138,209
1099,152199992,2022-06-11,9.6,2.3608540011180215,146,198
1100,152199992,2022-06-26,8.13,2.211565694606877,146,201
1101,152199992,2022-07-01,7.5,2.1400661634962708,146,200
1102,152199992,2022-07-13,3.3,1.4586150226995167,146,197
1103,152199992,2022-07-21,2.94,1.3711807233098425,146,199
1104,152199992,2022-07-28,4.24,1.6563214983329508,146,196
1105,151150090,2022-06-19,6.33,1.9919755158985601,139,8
1106,151150090,2022-06-22,9.11,2.3135250330323798,139,10
1107,151150090,2022-06-24,6.54,2.020222182019865,139,9
1108,154190170,2022-06-24,9.31,2.3331142980288684,147,162
1109,154190170,2022-06-26,8.97,2.299580583973747,147,163
1110,151150090,2022-07-04,5.87,1.927164106234258,139,11
1111,151150090,2022-07-19,5.52,1.8748743759385615,139,12
1112,154190170,2022-07-21,7.35,2.122261538862764,147,164
1113,154170080,2022-05-18,4.38,1.682688374173693,141,131
1114,154170080,2022-06-24,3.58,1.5216989981260935,141,130
1115,154170080,2022-06-27,3.61,1.5282278570085572,141,132
1116,154170080,2022-07-19,3.33,1.4655675420143985,141,129
1117,149200100,2022-05-19,0.53,0.4252677354043441,143,76
1118,149200100,2022-07-03,4.11,1.631199404215613,143,74
1119,149200100,2022-07-21,8.85,2.2874714551839976,143,75
1120,152180100,2022-05-10,1.12,0.7514160886839212,140,134
1121,152180100,2022-05-15,1.08,0.7323678937132266,140,133
1122,152180100,2022-06-19,0.65,0.5007752879124893,140,126
1123,152180100,2022-06-24,0.68,0.5187937934151676,140,130
1124,152180100,2022-06-26,0.77,0.5709795465857378,140,127
1125,152180100,2022-07-01,0.61,0.4762341789963716,140,128
1126,152180100,2022-07-14,0.36,0.3074846997479606,140,131
1127,152180100,2022-07-19,0.33,0.2851789422336624,140,132
1128,152180100,2022-07-21,0.31,0.27002713721306015,140,129
1129,152140080,2022-06-22,1.09,0.7371640659767197,139,67
1130,152210030,2022-05-02,16.0,2.833213344056216,146,87
1131,152210030,2022-05-09,9.88,2.3869262414277967,146,86
1132,152210030,2022-06-28,6.1,1.9600947840472698,146,82
1133,152210030,2022-07-01,5.26,1.8341801851120072,146,83
1134,152210030,2022-07-03,4.81,1.75958057086382,146,84
1135,152210030,2022-07-21,3.15,1.423108334242607,146,85
1136,151160150,2022-05-10,99.0,4.605170185988092,137,15
1137,151160150,2022-06-19,125.0,4.836281906951478,137,13
1138,151160150,2022-07-19,52.7,3.983413001514819,137,14
1139,151160150,2022-07-24,69.4,4.254193263163997,137,12
1140,152230070,2022-05-09,15.4,2.797281334830153,146,130
1141,154220030,2022-05-09,4.6,1.7227665977411035,145,243
1142,154220030,2022-07-01,1.79,1.0260415958332743,145,242
1143,154220030,2022-07-21,1.25,0.8109302162163288,145,241
1144,152229999,2022-05-09,177.0,5.181783550292085,146,112
1145,152229999,2022-06-28,175.0,5.170483995038151,146,111
1146,152229999,2022-07-01,163.0,5.099866427824199,146,110
1147,152229999,2022-07-21,93.3,4.546481189639412,146,113
1148,150230080,2022-06-20,3.26,1.449269160281279,144,204
1149,150230080,2022-06-25,3.38,1.4770487243883548,144,205
1150,150230080,2022-07-20,2.84,1.3454723665996355,144,206
1151,150200050,2022-06-03,3.21,1.43746264769429,143,148
1152,151210020,2022-06-03,4.92,1.7783364488959144,144,169
1153,150200050,2022-06-26,2.95,1.3737155789130306,143,144
1154,151210020,2022-06-26,6.91,2.0681277817795625,144,173
1155,151210020,2022-06-28,5.43,1.860974538249528,144,170
1156,150200050,2022-07-01,2.67,1.3001916620664788,143,145
1157,151210020,2022-07-01,3.64,1.534714366238164,144,171
1158,150200050,2022-07-21,2.13,1.1410330045520618,143,146
1159,151210020,2022-07-21,1.98,1.091923300517313,144,172
1160,150200050,2022-07-28,2.42,1.2296405510745139,143,147
1161,151210020,2022-07-28,2.67,1.3001916620664788,144,174
1162,154210100,2022-06-23,6.07,1.9558604799084813,147,202
1163,154210100,2022-06-28,5.95,1.9387416595767009,147,204
1164,154210100,2022-07-21,5.0,1.791759469228055,147,203
1165,150210120,2022-06-28,33.8,3.5496173867804286,143,174
1166,152150180,2022-05-15,1.98,1.091923300517313,141,32
1167,152150180,2022-06-19,1.48,0.9082585601768908,141,29
1168,152150180,2022-06-24,1.37,0.8628899551470399,141,31
1169,152150180,2022-07-14,0.95,0.6678293725756554,141,28
1170,152150180,2022-07-19,0.84,0.6097655716208943,141,30
1171,150160160,2022-05-10,2.36,1.2119409739751128,138,1
1172,150160160,2022-06-19,2.13,1.1410330045520618,138,3
1173,150160160,2022-07-19,2.25,1.1786549963416462,138,2
1174,152150200,2022-05-15,117.0,4.770684624465665,139,155
1175,152150200,2022-06-19,67.1,4.220977213155467,139,151
1176,152150200,2022-06-24,78.7,4.378269585796169,139,153
1177,152150200,2022-07-14,57.5,4.069026754237811,139,152
1178,152150200,2022-07-19,50.4,3.9396381724611196,139,154
1179,150160190,2022-06-19,0.79,0.5822156198526637,137,154
1180,150160190,2022-07-19,0.28,0.2468600779315258,137,155
1181,152150120,2022-05-15,0.94,0.6626879730752367,140,125
1182,152150120,2022-06-19,0.89,0.636576829071551,140,121
1183,152150120,2022-06-24,0.95,0.6678293725756554,140,124
1184,152150120,2022-07-14,0.79,0.5822156198526637,140,122
1185,152150120,2022-07-19,0.77,0.5709795465857378,140,123
1186,151210110,2022-05-09,1.17,0.7747271675523681,145,49
1187,151210110,2022-06-28,1.17,0.7747271675523681,145,50
1188,151210110,2022-07-28,0.44,0.36464311358790924,145,51
1189,153210230,2022-05-09,3.18,1.430311246536665,146,40
1190,153210230,2022-06-23,2.16,1.1505720275988207,146,37
1191,153210230,2022-06-28,2.01,1.1019400787607843,146,39
1192,153210230,2022-07-01,1.91,1.068153081183401,146,36
1193,153210230,2022-07-21,1.19,0.7839015438284094,146,38
1194,149190030,2022-06-03,0.56,0.44468582126144574,142,64
1195,149190030,2022-07-01,0.51,0.412109650826833,142,65
1196,149190030,2022-07-18,0.23,0.20701416938432615,142,66
1197,154180020,2022-05-18,1.67,0.9820784724121581,141,143
1198,154180020,2022-06-24,0.85,0.6151856390902335,141,142
1199,154180020,2022-06-27,0.88,0.6312717768418579,141,144
1200,154180020,2022-07-19,0.54,0.43178241642553783,141,141
1201,151180040,2022-05-10,4.35,1.6770965609079151,140,6
1202,151180040,2022-05-15,3.31,1.4609379041156565,140,8
1203,151180040,2022-06-19,3.08,1.4060969884160703,140,3
1204,151180040,2022-06-24,3.12,1.415853163361435,140,2
1205,151180040,2022-06-26,4.49,1.7029282555214393,140,4
1206,151180040,2022-06-29,3.06,1.4011829736136412,140,10
1207,151180040,2022-07-01,2.72,1.3137236682850553,140,7
1208,151180040,2022-07-19,2.38,1.2178757094949273,140,5
1209,151180040,2022-07-24,1.75,1.0116009116784799,140,9
1210,150150010,2022-06-19,3.01,1.3887912413184778,138,243
1211,150150020,2022-06-19,0.6,0.4700036292457356,139,14
1212,150150010,2022-06-27,5.79,1.9154509415706047,138,246
1213,150150020,2022-06-27,1.01,0.6981347220709844,139,16
1214,150150010,2022-07-19,1.17,0.7747271675523681,138,244
1215,150150020,2022-07-19,0.24,0.2151113796169455,139,13
1216,150150010,2022-07-24,1.04,0.712949807856125,138,245
1217,150150020,2022-07-24,0.21,0.1906203596086497,139,15
1218,149180090,2022-06-26,0.22,0.1988508587451652,142,71
1219,149180090,2022-07-01,0.24,0.2151113796169455,142,72
1220,151220050,2022-05-09,1.34,0.8501509293696101,145,31
1221,151220050,2022-05-16,1.16,0.7701082216960736,145,33
1222,151220050,2022-06-20,1.3,0.832909122935104,145,29
1223,151220050,2022-06-25,1.37,0.8628899551470399,145,28
1224,151220050,2022-06-28,1.12,0.7514160886839212,145,30
1225,151220050,2022-07-28,0.5,0.4054651081081644,145,32
1226,150200010,2022-06-26,3.98,1.6054298910365616,143,107
1227,150200010,2022-07-01,2.33,1.2029723039923526,143,108
1228,150200010,2022-07-21,0.91,0.6471032420585385,143,109
1229,150200010,2022-07-28,1.31,0.8372475245337022,143,106
1230,150210030,2022-06-28,0.97,0.6780335427498971,143,160
1231,150210030,2022-07-28,0.46,0.3784364357202451,143,161
1232,152200110,2022-05-09,1040.0,6.947937068614969,142,11
1233,152200110,2022-07-03,938.0,6.844815479208263,142,12
1234,152200110,2022-07-21,595.0,6.39024066706535,142,13
1235,150200120,2022-06-03,4.79,1.7561322915849038,143,131
1236,150200120,2022-06-26,4.11,1.631199404215613,143,132
1237,150200120,2022-07-01,3.19,1.4327007339340463,143,133
1238,150200120,2022-07-21,1.48,0.9082585601768908,143,134
1239,150200120,2022-07-28,1.72,1.000631880307906,143,130
1240,152160130,2022-05-15,6.21,1.9754689512968577,140,68
1241,152160130,2022-06-19,2.29,1.1908875647772805,140,65
1242,152160130,2022-06-24,1.97,1.0885619528146082,140,66
1243,152160130,2022-07-19,0.62,0.4824261492442927,140,67
1244,150160130,2022-05-10,1.05,0.7178397931503169,138,12
1245,150160130,2022-06-19,1.85,1.0473189942805592,138,10
1246,150160130,2022-07-19,0.67,0.5128236264286637,138,11
1247,153170110,2022-06-19,0.43,0.3576744442718159,147,106
1248,153170110,2022-06-24,0.36,0.3074846997479606,147,107
1249,150190220,2022-06-26,6.07,1.9558604799084813,139,76
1250,149200060,2022-06-03,1.85,1.0473189942805592,142,240
1251,149200080,2022-06-03,2.51,1.2556160374777745,143,6
1252,149200060,2022-06-26,1.11,0.7466879474879752,142,241
1253,149200080,2022-06-26,3.09,1.4085449700547104,143,8
1254,149200060,2022-07-21,0.78,0.5766133643039938,142,242
1255,149200080,2022-07-21,0.94,0.6626879730752367,143,7
1256,149200300,2022-05-19,9.29,2.331172549845958,143,89
1257,149200300,2022-07-03,12.5,2.6026896854443837,143,88
1258,149200290,2022-05-19,12.5,2.6026896854443837,143,91
1259,149200290,2022-07-03,16.0,2.833213344056216,143,90
1260,153210040,2022-05-09,1.29,0.8285518175661483,146,52
1261,153210040,2022-06-23,0.92,0.6523251860396903,146,50
1262,153210040,2022-06-28,0.77,0.5709795465857378,146,53
1263,153210040,2022-07-01,0.65,0.5007752879124893,146,54
1264,153210040,2022-07-21,0.4,0.33647223662121295,146,51
1265,153160070,2022-06-24,2.11,1.1346227261911428,140,243
1266,150180260,2022-06-26,1.44,0.8919980393051105,142,116
1267,150180260,2022-07-01,1.18,0.7793248768009976,142,117
1268,151170090,2022-05-10,1.3,0.832909122935104,138,29
1269,151170090,2022-06-19,1.34,0.8501509293696101,138,30
1270,151170090,2022-06-26,1.31,0.8372475245337022,138,31
1271,151170090,2022-07-19,0.21,0.1906203596086497,138,33
1272,151170090,2022-07-21,0.6,0.4700036292457356,138,32
1273,152230090,2022-05-04,13.4,2.667228206581955,145,142
1274,152230090,2022-05-16,10.8,2.468099531471619,145,141
1275,152230090,2022-05-24,9.77,2.3767644911682972,145,140
1276,152230100,2022-05-04,4.31,1.6695918352538475,145,179
1277,152230100,2022-05-24,2.1,1.1314021114911006,145,178
1278,150180090,2022-06-26,0.25,0.22314355131420976,137,76
1279,150180090,2022-07-01,0.22,0.1988508587451652,137,77
1280,151180090,2022-05-10,2.12,1.1378330018213911,139,174
1281,151180090,2022-05-15,1.85,1.0473189942805592,139,175
1282,151180090,2022-06-24,1.59,0.9516578757114464,139,170
1283,151180090,2022-06-26,1.65,0.9745596399981308,139,171
1284,151180090,2022-07-01,1.33,0.8458682675776092,139,172
1285,151180090,2022-07-19,0.85,0.6151856390902335,139,173
1286,149200120,2022-05-19,1.39,0.8712933659434192,143,81
1287,149200120,2022-07-03,1.3,0.832909122935104,143,80
1288,149200120,2022-07-21,0.8,0.5877866649021191,143,82
1289,150230010,2022-06-20,4.42,1.6900958154515549,144,210
1290,150230010,2022-06-25,6.9,2.066862759472976,144,207
1291,150230010,2022-06-28,7.14,2.096790180014449,144,209
1292,150230010,2022-07-20,5.21,1.8261608959453874,144,208
1293,150170120,2022-05-10,0.25,0.22314355131420976,137,207
1294,150170120,2022-06-19,0.5,0.4054651081081644,137,205
1295,150170120,2022-06-26,0.6,0.4700036292457356,137,204
1296,150170120,2022-07-19,0.28,0.2468600779315258,137,203
1297,150170120,2022-07-21,0.34,0.29266961396282,137,206
1298,149220210,2022-06-03,11.2,2.501435951739211,144,64
1299,149220210,2022-06-08,6.36,1.9960599327407849,144,63
1300,149220210,2022-06-13,5.3,1.840549633397487,144,65
1301,149220210,2022-06-20,4.43,1.691939133945844,144,62
1302,149220210,2022-06-25,4.68,1.7369512327330598,144,60
1303,149220210,2022-06-28,10.4,2.4336133554004498,144,59
1304,149220210,2022-07-20,1.06,0.7227059828014898,144,61
1305,152150050,2022-05-15,159.0,5.075173815233827,137,39
1306,152150050,2022-06-19,157.0,5.062595033026967,137,40
1307,152150050,2022-06-22,167.0,5.123963979403259,137,36
1308,152150050,2022-06-24,168.0,5.1298987149230735,137,37
1309,152150050,2022-07-19,105.0,4.663439094112067,137,38
1310,150210080,2022-06-03,1.93,1.0750024230289759,144,189
1311,150210080,2022-06-28,3.45,1.4929040961781488,144,190
1312,150220030,2022-06-03,337.0,5.823045895483019,144,1
1313,150220030,2022-06-20,153.0,5.0369526024136295,144,6
1314,150220030,2022-06-25,141.0,4.955827057601261,144,3
1315,150220030,2022-06-28,179.0,5.19295685089021,144,2
1316,150220030,2022-06-30,157.0,5.062595033026967,144,5
1317,150220030,2022-07-20,56.8,4.056988775678332,144,4
1318,150190100,2022-06-03,3.5,1.5040773967762742,142,132
1319,150190100,2022-06-26,3.29,1.4562867329399256,142,133
1320,150190100,2022-07-01,2.35,1.208960345836975,142,135
1321,150190100,2022-07-18,1.46,0.9001613499442714,142,134
1322,150180210,2022-06-26,1.29,0.8285518175661483,139,166
1323,150180210,2022-07-01,0.83,0.6043159668533296,139,167
1324,152180090,2022-05-10,1.0,0.6931471805599453,140,142
1325,152180090,2022-05-15,0.75,0.5596157879354227,140,140
1326,152180090,2022-06-19,0.88,0.6312717768418579,140,135
1327,152180090,2022-06-24,0.66,0.5068176023684519,140,136
1328,152180090,2022-06-26,0.61,0.4762341789963716,140,143
1329,152180090,2022-07-01,0.6,0.4700036292457356,140,139
1330,152180090,2022-07-14,0.63,0.48858001481867097,140,141
1331,152180090,2022-07-19,0.7,0.5306282510621704,140,138
1332,152180090,2022-07-21,0.85,0.6151856390902335,140,137
1333,151150150,2022-05-15,143.0,4.969813299576001,137,30
1334,151150150,2022-06-19,154.0,5.043425116919247,137,29
1335,151150150,2022-06-22,157.0,5.062595033026967,137,28
1336,151150150,2022-06-24,155.0,5.049856007249537,137,26
1337,151150150,2022-07-04,162.0,5.093750200806762,137,31
1338,151150150,2022-07-19,84.9,4.45318382899021,137,27
1339,152170060,2022-05-10,89.3,4.5031374604229395,139,131
1340,152170060,2022-05-15,74.5,4.324132656254979,139,130
1341,152170060,2022-06-19,62.1,4.144720769547168,139,124
1342,152170060,2022-06-24,67.6,4.22829253473184,139,125
1343,152170060,2022-06-26,69.0,4.248495242049359,139,126
1344,152170060,2022-07-01,67.5,4.22683374526818,139,128
1345,152170060,2022-07-19,36.3,3.6189933266497696,139,127
1346,152170060,2022-07-21,37.1,3.6402142821326553,139,129
1347,152150190,2022-05-15,65.3,4.194189897191817,140,177
1348,152150190,2022-06-19,55.1,4.027135812528651,140,173
1349,152150190,2022-06-24,54.9,4.023564380161053,140,174
1350,152150190,2022-07-14,41.5,3.7495040759303713,140,175
1351,152150190,2022-07-19,36.1,3.6136169696133895,140,176
1352,152210130,2022-05-02,4.17,1.6428726885203377,146,154
1353,152210130,2022-05-09,2.62,1.2864740258376797,146,152
1354,152210130,2022-06-28,2.38,1.2178757094949273,146,150
1355,152210130,2022-07-01,1.91,1.068153081183401,146,153
1356,152210130,2022-07-21,0.74,0.5538851132264376,146,151
1357,151200090,2022-06-11,48.1,3.893859034800475,145,82
1358,151200090,2022-07-01,34.8,3.5779478934066544,145,85
1359,151200090,2022-07-13,20.1,3.0492730404820207,145,83
1360,151200090,2022-07-21,16.5,2.8622008809294686,145,84
1361,151200090,2022-07-28,22.0,3.1354942159291497,145,81
1362,153190090,2022-05-02,27.0,3.332204510175204,147,48
1363,153190090,2022-05-10,25.2,3.265759410767051,147,47
1364,153190090,2022-06-24,15.1,2.7788192719904172,147,46
1365,153190090,2022-07-21,10.3,2.424802725718295,147,49
1366,154190110,2022-05-15,1.05,0.7178397931503169,147,156
1367,154190110,2022-06-24,0.55,0.4382549309311553,147,153
1368,154190110,2022-06-26,0.57,0.4510756193602167,147,155
1369,154190110,2022-07-21,0.36,0.3074846997479606,147,154
1370,151150100,2022-06-19,3.57,1.5195132049061133,139,5
1371,151150100,2022-06-27,10.9,2.4765384001174837,139,6
1372,151150100,2022-07-19,4.89,1.7732559976634952,139,7
1373,153210210,2022-05-09,185.0,5.225746673713202,145,162
1374,153210210,2022-06-23,103.0,4.6443908991413725,145,161
1375,153210210,2022-06-28,106.0,4.672828834461906,145,164
1376,153210210,2022-07-01,105.0,4.663439094112067,145,165
1377,153210210,2022-07-21,71.5,4.283586561860629,145,163
1378,151150040,2022-06-19,40.5,3.725693427236653,138,205
1379,151150040,2022-06-22,38.0,3.6635616461296463,138,207
1380,151150040,2022-06-24,36.1,3.6136169696133895,138,206
1381,151150040,2022-07-19,26.1,3.299533727885655,138,208
1382,149220010,2022-06-03,0.82,0.598836501088704,144,114
1383,149220010,2022-06-20,0.41,0.3435897043900769,144,115
1384,149220010,2022-06-28,0.39,0.3293037471426004,144,117
1385,149220010,2022-07-23,0.1,0.09531017980432487,144,116
1386,153230170,2022-05-04,2.27,1.184789984909162,145,192
1387,153230170,2022-05-09,1.86,1.0508216248317612,145,189
1388,153230170,2022-05-16,1.59,0.9516578757114464,145,191
1389,153230170,2022-05-24,1.51,0.9202827531436926,145,188
1390,153230170,2022-06-10,3.54,1.5129270120532565,145,190
1391,149200240,2022-05-19,39.9,3.7111300630487563,143,47
1392,149200250,2022-05-19,1.6,0.9555114450274365,143,95
1393,149200260,2022-05-19,0.28,0.2468600779315258,143,99
1394,149200240,2022-06-03,93.6,4.549657476057833,143,48
1395,149200250,2022-06-03,3.8,1.5686159179138452,143,96
1396,149200260,2022-06-03,0.58,0.4574248470388754,143,98
1397,149200240,2022-07-03,59.3,4.09933210373314,143,49
1398,149200250,2022-07-03,1.58,0.9477893989335261,143,97
1399,149200260,2022-07-03,0.16,0.14842000511827327,143,100
1400,149200030,2022-05-19,5.28,1.8373699804801074,143,36
1401,149200030,2022-07-03,9.43,2.344686269012681,143,34
1402,149200030,2022-07-21,7.21,2.105352923464337,143,35
1403,149200050,2022-07-03,13.8,2.6946271807700692,143,37
1404,149200050,2022-07-21,12.8,2.624668592163159,143,38
1405,150170060,2022-05-10,18.3,2.9601050959108397,137,166
1406,150170060,2022-06-19,25.5,3.2771447329921766,137,163
1407,150170060,2022-06-26,41.1,3.7400477406883357,137,164
1408,150170060,2022-07-19,20.8,3.0819099697950434,137,167
1409,150170060,2022-07-21,20.0,3.044522437723423,137,165
1410,152160100,2022-06-19,66.2,4.207673247529104,139,141
1411,152160100,2022-06-24,73.3,4.308110951723713,139,142
1412,152160100,2022-06-27,74.6,4.3254562831854875,139,145
1413,152160100,2022-07-14,52.1,3.9721769282478934,139,143
1414,152160100,2022-07-19,45.0,3.828641396489095,139,144
1415,152160030,2022-05-15,0.67,0.5128236264286637,140,120
1416,152160030,2022-06-19,0.22,0.1988508587451652,140,116
1417,152160030,2022-06-22,0.19,0.173953307123438,140,118
1418,152160030,2022-06-24,0.17,0.15700374880966475,140,117
1419,152160030,2022-07-19,0.14,0.1310282624064041,140,119
1420,154170230,2022-05-18,0.23,0.20701416938432615,141,124
1421,151170070,2022-05-10,0.71,0.5364933705145685,138,86
1422,151170080,2022-05-10,0.46,0.3784364357202451,138,108
1423,151170070,2022-05-15,0.61,0.4762341789963716,138,90
1424,151170080,2022-05-15,0.39,0.3293037471426004,138,111
1425,151170070,2022-06-19,0.35,0.30010459245033805,138,83
1426,151170080,2022-06-19,0.19,0.173953307123438,138,105
1427,151170070,2022-06-24,0.39,0.3293037471426004,138,88
1428,151170080,2022-06-24,0.2,0.18232155679395462,138,109
1429,151170070,2022-06-26,0.67,0.5128236264286637,138,89
1430,151170080,2022-06-26,0.33,0.2851789422336624,138,112
1431,151170070,2022-07-01,0.31,0.27002713721306015,138,85
1432,151170080,2022-07-01,0.18,0.16551443847757338,138,107
1433,151170070,2022-07-19,0.1,0.09531017980432487,138,84
1434,151170080,2022-07-19,0.045,0.04401688541677432,138,106
1435,151170070,2022-07-21,0.13,0.12221763272424921,138,87
1436,151170080,2022-07-21,0.048,0.04688358589885042,138,110
1437,151200080,2022-06-11,11.0,2.4849066497880004,145,118
1438,151200080,2022-06-26,5.9,1.9315214116032138,145,123
1439,151200080,2022-07-01,4.88,1.7715567619105355,145,122
1440,151200080,2022-07-13,3.11,1.4134230285081433,145,119
1441,151200080,2022-07-21,2.36,1.2119409739751128,145,121
1442,151200080,2022-07-28,3.19,1.4327007339340463,145,120
1443,150190330,2022-06-03,0.44,0.36464311358790924,142,232
1444,150190330,2022-06-26,0.43,0.3576744442718159,142,230
1445,150190330,2022-07-01,0.42,0.35065687161316933,142,231
1446,150190330,2022-07-21,0.41,0.3435897043900769,142,233
1447,153160250,2022-05-08,0.28,0.2468600779315258,140,238
1448,153160250,2022-05-18,0.23,0.20701416938432615,140,239
1449,153160250,2022-06-19,0.19,0.173953307123438,140,236
1450,153160250,2022-06-24,0.18,0.16551443847757338,140,237
1451,153160250,2022-06-27,0.17,0.15700374880966475,140,240
1452,153140110,2022-06-22,1.61,0.9593502213346021,141,38
1453,151230030,2022-05-09,3.28,1.4539530095937054,146,126
1454,151230030,2022-05-16,2.4,1.2237754316221157,146,124
1455,151230030,2022-06-20,3.71,1.5496879080283263,146,125
1456,149220030,2022-06-03,90.5,4.516338972281476,143,218
1457,149220030,2022-06-20,59.5,4.102643365036796,143,216
1458,149220030,2022-07-23,14.7,2.7536607123542622,143,217
1459,153200070,2022-07-21,2.73,1.3164082336557241,147,171
1460,149180300,2022-06-26,51.5,3.960813169597578,137,1
1461,149180300,2022-07-01,41.5,3.7495040759303713,137,2
1462,150170030,2022-05-10,2.66,1.297463147413275,137,228
1463,150170030,2022-06-19,3.16,1.425515074273172,137,227
1464,150170030,2022-06-26,3.48,1.4996230464268938,137,226
1465,150170030,2022-07-19,2.6,1.2809338454620645,137,225
1466,150170030,2022-07-21,2.54,1.264126727145683,137,229
1467,151180010,2022-05-05,1.68,0.9858167945227653,140,46
1468,151180010,2022-05-10,1.3,0.832909122935104,140,48
1469,151180010,2022-05-15,1.08,0.7323678937132266,140,45
1470,151180010,2022-06-19,0.41,0.3435897043900769,140,42
1471,151180010,2022-06-24,0.52,0.41871033485818504,140,43
1472,151180010,2022-06-26,1.29,0.8285518175661483,140,49
1473,151180010,2022-07-01,0.58,0.4574248470388754,140,44
1474,151180010,2022-07-19,0.24,0.2151113796169455,140,47
1475,151200040,2022-06-03,3.9,1.589235205116581,145,111
1476,151200040,2022-06-11,6.92,2.0693912058263346,145,115
1477,151200040,2022-06-26,3.43,1.4883995840570443,145,117
1478,151200040,2022-07-01,2.36,1.2119409739751128,145,112
1479,151200040,2022-07-13,2.16,1.1505720275988207,145,116
1480,151200040,2022-07-21,1.8,1.0296194171811583,145,113
1481,151200040,2022-07-28,1.8,1.0296194171811583,145,114
1482,150230050,2022-06-20,0.92,0.6523251860396903,144,237
1483,150230050,2022-06-25,1.2,0.7884573603642702,144,239
1484,150230050,2022-06-28,1.28,0.8241754429663495,144,240
1485,150230050,2022-07-20,0.57,0.4510756193602167,144,238
1486,151160140,2022-05-15,11.8,2.5494451709255714,138,103
1487,151160140,2022-06-19,5.4,1.8562979903656263,138,99
1488,151160140,2022-06-22,4.8,1.7578579175523736,138,104
1489,151160140,2022-06-24,5.63,1.891604804197771,138,100
1490,151160140,2022-07-04,6.33,1.9919755158985601,138,102
1491,151160140,2022-07-19,1.93,1.0750024230289759,138,101
1492,149190260,2022-06-03,2.29,1.1908875647772805,142,194
1493,149190260,2022-06-26,2.17,1.1537315878891892,142,196
1494,149190260,2022-07-21,0.8,0.5877866649021191,142,195
1495,153220160,2022-05-24,15.9,2.827313621929028,146,8
1496,153220170,2022-05-24,32.2,3.502549875922443,145,216
1497,153220160,2022-06-28,11.3,2.509599262378372,146,7
1498,153210090,2022-05-02,211.0,5.356586274672012,145,170
1499,153210090,2022-05-09,192.0,5.262690188904886,145,167
1500,153210090,2022-06-28,113.0,4.736198448394496,145,166
1501,153210090,2022-07-01,111.0,4.718498871295094,145,168
1502,153210090,2022-07-21,77.2,4.359269647551265,145,169
1503,151150020,2022-05-15,2.61,1.2837077723447896,139,53
1504,151150020,2022-06-19,3.76,1.5602476682433286,139,54
1505,151150020,2022-06-27,4.86,1.7681496035889213,139,52
1506,151150020,2022-07-19,1.71,0.9969486348916095,139,51
1507,151150020,2022-07-24,1.53,0.9282193027394289,139,50
1508,150220160,2022-06-03,12.6,2.6100697927420065,144,139
1509,150220160,2022-06-08,9.54,2.355177543113216,144,142
1510,150220160,2022-06-13,6.87,2.063058062429312,144,143
1511,150220160,2022-06-20,5.5,1.8718021769015913,144,140
1512,150220160,2022-06-25,6.03,1.9501867058225737,144,138
1513,150220160,2022-06-28,8.77,2.2793164660546914,144,144
1514,150220160,2022-07-20,3.38,1.4770487243883548,144,141
1515,150190160,2022-06-03,25.3,3.269568939183719,142,158
1516,150190160,2022-06-26,25.1,3.261935314328648,142,159
1517,150190160,2022-07-01,16.4,2.856470206220483,142,160
1518,150190160,2022-07-18,6.37,1.9974177062012453,142,161
1519,152180130,2022-05-02,2.07,1.1216775615991057,147,32
1520,152180130,2022-05-10,1.11,0.7466879474879752,147,31
1521,152180130,2022-05-15,1.01,0.6981347220709844,147,30
1522,152180130,2022-06-19,0.55,0.4382549309311553,147,33
1523,152180130,2022-06-24,0.52,0.41871033485818504,147,29
1524,152180130,2022-06-26,0.52,0.41871033485818504,147,25
1525,152180130,2022-07-01,0.48,0.3920420877760237,147,26
1526,152180130,2022-07-14,0.22,0.1988508587451652,147,27
1527,152180130,2022-07-21,0.12,0.11332868530700317,147,28
1528,151210100,2022-05-09,0.95,0.6678293725756554,145,53
1529,151210100,2022-06-28,0.81,0.5933268452777344,145,52
1530,150180050,2022-05-10,7.42,2.130609828254235,137,145
1531,150180050,2022-05-15,6.57,2.0241930674493576,137,143
1532,150180050,2022-06-19,8.13,2.211565694606877,137,138
1533,150180050,2022-06-24,6.99,2.0781907597781832,137,139
1534,150180050,2022-06-26,7.43,2.131796772013764,137,141
1535,150180050,2022-07-01,6.05,1.9530276168241771,137,140
1536,150180050,2022-07-19,3.95,1.599387576580599,137,144
1537,150180050,2022-07-24,3.7,1.547562508716013,137,142
1538,152180030,2022-05-02,4.96,1.7850704810772584,140,151
1539,152180030,2022-05-15,4.83,1.763017000362401,140,146
1540,152180030,2022-06-19,2.92,1.366091653802371,140,144
1541,152180030,2022-06-24,3.13,1.4182774069729414,140,149
1542,152180030,2022-06-26,3.11,1.4134230285081433,140,145
1543,152180030,2022-07-01,3.16,1.425515074273172,140,152
1544,152180030,2022-07-14,3.61,1.5282278570085572,140,147
1545,152180030,2022-07-19,3.34,1.4678743481123135,140,148
1546,152180030,2022-07-21,3.54,1.5129270120532565,140,150
1547,151220120,2022-05-09,2.17,1.1537315878891892,145,21
1548,151220120,2022-05-16,1.82,1.0367368849500223,145,19
1549,151220120,2022-06-20,3.01,1.3887912413184778,145,20
1550,151220120,2022-06-28,2.11,1.1346227261911428,145,22
1551,152190080,2022-05-02,13.0,2.639057329615259,147,2
1552,152190080,2022-05-10,8.33,2.2332350148592526,146,249
1553,152190080,2022-05-15,6.1,1.9600947840472698,147,0
1554,152190080,2022-06-19,3.31,1.4609379041156565,146,244
1555,152190080,2022-06-24,4.7,1.7404661748405044,146,246
1556,152190080,2022-06-26,4.15,1.6389967146756448,146,247
1557,152190080,2022-07-01,3.17,1.4279160358107101,146,245
1558,152190080,2022-07-14,1.89,1.0612565021243408,146,248
1559,152190080,2022-07-19,2.04,1.1118575154181303,147,1
1560,154190100,2022-05-10,1.48,0.9082585601768908,147,150
1561,154190100,2022-06-24,0.62,0.4824261492442927,147,149
1562,154190100,2022-06-26,0.61,0.4762341789963716,147,151
1563,154190100,2022-07-21,0.51,0.412109650826833,147,152
1564,152230050,2022-05-09,4.51,1.706564623164823,146,132
1565,152230050,2022-05-16,3.85,1.578978704949392,146,134
1566,152230050,2022-06-20,5.53,1.8764069432883397,146,131
1567,152230050,2022-06-28,4.31,1.6695918352538475,146,133
1568,149190150,2022-06-03,3.68,1.5432981099295553,142,179
1569,149190150,2022-06-26,6.77,2.050270164379556,142,178
1570,149190150,2022-07-01,3.76,1.5602476682433286,142,176
1571,149190150,2022-07-18,2.48,1.247032293786383,142,177
1572,154200040,2022-07-21,0.44,0.36464311358790924,147,178
1573,152210020,2022-05-09,3.08,1.4060969884160703,145,132
1574,152210020,2022-06-11,8.12,2.21046980408624,145,130
1575,152210020,2022-06-26,3.94,1.597365331199831,145,134
1576,152210020,2022-06-28,3.3,1.4586150226995167,145,136
1577,152210020,2022-07-01,2.64,1.2919836816486494,145,135
1578,152210020,2022-07-13,1.43,0.8878912573524571,145,137
1579,152210020,2022-07-21,1.23,0.8020015854720274,145,133
1580,152210020,2022-07-28,1.61,0.9593502213346021,145,131
1581,151160100,2022-06-19,4.35,1.6770965609079151,138,59
1582,151160100,2022-06-27,13.5,2.6741486494265287,138,58
1583,151160100,2022-07-19,2.19,1.1600209167967532,138,57
1584,151160100,2022-07-24,2.43,1.2325602611778486,138,56
1585,153220010,2022-05-02,181.0,5.204006687076795,145,160
1586,153220010,2022-05-09,162.0,5.093750200806762,145,158
1587,153220010,2022-06-23,84.1,4.443827035579329,145,155
1588,153220010,2022-06-28,89.2,4.502029427068578,145,159
1589,153220010,2022-07-01,87.9,4.487512142519859,145,156
1590,153220010,2022-07-21,56.0,4.04305126783455,145,157
1591,150150050,2022-06-19,4.61,1.724550719534605,138,221
1592,150150050,2022-06-27,6.7,2.0412203288596382,138,222
1593,150150050,2022-07-19,2.46,1.2412685890696329,138,223
1594,150150050,2022-07-24,1.75,1.0116009116784799,138,224
1595,154160100,2022-05-18,0.47,0.3852624007906449,141,94
1596,154160100,2022-06-24,0.39,0.3293037471426004,141,93
1597,150150060,2022-06-19,18.5,2.970414465569701,138,185
1598,150150060,2022-06-27,24.9,3.254242968705492,138,183
1599,150150060,2022-07-19,15.7,2.8154087194227095,138,186
1600,150150060,2022-07-24,5.1,1.8082887711792655,138,184
1601,153160180,2022-06-19,21.2,3.100092288878234,140,226
1602,153160180,2022-06-24,21.0,3.091042453358316,140,224
1603,153160180,2022-06-27,19.6,3.0252910757955354,140,225
1604,153160180,2022-07-14,18.1,2.9496883350525844,140,223
1605,153160180,2022-07-19,17.4,2.91235066461494,140,222
1606,150200080,2022-06-03,24.1,3.2228678461377385,143,119
1607,150200080,2022-06-26,22.6,3.1612467120315646,143,116
1608,150200080,2022-07-01,20.6,3.0726933146901194,143,118
1609,150200080,2022-07-21,10.8,2.468099531471619,143,117
1610,150200080,2022-07-28,12.7,2.617395832834079,143,115
1611,153210190,2022-05-09,24.5,3.2386784521643803,146,19
1612,153210190,2022-06-23,13.7,2.6878474937846906,146,15
1613,153210190,2022-06-28,14.5,2.740840023925201,146,17
1614,153210190,2022-07-01,14.8,2.760009940032921,146,18
1615,153210190,2022-07-21,10.0,2.3978952727983707,146,16
1616,151180020,2022-05-05,12.2,2.580216829592325,140,17
1617,151180020,2022-05-10,10.6,2.451005098112319,140,16
1618,151180020,2022-05-15,9.19,2.321406847234633,140,14
1619,151180020,2022-06-19,7.16,2.0992441689760155,140,11
1620,151180020,2022-06-24,7.18,2.1016921506146558,140,13
1621,151180020,2022-07-01,6.61,2.0294631718735947,140,12
1622,151180020,2022-07-19,3.3,1.4586150226995167,140,15
1623,150190190,2022-06-03,0.73,0.5481214085096876,142,88
1624,150190190,2022-06-26,1.87,1.0543120297715298,142,89
1625,150190190,2022-07-01,0.65,0.5007752879124893,142,91
1626,150190190,2022-07-18,0.24,0.2151113796169455,142,87
1627,150190190,2022-07-28,0.4,0.33647223662121295,142,90
1628,152230040,2022-05-16,14.6,2.747270914255491,145,144
1629,152230040,2022-05-24,12.7,2.617395832834079,145,143
1630,151180140,2022-05-05,12.1,2.5726122302071057,139,183
1631,151180140,2022-05-10,11.0,2.4849066497880004,139,182
1632,151180140,2022-05-15,10.7,2.4595888418037104,139,181
1633,151180140,2022-06-19,9.77,2.3767644911682972,139,178
1634,151180140,2022-06-24,9.58,2.3589654264301534,139,180
1635,151180140,2022-07-19,5.74,1.9080599249242156,139,179
1636,150150190,2022-06-19,1.15,0.7654678421395714,138,232
1637,150150190,2022-06-27,2.07,1.1216775615991057,138,231
1638,150150190,2022-07-19,1.06,0.7227059828014898,138,230
1639,150150190,2022-07-24,0.78,0.5766133643039938,138,229
1640,149180230,2022-06-26,0.66,0.5068176023684519,142,62
1641,149180230,2022-07-01,0.35,0.30010459245033805,142,63
1642,154170130,2022-05-18,0.83,0.6043159668533296,141,153
1643,154170130,2022-06-24,0.7,0.5306282510621704,141,155
1644,154170130,2022-07-19,0.63,0.48858001481867097,141,154
1645,149220140,2022-05-16,0.81,0.5933268452777344,144,18
1646,149220140,2022-06-20,1.14,0.76080582903376,144,15
1647,149220140,2022-06-28,1.77,1.0188473201992472,144,19
1648,149220140,2022-07-20,0.48,0.3920420877760237,144,16
1649,149220140,2022-07-23,0.48,0.3920420877760237,144,17
1650,150210100,2022-06-03,9.35,2.336986519711378,143,158
1651,152140130,2022-05-15,191.0,5.2574953720277815,137,44
1652,152140130,2022-06-19,195.0,5.278114659230518,137,45
1653,152140130,2022-06-22,203.0,5.318119993844216,137,41
1654,152140130,2022-07-19,134.0,4.90527477843843,137,43
1655,152140130,2022-07-24,107.0,4.68213122712422,137,42
1656,150200100,2022-06-26,96.0,4.574710978503383,141,212
1657,150200100,2022-07-01,87.8,4.486386649998124,141,214
1658,150200100,2022-07-21,46.0,3.8501476017100584,141,213
1659,150190150,2022-06-26,2.49,1.2499017362143359,139,74
1660,150190150,2022-07-01,2.42,1.2296405510745139,139,75
1661,150140010,2022-06-19,4.8,1.7578579175523736,139,27
1662,150140010,2022-07-19,3.29,1.4562867329399256,139,29
1663,150140010,2022-07-24,3.88,1.5851452198650557,139,28
1664,149200010,2022-05-19,0.63,0.48858001481867097,143,73
1665,149200010,2022-07-03,1.27,0.8197798314933114,143,71
1666,149200010,2022-07-21,0.83,0.6043159668533296,143,72
1667,152230020,2022-05-09,5.56,1.8809906029559977,146,129
1668,152230020,2022-05-16,4.42,1.6900958154515549,146,127
1669,152230020,2022-06-20,6.24,1.979621206397625,146,128
1670,152180060,2022-05-05,1.0,0.6931471805599453,139,227
1671,152180060,2022-05-10,0.83,0.6043159668533296,139,226
1672,152180060,2022-05-15,0.6,0.4700036292457356,139,225
1673,152180060,2022-06-19,0.68,0.5187937934151676,139,220
1674,152180060,2022-06-24,0.12,0.11332868530700317,139,222
1675,152180060,2022-06-26,0.96,0.6729444732424258,139,221
1676,152180060,2022-07-01,0.2,0.18232155679395462,139,224
1677,152180060,2022-07-19,0.07,0.06765864847381481,139,223
1678,154230010,2022-07-21,1.22,0.7975071958841881,147,217
1679,152160140,2022-06-19,59.6,4.104294893075269,139,137
1680,152160140,2022-06-24,67.2,4.222444564849416,139,140
1681,152160140,2022-07-14,46.3,3.856510295497887,139,139
1682,152160140,2022-07-19,39.6,3.703768066607687,139,138
1683,154210020,2022-05-04,13.5,2.6741486494265287,147,185
1684,154210020,2022-05-09,10.6,2.451005098112319,147,184
1685,154210020,2022-05-24,7.05,2.085672091430472,147,183
1686,154210020,2022-06-26,4.4,1.6863989535702286,147,180
1687,154210020,2022-06-28,3.98,1.6054298910365616,147,179
1688,154210020,2022-07-13,3.55,1.515127232962859,147,181
1689,154210020,2022-07-21,2.76,1.324418957401803,147,182
1690,153220080,2022-05-09,17.8,2.9338568698359033,146,1
1691,153220080,2022-06-23,9.6,2.3608540011180215,145,249
1692,153220080,2022-07-21,4.86,1.7681496035889213,146,0
1693,149200170,2022-06-03,12.6,2.6100697927420065,143,2
1694,149200170,2022-06-26,16.5,2.8622008809294686,143,5
1695,149200170,2022-07-01,13.8,2.6946271807700692,143,4
1696,149200170,2022-07-21,5.15,1.8164520818184267,143,3
1697,150170110,2022-06-19,2.0,1.0986122886681096,137,118
1698,150170110,2022-07-19,0.5,0.4054651081081644,137,117
1699,154180260,2022-06-11,2.55,1.2669476034873244,147,143
1700,154180270,2022-06-11,2.41,1.2267122912954256,147,140
1701,154180260,2022-06-24,1.29,0.8285518175661483,147,144
1702,154180270,2022-06-24,3.19,1.4327007339340463,147,141
1703,154180260,2022-06-26,1.69,0.9895411936137477,147,142
1704,154180270,2022-06-26,3.08,1.4060969884160703,147,139
1705,152170040,2022-06-19,2.24,1.1755733298042381,140,92
1706,152170040,2022-06-24,2.24,1.1755733298042381,140,90
1707,152170040,2022-07-14,1.5,0.9162907318741551,140,89
1708,152170040,2022-07-19,1.35,0.8544153281560676,140,91
1709,154210080,2022-06-23,2.05,1.11514159061932,147,201
1710,154210080,2022-06-26,1.93,1.0750024230289759,147,200
1711,154210080,2022-06-28,1.97,1.0885619528146082,147,199
1712,154210080,2022-07-21,1.93,1.0750024230289759,147,198
1713,153220140,2022-05-09,23.0,3.1780538303479458,146,5
1714,153220140,2022-06-23,12.1,2.5726122302071057,146,6
1715,153220140,2022-06-28,11.2,2.501435951739211,146,4
1716,153220140,2022-07-01,9.42,2.343727036325221,146,3
1717,153220140,2022-07-21,6.69,2.0399207835175526,146,2
1718,150190120,2022-06-26,2.08,1.1249295969854831,142,92
1719,150190120,2022-07-01,2.08,1.1249295969854831,142,93
1720,151190090,2022-06-03,18.5,2.970414465569701,145,67
1721,151190090,2022-06-26,16.5,2.8622008809294686,145,66
1722,151190090,2022-07-01,15.7,2.8154087194227095,145,68
1723,151190090,2022-07-21,8.76,2.278292400425001,145,69
1724,151190090,2022-07-28,9.41,2.3427668826268775,145,65
1725,149220190,2022-06-03,139.0,4.941642422609304,143,226
1726,149220190,2022-06-08,80.3,4.398146016553765,143,230
1727,149220190,2022-06-13,141.0,4.955827057601261,143,225
1728,149220190,2022-06-20,75.6,4.338597076746545,143,227
1729,149220190,2022-06-25,73.2,4.3067641501733345,143,224
1730,149220190,2022-06-28,77.3,4.360547602996757,143,228
1731,149220190,2022-07-20,20.4,3.0633909220278057,143,229
1732,151140030,2022-05-15,0.28,0.2468600779315258,139,64
1733,151140030,2022-06-19,0.21,0.1906203596086497,139,62
1734,151140030,2022-06-22,0.24,0.2151113796169455,139,65
1735,151140030,2022-07-19,0.12,0.11332868530700317,139,63
1736,151140040,2022-06-19,14.6,2.747270914255491,139,38
1737,151140040,2022-06-22,14.6,2.747270914255491,139,40
1738,151140040,2022-07-19,11.5,2.5257286443082556,139,39
1739,151140040,2022-07-24,9.51,2.3523271848888596,139,37
1740,149180220,2022-06-26,0.97,0.6780335427498971,142,73
1741,149180220,2022-07-01,0.41,0.3435897043900769,142,74
1742,153210170,2022-05-09,29.2,3.407841924380824,146,23
1743,153210170,2022-06-23,17.2,2.9014215940827497,146,20
1744,153210170,2022-07-01,17.2,2.9014215940827497,146,22
1745,153210170,2022-07-21,12.8,2.624668592163159,146,21
1746,151220140,2022-06-20,1.48,0.9082585601768908,144,249
1747,151220140,2022-06-25,1.41,0.8796267475025636,145,0
1748,151220140,2022-06-28,1.38,0.8671004876833832,145,1
1749,151220140,2022-07-20,0.49,0.3987761199573678,145,2
1750,149210150,2022-06-03,4.88,1.7715567619105355,144,87
1751,149210150,2022-06-20,1.57,0.9439058989071285,144,88
1752,149210150,2022-06-28,1.5,0.9162907318741551,144,89
1753,149210150,2022-07-20,0.24,0.2151113796169455,144,91
1754,149210150,2022-07-23,0.21,0.1906203596086497,144,90
1755,151210190,2022-05-09,380.0,5.942799375126701,141,237
1756,151210190,2022-06-28,479.0,6.173786103901937,141,236
1757,151210190,2022-07-28,228.0,5.43372200355424,141,235
1758,153150180,2022-06-19,1.71,0.9969486348916095,141,19
1759,153150180,2022-06-24,1.69,0.9895411936137477,141,17
1760,153150180,2022-07-14,1.31,0.8372475245337022,141,16
1761,153150180,2022-07-19,1.19,0.7839015438284094,141,18
1762,150210130,2022-06-28,28.5,3.3843902633457743,143,173
1763,150180170,2022-06-26,0.62,0.4824261492442927,137,108
1764,152170080,2022-05-10,72.9,4.302712827954156,139,123
1765,152170080,2022-05-15,61.4,4.133565275375382,139,122
1766,152170080,2022-06-19,51.6,3.9627161197436642,139,118
1767,152170080,2022-06-24,56.6,4.053522567701846,139,119
1768,152170080,2022-07-19,29.0,3.4011973816621555,139,120
1769,152170080,2022-07-21,29.8,3.427514689979529,139,121
1770,149190340,2022-05-19,1.03,0.708035793053696,142,234
1771,149190340,2022-06-03,1.32,0.8415671856782186,142,235
1772,149190340,2022-06-26,0.79,0.5822156198526637,142,239
1773,149190340,2022-07-01,0.77,0.5709795465857378,142,236
1774,149190340,2022-07-03,0.69,0.5247285289349821,142,237
1775,149190340,2022-07-21,0.48,0.3920420877760237,142,238
1776,150180060,2022-05-10,34.9,3.580737295494233,137,10
1777,150180060,2022-06-19,59.7,4.1059436980654525,137,5
1778,150180060,2022-06-24,41.3,3.744787086052232,137,7
1779,150180060,2022-06-26,55.0,4.02535169073515,137,9
1780,150180060,2022-07-01,45.6,3.8416005411316,137,11
1781,150180060,2022-07-19,24.3,3.2308043957334744,137,6
1782,150180060,2022-07-24,20.5,3.068052935133617,137,8
1783,150170180,2022-06-19,4.38,1.682688374173693,137,116
1784,150170180,2022-07-19,1.26,0.8153648132841945,137,115
1785,153220240,2022-07-21,2.66,1.297463147413275,145,222
1786,150190080,2022-06-03,3.51,1.5062971535145868,142,99
1787,150190080,2022-06-26,5.06,1.801709800081223,142,100
1788,150190080,2022-07-01,4.62,1.7263316639055997,142,101
1789,150190080,2022-07-18,2.47,1.244154593958768,142,98
1790,150210210,2022-06-03,338.0,5.82600010738045,144,7
1791,150210210,2022-06-20,167.0,5.123963979403259,144,11
1792,150210210,2022-06-25,157.0,5.062595033026967,144,9
1793,150210210,2022-06-28,194.0,5.272999558563747,144,8
1794,150210210,2022-07-20,67.2,4.222444564849416,144,10
1795,149190270,2022-06-03,2.24,1.1755733298042381,142,222
1796,149190270,2022-06-26,1.97,1.0885619528146082,142,223
1797,149190270,2022-07-01,1.4,0.8754687373538999,142,225
1798,149190270,2022-07-21,0.71,0.5364933705145685,142,224
1799,151160250,2022-05-15,0.033,0.032467190137501496,138,155
1800,151160250,2022-06-19,0.033,0.032467190137501496,138,156
1801,151160250,2022-06-22,0.034,0.03343477608623739,138,153
1802,151160250,2022-06-24,0.034,0.03343477608623739,138,152
1803,151160250,2022-07-04,0.031,0.030529205034822874,138,157
1804,151160250,2022-07-19,0.023,0.02273948696948943,138,154
1805,149190050,2022-05-19,4.28,1.66392609771817,142,140
1806,149190050,2022-06-03,4.33,1.6733512381777533,142,143
1807,149190050,2022-06-11,9.46,2.347558458636777,142,145
1808,149190050,2022-07-01,3.98,1.6054298910365616,142,142
1809,149190050,2022-07-03,3.36,1.4724720573609429,142,141
1810,149190050,2022-07-21,1.42,0.8837675401685949,142,144
1811,153220200,2022-05-09,9.24,2.3263016196113617,145,239
1812,153160270,2022-06-24,0.27,0.23901690047049992,140,241
1813,153160270,2022-06-27,0.27,0.23901690047049992,140,242
1814,150210010,2022-06-03,1.5,0.9162907318741551,143,151
1815,150210010,2022-06-28,1.13,0.7561219797213337,143,154
1816,150210010,2022-07-01,0.97,0.6780335427498971,143,155
1817,150210010,2022-07-21,0.71,0.5364933705145685,143,152
1818,150210010,2022-07-28,0.79,0.5822156198526637,143,153
1819,153150050,2022-06-27,6.11,1.9615022438151495,141,46
1820,151140050,2022-06-19,3.29,1.4562867329399256,139,57
1821,151140050,2022-07-19,1.15,0.7654678421395714,139,56
1822,151140050,2022-07-24,0.71,0.5364933705145685,139,55
1823,153190120,2022-05-02,18.4,2.9652730660692823,147,45
1824,153190120,2022-05-10,17.6,2.9231615807191558,147,44
1825,153190120,2022-06-24,8.79,2.281361456542419,147,43
1826,153190120,2022-07-21,5.11,1.809926773183504,147,42
1827,151210060,2022-06-26,11.2,2.501435951739211,145,42
1828,151210060,2022-06-28,10.4,2.4336133554004498,145,43
1829,151210060,2022-07-01,9.06,2.3085671646715933,145,41
1830,151210060,2022-07-21,4.15,1.6389967146756448,145,39
1831,151210060,2022-07-28,5.53,1.8764069432883397,145,40
1832,151180170,2022-06-26,6.86,2.061786606441115,139,177
1833,153180150,2022-06-24,3.04,1.3962446919730587,147,118
1834,149210010,2022-05-19,2.11,1.1346227261911428,143,177
1835,149210010,2022-06-03,8.76,2.278292400425001,143,176
1836,149210010,2022-06-28,2.01,1.1019400787607843,143,179
1837,149210010,2022-07-03,1.92,1.0715836162801904,143,178
1838,149210010,2022-07-23,1.92,1.0715836162801904,143,175
1839,151230020,2022-05-09,0.75,0.5596157879354227,146,136
1840,151230020,2022-06-20,0.7,0.5306282510621704,146,135
1841,151230020,2022-06-28,0.55,0.4382549309311553,146,137
1842,151230050,2022-06-20,2.97,1.3787660946990992,146,122
1843,151230050,2022-07-20,1.28,0.8241754429663495,146,123
1844,150220020,2022-06-03,10.4,2.4336133554004498,144,157
1845,150220020,2022-06-20,3.73,1.5539252025038417,144,160
1846,150220020,2022-06-25,4.05,1.6193882432872684,144,156
1847,150220020,2022-06-28,3.82,1.5727739280625088,144,159
1848,150220020,2022-07-20,1.87,1.0543120297715298,144,158
1849,150180110,2022-06-26,1.76,1.0152306797290587,137,81
1850,150180110,2022-07-01,1.43,0.8878912573524571,137,82
1851,149190160,2022-06-03,1.14,0.76080582903376,142,218
1852,149190160,2022-06-26,1.0,0.6931471805599453,142,220
1853,149190160,2022-07-01,0.44,0.36464311358790924,142,221
1854,149190160,2022-07-18,0.1,0.09531017980432487,142,219
1855,150180140,2022-06-26,0.65,0.5007752879124893,137,83
1856,150180140,2022-07-01,0.53,0.4252677354043441,137,84
1857,150180280,2022-06-26,0.41,0.3435897043900769,137,78
1858,150180130,2022-06-26,1.45,0.8960880245566356,137,79
1859,150180130,2022-07-01,1.14,0.76080582903376,137,80
1860,149220160,2022-06-03,4.24,1.6563214983329508,144,51
1861,149220160,2022-06-08,1.73,1.0043016091968684,144,50
1862,149220160,2022-06-13,2.02,1.1052568313867783,144,49
1863,149220160,2022-06-20,1.23,0.8020015854720274,144,45
1864,149220160,2022-06-25,1.07,0.7275486072772778,144,46
1865,149220160,2022-06-28,1.07,0.7275486072772778,144,47
1866,149220160,2022-07-20,0.58,0.4574248470388754,144,48
1867,152160120,2022-06-19,0.2,0.18232155679395462,140,97
1868,152160120,2022-06-24,0.2,0.18232155679395462,140,98
1869,152160120,2022-06-27,0.16,0.14842000511827327,140,99
1870,152160120,2022-07-14,0.08,0.07696104113612832,140,101
1871,152160120,2022-07-19,0.07,0.06765864847381481,140,100
1872,151160160,2022-05-10,0.74,0.5538851132264376,138,132
1873,151160160,2022-06-19,0.26,0.23111172096338664,138,131
1874,151160160,2022-06-24,0.36,0.3074846997479606,138,134
1875,151160160,2022-07-19,0.16,0.14842000511827327,138,133
1876,153190060,2022-05-02,0.72,0.5423242908253616,147,81
1877,153190060,2022-05-10,0.53,0.4252677354043441,147,80
1878,153190060,2022-06-19,0.36,0.3074846997479606,147,76
1879,153190060,2022-06-24,0.41,0.3435897043900769,147,77
1880,153190060,2022-06-26,0.41,0.3435897043900769,147,84
1881,153190060,2022-07-01,0.3,0.26236426446749106,147,79
1882,153190060,2022-07-14,0.24,0.2151113796169455,147,82
1883,153190060,2022-07-19,0.22,0.1988508587451652,147,83
1884,153190060,2022-07-21,0.22,0.1988508587451652,147,78
1885,150210040,2022-06-26,1.12,0.7514160886839212,144,184
1886,150210040,2022-06-28,0.76,0.5653138090500605,144,185
1887,150210040,2022-07-01,0.56,0.44468582126144574,144,187
1888,150210040,2022-07-21,0.23,0.20701416938432615,144,188
1889,150210040,2022-07-28,0.27,0.23901690047049992,144,186
1890,151160080,2022-06-19,1.67,0.9820784724121581,138,74
1891,151160080,2022-06-27,4.05,1.6193882432872684,138,75
1892,151160080,2022-07-19,0.8,0.5877866649021191,138,72
1893,151160080,2022-07-24,0.71,0.5364933705145685,138,73
1894,150220010,2022-06-20,19.6,3.0252910757955354,144,104
1895,150220010,2022-06-25,19.6,3.0252910757955354,144,105
1896,150220010,2022-06-28,18.3,2.9601050959108397,144,107
1897,150220010,2022-06-30,14.8,2.760009940032921,144,106
1898,150220070,2022-06-03,305.0,5.723585101952381,144,0
1899,150220070,2022-06-08,152.0,5.030437921392435,143,248
1900,150220070,2022-06-20,133.0,4.897839799950911,143,247
1901,150220070,2022-06-25,121.0,4.804021044733257,143,244
1902,150220070,2022-06-28,154.0,5.043425116919247,143,245
1903,150220070,2022-06-30,132.0,4.890349128221754,143,249
1904,150220070,2022-07-20,43.7,3.7999735016195233,143,246
1905,151160020,2022-06-19,1.6,0.9555114450274365,138,48
1906,151160020,2022-06-27,3.39,1.47932922708708,138,51
1907,151160020,2022-07-19,1.04,0.712949807856125,138,49
1908,151160020,2022-07-24,0.92,0.6523251860396903,138,50
1909,152170120,2022-05-10,0.96,0.6729444732424258,139,238
1910,152170120,2022-05-15,0.85,0.6151856390902335,139,239
1911,152170120,2022-06-19,0.4,0.33647223662121295,139,237
1912,152170120,2022-06-24,0.57,0.4510756193602167,139,236
1913,152170120,2022-06-26,0.46,0.3784364357202451,139,242
1914,152170120,2022-07-19,0.2,0.18232155679395462,139,240
1915,152170120,2022-07-21,0.25,0.22314355131420976,139,241
1916,153190140,2022-05-02,11.4,2.517696472610991,147,41
1917,153190140,2022-05-10,10.8,2.468099531471619,147,40
1918,153190140,2022-06-24,4.53,1.7101878155342436,147,38
1919,153190140,2022-07-21,2.89,1.358409157630355,147,39
1920,150210170,2022-06-03,527.0,6.269096283706261,141,226
1921,150210170,2022-06-28,296.0,5.6937321388027,141,227
1922,152200060,2022-05-09,3.46,1.4951487660319727,146,183
1923,152200060,2022-07-01,0.71,0.5364933705145685,146,180
1924,152200060,2022-07-03,0.6,0.4700036292457356,146,181
1925,152200060,2022-07-21,0.28,0.2468600779315258,146,182
1926,153200050,2022-07-21,0.48,0.3920420877760237,146,173
1927,154180010,2022-06-19,0.7,0.5306282510621704,147,123
1928,154180010,2022-06-24,0.67,0.5128236264286637,147,122
1929,154180010,2022-07-19,0.56,0.44468582126144574,147,121
1930,150220040,2022-06-03,4.98,1.7884205679625405,144,136
1931,150220040,2022-06-20,1.37,0.8628899551470399,144,133
1932,150220040,2022-06-25,1.28,0.8241754429663495,144,137
1933,150220040,2022-06-28,1.56,0.9400072584914712,144,135
1934,150220040,2022-06-30,1.22,0.7975071958841881,144,134
1935,152140110,2022-06-22,1.34,0.8501509293696101,139,66
1936,154210010,2022-05-04,42.4,3.770459441106359,147,177
1937,154210010,2022-06-26,17.4,2.91235066461494,147,176
1938,154210010,2022-06-28,17.5,2.917770732084279,147,173
1939,154210010,2022-07-13,14.6,2.747270914255491,147,174
1940,154210010,2022-07-21,13.4,2.667228206581955,147,175
1941,154160040,2022-06-24,0.98,0.6830968447064438,141,73
1942,154160040,2022-06-27,0.96,0.6729444732424258,141,74
1943,154160040,2022-07-12,0.86,0.6205764877251099,141,72
1944,151220110,2022-05-09,3.54,1.5129270120532565,145,11
1945,151220110,2022-06-20,7.38,2.1258479144939915,145,13
1946,151220110,2022-06-28,4.59,1.7209792871670078,145,12
1947,149210160,2022-06-03,14.3,2.72785282839839,144,92
1948,149210160,2022-06-20,4.04,1.6174060820832772,144,93
1949,149210160,2022-06-28,1.97,1.0885619528146082,144,95
1950,149210160,2022-07-23,0.51,0.412109650826833,144,94
1951,150140020,2022-06-19,6.33,1.9919755158985601,139,30
1952,150140020,2022-07-19,4.86,1.7681496035889213,139,31
1953,150140020,2022-07-24,7.47,2.136530508663963,139,32
1954,151180080,2022-05-05,43.7,3.7999735016195233,139,95
1955,151180080,2022-05-10,39.7,3.7062280924485496,139,94
1956,151180080,2022-05-15,36.8,3.632309102625542,139,93
1957,151180080,2022-06-19,38.8,3.6838669122903918,139,89
1958,151180080,2022-06-24,36.0,3.6109179126442243,139,90
1959,151180080,2022-06-26,37.0,3.6375861597263857,139,91
1960,151180080,2022-07-19,22.3,3.148453360571655,139,92
1961,150200060,2022-06-03,113.0,4.736198448394496,141,208
1962,150200060,2022-06-26,78.0,4.3694478524670215,141,209
1963,150200060,2022-07-01,70.4,4.268297869345539,141,210
1964,150200060,2022-07-21,36.0,3.6109179126442243,141,211
1965,152190110,2022-05-10,1.83,1.0402767116551463,147,4
1966,152190110,2022-06-19,0.9,0.6418538861723948,147,3
1967,152190110,2022-06-24,1.0,0.6931471805599453,147,6
1968,152190110,2022-07-01,0.82,0.598836501088704,147,5
1969,154170030,2022-05-18,2.58,1.275362800412609,141,118
1970,154170030,2022-06-24,2.2,1.1631508098056809,141,117
1971,154170030,2022-06-27,2.13,1.1410330045520618,141,116
1972,154170030,2022-07-19,2.02,1.1052568313867783,141,119
1973,149190220,2022-06-03,1.68,0.9858167945227653,142,211
1974,149190220,2022-06-26,2.88,1.355835153635182,142,212
1975,149190220,2022-07-18,1.01,0.6981347220709844,142,213
1976,149190220,2022-07-21,0.92,0.6523251860396903,142,214
1977,149180100,2022-06-26,7.53,2.143589361503588,141,186
1978,149180100,2022-07-01,3.48,1.4996230464268938,141,185
1979,150170140,2022-05-10,20.7,3.077312260546414,137,177
1980,150170140,2022-06-19,24.5,3.2386784521643803,137,173
1981,150170140,2022-06-26,41.2,3.742420221041966,137,176
1982,150170140,2022-07-19,17.3,2.9069010598473755,137,174
1983,150170140,2022-07-21,16.8,2.8791984572980396,137,175
1984,152150110,2022-05-15,129.0,4.867534450455582,139,160
1985,152150110,2022-06-19,77.0,4.356708826689592,139,156
1986,152150110,2022-06-24,87.7,4.485259889315534,139,158
1987,152150110,2022-07-14,65.3,4.194189897191817,139,157
1988,152150110,2022-07-19,57.6,4.070734696582967,139,159
1989,151160260,2022-05-15,0.18,0.16551443847757338,138,139
1990,151160260,2022-06-19,0.12,0.11332868530700317,138,136
1991,151160260,2022-06-22,0.14,0.1310282624064041,138,138
1992,151160260,2022-06-24,0.13,0.12221763272424921,138,135
1993,151160260,2022-07-19,0.044,0.04305948946044697,138,137
1994,150190250,2022-06-03,1.22,0.7975071958841881,142,129
1995,150190250,2022-06-26,1.38,0.8671004876833832,142,130
1996,150190250,2022-07-01,0.9,0.6418538861723948,142,131
1997,150190250,2022-07-18,0.9,0.6418538861723948,142,128
1998,152180050,2022-05-05,77.7,4.365643155423357,139,117
1999,152180050,2022-05-10,60.2,4.11414718951828,139,116
2000,152180050,2022-05-15,51.3,3.9569963710708773,139,115
2001,152180050,2022-06-19,47.2,3.8753590210565547,139,112
2002,152180050,2022-06-24,51.7,3.9646154555473165,139,113
2003,152180050,2022-07-19,27.9,3.3638415951183864,139,114
2004,150200090,2022-06-03,1.75,1.0116009116784799,143,141
2005,150200090,2022-06-26,4.43,1.691939133945844,143,142
2006,150200090,2022-07-01,1.16,0.7701082216960736,143,139
2007,150200090,2022-07-21,0.72,0.5423242908253616,143,140
2008,150200090,2022-07-28,0.97,0.6780335427498971,143,143
2009,151200110,2022-06-11,11.9,2.5572273113676265,145,38
2010,151200110,2022-07-01,5.1,1.8082887711792655,145,36
2011,151200110,2022-07-13,2.2,1.1631508098056809,145,34
2012,151200110,2022-07-21,2.44,1.235471471385307,145,37
2013,151200110,2022-07-28,2.34,1.205970806988609,145,35
2014,152140050,2022-06-22,234.0,5.459585514144159,137,46
2015,154170010,2022-05-18,16.1,2.8390784635086144,141,108
2016,154170010,2022-06-24,12.4,2.5952547069568657,141,109
2017,154170010,2022-06-27,12.3,2.5877640352277083,141,111
2018,154170010,2022-07-19,10.8,2.468099531471619,141,110
2019,154200030,2022-07-21,8.68,2.2700619012884857,147,172
2020,150190260,2022-06-03,57.7,4.072439726834051,141,199
2021,150190260,2022-06-26,43.2,3.7887247890836524,141,201
2022,150190260,2022-07-01,40.2,3.7184382563554808,141,202
2023,150190260,2022-07-18,28.8,3.3945083935113587,141,200
2024,152150170,2022-05-15,5.45,1.864080130807681,138,149
2025,152150170,2022-06-19,1.93,1.0750024230289759,138,146
2026,152150170,2022-06-22,2.21,1.1662709371419244,138,148
2027,152150170,2022-06-24,2.02,1.1052568313867783,138,147
2028,152150170,2022-07-04,1.98,1.091923300517313,138,151
2029,152150170,2022-07-19,1.21,0.7929925155296614,138,150
2030,154170060,2022-05-18,7.9,2.186051276738094,141,139
2031,154170060,2022-06-24,6.88,2.064327903869788,141,137
2032,154170060,2022-06-27,6.8,2.0541237336955462,141,140
2033,154170060,2022-07-19,6.45,2.0082140323914683,141,138
2034,153170140,2022-06-19,22.3,3.148453360571655,147,98
2035,153170140,2022-06-24,20.9,3.086486636822455,147,95
2036,153170140,2022-07-14,17.2,2.9014215940827497,147,94
2037,153170140,2022-07-19,20.5,3.068052935133617,147,96
2038,153170140,2022-07-21,16.1,2.8390784635086144,147,97
2039,151220100,2022-06-20,6.66,2.0360119837525,145,10
2040,151220100,2022-06-25,7.35,2.122261538862764,145,9
2041,151220100,2022-06-28,6.88,2.064327903869788,145,8
2042,151220100,2022-07-20,4.87,1.769854633840005,145,7
2043,153230080,2022-05-09,0.95,0.6678293725756554,145,204
2044,153230080,2022-05-24,0.88,0.6312717768418579,145,203
2045,153230080,2022-06-10,1.02,0.7030975114131134,145,202
2046,153230140,2022-05-09,2.13,1.1410330045520618,145,201
2047,153230140,2022-05-24,1.9,1.0647107369924282,145,200
2048,153230140,2022-06-10,2.38,1.2178757094949273,145,199
2049,154170120,2022-05-18,3.66,1.5390154481375546,141,103
2050,154170120,2022-06-24,2.46,1.2412685890696329,141,102
2051,154170120,2022-06-27,2.43,1.2325602611778486,141,104
2052,154170120,2022-07-19,2.27,1.184789984909162,141,101
2053,151200020,2022-06-11,39.7,3.7062280924485496,145,75
2054,151200020,2022-06-26,31.3,3.475067230228611,145,78
2055,151200020,2022-07-01,30.1,3.4372078191851885,145,79
2056,151200020,2022-07-13,15.6,2.8094026953624973,145,76
2057,151200020,2022-07-21,13.6,2.681021528714291,145,80
2058,151200020,2022-07-28,19.1,3.0007198150650303,145,77
2059,153210050,2022-05-09,2.7,1.308332819650179,146,30
2060,153210050,2022-06-23,2.68,1.3029127521808397,146,27
2061,153210050,2022-07-01,2.68,1.3029127521808397,146,29
2062,153210050,2022-07-21,2.05,1.11514159061932,146,28
2063,149200140,2022-05-19,12.4,2.5952547069568657,143,40
2064,149200140,2022-07-03,27.8,3.3603753871419,143,39
2065,149200140,2022-07-21,28.5,3.3843902633457743,143,41
2066,150180100,2022-05-10,6.22,1.9768549529047348,137,137
2067,150180100,2022-06-19,6.77,2.050270164379556,137,131
2068,150180100,2022-06-24,5.78,1.9139771019523042,137,132
2069,150180100,2022-06-26,6.39,2.0001277349601105,137,133
2070,150180100,2022-07-01,5.09,1.8066480817218056,137,134
2071,150180100,2022-07-19,3.24,1.4445632692438664,137,135
2072,150180100,2022-07-24,3.02,1.3912819026309298,137,136
2073,153160030,2022-06-24,0.25,0.22314355131420976,141,3
2074,153160030,2022-06-27,0.24,0.2151113796169455,141,4
2075,153150010,2022-06-27,4.57,1.7173950539391927,141,40
2076,154160070,2022-05-18,15.9,2.827313621929028,141,84
2077,154160070,2022-06-24,12.8,2.624668592163159,141,85
2078,154160070,2022-06-27,12.8,2.624668592163159,141,86
2079,154160070,2022-07-12,11.9,2.5572273113676265,141,87
2080,154160070,2022-07-19,11.1,2.4932054526026954,141,88
2081,149200220,2022-05-19,14.5,2.740840023925201,143,92
2082,150210060,2022-06-03,2.44,1.235471471385307,143,157
2083,150210060,2022-06-28,2.33,1.2029723039923526,143,156
2084,154179991,2022-06-24,0.16,0.14842000511827327,147,128
2085,154179991,2022-07-19,0.14,0.1310282624064041,147,127
2086,153160080,2022-06-24,0.32,0.2776317365982795,141,53
2087,153160080,2022-06-27,0.36,0.3074846997479606,141,54
2088,152200080,2022-05-09,1.48,0.9082585601768908,146,187
2089,152200080,2022-07-01,0.56,0.44468582126144574,146,184
2090,152200080,2022-07-03,0.5,0.4054651081081644,146,186
2091,152200080,2022-07-21,0.3,0.26236426446749106,146,185
2092,149200130,2022-06-03,2.12,1.1378330018213911,143,15
2093,149200130,2022-06-26,3.14,1.420695787837223,143,16
2094,149200130,2022-07-01,1.65,0.9745596399981308,143,17
2095,149200130,2022-07-21,0.7,0.5306282510621704,143,18
2096,153220130,2022-05-09,57.2,4.063885354737392,145,151
2097,153220130,2022-06-23,38.7,3.681351187693145,145,149
2098,153220130,2022-06-28,41.1,3.7400477406883357,145,150
2099,149190310,2022-06-03,7.63,2.1552445050953364,142,248
2100,149190310,2022-06-26,10.2,2.4159137783010487,142,246
2101,149190310,2022-07-21,2.8,1.33500106673234,142,247
2102,152210050,2022-05-09,0.75,0.5596157879354227,146,164
2103,152210050,2022-07-01,0.52,0.41871033485818504,146,162
2104,152210050,2022-07-21,0.24,0.2151113796169455,146,163
2105,150240010,2022-06-20,39.8,3.708682081410116,146,90
2106,150240010,2022-07-20,20.8,3.0819099697950434,146,91
2107,149220180,2022-05-16,0.88,0.6312717768418579,144,14
2108,149220180,2022-06-20,4.45,1.6956156086751528,144,13
2109,149220180,2022-07-20,1.15,0.7654678421395714,144,12
2110,149190200,2022-06-03,1.42,0.8837675401685949,142,216
2111,149190210,2022-06-03,5.55,1.8794650496471605,142,198
2112,149190200,2022-06-26,1.5,0.9162907318741551,142,217
2113,149190210,2022-06-26,5.84,1.922787731634459,142,199
2114,149190200,2022-07-18,0.39,0.3293037471426004,142,215
2115,149190210,2022-07-18,2.5,1.252762968495368,142,197
2116,151190100,2022-06-03,21.5,3.1135153092103742,145,70
2117,151190100,2022-06-26,23.8,3.2108436531709366,145,72
2118,151190100,2022-07-01,23.6,3.202746442938317,145,73
2119,151190100,2022-07-21,11.3,2.509599262378372,145,74
2120,151190100,2022-07-28,13.3,2.6602595372658615,145,71
2121,153230110,2022-05-09,6.95,2.0731719286662407,145,193
2122,153230110,2022-05-24,5.76,1.9110228900548727,145,194
2123,152220080,2022-05-04,25.2,3.265759410767051,145,146
2124,152220080,2022-05-16,19.6,3.0252910757955354,145,145
2125,150230060,2022-06-20,0.95,0.6678293725756554,144,241
2126,150230060,2022-06-25,1.06,0.7227059828014898,144,244
2127,150230060,2022-06-28,1.46,0.9001613499442714,144,243
2128,150230060,2022-07-20,0.82,0.598836501088704,144,242
2129,153170060,2022-05-08,11.1,2.4932054526026954,147,91
2130,153170060,2022-05-18,9.39,2.340843805111136,147,90
2131,153170070,2022-05-18,4.59,1.7209792871670078,147,105
2132,153170060,2022-06-24,8.41,2.2417729535972883,147,89
2133,153170070,2022-06-24,3.94,1.597365331199831,147,104
2134,150190070,2022-06-03,4.65,1.7316555451583495,142,121
2135,150190070,2022-06-26,3.95,1.599387576580599,142,120
2136,150190070,2022-07-01,3.96,1.601405740736836,142,123
2137,150190070,2022-07-18,3.5,1.5040773967762742,142,122
2138,149200020,2022-05-19,2.59,1.2781522025001875,143,67
2139,149200020,2022-07-03,5.2,1.8245492920510458,143,65
2140,149200020,2022-07-21,5.58,1.884034745337226,143,66
2141,150160110,2022-06-19,2.09,1.128171090909654,137,186
2142,150160110,2022-07-19,1.11,0.7466879474879752,137,187
2143,152160080,2022-06-19,0.48,0.3920420877760237,140,102
2144,152160080,2022-06-24,0.43,0.3576744442718159,140,104
2145,152160080,2022-06-27,0.47,0.3852624007906449,140,105
2146,152160080,2022-07-14,0.11,0.10436001532424277,140,103
2147,152160080,2022-07-19,0.06,0.058268908123975775,140,106
2148,149220020,2022-06-20,3.15,1.423108334242607,144,40
2149,149220020,2022-06-28,4.37,1.6808279085207734,144,41
2150,149220020,2022-07-20,0.72,0.5423242908253616,144,39
2151,149220020,2022-07-23,0.67,0.5128236264286637,144,38
2152,149200180,2022-05-19,1.11,0.7466879474879752,143,84
2153,149200180,2022-07-03,1.01,0.6981347220709844,143,83
2154,153220290,2022-05-09,2.05,1.11514159061932,145,224
2155,153160150,2022-05-08,1.46,0.9001613499442714,140,228
2156,153160150,2022-06-19,0.31,0.27002713721306015,140,227
2157,153160150,2022-06-24,0.32,0.2776317365982795,140,229
2158,153160150,2022-06-27,0.34,0.29266961396282,140,230
2159,151190020,2022-06-26,4.18,1.6448050562713916,139,176
2160,150210020,2022-06-03,332.0,5.808142489980444,141,223
2161,150210020,2022-06-28,259.0,5.560681631015528,141,222
2162,153210140,2022-05-09,2.19,1.1600209167967532,146,47
2163,153210140,2022-06-28,1.4,0.8754687373538999,146,46
2164,153210140,2022-07-01,1.1,0.7419373447293773,146,49
2165,153210140,2022-07-21,0.55,0.4382549309311553,146,48
2166,151150130,2022-05-15,3.01,1.3887912413184778,138,242
2167,151150130,2022-06-19,1.71,0.9969486348916095,138,237
2168,151150130,2022-06-22,2.32,1.199964782928397,138,239
2169,151150130,2022-06-24,2.1,1.1314021114911006,138,238
2170,151150130,2022-07-04,1.65,0.9745596399981308,138,240
2171,151150130,2022-07-19,0.81,0.5933268452777344,138,241
2172,153200020,2022-07-01,1.81,1.0331844833456545,146,174
2173,153200020,2022-07-21,0.91,0.6471032420585385,146,175
2174,153230070,2022-05-09,6.41,2.0028304393079956,145,213
2175,153230070,2022-06-10,3.35,1.4701758451005928,145,212
2176,151160130,2022-05-15,96.4,4.578826210648489,137,21
2177,151160130,2022-06-19,145.0,4.983606621708336,137,16
2178,151160130,2022-06-24,130.0,4.875197323201151,137,17
2179,151160130,2022-07-04,123.0,4.820281565605037,137,20
2180,151160130,2022-07-19,59.7,4.1059436980654525,137,19
2181,151160130,2022-07-24,68.1,4.235554730773624,137,18
2182,151160230,2022-05-10,1.11,0.7466879474879752,137,242
2183,151160230,2022-06-19,1.31,0.8372475245337022,137,238
2184,151160230,2022-06-26,1.27,0.8197798314933114,137,239
2185,151160230,2022-07-19,0.68,0.5187937934151676,137,241
2186,151160230,2022-07-21,0.68,0.5187937934151676,137,240
2187,152170010,2022-05-10,98.8,4.603168183317418,139,136
2188,152170010,2022-05-15,80.5,4.400603020246817,139,135
2189,152170010,2022-06-19,62.5,4.151039905898646,139,132
2190,152170010,2022-06-24,67.9,4.232656178019613,139,133
2191,152170010,2022-07-19,38.2,3.6686767467964168,139,134
2192,150160020,2022-06-19,1.38,0.8671004876833832,138,26
2193,150160020,2022-07-19,0.7,0.5306282510621704,138,27
2194,150160020,2022-07-24,0.53,0.4252677354043441,138,28
2195,153190010,2022-05-02,2.0,1.0986122886681096,147,120
2196,153190010,2022-06-24,0.86,0.6205764877251099,147,119
2197,151150170,2022-06-19,0.93,0.6575200029167942,138,44
2198,151150170,2022-06-27,1.8,1.0296194171811583,138,47
2199,151150170,2022-07-19,0.56,0.44468582126144574,138,45
2200,151150170,2022-07-24,0.49,0.3987761199573678,138,46
2201,153190190,2022-05-02,1.64,0.9707789171582247,147,75
2202,153190190,2022-06-24,1.01,0.6981347220709844,147,74
2203,151220080,2022-05-09,8.79,2.281361456542419,145,17
2204,151220080,2022-05-16,7.61,2.1529243184396396,145,16
2205,151220080,2022-06-20,13.4,2.667228206581955,145,14
2206,151220080,2022-06-28,9.35,2.336986519711378,145,15
2207,151220080,2022-07-28,4.27,1.6620303625532709,145,18
2208,154180150,2022-05-02,1590.0,7.372118028337787,142,56
2209,154180150,2022-06-11,1310.0,7.1785454837637,142,55
2210,154180150,2022-06-24,1210.0,7.099201743553092,142,54
2211,149220100,2022-05-16,2.06,1.1184149159642893,144,27
2212,149220100,2022-06-03,24.6,3.242592351485517,144,28
2213,149220100,2022-06-20,7.38,2.1258479144939915,144,26
2214,149220100,2022-06-28,15.5,2.803360380906535,144,23
2215,149220100,2022-07-20,1.53,0.9282193027394289,144,24
2216,149220100,2022-07-23,1.32,0.8415671856782186,144,25
2217,153180040,2022-06-24,0.94,0.6626879730752367,147,115
2218,150160080,2022-05-10,1.9,1.0647107369924282,137,189
2219,150160080,2022-06-19,1.56,0.9400072584914712,137,188
2220,150160080,2022-07-19,0.92,0.6523251860396903,137,190
2221,150160080,2022-07-24,0.85,0.6151856390902335,137,191
2222,150200040,2022-06-26,9.51,2.3523271848888596,143,137
2223,150200040,2022-07-01,6.16,1.9685099809725544,143,135
2224,150200040,2022-07-21,2.99,1.3837912309017721,143,138
2225,150200040,2022-07-28,3.36,1.4724720573609429,143,136
2226,153200040,2022-07-21,0.54,0.43178241642553783,147,157
2227,149210060,2022-06-03,20.8,3.0819099697950434,143,184
2228,149210060,2022-06-20,9.14,2.316487998163037,143,182
2229,149210060,2022-06-25,7.67,2.1598687907924505,143,185
2230,149210060,2022-06-30,6.49,2.0135687975291283,143,183
2231,153180090,2022-05-02,1520.0,7.327123292259293,142,42
2232,153180090,2022-05-10,1220.0,7.107425474110705,142,39
2233,153180090,2022-05-15,1050.0,6.957497370876951,142,34
2234,153180090,2022-06-24,1170.0,7.065613363597717,142,35
2235,153180090,2022-06-26,1090.0,6.994849985833071,142,37
2236,153180090,2022-07-01,1010.0,6.918695219020472,142,41
2237,153180090,2022-07-14,821.0,6.71174039505618,142,36
2238,153180090,2022-07-19,680.0,6.523562306149512,142,38
2239,153180090,2022-07-21,636.0,6.456769655572163,142,40
2240,151230010,2022-06-20,10.5,2.4423470353692043,144,219
2241,151230010,2022-06-25,13.2,2.653241964607215,144,220
2242,151230010,2022-06-28,14.9,2.766319109226186,144,222
2243,151230010,2022-07-20,8.23,2.222459048514761,144,221
2244,152170150,2022-05-05,1.61,0.9593502213346021,139,233
2245,152170150,2022-05-10,1.3,0.832909122935104,139,228
2246,152170150,2022-05-15,1.09,0.7371640659767197,139,234
2247,152170150,2022-06-19,0.59,0.46373401623214017,139,229
2248,152170150,2022-06-24,0.67,0.5128236264286637,139,230
2249,152170150,2022-06-26,0.8,0.5877866649021191,139,231
2250,152170150,2022-07-19,0.15,0.13976194237515868,139,235
2251,152170150,2022-07-21,0.27,0.23901690047049992,139,232
2252,149200110,2022-05-19,2.01,1.1019400787607843,143,79
2253,149200110,2022-07-03,7.49,2.138889000323256,143,78
2254,149200110,2022-07-21,11.4,2.517696472610991,143,77
2255,150220080,2022-06-08,38.1,3.66612246699132,144,113
2256,150220080,2022-06-13,37.4,3.648057459593681,144,110
2257,150220080,2022-06-20,33.1,3.529297384289471,144,111
2258,150220080,2022-06-25,26.7,3.3214324131932926,144,108
2259,150220080,2022-06-28,33.3,3.535145354171894,144,112
2260,150220080,2022-07-20,10.8,2.468099531471619,144,109
2261,152200020,2022-07-01,5.02,1.7950872593207297,146,167
2262,152200020,2022-07-21,2.76,1.324418957401803,146,168
2263,154150010,2022-06-05,17.9,2.9391619220655967,141,47
2264,154150010,2022-06-25,15.9,2.827313621929028,141,48
2265,154150010,2022-06-27,15.7,2.8154087194227095,141,49
2266,154150010,2022-07-20,11.4,2.517696472610991,141,50
2267,152230060,2022-05-04,0.39,0.3293037471426004,145,181
2268,152230060,2022-05-24,0.24,0.2151113796169455,145,180
2269,153170120,2022-06-19,18.8,2.9856819377004897,147,92
2270,153170120,2022-06-24,17.5,2.917770732084279,147,93
2271,150180020,2022-05-10,10.0,2.3978952727983707,137,149
2272,150180020,2022-06-19,4.24,1.6563214983329508,137,150
2273,150180020,2022-06-24,4.24,1.6563214983329508,137,148
2274,150180020,2022-06-26,4.24,1.6563214983329508,137,146
2275,150180020,2022-07-19,6.22,1.9768549529047348,137,147
2276,150180020,2022-07-24,5.64,1.8931119634883424,137,151
2277,150140030,2022-05-15,0.95,0.6678293725756554,139,49
2278,150140030,2022-06-19,0.8,0.5877866649021191,139,46
2279,150140030,2022-07-19,0.35,0.30010459245033805,139,47
2280,150140030,2022-07-24,0.46,0.3784364357202451,139,48
2281,150180120,2022-06-26,1.46,0.9001613499442714,137,85
2282,150180120,2022-07-01,1.26,0.8153648132841945,137,86
2283,153160020,2022-06-24,5.36,1.8500283773520307,141,55
2284,153160020,2022-06-27,5.22,1.827769906751088,141,56
2285,149200150,2022-05-19,1.47,0.9042181506398859,143,85
2286,149200150,2022-07-03,1.76,1.0152306797290587,143,86
2287,149200150,2022-07-21,0.9,0.6418538861723948,143,87
2288,149190040,2022-05-19,2.51,1.2556160374777745,142,162
2289,149190040,2022-07-03,2.05,1.11514159061932,142,163
2290,149190040,2022-07-18,1.03,0.708035793053696,142,165
2291,149190040,2022-07-21,0.85,0.6151856390902335,142,164
2292,153160170,2022-06-24,12.5,2.6026896854443837,140,157
2293,153160170,2022-06-27,11.8,2.5494451709255714,140,159
2294,153160170,2022-07-19,7.15,2.0980179272527715,140,158
2295,153160160,2022-06-24,34.5,3.56953269648137,140,160
2296,153160160,2022-06-27,33.3,3.535145354171894,140,162
2297,153160160,2022-07-19,27.9,3.3638415951183864,140,161
2298,153210080,2022-05-09,4.52,1.7083778602890038,146,34
2299,153210080,2022-06-23,3.88,1.5851452198650557,146,33
2300,153210080,2022-06-28,3.17,1.4279160358107101,146,32
2301,153210080,2022-07-01,3.22,1.4398351280479205,146,35
2302,153210080,2022-07-21,3.19,1.4327007339340463,146,31
2303,151180110,2022-05-05,48.4,3.899950424193877,139,103
2304,151180110,2022-05-10,37.0,3.6375861597263857,139,102
2305,151180110,2022-05-15,31.4,3.4781584227982836,139,99
2306,151180110,2022-06-19,38.4,3.673765816303888,139,96
2307,151180110,2022-06-24,43.3,3.7909846770510898,139,97
2308,151180110,2022-06-26,42.2,3.765840495250065,139,98
2309,151180110,2022-07-01,41.0,3.7376696182833684,139,101
2310,151180110,2022-07-19,23.4,3.1945831322991562,139,100
2311,149180110,2022-07-01,2.18,1.1568811967920856,141,184
2312,149190180,2022-06-03,13.4,2.667228206581955,142,201
2313,149190180,2022-06-26,13.6,2.681021528714291,142,202
2314,149190180,2022-07-01,11.8,2.5494451709255714,142,203
2315,149190180,2022-07-18,6.74,2.046401687601636,142,200
2316,153210120,2022-05-02,3.79,1.5665304114228238,146,59
2317,153210120,2022-05-09,3.13,1.4182774069729414,146,56
2318,153210120,2022-06-28,1.74,1.007957920399979,146,58
2319,153210120,2022-07-01,1.47,0.9042181506398859,146,55
2320,153210120,2022-07-21,0.93,0.6575200029167942,146,57
2321,150210070,2022-06-03,10.0,2.3978952727983707,143,150
2322,150210070,2022-06-28,2.89,1.358409157630355,143,149
2323,152210170,2022-06-11,835.0,6.728628613084702,142,6
2324,152210170,2022-06-26,595.0,6.39024066706535,142,7
2325,152210170,2022-07-01,646.0,6.472346294500901,142,8
2326,152210170,2022-07-13,470.0,6.154858094016418,142,10
2327,152210170,2022-07-21,347.0,5.8522024797744745,142,9
2328,152210170,2022-07-28,304.0,5.720311776607412,142,5
2329,152210040,2022-05-09,544.0,6.300785794663244,142,3
2330,152210040,2022-06-11,836.0,6.729824070489475,141,249
2331,152210040,2022-06-26,605.0,6.406879986069314,141,248
2332,152210040,2022-06-28,580.0,6.364750756851911,142,0
2333,152210040,2022-07-01,662.0,6.4967749901858625,142,1
2334,152210040,2022-07-13,472.0,6.159095388491933,142,4
2335,152210040,2022-07-21,347.0,5.8522024797744745,142,2
2336,152210040,2022-07-28,299.0,5.703782474656201,141,247
2337,154180050,2022-05-18,0.07,0.06765864847381481,141,157
2338,154180050,2022-06-24,0.07,0.06765864847381481,141,158
2339,154180050,2022-07-12,0.07,0.06765864847381481,141,156
2340,154180050,2022-07-19,0.07,0.06765864847381481,141,159
2341,154170180,2022-06-19,2.34,1.205970806988609,147,110
2342,154170180,2022-06-24,2.24,1.1755733298042381,147,109
2343,154170180,2022-07-19,1.93,1.0750024230289759,147,108
2344,151210010,2022-06-03,4.85,1.766441661243765,144,165
2345,151210010,2022-06-26,5.46,1.8656293177945105,144,168
2346,151210010,2022-07-01,2.54,1.264126727145683,144,167
2347,151210010,2022-07-21,1.16,0.7701082216960736,144,166
2348,150190280,2022-06-26,7.31,2.1174596088673567,145,61
2349,150190280,2022-07-01,4.56,1.715598108262491,145,64
2350,150190280,2022-07-13,3.02,1.3912819026309298,145,62
2351,150190280,2022-07-21,2.53,1.2612978709452054,145,63
2352,150190280,2022-07-28,3.25,1.4469189829363254,145,60
2353,151200070,2022-06-03,0.68,0.5187937934151676,145,102
2354,151200070,2022-07-01,0.68,0.5187937934151676,145,100
2355,151200070,2022-07-21,0.2,0.18232155679395462,145,101
2356,151200070,2022-07-28,0.22,0.1988508587451652,145,99
2357,154180080,2022-06-24,3.34,1.4678743481123135,141,165
2358,150180230,2022-06-26,1.07,0.7275486072772778,137,152
2359,150180230,2022-07-01,0.73,0.5481214085096876,137,153
2360,154210070,2022-06-23,2.06,1.1184149159642893,147,194
2361,154210070,2022-06-26,1.99,1.095273387402595,147,197
2362,154210070,2022-06-28,2.04,1.1118575154181303,147,196
2363,154210070,2022-07-21,1.82,1.0367368849500223,147,195
2364,151180150,2022-05-15,0.28,0.2468600779315258,139,189
2365,151180150,2022-06-26,0.35,0.30010459245033805,139,188
2366,153140080,2022-07-20,0.7,0.5306282510621704,141,42
2367,153200160,2022-06-28,2.24,1.1755733298042381,146,71
2368,153200160,2022-07-03,2.07,1.1216775615991057,146,72
2369,153200160,2022-07-21,1.28,0.8241754429663495,146,73
2370,152170030,2022-06-19,0.12,0.11332868530700317,140,85
2371,152170030,2022-06-24,0.12,0.11332868530700317,140,87
2372,152170030,2022-07-14,0.13,0.12221763272424921,140,86
2373,152170030,2022-07-19,0.14,0.1310282624064041,140,88
2374,153160110,2022-06-19,3.3,1.4586150226995167,140,247
2375,153160110,2022-06-24,3.25,1.4469189829363254,140,246
2376,153160110,2022-06-27,3.14,1.420695787837223,140,248
2377,153170160,2022-05-08,0.24,0.2151113796169455,141,2
2378,153170160,2022-06-19,0.26,0.23111172096338664,141,0
2379,153170160,2022-06-24,0.31,0.27002713721306015,140,249
2380,153170160,2022-06-27,0.38,0.32208349916911333,141,1
2381,150160210,2022-06-19,1.0,0.6931471805599453,137,178
2382,150160210,2022-07-19,0.4,0.33647223662121295,137,179
2383,151160070,2022-06-19,0.97,0.6780335427498971,138,66
2384,151160070,2022-06-27,4.41,1.6882490928583902,138,67
2385,151160070,2022-07-19,0.47,0.3852624007906449,138,64
2386,151160070,2022-07-24,0.72,0.5423242908253616,138,65
2387,150230020,2022-06-20,7.12,2.0943301541735866,144,211
2388,150230020,2022-06-25,9.54,2.355177543113216,144,212
2389,150230020,2022-06-28,9.92,2.3905959703167587,144,214
2390,150230020,2022-07-20,6.63,2.0320878452963655,144,213
2391,149180140,2022-07-01,1.16,0.7701082216960736,141,183
2392,149180140,2022-07-18,0.47,0.3852624007906449,141,182
2393,149180180,2022-06-03,0.7,0.5306282510621704,141,177
2394,149180200,2022-06-03,0.46,0.3784364357202451,141,172
2395,149180160,2022-07-01,1.09,0.7371640659767197,141,180
2396,149180180,2022-07-01,0.76,0.5653138090500605,141,176
2397,149180200,2022-07-01,0.36,0.3074846997479606,141,174
2398,149180160,2022-07-03,1.09,0.7371640659767197,141,181
2399,149180180,2022-07-03,0.66,0.5068176023684519,141,178
2400,149180200,2022-07-03,0.34,0.29266961396282,141,173
2401,149180160,2022-07-18,0.25,0.22314355131420976,141,179
2402,149180180,2022-07-18,0.25,0.22314355131420976,141,175
2403,149180200,2022-07-18,0.27,0.23901690047049992,141,171
2404,151220040,2022-05-09,1.43,0.8878912573524571,144,199
2405,151220040,2022-06-03,1.67,0.9820784724121581,144,200
2406,151220040,2022-06-28,1.43,0.8878912573524571,144,198
2407,151220040,2022-07-28,0.65,0.5007752879124893,144,197
2408,153220070,2022-05-09,143.0,4.969813299576001,145,154
2409,153220070,2022-06-23,77.0,4.356708826689592,145,152
2410,153220070,2022-07-21,46.0,3.8501476017100584,145,153
2411,152200070,2022-05-09,2.26,1.1817271953786161,146,228
2412,152200070,2022-06-11,1.39,0.8712933659434192,146,223
2413,152200070,2022-06-26,1.48,0.9082585601768908,146,224
2414,152200070,2022-07-01,2.44,1.235471471385307,146,225
2415,152200070,2022-07-13,1.79,1.0260415958332743,146,227
2416,152200070,2022-07-21,1.55,0.9360933591703348,146,226
2417,150210220,2022-06-03,1.43,0.8878912573524571,144,195
2418,150210220,2022-06-26,3.05,1.3987168811184478,144,194
2419,150210220,2022-06-28,1.67,0.9820784724121581,144,193
2420,150210220,2022-07-01,0.97,0.6780335427498971,144,192
2421,150210220,2022-07-21,0.08,0.07696104113612832,144,191
2422,152190030,2022-05-02,1410.0,7.2520539518528135,142,33
2423,152190030,2022-05-10,1130.0,7.030857476116121,142,30
2424,152190030,2022-05-15,972.0,6.880384082186005,142,29
2425,152190030,2022-06-19,1180.0,7.074116816197362,142,28
2426,152190030,2022-06-24,1090.0,6.994849985833071,142,24
2427,152190030,2022-06-26,1020.0,6.928537818164665,142,25
2428,152190030,2022-07-01,1010.0,6.918695219020472,142,32
2429,152190030,2022-07-14,750.0,6.621405651764134,142,26
2430,152190030,2022-07-19,595.0,6.39024066706535,142,27
2431,152190030,2022-07-21,596.0,6.391917113392602,142,31
2432,152190020,2022-05-02,7.95,2.191653532286764,147,16
2433,152190020,2022-05-10,7.06,2.086913556518537,147,11
2434,152190020,2022-05-15,6.54,2.020222182019865,147,8
2435,152190020,2022-06-19,3.59,1.5238800240724537,147,13
2436,152190020,2022-06-24,3.69,1.545432582458188,147,7
2437,152190020,2022-06-26,3.64,1.534714366238164,147,10
2438,152190020,2022-07-01,3.75,1.55814461804655,147,14
2439,152190020,2022-07-14,2.29,1.1908875647772805,147,9
2440,152190020,2022-07-19,2.24,1.1755733298042381,147,12
2441,152190020,2022-07-21,2.01,1.1019400787607843,147,15
2442,151230040,2022-05-09,59.1,4.096009841541162,146,98
2443,151230040,2022-05-16,53.6,4.000033882750859,146,95
2444,151230040,2022-06-20,68.2,4.237000862623624,146,96
2445,151230040,2022-06-28,58.7,4.089332020398556,146,97
2446,150150100,2022-06-19,4.65,1.7316555451583495,138,176
2447,150150100,2022-06-27,7.3,2.1162555148025524,138,178
2448,150150100,2022-07-19,2.56,1.269760544863939,138,177
2449,150150100,2022-07-24,2.17,1.1537315878891892,138,175
2450,153220220,2022-05-09,11.3,2.509599262378372,145,240
2451,152210070,2022-05-09,4.2,1.6486586255873816,145,128
2452,152210070,2022-06-26,3.77,1.5623463049002497,145,127
2453,152210070,2022-06-28,3.45,1.4929040961781488,145,124
2454,152210070,2022-07-01,3.0,1.3862943611198906,145,125
2455,152210070,2022-07-21,1.46,0.9001613499442714,145,126
2456,152210070,2022-07-28,2.19,1.1600209167967532,145,129
2457,152160050,2022-05-15,110.0,4.709530201312334,139,150
2458,152160050,2022-06-19,68.6,4.242764567340374,139,146
2459,152160050,2022-06-24,78.0,4.3694478524670215,139,148
2460,152160050,2022-07-14,55.4,4.032469158504013,139,147
2461,152160050,2022-07-19,48.6,3.903990833730882,139,149
2462,152200150,2022-05-09,1060.0,6.966967138613983,142,15
2463,152200150,2022-07-01,995.0,6.903747257584598,142,17
2464,152200150,2022-07-03,941.0,6.848005274576363,142,14
2465,152200150,2022-07-21,579.0,6.363028103540465,142,16
2466,153170040,2022-06-24,1.7,0.9932517730102834,140,210
2467,153170040,2022-06-27,1.59,0.9516578757114464,140,209
2468,153170040,2022-07-14,1.02,0.7030975114131134,140,212
2469,153170040,2022-07-19,0.85,0.6151856390902335,140,211
2470,152210090,2022-05-02,242.0,5.493061443340548,146,118
2471,152210090,2022-05-09,198.0,5.293304824724492,146,114
2472,152210090,2022-06-28,191.0,5.2574953720277815,146,115
2473,152210090,2022-07-01,176.0,5.176149732573829,146,116
2474,152210090,2022-07-21,104.0,4.653960350157523,146,117
2475,152200030,2022-05-09,1040.0,6.947937068614969,142,19
2476,152200030,2022-07-01,1030.0,6.93828448401696,142,21
2477,152200030,2022-07-03,983.0,6.891625897052253,142,18
2478,152200030,2022-07-21,618.0,6.428105272684596,142,20
2479,153160190,2022-06-19,5.84,1.922787731634459,140,244
2480,153160190,2022-06-24,5.84,1.922787731634459,140,245
2481,152230200,2022-05-04,168.0,5.1298987149230735,146,102
2482,152230200,2022-05-16,123.0,4.820281565605037,146,101
2483,152230200,2022-05-24,101.0,4.624972813284271,146,103
2484,149220050,2022-06-20,4.78,1.7544036826842861,144,44
2485,149220050,2022-06-28,6.91,2.0681277817795625,144,42
2486,149220050,2022-07-23,1.4,0.8754687373538999,144,43
2487,151150160,2022-06-19,0.49,0.3987761199573678,138,76
2488,151150160,2022-06-27,1.08,0.7323678937132266,138,79
2489,151150160,2022-07-19,0.33,0.2851789422336624,138,77
2490,151150160,2022-07-24,0.29,0.2546422183735807,138,78
2491,150220120,2022-06-20,3.04,1.3962446919730587,144,230
2492,150220120,2022-06-25,3.2,1.4350845252893227,144,231
2493,150220120,2022-07-20,2.5,1.252762968495368,144,232
2494,149190320,2022-05-19,0.04,0.039220713153281295,143,68
2495,149190320,2022-07-03,0.12,0.11332868530700317,143,69
2496,149190320,2022-07-21,0.07,0.06765864847381481,143,70
2497,149190380,2022-05-19,0.86,0.6205764877251099,143,62
2498,149190380,2022-07-03,2.07,1.1216775615991057,143,63
2499,149190380,2022-07-21,2.8,1.33500106673234,143,64
2500,152220010,2022-06-28,3.4,1.4816045409242156,146,155
2501,152210060,2022-05-09,237.0,5.472270673671475,145,171
2502,152210060,2022-06-28,140.0,4.948759890378168,145,172
2503,152210060,2022-07-01,137.0,4.927253685157205,145,174
2504,152210060,2022-07-21,95.9,4.5736795188967205,145,173
2505,154180030,2022-05-18,1.6,0.9555114450274365,141,162
2506,154180030,2022-06-24,1.34,0.8501509293696101,141,160
2507,154180030,2022-06-27,1.32,0.8415671856782186,141,164
2508,154180030,2022-07-12,1.24,0.8064758658669485,141,163
2509,154180030,2022-07-19,1.14,0.76080582903376,141,161
2510,150220130,2022-06-03,12.6,2.6100697927420065,144,82
2511,150220130,2022-06-08,6.31,1.9892432737616872,144,86
2512,150220130,2022-06-13,4.33,1.6733512381777533,144,81
2513,150220130,2022-06-20,4.12,1.6331544390514163,144,83
2514,150220130,2022-06-25,4.63,1.728109442151599,144,80
2515,150220130,2022-06-28,9.22,2.3243465847755584,144,85
2516,150220130,2022-07-20,2.26,1.1817271953786161,144,84
2517,154180110,2022-06-24,3.81,1.5706970841176697,147,125
2518,153210180,2022-05-02,1.55,0.9360933591703348,146,45
2519,153210180,2022-05-09,1.34,0.8501509293696101,146,44
2520,153210180,2022-06-28,0.96,0.6729444732424258,146,42
2521,153210180,2022-07-01,0.71,0.5364933705145685,146,41
2522,153210180,2022-07-21,0.35,0.30010459245033805,146,43
2523,149190170,2022-06-03,16.0,2.833213344056216,142,204
2524,149190170,2022-06-26,15.9,2.827313621929028,142,206
2525,149190170,2022-07-01,13.5,2.6741486494265287,142,207
2526,149190170,2022-07-18,6.37,1.9974177062012453,142,205
2527,149220130,2022-05-16,3.8,1.5686159179138452,143,212
2528,149220130,2022-06-20,15.1,2.7788192719904172,143,211
2529,149220130,2022-06-28,26.2,3.3032169733019514,143,210
2530,149220130,2022-07-20,3.59,1.5238800240724537,143,209
2531,151190110,2022-06-11,3.29,1.4562867329399256,145,110
2532,151190110,2022-07-01,3.29,1.4562867329399256,145,107
2533,151190110,2022-07-21,0.99,0.688134638736401,145,109
2534,151190110,2022-07-28,1.35,0.8544153281560676,145,108
2535,153230060,2022-05-09,0.62,0.4824261492442927,145,205
2536,153230060,2022-05-16,0.51,0.412109650826833,145,206
2537,153220180,2022-05-24,0.86,0.6205764877251099,145,211
2538,153230060,2022-05-24,0.41,0.3435897043900769,145,207
2539,153230060,2022-06-10,0.44,0.36464311358790924,145,208
2540,154170150,2022-05-18,0.78,0.5766133643039938,141,128
2541,154170150,2022-06-24,0.59,0.46373401623214017,141,127
2542,154170150,2022-07-19,0.59,0.46373401623214017,141,126
2543,150210190,2022-06-03,849.0,6.745236349484362,141,228
2544,150210190,2022-06-20,476.0,6.1675164908883415,141,232
2545,150210190,2022-06-25,400.0,5.993961427306569,141,230
2546,150210190,2022-06-28,488.0,6.192362489474872,141,229
2547,150210190,2022-07-20,222.0,5.407171771460119,141,231
2548,149190190,2022-06-03,1.08,0.7323678937132266,142,210
2549,149190190,2022-07-01,1.18,0.7793248768009976,142,208
2550,149190190,2022-07-18,0.79,0.5822156198526637,142,209
2551,152150220,2022-05-15,4.2,1.6486586255873816,140,110
2552,152150220,2022-06-22,1.11,0.7466879474879752,140,107
2553,152150220,2022-06-24,1.6,0.9555114450274365,140,109
2554,152150220,2022-07-19,0.97,0.6780335427498971,140,108
2555,149210100,2022-06-03,10.2,2.4159137783010487,143,192
2556,149210100,2022-06-20,2.51,1.2556160374777745,143,188
2557,149210100,2022-06-28,2.21,1.1662709371419244,143,190
2558,149210100,2022-07-20,0.48,0.3920420877760237,143,189
2559,149210100,2022-07-23,0.45,0.37156355643248307,143,191
2560,150170010,2022-05-10,1.04,0.712949807856125,137,220
2561,150170010,2022-06-19,0.99,0.688134638736401,137,221
2562,150170010,2022-06-26,1.24,0.8064758658669485,137,222
2563,150170010,2022-07-19,0.53,0.4252677354043441,137,223
2564,150170010,2022-07-21,0.49,0.3987761199573678,137,224
2565,151170050,2022-05-10,2.7,1.308332819650179,138,34
2566,151170050,2022-06-19,1.67,0.9820784724121581,138,36
2567,151170050,2022-06-26,1.9,1.0647107369924282,138,37
2568,151170050,2022-07-19,0.67,0.5128236264286637,138,35
2569,151170050,2022-07-21,0.48,0.3920420877760237,138,38
2570,149180050,2022-06-26,0.75,0.5596157879354227,137,67
2571,149180050,2022-07-01,0.51,0.412109650826833,137,68
2572,154230040,2022-05-09,5.44,1.8625285401162623,147,225
2573,154230040,2022-05-24,3.05,1.3987168811184478,147,223
2574,154230040,2022-06-10,2.09,1.128171090909654,147,224
2575,152220030,2022-05-09,0.57,0.4510756193602167,146,149
2576,152220030,2022-06-28,0.5,0.4054651081081644,146,148
2577,149200280,2022-06-03,130.0,4.875197323201151,143,51
2578,151140060,2022-05-15,13.0,2.639057329615259,139,34
2579,151150010,2022-05-15,0.6,0.4700036292457356,139,60
2580,151140060,2022-06-19,11.7,2.5416019934645457,139,33
2581,151150010,2022-06-19,0.52,0.41871033485818504,139,58
2582,151140060,2022-07-19,7.99,2.196112848483529,139,36
2583,151150010,2022-07-19,0.34,0.29266961396282,139,61
2584,151140060,2022-07-24,7.73,2.166765369851511,139,35
2585,151150010,2022-07-24,0.39,0.3293037471426004,139,59
2586,150220170,2022-06-20,2.26,1.1817271953786161,144,203
2587,150220170,2022-06-25,2.14,1.144222799920162,144,201
2588,150220170,2022-07-20,1.77,1.0188473201992472,144,202
2589,149190090,2022-05-19,0.35,0.30010459245033805,142,171
2590,149190090,2022-06-03,0.41,0.3435897043900769,142,172
2591,149190090,2022-07-01,0.46,0.3784364357202451,142,173
2592,149190090,2022-07-03,0.45,0.37156355643248307,142,174
2593,149190090,2022-07-18,0.18,0.16551443847757338,142,175
2594,150200170,2022-06-03,149.0,5.0106352940962555,143,52
2595,151150080,2022-05-15,23.9,3.214867803470662,138,199
2596,151150070,2022-06-19,1.84,1.0438040521731147,139,17
2597,151150080,2022-06-19,39.6,3.703768066607687,138,197
2598,151150070,2022-06-22,1.99,1.095273387402595,139,20
2599,151150080,2022-06-22,35.9,3.6082115510464816,138,195
2600,151150070,2022-06-24,1.94,1.0784095813505903,139,18
2601,151150080,2022-06-24,32.6,3.5145260669691587,138,196
2602,151150070,2022-07-04,1.81,1.0331844833456545,139,21
2603,151150080,2022-07-04,41.1,3.7400477406883357,138,200
2604,151150070,2022-07-19,1.01,0.6981347220709844,139,19
2605,151150080,2022-07-19,25.5,3.2771447329921766,138,198
2606,149210130,2022-06-03,47.1,3.8732821771117156,144,103
2607,149210130,2022-06-20,15.2,2.785011242238338,144,102
2608,149210130,2022-06-28,12.6,2.6100697927420065,144,101
2609,149210130,2022-06-30,10.4,2.4336133554004498,144,100
2610,150160200,2022-06-19,4.97,1.7867469274045107,137,184
2611,150160200,2022-07-19,2.92,1.366091653802371,137,185
2612,153140100,2022-07-20,0.63,0.48858001481867097,141,39
2613,152170090,2022-05-02,0.11,0.10436001532424277,140,208
2614,152170090,2022-06-19,0.15,0.13976194237515868,140,207
2615,152170090,2022-06-24,0.15,0.13976194237515868,140,203
2616,152170090,2022-06-26,0.15,0.13976194237515868,140,204
2617,152170090,2022-07-14,0.1,0.09531017980432487,140,202
2618,152170090,2022-07-19,0.09,0.08617769624105233,140,206
2619,152170090,2022-07-21,0.09,0.08617769624105233,140,205
2620,149210070,2022-06-03,20.4,3.0633909220278057,143,169
2621,149210070,2022-06-20,5.23,1.8293763327993617,143,168
2622,152200050,2022-06-11,29.8,3.427514689979529,146,203
2623,152200050,2022-06-26,25.3,3.269568939183719,146,206
2624,152200050,2022-07-01,19.9,3.039749158970765,146,205
2625,152200050,2022-07-21,10.0,2.3978952727983707,146,204
2626,152200050,2022-07-28,12.5,2.6026896854443837,146,202
2627,149190100,2022-06-03,16.3,2.8507065015037334,142,153
2628,149190100,2022-06-26,34.6,3.572345637857985,142,152
2629,149190100,2022-07-01,14.2,2.7212954278522306,142,150
2630,149190100,2022-07-18,6.03,1.9501867058225737,142,151
