,station_id,date,flow,flow_log,chunk_id,id_in_chunk
0,150210180,2019-08-28,288.0,5.666426688112432,64,63
1,150210180,2019-09-22,147.0,4.997212273764115,64,61
2,150210180,2019-10-27,181.0,5.204006687076795,64,62
3,152170020,2019-06-30,0.09,0.08617769624105233,60,119
4,152170020,2019-08-24,0.17,0.15700374880966475,60,120
5,153190180,2019-05-01,1.17,0.7747271675523681,79,70
6,153190180,2019-06-05,1.13,0.7561219797213337,79,68
7,153190180,2019-06-12,1.1,0.7419373447293773,79,64
8,153190180,2019-06-30,1.05,0.7178397931503169,79,71
9,153190180,2019-07-20,1.07,0.7275486072772778,79,66
10,153190180,2019-08-24,0.8,0.5877866649021191,79,67
11,153190180,2019-08-26,0.79,0.5822156198526637,79,65
12,153190180,2019-08-29,0.74,0.5538851132264376,79,69
13,150190310,2019-05-18,2.21,1.1662709371419244,67,61
14,150190310,2019-06-09,2.03,1.1085626195212777,67,56
15,150190310,2019-06-12,1.88,1.0577902941478545,67,55
16,150190310,2019-08-26,1.51,0.9202827531436926,67,58
17,150190310,2019-09-05,1.44,0.8919980393051105,67,57
18,150190310,2019-09-12,1.41,0.8796267475025636,67,59
19,150190310,2019-09-22,1.31,0.8372475245337022,67,50
20,150190310,2019-10-17,1.31,0.8372475245337022,67,60
21,150190310,2019-10-20,1.29,0.8285518175661483,67,51
22,150190310,2019-10-25,1.19,0.7839015438284094,67,52
23,150190310,2019-10-27,1.23,0.8020015854720274,67,53
24,154220010,2019-05-20,9.12,2.3145136638593193,80,207
25,154220010,2019-05-30,7.14,2.096790180014449,80,208
26,154220010,2019-06-04,5.15,1.8164520818184267,80,203
27,154220010,2019-06-12,3.61,1.5282278570085572,80,204
28,154220010,2019-06-22,2.84,1.3454723665996355,80,215
29,154220010,2019-06-24,2.75,1.3217558399823195,80,205
30,154220010,2019-07-19,2.17,1.1537315878891892,80,206
31,154220010,2019-07-29,3.13,1.4182774069729414,80,217
32,154220010,2019-08-18,2.15,1.1474024528375417,80,209
33,154220010,2019-08-23,1.67,0.9820784724121581,80,214
34,154220010,2019-08-26,1.5,0.9162907318741551,80,211
35,154220010,2019-08-28,1.23,0.8020015854720274,80,210
36,154220010,2019-09-05,1.29,0.8285518175661483,80,212
37,154220010,2019-09-27,1.01,0.6981347220709844,80,216
38,150150040,2019-05-19,1.95,1.0818051703517284,57,247
39,150150040,2019-05-24,1.34,0.8501509293696101,57,249
40,150150040,2019-06-03,0.81,0.5933268452777344,57,246
41,150150040,2019-06-05,0.79,0.5822156198526637,57,245
42,150150040,2019-06-25,0.34,0.29266961396282,57,244
43,150150040,2019-06-30,0.69,0.5247285289349821,57,243
44,150150040,2019-09-01,0.17,0.15700374880966475,57,248
45,150150040,2019-09-21,0.1,0.09531017980432487,57,242
46,150160220,2019-06-05,16.0,2.833213344056216,55,166
47,150160220,2019-06-27,8.98,2.300583090323373,55,158
48,150160220,2019-06-30,25.2,3.265759410767051,55,159
49,150160220,2019-07-25,30.9,3.462606009790799,55,161
50,150160220,2019-08-24,6.99,2.0781907597781832,55,165
51,150160220,2019-08-29,5.43,1.860974538249528,55,164
52,150160220,2019-09-05,5.41,1.8578592709325787,55,162
53,150160220,2019-09-15,6.24,1.979621206397625,55,163
54,150160220,2019-10-20,4.72,1.7439688053917064,55,167
55,154150040,2019-07-25,18.4,2.9652730660692823,62,112
56,154150040,2019-08-27,12.1,2.5726122302071057,62,111
57,154150040,2019-09-01,12.0,2.5649493574615367,62,113
58,153190040,2019-05-01,2.0,1.0986122886681096,80,21
59,153190040,2019-06-02,1.13,0.7561219797213337,80,24
60,153190040,2019-06-05,1.03,0.708035793053696,80,26
61,153190040,2019-06-12,0.94,0.6626879730752367,80,19
62,153190040,2019-06-30,0.88,0.6312717768418579,80,20
63,153190040,2019-07-20,1.32,0.8415671856782186,80,25
64,153190040,2019-08-24,0.68,0.5187937934151676,80,23
65,153190040,2019-08-26,0.63,0.48858001481867097,80,22
66,153190040,2019-08-29,0.58,0.4574248470388754,80,27
67,153210070,2019-05-20,12.8,2.624668592163159,76,249
68,153210070,2019-06-09,8.73,2.2752138961979136,76,248
69,153210070,2019-06-12,8.31,2.231089091288976,76,247
70,153210070,2019-06-22,6.27,1.9837562915454279,77,1
71,153210070,2019-06-24,6.06,1.9544450515051506,76,244
72,153210070,2019-08-23,5.09,1.8066480817218056,76,246
73,153210070,2019-08-28,3.91,1.5912739418064292,76,245
74,153210070,2019-09-05,3.05,1.3987168811184478,76,243
75,153210070,2019-10-20,2.68,1.3029127521808397,77,0
76,153220280,2019-05-30,7.87,2.1826747963214883,76,0
77,153220280,2019-06-04,6.23,1.9782390361706734,76,2
78,151200120,2019-06-09,26.2,3.3032169733019514,74,31
79,153220280,2019-06-09,4.73,1.7457155307266483,76,1
80,151200120,2019-06-12,24.7,3.246490991901174,74,30
81,151200120,2019-06-24,22.9,3.173878458937465,74,29
82,153220280,2019-06-24,5.33,1.8453002361560848,75,249
83,153220280,2019-07-19,2.57,1.2725655957915476,76,3
84,151200120,2019-08-23,20.8,3.0819099697950434,74,33
85,151200120,2019-08-26,19.6,3.0252910757955354,74,35
86,151200120,2019-08-28,18.1,2.9496883350525844,74,34
87,151200120,2019-09-05,16.9,2.884800712846709,74,24
88,151200120,2019-09-22,19.0,2.995732273553991,74,28
89,151200120,2019-10-12,17.1,2.89591193827178,74,25
90,151200120,2019-10-20,17.0,2.8903717578961645,74,26
91,151200120,2019-10-27,17.9,2.9391619220655967,74,27
92,150160250,2019-05-18,0.16,0.14842000511827327,56,83
93,150160250,2019-06-05,0.12,0.11332868530700317,56,88
94,150160250,2019-06-25,0.09,0.08617769624105233,56,82
95,150160250,2019-06-27,0.08,0.07696104113612832,56,79
96,150160250,2019-06-30,0.8,0.5877866649021191,56,80
97,150160250,2019-07-25,0.36,0.3074846997479606,56,89
98,150160250,2019-08-24,0.024,0.023716526617316044,56,86
99,150160250,2019-09-05,0.014,0.013902905168991422,56,84
100,150160250,2019-09-15,0.024,0.023716526617316044,56,85
101,150160250,2019-11-07,0.01,0.009950330853168083,56,87
102,154150050,2019-06-03,10.1,2.4069451083182885,62,108
103,154150050,2019-06-05,9.5,2.3513752571634776,62,107
104,154150050,2019-06-15,8.4,2.2407096892759584,62,106
105,154150050,2019-06-30,7.8,2.174751721484161,62,105
106,154150050,2019-08-27,4.8,1.7578579175523736,62,109
107,154150050,2019-09-01,4.8,1.7578579175523736,62,110
108,154160020,2019-06-03,8.8,2.2823823856765264,62,122
109,154160020,2019-06-05,6.6,2.028148247292285,62,124
110,154160020,2019-06-15,6.5,2.0149030205422647,62,125
111,154160020,2019-06-30,6.3,1.9878743481543455,62,126
112,154160020,2019-08-24,5.6,1.8870696490323797,62,128
113,154160020,2019-08-27,5.0,1.791759469228055,62,123
114,154160020,2019-09-01,5.1,1.8082887711792655,62,127
115,153170010,2019-06-03,10.8,2.468099531471619,60,226
116,153170010,2019-06-05,10.6,2.451005098112319,60,227
117,153170010,2019-06-30,7.03,2.0831845279586703,60,225
118,153170010,2019-08-24,3.42,1.4861396960896067,60,220
119,153170010,2019-08-27,3.43,1.4883995840570443,60,221
120,153170010,2019-09-01,3.0,1.3862943611198906,60,223
121,153170010,2019-09-11,3.16,1.425515074273172,60,224
122,153170010,2019-10-23,2.74,1.3190856114264407,60,228
123,153170010,2019-10-31,2.53,1.2612978709452054,60,229
124,153170010,2019-11-30,6.56,2.0228711901914416,60,222
125,152230190,2019-05-20,2.76,1.324418957401803,75,33
126,152230190,2019-05-30,1.43,0.8878912573524571,75,31
127,152230190,2019-06-04,1.08,0.7323678937132266,75,29
128,152230190,2019-06-09,0.95,0.6678293725756554,75,28
129,152230190,2019-06-24,0.76,0.5653138090500605,75,27
130,152230190,2019-08-23,0.22,0.1988508587451652,75,34
131,152230190,2019-08-25,0.3,0.26236426446749106,75,30
132,152230190,2019-08-28,0.2,0.18232155679395462,75,32
133,152230190,2019-09-04,0.1,0.09531017980432487,75,36
134,152230190,2019-09-24,0.08,0.07696104113612832,75,35
135,152190100,2019-06-12,1.47,0.9042181506398859,78,123
136,152190100,2019-06-17,1.44,0.8919980393051105,78,124
137,152190100,2019-08-26,1.09,0.7371640659767197,78,121
138,152190100,2019-09-05,0.98,0.6830968447064438,78,119
139,152190100,2019-10-20,1.0,0.6931471805599453,78,120
140,150190140,2019-05-18,30.6,3.4531571205928664,63,189
141,150190140,2019-05-25,20.8,3.0819099697950434,63,192
142,150190140,2019-06-09,15.4,2.797281334830153,63,183
143,150190140,2019-08-26,7.06,2.086913556518537,63,190
144,150190140,2019-08-28,5.93,1.9358598132018119,63,188
145,150190140,2019-09-05,4.66,1.7334238922150915,63,184
146,150190140,2019-09-12,4.73,1.7457155307266483,63,187
147,150190140,2019-09-15,6.37,1.9974177062012453,63,185
148,150190140,2019-09-22,14.2,2.7212954278522306,63,180
149,150190140,2019-10-17,7.97,2.1938856760707046,63,191
150,150190140,2019-10-20,9.06,2.3085671646715933,63,181
151,150190140,2019-10-27,9.02,2.3045830956567186,63,182
152,150190050,2019-05-18,0.98,0.6830968447064438,65,50
153,150190050,2019-06-09,0.82,0.598836501088704,65,47
154,150190050,2019-08-26,1.04,0.712949807856125,65,53
155,150190050,2019-08-28,1.07,0.7275486072772778,65,49
156,150190050,2019-09-05,1.04,0.712949807856125,65,48
157,150190050,2019-09-22,0.56,0.44468582126144574,65,44
158,150190050,2019-10-17,0.47,0.3852624007906449,65,52
159,150190050,2019-10-20,0.47,0.3852624007906449,65,45
160,150190050,2019-10-27,0.39,0.3293037471426004,65,46
161,150220110,2019-06-11,1.13,0.7561219797213337,72,43
162,150220110,2019-06-26,1.05,0.7178397931503169,72,39
163,150220110,2019-08-18,0.78,0.5766133643039938,72,40
164,150220110,2019-08-25,0.93,0.6575200029167942,72,41
165,150220110,2019-08-28,0.8,0.5877866649021191,72,38
166,150220110,2019-09-12,0.7,0.5306282510621704,72,42
167,150220110,2019-09-22,0.7,0.5306282510621704,72,34
168,150220110,2019-09-24,0.7,0.5306282510621704,72,35
169,150220110,2019-10-14,2.48,1.247032293786383,72,36
170,150220110,2019-10-24,0.66,0.5068176023684519,72,44
171,150220110,2019-10-27,0.56,0.44468582126144574,72,37
172,150220110,2019-11-03,1.56,0.9400072584914712,72,45
173,150200070,2019-05-18,1.91,1.068153081183401,67,222
174,150200070,2019-05-25,1.67,0.9820784724121581,67,224
175,150200070,2019-06-09,1.7,0.9932517730102834,67,221
176,151220130,2019-06-11,0.67,0.5128236264286637,73,37
177,150200070,2019-06-12,1.72,1.000631880307906,67,218
178,151220130,2019-06-26,0.67,0.5128236264286637,73,41
179,150200070,2019-07-29,7.38,2.1258479144939915,67,216
180,151220130,2019-08-18,0.53,0.4252677354043441,73,39
181,151220130,2019-08-25,0.55,0.4382549309311553,73,38
182,150200070,2019-08-26,1.84,1.0438040521731147,67,217
183,150200070,2019-08-28,1.75,1.0116009116784799,67,219
184,151220130,2019-08-28,0.53,0.4252677354043441,73,36
185,150200070,2019-09-05,1.79,1.0260415958332743,67,215
186,150200070,2019-09-12,1.83,1.0402767116551463,67,220
187,151220130,2019-09-12,0.55,0.4382549309311553,73,40
188,150200070,2019-09-22,11.6,2.533696813957432,67,210
189,151220130,2019-09-22,0.56,0.44468582126144574,73,32
190,151220130,2019-09-24,0.56,0.44468582126144574,73,33
191,151220130,2019-10-14,0.69,0.5247285289349821,73,34
192,150200070,2019-10-17,2.32,1.199964782928397,67,223
193,150200070,2019-10-20,2.91,1.3635373739972745,67,211
194,150200070,2019-10-25,2.02,1.1052568313867783,67,212
195,150200070,2019-10-27,1.78,1.0224509277025458,67,213
196,151220130,2019-10-27,0.54,0.43178241642553783,73,35
197,152150100,2019-06-03,7.66,2.1587147225743437,60,164
198,152150100,2019-06-05,8.58,2.2596775919827694,60,173
199,152150100,2019-06-15,7.44,2.1329823086078656,60,165
200,152150100,2019-06-25,4.58,1.7191887763932197,60,162
201,152150100,2019-06-30,4.02,1.6134299337036377,60,169
202,152150100,2019-07-25,3.46,1.4951487660319727,60,170
203,152150100,2019-08-27,2.56,1.269760544863939,60,166
204,152150100,2019-09-01,2.2,1.1631508098056809,60,167
205,152150100,2019-09-11,1.84,1.0438040521731147,60,163
206,152150100,2019-09-23,2.35,1.208960345836975,60,172
207,152150100,2019-10-18,1.53,0.9282193027394289,60,168
208,152150100,2019-10-23,1.93,1.0750024230289759,60,171
209,150150130,2019-05-24,1.88,1.0577902941478545,57,127
210,150150130,2019-06-03,1.23,0.8020015854720274,57,124
211,150150130,2019-06-25,0.79,0.5822156198526637,57,123
212,150150130,2019-06-30,0.84,0.6097655716208943,57,125
213,150150130,2019-07-03,0.81,0.5933268452777344,57,122
214,150150130,2019-09-01,0.37,0.31481073984003355,57,126
215,150150130,2019-09-21,0.32,0.2776317365982795,57,121
216,153180050,2019-05-01,9.6,2.3608540011180215,79,158
217,153180050,2019-06-05,10.0,2.3978952727983707,79,153
218,153180050,2019-06-12,9.8,2.379546134130174,79,157
219,153180050,2019-06-30,8.77,2.2793164660546914,79,150
220,153180050,2019-07-15,8.51,2.252343876557299,79,152
221,153180050,2019-08-24,8.42,2.2428350885882717,79,151
222,153180050,2019-08-26,7.93,2.189416394888408,79,154
223,153180050,2019-08-29,7.67,2.1598687907924505,79,155
224,151190060,2019-06-12,5.95,1.9387416595767009,58,201
225,151190060,2019-06-17,5.84,1.922787731634459,58,202
226,151190060,2019-06-27,5.46,1.8656293177945105,58,200
227,151190060,2019-09-05,2.15,1.1474024528375417,58,199
228,151190060,2019-09-15,2.16,1.1505720275988207,58,204
229,151190060,2019-10-20,2.98,1.3812818192963463,58,205
230,150200020,2019-06-09,0.83,0.6043159668533296,69,48
231,150200020,2019-06-12,0.77,0.5709795465857378,69,47
232,150200020,2019-06-27,0.6,0.4700036292457356,69,49
233,150200020,2019-07-29,1.85,1.0473189942805592,69,50
234,150200020,2019-08-23,0.35,0.30010459245033805,69,54
235,150200020,2019-08-26,0.3,0.26236426446749106,69,53
236,150200020,2019-08-28,0.26,0.23111172096338664,69,51
237,150200020,2019-09-12,0.24,0.2151113796169455,69,52
238,150200020,2019-09-22,0.26,0.23111172096338664,69,44
239,150200020,2019-10-20,0.33,0.2851789422336624,69,45
240,150200020,2019-10-27,0.33,0.2851789422336624,69,46
241,152230010,2019-05-20,3.91,1.5912739418064292,77,205
242,152230010,2019-06-04,1.56,0.9400072584914712,77,208
243,152230010,2019-06-09,1.44,0.8919980393051105,77,200
244,152230010,2019-06-11,1.28,0.8241754429663495,77,209
245,152230010,2019-06-24,1.16,0.7701082216960736,77,202
246,152230010,2019-08-23,0.42,0.35065687161316933,77,203
247,152230010,2019-08-25,0.36,0.3074846997479606,77,201
248,152230010,2019-08-28,0.36,0.3074846997479606,77,204
249,152230010,2019-09-04,0.25,0.22314355131420976,77,206
250,152230010,2019-09-24,0.4,0.33647223662121295,77,207
251,152230010,2019-10-14,0.24,0.2151113796169455,77,210
252,152230010,2019-10-22,0.38,0.32208349916911333,77,212
253,152230010,2019-10-27,0.37,0.31481073984003355,77,211
254,151170110,2019-05-01,18.4,2.9652730660692823,60,36
255,151170110,2019-06-05,8.66,2.2679936482244267,60,39
256,151170110,2019-06-12,6.47,2.010894999144726,60,30
257,151170110,2019-06-30,6.32,1.9906103279732201,60,28
258,151170110,2019-08-24,2.15,1.1474024528375417,60,31
259,151170110,2019-08-26,1.77,1.0188473201992472,60,32
260,151170110,2019-08-29,1.63,0.9669838461896731,60,37
261,151170110,2019-09-05,1.32,0.8415671856782186,60,34
262,151170110,2019-09-18,1.22,0.7975071958841881,60,38
263,151170110,2019-09-23,1.18,0.7793248768009976,60,33
264,151170110,2019-10-20,1.17,0.7747271675523681,60,35
265,150180040,2019-05-01,0.89,0.636576829071551,54,179
266,150180040,2019-05-11,0.96,0.6729444732424258,54,177
267,150180040,2019-05-18,1.55,0.9360933591703348,54,181
268,150180040,2019-05-31,0.51,0.412109650826833,54,173
269,150180040,2019-06-05,0.56,0.44468582126144574,54,171
270,150180040,2019-06-12,1.07,0.7275486072772778,54,172
271,150180040,2019-06-25,0.45,0.37156355643248307,54,170
272,150180040,2019-06-30,1.24,0.8064758658669485,54,167
273,150180040,2019-08-26,0.16,0.14842000511827327,54,178
274,150180040,2019-08-29,0.25,0.22314355131420976,54,175
275,150180040,2019-09-03,0.28,0.2468600779315258,54,176
276,150180040,2019-09-05,0.22,0.1988508587451652,54,169
277,150180040,2019-09-15,0.23,0.20701416938432615,54,174
278,150180040,2019-10-18,0.38,0.32208349916911333,54,180
279,150180040,2019-10-20,0.34,0.29266961396282,54,168
280,150190060,2019-05-18,1.98,1.091923300517313,65,40
281,150190060,2019-05-25,1.68,0.9858167945227653,65,43
282,150190060,2019-06-09,1.55,0.9360933591703348,65,30
283,150190060,2019-06-12,1.53,0.9282193027394289,65,35
284,150190060,2019-08-26,1.49,0.9122827104766162,65,41
285,150190060,2019-08-28,1.51,0.9202827531436926,65,38
286,150190060,2019-09-05,1.2,0.7884573603642702,65,34
287,150190060,2019-09-12,6.29,1.986503546020567,65,39
288,150190060,2019-09-15,1.44,0.8919980393051105,65,36
289,150190060,2019-09-22,1.66,0.9783261227936076,65,31
290,150190060,2019-10-17,3.04,1.3962446919730587,65,42
291,150190060,2019-10-20,3.42,1.4861396960896067,65,32
292,150190060,2019-10-27,3.41,1.4838746894587547,65,33
293,154180070,2019-05-29,2.11,1.1346227261911428,63,75
294,154180070,2019-06-03,1.78,1.0224509277025458,63,71
295,154180070,2019-06-05,1.69,0.9895411936137477,63,73
296,154180070,2019-06-20,1.53,0.9282193027394289,63,76
297,154180070,2019-06-23,1.48,0.9082585601768908,63,72
298,154180070,2019-06-30,1.55,0.9360933591703348,63,74
299,154180070,2019-07-20,1.85,1.0473189942805592,63,77
300,154180070,2019-07-28,1.85,1.0473189942805592,63,78
301,154180070,2019-08-24,1.18,0.7793248768009976,63,79
302,154180070,2019-08-27,1.12,0.7514160886839212,63,69
303,154180070,2019-09-01,1.0,0.6931471805599453,63,70
304,152230110,2019-05-20,3.52,1.5085119938441398,74,164
305,152230110,2019-05-30,2.81,1.3376291891386096,74,156
306,152230110,2019-06-04,2.83,1.3428648031925547,74,157
307,152230110,2019-06-09,2.73,1.3164082336557241,74,165
308,152230110,2019-06-24,2.72,1.3137236682850553,74,158
309,152230110,2019-08-23,2.72,1.3137236682850553,74,159
310,152230110,2019-08-25,2.71,1.3110318766193438,74,163
311,152230110,2019-08-28,2.68,1.3029127521808397,74,161
312,152230110,2019-09-04,2.72,1.3137236682850553,74,162
313,152230110,2019-09-24,2.62,1.2864740258376797,74,160
314,152230110,2019-10-14,2.73,1.3164082336557241,74,166
315,152230110,2019-10-22,2.72,1.3137236682850553,74,168
316,152230110,2019-10-27,2.76,1.324418957401803,74,167
317,151220060,2019-06-09,1.85,1.0473189942805592,73,124
318,151220060,2019-06-11,1.79,1.0260415958332743,73,115
319,151220060,2019-06-24,2.92,1.366091653802371,73,116
320,151220060,2019-06-26,2.31,1.1969481893889715,73,114
321,151220060,2019-07-29,2.47,1.244154593958768,73,117
322,151220060,2019-08-18,1.77,1.0188473201992472,73,125
323,151220060,2019-08-23,1.8,1.0296194171811583,73,119
324,151220060,2019-08-25,1.67,0.9820784724121581,73,118
325,151220060,2019-08-28,1.08,0.7323678937132266,73,113
326,151220060,2019-09-22,0.98,0.6830968447064438,73,120
327,151220060,2019-09-24,0.98,0.6830968447064438,73,122
328,151220060,2019-10-12,0.77,0.5709795465857378,73,121
329,151220060,2019-10-14,0.81,0.5933268452777344,73,112
330,151220060,2019-10-27,0.91,0.6471032420585385,73,123
331,152200120,2019-06-09,13.5,2.6741486494265287,78,29
332,152200120,2019-06-12,12.8,2.624668592163159,78,38
333,152200120,2019-06-22,10.3,2.424802725718295,78,36
334,152200120,2019-06-24,9.46,2.347558458636777,78,31
335,152200120,2019-08-23,6.05,1.9530276168241771,78,32
336,152200120,2019-08-28,4.47,1.6992786164338898,78,33
337,152200120,2019-09-05,4.04,1.6174060820832772,78,30
338,152200120,2019-09-12,4.06,1.6213664832993742,78,35
339,152200120,2019-09-22,3.46,1.4951487660319727,78,34
340,152200120,2019-10-20,4.32,1.6714733033535532,78,37
341,154200010,2019-05-01,3.11,1.4134230285081433,80,78
342,154200010,2019-05-06,6.23,1.9782390361706734,80,82
343,154200010,2019-06-05,1.83,1.0402767116551463,80,85
344,154200010,2019-06-07,1.72,1.000631880307906,80,80
345,154200010,2019-06-12,1.4,0.8754687373538999,80,84
346,154200010,2019-06-30,1.03,0.708035793053696,80,83
347,154200010,2019-07-20,2.04,1.1118575154181303,80,81
348,154200010,2019-08-11,0.4,0.33647223662121295,80,79
349,154200010,2019-08-26,0.38,0.32208349916911333,80,77
350,150160280,2019-05-18,0.59,0.46373401623214017,56,99
351,150160280,2019-06-05,0.41,0.3435897043900769,56,100
352,150160280,2019-06-17,0.43,0.3576744442718159,56,98
353,150160280,2019-06-25,0.36,0.3074846997479606,56,93
354,150160280,2019-06-27,0.32,0.2776317365982795,56,90
355,150160280,2019-06-30,1.54,0.9321640810304452,56,91
356,150160280,2019-07-25,1.58,0.9477893989335261,56,94
357,150160280,2019-08-24,0.25,0.22314355131420976,56,97
358,150160280,2019-09-05,0.24,0.2151113796169455,56,95
359,150160280,2019-09-15,0.25,0.22314355131420976,56,96
360,150160280,2019-11-07,0.09,0.08617769624105233,56,101
361,154170240,2019-05-14,0.15,0.13976194237515868,79,244
362,154170240,2019-06-03,0.09,0.08617769624105233,79,243
363,154170240,2019-06-30,0.07,0.06765864847381481,79,242
364,154180230,2019-06-30,0.92,0.6523251860396903,79,240
365,154170240,2019-07-20,0.1,0.09531017980432487,79,245
366,154180230,2019-07-20,1.06,0.7227059828014898,79,241
367,154170240,2019-08-24,0.07,0.06765864847381481,79,246
368,150200140,2019-06-09,0.58,0.4574248470388754,67,232
369,150200140,2019-06-12,0.64,0.49469624183610705,67,231
370,150200140,2019-07-29,2.88,1.355835153635182,67,230
371,150200140,2019-08-26,0.48,0.3920420877760237,67,235
372,150200140,2019-08-28,0.42,0.35065687161316933,67,233
373,150200140,2019-09-05,0.34,0.29266961396282,67,234
374,150200140,2019-09-12,0.39,0.3293037471426004,67,236
375,150200140,2019-09-22,1.34,0.8501509293696101,67,225
376,150200140,2019-10-17,0.49,0.3987761199573678,67,237
377,150200140,2019-10-20,0.36,0.3074846997479606,67,226
378,150200140,2019-10-25,0.33,0.2851789422336624,67,227
379,150200140,2019-10-27,0.31,0.27002713721306015,67,228
380,153220320,2019-05-30,0.25,0.22314355131420976,76,47
381,153220320,2019-06-04,0.19,0.173953307123438,76,40
382,153220320,2019-06-09,0.17,0.15700374880966475,76,41
383,153220320,2019-06-12,0.16,0.14842000511827327,76,45
384,153220320,2019-06-24,0.13,0.12221763272424921,76,44
385,153220320,2019-07-19,0.16,0.14842000511827327,76,46
386,153220320,2019-08-26,0.037,0.036331929247390274,76,43
387,153220320,2019-09-05,0.05,0.04879016416943201,76,42
388,153220320,2019-09-27,0.032,0.03149866705937099,76,48
389,153180030,2019-05-01,2.9,1.3609765531356006,79,214
390,153180030,2019-06-05,2.54,1.264126727145683,79,213
391,153180030,2019-06-12,2.36,1.2119409739751128,79,216
392,153180030,2019-06-30,2.08,1.1249295969854831,79,215
393,153180030,2019-07-20,2.45,1.2383742310432684,79,218
394,153180030,2019-08-26,1.97,1.0885619528146082,79,217
395,151210130,2019-06-09,0.79,0.5822156198526637,72,60
396,151210130,2019-08-28,0.44,0.36464311358790924,72,61
397,151210130,2019-09-22,0.5,0.4054651081081644,72,58
398,151210130,2019-10-12,0.8,0.5877866649021191,72,62
399,151210130,2019-10-27,0.62,0.4824261492442927,72,59
400,151210130,2019-11-01,0.65,0.5007752879124893,72,63
401,150170160,2019-06-25,4.3,1.667706820558076,54,100
402,150170170,2019-06-25,2.58,1.275362800412609,54,110
403,150170160,2019-06-27,4.35,1.6770965609079151,54,101
404,150170170,2019-06-27,2.54,1.264126727145683,54,109
405,150170160,2019-06-30,5.56,1.8809906029559977,54,99
406,150170170,2019-06-30,2.75,1.3217558399823195,54,108
407,150170160,2019-07-25,17.4,2.91235066461494,54,103
408,150170170,2019-07-25,2.77,1.3270750014599193,54,112
409,150170160,2019-08-29,1.74,1.007957920399979,54,105
410,150170170,2019-08-29,1.5,0.9162907318741551,54,114
411,150170160,2019-09-05,1.36,0.8586616190375187,54,104
412,150170170,2019-09-05,1.11,0.7466879474879752,54,113
413,150170160,2019-09-15,1.34,0.8501509293696101,54,102
414,150170170,2019-09-15,1.1,0.7419373447293773,54,111
415,150170160,2019-10-13,1.87,1.0543120297715298,54,107
416,150170170,2019-10-13,0.52,0.41871033485818504,54,116
417,152220070,2019-05-20,8.71,2.2731562823032334,77,221
418,152220070,2019-05-30,4.09,1.6272778305624314,77,222
419,152220070,2019-06-04,2.6,1.2809338454620645,77,217
420,152220070,2019-06-09,2.34,1.205970806988609,77,213
421,152220070,2019-06-11,2.07,1.1216775615991057,77,216
422,152220070,2019-06-24,1.76,1.0152306797290587,77,215
423,152220070,2019-08-23,0.69,0.5247285289349821,77,219
424,152220070,2019-08-25,0.6,0.4700036292457356,77,214
425,152220070,2019-08-28,0.5,0.4054651081081644,77,218
426,152220070,2019-09-24,0.61,0.4762341789963716,77,220
427,152220070,2019-10-22,1.28,0.8241754429663495,77,224
428,152220070,2019-10-27,0.64,0.49469624183610705,77,223
429,153190050,2019-05-01,32.2,3.502549875922443,79,17
430,153190050,2019-06-02,26.3,3.306886702190914,79,19
431,153190050,2019-06-05,24.1,3.2228678461377385,79,16
432,153190050,2019-06-12,19.8,3.0349529867072724,79,15
433,153190050,2019-06-30,14.8,2.760009940032921,79,14
434,153190050,2019-07-20,19.2,3.005682604407159,79,21
435,153190050,2019-08-24,13.0,2.639057329615259,79,18
436,153190050,2019-08-26,12.6,2.6100697927420065,79,20
437,153190050,2019-08-29,11.5,2.5257286443082556,79,22
438,151210040,2019-06-09,1.23,0.8020015854720274,72,104
439,151210040,2019-06-12,1.23,0.8020015854720274,72,100
440,151210040,2019-08-26,2.78,1.3297240096314962,72,102
441,151210040,2019-08-28,1.88,1.0577902941478545,72,101
442,151210040,2019-09-05,1.08,0.7323678937132266,72,99
443,151210040,2019-09-22,0.98,0.6830968447064438,72,98
444,151210040,2019-10-20,1.05,0.7178397931503169,72,95
445,151210040,2019-10-25,1.07,0.7275486072772778,72,96
446,151210040,2019-10-27,1.07,0.7275486072772778,72,97
447,153180110,2019-05-01,8.54,2.255493485460195,79,233
448,153180110,2019-06-02,7.38,2.1258479144939915,79,229
449,153180110,2019-06-05,7.0,2.0794415416798357,79,230
450,153180110,2019-06-12,6.44,2.0068708488450007,79,231
451,153180110,2019-06-30,5.59,1.8855533485144158,79,232
452,153180110,2019-07-15,5.51,1.873339456220478,79,237
453,153180110,2019-08-24,11.4,2.517696472610991,79,234
454,153180110,2019-08-26,7.23,2.1077860146889784,79,235
455,153180110,2019-08-29,5.91,1.9329696377795786,79,236
456,154220090,2019-05-30,1.22,0.7975071958841881,80,245
457,154220090,2019-06-04,1.07,0.7275486072772778,80,239
458,154220090,2019-06-09,1.01,0.6981347220709844,80,241
459,154220090,2019-06-12,1.01,0.6981347220709844,80,242
460,154220090,2019-06-22,0.95,0.6678293725756554,80,247
461,154220090,2019-06-24,0.92,0.6523251860396903,80,240
462,154220090,2019-07-19,0.94,0.6626879730752367,80,243
463,154220090,2019-08-26,0.38,0.32208349916911333,80,249
464,154220090,2019-09-05,0.36,0.3074846997479606,80,246
465,154220090,2019-09-27,0.3,0.26236426446749106,80,248
466,153190160,2019-06-12,3.45,1.4929040961781488,78,24
467,153190160,2019-06-22,3.01,1.3887912413184778,78,23
468,153190160,2019-09-05,1.35,0.8544153281560676,78,25
469,150190010,2019-05-18,0.48,0.3920420877760237,65,158
470,150190010,2019-06-12,0.23,0.20701416938432615,65,157
471,150190010,2019-06-27,0.15,0.13976194237515868,65,156
472,150190010,2019-08-26,0.1,0.09531017980432487,65,160
473,150190010,2019-09-05,0.06,0.058268908123975775,65,153
474,150190010,2019-09-15,0.05,0.04879016416943201,65,159
475,150190010,2019-10-20,0.09,0.08617769624105233,65,154
476,150190010,2019-10-25,0.07,0.06765864847381481,65,161
477,150200030,2019-06-09,6.9,2.066862759472976,69,19
478,150200030,2019-06-12,6.55,2.0215475632609334,69,18
479,150200030,2019-06-27,5.16,1.8180767775454285,69,17
480,150200030,2019-07-29,18.2,2.9549102790337356,69,21
481,150200030,2019-08-23,6.97,2.075684492802124,69,23
482,150200030,2019-08-26,5.47,1.8671761085128091,69,22
483,150200030,2019-08-28,4.93,1.780024213009634,69,25
484,150200030,2019-09-05,3.71,1.5496879080283263,69,20
485,150200030,2019-09-22,3.43,1.4883995840570443,69,14
486,150200030,2019-10-20,5.06,1.801709800081223,69,15
487,150200030,2019-10-27,4.29,1.665818245870208,69,16
488,150210140,2019-07-29,6.8,2.0541237336955462,70,26
489,150210140,2019-08-28,0.85,0.6151856390902335,70,27
490,150210140,2019-09-12,0.75,0.5596157879354227,70,28
491,150210140,2019-09-22,1.33,0.8458682675776092,70,24
492,150210140,2019-10-17,0.96,0.6729444732424258,70,29
493,150210140,2019-10-27,0.49,0.3987761199573678,70,25
494,151160040,2019-05-19,2.74,1.3190856114264407,56,234
495,151160040,2019-06-03,1.26,0.8153648132841945,56,233
496,151160040,2019-06-05,1.09,0.7371640659767197,56,235
497,151160040,2019-06-30,0.78,0.5766133643039938,56,232
498,151160040,2019-07-03,0.58,0.4574248470388754,56,231
499,151160040,2019-09-21,0.08,0.07696104113612832,56,230
500,150150120,2019-06-03,0.93,0.6575200029167942,57,119
501,150150120,2019-06-25,0.55,0.4382549309311553,57,117
502,150150120,2019-06-30,0.55,0.4382549309311553,57,120
503,150150120,2019-07-03,0.55,0.4382549309311553,57,116
504,150150120,2019-09-01,0.21,0.1906203596086497,57,118
505,150150120,2019-09-21,0.21,0.1906203596086497,57,115
506,151180120,2019-05-01,28.1,3.370738174177447,58,215
507,151180120,2019-06-12,17.6,2.9231615807191558,58,222
508,151180120,2019-06-17,17.1,2.89591193827178,58,213
509,151180120,2019-06-25,15.1,2.7788192719904172,58,221
510,151180120,2019-06-30,17.6,2.9231615807191558,58,218
511,151180120,2019-08-24,11.2,2.501435951739211,58,214
512,151180120,2019-08-26,11.0,2.4849066497880004,58,225
513,151180120,2019-08-29,9.84,2.3832429960115,58,220
514,151180120,2019-09-05,8.66,2.2679936482244267,58,216
515,151180120,2019-09-23,7.76,2.1701959049483,58,219
516,151180120,2019-10-13,7.91,2.187174241482718,58,223
517,151180120,2019-10-20,9.06,2.3085671646715933,58,224
518,153220100,2019-05-20,47.5,3.8815637979434374,75,217
519,153220100,2019-05-30,45.6,3.8416005411316,75,218
520,153220100,2019-06-04,43.6,3.7977338590260183,75,223
521,153220100,2019-06-09,40.5,3.725693427236653,75,215
522,153220100,2019-06-12,38.4,3.673765816303888,75,224
523,153220100,2019-06-22,30.5,3.449987545831587,75,216
524,153220100,2019-06-24,28.6,3.3877743613300146,75,219
525,153220100,2019-08-23,11.0,2.4849066497880004,75,222
526,153220100,2019-08-26,9.8,2.379546134130174,75,220
527,153220100,2019-08-28,8.97,2.299580583973747,75,221
528,153220100,2019-09-27,6.73,2.0451088625993306,75,225
529,154210030,2019-05-20,4.96,1.7850704810772584,80,130
530,154210030,2019-05-30,3.46,1.4951487660319727,80,128
531,154210030,2019-06-04,2.94,1.3711807233098425,80,131
532,154210030,2019-06-12,1.95,1.0818051703517284,80,124
533,154210030,2019-06-19,1.33,0.8458682675776092,80,125
534,154210030,2019-06-24,1.09,0.7371640659767197,80,122
535,154210030,2019-08-03,0.76,0.5653138090500605,80,132
536,154210030,2019-08-11,0.53,0.4252677354043441,80,123
537,154210030,2019-08-23,0.75,0.5596157879354227,80,129
538,154210030,2019-08-26,0.62,0.4824261492442927,80,120
539,154210030,2019-08-28,0.55,0.4382549309311553,80,121
540,154210030,2019-09-05,0.41,0.3435897043900769,80,126
541,150160150,2019-05-18,2.75,1.3217558399823195,55,212
542,150160170,2019-05-18,8.72,2.2741856184723477,55,146
543,150160170,2019-06-25,2.2,1.1631508098056809,55,152
544,150160150,2019-06-27,0.46,0.3784364357202451,55,215
545,150160170,2019-06-27,2.0,1.0986122886681096,55,147
546,150160150,2019-06-30,0.83,0.6043159668533296,55,211
547,150160170,2019-06-30,3.14,1.420695787837223,55,144
548,150160150,2019-07-25,0.65,0.5007752879124893,55,213
549,150160170,2019-07-25,5.78,1.9139771019523042,55,145
550,150160150,2019-08-29,0.34,0.29266961396282,55,218
551,150160170,2019-08-29,0.99,0.688134638736401,55,151
552,150160150,2019-09-05,0.31,0.27002713721306015,55,216
553,150160170,2019-09-05,0.78,0.5766133643039938,55,148
554,150160150,2019-09-15,0.33,0.2851789422336624,55,217
555,150160170,2019-09-15,0.97,0.6780335427498971,55,150
556,151200100,2019-06-09,0.61,0.4762341789963716,72,72
557,151200100,2019-06-12,0.67,0.5128236264286637,72,67
558,151200100,2019-08-23,1.16,0.7701082216960736,72,69
559,151200100,2019-08-26,0.45,0.37156355643248307,72,73
560,151200100,2019-08-28,0.28,0.2468600779315258,72,70
561,151200100,2019-09-05,0.29,0.2546422183735807,72,68
562,151200100,2019-09-22,0.2,0.18232155679395462,72,64
563,151200100,2019-10-12,0.29,0.2546422183735807,72,74
564,151200100,2019-10-20,0.59,0.46373401623214017,72,65
565,151200100,2019-10-27,0.47,0.3852624007906449,72,66
566,154170110,2019-05-14,17.1,2.89591193827178,63,32
567,154170110,2019-06-03,10.8,2.468099531471619,63,28
568,154170110,2019-06-05,10.4,2.4336133554004498,63,27
569,154170110,2019-06-23,8.55,2.256541154492639,63,30
570,154170110,2019-06-30,8.42,2.2428350885882717,63,29
571,154170110,2019-08-24,7.51,2.1412419425852827,63,31
572,154170110,2019-08-27,6.98,2.0769384114617173,63,25
573,154170110,2019-09-01,6.74,2.046401687601636,63,26
574,149180020,2019-06-12,20.0,3.044522437723423,54,2
575,149180020,2019-08-26,15.6,2.8094026953624973,54,3
576,149180020,2019-09-05,9.17,2.3194422100604686,54,1
577,149180020,2019-09-15,9.28,2.330200260027019,54,4
578,149180020,2019-10-20,10.3,2.424802725718295,54,0
579,154160140,2019-06-03,16.6,2.8678989020441064,62,212
580,154160140,2019-06-05,17.4,2.91235066461494,62,211
581,154160140,2019-06-23,13.8,2.6946271807700692,62,210
582,154160140,2019-06-30,14.6,2.747270914255491,62,213
583,154160140,2019-08-27,11.2,2.501435951739211,62,208
584,154160140,2019-09-01,10.5,2.4423470353692043,62,209
585,150220140,2019-06-11,2.61,1.2837077723447896,71,94
586,150220140,2019-06-16,2.29,1.1908875647772805,71,90
587,150220140,2019-07-01,5.0,1.791759469228055,71,92
588,150220140,2019-07-29,9.83,2.382320061012899,71,93
589,150220140,2019-08-18,7.63,2.1552445050953364,71,98
590,150220140,2019-08-20,6.71,2.0425181875752383,71,95
591,150220140,2019-08-28,2.5,1.252762968495368,71,85
592,150220140,2019-09-12,1.32,0.8415671856782186,71,96
593,150220140,2019-09-22,1.27,0.8197798314933114,71,86
594,150220140,2019-10-02,1.24,0.8064758658669485,71,97
595,150220140,2019-10-14,1.48,0.9082585601768908,71,87
596,150220140,2019-10-17,2.77,1.3270750014599193,71,88
597,150220140,2019-10-27,1.45,0.8960880245566356,71,89
598,150220140,2019-11-01,1.34,0.8501509293696101,71,91
599,153220110,2019-05-20,5.12,1.8115620965242347,76,25
600,153220110,2019-05-30,3.35,1.4701758451005928,76,24
601,153220110,2019-06-04,2.88,1.355835153635182,76,18
602,153220110,2019-06-09,2.17,1.1537315878891892,76,19
603,153220110,2019-06-12,2.12,1.1378330018213911,76,22
604,153220110,2019-06-22,1.52,0.924258901523332,76,27
605,153220110,2019-06-24,1.52,0.924258901523332,76,20
606,153220110,2019-08-23,0.29,0.2546422183735807,76,23
607,153220110,2019-08-26,0.26,0.23111172096338664,76,21
608,153220110,2019-08-28,0.26,0.23111172096338664,76,17
609,153220110,2019-09-05,0.25,0.22314355131420976,76,16
610,153220110,2019-09-27,0.74,0.5538851132264376,76,26
611,153180080,2019-05-01,1240.0,7.123672785204607,64,181
612,153180080,2019-06-02,939.0,6.84587987526405,64,180
613,153180080,2019-06-05,932.0,6.838405200847344,64,185
614,153180080,2019-06-12,733.0,6.598509028614515,64,179
615,153180080,2019-06-30,543.0,6.298949246855942,64,184
616,153180080,2019-07-15,927.0,6.833031732786201,64,178
617,153180080,2019-07-20,894.0,6.796823718274855,64,182
618,153180080,2019-08-24,633.0,6.452048954437226,64,177
619,153180080,2019-08-29,588.0,6.3784261836515865,64,183
620,152150230,2019-06-03,1.1,0.7419373447293773,62,3
621,152150230,2019-06-15,1.06,0.7227059828014898,62,10
622,152150230,2019-06-25,1.06,0.7227059828014898,62,1
623,152150230,2019-06-30,1.1,0.7419373447293773,62,0
624,152150230,2019-07-25,1.34,0.8501509293696101,62,2
625,152150230,2019-08-24,0.67,0.5128236264286637,62,9
626,152150230,2019-08-27,0.68,0.5187937934151676,62,5
627,152150230,2019-09-01,0.72,0.5423242908253616,62,6
628,152150230,2019-09-11,0.6,0.4700036292457356,62,7
629,152150230,2019-09-23,0.5,0.4054651081081644,62,4
630,152150230,2019-10-18,0.59,0.46373401623214017,62,8
631,152150230,2019-10-23,0.59,0.46373401623214017,62,11
632,151150180,2019-05-19,1.15,0.7654678421395714,57,4
633,151150180,2019-05-24,0.77,0.5709795465857378,57,10
634,151150180,2019-06-03,0.59,0.46373401623214017,57,7
635,151150180,2019-06-05,0.49,0.3987761199573678,57,5
636,151150180,2019-06-25,0.47,0.3852624007906449,57,8
637,151150180,2019-06-30,0.57,0.4510756193602167,57,2
638,151150180,2019-07-03,0.45,0.37156355643248307,57,6
639,151150180,2019-09-01,0.24,0.2151113796169455,57,9
640,151150180,2019-09-21,0.21,0.1906203596086497,57,3
641,152230030,2019-05-30,1.78,1.0224509277025458,75,72
642,152230030,2019-06-04,1.26,0.8153648132841945,75,64
643,152230030,2019-06-09,1.11,0.7466879474879752,75,69
644,152230030,2019-06-11,1.04,0.712949807856125,75,70
645,152230030,2019-06-24,0.83,0.6043159668533296,75,63
646,152230030,2019-08-23,0.35,0.30010459245033805,75,65
647,152230030,2019-08-25,0.22,0.1988508587451652,75,68
648,152230030,2019-08-28,0.16,0.14842000511827327,75,66
649,152230030,2019-09-04,0.19,0.173953307123438,75,75
650,152230030,2019-09-24,0.32,0.2776317365982795,75,67
651,152230030,2019-10-14,0.18,0.16551443847757338,75,71
652,152230030,2019-10-22,0.5,0.4054651081081644,75,74
653,152230030,2019-10-27,0.36,0.3074846997479606,75,73
654,150160030,2019-06-25,0.16,0.14842000511827327,56,142
655,150160030,2019-06-30,0.36,0.3074846997479606,56,141
656,153170050,2019-05-14,7.64,2.1564025828159643,79,98
657,153170050,2019-06-03,6.7,2.0412203288596382,79,94
658,153170050,2019-06-05,6.7,2.0412203288596382,79,96
659,153170050,2019-06-15,6.13,1.9643112344262046,79,93
660,153170050,2019-06-30,5.88,1.9286186519452522,79,91
661,153170050,2019-08-24,4.89,1.7732559976634952,79,95
662,153170050,2019-08-27,4.84,1.7647307968401358,79,92
663,153170050,2019-09-01,4.61,1.724550719534605,79,97
664,154160130,2019-05-14,5.58,1.884034745337226,62,166
665,154160130,2019-06-03,3.4,1.4816045409242156,62,163
666,154160130,2019-06-05,3.43,1.4883995840570443,62,159
667,154160130,2019-06-23,2.98,1.3812818192963463,62,164
668,154160130,2019-06-30,2.99,1.3837912309017721,62,162
669,154160130,2019-08-24,2.58,1.275362800412609,62,165
670,154160130,2019-08-27,2.57,1.2725655957915476,62,160
671,154160130,2019-09-01,2.48,1.247032293786383,62,161
672,149180060,2019-06-12,3.94,1.597365331199831,54,134
673,149180070,2019-06-12,0.008,0.007968169649176874,54,142
674,149180060,2019-08-26,1.05,0.7178397931503169,54,136
675,149180070,2019-08-26,0.013,0.012916225266546328,54,144
676,149180060,2019-09-05,0.83,0.6043159668533296,54,132
677,149180070,2019-09-05,0.12,0.11332868530700317,54,140
678,149180060,2019-09-15,1.07,0.7275486072772778,54,135
679,149180070,2019-09-15,0.07,0.06765864847381481,54,143
680,149180060,2019-10-20,3.57,1.5195132049061133,54,133
681,149180070,2019-10-20,0.19,0.173953307123438,54,141
682,149180060,2019-10-25,2.8,1.33500106673234,54,138
683,149180070,2019-10-25,0.18,0.16551443847757338,54,146
684,149180060,2019-11-24,1.6,0.9555114450274365,54,139
685,149180070,2019-11-24,0.19,0.173953307123438,54,147
686,149190080,2019-05-25,24.2,3.2268439945173775,66,17
687,149190080,2019-06-09,18.5,2.970414465569701,66,9
688,149190080,2019-07-29,15.7,2.8154087194227095,66,11
689,149190080,2019-08-28,1.3,0.832909122935104,66,15
690,149190080,2019-09-05,1.06,0.7227059828014898,66,10
691,149190080,2019-09-12,1.35,0.8544153281560676,66,13
692,149190080,2019-09-15,1.59,0.9516578757114464,66,14
693,149190080,2019-09-22,2.5,1.252762968495368,66,6
694,149190080,2019-10-17,3.53,1.5107219394949427,66,16
695,149190080,2019-10-20,1.37,0.8628899551470399,66,7
696,149190080,2019-10-25,4.08,1.6253112615903906,66,18
697,149190080,2019-10-27,3.09,1.4085449700547104,66,8
698,149200330,2019-07-29,9.14,2.316487998163037,68,243
699,149200330,2019-08-28,1.53,0.9282193027394289,68,244
700,149200330,2019-09-22,1.42,0.8837675401685949,68,241
701,149200330,2019-10-17,2.05,1.11514159061932,68,245
702,149200330,2019-10-27,0.76,0.5653138090500605,68,242
703,152150130,2019-06-03,157.0,5.062595033026967,54,63
704,152150130,2019-06-05,154.0,5.043425116919247,54,66
705,152150130,2019-06-15,129.0,4.867534450455582,54,67
706,152150130,2019-06-25,80.8,4.404277243608702,54,68
707,152150130,2019-06-30,83.3,4.4343818650078095,54,64
708,152150130,2019-09-01,71.7,4.286341384539473,54,70
709,152150130,2019-09-11,53.9,4.005513348515485,54,65
710,152150130,2019-09-21,76.5,4.350277936359301,54,69
711,152150130,2019-10-13,66.8,4.216562194946349,54,62
712,149220080,2019-06-01,6.94,2.0719132752590443,70,207
713,149220080,2019-07-01,14.0,2.70805020110221,70,206
714,149220080,2019-07-04,4.88,1.7715567619105355,70,210
715,149220080,2019-08-28,0.41,0.3435897043900769,70,208
716,149220080,2019-08-30,0.36,0.3074846997479606,70,209
717,149220080,2019-09-04,0.3,0.26236426446749106,70,213
718,149220080,2019-09-22,0.61,0.4762341789963716,70,204
719,149220080,2019-10-14,12.0,2.5649493574615367,70,205
720,149220080,2019-10-17,0.89,0.636576829071551,70,211
721,149220080,2019-10-24,0.36,0.3074846997479606,70,212
722,154160080,2019-05-14,1.41,0.8796267475025636,62,120
723,154160080,2019-06-03,1.1,0.7419373447293773,62,119
724,154160080,2019-06-05,1.1,0.7419373447293773,62,114
725,154160080,2019-06-30,1.1,0.7419373447293773,62,117
726,154160080,2019-08-24,0.79,0.5822156198526637,62,115
727,154160080,2019-08-27,0.79,0.5822156198526637,62,116
728,154160080,2019-09-01,0.79,0.5822156198526637,62,118
729,154160080,2019-10-18,0.83,0.6043159668533296,62,121
730,151210070,2019-06-07,1.86,1.0508216248317612,73,207
731,151210070,2019-06-09,1.69,0.9895411936137477,73,197
732,151210070,2019-06-12,1.49,0.9122827104766162,73,199
733,151210070,2019-06-22,1.57,0.9439058989071285,73,200
734,151210070,2019-06-24,1.49,0.9122827104766162,73,198
735,151210070,2019-07-29,2.47,1.244154593958768,73,201
736,151210070,2019-08-23,0.67,0.5128236264286637,73,204
737,151210070,2019-08-26,0.61,0.4762341789963716,73,202
738,151210070,2019-08-28,0.58,0.4574248470388754,73,193
739,151210070,2019-09-05,0.48,0.3920420877760237,73,194
740,151210070,2019-09-22,0.52,0.41871033485818504,73,203
741,151210070,2019-10-12,0.57,0.4510756193602167,73,205
742,151210070,2019-10-20,0.55,0.4382549309311553,73,195
743,151210070,2019-10-27,0.47,0.3852624007906449,73,196
744,151210070,2019-10-30,0.45,0.37156355643248307,73,206
745,153220090,2019-05-20,3.1,1.410986973710262,76,133
746,153220090,2019-05-30,1.97,1.0885619528146082,76,132
747,153220090,2019-06-04,1.64,0.9707789171582247,76,131
748,153220090,2019-06-09,1.46,0.9001613499442714,76,130
749,153220090,2019-06-12,1.43,0.8878912573524571,76,128
750,153220090,2019-06-22,1.3,0.832909122935104,76,129
751,153220090,2019-06-24,1.2,0.7884573603642702,76,134
752,153220090,2019-08-23,1.37,0.8628899551470399,76,135
753,153220090,2019-08-26,0.91,0.6471032420585385,76,125
754,153220090,2019-08-28,0.72,0.5423242908253616,76,126
755,153220090,2019-09-05,0.53,0.4252677354043441,76,127
756,153220090,2019-09-27,0.51,0.412109650826833,76,136
757,149190120,2019-05-25,24.0,3.2188758248682006,66,47
758,149190120,2019-06-09,22.2,3.144152278672264,66,38
759,149190120,2019-06-12,19.2,3.005682604407159,66,41
760,149190120,2019-07-29,24.2,3.2268439945173775,66,44
761,149190120,2019-08-26,2.75,1.3217558399823195,66,40
762,149190120,2019-08-28,2.72,1.3137236682850553,66,42
763,149190120,2019-09-05,2.46,1.2412685890696329,66,37
764,149190120,2019-09-12,2.63,1.2892326482767593,66,43
765,149190120,2019-09-15,2.54,1.264126727145683,66,39
766,149190120,2019-09-22,2.47,1.244154593958768,66,34
767,149190120,2019-10-17,2.53,1.2612978709452054,66,45
768,149190120,2019-10-20,2.69,1.3056264580524357,66,35
769,149190120,2019-10-27,2.37,1.2149127443642704,66,36
770,153220310,2019-05-30,1.75,1.0116009116784799,76,119
771,153220310,2019-06-04,0.94,0.6626879730752367,76,123
772,153220310,2019-06-09,0.94,0.6626879730752367,76,121
773,153220310,2019-06-12,0.99,0.688134638736401,76,122
774,153220310,2019-06-24,0.89,0.636576829071551,76,117
775,153220310,2019-07-19,0.64,0.49469624183610705,76,118
776,153220310,2019-08-23,0.84,0.6097655716208943,76,124
777,153220310,2019-08-26,0.86,0.6205764877251099,76,120
778,153220310,2019-09-05,0.77,0.5709795465857378,76,116
779,153180010,2019-05-01,6.85,2.060513531794317,79,149
780,153180010,2019-06-30,6.16,1.9685099809725544,79,146
781,153180010,2019-08-24,5.33,1.8453002361560848,79,148
782,153180010,2019-08-26,5.42,1.8594181177018698,79,147
783,153160260,2019-05-14,3.68,1.5432981099295553,61,107
784,153160260,2019-06-03,3.13,1.4182774069729414,61,106
785,153160260,2019-06-15,2.64,1.2919836816486494,61,110
786,153160260,2019-06-30,2.31,1.1969481893889715,61,104
787,153160260,2019-08-24,1.99,1.095273387402595,61,108
788,153160260,2019-08-27,1.86,1.0508216248317612,61,105
789,153160260,2019-09-01,1.76,1.0152306797290587,61,109
790,153160260,2019-09-11,1.76,1.0152306797290587,61,111
791,152210100,2019-05-20,3.51,1.5062971535145868,77,17
792,152210100,2019-06-04,1.45,0.8960880245566356,77,18
793,152210100,2019-06-09,1.16,0.7701082216960736,77,14
794,152210100,2019-06-12,1.07,0.7275486072772778,77,10
795,152210100,2019-06-22,0.9,0.6418538861723948,77,13
796,152210100,2019-06-24,0.91,0.6471032420585385,77,12
797,152210100,2019-08-23,0.35,0.30010459245033805,77,11
798,152210100,2019-08-28,0.31,0.27002713721306015,77,16
799,152210100,2019-09-05,0.21,0.1906203596086497,77,9
800,152210100,2019-10-20,0.18,0.16551443847757338,77,15
801,149200230,2019-06-09,68.5,4.241326752570746,68,69
802,149200230,2019-07-29,144.0,4.976733742420574,68,67
803,149200230,2019-08-28,47.7,3.885679030088544,68,68
804,149200230,2019-09-22,29.7,3.4242626545931514,68,65
805,149200230,2019-10-17,96.8,4.582924577040772,68,70
806,149200230,2019-10-27,42.8,3.7796338173824005,68,66
807,149190010,2019-05-18,4.1,1.62924053973028,65,1
808,149190010,2019-06-09,0.73,0.5481214085096876,64,245
809,149190010,2019-08-26,0.37,0.31481073984003355,64,249
810,149190010,2019-08-28,0.37,0.31481073984003355,65,2
811,149190010,2019-09-05,0.37,0.31481073984003355,64,246
812,149190010,2019-09-12,0.37,0.31481073984003355,65,0
813,149190010,2019-09-15,0.37,0.31481073984003355,64,247
814,149190010,2019-09-22,0.57,0.4510756193602167,64,242
815,149190010,2019-10-20,3.51,1.5062971535145868,64,243
816,149190010,2019-10-27,1.5,0.9162907318741551,64,244
817,149180250,2019-05-18,3.8,1.5686159179138452,64,220
818,149180250,2019-06-09,1.19,0.7839015438284094,64,215
819,149180250,2019-08-26,0.61,0.4762341789963716,64,219
820,149180250,2019-08-28,0.44,0.36464311358790924,64,221
821,149180250,2019-09-05,0.27,0.23901690047049992,64,216
822,149180250,2019-09-15,0.47,0.3852624007906449,64,217
823,149180250,2019-10-20,1.41,0.8796267475025636,64,214
824,151210090,2019-06-09,6.35,1.9947003132247452,72,111
825,151210090,2019-08-23,15.6,2.8094026953624973,72,114
826,151210090,2019-08-28,5.8,1.916922612182061,72,112
827,151210090,2019-09-22,4.07,1.623340817603092,72,109
828,151210090,2019-10-12,4.05,1.6193882432872684,72,113
829,151210090,2019-10-27,3.9,1.589235205116581,72,110
830,149190230,2019-05-18,123.0,4.820281565605037,63,228
831,149190230,2019-05-25,84.9,4.45318382899021,63,232
832,149190230,2019-06-09,54.6,4.018183201256536,63,223
833,149190230,2019-06-12,49.0,3.912023005428146,63,221
834,149190230,2019-07-29,265.0,5.583496308781699,63,222
835,149190230,2019-08-26,39.3,3.696351468952637,63,226
836,149190230,2019-08-28,36.9,3.6349511120883804,63,231
837,149190230,2019-09-05,16.9,2.884800712846709,63,227
838,149190230,2019-09-12,15.7,2.8154087194227095,63,229
839,149190230,2019-09-15,21.7,3.122364924487357,63,225
840,149190230,2019-09-22,29.0,3.4011973816621555,63,217
841,149190230,2019-10-17,13.8,2.6946271807700692,63,230
842,149190230,2019-10-20,11.4,2.517696472610991,63,218
843,149190230,2019-10-25,9.34,2.336019869080283,63,219
844,149190230,2019-10-27,10.6,2.451005098112319,63,220
845,154230030,2019-05-30,4.88,1.7715567619105355,81,3
846,154230030,2019-06-04,4.65,1.7316555451583495,81,4
847,154230030,2019-06-09,4.42,1.6900958154515549,81,2
848,154230030,2019-06-24,3.59,1.5238800240724537,81,1
849,154230030,2019-07-19,3.2,1.4350845252893227,81,0
850,154230030,2019-09-27,1.88,1.0577902941478545,81,5
851,150200160,2019-06-09,0.59,0.46373401623214017,69,59
852,150200160,2019-06-12,0.51,0.412109650826833,69,58
853,150200160,2019-06-27,0.4,0.33647223662121295,69,65
854,150200160,2019-08-23,0.5,0.4054651081081644,69,63
855,150200160,2019-08-26,0.35,0.30010459245033805,69,61
856,150200160,2019-08-28,0.42,0.35065687161316933,69,62
857,150200160,2019-09-05,0.37,0.31481073984003355,69,60
858,150200160,2019-09-12,0.34,0.29266961396282,69,64
859,150200160,2019-09-22,0.32,0.2776317365982795,69,55
860,150200160,2019-10-20,0.26,0.23111172096338664,69,56
861,150200160,2019-10-27,0.24,0.2151113796169455,69,57
862,152180150,2019-05-01,14.4,2.7343675094195836,59,183
863,152180150,2019-06-17,4.42,1.6900958154515549,59,191
864,152180150,2019-06-25,3.35,1.4701758451005928,59,184
865,152180150,2019-06-30,8.35,2.2353763433005955,59,182
866,152180150,2019-08-24,1.31,0.8372475245337022,59,190
867,152180150,2019-08-26,1.07,0.7275486072772778,59,187
868,152180150,2019-08-29,1.13,0.7561219797213337,59,186
869,152180150,2019-09-05,0.93,0.6575200029167942,59,185
870,152180150,2019-09-23,1.26,0.8153648132841945,59,189
871,152180150,2019-10-13,2.17,1.1537315878891892,59,193
872,152180150,2019-10-20,1.79,1.0260415958332743,59,192
873,151190120,2019-06-09,2.37,1.2149127443642704,74,54
874,151190120,2019-06-12,2.46,1.2412685890696329,74,52
875,151190120,2019-07-29,9.51,2.3523271848888596,74,53
876,151190120,2019-08-26,1.66,0.9783261227936076,74,57
877,151190120,2019-08-28,1.66,0.9783261227936076,74,59
878,151190120,2019-09-05,1.34,0.8501509293696101,74,56
879,151190120,2019-09-12,1.04,0.712949807856125,74,58
880,151190120,2019-09-22,1.06,0.7227059828014898,74,49
881,151190120,2019-10-12,1.16,0.7701082216960736,74,60
882,151190120,2019-10-20,1.16,0.7701082216960736,74,50
883,151190120,2019-10-27,1.3,0.832909122935104,74,51
884,151150140,2019-05-19,30.2,3.4404180948154366,57,159
885,151150140,2019-06-03,20.7,3.077312260546414,57,160
886,151150140,2019-06-25,18.0,2.9444389791664403,57,158
887,151150140,2019-06-30,34.8,3.5779478934066544,57,157
888,151150140,2019-09-01,6.6,2.028148247292285,57,161
889,151150140,2019-09-21,5.1,1.8082887711792655,57,156
890,151210120,2019-06-09,343.0,5.840641657373398,64,72
891,151210120,2019-07-29,2370.0,7.771067086065406,64,75
892,151210120,2019-08-23,392.0,5.973809611869261,64,73
893,151210120,2019-08-28,311.0,5.7430031878094825,64,71
894,151210120,2019-09-22,194.0,5.272999558563747,64,74
895,151210120,2019-10-12,197.0,5.288267030694535,64,76
896,151210120,2019-10-27,210.0,5.351858133476067,64,70
897,153220260,2019-05-30,16.1,2.8390784635086144,75,197
898,153220260,2019-06-04,13.2,2.653241964607215,75,199
899,153220260,2019-06-09,10.1,2.4069451083182885,75,198
900,153220260,2019-06-24,7.72,2.1656192379208883,75,196
901,153220260,2019-07-19,5.28,1.8373699804801074,75,195
902,153220260,2019-08-23,5.04,1.7984040119467237,75,200
903,153220260,2019-09-27,1.83,1.0402767116551463,75,201
904,149200090,2019-05-18,15.9,2.827313621929028,67,136
905,149200090,2019-05-25,10.0,2.3978952727983707,67,140
906,149200090,2019-06-09,9.36,2.337952236831337,67,133
907,149200090,2019-06-12,9.36,2.337952236831337,67,131
908,149200090,2019-07-29,13.2,2.653241964607215,67,132
909,149200090,2019-08-26,3.5,1.5040773967762742,67,135
910,149200090,2019-08-28,3.52,1.5085119938441398,67,137
911,149200090,2019-09-05,3.53,1.5107219394949427,67,134
912,149200090,2019-09-12,3.58,1.5216989981260935,67,138
913,149200090,2019-09-22,3.52,1.5085119938441398,67,129
914,149200090,2019-10-17,3.49,1.501852701754163,67,139
915,149200090,2019-10-20,3.53,1.5107219394949427,67,126
916,149200090,2019-10-25,3.38,1.4770487243883548,67,127
917,149200090,2019-10-27,3.45,1.4929040961781488,67,128
918,150200110,2019-05-18,1.66,0.9783261227936076,68,0
919,150200110,2019-06-09,1.5,0.9162907318741551,67,245
920,150200110,2019-06-12,1.04,0.712949807856125,67,243
921,150200110,2019-07-29,9.2,2.322387720290225,67,244
922,150200110,2019-08-26,2.06,1.1184149159642893,67,246
923,150200110,2019-08-28,1.6,0.9555114450274365,67,247
924,150200110,2019-09-05,1.29,0.8285518175661483,67,248
925,150200110,2019-09-12,1.12,0.7514160886839212,67,249
926,150200110,2019-09-22,7.27,2.1126345090356,67,239
927,150200110,2019-10-17,0.95,0.6678293725756554,68,1
928,150200110,2019-10-20,3.06,1.4011829736136412,67,240
929,150200110,2019-10-25,1.66,0.9783261227936076,67,241
930,150200110,2019-10-27,1.34,0.8501509293696101,67,242
931,150170220,2019-05-01,0.88,0.6312717768418579,55,76
932,150170220,2019-05-26,0.65,0.5007752879124893,55,75
933,150170220,2019-05-31,0.6,0.4700036292457356,55,79
934,150170220,2019-06-05,0.52,0.41871033485818504,55,82
935,150170220,2019-06-12,0.5,0.4054651081081644,55,73
936,150170220,2019-06-17,0.5,0.4054651081081644,55,72
937,150170220,2019-06-25,0.31,0.27002713721306015,55,78
938,150170220,2019-06-27,0.36,0.3074846997479606,55,69
939,150170220,2019-06-30,0.51,0.412109650826833,55,71
940,150170220,2019-08-24,0.23,0.20701416938432615,55,77
941,150170220,2019-09-05,0.16,0.14842000511827327,55,68
942,150170220,2019-09-15,0.18,0.16551443847757338,55,74
943,150170220,2019-10-13,0.2,0.18232155679395462,55,81
944,150170220,2019-10-18,0.17,0.15700374880966475,55,80
945,150170220,2019-10-20,0.17,0.15700374880966475,55,67
946,153210220,2019-05-20,25.8,3.288401887516811,76,166
947,153210220,2019-05-30,25.8,3.288401887516811,76,167
948,153210220,2019-06-09,22.5,3.157000421150113,76,160
949,153210220,2019-06-12,21.6,3.1179499062782403,76,161
950,153210220,2019-06-22,17.7,2.928523523860541,76,164
951,153210220,2019-06-24,16.8,2.8791984572980396,76,159
952,153210220,2019-08-26,17.9,2.9391619220655967,76,162
953,153210220,2019-08-28,17.4,2.91235066461494,76,163
954,153210220,2019-09-05,16.2,2.8449093838194073,76,158
955,153210220,2019-09-27,12.6,2.6100697927420065,76,165
956,152140100,2019-06-03,1.87,1.0543120297715298,62,14
957,152140100,2019-08-27,0.32,0.2776317365982795,62,15
958,152140100,2019-09-11,0.23,0.20701416938432615,62,16
959,151230060,2019-06-11,26.4,3.3105430133940246,77,59
960,151230060,2019-06-26,22.5,3.157000421150113,77,57
961,151230060,2019-08-18,86.8,4.475061500641071,77,55
962,151230060,2019-08-25,44.5,3.817712325956905,77,56
963,151230060,2019-08-28,46.1,3.8522730010223722,77,54
964,151230060,2019-09-12,20.7,3.077312260546414,77,58
965,151230060,2019-09-22,19.8,3.0349529867072724,77,50
966,151230060,2019-09-24,19.1,3.0007198150650303,77,51
967,151230060,2019-10-14,16.2,2.8449093838194073,77,52
968,151230060,2019-10-27,21.2,3.100092288878234,77,53
969,152150240,2019-06-03,23.6,3.202746442938317,61,196
970,152150240,2019-06-15,20.5,3.068052935133617,61,197
971,152150240,2019-06-25,18.7,2.9806186357439426,61,202
972,152150240,2019-06-30,18.5,2.970414465569701,61,194
973,152150240,2019-07-25,18.5,2.970414465569701,61,195
974,152150240,2019-08-24,12.8,2.624668592163159,61,203
975,152150240,2019-08-27,12.2,2.580216829592325,61,198
976,152150240,2019-09-01,11.6,2.533696813957432,61,200
977,152150240,2019-09-11,11.3,2.509599262378372,61,201
978,152150240,2019-09-23,11.0,2.4849066497880004,61,199
979,152150240,2019-10-18,10.7,2.4595888418037104,61,204
980,152150240,2019-10-23,10.7,2.4595888418037104,61,205
981,153150100,2019-05-14,10.4,2.4336133554004498,61,192
982,153150100,2019-06-03,10.4,2.4336133554004498,61,184
983,153150100,2019-06-05,10.1,2.4069451083182885,61,183
984,153150100,2019-06-15,8.06,2.203869120054888,61,185
985,153150100,2019-06-25,6.96,2.0744289998562917,61,193
986,153150100,2019-06-30,6.55,2.0215475632609334,61,186
987,153150100,2019-07-25,7.36,2.1234584270966104,61,188
988,153150100,2019-08-24,4.8,1.7578579175523736,61,187
989,153150100,2019-08-27,4.4,1.6863989535702286,61,189
990,153150100,2019-09-01,4.22,1.6524974018945473,61,190
991,153150100,2019-09-23,3.68,1.5432981099295553,61,191
992,153150120,2019-05-14,4.13,1.635105659182678,61,178
993,153150120,2019-06-03,4.13,1.635105659182678,61,176
994,153150120,2019-06-05,3.91,1.5912739418064292,61,175
995,153150120,2019-06-15,2.7,1.308332819650179,61,181
996,153150120,2019-06-30,2.03,1.1085626195212777,61,174
997,153150120,2019-08-24,1.9,1.0647107369924282,61,177
998,153150120,2019-08-27,1.84,1.0438040521731147,61,179
999,153150120,2019-09-01,1.8,1.0296194171811583,61,180
1000,153150120,2019-09-11,1.57,0.9439058989071285,61,182
1001,153150070,2019-06-03,0.24,0.2151113796169455,62,87
1002,153150070,2019-08-27,0.19,0.173953307123438,62,88
1003,151160050,2019-05-19,4.72,1.7439688053917064,56,200
1004,151160050,2019-06-03,3.15,1.423108334242607,56,202
1005,151160050,2019-06-05,2.99,1.3837912309017721,56,201
1006,151160050,2019-06-25,2.63,1.2892326482767593,56,199
1007,151160050,2019-06-30,2.96,1.3762440252663892,56,196
1008,151160050,2019-07-03,2.58,1.275362800412609,56,198
1009,151160050,2019-09-01,1.35,0.8544153281560676,56,203
1010,151160050,2019-09-21,1.23,0.8020015854720274,56,197
1011,149220150,2019-06-16,5.18,1.8213182714695995,70,50
1012,149220150,2019-07-01,36.1,3.6136169696133895,70,48
1013,149220150,2019-07-04,17.0,2.8903717578961645,70,53
1014,149220150,2019-08-30,1.94,1.0784095813505903,70,49
1015,149220150,2019-09-22,1.66,0.9783261227936076,70,45
1016,149220150,2019-10-02,1.28,0.8241754429663495,70,52
1017,149220150,2019-10-14,61.8,4.139955073474153,70,51
1018,149220150,2019-10-17,5.16,1.8180767775454285,70,46
1019,149220150,2019-10-27,2.56,1.269760544863939,70,47
1020,149220150,2019-11-01,1.54,0.9321640810304452,70,54
1021,149220040,2019-06-16,58.6,4.087655574071304,70,93
1022,149220040,2019-06-26,17.8,2.9338568698359033,70,89
1023,149220040,2019-07-29,72.5,4.297285406218791,70,90
1024,149220040,2019-08-28,19.8,3.0349529867072724,70,91
1025,149220040,2019-09-04,16.5,2.8622008809294686,70,95
1026,149220040,2019-09-12,13.3,2.6602595372658615,70,92
1027,149220040,2019-09-22,16.2,2.8449093838194073,70,86
1028,149220040,2019-10-14,112.0,4.727387818712341,70,87
1029,149220040,2019-10-17,28.4,3.380994674344636,70,94
1030,149220040,2019-10-24,29.8,3.427514689979529,70,96
1031,149220040,2019-10-27,23.1,3.1822118404966093,70,88
1032,151180130,2019-05-18,23.6,3.202746442938317,58,212
1033,151180130,2019-06-12,13.6,2.681021528714291,58,210
1034,151180130,2019-06-17,13.3,2.6602595372658615,58,208
1035,151180130,2019-06-27,11.7,2.5416019934645457,58,209
1036,151180130,2019-09-05,6.64,2.033397603178429,58,206
1037,151180130,2019-10-20,6.86,2.061786606441115,58,211
1038,153190100,2019-05-01,4.06,1.6213664832993742,79,37
1039,153190100,2019-05-06,4.06,1.6213664832993742,79,43
1040,153190100,2019-06-05,2.92,1.366091653802371,79,41
1041,153190100,2019-06-12,2.09,1.128171090909654,79,35
1042,153190100,2019-06-22,1.44,0.8919980393051105,79,38
1043,153190100,2019-06-30,0.78,0.5766133643039938,79,40
1044,153190100,2019-07-20,0.34,0.29266961396282,79,39
1045,153190100,2019-08-24,0.56,0.44468582126144574,79,36
1046,153190100,2019-08-26,0.55,0.4382549309311553,79,34
1047,153190100,2019-08-29,0.6,0.4700036292457356,79,42
1048,150160140,2019-06-25,0.2,0.18232155679395462,56,129
1049,150160140,2019-06-30,0.88,0.6312717768418579,56,127
1050,150160140,2019-07-25,0.48,0.3920420877760237,56,128
1051,150160140,2019-08-24,0.17,0.15700374880966475,56,130
1052,153180140,2019-05-01,38.8,3.6838669122903918,79,28
1053,153180140,2019-06-02,32.4,3.5085558999826545,79,26
1054,153180140,2019-06-05,30.1,3.4372078191851885,79,27
1055,153180140,2019-06-12,24.8,3.250374491927572,79,25
1056,153180140,2019-06-22,20.0,3.044522437723423,79,30
1057,153180140,2019-06-30,18.2,2.9549102790337356,79,23
1058,153180140,2019-08-24,14.8,2.760009940032921,79,24
1059,153180140,2019-08-26,13.7,2.6878474937846906,79,29
1060,153180140,2019-08-29,12.5,2.6026896854443837,79,32
1061,153180140,2019-09-05,11.2,2.501435951739211,79,31
1062,153220060,2019-05-20,10.5,2.4423470353692043,76,80
1063,153220060,2019-05-30,8.35,2.2353763433005955,76,77
1064,153220060,2019-06-04,8.69,2.2710944259026746,76,79
1065,153220060,2019-06-09,6.18,1.9712993830601329,76,76
1066,153220060,2019-06-12,6.35,1.9947003132247452,76,74
1067,153220060,2019-06-24,6.04,1.951608170169951,76,75
1068,153220060,2019-08-23,1.9,1.0647107369924282,76,78
1069,153220060,2019-08-26,1.84,1.0438040521731147,76,73
1070,153220060,2019-08-28,1.79,1.0260415958332743,76,71
1071,153220060,2019-09-05,1.54,0.9321640810304452,76,72
1072,153230010,2019-05-20,15.9,2.827313621929028,75,125
1073,153230010,2019-05-30,9.66,2.3664984187376987,75,133
1074,153230010,2019-06-04,8.0,2.1972245773362196,75,121
1075,153230010,2019-06-09,7.31,2.1174596088673567,75,122
1076,153230010,2019-06-11,7.29,2.115049969147204,75,124
1077,153230010,2019-06-24,6.29,1.986503546020567,75,132
1078,153230010,2019-07-19,12.9,2.631888840136646,75,134
1079,153230010,2019-07-31,7.5,2.1400661634962708,75,126
1080,153230010,2019-08-23,3.48,1.4996230464268938,75,127
1081,153230010,2019-08-25,3.05,1.3987168811184478,75,123
1082,153230010,2019-08-28,2.76,1.324418957401803,75,128
1083,153230010,2019-08-30,2.7,1.308332819650179,75,130
1084,153230010,2019-09-24,3.63,1.5325568680981427,75,129
1085,153230010,2019-09-27,3.62,1.5303947050936475,75,131
1086,153230010,2019-10-14,6.66,2.0360119837525,75,135
1087,153230010,2019-10-27,6.25,1.9810014688665833,75,136
1088,153180020,2019-05-01,1150.0,7.048386408721883,64,171
1089,153180020,2019-06-02,902.0,6.805722553416985,64,170
1090,153180020,2019-06-05,882.0,6.78332520060396,64,172
1091,153180020,2019-06-12,691.0,6.539585955617669,64,169
1092,153180020,2019-06-30,511.0,6.238324625039508,64,168
1093,153180020,2019-08-24,634.0,6.453624998892692,64,167
1094,153180020,2019-08-26,706.0,6.561030665896573,64,174
1095,153180020,2019-08-29,590.0,6.3818160174060985,64,173
1096,153180020,2019-09-05,483.0,6.182084906716632,64,176
1097,152220050,2019-06-09,87.8,4.486386649998124,77,98
1098,152220050,2019-06-24,73.3,4.308110951723713,77,96
1099,152220050,2019-08-23,116.0,4.762173934797756,77,93
1100,152220050,2019-08-25,107.0,4.68213122712422,77,97
1101,152220050,2019-08-28,88.6,4.4953553199808844,77,94
1102,152220050,2019-09-24,38.8,3.6838669122903918,77,95
1103,152220050,2019-10-14,33.3,3.535145354171894,77,99
1104,152220050,2019-10-22,42.4,3.770459441106359,77,101
1105,152220050,2019-10-27,42.3,3.768152635008444,77,100
1106,154170070,2019-06-05,11.4,2.517696472610991,62,197
1107,154170070,2019-06-23,7.13,2.0955609235597192,62,200
1108,154170070,2019-06-30,7.32,2.1186622548331173,62,198
1109,154170070,2019-08-24,6.15,1.9671123567059163,62,199
1110,154170070,2019-08-27,5.89,1.9300710850255671,62,195
1111,154170070,2019-09-01,5.5,1.8718021769015913,62,196
1112,152180010,2019-05-01,0.26,0.23111172096338664,61,47
1113,152180010,2019-06-02,0.29,0.2546422183735807,61,42
1114,152180010,2019-06-12,0.16,0.14842000511827327,61,48
1115,152180010,2019-06-22,0.19,0.173953307123438,61,44
1116,152180010,2019-06-30,0.17,0.15700374880966475,61,41
1117,152180010,2019-08-24,0.12,0.11332868530700317,61,43
1118,152180010,2019-08-26,0.12,0.11332868530700317,61,45
1119,152180010,2019-10-23,0.021,0.020782539182528505,61,49
1120,151190070,2019-06-12,0.74,0.5538851132264376,78,113
1121,151190070,2019-06-17,0.74,0.5538851132264376,78,115
1122,151190070,2019-08-26,0.62,0.4824261492442927,78,117
1123,151190070,2019-09-05,0.32,0.2776317365982795,78,114
1124,151190070,2019-10-20,0.32,0.2776317365982795,78,118
1125,150180220,2019-05-18,4.7,1.7404661748405044,54,245
1126,150180220,2019-06-12,2.7,1.308332819650179,54,241
1127,150180220,2019-08-26,2.16,1.1505720275988207,54,244
1128,150180220,2019-09-05,2.12,1.1378330018213911,54,239
1129,150180220,2019-09-15,2.63,1.2892326482767593,54,243
1130,150180220,2019-10-20,2.73,1.3164082336557241,54,240
1131,150180220,2019-10-25,2.05,1.11514159061932,54,246
1132,150180220,2019-11-24,2.09,1.128171090909654,54,247
1133,150180180,2019-06-12,2.53,1.2612978709452054,55,0
1134,150180180,2019-09-05,1.4,0.8754687373538999,54,249
1135,150180180,2019-09-15,4.78,1.7544036826842861,55,2
1136,150180180,2019-10-20,2.92,1.366091653802371,54,248
1137,151160060,2019-05-19,222.0,5.407171771460119,54,47
1138,151160060,2019-06-03,143.0,4.969813299576001,54,41
1139,151160060,2019-06-05,122.0,4.812184355372417,54,43
1140,151160060,2019-06-15,96.1,4.575741375297279,54,44
1141,151160060,2019-06-30,83.0,4.430816798843313,54,42
1142,151160060,2019-09-01,61.3,4.131961425793407,54,45
1143,151160060,2019-09-21,52.1,3.9721769282478934,54,49
1144,151160060,2019-10-06,47.3,3.877431560658527,54,46
1145,151160060,2019-10-13,61.0,4.127134385045092,54,40
1146,151160060,2019-10-18,86.7,4.473921899378137,54,48
1147,150210110,2019-07-29,2.25,1.1786549963416462,70,21
1148,150210110,2019-08-28,0.27,0.23901690047049992,70,22
1149,150210110,2019-09-22,0.29,0.2546422183735807,70,19
1150,150210110,2019-10-17,0.29,0.2546422183735807,70,23
1151,150210110,2019-10-27,0.24,0.2151113796169455,70,20
1152,150170070,2019-05-18,6.9,2.066862759472976,56,8
1153,150170070,2019-06-25,5.2,1.8245492920510458,56,6
1154,150170070,2019-06-27,5.0,1.791759469228055,56,5
1155,150170070,2019-06-30,8.98,2.300583090323373,56,4
1156,150170070,2019-07-25,13.2,2.653241964607215,56,7
1157,150170070,2019-08-29,3.93,1.5953389880545987,56,12
1158,150170070,2019-09-05,3.05,1.3987168811184478,56,9
1159,150170070,2019-09-15,2.67,1.3001916620664788,56,10
1160,152160150,2019-06-20,0.54,0.43178241642553783,60,117
1161,152160150,2019-06-30,0.47,0.3852624007906449,60,115
1162,152160150,2019-08-24,0.17,0.15700374880966475,60,116
1163,152160150,2019-09-23,0.13,0.12221763272424921,60,118
1164,149180240,2019-05-18,16.8,2.8791984572980396,63,163
1165,149180240,2019-06-09,8.65,2.2669579153508947,63,161
1166,149180240,2019-09-05,1.13,0.7561219797213337,63,160
1167,149180240,2019-09-15,1.14,0.76080582903376,63,162
1168,149180240,2019-10-20,2.16,1.1505720275988207,63,159
1169,149210120,2019-06-11,1.13,0.7561219797213337,71,218
1170,149210120,2019-06-16,0.94,0.6626879730752367,71,217
1171,149210120,2019-06-26,0.78,0.5766133643039938,71,216
1172,149210120,2019-07-29,4.37,1.6808279085207734,71,219
1173,149210120,2019-08-28,0.71,0.5364933705145685,71,220
1174,149210120,2019-09-04,0.52,0.41871033485818504,71,222
1175,149210120,2019-09-12,0.63,0.48858001481867097,71,221
1176,149210120,2019-09-22,0.86,0.6205764877251099,71,213
1177,149210120,2019-10-14,15.2,2.785011242238338,71,214
1178,149210120,2019-10-17,1.54,0.9321640810304452,71,223
1179,149210120,2019-10-27,0.51,0.412109650826833,71,215
1180,153150090,2019-06-03,1.91,1.068153081183401,62,58
1181,153150090,2019-06-05,1.81,1.0331844833456545,62,59
1182,153150090,2019-06-15,1.49,0.9122827104766162,62,57
1183,153150090,2019-06-30,1.19,0.7839015438284094,62,56
1184,153150090,2019-08-24,1.1,0.7419373447293773,62,60
1185,153150090,2019-08-27,1.06,0.7227059828014898,62,61
1186,153150090,2019-09-01,1.05,0.7178397931503169,62,62
1187,153150090,2019-09-11,1.06,0.7227059828014898,62,63
1188,150190270,2019-05-25,0.47,0.3852624007906449,65,203
1189,150190270,2019-06-09,0.49,0.3987761199573678,65,194
1190,150190270,2019-06-12,0.48,0.3920420877760237,65,195
1191,150190270,2019-07-29,1.06,0.7227059828014898,65,198
1192,150190270,2019-08-26,0.29,0.2546422183735807,65,201
1193,150190270,2019-08-28,0.27,0.23901690047049992,65,202
1194,150190270,2019-09-05,0.25,0.22314355131420976,65,197
1195,150190270,2019-09-12,0.24,0.2151113796169455,65,200
1196,150190270,2019-09-15,0.32,0.2776317365982795,65,199
1197,150190270,2019-09-22,0.3,0.26236426446749106,65,191
1198,150190270,2019-10-17,0.28,0.2468600779315258,65,204
1199,150190270,2019-10-20,0.24,0.2151113796169455,65,192
1200,150190270,2019-10-25,0.19,0.173953307123438,65,205
1201,150190270,2019-10-27,0.21,0.1906203596086497,65,193
1202,150190270,2019-11-01,0.19,0.173953307123438,65,206
1203,153140090,2019-06-03,10.5,2.4423470353692043,62,36
1204,153140090,2019-06-23,6.46,2.0095554142156695,62,40
1205,153140090,2019-06-26,5.93,1.9358598132018119,62,38
1206,153140090,2019-07-26,6.57,2.0241930674493576,62,37
1207,153140090,2019-07-28,5.78,1.9139771019523042,62,42
1208,153140090,2019-08-27,2.58,1.275362800412609,62,39
1209,153140090,2019-09-11,2.34,1.205970806988609,62,41
1210,154220110,2019-05-20,4.8,1.7578579175523736,80,194
1211,154220110,2019-05-30,3.38,1.4770487243883548,80,191
1212,154220110,2019-06-04,2.81,1.3376291891386096,80,189
1213,154220110,2019-06-12,2.04,1.1118575154181303,80,190
1214,154220110,2019-06-22,1.7,0.9932517730102834,80,192
1215,154220110,2019-06-24,1.59,0.9516578757114464,80,193
1216,154220110,2019-07-19,1.08,0.7323678937132266,80,197
1217,154220110,2019-07-29,0.85,0.6151856390902335,80,201
1218,154220110,2019-08-18,0.48,0.3920420877760237,80,195
1219,154220110,2019-08-26,0.38,0.32208349916911333,80,200
1220,154220110,2019-08-28,0.34,0.29266961396282,80,196
1221,154220110,2019-09-05,0.29,0.2546422183735807,80,198
1222,154220110,2019-09-27,0.29,0.2546422183735807,80,202
1223,149180040,2019-05-18,1.32,0.8415671856782186,54,164
1224,149180040,2019-06-12,0.45,0.37156355643248307,54,162
1225,149200190,2019-07-29,96.2,4.576770711466393,68,56
1226,149180040,2019-08-26,0.23,0.20701416938432615,54,165
1227,149200190,2019-08-28,53.6,4.000033882750859,68,57
1228,149180040,2019-09-05,0.23,0.20701416938432615,54,161
1229,149180040,2019-09-15,0.35,0.30010459245033805,54,163
1230,149200190,2019-09-22,21.7,3.122364924487357,68,54
1231,149200190,2019-10-17,50.1,3.933784497209659,68,55
1232,149180040,2019-10-20,0.43,0.3576744442718159,54,160
1233,149200190,2019-10-27,37.8,3.6584202466292277,68,58
1234,154180060,2019-06-05,2.6,1.2809338454620645,79,248
1235,154180060,2019-06-30,2.46,1.2412685890696329,79,247
1236,154180060,2019-07-15,2.13,1.1410330045520618,80,0
1237,154180060,2019-07-20,2.37,1.2149127443642704,79,249
1238,149210020,2019-07-29,2.4,1.2237754316221157,69,237
1239,149210020,2019-08-28,0.37,0.31481073984003355,69,239
1240,149210020,2019-09-12,0.32,0.2776317365982795,69,238
1241,149210020,2019-09-22,0.49,0.3987761199573678,69,235
1242,149210020,2019-10-17,0.5,0.4054651081081644,69,240
1243,149210020,2019-10-27,0.24,0.2151113796169455,69,236
1244,150220060,2019-06-11,1.29,0.8285518175661483,71,235
1245,150220060,2019-06-16,1.09,0.7371640659767197,71,232
1246,150220060,2019-06-26,0.88,0.6312717768418579,71,234
1247,150220060,2019-07-01,2.54,1.264126727145683,71,233
1248,150220060,2019-07-16,4.55,1.713797927758343,71,230
1249,150220060,2019-07-29,3.97,1.6034198401085373,71,231
1250,150220060,2019-08-18,0.99,0.688134638736401,71,238
1251,150220060,2019-08-28,0.64,0.49469624183610705,71,229
1252,150220060,2019-08-30,0.61,0.4762341789963716,71,237
1253,150220060,2019-09-04,0.53,0.4252677354043441,71,236
1254,150220060,2019-09-12,0.56,0.44468582126144574,71,239
1255,150220060,2019-09-22,0.8,0.5877866649021191,71,224
1256,150220060,2019-10-14,5.13,1.81319474994812,71,225
1257,150220060,2019-10-17,1.01,0.6981347220709844,71,226
1258,150220060,2019-10-27,0.35,0.30010459245033805,71,227
1259,150220060,2019-11-01,0.34,0.29266961396282,71,228
1260,152180020,2019-05-01,0.72,0.5423242908253616,61,54
1261,152180020,2019-06-02,0.6,0.4700036292457356,61,53
1262,152180020,2019-06-12,0.46,0.3784364357202451,61,57
1263,152180020,2019-06-22,0.31,0.27002713721306015,61,52
1264,152180020,2019-06-30,0.27,0.23901690047049992,61,50
1265,152180020,2019-08-24,0.2,0.18232155679395462,61,51
1266,152180020,2019-08-26,0.18,0.16551443847757338,61,55
1267,152180020,2019-08-29,0.16,0.14842000511827327,61,58
1268,151180070,2019-05-01,0.56,0.44468582126144574,60,1
1269,151180070,2019-05-26,0.42,0.35065687161316933,59,248
1270,151180070,2019-05-31,0.41,0.3435897043900769,59,247
1271,151180070,2019-06-12,0.32,0.2776317365982795,60,3
1272,151180070,2019-06-17,0.26,0.23111172096338664,59,246
1273,151180070,2019-06-27,0.24,0.2151113796169455,59,245
1274,151180070,2019-06-30,0.56,0.44468582126144574,59,243
1275,151180070,2019-08-24,0.16,0.14842000511827327,59,249
1276,151180070,2019-08-29,0.14,0.1310282624064041,60,2
1277,151180070,2019-09-05,0.14,0.1310282624064041,59,242
1278,151180070,2019-09-15,0.15,0.13976194237515868,60,0
1279,151180070,2019-10-13,0.14,0.1310282624064041,60,5
1280,151180070,2019-10-20,0.13,0.12221763272424921,60,4
1281,152150040,2019-06-03,169.0,5.135798437050262,59,90
1282,152150040,2019-06-05,163.0,5.099866427824199,59,88
1283,152150040,2019-06-15,136.0,4.919980925828125,59,94
1284,152150040,2019-06-25,119.0,4.787491742782046,59,86
1285,152150040,2019-06-30,113.0,4.736198448394496,59,85
1286,152150040,2019-07-25,139.0,4.941642422609304,59,87
1287,152150040,2019-08-27,71.4,4.282206299391671,59,93
1288,152150040,2019-09-01,66.1,4.206184043977636,59,92
1289,152150040,2019-09-11,62.5,4.151039905898646,59,91
1290,152150040,2019-09-23,61.2,4.130354999745133,59,89
1291,152150040,2019-10-23,65.9,4.203198967134183,59,95
1292,150160100,2019-06-05,3.02,1.3912819026309298,55,243
1293,150160100,2019-06-25,1.96,1.085189268335969,55,241
1294,150160100,2019-06-30,7.62,2.154085084675602,55,240
1295,150160100,2019-07-25,5.74,1.9080599249242156,55,242
1296,150160100,2019-08-29,1.36,0.8586616190375187,55,244
1297,152150140,2019-06-03,72.5,4.297285406218791,61,32
1298,152150140,2019-06-05,72.4,4.29592393562047,61,35
1299,152150140,2019-06-15,59.4,4.100989104940769,61,39
1300,152150140,2019-06-25,52.9,3.9871304779149517,61,29
1301,152150140,2019-06-30,48.7,3.906004933102583,61,37
1302,152150140,2019-07-25,59.3,4.09933210373314,61,30
1303,152150140,2019-08-24,34.7,3.5751506887855933,61,40
1304,152150140,2019-08-27,31.5,3.481240089335692,61,33
1305,152150140,2019-09-01,28.9,3.3978584803966405,61,34
1306,152150140,2019-09-23,27.7,3.3568971227655755,61,31
1307,152150140,2019-10-18,26.7,3.3214324131932926,61,36
1308,152150140,2019-10-23,27.6,3.353406717825807,61,38
1309,152140020,2019-06-03,421.0,6.045005314036012,54,96
1310,152140020,2019-07-26,380.0,5.942799375126701,54,98
1311,152140020,2019-08-27,207.0,5.337538079701318,54,97
1312,150230070,2019-06-11,1.55,0.9360933591703348,77,120
1313,150230070,2019-06-26,1.2,0.7884573603642702,77,121
1314,150230070,2019-08-25,1.82,1.0367368849500223,77,122
1315,150230070,2019-09-24,0.65,0.5007752879124893,77,118
1316,150230070,2019-10-14,0.92,0.6523251860396903,77,119
1317,150230070,2019-10-24,0.77,0.5709795465857378,77,124
1318,150230070,2019-11-03,0.6,0.4700036292457356,77,123
1319,149180120,2019-06-12,1.16,0.7701082216960736,64,210
1320,149180120,2019-08-26,0.2,0.18232155679395462,64,213
1321,149180120,2019-09-05,0.16,0.14842000511827327,64,209
1322,149180120,2019-09-15,0.19,0.173953307123438,64,212
1323,149180120,2019-10-20,0.42,0.35065687161316933,64,208
1324,151180180,2019-06-12,2.34,1.205970806988609,59,160
1325,151180180,2019-06-17,2.13,1.1410330045520618,59,158
1326,151180180,2019-08-26,0.77,0.5709795465857378,59,161
1327,151180180,2019-09-05,0.57,0.4510756193602167,59,156
1328,151180180,2019-10-20,0.47,0.3852624007906449,59,159
1329,154160060,2019-06-03,5.65,1.8946168546677629,62,183
1330,154160060,2019-06-05,5.59,1.8855533485144158,62,186
1331,154160060,2019-06-30,5.25,1.8325814637483102,62,185
1332,154160060,2019-07-25,5.05,1.80005827204275,62,184
1333,154160060,2019-08-27,4.94,1.7817091333745536,62,182
1334,150180080,2019-05-01,2.13,1.1410330045520618,54,229
1335,150180080,2019-05-11,2.14,1.144222799920162,54,230
1336,150180080,2019-05-18,3.07,1.4036429994545037,54,231
1337,150180080,2019-05-31,1.43,0.8878912573524571,54,224
1338,150180080,2019-06-30,2.63,1.2892326482767593,54,225
1339,150180080,2019-08-26,0.73,0.5481214085096876,54,232
1340,150180080,2019-08-29,0.62,0.4824261492442927,54,226
1341,150180080,2019-09-05,0.58,0.4574248470388754,54,223
1342,150180080,2019-09-15,0.57,0.4510756193602167,54,227
1343,150180080,2019-10-20,0.51,0.412109650826833,54,222
1344,150210200,2019-06-11,1.21,0.7929925155296614,70,38
1345,150210200,2019-06-26,1.18,0.7793248768009976,70,42
1346,150210200,2019-08-23,1.77,1.0188473201992472,70,41
1347,150210200,2019-08-25,1.64,0.9707789171582247,70,39
1348,150210200,2019-08-28,1.66,0.9783261227936076,70,40
1349,150210200,2019-09-04,1.22,0.7975071958841881,70,34
1350,150210200,2019-09-22,0.91,0.6471032420585385,70,35
1351,150210200,2019-10-12,0.6,0.4700036292457356,70,43
1352,150210200,2019-10-14,0.84,0.6097655716208943,70,36
1353,150210200,2019-10-24,0.92,0.6523251860396903,70,44
1354,150210200,2019-10-27,0.83,0.6043159668533296,70,37
1355,153230160,2019-05-20,1.47,0.9042181506398859,75,81
1356,153230160,2019-05-30,0.8,0.5877866649021191,75,79
1357,153230160,2019-06-04,0.63,0.48858001481867097,75,78
1358,153230160,2019-06-09,0.44,0.36464311358790924,75,76
1359,153230160,2019-06-24,0.32,0.2776317365982795,75,80
1360,153230160,2019-08-23,0.07,0.06765864847381481,75,88
1361,153230160,2019-08-25,0.07,0.06765864847381481,75,77
1362,153230160,2019-08-28,0.048,0.04688358589885042,75,82
1363,153230160,2019-09-04,0.039,0.03825871211709034,75,83
1364,153230160,2019-09-24,0.07,0.06765864847381481,75,84
1365,153230160,2019-10-14,0.16,0.14842000511827327,75,85
1366,153230160,2019-10-22,0.23,0.20701416938432615,75,86
1367,153230160,2019-10-27,0.16,0.14842000511827327,75,87
1368,153180100,2019-05-01,1310.0,7.1785454837637,64,193
1369,153180100,2019-06-02,1020.0,6.928537818164665,64,191
1370,153180100,2019-06-05,1020.0,6.928537818164665,64,196
1371,153180100,2019-06-12,851.0,6.747586526829315,64,188
1372,153180100,2019-06-30,703.0,6.556778356158042,64,187
1373,153180100,2019-07-15,1020.0,6.928537818164665,64,190
1374,153180100,2019-07-20,923.0,6.828712071641684,64,192
1375,153180100,2019-08-24,643.0,6.467698726104354,64,189
1376,153180100,2019-08-26,675.0,6.516193076042964,64,194
1377,153180100,2019-08-29,612.0,6.418364935936212,64,195
1378,149200310,2019-07-29,3.1,1.410986973710262,68,240
1379,149200310,2019-09-22,0.52,0.41871033485818504,68,237
1380,149200310,2019-10-17,0.87,0.6259384308664953,68,238
1381,149200310,2019-10-27,0.32,0.2776317365982795,68,239
1382,151150110,2019-05-24,6.68,2.038619547159581,58,21
1383,151150110,2019-06-03,5.04,1.7984040119467237,58,20
1384,151150110,2019-06-05,6.4,2.0014800002101243,58,19
1385,151150110,2019-06-25,3.96,1.601405740736836,58,18
1386,151150110,2019-06-30,5.01,1.7934247485471162,58,17
1387,151150110,2019-09-01,0.66,0.5068176023684519,58,22
1388,151150110,2019-09-21,0.81,0.5933268452777344,58,16
1389,152180140,2019-05-01,2.22,1.169381359556317,59,195
1390,152180140,2019-06-30,0.25,0.22314355131420976,59,194
1391,152180140,2019-08-24,0.06,0.058268908123975775,59,196
1392,152180140,2019-08-26,0.028,0.027615167032973367,59,197
1393,152180140,2019-08-29,0.034,0.03343477608623739,59,199
1394,152180140,2019-09-05,0.025,0.0246926125903715,59,198
1395,152180140,2019-09-23,0.023,0.02273948696948943,59,201
1396,152180140,2019-10-13,0.11,0.10436001532424277,59,203
1397,152180140,2019-10-20,0.046,0.044973365642731154,59,202
1398,151140010,2019-06-03,25.5,3.2771447329921766,58,106
1399,151140010,2019-06-18,16.8,2.8791984572980396,58,105
1400,151140010,2019-09-11,6.4,2.0014800002101243,58,108
1401,151140010,2019-09-21,7.17,2.1004689088719113,58,107
1402,151210050,2019-06-07,378.0,5.937536205082426,64,84
1403,151210050,2019-06-09,375.0,5.929589143389895,64,82
1404,151210050,2019-06-12,381.0,5.945420608606575,64,87
1405,151210050,2019-06-22,351.0,5.863631175598097,64,85
1406,151210050,2019-06-24,305.0,5.723585101952381,64,80
1407,151210050,2019-07-29,2930.0,7.983098940710892,64,81
1408,151210050,2019-08-01,1200.0,7.0909098220799835,64,89
1409,153160200,2019-05-14,4.42,1.6900958154515549,61,77
1410,153160200,2019-06-03,4.42,1.6900958154515549,61,75
1411,153160200,2019-06-05,4.34,1.6752256529721035,61,78
1412,153160200,2019-06-15,4.1,1.62924053973028,61,79
1413,153160200,2019-06-30,3.32,1.463255402256019,61,73
1414,153160200,2019-08-24,1.45,0.8960880245566356,61,74
1415,153160200,2019-08-27,1.38,0.8671004876833832,61,72
1416,153160200,2019-09-01,1.33,0.8458682675776092,61,76
1417,153230130,2019-05-12,1.82,1.0367368849500223,75,230
1418,153230130,2019-05-30,1.14,0.76080582903376,75,229
1419,153230130,2019-06-04,0.91,0.6471032420585385,75,226
1420,153230130,2019-06-09,0.85,0.6151856390902335,75,227
1421,153230130,2019-06-11,0.84,0.6097655716208943,75,237
1422,153230130,2019-06-24,0.8,0.5877866649021191,75,228
1423,153230130,2019-07-19,1.43,0.8878912573524571,75,235
1424,153230130,2019-07-31,0.58,0.4574248470388754,75,232
1425,153230130,2019-08-05,0.41,0.3435897043900769,75,233
1426,153230130,2019-08-25,0.24,0.2151113796169455,75,231
1427,153230130,2019-08-30,0.23,0.20701416938432615,75,234
1428,153230130,2019-10-14,0.28,0.2468600779315258,75,236
1429,153230130,2019-10-22,0.56,0.44468582126144574,75,238
1430,150220050,2019-06-16,5.45,1.864080130807681,72,25
1431,150220050,2019-06-26,5.14,1.814824742159051,72,24
1432,150220050,2019-07-29,26.9,3.32862668882732,72,29
1433,150220050,2019-08-23,6.17,1.969905654611529,72,27
1434,150220050,2019-08-25,5.81,1.918392120161421,72,26
1435,150220050,2019-08-28,5.34,1.8468787684491346,72,23
1436,150220050,2019-08-30,5.09,1.8066480817218056,72,31
1437,150220050,2019-09-04,4.55,1.713797927758343,72,16
1438,150220050,2019-09-12,4.75,1.749199854809259,72,28
1439,150220050,2019-09-22,4.92,1.7783364488959144,72,17
1440,150220050,2019-09-24,4.7,1.7404661748405044,72,18
1441,150220050,2019-10-12,5.44,1.8625285401162623,72,30
1442,150220050,2019-10-14,6.88,2.064327903869788,72,19
1443,150220050,2019-10-17,11.1,2.4932054526026954,72,22
1444,150220050,2019-10-19,8.23,2.222459048514761,72,33
1445,150220050,2019-10-24,5.29,1.8389610707123492,72,32
1446,150220050,2019-10-27,4.54,1.7119945007591926,72,20
1447,150220050,2019-11-01,4.21,1.6505798557652755,72,21
1448,149220070,2019-06-11,1.54,0.9321640810304452,70,246
1449,149220070,2019-06-16,1.0,0.6931471805599453,70,244
1450,149220070,2019-07-01,9.84,2.3832429960115,70,243
1451,149220070,2019-07-29,1.76,1.0152306797290587,70,249
1452,149220070,2019-08-28,0.91,0.6471032420585385,70,245
1453,149220070,2019-08-30,0.81,0.5933268452777344,70,247
1454,149220070,2019-09-04,0.63,0.48858001481867097,71,0
1455,149220070,2019-09-22,0.73,0.5481214085096876,70,241
1456,149220070,2019-10-14,32.1,3.4995332823830174,70,242
1457,149220070,2019-10-17,1.57,0.9439058989071285,70,248
1458,152220060,2019-05-30,1.06,0.7227059828014898,77,198
1459,152220060,2019-06-09,0.78,0.5766133643039938,77,188
1460,152220060,2019-06-11,0.71,0.5364933705145685,77,193
1461,152220060,2019-06-24,0.77,0.5709795465857378,77,194
1462,152220060,2019-08-23,0.59,0.46373401623214017,77,195
1463,152220060,2019-08-25,0.54,0.43178241642553783,77,189
1464,152220060,2019-08-28,0.52,0.41871033485818504,77,192
1465,152220060,2019-09-04,0.39,0.3293037471426004,77,196
1466,152220060,2019-09-24,0.4,0.33647223662121295,77,190
1467,152220060,2019-10-14,0.45,0.37156355643248307,77,191
1468,152220060,2019-10-22,0.57,0.4510756193602167,77,199
1469,152220060,2019-10-27,0.39,0.3293037471426004,77,197
1470,153200010,2019-05-01,1.92,1.0715836162801904,78,230
1471,153200010,2019-06-12,1.61,0.9593502213346021,78,229
1472,153200010,2019-06-30,1.4,0.8754687373538999,78,228
1473,153200010,2019-07-20,2.62,1.2864740258376797,78,234
1474,153200010,2019-08-11,1.54,0.9321640810304452,78,233
1475,153200010,2019-08-24,1.62,0.9631743177730056,78,231
1476,153200010,2019-08-26,1.45,0.8960880245566356,78,232
1477,151150030,2019-06-03,0.95,0.6678293725756554,58,66
1478,151150030,2019-06-15,0.63,0.48858001481867097,58,72
1479,151150030,2019-06-25,0.41,0.3435897043900769,58,68
1480,151150030,2019-06-30,0.45,0.37156355643248307,58,67
1481,151150030,2019-09-01,0.12,0.11332868530700317,58,70
1482,151150030,2019-09-11,0.13,0.12221763272424921,58,71
1483,151150030,2019-09-21,0.11,0.10436001532424277,58,69
1484,151150030,2019-10-13,0.08,0.07696104113612832,58,65
1485,151150030,2019-10-18,0.07,0.06765864847381481,58,73
1486,149210140,2019-06-11,0.34,0.29266961396282,71,207
1487,149210140,2019-06-16,0.29,0.2546422183735807,71,204
1488,149210140,2019-06-26,0.3,0.26236426446749106,71,206
1489,149210140,2019-07-29,1.98,1.091923300517313,71,205
1490,149210140,2019-08-28,0.27,0.23901690047049992,71,208
1491,149210140,2019-09-04,0.17,0.15700374880966475,71,211
1492,149210140,2019-09-12,0.19,0.173953307123438,71,209
1493,149210140,2019-09-22,0.15,0.13976194237515868,71,201
1494,149210140,2019-10-14,8.3,2.2300144001592104,71,202
1495,149210140,2019-10-17,0.86,0.6205764877251099,71,210
1496,149210140,2019-10-19,0.42,0.35065687161316933,71,212
1497,149210140,2019-10-27,0.43,0.3576744442718159,71,203
1498,149180130,2019-06-09,0.84,0.6097655716208943,54,131
1499,149180130,2019-06-12,0.54,0.43178241642553783,54,126
1500,149180130,2019-07-04,0.56,0.44468582126144574,54,122
1501,149180130,2019-07-29,1.61,0.9593502213346021,54,125
1502,149180130,2019-08-26,0.11,0.10436001532424277,54,129
1503,149180130,2019-08-28,0.1,0.09531017980432487,54,128
1504,149180130,2019-09-05,0.06,0.058268908123975775,54,123
1505,149180130,2019-09-15,0.09,0.08617769624105233,54,117
1506,149180130,2019-09-22,0.16,0.14842000511827327,54,118
1507,149180130,2019-10-17,0.11,0.10436001532424277,54,119
1508,149180130,2019-10-20,0.11,0.10436001532424277,54,124
1509,149180130,2019-10-25,0.14,0.1310282624064041,54,120
1510,149180130,2019-10-27,0.33,0.2851789422336624,54,121
1511,149180130,2019-11-01,0.09,0.08617769624105233,54,130
1512,149190240,2019-05-25,3.95,1.599387576580599,81,48
1513,149190250,2019-05-25,1.12,0.7514160886839212,81,59
1514,149190240,2019-07-29,2.34,1.205970806988609,81,43
1515,149190250,2019-07-29,1.5,0.9162907318741551,81,54
1516,149190240,2019-08-28,0.34,0.29266961396282,81,46
1517,149190250,2019-08-28,0.27,0.23901690047049992,81,57
1518,149190240,2019-09-05,0.27,0.23901690047049992,81,45
1519,149190250,2019-09-05,0.23,0.20701416938432615,81,56
1520,149190240,2019-09-12,0.34,0.29266961396282,81,47
1521,149190250,2019-09-12,0.28,0.2468600779315258,81,58
1522,149190240,2019-09-15,0.4,0.33647223662121295,81,38
1523,149190250,2019-09-15,0.41,0.3435897043900769,81,49
1524,149190240,2019-09-22,2.45,1.2383742310432684,81,39
1525,149190250,2019-09-22,1.0,0.6931471805599453,81,50
1526,149190240,2019-10-17,0.53,0.4252677354043441,81,40
1527,149190250,2019-10-17,1.84,1.0438040521731147,81,51
1528,149190240,2019-10-25,0.26,0.23111172096338664,81,41
1529,149190250,2019-10-25,0.31,0.27002713721306015,81,52
1530,149190240,2019-10-27,0.26,0.23111172096338664,81,42
1531,149190250,2019-10-27,0.34,0.29266961396282,81,53
1532,152210140,2019-06-09,1.27,0.8197798314933114,78,9
1533,152210140,2019-06-24,1.12,0.7514160886839212,78,8
1534,152210140,2019-07-29,2.49,1.2499017362143359,78,10
1535,152210140,2019-08-23,0.55,0.4382549309311553,78,11
1536,152210140,2019-08-28,0.53,0.4252677354043441,78,7
1537,152210140,2019-09-22,0.35,0.30010459245033805,78,12
1538,152210140,2019-10-12,0.29,0.2546422183735807,78,13
1539,152210140,2019-10-27,0.26,0.23111172096338664,78,14
1540,150200130,2019-05-18,169.0,5.135798437050262,64,18
1541,150200130,2019-06-09,85.2,4.456670177669648,64,24
1542,150200130,2019-06-12,83.0,4.430816798843313,64,16
1543,150200130,2019-07-29,371.0,5.918893854273146,64,15
1544,150200130,2019-08-26,79.0,4.382026634673881,64,19
1545,150200130,2019-08-28,74.0,4.31748811353631,64,20
1546,150200130,2019-09-05,50.0,3.9318256327243257,64,17
1547,150200130,2019-09-12,47.0,3.8712010109078907,64,21
1548,150200130,2019-09-22,70.0,4.2626798770413155,64,11
1549,150200130,2019-10-17,64.4,4.180522258463153,64,22
1550,150200130,2019-10-20,52.7,3.983413001514819,64,12
1551,150200130,2019-10-25,49.4,3.919991175077323,64,13
1552,150200130,2019-10-27,48.8,3.9080149840306073,64,14
1553,149200200,2019-05-18,3.59,1.5238800240724537,68,234
1554,149200200,2019-06-09,1.8,1.0296194171811583,68,235
1555,149200200,2019-07-29,5.52,1.8748743759385615,68,232
1556,149200200,2019-08-28,0.86,0.6205764877251099,68,233
1557,149200200,2019-09-22,3.6,1.5260563034950494,68,230
1558,149200200,2019-10-17,2.32,1.199964782928397,68,236
1559,149200200,2019-10-27,0.67,0.5128236264286637,68,231
1560,150150030,2019-06-03,1.1,0.7419373447293773,57,217
1561,150150030,2019-06-05,1.81,1.0331844833456545,57,218
1562,150150030,2019-06-25,1.8,1.0296194171811583,57,220
1563,150150030,2019-06-30,0.96,0.6729444732424258,57,216
1564,150150030,2019-09-01,0.09,0.08617769624105233,57,219
1565,150150030,2019-09-21,0.07,0.06765864847381481,57,215
1566,153230120,2019-05-12,7.47,2.136530508663963,81,11
1567,153230120,2019-05-30,6.94,2.0719132752590443,81,7
1568,153230120,2019-06-04,6.57,2.0241930674493576,81,9
1569,153230120,2019-06-09,6.22,1.9768549529047348,81,8
1570,153230120,2019-06-24,5.51,1.873339456220478,81,6
1571,153230120,2019-08-05,4.07,1.623340817603092,81,10
1572,153230120,2019-09-27,2.92,1.366091653802371,81,14
1573,153230120,2019-10-14,2.95,1.3737155789130306,81,12
1574,153230120,2019-10-22,3.2,1.4350845252893227,81,13
1575,150190350,2019-06-09,1.63,0.9669838461896731,74,42
1576,150190350,2019-06-12,1.42,0.8837675401685949,74,36
1577,150190350,2019-06-27,1.19,0.7839015438284094,74,41
1578,150190350,2019-07-29,5.3,1.840549633397487,74,40
1579,150190350,2019-08-23,0.62,0.4824261492442927,74,46
1580,150190350,2019-08-28,0.44,0.36464311358790924,74,45
1581,150190350,2019-09-05,0.28,0.2468600779315258,74,43
1582,150190350,2019-09-12,0.23,0.20701416938432615,74,44
1583,150190350,2019-09-22,0.23,0.20701416938432615,74,37
1584,150190350,2019-10-12,0.26,0.23111172096338664,74,47
1585,150190350,2019-10-20,0.44,0.36464311358790924,74,38
1586,150190350,2019-10-27,0.27,0.23901690047049992,74,39
1587,151160190,2019-06-25,4.2,1.6486586255873816,56,125
1588,151160190,2019-06-30,8.31,2.231089091288976,56,124
1589,151160190,2019-07-25,8.49,2.2502386126218363,56,126
1590,150170080,2019-05-18,0.49,0.3987761199573678,55,61
1591,150170080,2019-06-27,0.46,0.3784364357202451,55,60
1592,150170080,2019-06-30,0.72,0.5423242908253616,55,59
1593,150170080,2019-07-25,1.46,0.9001613499442714,55,62
1594,150170080,2019-08-29,0.33,0.2851789422336624,55,65
1595,150170080,2019-09-05,0.32,0.2776317365982795,55,66
1596,150170080,2019-09-15,0.32,0.2776317365982795,55,63
1597,150220100,2019-06-11,50.6,3.9435216724875173,70,122
1598,150220100,2019-06-16,45.7,3.8437441646748516,70,123
1599,150220100,2019-07-01,65.8,4.2017030805426,70,117
1600,150220100,2019-07-29,122.0,4.812184355372417,70,119
1601,150220100,2019-08-18,61.3,4.131961425793407,70,120
1602,150220100,2019-08-20,84.5,4.448516375942715,70,124
1603,150220100,2019-08-28,44.6,3.8199077165203406,70,118
1604,150220100,2019-09-12,20.6,3.0726933146901194,70,121
1605,150220100,2019-09-22,23.7,3.2068032436339315,70,112
1606,150220100,2019-10-02,19.0,2.995732273553991,70,125
1607,150220100,2019-10-14,34.7,3.5751506887855933,70,113
1608,150220100,2019-10-17,68.7,4.244200317766478,70,114
1609,150220100,2019-10-27,25.2,3.265759410767051,70,115
1610,150220100,2019-11-01,24.3,3.2308043957334744,70,116
1611,149210080,2019-06-11,2.07,1.1216775615991057,70,12
1612,149210080,2019-06-16,1.6,0.9555114450274365,70,10
1613,149210080,2019-06-26,1.28,0.8241754429663495,70,9
1614,149210080,2019-07-29,14.4,2.7343675094195836,70,11
1615,149210080,2019-08-28,1.18,0.7793248768009976,70,13
1616,149210080,2019-09-04,0.8,0.5877866649021191,70,15
1617,149210080,2019-09-12,0.78,0.5766133643039938,70,14
1618,149210080,2019-09-22,0.76,0.5653138090500605,70,6
1619,149210080,2019-10-14,23.7,3.2068032436339315,70,7
1620,149210080,2019-10-17,4.17,1.6428726885203377,70,16
1621,149210080,2019-10-19,1.97,1.0885619528146082,70,17
1622,149210080,2019-10-24,1.0,0.6931471805599453,70,18
1623,149210080,2019-10-27,0.93,0.6575200029167942,70,8
1624,149190060,2019-05-18,21.3,3.104586678466073,63,172
1625,149190060,2019-05-25,12.4,2.5952547069568657,63,177
1626,149190060,2019-06-09,9.94,2.392425796993835,63,168
1627,149190060,2019-06-12,9.25,2.327277705584417,63,179
1628,149190060,2019-07-29,83.3,4.4343818650078095,63,169
1629,149190060,2019-08-26,3.41,1.4838746894587547,63,176
1630,149190060,2019-08-28,3.09,1.4085449700547104,63,175
1631,149190060,2019-09-05,2.56,1.269760544863939,63,170
1632,149190060,2019-09-12,2.4,1.2237754316221157,63,173
1633,149190060,2019-09-15,2.63,1.2892326482767593,63,171
1634,149190060,2019-09-22,6.64,2.033397603178429,63,165
1635,149190060,2019-10-17,3.82,1.5727739280625088,63,178
1636,149190060,2019-10-20,6.29,1.986503546020567,63,166
1637,149190060,2019-10-27,5.3,1.840549633397487,63,167
1638,151160090,2019-05-19,1.73,1.0043016091968684,56,216
1639,151160090,2019-05-24,1.31,0.8372475245337022,56,220
1640,151160090,2019-06-03,0.82,0.598836501088704,56,217
1641,151160090,2019-06-05,0.77,0.5709795465857378,56,219
1642,151160090,2019-06-25,0.44,0.36464311358790924,56,215
1643,151160090,2019-06-30,0.61,0.4762341789963716,56,213
1644,151160090,2019-07-03,0.38,0.32208349916911333,56,214
1645,151160090,2019-09-01,0.15,0.13976194237515868,56,218
1646,151160090,2019-09-21,0.12,0.11332868530700317,56,212
1647,150150070,2019-05-24,8.81,2.2834022735772717,57,232
1648,150150080,2019-05-24,18.7,2.9806186357439426,57,147
1649,150150070,2019-06-05,16.5,2.8622008809294686,57,230
1650,150150080,2019-06-05,25.3,3.269568939183719,57,145
1651,150150070,2019-06-25,17.0,2.8903717578961645,57,229
1652,150150080,2019-06-25,25.3,3.269568939183719,57,144
1653,150150070,2019-06-30,13.1,2.6461747973841225,57,228
1654,150150080,2019-06-30,22.3,3.148453360571655,57,143
1655,150150070,2019-09-01,0.9,0.6418538861723948,57,231
1656,150150080,2019-09-01,2.95,1.3737155789130306,57,146
1657,150150070,2019-09-21,0.95,0.6678293725756554,57,227
1658,150150080,2019-09-21,3.13,1.4182774069729414,57,142
1659,150190180,2019-05-18,17.0,2.8903717578961645,65,118
1660,150190180,2019-06-09,11.6,2.533696813957432,65,114
1661,150190180,2019-07-29,26.8,3.3250360206965914,65,116
1662,150190180,2019-08-26,10.6,2.451005098112319,65,121
1663,150190180,2019-08-28,10.7,2.4595888418037104,65,120
1664,150190180,2019-09-05,9.84,2.3832429960115,65,115
1665,150190180,2019-09-12,9.89,2.387844936944869,65,122
1666,150190180,2019-09-15,11.1,2.4932054526026954,65,117
1667,150190180,2019-09-22,10.3,2.424802725718295,65,111
1668,150190180,2019-10-17,12.1,2.5726122302071057,65,123
1669,150190180,2019-10-20,10.4,2.4336133554004498,65,112
1670,150190180,2019-10-27,9.81,2.380471631651117,65,113
1671,149190290,2019-05-18,2.08,1.1249295969854831,66,179
1672,149190290,2019-05-25,0.82,0.598836501088704,66,177
1673,149190290,2019-06-09,0.36,0.3074846997479606,66,172
1674,149190290,2019-06-12,0.36,0.3074846997479606,66,173
1675,149190290,2019-07-29,1.52,0.924258901523332,66,171
1676,149190290,2019-08-26,0.12,0.11332868530700317,66,176
1677,149190290,2019-08-28,0.12,0.11332868530700317,66,174
1678,149190290,2019-09-05,0.14,0.1310282624064041,66,175
1679,149190290,2019-09-12,0.2,0.18232155679395462,66,178
1680,149190290,2019-09-22,2.62,1.2864740258376797,66,166
1681,149190290,2019-10-17,0.17,0.15700374880966475,66,180
1682,149190290,2019-10-20,0.08,0.07696104113612832,66,167
1683,149190290,2019-10-25,0.1,0.09531017980432487,66,168
1684,149190290,2019-10-27,0.1,0.09531017980432487,66,169
1685,150160060,2019-06-25,0.67,0.5128236264286637,56,113
1686,150160060,2019-06-30,4.46,1.6974487897568138,56,112
1687,154220050,2019-05-20,3.48,1.4996230464268938,80,181
1688,154220050,2019-05-30,2.36,1.2119409739751128,80,175
1689,154220050,2019-06-04,1.57,0.9439058989071285,80,174
1690,154220050,2019-06-12,1.34,0.8501509293696101,80,188
1691,154220050,2019-06-22,0.99,0.688134638736401,80,187
1692,154220050,2019-06-24,0.87,0.6259384308664953,80,176
1693,154220050,2019-07-19,1.07,0.7275486072772778,80,182
1694,154220050,2019-07-29,0.67,0.5128236264286637,80,186
1695,154220050,2019-08-18,0.36,0.3074846997479606,80,184
1696,154220050,2019-08-23,0.24,0.2151113796169455,80,183
1697,154220050,2019-08-26,0.19,0.173953307123438,80,179
1698,154220050,2019-08-28,0.17,0.15700374880966475,80,177
1699,154220050,2019-09-05,0.15,0.13976194237515868,80,180
1700,154220050,2019-09-27,0.13,0.12221763272424921,80,185
1701,153200030,2019-05-01,5.34,1.8468787684491346,80,52
1702,153200030,2019-05-06,5.89,1.9300710850255671,80,55
1703,153200030,2019-06-05,4.24,1.6563214983329508,80,46
1704,153200030,2019-06-12,3.98,1.6054298910365616,80,51
1705,153200030,2019-06-22,3.49,1.501852701754163,80,56
1706,153200030,2019-06-30,3.19,1.4327007339340463,80,49
1707,153200030,2019-07-20,4.27,1.6620303625532709,80,48
1708,153200030,2019-08-11,3.08,1.4060969884160703,80,53
1709,153200030,2019-08-24,3.47,1.4973884086254774,80,47
1710,153200030,2019-08-26,3.3,1.4586150226995167,80,50
1711,153200030,2019-08-29,3.15,1.423108334242607,80,54
1712,149220110,2019-06-01,12.9,2.631888840136646,70,231
1713,149220110,2019-06-11,10.5,2.4423470353692043,70,236
1714,149220110,2019-07-01,19.3,3.0106208860477417,70,232
1715,149220110,2019-07-04,9.53,2.354228326145884,70,237
1716,149220110,2019-08-28,0.9,0.6418538861723948,70,233
1717,149220110,2019-08-30,0.66,0.5068176023684519,70,234
1718,149220110,2019-09-12,0.43,0.3576744442718159,70,240
1719,149220110,2019-09-22,0.75,0.5596157879354227,70,227
1720,149220110,2019-10-02,0.4,0.33647223662121295,70,235
1721,149220110,2019-10-14,17.4,2.91235066461494,70,228
1722,149220110,2019-10-17,1.64,0.9707789171582247,70,229
1723,149220110,2019-10-24,0.53,0.4252677354043441,70,238
1724,149220110,2019-10-27,0.43,0.3576744442718159,70,230
1725,149220110,2019-11-01,0.35,0.30010459245033805,70,239
1726,149190020,2019-06-09,2.57,1.2725655957915476,66,73
1727,149190020,2019-06-12,1.53,0.9282193027394289,66,80
1728,149190020,2019-07-04,1.03,0.708035793053696,66,84
1729,149190020,2019-07-29,1.83,1.0402767116551463,66,87
1730,149190020,2019-08-26,0.13,0.12221763272424921,66,85
1731,149190020,2019-08-28,0.13,0.12221763272424921,66,83
1732,149190020,2019-09-05,0.11,0.10436001532424277,66,79
1733,149190020,2019-09-12,0.11,0.10436001532424277,66,82
1734,149190020,2019-09-15,0.12,0.11332868530700317,66,74
1735,149190020,2019-09-22,0.12,0.11332868530700317,66,75
1736,150160010,2019-05-24,3.69,1.545432582458188,57,135
1737,150160010,2019-06-03,2.45,1.2383742310432684,57,133
1738,150160010,2019-06-05,2.3,1.1939224684724346,57,132
1739,150160010,2019-06-25,1.33,0.8458682675776092,57,130
1740,150160010,2019-06-30,1.65,0.9745596399981308,57,129
1741,150160010,2019-07-03,1.32,0.8415671856782186,57,131
1742,150160010,2019-09-01,0.55,0.4382549309311553,57,134
1743,150160010,2019-09-21,0.41,0.3435897043900769,57,128
1744,150180010,2019-05-01,0.38,0.32208349916911333,55,38
1745,150180010,2019-05-18,0.32,0.2776317365982795,55,39
1746,150180010,2019-05-31,0.29,0.2546422183735807,55,33
1747,150180010,2019-06-05,0.3,0.26236426446749106,55,34
1748,150180010,2019-06-30,0.41,0.3435897043900769,55,30
1749,150180010,2019-08-29,0.11,0.10436001532424277,55,36
1750,150180010,2019-09-05,0.09,0.08617769624105233,55,32
1751,150180010,2019-09-15,0.11,0.10436001532424277,55,35
1752,150180010,2019-10-18,0.1,0.09531017980432487,55,40
1753,150180010,2019-10-20,0.09,0.08617769624105233,55,31
1754,150170150,2019-05-18,2.73,1.3164082336557241,56,37
1755,150170150,2019-06-05,1.3,0.832909122935104,56,41
1756,150170150,2019-06-17,1.08,0.7323678937132266,56,35
1757,150170150,2019-06-25,0.81,0.5933268452777344,56,32
1758,150170150,2019-06-27,0.77,0.5709795465857378,56,33
1759,150170150,2019-06-30,2.15,1.1474024528375417,56,36
1760,150170150,2019-08-24,0.51,0.412109650826833,56,39
1761,150170150,2019-09-05,0.66,0.5068176023684519,56,38
1762,150170150,2019-10-20,0.11,0.10436001532424277,56,40
1763,153230020,2019-05-30,3.34,1.4678743481123135,76,9
1764,153230020,2019-06-04,2.49,1.2499017362143359,76,12
1765,153230020,2019-06-09,2.17,1.1537315878891892,76,11
1766,153230020,2019-06-24,1.77,1.0188473201992472,76,10
1767,153230020,2019-07-19,2.54,1.264126727145683,76,14
1768,153230020,2019-08-23,0.59,0.46373401623214017,76,13
1769,153230020,2019-09-27,0.56,0.44468582126144574,76,15
1770,150200150,2019-05-18,239.0,5.480638923341991,64,33
1771,150200150,2019-06-12,155.0,5.049856007249537,64,29
1772,150200150,2019-07-29,566.0,6.340359303727752,64,32
1773,150200150,2019-08-26,134.0,4.90527477843843,64,31
1774,150200150,2019-08-28,126.0,4.844187086458591,64,35
1775,150200150,2019-09-05,87.2,4.4796069630127455,64,30
1776,150200150,2019-09-12,88.0,4.48863636973214,64,34
1777,150200150,2019-09-22,120.0,4.795790545596741,64,25
1778,150200150,2019-10-20,98.8,4.603168183317418,64,26
1779,150200150,2019-10-25,96.3,4.577798989191959,64,27
1780,150200150,2019-10-27,92.7,4.540098189244376,64,28
1781,149200040,2019-05-18,9.97,2.395164274287139,67,112
1782,149200040,2019-06-09,3.72,1.551808799597464,67,106
1783,149200040,2019-07-29,7.61,2.1529243184396396,67,110
1784,149200040,2019-08-26,1.5,0.9162907318741551,67,107
1785,149200040,2019-08-28,1.35,0.8544153281560676,67,109
1786,149200040,2019-09-05,1.1,0.7419373447293773,67,108
1787,149200040,2019-09-22,3.26,1.449269160281279,67,101
1788,149200040,2019-10-17,4.27,1.6620303625532709,67,111
1789,149200040,2019-10-20,1.79,1.0260415958332743,67,102
1790,149200040,2019-10-25,1.3,0.832909122935104,67,103
1791,149200040,2019-10-27,1.35,0.8544153281560676,67,104
1792,151210080,2019-06-09,1.93,1.0750024230289759,72,145
1793,151210080,2019-08-23,1.43,0.8878912573524571,72,146
1794,151210080,2019-08-28,0.91,0.6471032420585385,72,143
1795,151210080,2019-09-22,0.64,0.49469624183610705,72,141
1796,151210080,2019-10-12,0.73,0.5481214085096876,72,144
1797,151210080,2019-10-27,0.66,0.5068176023684519,72,142
1798,151210080,2019-11-01,0.47,0.3852624007906449,72,147
1799,152190120,2019-06-12,683.0,6.52795791762255,64,150
1800,152190120,2019-09-05,422.0,6.0473721790462776,64,148
1801,152190120,2019-10-20,575.0,6.3561076606958915,64,149
1802,152200010,2019-06-09,3.83,1.5748464676644813,78,129
1803,152200010,2019-06-12,3.54,1.5129270120532565,78,131
1804,152200010,2019-06-24,3.27,1.4516138272405332,78,130
1805,152200010,2019-07-29,3.92,1.5933085305042167,78,137
1806,152200010,2019-08-23,2.3,1.1939224684724346,78,135
1807,152200010,2019-08-26,2.2,1.1631508098056809,78,136
1808,152200010,2019-08-28,1.78,1.0224509277025458,78,133
1809,152200010,2019-09-05,1.4,0.8754687373538999,78,125
1810,152200010,2019-09-12,1.6,0.9555114450274365,78,134
1811,152200010,2019-09-22,1.5,0.9162907318741551,78,126
1812,152200010,2019-10-12,2.08,1.1249295969854831,78,127
1813,152200010,2019-10-20,1.63,0.9669838461896731,78,128
1814,152200010,2019-10-27,2.14,1.144222799920162,78,138
1815,154220100,2019-05-30,0.55,0.4382549309311553,80,222
1816,154220100,2019-06-02,0.5,0.4054651081081644,80,227
1817,154220100,2019-06-04,0.48,0.3920420877760237,80,224
1818,154220100,2019-06-09,0.52,0.41871033485818504,80,223
1819,154220100,2019-06-22,0.46,0.3784364357202451,80,226
1820,154220100,2019-06-24,0.45,0.37156355643248307,80,221
1821,154220100,2019-08-26,0.18,0.16551443847757338,80,225
1822,154220100,2019-09-05,0.15,0.13976194237515868,80,219
1823,154220100,2019-09-27,0.15,0.13976194237515868,80,218
1824,149210030,2019-07-29,12.3,2.5877640352277083,69,221
1825,149210030,2019-08-28,3.22,1.4398351280479205,69,222
1826,149210030,2019-09-22,3.35,1.4701758451005928,69,219
1827,149210030,2019-10-17,3.34,1.4678743481123135,69,223
1828,149210030,2019-10-27,2.52,1.2584609896100059,69,220
1829,152190060,2019-05-01,1.2,0.7884573603642702,78,172
1830,152190060,2019-06-02,0.74,0.5538851132264376,78,174
1831,152190060,2019-06-12,0.46,0.3784364357202451,78,176
1832,152190060,2019-06-22,0.49,0.3987761199573678,78,173
1833,152190060,2019-06-30,0.39,0.3293037471426004,78,170
1834,152190060,2019-08-24,0.2,0.18232155679395462,78,171
1835,152190060,2019-08-26,0.16,0.14842000511827327,78,175
1836,152190060,2019-08-29,0.14,0.1310282624064041,78,169
1837,152190060,2019-09-05,0.1,0.09531017980432487,78,167
1838,150180250,2019-06-12,0.19,0.173953307123438,54,235
1839,150180250,2019-08-26,0.18,0.16551443847757338,54,238
1840,150180250,2019-09-05,0.25,0.22314355131420976,54,234
1841,150180250,2019-09-15,0.25,0.22314355131420976,54,237
1842,150180250,2019-10-20,0.25,0.22314355131420976,54,233
1843,150160180,2019-06-25,7.63,2.1552445050953364,55,157
1844,150160180,2019-06-30,14.7,2.7536607123542622,55,153
1845,150160180,2019-07-25,21.2,3.100092288878234,55,155
1846,150160180,2019-08-29,4.53,1.7101878155342436,55,156
1847,150160180,2019-09-05,4.22,1.6524974018945473,55,154
1848,151190080,2019-06-09,1.47,0.9042181506398859,74,79
1849,151190080,2019-06-12,1.38,0.8671004876833832,74,74
1850,151190080,2019-07-29,2.06,1.1184149159642893,74,78
1851,151190080,2019-08-26,0.62,0.4824261492442927,74,82
1852,151190080,2019-09-05,0.48,0.3920420877760237,74,80
1853,151190080,2019-09-12,0.52,0.41871033485818504,74,84
1854,151190080,2019-09-22,0.6,0.4700036292457356,74,75
1855,151190080,2019-10-12,0.61,0.4762341789963716,74,83
1856,151190080,2019-10-20,0.61,0.4762341789963716,74,76
1857,151190080,2019-10-25,0.67,0.5128236264286637,74,85
1858,151190080,2019-10-27,0.47,0.3852624007906449,74,77
1859,152180120,2019-05-01,53.8,4.00369019395397,59,4
1860,150210150,2019-06-09,199.0,5.298317366548036,64,49
1861,152180120,2019-06-12,27.8,3.3603753871419,59,11
1862,152180120,2019-06-17,26.4,3.3105430133940246,59,2
1863,152180120,2019-06-25,25.0,3.258096538021482,59,0
1864,152180120,2019-06-30,29.8,3.427514689979529,59,1
1865,150210150,2019-07-29,909.0,6.813444599510896,64,45
1866,150210150,2019-08-23,210.0,5.351858133476067,64,47
1867,152180120,2019-08-24,17.2,2.9014215940827497,59,3
1868,152180120,2019-08-26,17.7,2.928523523860541,59,5
1869,150210150,2019-08-28,178.0,5.187385805840755,64,46
1870,152180120,2019-08-29,17.7,2.928523523860541,59,6
1871,152180120,2019-09-05,22.1,3.139832617527748,59,9
1872,150210150,2019-09-12,106.0,4.672828834461906,64,48
1873,150210150,2019-09-22,106.0,4.672828834461906,64,43
1874,152180120,2019-09-23,21.9,3.131136910560194,59,8
1875,152180120,2019-10-20,30.0,3.4339872044851463,59,10
1876,150210150,2019-10-27,113.0,4.736198448394496,64,44
1877,149190280,2019-07-04,12.1,2.5726122302071057,68,12
1878,149190280,2019-07-29,11.9,2.5572273113676265,68,7
1879,149190280,2019-08-28,3.78,1.5644405465033646,68,8
1880,149190280,2019-09-05,2.24,1.1755733298042381,68,6
1881,149190280,2019-09-15,2.26,1.1817271953786161,68,2
1882,149190280,2019-09-22,1.57,0.9439058989071285,68,3
1883,149190280,2019-10-17,6.56,2.0228711901914416,68,4
1884,149190280,2019-10-25,3.3,1.4586150226995167,68,5
1885,149190280,2019-10-27,2.68,1.3029127521808397,68,10
1886,149190280,2019-11-01,2.33,1.2029723039923526,68,11
1887,152160060,2019-05-19,2.16,1.1505720275988207,60,107
1888,152160060,2019-06-03,1.01,0.6981347220709844,60,103
1889,152160060,2019-06-20,0.55,0.4382549309311553,60,105
1890,152160060,2019-06-25,0.73,0.5481214085096876,60,106
1891,152160060,2019-06-30,0.56,0.44468582126144574,60,104
1892,152160060,2019-08-24,0.09,0.08617769624105233,60,108
1893,152160060,2019-08-27,0.08,0.07696104113612832,60,110
1894,152160060,2019-09-01,0.06,0.058268908123975775,60,111
1895,152160060,2019-09-11,0.033,0.032467190137501496,60,113
1896,152160060,2019-09-18,0.038,0.037295784743696894,60,112
1897,152160060,2019-09-23,0.033,0.032467190137501496,60,109
1898,152160060,2019-10-06,0.08,0.07696104113612832,60,114
1899,152160060,2019-10-13,0.09,0.08617769624105233,60,101
1900,152160060,2019-11-30,0.06,0.058268908123975775,60,102
1901,150170100,2019-05-18,46.5,3.8607297110405954,55,184
1902,150170100,2019-06-17,13.2,2.653241964607215,55,183
1903,150170100,2019-06-27,20.7,3.077312260546414,55,182
1904,150170100,2019-06-30,29.6,3.4210000089583352,55,190
1905,150170100,2019-07-25,29.3,3.4111477125153233,55,191
1906,150170100,2019-08-24,22.7,3.1654750481410856,55,187
1907,150170100,2019-09-05,13.4,2.667228206581955,55,185
1908,150170100,2019-09-15,24.2,3.2268439945173775,55,188
1909,150170100,2019-10-20,9.15,2.3174737054877963,55,189
1910,150210160,2019-08-23,0.96,0.6729444732424258,70,33
1911,150210160,2019-08-28,0.42,0.35065687161316933,70,32
1912,150210160,2019-09-22,0.81,0.5933268452777344,70,30
1913,150210160,2019-10-27,0.33,0.2851789422336624,70,31
1914,151160200,2019-06-05,1.08,0.7323678937132266,57,58
1915,151160200,2019-06-20,0.53,0.4252677354043441,57,55
1916,151160200,2019-06-30,0.43,0.3576744442718159,57,54
1917,151160200,2019-09-18,0.09,0.08617769624105233,57,57
1918,151160200,2019-09-23,0.11,0.10436001532424277,57,56
1919,154160120,2019-06-03,8.91,2.2935443483418965,62,148
1920,154160120,2019-06-05,8.64,2.265921108622454,62,149
1921,154160120,2019-06-23,7.56,2.1471001901536506,62,151
1922,154160120,2019-06-30,7.76,2.1701959049483,62,150
1923,154160120,2019-08-27,6.74,2.046401687601636,62,146
1924,154160120,2019-09-01,6.45,2.0082140323914683,62,147
1925,154160030,2019-05-14,1.78,1.0224509277025458,62,133
1926,154160030,2019-06-03,1.31,0.8372475245337022,62,132
1927,154160030,2019-06-05,1.22,0.7975071958841881,62,129
1928,154160030,2019-06-30,0.84,0.6097655716208943,62,130
1929,154160030,2019-08-27,0.46,0.3784364357202451,62,131
1930,149200320,2019-07-29,21.7,3.122364924487357,68,248
1931,149200320,2019-08-28,2.44,1.235471471385307,68,249
1932,149200320,2019-09-22,5.34,1.8468787684491346,68,246
1933,149200320,2019-10-17,4.76,1.7509374747077997,69,0
1934,149200320,2019-10-27,1.74,1.007957920399979,68,247
1935,152160090,2019-05-19,2.28,1.1878434223960523,60,90
1936,152160090,2019-06-03,1.04,0.712949807856125,60,85
1937,152160090,2019-06-05,1.23,0.8020015854720274,60,89
1938,152160090,2019-06-20,0.88,0.6312717768418579,60,88
1939,152160090,2019-06-30,0.55,0.4382549309311553,60,86
1940,152160090,2019-08-24,0.06,0.058268908123975775,60,91
1941,152160090,2019-08-27,0.06,0.058268908123975775,60,93
1942,152160090,2019-09-01,0.06,0.058268908123975775,60,94
1943,152160090,2019-09-11,0.046,0.044973365642731154,60,95
1944,152160090,2019-09-18,0.044,0.04305948946044697,60,96
1945,152160090,2019-09-23,0.035,0.0344014267173324,60,92
1946,152160090,2019-11-30,0.32,0.2776317365982795,60,87
1947,152180110,2019-05-01,2.6,1.2809338454620645,59,205
1948,152180110,2019-06-17,1.04,0.712949807856125,59,207
1949,152180110,2019-06-25,0.9,0.6418538861723948,59,206
1950,152180110,2019-06-30,0.97,0.6780335427498971,59,204
1951,152180110,2019-08-24,0.39,0.3293037471426004,59,209
1952,152180110,2019-08-26,0.35,0.30010459245033805,59,211
1953,152180110,2019-08-29,0.31,0.27002713721306015,59,210
1954,152180110,2019-09-05,0.24,0.2151113796169455,59,208
1955,152180110,2019-09-23,0.22,0.1988508587451652,59,213
1956,152180110,2019-10-20,0.24,0.2151113796169455,59,214
1957,149190300,2019-07-04,5.85,1.9242486522741338,68,87
1958,149190300,2019-07-29,6.0,1.9459101490553132,68,88
1959,149190300,2019-08-28,1.58,0.9477893989335261,68,90
1960,149190300,2019-09-05,1.44,0.8919980393051105,68,89
1961,149190300,2019-09-15,1.22,0.7975071958841881,68,83
1962,149190300,2019-09-22,1.1,0.7419373447293773,68,84
1963,149190300,2019-10-17,2.16,1.1505720275988207,68,85
1964,149190300,2019-10-25,1.22,0.7975071958841881,68,86
1965,151220010,2019-06-09,24.0,3.2188758248682006,72,230
1966,151220010,2019-06-24,23.2,3.186352633162641,72,235
1967,151220010,2019-07-29,34.1,3.55820113047182,72,232
1968,151220010,2019-08-23,14.7,2.7536607123542622,72,231
1969,151220010,2019-08-28,13.3,2.6602595372658615,72,234
1970,151220010,2019-09-22,12.5,2.6026896854443837,72,233
1971,151220010,2019-10-12,11.8,2.5494451709255714,72,236
1972,151220010,2019-10-27,12.6,2.6100697927420065,72,229
1973,152160110,2019-06-03,6.64,2.033397603178429,60,133
1974,152160110,2019-06-05,7.18,2.1016921506146558,60,139
1975,152160110,2019-06-30,2.83,1.3428648031925547,60,134
1976,152160110,2019-08-24,0.88,0.6312717768418579,60,135
1977,152160110,2019-08-27,0.9,0.6418538861723948,60,136
1978,152160110,2019-09-01,1.03,0.708035793053696,60,137
1979,152160110,2019-09-11,0.46,0.3784364357202451,60,138
1980,152160110,2019-11-30,1.33,0.8458682675776092,60,132
1981,150150110,2019-05-19,0.38,0.32208349916911333,57,211
1982,150150110,2019-05-24,0.54,0.43178241642553783,57,212
1983,150150110,2019-06-03,0.39,0.3293037471426004,57,213
1984,150150110,2019-06-25,0.27,0.23901690047049992,57,209
1985,150150110,2019-06-30,0.26,0.23111172096338664,57,208
1986,150150110,2019-07-03,0.17,0.15700374880966475,57,210
1987,150150110,2019-09-01,0.14,0.1310282624064041,57,214
1988,150150110,2019-09-21,0.1,0.09531017980432487,57,207
1989,149210050,2019-07-29,48.4,3.899950424193877,69,192
1990,149210050,2019-08-28,5.57,1.8825138324965192,69,193
1991,149210050,2019-09-22,5.78,1.9139771019523042,69,190
1992,149210050,2019-10-17,11.9,2.5572273113676265,69,194
1993,149210050,2019-10-27,4.46,1.6974487897568138,69,191
1994,150160120,2019-06-05,2.58,1.275362800412609,56,119
1995,150160120,2019-06-25,1.64,0.9707789171582247,56,118
1996,150160120,2019-06-30,13.9,2.7013612129514133,56,116
1997,150160120,2019-07-25,10.2,2.4159137783010487,56,117
1998,153210020,2019-05-20,8.11,2.209372711271867,77,26
1999,153210020,2019-06-04,4.25,1.6582280766035324,77,24
2000,153210020,2019-06-09,3.57,1.5195132049061133,77,21
2001,153210020,2019-06-12,3.57,1.5195132049061133,77,23
2002,153210020,2019-06-24,2.77,1.3270750014599193,77,22
2003,153210020,2019-08-23,1.33,0.8458682675776092,77,25
2004,153210020,2019-08-28,1.05,0.7178397931503169,77,20
2005,153210020,2019-09-05,0.79,0.5822156198526637,77,19
2006,153210020,2019-10-20,0.64,0.49469624183610705,77,27
2007,150230040,2019-06-11,7.57,2.1482677326096886,72,205
2008,150230040,2019-06-26,7.7,2.1633230256605382,72,206
2009,150230040,2019-08-18,6.85,2.060513531794317,72,207
2010,150230040,2019-08-25,7.43,2.131796772013764,72,208
2011,150230040,2019-08-28,6.8,2.0541237336955462,72,204
2012,150230040,2019-09-12,6.61,2.0294631718735947,72,209
2013,150230040,2019-09-22,6.87,2.063058062429312,72,200
2014,150230040,2019-09-24,6.52,2.017566137961748,72,201
2015,150230040,2019-10-14,7.58,2.149433913499871,72,202
2016,150230040,2019-10-27,5.89,1.9300710850255671,72,203
2017,151180060,2019-05-01,1.26,0.8153648132841945,60,54
2018,151180060,2019-06-12,0.52,0.41871033485818504,60,62
2019,151180060,2019-06-17,0.46,0.3784364357202451,60,55
2020,151180060,2019-06-30,0.71,0.5364933705145685,60,53
2021,151180060,2019-08-24,0.19,0.173953307123438,60,58
2022,151180060,2019-08-26,0.12,0.11332868530700317,60,59
2023,151180060,2019-08-29,0.1,0.09531017980432487,60,57
2024,151180060,2019-09-23,0.07,0.06765864847381481,60,60
2025,151180060,2019-10-13,0.08,0.07696104113612832,60,63
2026,151180060,2019-10-20,0.08,0.07696104113612832,60,61
2027,154160090,2019-06-03,2.54,1.264126727145683,62,179
2028,154160090,2019-06-05,2.44,1.235471471385307,62,178
2029,154160090,2019-06-23,2.3,1.1939224684724346,62,180
2030,154160090,2019-06-30,2.37,1.2149127443642704,62,177
2031,154160090,2019-08-24,2.06,1.1184149159642893,62,181
2032,154160090,2019-08-27,2.04,1.1118575154181303,62,175
2033,154160090,2019-09-01,2.02,1.1052568313867783,62,176
2034,153180060,2019-05-01,15.0,2.772588722239781,79,162
2035,153180060,2019-06-05,13.8,2.6946271807700692,79,165
2036,153180060,2019-06-12,12.2,2.580216829592325,79,159
2037,153180060,2019-06-30,13.7,2.6878474937846906,79,160
2038,153180060,2019-07-15,12.5,2.6026896854443837,79,161
2039,153180060,2019-08-24,12.8,2.624668592163159,79,163
2040,153180060,2019-08-29,7.35,2.122261538862764,79,164
2041,149210090,2019-06-11,0.67,0.5128236264286637,69,168
2042,149210090,2019-06-16,0.71,0.5364933705145685,69,165
2043,149210090,2019-07-01,6.6,2.028148247292285,69,166
2044,149210090,2019-07-04,2.46,1.2412685890696329,69,172
2045,149210090,2019-07-29,4.46,1.6974487897568138,69,167
2046,149210090,2019-08-28,0.25,0.22314355131420976,69,169
2047,149210090,2019-08-30,0.23,0.20701416938432615,69,171
2048,149210090,2019-09-04,0.22,0.1988508587451652,69,173
2049,149210090,2019-09-12,0.3,0.26236426446749106,69,170
2050,149210090,2019-09-22,0.33,0.2851789422336624,69,163
2051,149210090,2019-10-07,0.21,0.1906203596086497,69,175
2052,149210090,2019-10-14,6.34,1.9933388426264242,69,164
2053,149210090,2019-10-17,0.68,0.5187937934151676,69,174
2054,149210090,2019-10-19,0.39,0.3293037471426004,69,177
2055,149210090,2019-10-24,0.26,0.23111172096338664,69,176
2056,150190240,2019-05-25,0.7,0.5306282510621704,58,178
2057,150190240,2019-06-09,0.58,0.4574248470388754,58,170
2058,150190240,2019-06-12,0.55,0.4382549309311553,58,173
2059,150190240,2019-06-27,0.53,0.4252677354043441,58,172
2060,150190240,2019-09-05,0.35,0.30010459245033805,58,167
2061,150190240,2019-09-12,0.33,0.2851789422336624,58,175
2062,150190240,2019-09-15,0.34,0.29266961396282,58,174
2063,150190240,2019-09-22,0.35,0.30010459245033805,58,168
2064,150190240,2019-10-12,0.38,0.32208349916911333,58,177
2065,150190240,2019-10-20,0.36,0.3074846997479606,58,176
2066,150190240,2019-10-27,0.37,0.31481073984003355,58,169
2067,154170020,2019-06-03,0.63,0.48858001481867097,62,225
2068,154170020,2019-06-05,0.58,0.4574248470388754,62,223
2069,154170020,2019-06-23,0.42,0.35065687161316933,62,224
2070,154170020,2019-06-30,0.42,0.35065687161316933,62,222
2071,154170020,2019-08-24,0.26,0.23111172096338664,62,226
2072,154170020,2019-08-27,0.26,0.23111172096338664,62,220
2073,154170020,2019-09-01,0.26,0.23111172096338664,62,221
2074,154200020,2019-05-01,2.08,1.1249295969854831,80,71
2075,154200020,2019-05-06,3.51,1.5062971535145868,80,73
2076,154200020,2019-06-05,1.36,0.8586616190375187,80,69
2077,154200020,2019-06-07,1.24,0.8064758658669485,80,74
2078,149210110,2019-06-11,2.42,1.2296405510745139,71,146
2079,154200020,2019-06-12,1.11,0.7466879474879752,80,68
2080,149210110,2019-06-16,1.94,1.0784095813505903,71,144
2081,149210110,2019-06-26,1.29,0.8285518175661483,71,143
2082,154200020,2019-06-30,0.73,0.5481214085096876,80,67
2083,154200020,2019-07-15,0.77,0.5709795465857378,80,75
2084,154200020,2019-07-20,1.77,1.0188473201992472,80,72
2085,149210110,2019-07-29,11.9,2.5572273113676265,71,145
2086,154200020,2019-08-11,0.57,0.4510756193602167,80,70
2087,154200020,2019-08-26,0.62,0.4824261492442927,80,66
2088,149210110,2019-08-28,1.55,0.9360933591703348,71,147
2089,149210110,2019-09-04,1.12,0.7514160886839212,71,149
2090,149210110,2019-09-12,1.17,0.7747271675523681,71,148
2091,149210110,2019-09-22,1.04,0.712949807856125,71,140
2092,154200020,2019-10-03,0.35,0.30010459245033805,80,76
2093,149210110,2019-10-14,26.2,3.3032169733019514,71,141
2094,149210110,2019-10-17,15.4,2.797281334830153,71,150
2095,149210110,2019-10-19,2.53,1.2612978709452054,71,151
2096,149210110,2019-10-27,1.43,0.8878912573524571,71,142
2097,149220170,2019-06-11,0.85,0.6151856390902335,81,33
2098,149220170,2019-06-16,0.85,0.6151856390902335,81,30
2099,149220170,2019-07-04,4.1,1.62924053973028,81,36
2100,149200160,2019-07-29,79.0,4.382026634673881,68,48
2101,149220170,2019-07-29,2.72,1.3137236682850553,81,31
2102,149200160,2019-08-28,41.6,3.751854253275325,68,49
2103,149220170,2019-08-28,0.95,0.6678293725756554,81,35
2104,149220170,2019-08-30,0.95,0.6678293725756554,81,32
2105,149200160,2019-09-05,32.8,3.520460802488973,68,51
2106,149200160,2019-09-15,20.6,3.0726933146901194,68,44
2107,149200160,2019-09-22,16.4,2.856470206220483,68,45
2108,149220170,2019-09-22,0.61,0.4762341789963716,81,27
2109,149220170,2019-10-14,15.3,2.791165107812717,81,34
2110,149200160,2019-10-17,36.1,3.6136169696133895,68,46
2111,149220170,2019-10-17,2.1,1.1314021114911006,81,28
2112,149200160,2019-10-25,31.7,3.4873750779032076,68,47
2113,149200160,2019-10-27,31.9,3.493472657771326,68,52
2114,149220170,2019-10-27,0.65,0.5007752879124893,81,29
2115,149200160,2019-11-01,27.9,3.3638415951183864,68,53
2116,149220170,2019-11-01,0.72,0.5423242908253616,81,37
2117,149220200,2019-06-11,2.42,1.2296405510745139,71,53
2118,149220200,2019-06-16,2.0,1.0986122886681096,71,49
2119,149220200,2019-06-26,1.63,0.9669838461896731,71,48
2120,149220200,2019-07-01,6.37,1.9974177062012453,71,50
2121,149220200,2019-07-29,7.2,2.1041341542702074,71,51
2122,149220200,2019-08-18,4.61,1.724550719534605,71,52
2123,149220200,2019-08-20,3.2,1.4350845252893227,71,54
2124,149220200,2019-08-28,2.21,1.1662709371419244,71,47
2125,149220200,2019-08-30,1.93,1.0750024230289759,71,56
2126,149220200,2019-09-12,1.44,0.8919980393051105,71,57
2127,149220200,2019-09-22,1.36,0.8586616190375187,71,42
2128,149220200,2019-10-02,1.0,0.6931471805599453,71,55
2129,149220200,2019-10-14,10.5,2.4423470353692043,71,43
2130,149220200,2019-10-17,4.2,1.6486586255873816,71,44
2131,149220200,2019-10-27,1.08,0.7323678937132266,71,45
2132,149220200,2019-11-01,1.21,0.7929925155296614,71,46
2133,152200090,2019-06-09,2.05,1.11514159061932,78,143
2134,152200090,2019-06-12,1.95,1.0818051703517284,78,144
2135,152200090,2019-07-29,2.06,1.1184149159642893,78,145
2136,152200090,2019-08-23,1.32,0.8415671856782186,78,150
2137,152200090,2019-08-26,0.95,0.6678293725756554,78,147
2138,152200090,2019-08-28,0.92,0.6523251860396903,78,148
2139,152200090,2019-09-05,0.79,0.5822156198526637,78,139
2140,152200090,2019-09-12,1.02,0.7030975114131134,78,149
2141,152200090,2019-09-22,1.01,0.6981347220709844,78,140
2142,152200090,2019-10-12,0.83,0.6043159668533296,78,141
2143,152200090,2019-10-20,0.74,0.5538851132264376,78,142
2144,152200090,2019-10-27,0.93,0.6575200029167942,78,151
2145,153210010,2019-05-20,8.86,2.288486168614544,76,240
2146,153210010,2019-05-30,7.77,2.1713368063840917,76,238
2147,153210010,2019-06-12,6.74,2.046401687601636,76,233
2148,153210010,2019-06-22,4.25,1.6582280766035324,76,239
2149,153210010,2019-06-24,4.08,1.6253112615903906,76,237
2150,153210010,2019-06-29,4.16,1.6409365794934714,76,241
2151,153210010,2019-08-23,4.28,1.66392609771817,76,242
2152,153210010,2019-08-26,3.54,1.5129270120532565,76,236
2153,153210010,2019-08-28,3.01,1.3887912413184778,76,234
2154,153210010,2019-09-05,2.48,1.247032293786383,76,235
2155,150180190,2019-06-12,1.66,0.9783261227936076,55,87
2156,150180190,2019-06-17,1.64,0.9707789171582247,55,85
2157,150180190,2019-06-27,1.39,0.8712933659434192,55,86
2158,150180190,2019-09-05,0.99,0.688134638736401,55,83
2159,150180190,2019-09-15,0.92,0.6523251860396903,55,88
2160,150180190,2019-10-20,0.75,0.5596157879354227,55,89
2161,150240020,2019-06-11,17.8,2.9338568698359033,77,41
2162,150240020,2019-07-01,19.6,3.0252910757955354,77,42
2163,150240020,2019-08-20,39.6,3.703768066607687,77,38
2164,150240020,2019-08-25,43.5,3.7954891891721947,77,37
2165,150240020,2019-09-24,11.8,2.5494451709255714,77,36
2166,150240020,2019-10-19,24.1,3.2228678461377385,77,40
2167,150240020,2019-10-24,20.7,3.077312260546414,77,39
2168,150230030,2019-06-11,0.97,0.6780335427498971,73,7
2169,150230030,2019-06-26,0.83,0.6043159668533296,73,2
2170,150230030,2019-08-18,0.57,0.4510756193602167,73,4
2171,150230030,2019-08-25,0.56,0.44468582126144574,73,5
2172,150230030,2019-08-28,0.55,0.4382549309311553,73,3
2173,150230030,2019-09-12,0.48,0.3920420877760237,73,6
2174,150230030,2019-09-22,0.63,0.48858001481867097,72,248
2175,150230030,2019-09-24,0.57,0.4510756193602167,72,249
2176,150230030,2019-10-14,0.8,0.5877866649021191,73,0
2177,150230030,2019-10-27,0.64,0.49469624183610705,73,1
2178,150230030,2019-11-03,0.79,0.5822156198526637,73,8
2179,149190350,2019-05-18,2.46,1.2412685890696329,67,193
2180,149190350,2019-05-25,1.12,0.7514160886839212,67,195
2181,149190350,2019-06-09,0.54,0.43178241642553783,67,189
2182,149190350,2019-06-12,0.52,0.41871033485818504,67,187
2183,149190350,2019-07-29,1.49,0.9122827104766162,67,188
2184,149190350,2019-08-26,0.34,0.29266961396282,67,190
2185,149190350,2019-08-28,0.3,0.26236426446749106,67,191
2186,149190350,2019-09-05,0.23,0.20701416938432615,67,192
2187,149190350,2019-09-22,1.65,0.9745596399981308,67,183
2188,149190350,2019-10-17,0.46,0.3784364357202451,67,194
2189,149190350,2019-10-20,0.45,0.37156355643248307,67,184
2190,149190350,2019-10-25,0.26,0.23111172096338664,67,185
2191,149190350,2019-10-27,0.3,0.26236426446749106,67,186
2192,152230080,2019-06-09,60.7,4.122283930911342,77,74
2193,152230080,2019-06-11,61.8,4.139955073474153,77,79
2194,152230080,2019-06-24,56.0,4.04305126783455,77,77
2195,152230080,2019-07-01,47.0,3.8712010109078907,77,78
2196,152230080,2019-08-23,89.5,4.505349850705881,77,76
2197,152230080,2019-08-25,87.5,4.483002552013883,77,75
2198,152230080,2019-08-28,61.8,4.139955073474153,77,80
2199,152230080,2019-09-24,30.6,3.4531571205928664,77,72
2200,152230080,2019-10-14,26.0,3.295836866004329,77,73
2201,150170210,2019-05-18,0.95,0.6678293725756554,56,53
2202,150170210,2019-05-26,0.5,0.4054651081081644,56,51
2203,150170210,2019-06-17,0.36,0.3074846997479606,56,50
2204,150170210,2019-06-25,0.29,0.2546422183735807,56,48
2205,150170210,2019-06-27,0.27,0.23901690047049992,56,43
2206,150170210,2019-06-30,0.8,0.5877866649021191,56,44
2207,150170210,2019-07-25,0.74,0.5538851132264376,56,54
2208,150170210,2019-08-24,0.2,0.18232155679395462,56,47
2209,150170210,2019-08-29,0.12,0.11332868530700317,56,46
2210,150170210,2019-09-05,0.19,0.173953307123438,56,42
2211,150170210,2019-09-15,0.13,0.12221763272424921,56,49
2212,150170210,2019-10-20,0.06,0.058268908123975775,56,52
2213,152160010,2019-06-03,43.8,3.8022081394209395,61,10
2214,152160010,2019-06-15,35.0,3.58351893845611,61,12
2215,152160010,2019-06-25,31.6,3.484312288372662,61,7
2216,152160010,2019-06-30,29.1,3.40452517175483,61,9
2217,152160010,2019-07-25,35.8,3.6054978451748854,61,8
2218,152160010,2019-08-24,20.4,3.0633909220278057,61,11
2219,152160010,2019-08-27,18.0,2.9444389791664403,61,13
2220,152160010,2019-09-01,15.8,2.8213788864092133,61,14
2221,152160010,2019-09-11,19.4,3.0155349008501706,61,16
2222,152160010,2019-09-23,14.8,2.760009940032921,61,15
2223,151170010,2019-05-18,5.44,1.8625285401162623,56,177
2224,151170010,2019-06-05,2.97,1.3787660946990992,56,174
2225,149180010,2019-06-12,29.2,3.407841924380824,54,13
2226,151170010,2019-06-17,1.93,1.0750024230289759,56,175
2227,151170010,2019-06-27,1.77,1.0188473201992472,56,170
2228,151170010,2019-06-30,2.51,1.2556160374777745,56,171
2229,151170010,2019-07-25,5.02,1.7950872593207297,56,173
2230,149180010,2019-08-26,19.2,3.005682604407159,54,16
2231,149180010,2019-09-05,13.5,2.6741486494265287,54,15
2232,151170010,2019-09-05,0.33,0.2851789422336624,56,176
2233,149180010,2019-09-15,15.7,2.8154087194227095,54,14
2234,151170010,2019-09-15,0.43,0.3576744442718159,56,178
2235,149180010,2019-10-20,17.9,2.9391619220655967,54,12
2236,153220150,2019-05-20,7.73,2.166765369851511,76,37
2237,153220150,2019-05-30,4.84,1.7647307968401358,76,32
2238,153220150,2019-06-04,3.82,1.5727739280625088,76,34
2239,153220150,2019-06-09,3.09,1.4085449700547104,76,31
2240,153220150,2019-06-12,3.09,1.4085449700547104,76,30
2241,153220150,2019-06-24,2.02,1.1052568313867783,76,33
2242,153220150,2019-07-19,1.58,0.9477893989335261,76,29
2243,153220150,2019-08-23,0.89,0.636576829071551,76,38
2244,153220150,2019-08-26,0.84,0.6097655716208943,76,36
2245,153220150,2019-08-28,0.78,0.5766133643039938,76,35
2246,153220150,2019-09-05,0.77,0.5709795465857378,76,28
2247,153220150,2019-09-27,0.76,0.5653138090500605,76,39
2248,150160040,2019-06-25,0.25,0.22314355131420976,63,82
2249,150160040,2019-06-30,1.05,0.7178397931503169,63,80
2250,150160040,2019-07-25,1.44,0.8919980393051105,63,81
2251,151190010,2019-06-12,3.85,1.578978704949392,59,105
2252,151190010,2019-06-17,3.7,1.547562508716013,59,107
2253,151190010,2019-06-27,2.98,1.3812818192963463,59,106
2254,151190010,2019-09-05,1.59,0.9516578757114464,59,104
2255,151190010,2019-09-15,1.52,0.924258901523332,59,108
2256,151190010,2019-10-20,1.9,1.0647107369924282,59,110
2257,153220230,2019-06-04,0.34,0.29266961396282,75,171
2258,153220230,2019-06-09,0.55,0.4382549309311553,75,172
2259,153220230,2019-06-24,0.59,0.46373401623214017,75,173
2260,153220230,2019-08-23,0.08,0.07696104113612832,75,174
2261,153220230,2019-09-27,2.17,1.1537315878891892,75,175
2262,153150030,2019-06-03,0.62,0.4824261492442927,62,84
2263,153150030,2019-09-01,0.07,0.06765864847381481,62,86
2264,153150030,2019-09-11,0.06,0.058268908123975775,62,85
2265,153190130,2019-05-01,5.98,1.943048916774281,79,62
2266,153190130,2019-06-05,4.93,1.780024213009634,79,58
2267,153190130,2019-06-12,4.51,1.706564623164823,79,60
2268,153190130,2019-06-22,4.16,1.6409365794934714,79,57
2269,153190130,2019-06-30,3.59,1.5238800240724537,79,59
2270,153190130,2019-07-20,4.97,1.7867469274045107,79,61
2271,153190130,2019-08-24,3.37,1.4747630091074988,79,55
2272,153190130,2019-08-26,3.16,1.425515074273172,79,56
2273,153190130,2019-08-29,2.92,1.366091653802371,79,63
2274,150210090,2019-08-28,2.77,1.3270750014599193,72,107
2275,150210090,2019-09-22,1.96,1.085189268335969,72,105
2276,150210090,2019-10-12,2.14,1.144222799920162,72,108
2277,150210090,2019-10-27,2.13,1.1410330045520618,72,106
2278,151180030,2019-05-01,1.25,0.8109302162163288,60,44
2279,151180030,2019-05-31,0.78,0.5766133643039938,60,49
2280,151180030,2019-06-05,0.69,0.5247285289349821,60,51
2281,151180030,2019-06-12,0.6,0.4700036292457356,60,46
2282,151180030,2019-06-25,0.45,0.37156355643248307,60,48
2283,151180030,2019-06-27,0.43,0.3576744442718159,60,43
2284,151180030,2019-06-30,0.67,0.5128236264286637,60,41
2285,151180030,2019-08-24,0.15,0.13976194237515868,60,45
2286,151180030,2019-08-29,0.12,0.11332868530700317,60,47
2287,151180030,2019-09-05,0.12,0.11332868530700317,60,40
2288,151180030,2019-09-15,0.13,0.12221763272424921,60,50
2289,151180030,2019-10-20,0.15,0.13976194237515868,60,52
2290,150190210,2019-05-18,0.58,0.4574248470388754,65,139
2291,150190210,2019-05-25,0.27,0.23901690047049992,65,133
2292,150190210,2019-06-09,0.17,0.15700374880966475,65,129
2293,150190210,2019-06-12,0.13,0.12221763272424921,65,131
2294,150190210,2019-07-29,1.61,0.9593502213346021,65,135
2295,150190210,2019-08-18,0.042,0.04114194333117518,65,132
2296,150190210,2019-08-26,0.04,0.039220713153281295,65,137
2297,150190210,2019-08-28,0.022,0.02176149178151269,65,138
2298,150190210,2019-09-05,0.008,0.007968169649176874,65,124
2299,150190210,2019-09-12,0.008,0.007968169649176874,65,134
2300,150190210,2019-09-15,0.007,0.006975613736425242,65,136
2301,150190210,2019-09-22,0.007,0.006975613736425242,65,125
2302,150190210,2019-10-12,0.007,0.006975613736425242,65,140
2303,150190210,2019-10-17,0.018,0.017839918128331,65,141
2304,150190210,2019-10-20,0.008,0.007968169649176874,65,126
2305,150190210,2019-10-25,0.007,0.006975613736425242,65,142
2306,150190210,2019-10-27,0.006,0.005982071677547464,65,127
2307,150190210,2019-11-01,0.007,0.006975613736425242,65,128
2308,152190050,2019-05-01,2.28,1.1878434223960523,78,76
2309,152190050,2019-06-12,1.1,0.7419373447293773,78,78
2310,152190050,2019-06-17,1.08,0.7323678937132266,78,79
2311,152190050,2019-06-25,0.93,0.6575200029167942,78,77
2312,152190050,2019-06-30,1.88,1.0577902941478545,78,75
2313,152190050,2019-08-24,0.59,0.46373401623214017,78,80
2314,152190050,2019-08-26,0.61,0.4762341789963716,78,86
2315,152190050,2019-08-29,0.56,0.44468582126144574,78,82
2316,152190050,2019-09-05,0.5,0.4054651081081644,78,81
2317,152190050,2019-09-23,0.27,0.23901690047049992,78,83
2318,152190050,2019-10-13,0.33,0.2851789422336624,78,85
2319,152190050,2019-10-20,0.28,0.2468600779315258,78,84
2320,153180130,2019-05-01,1.84,1.0438040521731147,80,17
2321,153180130,2019-06-02,2.02,1.1052568313867783,80,11
2322,153180130,2019-06-05,1.99,1.095273387402595,80,14
2323,153180130,2019-06-12,1.91,1.068153081183401,80,10
2324,153180130,2019-06-30,1.35,0.8544153281560676,80,9
2325,153180130,2019-07-15,1.46,0.9001613499442714,80,15
2326,153180130,2019-07-20,1.58,0.9477893989335261,80,16
2327,153180130,2019-08-24,1.32,0.8415671856782186,80,12
2328,153180130,2019-08-26,1.27,0.8197798314933114,80,13
2329,154170040,2019-05-14,0.78,0.5766133643039938,62,145
2330,154170040,2019-06-03,0.58,0.4574248470388754,62,141
2331,154170040,2019-06-05,0.52,0.41871033485818504,62,143
2332,154170040,2019-06-23,0.39,0.3293037471426004,62,142
2333,154170040,2019-06-30,0.45,0.37156355643248307,62,140
2334,154170040,2019-08-24,0.32,0.2776317365982795,62,144
2335,154170040,2019-08-27,0.32,0.2776317365982795,62,138
2336,154170040,2019-09-01,0.29,0.2546422183735807,62,139
2337,150160230,2019-05-18,4.8,1.7578579175523736,55,223
2338,150160230,2019-06-27,3.08,1.4060969884160703,55,224
2339,150160230,2019-06-30,5.57,1.8825138324965192,55,219
2340,150160230,2019-07-25,6.37,1.9974177062012453,55,220
2341,150160230,2019-09-05,1.73,1.0043016091968684,55,222
2342,150180070,2019-05-01,8.02,2.199444334074532,55,12
2343,150180070,2019-05-11,6.53,2.018895041811802,55,10
2344,150180070,2019-05-18,6.42,2.004179057179289,55,8
2345,150180070,2019-05-31,4.99,1.790091412127358,55,4
2346,150180070,2019-06-12,4.89,1.7732559976634952,55,11
2347,150180070,2019-06-25,4.77,1.752672080520008,55,14
2348,150180070,2019-06-30,6.29,1.986503546020567,55,5
2349,150180070,2019-08-26,6.35,1.9947003132247452,55,15
2350,150180070,2019-08-29,5.18,1.8213182714695995,55,7
2351,150180070,2019-09-05,4.77,1.752672080520008,55,6
2352,150180070,2019-09-15,4.34,1.6752256529721035,55,13
2353,150180070,2019-10-20,2.8,1.33500106673234,55,3
2354,151210030,2019-06-07,1.38,0.8671004876833832,73,174
2355,151210030,2019-06-09,1.28,0.8241754429663495,73,172
2356,151210030,2019-06-12,1.28,0.8241754429663495,73,169
2357,151210030,2019-06-22,1.29,0.8285518175661483,73,170
2358,151210030,2019-06-24,1.1,0.7419373447293773,73,176
2359,151210030,2019-08-23,1.0,0.6931471805599453,73,171
2360,151210030,2019-08-26,0.87,0.6259384308664953,73,175
2361,151210030,2019-08-28,0.85,0.6151856390902335,73,165
2362,151210030,2019-09-05,0.79,0.5822156198526637,73,166
2363,151210030,2019-09-22,0.8,0.5877866649021191,73,173
2364,151210030,2019-10-12,0.69,0.5247285289349821,73,177
2365,151210030,2019-10-20,1.25,0.8109302162163288,73,167
2366,151210030,2019-10-27,0.69,0.5247285289349821,73,168
2367,149220060,2019-06-16,53.5,3.9982007016691985,70,68
2368,149220060,2019-07-01,33.3,3.535145354171894,70,67
2369,149220060,2019-07-29,57.1,4.062165663857866,70,69
2370,149220060,2019-08-28,15.0,2.772588722239781,70,70
2371,149220060,2019-08-30,14.1,2.714694743820879,70,71
2372,149220060,2019-09-04,13.8,2.6946271807700692,70,72
2373,149220060,2019-09-22,11.1,2.4932054526026954,70,65
2374,149220060,2019-10-14,58.1,4.079230924412053,70,66
2375,149220060,2019-10-17,13.1,2.6461747973841225,70,73
2376,151150060,2019-05-24,1.1,0.7419373447293773,58,29
2377,151150060,2019-06-03,8.5,2.2512917986064953,58,28
2378,151150060,2019-06-05,8.4,2.2407096892759584,58,27
2379,151150060,2019-06-25,1.5,0.9162907318741551,58,24
2380,151150060,2019-06-30,3.6,1.5260563034950494,58,25
2381,151150060,2019-07-03,1.4,0.8754687373538999,58,30
2382,151150060,2019-09-01,0.9,0.6418538861723948,58,26
2383,151150060,2019-09-21,0.8,0.5877866649021191,58,23
2384,150220090,2019-06-11,55.8,4.039536325727106,70,132
2385,150220090,2019-06-16,47.8,3.8877303128591016,70,134
2386,150220090,2019-07-01,80.0,4.394449154672439,70,131
2387,150220090,2019-07-29,145.0,4.983606621708336,70,136
2388,150220090,2019-08-20,85.3,4.457829598089382,70,135
2389,150220090,2019-08-28,53.0,3.9889840465642745,70,137
2390,150220090,2019-08-30,37.1,3.6402142821326553,70,138
2391,150220090,2019-09-12,24.7,3.246490991901174,70,133
2392,150220090,2019-09-22,26.5,3.3141860046725258,70,126
2393,150220090,2019-10-14,35.6,3.6000482404073204,70,127
2394,150220090,2019-10-17,87.1,4.478472532942134,70,128
2395,150220090,2019-10-27,29.2,3.407841924380824,70,129
2396,150220090,2019-11-01,26.8,3.3250360206965914,70,130
2397,154170160,2019-06-03,7.14,2.096790180014449,63,21
2398,154170160,2019-06-05,5.91,1.9329696377795786,63,22
2399,154170160,2019-06-23,5.29,1.8389610707123492,63,20
2400,154170160,2019-06-30,5.05,1.80005827204275,63,23
2401,154170160,2019-08-24,4.6,1.7227665977411035,63,24
2402,154170160,2019-08-27,4.42,1.6900958154515549,63,18
2403,154170160,2019-09-01,4.48,1.7011051009599243,63,19
2404,150190200,2019-05-18,1.94,1.0784095813505903,58,185
2405,150190200,2019-06-12,0.98,0.6830968447064438,58,182
2406,150190200,2019-06-27,0.84,0.6097655716208943,58,181
2407,150190200,2019-09-05,0.49,0.3987761199573678,58,179
2408,150190200,2019-09-15,0.48,0.3920420877760237,58,183
2409,150190200,2019-10-20,0.47,0.3852624007906449,58,184
2410,153190150,2019-05-01,3.84,1.5769147207285403,79,46
2411,153190150,2019-06-05,3.12,1.415853163361435,79,47
2412,153190150,2019-06-12,2.89,1.358409157630355,79,45
2413,153190150,2019-06-22,2.54,1.264126727145683,79,50
2414,153190150,2019-06-30,2.32,1.199964782928397,79,44
2415,153190150,2019-07-20,2.7,1.308332819650179,79,52
2416,153190150,2019-08-11,2.07,1.1216775615991057,79,49
2417,153190150,2019-08-24,2.03,1.1085626195212777,79,48
2418,153190150,2019-08-26,1.95,1.0818051703517284,79,51
2419,153190150,2019-08-29,1.87,1.0543120297715298,79,53
2420,153190150,2019-10-03,1.36,0.8586616190375187,79,54
2421,152190040,2019-05-01,0.92,0.6523251860396903,78,216
2422,152190040,2019-06-22,0.6,0.4700036292457356,78,215
2423,152190040,2019-06-30,0.55,0.4382549309311553,78,213
2424,152190040,2019-08-24,0.64,0.49469624183610705,78,214
2425,152190040,2019-08-26,0.52,0.41871033485818504,78,217
2426,152190040,2019-09-05,0.18,0.16551443847757338,78,218
2427,153190020,2019-05-01,3.02,1.3912819026309298,79,177
2428,153190020,2019-06-02,2.34,1.205970806988609,79,178
2429,153190020,2019-06-05,2.29,1.1908875647772805,79,180
2430,153190020,2019-06-12,1.86,1.0508216248317612,79,176
2431,153190020,2019-06-30,1.12,0.7514160886839212,79,183
2432,153190020,2019-08-24,0.58,0.4574248470388754,79,179
2433,153190020,2019-08-26,0.54,0.43178241642553783,79,181
2434,153190020,2019-08-29,0.46,0.3784364357202451,79,182
2435,150160070,2019-06-25,0.39,0.3293037471426004,56,115
2436,150160070,2019-06-30,6.31,1.9892432737616872,56,114
2437,151220090,2019-06-09,14.5,2.740840023925201,72,225
2438,151220090,2019-06-11,13.9,2.7013612129514133,72,222
2439,151220090,2019-06-24,13.0,2.639057329615259,72,224
2440,151220090,2019-06-26,13.4,2.667228206581955,72,223
2441,151220090,2019-08-23,11.0,2.4849066497880004,72,226
2442,151220090,2019-08-25,9.94,2.392425796993835,72,227
2443,151220090,2019-08-28,9.64,2.3646204839134985,72,228
2444,151220090,2019-10-14,12.0,2.5649493574615367,72,220
2445,151220090,2019-10-27,9.94,2.392425796993835,72,221
2446,152200100,2019-06-09,1.35,0.8544153281560676,78,47
2447,152200100,2019-06-12,1.35,0.8544153281560676,78,46
2448,152200100,2019-06-22,1.16,0.7701082216960736,78,48
2449,152200100,2019-06-24,1.1,0.7419373447293773,78,55
2450,152200100,2019-08-23,0.57,0.4510756193602167,78,54
2451,152200100,2019-08-28,0.5,0.4054651081081644,78,50
2452,152200100,2019-09-05,0.47,0.3852624007906449,78,49
2453,152200100,2019-09-12,0.53,0.4252677354043441,78,51
2454,152200100,2019-09-22,0.47,0.3852624007906449,78,52
2455,152200100,2019-10-20,0.44,0.36464311358790924,78,53
2456,151150190,2019-06-03,0.4,0.33647223662121295,57,76
2457,151150190,2019-06-05,0.38,0.32208349916911333,57,84
2458,151150190,2019-06-15,0.36,0.3074846997479606,57,80
2459,151150190,2019-06-25,0.3,0.26236426446749106,57,75
2460,151150190,2019-06-30,0.27,0.23901690047049992,57,77
2461,151150190,2019-09-01,0.07,0.06765864847381481,57,81
2462,151150190,2019-09-11,0.12,0.11332868530700317,57,82
2463,151150190,2019-09-21,0.08,0.07696104113612832,57,79
2464,151150190,2019-10-13,0.07,0.06765864847381481,57,74
2465,151150190,2019-10-18,0.019,0.01882175424058776,57,78
2466,151150190,2019-11-30,0.1,0.09531017980432487,57,83
2467,149190370,2019-05-18,1.18,0.7793248768009976,67,179
2468,149190370,2019-05-25,0.71,0.5364933705145685,67,180
2469,149190370,2019-06-09,0.33,0.2851789422336624,67,174
2470,149190370,2019-06-12,0.35,0.30010459245033805,67,176
2471,149190370,2019-07-29,0.95,0.6678293725756554,67,173
2472,149190370,2019-08-26,0.23,0.20701416938432615,67,178
2473,149190370,2019-08-28,0.23,0.20701416938432615,67,177
2474,149190370,2019-09-05,0.18,0.16551443847757338,67,175
2475,149190370,2019-09-22,0.37,0.31481073984003355,67,168
2476,149190370,2019-10-17,0.53,0.4252677354043441,67,181
2477,149190370,2019-10-20,0.23,0.20701416938432615,67,169
2478,149190370,2019-10-25,0.18,0.16551443847757338,67,170
2479,149190370,2019-10-27,0.18,0.16551443847757338,67,171
2480,151220070,2019-06-09,1.56,0.9400072584914712,73,61
2481,151220070,2019-06-11,1.55,0.9360933591703348,73,60
2482,151220070,2019-06-26,1.43,0.8878912573524571,73,58
2483,151220070,2019-08-18,0.95,0.6678293725756554,73,63
2484,151220070,2019-08-23,1.03,0.708035793053696,73,65
2485,151220070,2019-08-25,0.84,0.6097655716208943,73,59
2486,151220070,2019-08-28,0.62,0.4824261492442927,73,52
2487,151220070,2019-09-04,0.75,0.5596157879354227,73,53
2488,151220070,2019-09-12,1.02,0.7030975114131134,73,64
2489,151220070,2019-09-22,0.62,0.4824261492442927,73,54
2490,151220070,2019-09-24,0.62,0.4824261492442927,73,55
2491,151220070,2019-10-12,1.0,0.6931471805599453,73,62
2492,151220070,2019-10-14,0.69,0.5247285289349821,73,56
2493,151220070,2019-10-27,1.03,0.708035793053696,73,57
2494,149190360,2019-07-04,2.04,1.1118575154181303,68,95
2495,149190390,2019-07-04,4.47,1.6992786164338898,68,105
2496,149190360,2019-07-29,1.33,0.8458682675776092,68,96
2497,149190390,2019-07-29,2.24,1.1755733298042381,68,106
2498,149190360,2019-08-28,0.4,0.33647223662121295,68,99
2499,149190390,2019-08-28,0.95,0.6678293725756554,68,109
2500,149190360,2019-09-05,0.35,0.30010459245033805,68,98
2501,149190390,2019-09-05,0.83,0.6043159668533296,68,107
2502,149190360,2019-09-15,0.44,0.36464311358790924,68,94
2503,149190390,2019-09-15,0.87,0.6259384308664953,68,103
2504,149190360,2019-09-22,0.68,0.5187937934151676,68,91
2505,149190390,2019-09-22,0.95,0.6678293725756554,68,104
2506,149190360,2019-10-17,0.75,0.5596157879354227,68,92
2507,149190390,2019-10-17,2.55,1.2669476034873244,68,101
2508,149190360,2019-10-25,0.42,0.35065687161316933,68,93
2509,149190390,2019-10-25,1.32,0.8415671856782186,68,102
2510,149190360,2019-10-27,0.32,0.2776317365982795,68,100
2511,149190390,2019-10-27,1.0,0.6931471805599453,68,110
2512,149190390,2019-11-01,0.97,0.6780335427498971,68,111
2513,149200270,2019-07-04,1.17,0.7747271675523681,68,213
2514,149200270,2019-07-29,0.97,0.6780335427498971,68,212
2515,149200270,2019-08-28,0.27,0.23901690047049992,68,215
2516,149200270,2019-09-22,0.29,0.2546422183735807,68,210
2517,149200270,2019-10-17,0.32,0.2776317365982795,68,211
2518,149200270,2019-10-27,0.24,0.2151113796169455,68,214
2519,149200270,2019-11-01,0.21,0.1906203596086497,68,216
2520,149210040,2019-07-29,62.3,4.147885329150131,69,198
2521,149210040,2019-08-28,8.12,2.21046980408624,69,197
2522,149210040,2019-09-12,6.77,2.050270164379556,69,199
2523,149210040,2019-09-22,8.89,2.2915241456346207,69,195
2524,149210040,2019-10-27,5.84,1.922787731634459,69,196
2525,150190130,2019-05-18,2.69,1.3056264580524357,65,94
2526,150190130,2019-05-25,2.28,1.1878434223960523,65,89
2527,150190130,2019-06-09,1.41,0.8796267475025636,65,86
2528,150190130,2019-06-12,1.43,0.8878912573524571,65,87
2529,150190130,2019-07-29,5.27,1.8357763546448291,65,88
2530,150190130,2019-08-28,1.22,0.7975071958841881,65,93
2531,150190130,2019-09-05,1.2,0.7884573603642702,65,85
2532,150190130,2019-09-12,1.1,0.7419373447293773,65,92
2533,150190130,2019-09-15,1.03,0.708035793053696,65,90
2534,150190130,2019-09-22,0.83,0.6043159668533296,65,82
2535,150190130,2019-10-20,0.9,0.6418538861723948,65,84
2536,150190130,2019-10-27,0.91,0.6471032420585385,65,83
2537,151190030,2019-06-12,1.58,0.9477893989335261,59,151
2538,151190030,2019-06-17,1.49,0.9122827104766162,59,152
2539,151190030,2019-09-05,0.41,0.3435897043900769,59,153
2540,151190030,2019-10-20,0.32,0.2776317365982795,59,155
2541,149180030,2019-06-12,7.44,2.1329823086078656,54,149
2542,149180030,2019-08-26,3.75,1.55814461804655,54,152
2543,149180030,2019-09-05,3.08,1.4060969884160703,54,150
2544,149180030,2019-09-15,3.99,1.6074359097634274,54,151
2545,149180030,2019-10-20,5.28,1.8373699804801074,54,148
2546,150160090,2019-06-05,1.37,0.8628899551470399,56,145
2547,150160090,2019-06-25,1.18,0.7793248768009976,56,144
2548,150160090,2019-06-30,2.89,1.358409157630355,56,143
2549,150160090,2019-07-25,3.59,1.5238800240724537,56,146
2550,151170040,2019-06-27,1.19,0.7839015438284094,57,19
2551,151170040,2019-06-30,1.33,0.8458682675776092,57,20
2552,151170040,2019-08-24,0.73,0.5481214085096876,57,24
2553,151170040,2019-08-26,0.7,0.5306282510621704,57,25
2554,151170040,2019-09-05,0.71,0.5364933705145685,57,22
2555,151170040,2019-09-23,0.72,0.5423242908253616,57,23
2556,153150080,2019-05-14,5.08,1.8050046959780757,62,67
2557,153150080,2019-06-03,4.01,1.6114359150967734,62,68
2558,153150080,2019-06-05,3.98,1.6054298910365616,62,66
2559,153150080,2019-06-15,3.07,1.4036429994545037,62,65
2560,153150080,2019-06-30,2.7,1.308332819650179,62,64
2561,153150080,2019-08-24,2.83,1.3428648031925547,62,69
2562,153150080,2019-09-01,2.32,1.199964782928397,62,71
2563,153150080,2019-09-11,2.31,1.1969481893889715,62,70
2564,152210120,2019-06-04,6.59,2.0268315914075385,78,5
2565,152210120,2019-06-09,4.64,1.7298840655099674,77,249
2566,152210120,2019-06-12,4.97,1.7867469274045107,78,2
2567,152210120,2019-06-22,3.99,1.6074359097634274,78,1
2568,152210120,2019-06-24,4.06,1.6213664832993742,78,0
2569,152210120,2019-08-23,2.84,1.3454723665996355,78,4
2570,152210120,2019-08-28,2.15,1.1474024528375417,78,3
2571,152210120,2019-09-05,1.6,0.9555114450274365,77,248
2572,152210120,2019-10-20,1.23,0.8020015854720274,78,6
2573,149190070,2019-05-18,3.39,1.47932922708708,66,134
2574,149190070,2019-05-25,2.6,1.2809338454620645,66,132
2575,149190070,2019-06-09,2.21,1.1662709371419244,66,123
2576,149190070,2019-06-12,1.38,0.8671004876833832,66,126
2577,149190070,2019-07-29,1.49,0.9122827104766162,66,125
2578,149190070,2019-08-26,0.14,0.1310282624064041,66,129
2579,149190070,2019-08-28,0.14,0.1310282624064041,66,130
2580,149190070,2019-09-05,0.11,0.10436001532424277,66,124
2581,149190070,2019-09-12,0.17,0.15700374880966475,66,131
2582,149190070,2019-09-15,0.21,0.1906203596086497,66,128
2583,149190070,2019-09-22,0.22,0.1988508587451652,66,120
2584,149190070,2019-10-17,0.16,0.14842000511827327,66,133
2585,149190070,2019-10-20,0.36,0.3074846997479606,66,121
2586,149190070,2019-10-27,0.45,0.37156355643248307,66,122
2587,150150090,2019-05-19,2.09,1.128171090909654,57,205
2588,150150090,2019-06-03,2.51,1.2556160374777745,57,203
2589,150150090,2019-06-05,5.17,1.8196988379172965,57,206
2590,150150090,2019-06-25,6.61,2.0294631718735947,57,202
2591,150150090,2019-06-30,4.58,1.7191887763932197,57,201
2592,150150090,2019-09-01,0.64,0.49469624183610705,57,204
2593,150150090,2019-09-21,0.51,0.412109650826833,57,200
2594,152199992,2019-06-09,6.66,2.0360119837525,78,93
2595,152199992,2019-06-12,5.9,1.9315214116032138,78,94
2596,152199992,2019-06-24,4.05,1.6193882432872684,78,101
2597,152199992,2019-07-29,3.6,1.5260563034950494,78,96
2598,152199992,2019-08-23,3.14,1.420695787837223,78,95
2599,152199992,2019-08-26,2.24,1.1755733298042381,78,97
2600,152199992,2019-08-28,2.04,1.1118575154181303,78,100
2601,152199992,2019-09-05,1.63,0.9669838461896731,78,88
2602,152199992,2019-09-12,1.63,0.9669838461896731,78,99
2603,152199992,2019-09-22,1.42,0.8837675401685949,78,89
2604,152199992,2019-10-12,1.4,0.8754687373538999,78,90
2605,152199992,2019-10-20,1.4,0.8754687373538999,78,91
2606,152199992,2019-10-27,1.85,1.0473189942805592,78,92
2607,154190170,2019-05-01,15.1,2.7788192719904172,80,60
2608,154190170,2019-05-06,18.3,2.9601050959108397,80,62
2609,151150090,2019-05-19,12.2,2.580216829592325,58,46
2610,151150090,2019-06-03,6.48,2.012232791986386,58,43
2611,154190170,2019-06-05,10.0,2.3978952727983707,80,63
2612,154190170,2019-06-07,9.3,2.33214389523559,80,65
2613,154190170,2019-06-12,8.3,2.2300144001592104,80,57
2614,151150090,2019-06-15,4.86,1.7681496035889213,58,44
2615,151150090,2019-06-25,4.16,1.6409365794934714,58,39
2616,151150090,2019-06-30,6.76,2.048982334195127,58,42
2617,154190170,2019-06-30,6.84,2.0592388343623163,80,58
2618,154190170,2019-07-20,14.5,2.740840023925201,80,64
2619,154190170,2019-08-11,6.98,2.0769384114617173,80,61
2620,154190170,2019-08-26,8.19,2.2181159363675955,80,59
2621,151150090,2019-09-11,3.28,1.4539530095937054,58,41
2622,151150090,2019-09-21,3.18,1.430311246536665,58,40
2623,151150090,2019-10-13,2.72,1.3137236682850553,58,38
2624,151150090,2019-10-18,2.71,1.3110318766193438,58,45
2625,154170080,2019-06-03,4.81,1.75958057086382,62,242
2626,154170080,2019-06-23,4.0,1.6094379124341003,62,240
2627,154170080,2019-06-30,3.99,1.6074359097634274,62,241
2628,154170080,2019-08-27,3.52,1.5085119938441398,62,238
2629,154170080,2019-09-01,3.34,1.4678743481123135,62,239
2630,149200100,2019-07-04,6.18,1.9712993830601329,68,155
2631,149200100,2019-07-29,16.5,2.8622008809294686,68,156
2632,149200100,2019-09-15,2.39,1.220829921392359,68,151
2633,149200100,2019-09-22,4.38,1.682688374173693,68,152
2634,149200100,2019-10-17,4.67,1.7351891177396608,68,153
2635,149200100,2019-10-25,2.67,1.3001916620664788,68,154
2636,152180100,2019-05-01,0.62,0.4824261492442927,60,197
2637,152180100,2019-06-02,0.87,0.6259384308664953,60,202
2638,152180100,2019-06-05,0.88,0.6312717768418579,60,196
2639,152180100,2019-06-22,0.8,0.5877866649021191,60,195
2640,152180100,2019-06-30,0.47,0.3852624007906449,60,193
2641,152180100,2019-08-24,0.25,0.22314355131420976,60,194
2642,152180100,2019-08-26,0.21,0.1906203596086497,60,198
2643,152180100,2019-08-29,0.13,0.12221763272424921,60,201
2644,152180100,2019-09-05,0.13,0.12221763272424921,60,200
2645,152140080,2019-06-03,1.28,0.8241754429663495,58,163
2646,152140080,2019-09-01,0.66,0.5068176023684519,58,166
2647,152140080,2019-09-11,0.56,0.44468582126144574,58,165
2648,152140080,2019-09-21,0.71,0.5364933705145685,58,164
2649,152210030,2019-05-20,11.6,2.533696813957432,77,33
2650,152210030,2019-06-09,4.77,1.752672080520008,77,30
2651,152210030,2019-06-12,4.56,1.715598108262491,77,31
2652,152210030,2019-06-24,3.42,1.4861396960896067,77,35
2653,152210030,2019-08-23,2.41,1.2267122912954256,77,32
2654,152210030,2019-08-28,2.0,1.0986122886681096,77,29
2655,152210030,2019-09-05,1.4,0.8754687373538999,77,28
2656,152210030,2019-09-12,1.53,0.9282193027394289,77,34
2657,151160150,2019-06-25,60.8,4.123903364463645,54,34
2658,151160150,2019-06-30,98.0,4.59511985013459,54,32
2659,151160150,2019-07-25,415.0,6.030685260261263,54,33
2660,151160150,2019-08-24,69.7,4.258445572902527,54,35
2661,152230070,2019-06-09,8.94,2.2965670206684825,77,160
2662,152230070,2019-06-11,8.71,2.2731562823032334,77,159
2663,152230070,2019-06-24,8.64,2.265921108622454,77,161
2664,152230070,2019-07-01,7.88,2.1838015570040787,77,164
2665,152230070,2019-08-25,2.86,1.3506671834767394,77,158
2666,152230070,2019-08-28,2.57,1.2725655957915476,77,162
2667,152230070,2019-09-24,2.06,1.1184149159642893,77,156
2668,152230070,2019-10-14,1.71,0.9969486348916095,77,157
2669,152230070,2019-10-27,1.89,1.0612565021243408,77,163
2670,154220030,2019-05-20,3.61,1.5282278570085572,76,65
2671,154220030,2019-05-30,3.2,1.4350845252893227,76,64
2672,154220030,2019-06-04,2.8,1.33500106673234,76,62
2673,154220030,2019-06-09,2.52,1.2584609896100059,76,63
2674,154220030,2019-06-12,2.43,1.2325602611778486,76,67
2675,154220030,2019-06-24,1.9,1.0647107369924282,76,61
2676,154220030,2019-08-23,0.72,0.5423242908253616,76,70
2677,154220030,2019-08-26,0.65,0.5007752879124893,76,66
2678,154220030,2019-08-28,0.63,0.48858001481867097,76,68
2679,154220030,2019-09-05,0.52,0.41871033485818504,76,60
2680,154220030,2019-09-27,0.47,0.3852624007906449,76,69
2681,152229999,2019-05-20,173.0,5.159055299214529,77,107
2682,152229999,2019-06-04,121.0,4.804021044733257,77,110
2683,152229999,2019-06-09,105.0,4.663439094112067,77,109
2684,152229999,2019-06-12,90.9,4.520701029361641,77,103
2685,152229999,2019-06-22,84.3,4.446174454497633,77,104
2686,152229999,2019-06-24,85.4,4.45898767581001,77,106
2687,152229999,2019-08-23,115.0,4.7535901911063645,77,105
2688,152229999,2019-08-28,100.0,4.61512051684126,77,108
2689,152229999,2019-09-05,69.3,4.252771798816619,77,102
2690,150230080,2019-06-26,1.84,1.0438040521731147,72,171
2691,150230080,2019-08-18,1.9,1.0647107369924282,72,172
2692,150230080,2019-08-25,2.02,1.1052568313867783,72,173
2693,150230080,2019-08-28,1.84,1.0438040521731147,72,166
2694,150230080,2019-09-12,1.63,0.9669838461896731,72,174
2695,150230080,2019-09-22,1.45,0.8960880245566356,72,167
2696,150230080,2019-09-24,1.39,0.8712933659434192,72,168
2697,150230080,2019-10-14,1.57,0.9439058989071285,72,169
2698,150230080,2019-10-24,1.39,0.8712933659434192,72,176
2699,150230080,2019-10-27,1.37,0.8628899551470399,72,170
2700,150230080,2019-11-01,1.31,0.8372475245337022,72,177
2701,150230080,2019-11-03,1.54,0.9321640810304452,72,175
2702,150200050,2019-05-18,1.63,0.9669838461896731,69,112
2703,150200050,2019-05-25,1.49,0.9122827104766162,69,114
2704,150200050,2019-06-09,1.48,0.9082585601768908,69,107
2705,150200050,2019-06-12,1.48,0.9082585601768908,69,99
2706,151210020,2019-06-12,1.51,0.9202827531436926,72,88
2707,150200050,2019-06-27,1.3,0.832909122935104,69,106
2708,150200050,2019-07-29,3.84,1.5769147207285403,69,105
2709,150200050,2019-08-23,1.83,1.0402767116551463,69,113
2710,151210020,2019-08-23,13.0,2.639057329615259,72,94
2711,150200050,2019-08-26,1.72,1.000631880307906,69,108
2712,151210020,2019-08-26,2.31,1.1969481893889715,72,91
2713,150200050,2019-08-28,1.67,0.9820784724121581,69,110
2714,151210020,2019-08-28,2.39,1.220829921392359,72,90
2715,150200050,2019-09-05,1.54,0.9321640810304452,69,109
2716,151210020,2019-09-05,1.71,0.9969486348916095,72,89
2717,150200050,2019-09-12,1.49,0.9122827104766162,69,111
2718,150200050,2019-09-22,1.43,0.8878912573524571,69,101
2719,151210020,2019-09-22,1.03,0.708035793053696,72,84
2720,150200050,2019-10-12,1.29,0.8285518175661483,69,116
2721,151210020,2019-10-12,1.07,0.7275486072772778,72,93
2722,150200050,2019-10-17,1.48,0.9082585601768908,69,115
2723,150200050,2019-10-20,1.33,0.8458682675776092,69,102
2724,151210020,2019-10-20,1.13,0.7561219797213337,72,85
2725,150200050,2019-10-25,1.25,0.8109302162163288,69,103
2726,151210020,2019-10-25,1.05,0.7178397931503169,72,86
2727,150200050,2019-10-27,1.23,0.8020015854720274,69,104
2728,151210020,2019-10-27,1.01,0.6981347220709844,72,87
2729,154210100,2019-05-20,20.8,3.0819099697950434,80,168
2730,154210100,2019-05-30,14.6,2.747270914255491,80,159
2731,154210100,2019-06-04,9.92,2.3905959703167587,80,167
2732,154210100,2019-06-12,6.8,2.0541237336955462,80,160
2733,154210100,2019-06-22,5.52,1.8748743759385615,80,161
2734,154210100,2019-06-24,5.42,1.8594181177018698,80,162
2735,154210100,2019-07-19,5.57,1.8825138324965192,80,171
2736,154210100,2019-07-29,5.59,1.8855533485144158,80,172
2737,154210100,2019-08-18,5.82,1.9198594718553708,80,163
2738,154210100,2019-08-23,4.75,1.749199854809259,80,165
2739,154210100,2019-08-26,4.32,1.6714733033535532,80,166
2740,154210100,2019-08-28,4.23,1.6544112780768316,80,164
2741,154210100,2019-09-05,3.46,1.4951487660319727,80,169
2742,154210100,2019-09-27,2.62,1.2864740258376797,80,170
2743,150210120,2019-07-29,84.2,4.44500143383527,69,207
2744,150210120,2019-08-28,11.4,2.517696472610991,69,208
2745,150210120,2019-09-12,9.18,2.3204250111223765,69,209
2746,150210120,2019-09-22,11.3,2.509599262378372,69,205
2747,150210120,2019-10-17,25.4,3.2733640101522705,69,210
2748,150210120,2019-10-27,8.32,2.2321626286975,69,206
2749,152150180,2019-06-03,1.84,1.0438040521731147,61,249
2750,152150180,2019-06-15,1.52,0.924258901523332,61,242
2751,152150180,2019-06-30,1.24,0.8064758658669485,61,244
2752,152150180,2019-07-25,0.96,0.6729444732424258,61,241
2753,152150180,2019-08-24,0.7,0.5306282510621704,61,243
2754,152150180,2019-08-27,0.69,0.5247285289349821,61,245
2755,152150180,2019-09-01,0.63,0.48858001481867097,61,246
2756,152150180,2019-09-11,0.41,0.3435897043900769,61,248
2757,152150180,2019-09-23,0.31,0.27002713721306015,61,247
2758,152150200,2019-06-03,82.8,4.428433007488037,59,66
2759,152150200,2019-06-25,54.6,4.018183201256536,59,64
2760,152150200,2019-06-30,52.2,3.9740583963475986,59,67
2761,152150200,2019-07-25,68.7,4.244200317766478,59,65
2762,152150200,2019-08-27,34.8,3.5779478934066544,59,70
2763,152150200,2019-09-01,31.8,3.4904285153900982,59,69
2764,152150200,2019-09-11,32.3,3.505557396986398,59,71
2765,152150200,2019-09-23,30.5,3.449987545831587,59,68
2766,152150200,2019-10-18,35.5,3.597312260588446,59,72
2767,150160190,2019-05-18,2.25,1.1786549963416462,55,141
2768,150160190,2019-06-30,0.42,0.35065687161316933,55,139
2769,150160190,2019-07-25,1.49,0.9122827104766162,55,138
2770,150160190,2019-08-29,0.15,0.13976194237515868,55,143
2771,150160190,2019-09-05,0.13,0.12221763272424921,55,140
2772,152150120,2019-06-03,1.24,0.8064758658669485,60,185
2773,152150120,2019-06-05,1.11,0.7466879474879752,60,190
2774,152150120,2019-06-15,1.0,0.6931471805599453,60,191
2775,152150120,2019-06-25,0.19,0.173953307123438,60,184
2776,152150120,2019-06-30,0.48,0.3920420877760237,60,183
2777,152150120,2019-08-24,0.28,0.2468600779315258,60,192
2778,152150120,2019-08-27,0.23,0.20701416938432615,60,186
2779,152150120,2019-09-01,0.24,0.2151113796169455,60,187
2780,152150120,2019-09-11,0.23,0.20701416938432615,60,189
2781,152150120,2019-09-23,0.16,0.14842000511827327,60,188
2782,151210110,2019-06-09,0.87,0.6259384308664953,73,181
2783,151210110,2019-06-24,1.11,0.7466879474879752,73,180
2784,151210110,2019-07-29,0.75,0.5596157879354227,73,183
2785,151210110,2019-08-23,0.2,0.18232155679395462,73,182
2786,151210110,2019-08-28,0.18,0.16551443847757338,73,178
2787,151210110,2019-09-22,0.18,0.16551443847757338,73,184
2788,151210110,2019-10-12,0.2,0.18232155679395462,73,185
2789,151210110,2019-10-27,0.45,0.37156355643248307,73,179
2790,153210230,2019-05-20,3.0,1.3862943611198906,76,192
2791,153210230,2019-05-30,3.0,1.3862943611198906,76,191
2792,153210230,2019-06-09,2.52,1.2584609896100059,76,190
2793,153210230,2019-06-12,2.34,1.205970806988609,76,188
2794,153210230,2019-06-24,1.95,1.0818051703517284,76,189
2795,153210230,2019-08-26,1.27,0.8197798314933114,76,185
2796,153210230,2019-08-28,1.11,0.7466879474879752,76,186
2797,153210230,2019-09-05,0.88,0.6312717768418579,76,187
2798,153210230,2019-09-27,0.93,0.6575200029167942,76,193
2799,149190030,2019-05-25,0.57,0.4510756193602167,64,237
2800,149190030,2019-06-09,0.58,0.4574248470388754,64,238
2801,149190030,2019-06-12,0.43,0.3576744442718159,64,232
2802,149190030,2019-08-26,0.17,0.15700374880966475,64,234
2803,149190030,2019-08-28,0.16,0.14842000511827327,64,236
2804,149190030,2019-09-05,0.13,0.12221763272424921,64,231
2805,149190030,2019-09-12,0.14,0.1310282624064041,64,240
2806,149190030,2019-09-15,0.13,0.12221763272424921,64,233
2807,149190030,2019-09-22,0.18,0.16551443847757338,64,228
2808,149190030,2019-10-17,0.17,0.15700374880966475,64,239
2809,149190030,2019-10-20,1.0,0.6931471805599453,64,229
2810,149190030,2019-10-27,0.31,0.27002713721306015,64,230
2811,149190030,2019-11-01,0.16,0.14842000511827327,64,241
2812,154180020,2019-06-03,1.54,0.9321640810304452,63,12
2813,154180020,2019-06-05,1.39,0.8712933659434192,63,16
2814,154180020,2019-06-18,0.96,0.6729444732424258,63,15
2815,154180020,2019-06-20,0.86,0.6205764877251099,63,9
2816,154180020,2019-06-23,0.86,0.6205764877251099,63,13
2817,154180020,2019-06-30,0.71,0.5364933705145685,63,10
2818,154180020,2019-07-20,0.72,0.5423242908253616,63,11
2819,154180020,2019-08-24,0.62,0.4824261492442927,63,17
2820,154180020,2019-08-27,0.56,0.44468582126144574,63,7
2821,154180020,2019-09-01,0.5,0.4054651081081644,63,8
2822,154180020,2019-09-11,1.73,1.0043016091968684,63,14
2823,151180040,2019-05-01,5.77,1.9125010869241836,60,15
2824,151180040,2019-05-31,2.8,1.33500106673234,60,13
2825,151180040,2019-06-12,2.21,1.1662709371419244,60,11
2826,151180040,2019-06-17,2.26,1.1817271953786161,60,10
2827,151180040,2019-06-25,2.23,1.172482137234565,60,12
2828,151180040,2019-06-27,1.66,0.9783261227936076,60,9
2829,151180040,2019-06-30,4.13,1.635105659182678,60,7
2830,151180040,2019-08-24,0.97,0.6780335427498971,60,14
2831,151180040,2019-08-29,0.66,0.5068176023684519,60,16
2832,151180040,2019-09-05,0.55,0.4382549309311553,60,6
2833,151180040,2019-10-13,0.41,0.3435897043900769,60,18
2834,151180040,2019-10-20,0.48,0.3920420877760237,60,17
2835,150150010,2019-05-24,5.49,1.8702625307159986,58,14
2836,150150020,2019-05-24,1.17,0.7747271675523681,58,53
2837,150150010,2019-06-03,3.64,1.534714366238164,58,11
2838,150150020,2019-06-03,0.87,0.6259384308664953,58,50
2839,150150010,2019-06-05,4.91,1.776645831418007,58,10
2840,150150020,2019-06-05,1.18,0.7793248768009976,58,49
2841,150150010,2019-06-25,2.58,1.275362800412609,58,9
2842,150150020,2019-06-25,0.71,0.5364933705145685,58,48
2843,150150010,2019-06-30,3.35,1.4701758451005928,58,8
2844,150150020,2019-06-30,0.78,0.5766133643039938,58,47
2845,150150010,2019-07-03,1.63,0.9669838461896731,58,15
2846,150150020,2019-07-03,0.39,0.3293037471426004,58,54
2847,150150010,2019-09-01,0.44,0.36464311358790924,58,12
2848,150150020,2019-09-01,0.09,0.08617769624105233,58,51
2849,150150010,2019-09-21,0.56,0.44468582126144574,58,13
2850,150150020,2019-09-21,0.15,0.13976194237515868,58,52
2851,149180090,2019-05-18,0.32,0.2776317365982795,65,8
2852,149180090,2019-06-12,0.26,0.23111172096338664,65,4
2853,149180090,2019-08-26,0.11,0.10436001532424277,65,9
2854,149180090,2019-09-05,0.09,0.08617769624105233,65,6
2855,149180090,2019-09-15,0.14,0.1310282624064041,65,5
2856,149180090,2019-10-20,0.11,0.10436001532424277,65,3
2857,151220050,2019-06-09,0.64,0.49469624183610705,73,137
2858,151220050,2019-06-11,0.58,0.4574248470388754,73,129
2859,151220050,2019-06-26,0.58,0.4574248470388754,73,132
2860,151220050,2019-07-29,0.76,0.5653138090500605,73,130
2861,151220050,2019-08-23,0.25,0.22314355131420976,73,136
2862,151220050,2019-08-25,0.22,0.1988508587451652,73,131
2863,151220050,2019-08-28,0.19,0.173953307123438,73,133
2864,151220050,2019-09-22,0.1,0.09531017980432487,73,134
2865,151220050,2019-09-24,0.12,0.11332868530700317,73,126
2866,151220050,2019-10-12,0.17,0.15700374880966475,73,135
2867,151220050,2019-10-14,0.17,0.15700374880966475,73,127
2868,151220050,2019-10-27,0.2,0.18232155679395462,73,128
2869,150200010,2019-06-09,0.94,0.6626879730752367,69,6
2870,150200010,2019-06-12,0.89,0.636576829071551,69,1
2871,150200010,2019-06-27,0.67,0.5128236264286637,69,5
2872,150200010,2019-07-29,4.13,1.635105659182678,69,7
2873,150200010,2019-08-23,0.78,0.5766133643039938,69,9
2874,150200010,2019-08-26,0.66,0.5068176023684519,69,10
2875,150200010,2019-08-28,0.61,0.4762341789963716,69,8
2876,150200010,2019-09-22,0.48,0.3920420877760237,69,2
2877,150200010,2019-10-12,0.71,0.5364933705145685,69,12
2878,150200010,2019-10-20,0.72,0.5423242908253616,69,3
2879,150200010,2019-10-25,0.67,0.5128236264286637,69,13
2880,150200010,2019-10-27,0.66,0.5068176023684519,69,4
2881,150210030,2019-07-29,0.42,0.35065687161316933,69,151
2882,150210030,2019-08-23,0.4,0.33647223662121295,69,150
2883,150210030,2019-08-26,0.28,0.2468600779315258,69,154
2884,150210030,2019-08-28,0.27,0.23901690047049992,69,153
2885,150210030,2019-09-05,0.24,0.2151113796169455,69,149
2886,150210030,2019-09-12,0.22,0.1988508587451652,69,152
2887,150210030,2019-09-22,0.22,0.1988508587451652,69,146
2888,150210030,2019-10-12,0.23,0.20701416938432615,69,156
2889,150210030,2019-10-20,0.22,0.1988508587451652,69,147
2890,150210030,2019-10-25,0.22,0.1988508587451652,69,157
2891,150210030,2019-10-27,0.22,0.1988508587451652,69,148
2892,152200110,2019-06-09,665.0,6.501289670540389,64,122
2893,152200110,2019-06-22,547.0,6.306275286948016,64,121
2894,152200110,2019-06-24,535.0,6.284134161070802,64,120
2895,152200110,2019-08-23,573.0,6.352629396319567,64,127
2896,152200110,2019-08-28,538.0,6.289715570908998,64,126
2897,152200110,2019-09-05,386.0,5.958424693029782,64,123
2898,152200110,2019-09-12,337.0,5.823045895483019,64,125
2899,152200110,2019-09-22,313.0,5.749392985908253,64,124
2900,150200120,2019-06-09,1.91,1.068153081183401,69,76
2901,150200120,2019-06-12,1.79,1.0260415958332743,69,69
2902,150200120,2019-06-27,1.56,0.9400072584914712,69,77
2903,150200120,2019-07-29,5.0,1.791759469228055,69,70
2904,150200120,2019-08-23,2.92,1.366091653802371,69,75
2905,150200120,2019-08-26,1.53,0.9282193027394289,69,72
2906,150200120,2019-08-28,1.23,0.8020015854720274,69,71
2907,150200120,2019-09-05,0.91,0.6471032420585385,69,73
2908,150200120,2019-09-12,0.86,0.6205764877251099,69,74
2909,150200120,2019-09-22,0.68,0.5187937934151676,69,66
2910,150200120,2019-10-20,0.96,0.6729444732424258,69,67
2911,150200120,2019-10-27,0.79,0.5822156198526637,69,68
2912,153150020,2019-05-14,1.29,0.8285518175661483,62,47
2913,153150020,2019-06-03,0.87,0.6259384308664953,62,43
2914,153150020,2019-08-27,0.22,0.1988508587451652,62,44
2915,153150020,2019-09-01,0.17,0.15700374880966475,62,45
2916,153150020,2019-09-11,0.14,0.1310282624064041,62,46
2917,152160130,2019-06-20,1.66,0.9783261227936076,60,98
2918,152160130,2019-06-30,1.14,0.76080582903376,60,97
2919,152160130,2019-08-24,0.45,0.37156355643248307,60,99
2920,152160130,2019-09-23,0.35,0.30010459245033805,60,100
2921,150160130,2019-06-05,0.67,0.5128236264286637,56,135
2922,150160130,2019-06-25,0.48,0.3920420877760237,56,133
2923,150160130,2019-06-30,2.37,1.2149127443642704,56,132
2924,150160130,2019-07-25,1.25,0.8109302162163288,56,131
2925,150160130,2019-08-24,0.35,0.30010459245033805,56,134
2926,153170110,2019-06-05,1.07,0.7275486072772778,79,139
2927,153170110,2019-06-15,0.93,0.6575200029167942,79,142
2928,153170110,2019-06-30,0.73,0.5481214085096876,79,140
2929,153170110,2019-08-24,1.19,0.7839015438284094,79,141
2930,150190220,2019-06-17,3.75,1.55814461804655,58,196
2931,150190220,2019-06-27,3.6,1.5260563034950494,58,195
2932,150190220,2019-09-05,1.42,0.8837675401685949,58,193
2933,150190220,2019-09-15,1.35,0.8544153281560676,58,197
2934,150190220,2019-10-20,2.2,1.1631508098056809,58,198
2935,149200060,2019-05-18,4.37,1.6808279085207734,67,99
2936,149200080,2019-05-18,5.31,1.8421356765531218,67,167
2937,149200080,2019-05-25,3.6,1.5260563034950494,67,165
2938,149200060,2019-06-09,0.95,0.6678293725756554,67,94
2939,149200080,2019-06-09,2.39,1.220829921392359,67,160
2940,149200060,2019-06-12,1.03,0.708035793053696,67,93
2941,149200080,2019-06-12,1.73,1.0043016091968684,67,159
2942,149200060,2019-07-29,3.42,1.4861396960896067,67,96
2943,149200080,2019-07-29,4.43,1.691939133945844,67,161
2944,149200060,2019-08-26,0.54,0.43178241642553783,67,95
2945,149200080,2019-08-26,0.84,0.6097655716208943,67,162
2946,149200060,2019-08-28,0.51,0.412109650826833,67,98
2947,149200080,2019-08-28,0.71,0.5364933705145685,67,164
2948,149200060,2019-09-05,0.41,0.3435897043900769,67,97
2949,149200080,2019-09-05,0.42,0.35065687161316933,67,163
2950,149200060,2019-09-22,2.05,1.11514159061932,67,88
2951,149200080,2019-09-22,0.79,0.5822156198526637,67,154
2952,149200060,2019-10-17,1.66,0.9783261227936076,67,100
2953,149200080,2019-10-17,2.52,1.2584609896100059,67,166
2954,149200060,2019-10-20,0.67,0.5128236264286637,67,89
2955,149200080,2019-10-20,1.13,0.7561219797213337,67,155
2956,149200060,2019-10-25,0.59,0.46373401623214017,67,90
2957,149200080,2019-10-25,0.67,0.5128236264286637,67,156
2958,149200060,2019-10-27,0.57,0.4510756193602167,67,91
2959,149200080,2019-10-27,0.54,0.43178241642553783,67,157
2960,149200300,2019-07-04,23.8,3.2108436531709366,68,196
2961,149200300,2019-07-29,47.6,3.883623530906448,68,195
2962,149200300,2019-08-28,13.8,2.6946271807700692,68,197
2963,149200300,2019-09-22,38.0,3.6635616461296463,68,193
2964,149200300,2019-10-17,17.2,2.9014215940827497,68,194
2965,149200300,2019-11-01,17.2,2.9014215940827497,68,198
2966,149200290,2019-07-04,28.0,3.367295829986474,68,202
2967,149200290,2019-07-29,48.3,3.8979240810486444,68,201
2968,149200290,2019-08-28,15.9,2.827313621929028,68,203
2969,149200290,2019-09-22,29.7,3.4242626545931514,68,199
2970,149200290,2019-10-17,18.7,2.9806186357439426,68,200
2971,149200290,2019-11-01,15.9,2.827313621929028,68,204
2972,153210040,2019-05-20,1.72,1.000631880307906,76,222
2973,153210040,2019-05-30,1.21,0.7929925155296614,76,220
2974,153210040,2019-06-09,0.89,0.636576829071551,76,217
2975,153210040,2019-06-12,0.89,0.636576829071551,76,216
2976,153210040,2019-06-22,0.7,0.5306282510621704,76,219
2977,153210040,2019-06-24,0.51,0.412109650826833,76,218
2978,153210040,2019-08-23,0.57,0.4510756193602167,76,221
2979,153210040,2019-08-26,0.44,0.36464311358790924,76,213
2980,153210040,2019-08-28,0.38,0.32208349916911333,76,214
2981,153210040,2019-09-05,0.22,0.1988508587451652,76,215
2982,152140120,2019-06-03,1.03,0.708035793053696,62,12
2983,152140120,2019-08-27,0.21,0.1906203596086497,62,13
2984,153160070,2019-05-14,2.36,1.2119409739751128,61,134
2985,153160070,2019-06-03,2.82,1.3402504226184837,61,133
2986,153160070,2019-06-30,2.18,1.1568811967920856,61,135
2987,153160070,2019-08-24,1.33,0.8458682675776092,61,130
2988,153160070,2019-08-27,1.29,0.8285518175661483,61,131
2989,153160070,2019-09-01,1.18,0.7793248768009976,61,132
2990,153160070,2019-10-18,1.15,0.7654678421395714,61,136
2991,153160070,2019-10-31,1.14,0.76080582903376,61,137
2992,150180260,2019-06-12,0.41,0.3435897043900769,65,167
2993,150180260,2019-08-26,0.64,0.49469624183610705,65,166
2994,150180260,2019-09-05,0.3,0.26236426446749106,65,163
2995,150180260,2019-09-15,0.19,0.173953307123438,65,165
2996,150180260,2019-10-20,0.26,0.23111172096338664,65,162
2997,152230090,2019-05-20,11.8,2.5494451709255714,74,173
2998,152230090,2019-05-30,8.29,2.2289385528257473,74,175
2999,152230090,2019-06-04,7.13,2.0955609235597192,74,172
3000,152230090,2019-06-09,6.18,1.9712993830601329,74,170
3001,152230090,2019-06-11,6.01,1.9473377010464987,74,177
3002,152230090,2019-06-24,5.16,1.8180767775454285,74,171
3003,152230090,2019-08-23,3.27,1.4516138272405332,74,179
3004,152230090,2019-08-25,3.22,1.4398351280479205,74,169
3005,152230090,2019-08-28,3.26,1.449269160281279,74,174
3006,152230090,2019-09-04,3.21,1.43746264769429,74,178
3007,152230090,2019-09-24,3.21,1.43746264769429,74,176
3008,152230090,2019-10-14,3.2,1.4350845252893227,74,181
3009,152230090,2019-10-27,3.11,1.4134230285081433,74,180
3010,152230100,2019-05-20,5.87,1.927164106234258,75,42
3011,152230100,2019-05-30,3.1,1.410986973710262,75,41
3012,152230100,2019-06-04,2.3,1.1939224684724346,75,39
3013,152230100,2019-06-09,1.87,1.0543120297715298,75,37
3014,152230100,2019-06-11,1.76,1.0152306797290587,75,49
3015,152230100,2019-06-24,1.31,0.8372475245337022,75,40
3016,152230100,2019-08-25,0.46,0.3784364357202451,75,38
3017,152230100,2019-08-28,0.5,0.4054651081081644,75,43
3018,152230100,2019-09-04,0.38,0.32208349916911333,75,45
3019,152230100,2019-09-24,0.36,0.3074846997479606,75,44
3020,152230100,2019-10-14,0.27,0.23901690047049992,75,46
3021,152230100,2019-10-22,0.31,0.27002713721306015,75,48
3022,152230100,2019-10-27,0.27,0.23901690047049992,75,47
3023,150180090,2019-06-12,0.19,0.173953307123438,54,184
3024,150180090,2019-10-20,0.12,0.11332868530700317,54,182
3025,151180090,2019-05-01,2.87,1.3532545070416904,59,116
3026,151180090,2019-05-31,1.55,0.9360933591703348,59,114
3027,151180090,2019-06-12,1.19,0.7839015438284094,59,123
3028,151180090,2019-06-17,1.14,0.76080582903376,59,124
3029,151180090,2019-06-25,0.95,0.6678293725756554,59,112
3030,151180090,2019-06-27,0.9,0.6418538861723948,59,125
3031,151180090,2019-06-30,1.61,0.9593502213346021,59,120
3032,151180090,2019-08-24,0.57,0.4510756193602167,59,113
3033,151180090,2019-08-29,0.55,0.4382549309311553,59,119
3034,151180090,2019-09-05,0.47,0.3852624007906449,59,111
3035,151180090,2019-09-15,0.34,0.29266961396282,59,118
3036,151180090,2019-09-23,0.3,0.26236426446749106,59,117
3037,151180090,2019-10-13,0.27,0.23901690047049992,59,122
3038,151180090,2019-10-20,0.28,0.2468600779315258,59,121
3039,149200120,2019-07-04,3.69,1.545432582458188,68,171
3040,149200120,2019-07-29,3.17,1.4279160358107101,68,172
3041,149200120,2019-08-28,1.18,0.7793248768009976,68,174
3042,149200120,2019-09-05,0.78,0.5766133643039938,68,173
3043,149200120,2019-09-15,0.77,0.5709795465857378,68,167
3044,149200120,2019-09-22,1.39,0.8712933659434192,68,168
3045,149200120,2019-10-17,2.19,1.1600209167967532,68,169
3046,149200120,2019-10-25,0.89,0.636576829071551,68,170
3047,149200120,2019-10-27,0.89,0.636576829071551,68,176
3048,150230010,2019-06-26,3.9,1.589235205116581,72,183
3049,150230010,2019-08-18,4.03,1.6154199841116479,72,186
3050,150230010,2019-08-25,3.8,1.5686159179138452,72,184
3051,150230010,2019-08-28,3.76,1.5602476682433286,72,182
3052,150230010,2019-09-12,3.75,1.55814461804655,72,185
3053,150230010,2019-09-22,3.74,1.556037135706985,72,180
3054,150230010,2019-09-24,3.74,1.556037135706985,72,178
3055,150230010,2019-10-14,3.9,1.589235205116581,72,179
3056,150230010,2019-10-27,3.64,1.534714366238164,72,181
3057,150230010,2019-11-03,3.61,1.5282278570085572,72,187
3058,150170120,2019-05-18,0.32,0.2776317365982795,56,26
3059,150170120,2019-06-17,0.2,0.18232155679395462,56,25
3060,150170120,2019-06-27,0.15,0.13976194237515868,56,22
3061,150170120,2019-06-30,0.37,0.31481073984003355,56,23
3062,150170120,2019-07-25,0.57,0.4510756193602167,56,31
3063,150170120,2019-08-24,0.15,0.13976194237515868,56,30
3064,150170120,2019-09-05,0.15,0.13976194237515868,56,28
3065,150170120,2019-09-15,0.11,0.10436001532424277,56,27
3066,150170120,2019-10-20,0.07,0.06765864847381481,56,29
3067,149220210,2019-06-11,1.44,0.8919980393051105,71,65
3068,149220210,2019-06-16,1.48,0.9082585601768908,71,66
3069,149220210,2019-07-01,2.36,1.2119409739751128,71,63
3070,149220210,2019-07-16,6.04,1.951608170169951,71,70
3071,149220210,2019-07-29,11.0,2.4849066497880004,71,64
3072,149220210,2019-08-18,1.67,0.9820784724121581,71,71
3073,149220210,2019-08-20,2.06,1.1184149159642893,71,68
3074,149220210,2019-08-28,1.58,0.9477893989335261,71,67
3075,149220210,2019-09-12,1.28,0.8241754429663495,71,69
3076,149220210,2019-09-22,1.24,0.8064758658669485,71,58
3077,149220210,2019-10-14,1.91,1.068153081183401,71,59
3078,149220210,2019-10-17,4.82,1.7613002617433464,71,60
3079,149220210,2019-10-27,1.62,0.9631743177730056,71,61
3080,149220210,2019-11-01,1.41,0.8796267475025636,71,62
3081,152150050,2019-05-19,217.0,5.384495062789089,54,75
3082,152150050,2019-06-03,152.0,5.030437921392435,54,77
3083,152150050,2019-06-05,153.0,5.0369526024136295,54,82
3084,152150050,2019-06-15,133.0,4.897839799950911,54,74
3085,152150050,2019-06-25,91.8,4.530446639792155,54,81
3086,152150050,2019-06-30,88.5,4.4942386252808095,54,79
3087,152150050,2019-09-01,75.2,4.333361462692601,54,73
3088,152150050,2019-09-11,58.9,4.092676505121403,54,78
3089,152150050,2019-09-21,82.8,4.428433007488037,54,72
3090,152150050,2019-10-06,76.6,4.351567427189173,54,80
3091,152150050,2019-10-13,62.3,4.147885329150131,54,71
3092,152150050,2019-10-18,63.2,4.162003210695915,54,76
3093,150210080,2019-06-09,1.43,0.8878912573524571,72,129
3094,150210080,2019-08-28,0.5,0.4054651081081644,72,127
3095,150210080,2019-09-22,0.56,0.44468582126144574,72,125
3096,150210080,2019-10-12,0.65,0.5007752879124893,72,128
3097,150210080,2019-10-27,0.65,0.5007752879124893,72,126
3098,150220030,2019-06-06,70.0,4.2626798770413155,70,163
3099,150220030,2019-06-11,75.5,4.33729074083249,70,162
3100,150220030,2019-06-16,64.6,4.183575695950044,70,171
3101,150220030,2019-06-26,49.6,3.92395157629342,70,161
3102,150220030,2019-07-29,254.0,5.541263545158426,70,164
3103,150220030,2019-08-23,96.3,4.577798989191959,70,168
3104,150220030,2019-08-25,96.5,4.579852378003801,70,166
3105,150220030,2019-08-28,74.5,4.324132656254979,70,165
3106,150220030,2019-09-04,48.1,3.893859034800475,70,157
3107,150220030,2019-09-12,40.6,3.728100167267218,70,167
3108,150220030,2019-09-22,36.6,3.6270040503958487,70,158
3109,150220030,2019-09-24,42.8,3.7796338173824005,70,169
3110,150220030,2019-10-12,35.8,3.6054978451748854,70,172
3111,150220030,2019-10-14,47.7,3.885679030088544,70,159
3112,150220030,2019-10-17,172.0,5.153291594497779,70,170
3113,150220030,2019-10-27,49.9,3.929862923556477,70,160
3114,150190100,2019-05-18,6.16,1.9685099809725544,65,224
3115,150190100,2019-05-25,6.25,1.9810014688665833,65,230
3116,150190100,2019-06-09,6.13,1.9643112344262046,65,222
3117,150190100,2019-06-12,5.94,1.937301774518713,65,227
3118,150190100,2019-07-29,9.21,2.3233676321765744,65,225
3119,150190100,2019-08-28,5.15,1.8164520818184267,65,231
3120,150190100,2019-09-05,5.26,1.8341801851120072,65,223
3121,150190100,2019-09-12,5.37,1.851599469584072,65,229
3122,150190100,2019-09-15,5.45,1.864080130807681,65,226
3123,150190100,2019-09-22,5.15,1.8164520818184267,65,219
3124,150190100,2019-10-17,5.13,1.81319474994812,65,232
3125,150190100,2019-10-20,4.51,1.706564623164823,65,220
3126,150190100,2019-10-27,4.43,1.691939133945844,65,221
3127,150180210,2019-05-18,1.24,0.8064758658669485,59,103
3128,150180210,2019-06-12,0.67,0.5128236264286637,59,102
3129,150180210,2019-06-17,0.67,0.5128236264286637,59,97
3130,150180210,2019-06-27,0.59,0.46373401623214017,59,99
3131,150180210,2019-09-05,0.27,0.23901690047049992,59,96
3132,150180210,2019-09-15,0.28,0.2468600779315258,59,100
3133,150180210,2019-10-20,0.22,0.1988508587451652,59,101
3134,152180090,2019-05-01,1.22,0.7975071958841881,60,210
3135,152180090,2019-06-02,1.6,0.9555114450274365,60,203
3136,152180090,2019-06-05,1.55,0.9360933591703348,60,207
3137,152180090,2019-06-22,1.2,0.7884573603642702,60,208
3138,152180090,2019-06-30,1.21,0.7929925155296614,60,209
3139,152180090,2019-08-24,0.82,0.598836501088704,60,211
3140,152180090,2019-08-26,0.88,0.6312717768418579,60,204
3141,152180090,2019-08-29,0.94,0.6626879730752367,60,205
3142,151150150,2019-05-19,211.0,5.356586274672012,54,56
3143,151150150,2019-06-03,151.0,5.0238805208462765,54,51
3144,151150150,2019-06-05,135.0,4.912654885736052,54,53
3145,151150150,2019-06-15,103.0,4.6443908991413725,54,60
3146,151150150,2019-06-25,74.0,4.31748811353631,54,55
3147,151150150,2019-06-30,80.5,4.400603020246817,54,52
3148,151150150,2019-09-01,66.7,4.215086179918229,54,58
3149,151150150,2019-09-11,49.1,3.914021008090819,54,54
3150,151150150,2019-09-21,59.7,4.1059436980654525,54,57
3151,151150150,2019-10-06,72.6,4.298645025734831,54,61
3152,151150150,2019-10-13,74.2,4.320151230955794,54,50
3153,151150150,2019-10-18,60.7,4.122283930911342,54,59
3154,152170060,2019-06-17,43.2,3.7887247890836524,59,33
3155,152170060,2019-06-20,42.0,3.7612001156935624,59,31
3156,152170060,2019-06-30,40.6,3.728100167267218,59,35
3157,152170060,2019-08-24,25.0,3.258096538021482,59,32
3158,152170060,2019-08-26,23.8,3.2108436531709366,59,38
3159,152170060,2019-09-23,22.8,3.169685580677429,59,34
3160,152170060,2019-10-20,30.5,3.449987545831587,59,37
3161,152150190,2019-06-03,68.2,4.237000862623624,61,19
3162,152150190,2019-06-15,57.3,4.065602093356446,61,24
3163,152150190,2019-06-25,51.3,3.9569963710708773,61,20
3164,152150190,2019-06-30,47.1,3.8732821771117156,61,17
3165,152150190,2019-07-25,57.2,4.063885354737392,61,18
3166,152150190,2019-08-24,34.6,3.572345637857985,61,27
3167,152150190,2019-08-27,31.0,3.4657359027997265,61,21
3168,152150190,2019-09-01,28.3,3.3775875160230218,61,23
3169,152150190,2019-09-11,32.8,3.520460802488973,61,25
3170,152150190,2019-09-23,27.3,3.342861804649192,61,22
3171,152150190,2019-10-18,25.5,3.2771447329921766,61,26
3172,152150190,2019-10-23,27.7,3.3568971227655755,61,28
3173,152210130,2019-06-04,1.78,1.0224509277025458,77,236
3174,152210130,2019-06-09,1.44,0.8919980393051105,77,231
3175,152210130,2019-06-12,1.29,0.8285518175661483,77,237
3176,152210130,2019-06-22,1.05,0.7178397931503169,77,234
3177,152210130,2019-06-24,1.03,0.708035793053696,77,235
3178,152210130,2019-08-23,0.53,0.4252677354043441,77,238
3179,152210130,2019-08-28,0.46,0.3784364357202451,77,232
3180,152210130,2019-09-05,0.38,0.32208349916911333,77,233
3181,152210130,2019-10-20,0.5,0.4054651081081644,77,239
3182,151200090,2019-06-09,16.7,2.8735646395797834,74,19
3183,151200090,2019-06-12,16.1,2.8390784635086144,74,18
3184,151200090,2019-06-24,15.5,2.803360380906535,74,17
3185,151200090,2019-08-26,13.6,2.681021528714291,74,23
3186,151200090,2019-08-28,13.4,2.667228206581955,74,22
3187,151200090,2019-09-05,13.0,2.639057329615259,74,12
3188,151200090,2019-09-12,13.4,2.667228206581955,74,20
3189,151200090,2019-09-22,14.3,2.72785282839839,74,13
3190,151200090,2019-10-12,12.4,2.5952547069568657,74,14
3191,151200090,2019-10-20,12.6,2.6100697927420065,74,15
3192,151200090,2019-10-27,12.9,2.631888840136646,74,16
3193,153190090,2019-05-01,26.1,3.299533727885655,79,5
3194,153190090,2019-05-06,25.5,3.2771447329921766,79,9
3195,153190090,2019-06-05,18.3,2.9601050959108397,79,6
3196,153190090,2019-06-12,14.8,2.760009940032921,79,3
3197,153190090,2019-06-22,12.2,2.580216829592325,79,10
3198,153190090,2019-06-30,10.6,2.451005098112319,79,4
3199,153190090,2019-07-20,13.2,2.653241964607215,79,12
3200,153190090,2019-08-24,9.62,2.362739015813793,79,7
3201,153190090,2019-08-26,9.27,2.329227023940467,79,8
3202,153190090,2019-08-29,8.67,2.269028309465203,79,11
3203,154190110,2019-05-01,2.02,1.1052568313867783,80,42
3204,154190110,2019-06-05,0.83,0.6043159668533296,80,40
3205,154190110,2019-06-12,0.69,0.5247285289349821,80,39
3206,154190110,2019-06-30,0.42,0.35065687161316933,80,38
3207,154190110,2019-07-20,1.19,0.7839015438284094,80,41
3208,154190110,2019-08-26,0.16,0.14842000511827327,80,37
3209,151150100,2019-05-19,12.1,2.5726122302071057,58,34
3210,151150100,2019-06-03,7.14,2.096790180014449,58,36
3211,151150100,2019-06-05,7.54,2.1447610078004784,58,35
3212,151150100,2019-06-25,2.9,1.3609765531356006,58,33
3213,151150100,2019-06-30,6.31,1.9892432737616872,58,32
3214,151150100,2019-09-01,1.14,0.76080582903376,58,37
3215,151150100,2019-09-21,1.1,0.7419373447293773,58,31
3216,153210210,2019-05-20,137.0,4.927253685157205,75,2
3217,153210210,2019-06-04,122.0,4.812184355372417,75,8
3218,153210210,2019-06-09,109.0,4.700480365792417,75,1
3219,153210210,2019-06-12,100.0,4.61512051684126,75,0
3220,153210210,2019-06-22,79.7,4.390738575275903,75,4
3221,153210210,2019-06-24,76.0,4.343805421853684,75,3
3222,153210210,2019-08-26,39.5,3.7013019741124933,75,5
3223,153210210,2019-08-28,36.8,3.632309102625542,75,6
3224,153210210,2019-09-05,34.2,3.5610460826040513,74,249
3225,153210210,2019-09-27,34.0,3.5553480614894135,75,7
3226,151150040,2019-06-03,37.2,3.6428355156125294,57,190
3227,151150040,2019-06-05,40.7,3.7305011288047556,57,194
3228,151150040,2019-06-15,30.4,3.4468078929142076,57,198
3229,151150040,2019-06-25,23.0,3.1780538303479458,57,193
3230,151150040,2019-06-30,39.6,3.703768066607687,57,191
3231,151150040,2019-09-01,15.1,2.7788192719904172,57,196
3232,151150040,2019-09-11,13.0,2.639057329615259,57,195
3233,151150040,2019-09-21,12.2,2.580216829592325,57,192
3234,151150040,2019-10-06,12.3,2.5877640352277083,57,197
3235,151150040,2019-10-13,11.5,2.5257286443082556,57,189
3236,151150040,2019-10-18,11.3,2.509599262378372,57,199
3237,149220010,2019-06-11,0.14,0.1310282624064041,71,195
3238,149220010,2019-06-16,0.07,0.06765864847381481,71,193
3239,149220010,2019-07-01,0.27,0.23901690047049992,71,194
3240,149220010,2019-07-29,0.64,0.49469624183610705,71,196
3241,149220010,2019-08-28,0.15,0.13976194237515868,71,197
3242,149220010,2019-09-04,0.07,0.06765864847381481,71,200
3243,149220010,2019-09-12,0.06,0.058268908123975775,71,198
3244,149220010,2019-09-22,0.04,0.039220713153281295,71,191
3245,149220010,2019-10-14,5.68,1.8991179875485544,71,192
3246,149220010,2019-10-17,0.36,0.3074846997479606,71,199
3247,153230170,2019-05-20,2.75,1.3217558399823195,75,103
3248,153230170,2019-05-30,1.52,0.924258901523332,75,93
3249,153230170,2019-06-04,1.21,0.7929925155296614,75,92
3250,153230170,2019-06-09,1.21,0.7929925155296614,75,94
3251,153230170,2019-06-24,1.01,0.6981347220709844,75,89
3252,153230170,2019-07-31,0.61,0.4762341789963716,75,96
3253,153230170,2019-08-05,0.5,0.4054651081081644,75,90
3254,153230170,2019-08-23,0.41,0.3435897043900769,75,97
3255,153230170,2019-08-25,0.37,0.31481073984003355,75,91
3256,153230170,2019-08-28,0.32,0.2776317365982795,75,95
3257,153230170,2019-08-30,0.28,0.2468600779315258,75,100
3258,153230170,2019-09-04,0.29,0.2546422183735807,75,105
3259,153230170,2019-09-24,0.42,0.35065687161316933,75,98
3260,153230170,2019-09-27,0.37,0.31481073984003355,75,99
3261,153230170,2019-10-14,0.5,0.4054651081081644,75,101
3262,153230170,2019-10-22,0.64,0.49469624183610705,75,104
3263,153230170,2019-10-27,0.61,0.4762341789963716,75,102
3264,149200240,2019-07-29,154.0,5.043425116919247,68,62
3265,149200250,2019-07-29,4.56,1.715598108262491,68,220
3266,149200260,2019-07-29,1.17,0.7747271675523681,68,227
3267,149200240,2019-08-28,68.9,4.247065649239764,68,63
3268,149200250,2019-08-28,0.96,0.6729444732424258,68,221
3269,149200260,2019-08-28,0.27,0.23901690047049992,68,228
3270,149200240,2019-09-12,37.7,3.655839600035736,68,64
3271,149200250,2019-09-12,0.85,0.6151856390902335,68,222
3272,149200260,2019-09-12,0.23,0.20701416938432615,68,229
3273,149200240,2019-09-22,46.6,3.8628327612373745,68,59
3274,149200250,2019-09-22,1.19,0.7839015438284094,68,217
3275,149200260,2019-09-22,0.26,0.23111172096338664,68,224
3276,149200240,2019-10-17,73.1,4.3054155323020415,68,60
3277,149200250,2019-10-17,1.23,0.8020015854720274,68,218
3278,149200260,2019-10-17,0.3,0.26236426446749106,68,225
3279,149200240,2019-10-27,44.3,3.8133070324889884,68,61
3280,149200250,2019-10-27,0.73,0.5481214085096876,68,219
3281,149200260,2019-10-27,0.18,0.16551443847757338,68,226
3282,149200250,2019-11-01,0.82,0.598836501088704,68,223
3283,149200030,2019-07-04,23.2,3.186352633162641,68,21
3284,149200030,2019-07-29,19.2,3.005682604407159,68,17
3285,149200030,2019-09-22,5.22,1.827769906751088,68,14
3286,149200030,2019-10-17,12.0,2.5649493574615367,68,15
3287,149200030,2019-10-25,6.41,2.0028304393079956,68,16
3288,149200030,2019-10-27,5.5,1.8718021769015913,68,22
3289,149200050,2019-07-04,38.7,3.681351187693145,68,31
3290,149200050,2019-07-29,33.3,3.535145354171894,68,27
3291,149200050,2019-08-28,10.2,2.4159137783010487,68,29
3292,149200050,2019-09-05,7.34,2.1210632163706555,68,30
3293,149200050,2019-09-15,7.33,2.1198634561787513,68,23
3294,149200050,2019-09-22,8.94,2.2965670206684825,68,24
3295,149200050,2019-10-17,21.5,3.1135153092103742,68,25
3296,149200050,2019-10-25,10.9,2.4765384001174837,68,26
3297,149200050,2019-10-27,9.47,2.3485140248824456,68,32
3298,150170060,2019-05-18,47.9,3.8897773964808264,55,173
3299,150170060,2019-06-05,34.4,3.5667118201397288,55,174
3300,150170060,2019-06-17,11.5,2.5257286443082556,55,179
3301,150170060,2019-06-25,12.4,2.5952547069568657,55,181
3302,150170060,2019-06-27,19.5,3.0204248861443626,55,168
3303,150170060,2019-06-30,32.1,3.4995332823830174,55,169
3304,150170060,2019-07-25,26.6,3.3178157727231046,55,171
3305,150170060,2019-08-24,19.3,3.0106208860477417,55,177
3306,150170060,2019-08-29,27.2,3.339321977944068,55,175
3307,150170060,2019-09-05,12.9,2.631888840136646,55,172
3308,150170060,2019-09-15,27.0,3.332204510175204,55,176
3309,150170060,2019-10-13,7.98,2.194999882314108,55,178
3310,150170060,2019-10-20,8.08,2.206074192613202,55,180
3311,152160100,2019-06-03,71.3,4.280824129164719,59,48
3312,152160100,2019-06-30,47.6,3.883623530906448,59,47
3313,152160100,2019-08-24,32.1,3.4995332823830174,59,49
3314,152160100,2019-08-27,30.3,3.4436180975461075,59,50
3315,152160100,2019-09-01,28.0,3.367295829986474,59,52
3316,152160100,2019-09-11,28.7,3.391147045808654,59,51
3317,152160100,2019-11-30,39.0,3.6888794541139363,59,46
3318,152160030,2019-05-19,0.68,0.5187937934151676,60,177
3319,152160030,2019-06-03,0.47,0.3852624007906449,60,179
3320,152160030,2019-06-15,0.34,0.29266961396282,60,180
3321,152160030,2019-06-25,0.54,0.43178241642553783,60,175
3322,152160030,2019-06-30,0.5,0.4054651081081644,60,178
3323,152160030,2019-09-01,0.06,0.058268908123975775,60,176
3324,152160030,2019-09-21,0.08,0.07696104113612832,60,182
3325,152160030,2019-10-06,0.08,0.07696104113612832,60,181
3326,152160030,2019-10-13,0.09,0.08617769624105233,60,174
3327,154170230,2019-05-14,0.29,0.2546422183735807,62,232
3328,154170230,2019-06-03,0.27,0.23901690047049992,62,230
3329,154170230,2019-06-23,0.22,0.1988508587451652,62,231
3330,154170230,2019-06-30,0.21,0.1906203596086497,62,229
3331,154170230,2019-08-27,0.17,0.15700374880966475,62,227
3332,154170230,2019-09-01,0.15,0.13976194237515868,62,228
3333,151170070,2019-06-17,0.28,0.2468600779315258,57,17
3334,151170070,2019-06-27,0.23,0.20701416938432615,57,13
3335,151170070,2019-06-30,0.39,0.3293037471426004,57,11
3336,151170070,2019-08-24,0.08,0.07696104113612832,57,14
3337,151170070,2019-08-26,0.07,0.06765864847381481,57,16
3338,151170070,2019-09-23,0.044,0.04305948946044697,57,15
3339,151170070,2019-10-20,0.06,0.058268908123975775,57,18
3340,151200080,2019-06-09,3.2,1.4350845252893227,74,118
3341,151200080,2019-06-12,2.77,1.3270750014599193,74,120
3342,151200080,2019-06-24,2.26,1.1817271953786161,74,125
3343,151200080,2019-07-29,9.2,2.322387720290225,74,126
3344,151200080,2019-08-23,2.88,1.355835153635182,74,127
3345,151200080,2019-08-26,2.62,1.2864740258376797,74,124
3346,151200080,2019-08-28,1.44,0.8919980393051105,74,121
3347,151200080,2019-09-05,1.42,0.8837675401685949,74,119
3348,151200080,2019-09-12,1.66,0.9783261227936076,74,123
3349,151200080,2019-09-22,1.99,1.095273387402595,74,114
3350,151200080,2019-10-12,1.71,0.9969486348916095,74,115
3351,151200080,2019-10-20,2.08,1.1249295969854831,74,116
3352,151200080,2019-10-27,1.97,1.0885619528146082,74,117
3353,150190330,2019-05-25,0.32,0.2776317365982795,67,73
3354,150190330,2019-06-09,0.32,0.2776317365982795,67,67
3355,150190330,2019-06-12,0.31,0.27002713721306015,67,68
3356,150190330,2019-08-26,0.38,0.32208349916911333,67,69
3357,150190330,2019-08-28,0.38,0.32208349916911333,67,71
3358,150190330,2019-09-05,0.38,0.32208349916911333,67,70
3359,150190330,2019-09-22,0.39,0.3293037471426004,67,62
3360,150190330,2019-10-17,0.4,0.33647223662121295,67,72
3361,150190330,2019-10-20,0.41,0.3435897043900769,67,63
3362,150190330,2019-10-25,0.38,0.32208349916911333,67,64
3363,150190330,2019-10-27,0.38,0.32208349916911333,67,65
3364,153160250,2019-05-14,0.38,0.32208349916911333,61,115
3365,153160250,2019-06-03,0.21,0.1906203596086497,61,113
3366,153160250,2019-06-05,0.2,0.18232155679395462,61,119
3367,153160250,2019-06-15,0.12,0.11332868530700317,61,118
3368,153160250,2019-06-30,0.09,0.08617769624105233,61,112
3369,153160250,2019-08-24,0.09,0.08617769624105233,61,116
3370,153160250,2019-08-27,0.08,0.07696104113612832,61,114
3371,153160250,2019-09-01,0.08,0.07696104113612832,61,117
3372,153140110,2019-06-03,1.78,1.0224509277025458,62,20
3373,153140110,2019-06-23,1.28,0.8241754429663495,62,21
3374,153140110,2019-07-18,0.92,0.6523251860396903,62,17
3375,153140110,2019-07-28,0.73,0.5481214085096876,62,19
3376,153140110,2019-08-27,0.66,0.5068176023684519,62,18
3377,153140110,2019-09-11,0.58,0.4574248470388754,62,22
3378,151230030,2019-06-09,1.44,0.8919980393051105,77,138
3379,151230030,2019-06-11,1.37,0.8628899551470399,77,141
3380,151230030,2019-06-24,1.37,0.8628899551470399,77,140
3381,151230030,2019-06-26,1.25,0.8109302162163288,77,136
3382,151230030,2019-07-01,1.31,0.8372475245337022,77,135
3383,151230030,2019-08-23,0.45,0.37156355643248307,77,139
3384,151230030,2019-08-25,0.44,0.36464311358790924,77,137
3385,151230030,2019-08-28,0.4,0.33647223662121295,77,142
3386,151230030,2019-09-24,0.28,0.2468600779315258,77,133
3387,151230030,2019-10-14,0.71,0.5364933705145685,77,134
3388,151230030,2019-10-27,0.36,0.3074846997479606,77,143
3389,149220030,2019-06-11,32.8,3.520460802488973,70,78
3390,149220030,2019-06-16,55.0,4.02535169073515,70,79
3391,149220030,2019-07-01,44.8,3.8242840911201395,70,76
3392,149220030,2019-07-29,64.8,4.186619838331271,70,77
3393,149220030,2019-08-28,16.9,2.884800712846709,70,80
3394,149220030,2019-08-30,16.2,2.8449093838194073,70,81
3395,149220030,2019-09-04,15.4,2.797281334830153,70,83
3396,149220030,2019-09-12,11.5,2.5257286443082556,70,82
3397,149220030,2019-09-22,13.6,2.681021528714291,70,74
3398,149220030,2019-10-07,10.3,2.424802725718295,70,85
3399,149220030,2019-10-14,124.0,4.8283137373023015,70,75
3400,149220030,2019-10-17,17.6,2.9231615807191558,70,84
3401,153200070,2019-06-12,2.88,1.355835153635182,80,86
3402,153200070,2019-06-22,2.57,1.2725655957915476,80,87
3403,153200070,2019-08-11,2.53,1.2612978709452054,80,88
3404,153200070,2019-08-26,2.21,1.1662709371419244,80,89
3405,149180300,2019-06-12,27.8,3.3603753871419,54,7
3406,149180300,2019-08-26,19.7,3.0301337002713233,54,11
3407,149180300,2019-09-05,11.5,2.5257286443082556,54,9
3408,149180300,2019-09-15,12.3,2.5877640352277083,54,8
3409,149180300,2019-10-20,15.6,2.8094026953624973,54,6
3410,150170030,2019-05-18,2.36,1.2119409739751128,56,76
3411,150170030,2019-06-17,1.92,1.0715836162801904,56,78
3412,150170030,2019-06-25,2.11,1.1346227261911428,56,71
3413,150170030,2019-06-27,2.11,1.1346227261911428,56,69
3414,150170030,2019-06-30,3.09,1.4085449700547104,56,70
3415,150170030,2019-07-25,3.77,1.5623463049002497,56,72
3416,150170030,2019-08-24,2.01,1.1019400787607843,56,73
3417,150170030,2019-09-05,2.27,1.184789984909162,56,75
3418,150170030,2019-09-15,2.61,1.2837077723447896,56,74
3419,150170030,2019-10-20,2.4,1.2237754316221157,56,77
3420,151180010,2019-06-17,0.46,0.3784364357202451,60,65
3421,151180010,2019-06-30,0.82,0.598836501088704,60,64
3422,151180010,2019-08-24,0.1,0.09531017980432487,60,70
3423,151180010,2019-08-26,0.09,0.08617769624105233,60,68
3424,151180010,2019-08-29,0.12,0.11332868530700317,60,67
3425,151180010,2019-09-05,0.08,0.07696104113612832,60,73
3426,151180010,2019-09-23,0.08,0.07696104113612832,60,69
3427,151180010,2019-10-13,0.11,0.10436001532424277,60,72
3428,151180010,2019-10-20,0.09,0.08617769624105233,60,71
3429,151200040,2019-06-09,2.29,1.1908875647772805,74,100
3430,151200040,2019-06-12,2.21,1.1662709371419244,74,101
3431,151200040,2019-06-27,3.47,1.4973884086254774,74,113
3432,151200040,2019-07-29,9.55,2.3561258599220753,74,107
3433,151200040,2019-08-23,1.81,1.0331844833456545,74,109
3434,151200040,2019-08-26,1.3,0.832909122935104,74,108
3435,151200040,2019-08-28,0.99,0.688134638736401,74,111
3436,151200040,2019-09-05,0.79,0.5822156198526637,74,102
3437,151200040,2019-09-12,0.65,0.5007752879124893,74,112
3438,151200040,2019-09-22,0.62,0.4824261492442927,74,103
3439,151200040,2019-10-12,0.95,0.6678293725756554,74,104
3440,151200040,2019-10-20,0.89,0.636576829071551,74,105
3441,151200040,2019-10-27,1.08,0.7323678937132266,74,106
3442,150230050,2019-06-11,0.71,0.5364933705145685,73,15
3443,150230050,2019-06-26,0.71,0.5364933705145685,73,14
3444,150230050,2019-08-18,0.54,0.43178241642553783,73,18
3445,150230050,2019-08-25,0.49,0.3987761199573678,73,16
3446,150230050,2019-08-28,0.45,0.37156355643248307,73,9
3447,150230050,2019-09-12,0.46,0.3784364357202451,73,17
3448,150230050,2019-09-22,0.68,0.5187937934151676,73,10
3449,150230050,2019-09-24,0.53,0.4252677354043441,73,11
3450,150230050,2019-10-14,0.98,0.6830968447064438,73,12
3451,150230050,2019-10-27,0.5,0.4054651081081644,73,13
3452,150230050,2019-11-03,0.52,0.41871033485818504,73,19
3453,151160140,2019-06-03,7.79,2.1736147116970854,57,27
3454,151160140,2019-06-15,4.34,1.6752256529721035,57,29
3455,151160140,2019-06-30,2.01,1.1019400787607843,57,28
3456,151160140,2019-09-01,0.62,0.4824261492442927,57,33
3457,151160140,2019-09-11,0.52,0.41871033485818504,57,31
3458,151160140,2019-09-21,0.49,0.3987761199573678,57,30
3459,151160140,2019-10-06,0.37,0.31481073984003355,57,32
3460,151160140,2019-10-13,0.36,0.3074846997479606,57,26
3461,149190260,2019-06-09,2.06,1.1184149159642893,66,186
3462,149190260,2019-06-12,1.76,1.0152306797290587,66,188
3463,149190260,2019-07-29,3.92,1.5933085305042167,66,187
3464,149190260,2019-08-26,0.52,0.41871033485818504,66,189
3465,149190260,2019-09-05,0.28,0.2468600779315258,66,192
3466,149190260,2019-09-12,0.39,0.3293037471426004,66,190
3467,149190260,2019-09-22,5.22,1.827769906751088,66,181
3468,149190260,2019-10-17,1.96,1.085189268335969,66,191
3469,149190260,2019-10-20,0.99,0.688134638736401,66,182
3470,149190260,2019-10-25,0.63,0.48858001481867097,66,183
3471,149190260,2019-10-27,0.54,0.43178241642553783,66,184
3472,153220160,2019-05-20,19.6,3.0252910757955354,76,114
3473,153220160,2019-05-30,16.3,2.8507065015037334,76,111
3474,153220170,2019-05-30,33.1,3.529297384289471,75,210
3475,153220160,2019-06-04,14.0,2.70805020110221,76,110
3476,153220170,2019-06-04,29.1,3.40452517175483,75,212
3477,153220160,2019-06-09,11.8,2.5494451709255714,76,112
3478,153220170,2019-06-09,22.2,3.144152278672264,75,214
3479,153220160,2019-06-24,9.68,2.3683728335320486,76,109
3480,153220170,2019-06-24,12.2,2.580216829592325,75,209
3481,153220160,2019-08-23,4.52,1.7083778602890038,76,108
3482,153220170,2019-08-23,4.32,1.6714733033535532,75,211
3483,153220160,2019-08-28,3.74,1.556037135706985,76,113
3484,153220160,2019-09-27,2.54,1.264126727145683,76,115
3485,153220170,2019-09-27,3.25,1.4469189829363254,75,213
3486,153210090,2019-05-20,151.0,5.0238805208462765,75,17
3487,153210090,2019-06-04,132.0,4.890349128221754,75,13
3488,153210090,2019-06-09,118.0,4.77912349311153,75,10
3489,153210090,2019-06-12,109.0,4.700480365792417,75,14
3490,153210090,2019-06-22,84.5,4.448516375942715,75,16
3491,153210090,2019-06-24,80.9,4.405498990859024,75,12
3492,153210090,2019-08-23,45.6,3.8416005411316,75,15
3493,153210090,2019-08-28,40.7,3.7305011288047556,75,11
3494,153210090,2019-09-05,37.0,3.6375861597263857,75,9
3495,151150020,2019-05-24,7.28,2.1138429683971682,58,127
3496,151150020,2019-06-03,5.92,1.9344157696295783,58,125
3497,151150020,2019-06-05,11.1,2.4932054526026954,58,123
3498,151150020,2019-06-25,5.45,1.864080130807681,58,121
3499,151150020,2019-06-30,8.24,2.2235418856535927,58,126
3500,151150020,2019-07-23,40.3,3.720862499966987,58,122
3501,151150020,2019-09-01,1.0,0.6931471805599453,58,124
3502,151150020,2019-09-21,1.14,0.76080582903376,58,120
3503,151150020,2019-10-13,0.88,0.6312717768418579,58,128
3504,150220160,2019-06-11,3.04,1.3962446919730587,72,12
3505,150220160,2019-06-16,2.85,1.3480731482996928,72,11
3506,150220160,2019-06-26,2.56,1.269760544863939,72,7
3507,150220160,2019-07-01,9.85,2.3841650799864684,72,8
3508,150220160,2019-07-16,5.19,1.8229350866965048,72,13
3509,150220160,2019-08-18,3.24,1.4445632692438664,72,10
3510,150220160,2019-08-20,3.24,1.4445632692438664,72,14
3511,150220160,2019-08-28,2.57,1.2725655957915476,72,6
3512,150220160,2019-09-12,2.19,1.1600209167967532,72,9
3513,150220160,2019-09-22,2.66,1.297463147413275,72,1
3514,150220160,2019-10-02,2.06,1.1184149159642893,72,15
3515,150220160,2019-10-14,4.67,1.7351891177396608,72,2
3516,150220160,2019-10-17,8.51,2.252343876557299,72,3
3517,150220160,2019-10-27,2.49,1.2499017362143359,72,4
3518,150220160,2019-11-01,2.42,1.2296405510745139,72,5
3519,150190160,2019-05-18,68.6,4.242764567340374,66,57
3520,150190160,2019-05-25,29.2,3.407841924380824,66,62
3521,150190160,2019-06-09,27.0,3.332204510175204,66,52
3522,150190160,2019-06-12,23.1,3.1822118404966093,66,53
3523,150190160,2019-07-29,51.5,3.960813169597578,66,60
3524,150190160,2019-08-26,4.16,1.6409365794934714,66,58
3525,150190160,2019-08-28,4.37,1.6808279085207734,66,61
3526,150190160,2019-09-05,3.56,1.5173226235262947,66,51
3527,150190160,2019-09-12,3.83,1.5748464676644813,66,56
3528,150190160,2019-09-15,4.08,1.6253112615903906,66,54
3529,150190160,2019-09-22,5.26,1.8341801851120072,66,48
3530,150190160,2019-10-17,4.17,1.6428726885203377,66,59
3531,150190160,2019-10-20,4.3,1.667706820558076,66,49
3532,150190160,2019-10-27,4.99,1.790091412127358,66,50
3533,152180130,2019-05-01,0.45,0.37156355643248307,78,225
3534,152180130,2019-06-05,0.05,0.04879016416943201,78,224
3535,152180130,2019-06-12,0.038,0.037295784743696894,78,221
3536,152180130,2019-06-22,0.008,0.007968169649176874,78,222
3537,152180130,2019-06-30,0.01,0.009950330853168083,78,219
3538,152180130,2019-08-24,0.005,0.004987541511039074,78,220
3539,152180130,2019-08-26,0.004,0.003992021269537453,78,223
3540,152180130,2019-08-29,0.003,0.002995508979798479,78,226
3541,151210100,2019-06-09,0.56,0.44468582126144574,73,187
3542,151210100,2019-06-24,0.62,0.4824261492442927,73,188
3543,151210100,2019-08-23,0.42,0.35065687161316933,73,189
3544,151210100,2019-08-28,0.24,0.2151113796169455,73,186
3545,151210100,2019-09-22,0.2,0.18232155679395462,73,190
3546,151210100,2019-10-12,0.2,0.18232155679395462,73,191
3547,151210100,2019-10-27,0.28,0.2468600779315258,73,192
3548,150180050,2019-05-01,7.55,2.145931282948669,55,113
3549,150180050,2019-05-18,6.73,2.0451088625993306,55,117
3550,150180050,2019-05-31,4.46,1.6974487897568138,55,110
3551,150180050,2019-06-12,3.54,1.5129270120532565,55,109
3552,150180050,2019-06-17,3.4,1.4816045409242156,55,108
3553,150180050,2019-06-25,3.09,1.4085449700547104,55,111
3554,150180050,2019-06-27,2.93,1.3686394258811698,55,107
3555,150180050,2019-06-30,5.72,1.9050881545350582,55,105
3556,150180050,2019-08-24,2.68,1.3029127521808397,55,112
3557,150180050,2019-08-29,2.4,1.2237754316221157,55,115
3558,150180050,2019-09-05,2.3,1.1939224684724346,55,104
3559,150180050,2019-09-15,2.38,1.2178757094949273,55,114
3560,150180050,2019-10-20,2.33,1.2029723039923526,55,116
3561,152180030,2019-05-01,3.46,1.4951487660319727,60,217
3562,152180030,2019-06-02,3.45,1.4929040961781488,60,215
3563,152180030,2019-06-12,3.25,1.4469189829363254,60,216
3564,152180030,2019-06-22,2.93,1.3686394258811698,60,214
3565,152180030,2019-06-30,2.89,1.358409157630355,60,213
3566,152180030,2019-08-24,2.09,1.128171090909654,60,212
3567,152180030,2019-08-26,2.26,1.1817271953786161,60,218
3568,152180030,2019-09-05,2.48,1.247032293786383,60,219
3569,151220120,2019-06-09,0.91,0.6471032420585385,73,108
3570,151220120,2019-06-11,0.85,0.6151856390902335,73,104
3571,151220120,2019-06-24,0.74,0.5538851132264376,73,105
3572,151220120,2019-06-26,0.72,0.5423242908253616,73,103
3573,151220120,2019-07-01,0.63,0.48858001481867097,73,109
3574,151220120,2019-08-18,0.31,0.27002713721306015,73,111
3575,151220120,2019-08-23,0.26,0.23111172096338664,73,106
3576,151220120,2019-08-25,0.24,0.2151113796169455,73,107
3577,151220120,2019-08-28,0.21,0.1906203596086497,73,102
3578,151220120,2019-09-24,0.15,0.13976194237515868,73,101
3579,151220120,2019-10-14,0.13,0.12221763272424921,73,100
3580,151220120,2019-10-27,0.12,0.11332868530700317,73,110
3581,152190080,2019-05-01,7.65,2.157559320943788,78,189
3582,152190080,2019-06-02,4.3,1.667706820558076,78,195
3583,152190080,2019-06-05,3.8,1.5686159179138452,78,193
3584,152190080,2019-06-12,3.06,1.4011829736136412,78,188
3585,152190080,2019-06-22,2.47,1.244154593958768,78,190
3586,152190080,2019-06-30,2.2,1.1631508098056809,78,186
3587,152190080,2019-08-24,1.79,1.0260415958332743,78,187
3588,152190080,2019-08-26,1.58,0.9477893989335261,78,191
3589,152190080,2019-08-29,1.36,0.8586616190375187,78,194
3590,152190080,2019-09-05,1.11,0.7466879474879752,78,192
3591,154190100,2019-05-01,1.81,1.0331844833456545,80,31
3592,154190100,2019-05-06,2.69,1.3056264580524357,80,32
3593,154190100,2019-06-05,1.01,0.6981347220709844,80,29
3594,154190100,2019-06-12,0.67,0.5128236264286637,80,34
3595,154190100,2019-06-30,0.52,0.41871033485818504,80,35
3596,154190100,2019-07-15,0.66,0.5068176023684519,80,33
3597,154190100,2019-07-20,1.03,0.708035793053696,80,30
3598,154190100,2019-08-11,0.42,0.35065687161316933,80,36
3599,154190100,2019-08-26,0.68,0.5187937934151676,80,28
3600,152230050,2019-06-09,1.74,1.007957920399979,77,165
3601,152230050,2019-06-11,1.35,0.8544153281560676,77,166
3602,152230050,2019-06-24,1.47,0.9042181506398859,77,171
3603,152230050,2019-06-26,1.43,0.8878912573524571,77,172
3604,152230050,2019-07-01,1.22,0.7975071958841881,77,170
3605,152230050,2019-08-23,0.71,0.5364933705145685,77,174
3606,152230050,2019-08-25,0.63,0.48858001481867097,77,173
3607,152230050,2019-08-28,0.54,0.43178241642553783,77,169
3608,152230050,2019-09-24,0.36,0.3074846997479606,77,167
3609,152230050,2019-10-14,0.42,0.35065687161316933,77,168
3610,152230050,2019-10-27,0.49,0.3987761199573678,77,175
3611,149190150,2019-05-25,6.16,1.9685099809725544,66,116
3612,149190150,2019-06-09,5.0,1.791759469228055,66,108
3613,149190150,2019-07-29,7.31,2.1174596088673567,66,113
3614,149190150,2019-08-26,1.12,0.7514160886839212,66,111
3615,149190150,2019-08-28,1.11,0.7466879474879752,66,115
3616,149190150,2019-09-05,0.99,0.688134638736401,66,112
3617,149190150,2019-09-12,0.99,0.688134638736401,66,114
3618,149190150,2019-09-15,1.08,0.7323678937132266,66,109
3619,149190150,2019-09-22,1.05,0.7178397931503169,66,105
3620,149190150,2019-10-17,1.17,0.7747271675523681,66,117
3621,149190150,2019-10-20,1.47,0.9042181506398859,66,106
3622,149190150,2019-10-25,1.19,0.7839015438284094,66,118
3623,149190150,2019-10-27,1.18,0.7793248768009976,66,107
3624,149190150,2019-11-01,1.15,0.7654678421395714,66,119
3625,154200040,2019-06-12,0.65,0.5007752879124893,80,105
3626,154200040,2019-08-11,0.12,0.11332868530700317,80,107
3627,154200040,2019-08-26,0.24,0.2151113796169455,80,106
3628,152210020,2019-06-07,0.49,0.3987761199573678,74,150
3629,152210020,2019-06-09,0.53,0.4252677354043441,74,145
3630,152210020,2019-06-12,1.04,0.712949807856125,74,149
3631,152210020,2019-06-22,2.6,1.2809338454620645,74,147
3632,152210020,2019-06-24,2.23,1.172482137234565,74,148
3633,152210020,2019-07-29,3.53,1.5107219394949427,74,152
3634,152210020,2019-08-01,3.11,1.4134230285081433,74,151
3635,152210020,2019-08-23,1.18,0.7793248768009976,74,155
3636,152210020,2019-08-26,0.48,0.3920420877760237,74,153
3637,152210020,2019-08-28,0.39,0.3293037471426004,74,146
3638,152210020,2019-09-05,0.52,0.41871033485818504,74,141
3639,152210020,2019-09-12,0.63,0.48858001481867097,74,154
3640,152210020,2019-09-22,0.64,0.49469624183610705,74,142
3641,152210020,2019-10-12,0.82,0.598836501088704,74,143
3642,152210020,2019-10-20,0.99,0.688134638736401,74,144
3643,151160100,2019-05-19,10.2,2.4159137783010487,56,207
3644,151160100,2019-06-03,5.91,1.9329696377795786,56,210
3645,151160100,2019-06-05,5.54,1.8779371654691073,56,209
3646,151160100,2019-06-25,3.42,1.4861396960896067,56,206
3647,151160100,2019-06-30,4.34,1.6752256529721035,56,205
3648,151160100,2019-07-03,3.32,1.463255402256019,56,208
3649,151160100,2019-09-01,1.41,0.8796267475025636,56,211
3650,151160100,2019-09-21,1.42,0.8837675401685949,56,204
3651,153220010,2019-05-20,114.0,4.74493212836325,74,247
3652,153220010,2019-06-04,98.8,4.603168183317418,74,244
3653,153220010,2019-06-12,79.5,4.388257184424518,74,242
3654,153220010,2019-06-22,59.1,4.096009841541162,74,246
3655,153220010,2019-06-24,55.5,4.034240638152395,74,240
3656,153220010,2019-08-23,23.1,3.1822118404966093,74,245
3657,153220010,2019-08-26,21.1,3.0955776085237074,74,241
3658,153220010,2019-08-28,18.9,2.990719731730447,74,243
3659,153220010,2019-09-05,16.5,2.8622008809294686,74,239
3660,153220010,2019-09-27,21.4,3.109060958860994,74,248
3661,150150050,2019-05-24,6.53,2.018895041811802,57,224
3662,150150050,2019-06-05,11.5,2.5257286443082556,57,226
3663,150150050,2019-06-25,11.3,2.509599262378372,57,223
3664,150150050,2019-06-30,7.79,2.1736147116970854,57,222
3665,150150050,2019-09-01,0.65,0.5007752879124893,57,225
3666,150150050,2019-09-21,0.55,0.4382549309311553,57,221
3667,154160100,2019-05-14,1.16,0.7701082216960736,62,174
3668,154160100,2019-06-03,0.55,0.4382549309311553,62,169
3669,154160100,2019-06-05,0.49,0.3987761199573678,62,170
3670,154160100,2019-06-23,0.35,0.30010459245033805,62,172
3671,154160100,2019-06-30,0.31,0.27002713721306015,62,171
3672,154160100,2019-08-24,0.2,0.18232155679395462,62,173
3673,154160100,2019-08-27,0.18,0.16551443847757338,62,167
3674,154160100,2019-09-01,0.15,0.13976194237515868,62,168
3675,150150060,2019-05-24,12.2,2.580216829592325,57,153
3676,150150060,2019-06-03,17.4,2.91235066461494,57,154
3677,150150060,2019-06-05,30.1,3.4372078191851885,57,151
3678,150150060,2019-06-25,26.5,3.3141860046725258,57,150
3679,150150060,2019-06-30,31.3,3.475067230228611,57,152
3680,150150060,2019-07-03,12.7,2.617395832834079,57,155
3681,150150060,2019-09-01,3.1,1.410986973710262,57,149
3682,150150060,2019-09-21,3.2,1.4350845252893227,57,148
3683,153160180,2019-06-03,27.4,3.3463891451671604,61,92
3684,153160180,2019-06-05,25.8,3.288401887516811,61,95
3685,153160180,2019-06-30,22.1,3.139832617527748,61,89
3686,153160180,2019-08-24,14.0,2.70805020110221,61,90
3687,153160180,2019-08-27,12.9,2.631888840136646,61,88
3688,153160180,2019-09-01,13.1,2.6461747973841225,61,93
3689,153160180,2019-09-11,16.6,2.8678989020441064,61,94
3690,153160180,2019-10-23,11.8,2.5494451709255714,61,96
3691,153160180,2019-10-31,12.1,2.5726122302071057,61,97
3692,153160180,2019-11-30,20.2,3.054001181677967,61,91
3693,150200080,2019-05-18,18.9,2.990719731730447,69,41
3694,150200080,2019-05-25,11.9,2.5572273113676265,69,40
3695,150200080,2019-06-09,8.41,2.2417729535972883,69,30
3696,150200080,2019-06-12,8.39,2.2396452932201716,69,32
3697,150200080,2019-06-27,6.24,1.979621206397625,69,31
3698,150200080,2019-07-29,27.6,3.353406717825807,69,34
3699,150200080,2019-08-23,7.46,2.135349173618132,69,37
3700,150200080,2019-08-26,6.96,2.0744289998562917,69,35
3701,150200080,2019-08-28,6.2,1.9740810260220096,69,39
3702,150200080,2019-09-05,5.03,1.7967470107390942,69,33
3703,150200080,2019-09-12,5.06,1.801709800081223,69,36
3704,150200080,2019-09-22,4.94,1.7817091333745536,69,26
3705,150200080,2019-10-12,5.7,1.9021075263969205,69,42
3706,150200080,2019-10-17,8.86,2.288486168614544,69,43
3707,150200080,2019-10-20,6.66,2.0360119837525,69,27
3708,150200080,2019-10-25,6.15,1.9671123567059163,69,28
3709,150200080,2019-10-27,5.54,1.8779371654691073,69,29
3710,153210190,2019-05-20,17.7,2.928523523860541,76,146
3711,153210190,2019-05-30,20.0,3.044522437723423,76,143
3712,153210190,2019-06-09,17.0,2.8903717578961645,76,142
3713,153210190,2019-06-12,16.4,2.856470206220483,76,140
3714,153210190,2019-06-22,12.4,2.5952547069568657,76,144
3715,153210190,2019-06-24,11.8,2.5494451709255714,76,141
3716,153210190,2019-08-23,11.6,2.533696813957432,76,145
3717,153210190,2019-08-26,11.8,2.5494451709255714,76,138
3718,153210190,2019-08-28,11.8,2.5494451709255714,76,139
3719,153210190,2019-09-05,11.0,2.4849066497880004,76,137
3720,153210190,2019-09-27,9.22,2.3243465847755584,76,147
3721,151180020,2019-05-01,11.7,2.5416019934645457,60,21
3722,151180020,2019-06-17,5.65,1.8946168546677629,60,20
3723,151180020,2019-06-30,5.0,1.791759469228055,60,19
3724,151180020,2019-08-24,1.64,0.9707789171582247,60,25
3725,151180020,2019-08-26,1.44,0.8919980393051105,60,23
3726,151180020,2019-08-29,1.33,0.8458682675776092,60,27
3727,151180020,2019-09-05,1.07,0.7275486072772778,60,24
3728,151180020,2019-09-23,1.19,0.7839015438284094,60,26
3729,150190190,2019-05-18,0.95,0.6678293725756554,65,68
3730,150190190,2019-05-25,0.5,0.4054651081081644,65,67
3731,150190190,2019-06-09,0.39,0.3293037471426004,65,59
3732,150190190,2019-06-12,0.31,0.27002713721306015,65,62
3733,150190190,2019-06-27,0.23,0.20701416938432615,65,61
3734,150190190,2019-07-29,1.35,0.8544153281560676,65,63
3735,150190190,2019-08-18,0.18,0.16551443847757338,65,64
3736,150190190,2019-08-26,0.27,0.23901690047049992,65,70
3737,150190190,2019-08-28,0.28,0.2468600779315258,65,69
3738,150190190,2019-09-05,0.13,0.12221763272424921,65,54
3739,150190190,2019-09-12,0.13,0.12221763272424921,65,66
3740,150190190,2019-09-15,0.17,0.15700374880966475,65,65
3741,150190190,2019-09-22,0.13,0.12221763272424921,65,55
3742,150190190,2019-10-07,0.13,0.12221763272424921,65,71
3743,150190190,2019-10-12,0.15,0.13976194237515868,65,72
3744,150190190,2019-10-17,0.12,0.11332868530700317,65,73
3745,150190190,2019-10-20,0.13,0.12221763272424921,65,56
3746,150190190,2019-10-27,0.11,0.10436001532424277,65,57
3747,150190190,2019-11-01,0.12,0.11332868530700317,65,58
3748,152230040,2019-05-20,15.2,2.785011242238338,74,188
3749,152230040,2019-05-30,12.3,2.5877640352277083,74,187
3750,152230040,2019-06-04,9.37,2.3389170222414357,74,184
3751,152230040,2019-06-09,7.98,2.194999882314108,74,182
3752,152230040,2019-06-11,7.75,2.169053700369523,74,191
3753,152230040,2019-06-24,6.43,2.005525858729668,74,185
3754,152230040,2019-08-23,3.7,1.547562508716013,74,189
3755,152230040,2019-08-25,3.52,1.5085119938441398,74,183
3756,152230040,2019-08-28,3.36,1.4724720573609429,74,186
3757,152230040,2019-09-24,3.44,1.4906543764441333,74,190
3758,152230040,2019-10-14,3.38,1.4770487243883548,74,192
3759,152230040,2019-10-22,4.33,1.6733512381777533,74,194
3760,152230040,2019-10-27,3.69,1.545432582458188,74,193
3761,151180140,2019-05-01,18.2,2.9549102790337356,59,145
3762,151180140,2019-06-17,8.87,2.28949985344539,59,139
3763,151180140,2019-06-25,8.51,2.252343876557299,59,147
3764,151180140,2019-06-30,11.5,2.5257286443082556,59,141
3765,151180140,2019-08-24,6.02,1.9487632180377197,59,140
3766,151180140,2019-08-26,5.42,1.8594181177018698,59,146
3767,151180140,2019-08-29,5.0,1.791759469228055,59,150
3768,151180140,2019-09-05,4.61,1.724550719534605,59,142
3769,151180140,2019-09-23,4.54,1.7119945007591926,59,144
3770,151180140,2019-10-13,4.67,1.7351891177396608,59,148
3771,151180140,2019-10-20,4.32,1.6714733033535532,59,149
3772,149180230,2019-05-18,1.64,0.9707789171582247,64,227
3773,149180230,2019-06-09,0.77,0.5709795465857378,64,223
3774,149180230,2019-08-26,0.17,0.15700374880966475,64,226
3775,149180230,2019-09-05,0.13,0.12221763272424921,64,225
3776,149180230,2019-09-15,0.13,0.12221763272424921,64,224
3777,149180230,2019-10-20,0.35,0.30010459245033805,64,222
3778,154170130,2019-06-03,0.95,0.6678293725756554,63,38
3779,154170130,2019-06-05,0.78,0.5766133643039938,63,37
3780,154170130,2019-06-23,0.69,0.5247285289349821,63,35
3781,154170130,2019-06-30,0.7,0.5306282510621704,63,36
3782,154170130,2019-08-24,0.65,0.5007752879124893,63,39
3783,154170130,2019-08-27,0.65,0.5007752879124893,63,33
3784,154170130,2019-09-01,0.64,0.49469624183610705,63,34
3785,149220140,2019-06-11,0.47,0.3852624007906449,70,202
3786,149220140,2019-06-16,0.33,0.2851789422336624,70,192
3787,149220140,2019-07-01,7.93,2.189416394888408,70,196
3788,149220140,2019-07-04,4.1,1.62924053973028,70,197
3789,149220140,2019-08-28,0.36,0.3074846997479606,70,199
3790,149220140,2019-08-30,0.33,0.2851789422336624,70,198
3791,149220140,2019-09-22,0.46,0.3784364357202451,70,193
3792,149220140,2019-10-02,0.21,0.1906203596086497,70,200
3793,149220140,2019-10-14,14.8,2.760009940032921,70,201
3794,149220140,2019-10-17,1.5,0.9162907318741551,70,194
3795,149220140,2019-10-27,0.38,0.32208349916911333,70,195
3796,149220140,2019-11-01,0.24,0.2151113796169455,70,203
3797,150210100,2019-07-29,10.1,2.4069451083182885,69,143
3798,150210100,2019-09-12,1.91,1.068153081183401,69,144
3799,150210100,2019-09-22,1.75,1.0116009116784799,69,141
3800,150210100,2019-10-17,2.06,1.1184149159642893,69,145
3801,150210100,2019-10-27,1.77,1.0188473201992472,69,142
3802,152140130,2019-06-03,179.0,5.19295685089021,54,87
3803,152140130,2019-06-05,180.0,5.198497031265826,54,84
3804,152140130,2019-06-18,136.0,4.919980925828125,54,85
3805,152140130,2019-06-25,121.0,4.804021044733257,54,91
3806,152140130,2019-06-30,119.0,4.787491742782046,54,92
3807,152140130,2019-07-25,229.0,5.438079308923196,54,83
3808,152140130,2019-09-01,84.8,4.4520190064939165,54,89
3809,152140130,2019-09-11,69.2,4.251348311031766,54,88
3810,152140130,2019-09-21,76.4,4.3489867805956814,54,86
3811,152140130,2019-10-13,66.0,4.204692619390966,54,90
3812,150200100,2019-05-18,165.0,5.111987788356544,64,3
3813,150200100,2019-06-09,91.3,4.525044141508807,64,4
3814,150200100,2019-06-12,86.3,4.469350462845556,64,1
3815,150200100,2019-07-29,342.0,5.83773044716594,64,5
3816,150200100,2019-08-26,65.9,4.203198967134183,64,9
3817,150200100,2019-08-28,66.9,4.21803603456465,64,7
3818,150200100,2019-09-05,46.6,3.8628327612373745,64,2
3819,150200100,2019-09-12,45.8,3.845883202923601,64,6
3820,150200100,2019-09-22,64.0,4.174387269895637,63,247
3821,150200100,2019-10-17,56.1,4.044804116661965,64,8
3822,150200100,2019-10-20,50.1,3.933784497209659,63,248
3823,150200100,2019-10-25,46.5,3.8607297110405954,63,249
3824,150200100,2019-10-27,46.6,3.8628327612373745,64,0
3825,150190150,2019-05-18,2.35,1.208960345836975,58,192
3826,150190150,2019-06-12,1.48,0.9082585601768908,58,189
3827,150190150,2019-06-27,1.4,0.8754687373538999,58,188
3828,150190150,2019-09-05,0.78,0.5766133643039938,58,186
3829,150190150,2019-09-15,0.78,0.5766133643039938,58,190
3830,150190150,2019-10-20,1.43,0.8878912573524571,58,191
3831,150140010,2019-06-03,7.42,2.130609828254235,58,76
3832,150140010,2019-06-25,3.06,1.4011829736136412,58,77
3833,150140010,2019-06-30,4.46,1.6974487897568138,58,75
3834,150140010,2019-07-23,17.7,2.928523523860541,58,78
3835,150140010,2019-09-01,1.59,0.9516578757114464,58,79
3836,150140010,2019-09-21,1.91,1.068153081183401,58,74
3837,149200010,2019-07-04,2.51,1.2556160374777745,68,144
3838,149200010,2019-07-29,2.62,1.2864740258376797,68,145
3839,149200010,2019-08-28,1.2,0.7884573603642702,68,150
3840,149200010,2019-09-05,0.77,0.5709795465857378,68,146
3841,149200010,2019-09-15,0.68,0.5187937934151676,68,140
3842,149200010,2019-09-22,0.82,0.598836501088704,68,141
3843,149200010,2019-10-17,2.09,1.128171090909654,68,142
3844,149200010,2019-10-25,1.03,0.708035793053696,68,143
3845,149200010,2019-10-27,0.92,0.6523251860396903,68,148
3846,149200010,2019-11-01,1.06,0.7227059828014898,68,149
3847,152230020,2019-06-09,3.22,1.4398351280479205,77,152
3848,152230020,2019-06-11,3.15,1.423108334242607,77,151
3849,152230020,2019-06-24,3.0,1.3862943611198906,77,148
3850,152230020,2019-06-26,2.76,1.324418957401803,77,146
3851,152230020,2019-07-01,2.54,1.264126727145683,77,147
3852,152230020,2019-08-18,1.3,0.832909122935104,77,155
3853,152230020,2019-08-23,1.43,0.8878912573524571,77,153
3854,152230020,2019-08-25,1.43,0.8878912573524571,77,150
3855,152230020,2019-08-28,1.32,0.8415671856782186,77,149
3856,152230020,2019-09-24,0.8,0.5877866649021191,77,144
3857,152230020,2019-10-14,0.74,0.5538851132264376,77,145
3858,152230020,2019-10-27,0.79,0.5822156198526637,77,154
3859,152180060,2019-05-01,1.14,0.76080582903376,59,216
3860,152180060,2019-06-12,0.22,0.1988508587451652,59,218
3861,152180060,2019-06-25,0.24,0.2151113796169455,59,217
3862,152180060,2019-06-30,0.77,0.5709795465857378,59,215
3863,152180060,2019-08-24,0.17,0.15700374880966475,59,219
3864,152180060,2019-08-29,0.18,0.16551443847757338,59,221
3865,152180060,2019-09-23,0.16,0.14842000511827327,59,222
3866,154230010,2019-05-30,1.84,1.0438040521731147,80,228
3867,154230010,2019-06-02,1.78,1.0224509277025458,80,234
3868,154230010,2019-06-04,1.68,0.9858167945227653,80,235
3869,154230010,2019-06-09,1.63,0.9669838461896731,80,237
3870,154230010,2019-06-12,1.52,0.924258901523332,80,236
3871,154230010,2019-06-22,1.47,0.9042181506398859,80,231
3872,154230010,2019-06-24,1.47,0.9042181506398859,80,229
3873,154230010,2019-07-19,1.1,0.7419373447293773,80,230
3874,154230010,2019-09-05,0.57,0.4510756193602167,80,233
3875,154230010,2019-09-27,0.43,0.3576744442718159,80,238
3876,152160140,2019-06-05,60.1,4.11251186617755,59,45
3877,152160140,2019-06-30,43.1,3.7864597824528,59,44
3878,152160140,2019-08-24,30.4,3.4468078929142076,59,43
3879,154210020,2019-05-20,14.3,2.72785282839839,80,119
3880,154210020,2019-05-30,8.56,2.25758772706331,80,118
3881,154210020,2019-06-04,6.89,2.065596134857783,80,115
3882,154210020,2019-06-12,5.34,1.8468787684491346,80,110
3883,154210020,2019-06-19,4.22,1.6524974018945473,80,111
3884,154210020,2019-06-24,3.15,1.423108334242607,80,112
3885,154210020,2019-08-11,2.59,1.2781522025001875,80,116
3886,154210020,2019-08-23,3.41,1.4838746894587547,80,113
3887,154210020,2019-08-26,2.43,1.2325602611778486,80,108
3888,154210020,2019-08-28,2.07,1.1216775615991057,80,109
3889,154210020,2019-09-05,1.99,1.095273387402595,80,117
3890,153220080,2019-05-20,14.4,2.7343675094195836,76,89
3891,153220080,2019-05-30,12.1,2.5726122302071057,76,85
3892,153220080,2019-06-04,11.4,2.517696472610991,76,86
3893,153220080,2019-06-09,8.88,2.2905125117597764,76,88
3894,153220080,2019-06-12,8.15,2.21375387928743,76,82
3895,153220080,2019-06-22,6.02,1.9487632180377197,76,92
3896,153220080,2019-06-24,7.42,2.130609828254235,76,87
3897,153220080,2019-08-23,3.27,1.4516138272405332,76,90
3898,153220080,2019-08-26,3.05,1.3987168811184478,76,83
3899,153220080,2019-08-28,2.86,1.3506671834767394,76,84
3900,153220080,2019-09-05,2.42,1.2296405510745139,76,81
3901,153220080,2019-09-27,1.57,0.9439058989071285,76,91
3902,149200170,2019-05-18,17.8,2.9338568698359033,67,152
3903,149200170,2019-06-09,11.8,2.5494451709255714,67,148
3904,149200170,2019-06-12,12.2,2.580216829592325,67,147
3905,149200170,2019-07-29,22.1,3.139832617527748,67,146
3906,149200170,2019-08-26,5.0,1.791759469228055,67,150
3907,149200170,2019-08-28,4.84,1.7647307968401358,67,151
3908,149200170,2019-09-05,4.45,1.6956156086751528,67,149
3909,149200170,2019-09-22,12.7,2.617395832834079,67,141
3910,149200170,2019-10-17,6.1,1.9600947840472698,67,153
3911,149200170,2019-10-20,5.04,1.7984040119467237,67,142
3912,149200170,2019-10-25,4.51,1.706564623164823,67,143
3913,149200170,2019-10-27,4.28,1.66392609771817,67,144
3914,150170110,2019-05-18,0.85,0.6151856390902335,55,54
3915,150170110,2019-06-25,0.44,0.36464311358790924,55,51
3916,150170110,2019-06-27,0.43,0.3576744442718159,55,53
3917,150170110,2019-06-30,1.08,0.7323678937132266,55,50
3918,150170110,2019-07-25,1.82,1.0367368849500223,55,52
3919,150170110,2019-09-05,0.38,0.32208349916911333,55,56
3920,150170110,2019-09-15,0.37,0.31481073984003355,55,57
3921,150170110,2019-10-13,0.48,0.3920420877760237,55,58
3922,154180260,2019-07-20,0.96,0.6729444732424258,80,8
3923,154180270,2019-07-20,5.49,1.8702625307159986,80,7
3924,152170040,2019-06-03,2.28,1.1878434223960523,60,126
3925,152170040,2019-06-05,2.22,1.169381359556317,60,129
3926,152170040,2019-06-30,1.3,0.832909122935104,60,125
3927,152170040,2019-08-24,0.61,0.4762341789963716,60,128
3928,152170040,2019-08-27,0.52,0.41871033485818504,60,127
3929,152170040,2019-09-11,0.44,0.36464311358790924,60,130
3930,152170040,2019-10-23,0.028,0.027615167032973367,60,131
3931,152170040,2019-11-30,0.24,0.2151113796169455,60,124
3932,154210080,2019-05-20,5.6,1.8870696490323797,80,151
3933,154210080,2019-05-30,5.51,1.873339456220478,80,158
3934,154210080,2019-06-04,3.68,1.5432981099295553,80,145
3935,154210080,2019-06-07,3.65,1.536867219599265,80,155
3936,154210080,2019-06-12,2.17,1.1537315878891892,80,146
3937,154210080,2019-06-19,1.97,1.0885619528146082,80,148
3938,154210080,2019-06-22,1.93,1.0750024230289759,80,157
3939,154210080,2019-06-24,2.02,1.1052568313867783,80,147
3940,154210080,2019-07-19,2.21,1.1662709371419244,80,156
3941,154210080,2019-08-18,4.01,1.6114359150967734,80,149
3942,154210080,2019-08-23,3.87,1.5830939370944985,80,152
3943,154210080,2019-08-26,3.07,1.4036429994545037,80,153
3944,154210080,2019-08-28,2.98,1.3812818192963463,80,150
3945,154210080,2019-09-05,2.68,1.3029127521808397,80,154
3946,153220140,2019-05-20,17.8,2.9338568698359033,76,102
3947,153220140,2019-05-30,14.5,2.740840023925201,76,97
3948,153220140,2019-06-04,12.5,2.6026896854443837,76,94
3949,153220140,2019-06-09,10.5,2.4423470353692043,76,98
3950,153220140,2019-06-12,9.83,2.382320061012899,76,100
3951,153220140,2019-06-22,7.76,2.1701959049483,76,104
3952,153220140,2019-06-24,8.67,2.269028309465203,76,95
3953,153220140,2019-07-19,7.57,2.1482677326096886,76,107
3954,153220140,2019-08-23,4.08,1.6253112615903906,76,101
3955,153220140,2019-08-26,3.77,1.5623463049002497,76,96
3956,153220140,2019-08-28,3.58,1.5216989981260935,76,99
3957,153220140,2019-09-05,3.28,1.4539530095937054,76,93
3958,153220140,2019-09-27,2.36,1.2119409739751128,76,103
3959,153220140,2019-10-20,2.12,1.1378330018213911,76,105
3960,153220140,2019-10-22,2.25,1.1786549963416462,76,106
3961,150190120,2019-05-18,1.54,0.9321640810304452,65,79
3962,150190120,2019-06-12,0.89,0.636576829071551,65,77
3963,150190120,2019-06-27,0.79,0.5822156198526637,65,78
3964,150190120,2019-08-26,0.89,0.636576829071551,65,81
3965,150190120,2019-09-05,0.75,0.5596157879354227,65,75
3966,150190120,2019-09-15,0.75,0.5596157879354227,65,80
3967,150190120,2019-10-20,0.72,0.5423242908253616,65,74
3968,151190090,2019-06-09,8.43,2.2438960966453663,73,231
3969,151190090,2019-06-12,7.56,2.1471001901536506,73,229
3970,151190090,2019-06-27,6.08,1.9572739077056285,73,230
3971,151190090,2019-07-29,14.0,2.70805020110221,73,232
3972,151190090,2019-08-26,5.41,1.8578592709325787,73,238
3973,151190090,2019-08-28,4.75,1.749199854809259,73,236
3974,151190090,2019-09-05,4.08,1.6253112615903906,73,233
3975,151190090,2019-09-12,4.08,1.6253112615903906,73,235
3976,151190090,2019-09-22,3.49,1.501852701754163,73,226
3977,151190090,2019-10-12,3.77,1.5623463049002497,73,237
3978,151190090,2019-10-20,5.48,1.8687205103641835,73,227
3979,151190090,2019-10-27,4.91,1.776645831418007,73,228
3980,149220190,2019-06-11,42.2,3.765840495250065,70,106
3981,149220190,2019-06-16,48.6,3.903990833730882,70,105
3982,149220190,2019-06-26,21.4,3.109060958860994,70,103
3983,149220190,2019-07-01,44.4,3.8155121050473024,70,104
3984,149220190,2019-07-16,152.0,5.030437921392435,70,110
3985,149220190,2019-07-29,89.3,4.5031374604229395,70,107
3986,149220190,2019-08-18,43.8,3.8022081394209395,70,108
3987,149220190,2019-08-20,75.7,4.33990170837321,70,109
3988,149220190,2019-08-28,34.8,3.5779478934066544,70,102
3989,149220190,2019-09-22,21.0,3.091042453358316,70,97
3990,149220190,2019-10-02,14.4,2.7343675094195836,70,111
3991,149220190,2019-10-14,40.7,3.7305011288047556,70,98
3992,149220190,2019-10-17,45.8,3.845883202923601,70,99
3993,149220190,2019-10-27,22.2,3.144152278672264,70,100
3994,149220190,2019-11-01,20.5,3.068052935133617,70,101
3995,151140030,2019-06-03,0.3,0.26236426446749106,58,152
3996,151140030,2019-06-05,0.32,0.2776317365982795,58,146
3997,151140030,2019-06-15,0.25,0.22314355131420976,58,153
3998,151140030,2019-06-18,0.21,0.1906203596086497,58,148
3999,151140030,2019-06-25,0.18,0.16551443847757338,58,149
4000,151140030,2019-06-30,0.19,0.173953307123438,58,150
4001,151140030,2019-07-25,0.3,0.26236426446749106,58,151
4002,151140030,2019-09-11,0.07,0.06765864847381481,58,155
4003,151140030,2019-09-21,0.07,0.06765864847381481,58,154
4004,151140030,2019-10-13,0.07,0.06765864847381481,58,147
4005,151140030,2019-10-18,0.08,0.07696104113612832,58,156
4006,151140030,2019-11-10,0.07,0.06765864847381481,58,157
4007,151140040,2019-06-03,17.6,2.9231615807191558,58,99
4008,151140040,2019-06-05,19.7,3.0301337002713233,58,98
4009,151140040,2019-06-15,13.0,2.639057329615259,58,101
4010,151140040,2019-06-25,13.1,2.6461747973841225,58,97
4011,151140040,2019-06-30,17.3,2.9069010598473755,58,96
4012,151140040,2019-07-25,29.6,3.4210000089583352,58,104
4013,151140040,2019-09-01,5.16,1.8180767775454285,58,102
4014,151140040,2019-09-21,5.22,1.827769906751088,58,100
4015,151140040,2019-10-13,4.52,1.7083778602890038,58,95
4016,151140040,2019-10-18,4.4,1.6863989535702286,58,103
4017,149180220,2019-05-18,1.17,0.7747271675523681,65,15
4018,149180220,2019-06-12,0.26,0.23111172096338664,65,12
4019,149180220,2019-08-26,0.2,0.18232155679395462,65,16
4020,149180220,2019-09-05,0.2,0.18232155679395462,65,11
4021,149180220,2019-09-15,0.25,0.22314355131420976,65,13
4022,149180220,2019-10-20,0.21,0.1906203596086497,65,10
4023,153210170,2019-05-20,21.7,3.122364924487357,76,156
4024,153210170,2019-05-30,23.1,3.1822118404966093,76,157
4025,153210170,2019-06-09,19.9,3.039749158970765,76,150
4026,153210170,2019-06-12,19.1,3.0007198150650303,76,152
4027,153210170,2019-06-22,15.1,2.7788192719904172,76,149
4028,153210170,2019-06-24,14.3,2.72785282839839,76,151
4029,153210170,2019-08-26,15.7,2.8154087194227095,76,153
4030,153210170,2019-08-28,15.5,2.803360380906535,76,154
4031,153210170,2019-09-05,14.6,2.747270914255491,76,148
4032,153210170,2019-09-27,12.0,2.5649493574615367,76,155
4033,151220140,2019-06-11,0.39,0.3293037471426004,73,48
4034,151220140,2019-06-26,0.34,0.29266961396282,73,47
4035,151220140,2019-08-18,0.27,0.23901690047049992,73,50
4036,151220140,2019-08-25,0.36,0.3074846997479606,73,49
4037,151220140,2019-08-28,0.31,0.27002713721306015,73,42
4038,151220140,2019-09-12,0.22,0.1988508587451652,73,51
4039,151220140,2019-09-22,0.24,0.2151113796169455,73,43
4040,151220140,2019-09-24,0.28,0.2468600779315258,73,44
4041,151220140,2019-10-14,0.34,0.29266961396282,73,45
4042,151220140,2019-10-27,0.27,0.23901690047049992,73,46
4043,149210150,2019-06-11,0.87,0.6259384308664953,71,126
4044,149210150,2019-06-16,0.54,0.43178241642553783,71,117
4045,149210150,2019-07-01,1.51,0.9202827531436926,71,122
4046,149210150,2019-07-29,3.61,1.5282278570085572,71,120
4047,149210150,2019-08-28,0.35,0.30010459245033805,71,118
4048,149210150,2019-08-30,0.39,0.3293037471426004,71,119
4049,149210150,2019-09-04,0.27,0.23901690047049992,71,123
4050,149210150,2019-09-12,0.24,0.2151113796169455,71,121
4051,149210150,2019-09-22,0.26,0.23111172096338664,71,115
4052,149210150,2019-10-07,0.24,0.2151113796169455,71,125
4053,149210150,2019-10-14,27.5,3.349904087274605,71,116
4054,149210150,2019-10-17,1.43,0.8878912573524571,71,127
4055,149210150,2019-10-24,0.38,0.32208349916911333,71,124
4056,151210190,2019-07-29,2310.0,7.745435610274381,64,66
4057,151210190,2019-08-23,374.0,5.926926025970411,64,68
4058,151210190,2019-08-28,294.0,5.68697535633982,64,65
4059,151210190,2019-09-22,183.0,5.214935757608986,64,67
4060,151210190,2019-10-12,187.0,5.236441962829949,64,69
4061,151210190,2019-10-27,194.0,5.272999558563747,64,64
4062,150210130,2019-07-29,72.2,4.293195420967266,69,202
4063,150210130,2019-08-28,9.64,2.3646204839134985,69,203
4064,150210130,2019-09-22,10.4,2.4336133554004498,69,200
4065,150210130,2019-10-17,20.6,3.0726933146901194,69,204
4066,150210130,2019-10-27,7.8,2.174751721484161,69,201
4067,150190170,2019-05-18,49.2,3.9160150266976834,63,199
4068,150190170,2019-05-25,40.5,3.725693427236653,63,205
4069,150190170,2019-06-09,38.4,3.673765816303888,63,196
4070,150190170,2019-06-12,36.2,3.616308761279101,63,206
4071,150190170,2019-07-29,91.4,4.526126978647638,63,202
4072,150190170,2019-08-26,11.0,2.4849066497880004,63,201
4073,150190170,2019-08-28,10.9,2.4765384001174837,63,203
4074,150190170,2019-09-05,13.1,2.6461747973841225,63,197
4075,150190170,2019-09-12,14.3,2.72785282839839,63,200
4076,150190170,2019-09-22,17.0,2.8903717578961645,63,193
4077,150190170,2019-10-17,23.0,3.1780538303479458,63,204
4078,150190170,2019-10-20,21.0,3.091042453358316,63,194
4079,150190170,2019-10-27,18.4,2.9652730660692823,63,195
4080,150180170,2019-05-18,0.47,0.3852624007906449,55,28
4081,150180170,2019-06-12,0.34,0.29266961396282,55,24
4082,150180170,2019-08-26,0.38,0.32208349916911333,55,27
4083,150180170,2019-09-05,0.37,0.31481073984003355,55,25
4084,150180170,2019-09-15,0.3,0.26236426446749106,55,29
4085,150180170,2019-10-20,0.28,0.2468600779315258,55,23
4086,152170080,2019-06-20,34.9,3.580737295494233,59,23
4087,152170080,2019-06-30,34.2,3.5610460826040513,59,22
4088,152170080,2019-08-24,21.1,3.0955776085237074,59,25
4089,152170080,2019-08-26,20.7,3.077312260546414,59,29
4090,152170080,2019-09-05,21.7,3.122364924487357,59,27
4091,152170080,2019-09-18,21.3,3.104586678466073,59,30
4092,152170080,2019-09-23,20.4,3.0633909220278057,59,26
4093,152170080,2019-10-20,27.6,3.353406717825807,59,28
4094,149190340,2019-05-25,1.38,0.8671004876833832,67,87
4095,149190340,2019-06-09,0.59,0.46373401623214017,67,82
4096,149190340,2019-07-04,1.98,1.091923300517313,67,85
4097,149190340,2019-07-29,1.91,1.068153081183401,67,81
4098,149190340,2019-08-26,0.31,0.27002713721306015,67,83
4099,149190340,2019-08-28,0.31,0.27002713721306015,67,86
4100,149190340,2019-09-05,0.26,0.23111172096338664,67,84
4101,149190340,2019-09-15,0.42,0.35065687161316933,67,74
4102,149190340,2019-09-22,1.48,0.9082585601768908,67,75
4103,149190340,2019-10-17,0.8,0.5877866649021191,67,76
4104,149190340,2019-10-20,0.61,0.4762341789963716,67,77
4105,149190340,2019-10-25,0.62,0.4824261492442927,67,78
4106,149190340,2019-10-27,0.49,0.3987761199573678,67,79
4107,150180060,2019-05-01,58.2,4.0809215418899605,54,30
4108,150180060,2019-05-31,42.5,3.7727609380946383,54,24
4109,150180060,2019-06-05,36.5,3.624340932976365,54,25
4110,150180060,2019-06-12,32.2,3.502549875922443,54,20
4111,150180060,2019-06-25,26.0,3.295836866004329,54,19
4112,150180060,2019-06-30,61.6,4.136765278106052,54,23
4113,150180060,2019-08-26,20.8,3.0819099697950434,54,31
4114,150180060,2019-08-29,21.0,3.091042453358316,54,26
4115,150180060,2019-09-03,16.1,2.8390784635086144,54,29
4116,150180060,2019-09-05,15.0,2.772588722239781,54,22
4117,150180060,2019-09-15,17.7,2.928523523860541,54,21
4118,150180060,2019-09-23,20.1,3.0492730404820207,54,28
4119,150180060,2019-10-20,19.0,2.995732273553991,54,18
4120,150170180,2019-05-18,1.98,1.091923300517313,55,44
4121,150170180,2019-06-25,0.8,0.5877866649021191,55,41
4122,150170180,2019-06-27,0.71,0.5364933705145685,55,43
4123,150170180,2019-06-30,1.61,0.9593502213346021,55,42
4124,150170180,2019-07-25,4.37,1.6808279085207734,55,47
4125,150170180,2019-09-05,0.65,0.5007752879124893,55,45
4126,150170180,2019-09-15,0.65,0.5007752879124893,55,46
4127,150170180,2019-10-13,0.5,0.4054651081081644,55,49
4128,153220240,2019-05-30,3.12,1.415853163361435,75,247
4129,153220240,2019-06-04,2.74,1.3190856114264407,75,241
4130,153220240,2019-06-09,2.39,1.220829921392359,75,240
4131,153220240,2019-06-12,2.28,1.1878434223960523,75,246
4132,153220240,2019-06-22,1.82,1.0367368849500223,75,243
4133,153220240,2019-06-24,1.82,1.0367368849500223,75,244
4134,153220240,2019-07-19,1.94,1.0784095813505903,75,245
4135,153220240,2019-08-26,1.19,0.7839015438284094,75,242
4136,153220240,2019-09-05,1.14,0.76080582903376,75,239
4137,153220240,2019-09-27,1.23,0.8020015854720274,75,248
4138,150190080,2019-05-18,3.33,1.4655675420143985,65,105
4139,150190080,2019-05-25,2.99,1.3837912309017721,65,107
4140,150190080,2019-06-09,1.72,1.000631880307906,65,99
4141,150190080,2019-06-12,1.88,1.0577902941478545,65,103
4142,150190080,2019-07-29,7.06,2.086913556518537,65,101
4143,150190080,2019-08-26,1.46,0.9001613499442714,65,108
4144,150190080,2019-08-28,1.4,0.8754687373538999,65,104
4145,150190080,2019-09-05,1.3,0.832909122935104,65,98
4146,150190080,2019-09-12,1.21,0.7929925155296614,65,106
4147,150190080,2019-09-15,1.19,0.7839015438284094,65,100
4148,150190080,2019-09-22,1.15,0.7654678421395714,65,95
4149,150190080,2019-10-17,1.09,0.7371640659767197,65,109
4150,150190080,2019-10-20,1.03,0.708035793053696,65,96
4151,150190080,2019-10-25,1.03,0.708035793053696,65,110
4152,150190080,2019-10-27,1.04,0.712949807856125,65,97
4153,150210210,2019-06-11,85.5,4.460144413937834,70,177
4154,150210210,2019-08-23,107.0,4.68213122712422,70,179
4155,150210210,2019-08-25,107.0,4.68213122712422,70,178
4156,150210210,2019-08-28,81.0,4.406719247264253,70,180
4157,150210210,2019-09-04,53.4,3.996364153861897,70,173
4158,150210210,2019-09-22,40.8,3.7328963395307104,70,174
4159,150210210,2019-10-14,55.2,4.028916756899646,70,175
4160,150210210,2019-10-27,58.0,4.07753744390572,70,176
4161,149190270,2019-05-18,1.52,0.924258901523332,67,46
4162,149190270,2019-05-25,1.1,0.7419373447293773,67,48
4163,149190270,2019-06-09,0.82,0.598836501088704,67,40
4164,149190270,2019-06-12,0.87,0.6259384308664953,67,42
4165,149190270,2019-07-29,5.01,1.7934247485471162,67,41
4166,149190270,2019-08-26,0.64,0.49469624183610705,67,45
4167,149190270,2019-08-28,0.54,0.43178241642553783,67,44
4168,149190270,2019-09-05,0.48,0.3920420877760237,67,43
4169,149190270,2019-09-12,0.57,0.4510756193602167,67,47
4170,149190270,2019-09-22,0.75,0.5596157879354227,67,36
4171,149190270,2019-10-17,1.35,0.8544153281560676,67,49
4172,149190270,2019-10-20,1.12,0.7514160886839212,67,37
4173,149190270,2019-10-25,0.4,0.33647223662121295,67,38
4174,149190270,2019-10-27,0.33,0.2851789422336624,67,39
4175,149190050,2019-06-09,10.1,2.4069451083182885,66,2
4176,149190050,2019-07-04,6.08,1.9572739077056285,65,249
4177,149190050,2019-08-26,0.84,0.6097655716208943,66,3
4178,149190050,2019-08-28,0.73,0.5481214085096876,66,4
4179,149190050,2019-09-05,0.53,0.4252677354043441,66,0
4180,149190050,2019-09-15,0.74,0.5538851132264376,65,243
4181,149190050,2019-09-22,1.15,0.7654678421395714,65,244
4182,149190050,2019-10-17,1.98,1.091923300517313,65,245
4183,149190050,2019-10-20,0.78,0.5766133643039938,65,248
4184,149190050,2019-10-25,4.03,1.6154199841116479,65,246
4185,149190050,2019-10-27,1.55,0.9360933591703348,65,247
4186,149190050,2019-11-01,0.58,0.4574248470388754,66,5
4187,153220200,2019-05-30,5.34,1.8468787684491346,76,53
4188,153220200,2019-06-04,2.94,1.3711807233098425,76,50
4189,153220200,2019-06-09,1.81,1.0331844833456545,76,49
4190,153220200,2019-06-24,2.17,1.1537315878891892,76,51
4191,153220200,2019-07-19,1.1,0.7419373447293773,76,52
4192,150210010,2019-06-09,0.79,0.5822156198526637,69,131
4193,150210010,2019-06-12,0.75,0.5596157879354227,69,122
4194,150210010,2019-07-29,0.81,0.5933268452777344,69,128
4195,150210010,2019-08-23,0.41,0.3435897043900769,69,129
4196,150210010,2019-08-26,0.35,0.30010459245033805,69,133
4197,150210010,2019-08-28,0.32,0.2776317365982795,69,132
4198,150210010,2019-09-05,0.29,0.2546422183735807,69,127
4199,150210010,2019-09-12,0.3,0.26236426446749106,69,130
4200,150210010,2019-09-22,0.28,0.2468600779315258,69,123
4201,150210010,2019-10-20,0.35,0.30010459245033805,69,124
4202,150210010,2019-10-25,0.35,0.30010459245033805,69,125
4203,150210010,2019-10-27,0.32,0.2776317365982795,69,126
4204,150210010,2019-10-30,0.32,0.2776317365982795,69,135
4205,153150050,2019-06-03,9.2,2.322387720290225,62,72
4206,153150050,2019-08-27,4.33,1.6733512381777533,62,73
4207,153150050,2019-09-01,4.01,1.6114359150967734,62,75
4208,153150050,2019-09-11,4.24,1.6563214983329508,62,74
4209,151140050,2019-06-03,6.02,1.9487632180377197,58,130
4210,151140050,2019-06-05,12.6,2.6100697927420065,58,129
4211,151140050,2019-06-25,5.76,1.9110228900548727,58,132
4212,151140050,2019-06-30,8.86,2.288486168614544,58,131
4213,151140050,2019-07-23,53.7,4.001863709427935,58,136
4214,151140050,2019-09-01,0.51,0.412109650826833,58,133
4215,151140050,2019-09-21,0.5,0.4054651081081644,58,134
4216,151140050,2019-10-13,0.39,0.3293037471426004,58,137
4217,151140050,2019-10-18,0.36,0.3074846997479606,58,135
4218,153190120,2019-05-01,17.8,2.9338568698359033,78,247
4219,153190120,2019-06-05,11.0,2.4849066497880004,78,249
4220,153190120,2019-06-12,8.57,2.258633205464863,78,245
4221,153190120,2019-06-30,6.2,1.9740810260220096,78,246
4222,153190120,2019-07-20,7.7,2.1633230256605382,79,2
4223,153190120,2019-08-24,5.7,1.9021075263969205,78,248
4224,153190120,2019-08-26,5.53,1.8764069432883397,79,0
4225,153190120,2019-08-29,5.35,1.8484548129046003,79,1
4226,151210060,2019-06-09,4.75,1.749199854809259,73,155
4227,151210060,2019-06-12,3.95,1.599387576580599,73,154
4228,151210060,2019-06-22,4.55,1.713797927758343,73,156
4229,151210060,2019-06-24,4.28,1.66392609771817,73,157
4230,151210060,2019-07-29,8.31,2.231089091288976,73,163
4231,151210060,2019-08-01,7.06,2.086913556518537,73,161
4232,151210060,2019-08-23,3.68,1.5432981099295553,73,158
4233,151210060,2019-08-26,3.19,1.4327007339340463,73,160
4234,151210060,2019-08-28,2.73,1.3164082336557241,73,150
4235,151210060,2019-09-05,2.3,1.1939224684724346,73,151
4236,151210060,2019-09-22,2.23,1.172482137234565,73,159
4237,151210060,2019-10-12,1.96,1.085189268335969,73,162
4238,151210060,2019-10-20,2.49,1.2499017362143359,73,152
4239,151210060,2019-10-27,2.21,1.1662709371419244,73,153
4240,151210060,2019-10-30,2.09,1.128171090909654,73,164
4241,151180170,2019-06-17,6.67,2.0373166153791646,59,134
4242,151180170,2019-08-26,4.96,1.7850704810772584,59,137
4243,151180170,2019-09-05,4.4,1.6863989535702286,59,136
4244,151180170,2019-10-20,3.99,1.6074359097634274,59,138
4245,153180150,2019-05-01,5.99,1.9444805562457188,79,190
4246,153180150,2019-06-02,3.97,1.6034198401085373,79,187
4247,153180150,2019-06-05,3.7,1.547562508716013,79,188
4248,153180150,2019-06-12,3.12,1.415853163361435,79,185
4249,153180150,2019-06-30,1.91,1.068153081183401,79,186
4250,153180150,2019-07-15,1.86,1.0508216248317612,79,189
4251,153180150,2019-07-20,2.72,1.3137236682850553,79,193
4252,153180150,2019-08-24,1.38,0.8671004876833832,79,191
4253,153180150,2019-08-26,1.25,0.8109302162163288,79,192
4254,153180150,2019-08-29,1.11,0.7466879474879752,79,194
4255,149210010,2019-07-04,2.08,1.1249295969854831,69,217
4256,149210010,2019-07-29,4.64,1.7298840655099674,69,214
4257,149210010,2019-08-28,1.97,1.0885619528146082,69,215
4258,149210010,2019-09-12,2.08,1.1249295969854831,69,216
4259,149210010,2019-09-22,2.08,1.1249295969854831,69,211
4260,149210010,2019-10-17,2.03,1.1085626195212777,69,212
4261,149210010,2019-10-27,1.99,1.095273387402595,69,213
4262,149210010,2019-11-01,2.0,1.0986122886681096,69,218
4263,151230020,2019-06-09,0.34,0.29266961396282,77,182
4264,151230020,2019-06-11,0.34,0.29266961396282,77,187
4265,151230020,2019-06-24,0.3,0.26236426446749106,77,181
4266,151230020,2019-06-26,0.27,0.23901690047049992,77,179
4267,151230020,2019-07-01,0.22,0.1988508587451652,77,180
4268,151230020,2019-08-18,0.047,0.045928931888399804,77,185
4269,151230020,2019-08-23,0.047,0.045928931888399804,77,184
4270,151230020,2019-08-25,0.047,0.045928931888399804,77,183
4271,151230020,2019-08-28,0.05,0.04879016416943201,77,178
4272,151230020,2019-09-24,0.04,0.039220713153281295,77,176
4273,151230020,2019-10-14,0.04,0.039220713153281295,77,177
4274,151230020,2019-10-27,0.044,0.04305948946044697,77,186
4275,151230050,2019-06-26,0.7,0.5306282510621704,77,130
4276,151230050,2019-08-25,0.25,0.22314355131420976,77,131
4277,151230050,2019-08-28,0.19,0.173953307123438,77,129
4278,151230050,2019-09-12,0.13,0.12221763272424921,77,132
4279,151230050,2019-09-22,0.16,0.14842000511827327,77,125
4280,151230050,2019-09-24,0.18,0.16551443847757338,77,126
4281,151230050,2019-10-14,0.31,0.27002713721306015,77,127
4282,151230050,2019-10-27,0.24,0.2151113796169455,77,128
4283,150220020,2019-06-09,1.77,1.0188473201992472,72,52
4284,150220020,2019-06-11,1.61,0.9593502213346021,72,50
4285,150220020,2019-08-23,1.85,1.0473189942805592,72,56
4286,150220020,2019-08-25,1.16,0.7701082216960736,72,53
4287,150220020,2019-08-28,0.89,0.636576829071551,72,51
4288,150220020,2019-09-04,0.82,0.598836501088704,72,46
4289,150220020,2019-09-22,0.82,0.598836501088704,72,47
4290,150220020,2019-09-24,0.81,0.5933268452777344,72,54
4291,150220020,2019-10-12,0.93,0.6575200029167942,72,55
4292,150220020,2019-10-14,1.03,0.708035793053696,72,48
4293,150220020,2019-10-24,0.83,0.6043159668533296,72,57
4294,150220020,2019-10-27,0.78,0.5766133643039938,72,49
4295,150180110,2019-05-18,2.41,1.2267122912954256,54,208
4296,150180110,2019-06-12,1.52,0.924258901523332,54,204
4297,150180110,2019-08-26,1.23,0.8020015854720274,54,207
4298,150180110,2019-10-20,0.94,0.6626879730752367,54,202
4299,149190160,2019-06-09,0.36,0.3074846997479606,67,32
4300,149190160,2019-07-29,3.23,1.4422019930581866,67,26
4301,149190160,2019-08-26,0.05,0.04879016416943201,67,33
4302,149190160,2019-08-28,0.039,0.03825871211709034,67,29
4303,149190160,2019-09-05,0.031,0.030529205034822874,67,27
4304,149190160,2019-09-12,0.033,0.032467190137501496,67,30
4305,149190160,2019-09-15,0.029,0.028587456851912555,67,28
4306,149190160,2019-09-22,0.17,0.15700374880966475,67,23
4307,149190160,2019-10-17,0.21,0.1906203596086497,67,34
4308,149190160,2019-10-20,0.69,0.5247285289349821,67,24
4309,149190160,2019-10-27,0.45,0.37156355643248307,67,25
4310,150180140,2019-06-12,0.34,0.29266961396282,54,211
4311,150180140,2019-08-26,0.28,0.2468600779315258,54,214
4312,150180140,2019-09-05,0.21,0.1906203596086497,54,209
4313,150180140,2019-09-15,0.4,0.33647223662121295,54,212
4314,150180140,2019-10-20,0.39,0.3293037471426004,54,210
4315,150180140,2019-10-25,0.24,0.2151113796169455,54,215
4316,150180280,2019-06-12,0.33,0.2851789422336624,54,190
4317,150180280,2019-08-26,0.26,0.23111172096338664,54,193
4318,150180280,2019-09-05,0.25,0.22314355131420976,54,191
4319,150180280,2019-10-20,0.31,0.27002713721306015,54,189
4320,150180280,2019-10-25,0.28,0.2468600779315258,54,194
4321,150180130,2019-05-18,2.03,1.1085626195212777,54,201
4322,150180130,2019-06-12,0.75,0.5596157879354227,54,196
4323,150180130,2019-08-26,0.83,0.6043159668533296,54,200
4324,150180130,2019-09-05,0.53,0.4252677354043441,54,197
4325,150180130,2019-09-15,0.38,0.32208349916911333,54,198
4326,150180130,2019-10-20,0.58,0.4574248470388754,54,195
4327,149220160,2019-06-11,0.73,0.5481214085096876,71,30
4328,149220160,2019-06-16,0.56,0.44468582126144574,71,39
4329,149220160,2019-06-26,0.75,0.5596157879354227,71,31
4330,149220160,2019-07-01,2.49,1.2499017362143359,71,38
4331,149220160,2019-07-16,2.75,1.3217558399823195,71,40
4332,149220160,2019-07-29,1.61,0.9593502213346021,71,33
4333,149220160,2019-08-18,0.55,0.4382549309311553,71,37
4334,149220160,2019-08-20,0.69,0.5247285289349821,71,32
4335,149220160,2019-08-28,0.48,0.3920420877760237,71,34
4336,149220160,2019-08-30,0.43,0.3576744442718159,71,41
4337,149220160,2019-09-12,0.41,0.3435897043900769,71,36
4338,149220160,2019-09-22,0.33,0.2851789422336624,71,25
4339,149220160,2019-10-02,0.36,0.3074846997479606,71,35
4340,149220160,2019-10-14,13.8,2.6946271807700692,71,26
4341,149220160,2019-10-17,1.12,0.7514160886839212,71,27
4342,149220160,2019-10-27,0.44,0.36464311358790924,71,28
4343,149220160,2019-11-01,0.5,0.4054651081081644,71,29
4344,152160120,2019-06-03,0.4,0.33647223662121295,60,141
4345,152160120,2019-06-30,0.15,0.13976194237515868,60,142
4346,152160120,2019-08-24,0.06,0.058268908123975775,60,143
4347,152160120,2019-08-27,0.05,0.04879016416943201,60,144
4348,152160120,2019-09-01,0.046,0.044973365642731154,60,145
4349,152160120,2019-09-11,0.03,0.0295588022415444,60,146
4350,152160120,2019-11-30,0.018,0.017839918128331,60,140
4351,153190060,2019-05-01,0.61,0.4762341789963716,79,85
4352,153190060,2019-06-05,0.38,0.32208349916911333,79,88
4353,153190060,2019-06-12,0.24,0.2151113796169455,79,83
4354,153190060,2019-06-22,0.24,0.2151113796169455,79,84
4355,153190060,2019-06-30,0.18,0.16551443847757338,79,81
4356,153190060,2019-08-24,0.1,0.09531017980432487,79,82
4357,153190060,2019-08-26,0.1,0.09531017980432487,79,87
4358,153190060,2019-08-29,0.08,0.07696104113612832,79,89
4359,153190060,2019-09-05,0.1,0.09531017980432487,79,86
4360,150210040,2019-06-12,0.35,0.30010459245033805,72,115
4361,150210040,2019-07-29,0.62,0.4824261492442927,72,121
4362,150210040,2019-08-26,0.16,0.14842000511827327,72,123
4363,150210040,2019-08-28,0.19,0.173953307123438,72,122
4364,150210040,2019-09-05,0.14,0.1310282624064041,72,120
4365,150210040,2019-09-22,0.2,0.18232155679395462,72,116
4366,150210040,2019-10-20,0.14,0.1310282624064041,72,117
4367,150210040,2019-10-25,0.13,0.12221763272424921,72,118
4368,150210040,2019-10-27,0.13,0.12221763272424921,72,119
4369,151160080,2019-05-19,4.28,1.66392609771817,56,240
4370,151160080,2019-05-24,2.79,1.332366019094335,56,243
4371,151160080,2019-06-03,1.97,1.0885619528146082,56,242
4372,151160080,2019-06-05,1.82,1.0367368849500223,56,241
4373,151160080,2019-06-25,1.21,0.7929925155296614,56,238
4374,151160080,2019-06-30,1.4,0.8754687373538999,56,237
4375,151160080,2019-07-03,1.02,0.7030975114131134,56,239
4376,151160080,2019-09-21,0.17,0.15700374880966475,56,236
4377,150220010,2019-06-11,6.48,2.012232791986386,71,168
4378,150220010,2019-06-16,4.89,1.7732559976634952,71,167
4379,150220010,2019-06-26,4.58,1.7191887763932197,71,169
4380,150220010,2019-07-29,33.0,3.5263605246161616,71,166
4381,150220010,2019-08-28,3.55,1.515127232962859,71,171
4382,150220010,2019-09-04,2.69,1.3056264580524357,71,174
4383,150220010,2019-09-12,3.03,1.3937663759585917,71,170
4384,150220010,2019-09-22,4.29,1.665818245870208,71,163
4385,150220010,2019-10-14,41.7,3.754198920234579,71,164
4386,150220010,2019-10-17,23.5,3.1986731175506815,71,172
4387,150220010,2019-10-19,8.16,2.214846178686039,71,175
4388,150220010,2019-10-24,3.53,1.5107219394949427,71,173
4389,150220010,2019-10-27,2.97,1.3787660946990992,71,165
4390,150220070,2019-06-11,68.5,4.241326752570746,70,144
4391,150220070,2019-06-16,58.4,4.084294226368599,70,146
4392,150220070,2019-06-26,41.0,3.7376696182833684,70,147
4393,150220070,2019-07-01,114.0,4.74493212836325,70,150
4394,150220070,2019-07-16,211.0,5.356586274672012,70,154
4395,150220070,2019-07-29,203.0,5.318119993844216,70,145
4396,150220070,2019-08-20,96.7,4.581901559048737,70,152
4397,150220070,2019-08-28,64.6,4.183575695950044,70,149
4398,150220070,2019-08-30,48.6,3.903990833730882,70,153
4399,150220070,2019-09-04,40.5,3.725693427236653,70,151
4400,150220070,2019-09-12,33.3,3.535145354171894,70,148
4401,150220070,2019-09-22,34.4,3.5667118201397288,70,139
4402,150220070,2019-10-02,30.3,3.4436180975461075,70,155
4403,150220070,2019-10-14,48.3,3.8979240810486444,70,140
4404,150220070,2019-10-17,132.0,4.890349128221754,70,141
4405,150220070,2019-10-24,51.9,3.9684033388642534,70,156
4406,150220070,2019-10-27,37.3,3.6454498961866,70,142
4407,150220070,2019-11-01,33.0,3.5263605246161616,70,143
4408,151160020,2019-05-19,2.42,1.2296405510745139,56,193
4409,151160020,2019-05-24,1.89,1.0612565021243408,56,194
4410,151160020,2019-06-03,1.47,0.9042181506398859,56,191
4411,151160020,2019-06-05,1.38,0.8671004876833832,56,192
4412,151160020,2019-06-25,1.02,0.7030975114131134,56,189
4413,151160020,2019-06-30,1.48,0.9082585601768908,56,187
4414,151160020,2019-07-03,1.11,0.7466879474879752,56,190
4415,151160020,2019-09-01,0.54,0.43178241642553783,56,195
4416,151160020,2019-09-21,0.48,0.3920420877760237,56,188
4417,152170120,2019-06-17,0.28,0.2468600779315258,59,241
4418,152170120,2019-06-20,0.25,0.22314355131420976,59,234
4419,152170120,2019-06-30,0.23,0.20701416938432615,59,236
4420,152170120,2019-08-24,0.17,0.15700374880966475,59,233
4421,152170120,2019-08-26,0.16,0.14842000511827327,59,238
4422,152170120,2019-09-05,0.15,0.13976194237515868,59,239
4423,152170120,2019-09-23,0.13,0.12221763272424921,59,237
4424,152170120,2019-10-20,0.07,0.06765864847381481,59,240
4425,153190140,2019-05-01,10.3,2.424802725718295,78,240
4426,153190140,2019-05-06,9.93,2.391511302188447,78,238
4427,153190140,2019-06-05,6.31,1.9892432737616872,78,237
4428,153190140,2019-06-12,4.36,1.6789639750827106,78,236
4429,153190140,2019-06-30,3.64,1.534714366238164,78,235
4430,153190140,2019-07-20,5.28,1.8373699804801074,78,242
4431,153190140,2019-08-24,4.31,1.6695918352538475,78,241
4432,153190140,2019-08-26,4.23,1.6544112780768316,78,239
4433,153190140,2019-08-29,4.08,1.6253112615903906,78,243
4434,153190140,2019-10-03,2.55,1.2669476034873244,78,244
4435,150210170,2019-08-23,242.0,5.493061443340548,64,54
4436,150210170,2019-08-28,207.0,5.337538079701318,64,52
4437,150210170,2019-09-22,113.0,4.736198448394496,64,50
4438,150210170,2019-10-12,121.0,4.804021044733257,64,53
4439,150210170,2019-10-27,122.0,4.812184355372417,64,51
4440,152200060,2019-06-04,1.6,0.9555114450274365,78,64
4441,152200060,2019-06-09,1.13,0.7561219797213337,78,56
4442,152200060,2019-06-12,0.89,0.636576829071551,78,62
4443,152200060,2019-06-24,0.6,0.4700036292457356,78,63
4444,152200060,2019-08-23,0.16,0.14842000511827327,78,57
4445,152200060,2019-08-28,0.14,0.1310282624064041,78,59
4446,152200060,2019-09-05,0.11,0.10436001532424277,78,58
4447,152200060,2019-09-12,0.09,0.08617769624105233,78,60
4448,152200060,2019-09-22,0.08,0.07696104113612832,78,61
4449,152200060,2019-10-20,0.07,0.06765864847381481,78,65
4450,153200050,2019-06-12,0.85,0.6151856390902335,78,39
4451,153200050,2019-06-22,0.65,0.5007752879124893,78,42
4452,153200050,2019-08-11,0.51,0.412109650826833,78,40
4453,153200050,2019-08-26,0.42,0.35065687161316933,78,41
4454,154180010,2019-05-01,0.88,0.6312717768418579,79,210
4455,154180010,2019-06-05,0.72,0.5423242908253616,79,207
4456,154180010,2019-06-20,0.65,0.5007752879124893,79,212
4457,154180010,2019-06-30,0.63,0.48858001481867097,79,208
4458,154180010,2019-07-20,0.74,0.5538851132264376,79,209
4459,154180010,2019-08-24,1.34,0.8501509293696101,79,211
4460,150220040,2019-06-11,0.64,0.49469624183610705,71,243
4461,150220040,2019-06-16,0.66,0.5068176023684519,71,245
4462,150220040,2019-06-26,0.5,0.4054651081081644,71,244
4463,150220040,2019-07-29,2.56,1.269760544863939,71,249
4464,150220040,2019-08-28,0.37,0.31481073984003355,71,247
4465,150220040,2019-09-04,0.29,0.2546422183735807,71,248
4466,150220040,2019-09-12,0.28,0.2468600779315258,71,246
4467,150220040,2019-09-22,0.38,0.32208349916911333,71,240
4468,150220040,2019-10-14,1.07,0.7275486072772778,71,241
4469,150220040,2019-10-17,0.88,0.6312717768418579,72,0
4470,150220040,2019-10-27,0.23,0.20701416938432615,71,242
4471,152140110,2019-06-03,1.5,0.9162907318741551,58,162
4472,152140110,2019-06-18,1.31,0.8372475245337022,58,161
4473,152140110,2019-09-01,0.7,0.5306282510621704,58,159
4474,152140110,2019-09-11,0.64,0.49469624183610705,58,158
4475,152140110,2019-09-21,0.76,0.5653138090500605,58,160
4476,154210010,2019-05-30,22.7,3.1654750481410856,80,97
4477,154210010,2019-06-04,20.5,3.068052935133617,80,98
4478,154210010,2019-06-07,19.2,3.005682604407159,80,104
4479,154210010,2019-06-09,18.9,2.990719731730447,80,103
4480,154210010,2019-06-12,17.9,2.9391619220655967,80,95
4481,154210010,2019-06-19,16.6,2.8678989020441064,80,99
4482,154210010,2019-06-24,13.7,2.6878474937846906,80,96
4483,154210010,2019-08-03,15.4,2.797281334830153,80,102
4484,154210010,2019-08-11,11.9,2.5572273113676265,80,100
4485,154210010,2019-08-23,16.0,2.833213344056216,80,101
4486,154210010,2019-08-26,11.2,2.501435951739211,80,93
4487,154210010,2019-08-28,10.6,2.451005098112319,80,94
4488,154160040,2019-06-03,1.17,0.7747271675523681,62,137
4489,154160040,2019-06-05,1.17,0.7747271675523681,62,136
4490,154160040,2019-06-30,1.05,0.7178397931503169,62,135
4491,154160040,2019-08-27,0.95,0.6678293725756554,62,134
4492,151220110,2019-06-09,2.54,1.264126727145683,73,82
4493,151220110,2019-06-11,2.24,1.1755733298042381,73,78
4494,151220110,2019-06-24,1.78,1.0224509277025458,73,79
4495,151220110,2019-06-26,1.9,1.0647107369924282,73,77
4496,151220110,2019-07-01,1.75,1.0116009116784799,73,84
4497,151220110,2019-08-23,1.34,0.8501509293696101,73,81
4498,151220110,2019-08-25,1.17,0.7747271675523681,73,80
4499,151220110,2019-08-28,0.97,0.6780335427498971,73,83
4500,151220110,2019-09-24,0.46,0.3784364357202451,73,76
4501,151220110,2019-10-14,0.59,0.46373401623214017,73,74
4502,151220110,2019-10-27,0.57,0.4510756193602167,73,75
4503,149210160,2019-06-11,0.8,0.5877866649021191,71,138
4504,149210160,2019-06-16,1.59,0.9516578757114464,71,130
4505,149210160,2019-07-01,3.68,1.5432981099295553,71,133
4506,149210160,2019-07-04,5.91,1.9329696377795786,71,132
4507,149210160,2019-07-29,3.34,1.4678743481123135,71,131
4508,149210160,2019-08-28,0.5,0.4054651081081644,71,134
4509,149210160,2019-09-04,0.5,0.4054651081081644,71,136
4510,149210160,2019-09-12,0.5,0.4054651081081644,71,135
4511,149210160,2019-09-22,0.5,0.4054651081081644,71,129
4512,149210160,2019-10-07,0.5,0.4054651081081644,71,139
4513,149210160,2019-10-14,8.17,2.2159372862683733,71,128
4514,149210160,2019-10-17,6.08,1.9572739077056285,71,137
4515,150140020,2019-06-03,8.8,2.2823823856765264,58,82
4516,150140020,2019-06-25,3.93,1.5953389880545987,58,83
4517,150140020,2019-06-30,6.0,1.9459101490553132,58,81
4518,150140020,2019-07-23,17.5,2.917770732084279,58,84
4519,150140020,2019-09-01,2.34,1.205970806988609,58,85
4520,150140020,2019-09-21,3.23,1.4422019930581866,58,80
4521,151180080,2019-05-01,47.1,3.8732821771117156,58,233
4522,151180080,2019-06-12,29.0,3.4011973816621555,58,236
4523,151180080,2019-06-17,27.8,3.3603753871419,58,226
4524,151180080,2019-06-25,25.3,3.269568939183719,58,237
4525,151180080,2019-06-30,29.2,3.407841924380824,58,230
4526,151180080,2019-08-24,19.6,3.0252910757955354,58,227
4527,151180080,2019-08-29,16.6,2.8678989020441064,58,232
4528,151180080,2019-09-05,15.0,2.772588722239781,58,231
4529,151180080,2019-09-23,14.7,2.7536607123542622,58,228
4530,151180080,2019-10-13,14.1,2.714694743820879,58,234
4531,151180080,2019-10-20,14.6,2.747270914255491,58,235
4532,150200060,2019-05-18,147.0,4.997212273764115,63,245
4533,150200060,2019-06-09,64.2,4.177459468932607,63,240
4534,150200060,2019-06-12,58.8,4.091005660956586,63,238
4535,150200060,2019-07-29,288.0,5.666426688112432,63,237
4536,150200060,2019-08-26,58.7,4.089332020398556,63,241
4537,150200060,2019-08-28,61.5,4.135166556742356,63,242
4538,150200060,2019-09-05,38.4,3.673765816303888,63,239
4539,150200060,2019-09-12,38.5,3.676300671907076,63,244
4540,150200060,2019-09-22,50.8,3.9473901492654373,63,233
4541,150200060,2019-10-17,46.4,3.858622228701031,63,246
4542,150200060,2019-10-20,42.1,3.763522997109702,63,234
4543,150200060,2019-10-25,37.7,3.655839600035736,63,235
4544,150200060,2019-10-27,38.4,3.673765816303888,63,236
4545,152190110,2019-05-01,1.8,1.0296194171811583,78,199
4546,152190110,2019-06-12,0.65,0.5007752879124893,78,200
4547,152190110,2019-06-22,0.56,0.44468582126144574,78,203
4548,152190110,2019-06-30,0.56,0.44468582126144574,78,197
4549,152190110,2019-08-24,0.12,0.11332868530700317,78,198
4550,152190110,2019-08-29,0.14,0.1310282624064041,78,202
4551,152190110,2019-09-05,0.13,0.12221763272424921,78,201
4552,154170030,2019-06-03,3.14,1.420695787837223,62,218
4553,154170030,2019-06-05,3.12,1.415853163361435,62,219
4554,154170030,2019-06-23,2.63,1.2892326482767593,62,217
4555,154170030,2019-06-30,2.41,1.2267122912954256,62,216
4556,154170030,2019-08-27,1.83,1.0402767116551463,62,214
4557,154170030,2019-09-01,1.84,1.0438040521731147,62,215
4558,149190220,2019-06-09,3.54,1.5129270120532565,66,247
4559,149190220,2019-06-12,2.3,1.1939224684724346,67,7
4560,149190220,2019-07-29,3.04,1.3962446919730587,67,3
4561,149190220,2019-08-26,0.96,0.6729444732424258,67,4
4562,149190220,2019-09-15,1.08,0.7323678937132266,67,5
4563,149190220,2019-09-22,0.99,0.688134638736401,66,249
4564,149190220,2019-10-17,2.75,1.3217558399823195,67,6
4565,149190220,2019-10-20,0.7,0.5306282510621704,67,0
4566,149190220,2019-10-25,1.05,0.7178397931503169,67,1
4567,149190220,2019-10-27,1.05,0.7178397931503169,67,2
4568,149190220,2019-11-01,0.63,0.48858001481867097,67,8
4569,149180100,2019-05-18,15.9,2.827313621929028,63,158
4570,149180100,2019-06-12,4.4,1.6863989535702286,63,154
4571,149180100,2019-08-26,1.05,0.7178397931503169,63,157
4572,149180100,2019-09-05,0.75,0.5596157879354227,63,153
4573,149180100,2019-09-15,0.79,0.5822156198526637,63,155
4574,149180100,2019-10-20,1.29,0.8285518175661483,63,152
4575,150170140,2019-05-18,49.0,3.912023005428146,55,199
4576,150170140,2019-06-17,12.8,2.624668592163159,55,195
4577,150170140,2019-06-25,11.8,2.5494451709255714,55,193
4578,150170140,2019-06-27,18.2,2.9549102790337356,55,192
4579,150170140,2019-06-30,26.0,3.295836866004329,55,194
4580,150170140,2019-08-24,20.3,3.0587070727153796,55,200
4581,150170140,2019-09-05,10.6,2.451005098112319,55,197
4582,150170140,2019-09-15,18.9,2.990719731730447,55,198
4583,150170140,2019-10-20,7.13,2.0955609235597192,55,201
4584,152150110,2019-06-03,85.0,4.454347296253507,59,75
4585,152150110,2019-06-05,82.0,4.418840607796598,59,83
4586,152150110,2019-06-15,67.7,4.229749199228304,59,76
4587,152150110,2019-06-25,57.8,4.074141854904581,59,73
4588,152150110,2019-06-30,54.5,4.0163830207523885,59,78
4589,152150110,2019-07-25,70.9,4.275276264727001,59,74
4590,152150110,2019-08-27,35.0,3.58351893845611,59,81
4591,152150110,2019-09-01,33.1,3.529297384289471,59,79
4592,152150110,2019-09-11,32.7,3.517497837358316,59,80
4593,152150110,2019-09-23,31.8,3.4904285153900982,59,77
4594,152150110,2019-10-18,34.1,3.55820113047182,59,82
4595,152150110,2019-10-23,36.2,3.616308761279101,59,84
4596,150190250,2019-05-25,3.3,1.4586150226995167,65,212
4597,150190250,2019-06-09,3.3,1.4586150226995167,65,210
4598,150190250,2019-08-26,3.11,1.4134230285081433,65,216
4599,150190250,2019-08-28,3.11,1.4134230285081433,65,217
4600,150190250,2019-09-05,3.11,1.4134230285081433,65,211
4601,150190250,2019-09-12,3.11,1.4134230285081433,65,215
4602,150190250,2019-09-15,3.11,1.4134230285081433,65,214
4603,150190250,2019-09-22,3.11,1.4134230285081433,65,207
4604,150190250,2019-10-17,3.31,1.4609379041156565,65,218
4605,150190250,2019-10-20,3.31,1.4609379041156565,65,208
4606,150190250,2019-10-27,3.11,1.4134230285081433,65,209
4607,152180050,2019-05-01,63.0,4.1588830833596715,59,14
4608,152180050,2019-06-17,31.8,3.4904285153900982,59,21
4609,152180050,2019-06-25,30.2,3.4404180948154366,59,12
4610,152180050,2019-06-30,32.7,3.517497837358316,59,13
4611,152180050,2019-08-24,19.4,3.0155349008501706,59,15
4612,152180050,2019-08-29,19.7,3.0301337002713233,59,16
4613,152180050,2019-09-05,21.8,3.126760535960395,59,18
4614,152180050,2019-09-23,19.3,3.0106208860477417,59,19
4615,152180050,2019-10-20,27.9,3.3638415951183864,59,20
4616,150200090,2019-06-12,0.78,0.5766133643039938,69,89
4617,150200090,2019-06-27,0.65,0.5007752879124893,69,93
4618,150200090,2019-07-29,2.01,1.1019400787607843,69,94
4619,150200090,2019-08-23,0.53,0.4252677354043441,69,98
4620,150200090,2019-08-26,0.46,0.3784364357202451,69,96
4621,150200090,2019-08-28,0.42,0.35065687161316933,69,97
4622,150200090,2019-09-05,0.35,0.30010459245033805,69,95
4623,150200090,2019-09-22,0.34,0.29266961396282,69,90
4624,150200090,2019-10-20,0.65,0.5007752879124893,69,91
4625,150200090,2019-10-27,0.38,0.32208349916911333,69,92
4626,151200110,2019-06-09,2.45,1.2383742310432684,73,143
4627,151200110,2019-06-12,2.37,1.2149127443642704,73,144
4628,151200110,2019-06-24,2.29,1.1908875647772805,73,145
4629,151200110,2019-07-29,2.86,1.3506671834767394,73,149
4630,151200110,2019-08-23,2.26,1.1817271953786161,73,147
4631,151200110,2019-08-26,1.63,0.9669838461896731,73,148
4632,151200110,2019-09-05,1.43,0.8878912573524571,73,138
4633,151200110,2019-09-22,1.07,0.7275486072772778,73,139
4634,151200110,2019-10-12,1.2,0.7884573603642702,73,140
4635,151200110,2019-10-20,1.44,0.8919980393051105,73,141
4636,151200110,2019-10-27,1.48,0.9082585601768908,73,142
4637,152140050,2019-06-03,228.0,5.43372200355424,54,94
4638,152140050,2019-08-27,116.0,4.762173934797756,54,93
4639,152140050,2019-09-11,81.5,4.412798293340635,54,95
4640,154170010,2019-06-03,15.2,2.785011242238338,62,203
4641,154170010,2019-06-05,16.6,2.8678989020441064,62,204
4642,154170010,2019-06-23,12.6,2.6100697927420065,62,207
4643,154170010,2019-06-30,13.7,2.6878474937846906,62,205
4644,154170010,2019-08-24,10.0,2.3978952727983707,62,206
4645,154170010,2019-08-27,9.68,2.3683728335320486,62,201
4646,154170010,2019-09-01,8.99,2.301584592660462,62,202
4647,154200030,2019-06-12,12.2,2.580216829592325,80,92
4648,154200030,2019-08-11,7.78,2.172476407647025,80,90
4649,154200030,2019-08-26,7.61,2.1529243184396396,80,91
4650,150190260,2019-06-09,69.5,4.255612709818223,63,216
4651,150190260,2019-07-29,224.0,5.41610040220442,63,210
4652,150190260,2019-08-26,42.6,3.775057150354989,63,211
4653,150190260,2019-09-05,33.4,3.5380565643793527,63,213
4654,150190260,2019-09-12,33.9,3.5524868292083815,63,214
4655,150190260,2019-09-15,35.2,3.5890591188317256,63,212
4656,150190260,2019-09-22,38.3,3.6712245188752153,63,207
4657,150190260,2019-10-20,34.7,3.5751506887855933,63,208
4658,150190260,2019-10-27,31.3,3.475067230228611,63,209
4659,152150170,2019-05-19,6.05,1.9530276168241771,57,92
4660,152150170,2019-06-03,4.89,1.7732559976634952,57,87
4661,152150170,2019-06-15,3.59,1.5238800240724537,57,88
4662,152150170,2019-06-25,3.15,1.423108334242607,57,94
4663,152150170,2019-06-30,3.37,1.4747630091074988,57,85
4664,152150170,2019-09-01,0.77,0.5709795465857378,57,89
4665,152150170,2019-09-11,0.58,0.4574248470388754,57,91
4666,152150170,2019-09-21,0.51,0.412109650826833,57,90
4667,152150170,2019-10-06,1.31,0.8372475245337022,57,93
4668,152150170,2019-10-13,1.3,0.832909122935104,57,86
4669,152150170,2019-10-18,1.36,0.8586616190375187,57,95
4670,154170060,2019-05-14,9.62,2.362739015813793,63,4
4671,154170060,2019-06-03,8.52,2.253394848803274,63,3
4672,154170060,2019-06-05,8.3,2.2300144001592104,63,2
4673,154170060,2019-06-23,7.73,2.166765369851511,63,6
4674,154170060,2019-06-30,7.73,2.166765369851511,63,1
4675,154170060,2019-08-24,7.28,2.1138429683971682,63,5
4676,154170060,2019-08-27,6.46,2.0095554142156695,62,249
4677,154170060,2019-09-01,6.33,1.9919755158985601,63,0
4678,153170140,2019-06-02,31.2,3.4719664525503626,79,113
4679,153170140,2019-06-05,31.6,3.484312288372662,79,114
4680,153170140,2019-06-12,29.8,3.427514689979529,79,119
4681,153170140,2019-06-15,20.8,3.0819099697950434,79,116
4682,153170140,2019-06-30,29.4,3.414442608412176,79,115
4683,153170140,2019-08-24,18.7,2.9806186357439426,79,112
4684,153170140,2019-08-26,18.9,2.990719731730447,79,117
4685,153170140,2019-10-15,17.3,2.9069010598473755,79,121
4686,153170140,2019-10-23,16.9,2.884800712846709,79,120
4687,151220100,2019-06-11,3.36,1.4724720573609429,73,72
4688,151220100,2019-06-26,3.18,1.430311246536665,73,71
4689,151220100,2019-08-25,2.1,1.1314021114911006,73,73
4690,151220100,2019-08-28,1.79,1.0260415958332743,73,70
4691,151220100,2019-09-22,2.04,1.1118575154181303,73,66
4692,151220100,2019-09-24,1.89,1.0612565021243408,73,67
4693,151220100,2019-10-14,3.9,1.589235205116581,73,68
4694,151220100,2019-10-27,2.21,1.1662709371419244,73,69
4695,153230080,2019-05-30,0.96,0.6729444732424258,75,152
4696,153230080,2019-06-04,0.82,0.598836501088704,75,148
4697,153230080,2019-06-09,0.78,0.5766133643039938,75,149
4698,153230080,2019-06-11,0.78,0.5766133643039938,75,151
4699,153230080,2019-06-24,0.68,0.5187937934151676,75,150
4700,153230080,2019-07-31,0.74,0.5538851132264376,75,157
4701,153230080,2019-08-23,0.3,0.26236426446749106,75,154
4702,153230080,2019-08-25,0.27,0.23901690047049992,75,153
4703,153230080,2019-08-30,0.24,0.2151113796169455,75,156
4704,153230080,2019-09-27,0.27,0.23901690047049992,75,155
4705,153230140,2019-05-30,2.14,1.144222799920162,75,147
4706,153230140,2019-06-04,1.86,1.0508216248317612,75,138
4707,153230140,2019-06-09,1.62,0.9631743177730056,75,137
4708,153230140,2019-06-11,1.61,0.9593502213346021,75,146
4709,153230140,2019-07-31,1.46,0.9001613499442714,75,141
4710,153230140,2019-08-05,0.98,0.6830968447064438,75,139
4711,153230140,2019-08-23,0.8,0.5877866649021191,75,143
4712,153230140,2019-08-25,0.75,0.5596157879354227,75,140
4713,153230140,2019-09-27,0.81,0.5933268452777344,75,142
4714,153230140,2019-10-14,1.21,0.7929925155296614,75,144
4715,153230140,2019-10-22,1.55,0.9360933591703348,75,145
4716,154170120,2019-05-14,3.68,1.5432981099295553,62,192
4717,154170120,2019-06-03,3.3,1.4586150226995167,62,190
4718,154170120,2019-06-05,3.23,1.4422019930581866,62,194
4719,154170120,2019-06-23,2.23,1.172482137234565,62,191
4720,154170120,2019-06-30,2.31,1.1969481893889715,62,189
4721,154170120,2019-08-24,2.18,1.1568811967920856,62,193
4722,154170120,2019-08-27,2.07,1.1216775615991057,62,187
4723,154170120,2019-09-01,1.94,1.0784095813505903,62,188
4724,151200020,2019-06-09,12.7,2.617395832834079,74,7
4725,151200020,2019-06-12,12.7,2.617395832834079,74,9
4726,151200020,2019-06-24,13.0,2.639057329615259,74,10
4727,151200020,2019-07-29,30.1,3.4372078191851885,74,4
4728,151200020,2019-08-23,12.4,2.5952547069568657,74,11
4729,151200020,2019-08-26,12.3,2.5877640352277083,74,6
4730,151200020,2019-08-28,12.4,2.5952547069568657,74,8
4731,151200020,2019-09-05,12.4,2.5952547069568657,73,249
4732,151200020,2019-09-22,13.7,2.6878474937846906,74,0
4733,151200020,2019-10-12,11.9,2.5572273113676265,74,1
4734,151200020,2019-10-20,11.7,2.5416019934645457,74,2
4735,151200020,2019-10-27,11.9,2.5572273113676265,74,3
4736,153210050,2019-05-30,3.21,1.43746264769429,76,169
4737,153210050,2019-06-12,2.78,1.3297240096314962,76,172
4738,153210050,2019-06-22,2.65,1.2947271675944,76,173
4739,153210050,2019-06-24,3.13,1.4182774069729414,76,175
4740,153210050,2019-08-26,1.7,0.9932517730102834,76,170
4741,153210050,2019-08-28,1.75,1.0116009116784799,76,171
4742,153210050,2019-09-05,1.14,0.76080582903376,76,168
4743,153210050,2019-09-27,1.88,1.0577902941478545,76,174
4744,149200140,2019-07-04,94.7,4.5612182984589085,68,37
4745,149200140,2019-07-29,60.5,4.119037174812473,68,38
4746,149200140,2019-08-28,36.3,3.6189933266497696,68,41
4747,149200140,2019-09-05,27.5,3.349904087274605,68,39
4748,149200140,2019-09-15,16.9,2.884800712846709,68,33
4749,149200140,2019-09-22,13.7,2.6878474937846906,68,34
4750,149200140,2019-10-17,30.3,3.4436180975461075,68,35
4751,149200140,2019-10-25,27.5,3.349904087274605,68,36
4752,149200140,2019-10-27,28.3,3.3775875160230218,68,42
4753,149200140,2019-11-01,23.9,3.214867803470662,68,43
4754,150180100,2019-05-01,7.08,2.089391872533004,55,97
4755,150180100,2019-05-18,6.36,1.9960599327407849,55,103
4756,150180100,2019-05-31,4.12,1.6331544390514163,55,102
4757,150180100,2019-06-12,3.34,1.4678743481123135,55,98
4758,150180100,2019-06-17,3.25,1.4469189829363254,55,94
4759,150180100,2019-06-25,2.9,1.3609765531356006,55,95
4760,150180100,2019-06-27,2.7,1.308332819650179,55,93
4761,150180100,2019-06-30,6.45,2.0082140323914683,55,91
4762,150180100,2019-08-24,2.11,1.1346227261911428,55,96
4763,150180100,2019-08-29,1.82,1.0367368849500223,55,100
4764,150180100,2019-09-05,1.75,1.0116009116784799,55,90
4765,150180100,2019-09-15,1.76,1.0152306797290587,55,99
4766,150180100,2019-10-20,1.92,1.0715836162801904,55,101
4767,153160030,2019-05-14,0.59,0.46373401623214017,61,169
4768,153160030,2019-06-03,0.54,0.43178241642553783,61,168
4769,153160030,2019-06-05,0.51,0.412109650826833,61,165
4770,153160030,2019-06-15,0.34,0.29266961396282,61,170
4771,153160030,2019-06-30,0.18,0.16551443847757338,61,171
4772,153160030,2019-08-24,0.16,0.14842000511827327,61,166
4773,153160030,2019-08-27,0.16,0.14842000511827327,61,164
4774,153160030,2019-09-01,0.14,0.1310282624064041,61,167
4775,153160030,2019-10-18,0.09,0.08617769624105233,61,172
4776,153160030,2019-10-31,0.1,0.09531017980432487,61,173
4777,153150010,2019-06-03,8.91,2.2935443483418965,62,31
4778,153150010,2019-07-18,5.44,1.8625285401162623,62,30
4779,153150010,2019-07-28,3.45,1.4929040961781488,62,32
4780,153150010,2019-08-27,1.4,0.8754687373538999,62,33
4781,153150010,2019-09-01,1.35,0.8544153281560676,62,35
4782,153150010,2019-09-11,1.43,0.8878912573524571,62,34
4783,154160070,2019-06-03,14.7,2.7536607123542622,62,156
4784,154160070,2019-06-05,14.2,2.7212954278522306,62,152
4785,154160070,2019-06-23,12.5,2.6026896854443837,62,157
4786,154160070,2019-06-30,12.3,2.5877640352277083,62,153
4787,154160070,2019-08-27,9.59,2.359910159613315,62,154
4788,154160070,2019-09-01,9.39,2.340843805111136,62,155
4789,154160070,2019-09-11,11.7,2.5416019934645457,62,158
4790,149200220,2019-07-29,59.0,4.0943445622221,68,207
4791,149200220,2019-08-28,17.9,2.9391619220655967,68,208
4792,149200220,2019-09-22,24.0,3.2188758248682006,68,205
4793,149200220,2019-10-17,24.5,3.2386784521643803,68,206
4794,149200220,2019-10-27,10.6,2.451005098112319,68,209
4795,150210060,2019-06-09,2.11,1.1346227261911428,69,138
4796,150210060,2019-08-23,2.15,1.1474024528375417,69,139
4797,150210060,2019-09-22,1.73,1.0043016091968684,69,136
4798,150210060,2019-10-12,1.51,0.9202827531436926,69,140
4799,150210060,2019-10-27,1.43,0.8878912573524571,69,137
4800,154179991,2019-06-03,0.2,0.18232155679395462,79,239
4801,154179991,2019-06-30,0.2,0.18232155679395462,79,238
4802,153160080,2019-05-14,0.71,0.5364933705145685,62,92
4803,153160080,2019-06-03,0.69,0.5247285289349821,62,90
4804,153160080,2019-06-15,0.54,0.43178241642553783,62,91
4805,153160080,2019-06-30,0.42,0.35065687161316933,62,89
4806,153160080,2019-08-24,0.25,0.22314355131420976,62,93
4807,153160080,2019-08-27,0.23,0.20701416938432615,62,94
4808,153160080,2019-09-11,0.23,0.20701416938432615,62,96
4809,153160080,2019-10-18,0.18,0.16551443847757338,62,95
4810,152200080,2019-06-09,0.54,0.43178241642553783,78,66
4811,152200080,2019-06-12,0.42,0.35065687161316933,78,68
4812,152200080,2019-06-22,0.45,0.37156355643248307,78,72
4813,152200080,2019-08-23,0.25,0.22314355131420976,78,73
4814,152200080,2019-08-28,0.17,0.15700374880966475,78,69
4815,152200080,2019-09-05,0.08,0.07696104113612832,78,67
4816,152200080,2019-09-12,0.18,0.16551443847757338,78,70
4817,152200080,2019-09-22,0.07,0.06765864847381481,78,71
4818,152200080,2019-10-20,0.043,0.04210117601863539,78,74
4819,149200130,2019-05-18,1.46,0.9001613499442714,67,205
4820,149200130,2019-05-25,1.1,0.7419373447293773,67,208
4821,149200130,2019-06-09,0.9,0.6418538861723948,67,204
4822,149200130,2019-06-12,0.94,0.6626879730752367,67,201
4823,149200130,2019-07-29,5.38,1.8531680973566984,67,200
4824,149200130,2019-08-26,0.78,0.5766133643039938,67,202
4825,149200130,2019-09-05,0.38,0.32208349916911333,67,209
4826,149200130,2019-09-12,0.36,0.3074846997479606,67,206
4827,149200130,2019-09-22,3.86,1.5810384379124023,67,196
4828,149200130,2019-10-17,1.35,0.8544153281560676,67,207
4829,149200130,2019-10-20,0.81,0.5933268452777344,67,197
4830,149200130,2019-10-25,0.62,0.4824261492442927,67,198
4831,149200130,2019-10-27,0.55,0.4382549309311553,67,199
4832,153220130,2019-05-20,48.8,3.9080149840306073,74,222
4833,153220130,2019-05-30,42.9,3.7819143200811256,74,220
4834,153220130,2019-06-04,38.6,3.6788291182604347,74,221
4835,153220130,2019-06-09,32.5,3.5115454388310208,74,218
4836,153220130,2019-06-24,19.2,3.005682604407159,74,219
4837,153220130,2019-08-23,9.02,2.3045830956567186,74,224
4838,153220130,2019-08-28,6.26,1.9823798288367047,74,223
4839,153220130,2019-09-27,10.7,2.4595888418037104,74,225
4840,153220130,2019-10-22,16.8,2.8791984572980396,74,226
4841,149190310,2019-05-25,9.29,2.331172549845958,67,125
4842,149190310,2019-06-09,5.31,1.8421356765531218,67,120
4843,149190310,2019-06-12,4.55,1.713797927758343,67,124
4844,149190310,2019-07-29,23.5,3.1986731175506815,67,121
4845,149190310,2019-08-26,2.56,1.269760544863939,67,119
4846,149190310,2019-08-28,2.2,1.1631508098056809,67,123
4847,149190310,2019-09-05,1.93,1.0750024230289759,67,118
4848,149190310,2019-09-22,7.3,2.1162555148025524,67,113
4849,149190310,2019-10-17,7.33,2.1198634561787513,67,122
4850,149190310,2019-10-20,3.78,1.5644405465033646,67,114
4851,149190310,2019-10-25,2.25,1.1786549963416462,67,115
4852,149190310,2019-10-27,2.33,1.2029723039923526,67,116
4853,152210050,2019-05-20,1.22,0.7975071958841881,78,22
4854,152210050,2019-06-04,0.41,0.3435897043900769,78,20
4855,152210050,2019-06-09,0.37,0.31481073984003355,78,16
4856,152210050,2019-06-12,0.32,0.2776317365982795,78,19
4857,152210050,2019-06-22,0.27,0.23901690047049992,78,21
4858,152210050,2019-06-24,0.26,0.23111172096338664,78,18
4859,152210050,2019-08-28,0.06,0.058268908123975775,78,17
4860,152210050,2019-09-05,0.038,0.037295784743696894,78,15
4861,150240010,2019-07-01,20.4,3.0633909220278057,77,45
4862,150240010,2019-08-20,48.4,3.899950424193877,77,48
4863,150240010,2019-08-25,40.5,3.725693427236653,77,44
4864,150240010,2019-09-24,16.3,2.8507065015037334,77,43
4865,150240010,2019-10-14,14.8,2.760009940032921,77,46
4866,150240010,2019-10-19,23.4,3.1945831322991562,77,47
4867,150240010,2019-10-24,24.1,3.2228678461377385,77,49
4868,149190200,2019-05-25,2.34,1.205970806988609,67,21
4869,149190210,2019-05-25,8.36,2.2364452904895007,66,207
4870,149190200,2019-06-09,0.96,0.6729444732424258,67,11
4871,149190210,2019-06-09,5.88,1.9286186519452522,66,196
4872,149190210,2019-06-12,4.68,1.7369512327330598,66,197
4873,149190200,2019-07-29,2.77,1.3270750014599193,67,13
4874,149190210,2019-07-29,10.6,2.451005098112319,66,198
4875,149190200,2019-08-26,0.25,0.22314355131420976,67,15
4876,149190210,2019-08-26,1.68,0.9858167945227653,66,199
4877,149190200,2019-08-28,0.23,0.20701416938432615,67,18
4878,149190210,2019-08-28,1.46,0.9001613499442714,66,203
4879,149190200,2019-09-05,0.18,0.16551443847757338,67,14
4880,149190210,2019-09-05,1.1,0.7419373447293773,66,200
4881,149190200,2019-09-12,0.24,0.2151113796169455,67,19
4882,149190210,2019-09-12,1.31,0.8372475245337022,66,204
4883,149190200,2019-09-15,0.38,0.32208349916911333,67,16
4884,149190210,2019-09-15,2.18,1.1568811967920856,66,202
4885,149190200,2019-09-22,0.69,0.5247285289349821,67,9
4886,149190210,2019-09-22,8.39,2.2396452932201716,66,193
4887,149190200,2019-10-17,0.58,0.4574248470388754,67,20
4888,149190210,2019-10-17,4.23,1.6544112780768316,66,205
4889,149190200,2019-10-20,1.66,0.9783261227936076,67,12
4890,149190210,2019-10-20,2.64,1.2919836816486494,66,194
4891,149190200,2019-10-25,0.3,0.26236426446749106,67,22
4892,149190210,2019-10-25,1.11,0.7466879474879752,66,206
4893,149190200,2019-10-27,0.65,0.5007752879124893,67,10
4894,149190210,2019-10-27,1.7,0.9932517730102834,66,195
4895,149190210,2019-11-01,1.2,0.7884573603642702,66,208
4896,151190100,2019-06-09,11.2,2.501435951739211,73,243
4897,151190100,2019-06-12,11.2,2.501435951739211,73,247
4898,151190100,2019-07-29,24.9,3.254242968705492,73,242
4899,151190100,2019-08-26,9.25,2.327277705584417,73,245
4900,151190100,2019-09-05,8.1,2.2082744135228043,73,244
4901,151190100,2019-09-22,7.58,2.149433913499871,73,239
4902,151190100,2019-10-12,7.02,2.081938421878423,73,248
4903,151190100,2019-10-20,7.91,2.187174241482718,73,240
4904,151190100,2019-10-27,7.68,2.1610215286722587,73,241
4905,153230110,2019-05-20,10.5,2.4423470353692043,75,114
4906,153230110,2019-05-30,6.3,1.9878743481543455,75,110
4907,153230110,2019-06-04,5.22,1.827769906751088,75,109
4908,153230110,2019-06-09,4.79,1.7561322915849038,75,106
4909,153230110,2019-06-24,4.2,1.6486586255873816,75,108
4910,153230110,2019-07-31,3.5,1.5040773967762742,75,111
4911,153230110,2019-08-05,2.58,1.275362800412609,75,115
4912,153230110,2019-08-23,2.08,1.1249295969854831,75,119
4913,153230110,2019-08-25,1.92,1.0715836162801904,75,107
4914,153230110,2019-08-28,1.73,1.0043016091968684,75,113
4915,153230110,2019-08-30,1.67,0.9820784724121581,75,112
4916,153230110,2019-09-04,1.63,0.9669838461896731,75,118
4917,153230110,2019-09-24,2.35,1.208960345836975,75,117
4918,153230110,2019-09-27,2.19,1.1600209167967532,75,116
4919,153230110,2019-10-14,2.66,1.297463147413275,75,120
4920,152220080,2019-05-20,21.3,3.104586678466073,74,201
4921,152220080,2019-05-30,20.0,3.044522437723423,74,200
4922,152220080,2019-06-04,15.0,2.772588722239781,74,199
4923,152220080,2019-06-09,11.7,2.5416019934645457,74,196
4924,152220080,2019-06-11,11.1,2.4932054526026954,74,197
4925,152220080,2019-06-24,9.03,2.305580601973844,74,198
4926,152220080,2019-08-23,4.13,1.635105659182678,74,202
4927,152220080,2019-08-25,3.82,1.5727739280625088,74,195
4928,152220080,2019-08-28,3.69,1.545432582458188,74,203
4929,152220080,2019-09-24,3.83,1.5748464676644813,74,204
4930,152220080,2019-10-14,3.7,1.547562508716013,74,205
4931,152220080,2019-10-22,5.22,1.827769906751088,74,207
4932,152220080,2019-10-27,4.33,1.6733512381777533,74,206
4933,150230060,2019-06-11,0.72,0.5423242908253616,73,29
4934,150230060,2019-06-26,0.68,0.5187937934151676,73,26
4935,150230060,2019-08-18,0.45,0.37156355643248307,73,27
4936,150230060,2019-08-25,0.44,0.36464311358790924,73,28
4937,150230060,2019-08-28,0.44,0.36464311358790924,73,24
4938,150230060,2019-09-12,0.38,0.32208349916911333,73,25
4939,150230060,2019-09-22,0.39,0.3293037471426004,73,20
4940,150230060,2019-09-24,0.38,0.32208349916911333,73,21
4941,150230060,2019-10-14,0.53,0.4252677354043441,73,22
4942,150230060,2019-10-24,0.42,0.35065687161316933,73,31
4943,150230060,2019-10-27,0.39,0.3293037471426004,73,23
4944,150230060,2019-11-03,0.39,0.3293037471426004,73,30
4945,153170060,2019-05-14,12.1,2.5726122302071057,79,106
4946,153170070,2019-05-14,5.14,1.814824742159051,79,133
4947,153170060,2019-06-03,11.7,2.5416019934645457,79,100
4948,153170070,2019-06-03,4.89,1.7732559976634952,79,131
4949,153170060,2019-06-05,11.4,2.517696472610991,79,104
4950,153170070,2019-06-05,4.73,1.7457155307266483,79,137
4951,153170060,2019-06-15,10.5,2.4423470353692043,79,99
4952,153170070,2019-06-15,4.35,1.6770965609079151,79,130
4953,153170060,2019-06-30,8.87,2.28949985344539,79,103
4954,153170070,2019-06-30,4.02,1.6134299337036377,79,135
4955,153170060,2019-08-24,6.22,1.9768549529047348,79,102
4956,153170070,2019-08-24,4.26,1.6601310267496183,79,132
4957,153170060,2019-08-27,6.2,1.9740810260220096,79,101
4958,153170070,2019-08-27,4.11,1.631199404215613,79,134
4959,153170060,2019-09-01,6.2,1.9740810260220096,79,105
4960,153170070,2019-09-01,3.79,1.5665304114228238,79,136
4961,153170060,2019-09-11,6.51,2.0162354657760435,79,107
4962,153170070,2019-09-11,3.08,1.4060969884160703,79,138
4963,150190070,2019-05-18,4.46,1.6974487897568138,65,187
4964,150190070,2019-05-25,2.75,1.3217558399823195,65,185
4965,150190070,2019-06-09,2.25,1.1786549963416462,65,179
4966,150190070,2019-06-12,2.25,1.1786549963416462,65,183
4967,150190070,2019-07-29,5.2,1.8245492920510458,65,182
4968,150190070,2019-08-26,2.8,1.33500106673234,65,188
4969,150190070,2019-08-28,2.83,1.3428648031925547,65,184
4970,150190070,2019-09-05,2.22,1.169381359556317,65,178
4971,150190070,2019-09-12,2.27,1.184789984909162,65,186
4972,150190070,2019-09-15,2.41,1.2267122912954256,65,180
4973,150190070,2019-09-22,2.2,1.1631508098056809,65,175
4974,150190070,2019-10-17,1.88,1.0577902941478545,65,189
4975,150190070,2019-10-20,1.71,0.9969486348916095,65,176
4976,150190070,2019-10-25,1.99,1.095273387402595,65,190
4977,150190070,2019-10-27,1.85,1.0473189942805592,65,177
4978,149200020,2019-07-04,11.5,2.5257286443082556,68,131
4979,149200020,2019-07-29,11.4,2.517696472610991,68,127
4980,149200020,2019-08-28,4.28,1.66392609771817,68,130
4981,149200020,2019-09-05,3.24,1.4445632692438664,68,128
4982,149200020,2019-09-15,3.15,1.423108334242607,68,123
4983,149200020,2019-09-22,3.32,1.463255402256019,68,124
4984,149200020,2019-10-17,8.21,2.2202898502672155,68,125
4985,149200020,2019-10-25,4.07,1.623340817603092,68,126
4986,149200020,2019-10-27,3.6,1.5260563034950494,68,132
4987,149200020,2019-11-01,4.62,1.7263316639055997,68,133
4988,150160110,2019-06-25,1.1,0.7419373447293773,55,236
4989,150160110,2019-06-30,3.09,1.4085449700547104,55,234
4990,150160110,2019-07-25,2.1,1.1314021114911006,55,235
4991,152160080,2019-06-03,0.46,0.3784364357202451,60,148
4992,152160080,2019-06-15,0.27,0.23901690047049992,60,151
4993,152160080,2019-06-25,0.25,0.22314355131420976,60,152
4994,152160080,2019-06-30,0.26,0.23111172096338664,60,150
4995,152160080,2019-07-25,0.34,0.29266961396282,60,154
4996,152160080,2019-08-24,0.11,0.10436001532424277,60,149
4997,152160080,2019-09-23,0.13,0.12221763272424921,60,153
4998,152160080,2019-11-30,0.043,0.04210117601863539,60,147
4999,149220020,2019-06-16,1.83,1.0402767116551463,71,3
5000,149220020,2019-07-01,13.3,2.6602595372658615,71,4
5001,149220020,2019-07-04,12.8,2.624668592163159,71,5
5002,149220020,2019-07-29,3.73,1.5539252025038417,71,8
5003,149220020,2019-08-28,0.75,0.5596157879354227,71,6
5004,149220020,2019-08-30,0.71,0.5364933705145685,71,7
5005,149220020,2019-09-04,0.68,0.5187937934151676,71,11
5006,149220020,2019-09-22,0.99,0.688134638736401,71,1
5007,149220020,2019-10-07,0.57,0.4510756193602167,71,10
5008,149220020,2019-10-14,50.8,3.9473901492654373,71,2
5009,149220020,2019-10-17,1.99,1.095273387402595,71,9
5010,149220020,2019-10-19,0.98,0.6830968447064438,71,12
5011,149200180,2019-07-04,2.38,1.2178757094949273,68,179
5012,149200180,2019-07-29,2.58,1.275362800412609,68,180
5013,149200180,2019-08-28,0.91,0.6471032420585385,68,181
5014,149200180,2019-09-22,0.57,0.4510756193602167,68,177
5015,149200180,2019-10-17,0.58,0.4574248470388754,68,178
5016,153220290,2019-05-30,1.59,0.9516578757114464,76,7
5017,153220290,2019-06-04,1.34,0.8501509293696101,76,5
5018,153220290,2019-06-09,1.13,0.7561219797213337,76,4
5019,153220290,2019-06-24,0.79,0.5822156198526637,76,6
5020,153220290,2019-07-19,0.86,0.6205764877251099,76,8
5021,153160150,2019-05-14,0.92,0.6523251860396903,61,102
5022,153160150,2019-06-03,0.98,0.6830968447064438,61,100
5023,153160150,2019-06-30,0.18,0.16551443847757338,61,99
5024,153160150,2019-08-24,0.37,0.31481073984003355,61,101
5025,153160150,2019-08-27,0.35,0.30010459245033805,61,98
5026,153160150,2019-09-01,0.32,0.2776317365982795,61,103
5027,151190020,2019-06-12,4.07,1.623340817603092,59,128
5028,151190020,2019-06-17,3.67,1.541159071680806,59,130
5029,151190020,2019-06-27,3.54,1.5129270120532565,59,129
5030,151190020,2019-08-26,3.12,1.415853163361435,59,131
5031,151190020,2019-09-05,2.61,1.2837077723447896,59,126
5032,151190020,2019-09-15,2.38,1.2178757094949273,59,133
5033,151190020,2019-10-20,2.49,1.2499017362143359,59,132
5034,150210020,2019-07-29,692.0,6.541029999189903,64,39
5035,150210020,2019-08-28,153.0,5.0369526024136295,64,40
5036,150210020,2019-09-12,101.0,4.624972813284271,64,41
5037,150210020,2019-09-22,118.0,4.77912349311153,64,37
5038,150210020,2019-10-17,183.0,5.214935757608986,64,42
5039,150210020,2019-10-27,106.0,4.672828834461906,64,38
5040,153210140,2019-05-20,3.29,1.4562867329399256,76,212
5041,153210140,2019-05-30,2.13,1.1410330045520618,76,209
5042,153210140,2019-06-09,1.42,0.8837675401685949,76,206
5043,153210140,2019-06-12,1.41,0.8796267475025636,76,210
5044,153210140,2019-06-22,1.17,0.7747271675523681,76,203
5045,153210140,2019-06-24,1.1,0.7419373447293773,76,205
5046,153210140,2019-08-23,0.56,0.44468582126144574,76,204
5047,153210140,2019-08-26,0.45,0.37156355643248307,76,207
5048,153210140,2019-08-28,0.43,0.3576744442718159,76,208
5049,153210140,2019-09-05,0.37,0.31481073984003355,76,202
5050,153210140,2019-10-20,0.2,0.18232155679395462,76,211
5051,151150130,2019-06-03,2.29,1.1908875647772805,58,2
5052,151150130,2019-06-15,1.56,0.9400072584914712,58,6
5053,151150130,2019-06-25,0.94,0.6626879730752367,58,7
5054,151150130,2019-06-30,1.03,0.708035793053696,58,1
5055,151150130,2019-09-01,0.27,0.23901690047049992,58,4
5056,151150130,2019-09-11,0.21,0.1906203596086497,58,5
5057,151150130,2019-09-21,0.23,0.20701416938432615,58,3
5058,151150130,2019-10-13,0.35,0.30010459245033805,58,0
5059,153200020,2019-06-12,1.84,1.0438040521731147,78,44
5060,153200020,2019-06-22,1.56,0.9400072584914712,78,43
5061,153200020,2019-09-05,0.4,0.33647223662121295,78,45
5062,153230070,2019-05-12,6.19,1.9726911717329554,75,188
5063,153230070,2019-05-30,4.6,1.7227665977411035,75,185
5064,153230070,2019-06-04,3.39,1.47932922708708,75,183
5065,153230070,2019-06-09,2.79,1.332366019094335,75,182
5066,153230070,2019-06-11,2.71,1.3110318766193438,75,191
5067,153230070,2019-06-24,2.35,1.208960345836975,75,184
5068,153230070,2019-07-19,3.65,1.536867219599265,75,186
5069,153230070,2019-07-31,1.57,0.9439058989071285,75,187
5070,153230070,2019-08-25,0.66,0.5068176023684519,75,190
5071,153230070,2019-08-30,0.59,0.46373401623214017,75,189
5072,153230070,2019-09-27,0.62,0.4824261492442927,75,193
5073,153230070,2019-10-14,0.54,0.43178241642553783,75,192
5074,153230070,2019-10-22,0.63,0.48858001481867097,75,194
5075,151160130,2019-06-15,103.0,4.6443908991413725,54,38
5076,151160130,2019-06-30,91.7,4.529368472571809,54,37
5077,151160130,2019-10-06,30.0,3.4339872044851463,54,39
5078,151160130,2019-10-13,26.6,3.3178157727231046,54,36
5079,151160230,2019-05-18,0.87,0.6259384308664953,56,109
5080,151160230,2019-06-17,0.59,0.46373401623214017,56,107
5081,151160230,2019-06-25,0.56,0.44468582126144574,56,105
5082,151160230,2019-06-27,0.56,0.44468582126144574,56,103
5083,151160230,2019-06-30,1.4,0.8754687373538999,56,102
5084,151160230,2019-07-25,2.1,1.1314021114911006,56,106
5085,152170010,2019-06-05,57.0,4.060443010546419,59,42
5086,152170010,2019-06-20,46.4,3.858622228701031,59,40
5087,152170010,2019-06-30,42.3,3.768152635008444,59,39
5088,152170010,2019-09-23,26.8,3.3250360206965914,59,41
5089,153190010,2019-05-01,1.38,0.8671004876833832,79,199
5090,153190010,2019-06-02,0.9,0.6418538861723948,79,197
5091,153190010,2019-06-05,0.82,0.598836501088704,79,198
5092,153190010,2019-06-12,0.56,0.44468582126144574,79,196
5093,153190010,2019-06-30,0.32,0.2776317365982795,79,200
5094,153190010,2019-07-15,0.82,0.598836501088704,79,205
5095,153190010,2019-07-20,1.24,0.8064758658669485,79,203
5096,153190010,2019-08-24,0.26,0.23111172096338664,79,201
5097,153190010,2019-08-26,0.19,0.173953307123438,79,202
5098,153190010,2019-08-29,0.19,0.173953307123438,79,204
5099,151150170,2019-05-19,1.52,0.924258901523332,56,185
5100,151150170,2019-05-24,1.16,0.7701082216960736,56,184
5101,151150170,2019-06-03,0.85,0.6151856390902335,56,182
5102,151150170,2019-06-05,0.78,0.5766133643039938,56,183
5103,151150170,2019-06-25,0.48,0.3920420877760237,56,181
5104,151150170,2019-06-30,0.88,0.6312717768418579,56,180
5105,151150170,2019-07-03,0.57,0.4510756193602167,56,186
5106,151150170,2019-09-21,0.24,0.2151113796169455,56,179
5107,153190190,2019-05-01,1.26,0.8153648132841945,79,80
5108,153190190,2019-06-12,1.07,0.7275486072772778,79,74
5109,153190190,2019-06-30,0.82,0.598836501088704,79,78
5110,153190190,2019-07-20,1.14,0.76080582903376,79,79
5111,153190190,2019-08-24,0.64,0.49469624183610705,79,73
5112,153190190,2019-08-26,0.61,0.4762341789963716,79,75
5113,153190190,2019-08-29,0.54,0.43178241642553783,79,77
5114,151220080,2019-06-09,5.83,1.9213246735826988,73,96
5115,151220080,2019-06-11,5.31,1.8421356765531218,73,90
5116,151220080,2019-06-24,5.89,1.9300710850255671,73,92
5117,151220080,2019-06-26,5.2,1.8245492920510458,73,88
5118,151220080,2019-07-29,5.47,1.8671761085128091,73,89
5119,151220080,2019-08-18,3.27,1.4516138272405332,73,98
5120,151220080,2019-08-23,2.75,1.3217558399823195,73,93
5121,151220080,2019-08-25,2.43,1.2325602611778486,73,91
5122,151220080,2019-08-28,1.96,1.085189268335969,73,85
5123,151220080,2019-09-22,1.32,0.8415671856782186,73,94
5124,151220080,2019-09-24,1.32,0.8415671856782186,73,97
5125,151220080,2019-10-12,1.34,0.8501509293696101,73,95
5126,151220080,2019-10-14,1.4,0.8754687373538999,73,86
5127,151220080,2019-10-27,1.55,0.9360933591703348,73,87
5128,151220080,2019-11-01,1.38,0.8671004876833832,73,99
5129,154180150,2019-05-01,1190.0,7.0825485693553,64,204
5130,154180150,2019-06-05,988.0,6.8966943316227125,64,200
5131,154180150,2019-06-12,778.0,6.658011045870748,64,205
5132,154180150,2019-06-17,756.0,6.6293632534374485,64,207
5133,154180150,2019-06-20,704.0,6.558197802812269,64,199
5134,154180150,2019-06-30,572.0,6.35088571671474,64,198
5135,154180150,2019-07-15,993.0,6.901737206656574,64,201
5136,154180150,2019-07-20,799.0,6.684611727667927,64,206
5137,154180150,2019-08-24,671.0,6.51025834052315,64,203
5138,154180150,2019-08-26,665.0,6.501289670540389,64,202
5139,149220100,2019-06-01,23.4,3.1945831322991562,70,218
5140,149220100,2019-06-16,6.03,1.9501867058225737,70,224
5141,149220100,2019-07-01,58.4,4.084294226368599,70,219
5142,149220100,2019-07-04,23.0,3.1780538303479458,70,226
5143,149220100,2019-08-28,2.19,1.1600209167967532,70,221
5144,149220100,2019-08-30,1.66,0.9783261227936076,70,220
5145,149220100,2019-09-12,1.69,0.9895411936137477,70,222
5146,149220100,2019-09-22,2.85,1.3480731482996928,70,214
5147,149220100,2019-10-02,0.92,0.6523251860396903,70,223
5148,149220100,2019-10-14,57.2,4.063885354737392,70,215
5149,149220100,2019-10-17,4.31,1.6695918352538475,70,216
5150,149220100,2019-10-24,1.34,0.8501509293696101,70,225
5151,149220100,2019-10-27,1.57,0.9439058989071285,70,217
5152,153180040,2019-05-01,1.46,0.9001613499442714,79,170
5153,153180040,2019-06-05,1.25,0.8109302162163288,79,167
5154,153180040,2019-06-12,1.25,0.8109302162163288,79,168
5155,153180040,2019-06-30,1.25,0.8109302162163288,79,169
5156,153180040,2019-07-15,1.46,0.9001613499442714,79,175
5157,153180040,2019-08-24,1.25,0.8109302162163288,79,171
5158,153180040,2019-08-26,1.04,0.712949807856125,79,172
5159,153180040,2019-08-29,0.87,0.6259384308664953,79,174
5160,150160080,2019-06-05,1.38,0.8671004876833832,55,239
5161,150160080,2019-06-30,4.11,1.631199404215613,55,237
5162,150160080,2019-07-25,3.02,1.3912819026309298,55,238
5163,150200040,2019-06-09,4.32,1.6714733033535532,69,86
5164,150200040,2019-06-12,4.09,1.6272778305624314,69,81
5165,150200040,2019-06-27,3.31,1.4609379041156565,69,82
5166,150200040,2019-07-29,8.66,2.2679936482244267,69,88
5167,150200040,2019-08-26,2.95,1.3737155789130306,69,84
5168,150200040,2019-08-28,2.6,1.2809338454620645,69,85
5169,150200040,2019-09-05,2.01,1.1019400787607843,69,83
5170,150200040,2019-09-22,1.96,1.085189268335969,69,78
5171,150200040,2019-10-12,2.82,1.3402504226184837,69,87
5172,150200040,2019-10-20,3.09,1.4085449700547104,69,79
5173,150200040,2019-10-27,2.35,1.208960345836975,69,80
5174,153200040,2019-08-11,0.68,0.5187937934151676,80,44
5175,153200040,2019-08-26,0.75,0.5596157879354227,80,45
5176,149210060,2019-06-11,3.89,1.5871923034867808,69,229
5177,149210060,2019-06-16,5.19,1.8229350866965048,69,228
5178,149210060,2019-06-26,3.88,1.5851452198650557,69,227
5179,149210060,2019-07-29,17.0,2.8903717578961645,69,230
5180,149210060,2019-08-28,3.77,1.5623463049002497,69,231
5181,149210060,2019-09-04,3.56,1.5173226235262947,69,233
5182,149210060,2019-09-12,3.56,1.5173226235262947,69,232
5183,149210060,2019-09-22,4.77,1.752672080520008,69,224
5184,149210060,2019-10-14,23.0,3.1780538303479458,69,226
5185,149210060,2019-10-17,4.79,1.7561322915849038,69,234
5186,149210060,2019-10-27,3.22,1.4398351280479205,69,225
5187,153180090,2019-05-01,1120.0,7.02197642307216,64,162
5188,153180090,2019-06-02,889.0,6.7912214627261855,64,161
5189,153180090,2019-06-12,675.0,6.516193076042964,64,166
5190,153180090,2019-06-22,595.0,6.39024066706535,64,163
5191,153180090,2019-06-30,483.0,6.182084906716632,64,160
5192,153180090,2019-08-24,592.0,6.385194398997726,64,159
5193,153180090,2019-08-26,661.0,6.495265555937008,64,164
5194,153180090,2019-08-29,561.0,6.331501849893691,64,165
5195,151230010,2019-06-11,6.65,2.0347056478384444,72,216
5196,151230010,2019-06-26,6.43,2.005525858729668,72,215
5197,151230010,2019-08-18,4.43,1.691939133945844,72,218
5198,151230010,2019-08-25,4.54,1.7119945007591926,72,217
5199,151230010,2019-08-28,4.23,1.6544112780768316,72,214
5200,151230010,2019-09-12,4.35,1.6770965609079151,72,219
5201,151230010,2019-09-22,4.69,1.7387102481382395,72,210
5202,151230010,2019-09-24,4.72,1.7439688053917064,72,211
5203,151230010,2019-10-14,5.52,1.8748743759385615,72,212
5204,151230010,2019-10-27,5.42,1.8594181177018698,72,213
5205,152170150,2019-06-12,0.4,0.33647223662121295,59,231
5206,152170150,2019-06-25,0.15,0.13976194237515868,59,226
5207,152170150,2019-06-30,0.34,0.29266961396282,59,223
5208,152170150,2019-08-24,0.024,0.023716526617316044,59,225
5209,152170150,2019-08-26,0.026,0.02566774674857779,59,232
5210,152170150,2019-08-29,0.011,0.010939940038334364,59,227
5211,152170150,2019-09-05,0.004,0.003992021269537453,59,229
5212,152170150,2019-09-23,0.001,0.0009995003330835331,59,228
5213,152170150,2019-10-20,0.0,0.0,59,230
5214,149200110,2019-07-04,14.1,2.714694743820879,68,163
5215,149200110,2019-07-29,33.9,3.5524868292083815,68,161
5216,149200110,2019-08-28,6.79,2.052840859882657,68,162
5217,149200110,2019-09-05,4.52,1.7083778602890038,68,165
5218,149200110,2019-09-15,4.51,1.706564623164823,68,157
5219,149200110,2019-09-22,7.43,2.131796772013764,68,158
5220,149200110,2019-10-17,9.67,2.367436065313662,68,159
5221,149200110,2019-10-25,4.88,1.7715567619105355,68,160
5222,149200110,2019-10-27,4.4,1.6863989535702286,68,166
5223,150220080,2019-06-11,10.7,2.4595888418037104,71,185
5224,150220080,2019-06-16,9.03,2.305580601973844,71,181
5225,150220080,2019-06-26,8.4,2.2407096892759584,71,184
5226,150220080,2019-07-01,34.3,3.563882963939251,71,183
5227,150220080,2019-07-16,67.1,4.220977213155467,71,190
5228,150220080,2019-07-29,56.4,4.050044303325521,71,188
5229,150220080,2019-08-28,8.99,2.301584592660462,71,182
5230,150220080,2019-08-30,7.77,2.1713368063840917,71,189
5231,150220080,2019-09-12,6.28,1.9851308622085946,71,186
5232,150220080,2019-09-22,9.25,2.327277705584417,71,176
5233,150220080,2019-10-02,7.15,2.0980179272527715,71,187
5234,150220080,2019-10-14,16.1,2.8390784635086144,71,177
5235,150220080,2019-10-17,35.8,3.6054978451748854,71,178
5236,150220080,2019-10-27,5.82,1.9198594718553708,71,179
5237,150220080,2019-11-01,5.07,1.803358605071407,71,180
5238,152200020,2019-06-12,5.84,1.922787731634459,78,26
5239,152200020,2019-06-22,4.62,1.7263316639055997,78,28
5240,152200020,2019-09-05,1.79,1.0260415958332743,78,27
5241,154150010,2019-05-14,21.5,3.1135153092103742,62,80
5242,154150010,2019-06-03,17.8,2.9338568698359033,62,83
5243,154150010,2019-06-26,12.4,2.5952547069568657,62,79
5244,154150010,2019-07-01,12.1,2.5726122302071057,62,76
5245,154150010,2019-07-11,12.9,2.631888840136646,62,77
5246,154150010,2019-07-26,13.0,2.639057329615259,62,78
5247,154150010,2019-08-27,10.2,2.4159137783010487,62,81
5248,154150010,2019-10-14,6.25,1.9810014688665833,62,82
5249,152230060,2019-05-20,0.81,0.5933268452777344,75,57
5250,152230060,2019-05-30,0.34,0.29266961396282,75,54
5251,152230060,2019-06-04,0.23,0.20701416938432615,75,55
5252,152230060,2019-06-09,0.19,0.173953307123438,75,50
5253,152230060,2019-06-11,0.18,0.16551443847757338,75,52
5254,152230060,2019-06-24,0.14,0.1310282624064041,75,53
5255,152230060,2019-08-23,0.042,0.04114194333117518,75,59
5256,152230060,2019-08-25,0.036,0.035367143837291316,75,51
5257,152230060,2019-08-28,0.029,0.028587456851912555,75,56
5258,152230060,2019-09-04,0.025,0.0246926125903715,75,62
5259,152230060,2019-09-24,0.031,0.030529205034822874,75,58
5260,152230060,2019-10-14,0.034,0.03343477608623739,75,61
5261,152230060,2019-10-27,0.08,0.07696104113612832,75,60
5262,153170120,2019-06-05,18.9,2.990719731730447,79,109
5263,153170120,2019-06-15,18.7,2.9806186357439426,79,110
5264,153170120,2019-06-30,16.5,2.8622008809294686,79,108
5265,153170120,2019-08-24,11.7,2.5416019934645457,79,111
5266,150180020,2019-05-01,9.51,2.3523271848888596,55,129
5267,150180020,2019-05-18,9.4,2.341805806147327,55,127
5268,150180020,2019-05-31,5.85,1.9242486522741338,55,124
5269,150180020,2019-06-05,3.0,1.3862943611198906,55,123
5270,150180020,2019-06-12,3.0,1.3862943611198906,55,121
5271,150180020,2019-06-27,3.0,1.3862943611198906,55,122
5272,150180020,2019-06-30,3.24,1.4445632692438664,55,120
5273,150180020,2019-08-24,3.2,1.4350845252893227,55,128
5274,150180020,2019-08-29,3.04,1.3962446919730587,55,125
5275,150180020,2019-09-05,2.8,1.33500106673234,55,118
5276,150180020,2019-09-15,2.94,1.3711807233098425,55,126
5277,150180020,2019-10-20,2.87,1.3532545070416904,55,130
5278,150140030,2019-06-03,0.5,0.4054651081081644,58,118
5279,150140030,2019-06-30,0.45,0.37156355643248307,58,119
5280,150140030,2019-09-21,0.44,0.36464311358790924,58,117
5281,150180120,2019-06-12,0.7,0.5306282510621704,54,221
5282,150180120,2019-08-26,0.4,0.33647223662121295,54,220
5283,150180120,2019-09-05,0.41,0.3435897043900769,54,217
5284,150180120,2019-09-15,0.47,0.3852624007906449,54,219
5285,150180120,2019-10-20,0.45,0.37156355643248307,54,216
5286,153160020,2019-06-03,8.0,2.1972245773362196,62,97
5287,153160020,2019-06-05,7.6,2.151762203259462,62,99
5288,153160020,2019-06-15,6.7,2.0412203288596382,62,100
5289,153160020,2019-06-30,6.1,1.9600947840472698,62,98
5290,153160020,2019-08-24,4.1,1.62924053973028,62,101
5291,153160020,2019-08-27,3.7,1.547562508716013,62,102
5292,153160020,2019-09-01,3.8,1.5686159179138452,62,103
5293,153160020,2019-09-11,4.7,1.7404661748405044,62,104
5294,149200150,2019-07-04,3.78,1.5644405465033646,68,190
5295,149200150,2019-07-29,3.13,1.4182774069729414,68,186
5296,149200150,2019-08-28,0.95,0.6678293725756554,68,187
5297,149200150,2019-09-05,0.77,0.5709795465857378,68,188
5298,149200150,2019-09-15,0.9,0.6418538861723948,68,182
5299,149200150,2019-09-22,1.15,0.7654678421395714,68,183
5300,149200150,2019-10-17,1.79,1.0260415958332743,68,184
5301,149200150,2019-10-25,0.65,0.5007752879124893,68,185
5302,149200150,2019-10-27,0.6,0.4700036292457356,68,191
5303,149200150,2019-11-01,0.65,0.5007752879124893,68,192
5304,149190040,2019-07-04,3.07,1.4036429994545037,66,63
5305,149190040,2019-08-28,0.67,0.5128236264286637,66,71
5306,149190040,2019-09-05,0.62,0.4824261492442927,66,69
5307,149190040,2019-09-12,0.69,0.5247285289349821,66,72
5308,149190040,2019-09-15,0.68,0.5187937934151676,66,64
5309,149190040,2019-09-22,0.87,0.6259384308664953,66,65
5310,149190040,2019-10-17,1.28,0.8241754429663495,66,66
5311,149190040,2019-10-25,4.4,1.6863989535702286,66,67
5312,149190040,2019-10-27,0.82,0.598836501088704,66,68
5313,153160170,2019-06-03,15.2,2.785011242238338,60,231
5314,153160170,2019-06-30,8.34,2.234306252240751,60,232
5315,153160170,2019-08-24,3.71,1.5496879080283263,60,233
5316,153160170,2019-08-27,3.42,1.4861396960896067,60,234
5317,153160170,2019-09-01,3.38,1.4770487243883548,60,235
5318,153160170,2019-09-11,3.34,1.4678743481123135,60,236
5319,153160170,2019-11-30,9.69,2.3693087250369538,60,230
5320,153160160,2019-06-03,39.0,3.6888794541139363,60,238
5321,153160160,2019-06-30,28.2,3.374168709274236,60,239
5322,153160160,2019-08-24,19.7,3.0301337002713233,60,240
5323,153160160,2019-08-27,18.2,2.9549102790337356,60,242
5324,153160160,2019-09-01,16.3,2.8507065015037334,60,241
5325,153160160,2019-09-11,21.3,3.104586678466073,60,243
5326,153160160,2019-11-30,32.8,3.520460802488973,60,237
5327,153210080,2019-05-30,4.15,1.6389967146756448,76,181
5328,153210080,2019-06-09,4.06,1.6213664832993742,76,180
5329,153210080,2019-06-12,3.96,1.601405740736836,76,179
5330,153210080,2019-06-24,3.87,1.5830939370944985,76,182
5331,153210080,2019-08-23,2.78,1.3297240096314962,76,183
5332,153210080,2019-08-26,2.52,1.2584609896100059,76,177
5333,153210080,2019-08-28,2.51,1.2556160374777745,76,178
5334,153210080,2019-09-05,2.37,1.2149127443642704,76,176
5335,153210080,2019-09-27,2.0,1.0986122886681096,76,184
5336,151180110,2019-05-01,38.9,3.686376323895818,58,239
5337,151180110,2019-06-12,22.5,3.157000421150113,58,247
5338,151180110,2019-06-17,22.0,3.1354942159291497,58,243
5339,151180110,2019-06-25,22.4,3.152736022363656,58,240
5340,151180110,2019-06-30,23.2,3.186352633162641,58,238
5341,151180110,2019-08-24,19.0,2.995732273553991,58,242
5342,151180110,2019-08-29,19.4,3.0155349008501706,58,245
5343,151180110,2019-09-05,23.6,3.202746442938317,58,241
5344,151180110,2019-09-23,22.1,3.139832617527748,58,246
5345,151180110,2019-10-13,26.8,3.3250360206965914,58,249
5346,151180110,2019-10-20,27.1,3.3357695763397,58,248
5347,149180110,2019-06-12,3.1,1.410986973710262,63,147
5348,149180110,2019-08-26,0.36,0.3074846997479606,63,148
5349,149180110,2019-09-05,0.34,0.29266961396282,63,145
5350,149180110,2019-09-15,0.48,0.3920420877760237,63,150
5351,149180110,2019-10-20,0.55,0.4382549309311553,63,146
5352,149180110,2019-10-25,0.45,0.37156355643248307,63,151
5353,149190180,2019-05-25,27.7,3.3568971227655755,66,222
5354,149190180,2019-06-09,11.2,2.501435951739211,66,212
5355,149190180,2019-06-12,11.4,2.517696472610991,66,213
5356,149190180,2019-07-29,42.3,3.768152635008444,66,214
5357,149190180,2019-08-26,21.3,3.104586678466073,66,218
5358,149190180,2019-08-28,19.5,3.0204248861443626,66,219
5359,149190180,2019-09-05,7.17,2.1004689088719113,66,217
5360,149190180,2019-09-12,5.91,1.9329696377795786,66,220
5361,149190180,2019-09-15,6.09,1.958685340544036,66,215
5362,149190180,2019-09-22,5.97,1.9416152247724325,66,209
5363,149190180,2019-10-17,5.72,1.9050881545350582,66,221
5364,149190180,2019-10-20,5.84,1.922787731634459,66,210
5365,149190180,2019-10-27,5.85,1.9242486522741338,66,211
5366,153210120,2019-05-20,3.62,1.5303947050936475,76,230
5367,153210120,2019-06-04,2.07,1.1216775615991057,76,232
5368,153210120,2019-06-09,1.8,1.0296194171811583,76,225
5369,153210120,2019-06-12,1.67,0.9820784724121581,76,227
5370,153210120,2019-06-22,1.36,0.8586616190375187,76,226
5371,153210120,2019-06-24,1.29,0.8285518175661483,76,228
5372,153210120,2019-08-23,0.79,0.5822156198526637,76,229
5373,153210120,2019-08-28,0.56,0.44468582126144574,76,223
5374,153210120,2019-09-05,0.37,0.31481073984003355,76,224
5375,153210120,2019-10-20,0.29,0.2546422183735807,76,231
5376,150210070,2019-07-29,21.7,3.122364924487357,69,119
5377,150210070,2019-08-28,0.65,0.5007752879124893,69,121
5378,150210070,2019-09-12,0.5,0.4054651081081644,69,120
5379,150210070,2019-09-22,0.47,0.3852624007906449,69,117
5380,150210070,2019-10-27,0.42,0.35065687161316933,69,118
5381,152210170,2019-06-09,392.0,5.973809611869261,64,110
5382,152210170,2019-06-12,391.0,5.971261839790462,64,113
5383,152210170,2019-06-24,326.0,5.7899601708972535,64,112
5384,152210170,2019-07-29,3280.0,8.0959035329611,64,118
5385,152210170,2019-08-23,384.0,5.953243334287785,64,115
5386,152210170,2019-08-26,390.0,5.968707559985366,64,116
5387,152210170,2019-08-28,357.0,5.8805329864007,64,117
5388,152210170,2019-09-05,258.0,5.556828061699537,64,107
5389,152210170,2019-09-12,220.0,5.3981627015177525,64,114
5390,152210170,2019-09-22,211.0,5.356586274672012,64,108
5391,152210170,2019-10-12,208.0,5.342334251964811,64,109
5392,152210170,2019-10-20,435.0,6.077642243349034,64,111
5393,152210170,2019-10-27,259.0,5.560681631015528,64,119
5394,152210040,2019-06-07,390.0,5.968707559985366,64,102
5395,152210040,2019-06-09,387.0,5.961005339623274,64,96
5396,152210040,2019-06-12,389.0,5.966146739123692,64,100
5397,152210040,2019-06-22,350.0,5.860786223465865,64,99
5398,152210040,2019-06-24,326.0,5.7899601708972535,64,98
5399,152210040,2019-07-29,3260.0,8.089789175789319,64,105
5400,152210040,2019-08-01,1400.0,7.244941546337007,64,104
5401,152210040,2019-08-23,393.0,5.976350909297934,64,101
5402,152210040,2019-08-26,394.0,5.978885764901122,64,103
5403,152210040,2019-08-28,355.0,5.87493073085203,64,97
5404,152210040,2019-09-05,258.0,5.556828061699537,64,92
5405,152210040,2019-09-12,222.0,5.407171771460119,64,106
5406,152210040,2019-09-22,207.0,5.337538079701318,64,93
5407,152210040,2019-10-12,215.0,5.375278407684165,64,95
5408,152210040,2019-10-20,408.0,6.013715156042802,64,94
5409,154180050,2019-05-29,0.12,0.11332868530700317,63,48
5410,154180050,2019-06-03,0.13,0.12221763272424921,63,46
5411,154180050,2019-06-05,0.12,0.11332868530700317,63,42
5412,154180050,2019-06-20,0.12,0.11332868530700317,63,44
5413,154180050,2019-06-23,0.12,0.11332868530700317,63,47
5414,154180050,2019-06-30,0.11,0.10436001532424277,63,43
5415,154180050,2019-07-28,0.12,0.11332868530700317,63,50
5416,154180050,2019-08-22,0.05,0.04879016416943201,63,51
5417,154180050,2019-08-24,0.05,0.04879016416943201,63,45
5418,154180050,2019-08-27,0.05,0.04879016416943201,63,40
5419,154180050,2019-09-01,0.05,0.04879016416943201,63,41
5420,154180050,2019-09-11,0.03,0.0295588022415444,63,49
5421,154170180,2019-06-15,2.92,1.366091653802371,79,144
5422,154170180,2019-06-30,2.65,1.2947271675944,79,143
5423,154170180,2019-08-24,2.75,1.3217558399823195,79,145
5424,151210010,2019-06-12,0.92,0.6523251860396903,72,82
5425,151210010,2019-08-26,1.4,0.8754687373538999,72,79
5426,151210010,2019-08-28,1.24,0.8064758658669485,72,78
5427,151210010,2019-09-05,0.78,0.5766133643039938,72,80
5428,151210010,2019-09-22,0.59,0.46373401623214017,72,75
5429,151210010,2019-10-12,0.59,0.46373401623214017,72,83
5430,151210010,2019-10-20,0.72,0.5423242908253616,72,76
5431,151210010,2019-10-27,0.59,0.46373401623214017,72,77
5432,150190280,2019-05-25,4.98,1.7884205679625405,73,223
5433,150190280,2019-06-09,3.51,1.5062971535145868,73,215
5434,150190280,2019-06-12,3.41,1.4838746894587547,73,212
5435,150190280,2019-06-17,3.2,1.4350845252893227,73,213
5436,150190280,2019-06-27,2.92,1.366091653802371,73,214
5437,150190280,2019-08-26,1.92,1.0715836162801904,73,218
5438,150190280,2019-08-28,1.65,0.9745596399981308,73,222
5439,150190280,2019-09-05,1.5,0.9162907318741551,73,208
5440,150190280,2019-09-12,1.42,0.8837675401685949,73,217
5441,150190280,2019-09-15,1.53,0.9282193027394289,73,219
5442,150190280,2019-09-22,1.47,0.9042181506398859,73,209
5443,150190280,2019-09-27,1.43,0.8878912573524571,73,224
5444,150190280,2019-10-12,2.08,1.1249295969854831,73,220
5445,150190280,2019-10-20,2.41,1.2267122912954256,73,210
5446,150190280,2019-10-25,2.33,1.2029723039923526,73,221
5447,150190280,2019-10-27,2.13,1.1410330045520618,73,211
5448,150190280,2019-11-01,2.02,1.1052568313867783,73,225
5449,151200070,2019-06-09,0.32,0.2776317365982795,74,64
5450,151200070,2019-06-12,0.29,0.2546422183735807,74,68
5451,151200070,2019-06-27,0.2,0.18232155679395462,74,72
5452,151200070,2019-08-23,0.2,0.18232155679395462,74,71
5453,151200070,2019-08-26,0.18,0.16551443847757338,74,69
5454,151200070,2019-08-28,0.16,0.14842000511827327,74,66
5455,151200070,2019-09-05,0.13,0.12221763272424921,74,65
5456,151200070,2019-09-12,0.13,0.12221763272424921,74,67
5457,151200070,2019-09-22,0.13,0.12221763272424921,74,61
5458,151200070,2019-10-12,0.12,0.11332868530700317,74,70
5459,151200070,2019-10-20,0.13,0.12221763272424921,74,62
5460,151200070,2019-10-25,0.12,0.11332868530700317,74,73
5461,151200070,2019-10-27,0.12,0.11332868530700317,74,63
5462,154180080,2019-06-05,3.94,1.597365331199831,63,65
5463,154180080,2019-06-20,3.69,1.545432582458188,63,66
5464,154180080,2019-06-30,3.62,1.5303947050936475,63,67
5465,154180080,2019-07-20,3.98,1.6054298910365616,63,68
5466,150180230,2019-06-12,0.4,0.33647223662121295,55,133
5467,150180230,2019-06-17,0.43,0.3576744442718159,55,135
5468,150180230,2019-06-27,0.35,0.30010459245033805,55,134
5469,150180230,2019-09-05,0.32,0.2776317365982795,55,131
5470,150180230,2019-09-15,0.42,0.35065687161316933,55,136
5471,150180230,2019-10-20,0.33,0.2851789422336624,55,137
5472,154210070,2019-05-20,5.62,1.890095369948917,80,137
5473,154210070,2019-05-30,5.57,1.8825138324965192,80,144
5474,154210070,2019-06-04,3.76,1.5602476682433286,80,133
5475,154210070,2019-06-07,3.81,1.5706970841176697,80,138
5476,154210070,2019-06-12,2.21,1.1662709371419244,80,134
5477,154210070,2019-06-19,2.07,1.1216775615991057,80,136
5478,154210070,2019-06-24,2.14,1.144222799920162,80,135
5479,154210070,2019-08-18,3.77,1.5623463049002497,80,140
5480,154210070,2019-08-23,3.47,1.4973884086254774,80,142
5481,154210070,2019-08-26,2.78,1.3297240096314962,80,141
5482,154210070,2019-08-28,2.7,1.308332819650179,80,139
5483,154210070,2019-09-05,2.49,1.2499017362143359,80,143
5484,151180150,2019-05-01,0.62,0.4824261492442927,59,164
5485,151180150,2019-06-17,0.13,0.12221763272424921,59,162
5486,151180150,2019-08-26,0.019,0.01882175424058776,59,167
5487,151180150,2019-09-05,0.013,0.012916225266546328,59,163
5488,151180150,2019-09-23,0.011,0.010939940038334364,59,166
5489,151180150,2019-10-13,0.005,0.004987541511039074,59,168
5490,151180150,2019-10-20,0.005,0.004987541511039074,59,169
5491,153140080,2019-06-03,1.58,0.9477893989335261,62,48
5492,153140080,2019-06-26,0.84,0.6097655716208943,62,49
5493,153140080,2019-07-18,0.84,0.6097655716208943,62,51
5494,153140080,2019-07-26,0.78,0.5766133643039938,62,53
5495,153140080,2019-07-28,0.67,0.5128236264286637,62,55
5496,153140080,2019-08-25,0.52,0.41871033485818504,62,50
5497,153140080,2019-09-11,0.39,0.3293037471426004,62,52
5498,153140080,2019-10-14,0.27,0.23901690047049992,62,54
5499,153200160,2019-05-30,2.53,1.2612978709452054,77,4
5500,153200160,2019-06-12,2.24,1.1755733298042381,77,2
5501,153200160,2019-06-24,1.97,1.0885619528146082,77,6
5502,153200160,2019-06-29,1.84,1.0438040521731147,77,7
5503,153200160,2019-08-23,1.24,0.8064758658669485,77,8
5504,153200160,2019-08-26,1.08,0.7323678937132266,77,5
5505,153200160,2019-08-28,1.03,0.708035793053696,77,3
5506,152170030,2019-06-30,0.17,0.15700374880966475,60,121
5507,152170030,2019-08-24,0.17,0.15700374880966475,60,122
5508,152170030,2019-10-23,0.12,0.11332868530700317,60,123
5509,153160110,2019-05-14,4.5,1.7047480922384253,61,147
5510,153160110,2019-06-03,3.8,1.5686159179138452,61,151
5511,153160110,2019-06-15,3.56,1.5173226235262947,61,146
5512,153160110,2019-06-30,3.56,1.5173226235262947,61,152
5513,153160110,2019-08-24,2.17,1.1537315878891892,61,150
5514,153160110,2019-08-27,2.09,1.128171090909654,61,148
5515,153160110,2019-09-01,2.09,1.128171090909654,61,149
5516,153160110,2019-09-11,1.91,1.068153081183401,61,154
5517,153160110,2019-10-18,2.26,1.1817271953786161,61,155
5518,153160110,2019-10-31,2.65,1.2947271675944,61,153
5519,150160210,2019-05-18,1.32,0.8415671856782186,55,208
5520,150160210,2019-06-25,0.85,0.6151856390902335,55,202
5521,150160210,2019-06-27,0.65,0.5007752879124893,55,204
5522,150160210,2019-06-30,1.08,0.7323678937132266,55,206
5523,150160210,2019-07-25,1.67,0.9820784724121581,55,203
5524,150160210,2019-08-29,0.26,0.23111172096338664,55,209
5525,150160210,2019-09-05,0.22,0.1988508587451652,55,205
5526,150160210,2019-09-15,0.21,0.1906203596086497,55,210
5527,151160070,2019-05-19,1.93,1.0750024230289759,56,226
5528,151160070,2019-05-24,2.22,1.169381359556317,56,229
5529,151160070,2019-06-03,1.39,0.8712933659434192,56,224
5530,151160070,2019-06-05,1.36,0.8586616190375187,56,225
5531,151160070,2019-06-25,1.37,0.8628899551470399,56,227
5532,151160070,2019-06-30,1.37,0.8628899551470399,56,222
5533,151160070,2019-07-03,1.37,0.8628899551470399,56,223
5534,151160070,2019-09-01,0.81,0.5933268452777344,56,228
5535,151160070,2019-09-21,0.7,0.5306282510621704,56,221
5536,150230020,2019-06-11,4.95,1.7833912195575383,72,199
5537,150230020,2019-06-26,4.65,1.7316555451583495,72,193
5538,150230020,2019-08-18,4.5,1.7047480922384253,72,194
5539,150230020,2019-08-25,4.5,1.7047480922384253,72,195
5540,150230020,2019-08-28,4.5,1.7047480922384253,72,188
5541,150230020,2019-09-12,4.35,1.6770965609079151,72,196
5542,150230020,2019-09-22,4.5,1.7047480922384253,72,189
5543,150230020,2019-09-24,4.5,1.7047480922384253,72,190
5544,150230020,2019-10-14,4.65,1.7316555451583495,72,191
5545,150230020,2019-10-24,4.35,1.6770965609079151,72,197
5546,150230020,2019-10-27,4.35,1.6770965609079151,72,192
5547,150230020,2019-11-01,4.2,1.6486586255873816,72,198
5548,149180140,2019-06-09,4.49,1.7029282555214393,63,136
5549,149180140,2019-06-12,2.14,1.144222799920162,63,137
5550,149180140,2019-08-26,0.2,0.18232155679395462,63,141
5551,149180140,2019-08-28,0.2,0.18232155679395462,63,140
5552,149180140,2019-09-05,0.17,0.15700374880966475,63,135
5553,149180140,2019-09-15,0.18,0.16551443847757338,63,139
5554,149180140,2019-09-22,0.24,0.2151113796169455,63,132
5555,149180140,2019-10-17,0.23,0.20701416938432615,63,142
5556,149180140,2019-10-20,0.21,0.1906203596086497,63,133
5557,149180140,2019-10-25,0.21,0.1906203596086497,63,144
5558,149180140,2019-10-27,0.2,0.18232155679395462,63,134
5559,149180140,2019-11-01,0.19,0.173953307123438,63,143
5560,149180160,2019-06-09,2.89,1.358409157630355,63,123
5561,149180180,2019-06-09,1.92,1.0715836162801904,63,106
5562,149180200,2019-06-09,1.59,0.9516578757114464,63,89
5563,149180160,2019-06-12,1.4,0.8754687373538999,63,124
5564,149180180,2019-06-12,1.06,0.7227059828014898,63,107
5565,149180200,2019-06-12,0.44,0.36464311358790924,63,90
5566,149180160,2019-07-04,1.21,0.7929925155296614,63,125
5567,149180180,2019-07-04,0.92,0.6523251860396903,63,110
5568,149180200,2019-07-04,0.31,0.27002713721306015,63,94
5569,149180160,2019-07-29,2.61,1.2837077723447896,63,122
5570,149180180,2019-07-29,1.3,0.832909122935104,63,105
5571,149180200,2019-07-29,1.4,0.8754687373538999,63,88
5572,149180180,2019-08-26,0.34,0.29266961396282,63,115
5573,149180160,2019-08-28,0.11,0.10436001532424277,63,127
5574,149180180,2019-08-28,0.33,0.2851789422336624,63,111
5575,149180200,2019-08-28,0.12,0.11332868530700317,63,92
5576,149180160,2019-09-05,0.11,0.10436001532424277,63,121
5577,149180180,2019-09-05,0.31,0.27002713721306015,63,104
5578,149180200,2019-09-05,0.12,0.11332868530700317,63,91
5579,149180160,2019-09-12,0.11,0.10436001532424277,63,130
5580,149180180,2019-09-12,0.34,0.29266961396282,63,109
5581,149180200,2019-09-12,0.11,0.10436001532424277,63,95
5582,149180160,2019-09-15,0.1,0.09531017980432487,63,116
5583,149180180,2019-09-15,0.4,0.33647223662121295,63,99
5584,149180200,2019-09-15,0.12,0.11332868530700317,63,83
5585,149180160,2019-09-22,0.1,0.09531017980432487,63,117
5586,149180180,2019-09-22,0.32,0.2776317365982795,63,100
5587,149180200,2019-09-22,0.11,0.10436001532424277,63,84
5588,149180160,2019-10-17,0.1,0.09531017980432487,63,128
5589,149180180,2019-10-17,0.19,0.173953307123438,63,112
5590,149180200,2019-10-17,0.12,0.11332868530700317,63,96
5591,149180160,2019-10-20,0.1,0.09531017980432487,63,118
5592,149180180,2019-10-20,0.2,0.18232155679395462,63,101
5593,149180200,2019-10-20,0.1,0.09531017980432487,63,85
5594,149180160,2019-10-25,0.1,0.09531017980432487,63,119
5595,149180180,2019-10-25,0.21,0.1906203596086497,63,102
5596,149180200,2019-10-25,0.11,0.10436001532424277,63,86
5597,149180160,2019-10-27,0.1,0.09531017980432487,63,120
5598,149180180,2019-10-27,0.2,0.18232155679395462,63,103
5599,149180200,2019-10-27,0.1,0.09531017980432487,63,87
5600,149180160,2019-11-01,0.09,0.08617769624105233,63,129
5601,149180180,2019-11-01,0.16,0.14842000511827327,63,113
5602,149180200,2019-11-01,0.11,0.10436001532424277,63,97
5603,149180160,2019-11-24,0.09,0.08617769624105233,63,131
5604,149180180,2019-11-24,0.16,0.14842000511827327,63,114
5605,149180200,2019-11-24,0.33,0.2851789422336624,63,98
5606,151220040,2019-06-09,0.74,0.5538851132264376,72,152
5607,151220040,2019-07-29,0.71,0.5364933705145685,72,151
5608,151220040,2019-08-23,0.3,0.26236426446749106,72,153
5609,151220040,2019-08-28,0.23,0.20701416938432615,72,150
5610,151220040,2019-09-22,0.17,0.15700374880966475,72,148
5611,151220040,2019-10-12,0.18,0.16551443847757338,72,154
5612,151220040,2019-10-27,0.18,0.16551443847757338,72,149
5613,153220070,2019-05-20,107.0,4.68213122712422,74,228
5614,153220070,2019-05-30,98.3,4.598145571051127,74,233
5615,153220070,2019-06-04,89.2,4.502029427068578,74,235
5616,153220070,2019-06-09,78.4,4.37449836825309,74,231
5617,153220070,2019-06-12,70.5,4.269697449699962,74,238
5618,153220070,2019-06-22,53.1,3.9908341858524357,74,230
5619,153220070,2019-06-24,50.0,3.9318256327243257,74,234
5620,153220070,2019-08-23,20.0,3.044522437723423,74,229
5621,153220070,2019-08-26,17.3,2.9069010598473755,74,237
5622,153220070,2019-08-28,16.0,2.833213344056216,74,236
5623,153220070,2019-09-05,14.1,2.714694743820879,74,227
5624,153220070,2019-09-27,17.7,2.928523523860541,74,232
5625,150210220,2019-06-09,0.3,0.26236426446749106,72,140
5626,150210220,2019-06-12,0.34,0.29266961396282,72,136
5627,150210220,2019-08-23,0.6,0.4700036292457356,72,139
5628,150210220,2019-08-26,0.1,0.09531017980432487,72,135
5629,150210220,2019-08-28,0.08,0.07696104113612832,72,138
5630,150210220,2019-09-05,0.06,0.058268908123975775,72,134
5631,150210220,2019-09-22,0.1,0.09531017980432487,72,130
5632,150210220,2019-10-20,0.16,0.14842000511827327,72,131
5633,150210220,2019-10-25,0.34,0.29266961396282,72,132
5634,150210220,2019-10-27,0.32,0.2776317365982795,72,133
5635,152190030,2019-05-01,1170.0,7.065613363597717,64,153
5636,152190030,2019-06-05,817.0,6.706862336602747,64,154
5637,152190030,2019-06-30,475.0,6.16541785423142,64,152
5638,152190030,2019-08-24,571.0,6.349138991379798,64,151
5639,152190030,2019-08-26,625.0,6.439350371100098,64,155
5640,152190030,2019-08-29,524.0,6.263398262591624,64,158
5641,152190030,2019-09-05,407.0,6.0112671744041615,64,156
5642,152190020,2019-05-01,4.51,1.706564623164823,78,206
5643,152190020,2019-06-05,4.15,1.6389967146756448,78,209
5644,152190020,2019-06-12,3.53,1.5107219394949427,78,211
5645,152190020,2019-06-22,2.75,1.3217558399823195,78,205
5646,152190020,2019-06-30,2.39,1.220829921392359,78,204
5647,152190020,2019-08-24,0.65,0.5007752879124893,78,210
5648,152190020,2019-08-26,0.56,0.44468582126144574,78,208
5649,152190020,2019-08-29,0.48,0.3920420877760237,78,212
5650,152190020,2019-09-05,0.45,0.37156355643248307,78,207
5651,151230040,2019-06-09,37.9,3.6609942506244004,77,67
5652,151230040,2019-06-11,36.0,3.6109179126442243,77,64
5653,151230040,2019-06-24,28.3,3.3775875160230218,77,66
5654,151230040,2019-06-26,27.2,3.339321977944068,77,63
5655,151230040,2019-07-01,26.9,3.32862668882732,77,62
5656,151230040,2019-08-18,85.2,4.456670177669648,77,70
5657,151230040,2019-08-23,77.6,4.364371699435161,77,68
5658,151230040,2019-08-25,63.3,4.163559631243574,77,65
5659,151230040,2019-08-28,54.0,4.007333185232471,77,69
5660,151230040,2019-09-24,21.4,3.109060958860994,77,60
5661,151230040,2019-10-14,17.0,2.8903717578961645,77,61
5662,151230040,2019-10-27,26.2,3.3032169733019514,77,71
5663,150150100,2019-05-19,11.6,2.533696813957432,57,141
5664,150150100,2019-06-03,4.0,1.6094379124341003,57,139
5665,150150100,2019-06-25,2.15,1.1474024528375417,57,137
5666,150150100,2019-06-30,4.28,1.66392609771817,57,138
5667,150150100,2019-09-01,1.15,0.7654678421395714,57,140
5668,150150100,2019-09-21,0.84,0.6097655716208943,57,136
5669,153220220,2019-05-30,6.99,2.0781907597781832,76,55
5670,153220220,2019-06-04,6.13,1.9643112344262046,76,56
5671,153220220,2019-06-09,4.68,1.7369512327330598,76,54
5672,153220220,2019-06-24,2.17,1.1537315878891892,76,57
5673,153220220,2019-07-19,1.45,0.8960880245566356,76,58
5674,153220220,2019-08-23,0.89,0.636576829071551,76,59
5675,152210070,2019-06-09,2.52,1.2584609896100059,74,133
5676,152210070,2019-06-12,2.33,1.2029723039923526,74,134
5677,152210070,2019-06-22,2.08,1.1249295969854831,74,131
5678,152210070,2019-06-24,2.35,1.208960345836975,74,132
5679,152210070,2019-07-29,4.05,1.6193882432872684,74,136
5680,152210070,2019-08-01,3.14,1.420695787837223,74,135
5681,152210070,2019-08-23,1.63,0.9669838461896731,74,138
5682,152210070,2019-08-26,1.15,0.7654678421395714,74,137
5683,152210070,2019-08-28,0.96,0.6729444732424258,74,130
5684,152210070,2019-09-05,0.54,0.43178241642553783,74,128
5685,152210070,2019-09-22,0.81,0.5933268452777344,74,139
5686,152210070,2019-10-12,0.57,0.4510756193602167,74,140
5687,152210070,2019-10-20,0.87,0.6259384308664953,74,129
5688,152160050,2019-06-03,78.4,4.37449836825309,59,60
5689,152160050,2019-06-05,75.6,4.338597076746545,59,63
5690,152160050,2019-06-15,61.2,4.130354999745133,59,55
5691,152160050,2019-06-25,52.1,3.9721769282478934,59,54
5692,152160050,2019-06-30,49.0,3.912023005428146,59,53
5693,152160050,2019-07-25,66.4,4.210645017918261,59,61
5694,152160050,2019-08-24,34.0,3.5553480614894135,59,56
5695,152160050,2019-08-27,32.0,3.4965075614664802,59,59
5696,152160050,2019-09-11,30.7,3.456316680883235,59,57
5697,152160050,2019-09-23,29.2,3.407841924380824,59,58
5698,152160050,2019-10-18,33.9,3.5524868292083815,59,62
5699,152200150,2019-06-09,665.0,6.501289670540389,64,130
5700,152200150,2019-06-12,637.0,6.45833828334479,64,135
5701,152200150,2019-06-22,553.0,6.317164686747284,64,131
5702,152200150,2019-06-24,548.0,6.3080984415095305,64,129
5703,152200150,2019-08-23,574.0,6.354370040797351,64,137
5704,152200150,2019-08-28,546.0,6.304448802421981,64,132
5705,152200150,2019-09-05,391.0,5.971261839790462,64,128
5706,152200150,2019-09-12,340.0,5.831882477283517,64,133
5707,152200150,2019-09-22,317.0,5.762051382780177,64,134
5708,152200150,2019-10-20,554.0,6.318968113746434,64,136
5709,153170040,2019-06-03,2.53,1.2612978709452054,61,66
5710,153170040,2019-06-05,2.27,1.184789984909162,61,70
5711,153170040,2019-06-30,1.32,0.8415671856782186,61,65
5712,153170040,2019-08-24,1.37,0.8628899551470399,61,67
5713,153170040,2019-08-27,1.31,0.8372475245337022,61,68
5714,153170040,2019-09-01,0.89,0.636576829071551,61,69
5715,153170040,2019-09-11,0.88,0.6312717768418579,61,71
5716,153170040,2019-11-30,1.13,0.7561219797213337,61,64
5717,152210090,2019-06-09,113.0,4.736198448394496,77,112
5718,152210090,2019-06-12,102.0,4.634728988229636,77,116
5719,152210090,2019-06-22,93.9,4.552823705615882,77,115
5720,152210090,2019-06-24,96.8,4.582924577040772,77,114
5721,152210090,2019-08-23,123.0,4.820281565605037,77,117
5722,152210090,2019-08-28,115.0,4.7535901911063645,77,113
5723,152210090,2019-09-05,76.4,4.3489867805956814,77,111
5724,152200030,2019-06-09,704.0,6.558197802812269,64,138
5725,152200030,2019-06-12,678.0,6.520621127558696,64,146
5726,152200030,2019-06-22,597.0,6.393590753950631,64,140
5727,152200030,2019-06-24,592.0,6.385194398997726,64,139
5728,152200030,2019-08-23,584.0,6.371611847231857,64,141
5729,152200030,2019-08-28,560.0,6.329720905522696,64,144
5730,152200030,2019-09-05,396.0,5.983936280687191,64,142
5731,152200030,2019-09-12,346.0,5.849324779946859,64,143
5732,152200030,2019-09-22,322.0,5.777652323222656,64,145
5733,152200030,2019-10-20,552.0,6.315358001522335,64,147
5734,153160190,2019-05-14,8.03,2.200552367428894,61,138
5735,153160190,2019-06-03,7.04,2.084429083190875,61,145
5736,153160190,2019-06-15,6.24,1.979621206397625,61,144
5737,153160190,2019-06-30,5.83,1.9213246735826988,61,139
5738,153160190,2019-08-24,4.32,1.6714733033535532,61,140
5739,153160190,2019-08-27,4.25,1.6582280766035324,61,141
5740,153160190,2019-09-01,4.17,1.6428726885203377,61,142
5741,153160190,2019-09-11,3.77,1.5623463049002497,61,143
5742,152230200,2019-05-30,103.0,4.6443908991413725,77,82
5743,152230200,2019-06-04,90.0,4.51085950651685,77,90
5744,152230200,2019-06-09,76.7,4.3528552573736015,77,83
5745,152230200,2019-06-11,72.4,4.29592393562047,77,81
5746,152230200,2019-06-24,65.1,4.191168746857641,77,86
5747,152230200,2019-08-23,106.0,4.672828834461906,77,84
5748,152230200,2019-08-25,98.2,4.597138014290827,77,87
5749,152230200,2019-08-28,69.4,4.254193263163997,77,85
5750,152230200,2019-09-04,54.8,4.021773869387265,77,89
5751,152230200,2019-09-24,34.0,3.5553480614894135,77,88
5752,152230200,2019-10-14,31.3,3.475067230228611,77,92
5753,152230200,2019-10-27,37.4,3.648057459593681,77,91
5754,149220050,2019-06-11,4.18,1.6448050562713916,71,18
5755,149220050,2019-06-16,2.58,1.275362800412609,71,17
5756,149220050,2019-07-01,14.5,2.740840023925201,71,15
5757,149220050,2019-07-04,18.8,2.9856819377004897,71,20
5758,149220050,2019-07-29,6.14,1.965712776351493,71,16
5759,149220050,2019-08-28,1.95,1.0818051703517284,71,19
5760,149220050,2019-08-30,1.77,1.0188473201992472,71,21
5761,149220050,2019-09-04,1.52,0.924258901523332,71,23
5762,149220050,2019-09-12,1.6,0.9555114450274365,71,22
5763,149220050,2019-09-22,1.37,0.8628899551470399,71,13
5764,149220050,2019-10-14,71.9,4.289088639014612,71,14
5765,149220050,2019-10-17,5.34,1.8468787684491346,71,24
5766,151150160,2019-05-19,0.81,0.5933268452777344,56,246
5767,151150160,2019-06-03,0.41,0.3435897043900769,56,248
5768,151150160,2019-06-05,0.37,0.31481073984003355,57,0
5769,151150160,2019-06-25,0.28,0.2468600779315258,56,247
5770,151150160,2019-06-30,0.4,0.33647223662121295,56,245
5771,151150160,2019-07-03,0.29,0.2546422183735807,56,249
5772,151150160,2019-09-01,0.14,0.1310282624064041,57,1
5773,151150160,2019-09-21,0.13,0.12221763272424921,56,244
5774,150220120,2019-06-11,1.63,0.9669838461896731,72,246
5775,150220120,2019-06-26,1.62,0.9631743177730056,72,237
5776,150220120,2019-08-18,1.65,0.9745596399981308,72,245
5777,150220120,2019-08-25,1.72,1.000631880307906,72,243
5778,150220120,2019-08-28,1.75,1.0116009116784799,72,238
5779,150220120,2019-09-12,1.53,0.9282193027394289,72,244
5780,150220120,2019-09-22,1.15,0.7654678421395714,72,239
5781,150220120,2019-09-24,1.07,0.7275486072772778,72,240
5782,150220120,2019-10-14,1.42,0.8837675401685949,72,241
5783,150220120,2019-10-24,1.26,0.8153648132841945,72,247
5784,150220120,2019-10-27,1.29,0.8285518175661483,72,242
5785,149190320,2019-07-04,0.28,0.2468600779315258,68,138
5786,149190320,2019-07-29,0.17,0.15700374880966475,68,139
5787,149190320,2019-09-15,0.031,0.030529205034822874,68,134
5788,149190320,2019-09-22,0.034,0.03343477608623739,68,135
5789,149190320,2019-10-17,0.14,0.1310282624064041,68,136
5790,149190320,2019-10-25,0.045,0.04401688541677432,68,137
5791,149190380,2019-07-04,4.35,1.6770965609079151,68,116
5792,149190380,2019-07-29,4.78,1.7544036826842861,68,118
5793,149190380,2019-08-28,1.71,0.9969486348916095,68,119
5794,149190380,2019-09-05,1.26,0.8153648132841945,68,122
5795,149190380,2019-09-15,1.15,0.7654678421395714,68,112
5796,149190380,2019-09-22,1.09,0.7371640659767197,68,113
5797,149190380,2019-10-17,2.34,1.205970806988609,68,114
5798,149190380,2019-10-25,1.41,0.8796267475025636,68,115
5799,149190380,2019-10-27,1.28,0.8241754429663495,68,120
5800,149190380,2019-11-01,1.7,0.9932517730102834,68,121
5801,152220010,2019-06-09,2.2,1.1631508098056809,77,242
5802,152220010,2019-06-24,2.05,1.11514159061932,77,243
5803,152220010,2019-07-29,2.74,1.3190856114264407,77,241
5804,152220010,2019-08-23,1.36,0.8586616190375187,77,244
5805,152220010,2019-08-28,1.05,0.7178397931503169,77,240
5806,152220010,2019-09-22,0.75,0.5596157879354227,77,246
5807,152220010,2019-10-12,0.63,0.48858001481867097,77,247
5808,152220010,2019-10-27,1.0,0.6931471805599453,77,245
5809,152210060,2019-05-20,195.0,5.278114659230518,75,20
5810,152210060,2019-06-09,147.0,4.997212273764115,75,22
5811,152210060,2019-06-12,138.0,4.9344739331306915,75,19
5812,152210060,2019-06-22,107.0,4.68213122712422,75,21
5813,152210060,2019-06-24,102.0,4.634728988229636,75,26
5814,152210060,2019-08-23,55.2,4.028916756899646,75,24
5815,152210060,2019-08-28,50.6,3.9435216724875173,75,23
5816,152210060,2019-09-05,43.4,3.793239469438179,75,18
5817,152210060,2019-10-20,40.4,3.7232808808312687,75,25
5818,154180030,2019-05-29,1.49,0.9122827104766162,63,58
5819,154180030,2019-06-03,1.35,0.8544153281560676,63,54
5820,154180030,2019-06-05,1.32,0.8415671856782186,63,55
5821,154180030,2019-06-20,1.25,0.8109302162163288,63,61
5822,154180030,2019-06-23,1.24,0.8064758658669485,63,64
5823,154180030,2019-06-30,1.28,0.8241754429663495,63,56
5824,154180030,2019-07-20,1.35,0.8544153281560676,63,57
5825,154180030,2019-07-28,1.43,0.8878912573524571,63,60
5826,154180030,2019-08-22,1.22,0.7975071958841881,63,63
5827,154180030,2019-08-24,1.18,0.7793248768009976,63,59
5828,154180030,2019-08-27,1.15,0.7654678421395714,63,52
5829,154180030,2019-09-01,1.11,0.7466879474879752,63,53
5830,154180030,2019-09-11,2.14,1.144222799920162,63,62
5831,150220130,2019-06-11,2.16,1.1505720275988207,71,105
5832,150220130,2019-06-16,2.0,1.0986122886681096,71,109
5833,150220130,2019-06-26,1.72,1.000631880307906,71,107
5834,150220130,2019-07-01,6.6,2.028148247292285,71,104
5835,150220130,2019-07-16,5.11,1.809926773183504,71,114
5836,150220130,2019-07-29,7.44,2.1329823086078656,71,108
5837,150220130,2019-08-18,4.75,1.749199854809259,71,106
5838,150220130,2019-08-20,4.5,1.7047480922384253,71,111
5839,150220130,2019-08-28,3.93,1.5953389880545987,71,112
5840,150220130,2019-09-12,1.9,1.0647107369924282,71,110
5841,150220130,2019-09-22,1.79,1.0260415958332743,71,99
5842,150220130,2019-10-02,1.52,0.924258901523332,71,113
5843,150220130,2019-10-14,1.74,1.007957920399979,71,100
5844,150220130,2019-10-17,2.61,1.2837077723447896,71,101
5845,150220130,2019-10-27,1.19,0.7839015438284094,71,102
5846,150220130,2019-11-01,1.07,0.7275486072772778,71,103
5847,154180110,2019-05-01,5.12,1.8115620965242347,79,226
5848,154180110,2019-06-02,4.9,1.7749523509116738,79,222
5849,154180110,2019-06-05,4.68,1.7369512327330598,79,223
5850,154180110,2019-06-12,4.24,1.6563214983329508,79,220
5851,154180110,2019-06-30,3.91,1.5912739418064292,79,219
5852,154180110,2019-07-20,5.12,1.8115620965242347,79,225
5853,154180110,2019-08-24,5.94,1.937301774518713,79,221
5854,154180110,2019-08-26,4.85,1.766441661243765,79,224
5855,154180110,2019-08-29,4.16,1.6409365794934714,79,228
5856,153210180,2019-06-09,0.84,0.6097655716208943,76,196
5857,153210180,2019-06-12,0.78,0.5766133643039938,76,199
5858,153210180,2019-06-22,0.79,0.5822156198526637,76,198
5859,153210180,2019-06-24,0.75,0.5596157879354227,76,197
5860,153210180,2019-08-23,0.43,0.3576744442718159,76,200
5861,153210180,2019-08-28,0.32,0.2776317365982795,76,195
5862,153210180,2019-09-05,0.23,0.20701416938432615,76,194
5863,153210180,2019-10-20,0.18,0.16551443847757338,76,201
5864,149190170,2019-06-09,12.0,2.5649493574615367,66,229
5865,149190170,2019-07-29,52.8,3.9852734671677386,66,226
5866,149190170,2019-08-26,22.7,3.1654750481410856,66,230
5867,149190170,2019-08-28,21.4,3.109060958860994,66,231
5868,149190170,2019-09-05,7.67,2.1598687907924505,66,228
5869,149190170,2019-09-12,6.74,2.046401687601636,66,232
5870,149190170,2019-09-15,6.89,2.065596134857783,66,227
5871,149190170,2019-09-22,6.98,2.0769384114617173,66,223
5872,149190170,2019-10-20,6.85,2.060513531794317,66,224
5873,149190170,2019-10-27,6.49,2.0135687975291283,66,225
5874,149220130,2019-06-11,15.9,2.827313621929028,70,63
5875,149220130,2019-06-16,7.21,2.105352923464337,70,61
5876,149220130,2019-07-01,31.7,3.4873750779032076,70,58
5877,149220130,2019-07-04,20.6,3.0726933146901194,70,59
5878,149220130,2019-08-30,2.29,1.1908875647772805,70,60
5879,149220130,2019-09-22,1.88,1.0577902941478545,70,55
5880,149220130,2019-10-14,61.5,4.135166556742356,70,62
5881,149220130,2019-10-17,6.49,2.0135687975291283,70,56
5882,149220130,2019-10-27,3.04,1.3962446919730587,70,57
5883,149220130,2019-11-01,1.77,1.0188473201992472,70,64
5884,151190110,2019-06-09,1.86,1.0508216248317612,74,91
5885,151190110,2019-06-12,1.86,1.0508216248317612,74,94
5886,151190110,2019-06-24,1.77,1.0188473201992472,74,92
5887,151190110,2019-07-29,2.44,1.235471471385307,74,93
5888,151190110,2019-08-23,0.94,0.6626879730752367,74,97
5889,151190110,2019-08-26,0.84,0.6097655716208943,74,95
5890,151190110,2019-08-28,0.74,0.5538851132264376,74,96
5891,151190110,2019-09-05,0.59,0.46373401623214017,74,86
5892,151190110,2019-09-12,0.98,0.6830968447064438,74,99
5893,151190110,2019-09-22,0.76,0.5653138090500605,74,87
5894,151190110,2019-10-12,0.45,0.37156355643248307,74,88
5895,151190110,2019-10-20,0.37,0.31481073984003355,74,89
5896,151190110,2019-10-27,0.55,0.4382549309311553,74,90
5897,153220180,2019-05-20,1.73,1.0043016091968684,75,178
5898,153230060,2019-05-20,0.51,0.412109650826833,75,167
5899,153230060,2019-05-30,0.44,0.36464311358790924,75,164
5900,153220180,2019-06-04,0.56,0.44468582126144574,75,177
5901,153230060,2019-06-04,0.42,0.35065687161316933,75,158
5902,153220180,2019-06-09,0.48,0.3920420877760237,75,176
5903,153230060,2019-06-09,0.41,0.3435897043900769,75,159
5904,153230060,2019-06-11,0.39,0.3293037471426004,75,162
5905,153220180,2019-06-24,0.48,0.3920420877760237,75,181
5906,153230060,2019-06-24,0.37,0.31481073984003355,75,161
5907,153230060,2019-07-19,0.85,0.6151856390902335,75,170
5908,153220180,2019-08-23,0.1,0.09531017980432487,75,180
5909,153230060,2019-08-23,0.22,0.1988508587451652,75,165
5910,153230060,2019-08-25,0.18,0.16551443847757338,75,160
5911,153220180,2019-08-28,0.09,0.08617769624105233,75,179
5912,153230060,2019-08-28,0.17,0.15700374880966475,75,163
5913,153230060,2019-08-30,0.17,0.15700374880966475,75,168
5914,153230060,2019-09-24,0.21,0.1906203596086497,75,166
5915,153230060,2019-09-27,0.21,0.1906203596086497,75,169
5916,154170150,2019-06-03,0.88,0.6312717768418579,62,236
5917,154170150,2019-06-23,0.75,0.5596157879354227,62,237
5918,154170150,2019-06-30,0.7,0.5306282510621704,62,235
5919,154170150,2019-08-27,0.49,0.3987761199573678,62,233
5920,154170150,2019-09-01,0.45,0.37156355643248307,62,234
5921,150210190,2019-06-26,198.0,5.293304824724492,64,57
5922,150210190,2019-08-23,332.0,5.808142489980444,64,58
5923,150210190,2019-08-25,304.0,5.720311776607412,64,59
5924,150210190,2019-08-28,284.0,5.652489180268651,64,60
5925,150210190,2019-09-22,153.0,5.0369526024136295,64,55
5926,150210190,2019-10-27,159.0,5.075173815233827,64,56
5927,149190190,2019-06-09,1.88,1.0577902941478545,66,237
5928,149190190,2019-06-12,1.35,0.8544153281560676,66,238
5929,149190190,2019-07-29,1.27,0.8197798314933114,66,239
5930,149190190,2019-08-26,0.51,0.412109650826833,66,240
5931,149190190,2019-09-05,0.39,0.3293037471426004,66,243
5932,149190190,2019-09-15,0.45,0.37156355643248307,66,245
5933,149190190,2019-09-22,0.4,0.33647223662121295,66,234
5934,149190190,2019-10-17,0.4,0.33647223662121295,66,242
5935,149190190,2019-10-20,0.34,0.29266961396282,66,235
5936,149190190,2019-10-25,0.32,0.2776317365982795,66,244
5937,149190190,2019-10-27,0.35,0.30010459245033805,66,236
5938,149190190,2019-11-01,0.36,0.3074846997479606,66,246
5939,152150220,2019-05-19,3.67,1.541159071680806,60,158
5940,152150220,2019-06-03,4.21,1.6505798557652755,60,157
5941,152150220,2019-06-15,2.34,1.205970806988609,60,160
5942,152150220,2019-06-30,1.35,0.8544153281560676,60,156
5943,152150220,2019-09-01,0.72,0.5423242908253616,60,159
5944,152150220,2019-09-11,0.5,0.4054651081081644,60,161
5945,152150220,2019-10-13,0.36,0.3074846997479606,60,155
5946,149210100,2019-06-11,1.23,0.8020015854720274,69,246
5947,149210100,2019-06-16,0.83,0.6043159668533296,69,243
5948,149210100,2019-07-01,4.3,1.667706820558076,69,244
5949,149210100,2019-07-04,4.42,1.6900958154515549,70,1
5950,149210100,2019-07-29,7.99,2.196112848483529,69,245
5951,149210100,2019-08-28,0.59,0.46373401623214017,69,247
5952,149210100,2019-08-30,0.49,0.3987761199573678,70,3
5953,149210100,2019-09-04,0.4,0.33647223662121295,69,249
5954,149210100,2019-09-12,0.5,0.4054651081081644,69,248
5955,149210100,2019-09-22,0.4,0.33647223662121295,69,241
5956,149210100,2019-10-07,0.35,0.30010459245033805,70,4
5957,149210100,2019-10-14,22.3,3.148453360571655,69,242
5958,149210100,2019-10-17,2.2,1.1631508098056809,70,0
5959,149210100,2019-10-19,1.01,0.6981347220709844,70,2
5960,149210100,2019-10-24,0.5,0.4054651081081644,70,5
5961,150170010,2019-05-18,0.98,0.6830968447064438,56,65
5962,150170010,2019-06-05,0.76,0.5653138090500605,56,61
5963,150170010,2019-06-17,0.72,0.5423242908253616,56,62
5964,150170010,2019-06-25,0.7,0.5306282510621704,56,60
5965,150170010,2019-06-27,0.66,0.5068176023684519,56,55
5966,150170010,2019-06-30,2.82,1.3402504226184837,56,56
5967,150170010,2019-07-25,1.93,1.0750024230289759,56,59
5968,150170010,2019-08-24,0.37,0.31481073984003355,56,63
5969,150170010,2019-09-05,0.42,0.35065687161316933,56,58
5970,150170010,2019-09-15,0.31,0.27002713721306015,56,64
5971,150170010,2019-10-20,0.25,0.22314355131420976,56,66
5972,150170010,2019-11-07,0.27,0.23901690047049992,56,67
5973,151170050,2019-05-18,3.08,1.4060969884160703,56,164
5974,151170050,2019-06-05,1.59,0.9516578757114464,56,167
5975,151170050,2019-06-17,1.49,0.9122827104766162,56,162
5976,151170050,2019-06-25,1.27,0.8197798314933114,56,169
5977,151170050,2019-06-27,1.2,0.7884573603642702,56,161
5978,151170050,2019-06-30,0.8,0.5877866649021191,56,168
5979,151170050,2019-09-05,0.2,0.18232155679395462,56,166
5980,151170050,2019-09-15,0.3,0.26236426446749106,56,165
5981,149180050,2019-06-12,0.42,0.35065687161316933,54,155
5982,149180050,2019-08-26,0.18,0.16551443847757338,54,159
5983,149180050,2019-09-05,0.15,0.13976194237515868,54,156
5984,149180050,2019-09-15,0.13,0.12221763272424921,54,157
5985,149180050,2019-10-20,0.27,0.23901690047049992,54,154
5986,154230040,2019-05-12,3.02,1.3912819026309298,81,21
5987,154230040,2019-05-30,2.65,1.2947271675944,81,19
5988,154230040,2019-06-04,2.4,1.2237754316221157,81,23
5989,154230040,2019-06-09,2.14,1.144222799920162,81,22
5990,154230040,2019-06-11,2.06,1.1184149159642893,81,25
5991,154230040,2019-06-24,1.5,0.9162907318741551,81,17
5992,154230040,2019-08-05,0.82,0.598836501088704,81,15
5993,154230040,2019-08-25,0.65,0.5007752879124893,81,16
5994,154230040,2019-08-30,0.57,0.4510756193602167,81,18
5995,154230040,2019-09-27,0.51,0.412109650826833,81,20
5996,154230040,2019-10-14,0.47,0.3852624007906449,81,24
5997,154230040,2019-10-22,0.52,0.41871033485818504,81,26
5998,152220030,2019-05-20,0.94,0.6626879730752367,77,229
5999,152220030,2019-06-04,0.35,0.30010459245033805,77,230
6000,152220030,2019-06-09,0.3,0.26236426446749106,77,225
6001,152220030,2019-06-24,0.25,0.22314355131420976,77,227
6002,152220030,2019-08-23,0.23,0.20701416938432615,77,228
6003,152220030,2019-08-28,0.14,0.1310282624064041,77,226
6004,149200280,2019-05-25,76.8,4.354141431184346,68,75
6005,149200280,2019-07-29,165.0,5.111987788356544,68,73
6006,149200280,2019-08-28,51.3,3.9569963710708773,68,74
6007,149200280,2019-09-22,39.2,3.6938669956249752,68,71
6008,149200280,2019-10-17,118.0,4.77912349311153,68,76
6009,149200280,2019-10-27,48.7,3.906004933102583,68,72
6010,151140060,2019-06-03,16.5,2.8622008809294686,58,88
6011,151150010,2019-06-03,0.57,0.4510756193602167,58,140
6012,151140060,2019-06-05,22.7,3.1654750481410856,58,90
6013,151150010,2019-06-05,0.57,0.4510756193602167,58,142
6014,151140060,2019-06-25,10.9,2.4765384001174837,58,89
6015,151150010,2019-06-25,0.28,0.2468600779315258,58,141
6016,151140060,2019-06-30,20.8,3.0819099697950434,58,87
6017,151150010,2019-06-30,0.38,0.32208349916911333,58,139
6018,151140060,2019-07-23,67.1,4.220977213155467,58,91
6019,151150010,2019-07-23,2.46,1.2412685890696329,58,144
6020,151140060,2019-09-01,3.1,1.410986973710262,58,92
6021,151150010,2019-09-01,0.12,0.11332868530700317,58,143
6022,151140060,2019-09-21,4.43,1.691939133945844,58,86
6023,151150010,2019-09-21,0.27,0.23901690047049992,58,138
6024,151140060,2019-10-13,3.47,1.4973884086254774,58,94
6025,151140060,2019-10-18,3.42,1.4861396960896067,58,93
6026,151150010,2019-10-18,0.15,0.13976194237515868,58,145
6027,150220170,2019-06-26,1.24,0.8064758658669485,72,160
6028,150220170,2019-08-18,1.18,0.7793248768009976,72,161
6029,150220170,2019-08-25,1.23,0.8020015854720274,72,162
6030,150220170,2019-08-28,1.18,0.7793248768009976,72,159
6031,150220170,2019-09-12,0.99,0.688134638736401,72,163
6032,150220170,2019-09-22,0.93,0.6575200029167942,72,155
6033,150220170,2019-09-24,0.93,0.6575200029167942,72,156
6034,150220170,2019-10-14,0.98,0.6830968447064438,72,157
6035,150220170,2019-10-24,0.85,0.6151856390902335,72,165
6036,150220170,2019-10-27,0.84,0.6097655716208943,72,158
6037,150220170,2019-11-03,0.86,0.6205764877251099,72,164
6038,149190090,2019-05-25,0.92,0.6523251860396903,66,99
6039,149190090,2019-06-09,0.85,0.6151856390902335,66,89
6040,149190090,2019-07-04,0.64,0.49469624183610705,66,96
6041,149190090,2019-07-29,1.02,0.7030975114131134,66,103
6042,149190090,2019-08-28,0.11,0.10436001532424277,66,97
6043,149190090,2019-09-05,0.1,0.09531017980432487,66,95
6044,149190090,2019-09-12,0.1,0.09531017980432487,66,98
6045,149190090,2019-09-15,0.1,0.09531017980432487,66,90
6046,149190090,2019-09-22,0.1,0.09531017980432487,66,91
6047,149190090,2019-10-17,0.29,0.2546422183735807,66,100
6048,149190090,2019-10-20,0.12,0.11332868530700317,66,92
6049,149190090,2019-10-25,0.11,0.10436001532424277,66,93
6050,149190090,2019-10-27,0.14,0.1310282624064041,66,94
6051,149190090,2019-11-01,0.09,0.08617769624105233,66,101
6052,149190090,2019-11-24,0.1,0.09531017980432487,66,104
6053,150200170,2019-07-29,211.0,5.356586274672012,68,79
6054,150200170,2019-08-28,57.3,4.065602093356446,68,80
6055,150200170,2019-09-12,46.7,3.8649313978942956,68,81
6056,150200170,2019-09-22,49.2,3.9160150266976834,68,77
6057,150200170,2019-10-17,142.0,4.962844630259907,68,82
6058,150200170,2019-10-27,53.5,3.9982007016691985,68,78
6059,151150070,2019-05-19,5.06,1.801709800081223,58,58
6060,151150080,2019-05-19,48.7,3.906004933102583,57,174
6061,151150070,2019-06-03,2.41,1.2267122912954256,58,57
6062,151150080,2019-06-03,36.0,3.6109179126442243,57,172
6063,151150070,2019-06-05,2.24,1.1755733298042381,58,60
6064,151150080,2019-06-05,39.9,3.7111300630487563,57,175
6065,151150070,2019-06-15,1.76,1.0152306797290587,58,64
6066,151150070,2019-06-25,1.45,0.8960880245566356,58,59
6067,151150080,2019-06-25,21.7,3.122364924487357,57,173
6068,151150070,2019-06-30,1.46,0.9001613499442714,58,56
6069,151150080,2019-06-30,38.2,3.6686767467964168,57,171
6070,151150070,2019-09-01,0.9,0.6418538861723948,58,62
6071,151150080,2019-09-01,10.6,2.451005098112319,57,177
6072,151150070,2019-09-21,0.83,0.6043159668533296,58,61
6073,151150080,2019-09-21,8.28,2.2278615467981093,57,176
6074,151150070,2019-10-06,0.73,0.5481214085096876,58,63
6075,151150080,2019-10-06,8.01,2.1983350716202463,57,178
6076,151150070,2019-10-13,0.66,0.5068176023684519,58,55
6077,151150080,2019-10-13,9.24,2.3263016196113617,57,170
6078,149210130,2019-06-11,5.29,1.8389610707123492,71,158
6079,149210130,2019-06-16,3.95,1.599387576580599,71,155
6080,149210130,2019-06-26,3.89,1.5871923034867808,71,156
6081,149210130,2019-07-29,29.2,3.407841924380824,71,157
6082,149210130,2019-08-28,3.86,1.5810384379124023,71,159
6083,149210130,2019-09-04,2.97,1.3787660946990992,71,161
6084,149210130,2019-09-12,3.12,1.415853163361435,71,160
6085,149210130,2019-09-22,3.46,1.4951487660319727,71,152
6086,149210130,2019-10-14,36.5,3.624340932976365,71,153
6087,149210130,2019-10-17,22.8,3.169685580677429,71,162
6088,149210130,2019-10-27,3.16,1.425515074273172,71,154
6089,150160200,2019-05-18,5.76,1.9110228900548727,55,229
6090,150160200,2019-06-25,3.74,1.556037135706985,55,227
6091,150160200,2019-06-27,3.42,1.4861396960896067,55,228
6092,150160200,2019-06-30,6.38,1.998773638612381,55,225
6093,150160200,2019-07-25,7.64,2.1564025828159643,55,226
6094,150160200,2019-08-29,2.22,1.169381359556317,55,233
6095,150160200,2019-09-05,2.15,1.1474024528375417,55,230
6096,150160200,2019-09-15,2.46,1.2412685890696329,55,231
6097,153140100,2019-06-03,1.5,0.9162907318741551,62,24
6098,153140100,2019-06-23,0.81,0.5933268452777344,62,25
6099,153140100,2019-07-18,0.71,0.5364933705145685,62,23
6100,153140100,2019-07-26,0.49,0.3987761199573678,62,27
6101,153140100,2019-07-28,0.46,0.3784364357202451,62,26
6102,153140100,2019-08-27,0.37,0.31481073984003355,62,28
6103,153140100,2019-10-14,0.88,0.6312717768418579,62,29
6104,152170090,2019-06-05,0.25,0.22314355131420976,61,62
6105,152170090,2019-06-12,0.2,0.18232155679395462,61,61
6106,152170090,2019-06-30,0.09,0.08617769624105233,61,60
6107,152170090,2019-08-24,0.013,0.012916225266546328,61,59
6108,152170090,2019-10-23,0.013,0.012916225266546328,61,63
6109,149210070,2019-06-11,1.75,1.0116009116784799,69,183
6110,149210070,2019-06-16,2.36,1.2119409739751128,69,182
6111,149210070,2019-06-26,1.7,0.9932517730102834,69,181
6112,149210070,2019-07-29,15.2,2.785011242238338,69,184
6113,149210070,2019-08-28,0.82,0.598836501088704,69,185
6114,149210070,2019-09-04,0.51,0.412109650826833,69,187
6115,149210070,2019-09-12,0.54,0.43178241642553783,69,186
6116,149210070,2019-09-22,0.58,0.4574248470388754,69,178
6117,149210070,2019-10-14,18.5,2.970414465569701,69,179
6118,149210070,2019-10-17,2.91,1.3635373739972745,69,188
6119,149210070,2019-10-24,0.79,0.5822156198526637,69,189
6120,149210070,2019-10-27,0.62,0.4824261492442927,69,180
6121,152200050,2019-06-09,15.0,2.772588722239781,78,106
6122,152200050,2019-06-24,10.8,2.468099531471619,78,109
6123,152200050,2019-07-29,16.1,2.8390784635086144,78,107
6124,152200050,2019-08-23,9.38,2.339880877737743,78,108
6125,152200050,2019-08-26,6.99,2.0781907597781832,78,112
6126,152200050,2019-08-28,5.78,1.9139771019523042,78,111
6127,152200050,2019-09-05,3.98,1.6054298910365616,78,102
6128,152200050,2019-09-12,4.51,1.706564623164823,78,110
6129,152200050,2019-09-22,4.44,1.6937790608678513,78,103
6130,152200050,2019-10-12,5.9,1.9315214116032138,78,104
6131,152200050,2019-10-20,4.54,1.7119945007591926,78,105
6132,149190100,2019-05-25,33.1,3.529297384289471,66,32
6133,149190100,2019-06-09,24.1,3.2228678461377385,66,23
6134,149190100,2019-06-12,13.4,2.667228206581955,66,25
6135,149190100,2019-07-29,26.1,3.299533727885655,66,26
6136,149190100,2019-08-26,2.88,1.355835153635182,66,31
6137,149190100,2019-08-28,2.75,1.3217558399823195,66,27
6138,149190100,2019-09-05,2.29,1.1908875647772805,66,22
6139,149190100,2019-09-12,2.5,1.252762968495368,66,28
6140,149190100,2019-09-15,3.13,1.4182774069729414,66,30
6141,149190100,2019-09-22,5.74,1.9080599249242156,66,19
6142,149190100,2019-10-17,5.62,1.890095369948917,66,29
6143,149190100,2019-10-20,3.41,1.4838746894587547,66,20
6144,149190100,2019-10-25,4.23,1.6544112780768316,66,33
6145,149190100,2019-10-27,6.27,1.9837562915454279,66,21
