,station_id,date,flow,flow_log,chunk_id,id_in_chunk
0,150210180,2022-08-27,146.0,4.990432586778736,153,63
1,150210180,2022-09-01,133.0,4.897839799950911,153,62
2,150210180,2022-09-06,156.0,5.056245805348308,153,64
3,152170020,2022-08-03,0.036,0.035367143837291316,150,194
4,152170020,2022-10-07,0.06,0.058268908123975775,150,192
5,152170020,2022-11-06,0.033,0.032467190137501496,150,193
6,153190180,2022-10-07,0.38,0.32208349916911333,158,220
7,153190180,2022-11-06,0.48,0.3920420877760237,158,221
8,150190310,2022-08-05,1.73,1.0043016091968684,154,88
9,150190310,2022-08-15,1.65,0.9745596399981308,154,89
10,150190310,2022-08-25,1.44,0.8919980393051105,154,86
11,150190310,2022-08-27,1.37,0.8628899551470399,154,87
12,150190310,2022-10-26,1.54,0.9321640810304452,154,83
13,150190310,2022-10-31,1.47,0.9042181506398859,154,84
14,150190310,2022-11-03,1.4,0.8754687373538999,154,85
15,154220010,2022-08-12,5.92,1.9344157696295783,159,132
16,154220010,2022-08-17,5.13,1.81319474994812,159,131
17,154220010,2022-08-27,3.94,1.597365331199831,159,135
18,154220010,2022-09-01,3.59,1.5238800240724537,159,134
19,154220010,2022-09-04,3.43,1.4883995840570443,159,133
20,154220010,2022-10-01,3.32,1.463255402256019,159,136
21,150150040,2022-08-16,0.13,0.12221763272424921,149,184
22,150150040,2022-08-18,0.11,0.10436001532424277,149,185
23,150150040,2022-10-12,0.42,0.35065687161316933,149,183
24,150160220,2022-08-05,6.9,2.066862759472976,148,173
25,150160220,2022-10-07,6.44,2.0068708488450007,148,171
26,150160220,2022-10-12,4.3,1.667706820558076,148,172
27,154150040,2022-08-11,13.8,2.6946271807700692,152,49
28,154150040,2022-08-16,13.9,2.7013612129514133,152,47
29,154150040,2022-09-05,15.4,2.797281334830153,152,44
30,154150040,2022-09-30,11.9,2.5572273113676265,152,45
31,154150040,2022-10-10,10.1,2.4069451083182885,152,48
32,154150040,2022-10-20,10.4,2.4336133554004498,152,46
33,153190040,2022-08-05,0.62,0.4824261492442927,159,62
34,153190040,2022-10-07,0.38,0.32208349916911333,159,60
35,153190040,2022-11-06,0.36,0.3074846997479606,159,61
36,153210070,2022-08-02,6.26,1.9823798288367047,158,32
37,153210070,2022-08-05,5.75,1.9095425048844383,158,31
38,153210070,2022-08-27,4.2,1.6486586255873816,158,34
39,153210070,2022-09-26,2.78,1.3297240096314962,158,30
40,153210070,2022-11-03,2.25,1.1786549963416462,158,33
41,153220280,2022-08-02,3.56,1.5173226235262947,157,185
42,151200120,2022-08-05,24.6,3.242592351485517,157,56
43,153220280,2022-08-12,6.9,2.066862759472976,157,184
44,151200120,2022-08-27,19.0,2.995732273553991,157,57
45,151200120,2022-09-06,21.1,3.0955776085237074,157,54
46,153220280,2022-10-31,3.01,1.3887912413184778,157,183
47,151200120,2022-11-20,38.7,3.681351187693145,157,55
48,150160250,2022-08-03,0.09,0.08617769624105233,148,235
49,150160250,2022-08-15,0.05,0.04879016416943201,148,233
50,150160250,2022-10-12,0.06,0.058268908123975775,148,234
51,154150050,2022-08-16,5.81,1.918392120161421,152,43
52,154150050,2022-08-26,5.15,1.8164520818184267,152,42
53,154150050,2022-09-05,5.78,1.9139771019523042,152,37
54,154150050,2022-10-07,4.33,1.6733512381777533,152,38
55,154150050,2022-10-10,4.3,1.667706820558076,152,39
56,154150050,2022-10-20,4.29,1.665818245870208,152,40
57,154150050,2022-11-06,4.44,1.6937790608678513,152,41
58,154160020,2022-08-03,7.75,2.169053700369523,152,63
59,154160020,2022-08-26,5.58,1.884034745337226,152,62
60,154160020,2022-09-05,6.41,2.0028304393079956,152,57
61,154160020,2022-10-07,4.55,1.713797927758343,152,58
62,154160020,2022-10-10,4.7,1.7404661748405044,152,59
63,154160020,2022-10-20,4.72,1.7439688053917064,152,60
64,154160020,2022-11-06,4.75,1.749199854809259,152,61
65,153170010,2022-08-03,5.39,1.8547342683894434,151,11
66,153170010,2022-08-26,4.55,1.713797927758343,151,15
67,153170010,2022-10-07,3.11,1.4134230285081433,151,12
68,153170010,2022-10-10,3.13,1.4182774069729414,151,13
69,153170010,2022-10-20,3.09,1.4085449700547104,151,16
70,153170010,2022-11-06,3.47,1.4973884086254774,151,14
71,152230190,2022-08-02,1.22,0.7975071958841881,157,139
72,152190100,2022-08-05,1.96,1.085189268335969,158,147
73,152190100,2022-11-08,1.42,0.8837675401685949,158,146
74,150190140,2022-08-05,5.52,1.8748743759385615,153,0
75,150190140,2022-08-15,11.5,2.5257286443082556,152,249
76,150190140,2022-10-26,25.8,3.288401887516811,152,246
77,150190140,2022-10-31,15.1,2.7788192719904172,152,247
78,150190140,2022-11-08,7.18,2.1016921506146558,152,248
79,150190050,2022-08-05,0.77,0.5709795465857378,153,155
80,150190050,2022-08-15,0.85,0.6151856390902335,153,156
81,150190050,2022-10-26,1.25,0.8109302162163288,153,152
82,150190050,2022-10-31,1.11,0.7466879474879752,153,154
83,150190050,2022-11-08,0.77,0.5709795465857378,153,153
84,150220110,2022-08-07,1.15,0.7654678421395714,156,115
85,150220110,2022-08-27,1.08,0.7323678937132266,156,116
86,150220110,2022-09-06,1.1,0.7419373447293773,156,113
87,150220110,2022-10-08,0.69,0.5247285289349821,156,114
88,150200070,2022-08-05,2.5,1.252762968495368,154,179
89,151220130,2022-08-07,1.4,0.8754687373538999,156,226
90,150200070,2022-08-15,2.5,1.252762968495368,154,180
91,150200070,2022-08-25,1.94,1.0784095813505903,154,177
92,150200070,2022-08-27,1.91,1.068153081183401,154,178
93,151220130,2022-09-06,1.35,0.8544153281560676,156,227
94,150200070,2022-10-26,1.75,1.0116009116784799,154,173
95,150200070,2022-10-31,1.77,1.0188473201992472,154,174
96,150200070,2022-11-03,1.67,0.9820784724121581,154,175
97,150200070,2022-11-15,1.72,1.000631880307906,154,176
98,152150100,2022-08-03,3.35,1.4701758451005928,150,233
99,152150100,2022-08-16,3.77,1.5623463049002497,150,236
100,152150100,2022-08-26,2.3,1.1939224684724346,150,235
101,152150100,2022-09-30,1.28,0.8241754429663495,150,234
102,152150100,2022-10-07,0.92,0.6523251860396903,150,230
103,152150100,2022-10-20,0.85,0.6151856390902335,150,231
104,152150100,2022-11-06,1.0,0.6931471805599453,150,232
105,150150130,2022-08-16,0.77,0.5709795465857378,149,135
106,150150130,2022-08-18,0.76,0.5653138090500605,149,134
107,150150130,2022-10-12,0.43,0.3576744442718159,149,133
108,153180050,2022-08-05,6.73,2.0451088625993306,159,10
109,153180050,2022-10-07,5.46,1.8656293177945105,159,11
110,153180050,2022-11-06,6.02,1.9487632180377197,159,12
111,150200020,2022-08-05,0.74,0.5538851132264376,155,94
112,150200020,2022-08-27,0.43,0.3576744442718159,155,96
113,150200020,2022-09-01,0.54,0.43178241642553783,155,95
114,150200020,2022-09-06,1.15,0.7654678421395714,155,92
115,150200020,2022-10-31,1.04,0.712949807856125,155,93
116,152230010,2022-08-02,1.28,0.8241754429663495,158,94
117,150140100,2022-08-03,0.06,0.058268908123975775,149,240
118,150140100,2022-08-08,0.11,0.10436001532424277,149,239
119,150140100,2022-10-12,0.036,0.035367143837291316,149,238
120,151170060,2022-08-03,0.05,0.04879016416943201,149,79
121,151170060,2022-08-05,0.049,0.04783732941416013,149,83
122,151170060,2022-09-02,0.02,0.019802627296179712,149,84
123,151170060,2022-09-04,0.017,0.0168571170664229,149,80
124,151170060,2022-10-07,0.1,0.09531017980432487,149,81
125,151170060,2022-10-12,0.06,0.058268908123975775,149,82
126,151160180,2022-08-03,1.62,0.9631743177730056,149,11
127,151160180,2022-10-12,1.0,0.6931471805599453,149,10
128,151170110,2022-08-03,5.32,1.843719208158766,150,149
129,151170110,2022-08-05,5.23,1.8293763327993617,150,148
130,151170110,2022-09-02,3.84,1.5769147207285403,150,150
131,151170110,2022-10-07,4.33,1.6733512381777533,150,146
132,151170110,2022-10-12,3.59,1.5238800240724537,150,147
133,150180040,2022-08-03,0.43,0.3576744442718159,148,92
134,150180040,2022-08-05,0.47,0.3852624007906449,148,93
135,150180040,2022-10-07,0.44,0.36464311358790924,148,94
136,150180040,2022-10-12,0.28,0.2468600779315258,148,95
137,150190060,2022-08-05,2.29,1.1908875647772805,153,150
138,150190060,2022-08-15,1.72,1.000631880307906,153,151
139,150190060,2022-10-26,2.77,1.3270750014599193,153,147
140,150190060,2022-10-31,1.91,1.068153081183401,153,148
141,150190060,2022-11-08,1.91,1.068153081183401,153,149
142,154180070,2022-08-03,1.26,0.8153648132841945,152,210
143,154180070,2022-08-11,1.1,0.7419373447293773,152,211
144,154180070,2022-10-07,0.98,0.6830968447064438,152,212
145,154180070,2022-10-10,0.97,0.6780335427498971,152,213
146,154180070,2022-11-06,1.08,0.7323678937132266,152,214
147,152230110,2022-08-02,4.95,1.7833912195575383,157,107
148,151220060,2022-08-27,0.98,0.6830968447064438,157,1
149,151220060,2022-09-03,0.87,0.6259384308664953,156,248
150,151220060,2022-09-06,1.27,0.8197798314933114,156,249
151,151220060,2022-10-08,0.94,0.6626879730752367,157,0
152,152200120,2022-08-05,7.26,2.1114245875328868,158,117
153,152200120,2022-09-06,5.49,1.8702625307159986,158,115
154,152200120,2022-09-26,4.24,1.6563214983329508,158,116
155,154200010,2022-08-28,1.42,0.8837675401685949,159,82
156,154200010,2022-10-07,0.58,0.4574248470388754,159,83
157,154200010,2022-11-06,0.56,0.44468582126144574,159,84
158,150160280,2022-08-03,0.26,0.23111172096338664,148,238
159,150160280,2022-08-15,0.15,0.13976194237515868,148,236
160,150160280,2022-10-12,0.14,0.1310282624064041,148,237
161,154170240,2022-10-07,0.028,0.027615167032973367,159,45
162,154180230,2022-10-07,0.45,0.37156355643248307,159,43
163,154170240,2022-10-10,0.021,0.020782539182528505,159,47
164,154170240,2022-11-06,0.041,0.04018178963283183,159,46
165,154180230,2022-11-06,0.55,0.4382549309311553,159,44
166,150200140,2022-08-05,0.5,0.4054651081081644,154,185
167,150200140,2022-08-15,0.52,0.41871033485818504,154,186
168,150200140,2022-08-25,0.41,0.3435897043900769,154,187
169,150200140,2022-08-27,0.35,0.30010459245033805,154,188
170,150200140,2022-10-26,0.4,0.33647223662121295,154,181
171,150200140,2022-10-31,0.28,0.2468600779315258,154,182
172,150200140,2022-11-03,0.27,0.23901690047049992,154,183
173,150200140,2022-11-15,0.34,0.29266961396282,154,184
174,153220320,2022-08-12,0.07,0.06765864847381481,157,205
175,153220320,2022-09-04,0.12,0.11332868530700317,157,203
176,153220320,2022-10-31,0.06,0.058268908123975775,157,204
177,153180030,2022-08-05,2.16,1.1505720275988207,159,33
178,153180030,2022-10-07,1.42,0.8837675401685949,159,31
179,153180030,2022-11-06,1.48,0.9082585601768908,159,32
180,151210130,2022-08-27,1.48,0.9082585601768908,156,122
181,151210130,2022-09-01,1.48,0.9082585601768908,156,123
182,151210130,2022-09-06,1.42,0.8837675401685949,156,124
183,150170160,2022-08-05,2.47,1.244154593958768,148,66
184,150170170,2022-08-05,2.29,1.1908875647772805,148,69
185,150170160,2022-10-07,1.2,0.7884573603642702,148,65
186,150170170,2022-10-07,0.32,0.2776317365982795,148,68
187,150170160,2022-10-12,0.81,0.5933268452777344,148,67
188,150170170,2022-10-12,0.33,0.2851789422336624,148,70
189,152220070,2022-08-02,2.31,1.1969481893889715,158,95
190,153190050,2022-10-07,6.88,2.064327903869788,158,201
191,153190050,2022-11-06,12.4,2.5952547069568657,158,202
192,151210040,2022-08-05,3.29,1.4562867329399256,156,148
193,151210040,2022-08-20,1.69,0.9895411936137477,156,151
194,151210040,2022-08-25,1.7,0.9932517730102834,156,150
195,151210040,2022-08-27,1.51,0.9202827531436926,156,152
196,151210040,2022-09-01,1.4,0.8754687373538999,156,149
197,151210040,2022-09-06,2.98,1.3812818192963463,156,153
198,151210040,2022-11-03,1.3,0.832909122935104,156,146
199,151210040,2022-11-08,1.2,0.7884573603642702,156,147
200,153180110,2022-08-05,5.63,1.891604804197771,159,39
201,153180110,2022-10-07,3.55,1.515127232962859,159,37
202,153180110,2022-11-06,3.87,1.5830939370944985,159,38
203,154220090,2022-08-05,0.96,0.6729444732424258,159,151
204,154220090,2022-08-12,0.78,0.5766133643039938,159,149
205,154220090,2022-08-17,0.96,0.6729444732424258,159,150
206,154220090,2022-08-27,0.72,0.5423242908253616,159,147
207,154220090,2022-10-31,0.43,0.3576744442718159,159,148
208,153190160,2022-08-05,1.07,0.7275486072772778,158,113
209,150190010,2022-08-05,0.19,0.173953307123438,153,190
210,150190010,2022-11-08,0.28,0.2468600779315258,153,189
211,150200030,2022-11-08,4.27,1.6620303625532709,155,80
212,150210140,2022-08-27,0.58,0.4574248470388754,155,200
213,150210140,2022-09-06,3.79,1.5665304114228238,155,199
214,150210140,2022-10-31,0.41,0.3435897043900769,155,198
215,151160040,2022-08-16,0.1,0.09531017980432487,149,46
216,151160040,2022-08-18,0.14,0.1310282624064041,149,45
217,151160040,2022-10-12,0.04,0.039220713153281295,149,44
218,150150120,2022-08-18,0.52,0.41871033485818504,149,132
219,150150120,2022-10-12,0.49,0.3987761199573678,149,131
220,151180120,2022-08-03,15.3,2.791165107812717,150,23
221,151180120,2022-08-05,14.9,2.766319109226186,150,22
222,151180120,2022-10-12,11.8,2.5494451709255714,150,21
223,153220100,2022-08-05,26.5,3.3141860046725258,157,175
224,153220100,2022-09-26,20.9,3.086486636822455,157,174
225,154210030,2022-08-12,1.47,0.9042181506398859,159,102
226,154210030,2022-08-17,1.3,0.832909122935104,159,101
227,154210030,2022-08-27,0.73,0.5481214085096876,159,98
228,154210030,2022-09-04,0.64,0.49469624183610705,159,99
229,154210030,2022-09-06,0.65,0.5007752879124893,159,103
230,154210030,2022-10-01,0.44,0.36464311358790924,159,100
231,150160150,2022-08-05,0.41,0.3435897043900769,148,191
232,150160170,2022-08-05,1.1,0.7419373447293773,148,168
233,150160150,2022-10-07,0.29,0.2546422183735807,148,189
234,150160170,2022-10-07,0.73,0.5481214085096876,148,166
235,150160150,2022-10-12,0.27,0.23901690047049992,148,190
236,150160170,2022-10-12,0.46,0.3784364357202451,148,167
237,151200100,2022-08-05,0.93,0.6575200029167942,156,129
238,151200100,2022-08-27,0.45,0.37156355643248307,156,130
239,151200100,2022-09-01,0.71,0.5364933705145685,156,128
240,151200100,2022-09-06,1.22,0.7975071958841881,156,127
241,151200100,2022-10-31,0.44,0.36464311358790924,156,125
242,151200100,2022-11-08,0.38,0.32208349916911333,156,126
243,154170110,2022-08-03,9.44,2.3456445824544927,152,187
244,154170110,2022-08-11,7.9,2.186051276738094,152,186
245,154170110,2022-09-30,7.08,2.089391872533004,152,182
246,154170110,2022-10-07,6.06,1.9544450515051506,152,183
247,154170110,2022-10-10,5.93,1.9358598132018119,152,185
248,154170110,2022-11-06,6.1,1.9600947840472698,152,184
249,149180020,2022-08-05,14.3,2.72785282839839,148,1
250,149180020,2022-08-15,19.5,3.0204248861443626,148,2
251,149180020,2022-11-08,16.5,2.8622008809294686,148,0
252,154160140,2022-08-03,14.7,2.7536607123542622,152,128
253,154160140,2022-09-30,10.4,2.4336133554004498,152,125
254,154160140,2022-10-07,9.6,2.3608540011180215,152,126
255,154160140,2022-10-10,9.52,2.3532782073095637,152,127
256,154160140,2022-11-06,9.72,2.372111155642656,152,129
257,150220140,2022-08-27,0.77,0.5709795465857378,156,50
258,150220140,2022-10-08,0.43,0.3576744442718159,156,51
259,150220140,2022-10-13,0.43,0.3576744442718159,156,52
260,153220110,2022-08-05,2.37,1.2149127443642704,157,194
261,153220110,2022-08-12,1.5,0.9162907318741551,157,193
262,153220110,2022-08-17,1.7,0.9932517730102834,157,192
263,153220110,2022-09-26,1.07,0.7275486072772778,157,195
264,153180080,2022-08-05,563.0,6.335054251498059,153,110
265,153180080,2022-10-07,407.0,6.0112671744041615,153,109
266,153180080,2022-11-06,395.0,5.981414211254481,153,108
267,152150230,2022-08-03,0.86,0.6205764877251099,151,205
268,152150230,2022-08-16,0.77,0.5709795465857378,151,207
269,152150230,2022-08-26,0.69,0.5247285289349821,151,206
270,152150230,2022-09-30,0.57,0.4510756193602167,151,208
271,152150230,2022-10-07,0.5,0.4054651081081644,151,202
272,152150230,2022-10-20,0.5,0.4054651081081644,151,203
273,152150230,2022-11-06,0.53,0.4252677354043441,151,204
274,153179996,2022-08-26,1.16,0.7701082216960736,158,248
275,153179996,2022-09-05,1.09,0.7371640659767197,158,243
276,153179996,2022-10-07,0.98,0.6830968447064438,158,244
277,153179996,2022-10-10,0.94,0.6626879730752367,158,245
278,153179996,2022-10-20,1.32,0.8415671856782186,158,246
279,153179996,2022-11-06,0.97,0.6780335427498971,158,247
280,151150180,2022-08-16,0.37,0.31481073984003355,149,54
281,151150180,2022-08-18,0.36,0.3074846997479606,149,55
282,151150180,2022-10-12,0.31,0.27002713721306015,149,53
283,152230030,2022-08-02,1.49,0.9122827104766162,157,142
284,150160030,2022-08-18,0.07,0.06765864847381481,149,7
285,150160030,2022-10-12,0.08,0.07696104113612832,149,6
286,153170050,2022-08-26,4.38,1.682688374173693,158,232
287,153170050,2022-09-05,4.54,1.7119945007591926,158,227
288,153170050,2022-10-07,3.73,1.5539252025038417,158,228
289,153170050,2022-10-10,3.85,1.578978704949392,158,229
290,153170050,2022-10-20,4.15,1.6389967146756448,158,230
291,153170050,2022-11-06,3.95,1.599387576580599,158,231
292,154160130,2022-08-03,3.11,1.4134230285081433,152,94
293,154160130,2022-08-11,2.99,1.3837912309017721,152,95
294,154160130,2022-10-07,2.06,1.1184149159642893,152,92
295,154160130,2022-10-10,2.05,1.11514159061932,152,93
296,154160130,2022-11-06,2.1,1.1314021114911006,152,96
297,149180060,2022-08-05,1.54,0.9321640810304452,148,77
298,149180070,2022-08-05,0.09,0.08617769624105233,148,80
299,149180060,2022-08-15,3.21,1.43746264769429,148,79
300,149180070,2022-08-15,0.033,0.032467190137501496,148,82
301,149180060,2022-11-08,1.19,0.7839015438284094,148,78
302,149180070,2022-11-08,0.0,0.0,148,81
303,149190080,2022-08-05,2.55,1.2669476034873244,153,226
304,149190080,2022-10-31,1.97,1.0885619528146082,153,224
305,149190080,2022-11-08,1.32,0.8415671856782186,153,225
306,149200330,2022-08-27,0.58,0.4574248470388754,155,67
307,149200330,2022-10-31,0.53,0.4252677354043441,155,65
308,149200330,2022-11-15,0.7,0.5306282510621704,155,66
309,152150130,2022-08-03,81.7,4.415219602029645,148,43
310,152150130,2022-08-16,97.1,4.585987366571318,148,44
311,152150130,2022-08-26,74.7,4.3267781604434035,148,45
312,152150130,2022-10-07,65.8,4.2017030805426,148,39
313,152150130,2022-10-12,56.2,4.046553898385752,148,40
314,152150130,2022-10-20,51.3,3.9569963710708773,148,42
315,152150130,2022-11-06,122.0,4.812184355372417,148,41
316,149220080,2022-08-04,0.34,0.29266961396282,156,14
317,149220080,2022-08-27,0.25,0.22314355131420976,156,15
318,149220080,2022-10-08,0.13,0.12221763272424921,156,16
319,149220080,2022-10-13,0.13,0.12221763272424921,156,13
320,154160080,2022-08-03,1.27,0.8197798314933114,152,55
321,154160080,2022-08-26,1.09,0.7371640659767197,152,54
322,154160080,2022-09-05,0.94,0.6626879730752367,152,50
323,154160080,2022-10-07,0.71,0.5364933705145685,152,51
324,154160080,2022-10-10,0.79,0.5822156198526637,152,52
325,154160080,2022-10-20,0.72,0.5423242908253616,152,53
326,154160080,2022-11-06,0.66,0.5068176023684519,152,56
327,151210070,2022-08-05,1.32,0.8415671856782186,157,28
328,151210070,2022-08-25,0.8,0.5877866649021191,157,24
329,151210070,2022-08-27,0.8,0.5877866649021191,157,25
330,151210070,2022-09-06,1.36,0.8586616190375187,157,26
331,151210070,2022-11-03,0.56,0.44468582126144574,157,27
332,153220090,2022-08-05,1.52,0.924258901523332,157,235
333,153220090,2022-08-12,1.48,0.9082585601768908,157,236
334,153220090,2022-09-26,0.82,0.598836501088704,157,237
335,149190120,2022-08-05,1.63,0.9669838461896731,153,235
336,149190120,2022-08-15,1.63,0.9669838461896731,153,236
337,149190120,2022-10-26,13.6,2.681021528714291,153,233
338,149190120,2022-10-31,5.22,1.827769906751088,153,232
339,149190120,2022-11-08,3.11,1.4134230285081433,153,234
340,153220310,2022-08-02,0.82,0.598836501088704,157,234
341,153220310,2022-08-12,0.66,0.5068176023684519,157,233
342,153220310,2022-09-04,0.59,0.46373401623214017,157,231
343,153220310,2022-10-31,0.33,0.2851789422336624,157,232
344,153180010,2022-10-07,4.03,1.6154199841116479,159,8
345,153180010,2022-11-06,4.15,1.6389967146756448,159,9
346,153160260,2022-08-26,1.22,0.7975071958841881,151,104
347,153160260,2022-09-05,1.35,0.8544153281560676,151,100
348,153160260,2022-10-07,1.09,0.7371640659767197,151,101
349,153160260,2022-10-10,1.03,0.708035793053696,151,105
350,153160260,2022-10-20,1.01,0.6981347220709844,151,102
351,153160260,2022-11-06,0.88,0.6312717768418579,151,103
352,152210100,2022-08-05,0.56,0.44468582126144574,158,40
353,152210100,2022-08-27,0.3,0.26236426446749106,158,41
354,152210100,2022-09-26,0.21,0.1906203596086497,158,38
355,152210100,2022-11-03,0.17,0.15700374880966475,158,39
356,149200230,2022-08-27,18.9,2.990719731730447,154,230
357,149200230,2022-10-26,24.4,3.2347491740244907,154,229
358,149200230,2022-10-31,22.5,3.157000421150113,154,228
359,149200230,2022-11-15,26.2,3.3032169733019514,154,227
360,149190010,2022-08-05,0.67,0.5128236264286637,153,134
361,149190010,2022-08-15,0.6,0.4700036292457356,153,135
362,149190010,2022-10-31,0.8,0.5877866649021191,153,132
363,149190010,2022-11-08,0.87,0.6259384308664953,153,133
364,149180250,2022-08-05,0.38,0.32208349916911333,153,122
365,149180250,2022-08-15,0.67,0.5128236264286637,153,123
366,149180250,2022-11-08,0.66,0.5068176023684519,153,121
367,151210090,2022-08-27,4.32,1.6714733033535532,156,157
368,151210090,2022-09-01,4.13,1.635105659182678,156,158
369,151210090,2022-09-06,9.12,2.3145136638593193,156,159
370,149190230,2022-08-05,13.3,2.6602595372658615,153,14
371,149190230,2022-08-15,28.6,3.3877743613300146,153,15
372,149190230,2022-08-27,11.0,2.4849066497880004,153,16
373,149190230,2022-10-26,46.1,3.8522730010223722,153,11
374,149190230,2022-10-31,27.1,3.3357695763397,153,12
375,149190230,2022-11-08,13.6,2.681021528714291,153,13
376,154230030,2022-08-02,3.86,1.5810384379124023,159,154
377,154230030,2022-08-12,3.67,1.541159071680806,159,155
378,154230030,2022-08-27,3.28,1.4539530095937054,159,152
379,154230030,2022-09-26,2.86,1.3506671834767394,159,156
380,154230030,2022-10-31,2.56,1.269760544863939,159,153
381,150200160,2022-08-05,0.8,0.5877866649021191,155,100
382,150200160,2022-08-27,0.43,0.3576744442718159,155,102
383,150200160,2022-09-01,0.47,0.3852624007906449,155,101
384,150200160,2022-09-06,0.79,0.5822156198526637,155,99
385,150200160,2022-10-31,0.46,0.3784364357202451,155,97
386,150200160,2022-11-08,0.34,0.29266961396282,155,98
387,152180150,2022-08-03,4.69,1.7387102481382395,150,114
388,152180150,2022-08-05,4.4,1.6863989535702286,150,113
389,152180150,2022-10-07,3.37,1.4747630091074988,150,111
390,152180150,2022-10-12,2.69,1.3056264580524357,150,112
391,151150140,2022-08-18,7.2,2.1041341542702074,149,147
392,151150140,2022-10-12,5.41,1.8578592709325787,149,146
393,151210120,2022-08-27,196.0,5.2832037287379885,153,67
394,151210120,2022-09-06,186.0,5.231108616854587,153,66
395,153220260,2022-08-02,11.2,2.501435951739211,157,166
396,153220260,2022-08-12,9.2,2.322387720290225,157,167
397,153220260,2022-10-31,4.81,1.75958057086382,157,165
398,149200090,2022-08-05,4.12,1.6331544390514163,154,132
399,149200090,2022-08-15,4.24,1.6563214983329508,154,133
400,149200090,2022-08-25,4.26,1.6601310267496183,154,135
401,149200090,2022-08-27,4.19,1.6467336971777973,154,134
402,149200090,2022-10-26,2.9,1.3609765531356006,154,130
403,149200090,2022-10-31,2.92,1.366091653802371,154,128
404,149200090,2022-11-03,2.92,1.366091653802371,154,129
405,149200090,2022-11-15,2.61,1.2837077723447896,154,131
406,150200110,2022-08-05,1.9,1.0647107369924282,154,189
407,150200110,2022-08-15,1.55,0.9360933591703348,154,190
408,150200110,2022-08-25,1.33,0.8458682675776092,154,191
409,150200110,2022-08-27,1.26,0.8153648132841945,154,192
410,150200110,2022-10-26,1.25,0.8109302162163288,154,196
411,150200110,2022-10-31,1.22,0.7975071958841881,154,193
412,150200110,2022-11-03,1.11,0.7466879474879752,154,194
413,150200110,2022-11-15,1.21,0.7929925155296614,154,195
414,150170220,2022-08-03,0.36,0.3074846997479606,148,153
415,150170220,2022-08-05,0.35,0.30010459245033805,148,152
416,150170220,2022-08-15,0.43,0.3576744442718159,148,154
417,150170220,2022-10-07,0.16,0.14842000511827327,148,150
418,150170220,2022-10-12,0.14,0.1310282624064041,148,151
419,153210220,2022-08-05,12.4,2.5952547069568657,157,247
420,153210220,2022-08-12,11.4,2.517696472610991,157,246
421,153210220,2022-09-26,10.1,2.4069451083182885,157,245
422,152140100,2022-08-11,0.66,0.5068176023684519,151,213
423,152140100,2022-08-16,0.54,0.43178241642553783,151,214
424,152140100,2022-09-30,0.12,0.11332868530700317,151,212
425,151230060,2022-08-07,18.5,2.970414465569701,158,57
426,151230060,2022-08-27,11.1,2.4932054526026954,158,58
427,151230060,2022-09-06,9.06,2.3085671646715933,158,59
428,151230060,2022-10-08,7.9,2.186051276738094,158,56
429,152150240,2022-08-03,13.6,2.681021528714291,151,175
430,152150240,2022-08-16,12.1,2.5726122302071057,151,176
431,152150240,2022-08-26,10.9,2.4765384001174837,151,177
432,152150240,2022-09-30,9.14,2.316487998163037,151,171
433,152150240,2022-10-07,8.61,2.262804222982201,151,172
434,152150240,2022-10-20,8.5,2.2512917986064953,151,173
435,152150240,2022-11-06,8.84,2.286455711064162,151,174
436,153150100,2022-08-03,5.39,1.8547342683894434,151,168
437,153150100,2022-08-16,4.8,1.7578579175523736,151,169
438,153150100,2022-08-26,4.28,1.66392609771817,151,170
439,153150100,2022-09-05,4.56,1.715598108262491,151,163
440,153150100,2022-10-07,3.24,1.4445632692438664,151,164
441,153150100,2022-10-10,3.06,1.4011829736136412,151,165
442,153150100,2022-10-20,2.88,1.355835153635182,151,166
443,153150100,2022-11-06,2.72,1.3137236682850553,151,167
444,153150120,2022-08-03,2.31,1.1969481893889715,151,159
445,153150120,2022-08-16,1.76,1.0152306797290587,151,161
446,153150120,2022-08-26,1.41,0.8796267475025636,151,160
447,153150120,2022-09-05,1.59,0.9516578757114464,151,162
448,153150120,2022-10-07,1.05,0.7178397931503169,151,155
449,153150120,2022-10-10,1.0,0.6931471805599453,151,156
450,153150120,2022-10-20,0.97,0.6780335427498971,151,157
451,153150120,2022-11-06,1.02,0.7030975114131134,151,158
452,153150170,2022-08-03,1.04,0.712949807856125,151,195
453,153150170,2022-08-16,0.95,0.6678293725756554,151,193
454,153150170,2022-08-26,0.96,0.6729444732424258,151,194
455,153150170,2022-10-07,0.86,0.6205764877251099,151,190
456,153150170,2022-10-20,0.86,0.6205764877251099,151,191
457,153150170,2022-11-06,0.74,0.5538851132264376,151,192
458,153150070,2022-08-16,0.14,0.1310282624064041,152,21
459,153150070,2022-08-26,0.12,0.11332868530700317,152,22
460,153150070,2022-09-05,0.15,0.13976194237515868,152,18
461,153150070,2022-10-10,0.09,0.08617769624105233,152,19
462,153150070,2022-10-20,0.09,0.08617769624105233,152,20
463,151160050,2022-08-16,1.04,0.712949807856125,149,33
464,151160050,2022-08-18,1.09,0.7371640659767197,149,34
465,151160050,2022-10-12,0.91,0.6471032420585385,149,32
466,149220150,2022-10-08,0.65,0.5007752879124893,155,209
467,149220150,2022-10-13,0.63,0.48858001481867097,155,210
468,149220150,2022-10-16,0.75,0.5596157879354227,155,211
469,149220040,2022-08-04,29.4,3.414442608412176,155,226
470,149220040,2022-08-27,11.3,2.509599262378372,155,227
471,149220040,2022-09-06,13.8,2.6946271807700692,155,225
472,149220040,2022-10-13,10.9,2.4765384001174837,155,223
473,149220040,2022-10-31,10.2,2.4159137783010487,155,224
474,151180130,2022-08-15,20.4,3.0633909220278057,150,20
475,153190100,2022-08-05,1.05,0.7178397931503169,158,210
476,153190100,2022-08-28,1.08,0.7323678937132266,158,211
477,153190100,2022-09-07,1.2,0.7884573603642702,158,207
478,153190100,2022-10-07,0.23,0.20701416938432615,158,208
479,153190100,2022-11-03,0.29,0.2546422183735807,158,209
480,150160140,2022-10-12,0.1,0.09531017980432487,149,2
481,153180140,2022-08-05,15.5,2.803360380906535,158,205
482,153180140,2022-10-07,8.48,2.2491843162669305,158,204
483,153180140,2022-10-12,7.99,2.196112848483529,158,206
484,153180140,2022-11-06,16.5,2.8622008809294686,158,203
485,153220060,2022-08-05,3.73,1.5539252025038417,157,218
486,153220060,2022-08-12,3.78,1.5644405465033646,157,215
487,153220060,2022-08-17,3.63,1.5325568680981427,157,216
488,153220060,2022-10-01,2.85,1.3480731482996928,157,217
489,153230010,2022-08-02,12.8,2.624668592163159,157,150
490,153230010,2022-10-31,4.6,1.7227665977411035,157,149
491,153180020,2022-08-05,591.0,6.3835066348840055,153,107
492,153180020,2022-10-07,408.0,6.013715156042802,153,104
493,153180020,2022-10-12,429.0,6.063785208687608,153,105
494,153180020,2022-11-06,391.0,5.971261839790462,153,106
495,152220050,2022-08-02,68.1,4.235554730773624,158,65
496,152220050,2022-09-03,36.9,3.6349511120883804,158,66
497,154170070,2022-08-03,6.13,1.9643112344262046,152,118
498,154170070,2022-08-11,5.35,1.8484548129046003,152,117
499,154170070,2022-10-07,4.23,1.6544112780768316,152,114
500,154170070,2022-10-10,4.49,1.7029282555214393,152,115
501,154170070,2022-11-06,4.17,1.6428726885203377,152,116
502,152180010,2022-08-03,0.13,0.12221763272424921,151,61
503,152180010,2022-10-07,0.031,0.030529205034822874,151,59
504,152180010,2022-10-12,0.024,0.023716526617316044,151,60
505,152180010,2022-11-06,0.036,0.035367143837291316,151,62
506,151190070,2022-08-05,0.75,0.5596157879354227,158,145
507,150180220,2022-08-05,2.78,1.3297240096314962,148,121
508,150180220,2022-08-15,3.51,1.5062971535145868,148,120
509,150180220,2022-11-08,10.4,2.4336133554004498,148,122
510,151160060,2022-08-03,102.0,4.634728988229636,148,31
511,151160060,2022-08-16,75.4,4.335982696172475,148,29
512,151160060,2022-08-26,63.6,4.168214410788556,148,30
513,151160060,2022-10-07,66.4,4.210645017918261,148,25
514,151160060,2022-10-12,43.8,3.8022081394209395,148,26
515,151160060,2022-10-20,43.1,3.7864597824528,148,27
516,151160060,2022-11-06,109.0,4.700480365792417,148,28
517,150210110,2022-08-27,0.18,0.16551443847757338,155,196
518,150210110,2022-09-06,0.35,0.30010459245033805,155,197
519,150210110,2022-10-31,0.13,0.12221763272424921,155,195
520,150170070,2022-08-05,3.36,1.4724720573609429,148,210
521,150170070,2022-10-07,1.66,0.9783261227936076,148,208
522,150170070,2022-10-12,2.01,1.1019400787607843,148,209
523,153150150,2022-08-03,0.35,0.30010459245033805,151,186
524,153150150,2022-08-16,0.28,0.2468600779315258,151,187
525,153150150,2022-08-26,0.26,0.23111172096338664,151,188
526,153150150,2022-09-30,0.25,0.22314355131420976,151,189
527,153150150,2022-10-07,0.25,0.22314355131420976,151,183
528,153150150,2022-10-20,0.27,0.23901690047049992,151,184
529,153150150,2022-11-06,0.24,0.2151113796169455,151,185
530,152160150,2022-08-03,0.28,0.2468600779315258,150,191
531,152160150,2022-09-02,0.34,0.29266961396282,150,190
532,152160150,2022-10-07,0.27,0.23901690047049992,150,187
533,152160150,2022-10-12,0.21,0.1906203596086497,150,188
534,152160150,2022-11-06,0.17,0.15700374880966475,150,189
535,150160290,2022-08-03,0.16,0.14842000511827327,149,4
536,150160290,2022-10-12,0.036,0.035367143837291316,149,5
537,149180240,2022-08-05,1.36,0.8586616190375187,152,240
538,149180240,2022-08-15,4.45,1.6956156086751528,152,241
539,149180240,2022-11-08,1.41,0.8796267475025636,152,239
540,149210120,2022-08-27,0.4,0.33647223662121295,156,93
541,149210120,2022-09-06,3.78,1.5644405465033646,156,90
542,149210120,2022-10-13,0.37,0.31481073984003355,156,91
543,149210120,2022-10-31,0.2,0.18232155679395462,156,92
544,153150090,2022-08-03,1.19,0.7839015438284094,151,243
545,153150090,2022-08-16,0.99,0.688134638736401,151,244
546,153150090,2022-08-26,0.93,0.6575200029167942,151,245
547,153150090,2022-09-05,1.2,0.7884573603642702,151,238
548,153150090,2022-10-07,0.65,0.5007752879124893,151,239
549,153150090,2022-10-10,0.66,0.5068176023684519,151,240
550,153150090,2022-10-20,0.7,0.5306282510621704,151,241
551,153150090,2022-11-06,0.71,0.5364933705145685,151,242
552,150190270,2022-08-05,0.41,0.3435897043900769,153,201
553,150190270,2022-08-15,0.61,0.4762341789963716,153,202
554,150190270,2022-10-26,0.29,0.2546422183735807,153,203
555,150190270,2022-10-31,0.3,0.26236426446749106,153,199
556,150190270,2022-11-08,0.26,0.23111172096338664,153,200
557,153140090,2022-08-11,3.81,1.5706970841176697,151,227
558,153140090,2022-08-16,3.97,1.6034198401085373,151,228
559,153140090,2022-09-30,2.48,1.247032293786383,151,226
560,154220110,2022-08-12,2.73,1.3164082336557241,159,130
561,154220110,2022-08-17,2.57,1.2725655957915476,159,129
562,154220110,2022-08-27,2.51,1.2556160374777745,159,126
563,154220110,2022-09-01,2.2,1.1631508098056809,159,127
564,154220110,2022-09-06,1.84,1.0438040521731147,159,128
565,149180040,2022-08-05,0.48,0.3920420877760237,148,90
566,149180040,2022-08-15,0.88,0.6312717768418579,148,91
567,149200190,2022-10-31,19.0,2.995732273553991,154,222
568,149180040,2022-11-08,0.47,0.3852624007906449,148,89
569,154180060,2022-08-03,2.43,1.2325602611778486,159,50
570,154180060,2022-10-07,1.97,1.0885619528146082,159,48
571,154180060,2022-11-06,2.03,1.1085626195212777,159,49
572,149210020,2022-08-27,0.18,0.16551443847757338,155,185
573,149210020,2022-09-06,3.75,1.55814461804655,155,183
574,149210020,2022-10-31,0.18,0.16551443847757338,155,184
575,150220060,2022-08-27,0.35,0.30010459245033805,156,98
576,150220060,2022-09-06,0.69,0.5247285289349821,156,97
577,150220060,2022-10-08,0.18,0.16551443847757338,156,94
578,150220060,2022-10-13,0.29,0.2546422183735807,156,95
579,150220060,2022-10-31,0.15,0.13976194237515868,156,96
580,152180020,2022-08-03,0.26,0.23111172096338664,151,67
581,152180020,2022-08-05,0.49,0.3987761199573678,151,66
582,152180020,2022-10-07,0.1,0.09531017980432487,151,63
583,152180020,2022-10-12,0.035,0.0344014267173324,151,64
584,152180020,2022-11-06,0.024,0.023716526617316044,151,65
585,151180070,2022-08-03,0.26,0.23111172096338664,150,138
586,151180070,2022-08-15,0.28,0.2468600779315258,150,137
587,151180070,2022-10-17,0.28,0.2468600779315258,150,136
588,152150040,2022-08-03,103.0,4.6443908991413725,150,90
589,152150040,2022-08-16,91.4,4.526126978647638,150,91
590,152150040,2022-08-26,87.1,4.478472532942134,150,92
591,152150040,2022-09-30,60.1,4.11251186617755,150,87
592,152150040,2022-10-20,64.0,4.174387269895637,150,89
593,152150040,2022-11-06,84.0,4.442651256490317,150,88
594,150160100,2022-08-03,1.62,0.9631743177730056,148,203
595,150160100,2022-10-07,1.14,0.76080582903376,148,202
596,150160100,2022-10-12,1.0,0.6931471805599453,148,201
597,152150140,2022-08-03,42.3,3.768152635008444,151,56
598,152150140,2022-08-16,34.1,3.55820113047182,151,57
599,152150140,2022-08-26,30.7,3.456316680883235,151,58
600,152150140,2022-09-30,26.0,3.295836866004329,151,52
601,152150140,2022-10-07,24.6,3.242592351485517,151,53
602,152150140,2022-10-20,24.3,3.2308043957334744,151,54
603,152150140,2022-11-06,28.0,3.367295829986474,151,55
604,152140020,2022-08-11,212.0,5.3612921657094255,148,63
605,152140020,2022-08-16,227.0,5.429345628954441,148,64
606,152140020,2022-09-30,139.0,4.941642422609304,148,62
607,150230070,2022-10-08,0.37,0.31481073984003355,158,75
608,149180120,2022-08-05,0.25,0.22314355131420976,153,119
609,149180120,2022-08-15,0.73,0.5481214085096876,153,120
610,149180120,2022-11-08,0.24,0.2151113796169455,153,118
611,151180180,2022-08-05,1.25,0.8109302162163288,150,105
612,154160060,2022-08-03,5.37,1.851599469584072,152,107
613,154160060,2022-09-05,5.14,1.814824742159051,152,105
614,154160060,2022-09-30,3.92,1.5933085305042167,152,108
615,154160060,2022-10-07,3.98,1.6054298910365616,152,106
616,150180080,2022-08-03,1.26,0.8153648132841945,148,115
617,150180080,2022-08-05,1.17,0.7747271675523681,148,114
618,150180080,2022-08-15,1.34,0.8501509293696101,148,116
619,150180080,2022-10-07,1.18,0.7793248768009976,148,111
620,150180080,2022-10-17,0.93,0.6575200029167942,148,112
621,150180080,2022-10-27,3.17,1.4279160358107101,148,113
622,150210200,2022-08-04,1.42,0.8837675401685949,155,208
623,150210200,2022-08-27,1.19,0.7839015438284094,155,207
624,150210200,2022-09-06,1.24,0.8064758658669485,155,206
625,150210200,2022-09-08,1.3,0.832909122935104,155,204
626,150210200,2022-10-13,0.39,0.3293037471426004,155,205
627,153230160,2022-08-02,0.67,0.5128236264286637,157,143
628,153180100,2022-08-05,573.0,6.352629396319567,153,113
629,153180100,2022-10-07,446.0,6.102558594613569,153,111
630,153180100,2022-11-06,436.0,6.07993319509559,153,112
631,149200310,2022-08-27,0.16,0.14842000511827327,155,61
632,149200310,2022-10-26,0.26,0.23111172096338664,155,64
633,149200310,2022-10-31,0.14,0.1310282624064041,155,62
634,149200310,2022-11-15,0.59,0.46373401623214017,155,63
635,151150110,2022-08-16,0.92,0.6523251860396903,149,198
636,151150110,2022-08-18,0.83,0.6043159668533296,149,197
637,151150110,2022-10-12,0.44,0.36464311358790924,149,196
638,152180140,2022-08-03,0.21,0.1906203596086497,150,118
639,152180140,2022-08-05,0.17,0.15700374880966475,150,115
640,152180140,2022-10-07,0.21,0.1906203596086497,150,116
641,152180140,2022-10-12,0.15,0.13976194237515868,150,117
642,151140010,2022-09-30,5.49,1.8702625307159986,149,236
643,151140010,2022-11-14,7.46,2.135349173618132,149,237
644,151210050,2022-08-05,275.0,5.62040086571715,153,70
645,151210050,2022-08-25,236.0,5.4680601411351315,153,72
646,151210050,2022-08-27,216.0,5.37989735354046,153,71
647,151210050,2022-09-06,203.0,5.318119993844216,153,69
648,151210050,2022-11-03,215.0,5.375278407684165,153,68
649,153160200,2022-08-26,1.58,0.9477893989335261,151,80
650,153160200,2022-09-05,1.57,0.9439058989071285,151,75
651,153160200,2022-10-07,1.18,0.7793248768009976,151,76
652,153160200,2022-10-10,1.13,0.7561219797213337,151,79
653,153160200,2022-10-20,1.42,0.8837675401685949,151,77
654,153160200,2022-11-06,1.48,0.9082585601768908,151,78
655,153230130,2022-08-02,2.29,1.1908875647772805,157,178
656,153230130,2022-08-12,0.58,0.4574248470388754,157,176
657,153230130,2022-10-31,0.28,0.2468600779315258,157,177
658,150220050,2022-08-04,6.12,1.9629077254238845,156,111
659,150220050,2022-08-07,6.24,1.979621206397625,156,110
660,150220050,2022-09-06,5.23,1.8293763327993617,156,107
661,150220050,2022-10-08,3.64,1.534714366238164,156,108
662,150220050,2022-10-13,3.82,1.5727739280625088,156,109
663,150220050,2022-10-31,3.62,1.5303947050936475,156,112
664,149220070,2022-08-04,0.3,0.26236426446749106,156,27
665,149220070,2022-08-27,0.18,0.16551443847757338,156,28
666,149220070,2022-10-08,0.18,0.16551443847757338,156,25
667,149220070,2022-10-13,0.2,0.18232155679395462,156,26
668,152220060,2022-08-02,0.69,0.5247285289349821,158,93
669,152220060,2022-08-04,0.66,0.5068176023684519,158,91
670,152220060,2022-09-03,0.32,0.2776317365982795,158,92
671,153200010,2022-08-28,1.17,0.7747271675523681,158,187
672,153200010,2022-09-07,1.21,0.7929925155296614,158,184
673,153200010,2022-10-07,0.81,0.5933268452777344,158,185
674,153200010,2022-11-03,1.25,0.8109302162163288,158,186
675,151150030,2022-08-16,0.11,0.10436001532424277,149,221
676,151150030,2022-08-26,0.19,0.173953307123438,149,220
677,151150030,2022-10-07,0.12,0.11332868530700317,149,217
678,151150030,2022-10-12,0.11,0.10436001532424277,149,218
679,151150030,2022-11-06,0.11,0.10436001532424277,149,219
680,149210140,2022-08-04,0.19,0.173953307123438,156,87
681,149210140,2022-08-27,0.09,0.08617769624105233,156,88
682,149210140,2022-09-06,1.51,0.9202827531436926,156,89
683,149210140,2022-10-13,0.07,0.06765864847381481,156,85
684,149210140,2022-10-31,0.045,0.04401688541677432,156,86
685,149180130,2022-08-05,0.19,0.173953307123438,148,75
686,149180130,2022-08-15,0.27,0.23901690047049992,148,76
687,149180130,2022-10-09,0.21,0.1906203596086497,148,71
688,149180130,2022-10-31,0.21,0.1906203596086497,148,72
689,149180130,2022-11-08,0.19,0.173953307123438,148,73
690,149180130,2022-11-13,0.22,0.1988508587451652,148,74
691,149190240,2022-08-05,0.34,0.29266961396282,159,169
692,149190250,2022-08-05,0.25,0.22314355131420976,159,174
693,149190240,2022-10-31,0.34,0.29266961396282,159,166
694,149190250,2022-10-31,0.29,0.2546422183735807,159,171
695,149190240,2022-11-03,0.28,0.2468600779315258,159,170
696,149190250,2022-11-03,0.23,0.20701416938432615,159,175
697,149190240,2022-11-08,0.26,0.23111172096338664,159,167
698,149190250,2022-11-08,0.22,0.1988508587451652,159,172
699,149190240,2022-11-13,0.43,0.3576744442718159,159,168
700,149190250,2022-11-13,0.35,0.30010459245033805,159,173
701,152210140,2022-08-27,0.52,0.41871033485818504,158,108
702,152210140,2022-09-06,0.47,0.3852624007906449,158,107
703,150200130,2022-08-05,48.5,3.9019726695746444,153,36
704,150200130,2022-08-15,76.0,4.343805421853684,153,38
705,150200130,2022-08-25,40.0,3.713572066704308,153,39
706,150200130,2022-08-27,48.5,3.9019726695746444,153,37
707,150200130,2022-10-26,94.2,4.55597994179732,153,32
708,150200130,2022-10-31,72.0,4.290459441148391,153,33
709,150200130,2022-11-03,56.0,4.04305126783455,153,34
710,150200130,2022-11-15,50.6,3.9435216724875173,153,35
711,149200200,2022-08-25,0.61,0.4762341789963716,155,59
712,149200200,2022-08-27,0.58,0.4574248470388754,155,60
713,149200200,2022-10-26,1.29,0.8285518175661483,155,56
714,149200200,2022-10-31,0.7,0.5306282510621704,155,57
715,149200200,2022-11-15,0.98,0.6830968447064438,155,58
716,153230120,2022-08-02,6.46,2.0095554142156695,159,158
717,153230120,2022-08-12,5.58,1.884034745337226,159,159
718,153230120,2022-10-31,4.53,1.7101878155342436,159,157
719,150190350,2022-08-05,1.51,0.9202827531436926,157,58
720,150190350,2022-08-27,0.76,0.5653138090500605,157,63
721,150190350,2022-09-01,1.88,1.0577902941478545,157,62
722,150190350,2022-09-06,1.56,0.9400072584914712,157,59
723,150190350,2022-10-31,1.0,0.6931471805599453,157,60
724,150190350,2022-11-08,0.57,0.4510756193602167,157,61
725,151160190,2022-08-03,4.27,1.6620303625532709,149,1
726,151160190,2022-10-12,2.52,1.2584609896100059,149,0
727,150170080,2022-08-05,0.51,0.412109650826833,148,149
728,150170080,2022-10-07,0.25,0.22314355131420976,148,147
729,150170080,2022-10-12,0.24,0.2151113796169455,148,148
730,150220100,2022-08-27,18.4,2.9652730660692823,155,234
731,150220100,2022-09-06,16.2,2.8449093838194073,155,235
732,150220100,2022-10-08,13.4,2.667228206581955,155,232
733,150220100,2022-10-13,14.3,2.72785282839839,155,233
734,149210080,2022-08-04,0.54,0.43178241642553783,155,192
735,149210080,2022-08-27,0.29,0.2546422183735807,155,194
736,149210080,2022-09-06,2.86,1.3506671834767394,155,193
737,149210080,2022-10-13,0.19,0.173953307123438,155,190
738,149210080,2022-10-31,0.1,0.09531017980432487,155,191
739,149190060,2022-08-05,2.07,1.1216775615991057,152,244
740,149190060,2022-08-15,6.12,1.9629077254238845,152,245
741,149190060,2022-10-26,19.3,3.0106208860477417,152,242
742,149190060,2022-10-31,10.5,2.4423470353692043,152,243
743,151160090,2022-08-16,0.23,0.20701416938432615,149,40
744,151160090,2022-08-18,0.21,0.1906203596086497,149,39
745,151160090,2022-10-12,0.2,0.18232155679395462,149,38
746,150150070,2022-08-16,1.69,0.9895411936137477,149,179
747,150150080,2022-08-16,4.4,1.6863989535702286,149,142
748,150150070,2022-08-18,1.54,0.9321640810304452,149,178
749,150150080,2022-08-18,4.04,1.6174060820832772,149,141
750,150150070,2022-10-12,0.8,0.5877866649021191,149,177
751,150150080,2022-10-12,3.15,1.423108334242607,149,140
752,150190180,2022-08-05,9.06,2.3085671646715933,153,176
753,150190180,2022-08-15,12.7,2.617395832834079,153,177
754,150190180,2022-10-26,9.23,2.325324579963535,153,175
755,150190180,2022-10-31,9.66,2.3664984187376987,153,178
756,150190180,2022-11-08,11.2,2.501435951739211,153,179
757,149190290,2022-08-05,0.24,0.2151113796169455,154,28
758,149190290,2022-08-15,0.22,0.1988508587451652,154,30
759,149190290,2022-08-25,0.19,0.173953307123438,154,31
760,149190290,2022-08-27,0.18,0.16551443847757338,154,29
761,149190290,2022-10-26,0.69,0.5247285289349821,154,32
762,149190290,2022-10-31,0.32,0.2776317365982795,154,27
763,150160060,2022-08-18,0.34,0.29266961396282,148,243
764,154220050,2022-08-12,1.92,1.0715836162801904,159,124
765,154220050,2022-08-17,1.81,1.0331844833456545,159,122
766,154220050,2022-08-27,1.19,0.7839015438284094,159,123
767,154220050,2022-09-06,0.73,0.5481214085096876,159,125
768,153200030,2022-08-28,2.73,1.3164082336557241,159,74
769,153200030,2022-09-07,2.89,1.358409157630355,159,72
770,153200030,2022-10-07,2.15,1.1474024528375417,159,73
771,153200030,2022-11-03,2.7,1.308332819650179,159,75
772,149220110,2022-08-04,0.96,0.6729444732424258,156,24
773,149220110,2022-10-08,0.33,0.2851789422336624,156,22
774,149220110,2022-10-13,0.35,0.30010459245033805,156,23
775,149190020,2022-08-05,0.17,0.15700374880966475,154,0
776,149190020,2022-08-15,0.35,0.30010459245033805,154,2
777,149190020,2022-10-09,0.15,0.13976194237515868,154,1
778,149190020,2022-10-31,0.19,0.173953307123438,153,247
779,149190020,2022-11-08,0.14,0.1310282624064041,153,248
780,149190020,2022-11-13,0.15,0.13976194237515868,153,249
781,150160270,2022-08-03,0.21,0.1906203596086497,148,205
782,150160270,2022-08-05,0.21,0.1906203596086497,148,206
783,150160270,2022-08-15,0.17,0.15700374880966475,148,207
784,150160270,2022-10-12,0.14,0.1310282624064041,148,204
785,150160010,2022-08-18,0.96,0.6729444732424258,149,137
786,150160010,2022-10-12,0.54,0.43178241642553783,149,136
787,150180010,2022-08-03,0.2,0.18232155679395462,148,140
788,150180010,2022-08-05,0.23,0.20701416938432615,148,137
789,150180010,2022-10-07,0.1,0.09531017980432487,148,138
790,150180010,2022-10-12,0.08,0.07696104113612832,148,139
791,151160220,2022-08-03,0.001,0.0009995003330835331,149,85
792,151160220,2022-09-02,0.01,0.009950330853168083,149,88
793,151160220,2022-10-12,0.0,0.0,149,86
794,151160220,2022-11-06,0.0,0.0,149,87
795,150170150,2022-08-03,0.86,0.6205764877251099,148,220
796,150170150,2022-08-05,1.16,0.7701082216960736,148,219
797,150170150,2022-08-15,1.07,0.7275486072772778,148,221
798,150170150,2022-10-12,0.58,0.4574248470388754,148,218
799,153230020,2022-08-02,4.69,1.7387102481382395,157,191
800,153230020,2022-08-12,1.88,1.0577902941478545,157,190
801,153230020,2022-10-31,1.01,0.6981347220709844,157,189
802,150200150,2022-08-05,85.4,4.45898767581001,153,42
803,150200150,2022-08-25,77.1,4.35799005684564,153,44
804,150200150,2022-08-27,72.7,4.300002799195291,153,43
805,150200150,2022-10-26,137.0,4.927253685157205,153,40
806,150200150,2022-10-31,92.0,4.532599493153256,153,41
807,150200150,2022-11-15,79.8,4.39197696552705,153,45
808,149200040,2022-08-05,1.43,0.8878912573524571,154,118
809,149200040,2022-08-15,1.12,0.7514160886839212,154,119
810,149200040,2022-08-25,0.71,0.5364933705145685,154,116
811,149200040,2022-08-27,0.65,0.5007752879124893,154,117
812,149200040,2022-10-31,1.38,0.8671004876833832,154,114
813,149200040,2022-11-03,1.15,0.7654678421395714,154,115
814,151210080,2022-08-27,0.71,0.5364933705145685,156,180
815,151210080,2022-09-01,0.71,0.5364933705145685,156,182
816,151210080,2022-09-06,1.08,0.7323678937132266,156,181
817,152190120,2022-08-05,545.0,6.302618975744905,153,96
818,152200010,2022-08-05,3.42,1.4861396960896067,158,152
819,152200010,2022-08-27,2.28,1.1878434223960523,158,151
820,152200010,2022-09-06,3.73,1.5539252025038417,158,148
821,152200010,2022-11-08,2.85,1.3480731482996928,158,149
822,152200010,2022-11-20,3.0,1.3862943611198906,158,150
823,154220100,2022-08-05,0.91,0.6471032420585385,159,140
824,154220100,2022-08-12,0.44,0.36464311358790924,159,139
825,154220100,2022-08-17,0.55,0.4382549309311553,159,138
826,154220100,2022-10-31,0.26,0.23111172096338664,159,137
827,149210030,2022-08-27,2.5,1.252762968495368,155,177
828,149210030,2022-09-06,5.22,1.827769906751088,155,176
829,149210030,2022-10-31,2.26,1.1817271953786161,155,175
830,152190060,2022-08-05,0.53,0.4252677354043441,158,163
831,152190060,2022-10-07,0.7,0.5306282510621704,158,161
832,152190060,2022-11-06,1.25,0.8109302162163288,158,162
833,150160180,2022-10-07,3.9,1.589235205116581,148,169
834,150160180,2022-10-12,2.77,1.3270750014599193,148,170
835,151190080,2022-08-05,1.31,0.8372475245337022,157,74
836,151190080,2022-08-27,1.03,0.708035793053696,157,75
837,151190080,2022-09-06,0.76,0.5653138090500605,157,76
838,151190080,2022-10-31,1.36,0.8586616190375187,157,77
839,151190080,2022-11-08,1.1,0.7419373447293773,157,78
840,152180120,2022-08-03,26.3,3.306886702190914,150,33
841,152180120,2022-08-05,26.6,3.3178157727231046,150,34
842,150210150,2022-08-27,98.8,4.603168183317418,153,51
843,150210150,2022-09-01,105.0,4.663439094112067,153,52
844,150210150,2022-09-06,110.0,4.709530201312334,153,53
845,152180120,2022-10-07,35.0,3.58351893845611,150,31
846,152180120,2022-10-12,27.8,3.3603753871419,150,32
847,149190280,2022-08-05,2.87,1.3532545070416904,154,201
848,149190280,2022-10-31,3.32,1.463255402256019,154,197
849,149190280,2022-11-03,2.97,1.3787660946990992,154,198
850,149190280,2022-11-08,2.68,1.3029127521808397,154,199
851,149190280,2022-11-13,4.07,1.623340817603092,154,200
852,152160060,2022-08-03,0.18,0.16551443847757338,150,183
853,152160060,2022-08-16,0.07,0.06765864847381481,150,184
854,152160060,2022-08-26,0.16,0.14842000511827327,150,185
855,152160060,2022-09-02,0.12,0.11332868530700317,150,186
856,152160060,2022-09-05,0.06,0.058268908123975775,150,178
857,152160060,2022-10-07,0.07,0.06765864847381481,150,179
858,152160060,2022-10-12,0.07,0.06765864847381481,150,180
859,152160060,2022-10-20,0.08,0.07696104113612832,150,181
860,152160060,2022-11-06,0.07,0.06765864847381481,150,182
861,150170100,2022-08-03,16.9,2.884800712846709,148,181
862,150170100,2022-08-05,17.1,2.89591193827178,148,179
863,150170100,2022-08-15,25.6,3.280911215787653,148,180
864,150210160,2022-08-27,0.44,0.36464311358790924,155,202
865,150210160,2022-09-01,0.41,0.3435897043900769,155,203
866,150210160,2022-09-06,1.11,0.7466879474879752,155,201
867,151160200,2022-08-03,0.4,0.33647223662121295,149,92
868,151160200,2022-10-07,0.37,0.31481073984003355,149,89
869,151160200,2022-10-12,0.22,0.1988508587451652,149,90
870,151160200,2022-11-06,0.67,0.5128236264286637,149,91
871,154160120,2022-08-03,8.47,2.248128907197987,152,84
872,154160120,2022-08-11,7.49,2.138889000323256,152,85
873,154160120,2022-10-07,6.03,1.9501867058225737,152,82
874,154160120,2022-10-10,6.11,1.9615022438151495,152,83
875,154160120,2022-11-06,6.06,1.9544450515051506,152,86
876,154160030,2022-08-03,0.87,0.6259384308664953,152,68
877,154160030,2022-09-05,0.46,0.3784364357202451,152,64
878,154160030,2022-09-30,0.42,0.35065687161316933,152,65
879,154160030,2022-10-07,0.38,0.32208349916911333,152,66
880,154160030,2022-11-06,0.36,0.3074846997479606,152,67
881,149200320,2022-08-27,1.22,0.7975071958841881,155,70
882,149200320,2022-10-26,1.14,0.76080582903376,155,71
883,149200320,2022-10-31,0.93,0.6575200029167942,155,68
884,149200320,2022-11-15,1.48,0.9082585601768908,155,69
885,152160090,2022-08-03,0.45,0.37156355643248307,150,169
886,152160090,2022-08-16,0.29,0.2546422183735807,150,171
887,152160090,2022-08-26,0.17,0.15700374880966475,150,170
888,152160090,2022-09-02,0.18,0.16551443847757338,150,172
889,152160090,2022-09-05,0.12,0.11332868530700317,150,164
890,152160090,2022-10-07,0.15,0.13976194237515868,150,165
891,152160090,2022-10-12,0.18,0.16551443847757338,150,166
892,152160090,2022-10-20,0.3,0.26236426446749106,150,167
893,152160090,2022-11-06,0.71,0.5364933705145685,150,168
894,152180110,2022-08-03,0.54,0.43178241642553783,150,121
895,152180110,2022-08-05,0.5,0.4054651081081644,150,120
896,152180110,2022-10-07,0.4,0.33647223662121295,150,119
897,152180110,2022-10-12,0.3,0.26236426446749106,150,122
898,149190300,2022-08-05,1.63,0.9669838461896731,154,242
899,149190300,2022-10-31,1.41,0.8796267475025636,154,239
900,149190300,2022-11-03,1.18,0.7793248768009976,154,243
901,149190300,2022-11-08,0.95,0.6678293725756554,154,240
902,149190300,2022-11-13,1.89,1.0612565021243408,154,241
903,151220010,2022-08-27,20.1,3.0492730404820207,156,210
904,151220010,2022-09-06,19.5,3.0204248861443626,156,209
905,152160110,2022-08-16,1.1,0.7419373447293773,150,208
906,152160110,2022-08-26,1.15,0.7654678421395714,150,209
907,152160110,2022-10-07,0.45,0.37156355643248307,150,204
908,152160110,2022-10-10,0.31,0.27002713721306015,150,205
909,152160110,2022-10-20,0.43,0.3576744442718159,150,207
910,152160110,2022-11-06,0.23,0.20701416938432615,150,206
911,150150110,2022-08-18,0.13,0.12221763272424921,149,175
912,150150110,2022-10-12,0.14,0.1310282624064041,149,174
913,149210050,2022-08-27,3.29,1.4562867329399256,155,161
914,149210050,2022-09-06,16.1,2.8390784635086144,155,160
915,149210050,2022-10-31,3.02,1.3912819026309298,155,159
916,150160120,2022-08-03,1.62,0.9631743177730056,148,247
917,150160120,2022-10-12,0.72,0.5423242908253616,148,246
918,153210020,2022-08-02,1.95,1.0818051703517284,158,43
919,153210020,2022-08-05,1.92,1.0715836162801904,158,45
920,153210020,2022-08-27,1.42,0.8837675401685949,158,44
921,153210020,2022-09-26,0.62,0.4824261492442927,158,46
922,153210020,2022-11-03,0.45,0.37156355643248307,158,42
923,150230040,2022-08-07,9.59,2.359910159613315,156,200
924,150230040,2022-08-27,7.31,2.1174596088673567,156,201
925,150230040,2022-09-06,7.54,2.1447610078004784,156,199
926,150230040,2022-10-08,7.26,2.1114245875328868,156,202
927,151180060,2022-08-03,0.36,0.3074846997479606,150,155
928,151180060,2022-08-05,0.31,0.27002713721306015,150,154
929,151180060,2022-10-12,0.14,0.1310282624064041,150,156
930,154160090,2022-08-03,2.16,1.1505720275988207,152,104
931,154160090,2022-09-30,1.63,0.9669838461896731,152,101
932,154160090,2022-10-07,1.55,0.9360933591703348,152,102
933,154160090,2022-10-10,1.63,0.9669838461896731,152,103
934,153180060,2022-08-05,7.09,2.0906287310704004,159,15
935,153180060,2022-10-07,4.88,1.7715567619105355,159,13
936,153180060,2022-11-06,7.99,2.196112848483529,159,14
937,149210090,2022-08-04,0.21,0.1906203596086497,155,151
938,149210090,2022-08-27,0.11,0.10436001532424277,155,152
939,149210090,2022-10-08,0.11,0.10436001532424277,155,153
940,149210090,2022-10-13,0.19,0.173953307123438,155,150
941,150190240,2022-08-27,0.53,0.4252677354043441,150,14
942,150190240,2022-09-01,0.58,0.4574248470388754,150,13
943,150190240,2022-10-26,0.67,0.5128236264286637,150,10
944,150190240,2022-10-31,0.77,0.5709795465857378,150,11
945,150190240,2022-11-15,1.52,0.924258901523332,150,12
946,154170020,2022-08-03,0.29,0.2546422183735807,152,140
947,154170020,2022-08-11,0.26,0.23111172096338664,152,141
948,154170020,2022-09-30,0.29,0.2546422183735807,152,136
949,154170020,2022-10-07,0.27,0.23901690047049992,152,137
950,154170020,2022-10-10,0.26,0.23111172096338664,152,138
951,154170020,2022-11-06,0.27,0.23901690047049992,152,139
952,149210110,2022-08-04,1.21,0.7929925155296614,156,68
953,149210110,2022-08-27,0.95,0.6678293725756554,156,66
954,154200020,2022-08-28,0.62,0.4824261492442927,159,79
955,149210110,2022-09-06,3.87,1.5830939370944985,156,67
956,154200020,2022-09-07,1.88,1.0577902941478545,159,80
957,154200020,2022-10-07,0.58,0.4574248470388754,159,81
958,149210110,2022-10-13,0.66,0.5068176023684519,156,64
959,149210110,2022-10-31,0.6,0.4700036292457356,156,65
960,149200160,2022-08-05,23.2,3.186352633162641,154,220
961,149220170,2022-10-08,0.4,0.33647223662121295,159,163
962,149220170,2022-10-13,0.4,0.33647223662121295,159,164
963,149220170,2022-10-16,0.67,0.5128236264286637,159,165
964,149200160,2022-10-31,17.9,2.9391619220655967,154,217
965,149200160,2022-11-03,17.4,2.91235066461494,154,221
966,149200160,2022-11-08,17.7,2.928523523860541,154,218
967,149200160,2022-11-13,15.5,2.803360380906535,154,219
968,149220200,2022-08-27,0.85,0.6151856390902335,156,43
969,149220200,2022-10-08,0.45,0.37156355643248307,156,41
970,149220200,2022-10-13,0.43,0.3576744442718159,156,42
971,152200090,2022-08-05,2.38,1.2178757094949273,158,155
972,152200090,2022-09-06,2.73,1.3164082336557241,158,153
973,152200090,2022-11-08,1.13,0.7561219797213337,158,154
974,153210010,2022-08-05,4.27,1.6620303625532709,158,24
975,153210010,2022-08-12,4.4,1.6863989535702286,158,25
976,153210010,2022-08-27,2.38,1.2178757094949273,158,26
977,153210010,2022-09-26,1.92,1.0715836162801904,158,27
978,153210010,2022-10-01,2.0,1.0986122886681096,158,29
979,153210010,2022-11-03,1.95,1.0818051703517284,158,28
980,150240020,2022-08-24,8.98,2.300583090323373,158,52
981,150240020,2022-09-08,6.06,1.9544450515051506,158,50
982,150240020,2022-10-08,5.55,1.8794650496471605,158,51
983,150230030,2022-08-07,1.01,0.6981347220709844,156,215
984,150230030,2022-09-06,1.33,0.8458682675776092,156,216
985,150230030,2022-10-08,0.64,0.49469624183610705,156,217
986,149190350,2022-08-05,0.29,0.2546422183735807,154,160
987,149190350,2022-08-15,0.25,0.22314355131420976,154,162
988,149190350,2022-08-25,0.24,0.2151113796169455,154,161
989,149190350,2022-08-27,0.24,0.2151113796169455,154,163
990,149190350,2022-10-31,0.29,0.2546422183735807,154,158
991,149190350,2022-11-03,0.24,0.2151113796169455,154,159
992,149190350,2022-11-15,0.44,0.36464311358790924,154,164
993,152230080,2022-08-04,54.1,4.009149716158869,158,63
994,152230080,2022-09-03,31.7,3.4873750779032076,158,61
995,152230080,2022-10-08,24.9,3.254242968705492,158,62
996,150170210,2022-08-03,0.33,0.2851789422336624,148,224
997,150170210,2022-08-05,0.29,0.2546422183735807,148,223
998,150170210,2022-10-12,0.16,0.14842000511827327,148,222
999,152160010,2022-08-03,26.6,3.3178157727231046,151,41
1000,152160010,2022-08-16,21.7,3.122364924487357,151,43
1001,152160010,2022-08-26,19.3,3.0106208860477417,151,42
1002,152160010,2022-09-30,13.8,2.6946271807700692,151,44
1003,152160010,2022-10-07,12.1,2.5726122302071057,151,38
1004,152160010,2022-10-20,11.4,2.517696472610991,151,39
1005,152160010,2022-11-06,17.1,2.89591193827178,151,40
1006,151170010,2022-08-03,1.09,0.7371640659767197,149,25
1007,149180010,2022-08-05,20.1,3.0492730404820207,148,7
1008,151170010,2022-08-05,1.36,0.8586616190375187,149,23
1009,149180010,2022-08-15,28.7,3.391147045808654,148,8
1010,151170010,2022-08-15,1.06,0.7227059828014898,149,24
1011,151170010,2022-10-12,0.61,0.4762341789963716,149,22
1012,149180010,2022-11-08,21.1,3.0955776085237074,148,6
1013,153220150,2022-08-02,2.69,1.3056264580524357,157,202
1014,153220150,2022-08-12,1.83,1.0402767116551463,157,199
1015,153220150,2022-08-17,2.56,1.269760544863939,157,200
1016,153220150,2022-09-04,1.23,0.8020015854720274,157,198
1017,153220150,2022-09-26,1.25,0.8109302162163288,157,197
1018,153220150,2022-10-01,1.29,0.8285518175661483,157,201
1019,153220150,2022-10-31,1.08,0.7323678937132266,157,196
1020,151190010,2022-08-15,6.41,2.0028304393079956,150,94
1021,153220230,2022-08-02,2.68,1.3029127521808397,157,158
1022,153220230,2022-08-12,0.6,0.4700036292457356,157,159
1023,153220230,2022-10-31,0.28,0.2468600779315258,157,160
1024,153150030,2022-08-16,0.06,0.058268908123975775,152,14
1025,153150030,2022-09-05,0.07,0.06765864847381481,152,15
1026,153150030,2022-10-10,0.042,0.04114194333117518,152,16
1027,153150030,2022-10-20,0.06,0.058268908123975775,152,17
1028,153190130,2022-08-28,2.19,1.1600209167967532,158,219
1029,153190130,2022-09-07,2.16,1.1505720275988207,158,216
1030,153190130,2022-10-07,1.89,1.0612565021243408,158,217
1031,153190130,2022-11-03,3.2,1.4350845252893227,158,218
1032,150210090,2022-08-27,1.87,1.0543120297715298,156,155
1033,150210090,2022-09-01,1.52,0.924258901523332,156,154
1034,150210090,2022-09-06,2.68,1.3029127521808397,156,156
1035,151160010,2022-08-16,0.06,0.058268908123975775,149,130
1036,151160010,2022-08-26,0.032,0.03149866705937099,149,129
1037,151160010,2022-10-07,0.02,0.019802627296179712,149,125
1038,151160010,2022-10-12,0.016,0.01587334915629015,149,126
1039,151160010,2022-10-20,0.021,0.020782539182528505,149,128
1040,151160010,2022-11-06,0.004,0.003992021269537453,149,127
1041,151180030,2022-08-03,0.33,0.2851789422336624,150,152
1042,151180030,2022-08-15,0.58,0.4574248470388754,150,153
1043,151180030,2022-10-12,0.24,0.2151113796169455,150,151
1044,150190210,2022-08-05,0.05,0.04879016416943201,153,183
1045,150190210,2022-08-27,0.043,0.04210117601863539,153,184
1046,150190210,2022-09-01,0.044,0.04305948946044697,153,185
1047,150190210,2022-10-26,0.06,0.058268908123975775,153,180
1048,150190210,2022-10-31,0.33,0.2851789422336624,153,181
1049,150190210,2022-11-15,0.58,0.4574248470388754,153,182
1050,152190050,2022-08-05,0.83,0.6043159668533296,158,134
1051,152190050,2022-10-07,2.6,1.2809338454620645,158,133
1052,152190050,2022-10-12,1.2,0.7884573603642702,158,132
1053,153180130,2022-08-05,0.99,0.688134638736401,159,59
1054,153180130,2022-10-07,0.58,0.4574248470388754,159,57
1055,153180130,2022-11-06,0.45,0.37156355643248307,159,58
1056,154170040,2022-08-03,0.39,0.3293037471426004,152,79
1057,154170040,2022-08-11,0.29,0.2546422183735807,152,81
1058,154170040,2022-08-26,0.29,0.2546422183735807,152,80
1059,154170040,2022-09-30,0.28,0.2468600779315258,152,74
1060,154170040,2022-10-07,0.24,0.2151113796169455,152,75
1061,154170040,2022-10-10,0.2,0.18232155679395462,152,76
1062,154170040,2022-10-20,0.23,0.20701416938432615,152,77
1063,154170040,2022-11-06,0.23,0.20701416938432615,152,78
1064,150160230,2022-08-05,1.76,1.0152306797290587,148,193
1065,150160230,2022-10-12,0.99,0.688134638736401,148,192
1066,150180070,2022-08-03,7.06,2.086913556518537,148,129
1067,150180070,2022-08-05,7.26,2.1114245875328868,148,128
1068,150180070,2022-08-15,5.52,1.8748743759385615,148,130
1069,150180070,2022-10-12,3.51,1.5062971535145868,148,131
1070,150180070,2022-10-17,3.71,1.5496879080283263,148,126
1071,150180070,2022-10-27,7.72,2.1656192379208883,148,127
1072,151210030,2022-08-05,1.23,0.8020015854720274,157,19
1073,151210030,2022-08-25,0.92,0.6523251860396903,157,17
1074,151210030,2022-08-27,0.95,0.6678293725756554,157,18
1075,151210030,2022-09-06,2.87,1.3532545070416904,157,15
1076,151210030,2022-11-03,0.65,0.5007752879124893,157,16
1077,149220060,2022-08-04,22.5,3.157000421150113,155,217
1078,149220060,2022-08-27,8.93,2.295560478057081,155,218
1079,149220060,2022-10-08,9.14,2.316487998163037,155,215
1080,149220060,2022-10-13,9.17,2.3194422100604686,155,216
1081,151150060,2022-08-16,0.8,0.5877866649021191,149,200
1082,151150060,2022-08-18,0.9,0.6418538861723948,149,201
1083,151150060,2022-10-12,1.1,0.7419373447293773,149,199
1084,150220090,2022-08-27,21.1,3.0955776085237074,155,238
1085,150220090,2022-09-06,17.9,2.9391619220655967,155,239
1086,150220090,2022-10-08,14.7,2.7536607123542622,155,236
1087,150220090,2022-10-13,15.3,2.791165107812717,155,237
1088,154170160,2022-08-03,4.62,1.7263316639055997,152,179
1089,154170160,2022-08-11,4.29,1.665818245870208,152,180
1090,154170160,2022-09-30,3.98,1.6054298910365616,152,181
1091,154170160,2022-10-07,3.71,1.5496879080283263,152,176
1092,154170160,2022-10-10,3.67,1.541159071680806,152,177
1093,154170160,2022-11-06,3.61,1.5282278570085572,152,178
1094,150190200,2022-08-15,1.56,0.9400072584914712,150,16
1095,150190200,2022-08-27,0.84,0.6097655716208943,150,15
1096,150190200,2022-11-15,2.69,1.3056264580524357,150,17
1097,153190150,2022-08-28,1.22,0.7975071958841881,158,215
1098,153190150,2022-09-07,1.18,0.7793248768009976,158,212
1099,153190150,2022-10-07,1.21,0.7929925155296614,158,213
1100,153190150,2022-11-03,1.67,0.9820784724121581,158,214
1101,152190040,2022-08-05,0.31,0.27002713721306015,158,179
1102,152190040,2022-10-07,0.25,0.22314355131420976,158,177
1103,152190040,2022-10-12,0.27,0.23901690047049992,158,180
1104,152190040,2022-11-06,0.28,0.2468600779315258,158,178
1105,153190020,2022-08-05,0.8,0.5877866649021191,159,21
1106,153190020,2022-10-07,0.43,0.3576744442718159,159,19
1107,153190020,2022-11-06,0.34,0.29266961396282,159,20
1108,150160070,2022-08-18,0.32,0.2776317365982795,148,245
1109,150160070,2022-10-12,0.33,0.2851789422336624,148,244
1110,151220090,2022-08-04,18.4,2.9652730660692823,156,208
1111,151220090,2022-09-03,12.8,2.624668592163159,156,206
1112,151220090,2022-10-08,13.6,2.681021528714291,156,207
1113,152200100,2022-08-05,0.66,0.5068176023684519,158,120
1114,152200100,2022-08-27,1.09,0.7371640659767197,158,121
1115,152200100,2022-09-06,1.06,0.7227059828014898,158,122
1116,152200100,2022-09-26,0.68,0.5187937934151676,158,123
1117,151150190,2022-08-03,0.05,0.04879016416943201,149,109
1118,151150190,2022-08-16,0.05,0.04879016416943201,149,110
1119,151150190,2022-08-26,0.05,0.04879016416943201,149,111
1120,151150190,2022-10-07,0.032,0.03149866705937099,149,105
1121,151150190,2022-10-12,0.028,0.027615167032973367,149,106
1122,151150190,2022-10-20,0.026,0.02566774674857779,149,107
1123,151150190,2022-11-06,0.012,0.011928570865273802,149,108
1124,149190370,2022-08-05,0.22,0.1988508587451652,154,155
1125,149190370,2022-08-15,0.13,0.12221763272424921,154,153
1126,149190370,2022-08-25,0.13,0.12221763272424921,154,156
1127,149190370,2022-08-27,0.13,0.12221763272424921,154,154
1128,149190370,2022-10-31,0.1,0.09531017980432487,154,151
1129,149190370,2022-11-03,0.1,0.09531017980432487,154,152
1130,149190370,2022-11-15,0.23,0.20701416938432615,154,157
1131,151220070,2022-08-04,3.82,1.5727739280625088,156,237
1132,151220070,2022-08-07,3.79,1.5665304114228238,156,235
1133,151220070,2022-08-27,2.92,1.366091653802371,156,231
1134,151220070,2022-09-01,2.75,1.3217558399823195,156,236
1135,151220070,2022-09-06,3.84,1.5769147207285403,156,232
1136,151220070,2022-09-08,3.62,1.5303947050936475,156,233
1137,151220070,2022-10-13,3.04,1.3962446919730587,156,234
1138,149190360,2022-08-05,0.33,0.2851789422336624,154,248
1139,149190390,2022-08-05,0.41,0.3435897043900769,155,3
1140,149190360,2022-10-31,0.18,0.16551443847757338,154,244
1141,149190390,2022-10-31,0.76,0.5653138090500605,154,249
1142,149190360,2022-11-03,0.18,0.16551443847757338,154,245
1143,149190390,2022-11-03,0.71,0.5364933705145685,155,0
1144,149190360,2022-11-08,0.19,0.173953307123438,154,246
1145,149190390,2022-11-08,0.66,0.5068176023684519,155,1
1146,149190360,2022-11-13,0.3,0.26236426446749106,154,247
1147,149190390,2022-11-13,1.58,0.9477893989335261,155,2
1148,149200270,2022-10-31,0.16,0.14842000511827327,155,47
1149,149210040,2022-08-27,3.83,1.5748464676644813,155,164
1150,149210040,2022-09-06,14.3,2.72785282839839,155,163
1151,149210040,2022-10-31,7.76,2.1701959049483,155,162
1152,150190130,2022-08-05,1.6,0.9555114450274365,153,168
1153,150190130,2022-10-26,1.47,0.9042181506398859,153,169
1154,150190130,2022-10-31,1.57,0.9439058989071285,153,166
1155,150190130,2022-11-08,2.2,1.1631508098056809,153,167
1156,151190030,2022-08-05,0.81,0.5933268452777344,150,104
1157,149180030,2022-08-05,3.76,1.5602476682433286,148,84
1158,149180030,2022-08-15,5.55,1.8794650496471605,148,85
1159,149180030,2022-11-08,5.12,1.8115620965242347,148,83
1160,150160090,2022-08-18,1.03,0.708035793053696,149,9
1161,150160090,2022-10-12,0.75,0.5596157879354227,149,8
1162,151170040,2022-08-03,1.09,0.7371640659767197,149,63
1163,151170040,2022-08-05,1.05,0.7178397931503169,149,65
1164,151170040,2022-09-02,1.07,0.7275486072772778,149,64
1165,151170040,2022-11-06,4.46,1.6974487897568138,149,62
1166,153150080,2022-08-03,2.92,1.366091653802371,152,1
1167,153150080,2022-08-16,2.4,1.2237754316221157,152,2
1168,153150080,2022-09-05,3.23,1.4422019930581866,151,246
1169,153150080,2022-10-07,1.58,0.9477893989335261,151,247
1170,153150080,2022-10-10,1.55,0.9360933591703348,151,248
1171,153150080,2022-10-20,1.73,1.0043016091968684,151,249
1172,153150080,2022-11-06,1.6,0.9555114450274365,152,0
1173,152210120,2022-08-05,5.53,1.8764069432883397,158,105
1174,152210120,2022-08-27,3.08,1.4060969884160703,158,106
1175,152210120,2022-11-03,1.9,1.0647107369924282,158,104
1176,149190070,2022-08-05,0.22,0.1988508587451652,154,16
1177,149190070,2022-08-15,0.35,0.30010459245033805,154,15
1178,149190070,2022-10-26,1.74,1.007957920399979,154,12
1179,149190070,2022-10-31,0.79,0.5822156198526637,154,13
1180,149190070,2022-11-08,0.36,0.3074846997479606,154,14
1181,150150090,2022-08-16,1.02,0.7030975114131134,149,173
1182,150150090,2022-10-12,0.67,0.5128236264286637,149,172
1183,152199992,2022-08-05,5.43,1.860974538249528,158,138
1184,152199992,2022-08-27,3.9,1.589235205116581,158,139
1185,152199992,2022-09-06,5.91,1.9329696377795786,158,135
1186,152199992,2022-11-08,10.9,2.4765384001174837,158,136
1187,152199992,2022-11-20,9.59,2.359910159613315,158,137
1188,151150090,2022-08-26,3.61,1.5282278570085572,149,208
1189,154190170,2022-08-28,7.43,2.131796772013764,159,76
1190,151150090,2022-10-07,2.57,1.2725655957915476,149,204
1191,154190170,2022-10-07,5.38,1.8531680973566984,159,77
1192,151150090,2022-10-12,2.35,1.208960345836975,149,205
1193,151150090,2022-10-20,2.68,1.3029127521808397,149,207
1194,151150090,2022-11-06,3.71,1.5496879080283263,149,206
1195,154190170,2022-11-06,6.31,1.9892432737616872,159,78
1196,154170080,2022-08-03,3.43,1.4883995840570443,152,157
1197,154170080,2022-08-11,3.32,1.463255402256019,152,156
1198,154170080,2022-09-30,2.48,1.247032293786383,152,158
1199,154170080,2022-10-07,2.22,1.169381359556317,152,153
1200,154170080,2022-10-10,2.12,1.1378330018213911,152,154
1201,154170080,2022-11-06,2.21,1.1662709371419244,152,155
1202,149200100,2022-08-05,5.05,1.80005827204275,155,28
1203,149200100,2022-10-31,2.28,1.1878434223960523,155,24
1204,149200100,2022-11-03,1.83,1.0402767116551463,155,27
1205,149200100,2022-11-08,1.42,0.8837675401685949,155,25
1206,149200100,2022-11-13,2.74,1.3190856114264407,155,26
1207,152180100,2022-08-05,0.23,0.20701416938432615,151,4
1208,152180100,2022-10-07,0.18,0.16551443847757338,151,1
1209,152180100,2022-10-12,0.22,0.1988508587451652,151,2
1210,152180100,2022-11-06,0.18,0.16551443847757338,151,3
1211,152140080,2022-08-16,0.62,0.4824261492442927,150,9
1212,152140080,2022-09-30,0.53,0.4252677354043441,150,7
1213,152140080,2022-11-14,0.68,0.5187937934151676,150,8
1214,152210030,2022-08-05,3.35,1.4701758451005928,158,49
1215,152210030,2022-08-27,2.39,1.220829921392359,158,48
1216,152210030,2022-11-03,1.29,0.8285518175661483,158,47
1217,151160150,2022-08-03,50.6,3.9435216724875173,148,18
1218,151160150,2022-08-18,101.0,4.624972813284271,148,19
1219,151160150,2022-10-12,39.2,3.6938669956249752,148,17
1220,152230070,2022-08-04,5.0,1.791759469228055,158,85
1221,152230070,2022-09-03,2.69,1.3056264580524357,158,83
1222,152230070,2022-10-08,2.93,1.3686394258811698,158,84
1223,154220030,2022-08-05,1.42,0.8837675401685949,157,212
1224,154220030,2022-08-12,1.33,0.8458682675776092,157,213
1225,154220030,2022-08-17,1.4,0.8754687373538999,157,214
1226,152229999,2022-08-02,86.6,4.472780997942346,158,68
1227,152229999,2022-08-27,48.8,3.9080149840306073,158,69
1228,152229999,2022-09-26,42.5,3.7727609380946383,158,70
1229,152229999,2022-11-03,35.8,3.6054978451748854,158,67
1230,150230080,2022-08-07,2.2,1.1631508098056809,156,190
1231,150230080,2022-08-27,1.95,1.0818051703517284,156,191
1232,150230080,2022-09-06,1.99,1.095273387402595,156,192
1233,150230080,2022-10-08,1.76,1.0152306797290587,156,193
1234,150200050,2022-08-05,2.23,1.172482137234565,155,121
1235,151210020,2022-08-05,2.2,1.1631508098056809,156,142
1236,150200050,2022-08-15,2.06,1.1184149159642893,155,125
1237,151210020,2022-08-20,1.43,0.8878912573524571,156,140
1238,150200050,2022-08-25,1.74,1.007957920399979,155,126
1239,151210020,2022-08-25,1.28,0.8241754429663495,156,143
1240,150200050,2022-08-27,1.67,0.9820784724121581,155,122
1241,151210020,2022-08-27,1.09,0.7371640659767197,156,141
1242,150200050,2022-09-01,1.62,0.9631743177730056,155,128
1243,151210020,2022-09-01,1.28,0.8241754429663495,156,144
1244,150200050,2022-09-06,2.03,1.1085626195212777,155,123
1245,151210020,2022-09-06,2.67,1.3001916620664788,156,137
1246,150200050,2022-10-26,1.72,1.000631880307906,155,127
1247,150200050,2022-10-31,1.43,0.8878912573524571,155,124
1248,151210020,2022-10-31,1.0,0.6931471805599453,156,145
1249,151210020,2022-11-03,0.9,0.6418538861723948,156,138
1250,151210020,2022-11-08,0.95,0.6678293725756554,156,139
1251,154210100,2022-08-12,11.7,2.5416019934645457,159,120
1252,154210100,2022-08-17,9.68,2.3683728335320486,159,119
1253,154210100,2022-09-01,6.02,1.9487632180377197,159,116
1254,154210100,2022-09-04,5.33,1.8453002361560848,159,117
1255,154210100,2022-09-06,4.87,1.769854633840005,159,118
1256,154210100,2022-10-01,6.43,2.005525858729668,159,121
1257,150210120,2022-08-27,6.24,1.979621206397625,155,170
1258,150210120,2022-09-06,12.8,2.624668592163159,155,169
1259,150210120,2022-10-31,11.6,2.533696813957432,155,168
1260,152150180,2022-08-03,0.64,0.49469624183610705,151,200
1261,152150180,2022-08-16,0.49,0.3987761199573678,151,201
1262,152150180,2022-08-26,0.43,0.3576744442718159,151,199
1263,152150180,2022-10-07,0.36,0.3074846997479606,151,196
1264,152150180,2022-10-20,0.38,0.32208349916911333,151,197
1265,152150180,2022-11-06,0.42,0.35065687161316933,151,198
1266,150160160,2022-08-03,2.36,1.2119409739751128,148,249
1267,150160160,2022-10-12,1.66,0.9783261227936076,148,248
1268,152150200,2022-08-03,48.8,3.9080149840306073,150,77
1269,152150200,2022-08-16,51.4,3.9589065913269965,150,78
1270,152150200,2022-08-26,46.5,3.8607297110405954,150,79
1271,152150200,2022-09-30,29.8,3.427514689979529,150,73
1272,152150200,2022-10-07,38.9,3.686376323895818,150,74
1273,152150200,2022-10-20,36.9,3.6349511120883804,150,75
1274,152150200,2022-11-06,50.8,3.9473901492654373,150,76
1275,150160190,2022-08-05,0.19,0.173953307123438,148,165
1276,150160190,2022-10-07,0.1,0.09531017980432487,148,163
1277,150160190,2022-10-12,0.09,0.08617769624105233,148,164
1278,152150120,2022-08-03,0.46,0.3784364357202451,151,0
1279,152150120,2022-08-16,0.67,0.5128236264286637,150,249
1280,152150120,2022-08-26,0.41,0.3435897043900769,150,247
1281,152150120,2022-09-30,0.44,0.36464311358790924,150,244
1282,152150120,2022-10-07,0.048,0.04688358589885042,150,245
1283,152150120,2022-10-20,0.049,0.04783732941416013,150,248
1284,152150120,2022-11-06,0.05,0.04879016416943201,150,246
1285,151210110,2022-08-27,0.27,0.23901690047049992,157,20
1286,151210110,2022-09-06,0.38,0.32208349916911333,157,21
1287,153210230,2022-08-05,1.37,0.8628899551470399,158,6
1288,153210230,2022-08-12,1.4,0.8754687373538999,158,5
1289,153210230,2022-09-26,0.92,0.6523251860396903,158,4
1290,149190030,2022-08-05,0.13,0.12221763272424921,153,130
1291,149190030,2022-08-15,0.18,0.16551443847757338,153,131
1292,149190030,2022-10-26,0.28,0.2468600779315258,153,127
1293,149190030,2022-10-31,0.24,0.2151113796169455,153,128
1294,149190030,2022-11-08,0.16,0.14842000511827327,153,129
1295,154180020,2022-08-03,0.6,0.4700036292457356,152,175
1296,154180020,2022-08-11,0.55,0.4382549309311553,152,174
1297,154180020,2022-10-07,0.38,0.32208349916911333,152,171
1298,154180020,2022-10-10,0.35,0.30010459245033805,152,172
1299,154180020,2022-11-06,0.35,0.30010459245033805,152,173
1300,151180040,2022-08-03,2.04,1.1118575154181303,150,141
1301,151180040,2022-08-15,2.93,1.3686394258811698,150,142
1302,151180040,2022-10-12,1.16,0.7701082216960736,150,139
1303,151180040,2022-10-17,1.61,0.9593502213346021,150,140
1304,150150010,2022-08-16,0.57,0.4510756193602167,149,195
1305,150150020,2022-08-16,0.13,0.12221763272424921,149,211
1306,150150010,2022-08-18,0.5,0.4054651081081644,149,194
1307,150150020,2022-08-18,0.12,0.11332868530700317,149,210
1308,150150010,2022-10-12,0.31,0.27002713721306015,149,193
1309,150150020,2022-10-12,0.05,0.04879016416943201,149,209
1310,149180090,2022-08-05,0.21,0.1906203596086497,153,137
1311,149180090,2022-08-15,0.19,0.173953307123438,153,138
1312,149180090,2022-11-08,0.29,0.2546422183735807,153,136
1313,151220050,2022-08-04,0.47,0.3852624007906449,157,4
1314,151220050,2022-08-27,0.28,0.2468600779315258,157,5
1315,151220050,2022-09-03,0.19,0.173953307123438,157,2
1316,151220050,2022-09-06,0.45,0.37156355643248307,157,3
1317,150200010,2022-08-05,1.38,0.8671004876833832,155,75
1318,150200010,2022-08-27,0.85,0.6151856390902335,155,77
1319,150200010,2022-09-01,1.06,0.7227059828014898,155,76
1320,150200010,2022-09-06,1.64,0.9707789171582247,155,72
1321,150200010,2022-10-31,1.78,1.0224509277025458,155,73
1322,150200010,2022-11-08,1.42,0.8837675401685949,155,74
1323,150210030,2022-08-27,0.27,0.23901690047049992,155,147
1324,150210030,2022-09-01,0.27,0.23901690047049992,155,145
1325,150210030,2022-09-06,0.42,0.35065687161316933,155,144
1326,150210030,2022-10-31,0.23,0.20701416938432615,155,146
1327,152200110,2022-08-05,496.0,6.208590026096629,153,87
1328,152200110,2022-09-06,343.0,5.840641657373398,153,85
1329,152200110,2022-09-26,330.0,5.802118375377063,153,86
1330,150200120,2022-08-05,1.9,1.0647107369924282,155,107
1331,150200120,2022-08-27,1.14,0.76080582903376,155,108
1332,150200120,2022-09-01,1.11,0.7466879474879752,155,106
1333,150200120,2022-09-06,1.28,0.8241754429663495,155,103
1334,150200120,2022-10-31,1.2,0.7884573603642702,155,104
1335,150200120,2022-11-08,0.98,0.6830968447064438,155,105
1336,153150020,2022-08-16,0.25,0.22314355131420976,151,233
1337,153150020,2022-08-26,0.26,0.23111172096338664,151,234
1338,153150020,2022-09-05,0.3,0.26236426446749106,151,229
1339,153150020,2022-09-30,0.08,0.07696104113612832,151,230
1340,153150020,2022-10-10,0.07,0.06765864847381481,151,231
1341,153150020,2022-10-20,0.1,0.09531017980432487,151,232
1342,152160130,2022-08-03,0.64,0.49469624183610705,150,176
1343,152160130,2022-09-02,0.5,0.4054651081081644,150,177
1344,152160130,2022-10-07,0.27,0.23901690047049992,150,173
1345,152160130,2022-10-12,0.25,0.22314355131420976,150,174
1346,152160130,2022-11-06,0.26,0.23111172096338664,150,175
1347,150160130,2022-10-12,0.28,0.2468600779315258,149,3
1348,153170110,2022-10-07,0.23,0.20701416938432615,159,4
1349,153170110,2022-11-06,0.21,0.1906203596086497,159,5
1350,150190220,2022-08-15,7.27,2.1126345090356,150,19
1351,149200060,2022-08-05,0.59,0.46373401623214017,154,109
1352,149200080,2022-08-05,0.65,0.5007752879124893,154,149
1353,149200060,2022-08-15,0.38,0.32208349916911333,154,112
1354,149200080,2022-08-15,0.61,0.4762341789963716,154,150
1355,149200060,2022-08-25,0.29,0.2546422183735807,154,110
1356,149200080,2022-08-25,0.47,0.3852624007906449,154,147
1357,149200060,2022-08-27,0.27,0.23901690047049992,154,111
1358,149200080,2022-08-27,0.43,0.3576744442718159,154,148
1359,149200060,2022-10-31,0.66,0.5068176023684519,154,107
1360,149200080,2022-10-31,0.8,0.5877866649021191,154,144
1361,149200060,2022-11-03,0.6,0.4700036292457356,154,108
1362,149200080,2022-11-03,0.66,0.5068176023684519,154,145
1363,149200060,2022-11-15,3.41,1.4838746894587547,154,113
1364,149200080,2022-11-15,6.03,1.9501867058225737,154,146
1365,149200300,2022-10-31,5.07,1.803358605071407,155,44
1366,149200290,2022-10-31,6.89,2.065596134857783,155,45
1367,153210040,2022-08-05,0.43,0.3576744442718159,158,15
1368,153210040,2022-08-12,0.38,0.32208349916911333,158,16
1369,153210040,2022-08-17,0.34,0.29266961396282,158,17
1370,153210040,2022-09-26,0.09,0.08617769624105233,158,18
1371,152140120,2022-08-11,0.58,0.4574248470388754,151,210
1372,152140120,2022-08-16,0.51,0.412109650826833,151,211
1373,152140120,2022-09-30,0.12,0.11332868530700317,151,209
1374,153160070,2022-08-03,2.11,1.1346227261911428,151,126
1375,153160070,2022-08-16,1.94,1.0784095813505903,151,125
1376,153160070,2022-08-26,1.76,1.0152306797290587,151,124
1377,153160070,2022-09-05,2.11,1.1346227261911428,151,119
1378,153160070,2022-10-07,1.06,0.7227059828014898,151,120
1379,153160070,2022-10-10,1.17,0.7747271675523681,151,121
1380,153160070,2022-10-20,0.93,0.6575200029167942,151,122
1381,153160070,2022-11-06,0.91,0.6471032420585385,151,123
1382,150180260,2022-08-05,0.6,0.4700036292457356,153,191
1383,151170090,2022-08-03,0.82,0.598836501088704,149,14
1384,151170090,2022-08-05,0.28,0.2468600779315258,149,16
1385,151170090,2022-08-15,0.3,0.26236426446749106,149,17
1386,151170090,2022-10-12,0.21,0.1906203596086497,149,15
1387,152230090,2022-08-02,8.17,2.2159372862683733,157,108
1388,152230100,2022-08-02,2.89,1.358409157630355,157,140
1389,150180090,2022-08-05,0.16,0.14842000511827327,148,97
1390,150180090,2022-08-15,0.16,0.14842000511827327,148,98
1391,151180090,2022-08-03,0.92,0.6523251860396903,150,96
1392,151180090,2022-08-05,0.86,0.6205764877251099,150,97
1393,151180090,2022-10-12,0.42,0.35065687161316933,150,98
1394,151180090,2022-10-17,0.44,0.36464311358790924,150,95
1395,149200120,2022-08-05,0.54,0.43178241642553783,155,38
1396,149200120,2022-10-31,0.7,0.5306282510621704,155,34
1397,149200120,2022-11-03,0.62,0.4824261492442927,155,35
1398,149200120,2022-11-08,0.55,0.4382549309311553,155,37
1399,149200120,2022-11-13,0.75,0.5596157879354227,155,36
1400,150230010,2022-09-06,4.24,1.6563214983329508,156,195
1401,150230010,2022-10-08,4.13,1.635105659182678,156,194
1402,150170120,2022-08-03,0.35,0.30010459245033805,148,216
1403,150170120,2022-08-05,0.26,0.23111172096338664,148,215
1404,150170120,2022-08-15,0.49,0.3987761199573678,148,217
1405,150170120,2022-10-12,0.11,0.10436001532424277,148,214
1406,149220210,2022-08-27,0.89,0.636576829071551,156,46
1407,149220210,2022-10-08,0.78,0.5766133643039938,156,44
1408,149220210,2022-10-13,0.74,0.5538851132264376,156,45
1409,152150050,2022-08-03,84.3,4.446174454497633,148,50
1410,152150050,2022-08-16,104.0,4.653960350157523,148,51
1411,152150050,2022-08-26,79.2,4.384523514872469,148,52
1412,152150050,2022-10-07,76.9,4.355425952876702,148,46
1413,152150050,2022-10-12,60.7,4.122283930911342,148,47
1414,152150050,2022-10-20,54.1,4.009149716158869,148,48
1415,152150050,2022-11-06,129.0,4.867534450455582,148,49
1416,150210080,2022-08-27,0.35,0.30010459245033805,156,169
1417,150210080,2022-09-01,0.37,0.31481073984003355,156,170
1418,150210080,2022-09-06,0.43,0.3576744442718159,156,171
1419,150220030,2022-08-04,49.8,3.927896354584436,156,0
1420,150220030,2022-08-27,35.2,3.5890591188317256,155,249
1421,150220030,2022-09-06,34.2,3.5610460826040513,155,246
1422,150220030,2022-09-08,47.3,3.877431560658527,156,1
1423,150220030,2022-10-13,26.1,3.299533727885655,155,247
1424,150220030,2022-10-31,26.5,3.3141860046725258,155,248
1425,150190100,2022-08-05,1.74,1.007957920399979,153,212
1426,150190100,2022-08-15,1.84,1.0438040521731147,153,213
1427,150190100,2022-10-26,2.17,1.1537315878891892,153,209
1428,150190100,2022-10-31,2.45,1.2383742310432684,153,210
1429,150190100,2022-11-08,1.99,1.095273387402595,153,211
1430,150180210,2022-08-15,0.96,0.6729444732424258,150,93
1431,152180090,2022-10-07,0.67,0.5128236264286637,151,5
1432,152180090,2022-10-12,0.66,0.5068176023684519,151,6
1433,152180090,2022-11-06,0.63,0.48858001481867097,151,7
1434,151150150,2022-08-03,94.2,4.55597994179732,148,36
1435,151150150,2022-08-16,90.3,4.514150787600923,148,37
1436,151150150,2022-08-26,71.2,4.279440045898781,148,38
1437,151150150,2022-10-07,61.1,4.128745988939433,148,32
1438,151150150,2022-10-12,52.4,3.977810745966149,148,33
1439,151150150,2022-10-20,50.8,3.9473901492654373,148,34
1440,151150150,2022-11-06,117.0,4.770684624465665,148,35
1441,152170060,2022-08-03,38.8,3.6838669122903918,150,49
1442,152170060,2022-08-05,39.0,3.6888794541139363,150,50
1443,152170060,2022-09-02,38.7,3.681351187693145,150,48
1444,152170060,2022-09-04,37.8,3.6584202466292277,150,44
1445,152170060,2022-10-07,43.1,3.7864597824528,150,45
1446,152170060,2022-10-12,37.2,3.6428355156125294,150,46
1447,152170060,2022-11-06,46.4,3.858622228701031,150,47
1448,152150190,2022-08-03,40.0,3.713572066704308,151,49
1449,152150190,2022-08-16,33.5,3.5409593240373143,151,50
1450,152150190,2022-08-26,30.6,3.4531571205928664,151,51
1451,152150190,2022-09-30,24.6,3.242592351485517,151,45
1452,152150190,2022-10-07,22.3,3.148453360571655,151,46
1453,152150190,2022-10-20,21.8,3.126760535960395,151,47
1454,152150190,2022-11-06,27.2,3.339321977944068,151,48
1455,152210130,2022-08-05,2.22,1.169381359556317,158,101
1456,152210130,2022-08-27,0.64,0.49469624183610705,158,99
1457,152210130,2022-09-26,0.76,0.5653138090500605,158,100
1458,152210130,2022-11-03,0.4,0.33647223662121295,158,98
1459,151200090,2022-08-05,18.1,2.9496883350525844,157,52
1460,151200090,2022-08-27,14.9,2.766319109226186,157,53
1461,151200090,2022-09-06,17.5,2.917770732084279,157,49
1462,151200090,2022-11-08,19.9,3.039749158970765,157,50
1463,151200090,2022-11-20,35.6,3.6000482404073204,157,51
1464,153190090,2022-08-05,9.17,2.3194422100604686,158,196
1465,153190090,2022-09-07,7.14,2.096790180014449,158,197
1466,153190090,2022-10-07,5.39,1.8547342683894434,158,198
1467,153190090,2022-11-03,8.09,2.2071749081893874,158,199
1468,153190090,2022-11-06,7.74,2.167910189667444,158,200
1469,154190110,2022-08-03,0.89,0.636576829071551,159,70
1470,154190110,2022-08-28,0.22,0.1988508587451652,159,67
1471,154190110,2022-10-07,0.19,0.173953307123438,159,68
1472,154190110,2022-11-06,0.22,0.1988508587451652,159,69
1473,151150100,2022-08-16,3.98,1.6054298910365616,149,203
1474,151150100,2022-10-12,1.0,0.6931471805599453,149,202
1475,153210210,2022-08-02,76.3,4.3476939555933765,157,130
1476,153210210,2022-08-05,78.6,4.377014092850337,157,129
1477,153210210,2022-08-27,58.4,4.084294226368599,157,128
1478,153210210,2022-09-26,60.9,4.12552017969055,157,126
1479,153210210,2022-11-03,44.1,3.8088822465086327,157,127
1480,151150040,2022-08-03,20.5,3.068052935133617,149,169
1481,151150040,2022-08-16,16.5,2.8622008809294686,149,171
1482,151150040,2022-08-26,16.3,2.8507065015037334,149,170
1483,151150040,2022-10-07,12.7,2.617395832834079,149,165
1484,151150040,2022-10-12,12.4,2.5952547069568657,149,166
1485,151150040,2022-10-20,11.6,2.533696813957432,149,167
1486,151150040,2022-11-06,15.8,2.8213788864092133,149,168
1487,149220010,2022-08-04,0.07,0.06765864847381481,156,84
1488,149220010,2022-08-27,0.037,0.036331929247390274,156,83
1489,149220010,2022-10-08,0.008,0.007968169649176874,156,81
1490,149220010,2022-10-13,0.01,0.009950330853168083,156,82
1491,153230170,2022-08-02,1.95,1.0818051703517284,157,145
1492,153230170,2022-10-31,0.69,0.5247285289349821,157,144
1493,149200240,2022-08-27,27.8,3.3603753871419,154,226
1494,149200250,2022-08-27,0.47,0.3852624007906449,155,51
1495,149200260,2022-08-27,0.13,0.12221763272424921,155,55
1496,149200240,2022-10-26,35.2,3.5890591188317256,154,223
1497,149200250,2022-10-26,0.6,0.4700036292457356,155,48
1498,149200260,2022-10-26,0.13,0.12221763272424921,155,52
1499,149200240,2022-10-31,29.5,3.417726683613366,154,224
1500,149200250,2022-10-31,0.42,0.35065687161316933,155,49
1501,149200260,2022-10-31,0.12,0.11332868530700317,155,53
1502,149200240,2022-11-15,32.5,3.5115454388310208,154,225
1503,149200250,2022-11-15,1.03,0.708035793053696,155,50
1504,149200030,2022-08-05,3.75,1.55814461804655,154,206
1505,149200030,2022-10-31,4.9,1.7749523509116738,154,202
1506,149200030,2022-11-03,3.89,1.5871923034867808,154,203
1507,149200030,2022-11-08,3.17,1.4279160358107101,154,204
1508,149200030,2022-11-13,6.98,2.0769384114617173,154,205
1509,149200050,2022-08-05,7.29,2.115049969147204,154,211
1510,149200050,2022-10-31,9.28,2.330200260027019,154,207
1511,149200050,2022-11-03,7.82,2.1770218700187,154,208
1512,149200050,2022-11-08,6.72,2.0438143640366846,154,209
1513,149200050,2022-11-13,11.7,2.5416019934645457,154,210
1514,150170060,2022-08-03,15.3,2.791165107812717,148,178
1515,150170060,2022-08-05,15.1,2.7788192719904172,148,177
1516,150170060,2022-08-15,20.9,3.086486636822455,148,176
1517,150170060,2022-10-07,8.58,2.2596775919827694,148,174
1518,150170060,2022-10-12,7.89,2.1849270495258133,148,175
1519,152160100,2022-08-03,45.0,3.828641396489095,150,65
1520,152160100,2022-08-16,49.4,3.919991175077323,150,63
1521,152160100,2022-08-26,42.4,3.770459441106359,150,64
1522,152160100,2022-10-07,39.6,3.703768066607687,150,59
1523,152160100,2022-10-10,41.5,3.7495040759303713,150,60
1524,152160100,2022-10-20,35.5,3.597312260588446,150,62
1525,152160100,2022-11-06,46.4,3.858622228701031,150,61
1526,152160030,2022-08-03,0.17,0.15700374880966475,150,241
1527,152160030,2022-08-16,0.1,0.09531017980432487,150,242
1528,152160030,2022-08-26,0.11,0.10436001532424277,150,243
1529,152160030,2022-10-07,0.1,0.09531017980432487,150,237
1530,152160030,2022-10-12,0.1,0.09531017980432487,150,238
1531,152160030,2022-10-20,0.09,0.08617769624105233,150,239
1532,152160030,2022-11-06,0.1,0.09531017980432487,150,240
1533,151170070,2022-08-03,0.16,0.14842000511827327,149,60
1534,151170080,2022-08-03,0.048,0.04688358589885042,149,77
1535,151170070,2022-08-05,0.15,0.13976194237515868,149,61
1536,151170080,2022-08-05,0.046,0.044973365642731154,149,78
1537,151170070,2022-09-04,0.36,0.3074846997479606,149,56
1538,151170080,2022-09-04,0.05,0.04879016416943201,149,73
1539,151170070,2022-10-07,0.1,0.09531017980432487,149,59
1540,151170080,2022-10-07,0.021,0.020782539182528505,149,74
1541,151170070,2022-10-12,0.06,0.058268908123975775,149,57
1542,151170080,2022-10-12,0.015,0.014888612493750654,149,75
1543,151170070,2022-11-06,0.32,0.2776317365982795,149,58
1544,151170080,2022-11-06,0.11,0.10436001532424277,149,76
1545,151200080,2022-08-05,3.03,1.3937663759585917,157,93
1546,151200080,2022-08-27,1.9,1.0647107369924282,157,94
1547,151200080,2022-09-06,2.82,1.3402504226184837,157,90
1548,151200080,2022-11-08,2.26,1.1817271953786161,157,91
1549,151200080,2022-11-20,3.03,1.3937663759585917,157,92
1550,150190330,2022-08-05,0.4,0.33647223662121295,154,90
1551,150190330,2022-08-25,0.39,0.3293037471426004,154,91
1552,150190330,2022-08-27,0.39,0.3293037471426004,154,92
1553,150190330,2022-10-26,0.38,0.32208349916911333,154,93
1554,150190330,2022-10-31,0.38,0.32208349916911333,154,94
1555,150190330,2022-11-03,0.38,0.32208349916911333,154,95
1556,150190330,2022-11-15,0.45,0.37156355643248307,154,96
1557,153160250,2022-08-26,0.09,0.08617769624105233,151,111
1558,153160250,2022-09-05,0.13,0.12221763272424921,151,106
1559,153160250,2022-10-07,0.04,0.039220713153281295,151,107
1560,153160250,2022-10-10,0.032,0.03149866705937099,151,108
1561,153160250,2022-10-20,0.05,0.04879016416943201,151,109
1562,153160250,2022-11-06,0.08,0.07696104113612832,151,110
1563,153140110,2022-08-16,0.89,0.636576829071551,151,216
1564,153140110,2022-09-30,0.63,0.48858001481867097,151,215
1565,151230030,2022-08-04,0.91,0.6471032420585385,158,80
1566,149220030,2022-08-04,25.3,3.269568939183719,155,222
1567,149220030,2022-08-27,10.0,2.3978952727983707,155,221
1568,149220030,2022-10-08,9.42,2.343727036325221,155,219
1569,149220030,2022-10-13,9.89,2.387844936944869,155,220
1570,153200070,2022-11-03,1.82,1.0367368849500223,159,85
1571,149180300,2022-08-05,19.6,3.0252910757955354,148,4
1572,149180300,2022-08-15,22.8,3.169685580677429,148,5
1573,149180300,2022-11-08,19.5,3.0204248861443626,148,3
1574,150170030,2022-08-03,2.35,1.208960345836975,148,230
1575,150170030,2022-08-05,2.22,1.169381359556317,148,231
1576,150170030,2022-08-15,2.02,1.1052568313867783,148,232
1577,150170030,2022-10-12,2.53,1.2612978709452054,148,229
1578,151180010,2022-08-03,0.39,0.3293037471426004,150,158
1579,151180010,2022-08-05,0.31,0.27002713721306015,150,159
1580,151180010,2022-10-12,0.17,0.15700374880966475,150,157
1581,151200040,2022-08-05,1.89,1.0612565021243408,157,84
1582,151200040,2022-08-27,1.11,0.7466879474879752,157,85
1583,151200040,2022-09-06,1.76,1.0152306797290587,157,86
1584,151200040,2022-10-31,1.42,0.8837675401685949,157,87
1585,151200040,2022-11-08,1.39,0.8712933659434192,157,88
1586,151200040,2022-11-20,1.56,0.9400072584914712,157,89
1587,150230050,2022-08-07,0.61,0.4762341789963716,156,221
1588,150230050,2022-08-27,0.5,0.4054651081081644,156,220
1589,150230050,2022-09-06,0.52,0.41871033485818504,156,218
1590,150230050,2022-10-08,0.44,0.36464311358790924,156,219
1591,151160140,2022-08-03,1.29,0.8285518175661483,149,69
1592,151160140,2022-08-16,0.81,0.5933268452777344,149,70
1593,151160140,2022-08-26,0.66,0.5068176023684519,149,72
1594,151160140,2022-10-07,0.57,0.4510756193602167,149,66
1595,151160140,2022-10-12,0.52,0.41871033485818504,149,67
1596,151160140,2022-10-20,0.45,0.37156355643248307,149,68
1597,151160140,2022-11-06,3.55,1.515127232962859,149,71
1598,149190260,2022-08-05,0.74,0.5538851132264376,154,35
1599,149190260,2022-08-15,0.54,0.43178241642553783,154,36
1600,149190260,2022-08-25,0.54,0.43178241642553783,154,37
1601,149190260,2022-08-27,0.54,0.43178241642553783,154,39
1602,149190260,2022-10-26,1.56,0.9400072584914712,154,38
1603,149190260,2022-10-31,1.01,0.6981347220709844,154,33
1604,149190260,2022-11-03,0.9,0.6418538861723948,154,34
1605,153220160,2022-08-02,9.42,2.343727036325221,157,229
1606,153220170,2022-08-02,16.5,2.8622008809294686,157,172
1607,153220160,2022-08-12,6.97,2.075684492802124,157,230
1608,153220170,2022-08-12,16.7,2.8735646395797834,157,173
1609,153220160,2022-10-31,3.83,1.5748464676644813,157,228
1610,153220170,2022-10-31,9.82,2.3813962734183356,157,171
1611,153210090,2022-08-05,83.8,4.440295542797857,157,133
1612,153210090,2022-08-27,63.0,4.1588830833596715,157,134
1613,153210090,2022-09-26,62.8,4.155753190350744,157,131
1614,153210090,2022-11-03,44.8,3.8242840911201395,157,132
1615,151150020,2022-08-03,1.3,0.832909122935104,149,244
1616,151150020,2022-10-12,0.65,0.5007752879124893,149,243
1617,150220160,2022-08-27,2.19,1.1600209167967532,156,106
1618,150220160,2022-10-08,1.65,0.9745596399981308,156,104
1619,150220160,2022-10-13,1.95,1.0818051703517284,156,105
1620,150190160,2022-08-05,3.72,1.551808799597464,153,240
1621,150190160,2022-08-15,4.32,1.6714733033535532,153,241
1622,150190160,2022-10-26,17.5,2.917770732084279,153,237
1623,150190160,2022-10-31,6.2,1.9740810260220096,153,238
1624,150190160,2022-11-08,3.74,1.556037135706985,153,239
1625,152180130,2022-08-05,0.09,0.08617769624105233,158,183
1626,152180130,2022-10-07,0.009,0.008959741371471904,158,181
1627,152180130,2022-11-06,0.007,0.006975613736425242,158,182
1628,151210100,2022-08-27,0.3,0.26236426446749106,157,23
1629,151210100,2022-09-06,0.33,0.2851789422336624,157,22
1630,150180050,2022-08-03,4.13,1.635105659182678,148,157
1631,150180050,2022-08-15,5.81,1.918392120161421,148,158
1632,150180050,2022-10-12,2.61,1.2837077723447896,148,156
1633,150180050,2022-10-17,2.79,1.332366019094335,148,159
1634,152180030,2022-10-07,2.84,1.3454723665996355,151,8
1635,152180030,2022-10-12,2.81,1.3376291891386096,151,10
1636,152180030,2022-11-06,2.5,1.252762968495368,151,9
1637,151220120,2022-09-03,0.22,0.1988508587451652,156,247
1638,152190080,2022-08-05,1.9,1.0647107369924282,158,170
1639,152190080,2022-10-07,1.51,0.9202827531436926,158,167
1640,152190080,2022-10-12,1.47,0.9042181506398859,158,168
1641,152190080,2022-11-06,1.74,1.007957920399979,158,169
1642,154190100,2022-08-28,0.42,0.35065687161316933,159,63
1643,154190100,2022-10-07,0.43,0.3576744442718159,159,64
1644,154190100,2022-11-03,0.46,0.3784364357202451,159,65
1645,154190100,2022-11-06,0.38,0.32208349916911333,159,66
1646,152230050,2022-08-04,1.04,0.712949807856125,158,86
1647,152230050,2022-09-03,0.62,0.4824261492442927,158,87
1648,152230050,2022-10-08,0.54,0.43178241642553783,158,88
1649,149190150,2022-08-05,2.07,1.1216775615991057,154,10
1650,149190150,2022-08-15,0.93,0.6575200029167942,154,11
1651,149190150,2022-10-26,3.33,1.4655675420143985,154,7
1652,149190150,2022-10-31,1.11,0.7466879474879752,154,8
1653,149190150,2022-11-08,1.14,0.76080582903376,154,9
1654,152210020,2022-08-05,1.31,0.8372475245337022,157,104
1655,152210020,2022-08-25,1.04,0.712949807856125,157,105
1656,152210020,2022-08-27,0.94,0.6626879730752367,157,106
1657,152210020,2022-09-06,1.25,0.8109302162163288,157,100
1658,152210020,2022-11-03,0.67,0.5128236264286637,157,101
1659,152210020,2022-11-08,0.69,0.5247285289349821,157,102
1660,152210020,2022-11-20,1.06,0.7227059828014898,157,103
1661,151160100,2022-08-16,1.39,0.8712933659434192,149,37
1662,151160100,2022-08-18,1.28,0.8241754429663495,149,36
1663,151160100,2022-10-12,1.06,0.7227059828014898,149,35
1664,153220010,2022-08-02,62.0,4.143134726391533,157,122
1665,153220010,2022-08-05,66.4,4.210645017918261,157,124
1666,153220010,2022-08-12,54.2,4.01096295328305,157,125
1667,153220010,2022-08-17,55.0,4.02535169073515,157,121
1668,153220010,2022-08-27,46.5,3.8607297110405954,157,123
1669,153220010,2022-11-03,30.5,3.449987545831587,157,120
1670,150150050,2022-10-12,0.59,0.46373401623214017,149,176
1671,154160100,2022-08-03,0.32,0.2776317365982795,152,100
1672,154160100,2022-09-30,0.27,0.23901690047049992,152,97
1673,154160100,2022-10-07,0.23,0.20701416938432615,152,98
1674,154160100,2022-10-10,0.21,0.1906203596086497,152,99
1675,150150060,2022-08-16,5.5,1.8718021769015913,149,144
1676,150150060,2022-08-18,9.9,2.388762789235098,149,145
1677,150150060,2022-10-12,3.6,1.5260563034950494,149,143
1678,153160180,2022-08-03,16.9,2.884800712846709,151,87
1679,153160180,2022-08-16,14.1,2.714694743820879,151,92
1680,153160180,2022-08-26,15.1,2.7788192719904172,151,93
1681,153160180,2022-10-07,11.5,2.5257286443082556,151,88
1682,153160180,2022-10-10,11.3,2.509599262378372,151,89
1683,153160180,2022-10-20,11.7,2.5416019934645457,151,90
1684,153160180,2022-11-06,12.1,2.5726122302071057,151,91
1685,150200080,2022-08-05,11.3,2.509599262378372,155,88
1686,150200080,2022-08-15,12.9,2.631888840136646,155,89
1687,150200080,2022-08-25,8.83,2.285438934159075,155,91
1688,150200080,2022-08-27,7.81,2.175887439948088,155,90
1689,150200080,2022-09-01,7.91,2.187174241482718,155,87
1690,150200080,2022-09-06,13.2,2.653241964607215,155,83
1691,150200080,2022-10-26,10.7,2.4595888418037104,155,84
1692,150200080,2022-10-31,7.96,2.192770226986839,155,85
1693,150200080,2022-11-08,6.23,1.9782390361706734,155,86
1694,153210190,2022-08-05,8.34,2.234306252240751,157,238
1695,153210190,2022-08-12,8.01,2.1983350716202463,157,239
1696,153210190,2022-10-01,7.83,2.178155014615869,157,240
1697,151180020,2022-08-03,4.67,1.7351891177396608,150,145
1698,151180020,2022-08-05,4.34,1.6752256529721035,150,144
1699,151180020,2022-10-12,2.39,1.220829921392359,150,143
1700,150190190,2022-08-05,0.31,0.27002713721306015,153,162
1701,150190190,2022-08-27,0.28,0.2468600779315258,153,161
1702,150190190,2022-09-01,0.27,0.23901690047049992,153,163
1703,150190190,2022-10-26,0.46,0.3784364357202451,153,157
1704,150190190,2022-10-31,1.02,0.7030975114131134,153,158
1705,150190190,2022-11-08,2.33,1.2029723039923526,153,159
1706,150190190,2022-11-15,2.34,1.205970806988609,153,160
1707,152230040,2022-08-02,10.2,2.4159137783010487,157,109
1708,151180140,2022-08-03,6.25,1.9810014688665833,150,103
1709,151180140,2022-08-05,6.13,1.9643112344262046,150,102
1710,151180140,2022-10-12,5.36,1.8500283773520307,150,101
1711,150150190,2022-08-16,0.31,0.27002713721306015,149,182
1712,150150190,2022-08-18,0.25,0.22314355131420976,149,181
1713,150150190,2022-10-12,0.21,0.1906203596086497,149,180
1714,149180230,2022-08-05,0.13,0.12221763272424921,153,125
1715,149180230,2022-08-15,0.14,0.1310282624064041,153,126
1716,149180230,2022-11-08,0.13,0.12221763272424921,153,124
1717,154170130,2022-08-03,0.69,0.5247285289349821,152,191
1718,154170130,2022-08-11,0.63,0.48858001481867097,152,190
1719,154170130,2022-09-30,0.61,0.4762341789963716,152,193
1720,154170130,2022-10-07,0.61,0.4762341789963716,152,188
1721,154170130,2022-10-10,0.6,0.4700036292457356,152,192
1722,154170130,2022-11-06,0.69,0.5247285289349821,152,189
1723,149220140,2022-10-08,0.17,0.15700374880966475,156,10
1724,149220140,2022-10-13,0.17,0.15700374880966475,156,11
1725,149220140,2022-10-16,0.18,0.16551443847757338,156,12
1726,150210100,2022-09-06,2.04,1.1118575154181303,155,142
1727,152140130,2022-08-03,98.3,4.598145571051127,148,58
1728,152140130,2022-08-16,124.0,4.8283137373023015,148,59
1729,152140130,2022-09-30,59.2,4.097672352314776,148,53
1730,152140130,2022-10-07,93.6,4.549657476057833,148,54
1731,152140130,2022-10-12,72.0,4.290459441148391,148,55
1732,152140130,2022-11-06,143.0,4.969813299576001,148,56
1733,152140130,2022-11-14,170.0,5.14166355650266,148,57
1734,150200100,2022-08-05,46.2,3.85439389259151,153,28
1735,150200100,2022-08-15,64.4,4.180522258463153,153,29
1736,150200100,2022-08-25,40.4,3.7232808808312687,153,31
1737,150200100,2022-08-27,45.6,3.8416005411316,153,30
1738,150200100,2022-10-26,85.9,4.464758032271346,153,25
1739,150200100,2022-10-31,57.9,4.075841090657541,153,26
1740,150200100,2022-11-03,48.8,3.9080149840306073,153,27
1741,150190150,2022-08-15,3.5,1.5040773967762742,150,18
1742,150140010,2022-08-03,2.4,1.2237754316221157,149,223
1743,150140010,2022-08-08,3.17,1.4279160358107101,149,224
1744,150140010,2022-10-12,1.25,0.8109302162163288,149,222
1745,149200010,2022-08-05,0.55,0.4382549309311553,155,19
1746,149200010,2022-10-31,1.01,0.6981347220709844,155,20
1747,149200010,2022-11-03,0.83,0.6043159668533296,155,21
1748,149200010,2022-11-08,0.76,0.5653138090500605,155,22
1749,149200010,2022-11-13,0.99,0.688134638736401,155,23
1750,152230020,2022-08-04,2.17,1.1537315878891892,158,82
1751,152230020,2022-09-03,1.02,0.7030975114131134,158,81
1752,152180060,2022-08-05,0.07,0.06765864847381481,150,125
1753,152180060,2022-10-07,0.2,0.18232155679395462,150,123
1754,152180060,2022-10-12,0.14,0.1310282624064041,150,124
1755,154230010,2022-08-05,1.67,0.9820784724121581,159,143
1756,154230010,2022-08-12,1.29,0.8285518175661483,159,145
1757,154230010,2022-08-17,1.42,0.8837675401685949,159,144
1758,154230010,2022-08-27,1.51,0.9202827531436926,159,141
1759,154230010,2022-09-26,1.3,0.832909122935104,159,146
1760,154230010,2022-10-31,0.83,0.6043159668533296,159,142
1761,152160140,2022-08-03,39.9,3.7111300630487563,150,58
1762,152160140,2022-10-07,35.6,3.6000482404073204,150,56
1763,152160140,2022-11-06,43.5,3.7954891891721947,150,57
1764,154210020,2022-08-12,4.01,1.6114359150967734,159,95
1765,154210020,2022-08-17,3.62,1.5303947050936475,159,96
1766,154210020,2022-08-27,2.73,1.3164082336557241,159,92
1767,154210020,2022-09-04,2.44,1.235471471385307,159,93
1768,154210020,2022-09-06,2.35,1.208960345836975,159,97
1769,154210020,2022-10-01,1.85,1.0473189942805592,159,94
1770,153220080,2022-08-05,4.71,1.7422190236679187,157,220
1771,153220080,2022-08-12,4.95,1.7833912195575383,157,222
1772,153220080,2022-08-17,4.66,1.7334238922150915,157,221
1773,153220080,2022-10-01,3.83,1.5748464676644813,157,219
1774,149200170,2022-08-05,4.96,1.7850704810772584,154,141
1775,149200170,2022-08-15,5.81,1.918392120161421,154,140
1776,149200170,2022-08-25,4.91,1.776645831418007,154,139
1777,149200170,2022-08-27,4.78,1.7544036826842861,154,142
1778,149200170,2022-10-26,3.69,1.545432582458188,154,138
1779,149200170,2022-10-31,3.54,1.5129270120532565,154,136
1780,149200170,2022-11-03,3.51,1.5062971535145868,154,137
1781,149200170,2022-11-15,3.75,1.55814461804655,154,143
1782,150170110,2022-08-05,0.45,0.37156355643248307,148,146
1783,150170110,2022-10-07,0.26,0.23111172096338664,148,144
1784,150170110,2022-10-12,0.22,0.1988508587451652,148,145
1785,154180260,2022-10-07,0.82,0.598836501088704,159,55
1786,154180270,2022-10-07,2.46,1.2412685890696329,159,53
1787,154180260,2022-11-06,0.58,0.4574248470388754,159,56
1788,154180270,2022-11-06,2.59,1.2781522025001875,159,54
1789,152170040,2022-08-16,0.49,0.3987761199573678,150,202
1790,152170040,2022-08-26,0.41,0.3435897043900769,150,201
1791,152170040,2022-10-07,0.18,0.16551443847757338,150,198
1792,152170040,2022-10-10,0.16,0.14842000511827327,150,199
1793,152170040,2022-10-20,0.15,0.13976194237515868,150,203
1794,152170040,2022-11-06,0.17,0.15700374880966475,150,200
1795,154210080,2022-08-12,2.37,1.2149127443642704,159,114
1796,154210080,2022-08-17,2.65,1.2947271675944,159,115
1797,154210080,2022-08-27,3.69,1.545432582458188,159,110
1798,154210080,2022-09-04,2.97,1.3787660946990992,159,111
1799,154210080,2022-09-06,2.65,1.2947271675944,159,112
1800,154210080,2022-10-01,1.5,0.9162907318741551,159,113
1801,153220140,2022-08-02,8.57,2.258633205464863,157,227
1802,153220140,2022-08-05,7.06,2.086913556518537,157,225
1803,153220140,2022-08-12,6.33,1.9919755158985601,157,226
1804,153220140,2022-09-04,4.59,1.7209792871670078,157,224
1805,153220140,2022-10-31,3.57,1.5195132049061133,157,223
1806,150190120,2022-08-05,0.83,0.6043159668533296,153,165
1807,150190120,2022-08-27,0.99,0.688134638736401,153,164
1808,151190090,2022-08-27,8.3,2.2300144001592104,157,37
1809,151190090,2022-09-01,9.45,2.34660197841082,157,38
1810,151190090,2022-09-06,8.89,2.2915241456346207,157,39
1811,151190090,2022-10-31,11.8,2.5494451709255714,157,35
1812,151190090,2022-11-08,7.53,2.143589361503588,157,36
1813,149220190,2022-08-27,14.8,2.760009940032921,155,229
1814,149220190,2022-09-06,13.8,2.6946271807700692,155,231
1815,149220190,2022-10-08,11.3,2.509599262378372,155,230
1816,149220190,2022-10-13,12.5,2.6026896854443837,155,228
1817,151140030,2022-08-16,0.09,0.08617769624105233,150,2
1818,151140030,2022-09-30,0.08,0.07696104113612832,150,3
1819,151140030,2022-10-07,0.08,0.07696104113612832,149,249
1820,151140030,2022-10-12,0.09,0.08617769624105233,150,0
1821,151140030,2022-11-06,0.08,0.07696104113612832,150,1
1822,151140040,2022-08-16,6.37,1.9974177062012453,149,235
1823,151140040,2022-10-07,4.31,1.6695918352538475,149,231
1824,151140040,2022-10-12,3.31,1.4609379041156565,149,232
1825,151140040,2022-11-06,4.94,1.7817091333745536,149,233
1826,151140040,2022-11-14,5.1,1.8082887711792655,149,234
1827,149180220,2022-08-05,0.43,0.3576744442718159,153,140
1828,149180220,2022-08-15,0.51,0.412109650826833,153,141
1829,149180220,2022-11-08,0.37,0.31481073984003355,153,139
1830,153210170,2022-08-05,11.3,2.509599262378372,157,243
1831,153210170,2022-08-12,9.69,2.3693087250369538,157,241
1832,153210170,2022-08-17,10.5,2.4423470353692043,157,244
1833,153210170,2022-09-26,9.16,2.318458442150336,157,242
1834,151220140,2022-08-07,0.41,0.3435897043900769,156,228
1835,151220140,2022-08-27,0.28,0.2468600779315258,156,230
1836,151220140,2022-09-06,0.3,0.26236426446749106,156,229
1837,149210150,2022-08-04,0.15,0.13976194237515868,156,58
1838,149210150,2022-08-27,0.09,0.08617769624105233,156,59
1839,149210150,2022-10-08,0.1,0.09531017980432487,156,56
1840,149210150,2022-10-13,0.11,0.10436001532424277,156,57
1841,151210190,2022-08-27,171.0,5.147494476813453,153,65
1842,153150180,2022-08-16,1.23,0.8020015854720274,151,181
1843,153150180,2022-08-26,1.18,0.7793248768009976,151,182
1844,153150180,2022-10-07,1.1,0.7419373447293773,151,178
1845,153150180,2022-10-20,1.14,0.76080582903376,151,179
1846,153150180,2022-11-06,0.91,0.6471032420585385,151,180
1847,150210130,2022-08-27,5.02,1.7950872593207297,155,167
1848,150210130,2022-09-06,14.4,2.7343675094195836,155,166
1849,150210130,2022-10-31,11.0,2.4849066497880004,155,165
1850,150180170,2022-08-05,0.61,0.4762341789963716,148,135
1851,150180170,2022-08-15,0.43,0.3576744442718159,148,136
1852,152170080,2022-08-03,30.2,3.4404180948154366,150,41
1853,152170080,2022-08-05,30.1,3.4372078191851885,150,42
1854,152170080,2022-09-02,31.6,3.484312288372662,150,40
1855,152170080,2022-09-04,31.0,3.4657359027997265,150,43
1856,152170080,2022-10-07,35.4,3.594568774642695,150,37
1857,152170080,2022-10-12,30.0,3.4339872044851463,150,38
1858,152170080,2022-11-06,35.4,3.594568774642695,150,39
1859,149190340,2022-08-05,0.49,0.3987761199573678,154,97
1860,149190340,2022-08-15,0.25,0.22314355131420976,154,105
1861,149190340,2022-08-25,0.22,0.1988508587451652,154,98
1862,149190340,2022-08-27,0.21,0.1906203596086497,154,99
1863,149190340,2022-10-26,0.5,0.4054651081081644,154,100
1864,149190340,2022-10-31,0.3,0.26236426446749106,154,101
1865,149190340,2022-11-03,0.21,0.1906203596086497,154,102
1866,149190340,2022-11-08,0.21,0.1906203596086497,154,103
1867,149190340,2022-11-13,0.27,0.23901690047049992,154,104
1868,149190340,2022-11-15,2.86,1.3506671834767394,154,106
1869,150180060,2022-08-03,20.3,3.0587070727153796,148,15
1870,150180060,2022-08-05,20.6,3.0726933146901194,148,14
1871,150180060,2022-08-15,30.0,3.4339872044851463,148,16
1872,150180060,2022-10-07,26.2,3.3032169733019514,148,9
1873,150180060,2022-10-12,16.8,2.8791984572980396,148,10
1874,150180060,2022-10-17,17.5,2.917770732084279,148,11
1875,150180060,2022-10-27,39.2,3.6938669956249752,148,12
1876,150180060,2022-11-08,19.1,3.0007198150650303,148,13
1877,150170180,2022-08-05,1.26,0.8153648132841945,148,143
1878,150170180,2022-10-07,0.41,0.3435897043900769,148,141
1879,150170180,2022-10-12,0.33,0.2851789422336624,148,142
1880,153220240,2022-08-02,3.17,1.4279160358107101,157,182
1881,153220240,2022-08-12,3.92,1.5933085305042167,157,181
1882,153220240,2022-09-04,3.13,1.4182774069729414,157,179
1883,153220240,2022-10-31,1.72,1.000631880307906,157,180
1884,150190080,2022-08-05,1.95,1.0818051703517284,153,173
1885,150190080,2022-08-15,5.2,1.8245492920510458,153,174
1886,150190080,2022-10-26,1.61,0.9593502213346021,153,170
1887,150190080,2022-10-31,1.89,1.0612565021243408,153,171
1888,150190080,2022-11-08,4.11,1.631199404215613,153,172
1889,150210210,2022-08-04,53.2,3.9926809084456005,156,3
1890,150210210,2022-08-27,41.0,3.7376696182833684,156,5
1891,150210210,2022-09-01,34.8,3.5779478934066544,156,6
1892,150210210,2022-09-08,52.0,3.970291913552122,156,4
1893,150210210,2022-10-13,30.2,3.4404180948154366,156,2
1894,149190270,2022-08-05,0.5,0.4054651081081644,154,80
1895,149190270,2022-08-15,0.47,0.3852624007906449,154,81
1896,149190270,2022-08-25,0.24,0.2151113796169455,154,82
1897,149190270,2022-08-27,0.24,0.2151113796169455,154,79
1898,149190270,2022-10-26,0.66,0.5068176023684519,154,76
1899,149190270,2022-10-31,0.37,0.31481073984003355,154,77
1900,149190270,2022-11-03,0.35,0.30010459245033805,154,78
1901,151160250,2022-08-16,0.017,0.0168571170664229,149,124
1902,151160250,2022-08-26,0.015,0.014888612493750654,149,123
1903,151160250,2022-10-07,0.019,0.01882175424058776,149,122
1904,151160250,2022-10-12,0.017,0.0168571170664229,149,119
1905,151160250,2022-10-20,0.015,0.014888612493750654,149,120
1906,151160250,2022-11-06,0.011,0.010939940038334364,149,121
1907,149190050,2022-08-05,1.1,0.7419373447293773,153,223
1908,149190050,2022-10-09,1.13,0.7561219797213337,153,219
1909,149190050,2022-10-31,1.13,0.7561219797213337,153,220
1910,149190050,2022-11-08,0.97,0.6780335427498971,153,221
1911,149190050,2022-11-13,1.19,0.7839015438284094,153,222
1912,153220200,2022-08-02,2.28,1.1878434223960523,157,207
1913,153220200,2022-08-12,2.47,1.244154593958768,157,206
1914,153220200,2022-10-31,1.18,0.7793248768009976,157,208
1915,153160270,2022-08-03,0.28,0.2468600779315258,151,118
1916,153160270,2022-08-26,0.18,0.16551443847757338,151,117
1917,153160270,2022-09-05,0.19,0.173953307123438,151,112
1918,153160270,2022-10-07,0.11,0.10436001532424277,151,113
1919,153160270,2022-10-10,0.06,0.058268908123975775,151,114
1920,153160270,2022-10-20,0.1,0.09531017980432487,151,115
1921,153160270,2022-11-06,0.06,0.058268908123975775,151,116
1922,150210010,2022-08-05,0.9,0.6418538861723948,155,137
1923,150210010,2022-08-20,0.68,0.5187937934151676,155,132
1924,150210010,2022-08-25,0.65,0.5007752879124893,155,138
1925,150210010,2022-08-27,0.65,0.5007752879124893,155,133
1926,150210010,2022-09-01,0.55,0.4382549309311553,155,134
1927,150210010,2022-09-06,0.59,0.46373401623214017,155,135
1928,150210010,2022-10-31,0.36,0.3074846997479606,155,136
1929,153150050,2022-08-16,4.39,1.6845453849209058,152,6
1930,153150050,2022-08-26,3.91,1.5912739418064292,152,7
1931,153150050,2022-09-05,5.69,1.900613874140137,152,3
1932,153150050,2022-10-10,3.36,1.4724720573609429,152,4
1933,153150050,2022-10-20,3.58,1.5216989981260935,152,5
1934,151140050,2022-08-03,0.65,0.5007752879124893,149,246
1935,151140050,2022-10-12,0.22,0.1988508587451652,149,245
1936,153190120,2022-08-28,3.43,1.4883995840570443,158,195
1937,153190120,2022-09-07,3.63,1.5325568680981427,158,192
1938,153190120,2022-10-07,2.75,1.3217558399823195,158,193
1939,153190120,2022-11-03,3.31,1.4609379041156565,158,194
1940,151210060,2022-08-05,4.7,1.7404661748405044,157,14
1941,151210060,2022-08-25,3.68,1.5432981099295553,157,12
1942,151210060,2022-08-27,3.52,1.5085119938441398,157,13
1943,151210060,2022-09-06,5.1,1.8082887711792655,157,10
1944,151210060,2022-11-03,2.61,1.2837077723447896,157,11
1945,151180170,2022-08-05,4.43,1.691939133945844,150,100
1946,153180150,2022-08-05,1.59,0.9516578757114464,159,24
1947,153180150,2022-10-07,1.01,0.6981347220709844,159,22
1948,153180150,2022-11-06,1.04,0.712949807856125,159,23
1949,149210010,2022-08-27,1.94,1.0784095813505903,155,173
1950,149210010,2022-10-26,1.92,1.0715836162801904,155,174
1951,149210010,2022-10-31,1.94,1.0784095813505903,155,171
1952,149210010,2022-11-15,2.03,1.1085626195212777,155,172
1953,151230020,2022-08-04,0.16,0.14842000511827327,158,90
1954,151230020,2022-09-03,0.026,0.02566774674857779,158,89
1955,151230050,2022-08-07,0.62,0.4824261492442927,158,78
1956,151230050,2022-08-27,0.33,0.2851789422336624,158,79
1957,151230050,2022-09-06,0.21,0.1906203596086497,158,76
1958,151230050,2022-10-08,0.28,0.2468600779315258,158,77
1959,150220020,2022-08-04,1.56,0.9400072584914712,156,121
1960,150220020,2022-08-27,1.19,0.7839015438284094,156,119
1961,150220020,2022-09-06,1.57,0.9439058989071285,156,117
1962,150220020,2022-09-08,1.44,0.8919980393051105,156,120
1963,150220020,2022-10-13,1.07,0.7275486072772778,156,118
1964,150180110,2022-08-05,1.1,0.7419373447293773,148,105
1965,149190160,2022-08-05,0.08,0.07696104113612832,154,74
1966,149190160,2022-08-15,0.17,0.15700374880966475,154,75
1967,149190160,2022-10-26,0.67,0.5128236264286637,154,71
1968,149190160,2022-10-31,0.32,0.2776317365982795,154,72
1969,149190160,2022-11-08,0.1,0.09531017980432487,154,73
1970,150180140,2022-08-05,0.46,0.3784364357202451,148,106
1971,150180140,2022-08-15,0.58,0.4574248470388754,148,108
1972,150180140,2022-11-08,0.97,0.6780335427498971,148,107
1973,150180280,2022-08-05,0.41,0.3435897043900769,148,100
1974,150180280,2022-08-15,0.54,0.43178241642553783,148,101
1975,150180280,2022-11-08,0.8,0.5877866649021191,148,99
1976,150180130,2022-08-05,1.03,0.708035793053696,148,103
1977,150180130,2022-08-15,1.01,0.6981347220709844,148,104
1978,150180130,2022-11-08,1.05,0.7178397931503169,148,102
1979,149220160,2022-08-27,0.2,0.18232155679395462,156,37
1980,149220160,2022-09-06,0.19,0.173953307123438,156,38
1981,149220160,2022-10-08,0.11,0.10436001532424277,156,39
1982,149220160,2022-10-13,0.12,0.11332868530700317,156,40
1983,152160120,2022-08-16,0.06,0.058268908123975775,150,215
1984,152160120,2022-08-26,0.07,0.06765864847381481,150,214
1985,152160120,2022-10-07,0.06,0.058268908123975775,150,210
1986,152160120,2022-10-10,0.06,0.058268908123975775,150,211
1987,152160120,2022-10-20,0.06,0.058268908123975775,150,212
1988,152160120,2022-11-06,0.038,0.037295784743696894,150,213
1989,151160160,2022-08-03,0.14,0.1310282624064041,149,93
1990,151160160,2022-09-02,0.045,0.04401688541677432,149,97
1991,151160160,2022-10-07,0.029,0.028587456851912555,149,94
1992,151160160,2022-10-12,0.029,0.028587456851912555,149,95
1993,151160160,2022-11-06,0.08,0.07696104113612832,149,96
1994,153190060,2022-10-07,0.14,0.1310282624064041,158,224
1995,153190060,2022-10-12,0.12,0.11332868530700317,158,226
1996,153190060,2022-11-06,0.22,0.1988508587451652,158,225
1997,150210040,2022-08-05,0.3,0.26236426446749106,156,167
1998,150210040,2022-08-20,0.09,0.08617769624105233,156,160
1999,150210040,2022-08-25,0.09,0.08617769624105233,156,166
2000,150210040,2022-08-27,0.07,0.06765864847381481,156,165
2001,150210040,2022-09-01,0.06,0.058268908123975775,156,168
2002,150210040,2022-09-06,0.34,0.29266961396282,156,161
2003,150210040,2022-10-31,0.1,0.09531017980432487,156,162
2004,150210040,2022-11-03,0.11,0.10436001532424277,156,163
2005,150210040,2022-11-08,0.07,0.06765864847381481,156,164
2006,151160080,2022-08-16,0.42,0.35065687161316933,149,49
2007,151160080,2022-08-18,0.38,0.32208349916911333,149,48
2008,151160080,2022-10-12,0.18,0.16551443847757338,149,47
2009,150220010,2022-08-04,4.24,1.6563214983329508,156,75
2010,150220010,2022-08-27,2.59,1.2781522025001875,156,76
2011,150220010,2022-09-06,20.9,3.086486636822455,156,77
2012,150220010,2022-10-13,2.27,1.184789984909162,156,73
2013,150220010,2022-10-31,1.47,0.9042181506398859,156,74
2014,150220070,2022-08-04,41.6,3.751854253275325,155,243
2015,150220070,2022-08-27,27.4,3.3463891451671604,155,244
2016,150220070,2022-09-06,26.5,3.3141860046725258,155,245
2017,150220070,2022-10-08,19.3,3.0106208860477417,155,240
2018,150220070,2022-10-13,20.0,3.044522437723423,155,241
2019,150220070,2022-10-31,20.8,3.0819099697950434,155,242
2020,151160020,2022-08-16,0.64,0.49469624183610705,149,29
2021,151160020,2022-08-18,0.59,0.46373401623214017,149,30
2022,151160020,2022-10-12,0.46,0.3784364357202451,149,31
2023,152170120,2022-08-03,0.22,0.1988508587451652,150,135
2024,152170120,2022-08-05,0.21,0.1906203596086497,150,134
2025,152170120,2022-10-07,0.24,0.2151113796169455,150,131
2026,152170120,2022-10-12,0.22,0.1988508587451652,150,132
2027,152170120,2022-11-06,0.15,0.13976194237515868,150,133
2028,153190140,2022-08-28,2.72,1.3137236682850553,158,191
2029,153190140,2022-09-07,2.48,1.247032293786383,158,188
2030,153190140,2022-10-07,1.86,1.0508216248317612,158,189
2031,153190140,2022-11-03,2.44,1.235471471385307,158,190
2032,150210170,2022-08-27,105.0,4.663439094112067,153,55
2033,150210170,2022-09-01,104.0,4.653960350157523,153,54
2034,150210170,2022-09-06,116.0,4.762173934797756,153,56
2035,152200060,2022-08-05,0.28,0.2468600779315258,158,127
2036,152200060,2022-08-27,0.26,0.23111172096338664,158,126
2037,152200060,2022-09-06,0.22,0.1988508587451652,158,124
2038,152200060,2022-09-26,0.16,0.14842000511827327,158,125
2039,154180010,2022-08-03,0.63,0.48858001481867097,159,30
2040,154180010,2022-10-07,0.41,0.3435897043900769,159,28
2041,154180010,2022-11-06,0.41,0.3435897043900769,159,29
2042,150220040,2022-08-04,0.39,0.3293037471426004,156,101
2043,150220040,2022-08-27,0.25,0.22314355131420976,156,102
2044,150220040,2022-09-06,0.43,0.3576744442718159,156,103
2045,150220040,2022-10-13,0.24,0.2151113796169455,156,99
2046,150220040,2022-10-31,0.2,0.18232155679395462,156,100
2047,152140110,2022-08-16,0.85,0.6151856390902335,150,6
2048,152140110,2022-09-30,0.72,0.5423242908253616,150,4
2049,152140110,2022-11-14,0.79,0.5822156198526637,150,5
2050,154210010,2022-08-12,15.3,2.791165107812717,159,88
2051,154210010,2022-08-17,14.5,2.740840023925201,159,89
2052,154210010,2022-08-27,10.8,2.468099531471619,159,87
2053,154210010,2022-09-06,11.9,2.5572273113676265,159,90
2054,154210010,2022-10-01,8.12,2.21046980408624,159,91
2055,154160040,2022-08-03,1.0,0.6931471805599453,152,73
2056,154160040,2022-09-05,1.03,0.708035793053696,152,69
2057,154160040,2022-09-30,0.85,0.6151856390902335,152,70
2058,154160040,2022-10-07,0.74,0.5538851132264376,152,71
2059,154160040,2022-11-06,0.69,0.5247285289349821,152,72
2060,151220110,2022-08-04,2.01,1.1019400787607843,156,242
2061,151220110,2022-09-03,0.77,0.5709795465857378,156,241
2062,149210160,2022-08-04,0.5,0.4054651081081644,156,63
2063,149210160,2022-08-27,0.5,0.4054651081081644,156,62
2064,149210160,2022-10-08,0.5,0.4054651081081644,156,60
2065,149210160,2022-10-13,0.41,0.3435897043900769,156,61
2066,150140020,2022-08-03,2.92,1.366091653802371,149,226
2067,150140020,2022-08-08,4.28,1.66392609771817,149,227
2068,150140020,2022-10-12,1.86,1.0508216248317612,149,225
2069,151180080,2022-08-03,23.3,3.190476350346503,150,26
2070,151180080,2022-08-05,22.3,3.148453360571655,150,25
2071,151180080,2022-10-12,18.2,2.9549102790337356,150,24
2072,150200060,2022-08-05,38.2,3.6686767467964168,153,21
2073,150200060,2022-08-15,54.2,4.01096295328305,153,24
2074,150200060,2022-08-25,33.9,3.5524868292083815,153,23
2075,150200060,2022-08-27,36.9,3.6349511120883804,153,22
2076,150200060,2022-10-26,80.5,4.400603020246817,153,17
2077,150200060,2022-10-31,50.9,3.949318790171843,153,18
2078,150200060,2022-11-03,40.6,3.728100167267218,153,19
2079,150200060,2022-11-15,42.1,3.763522997109702,153,20
2080,152190110,2022-08-05,0.31,0.27002713721306015,158,173
2081,152190110,2022-10-07,0.26,0.23111172096338664,158,171
2082,152190110,2022-11-06,0.25,0.22314355131420976,158,172
2083,154170030,2022-08-03,2.63,1.2892326482767593,152,134
2084,154170030,2022-08-11,1.99,1.095273387402595,152,133
2085,154170030,2022-09-30,1.56,0.9400072584914712,152,135
2086,154170030,2022-10-07,1.47,0.9042181506398859,152,130
2087,154170030,2022-10-10,1.47,0.9042181506398859,152,131
2088,154170030,2022-11-06,1.46,0.9001613499442714,152,132
2089,149190220,2022-08-05,1.0,0.6931471805599453,154,59
2090,149190220,2022-08-25,0.58,0.4574248470388754,154,64
2091,149190220,2022-08-27,0.55,0.4382549309311553,154,65
2092,149190220,2022-10-26,2.15,1.1474024528375417,154,60
2093,149190220,2022-10-31,1.12,0.7514160886839212,154,61
2094,149190220,2022-11-03,0.89,0.636576829071551,154,62
2095,149190220,2022-11-08,0.89,0.636576829071551,154,63
2096,149180100,2022-08-05,1.08,0.7323678937132266,152,237
2097,149180100,2022-08-15,2.3,1.1939224684724346,152,238
2098,149180100,2022-11-08,1.21,0.7929925155296614,152,236
2099,150170140,2022-08-03,12.9,2.631888840136646,148,182
2100,150170140,2022-08-05,12.1,2.5726122302071057,148,183
2101,150170140,2022-08-15,14.1,2.714694743820879,148,184
2102,150170140,2022-10-12,5.83,1.9213246735826988,148,185
2103,152150110,2022-08-03,53.3,3.9945242269398897,150,84
2104,152150110,2022-08-16,52.9,3.9871304779149517,150,85
2105,152150110,2022-08-26,50.2,3.9357395320454622,150,86
2106,152150110,2022-09-30,34.4,3.5667118201397288,150,80
2107,152150110,2022-10-07,38.9,3.686376323895818,150,81
2108,152150110,2022-10-20,38.8,3.6838669122903918,150,82
2109,152150110,2022-11-06,52.8,3.9852734671677386,150,83
2110,151160260,2022-08-03,0.06,0.058268908123975775,149,104
2111,151160260,2022-08-16,0.039,0.03825871211709034,149,102
2112,151160260,2022-08-26,0.027,0.02664193094642118,149,103
2113,151160260,2022-10-07,0.02,0.019802627296179712,149,98
2114,151160260,2022-10-12,0.015,0.014888612493750654,149,99
2115,151160260,2022-10-20,0.046,0.044973365642731154,149,101
2116,151160260,2022-11-06,0.036,0.035367143837291316,149,100
2117,150190250,2022-08-05,0.9,0.6418538861723948,153,207
2118,150190250,2022-08-15,1.54,0.9321640810304452,153,208
2119,150190250,2022-10-26,1.22,0.7975071958841881,153,204
2120,150190250,2022-10-31,0.45,0.37156355643248307,153,205
2121,150190250,2022-11-08,1.06,0.7227059828014898,153,206
2122,152180050,2022-10-07,35.7,3.6027767550605247,150,35
2123,152180050,2022-10-12,29.7,3.4242626545931514,150,36
2124,150200090,2022-08-05,0.99,0.688134638736401,155,119
2125,150200090,2022-08-27,0.66,0.5068176023684519,155,118
2126,150200090,2022-09-01,1.43,0.8878912573524571,155,120
2127,150200090,2022-09-06,3.01,1.3887912413184778,155,115
2128,150200090,2022-10-31,0.76,0.5653138090500605,155,116
2129,150200090,2022-11-08,0.67,0.5128236264286637,155,117
2130,151200110,2022-08-05,1.88,1.0577902941478545,157,9
2131,151200110,2022-08-27,1.69,0.9895411936137477,157,8
2132,151200110,2022-09-06,1.62,0.9631743177730056,157,6
2133,151200110,2022-11-20,1.31,0.8372475245337022,157,7
2134,152140050,2022-08-11,106.0,4.672828834461906,148,61
2135,152140050,2022-09-30,65.2,4.192680462942962,148,60
2136,154170010,2022-08-03,11.8,2.5494451709255714,152,119
2137,154170010,2022-08-11,10.1,2.4069451083182885,152,120
2138,154170010,2022-09-30,8.57,2.258633205464863,152,121
2139,154170010,2022-10-07,8.04,2.201659174404085,152,122
2140,154170010,2022-10-10,7.87,2.1826747963214883,152,124
2141,154170010,2022-11-06,8.48,2.2491843162669305,152,123
2142,154200030,2022-11-03,5.64,1.8931119634883424,159,86
2143,150190260,2022-08-05,27.9,3.3638415951183864,153,9
2144,150190260,2022-08-15,30.8,3.459466289786131,153,10
2145,150190260,2022-10-26,44.5,3.817712325956905,153,8
2146,150190260,2022-10-31,30.6,3.4531571205928664,153,6
2147,150190260,2022-11-08,27.9,3.3638415951183864,153,7
2148,152150170,2022-08-03,0.95,0.6678293725756554,149,116
2149,152150170,2022-08-16,0.77,0.5709795465857378,149,117
2150,152150170,2022-08-26,0.5,0.4054651081081644,149,118
2151,152150170,2022-10-07,0.24,0.2151113796169455,149,112
2152,152150170,2022-10-12,0.22,0.1988508587451652,149,113
2153,152150170,2022-10-20,0.17,0.15700374880966475,149,114
2154,152150170,2022-11-06,0.43,0.3576744442718159,149,115
2155,154170060,2022-08-03,7.15,2.0980179272527715,152,165
2156,154170060,2022-08-11,6.43,2.005525858729668,152,166
2157,154170060,2022-09-30,5.34,1.8468787684491346,152,169
2158,154170060,2022-10-07,4.84,1.7647307968401358,152,170
2159,154170060,2022-10-10,4.76,1.7509374747077997,152,168
2160,154170060,2022-11-06,5.34,1.8468787684491346,152,167
2161,153170140,2022-10-07,13.0,2.639057329615259,158,241
2162,153170140,2022-11-06,14.6,2.747270914255491,158,242
2163,151220100,2022-08-07,5.72,1.9050881545350582,156,239
2164,151220100,2022-08-27,4.32,1.6714733033535532,156,240
2165,151220100,2022-09-06,8.16,2.214846178686039,156,238
2166,153230080,2022-08-02,1.18,0.7793248768009976,157,155
2167,153230080,2022-10-31,0.29,0.2546422183735807,157,154
2168,153230140,2022-08-02,3.68,1.5432981099295553,157,151
2169,153230140,2022-08-12,1.86,1.0508216248317612,157,153
2170,153230140,2022-10-31,0.93,0.6575200029167942,157,152
2171,154170120,2022-08-03,2.38,1.2178757094949273,152,113
2172,154170120,2022-08-11,2.13,1.1410330045520618,152,112
2173,154170120,2022-10-07,1.37,0.8628899551470399,152,109
2174,154170120,2022-10-10,1.34,0.8501509293696101,152,110
2175,154170120,2022-11-06,1.43,0.8878912573524571,152,111
2176,151200020,2022-08-05,13.4,2.667228206581955,157,48
2177,151200020,2022-09-06,12.6,2.6100697927420065,157,45
2178,151200020,2022-11-08,13.8,2.6946271807700692,157,46
2179,151200020,2022-11-20,34.3,3.563882963939251,157,47
2180,153210050,2022-08-05,2.22,1.169381359556317,157,249
2181,153210050,2022-08-12,2.55,1.2669476034873244,158,0
2182,153210050,2022-09-26,1.29,0.8285518175661483,157,248
2183,149200140,2022-08-05,20.1,3.0492730404820207,154,216
2184,149200140,2022-10-31,17.9,2.9391619220655967,154,212
2185,149200140,2022-11-03,17.3,2.9069010598473755,154,213
2186,149200140,2022-11-08,17.7,2.928523523860541,154,214
2187,149200140,2022-11-13,15.1,2.7788192719904172,154,215
2188,150180100,2022-10-12,2.01,1.1019400787607843,148,155
2189,153160030,2022-08-03,0.16,0.14842000511827327,151,152
2190,153160030,2022-08-16,0.15,0.13976194237515868,151,153
2191,153160030,2022-08-26,0.1,0.09531017980432487,151,154
2192,153160030,2022-09-05,0.06,0.058268908123975775,151,147
2193,153160030,2022-10-07,0.008,0.007968169649176874,151,148
2194,153160030,2022-10-10,0.006,0.005982071677547464,151,149
2195,153160030,2022-10-20,0.005,0.004987541511039074,151,150
2196,153160030,2022-11-06,0.016,0.01587334915629015,151,151
2197,153150010,2022-08-16,2.55,1.2669476034873244,151,224
2198,153150010,2022-08-26,1.8,1.0296194171811583,151,225
2199,153150010,2022-09-05,2.17,1.1537315878891892,151,220
2200,153150010,2022-09-30,1.24,0.8064758658669485,151,221
2201,153150010,2022-10-10,1.51,0.9202827531436926,151,222
2202,153150010,2022-10-20,4.03,1.6154199841116479,151,223
2203,154160070,2022-08-03,12.0,2.5649493574615367,152,87
2204,154160070,2022-08-11,10.5,2.4423470353692043,152,91
2205,154160070,2022-09-30,9.51,2.3523271848888596,152,88
2206,154160070,2022-10-07,8.5,2.2512917986064953,152,89
2207,154160070,2022-10-10,8.59,2.2607208888953467,152,90
2208,149200220,2022-10-31,7.53,2.143589361503588,155,46
2209,150210060,2022-08-27,1.17,0.7747271675523681,155,140
2210,150210060,2022-09-01,1.16,0.7701082216960736,155,139
2211,150210060,2022-09-06,1.59,0.9516578757114464,155,141
2212,154179991,2022-10-07,0.14,0.1310282624064041,159,40
2213,154179991,2022-10-10,0.13,0.12221763272424921,159,41
2214,154179991,2022-11-06,0.13,0.12221763272424921,159,42
2215,153160080,2022-08-16,0.22,0.1988508587451652,152,27
2216,153160080,2022-08-26,0.18,0.16551443847757338,152,28
2217,153160080,2022-09-05,0.28,0.2468600779315258,152,23
2218,153160080,2022-10-07,0.16,0.14842000511827327,152,24
2219,153160080,2022-10-20,0.16,0.14842000511827327,152,25
2220,153160080,2022-11-06,0.17,0.15700374880966475,152,26
2221,152200080,2022-08-05,0.41,0.3435897043900769,158,130
2222,152200080,2022-08-27,0.28,0.2468600779315258,158,131
2223,152200080,2022-09-06,0.26,0.23111172096338664,158,128
2224,152200080,2022-09-26,0.19,0.173953307123438,158,129
2225,149200130,2022-08-05,0.5,0.4054651081081644,154,169
2226,149200130,2022-08-15,0.7,0.5306282510621704,154,170
2227,149200130,2022-08-25,0.38,0.32208349916911333,154,172
2228,149200130,2022-08-27,0.38,0.32208349916911333,154,171
2229,149200130,2022-10-26,0.59,0.46373401623214017,154,165
2230,149200130,2022-10-31,0.35,0.30010459245033805,154,166
2231,149200130,2022-11-03,0.31,0.27002713721306015,154,167
2232,149200130,2022-11-15,0.41,0.3435897043900769,154,168
2233,153220130,2022-08-02,31.7,3.4873750779032076,157,112
2234,153220130,2022-08-27,15.9,2.827313621929028,157,113
2235,153220130,2022-09-26,23.1,3.1822118404966093,157,115
2236,153220130,2022-10-31,11.4,2.517696472610991,157,114
2237,149190310,2022-08-05,2.34,1.205970806988609,154,123
2238,149190310,2022-08-15,2.14,1.144222799920162,154,125
2239,149190310,2022-08-25,1.64,0.9707789171582247,154,126
2240,149190310,2022-08-27,1.57,0.9439058989071285,154,124
2241,149190310,2022-10-26,5.09,1.8066480817218056,154,122
2242,149190310,2022-10-31,2.51,1.2556160374777745,154,120
2243,149190310,2022-11-03,2.15,1.1474024528375417,154,121
2244,149190310,2022-11-15,6.48,2.012232791986386,154,127
2245,152210050,2022-08-05,0.22,0.1988508587451652,158,112
2246,152210050,2022-08-27,0.048,0.04688358589885042,158,111
2247,152210050,2022-09-26,0.06,0.058268908123975775,158,109
2248,152210050,2022-11-03,0.06,0.058268908123975775,158,110
2249,150240010,2022-08-24,9.91,2.3896797998449797,158,55
2250,150240010,2022-09-08,7.44,2.1329823086078656,158,53
2251,150240010,2022-10-08,6.67,2.0373166153791646,158,54
2252,149220180,2022-10-08,0.2,0.18232155679395462,156,7
2253,149220180,2022-10-13,0.2,0.18232155679395462,156,8
2254,149220180,2022-10-16,0.3,0.26236426446749106,156,9
2255,149190200,2022-08-05,0.35,0.30010459245033805,154,69
2256,149190210,2022-08-05,1.78,1.0224509277025458,154,43
2257,149190200,2022-08-15,0.41,0.3435897043900769,154,70
2258,149190200,2022-10-26,0.85,0.6151856390902335,154,66
2259,149190210,2022-10-26,4.11,1.631199404215613,154,40
2260,149190200,2022-10-31,0.4,0.33647223662121295,154,67
2261,149190210,2022-10-31,2.47,1.244154593958768,154,41
2262,149190200,2022-11-08,0.2,0.18232155679395462,154,68
2263,149190210,2022-11-08,1.87,1.0543120297715298,154,42
2264,151190100,2022-08-05,11.9,2.5572273113676265,157,43
2265,151190100,2022-08-27,10.2,2.4159137783010487,157,44
2266,151190100,2022-09-06,11.1,2.4932054526026954,157,40
2267,151190100,2022-10-31,12.8,2.624668592163159,157,41
2268,151190100,2022-11-08,9.68,2.3683728335320486,157,42
2269,153230110,2022-08-02,8.02,2.199444334074532,157,147
2270,153230110,2022-08-12,5.17,1.8196988379172965,157,148
2271,153230110,2022-10-31,2.83,1.3428648031925547,157,146
2272,152220080,2022-08-02,12.8,2.624668592163159,157,110
2273,150230060,2022-08-07,0.79,0.5822156198526637,156,224
2274,150230060,2022-08-27,0.63,0.48858001481867097,156,225
2275,150230060,2022-09-06,0.5,0.4054651081081644,156,222
2276,150230060,2022-10-08,0.54,0.43178241642553783,156,223
2277,153170060,2022-08-26,6.71,2.0425181875752383,158,238
2278,153170070,2022-08-26,3.13,1.4182774069729414,159,3
2279,153170060,2022-09-05,6.45,2.0082140323914683,158,233
2280,153170060,2022-10-07,5.89,1.9300710850255671,158,234
2281,153170070,2022-10-07,2.96,1.3762440252663892,158,249
2282,153170060,2022-10-10,5.58,1.884034745337226,158,235
2283,153170070,2022-10-10,2.96,1.3762440252663892,159,0
2284,153170060,2022-10-20,5.17,1.8196988379172965,158,236
2285,153170070,2022-10-20,3.0,1.3862943611198906,159,2
2286,153170060,2022-11-06,5.37,1.851599469584072,158,237
2287,153170070,2022-11-06,3.07,1.4036429994545037,159,1
2288,150190070,2022-08-05,3.0,1.3862943611198906,153,197
2289,150190070,2022-08-15,3.98,1.6054298910365616,153,198
2290,150190070,2022-10-26,2.85,1.3480731482996928,153,194
2291,150190070,2022-10-31,2.62,1.2864740258376797,153,196
2292,150190070,2022-11-08,5.64,1.8931119634883424,153,195
2293,149200020,2022-08-05,3.3,1.4586150226995167,155,13
2294,149200020,2022-10-31,3.57,1.5195132049061133,155,9
2295,149200020,2022-11-03,3.03,1.3937663759585917,155,10
2296,149200020,2022-11-08,3.01,1.3887912413184778,155,11
2297,149200020,2022-11-13,3.37,1.4747630091074988,155,12
2298,150160110,2022-10-12,0.62,0.4824261492442927,148,197
2299,152160080,2022-08-03,0.09,0.08617769624105233,150,222
2300,152160080,2022-08-16,0.06,0.058268908123975775,150,220
2301,152160080,2022-08-26,0.039,0.03825871211709034,150,221
2302,152160080,2022-10-07,0.006,0.005982071677547464,150,216
2303,152160080,2022-10-10,0.006,0.005982071677547464,150,217
2304,152160080,2022-10-20,0.006,0.005982071677547464,150,218
2305,152160080,2022-11-06,0.006,0.005982071677547464,150,219
2306,149220020,2022-08-04,0.56,0.44468582126144574,156,31
2307,149220020,2022-08-27,0.41,0.3435897043900769,156,32
2308,149220020,2022-10-08,0.29,0.2546422183735807,156,29
2309,149220020,2022-10-13,0.4,0.33647223662121295,156,30
2310,153220290,2022-08-02,2.49,1.2499017362143359,157,188
2311,153220290,2022-08-12,1.36,0.8586616190375187,157,187
2312,153220290,2022-10-31,0.28,0.2468600779315258,157,186
2313,153160150,2022-08-26,0.26,0.23111172096338664,151,99
2314,153160150,2022-09-05,0.29,0.2546422183735807,151,94
2315,153160150,2022-10-07,0.23,0.20701416938432615,151,95
2316,153160150,2022-10-10,0.25,0.22314355131420976,151,96
2317,153160150,2022-10-20,0.18,0.16551443847757338,151,97
2318,153160150,2022-11-06,0.16,0.14842000511827327,151,98
2319,151190020,2022-08-15,4.12,1.6331544390514163,150,99
2320,150210020,2022-08-27,84.8,4.4520190064939165,153,49
2321,150210020,2022-09-06,100.0,4.61512051684126,153,48
2322,150210020,2022-10-26,160.0,5.081404364984463,153,46
2323,150210020,2022-10-31,106.0,4.672828834461906,153,47
2324,150210020,2022-11-15,91.0,4.5217885770490405,153,50
2325,153210140,2022-08-05,0.61,0.4762341789963716,158,13
2326,153210140,2022-08-27,0.44,0.36464311358790924,158,14
2327,153210140,2022-09-26,0.21,0.1906203596086497,158,11
2328,153210140,2022-11-03,0.15,0.13976194237515868,158,12
2329,151150130,2022-08-03,0.86,0.6205764877251099,149,192
2330,151150130,2022-08-16,0.44,0.36464311358790924,149,190
2331,151150130,2022-08-26,0.29,0.2546422183735807,149,191
2332,151150130,2022-10-07,0.22,0.1988508587451652,149,186
2333,151150130,2022-10-12,0.14,0.1310282624064041,149,187
2334,151150130,2022-10-20,0.21,0.1906203596086497,149,188
2335,151150130,2022-11-06,0.36,0.3074846997479606,149,189
2336,153200020,2022-08-05,0.88,0.6312717768418579,158,119
2337,153230070,2022-08-02,3.71,1.5496879080283263,157,163
2338,153230070,2022-08-12,4.37,1.6808279085207734,157,164
2339,153230070,2022-10-31,1.33,0.8458682675776092,157,162
2340,151160130,2022-08-03,58.1,4.079230924412053,148,23
2341,151160130,2022-08-18,101.0,4.624972813284271,148,22
2342,151160130,2022-10-07,49.0,3.912023005428146,148,24
2343,151160130,2022-10-12,44.4,3.8155121050473024,148,20
2344,151160130,2022-11-06,99.1,4.6061696863211745,148,21
2345,151160230,2022-08-03,0.38,0.32208349916911333,148,242
2346,151160230,2022-08-05,0.37,0.31481073984003355,148,240
2347,151160230,2022-08-15,0.24,0.2151113796169455,148,241
2348,151160230,2022-10-12,0.26,0.23111172096338664,148,239
2349,152170010,2022-08-03,39.6,3.703768066607687,150,54
2350,152170010,2022-09-02,38.1,3.66612246699132,150,55
2351,152170010,2022-10-07,40.5,3.725693427236653,150,51
2352,152170010,2022-10-12,37.8,3.6584202466292277,150,52
2353,152170010,2022-11-06,45.4,3.8372994592322094,150,53
2354,150160020,2022-08-18,0.48,0.3920420877760237,149,13
2355,150160020,2022-10-12,0.32,0.2776317365982795,149,12
2356,153190010,2022-08-05,0.6,0.4700036292457356,159,27
2357,153190010,2022-10-07,0.38,0.32208349916911333,159,25
2358,153190010,2022-11-06,0.34,0.29266961396282,159,26
2359,151150170,2022-08-16,0.29,0.2546422183735807,149,28
2360,151150170,2022-08-18,0.26,0.23111172096338664,149,27
2361,151150170,2022-10-12,0.18,0.16551443847757338,149,26
2362,153190190,2022-10-07,0.49,0.3987761199573678,158,222
2363,153190190,2022-11-06,0.44,0.36464311358790924,158,223
2364,151220080,2022-08-27,2.17,1.1537315878891892,156,243
2365,151220080,2022-09-03,1.88,1.0577902941478545,156,244
2366,151220080,2022-09-06,2.14,1.144222799920162,156,245
2367,151220080,2022-10-08,1.84,1.0438040521731147,156,246
2368,154180150,2022-08-03,653.0,6.483107351457199,153,117
2369,154180150,2022-08-05,613.0,6.419994928147142,153,116
2370,154180150,2022-10-07,417.0,6.035481432524756,153,114
2371,154180150,2022-11-06,418.0,6.037870919922137,153,115
2372,149220100,2022-08-04,1.2,0.7884573603642702,156,20
2373,149220100,2022-08-27,0.87,0.6259384308664953,156,21
2374,149220100,2022-10-08,0.71,0.5364933705145685,156,17
2375,149220100,2022-10-13,0.74,0.5538851132264376,156,18
2376,149220100,2022-10-16,0.98,0.6830968447064438,156,19
2377,153180040,2022-08-05,0.83,0.6043159668533296,159,18
2378,153180040,2022-10-07,0.5,0.4054651081081644,159,16
2379,153180040,2022-11-06,0.48,0.3920420877760237,159,17
2380,150160080,2022-08-03,0.77,0.5709795465857378,148,200
2381,150160080,2022-08-18,0.56,0.44468582126144574,148,199
2382,150160080,2022-10-12,0.41,0.3435897043900769,148,198
2383,150200040,2022-08-05,3.33,1.4655675420143985,155,112
2384,150200040,2022-08-27,2.26,1.1817271953786161,155,113
2385,150200040,2022-09-01,2.66,1.297463147413275,155,114
2386,150200040,2022-09-06,4.18,1.6448050562713916,155,109
2387,150200040,2022-10-31,2.49,1.2499017362143359,155,110
2388,150200040,2022-11-08,2.17,1.1537315878891892,155,111
2389,153200040,2022-11-03,0.4,0.33647223662121295,159,71
2390,149210060,2022-08-04,3.25,1.4469189829363254,155,180
2391,149210060,2022-08-27,2.68,1.3029127521808397,155,181
2392,149210060,2022-09-06,9.08,2.3105532626432224,155,182
2393,149210060,2022-10-13,2.73,1.3164082336557241,155,178
2394,149210060,2022-10-31,2.5,1.252762968495368,155,179
2395,153180090,2022-08-05,598.0,6.395261598115449,153,103
2396,153180090,2022-10-07,358.0,5.883322388488279,153,100
2397,153180090,2022-10-12,396.0,5.983936280687191,153,101
2398,153180090,2022-11-06,341.0,5.834810737062605,153,102
2399,151230010,2022-08-07,8.56,2.25758772706331,156,204
2400,151230010,2022-08-27,7.04,2.084429083190875,156,205
2401,151230010,2022-09-06,6.38,1.998773638612381,156,203
2402,152170150,2022-08-05,0.12,0.11332868530700317,150,129
2403,152170150,2022-09-02,0.046,0.044973365642731154,150,130
2404,152170150,2022-10-07,0.047,0.045928931888399804,150,126
2405,152170150,2022-10-12,0.042,0.04114194333117518,150,127
2406,152170150,2022-11-06,0.08,0.07696104113612832,150,128
2407,149200110,2022-08-05,6.6,2.028148247292285,155,33
2408,149200110,2022-10-31,4.91,1.776645831418007,155,29
2409,149200110,2022-11-03,4.04,1.6174060820832772,155,30
2410,149200110,2022-11-08,3.29,1.4562867329399256,155,31
2411,149200110,2022-11-13,5.64,1.8931119634883424,155,32
2412,150220080,2022-08-27,5.48,1.8687205103641835,156,80
2413,150220080,2022-10-08,4.0,1.6094379124341003,156,78
2414,150220080,2022-10-13,4.76,1.7509374747077997,156,79
2415,152200020,2022-08-05,3.39,1.47932922708708,158,114
2416,154150010,2022-08-16,11.0,2.4849066497880004,152,8
2417,154150010,2022-08-26,9.94,2.392425796993835,152,12
2418,154150010,2022-09-05,13.0,2.639057329615259,152,9
2419,154150010,2022-10-10,6.86,2.061786606441115,152,10
2420,154150010,2022-10-20,7.53,2.143589361503588,152,11
2421,154150010,2022-11-17,8.56,2.25758772706331,152,13
2422,152230060,2022-08-02,0.52,0.41871033485818504,157,141
2423,153170120,2022-10-07,11.1,2.4932054526026954,158,239
2424,153170120,2022-11-06,12.1,2.5726122302071057,158,240
2425,150180020,2022-08-03,4.35,1.6770965609079151,148,162
2426,150180020,2022-08-15,9.39,2.340843805111136,148,161
2427,150180020,2022-10-12,4.05,1.6193882432872684,148,160
2428,150140030,2022-08-08,0.44,0.36464311358790924,149,241
2429,150140030,2022-10-12,0.1,0.09531017980432487,149,242
2430,150180120,2022-08-05,1.08,0.7323678937132266,148,109
2431,150180120,2022-08-15,1.08,0.7323678937132266,148,110
2432,153160020,2022-08-03,5.1,1.8082887711792655,152,29
2433,153160020,2022-08-16,4.0,1.6094379124341003,152,35
2434,153160020,2022-08-26,3.36,1.4724720573609429,152,36
2435,153160020,2022-09-05,4.32,1.6714733033535532,152,30
2436,153160020,2022-10-07,3.03,1.3937663759585917,152,31
2437,153160020,2022-10-10,3.04,1.3962446919730587,152,32
2438,153160020,2022-10-20,3.06,1.4011829736136412,152,33
2439,153160020,2022-11-06,3.14,1.420695787837223,152,34
2440,149200150,2022-08-05,0.61,0.4762341789963716,155,43
2441,149200150,2022-10-31,0.55,0.4382549309311553,155,40
2442,149200150,2022-11-08,0.55,0.4382549309311553,155,41
2443,149200150,2022-11-13,0.64,0.49469624183610705,155,42
2444,149190040,2022-08-05,0.5,0.4054651081081644,153,242
2445,149190040,2022-10-09,0.47,0.3852624007906449,153,246
2446,149190040,2022-10-31,0.56,0.44468582126144574,153,243
2447,149190040,2022-11-08,0.7,0.5306282510621704,153,244
2448,149190040,2022-11-13,0.61,0.4762341789963716,153,245
2449,153160170,2022-08-16,3.76,1.5602476682433286,151,21
2450,153160170,2022-08-26,3.42,1.4861396960896067,151,22
2451,153160170,2022-10-07,3.27,1.4516138272405332,151,17
2452,153160170,2022-10-10,3.25,1.4469189829363254,151,18
2453,153160170,2022-10-20,3.22,1.4398351280479205,151,19
2454,153160170,2022-11-06,3.28,1.4539530095937054,151,20
2455,153160160,2022-08-03,24.5,3.2386784521643803,151,29
2456,153160160,2022-08-16,19.8,3.0349529867072724,151,27
2457,153160160,2022-08-26,18.2,2.9549102790337356,151,28
2458,153160160,2022-10-07,21.4,3.109060958860994,151,23
2459,153160160,2022-10-10,21.9,3.131136910560194,151,24
2460,153160160,2022-10-20,23.7,3.2068032436339315,151,25
2461,153160160,2022-11-06,19.6,3.0252910757955354,151,26
2462,153210080,2022-08-12,2.71,1.3110318766193438,158,2
2463,153210080,2022-08-17,2.56,1.269760544863939,158,3
2464,153210080,2022-09-26,2.04,1.1118575154181303,158,1
2465,151180110,2022-08-03,22.9,3.173878458937465,150,29
2466,151180110,2022-08-05,23.4,3.1945831322991562,150,30
2467,151180110,2022-10-07,26.1,3.299533727885655,150,27
2468,151180110,2022-10-12,21.0,3.091042453358316,150,28
2469,149180110,2022-08-05,0.58,0.4574248470388754,152,235
2470,149180110,2022-11-08,0.67,0.5128236264286637,152,234
2471,149190180,2022-08-05,6.68,2.038619547159581,154,47
2472,149190180,2022-08-15,7.0,2.0794415416798357,154,48
2473,149190180,2022-10-26,6.46,2.0095554142156695,154,44
2474,149190180,2022-10-31,6.46,2.0095554142156695,154,45
2475,149190180,2022-11-08,6.66,2.0360119837525,154,46
2476,153210120,2022-08-02,1.31,0.8372475245337022,158,23
2477,153210120,2022-08-05,1.09,0.7371640659767197,158,22
2478,153210120,2022-08-27,0.65,0.5007752879124893,158,21
2479,153210120,2022-09-26,0.3,0.26236426446749106,158,19
2480,153210120,2022-11-03,0.15,0.13976194237515868,158,20
2481,150210070,2022-08-27,0.22,0.1988508587451652,155,131
2482,150210070,2022-09-06,0.76,0.5653138090500605,155,130
2483,150210070,2022-10-31,0.21,0.1906203596086497,155,129
2484,152210170,2022-08-05,291.0,5.676753802268282,153,83
2485,152210170,2022-08-27,239.0,5.480638923341991,153,84
2486,152210170,2022-09-06,219.0,5.393627546352361,153,80
2487,152210170,2022-11-08,198.0,5.293304824724492,153,81
2488,152210170,2022-11-20,233.0,5.455321115357702,153,82
2489,152210040,2022-08-05,282.0,5.645446897643238,153,75
2490,152210040,2022-08-25,252.0,5.53338948872752,153,76
2491,152210040,2022-08-27,237.0,5.472270673671475,153,77
2492,152210040,2022-09-06,216.0,5.37989735354046,153,78
2493,152210040,2022-11-03,219.0,5.393627546352361,153,73
2494,152210040,2022-11-08,197.0,5.288267030694535,153,74
2495,152210040,2022-11-20,229.0,5.438079308923196,153,79
2496,154180050,2022-08-01,0.1,0.09531017980432487,152,200
2497,154180050,2022-08-03,0.08,0.07696104113612832,152,199
2498,154180050,2022-08-11,0.07,0.06765864847381481,152,198
2499,154180050,2022-09-30,0.07,0.06765864847381481,152,194
2500,154180050,2022-10-07,0.07,0.06765864847381481,152,195
2501,154180050,2022-10-10,0.07,0.06765864847381481,152,196
2502,154180050,2022-11-06,0.06,0.058268908123975775,152,197
2503,154170180,2022-10-07,1.64,0.9707789171582247,159,6
2504,154170180,2022-11-06,1.6,0.9555114450274365,159,7
2505,151210010,2022-08-05,1.36,0.8586616190375187,156,133
2506,151210010,2022-08-27,0.75,0.5596157879354227,156,136
2507,151210010,2022-09-01,0.81,0.5933268452777344,156,134
2508,151210010,2022-09-06,1.76,1.0152306797290587,156,135
2509,151210010,2022-10-31,0.77,0.5709795465857378,156,131
2510,151210010,2022-11-08,0.73,0.5481214085096876,156,132
2511,150190280,2022-08-05,3.57,1.5195132049061133,157,32
2512,150190280,2022-08-27,2.05,1.11514159061932,157,34
2513,150190280,2022-09-01,3.3,1.4586150226995167,157,33
2514,150190280,2022-10-31,4.55,1.713797927758343,157,29
2515,150190280,2022-11-08,2.97,1.3787660946990992,157,30
2516,150190280,2022-11-15,7.14,2.096790180014449,157,31
2517,151200070,2022-08-05,0.18,0.16551443847757338,157,70
2518,151200070,2022-08-27,0.13,0.12221763272424921,157,71
2519,151200070,2022-09-01,0.12,0.11332868530700317,157,72
2520,151200070,2022-09-06,0.14,0.1310282624064041,157,73
2521,151200070,2022-10-31,0.13,0.12221763272424921,157,69
2522,154180080,2022-08-03,3.43,1.4883995840570443,152,209
2523,154180080,2022-10-07,2.79,1.332366019094335,152,207
2524,154180080,2022-11-06,2.78,1.3297240096314962,152,208
2525,154210070,2022-08-12,2.13,1.1410330045520618,159,108
2526,154210070,2022-08-17,2.39,1.220829921392359,159,109
2527,154210070,2022-08-27,3.37,1.4747630091074988,159,104
2528,154210070,2022-09-04,2.67,1.3001916620664788,159,105
2529,154210070,2022-09-06,2.35,1.208960345836975,159,106
2530,154210070,2022-10-01,1.47,0.9042181506398859,159,107
2531,151180150,2022-08-05,0.12,0.11332868530700317,150,106
2532,151180150,2022-10-12,0.1,0.09531017980432487,150,107
2533,153140080,2022-08-11,0.63,0.48858001481867097,151,235
2534,153140080,2022-08-16,0.56,0.44468582126144574,151,236
2535,153140080,2022-09-30,0.41,0.3435897043900769,151,237
2536,153200160,2022-08-12,0.98,0.6830968447064438,158,35
2537,153200160,2022-08-27,0.87,0.6259384308664953,158,36
2538,153200160,2022-11-03,0.65,0.5007752879124893,158,37
2539,152170030,2022-08-03,0.16,0.14842000511827327,150,197
2540,152170030,2022-10-07,0.16,0.14842000511827327,150,195
2541,152170030,2022-11-06,0.09,0.08617769624105233,150,196
2542,153160110,2022-08-03,2.78,1.3297240096314962,151,137
2543,153160110,2022-08-16,2.53,1.2612978709452054,151,139
2544,153160110,2022-08-26,2.21,1.1662709371419244,151,140
2545,153160110,2022-09-05,2.34,1.205970806988609,151,133
2546,153160110,2022-10-07,1.81,1.0331844833456545,151,138
2547,153160110,2022-10-10,1.75,1.0116009116784799,151,134
2548,153160110,2022-10-20,1.69,0.9895411936137477,151,135
2549,153160110,2022-11-06,1.84,1.0438040521731147,151,136
2550,153170160,2022-08-26,0.1,0.09531017980432487,151,146
2551,153170160,2022-09-05,0.1,0.09531017980432487,151,141
2552,153170160,2022-10-07,0.023,0.02273948696948943,151,142
2553,153170160,2022-10-10,0.015,0.014888612493750654,151,143
2554,153170160,2022-10-20,0.015,0.014888612493750654,151,144
2555,153170160,2022-11-06,0.005,0.004987541511039074,151,145
2556,150160210,2022-08-05,0.25,0.22314355131420976,148,188
2557,150160210,2022-10-07,0.18,0.16551443847757338,148,186
2558,150160210,2022-10-12,0.16,0.14842000511827327,148,187
2559,151160070,2022-08-16,0.46,0.3784364357202451,149,43
2560,151160070,2022-08-18,0.46,0.3784364357202451,149,42
2561,151160070,2022-10-12,0.46,0.3784364357202451,149,41
2562,150230020,2022-08-07,6.47,2.010894999144726,156,198
2563,150230020,2022-09-06,5.05,1.80005827204275,156,196
2564,150230020,2022-10-08,4.98,1.7884205679625405,156,197
2565,149180140,2022-08-05,0.38,0.32208349916911333,152,233
2566,149180140,2022-10-31,0.41,0.3435897043900769,152,231
2567,149180140,2022-11-08,0.33,0.2851789422336624,152,232
2568,149180160,2022-08-05,0.2,0.18232155679395462,152,229
2569,149180180,2022-08-05,0.2,0.18232155679395462,152,225
2570,149180200,2022-08-05,0.25,0.22314355131420976,152,219
2571,149180200,2022-08-15,0.3,0.26236426446749106,152,220
2572,149180160,2022-10-09,0.25,0.22314355131420976,152,230
2573,149180180,2022-10-09,0.23,0.20701416938432615,152,221
2574,149180200,2022-10-09,0.24,0.2151113796169455,152,215
2575,149180160,2022-10-31,0.49,0.3987761199573678,152,226
2576,149180180,2022-10-31,0.24,0.2151113796169455,152,222
2577,149180200,2022-10-31,0.24,0.2151113796169455,152,216
2578,149180160,2022-11-08,0.16,0.14842000511827327,152,227
2579,149180180,2022-11-08,0.21,0.1906203596086497,152,223
2580,149180200,2022-11-08,0.24,0.2151113796169455,152,217
2581,149180160,2022-11-13,0.15,0.13976194237515868,152,228
2582,149180180,2022-11-13,0.21,0.1906203596086497,152,224
2583,149180200,2022-11-13,0.24,0.2151113796169455,152,218
2584,151220040,2022-08-27,0.34,0.29266961396282,156,184
2585,151220040,2022-09-01,0.32,0.2776317365982795,156,185
2586,151220040,2022-09-06,0.9,0.6418538861723948,156,183
2587,153220070,2022-08-02,58.5,4.085976312551584,157,118
2588,153220070,2022-08-12,44.2,3.8110970868381857,157,119
2589,153220070,2022-08-27,43.0,3.784189633918261,157,116
2590,153220070,2022-09-26,48.2,3.8958936234982624,157,117
2591,152200070,2022-08-05,0.56,0.44468582126144574,158,156
2592,152200070,2022-09-06,0.14,0.1310282624064041,158,157
2593,152200070,2022-09-26,0.05,0.04879016416943201,158,158
2594,152200070,2022-11-08,0.044,0.04305948946044697,158,159
2595,152200070,2022-11-20,0.039,0.03825871211709034,158,160
2596,150210220,2022-08-05,0.56,0.44468582126144574,156,176
2597,150210220,2022-08-20,0.042,0.04114194333117518,156,175
2598,150210220,2022-08-25,0.03,0.0295588022415444,156,179
2599,150210220,2022-08-27,0.026,0.02566774674857779,156,178
2600,150210220,2022-09-01,0.024,0.023716526617316044,156,177
2601,150210220,2022-09-06,0.29,0.2546422183735807,156,172
2602,150210220,2022-11-03,0.035,0.0344014267173324,156,173
2603,150210220,2022-11-08,0.04,0.039220713153281295,156,174
2604,152190030,2022-08-05,575.0,6.3561076606958915,153,99
2605,152190030,2022-10-07,391.0,5.971261839790462,153,97
2606,152190030,2022-11-06,336.0,5.820082930352362,153,98
2607,152190020,2022-08-05,1.54,0.9321640810304452,158,176
2608,152190020,2022-10-07,0.76,0.5653138090500605,158,174
2609,152190020,2022-11-06,0.6,0.4700036292457356,158,175
2610,151230040,2022-08-04,24.0,3.2188758248682006,158,60
2611,150150100,2022-08-16,1.47,0.9042181506398859,149,139
2612,150150100,2022-10-12,1.04,0.712949807856125,149,138
2613,153220220,2022-08-02,2.68,1.3029127521808397,157,211
2614,153220220,2022-08-12,2.54,1.264126727145683,157,210
2615,153220220,2022-10-31,1.36,0.8586616190375187,157,209
2616,152210070,2022-08-05,2.48,1.247032293786383,157,99
2617,152210070,2022-08-25,1.28,0.8241754429663495,157,98
2618,152210070,2022-08-27,1.17,0.7747271675523681,157,97
2619,152210070,2022-09-06,1.46,0.9001613499442714,157,95
2620,152210070,2022-11-03,0.79,0.5822156198526637,157,96
2621,152160050,2022-08-03,48.3,3.8979240810486444,150,70
2622,152160050,2022-08-16,52.7,3.983413001514819,150,72
2623,152160050,2022-08-26,46.1,3.8522730010223722,150,71
2624,152160050,2022-09-30,30.0,3.4339872044851463,150,66
2625,152160050,2022-10-07,41.1,3.7400477406883357,150,67
2626,152160050,2022-10-20,37.3,3.6454498961866,150,68
2627,152160050,2022-11-06,50.9,3.949318790171843,150,69
2628,152200150,2022-08-05,502.0,6.220590170099739,153,90
2629,152200150,2022-08-27,398.0,5.988961416889864,153,91
2630,152200150,2022-09-06,334.0,5.814130531825066,153,88
2631,152200150,2022-09-26,344.0,5.84354441703136,153,89
2632,153170040,2022-08-26,0.66,0.5068176023684519,151,73
2633,153170040,2022-10-07,0.46,0.3784364357202451,151,70
2634,153170040,2022-10-10,0.42,0.35065687161316933,151,71
2635,153170040,2022-10-20,0.42,0.35065687161316933,151,74
2636,153170040,2022-11-06,0.26,0.23111172096338664,151,72
2637,152210090,2022-08-05,96.2,4.576770711466393,158,73
2638,152210090,2022-08-27,59.1,4.096009841541162,158,74
2639,152210090,2022-09-26,48.0,3.8918202981106265,158,71
2640,152210090,2022-11-03,40.1,3.716008121502189,158,72
2641,152200030,2022-08-05,539.0,6.29156913955832,153,93
2642,152200030,2022-08-27,431.0,6.068425588244111,153,94
2643,152200030,2022-09-06,355.0,5.87493073085203,153,95
2644,152200030,2022-09-26,340.0,5.831882477283517,153,92
2645,153160190,2022-08-26,3.87,1.5830939370944985,151,127
2646,153160190,2022-09-05,4.35,1.6770965609079151,151,128
2647,153160190,2022-10-07,3.16,1.425515074273172,151,129
2648,153160190,2022-10-10,3.16,1.425515074273172,151,130
2649,153160190,2022-10-20,3.05,1.3987168811184478,151,131
2650,153160190,2022-11-06,3.32,1.463255402256019,151,132
2651,152230200,2022-08-02,65.1,4.191168746857641,158,64
2652,149220050,2022-08-04,1.16,0.7701082216960736,156,35
2653,149220050,2022-08-27,0.5,0.4054651081081644,156,36
2654,149220050,2022-10-08,0.7,0.5306282510621704,156,33
2655,149220050,2022-10-13,0.88,0.6312717768418579,156,34
2656,151150160,2022-08-16,0.21,0.1906203596086497,149,52
2657,151150160,2022-08-18,0.2,0.18232155679395462,149,51
2658,151150160,2022-10-12,0.16,0.14842000511827327,149,50
2659,150220120,2022-08-07,2.37,1.2149127443642704,156,211
2660,150220120,2022-08-27,1.92,1.0715836162801904,156,212
2661,150220120,2022-09-06,2.08,1.1249295969854831,156,213
2662,150220120,2022-10-08,1.67,0.9820784724121581,156,214
2663,149190320,2022-08-05,0.048,0.04688358589885042,155,14
2664,149190320,2022-10-31,0.07,0.06765864847381481,155,15
2665,149190320,2022-11-03,0.05,0.04879016416943201,155,18
2666,149190320,2022-11-08,0.045,0.04401688541677432,155,16
2667,149190320,2022-11-13,0.1,0.09531017980432487,155,17
2668,149190380,2022-08-05,1.36,0.8586616190375187,155,4
2669,149190380,2022-10-31,1.55,0.9360933591703348,155,5
2670,149190380,2022-11-03,1.39,0.8712933659434192,155,6
2671,149190380,2022-11-08,1.25,0.8109302162163288,155,7
2672,149190380,2022-11-13,1.61,0.9593502213346021,155,8
2673,152220010,2022-08-27,0.85,0.6151856390902335,158,102
2674,152220010,2022-09-06,0.79,0.5822156198526637,158,103
2675,152210060,2022-08-05,99.2,4.607168188650764,157,137
2676,152210060,2022-08-27,75.6,4.338597076746545,157,138
2677,152210060,2022-09-26,70.7,4.272490747605575,157,135
2678,152210060,2022-11-03,49.6,3.92395157629342,157,136
2679,154180030,2022-08-03,1.17,0.7747271675523681,152,204
2680,154180030,2022-08-11,1.04,0.712949807856125,152,205
2681,154180030,2022-09-30,0.95,0.6678293725756554,152,206
2682,154180030,2022-10-07,0.89,0.636576829071551,152,201
2683,154180030,2022-10-10,0.89,0.636576829071551,152,202
2684,154180030,2022-11-06,0.93,0.6575200029167942,152,203
2685,150220130,2022-08-27,0.99,0.688134638736401,156,55
2686,150220130,2022-10-08,0.62,0.4824261492442927,156,53
2687,150220130,2022-10-13,0.63,0.48858001481867097,156,54
2688,154180110,2022-08-05,3.34,1.4678743481123135,159,36
2689,154180110,2022-10-07,2.22,1.169381359556317,159,34
2690,154180110,2022-11-06,2.39,1.220829921392359,159,35
2691,153210180,2022-08-05,0.44,0.36464311358790924,158,10
2692,153210180,2022-08-27,0.21,0.1906203596086497,158,9
2693,153210180,2022-09-26,0.18,0.16551443847757338,158,7
2694,153210180,2022-11-03,0.09,0.08617769624105233,158,8
2695,149190170,2022-08-05,6.29,1.986503546020567,154,52
2696,149190170,2022-08-15,7.12,2.0943301541735866,154,53
2697,149190170,2022-10-26,7.98,2.194999882314108,154,49
2698,149190170,2022-10-31,7.2,2.1041341542702074,154,50
2699,149190170,2022-11-08,6.98,2.0769384114617173,154,51
2700,149220130,2022-10-08,0.87,0.6259384308664953,155,212
2701,149220130,2022-10-13,0.87,0.6259384308664953,155,213
2702,149220130,2022-10-16,0.89,0.636576829071551,155,214
2703,151190110,2022-08-05,1.36,0.8586616190375187,157,83
2704,151190110,2022-08-27,2.1,1.1314021114911006,157,82
2705,151190110,2022-09-06,1.84,1.0438040521731147,157,79
2706,151190110,2022-11-08,0.69,0.5247285289349821,157,80
2707,151190110,2022-11-20,0.8,0.5877866649021191,157,81
2708,153220180,2022-08-02,1.58,0.9477893989335261,157,161
2709,153230060,2022-08-02,1.09,0.7371640659767197,157,157
2710,153230060,2022-10-31,0.18,0.16551443847757338,157,156
2711,154170150,2022-08-03,0.72,0.5423242908253616,152,151
2712,154170150,2022-08-11,0.72,0.5423242908253616,152,150
2713,154170150,2022-09-30,0.43,0.3576744442718159,152,152
2714,154170150,2022-10-07,0.36,0.3074846997479606,152,147
2715,154170150,2022-10-10,0.36,0.3074846997479606,152,148
2716,154170150,2022-11-06,0.32,0.2776317365982795,152,149
2717,150210190,2022-08-04,181.0,5.204006687076795,153,59
2718,150210190,2022-08-27,142.0,4.962844630259907,153,61
2719,150210190,2022-09-01,130.0,4.875197323201151,153,60
2720,150210190,2022-09-06,151.0,5.0238805208462765,153,57
2721,150210190,2022-10-13,117.0,4.770684624465665,153,58
2722,149190190,2022-08-05,0.51,0.412109650826833,154,56
2723,149190190,2022-08-15,0.48,0.3920420877760237,154,58
2724,149190190,2022-10-26,0.74,0.5538851132264376,154,57
2725,149190190,2022-10-31,0.5,0.4054651081081644,154,54
2726,149190190,2022-11-08,0.6,0.4700036292457356,154,55
2727,152150220,2022-08-03,1.99,1.095273387402595,150,228
2728,152150220,2022-08-16,0.9,0.6418538861723948,150,227
2729,152150220,2022-08-26,0.73,0.5481214085096876,150,229
2730,152150220,2022-10-07,0.16,0.14842000511827327,150,223
2731,152150220,2022-10-12,0.17,0.15700374880966475,150,224
2732,152150220,2022-10-20,0.17,0.15700374880966475,150,225
2733,152150220,2022-11-06,0.16,0.14842000511827327,150,226
2734,149210100,2022-08-04,0.33,0.2851789422336624,155,188
2735,149210100,2022-08-27,0.2,0.18232155679395462,155,189
2736,149210100,2022-10-08,0.17,0.15700374880966475,155,186
2737,149210100,2022-10-13,0.09,0.08617769624105233,155,187
2738,150170010,2022-08-03,0.46,0.3784364357202451,148,225
2739,150170010,2022-08-05,0.44,0.36464311358790924,148,226
2740,150170010,2022-08-15,0.42,0.35065687161316933,148,227
2741,150170010,2022-10-12,0.18,0.16551443847757338,148,228
2742,151170050,2022-08-03,1.22,0.7975071958841881,149,20
2743,151170050,2022-08-05,0.88,0.6312717768418579,149,19
2744,151170050,2022-08-15,0.54,0.43178241642553783,149,21
2745,151170050,2022-10-12,0.33,0.2851789422336624,149,18
2746,149180050,2022-08-05,0.32,0.2776317365982795,148,87
2747,149180050,2022-08-15,0.25,0.22314355131420976,148,88
2748,149180050,2022-11-08,0.38,0.32208349916911333,148,86
2749,154230040,2022-08-02,1.76,1.0152306797290587,159,161
2750,154230040,2022-08-12,1.85,1.0473189942805592,159,160
2751,154230040,2022-10-31,1.48,0.9082585601768908,159,162
2752,152220030,2022-08-02,0.48,0.3920420877760237,158,97
2753,152220030,2022-08-27,0.09,0.08617769624105233,158,96
2754,149200280,2022-08-27,22.9,3.173878458937465,154,233
2755,149200280,2022-10-26,34.5,3.56953269648137,154,234
2756,149200280,2022-10-31,26.5,3.3141860046725258,154,231
2757,149200280,2022-11-15,26.0,3.295836866004329,154,232
2758,151140060,2022-08-03,5.06,1.801709800081223,149,229
2759,151150010,2022-08-03,0.25,0.22314355131420976,149,248
2760,151140060,2022-08-08,8.2,2.2192034840549946,149,230
2761,151140060,2022-10-12,2.22,1.169381359556317,149,228
2762,151150010,2022-10-12,0.11,0.10436001532424277,149,247
2763,150220170,2022-08-07,1.24,0.8064758658669485,156,189
2764,150220170,2022-08-27,1.19,0.7839015438284094,156,188
2765,150220170,2022-09-06,1.3,0.832909122935104,156,186
2766,150220170,2022-10-08,1.14,0.76080582903376,156,187
2767,149190090,2022-08-05,0.12,0.11332868530700317,154,3
2768,149190090,2022-10-31,0.18,0.16551443847757338,154,4
2769,149190090,2022-11-08,0.19,0.173953307123438,154,5
2770,149190090,2022-11-13,0.23,0.20701416938432615,154,6
2771,150200170,2022-08-27,24.8,3.250374491927572,154,238
2772,150200170,2022-10-26,39.0,3.6888794541139363,154,235
2773,150200170,2022-10-31,27.0,3.332204510175204,154,236
2774,150200170,2022-11-15,25.4,3.2733640101522705,154,237
2775,151150080,2022-08-03,17.0,2.8903717578961645,149,159
2776,151150070,2022-08-26,0.62,0.4824261492442927,149,216
2777,151150080,2022-08-26,12.4,2.5952547069568657,149,158
2778,151150070,2022-10-07,0.64,0.49469624183610705,149,212
2779,151150080,2022-10-07,9.99,2.3969857684155302,149,154
2780,151150070,2022-10-12,0.65,0.5007752879124893,149,213
2781,151150080,2022-10-12,7.57,2.1482677326096886,149,155
2782,151150070,2022-10-20,0.67,0.5128236264286637,149,214
2783,151150080,2022-10-20,8.4,2.2407096892759584,149,156
2784,151150070,2022-11-06,0.74,0.5538851132264376,149,215
2785,151150080,2022-11-06,9.92,2.3905959703167587,149,157
2786,149210130,2022-08-27,1.89,1.0612565021243408,156,70
2787,149210130,2022-09-06,11.6,2.533696813957432,156,71
2788,149210130,2022-10-13,1.63,0.9669838461896731,156,72
2789,149210130,2022-10-31,1.25,0.8109302162163288,156,69
2790,150160200,2022-08-05,2.19,1.1600209167967532,148,196
2791,150160200,2022-10-07,1.34,0.8501509293696101,148,194
2792,150160200,2022-10-12,1.12,0.7514160886839212,148,195
2793,153140100,2022-08-11,0.65,0.5007752879124893,151,219
2794,153140100,2022-08-16,0.66,0.5068176023684519,151,218
2795,153140100,2022-09-30,0.65,0.5007752879124893,151,217
2796,152170090,2022-10-07,0.018,0.017839918128331,151,68
2797,152170090,2022-11-06,0.006,0.005982071677547464,151,69
2798,149210070,2022-08-04,0.73,0.5481214085096876,155,156
2799,149210070,2022-08-27,0.38,0.32208349916911333,155,157
2800,149210070,2022-09-06,4.76,1.7509374747077997,155,158
2801,149210070,2022-10-13,0.42,0.35065687161316933,155,154
2802,149210070,2022-10-31,0.24,0.2151113796169455,155,155
2803,152200050,2022-08-05,13.9,2.7013612129514133,158,143
2804,152200050,2022-08-27,8.81,2.2834022735772717,158,144
2805,152200050,2022-09-06,12.7,2.617395832834079,158,140
2806,152200050,2022-11-08,16.1,2.8390784635086144,158,141
2807,152200050,2022-11-20,14.9,2.766319109226186,158,142
2808,149190100,2022-08-05,3.81,1.5706970841176697,153,229
2809,149190100,2022-08-15,4.69,1.7387102481382395,153,231
2810,149190100,2022-10-26,10.4,2.4336133554004498,153,227
2811,149190100,2022-10-31,4.32,1.6714733033535532,153,228
2812,149190100,2022-11-08,2.85,1.3480731482996928,153,230
